block,scenario,annual_hour,timestamp,wind,pv,battery_charge,battery_discharge,ups_charge,ups_discharge,core_main,rigid_shed,interrupt_shed,interrupt_adjust,bus_live,ups_on,diesel_kw,heater_kw,shift_served_kw,battery_energy_kwh,ups_energy_kwh
0,annual_normal,0,2026-01-01 00:00:00+08:00,0.0,0.0,0.0,0.0,0.0,0.0,10.0,0.0,0.0,0.0,1.0,0.0,0,0,5.0,0.0,95.0
0,annual_normal,1,2026-01-01 01:00:00+08:00,0.0,0.0,0.0,0.0,0.0,0.0,10.0,0.0,0.0,0.0,1.0,0.0,0,0,5.0,0.0,95.0
0,annual_normal,2,2026-01-01 02:00:00+08:00,0.0,0.0,0.0,0.0,0.0,0.0,10.0,0.0,0.0,0.0,1.0,0.0,0,0,5.0,0.0,95.0
0,annual_normal,3,2026-01-01 03:00:00+08:00,0.0,0.0,0.0,0.0,0.0,0.0,10.0,0.0,0.0,0.0,1.0,0.0,0,0,5.0,0.0,95.0
0,annual_normal,4,2026-01-01 04:00:00+08:00,0.0,0.0,0.0,0.0,0.0,0.0,10.0,0.0,0.0,0.0,1.0,0.0,0,0,5.0,0.0,95.0
0,annual_normal,5,2026-01-01 05:00:00+08:00,0.0,0.0,0.0,0.0,0.0,0.0,10.0,0.0,0.0,2.5,1.0,0.0,0,0,5.0,0.0,95.0
0,annual_normal,6,2026-01-01 06:00:00+08:00,0.0,0.0,0.0,0.0,0.0,0.0,10.0,0.0,0.0,0.0,1.0,0.0,0,0,5.0,0.0,95.0
0,annual_normal,7,2026-01-01 07:00:00+08:00,0.0,0.0,0.0,0.0,0.0,0.0,10.0,0.0,0.0,2.5,1.0,0.0,0,0,5.0,0.0,95.0
0,annual_normal,8,2026-01-01 08:00:00+08:00,0.0,0.0,0.0,0.0,0.0,0.0,10.0,0.0,0.0,0.0,1.0,0.0,0,0,5.0,0.0,95.0
0,annual_normal,9,2026-01-01 09:00:00+08:00,0.0,0.0,0.0,0.0,0.0,0.0,10.0,0.0,0.0,0.0,1.0,0.0,0,0,5.0,0.0,95.0
0,annual_normal,10,2026-01-01 10:00:00+08:00,0.0,0.0,0.0,0.0,0.0,0.0,10.0,0.0,0.0,0.0,1.0,0.0,0,0,5.0,0.0,95.0
0,annual_normal,11,2026-01-01 11:00:00+08:00,0.0,0.0,0.0,0.0,0.0,0.0,10.0,0.0,0.0,2.5,1.0,0.0,0,0,5.0,0.0,95.0
0,annual_normal,12,2026-01-01 12:00:00+08:00,0.0,0.0,0.0,0.0,0.0,0.0,10.0,0.0,0.0,2.5,1.0,0.0,0,0,5.0,0.0,95.0
0,annual_normal,13,2026-01-01 13:00:00+08:00,0.0,0.0,0.0,0.0,0.0,0.0,10.0,0.0,0.0,2.5,1.0,0.0,0,0,5.0,0.0,95.0
0,annual_normal,14,2026-01-01 14:00:00+08:00,0.0,0.0,0.0,0.0,0.0,0.0,10.0,0.0,0.0,0.0,1.0,0.0,0,0,5.0,0.0,95.0
0,annual_normal,15,2026-01-01 15:00:00+08:00,0.0,0.0,0.0,0.0,0.0,0.0,10.0,0.0,0.0,2.5,1.0,0.0,0,0,5.0,0.0,95.0
0,annual_normal,16,2026-01-01 16:00:00+08:00,0.0,0.0,0.0,0.0,0.0,0.0,10.0,0.0,0.0,0.0,1.0,0.0,0,0,5.0,0.0,95.0
0,annual_normal,17,2026-01-01 17:00:00+08:00,0.0,0.0,0.0,0.0,0.0,0.0,10.0,0.0,0.0,1.5,1.0,0.0,0,0,5.0,0.0,95.0
0,annual_normal,18,2026-01-01 18:00:00+08:00,0.0,0.0,0.0,0.0,0.0,0.0,10.0,0.0,0.0,0.0,1.0,0.0,0,0,5.0,0.0,95.0
0,annual_normal,19,2026-01-01 19:00:00+08:00,0.0,0.0,0.0,0.0,0.0,0.0,10.0,0.0,0.0,2.5,1.0,0.0,0,0,5.0,0.0,95.0
0,annual_normal,20,2026-01-01 20:00:00+08:00,0.0,0.0,0.0,0.0,0.0,0.0,10.0,0.0,0.0,0.0,1.0,0.0,0,0,5.0,0.0,95.0
0,annual_normal,21,2026-01-01 21:00:00+08:00,0.0,0.0,0.0,0.0,0.0,0.0,10.0,0.0,0.0,2.5,1.0,0.0,0,0,5.0,0.0,95.0
0,annual_normal,22,2026-01-01 22:00:00+08:00,0.0,0.0,0.0,0.0,0.0,0.0,10.0,0.0,0.0,0.0,1.0,0.0,0,0,5.0,0.0,95.0
0,annual_normal,23,2026-01-01 23:00:00+08:00,0.0,0.0,0.0,0.0,0.0,0.0,10.0,0.0,0.0,2.5,1.0,0.0,0,0,5.0,0.0,95.0
0,annual_normal,24,2026-01-02 00:00:00+08:00,0.0,0.0,0.0,0.0,0.0,0.0,10.0,0.0,0.0,0.0,1.0,0.0,0,0,5.0,0.0,95.0
0,annual_normal,25,2026-01-02 01:00:00+08:00,0.0,0.0,0.0,0.0,0.0,0.0,10.0,0.0,0.0,0.0,1.0,0.0,0,0,5.0,0.0,95.0
0,annual_normal,26,2026-01-02 02:00:00+08:00,0.0,0.0,0.0,0.0,0.0,0.0,10.0,0.0,0.0,0.0,1.0,0.0,0,0,5.0,0.0,95.0
0,annual_normal,27,2026-01-02 03:00:00+08:00,0.0,0.0,0.0,0.0,0.0,0.0,10.0,0.0,0.0,0.0,1.0,0.0,0,0,5.0,0.0,95.0
0,annual_normal,28,2026-01-02 04:00:00+08:00,0.0,0.0,0.0,0.0,0.0,0.0,10.0,0.0,0.0,0.0,1.0,0.0,0,0,5.0,0.0,95.0
0,annual_normal,29,2026-01-02 05:00:00+08:00,0.0,0.0,0.0,0.0,0.0,0.0,10.0,0.0,0.0,1.5,1.0,0.0,0,0,5.0,0.0,95.0
0,annual_normal,30,2026-01-02 06:00:00+08:00,0.0,0.0,0.0,0.0,0.0,0.0,10.0,0.0,0.0,0.0,1.0,0.0,0,0,5.0,0.0,95.0
0,annual_normal,31,2026-01-02 07:00:00+08:00,0.0,0.0,0.0,0.0,0.0,0.0,10.0,0.0,0.0,0.0,1.0,0.0,0,0,5.0,0.0,95.0
0,annual_normal,32,2026-01-02 08:00:00+08:00,0.0,0.0,0.0,0.0,0.0,0.0,10.0,0.0,0.0,0.0,1.0,0.0,0,0,5.0,0.0,95.0
0,annual_normal,33,2026-01-02 09:00:00+08:00,0.0,0.0,0.0,0.0,0.0,0.0,10.0,0.0,0.0,2.5,1.0,0.0,0,0,5.0,0.0,95.0
0,annual_normal,34,2026-01-02 10:00:00+08:00,0.0,0.0,0.0,0.0,0.0,0.0,10.0,0.0,0.0,0.0,1.0,0.0,0,0,5.0,0.0,95.0
0,annual_normal,35,2026-01-02 11:00:00+08:00,0.0,0.0,0.0,0.0,0.0,0.0,10.0,0.0,0.0,0.0,1.0,0.0,0,0,5.0,0.0,95.0
0,annual_normal,36,2026-01-02 12:00:00+08:00,0.0,0.0,0.0,0.0,0.0,0.0,10.0,0.0,0.0,2.5,1.0,0.0,0,0,5.0,0.0,95.0
0,annual_normal,37,2026-01-02 13:00:00+08:00,0.0,0.0,0.0,0.0,0.0,0.0,10.0,0.0,0.0,2.5,1.0,0.0,0,0,5.0,0.0,95.0
0,annual_normal,38,2026-01-02 14:00:00+08:00,0.0,0.0,0.0,0.0,0.0,0.0,10.0,0.0,0.0,2.5,1.0,0.0,0,0,5.0,0.0,95.0
0,annual_normal,39,2026-01-02 15:00:00+08:00,0.0,0.0,0.0,0.0,0.0,0.0,10.0,0.0,0.0,0.0,1.0,0.0,0,0,5.0,0.0,95.0
0,annual_normal,40,2026-01-02 16:00:00+08:00,0.0,0.0,0.0,0.0,0.0,0.0,10.0,0.0,0.0,2.5,1.0,0.0,0,0,5.0,0.0,95.0
0,annual_normal,41,2026-01-02 17:00:00+08:00,0.0,0.0,0.0,0.0,0.0,0.0,10.0,0.0,0.0,2.5,1.0,0.0,0,0,5.0,0.0,95.0
0,annual_normal,42,2026-01-02 18:00:00+08:00,0.0,0.0,0.0,0.0,0.0,0.0,10.0,0.0,0.0,2.5,1.0,0.0,0,0,5.0,0.0,95.0
0,annual_normal,43,2026-01-02 19:00:00+08:00,0.0,0.0,0.0,0.0,0.0,0.0,10.0,0.0,0.0,0.0,1.0,0.0,0,0,5.0,0.0,95.0
0,annual_normal,44,2026-01-02 20:00:00+08:00,0.0,0.0,0.0,0.0,0.0,0.0,10.0,0.0,0.0,2.5,1.0,0.0,0,0,5.0,0.0,95.0
0,annual_normal,45,2026-01-02 21:00:00+08:00,0.0,0.0,0.0,0.0,0.0,0.0,10.0,0.0,0.0,0.0,1.0,0.0,0,0,5.0,0.0,95.0
0,annual_normal,46,2026-01-02 22:00:00+08:00,0.0,0.0,0.0,0.0,0.0,0.0,10.0,0.0,0.0,0.0,1.0,0.0,0,0,5.0,0.0,95.0
0,annual_normal,47,2026-01-02 23:00:00+08:00,0.0,0.0,0.0,0.0,0.0,0.0,10.0,0.0,0.0,2.5,1.0,0.0,0,0,5.0,0.0,95.0
0,annual_normal,48,2026-01-03 00:00:00+08:00,0.0,0.0,0.0,0.0,0.0,0.0,10.0,0.0,0.0,2.5,1.0,0.0,0,0,5.0,0.0,95.0
0,annual_normal,49,2026-01-03 01:00:00+08:00,0.0,0.0,0.0,0.0,0.0,0.0,10.0,0.0,0.0,1.5,1.0,0.0,0,0,5.0,0.0,95.0
0,annual_normal,50,2026-01-03 02:00:00+08:00,0.0,0.0,0.0,0.0,0.0,0.0,10.0,0.0,0.0,0.0,1.0,0.0,0,0,5.0,0.0,95.0
0,annual_normal,51,2026-01-03 03:00:00+08:00,0.0,0.0,0.0,0.0,0.0,0.0,10.0,0.0,0.0,0.0,1.0,0.0,0,0,5.0,0.0,95.0
0,annual_normal,52,2026-01-03 04:00:00+08:00,0.0,0.0,0.0,0.0,0.0,0.0,10.0,0.0,0.0,2.5,1.0,0.0,0,0,5.0,0.0,95.0
0,annual_normal,53,2026-01-03 05:00:00+08:00,0.0,0.0,0.0,0.0,0.0,0.0,10.0,0.0,0.0,0.0,1.0,0.0,0,0,5.0,0.0,95.0
0,annual_normal,54,2026-01-03 06:00:00+08:00,0.0,0.0,0.0,0.0,0.0,0.0,10.0,0.0,0.0,2.5,1.0,0.0,0,0,5.0,0.0,95.0
0,annual_normal,55,2026-01-03 07:00:00+08:00,0.0,0.0,0.0,0.0,0.0,0.0,10.0,0.0,0.0,2.5,1.0,0.0,0,0,5.0,0.0,95.0
0,annual_normal,56,2026-01-03 08:00:00+08:00,0.0,0.0,0.0,0.0,0.0,0.0,10.0,0.0,0.0,2.5,1.0,0.0,0,0,5.0,0.0,95.0
0,annual_normal,57,2026-01-03 09:00:00+08:00,0.0,0.0,0.0,0.0,0.0,0.0,10.0,0.0,0.0,2.5,1.0,0.0,0,0,5.0,0.0,95.0
0,annual_normal,58,2026-01-03 10:00:00+08:00,0.0,0.0,0.0,0.0,0.0,0.0,10.0,0.0,0.0,2.5,1.0,0.0,0,0,5.0,0.0,95.0
0,annual_normal,59,2026-01-03 11:00:00+08:00,0.0,0.0,0.0,0.0,0.0,0.0,10.0,0.0,0.0,2.5,1.0,0.0,0,0,5.0,0.0,95.0
0,annual_normal,60,2026-01-03 12:00:00+08:00,0.0,0.0,0.0,0.0,0.0,0.0,10.0,0.0,0.0,0.0,1.0,0.0,0,0,5.0,0.0,95.0
0,annual_normal,61,2026-01-03 13:00:00+08:00,0.0,0.0,0.0,0.0,0.0,0.0,10.0,0.0,0.0,0.0,1.0,0.0,0,0,5.0,0.0,95.0
0,annual_normal,62,2026-01-03 14:00:00+08:00,0.0,0.0,0.0,0.0,0.0,0.0,10.0,0.0,0.0,0.0,1.0,0.0,0,0,5.0,0.0,95.0
0,annual_normal,63,2026-01-03 15:00:00+08:00,0.0,0.0,0.0,0.0,0.0,0.0,10.0,0.0,0.0,0.0,1.0,0.0,0,0,5.0,0.0,95.0
0,annual_normal,64,2026-01-03 16:00:00+08:00,0.0,0.0,0.0,0.0,0.0,0.0,10.0,0.0,0.0,0.0,1.0,0.0,0,0,5.0,0.0,95.0
0,annual_normal,65,2026-01-03 17:00:00+08:00,0.0,0.0,0.0,0.0,0.0,0.0,10.0,0.0,0.0,0.0,1.0,0.0,0,0,5.0,0.0,95.0
0,annual_normal,66,2026-01-03 18:00:00+08:00,0.0,0.0,0.0,0.0,0.0,0.0,10.0,0.0,0.0,0.0,1.0,0.0,0,0,5.0,0.0,95.0
0,annual_normal,67,2026-01-03 19:00:00+08:00,0.0,0.0,0.0,0.0,0.0,0.0,10.0,0.0,0.0,0.0,1.0,0.0,0,0,5.0,0.0,95.0
0,annual_normal,68,2026-01-03 20:00:00+08:00,0.0,0.0,0.0,0.0,0.0,0.0,10.0,0.0,0.0,0.0,1.0,0.0,0,0,5.0,0.0,95.0
0,annual_normal,69,2026-01-03 21:00:00+08:00,0.0,0.0,0.0,0.0,0.0,0.0,10.0,0.0,0.0,0.0,1.0,0.0,0,0,5.0,0.0,95.0
0,annual_normal,70,2026-01-03 22:00:00+08:00,0.0,0.0,0.0,0.0,0.0,0.0,10.0,0.0,0.0,2.5,1.0,0.0,0,0,5.0,0.0,95.0
0,annual_normal,71,2026-01-03 23:00:00+08:00,0.0,0.0,0.0,0.0,0.0,0.0,10.0,0.0,0.0,0.0,1.0,0.0,0,0,5.0,0.0,95.0
0,annual_normal,72,2026-01-04 00:00:00+08:00,0.0,0.0,0.0,0.0,0.0,0.0,10.0,0.0,0.0,0.0,1.0,0.0,0,0,5.0,0.0,95.0
0,annual_normal,73,2026-01-04 01:00:00+08:00,0.0,0.0,0.0,0.0,0.0,0.0,10.0,0.0,0.0,0.0,1.0,0.0,0,0,5.0,0.0,95.0
0,annual_normal,74,2026-01-04 02:00:00+08:00,0.0,0.0,0.0,0.0,0.0,0.0,10.0,0.0,0.0,2.5,1.0,0.0,0,0,5.0,0.0,95.0
0,annual_normal,75,2026-01-04 03:00:00+08:00,0.0,0.0,0.0,0.0,0.0,0.0,10.0,0.0,0.0,2.5,1.0,0.0,0,0,5.0,0.0,95.0
0,annual_normal,76,2026-01-04 04:00:00+08:00,0.0,0.0,0.0,0.0,0.0,0.0,10.0,0.0,0.0,0.0,1.0,0.0,0,0,5.0,0.0,95.0
0,annual_normal,77,2026-01-04 05:00:00+08:00,0.0,0.0,0.0,0.0,0.0,0.0,10.0,0.0,0.0,0.0,1.0,0.0,0,0,5.0,0.0,95.0
0,annual_normal,78,2026-01-04 06:00:00+08:00,0.0,0.0,0.0,0.0,0.0,0.0,10.0,0.0,0.0,0.0,1.0,0.0,0,0,5.0,0.0,95.0
0,annual_normal,79,2026-01-04 07:00:00+08:00,0.0,0.0,0.0,0.0,0.0,0.0,10.0,0.0,0.0,1.5,1.0,0.0,0,0,5.0,0.0,95.0
0,annual_normal,80,2026-01-04 08:00:00+08:00,0.0,0.0,0.0,0.0,0.0,0.0,10.0,0.0,0.0,0.0,1.0,0.0,0,0,5.0,0.0,95.0
0,annual_normal,81,2026-01-04 09:00:00+08:00,0.0,0.0,0.0,0.0,0.0,0.0,10.0,0.0,0.0,2.5,1.0,0.0,0,0,5.0,0.0,95.0
0,annual_normal,82,2026-01-04 10:00:00+08:00,0.0,0.0,0.0,0.0,0.0,0.0,10.0,0.0,0.0,0.0,1.0,0.0,0,0,5.0,0.0,95.0
0,annual_normal,83,2026-01-04 11:00:00+08:00,0.0,0.0,0.0,0.0,0.0,0.0,10.0,0.0,0.0,0.0,1.0,0.0,0,0,5.0,0.0,95.0
0,annual_normal,84,2026-01-04 12:00:00+08:00,0.0,0.0,0.0,0.0,0.0,0.0,10.0,0.0,0.0,2.5,1.0,0.0,0,0,5.0,0.0,95.0
0,annual_normal,85,2026-01-04 13:00:00+08:00,0.0,0.0,0.0,0.0,0.0,0.0,10.0,0.0,0.0,2.5,1.0,0.0,0,0,5.0,0.0,95.0
0,annual_normal,86,2026-01-04 14:00:00+08:00,0.0,0.0,0.0,0.0,0.0,0.0,10.0,0.0,0.0,0.0,1.0,0.0,0,0,5.0,0.0,95.0
0,annual_normal,87,2026-01-04 15:00:00+08:00,0.0,0.0,0.0,0.0,0.0,0.0,10.0,0.0,0.0,0.0,1.0,0.0,0,0,5.0,0.0,95.0
0,annual_normal,88,2026-01-04 16:00:00+08:00,0.0,0.0,0.0,0.0,0.0,0.0,10.0,0.0,0.0,0.0,1.0,0.0,0,0,5.0,0.0,95.0
0,annual_normal,89,2026-01-04 17:00:00+08:00,0.0,0.0,0.0,0.0,0.0,0.0,10.0,0.0,0.0,2.5,1.0,0.0,0,0,5.0,0.0,95.0
0,annual_normal,90,2026-01-04 18:00:00+08:00,0.0,0.0,0.0,0.0,0.0,0.0,10.0,0.0,0.0,2.5,1.0,0.0,0,0,5.0,0.0,95.0
0,annual_normal,91,2026-01-04 19:00:00+08:00,0.0,0.0,0.0,0.0,0.0,0.0,10.0,0.0,0.0,0.0,1.0,0.0,0,0,5.0,0.0,95.0
0,annual_normal,92,2026-01-04 20:00:00+08:00,0.0,0.0,0.0,0.0,0.0,0.0,10.0,0.0,0.0,2.5,1.0,0.0,0,0,5.0,0.0,95.0
0,annual_normal,93,2026-01-04 21:00:00+08:00,0.0,0.0,0.0,0.0,0.0,0.0,10.0,0.0,0.0,0.0,1.0,0.0,0,0,5.0,0.0,95.0
0,annual_normal,94,2026-01-04 22:00:00+08:00,0.0,0.0,0.0,0.0,0.0,0.0,10.0,0.0,0.0,0.0,1.0,0.0,0,0,5.0,0.0,95.0
0,annual_normal,95,2026-01-04 23:00:00+08:00,0.0,0.0,0.0,0.0,0.0,0.0,10.0,0.0,0.0,2.5,1.0,0.0,0,0,5.0,0.0,95.0
0,annual_normal,96,2026-01-05 00:00:00+08:00,0.0,0.0,0.0,0.0,0.0,0.0,10.0,0.0,0.0,2.5,1.0,0.0,0,0,5.0,0.0,95.0
0,annual_normal,97,2026-01-05 01:00:00+08:00,0.0,0.0,0.0,0.0,0.0,0.0,10.0,0.0,0.0,0.0,1.0,0.0,0,0,5.0,0.0,95.0
0,annual_normal,98,2026-01-05 02:00:00+08:00,0.0,0.0,0.0,0.0,0.0,0.0,10.0,0.0,0.0,0.0,1.0,0.0,0,0,5.0,0.0,95.0
0,annual_normal,99,2026-01-05 03:00:00+08:00,0.0,0.0,0.0,0.0,0.0,0.0,10.0,0.0,0.0,1.5,1.0,0.0,0,0,5.0,0.0,95.0
0,annual_normal,100,2026-01-05 04:00:00+08:00,0.0,0.0,0.0,0.0,0.0,0.0,10.0,0.0,0.0,0.0,1.0,0.0,0,0,5.0,0.0,95.0
0,annual_normal,101,2026-01-05 05:00:00+08:00,0.0,0.0,0.0,0.0,0.0,0.0,10.0,0.0,0.0,0.0,1.0,0.0,0,0,5.0,0.0,95.0
0,annual_normal,102,2026-01-05 06:00:00+08:00,0.0,0.0,0.0,0.0,0.0,0.0,10.0,0.0,0.0,2.5,1.0,0.0,0,0,5.0,0.0,95.0
0,annual_normal,103,2026-01-05 07:00:00+08:00,0.0,0.0,0.0,0.0,0.0,0.0,10.0,0.0,0.0,0.0,1.0,0.0,0,0,5.0,0.0,95.0
0,annual_normal,104,2026-01-05 08:00:00+08:00,0.0,0.0,0.0,0.0,0.0,0.0,10.0,0.0,0.0,0.0,1.0,0.0,0,0,5.0,0.0,95.0
0,annual_normal,105,2026-01-05 09:00:00+08:00,0.0,0.0,0.0,0.0,0.0,0.0,10.0,0.0,0.0,0.0,1.0,0.0,0,0,5.0,0.0,95.0
0,annual_normal,106,2026-01-05 10:00:00+08:00,0.0,0.0,0.0,0.0,0.0,0.0,10.0,0.0,0.0,2.5,1.0,0.0,0,0,5.0,0.0,95.0
0,annual_normal,107,2026-01-05 11:00:00+08:00,0.0,0.0,0.0,0.0,0.0,0.0,10.0,0.0,0.0,2.5,1.0,0.0,0,0,5.0,0.0,95.0
0,annual_normal,108,2026-01-05 12:00:00+08:00,0.0,0.0,0.0,0.0,0.0,0.0,10.0,0.0,0.0,0.0,1.0,0.0,0,0,5.0,0.0,95.0
0,annual_normal,109,2026-01-05 13:00:00+08:00,0.0,0.0,0.0,0.0,0.0,0.0,10.0,0.0,0.0,2.5,1.0,0.0,0,0,5.0,0.0,95.0
0,annual_normal,110,2026-01-05 14:00:00+08:00,0.0,0.0,0.0,0.0,0.0,0.0,10.0,0.0,0.0,0.0,1.0,0.0,0,0,5.0,0.0,95.0
0,annual_normal,111,2026-01-05 15:00:00+08:00,0.0,0.0,0.0,0.0,0.0,0.0,10.0,0.0,0.0,2.5,1.0,0.0,0,0,5.0,0.0,95.0
0,annual_normal,112,2026-01-05 16:00:00+08:00,0.0,0.0,0.0,0.0,0.0,0.0,10.0,0.0,0.0,0.0,1.0,0.0,0,0,5.0,0.0,95.0
0,annual_normal,113,2026-01-05 17:00:00+08:00,0.0,0.0,0.0,0.0,0.0,0.0,10.0,0.0,0.0,0.0,1.0,0.0,0,0,5.0,0.0,95.0
0,annual_normal,114,2026-01-05 18:00:00+08:00,0.0,0.0,0.0,0.0,0.0,0.0,10.0,0.0,0.0,0.0,1.0,0.0,0,0,5.0,0.0,95.0
0,annual_normal,115,2026-01-05 19:00:00+08:00,0.0,0.0,0.0,0.0,0.0,0.0,10.0,0.0,0.0,2.5,1.0,0.0,0,0,5.0,0.0,95.0
0,annual_normal,116,2026-01-05 20:00:00+08:00,0.0,0.0,0.0,0.0,0.0,0.0,10.0,0.0,0.0,0.0,1.0,0.0,0,0,5.0,0.0,95.0
0,annual_normal,117,2026-01-05 21:00:00+08:00,0.0,0.0,0.0,0.0,0.0,0.0,10.0,0.0,0.0,2.5,1.0,0.0,0,0,5.0,0.0,95.0
0,annual_normal,118,2026-01-05 22:00:00+08:00,0.0,0.0,0.0,0.0,0.0,0.0,10.0,0.0,0.0,0.0,1.0,0.0,0,0,5.0,0.0,95.0
0,annual_normal,119,2026-01-05 23:00:00+08:00,0.0,0.0,0.0,0.0,0.0,0.0,10.0,0.0,0.0,2.5,1.0,0.0,0,0,5.0,0.0,95.0
1,w0_normal_renewable_bus,24,2026-01-02 00:00:00+08:00,0.0,0.0,0.0,0.0,0.0,0.0,10.0,0.0,0.0,0.0,1.0,0.0,0,0,5.0,0.0,95.0
1,w0_normal_renewable_bus,25,2026-01-02 01:00:00+08:00,0.0,0.0,0.0,0.0,0.0,0.0,10.0,0.0,0.0,0.0,1.0,0.0,0,0,5.0,0.0,95.0
1,w0_normal_renewable_bus,26,2026-01-02 02:00:00+08:00,0.0,0.0,0.0,0.0,0.0,0.0,10.0,0.0,0.0,0.0,1.0,0.0,0,0,5.0,0.0,95.0
1,w0_normal_renewable_bus,27,2026-01-02 03:00:00+08:00,0.0,0.0,0.0,0.0,0.0,0.0,10.0,0.0,0.0,0.0,1.0,0.0,0,0,5.0,0.0,95.0
1,w0_normal_renewable_bus,28,2026-01-02 04:00:00+08:00,0.0,0.0,0.0,0.0,0.0,0.0,10.0,0.0,0.0,0.0,1.0,0.0,0,0,5.0,0.0,95.0
1,w0_normal_renewable_bus,29,2026-01-02 05:00:00+08:00,0.0,0.0,0.0,0.0,0.0,0.0,10.0,0.0,0.0,1.5,1.0,0.0,0,0,5.0,0.0,95.0
1,w0_normal_renewable_bus,30,2026-01-02 06:00:00+08:00,0.0,0.0,0.0,0.0,0.0,0.0,10.0,0.0,0.0,0.0,1.0,0.0,0,0,5.0,0.0,95.0
1,w0_normal_renewable_bus,31,2026-01-02 07:00:00+08:00,0.0,0.0,0.0,0.0,0.0,0.0,10.0,0.0,0.0,0.0,1.0,0.0,0,0,5.0,0.0,95.0
1,w0_normal_renewable_bus,32,2026-01-02 08:00:00+08:00,0.0,0.0,0.0,0.0,0.0,0.0,10.0,0.0,0.0,0.0,1.0,0.0,0,0,5.0,0.0,95.0
1,w0_normal_renewable_bus,33,2026-01-02 09:00:00+08:00,0.0,0.0,0.0,0.0,0.0,0.0,10.0,0.0,0.0,2.5,1.0,0.0,0,0,5.0,0.0,95.0
1,w0_normal_renewable_bus,34,2026-01-02 10:00:00+08:00,0.0,0.0,0.0,0.0,0.0,0.0,10.0,0.0,0.0,0.0,1.0,0.0,0,0,5.0,0.0,95.0
1,w0_normal_renewable_bus,35,2026-01-02 11:00:00+08:00,0.0,0.0,0.0,0.0,0.0,0.0,10.0,0.0,0.0,0.0,1.0,0.0,0,0,5.0,0.0,95.0
1,w0_normal_renewable_bus,36,2026-01-02 12:00:00+08:00,0.0,0.0,0.0,0.0,0.0,0.0,10.0,0.0,0.0,2.5,1.0,0.0,0,0,5.0,0.0,95.0
1,w0_normal_renewable_bus,37,2026-01-02 13:00:00+08:00,0.0,0.0,0.0,0.0,0.0,0.0,10.0,0.0,0.0,2.5,1.0,0.0,0,0,5.0,0.0,95.0
1,w0_normal_renewable_bus,38,2026-01-02 14:00:00+08:00,0.0,0.0,0.0,0.0,0.0,0.0,10.0,0.0,0.0,2.5,1.0,0.0,0,0,5.0,0.0,95.0
1,w0_normal_renewable_bus,39,2026-01-02 15:00:00+08:00,0.0,0.0,0.0,0.0,0.0,0.0,10.0,0.0,0.0,0.0,1.0,0.0,0,0,5.0,0.0,95.0
1,w0_normal_renewable_bus,40,2026-01-02 16:00:00+08:00,0.0,0.0,0.0,0.0,0.0,0.0,10.0,0.0,0.0,2.5,1.0,0.0,0,0,5.0,0.0,95.0
1,w0_normal_renewable_bus,41,2026-01-02 17:00:00+08:00,0.0,0.0,0.0,0.0,0.0,0.0,10.0,0.0,0.0,2.5,1.0,0.0,0,0,5.0,0.0,95.0
1,w0_normal_renewable_bus,42,2026-01-02 18:00:00+08:00,0.0,0.0,0.0,0.0,0.0,0.0,10.0,0.0,0.0,2.5,1.0,0.0,0,0,5.0,0.0,95.0
1,w0_normal_renewable_bus,43,2026-01-02 19:00:00+08:00,0.0,0.0,0.0,0.0,0.0,0.0,10.0,0.0,0.0,0.0,1.0,0.0,0,0,5.0,0.0,95.0
1,w0_normal_renewable_bus,44,2026-01-02 20:00:00+08:00,0.0,0.0,0.0,0.0,0.0,0.0,10.0,0.0,0.0,2.5,1.0,0.0,0,0,5.0,0.0,95.0
1,w0_normal_renewable_bus,45,2026-01-02 21:00:00+08:00,0.0,0.0,0.0,0.0,0.0,0.0,10.0,0.0,0.0,0.0,1.0,0.0,0,0,5.0,0.0,95.0
1,w0_normal_renewable_bus,46,2026-01-02 22:00:00+08:00,0.0,0.0,0.0,0.0,0.0,0.0,10.0,0.0,0.0,0.0,1.0,0.0,0,0,5.0,0.0,95.0
1,w0_normal_renewable_bus,47,2026-01-02 23:00:00+08:00,0.0,0.0,0.0,0.0,0.0,0.0,10.0,0.0,0.0,2.5,1.0,0.0,0,0,5.0,0.0,95.0
1,w0_normal_renewable_bus,48,2026-01-03 00:00:00+08:00,0.0,0.0,0.0,0.0,0.0,0.0,10.0,0.0,0.0,2.5,1.0,0.0,0,0,5.0,0.0,95.0
1,w0_normal_renewable_bus,49,2026-01-03 01:00:00+08:00,0.0,0.0,0.0,0.0,0.0,0.0,10.0,0.0,0.0,1.5,1.0,0.0,0,0,5.0,0.0,95.0
1,w0_normal_renewable_bus,50,2026-01-03 02:00:00+08:00,0.0,0.0,0.0,0.0,0.0,0.0,10.0,0.0,0.0,0.0,1.0,0.0,0,0,5.0,0.0,95.0
1,w0_normal_renewable_bus,51,2026-01-03 03:00:00+08:00,0.0,0.0,0.0,0.0,0.0,0.0,10.0,0.0,0.0,0.0,1.0,0.0,0,0,5.0,0.0,95.0
1,w0_normal_renewable_bus,52,2026-01-03 04:00:00+08:00,0.0,0.0,0.0,0.0,0.0,0.0,10.0,0.0,0.0,2.5,1.0,0.0,0,0,5.0,0.0,95.0
1,w0_normal_renewable_bus,53,2026-01-03 05:00:00+08:00,0.0,0.0,0.0,0.0,0.0,0.0,10.0,0.0,0.0,0.0,1.0,0.0,0,0,5.0,0.0,95.0
1,w0_normal_renewable_bus,54,2026-01-03 06:00:00+08:00,0.0,0.0,0.0,0.0,0.0,0.0,10.0,0.0,0.0,2.5,1.0,0.0,0,0,5.0,0.0,95.0
1,w0_normal_renewable_bus,55,2026-01-03 07:00:00+08:00,0.0,0.0,0.0,0.0,0.0,0.0,10.0,0.0,0.0,2.5,1.0,0.0,0,0,5.0,0.0,95.0
1,w0_normal_renewable_bus,56,2026-01-03 08:00:00+08:00,0.0,0.0,0.0,0.0,0.0,0.0,10.0,0.0,0.0,2.5,1.0,0.0,0,0,5.0,0.0,95.0
1,w0_normal_renewable_bus,57,2026-01-03 09:00:00+08:00,0.0,0.0,0.0,0.0,0.0,0.0,10.0,0.0,0.0,2.5,1.0,0.0,0,0,5.0,0.0,95.0
1,w0_normal_renewable_bus,58,2026-01-03 10:00:00+08:00,0.0,0.0,0.0,0.0,0.0,0.0,10.0,0.0,0.0,2.5,1.0,0.0,0,0,5.0,0.0,95.0
1,w0_normal_renewable_bus,59,2026-01-03 11:00:00+08:00,0.0,0.0,0.0,0.0,0.0,0.0,10.0,0.0,0.0,2.5,1.0,0.0,0,0,5.0,0.0,95.0
1,w0_normal_renewable_bus,60,2026-01-03 12:00:00+08:00,0.0,0.0,0.0,0.0,0.0,0.0,10.0,0.0,0.0,0.0,1.0,0.0,0,0,5.0,0.0,95.0
1,w0_normal_renewable_bus,61,2026-01-03 13:00:00+08:00,0.0,0.0,0.0,0.0,0.0,0.0,10.0,0.0,0.0,0.0,1.0,0.0,0,0,5.0,0.0,95.0
1,w0_normal_renewable_bus,62,2026-01-03 14:00:00+08:00,0.0,0.0,0.0,0.0,0.0,0.0,10.0,0.0,0.0,0.0,1.0,0.0,0,0,5.0,0.0,95.0
1,w0_normal_renewable_bus,63,2026-01-03 15:00:00+08:00,0.0,0.0,0.0,0.0,0.0,0.0,10.0,0.0,0.0,0.0,1.0,0.0,0,0,5.0,0.0,95.0
1,w0_normal_renewable_bus,64,2026-01-03 16:00:00+08:00,0.0,0.0,0.0,0.0,0.0,0.0,10.0,0.0,0.0,0.0,1.0,0.0,0,0,5.0,0.0,95.0
1,w0_normal_renewable_bus,65,2026-01-03 17:00:00+08:00,0.0,0.0,0.0,0.0,0.0,0.0,10.0,0.0,0.0,0.0,1.0,0.0,0,0,5.0,0.0,95.0
1,w0_normal_renewable_bus,66,2026-01-03 18:00:00+08:00,0.0,0.0,0.0,0.0,0.0,0.0,10.0,0.0,0.0,0.0,1.0,0.0,0,0,5.0,0.0,95.0
1,w0_normal_renewable_bus,67,2026-01-03 19:00:00+08:00,0.0,0.0,0.0,0.0,0.0,0.0,10.0,0.0,0.0,0.0,1.0,0.0,0,0,5.0,0.0,95.0
1,w0_normal_renewable_bus,68,2026-01-03 20:00:00+08:00,0.0,0.0,0.0,0.0,0.0,0.0,10.0,0.0,0.0,0.0,1.0,0.0,0,0,5.0,0.0,95.0
1,w0_normal_renewable_bus,69,2026-01-03 21:00:00+08:00,0.0,0.0,0.0,0.0,0.0,0.0,10.0,0.0,0.0,0.0,1.0,0.0,0,0,5.0,0.0,95.0
1,w0_normal_renewable_bus,70,2026-01-03 22:00:00+08:00,0.0,0.0,0.0,0.0,0.0,0.0,10.0,0.0,0.0,2.5,1.0,0.0,0,0,5.0,0.0,95.0
1,w0_normal_renewable_bus,71,2026-01-03 23:00:00+08:00,0.0,0.0,0.0,0.0,0.0,0.0,10.0,0.0,0.0,0.0,1.0,0.0,0,0,5.0,0.0,95.0
1,w0_normal_renewable_bus,72,2026-01-04 00:00:00+08:00,0.0,0.0,0.0,0.0,0.0,0.0,10.0,0.0,0.0,0.0,1.0,0.0,0,0,5.0,0.0,95.0
1,w0_normal_renewable_bus,73,2026-01-04 01:00:00+08:00,0.0,0.0,0.0,0.0,0.0,0.0,10.0,0.0,0.0,0.0,1.0,0.0,0,0,5.0,0.0,95.0
1,w0_normal_renewable_bus,74,2026-01-04 02:00:00+08:00,0.0,0.0,0.0,0.0,0.0,0.0,10.0,0.0,0.0,0.0,1.0,0.0,0,0,5.0,0.0,95.0
1,w0_normal_renewable_bus,75,2026-01-04 03:00:00+08:00,0.0,0.0,0.0,0.0,0.0,0.0,10.0,0.0,0.0,0.0,1.0,0.0,0,0,5.0,0.0,95.0
1,w0_normal_renewable_bus,76,2026-01-04 04:00:00+08:00,0.0,0.0,0.0,0.0,0.0,0.0,10.0,0.0,0.0,0.0,1.0,0.0,0,0,5.0,0.0,95.0
1,w0_normal_renewable_bus,77,2026-01-04 05:00:00+08:00,0.0,0.0,0.0,0.0,0.0,0.0,10.0,0.0,0.0,0.0,1.0,0.0,0,0,5.0,0.0,95.0
1,w0_normal_renewable_bus,78,2026-01-04 06:00:00+08:00,0.0,0.0,0.0,0.0,0.0,0.0,10.0,0.0,0.0,0.0,1.0,0.0,0,0,5.0,0.0,95.0
1,w0_normal_renewable_bus,79,2026-01-04 07:00:00+08:00,0.0,0.0,0.0,0.0,0.0,0.0,10.0,0.0,0.0,0.0,1.0,0.0,0,0,5.0,0.0,95.0
1,w0_normal_renewable_bus,80,2026-01-04 08:00:00+08:00,0.0,0.0,0.0,0.0,0.0,0.0,10.0,0.0,0.0,2.5,1.0,0.0,0,0,5.0,0.0,95.0
1,w0_normal_renewable_bus,81,2026-01-04 09:00:00+08:00,0.0,0.0,0.0,0.0,0.0,0.0,10.0,0.0,0.0,0.0,1.0,0.0,0,0,5.0,0.0,95.0
1,w0_normal_renewable_bus,82,2026-01-04 10:00:00+08:00,0.0,0.0,0.0,0.0,0.0,0.0,10.0,0.0,0.0,2.5,1.0,0.0,0,0,5.0,0.0,95.0
1,w0_normal_renewable_bus,83,2026-01-04 11:00:00+08:00,0.0,0.0,0.0,0.0,0.0,0.0,10.0,0.0,0.0,2.5,1.0,0.0,0,0,5.0,0.0,95.0
1,w0_normal_renewable_bus,84,2026-01-04 12:00:00+08:00,0.0,0.0,0.0,0.0,0.0,0.0,10.0,0.0,0.0,0.0,1.0,0.0,0,0,5.0,0.0,95.0
1,w0_normal_renewable_bus,85,2026-01-04 13:00:00+08:00,0.0,0.0,0.0,0.0,0.0,0.0,10.0,0.0,0.0,2.5,1.0,0.0,0,0,5.0,0.0,95.0
1,w0_normal_renewable_bus,86,2026-01-04 14:00:00+08:00,0.0,0.0,0.0,0.0,0.0,0.0,10.0,0.0,0.0,1.5,1.0,0.0,0,0,5.0,0.0,95.0
1,w0_normal_renewable_bus,87,2026-01-04 15:00:00+08:00,0.0,0.0,0.0,0.0,0.0,0.0,10.0,0.0,0.0,2.5,1.0,0.0,0,0,5.0,0.0,95.0
1,w0_normal_renewable_bus,88,2026-01-04 16:00:00+08:00,0.0,0.0,0.0,0.0,0.0,0.0,10.0,0.0,0.0,0.0,1.0,0.0,0,0,5.0,0.0,95.0
1,w0_normal_renewable_bus,89,2026-01-04 17:00:00+08:00,0.0,0.0,0.0,0.0,0.0,0.0,10.0,0.0,0.0,0.0,1.0,0.0,0,0,5.0,0.0,95.0
1,w0_normal_renewable_bus,90,2026-01-04 18:00:00+08:00,0.0,0.0,0.0,0.0,0.0,0.0,10.0,0.0,0.0,0.0,1.0,0.0,0,0,5.0,0.0,95.0
1,w0_normal_renewable_bus,91,2026-01-04 19:00:00+08:00,0.0,0.0,0.0,0.0,0.0,0.0,10.0,0.0,0.0,2.5,1.0,0.0,0,0,5.0,0.0,95.0
1,w0_normal_renewable_bus,92,2026-01-04 20:00:00+08:00,0.0,0.0,0.0,0.0,0.0,0.0,10.0,0.0,0.0,2.5,1.0,0.0,0,0,5.0,0.0,95.0
1,w0_normal_renewable_bus,93,2026-01-04 21:00:00+08:00,0.0,0.0,0.0,0.0,0.0,0.0,10.0,0.0,0.0,2.5,1.0,0.0,0,0,5.0,0.0,95.0
1,w0_normal_renewable_bus,94,2026-01-04 22:00:00+08:00,0.0,0.0,0.0,0.0,0.0,0.0,10.0,0.0,0.0,0.0,1.0,0.0,0,0,5.0,0.0,95.0
1,w0_normal_renewable_bus,95,2026-01-04 23:00:00+08:00,0.0,0.0,0.0,0.0,0.0,0.0,10.0,0.0,0.0,2.5,1.0,0.0,0,0,5.0,0.0,95.0
2,w0_normal_main_bus,24,2026-01-02 00:00:00+08:00,0.0,0.0,0.0,0.0,0.0,0.0,10.0,0.0,0.0,0.0,1.0,0.0,0,0,5.0,0.0,95.0
2,w0_normal_main_bus,25,2026-01-02 01:00:00+08:00,0.0,0.0,0.0,0.0,0.0,0.0,10.0,0.0,0.0,0.0,1.0,0.0,0,0,5.0,0.0,95.0
2,w0_normal_main_bus,26,2026-01-02 02:00:00+08:00,0.0,0.0,0.0,0.0,0.0,0.0,10.0,0.0,0.0,0.0,1.0,0.0,0,0,5.0,0.0,95.0
2,w0_normal_main_bus,27,2026-01-02 03:00:00+08:00,0.0,0.0,0.0,0.0,0.0,0.0,10.0,0.0,0.0,0.0,1.0,0.0,0,0,5.0,0.0,95.0
2,w0_normal_main_bus,28,2026-01-02 04:00:00+08:00,0.0,0.0,0.0,0.0,0.0,0.0,10.0,0.0,0.0,0.0,1.0,0.0,0,0,5.0,0.0,95.0
2,w0_normal_main_bus,29,2026-01-02 05:00:00+08:00,0.0,0.0,0.0,0.0,0.0,0.0,10.0,0.0,0.0,1.5,1.0,0.0,0,0,5.0,0.0,95.0
2,w0_normal_main_bus,30,2026-01-02 06:00:00+08:00,0.0,0.0,0.0,0.0,0.0,0.0,10.0,0.0,0.0,0.0,1.0,0.0,0,0,5.0,0.0,95.0
2,w0_normal_main_bus,31,2026-01-02 07:00:00+08:00,0.0,0.0,0.0,0.0,0.0,0.0,10.0,0.0,0.0,0.0,1.0,0.0,0,0,5.0,0.0,95.0
2,w0_normal_main_bus,32,2026-01-02 08:00:00+08:00,0.0,0.0,0.0,0.0,0.0,0.0,10.0,0.0,0.0,0.0,1.0,0.0,0,0,5.0,0.0,95.0
2,w0_normal_main_bus,33,2026-01-02 09:00:00+08:00,0.0,0.0,0.0,0.0,0.0,0.0,10.0,0.0,0.0,2.5,1.0,0.0,0,0,5.0,0.0,95.0
2,w0_normal_main_bus,34,2026-01-02 10:00:00+08:00,0.0,0.0,0.0,0.0,0.0,0.0,10.0,0.0,0.0,0.0,1.0,0.0,0,0,5.0,0.0,95.0
2,w0_normal_main_bus,35,2026-01-02 11:00:00+08:00,0.0,0.0,0.0,0.0,0.0,0.0,10.0,0.0,0.0,0.0,1.0,0.0,0,0,5.0,0.0,95.0
2,w0_normal_main_bus,36,2026-01-02 12:00:00+08:00,0.0,0.0,0.0,0.0,0.0,0.0,10.0,0.0,0.0,2.5,1.0,0.0,0,0,5.0,0.0,95.0
2,w0_normal_main_bus,37,2026-01-02 13:00:00+08:00,0.0,0.0,0.0,0.0,0.0,0.0,10.0,0.0,0.0,2.5,1.0,0.0,0,0,5.0,0.0,95.0
2,w0_normal_main_bus,38,2026-01-02 14:00:00+08:00,0.0,0.0,0.0,0.0,0.0,0.0,10.0,0.0,0.0,2.5,1.0,0.0,0,0,5.0,0.0,95.0
2,w0_normal_main_bus,39,2026-01-02 15:00:00+08:00,0.0,0.0,0.0,0.0,0.0,0.0,10.0,0.0,0.0,0.0,1.0,0.0,0,0,5.0,0.0,95.0
2,w0_normal_main_bus,40,2026-01-02 16:00:00+08:00,0.0,0.0,0.0,0.0,0.0,0.0,10.0,0.0,0.0,2.5,1.0,0.0,0,0,5.0,0.0,95.0
2,w0_normal_main_bus,41,2026-01-02 17:00:00+08:00,0.0,0.0,0.0,0.0,0.0,0.0,10.0,0.0,0.0,2.5,1.0,0.0,0,0,5.0,0.0,95.0
2,w0_normal_main_bus,42,2026-01-02 18:00:00+08:00,0.0,0.0,0.0,0.0,0.0,0.0,10.0,0.0,0.0,2.5,1.0,0.0,0,0,5.0,0.0,95.0
2,w0_normal_main_bus,43,2026-01-02 19:00:00+08:00,0.0,0.0,0.0,0.0,0.0,0.0,10.0,0.0,0.0,0.0,1.0,0.0,0,0,5.0,0.0,95.0
2,w0_normal_main_bus,44,2026-01-02 20:00:00+08:00,0.0,0.0,0.0,0.0,0.0,0.0,10.0,0.0,0.0,2.5,1.0,0.0,0,0,5.0,0.0,95.0
2,w0_normal_main_bus,45,2026-01-02 21:00:00+08:00,0.0,0.0,0.0,0.0,0.0,0.0,10.0,0.0,0.0,0.0,1.0,0.0,0,0,5.0,0.0,95.0
2,w0_normal_main_bus,46,2026-01-02 22:00:00+08:00,0.0,0.0,0.0,0.0,0.0,0.0,10.0,0.0,0.0,0.0,1.0,0.0,0,0,5.0,0.0,95.0
2,w0_normal_main_bus,47,2026-01-02 23:00:00+08:00,0.0,0.0,0.0,0.0,0.0,0.0,10.0,0.0,0.0,2.5,1.0,0.0,0,0,5.0,0.0,95.0
2,w0_normal_main_bus,48,2026-01-03 00:00:00+08:00,0.0,0.0,0.0,0.0,0.0,0.0,10.0,0.0,0.0,2.5,1.0,0.0,0,0,5.0,0.0,95.0
2,w0_normal_main_bus,49,2026-01-03 01:00:00+08:00,0.0,0.0,0.0,0.0,0.0,0.0,10.0,0.0,0.0,1.5,1.0,0.0,0,0,5.0,0.0,95.0
2,w0_normal_main_bus,50,2026-01-03 02:00:00+08:00,0.0,0.0,0.0,0.0,0.0,0.0,10.0,0.0,0.0,0.0,1.0,0.0,0,0,5.0,0.0,95.0
2,w0_normal_main_bus,51,2026-01-03 03:00:00+08:00,0.0,0.0,0.0,0.0,0.0,0.0,10.0,0.0,0.0,0.0,1.0,0.0,0,0,5.0,0.0,95.0
2,w0_normal_main_bus,52,2026-01-03 04:00:00+08:00,0.0,0.0,0.0,0.0,0.0,0.0,10.0,0.0,0.0,2.5,1.0,0.0,0,0,5.0,0.0,95.0
2,w0_normal_main_bus,53,2026-01-03 05:00:00+08:00,0.0,0.0,0.0,0.0,0.0,0.0,10.0,0.0,0.0,0.0,1.0,0.0,0,0,5.0,0.0,95.0
2,w0_normal_main_bus,54,2026-01-03 06:00:00+08:00,0.0,0.0,0.0,0.0,0.0,0.0,10.0,0.0,0.0,2.5,1.0,0.0,0,0,5.0,0.0,95.0
2,w0_normal_main_bus,55,2026-01-03 07:00:00+08:00,0.0,0.0,0.0,0.0,0.0,0.0,10.0,0.0,0.0,2.5,1.0,0.0,0,0,5.0,0.0,95.0
2,w0_normal_main_bus,56,2026-01-03 08:00:00+08:00,0.0,0.0,0.0,0.0,0.0,0.0,10.0,0.0,0.0,2.5,1.0,0.0,0,0,5.0,0.0,95.0
2,w0_normal_main_bus,57,2026-01-03 09:00:00+08:00,0.0,0.0,0.0,0.0,0.0,0.0,10.0,0.0,0.0,2.5,1.0,0.0,0,0,5.0,0.0,95.0
2,w0_normal_main_bus,58,2026-01-03 10:00:00+08:00,0.0,0.0,0.0,0.0,0.0,0.0,10.0,0.0,0.0,2.5,1.0,0.0,0,0,5.0,0.0,95.0
2,w0_normal_main_bus,59,2026-01-03 11:00:00+08:00,0.0,0.0,0.0,0.0,0.0,0.0,10.0,0.0,0.0,2.5,1.0,0.0,0,0,5.0,0.0,95.0
2,w0_normal_main_bus,60,2026-01-03 12:00:00+08:00,0.0,0.0,0.0,0.0,0.0,10.0,0.0,20.0,5.0,0.0,0.0,1.0,0,0,0.0,0.0,95.0
2,w0_normal_main_bus,61,2026-01-03 13:00:00+08:00,0.0,0.0,0.0,0.0,0.0,0.0,10.0,0.0,0.0,0.0,1.0,0.0,0,0,5.0,0.0,84.79591836734694
2,w0_normal_main_bus,62,2026-01-03 14:00:00+08:00,0.0,0.0,0.0,0.0,0.0,0.0,10.0,0.0,0.0,0.0,1.0,0.0,0,0,5.0,0.0,84.79591836734558
2,w0_normal_main_bus,63,2026-01-03 15:00:00+08:00,0.0,0.0,0.0,0.0,0.0,0.0,10.0,0.0,0.0,0.0,1.0,0.0,0,0,5.0,0.0,84.79591836734558
2,w0_normal_main_bus,64,2026-01-03 16:00:00+08:00,0.0,0.0,0.0,0.0,0.0,0.0,10.0,0.0,0.0,0.0,1.0,0.0,0,0,5.0,0.0,84.79591836734558
2,w0_normal_main_bus,65,2026-01-03 17:00:00+08:00,0.0,0.0,0.0,0.0,0.0,0.0,10.0,0.0,0.0,0.0,1.0,0.0,0,0,5.0,0.0,84.79591836734558
2,w0_normal_main_bus,66,2026-01-03 18:00:00+08:00,0.0,0.0,0.0,0.0,0.0,0.0,10.0,0.0,0.0,0.0,1.0,0.0,0,0,5.0,0.0,84.79591836734558
2,w0_normal_main_bus,67,2026-01-03 19:00:00+08:00,0.0,0.0,0.0,0.0,0.0,0.0,10.0,0.0,0.0,0.0,1.0,0.0,0,0,5.0,0.0,84.79591836734558
2,w0_normal_main_bus,68,2026-01-03 20:00:00+08:00,0.0,0.0,0.0,0.0,0.0,0.0,10.0,0.0,0.0,0.0,1.0,0.0,0,0,5.0,0.0,84.79591836734558
2,w0_normal_main_bus,69,2026-01-03 21:00:00+08:00,0.0,0.0,0.0,0.0,0.0,0.0,10.0,0.0,0.0,0.0,1.0,0.0,0,0,5.0,0.0,84.79591836734558
2,w0_normal_main_bus,70,2026-01-03 22:00:00+08:00,0.0,0.0,0.0,0.0,0.0,0.0,10.0,0.0,0.0,2.5,1.0,0.0,0,0,5.0,0.0,84.79591836734558
2,w0_normal_main_bus,71,2026-01-03 23:00:00+08:00,0.0,0.0,0.0,0.0,0.0,0.0,10.0,0.0,0.0,0.0,1.0,0.0,0,0,5.0,0.0,84.79591836734558
2,w0_normal_main_bus,72,2026-01-04 00:00:00+08:00,0.0,0.0,0.0,0.0,0.0,0.0,10.0,0.0,0.0,0.0,1.0,0.0,0,0,5.0,0.0,84.79591836734558
2,w0_normal_main_bus,73,2026-01-04 01:00:00+08:00,0.0,0.0,0.0,0.0,0.0,0.0,10.0,0.0,0.0,0.0,1.0,0.0,0,0,5.0,0.0,84.79591836734558
2,w0_normal_main_bus,74,2026-01-04 02:00:00+08:00,0.0,0.0,0.0,0.0,0.0,0.0,10.0,0.0,0.0,0.0,1.0,0.0,0,0,5.0,0.0,84.79591836734558
2,w0_normal_main_bus,75,2026-01-04 03:00:00+08:00,0.0,0.0,0.0,0.0,0.0,0.0,10.0,0.0,0.0,2.5,1.0,0.0,0,0,5.0,0.0,84.79591836734558
2,w0_normal_main_bus,76,2026-01-04 04:00:00+08:00,0.0,0.0,0.0,0.0,0.0,0.0,10.0,0.0,0.0,0.0,1.0,0.0,0,0,5.0,0.0,84.79591836734558
2,w0_normal_main_bus,77,2026-01-04 05:00:00+08:00,0.0,0.0,0.0,0.0,0.0,0.0,10.0,0.0,0.0,0.0,1.0,0.0,0,0,5.0,0.0,84.79591836734558
2,w0_normal_main_bus,78,2026-01-04 06:00:00+08:00,0.0,0.0,0.0,0.0,0.0,0.0,10.0,0.0,0.0,0.0,1.0,0.0,0,0,5.0,0.0,84.79591836734558
2,w0_normal_main_bus,79,2026-01-04 07:00:00+08:00,0.0,0.0,0.0,0.0,0.0,0.0,10.0,0.0,0.0,0.0,1.0,0.0,0,0,5.0,0.0,84.79591836734558
2,w0_normal_main_bus,80,2026-01-04 08:00:00+08:00,0.0,0.0,0.0,0.0,0.0,0.0,10.0,0.0,0.0,1.5,1.0,0.0,0,0,5.0,0.0,84.79591836734558
2,w0_normal_main_bus,81,2026-01-04 09:00:00+08:00,0.0,0.0,0.0,0.0,0.0,0.0,10.0,0.0,0.0,0.0,1.0,0.0,0,0,5.0,0.0,84.79591836734558
2,w0_normal_main_bus,82,2026-01-04 10:00:00+08:00,0.0,0.0,0.0,0.0,0.0,0.0,10.0,0.0,0.0,0.0,1.0,0.0,0,0,5.0,0.0,84.79591836734558
2,w0_normal_main_bus,83,2026-01-04 11:00:00+08:00,0.0,0.0,0.0,0.0,0.0,0.0,10.0,0.0,0.0,2.5,1.0,0.0,0,0,5.0,0.0,84.79591836734558
2,w0_normal_main_bus,84,2026-01-04 12:00:00+08:00,0.0,0.0,0.0,0.0,10.412328196586145,0.0,10.0,0.0,0.0,0.0,1.0,0.0,0,0,5.0,0.0,84.79591836734558
2,w0_normal_main_bus,85,2026-01-04 13:00:00+08:00,0.0,0.0,0.0,0.0,0.0,0.0,10.0,0.0,0.0,2.5,1.0,0.0,0,0,5.0,0.0,95.0
2,w0_normal_main_bus,86,2026-01-04 14:00:00+08:00,0.0,0.0,0.0,0.0,0.0,0.0,10.0,0.0,0.0,0.0,1.0,0.0,0,0,5.0,0.0,95.0
2,w0_normal_main_bus,87,2026-01-04 15:00:00+08:00,0.0,0.0,0.0,0.0,0.0,0.0,10.0,0.0,0.0,2.5,1.0,0.0,0,0,5.0,0.0,95.0
2,w0_normal_main_bus,88,2026-01-04 16:00:00+08:00,0.0,0.0,0.0,0.0,0.0,0.0,10.0,0.0,0.0,2.5,1.0,0.0,0,0,5.0,0.0,95.0
2,w0_normal_main_bus,89,2026-01-04 17:00:00+08:00,0.0,0.0,0.0,0.0,0.0,0.0,10.0,0.0,0.0,0.0,1.0,0.0,0,0,5.0,0.0,95.0
2,w0_normal_main_bus,90,2026-01-04 18:00:00+08:00,0.0,0.0,0.0,0.0,0.0,0.0,10.0,0.0,0.0,0.0,1.0,0.0,0,0,5.0,0.0,95.0
2,w0_normal_main_bus,91,2026-01-04 19:00:00+08:00,0.0,0.0,0.0,0.0,0.0,0.0,10.0,0.0,0.0,2.5,1.0,0.0,0,0,5.0,0.0,95.0
2,w0_normal_main_bus,92,2026-01-04 20:00:00+08:00,0.0,0.0,0.0,0.0,0.0,0.0,10.0,0.0,0.0,0.0,1.0,0.0,0,0,5.0,0.0,95.0
2,w0_normal_main_bus,93,2026-01-04 21:00:00+08:00,0.0,0.0,0.0,0.0,0.0,0.0,10.0,0.0,0.0,2.5,1.0,0.0,0,0,5.0,0.0,95.0
2,w0_normal_main_bus,94,2026-01-04 22:00:00+08:00,0.0,0.0,0.0,0.0,0.0,0.0,10.0,0.0,0.0,2.5,1.0,0.0,0,0,5.0,0.0,95.0
2,w0_normal_main_bus,95,2026-01-04 23:00:00+08:00,0.0,0.0,0.0,0.0,0.0,0.0,10.0,0.0,0.0,2.5,1.0,0.0,0,0,5.0,0.0,95.0
3,w0_normal_compound,24,2026-01-02 00:00:00+08:00,0.0,0.0,0.0,0.0,0.0,0.0,10.0,0.0,0.0,0.0,1.0,0.0,0,0,5.0,0.0,95.0
3,w0_normal_compound,25,2026-01-02 01:00:00+08:00,0.0,0.0,0.0,0.0,0.0,0.0,10.0,0.0,0.0,0.0,1.0,0.0,0,0,5.0,0.0,95.0
3,w0_normal_compound,26,2026-01-02 02:00:00+08:00,0.0,0.0,0.0,0.0,0.0,0.0,10.0,0.0,0.0,0.0,1.0,0.0,0,0,5.0,0.0,95.0
3,w0_normal_compound,27,2026-01-02 03:00:00+08:00,0.0,0.0,0.0,0.0,0.0,0.0,10.0,0.0,0.0,0.0,1.0,0.0,0,0,5.0,0.0,95.0
3,w0_normal_compound,28,2026-01-02 04:00:00+08:00,0.0,0.0,0.0,0.0,0.0,0.0,10.0,0.0,0.0,0.0,1.0,0.0,0,0,5.0,0.0,95.0
3,w0_normal_compound,29,2026-01-02 05:00:00+08:00,0.0,0.0,0.0,0.0,0.0,0.0,10.0,0.0,0.0,1.5,1.0,0.0,0,0,5.0,0.0,95.0
3,w0_normal_compound,30,2026-01-02 06:00:00+08:00,0.0,0.0,0.0,0.0,0.0,0.0,10.0,0.0,0.0,0.0,1.0,0.0,0,0,5.0,0.0,95.0
3,w0_normal_compound,31,2026-01-02 07:00:00+08:00,0.0,0.0,0.0,0.0,0.0,0.0,10.0,0.0,0.0,0.0,1.0,0.0,0,0,5.0,0.0,95.0
3,w0_normal_compound,32,2026-01-02 08:00:00+08:00,0.0,0.0,0.0,0.0,0.0,0.0,10.0,0.0,0.0,0.0,1.0,0.0,0,0,5.0,0.0,95.0
3,w0_normal_compound,33,2026-01-02 09:00:00+08:00,0.0,0.0,0.0,0.0,0.0,0.0,10.0,0.0,0.0,2.5,1.0,0.0,0,0,5.0,0.0,95.0
3,w0_normal_compound,34,2026-01-02 10:00:00+08:00,0.0,0.0,0.0,0.0,0.0,0.0,10.0,0.0,0.0,0.0,1.0,0.0,0,0,5.0,0.0,95.0
3,w0_normal_compound,35,2026-01-02 11:00:00+08:00,0.0,0.0,0.0,0.0,0.0,0.0,10.0,0.0,0.0,0.0,1.0,0.0,0,0,5.0,0.0,95.0
3,w0_normal_compound,36,2026-01-02 12:00:00+08:00,0.0,0.0,0.0,0.0,0.0,0.0,10.0,0.0,0.0,2.5,1.0,0.0,0,0,5.0,0.0,95.0
3,w0_normal_compound,37,2026-01-02 13:00:00+08:00,0.0,0.0,0.0,0.0,0.0,0.0,10.0,0.0,0.0,2.5,1.0,0.0,0,0,5.0,0.0,95.0
3,w0_normal_compound,38,2026-01-02 14:00:00+08:00,0.0,0.0,0.0,0.0,0.0,0.0,10.0,0.0,0.0,2.5,1.0,0.0,0,0,5.0,0.0,95.0
3,w0_normal_compound,39,2026-01-02 15:00:00+08:00,0.0,0.0,0.0,0.0,0.0,0.0,10.0,0.0,0.0,0.0,1.0,0.0,0,0,5.0,0.0,95.0
3,w0_normal_compound,40,2026-01-02 16:00:00+08:00,0.0,0.0,0.0,0.0,0.0,0.0,10.0,0.0,0.0,2.5,1.0,0.0,0,0,5.0,0.0,95.0
3,w0_normal_compound,41,2026-01-02 17:00:00+08:00,0.0,0.0,0.0,0.0,0.0,0.0,10.0,0.0,0.0,2.5,1.0,0.0,0,0,5.0,0.0,95.0
3,w0_normal_compound,42,2026-01-02 18:00:00+08:00,0.0,0.0,0.0,0.0,0.0,0.0,10.0,0.0,0.0,2.5,1.0,0.0,0,0,5.0,0.0,95.0
3,w0_normal_compound,43,2026-01-02 19:00:00+08:00,0.0,0.0,0.0,0.0,0.0,0.0,10.0,0.0,0.0,0.0,1.0,0.0,0,0,5.0,0.0,95.0
3,w0_normal_compound,44,2026-01-02 20:00:00+08:00,0.0,0.0,0.0,0.0,0.0,0.0,10.0,0.0,0.0,2.5,1.0,0.0,0,0,5.0,0.0,95.0
3,w0_normal_compound,45,2026-01-02 21:00:00+08:00,0.0,0.0,0.0,0.0,0.0,0.0,10.0,0.0,0.0,0.0,1.0,0.0,0,0,5.0,0.0,95.0
3,w0_normal_compound,46,2026-01-02 22:00:00+08:00,0.0,0.0,0.0,0.0,0.0,0.0,10.0,0.0,0.0,0.0,1.0,0.0,0,0,5.0,0.0,95.0
3,w0_normal_compound,47,2026-01-02 23:00:00+08:00,0.0,0.0,0.0,0.0,0.0,0.0,10.0,0.0,0.0,2.5,1.0,0.0,0,0,5.0,0.0,95.0
3,w0_normal_compound,48,2026-01-03 00:00:00+08:00,0.0,0.0,0.0,0.0,0.0,0.0,10.0,0.0,0.0,2.5,1.0,0.0,0,0,5.0,0.0,95.0
3,w0_normal_compound,49,2026-01-03 01:00:00+08:00,0.0,0.0,0.0,0.0,0.0,0.0,10.0,0.0,0.0,1.5,1.0,0.0,0,0,5.0,0.0,95.0
3,w0_normal_compound,50,2026-01-03 02:00:00+08:00,0.0,0.0,0.0,0.0,0.0,0.0,10.0,0.0,0.0,0.0,1.0,0.0,0,0,5.0,0.0,95.0
3,w0_normal_compound,51,2026-01-03 03:00:00+08:00,0.0,0.0,0.0,0.0,0.0,0.0,10.0,0.0,0.0,0.0,1.0,0.0,0,0,5.0,0.0,95.0
3,w0_normal_compound,52,2026-01-03 04:00:00+08:00,0.0,0.0,0.0,0.0,0.0,0.0,10.0,0.0,0.0,2.5,1.0,0.0,0,0,5.0,0.0,95.0
3,w0_normal_compound,53,2026-01-03 05:00:00+08:00,0.0,0.0,0.0,0.0,0.0,0.0,10.0,0.0,0.0,0.0,1.0,0.0,0,0,5.0,0.0,95.0
3,w0_normal_compound,54,2026-01-03 06:00:00+08:00,0.0,0.0,0.0,0.0,0.0,0.0,10.0,0.0,0.0,2.5,1.0,0.0,0,0,5.0,0.0,95.0
3,w0_normal_compound,55,2026-01-03 07:00:00+08:00,0.0,0.0,0.0,0.0,0.0,0.0,10.0,0.0,0.0,2.5,1.0,0.0,0,0,5.0,0.0,95.0
3,w0_normal_compound,56,2026-01-03 08:00:00+08:00,0.0,0.0,0.0,0.0,0.0,0.0,10.0,0.0,0.0,2.5,1.0,0.0,0,0,5.0,0.0,95.0
3,w0_normal_compound,57,2026-01-03 09:00:00+08:00,0.0,0.0,0.0,0.0,0.0,0.0,10.0,0.0,0.0,2.5,1.0,0.0,0,0,5.0,0.0,95.0
3,w0_normal_compound,58,2026-01-03 10:00:00+08:00,0.0,0.0,0.0,0.0,0.0,0.0,10.0,0.0,0.0,2.5,1.0,0.0,0,0,5.0,0.0,95.0
3,w0_normal_compound,59,2026-01-03 11:00:00+08:00,0.0,0.0,0.0,0.0,0.0,0.0,10.0,0.0,0.0,2.5,1.0,0.0,0,0,5.0,0.0,95.0
3,w0_normal_compound,60,2026-01-03 12:00:00+08:00,0.0,0.0,0.0,0.0,0.0,0.0,10.0,0.0,0.0,0.0,1.0,0.0,0,0,5.0,0.0,95.0
3,w0_normal_compound,61,2026-01-03 13:00:00+08:00,0.0,0.0,0.0,0.0,0.0,0.0,10.0,0.0,0.0,0.0,1.0,0.0,0,0,5.0,0.0,95.0
3,w0_normal_compound,62,2026-01-03 14:00:00+08:00,0.0,0.0,0.0,0.0,0.0,0.0,10.0,0.0,0.0,0.0,1.0,0.0,0,0,5.0,0.0,95.0
3,w0_normal_compound,63,2026-01-03 15:00:00+08:00,0.0,0.0,0.0,0.0,0.0,0.0,10.0,0.0,0.0,0.0,1.0,0.0,0,0,5.0,0.0,95.0
3,w0_normal_compound,64,2026-01-03 16:00:00+08:00,0.0,0.0,0.0,0.0,0.0,0.0,10.0,0.0,0.0,0.0,1.0,0.0,0,0,5.0,0.0,95.0
3,w0_normal_compound,65,2026-01-03 17:00:00+08:00,0.0,0.0,0.0,0.0,0.0,0.0,10.0,0.0,0.0,0.0,1.0,0.0,0,0,5.0,0.0,95.0
3,w0_normal_compound,66,2026-01-03 18:00:00+08:00,0.0,0.0,0.0,0.0,0.0,0.0,10.0,0.0,0.0,0.0,1.0,0.0,0,0,5.0,0.0,95.0
3,w0_normal_compound,67,2026-01-03 19:00:00+08:00,0.0,0.0,0.0,0.0,0.0,0.0,10.0,0.0,0.0,0.0,1.0,0.0,0,0,5.0,0.0,95.0
3,w0_normal_compound,68,2026-01-03 20:00:00+08:00,0.0,0.0,0.0,0.0,0.0,0.0,10.0,0.0,0.0,0.0,1.0,0.0,0,0,5.0,0.0,95.0
3,w0_normal_compound,69,2026-01-03 21:00:00+08:00,0.0,0.0,0.0,0.0,0.0,0.0,10.0,0.0,0.0,0.0,1.0,0.0,0,0,5.0,0.0,95.0
3,w0_normal_compound,70,2026-01-03 22:00:00+08:00,0.0,0.0,0.0,0.0,0.0,0.0,10.0,0.0,0.0,2.5,1.0,0.0,0,0,5.0,0.0,95.0
3,w0_normal_compound,71,2026-01-03 23:00:00+08:00,0.0,0.0,0.0,0.0,0.0,0.0,10.0,0.0,0.0,0.0,1.0,0.0,0,0,5.0,0.0,95.0
3,w0_normal_compound,72,2026-01-04 00:00:00+08:00,0.0,0.0,0.0,0.0,0.0,0.0,10.0,0.0,0.0,0.0,1.0,0.0,0,0,5.0,0.0,95.0
3,w0_normal_compound,73,2026-01-04 01:00:00+08:00,0.0,0.0,0.0,0.0,0.0,0.0,10.0,0.0,0.0,0.0,1.0,0.0,0,0,5.0,0.0,95.0
3,w0_normal_compound,74,2026-01-04 02:00:00+08:00,0.0,0.0,0.0,0.0,0.0,0.0,10.0,0.0,0.0,0.0,1.0,0.0,0,0,5.0,0.0,95.0
3,w0_normal_compound,75,2026-01-04 03:00:00+08:00,0.0,0.0,0.0,0.0,0.0,0.0,10.0,0.0,0.0,0.0,1.0,0.0,0,0,5.0,0.0,95.0
3,w0_normal_compound,76,2026-01-04 04:00:00+08:00,0.0,0.0,0.0,0.0,0.0,0.0,10.0,0.0,0.0,0.0,1.0,0.0,0,0,5.0,0.0,95.0
3,w0_normal_compound,77,2026-01-04 05:00:00+08:00,0.0,0.0,0.0,0.0,0.0,0.0,10.0,0.0,0.0,0.0,1.0,0.0,0,0,5.0,0.0,95.0
3,w0_normal_compound,78,2026-01-04 06:00:00+08:00,0.0,0.0,0.0,0.0,0.0,0.0,10.0,0.0,0.0,0.0,1.0,0.0,0,0,5.0,0.0,95.0
3,w0_normal_compound,79,2026-01-04 07:00:00+08:00,0.0,0.0,0.0,0.0,0.0,0.0,10.0,0.0,0.0,0.0,1.0,0.0,0,0,5.0,0.0,95.0
3,w0_normal_compound,80,2026-01-04 08:00:00+08:00,0.0,0.0,0.0,0.0,0.0,0.0,10.0,0.0,0.0,2.5,1.0,0.0,0,0,5.0,0.0,95.0
3,w0_normal_compound,81,2026-01-04 09:00:00+08:00,0.0,0.0,0.0,0.0,0.0,0.0,10.0,0.0,0.0,0.0,1.0,0.0,0,0,5.0,0.0,95.0
3,w0_normal_compound,82,2026-01-04 10:00:00+08:00,0.0,0.0,0.0,0.0,0.0,0.0,10.0,0.0,0.0,2.5,1.0,0.0,0,0,5.0,0.0,95.0
3,w0_normal_compound,83,2026-01-04 11:00:00+08:00,0.0,0.0,0.0,0.0,0.0,0.0,10.0,0.0,0.0,2.5,1.0,0.0,0,0,5.0,0.0,95.0
3,w0_normal_compound,84,2026-01-04 12:00:00+08:00,0.0,0.0,0.0,0.0,0.0,0.0,10.0,0.0,0.0,0.0,1.0,0.0,0,0,5.0,0.0,95.0
3,w0_normal_compound,85,2026-01-04 13:00:00+08:00,0.0,0.0,0.0,0.0,0.0,0.0,10.0,0.0,0.0,2.5,1.0,0.0,0,0,5.0,0.0,95.0
3,w0_normal_compound,86,2026-01-04 14:00:00+08:00,0.0,0.0,0.0,0.0,0.0,0.0,10.0,0.0,0.0,1.5,1.0,0.0,0,0,5.0,0.0,95.0
3,w0_normal_compound,87,2026-01-04 15:00:00+08:00,0.0,0.0,0.0,0.0,0.0,0.0,10.0,0.0,0.0,2.5,1.0,0.0,0,0,5.0,0.0,95.0
3,w0_normal_compound,88,2026-01-04 16:00:00+08:00,0.0,0.0,0.0,0.0,0.0,0.0,10.0,0.0,0.0,0.0,1.0,0.0,0,0,5.0,0.0,95.0
3,w0_normal_compound,89,2026-01-04 17:00:00+08:00,0.0,0.0,0.0,0.0,0.0,0.0,10.0,0.0,0.0,0.0,1.0,0.0,0,0,5.0,0.0,95.0
3,w0_normal_compound,90,2026-01-04 18:00:00+08:00,0.0,0.0,0.0,0.0,0.0,0.0,10.0,0.0,0.0,0.0,1.0,0.0,0,0,5.0,0.0,95.0
3,w0_normal_compound,91,2026-01-04 19:00:00+08:00,0.0,0.0,0.0,0.0,0.0,0.0,10.0,0.0,0.0,2.5,1.0,0.0,0,0,5.0,0.0,95.0
3,w0_normal_compound,92,2026-01-04 20:00:00+08:00,0.0,0.0,0.0,0.0,0.0,0.0,10.0,0.0,0.0,2.5,1.0,0.0,0,0,5.0,0.0,95.0
3,w0_normal_compound,93,2026-01-04 21:00:00+08:00,0.0,0.0,0.0,0.0,0.0,0.0,10.0,0.0,0.0,2.5,1.0,0.0,0,0,5.0,0.0,95.0
3,w0_normal_compound,94,2026-01-04 22:00:00+08:00,0.0,0.0,0.0,0.0,0.0,0.0,10.0,0.0,0.0,0.0,1.0,0.0,0,0,5.0,0.0,95.0
3,w0_normal_compound,95,2026-01-04 23:00:00+08:00,0.0,0.0,0.0,0.0,0.0,0.0,10.0,0.0,0.0,2.5,1.0,0.0,0,0,5.0,0.0,95.0
4,w0_normal_pcs,24,2026-01-02 00:00:00+08:00,0.0,0.0,0.0,0.0,0.0,0.0,10.0,0.0,0.0,0.0,1.0,0.0,0,0,5.0,0.0,95.0
4,w0_normal_pcs,25,2026-01-02 01:00:00+08:00,0.0,0.0,0.0,0.0,0.0,0.0,10.0,0.0,0.0,0.0,1.0,0.0,0,0,5.0,0.0,95.0
4,w0_normal_pcs,26,2026-01-02 02:00:00+08:00,0.0,0.0,0.0,0.0,0.0,0.0,10.0,0.0,0.0,0.0,1.0,0.0,0,0,5.0,0.0,95.0
4,w0_normal_pcs,27,2026-01-02 03:00:00+08:00,0.0,0.0,0.0,0.0,0.0,0.0,10.0,0.0,0.0,0.0,1.0,0.0,0,0,5.0,0.0,95.0
4,w0_normal_pcs,28,2026-01-02 04:00:00+08:00,0.0,0.0,0.0,0.0,0.0,0.0,10.0,0.0,0.0,0.0,1.0,0.0,0,0,5.0,0.0,95.0
4,w0_normal_pcs,29,2026-01-02 05:00:00+08:00,0.0,0.0,0.0,0.0,0.0,0.0,10.0,0.0,0.0,1.5,1.0,0.0,0,0,5.0,0.0,95.0
4,w0_normal_pcs,30,2026-01-02 06:00:00+08:00,0.0,0.0,0.0,0.0,0.0,0.0,10.0,0.0,0.0,0.0,1.0,0.0,0,0,5.0,0.0,95.0
4,w0_normal_pcs,31,2026-01-02 07:00:00+08:00,0.0,0.0,0.0,0.0,0.0,0.0,10.0,0.0,0.0,0.0,1.0,0.0,0,0,5.0,0.0,95.0
4,w0_normal_pcs,32,2026-01-02 08:00:00+08:00,0.0,0.0,0.0,0.0,0.0,0.0,10.0,0.0,0.0,0.0,1.0,0.0,0,0,5.0,0.0,95.0
4,w0_normal_pcs,33,2026-01-02 09:00:00+08:00,0.0,0.0,0.0,0.0,0.0,0.0,10.0,0.0,0.0,2.5,1.0,0.0,0,0,5.0,0.0,95.0
4,w0_normal_pcs,34,2026-01-02 10:00:00+08:00,0.0,0.0,0.0,0.0,0.0,0.0,10.0,0.0,0.0,0.0,1.0,0.0,0,0,5.0,0.0,95.0
4,w0_normal_pcs,35,2026-01-02 11:00:00+08:00,0.0,0.0,0.0,0.0,0.0,0.0,10.0,0.0,0.0,0.0,1.0,0.0,0,0,5.0,0.0,95.0
4,w0_normal_pcs,36,2026-01-02 12:00:00+08:00,0.0,0.0,0.0,0.0,0.0,0.0,10.0,0.0,0.0,2.5,1.0,0.0,0,0,5.0,0.0,95.0
4,w0_normal_pcs,37,2026-01-02 13:00:00+08:00,0.0,0.0,0.0,0.0,0.0,0.0,10.0,0.0,0.0,2.5,1.0,0.0,0,0,5.0,0.0,95.0
4,w0_normal_pcs,38,2026-01-02 14:00:00+08:00,0.0,0.0,0.0,0.0,0.0,0.0,10.0,0.0,0.0,2.5,1.0,0.0,0,0,5.0,0.0,95.0
4,w0_normal_pcs,39,2026-01-02 15:00:00+08:00,0.0,0.0,0.0,0.0,0.0,0.0,10.0,0.0,0.0,0.0,1.0,0.0,0,0,5.0,0.0,95.0
4,w0_normal_pcs,40,2026-01-02 16:00:00+08:00,0.0,0.0,0.0,0.0,0.0,0.0,10.0,0.0,0.0,2.5,1.0,0.0,0,0,5.0,0.0,95.0
4,w0_normal_pcs,41,2026-01-02 17:00:00+08:00,0.0,0.0,0.0,0.0,0.0,0.0,10.0,0.0,0.0,2.5,1.0,0.0,0,0,5.0,0.0,95.0
4,w0_normal_pcs,42,2026-01-02 18:00:00+08:00,0.0,0.0,0.0,0.0,0.0,0.0,10.0,0.0,0.0,2.5,1.0,0.0,0,0,5.0,0.0,95.0
4,w0_normal_pcs,43,2026-01-02 19:00:00+08:00,0.0,0.0,0.0,0.0,0.0,0.0,10.0,0.0,0.0,0.0,1.0,0.0,0,0,5.0,0.0,95.0
4,w0_normal_pcs,44,2026-01-02 20:00:00+08:00,0.0,0.0,0.0,0.0,0.0,0.0,10.0,0.0,0.0,2.5,1.0,0.0,0,0,5.0,0.0,95.0
4,w0_normal_pcs,45,2026-01-02 21:00:00+08:00,0.0,0.0,0.0,0.0,0.0,0.0,10.0,0.0,0.0,0.0,1.0,0.0,0,0,5.0,0.0,95.0
4,w0_normal_pcs,46,2026-01-02 22:00:00+08:00,0.0,0.0,0.0,0.0,0.0,0.0,10.0,0.0,0.0,0.0,1.0,0.0,0,0,5.0,0.0,95.0
4,w0_normal_pcs,47,2026-01-02 23:00:00+08:00,0.0,0.0,0.0,0.0,0.0,0.0,10.0,0.0,0.0,2.5,1.0,0.0,0,0,5.0,0.0,95.0
4,w0_normal_pcs,48,2026-01-03 00:00:00+08:00,0.0,0.0,0.0,0.0,0.0,0.0,10.0,0.0,0.0,2.5,1.0,0.0,0,0,5.0,0.0,95.0
4,w0_normal_pcs,49,2026-01-03 01:00:00+08:00,0.0,0.0,0.0,0.0,0.0,0.0,10.0,0.0,0.0,1.5,1.0,0.0,0,0,5.0,0.0,95.0
4,w0_normal_pcs,50,2026-01-03 02:00:00+08:00,0.0,0.0,0.0,0.0,0.0,0.0,10.0,0.0,0.0,0.0,1.0,0.0,0,0,5.0,0.0,95.0
4,w0_normal_pcs,51,2026-01-03 03:00:00+08:00,0.0,0.0,0.0,0.0,0.0,0.0,10.0,0.0,0.0,0.0,1.0,0.0,0,0,5.0,0.0,95.0
4,w0_normal_pcs,52,2026-01-03 04:00:00+08:00,0.0,0.0,0.0,0.0,0.0,0.0,10.0,0.0,0.0,2.5,1.0,0.0,0,0,5.0,0.0,95.0
4,w0_normal_pcs,53,2026-01-03 05:00:00+08:00,0.0,0.0,0.0,0.0,0.0,0.0,10.0,0.0,0.0,0.0,1.0,0.0,0,0,5.0,0.0,95.0
4,w0_normal_pcs,54,2026-01-03 06:00:00+08:00,0.0,0.0,0.0,0.0,0.0,0.0,10.0,0.0,0.0,2.5,1.0,0.0,0,0,5.0,0.0,95.0
4,w0_normal_pcs,55,2026-01-03 07:00:00+08:00,0.0,0.0,0.0,0.0,0.0,0.0,10.0,0.0,0.0,2.5,1.0,0.0,0,0,5.0,0.0,95.0
4,w0_normal_pcs,56,2026-01-03 08:00:00+08:00,0.0,0.0,0.0,0.0,0.0,0.0,10.0,0.0,0.0,2.5,1.0,0.0,0,0,5.0,0.0,95.0
4,w0_normal_pcs,57,2026-01-03 09:00:00+08:00,0.0,0.0,0.0,0.0,0.0,0.0,10.0,0.0,0.0,2.5,1.0,0.0,0,0,5.0,0.0,95.0
4,w0_normal_pcs,58,2026-01-03 10:00:00+08:00,0.0,0.0,0.0,0.0,0.0,0.0,10.0,0.0,0.0,2.5,1.0,0.0,0,0,5.0,0.0,95.0
4,w0_normal_pcs,59,2026-01-03 11:00:00+08:00,0.0,0.0,0.0,0.0,0.0,0.0,10.0,0.0,0.0,2.5,1.0,0.0,0,0,5.0,0.0,95.0
4,w0_normal_pcs,60,2026-01-03 12:00:00+08:00,0.0,0.0,0.0,0.0,0.0,0.0,10.0,0.0,0.0,0.0,1.0,0.0,0,0,5.0,0.0,95.0
4,w0_normal_pcs,61,2026-01-03 13:00:00+08:00,0.0,0.0,0.0,0.0,0.0,0.0,10.0,0.0,0.0,0.0,1.0,0.0,0,0,5.0,0.0,95.0
4,w0_normal_pcs,62,2026-01-03 14:00:00+08:00,0.0,0.0,0.0,0.0,0.0,0.0,10.0,0.0,0.0,0.0,1.0,0.0,0,0,5.0,0.0,95.0
4,w0_normal_pcs,63,2026-01-03 15:00:00+08:00,0.0,0.0,0.0,0.0,0.0,0.0,10.0,0.0,0.0,0.0,1.0,0.0,0,0,5.0,0.0,95.0
4,w0_normal_pcs,64,2026-01-03 16:00:00+08:00,0.0,0.0,0.0,0.0,0.0,0.0,10.0,0.0,0.0,0.0,1.0,0.0,0,0,5.0,0.0,95.0
4,w0_normal_pcs,65,2026-01-03 17:00:00+08:00,0.0,0.0,0.0,0.0,0.0,0.0,10.0,0.0,0.0,0.0,1.0,0.0,0,0,5.0,0.0,95.0
4,w0_normal_pcs,66,2026-01-03 18:00:00+08:00,0.0,0.0,0.0,0.0,0.0,0.0,10.0,0.0,0.0,2.5,1.0,0.0,0,0,5.0,0.0,95.0
4,w0_normal_pcs,67,2026-01-03 19:00:00+08:00,0.0,0.0,0.0,0.0,0.0,0.0,10.0,0.0,0.0,0.0,1.0,0.0,0,0,5.0,0.0,95.0
4,w0_normal_pcs,68,2026-01-03 20:00:00+08:00,0.0,0.0,0.0,0.0,0.0,0.0,10.0,0.0,0.0,0.0,1.0,0.0,0,0,5.0,0.0,95.0
4,w0_normal_pcs,69,2026-01-03 21:00:00+08:00,0.0,0.0,0.0,0.0,0.0,0.0,10.0,0.0,0.0,0.0,1.0,0.0,0,0,5.0,0.0,95.0
4,w0_normal_pcs,70,2026-01-03 22:00:00+08:00,0.0,0.0,0.0,0.0,0.0,0.0,10.0,0.0,0.0,0.0,1.0,0.0,0,0,5.0,0.0,95.0
4,w0_normal_pcs,71,2026-01-03 23:00:00+08:00,0.0,0.0,0.0,0.0,0.0,0.0,10.0,0.0,0.0,0.0,1.0,0.0,0,0,5.0,0.0,95.0
4,w0_normal_pcs,72,2026-01-04 00:00:00+08:00,0.0,0.0,0.0,0.0,0.0,0.0,10.0,0.0,0.0,0.0,1.0,0.0,0,0,5.0,0.0,95.0
4,w0_normal_pcs,73,2026-01-04 01:00:00+08:00,0.0,0.0,0.0,0.0,0.0,0.0,10.0,0.0,0.0,0.0,1.0,0.0,0,0,5.0,0.0,95.0
4,w0_normal_pcs,74,2026-01-04 02:00:00+08:00,0.0,0.0,0.0,0.0,0.0,0.0,10.0,0.0,0.0,2.5,1.0,0.0,0,0,5.0,0.0,95.0
4,w0_normal_pcs,75,2026-01-04 03:00:00+08:00,0.0,0.0,0.0,0.0,0.0,0.0,10.0,0.0,0.0,0.0,1.0,0.0,0,0,5.0,0.0,95.0
4,w0_normal_pcs,76,2026-01-04 04:00:00+08:00,0.0,0.0,0.0,0.0,0.0,0.0,10.0,0.0,0.0,0.0,1.0,0.0,0,0,5.0,0.0,95.0
4,w0_normal_pcs,77,2026-01-04 05:00:00+08:00,0.0,0.0,0.0,0.0,0.0,0.0,10.0,0.0,0.0,0.0,1.0,0.0,0,0,5.0,0.0,95.0
4,w0_normal_pcs,78,2026-01-04 06:00:00+08:00,0.0,0.0,0.0,0.0,0.0,0.0,10.0,0.0,0.0,0.0,1.0,0.0,0,0,5.0,0.0,95.0
4,w0_normal_pcs,79,2026-01-04 07:00:00+08:00,0.0,0.0,0.0,0.0,0.0,0.0,10.0,0.0,0.0,0.0,1.0,0.0,0,0,5.0,0.0,95.0
4,w0_normal_pcs,80,2026-01-04 08:00:00+08:00,0.0,0.0,0.0,0.0,0.0,0.0,10.0,0.0,0.0,0.0,1.0,0.0,0,0,5.0,0.0,95.0
4,w0_normal_pcs,81,2026-01-04 09:00:00+08:00,0.0,0.0,0.0,0.0,0.0,0.0,10.0,0.0,0.0,1.5,1.0,0.0,0,0,5.0,0.0,95.0
4,w0_normal_pcs,82,2026-01-04 10:00:00+08:00,0.0,0.0,0.0,0.0,0.0,0.0,10.0,0.0,0.0,0.0,1.0,0.0,0,0,5.0,0.0,95.0
4,w0_normal_pcs,83,2026-01-04 11:00:00+08:00,0.0,0.0,0.0,0.0,0.0,0.0,10.0,0.0,0.0,2.5,1.0,0.0,0,0,5.0,0.0,95.0
4,w0_normal_pcs,84,2026-01-04 12:00:00+08:00,0.0,0.0,0.0,0.0,0.0,0.0,10.0,0.0,0.0,0.0,1.0,0.0,0,0,5.0,0.0,95.0
4,w0_normal_pcs,85,2026-01-04 13:00:00+08:00,0.0,0.0,0.0,0.0,0.0,0.0,10.0,0.0,0.0,2.5,1.0,0.0,0,0,5.0,0.0,95.0
4,w0_normal_pcs,86,2026-01-04 14:00:00+08:00,0.0,0.0,0.0,0.0,0.0,0.0,10.0,0.0,0.0,0.0,1.0,0.0,0,0,5.0,0.0,95.0
4,w0_normal_pcs,87,2026-01-04 15:00:00+08:00,0.0,0.0,0.0,0.0,0.0,0.0,10.0,0.0,0.0,2.5,1.0,0.0,0,0,5.0,0.0,95.0
4,w0_normal_pcs,88,2026-01-04 16:00:00+08:00,0.0,0.0,0.0,0.0,0.0,0.0,10.0,0.0,0.0,0.0,1.0,0.0,0,0,5.0,0.0,95.0
4,w0_normal_pcs,89,2026-01-04 17:00:00+08:00,0.0,0.0,0.0,0.0,0.0,0.0,10.0,0.0,0.0,0.0,1.0,0.0,0,0,5.0,0.0,95.0
4,w0_normal_pcs,90,2026-01-04 18:00:00+08:00,0.0,0.0,0.0,0.0,0.0,0.0,10.0,0.0,0.0,0.0,1.0,0.0,0,0,5.0,0.0,95.0
4,w0_normal_pcs,91,2026-01-04 19:00:00+08:00,0.0,0.0,0.0,0.0,0.0,0.0,10.0,0.0,0.0,2.5,1.0,0.0,0,0,5.0,0.0,95.0
4,w0_normal_pcs,92,2026-01-04 20:00:00+08:00,0.0,0.0,0.0,0.0,0.0,0.0,10.0,0.0,0.0,2.5,1.0,0.0,0,0,5.0,0.0,95.0
4,w0_normal_pcs,93,2026-01-04 21:00:00+08:00,0.0,0.0,0.0,0.0,0.0,0.0,10.0,0.0,0.0,2.5,1.0,0.0,0,0,5.0,0.0,95.0
4,w0_normal_pcs,94,2026-01-04 22:00:00+08:00,0.0,0.0,0.0,0.0,0.0,0.0,10.0,0.0,0.0,2.5,1.0,0.0,0,0,5.0,0.0,95.0
4,w0_normal_pcs,95,2026-01-04 23:00:00+08:00,0.0,0.0,0.0,0.0,0.0,0.0,10.0,0.0,0.0,2.5,1.0,0.0,0,0,5.0,0.0,95.0
5,w0_normal_ups,24,2026-01-02 00:00:00+08:00,0.0,0.0,0.0,0.0,0.0,0.0,10.0,0.0,0.0,0.0,1.0,0.0,0,0,5.0,0.0,95.0
5,w0_normal_ups,25,2026-01-02 01:00:00+08:00,0.0,0.0,0.0,0.0,0.0,0.0,10.0,0.0,0.0,0.0,1.0,0.0,0,0,5.0,0.0,95.0
5,w0_normal_ups,26,2026-01-02 02:00:00+08:00,0.0,0.0,0.0,0.0,0.0,0.0,10.0,0.0,0.0,0.0,1.0,0.0,0,0,5.0,0.0,95.0
5,w0_normal_ups,27,2026-01-02 03:00:00+08:00,0.0,0.0,0.0,0.0,0.0,0.0,10.0,0.0,0.0,0.0,1.0,0.0,0,0,5.0,0.0,95.0
5,w0_normal_ups,28,2026-01-02 04:00:00+08:00,0.0,0.0,0.0,0.0,0.0,0.0,10.0,0.0,0.0,0.0,1.0,0.0,0,0,5.0,0.0,95.0
5,w0_normal_ups,29,2026-01-02 05:00:00+08:00,0.0,0.0,0.0,0.0,0.0,0.0,10.0,0.0,0.0,1.5,1.0,0.0,0,0,5.0,0.0,95.0
5,w0_normal_ups,30,2026-01-02 06:00:00+08:00,0.0,0.0,0.0,0.0,0.0,0.0,10.0,0.0,0.0,0.0,1.0,0.0,0,0,5.0,0.0,95.0
5,w0_normal_ups,31,2026-01-02 07:00:00+08:00,0.0,0.0,0.0,0.0,0.0,0.0,10.0,0.0,0.0,0.0,1.0,0.0,0,0,5.0,0.0,95.0
5,w0_normal_ups,32,2026-01-02 08:00:00+08:00,0.0,0.0,0.0,0.0,0.0,0.0,10.0,0.0,0.0,0.0,1.0,0.0,0,0,5.0,0.0,95.0
5,w0_normal_ups,33,2026-01-02 09:00:00+08:00,0.0,0.0,0.0,0.0,0.0,0.0,10.0,0.0,0.0,2.5,1.0,0.0,0,0,5.0,0.0,95.0
5,w0_normal_ups,34,2026-01-02 10:00:00+08:00,0.0,0.0,0.0,0.0,0.0,0.0,10.0,0.0,0.0,0.0,1.0,0.0,0,0,5.0,0.0,95.0
5,w0_normal_ups,35,2026-01-02 11:00:00+08:00,0.0,0.0,0.0,0.0,0.0,0.0,10.0,0.0,0.0,0.0,1.0,0.0,0,0,5.0,0.0,95.0
5,w0_normal_ups,36,2026-01-02 12:00:00+08:00,0.0,0.0,0.0,0.0,0.0,0.0,10.0,0.0,0.0,2.5,1.0,0.0,0,0,5.0,0.0,95.0
5,w0_normal_ups,37,2026-01-02 13:00:00+08:00,0.0,0.0,0.0,0.0,0.0,0.0,10.0,0.0,0.0,2.5,1.0,0.0,0,0,5.0,0.0,95.0
5,w0_normal_ups,38,2026-01-02 14:00:00+08:00,0.0,0.0,0.0,0.0,0.0,0.0,10.0,0.0,0.0,2.5,1.0,0.0,0,0,5.0,0.0,95.0
5,w0_normal_ups,39,2026-01-02 15:00:00+08:00,0.0,0.0,0.0,0.0,0.0,0.0,10.0,0.0,0.0,0.0,1.0,0.0,0,0,5.0,0.0,95.0
5,w0_normal_ups,40,2026-01-02 16:00:00+08:00,0.0,0.0,0.0,0.0,0.0,0.0,10.0,0.0,0.0,2.5,1.0,0.0,0,0,5.0,0.0,95.0
5,w0_normal_ups,41,2026-01-02 17:00:00+08:00,0.0,0.0,0.0,0.0,0.0,0.0,10.0,0.0,0.0,2.5,1.0,0.0,0,0,5.0,0.0,95.0
5,w0_normal_ups,42,2026-01-02 18:00:00+08:00,0.0,0.0,0.0,0.0,0.0,0.0,10.0,0.0,0.0,2.5,1.0,0.0,0,0,5.0,0.0,95.0
5,w0_normal_ups,43,2026-01-02 19:00:00+08:00,0.0,0.0,0.0,0.0,0.0,0.0,10.0,0.0,0.0,0.0,1.0,0.0,0,0,5.0,0.0,95.0
5,w0_normal_ups,44,2026-01-02 20:00:00+08:00,0.0,0.0,0.0,0.0,0.0,0.0,10.0,0.0,0.0,2.5,1.0,0.0,0,0,5.0,0.0,95.0
5,w0_normal_ups,45,2026-01-02 21:00:00+08:00,0.0,0.0,0.0,0.0,0.0,0.0,10.0,0.0,0.0,0.0,1.0,0.0,0,0,5.0,0.0,95.0
5,w0_normal_ups,46,2026-01-02 22:00:00+08:00,0.0,0.0,0.0,0.0,0.0,0.0,10.0,0.0,0.0,0.0,1.0,0.0,0,0,5.0,0.0,95.0
5,w0_normal_ups,47,2026-01-02 23:00:00+08:00,0.0,0.0,0.0,0.0,0.0,0.0,10.0,0.0,0.0,2.5,1.0,0.0,0,0,5.0,0.0,95.0
5,w0_normal_ups,48,2026-01-03 00:00:00+08:00,0.0,0.0,0.0,0.0,0.0,0.0,10.0,0.0,0.0,2.5,1.0,0.0,0,0,5.0,0.0,95.0
5,w0_normal_ups,49,2026-01-03 01:00:00+08:00,0.0,0.0,0.0,0.0,0.0,0.0,10.0,0.0,0.0,1.5,1.0,0.0,0,0,5.0,0.0,95.0
5,w0_normal_ups,50,2026-01-03 02:00:00+08:00,0.0,0.0,0.0,0.0,0.0,0.0,10.0,0.0,0.0,0.0,1.0,0.0,0,0,5.0,0.0,95.0
5,w0_normal_ups,51,2026-01-03 03:00:00+08:00,0.0,0.0,0.0,0.0,0.0,0.0,10.0,0.0,0.0,0.0,1.0,0.0,0,0,5.0,0.0,95.0
5,w0_normal_ups,52,2026-01-03 04:00:00+08:00,0.0,0.0,0.0,0.0,0.0,0.0,10.0,0.0,0.0,2.5,1.0,0.0,0,0,5.0,0.0,95.0
5,w0_normal_ups,53,2026-01-03 05:00:00+08:00,0.0,0.0,0.0,0.0,0.0,0.0,10.0,0.0,0.0,0.0,1.0,0.0,0,0,5.0,0.0,95.0
5,w0_normal_ups,54,2026-01-03 06:00:00+08:00,0.0,0.0,0.0,0.0,0.0,0.0,10.0,0.0,0.0,2.5,1.0,0.0,0,0,5.0,0.0,95.0
5,w0_normal_ups,55,2026-01-03 07:00:00+08:00,0.0,0.0,0.0,0.0,0.0,0.0,10.0,0.0,0.0,2.5,1.0,0.0,0,0,5.0,0.0,95.0
5,w0_normal_ups,56,2026-01-03 08:00:00+08:00,0.0,0.0,0.0,0.0,0.0,0.0,10.0,0.0,0.0,2.5,1.0,0.0,0,0,5.0,0.0,95.0
5,w0_normal_ups,57,2026-01-03 09:00:00+08:00,0.0,0.0,0.0,0.0,0.0,0.0,10.0,0.0,0.0,2.5,1.0,0.0,0,0,5.0,0.0,95.0
5,w0_normal_ups,58,2026-01-03 10:00:00+08:00,0.0,0.0,0.0,0.0,0.0,0.0,10.0,0.0,0.0,2.5,1.0,0.0,0,0,5.0,0.0,95.0
5,w0_normal_ups,59,2026-01-03 11:00:00+08:00,0.0,0.0,0.0,0.0,0.0,0.0,10.0,0.0,0.0,2.5,1.0,0.0,0,0,5.0,0.0,95.0
5,w0_normal_ups,60,2026-01-03 12:00:00+08:00,0.0,0.0,0.0,0.0,0.0,0.0,10.0,0.0,0.0,0.0,1.0,0.0,0,0,5.0,0.0,95.0
5,w0_normal_ups,61,2026-01-03 13:00:00+08:00,0.0,0.0,0.0,0.0,0.0,0.0,10.0,0.0,0.0,0.0,1.0,0.0,0,0,5.0,0.0,95.0
5,w0_normal_ups,62,2026-01-03 14:00:00+08:00,0.0,0.0,0.0,0.0,0.0,0.0,10.0,0.0,0.0,0.0,1.0,0.0,0,0,5.0,0.0,95.0
5,w0_normal_ups,63,2026-01-03 15:00:00+08:00,0.0,0.0,0.0,0.0,0.0,0.0,10.0,0.0,0.0,0.0,1.0,0.0,0,0,5.0,0.0,95.0
5,w0_normal_ups,64,2026-01-03 16:00:00+08:00,0.0,0.0,0.0,0.0,0.0,0.0,10.0,0.0,0.0,0.0,1.0,0.0,0,0,5.0,0.0,95.0
5,w0_normal_ups,65,2026-01-03 17:00:00+08:00,0.0,0.0,0.0,0.0,0.0,0.0,10.0,0.0,0.0,0.0,1.0,0.0,0,0,5.0,0.0,95.0
5,w0_normal_ups,66,2026-01-03 18:00:00+08:00,0.0,0.0,0.0,0.0,0.0,0.0,10.0,0.0,0.0,0.0,1.0,0.0,0,0,5.0,0.0,95.0
5,w0_normal_ups,67,2026-01-03 19:00:00+08:00,0.0,0.0,0.0,0.0,0.0,0.0,10.0,0.0,0.0,0.0,1.0,0.0,0,0,5.0,0.0,95.0
5,w0_normal_ups,68,2026-01-03 20:00:00+08:00,0.0,0.0,0.0,0.0,0.0,0.0,10.0,0.0,0.0,0.0,1.0,0.0,0,0,5.0,0.0,95.0
5,w0_normal_ups,69,2026-01-03 21:00:00+08:00,0.0,0.0,0.0,0.0,0.0,0.0,10.0,0.0,0.0,0.0,1.0,0.0,0,0,5.0,0.0,95.0
5,w0_normal_ups,70,2026-01-03 22:00:00+08:00,0.0,0.0,0.0,0.0,0.0,0.0,10.0,0.0,0.0,2.5,1.0,0.0,0,0,5.0,0.0,95.0
5,w0_normal_ups,71,2026-01-03 23:00:00+08:00,0.0,0.0,0.0,0.0,0.0,0.0,10.0,0.0,0.0,0.0,1.0,0.0,0,0,5.0,0.0,95.0
5,w0_normal_ups,72,2026-01-04 00:00:00+08:00,0.0,0.0,0.0,0.0,0.0,0.0,10.0,0.0,0.0,0.0,1.0,0.0,0,0,5.0,0.0,95.0
5,w0_normal_ups,73,2026-01-04 01:00:00+08:00,0.0,0.0,0.0,0.0,0.0,0.0,10.0,0.0,0.0,0.0,1.0,0.0,0,0,5.0,0.0,95.0
5,w0_normal_ups,74,2026-01-04 02:00:00+08:00,0.0,0.0,0.0,0.0,0.0,0.0,10.0,0.0,0.0,0.0,1.0,0.0,0,0,5.0,0.0,95.0
5,w0_normal_ups,75,2026-01-04 03:00:00+08:00,0.0,0.0,0.0,0.0,0.0,0.0,10.0,0.0,0.0,0.0,1.0,0.0,0,0,5.0,0.0,95.0
5,w0_normal_ups,76,2026-01-04 04:00:00+08:00,0.0,0.0,0.0,0.0,0.0,0.0,10.0,0.0,0.0,0.0,1.0,0.0,0,0,5.0,0.0,95.0
5,w0_normal_ups,77,2026-01-04 05:00:00+08:00,0.0,0.0,0.0,0.0,0.0,0.0,10.0,0.0,0.0,0.0,1.0,0.0,0,0,5.0,0.0,95.0
5,w0_normal_ups,78,2026-01-04 06:00:00+08:00,0.0,0.0,0.0,0.0,0.0,0.0,10.0,0.0,0.0,0.0,1.0,0.0,0,0,5.0,0.0,95.0
5,w0_normal_ups,79,2026-01-04 07:00:00+08:00,0.0,0.0,0.0,0.0,0.0,0.0,10.0,0.0,0.0,0.0,1.0,0.0,0,0,5.0,0.0,95.0
5,w0_normal_ups,80,2026-01-04 08:00:00+08:00,0.0,0.0,0.0,0.0,0.0,0.0,10.0,0.0,0.0,0.0,1.0,0.0,0,0,5.0,0.0,95.0
5,w0_normal_ups,81,2026-01-04 09:00:00+08:00,0.0,0.0,0.0,0.0,0.0,0.0,10.0,0.0,0.0,0.0,1.0,0.0,0,0,5.0,0.0,95.0
5,w0_normal_ups,82,2026-01-04 10:00:00+08:00,0.0,0.0,0.0,0.0,0.0,0.0,10.0,0.0,0.0,0.0,1.0,0.0,0,0,5.0,0.0,95.0
5,w0_normal_ups,83,2026-01-04 11:00:00+08:00,0.0,0.0,0.0,0.0,0.0,0.0,10.0,0.0,0.0,2.5,1.0,0.0,0,0,5.0,0.0,95.0
5,w0_normal_ups,84,2026-01-04 12:00:00+08:00,0.0,0.0,0.0,0.0,0.0,0.0,10.0,0.0,0.0,2.5,1.0,0.0,0,0,5.0,0.0,95.0
5,w0_normal_ups,85,2026-01-04 13:00:00+08:00,0.0,0.0,0.0,0.0,0.0,0.0,10.0,0.0,0.0,2.5,1.0,0.0,0,0,5.0,0.0,95.0
5,w0_normal_ups,86,2026-01-04 14:00:00+08:00,0.0,0.0,0.0,0.0,0.0,0.0,10.0,0.0,0.0,2.5,1.0,0.0,0,0,5.0,0.0,95.0
5,w0_normal_ups,87,2026-01-04 15:00:00+08:00,0.0,0.0,0.0,0.0,0.0,0.0,10.0,0.0,0.0,2.5,1.0,0.0,0,0,5.0,0.0,95.0
5,w0_normal_ups,88,2026-01-04 16:00:00+08:00,0.0,0.0,0.0,0.0,0.0,0.0,10.0,0.0,0.0,0.0,1.0,0.0,0,0,5.0,0.0,95.0
5,w0_normal_ups,89,2026-01-04 17:00:00+08:00,0.0,0.0,0.0,0.0,0.0,0.0,10.0,0.0,0.0,0.0,1.0,0.0,0,0,5.0,0.0,95.0
5,w0_normal_ups,90,2026-01-04 18:00:00+08:00,0.0,0.0,0.0,0.0,0.0,0.0,10.0,0.0,0.0,2.5,1.0,0.0,0,0,5.0,0.0,95.0
5,w0_normal_ups,91,2026-01-04 19:00:00+08:00,0.0,0.0,0.0,0.0,0.0,0.0,10.0,0.0,0.0,2.5,1.0,0.0,0,0,5.0,0.0,95.0
5,w0_normal_ups,92,2026-01-04 20:00:00+08:00,0.0,0.0,0.0,0.0,0.0,0.0,10.0,0.0,0.0,1.5,1.0,0.0,0,0,5.0,0.0,95.0
5,w0_normal_ups,93,2026-01-04 21:00:00+08:00,0.0,0.0,0.0,0.0,0.0,0.0,10.0,0.0,0.0,2.5,1.0,0.0,0,0,5.0,0.0,95.0
5,w0_normal_ups,94,2026-01-04 22:00:00+08:00,0.0,0.0,0.0,0.0,0.0,0.0,10.0,0.0,0.0,0.0,1.0,0.0,0,0,5.0,0.0,95.0
5,w0_normal_ups,95,2026-01-04 23:00:00+08:00,0.0,0.0,0.0,0.0,0.0,0.0,10.0,0.0,0.0,2.5,1.0,0.0,0,0,5.0,0.0,95.0
6,w0_normal_diesel_run,24,2026-01-02 00:00:00+08:00,0.0,0.0,0.0,0.0,0.0,0.0,10.0,0.0,0.0,0.0,1.0,0.0,0,0,5.0,0.0,95.0
6,w0_normal_diesel_run,25,2026-01-02 01:00:00+08:00,0.0,0.0,0.0,0.0,0.0,0.0,10.0,0.0,0.0,0.0,1.0,0.0,0,0,5.0,0.0,95.0
6,w0_normal_diesel_run,26,2026-01-02 02:00:00+08:00,0.0,0.0,0.0,0.0,0.0,0.0,10.0,0.0,0.0,0.0,1.0,0.0,0,0,5.0,0.0,95.0
6,w0_normal_diesel_run,27,2026-01-02 03:00:00+08:00,0.0,0.0,0.0,0.0,0.0,0.0,10.0,0.0,0.0,0.0,1.0,0.0,0,0,5.0,0.0,95.0
6,w0_normal_diesel_run,28,2026-01-02 04:00:00+08:00,0.0,0.0,0.0,0.0,0.0,0.0,10.0,0.0,0.0,0.0,1.0,0.0,0,0,5.0,0.0,95.0
6,w0_normal_diesel_run,29,2026-01-02 05:00:00+08:00,0.0,0.0,0.0,0.0,0.0,0.0,10.0,0.0,0.0,1.5,1.0,0.0,0,0,5.0,0.0,95.0
6,w0_normal_diesel_run,30,2026-01-02 06:00:00+08:00,0.0,0.0,0.0,0.0,0.0,0.0,10.0,0.0,0.0,0.0,1.0,0.0,0,0,5.0,0.0,95.0
6,w0_normal_diesel_run,31,2026-01-02 07:00:00+08:00,0.0,0.0,0.0,0.0,0.0,0.0,10.0,0.0,0.0,0.0,1.0,0.0,0,0,5.0,0.0,95.0
6,w0_normal_diesel_run,32,2026-01-02 08:00:00+08:00,0.0,0.0,0.0,0.0,0.0,0.0,10.0,0.0,0.0,0.0,1.0,0.0,0,0,5.0,0.0,95.0
6,w0_normal_diesel_run,33,2026-01-02 09:00:00+08:00,0.0,0.0,0.0,0.0,0.0,0.0,10.0,0.0,0.0,2.5,1.0,0.0,0,0,5.0,0.0,95.0
6,w0_normal_diesel_run,34,2026-01-02 10:00:00+08:00,0.0,0.0,0.0,0.0,0.0,0.0,10.0,0.0,0.0,0.0,1.0,0.0,0,0,5.0,0.0,95.0
6,w0_normal_diesel_run,35,2026-01-02 11:00:00+08:00,0.0,0.0,0.0,0.0,0.0,0.0,10.0,0.0,0.0,0.0,1.0,0.0,0,0,5.0,0.0,95.0
6,w0_normal_diesel_run,36,2026-01-02 12:00:00+08:00,0.0,0.0,0.0,0.0,0.0,0.0,10.0,0.0,0.0,2.5,1.0,0.0,0,0,5.0,0.0,95.0
6,w0_normal_diesel_run,37,2026-01-02 13:00:00+08:00,0.0,0.0,0.0,0.0,0.0,0.0,10.0,0.0,0.0,2.5,1.0,0.0,0,0,5.0,0.0,95.0
6,w0_normal_diesel_run,38,2026-01-02 14:00:00+08:00,0.0,0.0,0.0,0.0,0.0,0.0,10.0,0.0,0.0,2.5,1.0,0.0,0,0,5.0,0.0,95.0
6,w0_normal_diesel_run,39,2026-01-02 15:00:00+08:00,0.0,0.0,0.0,0.0,0.0,0.0,10.0,0.0,0.0,0.0,1.0,0.0,0,0,5.0,0.0,95.0
6,w0_normal_diesel_run,40,2026-01-02 16:00:00+08:00,0.0,0.0,0.0,0.0,0.0,0.0,10.0,0.0,0.0,2.5,1.0,0.0,0,0,5.0,0.0,95.0
6,w0_normal_diesel_run,41,2026-01-02 17:00:00+08:00,0.0,0.0,0.0,0.0,0.0,0.0,10.0,0.0,0.0,2.5,1.0,0.0,0,0,5.0,0.0,95.0
6,w0_normal_diesel_run,42,2026-01-02 18:00:00+08:00,0.0,0.0,0.0,0.0,0.0,0.0,10.0,0.0,0.0,2.5,1.0,0.0,0,0,5.0,0.0,95.0
6,w0_normal_diesel_run,43,2026-01-02 19:00:00+08:00,0.0,0.0,0.0,0.0,0.0,0.0,10.0,0.0,0.0,0.0,1.0,0.0,0,0,5.0,0.0,95.0
6,w0_normal_diesel_run,44,2026-01-02 20:00:00+08:00,0.0,0.0,0.0,0.0,0.0,0.0,10.0,0.0,0.0,2.5,1.0,0.0,0,0,5.0,0.0,95.0
6,w0_normal_diesel_run,45,2026-01-02 21:00:00+08:00,0.0,0.0,0.0,0.0,0.0,0.0,10.0,0.0,0.0,0.0,1.0,0.0,0,0,5.0,0.0,95.0
6,w0_normal_diesel_run,46,2026-01-02 22:00:00+08:00,0.0,0.0,0.0,0.0,0.0,0.0,10.0,0.0,0.0,0.0,1.0,0.0,0,0,5.0,0.0,95.0
6,w0_normal_diesel_run,47,2026-01-02 23:00:00+08:00,0.0,0.0,0.0,0.0,0.0,0.0,10.0,0.0,0.0,2.5,1.0,0.0,0,0,5.0,0.0,95.0
6,w0_normal_diesel_run,48,2026-01-03 00:00:00+08:00,0.0,0.0,0.0,0.0,0.0,0.0,10.0,0.0,0.0,2.5,1.0,0.0,0,0,5.0,0.0,95.0
6,w0_normal_diesel_run,49,2026-01-03 01:00:00+08:00,0.0,0.0,0.0,0.0,0.0,0.0,10.0,0.0,0.0,1.5,1.0,0.0,0,0,5.0,0.0,95.0
6,w0_normal_diesel_run,50,2026-01-03 02:00:00+08:00,0.0,0.0,0.0,0.0,0.0,0.0,10.0,0.0,0.0,0.0,1.0,0.0,0,0,5.0,0.0,95.0
6,w0_normal_diesel_run,51,2026-01-03 03:00:00+08:00,0.0,0.0,0.0,0.0,0.0,0.0,10.0,0.0,0.0,0.0,1.0,0.0,0,0,5.0,0.0,95.0
6,w0_normal_diesel_run,52,2026-01-03 04:00:00+08:00,0.0,0.0,0.0,0.0,0.0,0.0,10.0,0.0,0.0,2.5,1.0,0.0,0,0,5.0,0.0,95.0
6,w0_normal_diesel_run,53,2026-01-03 05:00:00+08:00,0.0,0.0,0.0,0.0,0.0,0.0,10.0,0.0,0.0,0.0,1.0,0.0,0,0,5.0,0.0,95.0
6,w0_normal_diesel_run,54,2026-01-03 06:00:00+08:00,0.0,0.0,0.0,0.0,0.0,0.0,10.0,0.0,0.0,2.5,1.0,0.0,0,0,5.0,0.0,95.0
6,w0_normal_diesel_run,55,2026-01-03 07:00:00+08:00,0.0,0.0,0.0,0.0,0.0,0.0,10.0,0.0,0.0,2.5,1.0,0.0,0,0,5.0,0.0,95.0
6,w0_normal_diesel_run,56,2026-01-03 08:00:00+08:00,0.0,0.0,0.0,0.0,0.0,0.0,10.0,0.0,0.0,2.5,1.0,0.0,0,0,5.0,0.0,95.0
6,w0_normal_diesel_run,57,2026-01-03 09:00:00+08:00,0.0,0.0,0.0,0.0,0.0,0.0,10.0,0.0,0.0,2.5,1.0,0.0,0,0,5.0,0.0,95.0
6,w0_normal_diesel_run,58,2026-01-03 10:00:00+08:00,0.0,0.0,0.0,0.0,0.0,0.0,10.0,0.0,0.0,2.5,1.0,0.0,0,0,5.0,0.0,95.0
6,w0_normal_diesel_run,59,2026-01-03 11:00:00+08:00,0.0,0.0,0.0,0.0,0.0,0.0,10.0,0.0,0.0,2.5,1.0,0.0,0,0,5.0,0.0,95.0
6,w0_normal_diesel_run,60,2026-01-03 12:00:00+08:00,0.0,0.0,0.0,0.0,0.0,0.0,10.0,0.0,0.0,0.0,1.0,0.0,0,0,5.0,0.0,95.0
6,w0_normal_diesel_run,61,2026-01-03 13:00:00+08:00,0.0,0.0,0.0,0.0,0.0,0.0,10.0,0.0,0.0,0.0,1.0,0.0,0,0,5.0,0.0,95.0
6,w0_normal_diesel_run,62,2026-01-03 14:00:00+08:00,0.0,0.0,0.0,0.0,0.0,0.0,10.0,0.0,0.0,0.0,1.0,0.0,0,0,5.0,0.0,95.0
6,w0_normal_diesel_run,63,2026-01-03 15:00:00+08:00,0.0,0.0,0.0,0.0,0.0,0.0,10.0,0.0,0.0,0.0,1.0,0.0,0,0,5.0,0.0,95.0
6,w0_normal_diesel_run,64,2026-01-03 16:00:00+08:00,0.0,0.0,0.0,0.0,0.0,0.0,10.0,0.0,0.0,0.0,1.0,0.0,0,0,5.0,0.0,95.0
6,w0_normal_diesel_run,65,2026-01-03 17:00:00+08:00,0.0,0.0,0.0,0.0,0.0,0.0,10.0,0.0,0.0,0.0,1.0,0.0,0,0,5.0,0.0,95.0
6,w0_normal_diesel_run,66,2026-01-03 18:00:00+08:00,0.0,0.0,0.0,0.0,0.0,0.0,10.0,0.0,0.0,0.0,1.0,0.0,0,0,5.0,0.0,95.0
6,w0_normal_diesel_run,67,2026-01-03 19:00:00+08:00,0.0,0.0,0.0,0.0,0.0,0.0,10.0,0.0,0.0,0.0,1.0,0.0,0,0,5.0,0.0,95.0
6,w0_normal_diesel_run,68,2026-01-03 20:00:00+08:00,0.0,0.0,0.0,0.0,0.0,0.0,10.0,0.0,0.0,0.0,1.0,0.0,0,0,5.0,0.0,95.0
6,w0_normal_diesel_run,69,2026-01-03 21:00:00+08:00,0.0,0.0,0.0,0.0,0.0,0.0,10.0,0.0,0.0,0.0,1.0,0.0,0,0,5.0,0.0,95.0
6,w0_normal_diesel_run,70,2026-01-03 22:00:00+08:00,0.0,0.0,0.0,0.0,0.0,0.0,10.0,0.0,0.0,2.5,1.0,0.0,0,0,5.0,0.0,95.0
6,w0_normal_diesel_run,71,2026-01-03 23:00:00+08:00,0.0,0.0,0.0,0.0,0.0,0.0,10.0,0.0,0.0,0.0,1.0,0.0,0,0,5.0,0.0,95.0
6,w0_normal_diesel_run,72,2026-01-04 00:00:00+08:00,0.0,0.0,0.0,0.0,0.0,0.0,10.0,0.0,0.0,0.0,1.0,0.0,0,0,5.0,0.0,95.0
6,w0_normal_diesel_run,73,2026-01-04 01:00:00+08:00,0.0,0.0,0.0,0.0,0.0,0.0,10.0,0.0,0.0,0.0,1.0,0.0,0,0,5.0,0.0,95.0
6,w0_normal_diesel_run,74,2026-01-04 02:00:00+08:00,0.0,0.0,0.0,0.0,0.0,0.0,10.0,0.0,0.0,2.5,1.0,0.0,0,0,5.0,0.0,95.0
6,w0_normal_diesel_run,75,2026-01-04 03:00:00+08:00,0.0,0.0,0.0,0.0,0.0,0.0,10.0,0.0,0.0,2.5,1.0,0.0,0,0,5.0,0.0,95.0
6,w0_normal_diesel_run,76,2026-01-04 04:00:00+08:00,0.0,0.0,0.0,0.0,0.0,0.0,10.0,0.0,0.0,0.0,1.0,0.0,0,0,5.0,0.0,95.0
6,w0_normal_diesel_run,77,2026-01-04 05:00:00+08:00,0.0,0.0,0.0,0.0,0.0,0.0,10.0,0.0,0.0,0.0,1.0,0.0,0,0,5.0,0.0,95.0
6,w0_normal_diesel_run,78,2026-01-04 06:00:00+08:00,0.0,0.0,0.0,0.0,0.0,0.0,10.0,0.0,0.0,0.0,1.0,0.0,0,0,5.0,0.0,95.0
6,w0_normal_diesel_run,79,2026-01-04 07:00:00+08:00,0.0,0.0,0.0,0.0,0.0,0.0,10.0,0.0,0.0,1.5,1.0,0.0,0,0,5.0,0.0,95.0
6,w0_normal_diesel_run,80,2026-01-04 08:00:00+08:00,0.0,0.0,0.0,0.0,0.0,0.0,10.0,0.0,0.0,0.0,1.0,0.0,0,0,5.0,0.0,95.0
6,w0_normal_diesel_run,81,2026-01-04 09:00:00+08:00,0.0,0.0,0.0,0.0,0.0,0.0,10.0,0.0,0.0,2.5,1.0,0.0,0,0,5.0,0.0,95.0
6,w0_normal_diesel_run,82,2026-01-04 10:00:00+08:00,0.0,0.0,0.0,0.0,0.0,0.0,10.0,0.0,0.0,0.0,1.0,0.0,0,0,5.0,0.0,95.0
6,w0_normal_diesel_run,83,2026-01-04 11:00:00+08:00,0.0,0.0,0.0,0.0,0.0,0.0,10.0,0.0,0.0,0.0,1.0,0.0,0,0,5.0,0.0,95.0
6,w0_normal_diesel_run,84,2026-01-04 12:00:00+08:00,0.0,0.0,0.0,0.0,0.0,0.0,10.0,0.0,0.0,2.5,1.0,0.0,0,0,5.0,0.0,95.0
6,w0_normal_diesel_run,85,2026-01-04 13:00:00+08:00,0.0,0.0,0.0,0.0,0.0,0.0,10.0,0.0,0.0,2.5,1.0,0.0,0,0,5.0,0.0,95.0
6,w0_normal_diesel_run,86,2026-01-04 14:00:00+08:00,0.0,0.0,0.0,0.0,0.0,0.0,10.0,0.0,0.0,0.0,1.0,0.0,0,0,5.0,0.0,95.0
6,w0_normal_diesel_run,87,2026-01-04 15:00:00+08:00,0.0,0.0,0.0,0.0,0.0,0.0,10.0,0.0,0.0,0.0,1.0,0.0,0,0,5.0,0.0,95.0
6,w0_normal_diesel_run,88,2026-01-04 16:00:00+08:00,0.0,0.0,0.0,0.0,0.0,0.0,10.0,0.0,0.0,0.0,1.0,0.0,0,0,5.0,0.0,95.0
6,w0_normal_diesel_run,89,2026-01-04 17:00:00+08:00,0.0,0.0,0.0,0.0,0.0,0.0,10.0,0.0,0.0,2.5,1.0,0.0,0,0,5.0,0.0,95.0
6,w0_normal_diesel_run,90,2026-01-04 18:00:00+08:00,0.0,0.0,0.0,0.0,0.0,0.0,10.0,0.0,0.0,2.5,1.0,0.0,0,0,5.0,0.0,95.0
6,w0_normal_diesel_run,91,2026-01-04 19:00:00+08:00,0.0,0.0,0.0,0.0,0.0,0.0,10.0,0.0,0.0,0.0,1.0,0.0,0,0,5.0,0.0,95.0
6,w0_normal_diesel_run,92,2026-01-04 20:00:00+08:00,0.0,0.0,0.0,0.0,0.0,0.0,10.0,0.0,0.0,2.5,1.0,0.0,0,0,5.0,0.0,95.0
6,w0_normal_diesel_run,93,2026-01-04 21:00:00+08:00,0.0,0.0,0.0,0.0,0.0,0.0,10.0,0.0,0.0,0.0,1.0,0.0,0,0,5.0,0.0,95.0
6,w0_normal_diesel_run,94,2026-01-04 22:00:00+08:00,0.0,0.0,0.0,0.0,0.0,0.0,10.0,0.0,0.0,0.0,1.0,0.0,0,0,5.0,0.0,95.0
6,w0_normal_diesel_run,95,2026-01-04 23:00:00+08:00,0.0,0.0,0.0,0.0,0.0,0.0,10.0,0.0,0.0,2.5,1.0,0.0,0,0,5.0,0.0,95.0
7,w0_normal_diesel_start,24,2026-01-02 00:00:00+08:00,0.0,0.0,0.0,0.0,0.0,0.0,10.0,0.0,0.0,0.0,1.0,0.0,0,0,5.0,0.0,95.0
7,w0_normal_diesel_start,25,2026-01-02 01:00:00+08:00,0.0,0.0,0.0,0.0,0.0,0.0,10.0,0.0,0.0,0.0,1.0,0.0,0,0,5.0,0.0,95.0
7,w0_normal_diesel_start,26,2026-01-02 02:00:00+08:00,0.0,0.0,0.0,0.0,0.0,0.0,10.0,0.0,0.0,0.0,1.0,0.0,0,0,5.0,0.0,95.0
7,w0_normal_diesel_start,27,2026-01-02 03:00:00+08:00,0.0,0.0,0.0,0.0,0.0,0.0,10.0,0.0,0.0,0.0,1.0,0.0,0,0,5.0,0.0,95.0
7,w0_normal_diesel_start,28,2026-01-02 04:00:00+08:00,0.0,0.0,0.0,0.0,0.0,0.0,10.0,0.0,0.0,0.0,1.0,0.0,0,0,5.0,0.0,95.0
7,w0_normal_diesel_start,29,2026-01-02 05:00:00+08:00,0.0,0.0,0.0,0.0,0.0,0.0,10.0,0.0,0.0,1.5,1.0,0.0,0,0,5.0,0.0,95.0
7,w0_normal_diesel_start,30,2026-01-02 06:00:00+08:00,0.0,0.0,0.0,0.0,0.0,0.0,10.0,0.0,0.0,0.0,1.0,0.0,0,0,5.0,0.0,95.0
7,w0_normal_diesel_start,31,2026-01-02 07:00:00+08:00,0.0,0.0,0.0,0.0,0.0,0.0,10.0,0.0,0.0,0.0,1.0,0.0,0,0,5.0,0.0,95.0
7,w0_normal_diesel_start,32,2026-01-02 08:00:00+08:00,0.0,0.0,0.0,0.0,0.0,0.0,10.0,0.0,0.0,0.0,1.0,0.0,0,0,5.0,0.0,95.0
7,w0_normal_diesel_start,33,2026-01-02 09:00:00+08:00,0.0,0.0,0.0,0.0,0.0,0.0,10.0,0.0,0.0,2.5,1.0,0.0,0,0,5.0,0.0,95.0
7,w0_normal_diesel_start,34,2026-01-02 10:00:00+08:00,0.0,0.0,0.0,0.0,0.0,0.0,10.0,0.0,0.0,0.0,1.0,0.0,0,0,5.0,0.0,95.0
7,w0_normal_diesel_start,35,2026-01-02 11:00:00+08:00,0.0,0.0,0.0,0.0,0.0,0.0,10.0,0.0,0.0,0.0,1.0,0.0,0,0,5.0,0.0,95.0
7,w0_normal_diesel_start,36,2026-01-02 12:00:00+08:00,0.0,0.0,0.0,0.0,0.0,0.0,10.0,0.0,0.0,2.5,1.0,0.0,0,0,5.0,0.0,95.0
7,w0_normal_diesel_start,37,2026-01-02 13:00:00+08:00,0.0,0.0,0.0,0.0,0.0,0.0,10.0,0.0,0.0,2.5,1.0,0.0,0,0,5.0,0.0,95.0
7,w0_normal_diesel_start,38,2026-01-02 14:00:00+08:00,0.0,0.0,0.0,0.0,0.0,0.0,10.0,0.0,0.0,2.5,1.0,0.0,0,0,5.0,0.0,95.0
7,w0_normal_diesel_start,39,2026-01-02 15:00:00+08:00,0.0,0.0,0.0,0.0,0.0,0.0,10.0,0.0,0.0,0.0,1.0,0.0,0,0,5.0,0.0,95.0
7,w0_normal_diesel_start,40,2026-01-02 16:00:00+08:00,0.0,0.0,0.0,0.0,0.0,0.0,10.0,0.0,0.0,2.5,1.0,0.0,0,0,5.0,0.0,95.0
7,w0_normal_diesel_start,41,2026-01-02 17:00:00+08:00,0.0,0.0,0.0,0.0,0.0,0.0,10.0,0.0,0.0,2.5,1.0,0.0,0,0,5.0,0.0,95.0
7,w0_normal_diesel_start,42,2026-01-02 18:00:00+08:00,0.0,0.0,0.0,0.0,0.0,0.0,10.0,0.0,0.0,2.5,1.0,0.0,0,0,5.0,0.0,95.0
7,w0_normal_diesel_start,43,2026-01-02 19:00:00+08:00,0.0,0.0,0.0,0.0,0.0,0.0,10.0,0.0,0.0,0.0,1.0,0.0,0,0,5.0,0.0,95.0
7,w0_normal_diesel_start,44,2026-01-02 20:00:00+08:00,0.0,0.0,0.0,0.0,0.0,0.0,10.0,0.0,0.0,2.5,1.0,0.0,0,0,5.0,0.0,95.0
7,w0_normal_diesel_start,45,2026-01-02 21:00:00+08:00,0.0,0.0,0.0,0.0,0.0,0.0,10.0,0.0,0.0,0.0,1.0,0.0,0,0,5.0,0.0,95.0
7,w0_normal_diesel_start,46,2026-01-02 22:00:00+08:00,0.0,0.0,0.0,0.0,0.0,0.0,10.0,0.0,0.0,0.0,1.0,0.0,0,0,5.0,0.0,95.0
7,w0_normal_diesel_start,47,2026-01-02 23:00:00+08:00,0.0,0.0,0.0,0.0,0.0,0.0,10.0,0.0,0.0,2.5,1.0,0.0,0,0,5.0,0.0,95.0
7,w0_normal_diesel_start,48,2026-01-03 00:00:00+08:00,0.0,0.0,0.0,0.0,0.0,0.0,10.0,0.0,0.0,2.5,1.0,0.0,0,0,5.0,0.0,95.0
7,w0_normal_diesel_start,49,2026-01-03 01:00:00+08:00,0.0,0.0,0.0,0.0,0.0,0.0,10.0,0.0,0.0,1.5,1.0,0.0,0,0,5.0,0.0,95.0
7,w0_normal_diesel_start,50,2026-01-03 02:00:00+08:00,0.0,0.0,0.0,0.0,0.0,0.0,10.0,0.0,0.0,0.0,1.0,0.0,0,0,5.0,0.0,95.0
7,w0_normal_diesel_start,51,2026-01-03 03:00:00+08:00,0.0,0.0,0.0,0.0,0.0,0.0,10.0,0.0,0.0,0.0,1.0,0.0,0,0,5.0,0.0,95.0
7,w0_normal_diesel_start,52,2026-01-03 04:00:00+08:00,0.0,0.0,0.0,0.0,0.0,0.0,10.0,0.0,0.0,2.5,1.0,0.0,0,0,5.0,0.0,95.0
7,w0_normal_diesel_start,53,2026-01-03 05:00:00+08:00,0.0,0.0,0.0,0.0,0.0,0.0,10.0,0.0,0.0,0.0,1.0,0.0,0,0,5.0,0.0,95.0
7,w0_normal_diesel_start,54,2026-01-03 06:00:00+08:00,0.0,0.0,0.0,0.0,0.0,0.0,10.0,0.0,0.0,2.5,1.0,0.0,0,0,5.0,0.0,95.0
7,w0_normal_diesel_start,55,2026-01-03 07:00:00+08:00,0.0,0.0,0.0,0.0,0.0,0.0,10.0,0.0,0.0,2.5,1.0,0.0,0,0,5.0,0.0,95.0
7,w0_normal_diesel_start,56,2026-01-03 08:00:00+08:00,0.0,0.0,0.0,0.0,0.0,0.0,10.0,0.0,0.0,2.5,1.0,0.0,0,0,5.0,0.0,95.0
7,w0_normal_diesel_start,57,2026-01-03 09:00:00+08:00,0.0,0.0,0.0,0.0,0.0,0.0,10.0,0.0,0.0,2.5,1.0,0.0,0,0,5.0,0.0,95.0
7,w0_normal_diesel_start,58,2026-01-03 10:00:00+08:00,0.0,0.0,0.0,0.0,0.0,0.0,10.0,0.0,0.0,2.5,1.0,0.0,0,0,5.0,0.0,95.0
7,w0_normal_diesel_start,59,2026-01-03 11:00:00+08:00,0.0,0.0,0.0,0.0,0.0,0.0,10.0,0.0,0.0,2.5,1.0,0.0,0,0,5.0,0.0,95.0
7,w0_normal_diesel_start,60,2026-01-03 12:00:00+08:00,0.0,0.0,0.0,0.0,0.0,0.0,10.0,0.0,0.0,0.0,1.0,0.0,0,0,5.0,0.0,95.0
7,w0_normal_diesel_start,61,2026-01-03 13:00:00+08:00,0.0,0.0,0.0,0.0,0.0,0.0,10.0,0.0,0.0,0.0,1.0,0.0,0,0,5.0,0.0,95.0
7,w0_normal_diesel_start,62,2026-01-03 14:00:00+08:00,0.0,0.0,0.0,0.0,0.0,0.0,10.0,0.0,0.0,0.0,1.0,0.0,0,0,5.0,0.0,95.0
7,w0_normal_diesel_start,63,2026-01-03 15:00:00+08:00,0.0,0.0,0.0,0.0,0.0,0.0,10.0,0.0,0.0,0.0,1.0,0.0,0,0,5.0,0.0,95.0
7,w0_normal_diesel_start,64,2026-01-03 16:00:00+08:00,0.0,0.0,0.0,0.0,0.0,0.0,10.0,0.0,0.0,0.0,1.0,0.0,0,0,5.0,0.0,95.0
7,w0_normal_diesel_start,65,2026-01-03 17:00:00+08:00,0.0,0.0,0.0,0.0,0.0,0.0,10.0,0.0,0.0,0.0,1.0,0.0,0,0,5.0,0.0,95.0
7,w0_normal_diesel_start,66,2026-01-03 18:00:00+08:00,0.0,0.0,0.0,0.0,0.0,0.0,10.0,0.0,0.0,0.0,1.0,0.0,0,0,5.0,0.0,95.0
7,w0_normal_diesel_start,67,2026-01-03 19:00:00+08:00,0.0,0.0,0.0,0.0,0.0,0.0,10.0,0.0,0.0,0.0,1.0,0.0,0,0,5.0,0.0,95.0
7,w0_normal_diesel_start,68,2026-01-03 20:00:00+08:00,0.0,0.0,0.0,0.0,0.0,0.0,10.0,0.0,0.0,0.0,1.0,0.0,0,0,5.0,0.0,95.0
7,w0_normal_diesel_start,69,2026-01-03 21:00:00+08:00,0.0,0.0,0.0,0.0,0.0,0.0,10.0,0.0,0.0,0.0,1.0,0.0,0,0,5.0,0.0,95.0
7,w0_normal_diesel_start,70,2026-01-03 22:00:00+08:00,0.0,0.0,0.0,0.0,0.0,0.0,10.0,0.0,0.0,2.5,1.0,0.0,0,0,5.0,0.0,95.0
7,w0_normal_diesel_start,71,2026-01-03 23:00:00+08:00,0.0,0.0,0.0,0.0,0.0,0.0,10.0,0.0,0.0,0.0,1.0,0.0,0,0,5.0,0.0,95.0
7,w0_normal_diesel_start,72,2026-01-04 00:00:00+08:00,0.0,0.0,0.0,0.0,0.0,0.0,10.0,0.0,0.0,0.0,1.0,0.0,0,0,5.0,0.0,95.0
7,w0_normal_diesel_start,73,2026-01-04 01:00:00+08:00,0.0,0.0,0.0,0.0,0.0,0.0,10.0,0.0,0.0,0.0,1.0,0.0,0,0,5.0,0.0,95.0
7,w0_normal_diesel_start,74,2026-01-04 02:00:00+08:00,0.0,0.0,0.0,0.0,0.0,0.0,10.0,0.0,0.0,2.5,1.0,0.0,0,0,5.0,0.0,95.0
7,w0_normal_diesel_start,75,2026-01-04 03:00:00+08:00,0.0,0.0,0.0,0.0,0.0,0.0,10.0,0.0,0.0,2.5,1.0,0.0,0,0,5.0,0.0,95.0
7,w0_normal_diesel_start,76,2026-01-04 04:00:00+08:00,0.0,0.0,0.0,0.0,0.0,0.0,10.0,0.0,0.0,0.0,1.0,0.0,0,0,5.0,0.0,95.0
7,w0_normal_diesel_start,77,2026-01-04 05:00:00+08:00,0.0,0.0,0.0,0.0,0.0,0.0,10.0,0.0,0.0,0.0,1.0,0.0,0,0,5.0,0.0,95.0
7,w0_normal_diesel_start,78,2026-01-04 06:00:00+08:00,0.0,0.0,0.0,0.0,0.0,0.0,10.0,0.0,0.0,0.0,1.0,0.0,0,0,5.0,0.0,95.0
7,w0_normal_diesel_start,79,2026-01-04 07:00:00+08:00,0.0,0.0,0.0,0.0,0.0,0.0,10.0,0.0,0.0,1.5,1.0,0.0,0,0,5.0,0.0,95.0
7,w0_normal_diesel_start,80,2026-01-04 08:00:00+08:00,0.0,0.0,0.0,0.0,0.0,0.0,10.0,0.0,0.0,0.0,1.0,0.0,0,0,5.0,0.0,95.0
7,w0_normal_diesel_start,81,2026-01-04 09:00:00+08:00,0.0,0.0,0.0,0.0,0.0,0.0,10.0,0.0,0.0,2.5,1.0,0.0,0,0,5.0,0.0,95.0
7,w0_normal_diesel_start,82,2026-01-04 10:00:00+08:00,0.0,0.0,0.0,0.0,0.0,0.0,10.0,0.0,0.0,0.0,1.0,0.0,0,0,5.0,0.0,95.0
7,w0_normal_diesel_start,83,2026-01-04 11:00:00+08:00,0.0,0.0,0.0,0.0,0.0,0.0,10.0,0.0,0.0,0.0,1.0,0.0,0,0,5.0,0.0,95.0
7,w0_normal_diesel_start,84,2026-01-04 12:00:00+08:00,0.0,0.0,0.0,0.0,0.0,0.0,10.0,0.0,0.0,2.5,1.0,0.0,0,0,5.0,0.0,95.0
7,w0_normal_diesel_start,85,2026-01-04 13:00:00+08:00,0.0,0.0,0.0,0.0,0.0,0.0,10.0,0.0,0.0,2.5,1.0,0.0,0,0,5.0,0.0,95.0
7,w0_normal_diesel_start,86,2026-01-04 14:00:00+08:00,0.0,0.0,0.0,0.0,0.0,0.0,10.0,0.0,0.0,0.0,1.0,0.0,0,0,5.0,0.0,95.0
7,w0_normal_diesel_start,87,2026-01-04 15:00:00+08:00,0.0,0.0,0.0,0.0,0.0,0.0,10.0,0.0,0.0,0.0,1.0,0.0,0,0,5.0,0.0,95.0
7,w0_normal_diesel_start,88,2026-01-04 16:00:00+08:00,0.0,0.0,0.0,0.0,0.0,0.0,10.0,0.0,0.0,0.0,1.0,0.0,0,0,5.0,0.0,95.0
7,w0_normal_diesel_start,89,2026-01-04 17:00:00+08:00,0.0,0.0,0.0,0.0,0.0,0.0,10.0,0.0,0.0,2.5,1.0,0.0,0,0,5.0,0.0,95.0
7,w0_normal_diesel_start,90,2026-01-04 18:00:00+08:00,0.0,0.0,0.0,0.0,0.0,0.0,10.0,0.0,0.0,2.5,1.0,0.0,0,0,5.0,0.0,95.0
7,w0_normal_diesel_start,91,2026-01-04 19:00:00+08:00,0.0,0.0,0.0,0.0,0.0,0.0,10.0,0.0,0.0,0.0,1.0,0.0,0,0,5.0,0.0,95.0
7,w0_normal_diesel_start,92,2026-01-04 20:00:00+08:00,0.0,0.0,0.0,0.0,0.0,0.0,10.0,0.0,0.0,2.5,1.0,0.0,0,0,5.0,0.0,95.0
7,w0_normal_diesel_start,93,2026-01-04 21:00:00+08:00,0.0,0.0,0.0,0.0,0.0,0.0,10.0,0.0,0.0,0.0,1.0,0.0,0,0,5.0,0.0,95.0
7,w0_normal_diesel_start,94,2026-01-04 22:00:00+08:00,0.0,0.0,0.0,0.0,0.0,0.0,10.0,0.0,0.0,0.0,1.0,0.0,0,0,5.0,0.0,95.0
7,w0_normal_diesel_start,95,2026-01-04 23:00:00+08:00,0.0,0.0,0.0,0.0,0.0,0.0,10.0,0.0,0.0,2.5,1.0,0.0,0,0,5.0,0.0,95.0
8,w0_storm_none,24,2026-01-02 00:00:00+08:00,0.0,0.0,0.0,0.0,0.0,0.0,10.0,0.0,0.0,0.0,1.0,0.0,0,0,5.0,0.0,95.0
8,w0_storm_none,25,2026-01-02 01:00:00+08:00,0.0,0.0,0.0,0.0,0.0,0.0,10.0,0.0,0.0,0.0,1.0,0.0,0,0,5.0,0.0,95.0
8,w0_storm_none,26,2026-01-02 02:00:00+08:00,0.0,0.0,0.0,0.0,0.0,0.0,10.0,0.0,0.0,0.0,1.0,0.0,0,0,5.0,0.0,95.0
8,w0_storm_none,27,2026-01-02 03:00:00+08:00,0.0,0.0,0.0,0.0,0.0,0.0,10.0,0.0,0.0,1.5,1.0,0.0,0,0,5.0,0.0,95.0
8,w0_storm_none,28,2026-01-02 04:00:00+08:00,0.0,0.0,0.0,0.0,0.0,0.0,10.0,0.0,0.0,0.0,1.0,0.0,0,0,5.0,0.0,95.0
8,w0_storm_none,29,2026-01-02 05:00:00+08:00,0.0,0.0,0.0,0.0,0.0,0.0,10.0,0.0,0.0,0.0,1.0,0.0,0,0,5.0,0.0,95.0
8,w0_storm_none,30,2026-01-02 06:00:00+08:00,0.0,0.0,0.0,0.0,0.0,0.0,10.0,0.0,0.0,0.0,1.0,0.0,0,0,5.0,0.0,95.0
8,w0_storm_none,31,2026-01-02 07:00:00+08:00,0.0,0.0,0.0,0.0,0.0,0.0,10.0,0.0,0.0,2.5,1.0,0.0,0,0,5.0,0.0,95.0
8,w0_storm_none,32,2026-01-02 08:00:00+08:00,0.0,0.0,0.0,0.0,0.0,0.0,10.0,0.0,0.0,0.0,1.0,0.0,0,0,5.0,0.0,95.0
8,w0_storm_none,33,2026-01-02 09:00:00+08:00,0.0,0.0,0.0,0.0,0.0,0.0,10.0,0.0,0.0,2.5,1.0,0.0,0,0,5.0,0.0,95.0
8,w0_storm_none,34,2026-01-02 10:00:00+08:00,0.0,0.0,0.0,0.0,0.0,0.0,10.0,0.0,0.0,0.0,1.0,0.0,0,0,5.0,0.0,95.0
8,w0_storm_none,35,2026-01-02 11:00:00+08:00,0.0,0.0,0.0,0.0,0.0,0.0,10.0,0.0,0.0,0.0,1.0,0.0,0,0,5.0,0.0,95.0
8,w0_storm_none,36,2026-01-02 12:00:00+08:00,0.0,0.0,0.0,0.0,0.0,0.0,10.0,0.0,0.0,2.5,1.0,0.0,0,0,5.0,0.0,95.0
8,w0_storm_none,37,2026-01-02 13:00:00+08:00,0.0,0.0,0.0,0.0,0.0,0.0,10.0,0.0,0.0,2.5,1.0,0.0,0,0,5.0,0.0,95.0
8,w0_storm_none,38,2026-01-02 14:00:00+08:00,0.0,0.0,0.0,0.0,0.0,0.0,10.0,0.0,0.0,0.0,1.0,0.0,0,0,5.0,0.0,95.0
8,w0_storm_none,39,2026-01-02 15:00:00+08:00,0.0,0.0,0.0,0.0,0.0,0.0,10.0,0.0,0.0,0.0,1.0,0.0,0,0,5.0,0.0,95.0
8,w0_storm_none,40,2026-01-02 16:00:00+08:00,0.0,0.0,0.0,0.0,0.0,0.0,10.0,0.0,0.0,0.0,1.0,0.0,0,0,5.0,0.0,95.0
8,w0_storm_none,41,2026-01-02 17:00:00+08:00,0.0,0.0,0.0,0.0,0.0,0.0,10.0,0.0,0.0,2.5,1.0,0.0,0,0,5.0,0.0,95.0
8,w0_storm_none,42,2026-01-02 18:00:00+08:00,0.0,0.0,0.0,0.0,0.0,0.0,10.0,0.0,0.0,2.5,1.0,0.0,0,0,5.0,0.0,95.0
8,w0_storm_none,43,2026-01-02 19:00:00+08:00,0.0,0.0,0.0,0.0,0.0,0.0,10.0,0.0,0.0,2.5,1.0,0.0,0,0,5.0,0.0,95.0
8,w0_storm_none,44,2026-01-02 20:00:00+08:00,0.0,0.0,0.0,0.0,0.0,0.0,10.0,0.0,0.0,0.0,1.0,0.0,0,0,5.0,0.0,95.0
8,w0_storm_none,45,2026-01-02 21:00:00+08:00,0.0,0.0,0.0,0.0,0.0,0.0,10.0,0.0,0.0,0.0,1.0,0.0,0,0,5.0,0.0,95.0
8,w0_storm_none,46,2026-01-02 22:00:00+08:00,0.0,0.0,0.0,0.0,0.0,0.0,10.0,0.0,0.0,2.5,1.0,0.0,0,0,5.0,0.0,95.0
8,w0_storm_none,47,2026-01-02 23:00:00+08:00,0.0,0.0,0.0,0.0,0.0,0.0,10.0,0.0,0.0,2.5,1.0,0.0,0,0,5.0,0.0,95.0
8,w0_storm_none,48,2026-01-03 00:00:00+08:00,0.0,0.0,0.0,0.0,0.0,0.0,10.0,0.0,0.0,2.5,1.0,0.0,0,0,5.0,0.0,95.0
8,w0_storm_none,49,2026-01-03 01:00:00+08:00,0.0,0.0,0.0,0.0,0.0,0.0,10.0,0.0,0.0,0.0,1.0,0.0,0,0,5.0,0.0,95.0
8,w0_storm_none,50,2026-01-03 02:00:00+08:00,0.0,0.0,0.0,0.0,0.0,0.0,10.0,0.0,0.0,0.0,1.0,0.0,0,0,5.0,0.0,95.0
8,w0_storm_none,51,2026-01-03 03:00:00+08:00,0.0,0.0,0.0,0.0,0.0,0.0,10.0,0.0,0.0,2.5,1.0,0.0,0,0,5.0,0.0,95.0
8,w0_storm_none,52,2026-01-03 04:00:00+08:00,0.0,0.0,0.0,0.0,0.0,0.0,10.0,0.0,0.0,0.0,1.0,0.0,0,0,5.0,0.0,95.0
8,w0_storm_none,53,2026-01-03 05:00:00+08:00,0.0,0.0,0.0,0.0,0.0,0.0,10.0,0.0,0.0,1.5,1.0,0.0,0,0,5.0,0.0,95.0
8,w0_storm_none,54,2026-01-03 06:00:00+08:00,0.0,0.0,0.0,0.0,0.0,0.0,10.0,0.0,0.0,2.5,1.0,0.0,0,0,5.0,0.0,95.0
8,w0_storm_none,55,2026-01-03 07:00:00+08:00,0.0,0.0,0.0,0.0,0.0,0.0,10.0,0.0,0.0,2.5,1.0,0.0,0,0,5.0,0.0,95.0
8,w0_storm_none,56,2026-01-03 08:00:00+08:00,0.0,0.0,0.0,0.0,0.0,0.0,10.0,0.0,0.0,2.5,1.0,0.0,0,0,5.0,0.0,95.0
8,w0_storm_none,57,2026-01-03 09:00:00+08:00,0.0,0.0,0.0,0.0,0.0,0.0,10.0,0.0,0.0,2.5,1.0,0.0,0,0,5.0,0.0,95.0
8,w0_storm_none,58,2026-01-03 10:00:00+08:00,0.0,0.0,0.0,0.0,0.0,0.0,10.0,0.0,0.0,2.5,1.0,0.0,0,0,5.0,0.0,95.0
8,w0_storm_none,59,2026-01-03 11:00:00+08:00,0.0,0.0,0.0,0.0,0.0,0.0,10.0,0.0,0.0,2.5,1.0,0.0,0,0,5.0,0.0,95.0
8,w0_storm_none,60,2026-01-03 12:00:00+08:00,0.0,0.0,0.0,0.0,0.0,0.0,10.0,0.0,0.0,0.0,1.0,0.0,0,0,5.0,0.0,95.0
8,w0_storm_none,61,2026-01-03 13:00:00+08:00,0.0,0.0,0.0,0.0,0.0,0.0,10.0,0.0,0.0,0.0,1.0,0.0,0,0,5.0,0.0,95.0
8,w0_storm_none,62,2026-01-03 14:00:00+08:00,0.0,0.0,0.0,0.0,0.0,0.0,10.0,0.0,0.0,0.0,1.0,0.0,0,0,5.0,0.0,95.0
8,w0_storm_none,63,2026-01-03 15:00:00+08:00,0.0,0.0,0.0,0.0,0.0,0.0,10.0,0.0,0.0,2.5,1.0,0.0,0,0,5.0,0.0,95.0
8,w0_storm_none,64,2026-01-03 16:00:00+08:00,0.0,0.0,0.0,0.0,0.0,0.0,10.0,0.0,0.0,0.0,1.0,0.0,0,0,5.0,0.0,95.0
8,w0_storm_none,65,2026-01-03 17:00:00+08:00,0.0,0.0,0.0,0.0,0.0,0.0,10.0,0.0,0.0,0.0,1.0,0.0,0,0,5.0,0.0,95.0
8,w0_storm_none,66,2026-01-03 18:00:00+08:00,0.0,0.0,0.0,0.0,0.0,0.0,10.0,0.0,0.0,0.0,1.0,0.0,0,0,5.0,0.0,95.0
8,w0_storm_none,67,2026-01-03 19:00:00+08:00,0.0,0.0,0.0,0.0,0.0,0.0,10.0,0.0,0.0,0.0,1.0,0.0,0,0,5.0,0.0,95.0
8,w0_storm_none,68,2026-01-03 20:00:00+08:00,0.0,0.0,0.0,0.0,0.0,0.0,10.0,0.0,0.0,0.0,1.0,0.0,0,0,5.0,0.0,95.0
8,w0_storm_none,69,2026-01-03 21:00:00+08:00,0.0,0.0,0.0,0.0,0.0,0.0,10.0,0.0,0.0,0.0,1.0,0.0,0,0,5.0,0.0,95.0
8,w0_storm_none,70,2026-01-03 22:00:00+08:00,0.0,0.0,0.0,0.0,0.0,0.0,10.0,0.0,0.0,0.0,1.0,0.0,0,0,5.0,0.0,95.0
8,w0_storm_none,71,2026-01-03 23:00:00+08:00,0.0,0.0,0.0,0.0,0.0,0.0,10.0,0.0,0.0,0.0,1.0,0.0,0,0,5.0,0.0,95.0
8,w0_storm_none,72,2026-01-04 00:00:00+08:00,0.0,0.0,0.0,0.0,0.0,0.0,10.0,0.0,0.0,0.0,1.0,0.0,0,0,5.0,0.0,95.0
8,w0_storm_none,73,2026-01-04 01:00:00+08:00,0.0,0.0,0.0,0.0,0.0,0.0,10.0,0.0,0.0,0.0,1.0,0.0,0,0,5.0,0.0,95.0
8,w0_storm_none,74,2026-01-04 02:00:00+08:00,0.0,0.0,0.0,0.0,0.0,0.0,10.0,0.0,0.0,2.5,1.0,0.0,0,0,5.0,0.0,95.0
8,w0_storm_none,75,2026-01-04 03:00:00+08:00,0.0,0.0,0.0,0.0,0.0,0.0,10.0,0.0,0.0,0.0,1.0,0.0,0,0,5.0,0.0,95.0
8,w0_storm_none,76,2026-01-04 04:00:00+08:00,0.0,0.0,0.0,0.0,0.0,0.0,10.0,0.0,0.0,0.0,1.0,0.0,0,0,5.0,0.0,95.0
8,w0_storm_none,77,2026-01-04 05:00:00+08:00,0.0,0.0,0.0,0.0,0.0,0.0,10.0,0.0,0.0,0.0,1.0,0.0,0,0,5.0,0.0,95.0
8,w0_storm_none,78,2026-01-04 06:00:00+08:00,0.0,0.0,0.0,0.0,0.0,0.0,10.0,0.0,0.0,0.0,1.0,0.0,0,0,5.0,0.0,95.0
8,w0_storm_none,79,2026-01-04 07:00:00+08:00,0.0,0.0,0.0,0.0,0.0,0.0,10.0,0.0,0.0,0.0,1.0,0.0,0,0,5.0,0.0,95.0
8,w0_storm_none,80,2026-01-04 08:00:00+08:00,0.0,0.0,0.0,0.0,0.0,0.0,10.0,0.0,0.0,0.0,1.0,0.0,0,0,5.0,0.0,95.0
8,w0_storm_none,81,2026-01-04 09:00:00+08:00,0.0,0.0,0.0,0.0,0.0,0.0,10.0,0.0,0.0,2.5,1.0,0.0,0,0,5.0,0.0,95.0
8,w0_storm_none,82,2026-01-04 10:00:00+08:00,0.0,0.0,0.0,0.0,0.0,0.0,10.0,0.0,0.0,0.0,1.0,0.0,0,0,5.0,0.0,95.0
8,w0_storm_none,83,2026-01-04 11:00:00+08:00,0.0,0.0,0.0,0.0,0.0,0.0,10.0,0.0,0.0,0.0,1.0,0.0,0,0,5.0,0.0,95.0
8,w0_storm_none,84,2026-01-04 12:00:00+08:00,0.0,0.0,0.0,0.0,0.0,0.0,10.0,0.0,0.0,2.5,1.0,0.0,0,0,5.0,0.0,95.0
8,w0_storm_none,85,2026-01-04 13:00:00+08:00,0.0,0.0,0.0,0.0,0.0,0.0,10.0,0.0,0.0,2.5,1.0,0.0,0,0,5.0,0.0,95.0
8,w0_storm_none,86,2026-01-04 14:00:00+08:00,0.0,0.0,0.0,0.0,0.0,0.0,10.0,0.0,0.0,0.0,1.0,0.0,0,0,5.0,0.0,95.0
8,w0_storm_none,87,2026-01-04 15:00:00+08:00,0.0,0.0,0.0,0.0,0.0,0.0,10.0,0.0,0.0,2.5,1.0,0.0,0,0,5.0,0.0,95.0
8,w0_storm_none,88,2026-01-04 16:00:00+08:00,0.0,0.0,0.0,0.0,0.0,0.0,10.0,0.0,0.0,0.0,1.0,0.0,0,0,5.0,0.0,95.0
8,w0_storm_none,89,2026-01-04 17:00:00+08:00,0.0,0.0,0.0,0.0,0.0,0.0,10.0,0.0,0.0,2.5,1.0,0.0,0,0,5.0,0.0,95.0
8,w0_storm_none,90,2026-01-04 18:00:00+08:00,0.0,0.0,0.0,0.0,0.0,0.0,10.0,0.0,0.0,2.5,1.0,0.0,0,0,5.0,0.0,95.0
8,w0_storm_none,91,2026-01-04 19:00:00+08:00,0.0,0.0,0.0,0.0,0.0,0.0,10.0,0.0,0.0,0.0,1.0,0.0,0,0,5.0,0.0,95.0
8,w0_storm_none,92,2026-01-04 20:00:00+08:00,0.0,0.0,0.0,0.0,0.0,0.0,10.0,0.0,0.0,1.5,1.0,0.0,0,0,5.0,0.0,95.0
8,w0_storm_none,93,2026-01-04 21:00:00+08:00,0.0,0.0,0.0,0.0,0.0,0.0,10.0,0.0,0.0,2.5,1.0,0.0,0,0,5.0,0.0,95.0
8,w0_storm_none,94,2026-01-04 22:00:00+08:00,0.0,0.0,0.0,0.0,0.0,0.0,10.0,0.0,0.0,0.0,1.0,0.0,0,0,5.0,0.0,95.0
8,w0_storm_none,95,2026-01-04 23:00:00+08:00,0.0,0.0,0.0,0.0,0.0,0.0,10.0,0.0,0.0,2.5,1.0,0.0,0,0,5.0,0.0,95.0
9,w0_storm_renewable_bus,24,2026-01-02 00:00:00+08:00,0.0,0.0,0.0,0.0,0.0,0.0,10.0,0.0,0.0,0.0,1.0,0.0,0,0,5.0,0.0,95.0
9,w0_storm_renewable_bus,25,2026-01-02 01:00:00+08:00,0.0,0.0,0.0,0.0,0.0,0.0,10.0,0.0,0.0,0.0,1.0,0.0,0,0,5.0,0.0,95.0
9,w0_storm_renewable_bus,26,2026-01-02 02:00:00+08:00,0.0,0.0,0.0,0.0,0.0,0.0,10.0,0.0,0.0,0.0,1.0,0.0,0,0,5.0,0.0,95.0
9,w0_storm_renewable_bus,27,2026-01-02 03:00:00+08:00,0.0,0.0,0.0,0.0,0.0,0.0,10.0,0.0,0.0,1.5,1.0,0.0,0,0,5.0,0.0,95.0
9,w0_storm_renewable_bus,28,2026-01-02 04:00:00+08:00,0.0,0.0,0.0,0.0,0.0,0.0,10.0,0.0,0.0,0.0,1.0,0.0,0,0,5.0,0.0,95.0
9,w0_storm_renewable_bus,29,2026-01-02 05:00:00+08:00,0.0,0.0,0.0,0.0,0.0,0.0,10.0,0.0,0.0,0.0,1.0,0.0,0,0,5.0,0.0,95.0
9,w0_storm_renewable_bus,30,2026-01-02 06:00:00+08:00,0.0,0.0,0.0,0.0,0.0,0.0,10.0,0.0,0.0,0.0,1.0,0.0,0,0,5.0,0.0,95.0
9,w0_storm_renewable_bus,31,2026-01-02 07:00:00+08:00,0.0,0.0,0.0,0.0,0.0,0.0,10.0,0.0,0.0,2.5,1.0,0.0,0,0,5.0,0.0,95.0
9,w0_storm_renewable_bus,32,2026-01-02 08:00:00+08:00,0.0,0.0,0.0,0.0,0.0,0.0,10.0,0.0,0.0,0.0,1.0,0.0,0,0,5.0,0.0,95.0
9,w0_storm_renewable_bus,33,2026-01-02 09:00:00+08:00,0.0,0.0,0.0,0.0,0.0,0.0,10.0,0.0,0.0,2.5,1.0,0.0,0,0,5.0,0.0,95.0
9,w0_storm_renewable_bus,34,2026-01-02 10:00:00+08:00,0.0,0.0,0.0,0.0,0.0,0.0,10.0,0.0,0.0,0.0,1.0,0.0,0,0,5.0,0.0,95.0
9,w0_storm_renewable_bus,35,2026-01-02 11:00:00+08:00,0.0,0.0,0.0,0.0,0.0,0.0,10.0,0.0,0.0,0.0,1.0,0.0,0,0,5.0,0.0,95.0
9,w0_storm_renewable_bus,36,2026-01-02 12:00:00+08:00,0.0,0.0,0.0,0.0,0.0,0.0,10.0,0.0,0.0,2.5,1.0,0.0,0,0,5.0,0.0,95.0
9,w0_storm_renewable_bus,37,2026-01-02 13:00:00+08:00,0.0,0.0,0.0,0.0,0.0,0.0,10.0,0.0,0.0,2.5,1.0,0.0,0,0,5.0,0.0,95.0
9,w0_storm_renewable_bus,38,2026-01-02 14:00:00+08:00,0.0,0.0,0.0,0.0,0.0,0.0,10.0,0.0,0.0,0.0,1.0,0.0,0,0,5.0,0.0,95.0
9,w0_storm_renewable_bus,39,2026-01-02 15:00:00+08:00,0.0,0.0,0.0,0.0,0.0,0.0,10.0,0.0,0.0,0.0,1.0,0.0,0,0,5.0,0.0,95.0
9,w0_storm_renewable_bus,40,2026-01-02 16:00:00+08:00,0.0,0.0,0.0,0.0,0.0,0.0,10.0,0.0,0.0,0.0,1.0,0.0,0,0,5.0,0.0,95.0
9,w0_storm_renewable_bus,41,2026-01-02 17:00:00+08:00,0.0,0.0,0.0,0.0,0.0,0.0,10.0,0.0,0.0,2.5,1.0,0.0,0,0,5.0,0.0,95.0
9,w0_storm_renewable_bus,42,2026-01-02 18:00:00+08:00,0.0,0.0,0.0,0.0,0.0,0.0,10.0,0.0,0.0,2.5,1.0,0.0,0,0,5.0,0.0,95.0
9,w0_storm_renewable_bus,43,2026-01-02 19:00:00+08:00,0.0,0.0,0.0,0.0,0.0,0.0,10.0,0.0,0.0,2.5,1.0,0.0,0,0,5.0,0.0,95.0
9,w0_storm_renewable_bus,44,2026-01-02 20:00:00+08:00,0.0,0.0,0.0,0.0,0.0,0.0,10.0,0.0,0.0,0.0,1.0,0.0,0,0,5.0,0.0,95.0
9,w0_storm_renewable_bus,45,2026-01-02 21:00:00+08:00,0.0,0.0,0.0,0.0,0.0,0.0,10.0,0.0,0.0,0.0,1.0,0.0,0,0,5.0,0.0,95.0
9,w0_storm_renewable_bus,46,2026-01-02 22:00:00+08:00,0.0,0.0,0.0,0.0,0.0,0.0,10.0,0.0,0.0,2.5,1.0,0.0,0,0,5.0,0.0,95.0
9,w0_storm_renewable_bus,47,2026-01-02 23:00:00+08:00,0.0,0.0,0.0,0.0,0.0,0.0,10.0,0.0,0.0,2.5,1.0,0.0,0,0,5.0,0.0,95.0
9,w0_storm_renewable_bus,48,2026-01-03 00:00:00+08:00,0.0,0.0,0.0,0.0,0.0,0.0,10.0,0.0,0.0,2.5,1.0,0.0,0,0,5.0,0.0,95.0
9,w0_storm_renewable_bus,49,2026-01-03 01:00:00+08:00,0.0,0.0,0.0,0.0,0.0,0.0,10.0,0.0,0.0,0.0,1.0,0.0,0,0,5.0,0.0,95.0
9,w0_storm_renewable_bus,50,2026-01-03 02:00:00+08:00,0.0,0.0,0.0,0.0,0.0,0.0,10.0,0.0,0.0,0.0,1.0,0.0,0,0,5.0,0.0,95.0
9,w0_storm_renewable_bus,51,2026-01-03 03:00:00+08:00,0.0,0.0,0.0,0.0,0.0,0.0,10.0,0.0,0.0,2.5,1.0,0.0,0,0,5.0,0.0,95.0
9,w0_storm_renewable_bus,52,2026-01-03 04:00:00+08:00,0.0,0.0,0.0,0.0,0.0,0.0,10.0,0.0,0.0,0.0,1.0,0.0,0,0,5.0,0.0,95.0
9,w0_storm_renewable_bus,53,2026-01-03 05:00:00+08:00,0.0,0.0,0.0,0.0,0.0,0.0,10.0,0.0,0.0,1.5,1.0,0.0,0,0,5.0,0.0,95.0
9,w0_storm_renewable_bus,54,2026-01-03 06:00:00+08:00,0.0,0.0,0.0,0.0,0.0,0.0,10.0,0.0,0.0,2.5,1.0,0.0,0,0,5.0,0.0,95.0
9,w0_storm_renewable_bus,55,2026-01-03 07:00:00+08:00,0.0,0.0,0.0,0.0,0.0,0.0,10.0,0.0,0.0,2.5,1.0,0.0,0,0,5.0,0.0,95.0
9,w0_storm_renewable_bus,56,2026-01-03 08:00:00+08:00,0.0,0.0,0.0,0.0,0.0,0.0,10.0,0.0,0.0,2.5,1.0,0.0,0,0,5.0,0.0,95.0
9,w0_storm_renewable_bus,57,2026-01-03 09:00:00+08:00,0.0,0.0,0.0,0.0,0.0,0.0,10.0,0.0,0.0,2.5,1.0,0.0,0,0,5.0,0.0,95.0
9,w0_storm_renewable_bus,58,2026-01-03 10:00:00+08:00,0.0,0.0,0.0,0.0,0.0,0.0,10.0,0.0,0.0,2.5,1.0,0.0,0,0,5.0,0.0,95.0
9,w0_storm_renewable_bus,59,2026-01-03 11:00:00+08:00,0.0,0.0,0.0,0.0,0.0,0.0,10.0,0.0,0.0,2.5,1.0,0.0,0,0,5.0,0.0,95.0
9,w0_storm_renewable_bus,60,2026-01-03 12:00:00+08:00,0.0,0.0,0.0,0.0,0.0,0.0,10.0,0.0,0.0,0.0,1.0,0.0,0,0,5.0,0.0,95.0
9,w0_storm_renewable_bus,61,2026-01-03 13:00:00+08:00,0.0,0.0,0.0,0.0,0.0,0.0,10.0,0.0,0.0,2.5,1.0,0.0,0,0,5.0,0.0,95.0
9,w0_storm_renewable_bus,62,2026-01-03 14:00:00+08:00,0.0,0.0,0.0,0.0,0.0,0.0,10.0,0.0,0.0,0.0,1.0,0.0,0,0,5.0,0.0,95.0
9,w0_storm_renewable_bus,63,2026-01-03 15:00:00+08:00,0.0,0.0,0.0,0.0,0.0,0.0,10.0,0.0,0.0,0.0,1.0,0.0,0,0,5.0,0.0,95.0
9,w0_storm_renewable_bus,64,2026-01-03 16:00:00+08:00,0.0,0.0,0.0,0.0,0.0,0.0,10.0,0.0,0.0,0.0,1.0,0.0,0,0,5.0,0.0,95.0
9,w0_storm_renewable_bus,65,2026-01-03 17:00:00+08:00,0.0,0.0,0.0,0.0,0.0,0.0,10.0,0.0,0.0,0.0,1.0,0.0,0,0,5.0,0.0,95.0
9,w0_storm_renewable_bus,66,2026-01-03 18:00:00+08:00,0.0,0.0,0.0,0.0,0.0,0.0,10.0,0.0,0.0,0.0,1.0,0.0,0,0,5.0,0.0,95.0
9,w0_storm_renewable_bus,67,2026-01-03 19:00:00+08:00,0.0,0.0,0.0,0.0,0.0,0.0,10.0,0.0,0.0,0.0,1.0,0.0,0,0,5.0,0.0,95.0
9,w0_storm_renewable_bus,68,2026-01-03 20:00:00+08:00,0.0,0.0,0.0,0.0,0.0,0.0,10.0,0.0,0.0,0.0,1.0,0.0,0,0,5.0,0.0,95.0
9,w0_storm_renewable_bus,69,2026-01-03 21:00:00+08:00,0.0,0.0,0.0,0.0,0.0,0.0,10.0,0.0,0.0,0.0,1.0,0.0,0,0,5.0,0.0,95.0
9,w0_storm_renewable_bus,70,2026-01-03 22:00:00+08:00,0.0,0.0,0.0,0.0,0.0,0.0,10.0,0.0,0.0,0.0,1.0,0.0,0,0,5.0,0.0,95.0
9,w0_storm_renewable_bus,71,2026-01-03 23:00:00+08:00,0.0,0.0,0.0,0.0,0.0,0.0,10.0,0.0,0.0,0.0,1.0,0.0,0,0,5.0,0.0,95.0
9,w0_storm_renewable_bus,72,2026-01-04 00:00:00+08:00,0.0,0.0,0.0,0.0,0.0,0.0,10.0,0.0,0.0,0.0,1.0,0.0,0,0,5.0,0.0,95.0
9,w0_storm_renewable_bus,73,2026-01-04 01:00:00+08:00,0.0,0.0,0.0,0.0,0.0,0.0,10.0,0.0,0.0,0.0,1.0,0.0,0,0,5.0,0.0,95.0
9,w0_storm_renewable_bus,74,2026-01-04 02:00:00+08:00,0.0,0.0,0.0,0.0,0.0,0.0,10.0,0.0,0.0,0.0,1.0,0.0,0,0,5.0,0.0,95.0
9,w0_storm_renewable_bus,75,2026-01-04 03:00:00+08:00,0.0,0.0,0.0,0.0,0.0,0.0,10.0,0.0,0.0,0.0,1.0,0.0,0,0,5.0,0.0,95.0
9,w0_storm_renewable_bus,76,2026-01-04 04:00:00+08:00,0.0,0.0,0.0,0.0,0.0,0.0,10.0,0.0,0.0,0.0,1.0,0.0,0,0,5.0,0.0,95.0
9,w0_storm_renewable_bus,77,2026-01-04 05:00:00+08:00,0.0,0.0,0.0,0.0,0.0,0.0,10.0,0.0,0.0,2.5,1.0,0.0,0,0,5.0,0.0,95.0
9,w0_storm_renewable_bus,78,2026-01-04 06:00:00+08:00,0.0,0.0,0.0,0.0,0.0,0.0,10.0,0.0,0.0,2.5,1.0,0.0,0,0,5.0,0.0,95.0
9,w0_storm_renewable_bus,79,2026-01-04 07:00:00+08:00,0.0,0.0,0.0,0.0,0.0,0.0,10.0,0.0,0.0,0.0,1.0,0.0,0,0,5.0,0.0,95.0
9,w0_storm_renewable_bus,80,2026-01-04 08:00:00+08:00,0.0,0.0,0.0,0.0,0.0,0.0,10.0,0.0,0.0,1.5,1.0,0.0,0,0,5.0,0.0,95.0
9,w0_storm_renewable_bus,81,2026-01-04 09:00:00+08:00,0.0,0.0,0.0,0.0,0.0,0.0,10.0,0.0,0.0,2.5,1.0,0.0,0,0,5.0,0.0,95.0
9,w0_storm_renewable_bus,82,2026-01-04 10:00:00+08:00,0.0,0.0,0.0,0.0,0.0,0.0,10.0,0.0,0.0,0.0,1.0,0.0,0,0,5.0,0.0,95.0
9,w0_storm_renewable_bus,83,2026-01-04 11:00:00+08:00,0.0,0.0,0.0,0.0,0.0,0.0,10.0,0.0,0.0,2.5,1.0,0.0,0,0,5.0,0.0,95.0
9,w0_storm_renewable_bus,84,2026-01-04 12:00:00+08:00,0.0,0.0,0.0,0.0,0.0,0.0,10.0,0.0,0.0,0.0,1.0,0.0,0,0,5.0,0.0,95.0
9,w0_storm_renewable_bus,85,2026-01-04 13:00:00+08:00,0.0,0.0,0.0,0.0,0.0,0.0,10.0,0.0,0.0,2.5,1.0,0.0,0,0,5.0,0.0,95.0
9,w0_storm_renewable_bus,86,2026-01-04 14:00:00+08:00,0.0,0.0,0.0,0.0,0.0,0.0,10.0,0.0,0.0,0.0,1.0,0.0,0,0,5.0,0.0,95.0
9,w0_storm_renewable_bus,87,2026-01-04 15:00:00+08:00,0.0,0.0,0.0,0.0,0.0,0.0,10.0,0.0,0.0,2.5,1.0,0.0,0,0,5.0,0.0,95.0
9,w0_storm_renewable_bus,88,2026-01-04 16:00:00+08:00,0.0,0.0,0.0,0.0,0.0,0.0,10.0,0.0,0.0,0.0,1.0,0.0,0,0,5.0,0.0,95.0
9,w0_storm_renewable_bus,89,2026-01-04 17:00:00+08:00,0.0,0.0,0.0,0.0,0.0,0.0,10.0,0.0,0.0,0.0,1.0,0.0,0,0,5.0,0.0,95.0
9,w0_storm_renewable_bus,90,2026-01-04 18:00:00+08:00,0.0,0.0,0.0,0.0,0.0,0.0,10.0,0.0,0.0,0.0,1.0,0.0,0,0,5.0,0.0,95.0
9,w0_storm_renewable_bus,91,2026-01-04 19:00:00+08:00,0.0,0.0,0.0,0.0,0.0,0.0,10.0,0.0,0.0,2.5,1.0,0.0,0,0,5.0,0.0,95.0
9,w0_storm_renewable_bus,92,2026-01-04 20:00:00+08:00,0.0,0.0,0.0,0.0,0.0,0.0,10.0,0.0,0.0,0.0,1.0,0.0,0,0,5.0,0.0,95.0
9,w0_storm_renewable_bus,93,2026-01-04 21:00:00+08:00,0.0,0.0,0.0,0.0,0.0,0.0,10.0,0.0,0.0,2.5,1.0,0.0,0,0,5.0,0.0,95.0
9,w0_storm_renewable_bus,94,2026-01-04 22:00:00+08:00,0.0,0.0,0.0,0.0,0.0,0.0,10.0,0.0,0.0,0.0,1.0,0.0,0,0,5.0,0.0,95.0
9,w0_storm_renewable_bus,95,2026-01-04 23:00:00+08:00,0.0,0.0,0.0,0.0,0.0,0.0,10.0,0.0,0.0,2.5,1.0,0.0,0,0,5.0,0.0,95.0
10,w0_storm_main_bus,24,2026-01-02 00:00:00+08:00,0.0,0.0,0.0,0.0,0.0,0.0,10.0,0.0,0.0,0.0,1.0,0.0,0,0,5.0,0.0,95.0
10,w0_storm_main_bus,25,2026-01-02 01:00:00+08:00,0.0,0.0,0.0,0.0,0.0,0.0,10.0,0.0,0.0,0.0,1.0,0.0,0,0,5.0,0.0,95.0
10,w0_storm_main_bus,26,2026-01-02 02:00:00+08:00,0.0,0.0,0.0,0.0,0.0,0.0,10.0,0.0,0.0,0.0,1.0,0.0,0,0,5.0,0.0,95.0
10,w0_storm_main_bus,27,2026-01-02 03:00:00+08:00,0.0,0.0,0.0,0.0,0.0,0.0,10.0,0.0,0.0,1.5,1.0,0.0,0,0,5.0,0.0,95.0
10,w0_storm_main_bus,28,2026-01-02 04:00:00+08:00,0.0,0.0,0.0,0.0,0.0,0.0,10.0,0.0,0.0,0.0,1.0,0.0,0,0,5.0,0.0,95.0
10,w0_storm_main_bus,29,2026-01-02 05:00:00+08:00,0.0,0.0,0.0,0.0,0.0,0.0,10.0,0.0,0.0,0.0,1.0,0.0,0,0,5.0,0.0,95.0
10,w0_storm_main_bus,30,2026-01-02 06:00:00+08:00,0.0,0.0,0.0,0.0,0.0,0.0,10.0,0.0,0.0,0.0,1.0,0.0,0,0,5.0,0.0,95.0
10,w0_storm_main_bus,31,2026-01-02 07:00:00+08:00,0.0,0.0,0.0,0.0,0.0,0.0,10.0,0.0,0.0,2.5,1.0,0.0,0,0,5.0,0.0,95.0
10,w0_storm_main_bus,32,2026-01-02 08:00:00+08:00,0.0,0.0,0.0,0.0,0.0,0.0,10.0,0.0,0.0,0.0,1.0,0.0,0,0,5.0,0.0,95.0
10,w0_storm_main_bus,33,2026-01-02 09:00:00+08:00,0.0,0.0,0.0,0.0,0.0,0.0,10.0,0.0,0.0,2.5,1.0,0.0,0,0,5.0,0.0,95.0
10,w0_storm_main_bus,34,2026-01-02 10:00:00+08:00,0.0,0.0,0.0,0.0,0.0,0.0,10.0,0.0,0.0,0.0,1.0,0.0,0,0,5.0,0.0,95.0
10,w0_storm_main_bus,35,2026-01-02 11:00:00+08:00,0.0,0.0,0.0,0.0,0.0,0.0,10.0,0.0,0.0,0.0,1.0,0.0,0,0,5.0,0.0,95.0
10,w0_storm_main_bus,36,2026-01-02 12:00:00+08:00,0.0,0.0,0.0,0.0,0.0,0.0,10.0,0.0,0.0,2.5,1.0,0.0,0,0,5.0,0.0,95.0
10,w0_storm_main_bus,37,2026-01-02 13:00:00+08:00,0.0,0.0,0.0,0.0,0.0,0.0,10.0,0.0,0.0,2.5,1.0,0.0,0,0,5.0,0.0,95.0
10,w0_storm_main_bus,38,2026-01-02 14:00:00+08:00,0.0,0.0,0.0,0.0,0.0,0.0,10.0,0.0,0.0,0.0,1.0,0.0,0,0,5.0,0.0,95.0
10,w0_storm_main_bus,39,2026-01-02 15:00:00+08:00,0.0,0.0,0.0,0.0,0.0,0.0,10.0,0.0,0.0,0.0,1.0,0.0,0,0,5.0,0.0,95.0
10,w0_storm_main_bus,40,2026-01-02 16:00:00+08:00,0.0,0.0,0.0,0.0,0.0,0.0,10.0,0.0,0.0,0.0,1.0,0.0,0,0,5.0,0.0,95.0
10,w0_storm_main_bus,41,2026-01-02 17:00:00+08:00,0.0,0.0,0.0,0.0,0.0,0.0,10.0,0.0,0.0,2.5,1.0,0.0,0,0,5.0,0.0,95.0
10,w0_storm_main_bus,42,2026-01-02 18:00:00+08:00,0.0,0.0,0.0,0.0,0.0,0.0,10.0,0.0,0.0,2.5,1.0,0.0,0,0,5.0,0.0,95.0
10,w0_storm_main_bus,43,2026-01-02 19:00:00+08:00,0.0,0.0,0.0,0.0,0.0,0.0,10.0,0.0,0.0,2.5,1.0,0.0,0,0,5.0,0.0,95.0
10,w0_storm_main_bus,44,2026-01-02 20:00:00+08:00,0.0,0.0,0.0,0.0,0.0,0.0,10.0,0.0,0.0,0.0,1.0,0.0,0,0,5.0,0.0,95.0
10,w0_storm_main_bus,45,2026-01-02 21:00:00+08:00,0.0,0.0,0.0,0.0,0.0,0.0,10.0,0.0,0.0,0.0,1.0,0.0,0,0,5.0,0.0,95.0
10,w0_storm_main_bus,46,2026-01-02 22:00:00+08:00,0.0,0.0,0.0,0.0,0.0,0.0,10.0,0.0,0.0,2.5,1.0,0.0,0,0,5.0,0.0,95.0
10,w0_storm_main_bus,47,2026-01-02 23:00:00+08:00,0.0,0.0,0.0,0.0,0.0,0.0,10.0,0.0,0.0,2.5,1.0,0.0,0,0,5.0,0.0,95.0
10,w0_storm_main_bus,48,2026-01-03 00:00:00+08:00,0.0,0.0,0.0,0.0,0.0,0.0,10.0,0.0,0.0,2.5,1.0,0.0,0,0,5.0,0.0,95.0
10,w0_storm_main_bus,49,2026-01-03 01:00:00+08:00,0.0,0.0,0.0,0.0,0.0,0.0,10.0,0.0,0.0,0.0,1.0,0.0,0,0,5.0,0.0,95.0
10,w0_storm_main_bus,50,2026-01-03 02:00:00+08:00,0.0,0.0,0.0,0.0,0.0,0.0,10.0,0.0,0.0,0.0,1.0,0.0,0,0,5.0,0.0,95.0
10,w0_storm_main_bus,51,2026-01-03 03:00:00+08:00,0.0,0.0,0.0,0.0,0.0,0.0,10.0,0.0,0.0,2.5,1.0,0.0,0,0,5.0,0.0,95.0
10,w0_storm_main_bus,52,2026-01-03 04:00:00+08:00,0.0,0.0,0.0,0.0,0.0,0.0,10.0,0.0,0.0,0.0,1.0,0.0,0,0,5.0,0.0,95.0
10,w0_storm_main_bus,53,2026-01-03 05:00:00+08:00,0.0,0.0,0.0,0.0,0.0,0.0,10.0,0.0,0.0,1.5,1.0,0.0,0,0,5.0,0.0,95.0
10,w0_storm_main_bus,54,2026-01-03 06:00:00+08:00,0.0,0.0,0.0,0.0,0.0,0.0,10.0,0.0,0.0,2.5,1.0,0.0,0,0,5.0,0.0,95.0
10,w0_storm_main_bus,55,2026-01-03 07:00:00+08:00,0.0,0.0,0.0,0.0,0.0,0.0,10.0,0.0,0.0,2.5,1.0,0.0,0,0,5.0,0.0,95.0
10,w0_storm_main_bus,56,2026-01-03 08:00:00+08:00,0.0,0.0,0.0,0.0,0.0,0.0,10.0,0.0,0.0,2.5,1.0,0.0,0,0,5.0,0.0,95.0
10,w0_storm_main_bus,57,2026-01-03 09:00:00+08:00,0.0,0.0,0.0,0.0,0.0,0.0,10.0,0.0,0.0,2.5,1.0,0.0,0,0,5.0,0.0,95.0
10,w0_storm_main_bus,58,2026-01-03 10:00:00+08:00,0.0,0.0,0.0,0.0,0.0,0.0,10.0,0.0,0.0,2.5,1.0,0.0,0,0,5.0,0.0,95.0
10,w0_storm_main_bus,59,2026-01-03 11:00:00+08:00,0.0,0.0,0.0,0.0,0.0,0.0,10.0,0.0,0.0,2.5,1.0,0.0,0,0,5.0,0.0,95.0
10,w0_storm_main_bus,60,2026-01-03 12:00:00+08:00,0.0,0.0,0.0,0.0,0.0,10.0,0.0,20.0,5.0,0.0,0.0,1.0,0,0,0.0,0.0,95.0
10,w0_storm_main_bus,61,2026-01-03 13:00:00+08:00,0.0,0.0,0.0,0.0,0.0,0.0,10.0,0.0,0.0,0.0,1.0,0.0,0,0,5.0,0.0,84.79591836734694
10,w0_storm_main_bus,62,2026-01-03 14:00:00+08:00,0.0,0.0,0.0,0.0,0.0,0.0,10.0,0.0,0.0,2.5,1.0,0.0,0,0,5.0,0.0,84.79591836734558
10,w0_storm_main_bus,63,2026-01-03 15:00:00+08:00,0.0,0.0,0.0,0.0,0.0,0.0,10.0,0.0,0.0,0.0,1.0,0.0,0,0,5.0,0.0,84.79591836734558
10,w0_storm_main_bus,64,2026-01-03 16:00:00+08:00,0.0,0.0,0.0,0.0,0.0,0.0,10.0,0.0,0.0,0.0,1.0,0.0,0,0,5.0,0.0,84.79591836734558
10,w0_storm_main_bus,65,2026-01-03 17:00:00+08:00,0.0,0.0,0.0,0.0,0.0,0.0,10.0,0.0,0.0,0.0,1.0,0.0,0,0,5.0,0.0,84.79591836734558
10,w0_storm_main_bus,66,2026-01-03 18:00:00+08:00,0.0,0.0,0.0,0.0,0.0,0.0,10.0,0.0,0.0,0.0,1.0,0.0,0,0,5.0,0.0,84.79591836734558
10,w0_storm_main_bus,67,2026-01-03 19:00:00+08:00,0.0,0.0,0.0,0.0,0.0,0.0,10.0,0.0,0.0,0.0,1.0,0.0,0,0,5.0,0.0,84.79591836734558
10,w0_storm_main_bus,68,2026-01-03 20:00:00+08:00,0.0,0.0,0.0,0.0,0.0,0.0,10.0,0.0,0.0,0.0,1.0,0.0,0,0,5.0,0.0,84.79591836734558
10,w0_storm_main_bus,69,2026-01-03 21:00:00+08:00,0.0,0.0,0.0,0.0,0.0,0.0,10.0,0.0,0.0,0.0,1.0,0.0,0,0,5.0,0.0,84.79591836734558
10,w0_storm_main_bus,70,2026-01-03 22:00:00+08:00,0.0,0.0,0.0,0.0,0.0,0.0,10.0,0.0,0.0,0.0,1.0,0.0,0,0,5.0,0.0,84.79591836734558
10,w0_storm_main_bus,71,2026-01-03 23:00:00+08:00,0.0,0.0,0.0,0.0,0.0,0.0,10.0,0.0,0.0,0.0,1.0,0.0,0,0,5.0,0.0,84.79591836734558
10,w0_storm_main_bus,72,2026-01-04 00:00:00+08:00,0.0,0.0,0.0,0.0,0.0,0.0,10.0,0.0,0.0,2.5,1.0,0.0,0,0,5.0,0.0,84.79591836734558
10,w0_storm_main_bus,73,2026-01-04 01:00:00+08:00,0.0,0.0,0.0,0.0,0.0,0.0,10.0,0.0,0.0,0.0,1.0,0.0,0,0,5.0,0.0,84.79591836734558
10,w0_storm_main_bus,74,2026-01-04 02:00:00+08:00,0.0,0.0,0.0,0.0,0.0,0.0,10.0,0.0,0.0,0.0,1.0,0.0,0,0,5.0,0.0,84.79591836734558
10,w0_storm_main_bus,75,2026-01-04 03:00:00+08:00,0.0,0.0,0.0,0.0,0.0,0.0,10.0,0.0,0.0,0.0,1.0,0.0,0,0,5.0,0.0,84.79591836734558
10,w0_storm_main_bus,76,2026-01-04 04:00:00+08:00,0.0,0.0,0.0,0.0,0.0,0.0,10.0,0.0,0.0,0.0,1.0,0.0,0,0,5.0,0.0,84.79591836734558
10,w0_storm_main_bus,77,2026-01-04 05:00:00+08:00,0.0,0.0,0.0,0.0,0.0,0.0,10.0,0.0,0.0,0.0,1.0,0.0,0,0,5.0,0.0,84.79591836734558
10,w0_storm_main_bus,78,2026-01-04 06:00:00+08:00,0.0,0.0,0.0,0.0,0.0,0.0,10.0,0.0,0.0,0.0,1.0,0.0,0,0,5.0,0.0,84.79591836734558
10,w0_storm_main_bus,79,2026-01-04 07:00:00+08:00,0.0,0.0,0.0,0.0,0.0,0.0,10.0,0.0,0.0,0.0,1.0,0.0,0,0,5.0,0.0,84.79591836734558
10,w0_storm_main_bus,80,2026-01-04 08:00:00+08:00,0.0,0.0,0.0,0.0,0.0,0.0,10.0,0.0,0.0,0.0,1.0,0.0,0,0,5.0,0.0,84.79591836734558
10,w0_storm_main_bus,81,2026-01-04 09:00:00+08:00,0.0,0.0,0.0,0.0,0.0,0.0,10.0,0.0,0.0,0.0,1.0,0.0,0,0,5.0,0.0,84.79591836734558
10,w0_storm_main_bus,82,2026-01-04 10:00:00+08:00,0.0,0.0,0.0,0.0,0.0,0.0,10.0,0.0,0.0,0.0,1.0,0.0,0,0,5.0,0.0,84.79591836734558
10,w0_storm_main_bus,83,2026-01-04 11:00:00+08:00,0.0,0.0,0.0,0.0,0.0,0.0,10.0,0.0,0.0,2.5,1.0,0.0,0,0,5.0,0.0,84.79591836734558
10,w0_storm_main_bus,84,2026-01-04 12:00:00+08:00,0.0,0.0,0.0,0.0,10.412328196586145,0.0,10.0,0.0,0.0,2.5,1.0,0.0,0,0,5.0,0.0,84.79591836734558
10,w0_storm_main_bus,85,2026-01-04 13:00:00+08:00,0.0,0.0,0.0,0.0,0.0,0.0,10.0,0.0,0.0,2.5,1.0,0.0,0,0,5.0,0.0,95.0
10,w0_storm_main_bus,86,2026-01-04 14:00:00+08:00,0.0,0.0,0.0,0.0,0.0,0.0,10.0,0.0,0.0,0.0,1.0,0.0,0,0,5.0,0.0,95.0
10,w0_storm_main_bus,87,2026-01-04 15:00:00+08:00,0.0,0.0,0.0,0.0,0.0,0.0,10.0,0.0,0.0,2.5,1.0,0.0,0,0,5.0,0.0,95.0
10,w0_storm_main_bus,88,2026-01-04 16:00:00+08:00,0.0,0.0,0.0,0.0,0.0,0.0,10.0,0.0,0.0,0.0,1.0,0.0,0,0,5.0,0.0,95.0
10,w0_storm_main_bus,89,2026-01-04 17:00:00+08:00,0.0,0.0,0.0,0.0,0.0,0.0,10.0,0.0,0.0,0.0,1.0,0.0,0,0,5.0,0.0,95.0
10,w0_storm_main_bus,90,2026-01-04 18:00:00+08:00,0.0,0.0,0.0,0.0,0.0,0.0,10.0,0.0,0.0,1.5,1.0,0.0,0,0,5.0,0.0,95.0
10,w0_storm_main_bus,91,2026-01-04 19:00:00+08:00,0.0,0.0,0.0,0.0,0.0,0.0,10.0,0.0,0.0,2.5,1.0,0.0,0,0,5.0,0.0,95.0
10,w0_storm_main_bus,92,2026-01-04 20:00:00+08:00,0.0,0.0,0.0,0.0,0.0,0.0,10.0,0.0,0.0,2.5,1.0,0.0,0,0,5.0,0.0,95.0
10,w0_storm_main_bus,93,2026-01-04 21:00:00+08:00,0.0,0.0,0.0,0.0,0.0,0.0,10.0,0.0,0.0,2.5,1.0,0.0,0,0,5.0,0.0,95.0
10,w0_storm_main_bus,94,2026-01-04 22:00:00+08:00,0.0,0.0,0.0,0.0,0.0,0.0,10.0,0.0,0.0,0.0,1.0,0.0,0,0,5.0,0.0,95.0
10,w0_storm_main_bus,95,2026-01-04 23:00:00+08:00,0.0,0.0,0.0,0.0,0.0,0.0,10.0,0.0,0.0,2.5,1.0,0.0,0,0,5.0,0.0,95.0
11,w0_storm_compound,24,2026-01-02 00:00:00+08:00,0.0,0.0,0.0,0.0,0.0,0.0,10.0,0.0,0.0,0.0,1.0,0.0,0,0,5.0,0.0,95.0
11,w0_storm_compound,25,2026-01-02 01:00:00+08:00,0.0,0.0,0.0,0.0,0.0,0.0,10.0,0.0,0.0,0.0,1.0,0.0,0,0,5.0,0.0,95.0
11,w0_storm_compound,26,2026-01-02 02:00:00+08:00,0.0,0.0,0.0,0.0,0.0,0.0,10.0,0.0,0.0,0.0,1.0,0.0,0,0,5.0,0.0,95.0
11,w0_storm_compound,27,2026-01-02 03:00:00+08:00,0.0,0.0,0.0,0.0,0.0,0.0,10.0,0.0,0.0,1.5,1.0,0.0,0,0,5.0,0.0,95.0
11,w0_storm_compound,28,2026-01-02 04:00:00+08:00,0.0,0.0,0.0,0.0,0.0,0.0,10.0,0.0,0.0,0.0,1.0,0.0,0,0,5.0,0.0,95.0
11,w0_storm_compound,29,2026-01-02 05:00:00+08:00,0.0,0.0,0.0,0.0,0.0,0.0,10.0,0.0,0.0,0.0,1.0,0.0,0,0,5.0,0.0,95.0
11,w0_storm_compound,30,2026-01-02 06:00:00+08:00,0.0,0.0,0.0,0.0,0.0,0.0,10.0,0.0,0.0,0.0,1.0,0.0,0,0,5.0,0.0,95.0
11,w0_storm_compound,31,2026-01-02 07:00:00+08:00,0.0,0.0,0.0,0.0,0.0,0.0,10.0,0.0,0.0,2.5,1.0,0.0,0,0,5.0,0.0,95.0
11,w0_storm_compound,32,2026-01-02 08:00:00+08:00,0.0,0.0,0.0,0.0,0.0,0.0,10.0,0.0,0.0,0.0,1.0,0.0,0,0,5.0,0.0,95.0
11,w0_storm_compound,33,2026-01-02 09:00:00+08:00,0.0,0.0,0.0,0.0,0.0,0.0,10.0,0.0,0.0,2.5,1.0,0.0,0,0,5.0,0.0,95.0
11,w0_storm_compound,34,2026-01-02 10:00:00+08:00,0.0,0.0,0.0,0.0,0.0,0.0,10.0,0.0,0.0,0.0,1.0,0.0,0,0,5.0,0.0,95.0
11,w0_storm_compound,35,2026-01-02 11:00:00+08:00,0.0,0.0,0.0,0.0,0.0,0.0,10.0,0.0,0.0,0.0,1.0,0.0,0,0,5.0,0.0,95.0
11,w0_storm_compound,36,2026-01-02 12:00:00+08:00,0.0,0.0,0.0,0.0,0.0,0.0,10.0,0.0,0.0,2.5,1.0,0.0,0,0,5.0,0.0,95.0
11,w0_storm_compound,37,2026-01-02 13:00:00+08:00,0.0,0.0,0.0,0.0,0.0,0.0,10.0,0.0,0.0,2.5,1.0,0.0,0,0,5.0,0.0,95.0
11,w0_storm_compound,38,2026-01-02 14:00:00+08:00,0.0,0.0,0.0,0.0,0.0,0.0,10.0,0.0,0.0,0.0,1.0,0.0,0,0,5.0,0.0,95.0
11,w0_storm_compound,39,2026-01-02 15:00:00+08:00,0.0,0.0,0.0,0.0,0.0,0.0,10.0,0.0,0.0,0.0,1.0,0.0,0,0,5.0,0.0,95.0
11,w0_storm_compound,40,2026-01-02 16:00:00+08:00,0.0,0.0,0.0,0.0,0.0,0.0,10.0,0.0,0.0,0.0,1.0,0.0,0,0,5.0,0.0,95.0
11,w0_storm_compound,41,2026-01-02 17:00:00+08:00,0.0,0.0,0.0,0.0,0.0,0.0,10.0,0.0,0.0,2.5,1.0,0.0,0,0,5.0,0.0,95.0
11,w0_storm_compound,42,2026-01-02 18:00:00+08:00,0.0,0.0,0.0,0.0,0.0,0.0,10.0,0.0,0.0,2.5,1.0,0.0,0,0,5.0,0.0,95.0
11,w0_storm_compound,43,2026-01-02 19:00:00+08:00,0.0,0.0,0.0,0.0,0.0,0.0,10.0,0.0,0.0,2.5,1.0,0.0,0,0,5.0,0.0,95.0
11,w0_storm_compound,44,2026-01-02 20:00:00+08:00,0.0,0.0,0.0,0.0,0.0,0.0,10.0,0.0,0.0,0.0,1.0,0.0,0,0,5.0,0.0,95.0
11,w0_storm_compound,45,2026-01-02 21:00:00+08:00,0.0,0.0,0.0,0.0,0.0,0.0,10.0,0.0,0.0,0.0,1.0,0.0,0,0,5.0,0.0,95.0
11,w0_storm_compound,46,2026-01-02 22:00:00+08:00,0.0,0.0,0.0,0.0,0.0,0.0,10.0,0.0,0.0,2.5,1.0,0.0,0,0,5.0,0.0,95.0
11,w0_storm_compound,47,2026-01-02 23:00:00+08:00,0.0,0.0,0.0,0.0,0.0,0.0,10.0,0.0,0.0,2.5,1.0,0.0,0,0,5.0,0.0,95.0
11,w0_storm_compound,48,2026-01-03 00:00:00+08:00,0.0,0.0,0.0,0.0,0.0,0.0,10.0,0.0,0.0,2.5,1.0,0.0,0,0,5.0,0.0,95.0
11,w0_storm_compound,49,2026-01-03 01:00:00+08:00,0.0,0.0,0.0,0.0,0.0,0.0,10.0,0.0,0.0,0.0,1.0,0.0,0,0,5.0,0.0,95.0
11,w0_storm_compound,50,2026-01-03 02:00:00+08:00,0.0,0.0,0.0,0.0,0.0,0.0,10.0,0.0,0.0,0.0,1.0,0.0,0,0,5.0,0.0,95.0
11,w0_storm_compound,51,2026-01-03 03:00:00+08:00,0.0,0.0,0.0,0.0,0.0,0.0,10.0,0.0,0.0,2.5,1.0,0.0,0,0,5.0,0.0,95.0
11,w0_storm_compound,52,2026-01-03 04:00:00+08:00,0.0,0.0,0.0,0.0,0.0,0.0,10.0,0.0,0.0,0.0,1.0,0.0,0,0,5.0,0.0,95.0
11,w0_storm_compound,53,2026-01-03 05:00:00+08:00,0.0,0.0,0.0,0.0,0.0,0.0,10.0,0.0,0.0,1.5,1.0,0.0,0,0,5.0,0.0,95.0
11,w0_storm_compound,54,2026-01-03 06:00:00+08:00,0.0,0.0,0.0,0.0,0.0,0.0,10.0,0.0,0.0,2.5,1.0,0.0,0,0,5.0,0.0,95.0
11,w0_storm_compound,55,2026-01-03 07:00:00+08:00,0.0,0.0,0.0,0.0,0.0,0.0,10.0,0.0,0.0,2.5,1.0,0.0,0,0,5.0,0.0,95.0
11,w0_storm_compound,56,2026-01-03 08:00:00+08:00,0.0,0.0,0.0,0.0,0.0,0.0,10.0,0.0,0.0,2.5,1.0,0.0,0,0,5.0,0.0,95.0
11,w0_storm_compound,57,2026-01-03 09:00:00+08:00,0.0,0.0,0.0,0.0,0.0,0.0,10.0,0.0,0.0,2.5,1.0,0.0,0,0,5.0,0.0,95.0
11,w0_storm_compound,58,2026-01-03 10:00:00+08:00,0.0,0.0,0.0,0.0,0.0,0.0,10.0,0.0,0.0,2.5,1.0,0.0,0,0,5.0,0.0,95.0
11,w0_storm_compound,59,2026-01-03 11:00:00+08:00,0.0,0.0,0.0,0.0,0.0,0.0,10.0,0.0,0.0,2.5,1.0,0.0,0,0,5.0,0.0,95.0
11,w0_storm_compound,60,2026-01-03 12:00:00+08:00,0.0,0.0,0.0,0.0,0.0,0.0,10.0,0.0,0.0,0.0,1.0,0.0,0,0,5.0,0.0,95.0
11,w0_storm_compound,61,2026-01-03 13:00:00+08:00,0.0,0.0,0.0,0.0,0.0,0.0,10.0,0.0,0.0,2.5,1.0,0.0,0,0,5.0,0.0,95.0
11,w0_storm_compound,62,2026-01-03 14:00:00+08:00,0.0,0.0,0.0,0.0,0.0,0.0,10.0,0.0,0.0,0.0,1.0,0.0,0,0,5.0,0.0,95.0
11,w0_storm_compound,63,2026-01-03 15:00:00+08:00,0.0,0.0,0.0,0.0,0.0,0.0,10.0,0.0,0.0,0.0,1.0,0.0,0,0,5.0,0.0,95.0
11,w0_storm_compound,64,2026-01-03 16:00:00+08:00,0.0,0.0,0.0,0.0,0.0,0.0,10.0,0.0,0.0,0.0,1.0,0.0,0,0,5.0,0.0,95.0
11,w0_storm_compound,65,2026-01-03 17:00:00+08:00,0.0,0.0,0.0,0.0,0.0,0.0,10.0,0.0,0.0,0.0,1.0,0.0,0,0,5.0,0.0,95.0
11,w0_storm_compound,66,2026-01-03 18:00:00+08:00,0.0,0.0,0.0,0.0,0.0,0.0,10.0,0.0,0.0,0.0,1.0,0.0,0,0,5.0,0.0,95.0
11,w0_storm_compound,67,2026-01-03 19:00:00+08:00,0.0,0.0,0.0,0.0,0.0,0.0,10.0,0.0,0.0,0.0,1.0,0.0,0,0,5.0,0.0,95.0
11,w0_storm_compound,68,2026-01-03 20:00:00+08:00,0.0,0.0,0.0,0.0,0.0,0.0,10.0,0.0,0.0,0.0,1.0,0.0,0,0,5.0,0.0,95.0
11,w0_storm_compound,69,2026-01-03 21:00:00+08:00,0.0,0.0,0.0,0.0,0.0,0.0,10.0,0.0,0.0,0.0,1.0,0.0,0,0,5.0,0.0,95.0
11,w0_storm_compound,70,2026-01-03 22:00:00+08:00,0.0,0.0,0.0,0.0,0.0,0.0,10.0,0.0,0.0,0.0,1.0,0.0,0,0,5.0,0.0,95.0
11,w0_storm_compound,71,2026-01-03 23:00:00+08:00,0.0,0.0,0.0,0.0,0.0,0.0,10.0,0.0,0.0,0.0,1.0,0.0,0,0,5.0,0.0,95.0
11,w0_storm_compound,72,2026-01-04 00:00:00+08:00,0.0,0.0,0.0,0.0,0.0,0.0,10.0,0.0,0.0,0.0,1.0,0.0,0,0,5.0,0.0,95.0
11,w0_storm_compound,73,2026-01-04 01:00:00+08:00,0.0,0.0,0.0,0.0,0.0,0.0,10.0,0.0,0.0,0.0,1.0,0.0,0,0,5.0,0.0,95.0
11,w0_storm_compound,74,2026-01-04 02:00:00+08:00,0.0,0.0,0.0,0.0,0.0,0.0,10.0,0.0,0.0,0.0,1.0,0.0,0,0,5.0,0.0,95.0
11,w0_storm_compound,75,2026-01-04 03:00:00+08:00,0.0,0.0,0.0,0.0,0.0,0.0,10.0,0.0,0.0,0.0,1.0,0.0,0,0,5.0,0.0,95.0
11,w0_storm_compound,76,2026-01-04 04:00:00+08:00,0.0,0.0,0.0,0.0,0.0,0.0,10.0,0.0,0.0,0.0,1.0,0.0,0,0,5.0,0.0,95.0
11,w0_storm_compound,77,2026-01-04 05:00:00+08:00,0.0,0.0,0.0,0.0,0.0,0.0,10.0,0.0,0.0,2.5,1.0,0.0,0,0,5.0,0.0,95.0
11,w0_storm_compound,78,2026-01-04 06:00:00+08:00,0.0,0.0,0.0,0.0,0.0,0.0,10.0,0.0,0.0,2.5,1.0,0.0,0,0,5.0,0.0,95.0
11,w0_storm_compound,79,2026-01-04 07:00:00+08:00,0.0,0.0,0.0,0.0,0.0,0.0,10.0,0.0,0.0,0.0,1.0,0.0,0,0,5.0,0.0,95.0
11,w0_storm_compound,80,2026-01-04 08:00:00+08:00,0.0,0.0,0.0,0.0,0.0,0.0,10.0,0.0,0.0,1.5,1.0,0.0,0,0,5.0,0.0,95.0
11,w0_storm_compound,81,2026-01-04 09:00:00+08:00,0.0,0.0,0.0,0.0,0.0,0.0,10.0,0.0,0.0,2.5,1.0,0.0,0,0,5.0,0.0,95.0
11,w0_storm_compound,82,2026-01-04 10:00:00+08:00,0.0,0.0,0.0,0.0,0.0,0.0,10.0,0.0,0.0,0.0,1.0,0.0,0,0,5.0,0.0,95.0
11,w0_storm_compound,83,2026-01-04 11:00:00+08:00,0.0,0.0,0.0,0.0,0.0,0.0,10.0,0.0,0.0,2.5,1.0,0.0,0,0,5.0,0.0,95.0
11,w0_storm_compound,84,2026-01-04 12:00:00+08:00,0.0,0.0,0.0,0.0,0.0,0.0,10.0,0.0,0.0,0.0,1.0,0.0,0,0,5.0,0.0,95.0
11,w0_storm_compound,85,2026-01-04 13:00:00+08:00,0.0,0.0,0.0,0.0,0.0,0.0,10.0,0.0,0.0,2.5,1.0,0.0,0,0,5.0,0.0,95.0
11,w0_storm_compound,86,2026-01-04 14:00:00+08:00,0.0,0.0,0.0,0.0,0.0,0.0,10.0,0.0,0.0,0.0,1.0,0.0,0,0,5.0,0.0,95.0
11,w0_storm_compound,87,2026-01-04 15:00:00+08:00,0.0,0.0,0.0,0.0,0.0,0.0,10.0,0.0,0.0,2.5,1.0,0.0,0,0,5.0,0.0,95.0
11,w0_storm_compound,88,2026-01-04 16:00:00+08:00,0.0,0.0,0.0,0.0,0.0,0.0,10.0,0.0,0.0,0.0,1.0,0.0,0,0,5.0,0.0,95.0
11,w0_storm_compound,89,2026-01-04 17:00:00+08:00,0.0,0.0,0.0,0.0,0.0,0.0,10.0,0.0,0.0,0.0,1.0,0.0,0,0,5.0,0.0,95.0
11,w0_storm_compound,90,2026-01-04 18:00:00+08:00,0.0,0.0,0.0,0.0,0.0,0.0,10.0,0.0,0.0,0.0,1.0,0.0,0,0,5.0,0.0,95.0
11,w0_storm_compound,91,2026-01-04 19:00:00+08:00,0.0,0.0,0.0,0.0,0.0,0.0,10.0,0.0,0.0,2.5,1.0,0.0,0,0,5.0,0.0,95.0
11,w0_storm_compound,92,2026-01-04 20:00:00+08:00,0.0,0.0,0.0,0.0,0.0,0.0,10.0,0.0,0.0,0.0,1.0,0.0,0,0,5.0,0.0,95.0
11,w0_storm_compound,93,2026-01-04 21:00:00+08:00,0.0,0.0,0.0,0.0,0.0,0.0,10.0,0.0,0.0,2.5,1.0,0.0,0,0,5.0,0.0,95.0
11,w0_storm_compound,94,2026-01-04 22:00:00+08:00,0.0,0.0,0.0,0.0,0.0,0.0,10.0,0.0,0.0,0.0,1.0,0.0,0,0,5.0,0.0,95.0
11,w0_storm_compound,95,2026-01-04 23:00:00+08:00,0.0,0.0,0.0,0.0,0.0,0.0,10.0,0.0,0.0,2.5,1.0,0.0,0,0,5.0,0.0,95.0
12,w0_storm_pcs,24,2026-01-02 00:00:00+08:00,0.0,0.0,0.0,0.0,0.0,0.0,10.0,0.0,0.0,0.0,1.0,0.0,0,0,5.0,0.0,95.0
12,w0_storm_pcs,25,2026-01-02 01:00:00+08:00,0.0,0.0,0.0,0.0,0.0,0.0,10.0,0.0,0.0,0.0,1.0,0.0,0,0,5.0,0.0,95.0
12,w0_storm_pcs,26,2026-01-02 02:00:00+08:00,0.0,0.0,0.0,0.0,0.0,0.0,10.0,0.0,0.0,0.0,1.0,0.0,0,0,5.0,0.0,95.0
12,w0_storm_pcs,27,2026-01-02 03:00:00+08:00,0.0,0.0,0.0,0.0,0.0,0.0,10.0,0.0,0.0,1.5,1.0,0.0,0,0,5.0,0.0,95.0
12,w0_storm_pcs,28,2026-01-02 04:00:00+08:00,0.0,0.0,0.0,0.0,0.0,0.0,10.0,0.0,0.0,0.0,1.0,0.0,0,0,5.0,0.0,95.0
12,w0_storm_pcs,29,2026-01-02 05:00:00+08:00,0.0,0.0,0.0,0.0,0.0,0.0,10.0,0.0,0.0,0.0,1.0,0.0,0,0,5.0,0.0,95.0
12,w0_storm_pcs,30,2026-01-02 06:00:00+08:00,0.0,0.0,0.0,0.0,0.0,0.0,10.0,0.0,0.0,0.0,1.0,0.0,0,0,5.0,0.0,95.0
12,w0_storm_pcs,31,2026-01-02 07:00:00+08:00,0.0,0.0,0.0,0.0,0.0,0.0,10.0,0.0,0.0,2.5,1.0,0.0,0,0,5.0,0.0,95.0
12,w0_storm_pcs,32,2026-01-02 08:00:00+08:00,0.0,0.0,0.0,0.0,0.0,0.0,10.0,0.0,0.0,0.0,1.0,0.0,0,0,5.0,0.0,95.0
12,w0_storm_pcs,33,2026-01-02 09:00:00+08:00,0.0,0.0,0.0,0.0,0.0,0.0,10.0,0.0,0.0,2.5,1.0,0.0,0,0,5.0,0.0,95.0
12,w0_storm_pcs,34,2026-01-02 10:00:00+08:00,0.0,0.0,0.0,0.0,0.0,0.0,10.0,0.0,0.0,0.0,1.0,0.0,0,0,5.0,0.0,95.0
12,w0_storm_pcs,35,2026-01-02 11:00:00+08:00,0.0,0.0,0.0,0.0,0.0,0.0,10.0,0.0,0.0,0.0,1.0,0.0,0,0,5.0,0.0,95.0
12,w0_storm_pcs,36,2026-01-02 12:00:00+08:00,0.0,0.0,0.0,0.0,0.0,0.0,10.0,0.0,0.0,2.5,1.0,0.0,0,0,5.0,0.0,95.0
12,w0_storm_pcs,37,2026-01-02 13:00:00+08:00,0.0,0.0,0.0,0.0,0.0,0.0,10.0,0.0,0.0,2.5,1.0,0.0,0,0,5.0,0.0,95.0
12,w0_storm_pcs,38,2026-01-02 14:00:00+08:00,0.0,0.0,0.0,0.0,0.0,0.0,10.0,0.0,0.0,0.0,1.0,0.0,0,0,5.0,0.0,95.0
12,w0_storm_pcs,39,2026-01-02 15:00:00+08:00,0.0,0.0,0.0,0.0,0.0,0.0,10.0,0.0,0.0,0.0,1.0,0.0,0,0,5.0,0.0,95.0
12,w0_storm_pcs,40,2026-01-02 16:00:00+08:00,0.0,0.0,0.0,0.0,0.0,0.0,10.0,0.0,0.0,0.0,1.0,0.0,0,0,5.0,0.0,95.0
12,w0_storm_pcs,41,2026-01-02 17:00:00+08:00,0.0,0.0,0.0,0.0,0.0,0.0,10.0,0.0,0.0,2.5,1.0,0.0,0,0,5.0,0.0,95.0
12,w0_storm_pcs,42,2026-01-02 18:00:00+08:00,0.0,0.0,0.0,0.0,0.0,0.0,10.0,0.0,0.0,2.5,1.0,0.0,0,0,5.0,0.0,95.0
12,w0_storm_pcs,43,2026-01-02 19:00:00+08:00,0.0,0.0,0.0,0.0,0.0,0.0,10.0,0.0,0.0,2.5,1.0,0.0,0,0,5.0,0.0,95.0
12,w0_storm_pcs,44,2026-01-02 20:00:00+08:00,0.0,0.0,0.0,0.0,0.0,0.0,10.0,0.0,0.0,0.0,1.0,0.0,0,0,5.0,0.0,95.0
12,w0_storm_pcs,45,2026-01-02 21:00:00+08:00,0.0,0.0,0.0,0.0,0.0,0.0,10.0,0.0,0.0,0.0,1.0,0.0,0,0,5.0,0.0,95.0
12,w0_storm_pcs,46,2026-01-02 22:00:00+08:00,0.0,0.0,0.0,0.0,0.0,0.0,10.0,0.0,0.0,2.5,1.0,0.0,0,0,5.0,0.0,95.0
12,w0_storm_pcs,47,2026-01-02 23:00:00+08:00,0.0,0.0,0.0,0.0,0.0,0.0,10.0,0.0,0.0,2.5,1.0,0.0,0,0,5.0,0.0,95.0
12,w0_storm_pcs,48,2026-01-03 00:00:00+08:00,0.0,0.0,0.0,0.0,0.0,0.0,10.0,0.0,0.0,2.5,1.0,0.0,0,0,5.0,0.0,95.0
12,w0_storm_pcs,49,2026-01-03 01:00:00+08:00,0.0,0.0,0.0,0.0,0.0,0.0,10.0,0.0,0.0,0.0,1.0,0.0,0,0,5.0,0.0,95.0
12,w0_storm_pcs,50,2026-01-03 02:00:00+08:00,0.0,0.0,0.0,0.0,0.0,0.0,10.0,0.0,0.0,0.0,1.0,0.0,0,0,5.0,0.0,95.0
12,w0_storm_pcs,51,2026-01-03 03:00:00+08:00,0.0,0.0,0.0,0.0,0.0,0.0,10.0,0.0,0.0,2.5,1.0,0.0,0,0,5.0,0.0,95.0
12,w0_storm_pcs,52,2026-01-03 04:00:00+08:00,0.0,0.0,0.0,0.0,0.0,0.0,10.0,0.0,0.0,0.0,1.0,0.0,0,0,5.0,0.0,95.0
12,w0_storm_pcs,53,2026-01-03 05:00:00+08:00,0.0,0.0,0.0,0.0,0.0,0.0,10.0,0.0,0.0,1.5,1.0,0.0,0,0,5.0,0.0,95.0
12,w0_storm_pcs,54,2026-01-03 06:00:00+08:00,0.0,0.0,0.0,0.0,0.0,0.0,10.0,0.0,0.0,2.5,1.0,0.0,0,0,5.0,0.0,95.0
12,w0_storm_pcs,55,2026-01-03 07:00:00+08:00,0.0,0.0,0.0,0.0,0.0,0.0,10.0,0.0,0.0,2.5,1.0,0.0,0,0,5.0,0.0,95.0
12,w0_storm_pcs,56,2026-01-03 08:00:00+08:00,0.0,0.0,0.0,0.0,0.0,0.0,10.0,0.0,0.0,2.5,1.0,0.0,0,0,5.0,0.0,95.0
12,w0_storm_pcs,57,2026-01-03 09:00:00+08:00,0.0,0.0,0.0,0.0,0.0,0.0,10.0,0.0,0.0,2.5,1.0,0.0,0,0,5.0,0.0,95.0
12,w0_storm_pcs,58,2026-01-03 10:00:00+08:00,0.0,0.0,0.0,0.0,0.0,0.0,10.0,0.0,0.0,2.5,1.0,0.0,0,0,5.0,0.0,95.0
12,w0_storm_pcs,59,2026-01-03 11:00:00+08:00,0.0,0.0,0.0,0.0,0.0,0.0,10.0,0.0,0.0,2.5,1.0,0.0,0,0,5.0,0.0,95.0
12,w0_storm_pcs,60,2026-01-03 12:00:00+08:00,0.0,0.0,0.0,0.0,0.0,0.0,10.0,0.0,0.0,0.0,1.0,0.0,0,0,5.0,0.0,95.0
12,w0_storm_pcs,61,2026-01-03 13:00:00+08:00,0.0,0.0,0.0,0.0,0.0,0.0,10.0,0.0,0.0,0.0,1.0,0.0,0,0,5.0,0.0,95.0
12,w0_storm_pcs,62,2026-01-03 14:00:00+08:00,0.0,0.0,0.0,0.0,0.0,0.0,10.0,0.0,0.0,0.0,1.0,0.0,0,0,5.0,0.0,95.0
12,w0_storm_pcs,63,2026-01-03 15:00:00+08:00,0.0,0.0,0.0,0.0,0.0,0.0,10.0,0.0,0.0,0.0,1.0,0.0,0,0,5.0,0.0,95.0
12,w0_storm_pcs,64,2026-01-03 16:00:00+08:00,0.0,0.0,0.0,0.0,0.0,0.0,10.0,0.0,0.0,0.0,1.0,0.0,0,0,5.0,0.0,95.0
12,w0_storm_pcs,65,2026-01-03 17:00:00+08:00,0.0,0.0,0.0,0.0,0.0,0.0,10.0,0.0,0.0,0.0,1.0,0.0,0,0,5.0,0.0,95.0
12,w0_storm_pcs,66,2026-01-03 18:00:00+08:00,0.0,0.0,0.0,0.0,0.0,0.0,10.0,0.0,0.0,0.0,1.0,0.0,0,0,5.0,0.0,95.0
12,w0_storm_pcs,67,2026-01-03 19:00:00+08:00,0.0,0.0,0.0,0.0,0.0,0.0,10.0,0.0,0.0,0.0,1.0,0.0,0,0,5.0,0.0,95.0
12,w0_storm_pcs,68,2026-01-03 20:00:00+08:00,0.0,0.0,0.0,0.0,0.0,0.0,10.0,0.0,0.0,0.0,1.0,0.0,0,0,5.0,0.0,95.0
12,w0_storm_pcs,69,2026-01-03 21:00:00+08:00,0.0,0.0,0.0,0.0,0.0,0.0,10.0,0.0,0.0,0.0,1.0,0.0,0,0,5.0,0.0,95.0
12,w0_storm_pcs,70,2026-01-03 22:00:00+08:00,0.0,0.0,0.0,0.0,0.0,0.0,10.0,0.0,0.0,2.5,1.0,0.0,0,0,5.0,0.0,95.0
12,w0_storm_pcs,71,2026-01-03 23:00:00+08:00,0.0,0.0,0.0,0.0,0.0,0.0,10.0,0.0,0.0,0.0,1.0,0.0,0,0,5.0,0.0,95.0
12,w0_storm_pcs,72,2026-01-04 00:00:00+08:00,0.0,0.0,0.0,0.0,0.0,0.0,10.0,0.0,0.0,0.0,1.0,0.0,0,0,5.0,0.0,95.0
12,w0_storm_pcs,73,2026-01-04 01:00:00+08:00,0.0,0.0,0.0,0.0,0.0,0.0,10.0,0.0,0.0,0.0,1.0,0.0,0,0,5.0,0.0,95.0
12,w0_storm_pcs,74,2026-01-04 02:00:00+08:00,0.0,0.0,0.0,0.0,0.0,0.0,10.0,0.0,0.0,0.0,1.0,0.0,0,0,5.0,0.0,95.0
12,w0_storm_pcs,75,2026-01-04 03:00:00+08:00,0.0,0.0,0.0,0.0,0.0,0.0,10.0,0.0,0.0,0.0,1.0,0.0,0,0,5.0,0.0,95.0
12,w0_storm_pcs,76,2026-01-04 04:00:00+08:00,0.0,0.0,0.0,0.0,0.0,0.0,10.0,0.0,0.0,2.5,1.0,0.0,0,0,5.0,0.0,95.0
12,w0_storm_pcs,77,2026-01-04 05:00:00+08:00,0.0,0.0,0.0,0.0,0.0,0.0,10.0,0.0,0.0,0.0,1.0,0.0,0,0,5.0,0.0,95.0
12,w0_storm_pcs,78,2026-01-04 06:00:00+08:00,0.0,0.0,0.0,0.0,0.0,0.0,10.0,0.0,0.0,0.0,1.0,0.0,0,0,5.0,0.0,95.0
12,w0_storm_pcs,79,2026-01-04 07:00:00+08:00,0.0,0.0,0.0,0.0,0.0,0.0,10.0,0.0,0.0,0.0,1.0,0.0,0,0,5.0,0.0,95.0
12,w0_storm_pcs,80,2026-01-04 08:00:00+08:00,0.0,0.0,0.0,0.0,0.0,0.0,10.0,0.0,0.0,0.0,1.0,0.0,0,0,5.0,0.0,95.0
12,w0_storm_pcs,81,2026-01-04 09:00:00+08:00,0.0,0.0,0.0,0.0,0.0,0.0,10.0,0.0,0.0,2.5,1.0,0.0,0,0,5.0,0.0,95.0
12,w0_storm_pcs,82,2026-01-04 10:00:00+08:00,0.0,0.0,0.0,0.0,0.0,0.0,10.0,0.0,0.0,0.0,1.0,0.0,0,0,5.0,0.0,95.0
12,w0_storm_pcs,83,2026-01-04 11:00:00+08:00,0.0,0.0,0.0,0.0,0.0,0.0,10.0,0.0,0.0,2.5,1.0,0.0,0,0,5.0,0.0,95.0
12,w0_storm_pcs,84,2026-01-04 12:00:00+08:00,0.0,0.0,0.0,0.0,0.0,0.0,10.0,0.0,0.0,0.0,1.0,0.0,0,0,5.0,0.0,95.0
12,w0_storm_pcs,85,2026-01-04 13:00:00+08:00,0.0,0.0,0.0,0.0,0.0,0.0,10.0,0.0,0.0,2.5,1.0,0.0,0,0,5.0,0.0,95.0
12,w0_storm_pcs,86,2026-01-04 14:00:00+08:00,0.0,0.0,0.0,0.0,0.0,0.0,10.0,0.0,0.0,0.0,1.0,0.0,0,0,5.0,0.0,95.0
12,w0_storm_pcs,87,2026-01-04 15:00:00+08:00,0.0,0.0,0.0,0.0,0.0,0.0,10.0,0.0,0.0,2.5,1.0,0.0,0,0,5.0,0.0,95.0
12,w0_storm_pcs,88,2026-01-04 16:00:00+08:00,0.0,0.0,0.0,0.0,0.0,0.0,10.0,0.0,0.0,2.5,1.0,0.0,0,0,5.0,0.0,95.0
12,w0_storm_pcs,89,2026-01-04 17:00:00+08:00,0.0,0.0,0.0,0.0,0.0,0.0,10.0,0.0,0.0,0.0,1.0,0.0,0,0,5.0,0.0,95.0
12,w0_storm_pcs,90,2026-01-04 18:00:00+08:00,0.0,0.0,0.0,0.0,0.0,0.0,10.0,0.0,0.0,0.0,1.0,0.0,0,0,5.0,0.0,95.0
12,w0_storm_pcs,91,2026-01-04 19:00:00+08:00,0.0,0.0,0.0,0.0,0.0,0.0,10.0,0.0,0.0,2.5,1.0,0.0,0,0,5.0,0.0,95.0
12,w0_storm_pcs,92,2026-01-04 20:00:00+08:00,0.0,0.0,0.0,0.0,0.0,0.0,10.0,0.0,0.0,1.5,1.0,0.0,0,0,5.0,0.0,95.0
12,w0_storm_pcs,93,2026-01-04 21:00:00+08:00,0.0,0.0,0.0,0.0,0.0,0.0,10.0,0.0,0.0,2.5,1.0,0.0,0,0,5.0,0.0,95.0
12,w0_storm_pcs,94,2026-01-04 22:00:00+08:00,0.0,0.0,0.0,0.0,0.0,0.0,10.0,0.0,0.0,0.0,1.0,0.0,0,0,5.0,0.0,95.0
12,w0_storm_pcs,95,2026-01-04 23:00:00+08:00,0.0,0.0,0.0,0.0,0.0,0.0,10.0,0.0,0.0,2.5,1.0,0.0,0,0,5.0,0.0,95.0
13,w0_storm_ups,24,2026-01-02 00:00:00+08:00,0.0,0.0,0.0,0.0,0.0,0.0,10.0,0.0,0.0,0.0,1.0,0.0,0,0,5.0,0.0,95.0
13,w0_storm_ups,25,2026-01-02 01:00:00+08:00,0.0,0.0,0.0,0.0,0.0,0.0,10.0,0.0,0.0,0.0,1.0,0.0,0,0,5.0,0.0,95.0
13,w0_storm_ups,26,2026-01-02 02:00:00+08:00,0.0,0.0,0.0,0.0,0.0,0.0,10.0,0.0,0.0,0.0,1.0,0.0,0,0,5.0,0.0,95.0
13,w0_storm_ups,27,2026-01-02 03:00:00+08:00,0.0,0.0,0.0,0.0,0.0,0.0,10.0,0.0,0.0,1.5,1.0,0.0,0,0,5.0,0.0,95.0
13,w0_storm_ups,28,2026-01-02 04:00:00+08:00,0.0,0.0,0.0,0.0,0.0,0.0,10.0,0.0,0.0,0.0,1.0,0.0,0,0,5.0,0.0,95.0
13,w0_storm_ups,29,2026-01-02 05:00:00+08:00,0.0,0.0,0.0,0.0,0.0,0.0,10.0,0.0,0.0,0.0,1.0,0.0,0,0,5.0,0.0,95.0
13,w0_storm_ups,30,2026-01-02 06:00:00+08:00,0.0,0.0,0.0,0.0,0.0,0.0,10.0,0.0,0.0,0.0,1.0,0.0,0,0,5.0,0.0,95.0
13,w0_storm_ups,31,2026-01-02 07:00:00+08:00,0.0,0.0,0.0,0.0,0.0,0.0,10.0,0.0,0.0,2.5,1.0,0.0,0,0,5.0,0.0,95.0
13,w0_storm_ups,32,2026-01-02 08:00:00+08:00,0.0,0.0,0.0,0.0,0.0,0.0,10.0,0.0,0.0,0.0,1.0,0.0,0,0,5.0,0.0,95.0
13,w0_storm_ups,33,2026-01-02 09:00:00+08:00,0.0,0.0,0.0,0.0,0.0,0.0,10.0,0.0,0.0,2.5,1.0,0.0,0,0,5.0,0.0,95.0
13,w0_storm_ups,34,2026-01-02 10:00:00+08:00,0.0,0.0,0.0,0.0,0.0,0.0,10.0,0.0,0.0,0.0,1.0,0.0,0,0,5.0,0.0,95.0
13,w0_storm_ups,35,2026-01-02 11:00:00+08:00,0.0,0.0,0.0,0.0,0.0,0.0,10.0,0.0,0.0,0.0,1.0,0.0,0,0,5.0,0.0,95.0
13,w0_storm_ups,36,2026-01-02 12:00:00+08:00,0.0,0.0,0.0,0.0,0.0,0.0,10.0,0.0,0.0,2.5,1.0,0.0,0,0,5.0,0.0,95.0
13,w0_storm_ups,37,2026-01-02 13:00:00+08:00,0.0,0.0,0.0,0.0,0.0,0.0,10.0,0.0,0.0,2.5,1.0,0.0,0,0,5.0,0.0,95.0
13,w0_storm_ups,38,2026-01-02 14:00:00+08:00,0.0,0.0,0.0,0.0,0.0,0.0,10.0,0.0,0.0,0.0,1.0,0.0,0,0,5.0,0.0,95.0
13,w0_storm_ups,39,2026-01-02 15:00:00+08:00,0.0,0.0,0.0,0.0,0.0,0.0,10.0,0.0,0.0,0.0,1.0,0.0,0,0,5.0,0.0,95.0
13,w0_storm_ups,40,2026-01-02 16:00:00+08:00,0.0,0.0,0.0,0.0,0.0,0.0,10.0,0.0,0.0,0.0,1.0,0.0,0,0,5.0,0.0,95.0
13,w0_storm_ups,41,2026-01-02 17:00:00+08:00,0.0,0.0,0.0,0.0,0.0,0.0,10.0,0.0,0.0,2.5,1.0,0.0,0,0,5.0,0.0,95.0
13,w0_storm_ups,42,2026-01-02 18:00:00+08:00,0.0,0.0,0.0,0.0,0.0,0.0,10.0,0.0,0.0,2.5,1.0,0.0,0,0,5.0,0.0,95.0
13,w0_storm_ups,43,2026-01-02 19:00:00+08:00,0.0,0.0,0.0,0.0,0.0,0.0,10.0,0.0,0.0,2.5,1.0,0.0,0,0,5.0,0.0,95.0
13,w0_storm_ups,44,2026-01-02 20:00:00+08:00,0.0,0.0,0.0,0.0,0.0,0.0,10.0,0.0,0.0,0.0,1.0,0.0,0,0,5.0,0.0,95.0
13,w0_storm_ups,45,2026-01-02 21:00:00+08:00,0.0,0.0,0.0,0.0,0.0,0.0,10.0,0.0,0.0,0.0,1.0,0.0,0,0,5.0,0.0,95.0
13,w0_storm_ups,46,2026-01-02 22:00:00+08:00,0.0,0.0,0.0,0.0,0.0,0.0,10.0,0.0,0.0,2.5,1.0,0.0,0,0,5.0,0.0,95.0
13,w0_storm_ups,47,2026-01-02 23:00:00+08:00,0.0,0.0,0.0,0.0,0.0,0.0,10.0,0.0,0.0,2.5,1.0,0.0,0,0,5.0,0.0,95.0
13,w0_storm_ups,48,2026-01-03 00:00:00+08:00,0.0,0.0,0.0,0.0,0.0,0.0,10.0,0.0,0.0,2.5,1.0,0.0,0,0,5.0,0.0,95.0
13,w0_storm_ups,49,2026-01-03 01:00:00+08:00,0.0,0.0,0.0,0.0,0.0,0.0,10.0,0.0,0.0,0.0,1.0,0.0,0,0,5.0,0.0,95.0
13,w0_storm_ups,50,2026-01-03 02:00:00+08:00,0.0,0.0,0.0,0.0,0.0,0.0,10.0,0.0,0.0,0.0,1.0,0.0,0,0,5.0,0.0,95.0
13,w0_storm_ups,51,2026-01-03 03:00:00+08:00,0.0,0.0,0.0,0.0,0.0,0.0,10.0,0.0,0.0,2.5,1.0,0.0,0,0,5.0,0.0,95.0
13,w0_storm_ups,52,2026-01-03 04:00:00+08:00,0.0,0.0,0.0,0.0,0.0,0.0,10.0,0.0,0.0,0.0,1.0,0.0,0,0,5.0,0.0,95.0
13,w0_storm_ups,53,2026-01-03 05:00:00+08:00,0.0,0.0,0.0,0.0,0.0,0.0,10.0,0.0,0.0,1.5,1.0,0.0,0,0,5.0,0.0,95.0
13,w0_storm_ups,54,2026-01-03 06:00:00+08:00,0.0,0.0,0.0,0.0,0.0,0.0,10.0,0.0,0.0,2.5,1.0,0.0,0,0,5.0,0.0,95.0
13,w0_storm_ups,55,2026-01-03 07:00:00+08:00,0.0,0.0,0.0,0.0,0.0,0.0,10.0,0.0,0.0,2.5,1.0,0.0,0,0,5.0,0.0,95.0
13,w0_storm_ups,56,2026-01-03 08:00:00+08:00,0.0,0.0,0.0,0.0,0.0,0.0,10.0,0.0,0.0,2.5,1.0,0.0,0,0,5.0,0.0,95.0
13,w0_storm_ups,57,2026-01-03 09:00:00+08:00,0.0,0.0,0.0,0.0,0.0,0.0,10.0,0.0,0.0,2.5,1.0,0.0,0,0,5.0,0.0,95.0
13,w0_storm_ups,58,2026-01-03 10:00:00+08:00,0.0,0.0,0.0,0.0,0.0,0.0,10.0,0.0,0.0,2.5,1.0,0.0,0,0,5.0,0.0,95.0
13,w0_storm_ups,59,2026-01-03 11:00:00+08:00,0.0,0.0,0.0,0.0,0.0,0.0,10.0,0.0,0.0,2.5,1.0,0.0,0,0,5.0,0.0,95.0
13,w0_storm_ups,60,2026-01-03 12:00:00+08:00,0.0,0.0,0.0,0.0,0.0,0.0,10.0,0.0,0.0,0.0,1.0,0.0,0,0,5.0,0.0,95.0
13,w0_storm_ups,61,2026-01-03 13:00:00+08:00,0.0,0.0,0.0,0.0,0.0,0.0,10.0,0.0,0.0,0.0,1.0,0.0,0,0,5.0,0.0,95.0
13,w0_storm_ups,62,2026-01-03 14:00:00+08:00,0.0,0.0,0.0,0.0,0.0,0.0,10.0,0.0,0.0,0.0,1.0,0.0,0,0,5.0,0.0,95.0
13,w0_storm_ups,63,2026-01-03 15:00:00+08:00,0.0,0.0,0.0,0.0,0.0,0.0,10.0,0.0,0.0,0.0,1.0,0.0,0,0,5.0,0.0,95.0
13,w0_storm_ups,64,2026-01-03 16:00:00+08:00,0.0,0.0,0.0,0.0,0.0,0.0,10.0,0.0,0.0,0.0,1.0,0.0,0,0,5.0,0.0,95.0
13,w0_storm_ups,65,2026-01-03 17:00:00+08:00,0.0,0.0,0.0,0.0,0.0,0.0,10.0,0.0,0.0,0.0,1.0,0.0,0,0,5.0,0.0,95.0
13,w0_storm_ups,66,2026-01-03 18:00:00+08:00,0.0,0.0,0.0,0.0,0.0,0.0,10.0,0.0,0.0,0.0,1.0,0.0,0,0,5.0,0.0,95.0
13,w0_storm_ups,67,2026-01-03 19:00:00+08:00,0.0,0.0,0.0,0.0,0.0,0.0,10.0,0.0,0.0,0.0,1.0,0.0,0,0,5.0,0.0,95.0
13,w0_storm_ups,68,2026-01-03 20:00:00+08:00,0.0,0.0,0.0,0.0,0.0,0.0,10.0,0.0,0.0,0.0,1.0,0.0,0,0,5.0,0.0,95.0
13,w0_storm_ups,69,2026-01-03 21:00:00+08:00,0.0,0.0,0.0,0.0,0.0,0.0,10.0,0.0,0.0,0.0,1.0,0.0,0,0,5.0,0.0,95.0
13,w0_storm_ups,70,2026-01-03 22:00:00+08:00,0.0,0.0,0.0,0.0,0.0,0.0,10.0,0.0,0.0,0.0,1.0,0.0,0,0,5.0,0.0,95.0
13,w0_storm_ups,71,2026-01-03 23:00:00+08:00,0.0,0.0,0.0,0.0,0.0,0.0,10.0,0.0,0.0,2.5,1.0,0.0,0,0,5.0,0.0,95.0
13,w0_storm_ups,72,2026-01-04 00:00:00+08:00,0.0,0.0,0.0,0.0,0.0,0.0,10.0,0.0,0.0,0.0,1.0,0.0,0,0,5.0,0.0,95.0
13,w0_storm_ups,73,2026-01-04 01:00:00+08:00,0.0,0.0,0.0,0.0,0.0,0.0,10.0,0.0,0.0,0.0,1.0,0.0,0,0,5.0,0.0,95.0
13,w0_storm_ups,74,2026-01-04 02:00:00+08:00,0.0,0.0,0.0,0.0,0.0,0.0,10.0,0.0,0.0,0.0,1.0,0.0,0,0,5.0,0.0,95.0
13,w0_storm_ups,75,2026-01-04 03:00:00+08:00,0.0,0.0,0.0,0.0,0.0,0.0,10.0,0.0,0.0,0.0,1.0,0.0,0,0,5.0,0.0,95.0
13,w0_storm_ups,76,2026-01-04 04:00:00+08:00,0.0,0.0,0.0,0.0,0.0,0.0,10.0,0.0,0.0,0.0,1.0,0.0,0,0,5.0,0.0,95.0
13,w0_storm_ups,77,2026-01-04 05:00:00+08:00,0.0,0.0,0.0,0.0,0.0,0.0,10.0,0.0,0.0,0.0,1.0,0.0,0,0,5.0,0.0,95.0
13,w0_storm_ups,78,2026-01-04 06:00:00+08:00,0.0,0.0,0.0,0.0,0.0,0.0,10.0,0.0,0.0,0.0,1.0,0.0,0,0,5.0,0.0,95.0
13,w0_storm_ups,79,2026-01-04 07:00:00+08:00,0.0,0.0,0.0,0.0,0.0,0.0,10.0,0.0,0.0,0.0,1.0,0.0,0,0,5.0,0.0,95.0
13,w0_storm_ups,80,2026-01-04 08:00:00+08:00,0.0,0.0,0.0,0.0,0.0,0.0,10.0,0.0,0.0,0.0,1.0,0.0,0,0,5.0,0.0,95.0
13,w0_storm_ups,81,2026-01-04 09:00:00+08:00,0.0,0.0,0.0,0.0,0.0,0.0,10.0,0.0,0.0,0.0,1.0,0.0,0,0,5.0,0.0,95.0
13,w0_storm_ups,82,2026-01-04 10:00:00+08:00,0.0,0.0,0.0,0.0,0.0,0.0,10.0,0.0,0.0,2.5,1.0,0.0,0,0,5.0,0.0,95.0
13,w0_storm_ups,83,2026-01-04 11:00:00+08:00,0.0,0.0,0.0,0.0,0.0,0.0,10.0,0.0,0.0,2.5,1.0,0.0,0,0,5.0,0.0,95.0
13,w0_storm_ups,84,2026-01-04 12:00:00+08:00,0.0,0.0,0.0,0.0,0.0,0.0,10.0,0.0,0.0,2.5,1.0,0.0,0,0,5.0,0.0,95.0
13,w0_storm_ups,85,2026-01-04 13:00:00+08:00,0.0,0.0,0.0,0.0,0.0,0.0,10.0,0.0,0.0,2.5,1.0,0.0,0,0,5.0,0.0,95.0
13,w0_storm_ups,86,2026-01-04 14:00:00+08:00,0.0,0.0,0.0,0.0,0.0,0.0,10.0,0.0,0.0,2.5,1.0,0.0,0,0,5.0,0.0,95.0
13,w0_storm_ups,87,2026-01-04 15:00:00+08:00,0.0,0.0,0.0,0.0,0.0,0.0,10.0,0.0,0.0,2.5,1.0,0.0,0,0,5.0,0.0,95.0
13,w0_storm_ups,88,2026-01-04 16:00:00+08:00,0.0,0.0,0.0,0.0,0.0,0.0,10.0,0.0,0.0,0.0,1.0,0.0,0,0,5.0,0.0,95.0
13,w0_storm_ups,89,2026-01-04 17:00:00+08:00,0.0,0.0,0.0,0.0,0.0,0.0,10.0,0.0,0.0,0.0,1.0,0.0,0,0,5.0,0.0,95.0
13,w0_storm_ups,90,2026-01-04 18:00:00+08:00,0.0,0.0,0.0,0.0,0.0,0.0,10.0,0.0,0.0,1.5,1.0,0.0,0,0,5.0,0.0,95.0
13,w0_storm_ups,91,2026-01-04 19:00:00+08:00,0.0,0.0,0.0,0.0,0.0,0.0,10.0,0.0,0.0,2.5,1.0,0.0,0,0,5.0,0.0,95.0
13,w0_storm_ups,92,2026-01-04 20:00:00+08:00,0.0,0.0,0.0,0.0,0.0,0.0,10.0,0.0,0.0,0.0,1.0,0.0,0,0,5.0,0.0,95.0
13,w0_storm_ups,93,2026-01-04 21:00:00+08:00,0.0,0.0,0.0,0.0,0.0,0.0,10.0,0.0,0.0,2.5,1.0,0.0,0,0,5.0,0.0,95.0
13,w0_storm_ups,94,2026-01-04 22:00:00+08:00,0.0,0.0,0.0,0.0,0.0,0.0,10.0,0.0,0.0,0.0,1.0,0.0,0,0,5.0,0.0,95.0
13,w0_storm_ups,95,2026-01-04 23:00:00+08:00,0.0,0.0,0.0,0.0,0.0,0.0,10.0,0.0,0.0,2.5,1.0,0.0,0,0,5.0,0.0,95.0
14,w0_storm_diesel_run,24,2026-01-02 00:00:00+08:00,0.0,0.0,0.0,0.0,0.0,0.0,10.0,0.0,0.0,0.0,1.0,0.0,0,0,5.0,0.0,95.0
14,w0_storm_diesel_run,25,2026-01-02 01:00:00+08:00,0.0,0.0,0.0,0.0,0.0,0.0,10.0,0.0,0.0,0.0,1.0,0.0,0,0,5.0,0.0,95.0
14,w0_storm_diesel_run,26,2026-01-02 02:00:00+08:00,0.0,0.0,0.0,0.0,0.0,0.0,10.0,0.0,0.0,0.0,1.0,0.0,0,0,5.0,0.0,95.0
14,w0_storm_diesel_run,27,2026-01-02 03:00:00+08:00,0.0,0.0,0.0,0.0,0.0,0.0,10.0,0.0,0.0,1.5,1.0,0.0,0,0,5.0,0.0,95.0
14,w0_storm_diesel_run,28,2026-01-02 04:00:00+08:00,0.0,0.0,0.0,0.0,0.0,0.0,10.0,0.0,0.0,0.0,1.0,0.0,0,0,5.0,0.0,95.0
14,w0_storm_diesel_run,29,2026-01-02 05:00:00+08:00,0.0,0.0,0.0,0.0,0.0,0.0,10.0,0.0,0.0,0.0,1.0,0.0,0,0,5.0,0.0,95.0
14,w0_storm_diesel_run,30,2026-01-02 06:00:00+08:00,0.0,0.0,0.0,0.0,0.0,0.0,10.0,0.0,0.0,0.0,1.0,0.0,0,0,5.0,0.0,95.0
14,w0_storm_diesel_run,31,2026-01-02 07:00:00+08:00,0.0,0.0,0.0,0.0,0.0,0.0,10.0,0.0,0.0,2.5,1.0,0.0,0,0,5.0,0.0,95.0
14,w0_storm_diesel_run,32,2026-01-02 08:00:00+08:00,0.0,0.0,0.0,0.0,0.0,0.0,10.0,0.0,0.0,0.0,1.0,0.0,0,0,5.0,0.0,95.0
14,w0_storm_diesel_run,33,2026-01-02 09:00:00+08:00,0.0,0.0,0.0,0.0,0.0,0.0,10.0,0.0,0.0,2.5,1.0,0.0,0,0,5.0,0.0,95.0
14,w0_storm_diesel_run,34,2026-01-02 10:00:00+08:00,0.0,0.0,0.0,0.0,0.0,0.0,10.0,0.0,0.0,0.0,1.0,0.0,0,0,5.0,0.0,95.0
14,w0_storm_diesel_run,35,2026-01-02 11:00:00+08:00,0.0,0.0,0.0,0.0,0.0,0.0,10.0,0.0,0.0,0.0,1.0,0.0,0,0,5.0,0.0,95.0
14,w0_storm_diesel_run,36,2026-01-02 12:00:00+08:00,0.0,0.0,0.0,0.0,0.0,0.0,10.0,0.0,0.0,2.5,1.0,0.0,0,0,5.0,0.0,95.0
14,w0_storm_diesel_run,37,2026-01-02 13:00:00+08:00,0.0,0.0,0.0,0.0,0.0,0.0,10.0,0.0,0.0,2.5,1.0,0.0,0,0,5.0,0.0,95.0
14,w0_storm_diesel_run,38,2026-01-02 14:00:00+08:00,0.0,0.0,0.0,0.0,0.0,0.0,10.0,0.0,0.0,0.0,1.0,0.0,0,0,5.0,0.0,95.0
14,w0_storm_diesel_run,39,2026-01-02 15:00:00+08:00,0.0,0.0,0.0,0.0,0.0,0.0,10.0,0.0,0.0,0.0,1.0,0.0,0,0,5.0,0.0,95.0
14,w0_storm_diesel_run,40,2026-01-02 16:00:00+08:00,0.0,0.0,0.0,0.0,0.0,0.0,10.0,0.0,0.0,0.0,1.0,0.0,0,0,5.0,0.0,95.0
14,w0_storm_diesel_run,41,2026-01-02 17:00:00+08:00,0.0,0.0,0.0,0.0,0.0,0.0,10.0,0.0,0.0,2.5,1.0,0.0,0,0,5.0,0.0,95.0
14,w0_storm_diesel_run,42,2026-01-02 18:00:00+08:00,0.0,0.0,0.0,0.0,0.0,0.0,10.0,0.0,0.0,2.5,1.0,0.0,0,0,5.0,0.0,95.0
14,w0_storm_diesel_run,43,2026-01-02 19:00:00+08:00,0.0,0.0,0.0,0.0,0.0,0.0,10.0,0.0,0.0,2.5,1.0,0.0,0,0,5.0,0.0,95.0
14,w0_storm_diesel_run,44,2026-01-02 20:00:00+08:00,0.0,0.0,0.0,0.0,0.0,0.0,10.0,0.0,0.0,0.0,1.0,0.0,0,0,5.0,0.0,95.0
14,w0_storm_diesel_run,45,2026-01-02 21:00:00+08:00,0.0,0.0,0.0,0.0,0.0,0.0,10.0,0.0,0.0,0.0,1.0,0.0,0,0,5.0,0.0,95.0
14,w0_storm_diesel_run,46,2026-01-02 22:00:00+08:00,0.0,0.0,0.0,0.0,0.0,0.0,10.0,0.0,0.0,2.5,1.0,0.0,0,0,5.0,0.0,95.0
14,w0_storm_diesel_run,47,2026-01-02 23:00:00+08:00,0.0,0.0,0.0,0.0,0.0,0.0,10.0,0.0,0.0,2.5,1.0,0.0,0,0,5.0,0.0,95.0
14,w0_storm_diesel_run,48,2026-01-03 00:00:00+08:00,0.0,0.0,0.0,0.0,0.0,0.0,10.0,0.0,0.0,2.5,1.0,0.0,0,0,5.0,0.0,95.0
14,w0_storm_diesel_run,49,2026-01-03 01:00:00+08:00,0.0,0.0,0.0,0.0,0.0,0.0,10.0,0.0,0.0,0.0,1.0,0.0,0,0,5.0,0.0,95.0
14,w0_storm_diesel_run,50,2026-01-03 02:00:00+08:00,0.0,0.0,0.0,0.0,0.0,0.0,10.0,0.0,0.0,0.0,1.0,0.0,0,0,5.0,0.0,95.0
14,w0_storm_diesel_run,51,2026-01-03 03:00:00+08:00,0.0,0.0,0.0,0.0,0.0,0.0,10.0,0.0,0.0,2.5,1.0,0.0,0,0,5.0,0.0,95.0
14,w0_storm_diesel_run,52,2026-01-03 04:00:00+08:00,0.0,0.0,0.0,0.0,0.0,0.0,10.0,0.0,0.0,0.0,1.0,0.0,0,0,5.0,0.0,95.0
14,w0_storm_diesel_run,53,2026-01-03 05:00:00+08:00,0.0,0.0,0.0,0.0,0.0,0.0,10.0,0.0,0.0,1.5,1.0,0.0,0,0,5.0,0.0,95.0
14,w0_storm_diesel_run,54,2026-01-03 06:00:00+08:00,0.0,0.0,0.0,0.0,0.0,0.0,10.0,0.0,0.0,2.5,1.0,0.0,0,0,5.0,0.0,95.0
14,w0_storm_diesel_run,55,2026-01-03 07:00:00+08:00,0.0,0.0,0.0,0.0,0.0,0.0,10.0,0.0,0.0,2.5,1.0,0.0,0,0,5.0,0.0,95.0
14,w0_storm_diesel_run,56,2026-01-03 08:00:00+08:00,0.0,0.0,0.0,0.0,0.0,0.0,10.0,0.0,0.0,2.5,1.0,0.0,0,0,5.0,0.0,95.0
14,w0_storm_diesel_run,57,2026-01-03 09:00:00+08:00,0.0,0.0,0.0,0.0,0.0,0.0,10.0,0.0,0.0,2.5,1.0,0.0,0,0,5.0,0.0,95.0
14,w0_storm_diesel_run,58,2026-01-03 10:00:00+08:00,0.0,0.0,0.0,0.0,0.0,0.0,10.0,0.0,0.0,2.5,1.0,0.0,0,0,5.0,0.0,95.0
14,w0_storm_diesel_run,59,2026-01-03 11:00:00+08:00,0.0,0.0,0.0,0.0,0.0,0.0,10.0,0.0,0.0,2.5,1.0,0.0,0,0,5.0,0.0,95.0
14,w0_storm_diesel_run,60,2026-01-03 12:00:00+08:00,0.0,0.0,0.0,0.0,0.0,0.0,10.0,0.0,0.0,0.0,1.0,0.0,0,0,5.0,0.0,95.0
14,w0_storm_diesel_run,61,2026-01-03 13:00:00+08:00,0.0,0.0,0.0,0.0,0.0,0.0,10.0,0.0,0.0,0.0,1.0,0.0,0,0,5.0,0.0,95.0
14,w0_storm_diesel_run,62,2026-01-03 14:00:00+08:00,0.0,0.0,0.0,0.0,0.0,0.0,10.0,0.0,0.0,0.0,1.0,0.0,0,0,5.0,0.0,95.0
14,w0_storm_diesel_run,63,2026-01-03 15:00:00+08:00,0.0,0.0,0.0,0.0,0.0,0.0,10.0,0.0,0.0,2.5,1.0,0.0,0,0,5.0,0.0,95.0
14,w0_storm_diesel_run,64,2026-01-03 16:00:00+08:00,0.0,0.0,0.0,0.0,0.0,0.0,10.0,0.0,0.0,0.0,1.0,0.0,0,0,5.0,0.0,95.0
14,w0_storm_diesel_run,65,2026-01-03 17:00:00+08:00,0.0,0.0,0.0,0.0,0.0,0.0,10.0,0.0,0.0,0.0,1.0,0.0,0,0,5.0,0.0,95.0
14,w0_storm_diesel_run,66,2026-01-03 18:00:00+08:00,0.0,0.0,0.0,0.0,0.0,0.0,10.0,0.0,0.0,0.0,1.0,0.0,0,0,5.0,0.0,95.0
14,w0_storm_diesel_run,67,2026-01-03 19:00:00+08:00,0.0,0.0,0.0,0.0,0.0,0.0,10.0,0.0,0.0,0.0,1.0,0.0,0,0,5.0,0.0,95.0
14,w0_storm_diesel_run,68,2026-01-03 20:00:00+08:00,0.0,0.0,0.0,0.0,0.0,0.0,10.0,0.0,0.0,0.0,1.0,0.0,0,0,5.0,0.0,95.0
14,w0_storm_diesel_run,69,2026-01-03 21:00:00+08:00,0.0,0.0,0.0,0.0,0.0,0.0,10.0,0.0,0.0,0.0,1.0,0.0,0,0,5.0,0.0,95.0
14,w0_storm_diesel_run,70,2026-01-03 22:00:00+08:00,0.0,0.0,0.0,0.0,0.0,0.0,10.0,0.0,0.0,0.0,1.0,0.0,0,0,5.0,0.0,95.0
14,w0_storm_diesel_run,71,2026-01-03 23:00:00+08:00,0.0,0.0,0.0,0.0,0.0,0.0,10.0,0.0,0.0,0.0,1.0,0.0,0,0,5.0,0.0,95.0
14,w0_storm_diesel_run,72,2026-01-04 00:00:00+08:00,0.0,0.0,0.0,0.0,0.0,0.0,10.0,0.0,0.0,0.0,1.0,0.0,0,0,5.0,0.0,95.0
14,w0_storm_diesel_run,73,2026-01-04 01:00:00+08:00,0.0,0.0,0.0,0.0,0.0,0.0,10.0,0.0,0.0,0.0,1.0,0.0,0,0,5.0,0.0,95.0
14,w0_storm_diesel_run,74,2026-01-04 02:00:00+08:00,0.0,0.0,0.0,0.0,0.0,0.0,10.0,0.0,0.0,2.5,1.0,0.0,0,0,5.0,0.0,95.0
14,w0_storm_diesel_run,75,2026-01-04 03:00:00+08:00,0.0,0.0,0.0,0.0,0.0,0.0,10.0,0.0,0.0,0.0,1.0,0.0,0,0,5.0,0.0,95.0
14,w0_storm_diesel_run,76,2026-01-04 04:00:00+08:00,0.0,0.0,0.0,0.0,0.0,0.0,10.0,0.0,0.0,0.0,1.0,0.0,0,0,5.0,0.0,95.0
14,w0_storm_diesel_run,77,2026-01-04 05:00:00+08:00,0.0,0.0,0.0,0.0,0.0,0.0,10.0,0.0,0.0,0.0,1.0,0.0,0,0,5.0,0.0,95.0
14,w0_storm_diesel_run,78,2026-01-04 06:00:00+08:00,0.0,0.0,0.0,0.0,0.0,0.0,10.0,0.0,0.0,0.0,1.0,0.0,0,0,5.0,0.0,95.0
14,w0_storm_diesel_run,79,2026-01-04 07:00:00+08:00,0.0,0.0,0.0,0.0,0.0,0.0,10.0,0.0,0.0,0.0,1.0,0.0,0,0,5.0,0.0,95.0
14,w0_storm_diesel_run,80,2026-01-04 08:00:00+08:00,0.0,0.0,0.0,0.0,0.0,0.0,10.0,0.0,0.0,0.0,1.0,0.0,0,0,5.0,0.0,95.0
14,w0_storm_diesel_run,81,2026-01-04 09:00:00+08:00,0.0,0.0,0.0,0.0,0.0,0.0,10.0,0.0,0.0,2.5,1.0,0.0,0,0,5.0,0.0,95.0
14,w0_storm_diesel_run,82,2026-01-04 10:00:00+08:00,0.0,0.0,0.0,0.0,0.0,0.0,10.0,0.0,0.0,0.0,1.0,0.0,0,0,5.0,0.0,95.0
14,w0_storm_diesel_run,83,2026-01-04 11:00:00+08:00,0.0,0.0,0.0,0.0,0.0,0.0,10.0,0.0,0.0,0.0,1.0,0.0,0,0,5.0,0.0,95.0
14,w0_storm_diesel_run,84,2026-01-04 12:00:00+08:00,0.0,0.0,0.0,0.0,0.0,0.0,10.0,0.0,0.0,2.5,1.0,0.0,0,0,5.0,0.0,95.0
14,w0_storm_diesel_run,85,2026-01-04 13:00:00+08:00,0.0,0.0,0.0,0.0,0.0,0.0,10.0,0.0,0.0,2.5,1.0,0.0,0,0,5.0,0.0,95.0
14,w0_storm_diesel_run,86,2026-01-04 14:00:00+08:00,0.0,0.0,0.0,0.0,0.0,0.0,10.0,0.0,0.0,0.0,1.0,0.0,0,0,5.0,0.0,95.0
14,w0_storm_diesel_run,87,2026-01-04 15:00:00+08:00,0.0,0.0,0.0,0.0,0.0,0.0,10.0,0.0,0.0,2.5,1.0,0.0,0,0,5.0,0.0,95.0
14,w0_storm_diesel_run,88,2026-01-04 16:00:00+08:00,0.0,0.0,0.0,0.0,0.0,0.0,10.0,0.0,0.0,0.0,1.0,0.0,0,0,5.0,0.0,95.0
14,w0_storm_diesel_run,89,2026-01-04 17:00:00+08:00,0.0,0.0,0.0,0.0,0.0,0.0,10.0,0.0,0.0,2.5,1.0,0.0,0,0,5.0,0.0,95.0
14,w0_storm_diesel_run,90,2026-01-04 18:00:00+08:00,0.0,0.0,0.0,0.0,0.0,0.0,10.0,0.0,0.0,2.5,1.0,0.0,0,0,5.0,0.0,95.0
14,w0_storm_diesel_run,91,2026-01-04 19:00:00+08:00,0.0,0.0,0.0,0.0,0.0,0.0,10.0,0.0,0.0,0.0,1.0,0.0,0,0,5.0,0.0,95.0
14,w0_storm_diesel_run,92,2026-01-04 20:00:00+08:00,0.0,0.0,0.0,0.0,0.0,0.0,10.0,0.0,0.0,1.5,1.0,0.0,0,0,5.0,0.0,95.0
14,w0_storm_diesel_run,93,2026-01-04 21:00:00+08:00,0.0,0.0,0.0,0.0,0.0,0.0,10.0,0.0,0.0,2.5,1.0,0.0,0,0,5.0,0.0,95.0
14,w0_storm_diesel_run,94,2026-01-04 22:00:00+08:00,0.0,0.0,0.0,0.0,0.0,0.0,10.0,0.0,0.0,0.0,1.0,0.0,0,0,5.0,0.0,95.0
14,w0_storm_diesel_run,95,2026-01-04 23:00:00+08:00,0.0,0.0,0.0,0.0,0.0,0.0,10.0,0.0,0.0,2.5,1.0,0.0,0,0,5.0,0.0,95.0
15,w0_storm_diesel_start,24,2026-01-02 00:00:00+08:00,0.0,0.0,0.0,0.0,0.0,0.0,10.0,0.0,0.0,0.0,1.0,0.0,0,0,5.0,0.0,95.0
15,w0_storm_diesel_start,25,2026-01-02 01:00:00+08:00,0.0,0.0,0.0,0.0,0.0,0.0,10.0,0.0,0.0,0.0,1.0,0.0,0,0,5.0,0.0,95.0
15,w0_storm_diesel_start,26,2026-01-02 02:00:00+08:00,0.0,0.0,0.0,0.0,0.0,0.0,10.0,0.0,0.0,0.0,1.0,0.0,0,0,5.0,0.0,95.0
15,w0_storm_diesel_start,27,2026-01-02 03:00:00+08:00,0.0,0.0,0.0,0.0,0.0,0.0,10.0,0.0,0.0,1.5,1.0,0.0,0,0,5.0,0.0,95.0
15,w0_storm_diesel_start,28,2026-01-02 04:00:00+08:00,0.0,0.0,0.0,0.0,0.0,0.0,10.0,0.0,0.0,0.0,1.0,0.0,0,0,5.0,0.0,95.0
15,w0_storm_diesel_start,29,2026-01-02 05:00:00+08:00,0.0,0.0,0.0,0.0,0.0,0.0,10.0,0.0,0.0,0.0,1.0,0.0,0,0,5.0,0.0,95.0
15,w0_storm_diesel_start,30,2026-01-02 06:00:00+08:00,0.0,0.0,0.0,0.0,0.0,0.0,10.0,0.0,0.0,0.0,1.0,0.0,0,0,5.0,0.0,95.0
15,w0_storm_diesel_start,31,2026-01-02 07:00:00+08:00,0.0,0.0,0.0,0.0,0.0,0.0,10.0,0.0,0.0,2.5,1.0,0.0,0,0,5.0,0.0,95.0
15,w0_storm_diesel_start,32,2026-01-02 08:00:00+08:00,0.0,0.0,0.0,0.0,0.0,0.0,10.0,0.0,0.0,0.0,1.0,0.0,0,0,5.0,0.0,95.0
15,w0_storm_diesel_start,33,2026-01-02 09:00:00+08:00,0.0,0.0,0.0,0.0,0.0,0.0,10.0,0.0,0.0,2.5,1.0,0.0,0,0,5.0,0.0,95.0
15,w0_storm_diesel_start,34,2026-01-02 10:00:00+08:00,0.0,0.0,0.0,0.0,0.0,0.0,10.0,0.0,0.0,0.0,1.0,0.0,0,0,5.0,0.0,95.0
15,w0_storm_diesel_start,35,2026-01-02 11:00:00+08:00,0.0,0.0,0.0,0.0,0.0,0.0,10.0,0.0,0.0,0.0,1.0,0.0,0,0,5.0,0.0,95.0
15,w0_storm_diesel_start,36,2026-01-02 12:00:00+08:00,0.0,0.0,0.0,0.0,0.0,0.0,10.0,0.0,0.0,2.5,1.0,0.0,0,0,5.0,0.0,95.0
15,w0_storm_diesel_start,37,2026-01-02 13:00:00+08:00,0.0,0.0,0.0,0.0,0.0,0.0,10.0,0.0,0.0,2.5,1.0,0.0,0,0,5.0,0.0,95.0
15,w0_storm_diesel_start,38,2026-01-02 14:00:00+08:00,0.0,0.0,0.0,0.0,0.0,0.0,10.0,0.0,0.0,0.0,1.0,0.0,0,0,5.0,0.0,95.0
15,w0_storm_diesel_start,39,2026-01-02 15:00:00+08:00,0.0,0.0,0.0,0.0,0.0,0.0,10.0,0.0,0.0,0.0,1.0,0.0,0,0,5.0,0.0,95.0
15,w0_storm_diesel_start,40,2026-01-02 16:00:00+08:00,0.0,0.0,0.0,0.0,0.0,0.0,10.0,0.0,0.0,0.0,1.0,0.0,0,0,5.0,0.0,95.0
15,w0_storm_diesel_start,41,2026-01-02 17:00:00+08:00,0.0,0.0,0.0,0.0,0.0,0.0,10.0,0.0,0.0,2.5,1.0,0.0,0,0,5.0,0.0,95.0
15,w0_storm_diesel_start,42,2026-01-02 18:00:00+08:00,0.0,0.0,0.0,0.0,0.0,0.0,10.0,0.0,0.0,2.5,1.0,0.0,0,0,5.0,0.0,95.0
15,w0_storm_diesel_start,43,2026-01-02 19:00:00+08:00,0.0,0.0,0.0,0.0,0.0,0.0,10.0,0.0,0.0,2.5,1.0,0.0,0,0,5.0,0.0,95.0
15,w0_storm_diesel_start,44,2026-01-02 20:00:00+08:00,0.0,0.0,0.0,0.0,0.0,0.0,10.0,0.0,0.0,0.0,1.0,0.0,0,0,5.0,0.0,95.0
15,w0_storm_diesel_start,45,2026-01-02 21:00:00+08:00,0.0,0.0,0.0,0.0,0.0,0.0,10.0,0.0,0.0,0.0,1.0,0.0,0,0,5.0,0.0,95.0
15,w0_storm_diesel_start,46,2026-01-02 22:00:00+08:00,0.0,0.0,0.0,0.0,0.0,0.0,10.0,0.0,0.0,2.5,1.0,0.0,0,0,5.0,0.0,95.0
15,w0_storm_diesel_start,47,2026-01-02 23:00:00+08:00,0.0,0.0,0.0,0.0,0.0,0.0,10.0,0.0,0.0,2.5,1.0,0.0,0,0,5.0,0.0,95.0
15,w0_storm_diesel_start,48,2026-01-03 00:00:00+08:00,0.0,0.0,0.0,0.0,0.0,0.0,10.0,0.0,0.0,2.5,1.0,0.0,0,0,5.0,0.0,95.0
15,w0_storm_diesel_start,49,2026-01-03 01:00:00+08:00,0.0,0.0,0.0,0.0,0.0,0.0,10.0,0.0,0.0,0.0,1.0,0.0,0,0,5.0,0.0,95.0
15,w0_storm_diesel_start,50,2026-01-03 02:00:00+08:00,0.0,0.0,0.0,0.0,0.0,0.0,10.0,0.0,0.0,0.0,1.0,0.0,0,0,5.0,0.0,95.0
15,w0_storm_diesel_start,51,2026-01-03 03:00:00+08:00,0.0,0.0,0.0,0.0,0.0,0.0,10.0,0.0,0.0,2.5,1.0,0.0,0,0,5.0,0.0,95.0
15,w0_storm_diesel_start,52,2026-01-03 04:00:00+08:00,0.0,0.0,0.0,0.0,0.0,0.0,10.0,0.0,0.0,0.0,1.0,0.0,0,0,5.0,0.0,95.0
15,w0_storm_diesel_start,53,2026-01-03 05:00:00+08:00,0.0,0.0,0.0,0.0,0.0,0.0,10.0,0.0,0.0,1.5,1.0,0.0,0,0,5.0,0.0,95.0
15,w0_storm_diesel_start,54,2026-01-03 06:00:00+08:00,0.0,0.0,0.0,0.0,0.0,0.0,10.0,0.0,0.0,2.5,1.0,0.0,0,0,5.0,0.0,95.0
15,w0_storm_diesel_start,55,2026-01-03 07:00:00+08:00,0.0,0.0,0.0,0.0,0.0,0.0,10.0,0.0,0.0,2.5,1.0,0.0,0,0,5.0,0.0,95.0
15,w0_storm_diesel_start,56,2026-01-03 08:00:00+08:00,0.0,0.0,0.0,0.0,0.0,0.0,10.0,0.0,0.0,2.5,1.0,0.0,0,0,5.0,0.0,95.0
15,w0_storm_diesel_start,57,2026-01-03 09:00:00+08:00,0.0,0.0,0.0,0.0,0.0,0.0,10.0,0.0,0.0,2.5,1.0,0.0,0,0,5.0,0.0,95.0
15,w0_storm_diesel_start,58,2026-01-03 10:00:00+08:00,0.0,0.0,0.0,0.0,0.0,0.0,10.0,0.0,0.0,2.5,1.0,0.0,0,0,5.0,0.0,95.0
15,w0_storm_diesel_start,59,2026-01-03 11:00:00+08:00,0.0,0.0,0.0,0.0,0.0,0.0,10.0,0.0,0.0,2.5,1.0,0.0,0,0,5.0,0.0,95.0
15,w0_storm_diesel_start,60,2026-01-03 12:00:00+08:00,0.0,0.0,0.0,0.0,0.0,0.0,10.0,0.0,0.0,0.0,1.0,0.0,0,0,5.0,0.0,95.0
15,w0_storm_diesel_start,61,2026-01-03 13:00:00+08:00,0.0,0.0,0.0,0.0,0.0,0.0,10.0,0.0,0.0,0.0,1.0,0.0,0,0,5.0,0.0,95.0
15,w0_storm_diesel_start,62,2026-01-03 14:00:00+08:00,0.0,0.0,0.0,0.0,0.0,0.0,10.0,0.0,0.0,0.0,1.0,0.0,0,0,5.0,0.0,95.0
15,w0_storm_diesel_start,63,2026-01-03 15:00:00+08:00,0.0,0.0,0.0,0.0,0.0,0.0,10.0,0.0,0.0,2.5,1.0,0.0,0,0,5.0,0.0,95.0
15,w0_storm_diesel_start,64,2026-01-03 16:00:00+08:00,0.0,0.0,0.0,0.0,0.0,0.0,10.0,0.0,0.0,0.0,1.0,0.0,0,0,5.0,0.0,95.0
15,w0_storm_diesel_start,65,2026-01-03 17:00:00+08:00,0.0,0.0,0.0,0.0,0.0,0.0,10.0,0.0,0.0,0.0,1.0,0.0,0,0,5.0,0.0,95.0
15,w0_storm_diesel_start,66,2026-01-03 18:00:00+08:00,0.0,0.0,0.0,0.0,0.0,0.0,10.0,0.0,0.0,0.0,1.0,0.0,0,0,5.0,0.0,95.0
15,w0_storm_diesel_start,67,2026-01-03 19:00:00+08:00,0.0,0.0,0.0,0.0,0.0,0.0,10.0,0.0,0.0,0.0,1.0,0.0,0,0,5.0,0.0,95.0
15,w0_storm_diesel_start,68,2026-01-03 20:00:00+08:00,0.0,0.0,0.0,0.0,0.0,0.0,10.0,0.0,0.0,0.0,1.0,0.0,0,0,5.0,0.0,95.0
15,w0_storm_diesel_start,69,2026-01-03 21:00:00+08:00,0.0,0.0,0.0,0.0,0.0,0.0,10.0,0.0,0.0,0.0,1.0,0.0,0,0,5.0,0.0,95.0
15,w0_storm_diesel_start,70,2026-01-03 22:00:00+08:00,0.0,0.0,0.0,0.0,0.0,0.0,10.0,0.0,0.0,0.0,1.0,0.0,0,0,5.0,0.0,95.0
15,w0_storm_diesel_start,71,2026-01-03 23:00:00+08:00,0.0,0.0,0.0,0.0,0.0,0.0,10.0,0.0,0.0,0.0,1.0,0.0,0,0,5.0,0.0,95.0
15,w0_storm_diesel_start,72,2026-01-04 00:00:00+08:00,0.0,0.0,0.0,0.0,0.0,0.0,10.0,0.0,0.0,0.0,1.0,0.0,0,0,5.0,0.0,95.0
15,w0_storm_diesel_start,73,2026-01-04 01:00:00+08:00,0.0,0.0,0.0,0.0,0.0,0.0,10.0,0.0,0.0,0.0,1.0,0.0,0,0,5.0,0.0,95.0
15,w0_storm_diesel_start,74,2026-01-04 02:00:00+08:00,0.0,0.0,0.0,0.0,0.0,0.0,10.0,0.0,0.0,2.5,1.0,0.0,0,0,5.0,0.0,95.0
15,w0_storm_diesel_start,75,2026-01-04 03:00:00+08:00,0.0,0.0,0.0,0.0,0.0,0.0,10.0,0.0,0.0,0.0,1.0,0.0,0,0,5.0,0.0,95.0
15,w0_storm_diesel_start,76,2026-01-04 04:00:00+08:00,0.0,0.0,0.0,0.0,0.0,0.0,10.0,0.0,0.0,0.0,1.0,0.0,0,0,5.0,0.0,95.0
15,w0_storm_diesel_start,77,2026-01-04 05:00:00+08:00,0.0,0.0,0.0,0.0,0.0,0.0,10.0,0.0,0.0,0.0,1.0,0.0,0,0,5.0,0.0,95.0
15,w0_storm_diesel_start,78,2026-01-04 06:00:00+08:00,0.0,0.0,0.0,0.0,0.0,0.0,10.0,0.0,0.0,0.0,1.0,0.0,0,0,5.0,0.0,95.0
15,w0_storm_diesel_start,79,2026-01-04 07:00:00+08:00,0.0,0.0,0.0,0.0,0.0,0.0,10.0,0.0,0.0,0.0,1.0,0.0,0,0,5.0,0.0,95.0
15,w0_storm_diesel_start,80,2026-01-04 08:00:00+08:00,0.0,0.0,0.0,0.0,0.0,0.0,10.0,0.0,0.0,0.0,1.0,0.0,0,0,5.0,0.0,95.0
15,w0_storm_diesel_start,81,2026-01-04 09:00:00+08:00,0.0,0.0,0.0,0.0,0.0,0.0,10.0,0.0,0.0,2.5,1.0,0.0,0,0,5.0,0.0,95.0
15,w0_storm_diesel_start,82,2026-01-04 10:00:00+08:00,0.0,0.0,0.0,0.0,0.0,0.0,10.0,0.0,0.0,0.0,1.0,0.0,0,0,5.0,0.0,95.0
15,w0_storm_diesel_start,83,2026-01-04 11:00:00+08:00,0.0,0.0,0.0,0.0,0.0,0.0,10.0,0.0,0.0,0.0,1.0,0.0,0,0,5.0,0.0,95.0
15,w0_storm_diesel_start,84,2026-01-04 12:00:00+08:00,0.0,0.0,0.0,0.0,0.0,0.0,10.0,0.0,0.0,2.5,1.0,0.0,0,0,5.0,0.0,95.0
15,w0_storm_diesel_start,85,2026-01-04 13:00:00+08:00,0.0,0.0,0.0,0.0,0.0,0.0,10.0,0.0,0.0,2.5,1.0,0.0,0,0,5.0,0.0,95.0
15,w0_storm_diesel_start,86,2026-01-04 14:00:00+08:00,0.0,0.0,0.0,0.0,0.0,0.0,10.0,0.0,0.0,0.0,1.0,0.0,0,0,5.0,0.0,95.0
15,w0_storm_diesel_start,87,2026-01-04 15:00:00+08:00,0.0,0.0,0.0,0.0,0.0,0.0,10.0,0.0,0.0,2.5,1.0,0.0,0,0,5.0,0.0,95.0
15,w0_storm_diesel_start,88,2026-01-04 16:00:00+08:00,0.0,0.0,0.0,0.0,0.0,0.0,10.0,0.0,0.0,0.0,1.0,0.0,0,0,5.0,0.0,95.0
15,w0_storm_diesel_start,89,2026-01-04 17:00:00+08:00,0.0,0.0,0.0,0.0,0.0,0.0,10.0,0.0,0.0,2.5,1.0,0.0,0,0,5.0,0.0,95.0
15,w0_storm_diesel_start,90,2026-01-04 18:00:00+08:00,0.0,0.0,0.0,0.0,0.0,0.0,10.0,0.0,0.0,2.5,1.0,0.0,0,0,5.0,0.0,95.0
15,w0_storm_diesel_start,91,2026-01-04 19:00:00+08:00,0.0,0.0,0.0,0.0,0.0,0.0,10.0,0.0,0.0,0.0,1.0,0.0,0,0,5.0,0.0,95.0
15,w0_storm_diesel_start,92,2026-01-04 20:00:00+08:00,0.0,0.0,0.0,0.0,0.0,0.0,10.0,0.0,0.0,1.5,1.0,0.0,0,0,5.0,0.0,95.0
15,w0_storm_diesel_start,93,2026-01-04 21:00:00+08:00,0.0,0.0,0.0,0.0,0.0,0.0,10.0,0.0,0.0,2.5,1.0,0.0,0,0,5.0,0.0,95.0
15,w0_storm_diesel_start,94,2026-01-04 22:00:00+08:00,0.0,0.0,0.0,0.0,0.0,0.0,10.0,0.0,0.0,0.0,1.0,0.0,0,0,5.0,0.0,95.0
15,w0_storm_diesel_start,95,2026-01-04 23:00:00+08:00,0.0,0.0,0.0,0.0,0.0,0.0,10.0,0.0,0.0,2.5,1.0,0.0,0,0,5.0,0.0,95.0
