wind_kw,pv_kw,diesel_units,battery_kwh,pcs_kw,ups_kwh,ups_kw,objective_yuan,investment_yuan,mean_operation_yuan,feasible,core_bridge_pass,required_ups_kwh,required_ups_kw,flex_adjusted_mean_kwh
0.0,0.0,0,0.0,0.0,600.0,100.0,1600811.4662131616,295000.0,1305811.4662131616,False,True,585.6995405936965,59.192259821250445,3865.8930600743543
0.0,0.0,0,0.0,0.0,600.0,150.0,1613311.4662131616,307500.0,1305811.4662131616,False,True,585.6995405936965,59.192259821250445,3865.8930600743543
0.0,0.0,0,0.0,200.0,600.0,100.0,1680811.4662131616,375000.0,1305811.4662131616,False,True,585.6995405936965,59.192259821250445,3865.8930600743543
0.0,0.0,0,0.0,200.0,600.0,150.0,1693311.4662131616,387500.0,1305811.4662131616,False,True,585.6995405936965,59.192259821250445,3865.8930600743543
0.0,0.0,0,0.0,0.0,900.0,100.0,1735891.0580498963,430000.0,1305891.0580498963,False,True,585.6995405936965,59.192259821250445,3865.8930600743543
0.0,0.0,0,0.0,0.0,900.0,150.0,1748391.0580498963,442500.0,1305891.0580498963,False,True,585.6995405936965,59.192259821250445,3865.8930600743543
0.0,0.0,0,0.0,400.0,600.0,100.0,1760811.4662131616,455000.0,1305811.4662131616,False,True,585.6995405936965,59.192259821250445,3865.8930600743543
0.0,0.0,0,0.0,400.0,600.0,150.0,1773311.4662131616,467500.0,1305811.4662131616,False,True,585.6995405936965,59.192259821250445,3865.8930600743543
0.0,0.0,1,0.0,0.0,600.0,100.0,1392500.216213161,475000.0,917500.2162131609,False,True,585.6995405936965,59.192259821250445,3865.8930600743543
0.0,0.0,1,0.0,0.0,600.0,150.0,1405000.216213161,487500.0,917500.2162131609,False,True,585.6995405936965,59.192259821250445,3865.8930600743543
0.0,200.0,0,0.0,0.0,600.0,100.0,1555230.5720143393,495000.0,1060230.5720143393,False,True,585.6995405936965,59.192259821250445,3865.8930600743543
0.0,200.0,0,0.0,0.0,600.0,150.0,1567730.5720143393,507500.0,1060230.5720143393,False,True,585.6995405936965,59.192259821250445,3865.8930600743543
0.0,0.0,0,0.0,200.0,900.0,100.0,1815891.0580498963,510000.0,1305891.0580498963,False,True,585.6995405936965,59.192259821250445,3865.8930600743543
0.0,0.0,0,0.0,200.0,900.0,150.0,1828391.0580498963,522500.0,1305891.0580498963,False,True,585.6995405936965,59.192259821250445,3865.8930600743543
0.0,0.0,0,0.0,600.0,600.0,100.0,1840811.4662131616,535000.0,1305811.4662131616,False,True,585.6995405936965,59.192259821250445,3865.8930600743543
0.0,0.0,0,0.0,600.0,600.0,150.0,1853311.4662131616,547500.0,1305811.4662131616,False,True,585.6995405936965,59.192259821250445,3865.8930600743543
0.0,0.0,1,0.0,200.0,600.0,100.0,1472500.216213161,555000.0,917500.2162131609,False,True,585.6995405936965,59.192259821250445,3865.8930600743543
0.0,0.0,0,0.0,0.0,1200.0,100.0,1870970.649886631,565000.0,1305970.649886631,False,True,585.6995405936965,59.192259821250445,3865.8930600743543
0.0,0.0,1,0.0,200.0,600.0,150.0,1485000.216213161,567500.0,917500.2162131609,False,True,585.6995405936965,59.192259821250445,3865.8930600743543
0.0,200.0,0,0.0,200.0,600.0,100.0,1635230.5720143393,575000.0,1060230.5720143393,False,True,585.6995405936965,59.192259821250445,3865.8930600743543
0.0,0.0,0,0.0,0.0,1200.0,150.0,1883470.649886631,577500.0,1305970.649886631,False,True,585.6995405936965,59.192259821250445,3865.8930600743543
0.0,200.0,0,0.0,200.0,600.0,150.0,1647730.5720143393,587500.0,1060230.5720143393,False,True,585.6995405936965,59.192259821250445,3865.8930600743543
0.0,0.0,0,0.0,400.0,900.0,100.0,1895891.0580498963,590000.0,1305891.0580498963,False,True,585.6995405936965,59.192259821250445,3865.8930600743543
200.0,0.0,0,0.0,0.0,600.0,100.0,1420645.4601806917,595000.0,825645.4601806917,False,True,585.6995405936965,59.192259821250445,3865.8930600743543
0.0,0.0,0,0.0,400.0,900.0,150.0,1908391.0580498963,602500.0,1305891.0580498963,False,True,585.6995405936965,59.192259821250445,3865.8930600743543
200.0,0.0,0,0.0,0.0,600.0,150.0,1433145.4601806917,607500.0,825645.4601806917,False,True,585.6995405936965,59.192259821250445,3865.8930600743543
0.0,0.0,1,0.0,0.0,900.0,100.0,1527579.8080498956,610000.0,917579.8080498956,False,True,585.6995405936965,59.192259821250445,3865.8930600743543
0.0,0.0,1,0.0,0.0,900.0,150.0,1540079.8080498956,622500.0,917579.8080498956,False,True,585.6995405936965,59.192259821250445,3865.8930600743543
0.0,200.0,0,0.0,0.0,900.0,100.0,1690310.163851074,630000.0,1060310.163851074,False,True,585.6995405936965,59.192259821250445,3865.8930600743543
0.0,0.0,1,0.0,400.0,600.0,100.0,1552500.216213161,635000.0,917500.2162131609,False,True,585.6995405936965,59.192259821250445,3865.8930600743543
0.0,200.0,0,0.0,0.0,900.0,150.0,1702810.163851074,642500.0,1060310.163851074,False,True,585.6995405936965,59.192259821250445,3865.8930600743543
0.0,0.0,0,0.0,200.0,1200.0,100.0,1950970.649886631,645000.0,1305970.649886631,False,True,585.6995405936965,59.192259821250445,3865.8930600743543
0.0,0.0,1,0.0,400.0,600.0,150.0,1565000.216213161,647500.0,917500.2162131609,False,True,585.6995405936965,59.192259821250445,3865.8930600743543
0.0,0.0,2,0.0,0.0,600.0,100.0,1331891.9540247424,655000.0,676891.9540247422,False,True,585.6995405936965,59.192259821250445,2156.576628081344
0.0,200.0,0,0.0,400.0,600.0,100.0,1715230.5720143393,655000.0,1060230.5720143393,False,True,585.6995405936965,59.192259821250445,3865.8930600743543
0.0,0.0,0,0.0,200.0,1200.0,150.0,1963470.649886631,657500.0,1305970.649886631,False,True,585.6995405936965,59.192259821250445,3865.8930600743543
0.0,0.0,2,0.0,0.0,600.0,150.0,1344391.9540247424,667500.0,676891.9540247422,False,True,585.6995405936965,59.192259821250445,2156.576628081344
0.0,200.0,0,0.0,400.0,600.0,150.0,1727730.5720143393,667500.0,1060230.5720143393,False,True,585.6995405936965,59.192259821250445,3865.8930600743543
0.0,0.0,0,0.0,600.0,900.0,100.0,1975891.0580498963,670000.0,1305891.0580498963,False,True,585.6995405936965,59.192259821250445,3865.8930600743543
0.0,0.0,0,1500.0,0.0,600.0,100.0,1975811.4662131616,670000.0,1305811.4662131616,False,True,585.6995405936965,59.192259821250445,3865.8930600743543
0.0,200.0,1,0.0,0.0,600.0,100.0,1348185.8041265886,675000.0,673185.8041265886,False,True,585.6995405936965,59.192259821250445,3313.276144089339
200.0,0.0,0,0.0,200.0,600.0,100.0,1500645.4601806917,675000.0,825645.4601806917,False,True,585.6995405936965,59.192259821250445,3863.7343221433985
0.0,0.0,0,0.0,600.0,900.0,150.0,1988391.0580498963,682500.0,1305891.0580498963,False,True,585.6995405936965,59.192259821250445,3865.8930600743543
0.0,0.0,0,1500.0,0.0,600.0,150.0,1988311.4662131616,682500.0,1305811.4662131616,False,True,585.6995405936965,59.192259821250445,3865.8930600743543
0.0,200.0,1,0.0,0.0,600.0,150.0,1360685.8041265886,687500.0,673185.8041265886,False,True,585.6995405936965,59.192259821250445,3313.276144089339
200.0,0.0,0,0.0,200.0,600.0,150.0,1513145.4601806917,687500.0,825645.4601806917,False,True,585.6995405936965,59.192259821250445,3863.7343221433985
0.0,0.0,1,0.0,200.0,900.0,100.0,1607579.8080498956,690000.0,917579.8080498956,False,True,585.6995405936965,59.192259821250445,3865.8930600743543
0.0,400.0,0,0.0,0.0,600.0,100.0,1537965.0412121124,695000.0,842965.0412121124,False,True,585.6995405936965,59.192259821250445,3865.8930600743543
0.0,0.0,1,0.0,200.0,900.0,150.0,1620079.8080498956,702500.0,917579.8080498956,False,True,585.6995405936965,59.192259821250445,3865.8930600743543
0.0,400.0,0,0.0,0.0,600.0,150.0,1550465.0412121124,707500.0,842965.0412121124,False,True,585.6995405936965,59.192259821250445,3865.8930600743543
0.0,200.0,0,0.0,200.0,900.0,100.0,1770310.163851074,710000.0,1060310.163851074,False,True,585.6995405936965,59.192259821250445,3865.8930600743543
0.0,0.0,1,0.0,600.0,600.0,100.0,1632500.216213161,715000.0,917500.2162131609,False,True,585.6995405936965,59.192259821250445,3865.8930600743543
0.0,200.0,0,0.0,200.0,900.0,150.0,1782810.163851074,722500.0,1060310.163851074,False,True,585.6995405936965,59.192259821250445,3865.8930600743543
0.0,0.0,0,0.0,400.0,1200.0,100.0,2030970.649886631,725000.0,1305970.649886631,False,True,585.6995405936965,59.192259821250445,3865.8930600743543
0.0,0.0,1,0.0,600.0,600.0,150.0,1645000.216213161,727500.0,917500.2162131609,False,True,585.6995405936965,59.192259821250445,3865.8930600743543
200.0,0.0,0,0.0,0.0,900.0,100.0,1555725.0520174264,730000.0,825725.0520174264,False,True,585.6995405936965,59.192259821250445,3865.8930600743543
0.0,0.0,2,0.0,200.0,600.0,100.0,1411891.9540247424,735000.0,676891.9540247422,False,True,585.6995405936965,59.192259821250445,2156.576628081344
0.0,200.0,0,0.0,600.0,600.0,100.0,1795230.5720143393,735000.0,1060230.5720143393,False,True,585.6995405936965,59.192259821250445,3865.8930600743543
0.0,0.0,0,0.0,400.0,1200.0,150.0,2043470.649886631,737500.0,1305970.649886631,False,True,585.6995405936965,59.192259821250445,3865.8930600743543
200.0,0.0,0,0.0,0.0,900.0,150.0,1568225.0520174264,742500.0,825725.0520174264,False,True,585.6995405936965,59.192259821250445,3865.8930600743543
0.0,0.0,1,0.0,0.0,1200.0,100.0,1662659.3998866302,745000.0,917659.3998866302,False,True,585.6995405936965,59.192259821250445,3865.8930600743543
0.0,0.0,2,0.0,200.0,600.0,150.0,1424391.9540247424,747500.0,676891.9540247422,False,True,585.6995405936965,59.192259821250445,2156.576628081344
0.0,200.0,0,0.0,600.0,600.0,150.0,1807730.5720143393,747500.0,1060230.5720143393,False,True,585.6995405936965,59.192259821250445,3865.8930600743543
0.0,0.0,0,1500.0,200.0,600.0,100.0,2055811.4662131616,750000.0,1305811.4662131616,False,True,585.6995405936965,59.192259821250445,3802.2120025446893
0.0,200.0,1,0.0,200.0,600.0,100.0,1428185.8041265886,755000.0,673185.8041265886,False,True,585.6995405936965,59.192259821250445,3313.276144089339
200.0,0.0,0,0.0,400.0,600.0,100.0,1580645.4601806917,755000.0,825645.4601806917,False,True,585.6995405936965,59.192259821250445,3863.7343221433985
0.0,0.0,1,0.0,0.0,1200.0,150.0,1675159.3998866302,757500.0,917659.3998866302,False,True,585.6995405936965,59.192259821250445,3865.8930600743543
0.0,0.0,0,1500.0,200.0,600.0,150.0,2068311.4662131616,762500.0,1305811.4662131616,False,True,585.6995405936965,59.192259821250445,3802.2120025446893
0.0,200.0,0,0.0,0.0,1200.0,100.0,1825389.7556878086,765000.0,1060389.7556878086,False,True,585.6995405936965,59.192259821250445,3865.8930600743543
0.0,200.0,1,0.0,200.0,600.0,150.0,1440685.8041265886,767500.0,673185.8041265886,False,True,585.6995405936965,59.192259821250445,3313.276144089339
200.0,0.0,0,0.0,400.0,600.0,150.0,1593145.4601806917,767500.0,825645.4601806917,False,True,585.6995405936965,59.192259821250445,3863.7343221433985
0.0,0.0,1,0.0,400.0,900.0,100.0,1687579.8080498956,770000.0,917579.8080498956,False,True,585.6995405936965,59.192259821250445,3865.8930600743543
0.0,400.0,0,0.0,200.0,600.0,100.0,1617965.0412121124,775000.0,842965.0412121124,False,True,585.6995405936965,59.192259821250445,3195.9518871433934
200.0,0.0,1,0.0,0.0,600.0,100.0,1227272.2861519398,775000.0,452272.28615193977,False,True,585.6995405936965,59.192259821250445,2562.771352790423
0.0,200.0,0,0.0,0.0,1200.0,150.0,1837889.7556878086,777500.0,1060389.7556878086,False,True,585.6995405936965,59.192259821250445,3865.8930600743543
0.0,0.0,1,0.0,400.0,900.0,150.0,1700079.8080498956,782500.0,917579.8080498956,False,True,585.6995405936965,59.192259821250445,3865.8930600743543
0.0,400.0,0,0.0,200.0,600.0,150.0,1630465.0412121124,787500.0,842965.0412121124,False,True,585.6995405936965,59.192259821250445,3195.9518871433934
200.0,0.0,1,0.0,0.0,600.0,150.0,1239772.2861519398,787500.0,452272.28615193977,False,True,585.6995405936965,59.192259821250445,2562.771352790423
0.0,0.0,2,0.0,0.0,900.0,100.0,1466971.545861477,790000.0,676971.545861477,False,True,585.6995405936965,59.192259821250445,2156.576628081344
0.0,200.0,0,0.0,400.0,900.0,100.0,1850310.163851074,790000.0,1060310.163851074,False,True,585.6995405936965,59.192259821250445,3865.8930600743543
200.0,200.0,0,0.0,0.0,600.0,100.0,1380211.977522036,795000.0,585211.977522036,False,True,585.6995405936965,59.192259821250445,3865.8930600743543
0.0,0.0,2,0.0,0.0,900.0,150.0,1479471.545861477,802500.0,676971.545861477,False,True,585.6995405936965,59.192259821250445,2156.576628081344
0.0,200.0,0,0.0,400.0,900.0,150.0,1862810.163851074,802500.0,1060310.163851074,False,True,585.6995405936965,59.192259821250445,3865.8930600743543
0.0,0.0,0,0.0,600.0,1200.0,100.0,2110970.649886631,805000.0,1305970.649886631,False,True,585.6995405936965,59.192259821250445,3865.8930600743543
0.0,0.0,0,1500.0,0.0,900.0,100.0,2110891.0580498963,805000.0,1305891.0580498963,False,True,585.6995405936965,59.192259821250445,3865.8930600743543
200.0,200.0,0,0.0,0.0,600.0,150.0,1392711.977522036,807500.0,585211.977522036,False,True,585.6995405936965,59.192259821250445,3865.8930600743543
0.0,200.0,1,0.0,0.0,900.0,100.0,1483265.3959633233,810000.0,673265.3959633233,False,True,585.6995405936965,59.192259821250445,3313.276144089339
200.0,0.0,0,0.0,200.0,900.0,100.0,1635725.0520174264,810000.0,825725.0520174264,False,True,585.6995405936965,59.192259821250445,3863.7343221433985
0.0,0.0,2,0.0,400.0,600.0,100.0,1491891.9540247424,815000.0,676891.9540247422,False,True,585.6995405936965,59.192259821250445,2156.576628081344
0.0,0.0,0,0.0,600.0,1200.0,150.0,2123470.649886631,817500.0,1305970.649886631,False,True,585.6995405936965,59.192259821250445,3865.8930600743543
0.0,0.0,0,1500.0,0.0,900.0,150.0,2123391.0580498963,817500.0,1305891.0580498963,False,True,585.6995405936965,59.192259821250445,3865.8930600743543
0.0,200.0,1,0.0,0.0,900.0,150.0,1495765.3959633233,822500.0,673265.3959633233,False,True,585.6995405936965,59.192259821250445,3313.276144089339
200.0,0.0,0,0.0,200.0,900.0,150.0,1648225.0520174264,822500.0,825725.0520174264,False,True,585.6995405936965,59.192259821250445,3863.7343221433985
0.0,0.0,1,0.0,200.0,1200.0,100.0,1742659.3998866302,825000.0,917659.3998866302,False,True,585.6995405936965,59.192259821250445,3865.8930600743543
0.0,0.0,2,0.0,400.0,600.0,150.0,1504391.9540247424,827500.0,676891.9540247422,False,True,585.6995405936965,59.192259821250445,2156.576628081344
0.0,0.0,0,1500.0,400.0,600.0,100.0,2135811.4662131616,830000.0,1305811.4662131616,False,True,585.6995405936965,59.192259821250445,3708.3402300771795
0.0,400.0,0,0.0,0.0,900.0,100.0,1672984.939171296,830000.0,842984.9391712961,False,True,585.6995405936965,59.192259821250445,3865.8930600743543
0.0,0.0,3,0.0,0.0,600.0,100.0,1492863.2040247424,835000.0,657863.2040247422,False,True,585.6995405936965,59.192259821250445,2156.576628081344
0.0,200.0,1,0.0,400.0,600.0,100.0,1508185.8041265886,835000.0,673185.8041265886,False,True,585.6995405936965,59.192259821250445,3313.276144089339
200.0,0.0,0,0.0,600.0,600.0,100.0,1660645.4601806917,835000.0,825645.4601806917,False,True,585.6995405936965,59.192259821250445,3863.7343221433985
0.0,0.0,1,0.0,200.0,1200.0,150.0,1755159.3998866302,837500.0,917659.3998866302,False,True,585.6995405936965,59.192259821250445,3865.8930600743543
0.0,0.0,0,1500.0,400.0,600.0,150.0,2148311.4662131616,842500.0,1305811.4662131616,False,True,585.6995405936965,59.192259821250445,3708.3402300771795
0.0,400.0,0,0.0,0.0,900.0,150.0,1685484.939171296,842500.0,842984.9391712961,False,True,585.6995405936965,59.192259821250445,3865.8930600743543
0.0,200.0,0,0.0,200.0,1200.0,100.0,1905389.7556878086,845000.0,1060389.7556878086,False,True,585.6995405936965,59.192259821250445,3865.8930600743543
0.0,0.0,3,0.0,0.0,600.0,150.0,1505363.2040247424,847500.0,657863.2040247422,False,True,585.6995405936965,59.192259821250445,2156.576628081344
0.0,200.0,1,0.0,400.0,600.0,150.0,1520685.8041265886,847500.0,673185.8041265886,False,True,585.6995405936965,59.192259821250445,3313.276144089339
200.0,0.0,0,0.0,600.0,600.0,150.0,1673145.4601806917,847500.0,825645.4601806917,False,True,585.6995405936965,59.192259821250445,3863.7343221433985
0.0,0.0,1,0.0,600.0,900.0,100.0,1767579.8080498956,850000.0,917579.8080498956,False,True,585.6995405936965,59.192259821250445,3865.8930600743543
0.0,0.0,1,1500.0,0.0,600.0,100.0,1767500.216213161,850000.0,917500.2162131609,False,True,585.6995405936965,59.192259821250445,3865.8930600743543
0.0,200.0,2,0.0,0.0,600.0,100.0,1329883.120975469,855000.0,474883.12097546906,False,True,585.6995405936965,59.192259821250445,1051.7114471702214
0.0,400.0,0,0.0,400.0,600.0,100.0,1697965.0412121124,855000.0,842965.0412121124,False,True,585.6995405936965,59.192259821250445,3195.9518871433934
200.0,0.0,1,0.0,200.0,600.0,100.0,1307272.2861519398,855000.0,452272.28615193977,False,True,585.6995405936965,59.192259821250445,2562.771352790423
0.0,200.0,0,0.0,200.0,1200.0,150.0,1917889.7556878086,857500.0,1060389.7556878086,False,True,585.6995405936965,59.192259821250445,3865.8930600743543
0.0,0.0,1,0.0,600.0,900.0,150.0,1780079.8080498956,862500.0,917579.8080498956,False,True,585.6995405936965,59.192259821250445,3865.8930600743543
0.0,0.0,1,1500.0,0.0,600.0,150.0,1780000.216213161,862500.0,917500.2162131609,False,True,585.6995405936965,59.192259821250445,3865.8930600743543
200.0,0.0,0,0.0,0.0,1200.0,100.0,1690804.643854161,865000.0,825804.643854161,False,True,585.6995405936965,59.192259821250445,3865.8930600743543
0.0,200.0,2,0.0,0.0,600.0,150.0,1342383.120975469,867500.0,474883.12097546906,False,True,585.6995405936965,59.192259821250445,1051.7114471702214
0.0,400.0,0,0.0,400.0,600.0,150.0,1710465.0412121124,867500.0,842965.0412121124,False,True,585.6995405936965,59.192259821250445,3195.9518871433934
200.0,0.0,1,0.0,200.0,600.0,150.0,1319772.2861519398,867500.0,452272.28615193977,False,True,585.6995405936965,59.192259821250445,2562.771352790423
0.0,0.0,2,0.0,200.0,900.0,100.0,1546971.545861477,870000.0,676971.545861477,False,True,585.6995405936965,59.192259821250445,2156.576628081344
0.0,200.0,0,0.0,600.0,900.0,100.0,1930310.163851074,870000.0,1060310.163851074,False,True,585.6995405936965,59.192259821250445,3865.8930600743543
0.0,200.0,0,1500.0,0.0,600.0,100.0,1930230.5720143393,870000.0,1060230.5720143393,False,True,585.6995405936965,59.192259821250445,3865.8930600743543
0.0,400.0,1,0.0,0.0,600.0,100.0,1415468.6741485733,875000.0,540468.6741485733,False,True,585.6995405936965,59.192259821250445,2563.51871475447
200.0,200.0,0,0.0,200.0,600.0,100.0,1460211.977522036,875000.0,585211.977522036,False,True,585.6995405936965,59.192259821250445,3431.479952018347
200.0,0.0,0,0.0,0.0,1200.0,150.0,1703304.643854161,877500.0,825804.643854161,False,True,585.6995405936965,59.192259821250445,3865.8930600743543
0.0,0.0,2,0.0,200.0,900.0,150.0,1559471.545861477,882500.0,676971.545861477,False,True,585.6995405936965,59.192259821250445,2156.576628081344
0.0,200.0,0,0.0,600.0,900.0,150.0,1942810.163851074,882500.0,1060310.163851074,False,True,585.6995405936965,59.192259821250445,3865.8930600743543
0.0,200.0,0,1500.0,0.0,600.0,150.0,1942730.5720143393,882500.0,1060230.5720143393,False,True,585.6995405936965,59.192259821250445,3865.8930600743543
0.0,0.0,0,1500.0,200.0,900.0,100.0,2190891.0580498963,885000.0,1305891.0580498963,False,True,585.6995405936965,59.192259821250445,3802.2120025446893
0.0,400.0,1,0.0,0.0,600.0,150.0,1427968.6741485733,887500.0,540468.6741485733,False,True,585.6995405936965,59.192259821250445,2563.51871475447
200.0,200.0,0,0.0,200.0,600.0,150.0,1472711.977522036,887500.0,585211.977522036,False,True,585.6995405936965,59.192259821250445,3431.479952018347
0.0,200.0,1,0.0,200.0,900.0,100.0,1563265.3959633233,890000.0,673265.3959633233,False,True,585.6995405936965,59.192259821250445,3313.276144089339
200.0,0.0,0,0.0,400.0,900.0,100.0,1715725.0520174264,890000.0,825725.0520174264,False,True,585.6995405936965,59.192259821250445,3863.7343221433985
0.0,0.0,2,0.0,600.0,600.0,100.0,1571891.9540247424,895000.0,676891.9540247422,False,True,585.6995405936965,59.192259821250445,2156.576628081344
0.0,600.0,0,0.0,0.0,600.0,100.0,1651603.7575984488,895000.0,756603.7575984488,False,True,585.6995405936965,59.192259821250445,3865.8930600743543
400.0,0.0,0,0.0,0.0,600.0,100.0,1300503.1203564089,895000.0,405503.1203564088,False,True,585.6995405936965,59.192259821250445,3865.8930600743543
0.0,0.0,0,1500.0,200.0,900.0,150.0,2203391.0580498963,897500.0,1305891.0580498963,False,True,585.6995405936965,59.192259821250445,3802.2120025446893
0.0,200.0,1,0.0,200.0,900.0,150.0,1575765.3959633233,902500.0,673265.3959633233,False,True,585.6995405936965,59.192259821250445,3313.276144089339
200.0,0.0,0,0.0,400.0,900.0,150.0,1728225.0520174264,902500.0,825725.0520174264,False,True,585.6995405936965,59.192259821250445,3863.7343221433985
0.0,0.0,1,0.0,400.0,1200.0,100.0,1822659.3998866302,905000.0,917659.3998866302,False,True,585.6995405936965,59.192259821250445,3865.8930600743543
0.0,0.0,2,0.0,600.0,600.0,150.0,1584391.9540247424,907500.0,676891.9540247422,False,True,585.6995405936965,59.192259821250445,2156.576628081344
0.0,600.0,0,0.0,0.0,600.0,150.0,1664103.7575984488,907500.0,756603.7575984488,False,True,585.6995405936965,59.192259821250445,3865.8930600743543
400.0,0.0,0,0.0,0.0,600.0,150.0,1313003.1203564089,907500.0,405503.1203564088,False,True,585.6995405936965,59.192259821250445,3865.8930600743543
0.0,0.0,0,1500.0,600.0,600.0,100.0,2215811.4662131616,910000.0,1305811.4662131616,False,True,585.6995405936965,59.192259821250445,3708.3402300771795
0.0,400.0,0,0.0,200.0,900.0,100.0,1752984.939171296,910000.0,842984.9391712961,False,True,585.6995405936965,59.192259821250445,3195.9518871433934
200.0,0.0,1,0.0,0.0,900.0,100.0,1362351.8779886744,910000.0,452351.87798867445,False,True,585.6995405936965,59.192259821250445,2562.771352790423
0.0,0.0,3,0.0,200.0,600.0,100.0,1572863.2040247424,915000.0,657863.2040247422,False,True,585.6995405936965,59.192259821250445,2156.576628081344
0.0,200.0,1,0.0,600.0,600.0,100.0,1588185.8041265886,915000.0,673185.8041265886,False,True,585.6995405936965,59.192259821250445,3313.276144089339
0.0,0.0,1,0.0,400.0,1200.0,150.0,1835159.3998866302,917500.0,917659.3998866302,False,True,585.6995405936965,59.192259821250445,3865.8930600743543
0.0,0.0,0,2500.0,0.0,600.0,100.0,2225811.4662131616,920000.0,1305811.4662131616,False,True,585.6995405936965,59.192259821250445,3865.8930600743543
0.0,0.0,0,1500.0,600.0,600.0,150.0,2228311.4662131616,922500.0,1305811.4662131616,False,True,585.6995405936965,59.192259821250445,3708.3402300771795
0.0,400.0,0,0.0,200.0,900.0,150.0,1765484.939171296,922500.0,842984.9391712961,False,True,585.6995405936965,59.192259821250445,3195.9518871433934
200.0,0.0,1,0.0,0.0,900.0,150.0,1374851.8779886744,922500.0,452351.87798867445,False,True,585.6995405936965,59.192259821250445,2562.771352790423
0.0,0.0,2,0.0,0.0,1200.0,100.0,1602051.1376982117,925000.0,677051.1376982117,False,True,585.6995405936965,59.192259821250445,2156.576628081344
0.0,200.0,0,0.0,400.0,1200.0,100.0,1985389.7556878086,925000.0,1060389.7556878086,False,True,585.6995405936965,59.192259821250445,3865.8930600743543
0.0,0.0,3,0.0,200.0,600.0,150.0,1585363.2040247424,927500.0,657863.2040247422,False,True,585.6995405936965,59.192259821250445,2156.576628081344
0.0,200.0,1,0.0,600.0,600.0,150.0,1600685.8041265886,927500.0,673185.8041265886,False,True,585.6995405936965,59.192259821250445,3313.276144089339
0.0,0.0,1,1500.0,200.0,600.0,100.0,1847500.216213161,930000.0,917500.2162131609,False,True,585.6995405936965,59.192259821250445,3641.986733175723
200.0,200.0,0,0.0,0.0,900.0,100.0,1515231.8754812197,930000.0,585231.8754812197,False,True,585.6995405936965,59.192259821250445,3865.8930600743543
0.0,0.0,0,2500.0,0.0,600.0,150.0,2238311.4662131616,932500.0,1305811.4662131616,False,True,585.6995405936965,59.192259821250445,3865.8930600743543
0.0,200.0,2,0.0,200.0,600.0,100.0,1409883.120975469,935000.0,474883.12097546906,False,True,585.6995405936965,59.192259821250445,1051.7114471702214
0.0,400.0,0,0.0,600.0,600.0,100.0,1777965.0412121124,935000.0,842965.0412121124,False,True,585.6995405936965,59.192259821250445,3195.9518871433934
200.0,0.0,1,0.0,400.0,600.0,100.0,1387272.2861519398,935000.0,452272.28615193977,False,True,585.6995405936965,59.192259821250445,2562.771352790423
0.0,0.0,2,0.0,0.0,1200.0,150.0,1614551.1376982117,937500.0,677051.1376982117,False,True,585.6995405936965,59.192259821250445,2156.576628081344
0.0,200.0,0,0.0,400.0,1200.0,150.0,1997889.7556878086,937500.0,1060389.7556878086,False,True,585.6995405936965,59.192259821250445,3865.8930600743543
0.0,0.0,0,1500.0,0.0,1200.0,100.0,2245970.649886631,940000.0,1305970.649886631,False,True,585.6995405936965,59.192259821250445,3865.8930600743543
0.0,0.0,1,1500.0,200.0,600.0,150.0,1860000.216213161,942500.0,917500.2162131609,False,True,585.6995405936965,59.192259821250445,3641.986733175723
200.0,200.0,0,0.0,0.0,900.0,150.0,1527731.8754812197,942500.0,585231.8754812197,False,True,585.6995405936965,59.192259821250445,3865.8930600743543
0.0,200.0,1,0.0,0.0,1200.0,100.0,1618344.987800058,945000.0,673344.987800058,False,True,585.6995405936965,59.192259821250445,3313.276144089339
200.0,0.0,0,0.0,200.0,1200.0,100.0,1770804.643854161,945000.0,825804.643854161,False,True,585.6995405936965,59.192259821250445,3863.7343221433985
0.0,200.0,2,0.0,200.0,600.0,150.0,1422383.120975469,947500.0,474883.12097546906,False,True,585.6995405936965,59.192259821250445,1051.7114471702214
0.0,400.0,0,0.0,600.0,600.0,150.0,1790465.0412121124,947500.0,842965.0412121124,False,True,585.6995405936965,59.192259821250445,3195.9518871433934
200.0,0.0,1,0.0,400.0,600.0,150.0,1399772.2861519398,947500.0,452272.28615193977,False,True,585.6995405936965,59.192259821250445,2562.771352790423
0.0,0.0,2,0.0,400.0,900.0,100.0,1626971.545861477,950000.0,676971.545861477,False,True,585.6995405936965,59.192259821250445,2156.576628081344
0.0,200.0,0,1500.0,200.0,600.0,100.0,2010230.5720143393,950000.0,1060230.5720143393,False,True,585.6995405936965,59.192259821250445,3678.9427360221134
0.0,0.0,0,1500.0,0.0,1200.0,150.0,2258470.649886631,952500.0,1305970.649886631,False,True,585.6995405936965,59.192259821250445,3865.8930600743543
0.0,400.0,1,0.0,200.0,600.0,100.0,1495468.6741485733,955000.0,540468.6741485733,False,True,585.6995405936965,59.192259821250445,2513.7098293627223
200.0,0.0,2,0.0,0.0,600.0,100.0,1297355.009759961,955000.0,342355.0097599609,False,True,585.6995405936965,59.192259821250445,405.87444545289327
200.0,200.0,0,0.0,400.0,600.0,100.0,1540211.977522036,955000.0,585211.977522036,False,True,585.6995405936965,59.192259821250445,3431.479952018347
0.0,200.0,1,0.0,0.0,1200.0,150.0,1630844.987800058,957500.0,673344.987800058,False,True,585.6995405936965,59.192259821250445,3313.276144089339
200.0,0.0,0,0.0,200.0,1200.0,150.0,1783304.643854161,957500.0,825804.643854161,False,True,585.6995405936965,59.192259821250445,3863.7343221433985
0.0,0.0,2,0.0,400.0,900.0,150.0,1639471.545861477,962500.0,676971.545861477,False,True,585.6995405936965,59.192259821250445,2156.576628081344
0.0,200.0,0,1500.0,200.0,600.0,150.0,2022730.5720143393,962500.0,1060230.5720143393,False,True,585.6995405936965,59.192259821250445,3678.9427360221134
0.0,0.0,0,1500.0,400.0,900.0,100.0,2270891.0580498963,965000.0,1305891.0580498963,False,True,585.6995405936965,59.192259821250445,3708.3402300771795
0.0,400.0,0,0.0,0.0,1200.0,100.0,1808004.8371304797,965000.0,843004.8371304797,False,True,585.6995405936965,59.192259821250445,3865.8930600743543
0.0,400.0,1,0.0,200.0,600.0,150.0,1507968.6741485733,967500.0,540468.6741485733,False,True,585.6995405936965,59.192259821250445,2513.7098293627223
200.0,0.0,2,0.0,0.0,600.0,150.0,1309855.009759961,967500.0,342355.0097599609,False,True,585.6995405936965,59.192259821250445,405.87444545289327
200.0,200.0,0,0.0,400.0,600.0,150.0,1552711.977522036,967500.0,585211.977522036,False,True,585.6995405936965,59.192259821250445,3431.479952018347
0.0,0.0,3,0.0,0.0,900.0,100.0,1627942.795861477,970000.0,657942.795861477,False,True,585.6995405936965,59.192259821250445,2156.576628081344
0.0,200.0,1,0.0,400.0,900.0,100.0,1643265.3959633233,970000.0,673265.3959633233,False,True,585.6995405936965,59.192259821250445,3313.276144089339
200.0,0.0,0,0.0,600.0,900.0,100.0,1795725.0520174264,970000.0,825725.0520174264,False,True,585.6995405936965,59.192259821250445,3863.7343221433985
200.0,0.0,0,1500.0,0.0,600.0,100.0,1795645.4601806917,970000.0,825645.4601806917,False,True,585.6995405936965,59.192259821250445,3865.8930600743543
0.0,600.0,0,0.0,200.0,600.0,100.0,1731603.7575984488,975000.0,756603.7575984488,False,True,585.6995405936965,59.192259821250445,2649.4167270363273
200.0,200.0,1,0.0,0.0,600.0,100.0,1260609.5918205925,975000.0,285609.59182059247,False,True,585.6995405936965,59.192259821250445,1486.5406080481362
400.0,0.0,0,0.0,200.0,600.0,100.0,1380503.1203564089,975000.0,405503.1203564088,False,True,585.6995405936965,59.192259821250445,2595.9332940343993
0.0,0.0,0,1500.0,400.0,900.0,150.0,2283391.0580498963,977500.0,1305891.0580498963,False,True,585.6995405936965,59.192259821250445,3708.3402300771795
0.0,400.0,0,0.0,0.0,1200.0,150.0,1820504.8371304797,977500.0,843004.8371304797,False,True,585.6995405936965,59.192259821250445,3865.8930600743543
0.0,0.0,3,0.0,0.0,900.0,150.0,1640442.795861477,982500.0,657942.795861477,False,True,585.6995405936965,59.192259821250445,2156.576628081344
0.0,200.0,1,0.0,400.0,900.0,150.0,1655765.3959633233,982500.0,673265.3959633233,False,True,585.6995405936965,59.192259821250445,3313.276144089339
200.0,0.0,0,0.0,600.0,900.0,150.0,1808225.0520174264,982500.0,825725.0520174264,False,True,585.6995405936965,59.192259821250445,3863.7343221433985
200.0,0.0,0,1500.0,0.0,600.0,150.0,1808145.4601806917,982500.0,825645.4601806917,False,True,585.6995405936965,59.192259821250445,3865.8930600743543
0.0,0.0,1,0.0,600.0,1200.0,100.0,1902659.3998866302,985000.0,917659.3998866302,False,True,585.6995405936965,59.192259821250445,3865.8930600743543
0.0,0.0,1,1500.0,0.0,900.0,100.0,1902579.8080498956,985000.0,917579.8080498956,False,True,585.6995405936965,59.192259821250445,3865.8930600743543
0.0,600.0,0,0.0,200.0,600.0,150.0,1744103.7575984488,987500.0,756603.7575984488,False,True,585.6995405936965,59.192259821250445,2649.4167270363273
200.0,200.0,1,0.0,0.0,600.0,150.0,1273109.5918205925,987500.0,285609.59182059247,False,True,585.6995405936965,59.192259821250445,1486.5406080481362
400.0,0.0,0,0.0,200.0,600.0,150.0,1393003.1203564089,987500.0,405503.1203564088,False,True,585.6995405936965,59.192259821250445,2595.9332940343993
0.0,200.0,2,0.0,0.0,900.0,100.0,1464962.712812204,990000.0,474962.7128122038,False,True,585.6995405936965,59.192259821250445,1051.7114471702214
0.0,400.0,0,0.0,400.0,900.0,100.0,1832984.939171296,990000.0,842984.9391712961,False,True,585.6995405936965,59.192259821250445,3195.9518871433934
200.0,0.0,1,0.0,200.0,900.0,100.0,1442351.8779886744,990000.0,452351.87798867445,False,True,585.6995405936965,59.192259821250445,2562.771352790423
0.0,0.0,3,0.0,400.0,600.0,100.0,1652863.2040247424,995000.0,657863.2040247422,False,True,585.6995405936965,59.192259821250445,2156.576628081344
200.0,400.0,0,0.0,0.0,600.0,100.0,1463960.6401662112,995000.0,468960.6401662111,False,True,585.6995405936965,59.192259821250445,3865.8930600743543
0.0,0.0,1,0.0,600.0,1200.0,150.0,1915159.3998866302,997500.0,917659.3998866302,False,True,585.6995405936965,59.192259821250445,3865.8930600743543
0.0,0.0,1,1500.0,0.0,900.0,150.0,1915079.8080498956,997500.0,917579.8080498956,False,True,585.6995405936965,59.192259821250445,3865.8930600743543
0.0,0.0,0,2500.0,200.0,600.0,100.0,2305811.4662131616,1000000.0,1305811.4662131616,False,True,585.6995405936965,59.192259821250445,3748.9606296132833
0.0,200.0,2,0.0,0.0,900.0,150.0,1477462.712812204,1002500.0,474962.7128122038,False,True,585.6995405936965,59.192259821250445,1051.7114471702214
0.0,400.0,0,0.0,400.0,900.0,150.0,1845484.939171296,1002500.0,842984.9391712961,False,True,585.6995405936965,59.192259821250445,3195.9518871433934
200.0,0.0,1,0.0,200.0,900.0,150.0,1454851.8779886744,1002500.0,452351.87798867445,False,True,585.6995405936965,59.192259821250445,2562.771352790423
0.0,0.0,2,0.0,200.0,1200.0,100.0,1682051.1376982117,1005000.0,677051.1376982117,False,True,585.6995405936965,59.192259821250445,2156.576628081344
0.0,200.0,0,0.0,600.0,1200.0,100.0,2065389.7556878086,1005000.0,1060389.7556878086,False,True,585.6995405936965,59.192259821250445,3865.8930600743543
0.0,200.0,0,1500.0,0.0,900.0,100.0,2065310.163851074,1005000.0,1060310.163851074,False,True,585.6995405936965,59.192259821250445,3865.8930600743543
0.0,0.0,3,0.0,400.0,600.0,150.0,1665363.2040247424,1007500.0,657863.2040247422,False,True,585.6995405936965,59.192259821250445,2156.576628081344
200.0,400.0,0,0.0,0.0,600.0,150.0,1476460.6401662112,1007500.0,468960.6401662111,False,True,585.6995405936965,59.192259821250445,3865.8930600743543
0.0,0.0,1,1500.0,400.0,600.0,100.0,1927500.216213161,1010000.0,917500.2162131609,False,True,585.6995405936965,59.192259821250445,3612.7401825512634
0.0,400.0,1,0.0,0.0,900.0,100.0,1550488.572107757,1010000.0,540488.572107757,False,True,585.6995405936965,59.192259821250445,2563.51871475447
200.0,200.0,0,0.0,200.0,900.0,100.0,1595231.8754812197,1010000.0,585231.8754812197,False,True,585.6995405936965,59.192259821250445,3431.479952018347
0.0,0.0,0,2500.0,200.0,600.0,150.0,2318311.4662131616,1012500.0,1305811.4662131616,False,True,585.6995405936965,59.192259821250445,3748.9606296132833
0.0,0.0,4,0.0,0.0,600.0,100.0,1672863.2040247424,1015000.0,657863.2040247422,False,True,585.6995405936965,59.192259821250445,2156.576628081344
0.0,200.0,2,0.0,400.0,600.0,100.0,1489883.120975469,1015000.0,474883.12097546906,False,True,585.6995405936965,59.192259821250445,1051.7114471702214
200.0,0.0,1,0.0,600.0,600.0,100.0,1467272.2861519398,1015000.0,452272.28615193977,False,True,585.6995405936965,59.192259821250445,2562.771352790423
0.0,0.0,2,0.0,200.0,1200.0,150.0,1694551.1376982117,1017500.0,677051.1376982117,False,True,585.6995405936965,59.192259821250445,2156.576628081344
0.0,200.0,0,0.0,600.0,1200.0,150.0,2077889.7556878086,1017500.0,1060389.7556878086,False,True,585.6995405936965,59.192259821250445,3865.8930600743543
0.0,200.0,0,1500.0,0.0,900.0,150.0,2077810.163851074,1017500.0,1060310.163851074,False,True,585.6995405936965,59.192259821250445,3865.8930600743543
0.0,0.0,0,1500.0,200.0,1200.0,100.0,2325970.649886631,1020000.0,1305970.649886631,False,True,585.6995405936965,59.192259821250445,3802.2120025446893
0.0,0.0,1,1500.0,400.0,600.0,150.0,1940000.216213161,1022500.0,917500.2162131609,False,True,585.6995405936965,59.192259821250445,3612.7401825512634
0.0,400.0,1,0.0,0.0,900.0,150.0,1562988.572107757,1022500.0,540488.572107757,False,True,585.6995405936965,59.192259821250445,2563.51871475447
200.0,200.0,0,0.0,200.0,900.0,150.0,1607731.8754812197,1022500.0,585231.8754812197,False,True,585.6995405936965,59.192259821250445,3431.479952018347
0.0,200.0,1,0.0,200.0,1200.0,100.0,1698344.987800058,1025000.0,673344.987800058,False,True,585.6995405936965,59.192259821250445,3313.276144089339
200.0,0.0,0,0.0,400.0,1200.0,100.0,1850804.643854161,1025000.0,825804.643854161,False,True,585.6995405936965,59.192259821250445,3863.7343221433985
0.0,0.0,4,0.0,0.0,600.0,150.0,1685363.2040247424,1027500.0,657863.2040247422,False,True,585.6995405936965,59.192259821250445,2156.576628081344
0.0,200.0,2,0.0,400.0,600.0,150.0,1502383.120975469,1027500.0,474883.12097546906,False,True,585.6995405936965,59.192259821250445,1051.7114471702214
200.0,0.0,1,0.0,600.0,600.0,150.0,1479772.2861519398,1027500.0,452272.28615193977,False,True,585.6995405936965,59.192259821250445,2562.771352790423
0.0,0.0,2,0.0,600.0,900.0,100.0,1706971.545861477,1030000.0,676971.545861477,False,True,585.6995405936965,59.192259821250445,2156.576628081344
0.0,0.0,2,1500.0,0.0,600.0,100.0,1706891.9540247424,1030000.0,676891.9540247422,False,True,585.6995405936965,59.192259821250445,2156.576628081344
0.0,200.0,0,1500.0,400.0,600.0,100.0,2090230.5720143393,1030000.0,1060230.5720143393,False,True,585.6995405936965,59.192259821250445,3647.7021310864807
0.0,600.0,0,0.0,0.0,900.0,100.0,1786623.6555576324,1030000.0,756623.6555576323,False,True,585.6995405936965,59.192259821250445,3865.8930600743543
400.0,0.0,0,0.0,0.0,900.0,100.0,1435523.0183155925,1030000.0,405523.0183155925,False,True,585.6995405936965,59.192259821250445,3865.8930600743543
0.0,0.0,0,1500.0,200.0,1200.0,150.0,2338470.649886631,1032500.0,1305970.649886631,False,True,585.6995405936965,59.192259821250445,3802.2120025446893
0.0,200.0,3,0.0,0.0,600.0,100.0,1496160.3061867612,1035000.0,461160.3061867613,False,True,585.6995405936965,59.192259821250445,1051.7114471702214
0.0,400.0,1,0.0,400.0,600.0,100.0,1575468.6741485733,1035000.0,540468.6741485733,False,True,585.6995405936965,59.192259821250445,2513.7098293627223
200.0,0.0,2,0.0,200.0,600.0,100.0,1377355.009759961,1035000.0,342355.0097599609,False,True,585.6995405936965,59.192259821250445,405.87444545289327
200.0,200.0,0,0.0,600.0,600.0,100.0,1620211.977522036,1035000.0,585211.977522036,False,True,585.6995405936965,59.192259821250445,3431.479952018347
0.0,200.0,1,0.0,200.0,1200.0,150.0,1710844.987800058,1037500.0,673344.987800058,False,True,585.6995405936965,59.192259821250445,3313.276144089339
200.0,0.0,0,0.0,400.0,1200.0,150.0,1863304.643854161,1037500.0,825804.643854161,False,True,585.6995405936965,59.192259821250445,3863.7343221433985
0.0,0.0,2,0.0,600.0,900.0,150.0,1719471.545861477,1042500.0,676971.545861477,False,True,585.6995405936965,59.192259821250445,2156.576628081344
0.0,0.0,2,1500.0,0.0,600.0,150.0,1719391.9540247424,1042500.0,676891.9540247422,False,True,585.6995405936965,59.192259821250445,2156.576628081344
0.0,200.0,0,1500.0,400.0,600.0,150.0,2102730.5720143393,1042500.0,1060230.5720143393,False,True,585.6995405936965,59.192259821250445,3647.7021310864807
0.0,600.0,0,0.0,0.0,900.0,150.0,1799123.6555576324,1042500.0,756623.6555576323,False,True,585.6995405936965,59.192259821250445,3865.8930600743543
400.0,0.0,0,0.0,0.0,900.0,150.0,1448023.0183155925,1042500.0,405523.0183155925,False,True,585.6995405936965,59.192259821250445,3865.8930600743543
0.0,0.0,0,1500.0,600.0,900.0,100.0,2350891.0580498963,1045000.0,1305891.0580498963,False,True,585.6995405936965,59.192259821250445,3708.3402300771795
0.0,400.0,0,0.0,200.0,1200.0,100.0,1888004.8371304797,1045000.0,843004.8371304797,False,True,585.6995405936965,59.192259821250445,3195.9518871433934
200.0,0.0,1,0.0,0.0,1200.0,100.0,1497431.4698254091,1045000.0,452431.4698254091,False,True,585.6995405936965,59.192259821250445,2562.771352790423
0.0,200.0,3,0.0,0.0,600.0,150.0,1508660.3061867612,1047500.0,461160.3061867613,False,True,585.6995405936965,59.192259821250445,1051.7114471702214
0.0,400.0,1,0.0,400.0,600.0,150.0,1587968.6741485733,1047500.0,540468.6741485733,False,True,585.6995405936965,59.192259821250445,2513.7098293627223
200.0,0.0,2,0.0,200.0,600.0,150.0,1389855.009759961,1047500.0,342355.0097599609,False,True,585.6995405936965,59.192259821250445,405.87444545289327
200.0,200.0,0,0.0,600.0,600.0,150.0,1632711.977522036,1047500.0,585211.977522036,False,True,585.6995405936965,59.192259821250445,3431.479952018347
0.0,0.0,3,0.0,200.0,900.0,100.0,1707942.795861477,1050000.0,657942.795861477,False,True,585.6995405936965,59.192259821250445,2156.576628081344
0.0,200.0,1,0.0,600.0,900.0,100.0,1723265.3959633233,1050000.0,673265.3959633233,False,True,585.6995405936965,59.192259821250445,3313.276144089339
0.0,200.0,1,1500.0,0.0,600.0,100.0,1723185.8041265886,1050000.0,673185.8041265886,False,True,585.6995405936965,59.192259821250445,3313.276144089339
200.0,0.0,0,1500.0,200.0,600.0,100.0,1875645.4601806917,1050000.0,825645.4601806917,False,True,585.6995405936965,59.192259821250445,3579.500840844822
0.0,0.0,0,2500.0,0.0,900.0,100.0,2360891.0580498963,1055000.0,1305891.0580498963,False,True,585.6995405936965,59.192259821250445,3865.8930600743543
0.0,400.0,2,0.0,0.0,600.0,100.0,1444265.699212757,1055000.0,389265.69921275706,False,True,585.6995405936965,59.192259821250445,995.7744347909112
0.0,600.0,0,0.0,400.0,600.0,100.0,1811603.7575984488,1055000.0,756603.7575984488,False,True,585.6995405936965,59.192259821250445,2649.4167270363273
200.0,200.0,1,0.0,200.0,600.0,100.0,1340609.5918205925,1055000.0,285609.59182059247,False,True,585.6995405936965,59.192259821250445,1468.2385147972495
400.0,0.0,0,0.0,400.0,600.0,100.0,1460503.1203564089,1055000.0,405503.1203564088,False,True,585.6995405936965,59.192259821250445,2595.9332940343993
0.0,0.0,0,1500.0,600.0,900.0,150.0,2363391.0580498963,1057500.0,1305891.0580498963,False,True,585.6995405936965,59.192259821250445,3708.3402300771795
0.0,400.0,0,0.0,200.0,1200.0,150.0,1900504.8371304797,1057500.0,843004.8371304797,False,True,585.6995405936965,59.192259821250445,3195.9518871433934
200.0,0.0,1,0.0,0.0,1200.0,150.0,1509931.4698254091,1057500.0,452431.4698254091,False,True,585.6995405936965,59.192259821250445,2562.771352790423
0.0,0.0,3,0.0,200.0,900.0,150.0,1720442.795861477,1062500.0,657942.795861477,False,True,585.6995405936965,59.192259821250445,2156.576628081344
0.0,200.0,1,0.0,600.0,900.0,150.0,1735765.3959633233,1062500.0,673265.3959633233,False,True,585.6995405936965,59.192259821250445,3313.276144089339
0.0,200.0,1,1500.0,0.0,600.0,150.0,1735685.8041265886,1062500.0,673185.8041265886,False,True,585.6995405936965,59.192259821250445,3313.276144089339
200.0,0.0,0,1500.0,200.0,600.0,150.0,1888145.4601806917,1062500.0,825645.4601806917,False,True,585.6995405936965,59.192259821250445,3579.500840844822
0.0,0.0,1,1500.0,200.0,900.0,100.0,1982579.8080498956,1065000.0,917579.8080498956,False,True,585.6995405936965,59.192259821250445,3641.986733175723
200.0,200.0,0,0.0,0.0,1200.0,100.0,1650251.7734404034,1065000.0,585251.7734404034,False,True,585.6995405936965,59.192259821250445,3865.8930600743543
0.0,0.0,0,2500.0,0.0,900.0,150.0,2373391.0580498963,1067500.0,1305891.0580498963,False,True,585.6995405936965,59.192259821250445,3865.8930600743543
0.0,400.0,2,0.0,0.0,600.0,150.0,1456765.699212757,1067500.0,389265.69921275706,False,True,585.6995405936965,59.192259821250445,995.7744347909112
0.0,600.0,0,0.0,400.0,600.0,150.0,1824103.7575984488,1067500.0,756603.7575984488,False,True,585.6995405936965,59.192259821250445,2649.4167270363273
200.0,200.0,1,0.0,200.0,600.0,150.0,1353109.5918205925,1067500.0,285609.59182059247,False,True,585.6995405936965,59.192259821250445,1468.2385147972495
400.0,0.0,0,0.0,400.0,600.0,150.0,1473003.1203564089,1067500.0,405503.1203564088,False,True,585.6995405936965,59.192259821250445,2595.9332940343993
0.0,200.0,2,0.0,200.0,900.0,100.0,1544962.712812204,1070000.0,474962.7128122038,False,True,585.6995405936965,59.192259821250445,1051.7114471702214
0.0,400.0,0,0.0,600.0,900.0,100.0,1912984.939171296,1070000.0,842984.9391712961,False,True,585.6995405936965,59.192259821250445,3195.9518871433934
0.0,400.0,0,1500.0,0.0,600.0,100.0,1912965.0412121124,1070000.0,842965.0412121124,False,True,585.6995405936965,59.192259821250445,3865.8930600743543
200.0,0.0,1,0.0,400.0,900.0,100.0,1522351.8779886744,1070000.0,452351.87798867445,False,True,585.6995405936965,59.192259821250445,2562.771352790423
0.0,0.0,3,0.0,600.0,600.0,100.0,1732863.2040247424,1075000.0,657863.2040247422,False,True,585.6995405936965,59.192259821250445,2156.576628081344
0.0,600.0,1,0.0,0.0,600.0,100.0,1575952.9602710498,1075000.0,500952.96027104976,False,True,585.6995405936965,59.192259821250445,2342.9730285659334
200.0,400.0,0,0.0,200.0,600.0,100.0,1543960.6401662112,1075000.0,468960.6401662111,False,True,585.6995405936965,59.192259821250445,2573.69823332226
400.0,0.0,1,0.0,0.0,600.0,100.0,1281753.0994056698,1075000.0,206753.09940566975,False,True,585.6995405936965,59.192259821250445,688.8512009355181
0.0,0.0,1,1500.0,200.0,900.0,150.0,1995079.8080498956,1077500.0,917579.8080498956,False,True,585.6995405936965,59.192259821250445,3641.986733175723
200.0,200.0,0,0.0,0.0,1200.0,150.0,1662751.7734404034,1077500.0,585251.7734404034,False,True,585.6995405936965,59.192259821250445,3865.8930600743543
0.0,0.0,0,2500.0,400.0,600.0,100.0,2385811.4662131616,1080000.0,1305811.4662131616,False,True,585.6995405936965,59.192259821250445,3587.2611719257848
0.0,200.0,2,0.0,200.0,900.0,150.0,1557462.712812204,1082500.0,474962.7128122038,False,True,585.6995405936965,59.192259821250445,1051.7114471702214
0.0,400.0,0,0.0,600.0,900.0,150.0,1925484.939171296,1082500.0,842984.9391712961,False,True,585.6995405936965,59.192259821250445,3195.9518871433934
0.0,400.0,0,1500.0,0.0,600.0,150.0,1925465.0412121124,1082500.0,842965.0412121124,False,True,585.6995405936965,59.192259821250445,3865.8930600743543
200.0,0.0,1,0.0,400.0,900.0,150.0,1534851.8779886744,1082500.0,452351.87798867445,False,True,585.6995405936965,59.192259821250445,2562.771352790423
0.0,0.0,2,0.0,400.0,1200.0,100.0,1762051.1376982117,1085000.0,677051.1376982117,False,True,585.6995405936965,59.192259821250445,2156.576628081344
0.0,200.0,0,1500.0,200.0,900.0,100.0,2145310.163851074,1085000.0,1060310.163851074,False,True,585.6995405936965,59.192259821250445,3678.9427360221134
0.0,0.0,3,0.0,600.0,600.0,150.0,1745363.2040247424,1087500.0,657863.2040247422,False,True,585.6995405936965,59.192259821250445,2156.576628081344
0.0,600.0,1,0.0,0.0,600.0,150.0,1588452.9602710498,1087500.0,500952.96027104976,False,True,585.6995405936965,59.192259821250445,2342.9730285659334
200.0,400.0,0,0.0,200.0,600.0,150.0,1556460.6401662112,1087500.0,468960.6401662111,False,True,585.6995405936965,59.192259821250445,2573.69823332226
400.0,0.0,1,0.0,0.0,600.0,150.0,1294253.0994056698,1087500.0,206753.09940566975,False,True,585.6995405936965,59.192259821250445,688.8512009355181
0.0,0.0,1,1500.0,600.0,600.0,100.0,2007500.216213161,1090000.0,917500.2162131609,False,True,585.6995405936965,59.192259821250445,3612.7401825512634
0.0,400.0,1,0.0,200.0,900.0,100.0,1630488.572107757,1090000.0,540488.572107757,False,True,585.6995405936965,59.192259821250445,2513.7098293627223
200.0,0.0,2,0.0,0.0,900.0,100.0,1432434.6015966956,1090000.0,342434.6015966956,False,True,585.6995405936965,59.192259821250445,405.87444545289327
200.0,200.0,0,0.0,400.0,900.0,100.0,1675231.8754812197,1090000.0,585231.8754812197,False,True,585.6995405936965,59.192259821250445,3431.479952018347
0.0,0.0,0,2500.0,400.0,600.0,150.0,2398311.4662131616,1092500.0,1305811.4662131616,False,True,585.6995405936965,59.192259821250445,3587.2611719257848
0.0,0.0,4,0.0,200.0,600.0,100.0,1752863.2040247424,1095000.0,657863.2040247422,False,True,585.6995405936965,59.192259821250445,2156.576628081344
0.0,200.0,2,0.0,600.0,600.0,100.0,1569883.120975469,1095000.0,474883.12097546906,False,True,585.6995405936965,59.192259821250445,1051.7114471702214
400.0,200.0,0,0.0,0.0,600.0,100.0,1351250.0679742435,1095000.0,256250.06797424355,False,True,585.6995405936965,59.192259821250445,3865.8930600743543
0.0,0.0,2,0.0,400.0,1200.0,150.0,1774551.1376982117,1097500.0,677051.1376982117,False,True,585.6995405936965,59.192259821250445,2156.576628081344
0.0,200.0,0,1500.0,200.0,900.0,150.0,2157810.163851074,1097500.0,1060310.163851074,False,True,585.6995405936965,59.192259821250445,3678.9427360221134
0.0,0.0,0,1500.0,400.0,1200.0,100.0,2405970.649886631,1100000.0,1305970.649886631,False,True,585.6995405936965,59.192259821250445,3708.3402300771795
0.0,0.0,1,2500.0,0.0,600.0,100.0,2017500.216213161,1100000.0,917500.2162131609,False,True,585.6995405936965,59.192259821250445,3865.8930600743543
0.0,0.0,1,1500.0,600.0,600.0,150.0,2020000.216213161,1102500.0,917500.2162131609,False,True,585.6995405936965,59.192259821250445,3612.7401825512634
0.0,400.0,1,0.0,200.0,900.0,150.0,1642988.572107757,1102500.0,540488.572107757,False,True,585.6995405936965,59.192259821250445,2513.7098293627223
200.0,0.0,2,0.0,0.0,900.0,150.0,1444934.6015966956,1102500.0,342434.6015966956,False,True,585.6995405936965,59.192259821250445,405.87444545289327
200.0,200.0,0,0.0,400.0,900.0,150.0,1687731.8754812197,1102500.0,585231.8754812197,False,True,585.6995405936965,59.192259821250445,3431.479952018347
0.0,0.0,3,0.0,0.0,1200.0,100.0,1763022.3876982117,1105000.0,658022.3876982117,False,True,585.6995405936965,59.192259821250445,2156.576628081344
0.0,200.0,1,0.0,400.0,1200.0,100.0,1778344.987800058,1105000.0,673344.987800058,False,True,585.6995405936965,59.192259821250445,3313.276144089339
200.0,0.0,0,0.0,600.0,1200.0,100.0,1930804.643854161,1105000.0,825804.643854161,False,True,585.6995405936965,59.192259821250445,3863.7343221433985
200.0,0.0,0,1500.0,0.0,900.0,100.0,1930725.0520174264,1105000.0,825725.0520174264,False,True,585.6995405936965,59.192259821250445,3865.8930600743543
0.0,0.0,4,0.0,200.0,600.0,150.0,1765363.2040247424,1107500.0,657863.2040247422,False,True,585.6995405936965,59.192259821250445,2156.576628081344
0.0,200.0,2,0.0,600.0,600.0,150.0,1582383.120975469,1107500.0,474883.12097546906,False,True,585.6995405936965,59.192259821250445,1051.7114471702214
400.0,200.0,0,0.0,0.0,600.0,150.0,1363750.0679742435,1107500.0,256250.06797424355,False,True,585.6995405936965,59.192259821250445,3865.8930600743543
0.0,0.0,2,1500.0,200.0,600.0,100.0,1786891.9540247424,1110000.0,676891.9540247422,False,True,585.6995405936965,59.192259821250445,1747.5609944868013
0.0,200.0,0,1500.0,600.0,600.0,100.0,2170230.5720143393,1110000.0,1060230.5720143393,False,True,585.6995405936965,59.192259821250445,3647.7021310864807
0.0,600.0,0,0.0,200.0,900.0,100.0,1866623.6555576324,1110000.0,756623.6555576323,False,True,585.6995405936965,59.192259821250445,2649.4167270363273
200.0,200.0,1,0.0,0.0,900.0,100.0,1395629.4897797762,1110000.0,285629.48977977614,False,True,585.6995405936965,59.192259821250445,1486.5406080481362
400.0,0.0,0,0.0,200.0,900.0,100.0,1515523.0183155925,1110000.0,405523.0183155925,False,True,585.6995405936965,59.192259821250445,2595.9332940343993
0.0,0.0,0,1500.0,400.0,1200.0,150.0,2418470.649886631,1112500.0,1305970.649886631,False,True,585.6995405936965,59.192259821250445,3708.3402300771795
0.0,0.0,1,2500.0,0.0,600.0,150.0,2030000.216213161,1112500.0,917500.2162131609,False,True,585.6995405936965,59.192259821250445,3865.8930600743543
0.0,200.0,3,0.0,200.0,600.0,100.0,1576160.3061867612,1115000.0,461160.3061867613,False,True,585.6995405936965,59.192259821250445,1051.7114471702214
0.0,400.0,1,0.0,600.0,600.0,100.0,1655468.6741485733,1115000.0,540468.6741485733,False,True,585.6995405936965,59.192259821250445,2513.7098293627223
200.0,0.0,2,0.0,400.0,600.0,100.0,1457355.009759961,1115000.0,342355.0097599609,False,True,585.6995405936965,59.192259821250445,405.87444545289327
0.0,0.0,3,0.0,0.0,1200.0,150.0,1775522.3876982117,1117500.0,658022.3876982117,False,True,585.6995405936965,59.192259821250445,2156.576628081344
0.0,200.0,1,0.0,400.0,1200.0,150.0,1790844.987800058,1117500.0,673344.987800058,False,True,585.6995405936965,59.192259821250445,3313.276144089339
200.0,0.0,0,0.0,600.0,1200.0,150.0,1943304.643854161,1117500.0,825804.643854161,False,True,585.6995405936965,59.192259821250445,3863.7343221433985
200.0,0.0,0,1500.0,0.0,900.0,150.0,1943225.0520174264,1117500.0,825725.0520174264,False,True,585.6995405936965,59.192259821250445,3865.8930600743543
0.0,0.0,1,1500.0,0.0,1200.0,100.0,2037659.3998866302,1120000.0,917659.3998866302,False,True,585.6995405936965,59.192259821250445,3865.8930600743543
0.0,200.0,0,2500.0,0.0,600.0,100.0,2180230.5720143393,1120000.0,1060230.5720143393,False,True,585.6995405936965,59.192259821250445,3865.8930600743543
0.0,0.0,2,1500.0,200.0,600.0,150.0,1799391.9540247424,1122500.0,676891.9540247422,False,True,585.6995405936965,59.192259821250445,1747.5609944868013
0.0,200.0,0,1500.0,600.0,600.0,150.0,2182730.5720143393,1122500.0,1060230.5720143393,False,True,585.6995405936965,59.192259821250445,3647.7021310864807
0.0,600.0,0,0.0,200.0,900.0,150.0,1879123.6555576324,1122500.0,756623.6555576323,False,True,585.6995405936965,59.192259821250445,2649.4167270363273
200.0,200.0,1,0.0,0.0,900.0,150.0,1408129.4897797762,1122500.0,285629.48977977614,False,True,585.6995405936965,59.192259821250445,1486.5406080481362
400.0,0.0,0,0.0,200.0,900.0,150.0,1528023.0183155925,1122500.0,405523.0183155925,False,True,585.6995405936965,59.192259821250445,2595.9332940343993
0.0,200.0,2,0.0,0.0,1200.0,100.0,1600042.3046489386,1125000.0,475042.3046489385,False,True,585.6995405936965,59.192259821250445,1051.7114471702214
0.0,400.0,0,0.0,400.0,1200.0,100.0,1968004.8371304797,1125000.0,843004.8371304797,False,True,585.6995405936965,59.192259821250445,3195.9518871433934
200.0,0.0,1,0.0,200.0,1200.0,100.0,1577431.4698254091,1125000.0,452431.4698254091,False,True,585.6995405936965,59.192259821250445,2562.771352790423
0.0,200.0,3,0.0,200.0,600.0,150.0,1588660.3061867612,1127500.0,461160.3061867613,False,True,585.6995405936965,59.192259821250445,1051.7114471702214
0.0,400.0,1,0.0,600.0,600.0,150.0,1667968.6741485733,1127500.0,540468.6741485733,False,True,585.6995405936965,59.192259821250445,2513.7098293627223
200.0,0.0,2,0.0,400.0,600.0,150.0,1469855.009759961,1127500.0,342355.0097599609,False,True,585.6995405936965,59.192259821250445,405.87444545289327
0.0,0.0,3,0.0,400.0,900.0,100.0,1787942.795861477,1130000.0,657942.795861477,False,True,585.6995405936965,59.192259821250445,2156.576628081344
0.0,200.0,1,1500.0,200.0,600.0,100.0,1803185.8041265886,1130000.0,673185.8041265886,False,True,585.6995405936965,59.192259821250445,2986.8880172546897
200.0,0.0,0,1500.0,400.0,600.0,100.0,1955645.4601806917,1130000.0,825645.4601806917,False,True,585.6995405936965,59.192259821250445,3575.690530657883
200.0,400.0,0,0.0,0.0,900.0,100.0,1598980.5381253948,1130000.0,468980.5381253948,False,True,585.6995405936965,59.192259821250445,3865.8930600743543
0.0,0.0,1,1500.0,0.0,1200.0,150.0,2050159.3998866302,1132500.0,917659.3998866302,False,True,585.6995405936965,59.192259821250445,3865.8930600743543
0.0,200.0,0,2500.0,0.0,600.0,150.0,2192730.5720143393,1132500.0,1060230.5720143393,False,True,585.6995405936965,59.192259821250445,3865.8930600743543
0.0,0.0,0,2500.0,200.0,900.0,100.0,2440891.0580498963,1135000.0,1305891.0580498963,False,True,585.6995405936965,59.192259821250445,3748.9606296132833
0.0,400.0,2,0.0,200.0,600.0,100.0,1524265.699212757,1135000.0,389265.69921275706,False,True,585.6995405936965,59.192259821250445,978.5720635857999
0.0,600.0,0,0.0,600.0,600.0,100.0,1891603.7575984488,1135000.0,756603.7575984488,False,True,585.6995405936965,59.192259821250445,2649.4167270363273
200.0,0.0,3,0.0,0.0,600.0,100.0,1462083.43770576,1135000.0,327083.43770575983,False,True,585.6995405936965,59.192259821250445,405.87444545289327
200.0,200.0,1,0.0,400.0,600.0,100.0,1420609.5918205925,1135000.0,285609.59182059247,False,True,585.6995405936965,59.192259821250445,1468.2385147972495
400.0,0.0,0,0.0,600.0,600.0,100.0,1540503.1203564089,1135000.0,405503.1203564088,False,True,585.6995405936965,59.192259821250445,2595.9332940343993
0.0,200.0,2,0.0,0.0,1200.0,150.0,1612542.3046489386,1137500.0,475042.3046489385,False,True,585.6995405936965,59.192259821250445,1051.7114471702214
0.0,400.0,0,0.0,400.0,1200.0,150.0,1980504.8371304797,1137500.0,843004.8371304797,False,True,585.6995405936965,59.192259821250445,3195.9518871433934
200.0,0.0,1,0.0,200.0,1200.0,150.0,1589931.4698254091,1137500.0,452431.4698254091,False,True,585.6995405936965,59.192259821250445,2562.771352790423
0.0,200.0,0,1500.0,0.0,1200.0,100.0,2200389.7556878086,1140000.0,1060389.7556878086,False,True,585.6995405936965,59.192259821250445,3865.8930600743543
0.0,0.0,3,0.0,400.0,900.0,150.0,1800442.795861477,1142500.0,657942.795861477,False,True,585.6995405936965,59.192259821250445,2156.576628081344
0.0,200.0,1,1500.0,200.0,600.0,150.0,1815685.8041265886,1142500.0,673185.8041265886,False,True,585.6995405936965,59.192259821250445,2986.8880172546897
200.0,0.0,0,1500.0,400.0,600.0,150.0,1968145.4601806917,1142500.0,825645.4601806917,False,True,585.6995405936965,59.192259821250445,3575.690530657883
200.0,400.0,0,0.0,0.0,900.0,150.0,1611480.5381253948,1142500.0,468980.5381253948,False,True,585.6995405936965,59.192259821250445,3865.8930600743543
0.0,0.0,1,1500.0,400.0,900.0,100.0,2062579.8080498956,1145000.0,917579.8080498956,False,True,585.6995405936965,59.192259821250445,3612.7401825512634
0.0,400.0,1,0.0,0.0,1200.0,100.0,1685508.4700669406,1145000.0,540508.4700669406,False,True,585.6995405936965,59.192259821250445,2563.51871475447
200.0,200.0,0,0.0,200.0,1200.0,100.0,1730251.7734404034,1145000.0,585251.7734404034,False,True,585.6995405936965,59.192259821250445,3431.479952018347
0.0,0.0,0,2500.0,200.0,900.0,150.0,2453391.0580498963,1147500.0,1305891.0580498963,False,True,585.6995405936965,59.192259821250445,3748.9606296132833
0.0,400.0,2,0.0,200.0,600.0,150.0,1536765.699212757,1147500.0,389265.69921275706,False,True,585.6995405936965,59.192259821250445,978.5720635857999
0.0,600.0,0,0.0,600.0,600.0,150.0,1904103.7575984488,1147500.0,756603.7575984488,False,True,585.6995405936965,59.192259821250445,2649.4167270363273
200.0,0.0,3,0.0,0.0,600.0,150.0,1474583.43770576,1147500.0,327083.43770575983,False,True,585.6995405936965,59.192259821250445,405.87444545289327
200.0,200.0,1,0.0,400.0,600.0,150.0,1433109.5918205925,1147500.0,285609.59182059247,False,True,585.6995405936965,59.192259821250445,1468.2385147972495
400.0,0.0,0,0.0,600.0,600.0,150.0,1553003.1203564089,1147500.0,405503.1203564088,False,True,585.6995405936965,59.192259821250445,2595.9332940343993
0.0,0.0,4,0.0,0.0,900.0,100.0,1807942.795861477,1150000.0,657942.795861477,False,True,585.6995405936965,59.192259821250445,2156.576628081344
0.0,200.0,2,0.0,400.0,900.0,100.0,1624962.712812204,1150000.0,474962.7128122038,False,True,585.6995405936965,59.192259821250445,1051.7114471702214
0.0,400.0,0,1500.0,200.0,600.0,100.0,1992965.0412121124,1150000.0,842965.0412121124,False,True,585.6995405936965,59.192259821250445,2267.7030841801306
200.0,0.0,1,0.0,600.0,900.0,100.0,1602351.8779886744,1150000.0,452351.87798867445,False,True,585.6995405936965,59.192259821250445,2562.771352790423
200.0,0.0,1,1500.0,0.0,600.0,100.0,1602272.2861519398,1150000.0,452272.28615193977,False,True,585.6995405936965,59.192259821250445,2562.771352790423
0.0,200.0,0,1500.0,0.0,1200.0,150.0,2212889.7556878086,1152500.0,1060389.7556878086,False,True,585.6995405936965,59.192259821250445,3865.8930600743543
0.0,600.0,1,0.0,200.0,600.0,100.0,1655952.9602710498,1155000.0,500952.96027104976,False,True,585.6995405936965,59.192259821250445,2276.7357025351007
200.0,200.0,2,0.0,0.0,600.0,100.0,1375831.6314120467,1155000.0,220831.63141204676,False,True,585.6995405936965,59.192259821250445,263.37660692001737
200.0,400.0,0,0.0,400.0,600.0,100.0,1623960.6401662112,1155000.0,468960.6401662111,False,True,585.6995405936965,59.192259821250445,2573.69823332226
400.0,0.0,1,0.0,200.0,600.0,100.0,1361753.0994056698,1155000.0,206753.09940566975,False,True,585.6995405936965,59.192259821250445,612.475726325742
0.0,0.0,1,1500.0,400.0,900.0,150.0,2075079.8080498956,1157500.0,917579.8080498956,False,True,585.6995405936965,59.192259821250445,3612.7401825512634
0.0,400.0,1,0.0,0.0,1200.0,150.0,1698008.4700669406,1157500.0,540508.4700669406,False,True,585.6995405936965,59.192259821250445,2563.51871475447
200.0,200.0,0,0.0,200.0,1200.0,150.0,1742751.7734404034,1157500.0,585251.7734404034,False,True,585.6995405936965,59.192259821250445,3431.479952018347
0.0,0.0,0,2500.0,600.0,600.0,100.0,2465811.4662131616,1160000.0,1305811.4662131616,False,True,585.6995405936965,59.192259821250445,3587.2611719257848
0.0,0.0,4,0.0,0.0,900.0,150.0,1820442.795861477,1162500.0,657942.795861477,False,True,585.6995405936965,59.192259821250445,2156.576628081344
0.0,200.0,2,0.0,400.0,900.0,150.0,1637462.712812204,1162500.0,474962.7128122038,False,True,585.6995405936965,59.192259821250445,1051.7114471702214
0.0,400.0,0,1500.0,200.0,600.0,150.0,2005465.0412121124,1162500.0,842965.0412121124,False,True,585.6995405936965,59.192259821250445,2267.7030841801306
200.0,0.0,1,0.0,600.0,900.0,150.0,1614851.8779886744,1162500.0,452351.87798867445,False,True,585.6995405936965,59.192259821250445,2562.771352790423
200.0,0.0,1,1500.0,0.0,600.0,150.0,1614772.2861519398,1162500.0,452272.28615193977,False,True,585.6995405936965,59.192259821250445,2562.771352790423
0.0,0.0,2,0.0,600.0,1200.0,100.0,1842051.1376982117,1165000.0,677051.1376982117,False,True,585.6995405936965,59.192259821250445,2156.576628081344
0.0,0.0,2,1500.0,0.0,900.0,100.0,1841971.545861477,1165000.0,676971.545861477,False,True,585.6995405936965,59.192259821250445,2156.576628081344
0.0,200.0,0,1500.0,400.0,900.0,100.0,2225310.163851074,1165000.0,1060310.163851074,False,True,585.6995405936965,59.192259821250445,3647.7021310864807
0.0,600.0,0,0.0,0.0,1200.0,100.0,1921643.553516816,1165000.0,756643.5535168161,False,True,585.6995405936965,59.192259821250445,3865.8930600743543
400.0,0.0,0,0.0,0.0,1200.0,100.0,1570542.9162747762,1165000.0,405542.9162747762,False,True,585.6995405936965,59.192259821250445,3865.8930600743543
0.0,600.0,1,0.0,200.0,600.0,150.0,1668452.9602710498,1167500.0,500952.96027104976,False,True,585.6995405936965,59.192259821250445,2276.7357025351007
200.0,200.0,2,0.0,0.0,600.0,150.0,1388331.6314120467,1167500.0,220831.63141204676,False,True,585.6995405936965,59.192259821250445,263.37660692001737
200.0,400.0,0,0.0,400.0,600.0,150.0,1636460.6401662112,1167500.0,468960.6401662111,False,True,585.6995405936965,59.192259821250445,2573.69823332226
400.0,0.0,1,0.0,200.0,600.0,150.0,1374253.0994056698,1167500.0,206753.09940566975,False,True,585.6995405936965,59.192259821250445,612.475726325742
0.0,0.0,0,3500.0,0.0,600.0,100.0,2475811.4662131616,1170000.0,1305811.4662131616,False,True,585.6995405936965,59.192259821250445,3865.8930600743543
0.0,200.0,3,0.0,0.0,900.0,100.0,1631239.8980234961,1170000.0,461239.8980234961,False,True,585.6995405936965,59.192259821250445,1051.7114471702214
0.0,400.0,1,0.0,400.0,900.0,100.0,1710488.572107757,1170000.0,540488.572107757,False,True,585.6995405936965,59.192259821250445,2513.7098293627223
200.0,0.0,2,0.0,200.0,900.0,100.0,1512434.6015966956,1170000.0,342434.6015966956,False,True,585.6995405936965,59.192259821250445,405.87444545289327
200.0,200.0,0,0.0,600.0,900.0,100.0,1755231.8754812197,1170000.0,585231.8754812197,False,True,585.6995405936965,59.192259821250445,3431.479952018347
200.0,200.0,0,1500.0,0.0,600.0,100.0,1755211.977522036,1170000.0,585211.977522036,False,True,585.6995405936965,59.192259821250445,3865.8930600743543
0.0,0.0,0,2500.0,600.0,600.0,150.0,2478311.4662131616,1172500.0,1305811.4662131616,False,True,585.6995405936965,59.192259821250445,3587.2611719257848
0.0,0.0,4,0.0,400.0,600.0,100.0,1832863.2040247424,1175000.0,657863.2040247422,False,True,585.6995405936965,59.192259821250445,2156.576628081344
200.0,400.0,1,0.0,0.0,600.0,100.0,1414012.4900030557,1175000.0,239012.4900030556,False,True,585.6995405936965,59.192259821250445,1385.2425272275434
400.0,200.0,0,0.0,200.0,600.0,100.0,1431250.0679742435,1175000.0,256250.06797424355,False,True,585.6995405936965,59.192259821250445,1698.6056490856342
0.0,0.0,2,0.0,600.0,1200.0,150.0,1854551.1376982117,1177500.0,677051.1376982117,False,True,585.6995405936965,59.192259821250445,2156.576628081344
0.0,0.0,2,1500.0,0.0,900.0,150.0,1854471.545861477,1177500.0,676971.545861477,False,True,585.6995405936965,59.192259821250445,2156.576628081344
0.0,200.0,0,1500.0,400.0,900.0,150.0,2237810.163851074,1177500.0,1060310.163851074,False,True,585.6995405936965,59.192259821250445,3647.7021310864807
0.0,600.0,0,0.0,0.0,1200.0,150.0,1934143.553516816,1177500.0,756643.5535168161,False,True,585.6995405936965,59.192259821250445,3865.8930600743543
400.0,0.0,0,0.0,0.0,1200.0,150.0,1583042.9162747762,1177500.0,405542.9162747762,False,True,585.6995405936965,59.192259821250445,3865.8930600743543
0.0,0.0,0,1500.0,600.0,1200.0,100.0,2485970.649886631,1180000.0,1305970.649886631,False,True,585.6995405936965,59.192259821250445,3708.3402300771795
0.0,0.0,1,2500.0,200.0,600.0,100.0,2097500.216213161,1180000.0,917500.2162131609,False,True,585.6995405936965,59.192259821250445,3441.574065438045
0.0,0.0,0,3500.0,0.0,600.0,150.0,2488311.4662131616,1182500.0,1305811.4662131616,False,True,585.6995405936965,59.192259821250445,3865.8930600743543
0.0,200.0,3,0.0,0.0,900.0,150.0,1643739.8980234961,1182500.0,461239.8980234961,False,True,585.6995405936965,59.192259821250445,1051.7114471702214
0.0,400.0,1,0.0,400.0,900.0,150.0,1722988.572107757,1182500.0,540488.572107757,False,True,585.6995405936965,59.192259821250445,2513.7098293627223
200.0,0.0,2,0.0,200.0,900.0,150.0,1524934.6015966956,1182500.0,342434.6015966956,False,True,585.6995405936965,59.192259821250445,405.87444545289327
200.0,200.0,0,0.0,600.0,900.0,150.0,1767731.8754812197,1182500.0,585231.8754812197,False,True,585.6995405936965,59.192259821250445,3431.479952018347
200.0,200.0,0,1500.0,0.0,600.0,150.0,1767711.977522036,1182500.0,585211.977522036,False,True,585.6995405936965,59.192259821250445,3865.8930600743543
0.0,0.0,3,0.0,200.0,1200.0,100.0,1843022.3876982117,1185000.0,658022.3876982117,False,True,585.6995405936965,59.192259821250445,2156.576628081344
0.0,200.0,1,0.0,600.0,1200.0,100.0,1858344.987800058,1185000.0,673344.987800058,False,True,585.6995405936965,59.192259821250445,3313.276144089339
0.0,200.0,1,1500.0,0.0,900.0,100.0,1858265.3959633233,1185000.0,673265.3959633233,False,True,585.6995405936965,59.192259821250445,3313.276144089339
200.0,0.0,0,1500.0,200.0,900.0,100.0,2010725.0520174264,1185000.0,825725.0520174264,False,True,585.6995405936965,59.192259821250445,3579.500840844822
0.0,0.0,4,0.0,400.0,600.0,150.0,1845363.2040247424,1187500.0,657863.2040247422,False,True,585.6995405936965,59.192259821250445,2156.576628081344
200.0,400.0,1,0.0,0.0,600.0,150.0,1426512.4900030557,1187500.0,239012.4900030556,False,True,585.6995405936965,59.192259821250445,1385.2425272275434
400.0,200.0,0,0.0,200.0,600.0,150.0,1443750.0679742435,1187500.0,256250.06797424355,False,True,585.6995405936965,59.192259821250445,1698.6056490856342
0.0,0.0,0,2500.0,0.0,1200.0,100.0,2495970.649886631,1190000.0,1305970.649886631,False,True,585.6995405936965,59.192259821250445,3865.8930600743543
0.0,0.0,2,1500.0,400.0,600.0,100.0,1866891.9540247424,1190000.0,676891.9540247422,False,True,585.6995405936965,59.192259821250445,1747.5609944868013
0.0,400.0,2,0.0,0.0,900.0,100.0,1579285.5971719408,1190000.0,389285.5971719408,False,True,585.6995405936965,59.192259821250445,995.7744347909112
0.0,600.0,0,0.0,400.0,900.0,100.0,1946623.6555576324,1190000.0,756623.6555576323,False,True,585.6995405936965,59.192259821250445,2649.4167270363273
200.0,200.0,1,0.0,200.0,900.0,100.0,1475629.4897797762,1190000.0,285629.48977977614,False,True,585.6995405936965,59.192259821250445,1468.2385147972495
400.0,0.0,0,0.0,400.0,900.0,100.0,1595523.0183155925,1190000.0,405523.0183155925,False,True,585.6995405936965,59.192259821250445,2595.9332940343993
0.0,0.0,0,1500.0,600.0,1200.0,150.0,2498470.649886631,1192500.0,1305970.649886631,False,True,585.6995405936965,59.192259821250445,3708.3402300771795
0.0,0.0,1,2500.0,200.0,600.0,150.0,2110000.216213161,1192500.0,917500.2162131609,False,True,585.6995405936965,59.192259821250445,3441.574065438045
0.0,0.0,5,0.0,0.0,600.0,100.0,1852863.2040247424,1195000.0,657863.2040247422,False,True,585.6995405936965,59.192259821250445,2156.576628081344
0.0,200.0,3,0.0,400.0,600.0,100.0,1656160.3061867612,1195000.0,461160.3061867613,False,True,585.6995405936965,59.192259821250445,1051.7114471702214
200.0,0.0,2,0.0,600.0,600.0,100.0,1537355.009759961,1195000.0,342355.0097599609,False,True,585.6995405936965,59.192259821250445,405.87444545289327
200.0,600.0,0,0.0,0.0,600.0,100.0,1634101.3532302282,1195000.0,439101.3532302282,False,True,585.6995405936965,59.192259821250445,3865.8930600743543
600.0,0.0,0,0.0,0.0,600.0,100.0,1404562.798444962,1195000.0,209562.79844496195,False,True,585.6995405936965,59.192259821250445,3865.8930600743543
0.0,0.0,3,0.0,200.0,1200.0,150.0,1855522.3876982117,1197500.0,658022.3876982117,False,True,585.6995405936965,59.192259821250445,2156.576628081344
0.0,200.0,1,0.0,600.0,1200.0,150.0,1870844.987800058,1197500.0,673344.987800058,False,True,585.6995405936965,59.192259821250445,3313.276144089339
0.0,200.0,1,1500.0,0.0,900.0,150.0,1870765.3959633233,1197500.0,673265.3959633233,False,True,585.6995405936965,59.192259821250445,3313.276144089339
200.0,0.0,0,1500.0,200.0,900.0,150.0,2023225.0520174264,1197500.0,825725.0520174264,False,True,585.6995405936965,59.192259821250445,3579.500840844822
0.0,0.0,1,1500.0,200.0,1200.0,100.0,2117659.3998866305,1200000.0,917659.3998866302,False,True,585.6995405936965,59.192259821250445,3641.986733175723
0.0,200.0,0,2500.0,200.0,600.0,100.0,2260230.5720143393,1200000.0,1060230.5720143393,False,True,585.6995405936965,59.192259821250445,3577.3039765448
0.0,0.0,0,2500.0,0.0,1200.0,150.0,2508470.649886631,1202500.0,1305970.649886631,False,True,585.6995405936965,59.192259821250445,3865.8930600743543
0.0,0.0,2,1500.0,400.0,600.0,150.0,1879391.9540247424,1202500.0,676891.9540247422,False,True,585.6995405936965,59.192259821250445,1747.5609944868013
0.0,400.0,2,0.0,0.0,900.0,150.0,1591785.5971719408,1202500.0,389285.5971719408,False,True,585.6995405936965,59.192259821250445,995.7744347909112
0.0,600.0,0,0.0,400.0,900.0,150.0,1959123.6555576324,1202500.0,756623.6555576323,False,True,585.6995405936965,59.192259821250445,2649.4167270363273
200.0,200.0,1,0.0,200.0,900.0,150.0,1488129.4897797762,1202500.0,285629.48977977614,False,True,585.6995405936965,59.192259821250445,1468.2385147972495
400.0,0.0,0,0.0,400.0,900.0,150.0,1608023.0183155925,1202500.0,405523.0183155925,False,True,585.6995405936965,59.192259821250445,2595.9332940343993
0.0,200.0,2,0.0,200.0,1200.0,100.0,1680042.3046489386,1205000.0,475042.3046489385,False,True,585.6995405936965,59.192259821250445,1051.7114471702214
0.0,400.0,0,0.0,600.0,1200.0,100.0,2048004.8371304797,1205000.0,843004.8371304797,False,True,585.6995405936965,59.192259821250445,3195.9518871433934
0.0,400.0,0,1500.0,0.0,900.0,100.0,2047984.939171296,1205000.0,842984.9391712961,False,True,585.6995405936965,59.192259821250445,3865.8930600743543
200.0,0.0,1,0.0,400.0,1200.0,100.0,1657431.4698254091,1205000.0,452431.4698254091,False,True,585.6995405936965,59.192259821250445,2562.771352790423
0.0,0.0,5,0.0,0.0,600.0,150.0,1865363.2040247424,1207500.0,657863.2040247422,False,True,585.6995405936965,59.192259821250445,2156.576628081344
0.0,200.0,3,0.0,400.0,600.0,150.0,1668660.3061867612,1207500.0,461160.3061867613,False,True,585.6995405936965,59.192259821250445,1051.7114471702214
200.0,0.0,2,0.0,600.0,600.0,150.0,1549855.009759961,1207500.0,342355.0097599609,False,True,585.6995405936965,59.192259821250445,405.87444545289327
200.0,600.0,0,0.0,0.0,600.0,150.0,1646601.3532302282,1207500.0,439101.3532302282,False,True,585.6995405936965,59.192259821250445,3865.8930600743543
600.0,0.0,0,0.0,0.0,600.0,150.0,1417062.798444962,1207500.0,209562.79844496195,False,True,585.6995405936965,59.192259821250445,3865.8930600743543
0.0,0.0,3,0.0,600.0,900.0,100.0,1867942.795861477,1210000.0,657942.795861477,False,True,585.6995405936965,59.192259821250445,2156.576628081344
0.0,0.0,3,1500.0,0.0,600.0,100.0,1867863.2040247424,1210000.0,657863.2040247422,False,True,585.6995405936965,59.192259821250445,2156.576628081344
0.0,200.0,1,1500.0,400.0,600.0,100.0,1883185.8041265886,1210000.0,673185.8041265886,False,True,585.6995405936965,59.192259821250445,2970.9872170676454
0.0,600.0,1,0.0,0.0,900.0,100.0,1710972.8582302334,1210000.0,500972.8582302334,False,True,585.6995405936965,59.192259821250445,2342.9730285659334
200.0,0.0,0,1500.0,600.0,600.0,100.0,2035645.4601806917,1210000.0,825645.4601806917,False,True,585.6995405936965,59.192259821250445,3575.690530657883
200.0,400.0,0,0.0,200.0,900.0,100.0,1678980.5381253948,1210000.0,468980.5381253948,False,True,585.6995405936965,59.192259821250445,2573.69823332226
400.0,0.0,1,0.0,0.0,900.0,100.0,1416772.9973648535,1210000.0,206772.99736485342,False,True,585.6995405936965,59.192259821250445,688.8512009355181
0.0,0.0,1,1500.0,200.0,1200.0,150.0,2130159.3998866305,1212500.0,917659.3998866302,False,True,585.6995405936965,59.192259821250445,3641.986733175723
0.0,200.0,0,2500.0,200.0,600.0,150.0,2272730.5720143393,1212500.0,1060230.5720143393,False,True,585.6995405936965,59.192259821250445,3577.3039765448
0.0,0.0,0,2500.0,400.0,900.0,100.0,2520891.0580498963,1215000.0,1305891.0580498963,False,True,585.6995405936965,59.192259821250445,3587.2611719257848
0.0,200.0,4,0.0,0.0,600.0,100.0,1676160.3061867612,1215000.0,461160.3061867613,False,True,585.6995405936965,59.192259821250445,1051.7114471702214
0.0,400.0,2,0.0,400.0,600.0,100.0,1604265.699212757,1215000.0,389265.69921275706,False,True,585.6995405936965,59.192259821250445,978.5720635857999
200.0,0.0,3,0.0,200.0,600.0,100.0,1542083.43770576,1215000.0,327083.43770575983,False,True,585.6995405936965,59.192259821250445,405.87444545289327
200.0,200.0,1,0.0,600.0,600.0,100.0,1500609.5918205925,1215000.0,285609.59182059247,False,True,585.6995405936965,59.192259821250445,1468.2385147972495
0.0,200.0,2,0.0,200.0,1200.0,150.0,1692542.3046489386,1217500.0,475042.3046489385,False,True,585.6995405936965,59.192259821250445,1051.7114471702214
0.0,400.0,0,0.0,600.0,1200.0,150.0,2060504.8371304797,1217500.0,843004.8371304797,False,True,585.6995405936965,59.192259821250445,3195.9518871433934
0.0,400.0,0,1500.0,0.0,900.0,150.0,2060484.939171296,1217500.0,842984.9391712961,False,True,585.6995405936965,59.192259821250445,3865.8930600743543
200.0,0.0,1,0.0,400.0,1200.0,150.0,1669931.4698254091,1217500.0,452431.4698254091,False,True,585.6995405936965,59.192259821250445,2562.771352790423
0.0,200.0,0,1500.0,200.0,1200.0,100.0,2280389.7556878086,1220000.0,1060389.7556878086,False,True,585.6995405936965,59.192259821250445,3678.9427360221134
200.0,0.0,0,2500.0,0.0,600.0,100.0,2045645.4601806917,1220000.0,825645.4601806917,False,True,585.6995405936965,59.192259821250445,3865.8930600743543
0.0,0.0,3,0.0,600.0,900.0,150.0,1880442.795861477,1222500.0,657942.795861477,False,True,585.6995405936965,59.192259821250445,2156.576628081344
0.0,0.0,3,1500.0,0.0,600.0,150.0,1880363.2040247424,1222500.0,657863.2040247422,False,True,585.6995405936965,59.192259821250445,2156.576628081344
0.0,200.0,1,1500.0,400.0,600.0,150.0,1895685.8041265886,1222500.0,673185.8041265886,False,True,585.6995405936965,59.192259821250445,2970.9872170676454
0.0,600.0,1,0.0,0.0,900.0,150.0,1723472.8582302334,1222500.0,500972.8582302334,False,True,585.6995405936965,59.192259821250445,2342.9730285659334
200.0,0.0,0,1500.0,600.0,600.0,150.0,2048145.4601806917,1222500.0,825645.4601806917,False,True,585.6995405936965,59.192259821250445,3575.690530657883
200.0,400.0,0,0.0,200.0,900.0,150.0,1691480.5381253948,1222500.0,468980.5381253948,False,True,585.6995405936965,59.192259821250445,2573.69823332226
400.0,0.0,1,0.0,0.0,900.0,150.0,1429272.9973648535,1222500.0,206772.99736485342,False,True,585.6995405936965,59.192259821250445,688.8512009355181
0.0,0.0,1,1500.0,600.0,900.0,100.0,2142579.808049896,1225000.0,917579.8080498956,False,True,585.6995405936965,59.192259821250445,3612.7401825512634
0.0,400.0,1,0.0,200.0,1200.0,100.0,1765508.4700669406,1225000.0,540508.4700669406,False,True,585.6995405936965,59.192259821250445,2513.7098293627223
200.0,0.0,2,0.0,0.0,1200.0,100.0,1567514.1934334303,1225000.0,342514.19343343034,False,True,585.6995405936965,59.192259821250445,405.87444545289327
200.0,200.0,0,0.0,400.0,1200.0,100.0,1810251.7734404034,1225000.0,585251.7734404034,False,True,585.6995405936965,59.192259821250445,3431.479952018347
0.0,0.0,0,2500.0,400.0,900.0,150.0,2533391.0580498963,1227500.0,1305891.0580498963,False,True,585.6995405936965,59.192259821250445,3587.2611719257848
0.0,200.0,4,0.0,0.0,600.0,150.0,1688660.3061867612,1227500.0,461160.3061867613,False,True,585.6995405936965,59.192259821250445,1051.7114471702214
0.0,400.0,2,0.0,400.0,600.0,150.0,1616765.699212757,1227500.0,389265.69921275706,False,True,585.6995405936965,59.192259821250445,978.5720635857999
200.0,0.0,3,0.0,200.0,600.0,150.0,1554583.43770576,1227500.0,327083.43770575983,False,True,585.6995405936965,59.192259821250445,405.87444545289327
200.0,200.0,1,0.0,600.0,600.0,150.0,1513109.5918205925,1227500.0,285609.59182059247,False,True,585.6995405936965,59.192259821250445,1468.2385147972495
0.0,0.0,4,0.0,200.0,900.0,100.0,1887942.795861477,1230000.0,657942.795861477,False,True,585.6995405936965,59.192259821250445,2156.576628081344
0.0,200.0,2,0.0,600.0,900.0,100.0,1704962.712812204,1230000.0,474962.7128122038,False,True,585.6995405936965,59.192259821250445,1051.7114471702214
0.0,200.0,2,1500.0,0.0,600.0,100.0,1704883.120975469,1230000.0,474883.12097546906,False,True,585.6995405936965,59.192259821250445,1051.7114471702214
0.0,400.0,0,1500.0,400.0,600.0,100.0,2072965.0412121124,1230000.0,842965.0412121124,False,True,585.6995405936965,59.192259821250445,1894.4878938275172
200.0,0.0,1,1500.0,200.0,600.0,100.0,1682272.2861519398,1230000.0,452272.28615193977,False,True,585.6995405936965,59.192259821250445,2003.0873124299087
400.0,200.0,0,0.0,0.0,900.0,100.0,1486269.9659334272,1230000.0,256269.96593342721,False,True,585.6995405936965,59.192259821250445,3865.8930600743543
0.0,200.0,0,1500.0,200.0,1200.0,150.0,2292889.7556878086,1232500.0,1060389.7556878086,False,True,585.6995405936965,59.192259821250445,3678.9427360221134
200.0,0.0,0,2500.0,0.0,600.0,150.0,2058145.4601806917,1232500.0,825645.4601806917,False,True,585.6995405936965,59.192259821250445,3865.8930600743543
0.0,0.0,1,2500.0,0.0,900.0,100.0,2152579.808049896,1235000.0,917579.8080498956,False,True,585.6995405936965,59.192259821250445,3865.8930600743543
0.0,400.0,3,0.0,0.0,600.0,100.0,1613016.181383363,1235000.0,378016.1813833629,False,True,585.6995405936965,59.192259821250445,995.7744347909112
0.0,600.0,1,0.0,400.0,600.0,100.0,1735952.9602710498,1235000.0,500952.96027104976,False,True,585.6995405936965,59.192259821250445,2276.7357025351007
200.0,200.0,2,0.0,200.0,600.0,100.0,1455831.6314120467,1235000.0,220831.63141204676,False,True,585.6995405936965,59.192259821250445,251.89696355931326
200.0,400.0,0,0.0,600.0,600.0,100.0,1703960.6401662112,1235000.0,468960.6401662111,False,True,585.6995405936965,59.192259821250445,2573.69823332226
400.0,0.0,1,0.0,400.0,600.0,100.0,1441753.0994056698,1235000.0,206753.09940566975,False,True,585.6995405936965,59.192259821250445,612.475726325742
0.0,0.0,1,1500.0,600.0,900.0,150.0,2155079.808049896,1237500.0,917579.8080498956,False,True,585.6995405936965,59.192259821250445,3612.7401825512634
0.0,400.0,1,0.0,200.0,1200.0,150.0,1778008.4700669406,1237500.0,540508.4700669406,False,True,585.6995405936965,59.192259821250445,2513.7098293627223
200.0,0.0,2,0.0,0.0,1200.0,150.0,1580014.1934334303,1237500.0,342514.19343343034,False,True,585.6995405936965,59.192259821250445,405.87444545289327
200.0,200.0,0,0.0,400.0,1200.0,150.0,1822751.7734404034,1237500.0,585251.7734404034,False,True,585.6995405936965,59.192259821250445,3431.479952018347
200.0,0.0,0,1500.0,0.0,1200.0,100.0,2065804.643854161,1240000.0,825804.643854161,False,True,585.6995405936965,59.192259821250445,3865.8930600743543
0.0,0.0,4,0.0,200.0,900.0,150.0,1900442.795861477,1242500.0,657942.795861477,False,True,585.6995405936965,59.192259821250445,2156.576628081344
0.0,200.0,2,0.0,600.0,900.0,150.0,1717462.712812204,1242500.0,474962.7128122038,False,True,585.6995405936965,59.192259821250445,1051.7114471702214
0.0,200.0,2,1500.0,0.0,600.0,150.0,1717383.120975469,1242500.0,474883.12097546906,False,True,585.6995405936965,59.192259821250445,1051.7114471702214
0.0,400.0,0,1500.0,400.0,600.0,150.0,2085465.0412121124,1242500.0,842965.0412121124,False,True,585.6995405936965,59.192259821250445,1894.4878938275172
200.0,0.0,1,1500.0,200.0,600.0,150.0,1694772.2861519398,1242500.0,452272.28615193977,False,True,585.6995405936965,59.192259821250445,2003.0873124299087
400.0,200.0,0,0.0,0.0,900.0,150.0,1498769.9659334272,1242500.0,256269.96593342721,False,True,585.6995405936965,59.192259821250445,3865.8930600743543
0.0,0.0,2,1500.0,200.0,900.0,100.0,1921971.545861477,1245000.0,676971.545861477,False,True,585.6995405936965,59.192259821250445,1747.5609944868013
0.0,200.0,0,1500.0,600.0,900.0,100.0,2305310.163851074,1245000.0,1060310.163851074,False,True,585.6995405936965,59.192259821250445,3647.7021310864807
0.0,600.0,0,0.0,200.0,1200.0,100.0,2001643.553516816,1245000.0,756643.5535168161,False,True,585.6995405936965,59.192259821250445,2649.4167270363273
200.0,200.0,1,0.0,0.0,1200.0,100.0,1530649.3877389599,1245000.0,285649.3877389598,False,True,585.6995405936965,59.192259821250445,1486.5406080481362
400.0,0.0,0,0.0,200.0,1200.0,100.0,1650542.9162747762,1245000.0,405542.9162747762,False,True,585.6995405936965,59.192259821250445,2595.9332940343993
0.0,0.0,1,2500.0,0.0,900.0,150.0,2165079.808049896,1247500.0,917579.8080498956,False,True,585.6995405936965,59.192259821250445,3865.8930600743543
0.0,400.0,3,0.0,0.0,600.0,150.0,1625516.181383363,1247500.0,378016.1813833629,False,True,585.6995405936965,59.192259821250445,995.7744347909112
0.0,600.0,1,0.0,400.0,600.0,150.0,1748452.9602710498,1247500.0,500952.96027104976,False,True,585.6995405936965,59.192259821250445,2276.7357025351007
200.0,200.0,2,0.0,200.0,600.0,150.0,1468331.6314120467,1247500.0,220831.63141204676,False,True,585.6995405936965,59.192259821250445,251.89696355931326
200.0,400.0,0,0.0,600.0,600.0,150.0,1716460.6401662112,1247500.0,468960.6401662111,False,True,585.6995405936965,59.192259821250445,2573.69823332226
400.0,0.0,1,0.0,400.0,600.0,150.0,1454253.0994056698,1247500.0,206753.09940566975,False,True,585.6995405936965,59.192259821250445,612.475726325742
0.0,0.0,0,3500.0,200.0,600.0,100.0,2555811.4662131616,1250000.0,1305811.4662131616,False,True,585.6995405936965,59.192259821250445,3690.614810116158
0.0,200.0,3,0.0,200.0,900.0,100.0,1711239.8980234961,1250000.0,461239.8980234961,False,True,585.6995405936965,59.192259821250445,1051.7114471702214
0.0,400.0,1,0.0,600.0,900.0,100.0,1790488.572107757,1250000.0,540488.572107757,False,True,585.6995405936965,59.192259821250445,2513.7098293627223
0.0,400.0,1,1500.0,0.0,600.0,100.0,1790468.6741485733,1250000.0,540468.6741485733,False,True,585.6995405936965,59.192259821250445,2563.51871475447
200.0,0.0,2,0.0,400.0,900.0,100.0,1592434.6015966956,1250000.0,342434.6015966956,False,True,585.6995405936965,59.192259821250445,405.87444545289327
200.0,200.0,0,1500.0,200.0,600.0,100.0,1835211.977522036,1250000.0,585211.977522036,False,True,585.6995405936965,59.192259821250445,1935.3996227645955
200.0,0.0,0,1500.0,0.0,1200.0,150.0,2078304.643854161,1252500.0,825804.643854161,False,True,585.6995405936965,59.192259821250445,3865.8930600743543
0.0,0.0,4,0.0,600.0,600.0,100.0,1912863.2040247424,1255000.0,657863.2040247422,False,True,585.6995405936965,59.192259821250445,2156.576628081344
0.0,200.0,0,2500.0,0.0,900.0,100.0,2315310.163851074,1255000.0,1060310.163851074,False,True,585.6995405936965,59.192259821250445,3865.8930600743543
0.0,600.0,2,0.0,0.0,600.0,100.0,1617313.315630531,1255000.0,362313.31563053105,False,True,585.6995405936965,59.192259821250445,995.774434790911
200.0,400.0,1,0.0,200.0,600.0,100.0,1494012.4900030557,1255000.0,239012.4900030556,False,True,585.6995405936965,59.192259821250445,1318.5669258487553
400.0,0.0,2,0.0,0.0,600.0,100.0,1424924.1240644243,1255000.0,169924.1240644244,False,True,585.6995405936965,59.192259821250445,182.57732989113134
400.0,200.0,0,0.0,400.0,600.0,100.0,1511250.0679742435,1255000.0,256250.06797424355,False,True,585.6995405936965,59.192259821250445,1698.6056490856342
0.0,0.0,2,1500.0,200.0,900.0,150.0,1934471.545861477,1257500.0,676971.545861477,False,True,585.6995405936965,59.192259821250445,1747.5609944868013
0.0,200.0,0,1500.0,600.0,900.0,150.0,2317810.163851074,1257500.0,1060310.163851074,False,True,585.6995405936965,59.192259821250445,3647.7021310864807
0.0,600.0,0,0.0,200.0,1200.0,150.0,2014143.553516816,1257500.0,756643.5535168161,False,True,585.6995405936965,59.192259821250445,2649.4167270363273
200.0,200.0,1,0.0,0.0,1200.0,150.0,1543149.3877389599,1257500.0,285649.3877389598,False,True,585.6995405936965,59.192259821250445,1486.5406080481362
400.0,0.0,0,0.0,200.0,1200.0,150.0,1663042.9162747762,1257500.0,405542.9162747762,False,True,585.6995405936965,59.192259821250445,2595.9332940343993
0.0,0.0,1,2500.0,400.0,600.0,100.0,2177500.216213161,1260000.0,917500.2162131609,False,True,585.6995405936965,59.192259821250445,3412.6383503822058
0.0,0.0,0,3500.0,200.0,600.0,150.0,2568311.4662131616,1262500.0,1305811.4662131616,False,True,585.6995405936965,59.192259821250445,3690.614810116158
0.0,200.0,3,0.0,200.0,900.0,150.0,1723739.8980234961,1262500.0,461239.8980234961,False,True,585.6995405936965,59.192259821250445,1051.7114471702214
0.0,400.0,1,0.0,600.0,900.0,150.0,1802988.572107757,1262500.0,540488.572107757,False,True,585.6995405936965,59.192259821250445,2513.7098293627223
0.0,400.0,1,1500.0,0.0,600.0,150.0,1802968.6741485733,1262500.0,540468.6741485733,False,True,585.6995405936965,59.192259821250445,2563.51871475447
200.0,0.0,2,0.0,400.0,900.0,150.0,1604934.6015966956,1262500.0,342434.6015966956,False,True,585.6995405936965,59.192259821250445,405.87444545289327
200.0,200.0,0,1500.0,200.0,600.0,150.0,1847711.977522036,1262500.0,585211.977522036,False,True,585.6995405936965,59.192259821250445,1935.3996227645955
0.0,0.0,3,0.0,400.0,1200.0,100.0,1923022.3876982117,1265000.0,658022.3876982117,False,True,585.6995405936965,59.192259821250445,2156.576628081344
0.0,200.0,1,1500.0,200.0,900.0,100.0,1938265.3959633233,1265000.0,673265.3959633233,False,True,585.6995405936965,59.192259821250445,2986.8880172546897
200.0,0.0,0,1500.0,400.0,900.0,100.0,2090725.0520174264,1265000.0,825725.0520174264,False,True,585.6995405936965,59.192259821250445,3575.690530657883
200.0,400.0,0,0.0,0.0,1200.0,100.0,1734000.4360845785,1265000.0,469000.43608457845,False,True,585.6995405936965,59.192259821250445,3865.8930600743543
0.0,0.0,4,0.0,600.0,600.0,150.0,1925363.2040247424,1267500.0,657863.2040247422,False,True,585.6995405936965,59.192259821250445,2156.576628081344
0.0,200.0,0,2500.0,0.0,900.0,150.0,2327810.163851074,1267500.0,1060310.163851074,False,True,585.6995405936965,59.192259821250445,3865.8930600743543
0.0,600.0,2,0.0,0.0,600.0,150.0,1629813.315630531,1267500.0,362313.31563053105,False,True,585.6995405936965,59.192259821250445,995.774434790911
200.0,400.0,1,0.0,200.0,600.0,150.0,1506512.4900030557,1267500.0,239012.4900030556,False,True,585.6995405936965,59.192259821250445,1318.5669258487553
400.0,0.0,2,0.0,0.0,600.0,150.0,1437424.1240644243,1267500.0,169924.1240644244,False,True,585.6995405936965,59.192259821250445,182.57732989113134
400.0,200.0,0,0.0,400.0,600.0,150.0,1523750.0679742435,1267500.0,256250.06797424355,False,True,585.6995405936965,59.192259821250445,1698.6056490856342
0.0,0.0,0,2500.0,200.0,1200.0,100.0,2575970.649886631,1270000.0,1305970.649886631,False,True,585.6995405936965,59.192259821250445,3748.9606296132833
0.0,0.0,2,1500.0,600.0,600.0,100.0,1946891.9540247424,1270000.0,676891.9540247422,False,True,585.6995405936965,59.192259821250445,1747.5609944868013
0.0,400.0,2,0.0,200.0,900.0,100.0,1659285.5971719408,1270000.0,389285.5971719408,False,True,585.6995405936965,59.192259821250445,978.5720635857999
0.0,600.0,0,0.0,600.0,900.0,100.0,2026623.6555576324,1270000.0,756623.6555576323,False,True,585.6995405936965,59.192259821250445,2649.4167270363273
0.0,600.0,0,1500.0,0.0,600.0,100.0,2026603.7575984488,1270000.0,756603.7575984488,False,True,585.6995405936965,59.192259821250445,3865.8930600743543
200.0,0.0,3,0.0,0.0,900.0,100.0,1597163.0295424946,1270000.0,327163.02954249457,False,True,585.6995405936965,59.192259821250445,405.87444545289327
200.0,200.0,1,0.0,400.0,900.0,100.0,1555629.4897797762,1270000.0,285629.48977977614,False,True,585.6995405936965,59.192259821250445,1468.2385147972495
400.0,0.0,0,0.0,600.0,900.0,100.0,1675523.0183155925,1270000.0,405523.0183155925,False,True,585.6995405936965,59.192259821250445,2595.9332940343993
400.0,0.0,0,1500.0,0.0,600.0,100.0,1675503.1203564089,1270000.0,405503.1203564088,False,True,585.6995405936965,59.192259821250445,3865.8930600743543
0.0,0.0,1,2500.0,400.0,600.0,150.0,2190000.216213161,1272500.0,917500.2162131609,False,True,585.6995405936965,59.192259821250445,3412.6383503822058
0.0,0.0,5,0.0,200.0,600.0,100.0,1932863.2040247424,1275000.0,657863.2040247422,False,True,585.6995405936965,59.192259821250445,2156.576628081344
0.0,200.0,3,0.0,600.0,600.0,100.0,1736160.3061867612,1275000.0,461160.3061867613,False,True,585.6995405936965,59.192259821250445,1051.7114471702214
200.0,600.0,0,0.0,200.0,600.0,100.0,1714101.3532302282,1275000.0,439101.3532302282,False,True,585.6995405936965,59.192259821250445,2345.995722798581
400.0,200.0,1,0.0,0.0,600.0,100.0,1400014.8282111923,1275000.0,125014.8282111923,False,True,585.6995405936965,59.192259821250445,422.0757658063585
600.0,0.0,0,0.0,200.0,600.0,100.0,1484562.798444962,1275000.0,209562.79844496195,False,True,585.6995405936965,59.192259821250445,1046.8994933870501
0.0,0.0,3,0.0,400.0,1200.0,150.0,1935522.3876982117,1277500.0,658022.3876982117,False,True,585.6995405936965,59.192259821250445,2156.576628081344
0.0,200.0,1,1500.0,200.0,900.0,150.0,1950765.3959633233,1277500.0,673265.3959633233,False,True,585.6995405936965,59.192259821250445,2986.8880172546897
200.0,0.0,0,1500.0,400.0,900.0,150.0,2103225.052017426,1277500.0,825725.0520174264,False,True,585.6995405936965,59.192259821250445,3575.690530657883
200.0,400.0,0,0.0,0.0,1200.0,150.0,1746500.4360845785,1277500.0,469000.43608457845,False,True,585.6995405936965,59.192259821250445,3865.8930600743543
0.0,0.0,1,1500.0,400.0,1200.0,100.0,2197659.3998866305,1280000.0,917659.3998866302,False,True,585.6995405936965,59.192259821250445,3612.7401825512634
0.0,0.0,2,2500.0,0.0,600.0,100.0,1956891.9540247424,1280000.0,676891.9540247422,False,True,585.6995405936965,59.192259821250445,2156.576628081344
0.0,200.0,0,2500.0,400.0,600.0,100.0,2340230.5720143393,1280000.0,1060230.5720143393,False,True,585.6995405936965,59.192259821250445,3508.5724432813286
0.0,0.0,0,2500.0,200.0,1200.0,150.0,2588470.649886631,1282500.0,1305970.649886631,False,True,585.6995405936965,59.192259821250445,3748.9606296132833
0.0,0.0,2,1500.0,600.0,600.0,150.0,1959391.9540247424,1282500.0,676891.9540247422,False,True,585.6995405936965,59.192259821250445,1747.5609944868013
0.0,400.0,2,0.0,200.0,900.0,150.0,1671785.5971719408,1282500.0,389285.5971719408,False,True,585.6995405936965,59.192259821250445,978.5720635857999
0.0,600.0,0,0.0,600.0,900.0,150.0,2039123.6555576324,1282500.0,756623.6555576323,False,True,585.6995405936965,59.192259821250445,2649.4167270363273
0.0,600.0,0,1500.0,0.0,600.0,150.0,2039103.7575984488,1282500.0,756603.7575984488,False,True,585.6995405936965,59.192259821250445,3865.8930600743543
200.0,0.0,3,0.0,0.0,900.0,150.0,1609663.0295424946,1282500.0,327163.02954249457,False,True,585.6995405936965,59.192259821250445,405.87444545289327
200.0,200.0,1,0.0,400.0,900.0,150.0,1568129.4897797762,1282500.0,285629.48977977614,False,True,585.6995405936965,59.192259821250445,1468.2385147972495
400.0,0.0,0,0.0,600.0,900.0,150.0,1688023.0183155925,1282500.0,405523.0183155925,False,True,585.6995405936965,59.192259821250445,2595.9332940343993
400.0,0.0,0,1500.0,0.0,600.0,150.0,1688003.1203564089,1282500.0,405503.1203564088,False,True,585.6995405936965,59.192259821250445,3865.8930600743543
0.0,0.0,4,0.0,0.0,1200.0,100.0,1943022.3876982117,1285000.0,658022.3876982117,False,True,585.6995405936965,59.192259821250445,2156.576628081344
0.0,200.0,2,0.0,400.0,1200.0,100.0,1760042.3046489386,1285000.0,475042.3046489385,False,True,585.6995405936965,59.192259821250445,1051.7114471702214
0.0,400.0,0,1500.0,200.0,900.0,100.0,2127984.939171296,1285000.0,842984.9391712961,False,True,585.6995405936965,59.192259821250445,2267.7030841801306
200.0,0.0,1,0.0,600.0,1200.0,100.0,1737431.4698254091,1285000.0,452431.4698254091,False,True,585.6995405936965,59.192259821250445,2562.771352790423
200.0,0.0,1,1500.0,0.0,900.0,100.0,1737351.8779886744,1285000.0,452351.87798867445,False,True,585.6995405936965,59.192259821250445,2562.771352790423
0.0,0.0,5,0.0,200.0,600.0,150.0,1945363.2040247424,1287500.0,657863.2040247422,False,True,585.6995405936965,59.192259821250445,2156.576628081344
0.0,200.0,3,0.0,600.0,600.0,150.0,1748660.3061867612,1287500.0,461160.3061867613,False,True,585.6995405936965,59.192259821250445,1051.7114471702214
200.0,600.0,0,0.0,200.0,600.0,150.0,1726601.3532302282,1287500.0,439101.3532302282,False,True,585.6995405936965,59.192259821250445,2345.995722798581
400.0,200.0,1,0.0,0.0,600.0,150.0,1412514.8282111923,1287500.0,125014.8282111923,False,True,585.6995405936965,59.192259821250445,422.0757658063585
600.0,0.0,0,0.0,200.0,600.0,150.0,1497062.798444962,1287500.0,209562.79844496195,False,True,585.6995405936965,59.192259821250445,1046.8994933870501
0.0,0.0,3,1500.0,200.0,600.0,100.0,1947863.2040247424,1290000.0,657863.2040247422,False,True,585.6995405936965,59.192259821250445,1747.5609944868013
0.0,200.0,1,1500.0,600.0,600.0,100.0,1963185.8041265886,1290000.0,673185.8041265886,False,True,585.6995405936965,59.192259821250445,2970.9872170676454
0.0,600.0,1,0.0,200.0,900.0,100.0,1790972.8582302334,1290000.0,500972.8582302334,False,True,585.6995405936965,59.192259821250445,2276.7357025351007
200.0,200.0,2,0.0,0.0,900.0,100.0,1510851.5293712304,1290000.0,220851.52937123043,False,True,585.6995405936965,59.192259821250445,263.37660692001737
200.0,400.0,0,0.0,400.0,900.0,100.0,1758980.5381253948,1290000.0,468980.5381253948,False,True,585.6995405936965,59.192259821250445,2573.69823332226
400.0,0.0,1,0.0,200.0,900.0,100.0,1496772.9973648535,1290000.0,206772.99736485342,False,True,585.6995405936965,59.192259821250445,612.475726325742
0.0,0.0,1,1500.0,400.0,1200.0,150.0,2210159.3998866305,1292500.0,917659.3998866302,False,True,585.6995405936965,59.192259821250445,3612.7401825512634
0.0,0.0,2,2500.0,0.0,600.0,150.0,1969391.9540247424,1292500.0,676891.9540247422,False,True,585.6995405936965,59.192259821250445,2156.576628081344
0.0,200.0,0,2500.0,400.0,600.0,150.0,2352730.5720143393,1292500.0,1060230.5720143393,False,True,585.6995405936965,59.192259821250445,3508.5724432813286
0.0,0.0,0,2500.0,600.0,900.0,100.0,2600891.0580498963,1295000.0,1305891.0580498963,False,True,585.6995405936965,59.192259821250445,3587.2611719257848
0.0,200.0,4,0.0,200.0,600.0,100.0,1756160.3061867612,1295000.0,461160.3061867613,False,True,585.6995405936965,59.192259821250445,1051.7114471702214
0.0,400.0,2,0.0,600.0,600.0,100.0,1684265.699212757,1295000.0,389265.69921275706,False,True,585.6995405936965,59.192259821250445,978.5720635857999
200.0,0.0,3,0.0,400.0,600.0,100.0,1622083.43770576,1295000.0,327083.43770575983,False,True,585.6995405936965,59.192259821250445,405.87444545289327
400.0,400.0,0,0.0,0.0,600.0,100.0,1508620.367323371,1295000.0,213620.36732337106,False,True,585.6995405936965,59.192259821250445,3865.8930600743543
0.0,0.0,4,0.0,0.0,1200.0,150.0,1955522.3876982117,1297500.0,658022.3876982117,False,True,585.6995405936965,59.192259821250445,2156.576628081344
0.0,200.0,2,0.0,400.0,1200.0,150.0,1772542.3046489386,1297500.0,475042.3046489385,False,True,585.6995405936965,59.192259821250445,1051.7114471702214
0.0,400.0,0,1500.0,200.0,900.0,150.0,2140484.939171296,1297500.0,842984.9391712961,False,True,585.6995405936965,59.192259821250445,2267.7030841801306
200.0,0.0,1,0.0,600.0,1200.0,150.0,1749931.4698254091,1297500.0,452431.4698254091,False,True,585.6995405936965,59.192259821250445,2562.771352790423
200.0,0.0,1,1500.0,0.0,900.0,150.0,1749851.8779886744,1297500.0,452351.87798867445,False,True,585.6995405936965,59.192259821250445,2562.771352790423
0.0,0.0,2,1500.0,0.0,1200.0,100.0,1977051.1376982117,1300000.0,677051.1376982117,False,True,585.6995405936965,59.192259821250445,2156.576628081344
0.0,200.0,0,1500.0,400.0,1200.0,100.0,2360389.7556878086,1300000.0,1060389.7556878086,False,True,585.6995405936965,59.192259821250445,3647.7021310864807
0.0,200.0,1,2500.0,0.0,600.0,100.0,1973185.8041265886,1300000.0,673185.8041265886,False,True,585.6995405936965,59.192259821250445,3313.276144089339
200.0,0.0,0,2500.0,200.0,600.0,100.0,2125645.4601806914,1300000.0,825645.4601806917,False,True,585.6995405936965,59.192259821250445,3389.2872110965004
0.0,0.0,3,1500.0,200.0,600.0,150.0,1960363.2040247424,1302500.0,657863.2040247422,False,True,585.6995405936965,59.192259821250445,1747.5609944868013
0.0,200.0,1,1500.0,600.0,600.0,150.0,1975685.8041265886,1302500.0,673185.8041265886,False,True,585.6995405936965,59.192259821250445,2970.9872170676454
0.0,600.0,1,0.0,200.0,900.0,150.0,1803472.8582302334,1302500.0,500972.8582302334,False,True,585.6995405936965,59.192259821250445,2276.7357025351007
200.0,200.0,2,0.0,0.0,900.0,150.0,1523351.5293712304,1302500.0,220851.52937123043,False,True,585.6995405936965,59.192259821250445,263.37660692001737
200.0,400.0,0,0.0,400.0,900.0,150.0,1771480.5381253948,1302500.0,468980.5381253948,False,True,585.6995405936965,59.192259821250445,2573.69823332226
400.0,0.0,1,0.0,200.0,900.0,150.0,1509272.9973648535,1302500.0,206772.99736485342,False,True,585.6995405936965,59.192259821250445,612.475726325742
0.0,0.0,0,3500.0,0.0,900.0,100.0,2610891.0580498963,1305000.0,1305891.0580498963,False,True,585.6995405936965,59.192259821250445,3865.8930600743543
0.0,200.0,3,0.0,0.0,1200.0,100.0,1766319.4898602308,1305000.0,461319.48986023077,False,True,585.6995405936965,59.192259821250445,1051.7114471702214
0.0,400.0,1,0.0,400.0,1200.0,100.0,1845508.4700669406,1305000.0,540508.4700669406,False,True,585.6995405936965,59.192259821250445,2513.7098293627223
200.0,0.0,2,0.0,200.0,1200.0,100.0,1647514.1934334303,1305000.0,342514.19343343034,False,True,585.6995405936965,59.192259821250445,405.87444545289327
200.0,200.0,0,0.0,600.0,1200.0,100.0,1890251.7734404034,1305000.0,585251.7734404034,False,True,585.6995405936965,59.192259821250445,3431.479952018347
200.0,200.0,0,1500.0,0.0,900.0,100.0,1890231.8754812197,1305000.0,585231.8754812197,False,True,585.6995405936965,59.192259821250445,3865.8930600743543
0.0,0.0,0,2500.0,600.0,900.0,150.0,2613391.0580498963,1307500.0,1305891.0580498963,False,True,585.6995405936965,59.192259821250445,3587.2611719257848
0.0,200.0,4,0.0,200.0,600.0,150.0,1768660.3061867612,1307500.0,461160.3061867613,False,True,585.6995405936965,59.192259821250445,1051.7114471702214
0.0,400.0,2,0.0,600.0,600.0,150.0,1696765.699212757,1307500.0,389265.69921275706,False,True,585.6995405936965,59.192259821250445,978.5720635857999
200.0,0.0,3,0.0,400.0,600.0,150.0,1634583.43770576,1307500.0,327083.43770575983,False,True,585.6995405936965,59.192259821250445,405.87444545289327
400.0,400.0,0,0.0,0.0,600.0,150.0,1521120.367323371,1307500.0,213620.36732337106,False,True,585.6995405936965,59.192259821250445,3865.8930600743543
0.0,0.0,4,0.0,400.0,900.0,100.0,1967942.795861477,1310000.0,657942.795861477,False,True,585.6995405936965,59.192259821250445,2156.576628081344
0.0,200.0,2,1500.0,200.0,600.0,100.0,1784883.120975469,1310000.0,474883.12097546906,False,True,585.6995405936965,59.192259821250445,549.635040747302
0.0,400.0,0,1500.0,600.0,600.0,100.0,2152965.0412121126,1310000.0,842965.0412121124,False,True,585.6995405936965,59.192259821250445,1894.4878938275172
200.0,0.0,1,1500.0,400.0,600.0,100.0,1762272.2861519398,1310000.0,452272.28615193977,False,True,585.6995405936965,59.192259821250445,2003.0873124299087
200.0,400.0,1,0.0,0.0,900.0,100.0,1549032.3879622393,1310000.0,239032.38796223924,False,True,585.6995405936965,59.192259821250445,1385.2425272275434
400.0,200.0,0,0.0,200.0,900.0,100.0,1566269.9659334272,1310000.0,256269.96593342721,False,True,585.6995405936965,59.192259821250445,1698.6056490856342
0.0,0.0,2,1500.0,0.0,1200.0,150.0,1989551.1376982117,1312500.0,677051.1376982117,False,True,585.6995405936965,59.192259821250445,2156.576628081344
0.0,200.0,0,1500.0,400.0,1200.0,150.0,2372889.7556878086,1312500.0,1060389.7556878086,False,True,585.6995405936965,59.192259821250445,3647.7021310864807
0.0,200.0,1,2500.0,0.0,600.0,150.0,1985685.8041265886,1312500.0,673185.8041265886,False,True,585.6995405936965,59.192259821250445,3313.276144089339
200.0,0.0,0,2500.0,200.0,600.0,150.0,2138145.4601806914,1312500.0,825645.4601806917,False,True,585.6995405936965,59.192259821250445,3389.2872110965004
0.0,0.0,1,2500.0,200.0,900.0,100.0,2232579.808049896,1315000.0,917579.8080498956,False,True,585.6995405936965,59.192259821250445,3441.574065438045
0.0,400.0,3,0.0,200.0,600.0,100.0,1693016.181383363,1315000.0,378016.1813833629,False,True,585.6995405936965,59.192259821250445,978.5720635857999
0.0,600.0,1,0.0,600.0,600.0,100.0,1815952.9602710498,1315000.0,500952.96027104976,False,True,585.6995405936965,59.192259821250445,2276.7357025351007
200.0,0.0,4,0.0,0.0,600.0,100.0,1642083.43770576,1315000.0,327083.43770575983,False,True,585.6995405936965,59.192259821250445,405.87444545289327
200.0,200.0,2,0.0,400.0,600.0,100.0,1535831.6314120467,1315000.0,220831.63141204676,False,True,585.6995405936965,59.192259821250445,251.89696355931326
400.0,0.0,1,0.0,600.0,600.0,100.0,1521753.0994056698,1315000.0,206753.09940566975,False,True,585.6995405936965,59.192259821250445,612.475726325742
0.0,0.0,0,3500.0,0.0,900.0,150.0,2623391.0580498963,1317500.0,1305891.0580498963,False,True,585.6995405936965,59.192259821250445,3865.8930600743543
0.0,200.0,3,0.0,0.0,1200.0,150.0,1778819.4898602308,1317500.0,461319.48986023077,False,True,585.6995405936965,59.192259821250445,1051.7114471702214
0.0,400.0,1,0.0,400.0,1200.0,150.0,1858008.4700669406,1317500.0,540508.4700669406,False,True,585.6995405936965,59.192259821250445,2513.7098293627223
200.0,0.0,2,0.0,200.0,1200.0,150.0,1660014.1934334303,1317500.0,342514.19343343034,False,True,585.6995405936965,59.192259821250445,405.87444545289327
200.0,200.0,0,0.0,600.0,1200.0,150.0,1902751.7734404034,1317500.0,585251.7734404034,False,True,585.6995405936965,59.192259821250445,3431.479952018347
200.0,200.0,0,1500.0,0.0,900.0,150.0,1902731.8754812197,1317500.0,585231.8754812197,False,True,585.6995405936965,59.192259821250445,3865.8930600743543
0.0,200.0,1,1500.0,0.0,1200.0,100.0,1993344.987800058,1320000.0,673344.987800058,False,True,585.6995405936965,59.192259821250445,3313.276144089339
0.0,400.0,0,2500.0,0.0,600.0,100.0,2162965.0412121126,1320000.0,842965.0412121124,False,True,585.6995405936965,59.192259821250445,3865.8930600743543
200.0,0.0,0,1500.0,200.0,1200.0,100.0,2145804.643854161,1320000.0,825804.643854161,False,True,585.6995405936965,59.192259821250445,3579.500840844822
0.0,0.0,4,0.0,400.0,900.0,150.0,1980442.795861477,1322500.0,657942.795861477,False,True,585.6995405936965,59.192259821250445,2156.576628081344
0.0,200.0,2,1500.0,200.0,600.0,150.0,1797383.120975469,1322500.0,474883.12097546906,False,True,585.6995405936965,59.192259821250445,549.635040747302
0.0,400.0,0,1500.0,600.0,600.0,150.0,2165465.0412121126,1322500.0,842965.0412121124,False,True,585.6995405936965,59.192259821250445,1894.4878938275172
200.0,0.0,1,1500.0,400.0,600.0,150.0,1774772.2861519398,1322500.0,452272.28615193977,False,True,585.6995405936965,59.192259821250445,2003.0873124299087
200.0,400.0,1,0.0,0.0,900.0,150.0,1561532.3879622393,1322500.0,239032.38796223924,False,True,585.6995405936965,59.192259821250445,1385.2425272275434
400.0,200.0,0,0.0,200.0,900.0,150.0,1578769.9659334272,1322500.0,256269.96593342721,False,True,585.6995405936965,59.192259821250445,1698.6056490856342
0.0,0.0,2,1500.0,400.0,900.0,100.0,2001971.545861477,1325000.0,676971.545861477,False,True,585.6995405936965,59.192259821250445,1747.5609944868013
0.0,400.0,2,0.0,0.0,1200.0,100.0,1714305.4951311243,1325000.0,389305.4951311244,False,True,585.6995405936965,59.192259821250445,995.7744347909112
0.0,600.0,0,0.0,400.0,1200.0,100.0,2081643.553516816,1325000.0,756643.5535168161,False,True,585.6995405936965,59.192259821250445,2649.4167270363273
200.0,200.0,1,0.0,200.0,1200.0,100.0,1610649.3877389599,1325000.0,285649.3877389598,False,True,585.6995405936965,59.192259821250445,1468.2385147972495
400.0,0.0,0,0.0,400.0,1200.0,100.0,1730542.9162747762,1325000.0,405542.9162747762,False,True,585.6995405936965,59.192259821250445,2595.9332940343993
0.0,0.0,1,2500.0,200.0,900.0,150.0,2245079.808049896,1327500.0,917579.8080498956,False,True,585.6995405936965,59.192259821250445,3441.574065438045
0.0,400.0,3,0.0,200.0,600.0,150.0,1705516.181383363,1327500.0,378016.1813833629,False,True,585.6995405936965,59.192259821250445,978.5720635857999
0.0,600.0,1,0.0,600.0,600.0,150.0,1828452.9602710498,1327500.0,500952.96027104976,False,True,585.6995405936965,59.192259821250445,2276.7357025351007
200.0,0.0,4,0.0,0.0,600.0,150.0,1654583.43770576,1327500.0,327083.43770575983,False,True,585.6995405936965,59.192259821250445,405.87444545289327
200.0,200.0,2,0.0,400.0,600.0,150.0,1548331.6314120467,1327500.0,220831.63141204676,False,True,585.6995405936965,59.192259821250445,251.89696355931326
400.0,0.0,1,0.0,600.0,600.0,150.0,1534253.0994056698,1327500.0,206753.09940566975,False,True,585.6995405936965,59.192259821250445,612.475726325742
0.0,0.0,0,3500.0,400.0,600.0,100.0,2635811.4662131616,1330000.0,1305811.4662131616,False,True,585.6995405936965,59.192259821250445,3468.168116464793
0.0,0.0,5,0.0,0.0,900.0,100.0,1987942.795861477,1330000.0,657942.795861477,False,True,585.6995405936965,59.192259821250445,2156.576628081344
0.0,200.0,3,0.0,400.0,900.0,100.0,1791239.8980234961,1330000.0,461239.8980234961,False,True,585.6995405936965,59.192259821250445,1051.7114471702214
0.0,400.0,1,1500.0,200.0,600.0,100.0,1870468.6741485733,1330000.0,540468.6741485733,False,True,585.6995405936965,59.192259821250445,1045.3707136293415
200.0,0.0,2,0.0,600.0,900.0,100.0,1672434.6015966956,1330000.0,342434.6015966956,False,True,585.6995405936965,59.192259821250445,405.87444545289327
200.0,0.0,2,1500.0,0.0,600.0,100.0,1672355.009759961,1330000.0,342355.0097599609,False,True,585.6995405936965,59.192259821250445,405.87444545289327
200.0,200.0,0,1500.0,400.0,600.0,100.0,1915211.977522036,1330000.0,585211.977522036,False,True,585.6995405936965,59.192259821250445,1931.5893125776565
200.0,600.0,0,0.0,0.0,900.0,100.0,1769121.2511894119,1330000.0,439121.2511894118,False,True,585.6995405936965,59.192259821250445,3865.8930600743543
600.0,0.0,0,0.0,0.0,900.0,100.0,1539582.6964041456,1330000.0,209582.69640414568,False,True,585.6995405936965,59.192259821250445,3865.8930600743543
0.0,200.0,1,1500.0,0.0,1200.0,150.0,2005844.987800058,1332500.0,673344.987800058,False,True,585.6995405936965,59.192259821250445,3313.276144089339
0.0,400.0,0,2500.0,0.0,600.0,150.0,2175465.0412121126,1332500.0,842965.0412121124,False,True,585.6995405936965,59.192259821250445,3865.8930600743543
200.0,0.0,0,1500.0,200.0,1200.0,150.0,2158304.643854161,1332500.0,825804.643854161,False,True,585.6995405936965,59.192259821250445,3579.500840844822
0.0,200.0,0,2500.0,200.0,900.0,100.0,2395310.163851074,1335000.0,1060310.163851074,False,True,585.6995405936965,59.192259821250445,3577.3039765448
0.0,600.0,2,0.0,200.0,600.0,100.0,1697313.315630531,1335000.0,362313.31563053105,False,True,585.6995405936965,59.192259821250445,962.1436229467142
200.0,200.0,3,0.0,0.0,600.0,100.0,1547109.2904027607,1335000.0,212109.29040276085,False,True,585.6995405936965,59.192259821250445,263.37660692001737
200.0,400.0,1,0.0,400.0,600.0,100.0,1574012.4900030557,1335000.0,239012.4900030556,False,True,585.6995405936965,59.192259821250445,1318.5669258487553
400.0,0.0,2,0.0,200.0,600.0,100.0,1504924.1240644243,1335000.0,169924.1240644244,True,True,585.6995405936965,59.192259821250445,146.53124172277154
400.0,200.0,0,0.0,600.0,600.0,100.0,1591250.0679742435,1335000.0,256250.06797424355,False,True,585.6995405936965,59.192259821250445,1698.6056490856342
0.0,0.0,2,1500.0,400.0,900.0,150.0,2014471.545861477,1337500.0,676971.545861477,False,True,585.6995405936965,59.192259821250445,1747.5609944868013
0.0,400.0,2,0.0,0.0,1200.0,150.0,1726805.4951311243,1337500.0,389305.4951311244,False,True,585.6995405936965,59.192259821250445,995.7744347909112
0.0,600.0,0,0.0,400.0,1200.0,150.0,2094143.553516816,1337500.0,756643.5535168161,False,True,585.6995405936965,59.192259821250445,2649.4167270363273
200.0,200.0,1,0.0,200.0,1200.0,150.0,1623149.3877389599,1337500.0,285649.3877389598,False,True,585.6995405936965,59.192259821250445,1468.2385147972495
400.0,0.0,0,0.0,400.0,1200.0,150.0,1743042.9162747762,1337500.0,405542.9162747762,False,True,585.6995405936965,59.192259821250445,2595.9332940343993
0.0,0.0,1,2500.0,600.0,600.0,100.0,2257500.216213161,1340000.0,917500.2162131609,False,True,585.6995405936965,59.192259821250445,3412.6383503822058
0.0,400.0,0,1500.0,0.0,1200.0,100.0,2183004.8371304795,1340000.0,843004.8371304797,False,True,585.6995405936965,59.192259821250445,3865.8930600743543
0.0,0.0,0,3500.0,400.0,600.0,150.0,2648311.4662131616,1342500.0,1305811.4662131616,False,True,585.6995405936965,59.192259821250445,3468.168116464793
0.0,0.0,5,0.0,0.0,900.0,150.0,2000442.795861477,1342500.0,657942.795861477,False,True,585.6995405936965,59.192259821250445,2156.576628081344
0.0,200.0,3,0.0,400.0,900.0,150.0,1803739.8980234961,1342500.0,461239.8980234961,False,True,585.6995405936965,59.192259821250445,1051.7114471702214
0.0,400.0,1,1500.0,200.0,600.0,150.0,1882968.6741485733,1342500.0,540468.6741485733,False,True,585.6995405936965,59.192259821250445,1045.3707136293415
200.0,0.0,2,0.0,600.0,900.0,150.0,1684934.6015966956,1342500.0,342434.6015966956,False,True,585.6995405936965,59.192259821250445,405.87444545289327
200.0,0.0,2,1500.0,0.0,600.0,150.0,1684855.009759961,1342500.0,342355.0097599609,False,True,585.6995405936965,59.192259821250445,405.87444545289327
200.0,200.0,0,1500.0,400.0,600.0,150.0,1927711.977522036,1342500.0,585211.977522036,False,True,585.6995405936965,59.192259821250445,1931.5893125776565
200.0,600.0,0,0.0,0.0,900.0,150.0,1781621.2511894119,1342500.0,439121.2511894118,False,True,585.6995405936965,59.192259821250445,3865.8930600743543
600.0,0.0,0,0.0,0.0,900.0,150.0,1552082.6964041456,1342500.0,209582.69640414568,False,True,585.6995405936965,59.192259821250445,3865.8930600743543
0.0,0.0,3,0.0,600.0,1200.0,100.0,2003022.3876982117,1345000.0,658022.3876982117,False,True,585.6995405936965,59.192259821250445,2156.576628081344
0.0,0.0,3,1500.0,0.0,900.0,100.0,2002942.795861477,1345000.0,657942.795861477,False,True,585.6995405936965,59.192259821250445,2156.576628081344
0.0,200.0,1,1500.0,400.0,900.0,100.0,2018265.3959633233,1345000.0,673265.3959633233,False,True,585.6995405936965,59.192259821250445,2970.9872170676454
0.0,600.0,1,0.0,0.0,1200.0,100.0,1845992.756189417,1345000.0,500992.7561894171,False,True,585.6995405936965,59.192259821250445,2342.9730285659334
200.0,0.0,0,1500.0,600.0,900.0,100.0,2170725.052017426,1345000.0,825725.0520174264,False,True,585.6995405936965,59.192259821250445,3575.690530657883
200.0,400.0,0,0.0,200.0,1200.0,100.0,1814000.4360845785,1345000.0,469000.43608457845,False,True,585.6995405936965,59.192259821250445,2573.69823332226
400.0,0.0,1,0.0,0.0,1200.0,100.0,1551792.8953240372,1345000.0,206792.8953240371,False,True,585.6995405936965,59.192259821250445,688.8512009355181
0.0,200.0,0,2500.0,200.0,900.0,150.0,2407810.163851074,1347500.0,1060310.163851074,False,True,585.6995405936965,59.192259821250445,3577.3039765448
0.0,600.0,2,0.0,200.0,600.0,150.0,1709813.315630531,1347500.0,362313.31563053105,False,True,585.6995405936965,59.192259821250445,962.1436229467142
200.0,200.0,3,0.0,0.0,600.0,150.0,1559609.2904027607,1347500.0,212109.29040276085,False,True,585.6995405936965,59.192259821250445,263.37660692001737
200.0,400.0,1,0.0,400.0,600.0,150.0,1586512.4900030557,1347500.0,239012.4900030556,False,True,585.6995405936965,59.192259821250445,1318.5669258487553
400.0,0.0,2,0.0,200.0,600.0,150.0,1517424.1240644243,1347500.0,169924.1240644244,True,True,585.6995405936965,59.192259821250445,146.53124172277154
400.0,200.0,0,0.0,600.0,600.0,150.0,1603750.0679742435,1347500.0,256250.06797424355,False,True,585.6995405936965,59.192259821250445,1698.6056490856342
0.0,0.0,0,2500.0,400.0,1200.0,100.0,2655970.649886631,1350000.0,1305970.649886631,False,True,585.6995405936965,59.192259821250445,3587.2611719257848
0.0,0.0,1,3500.0,0.0,600.0,100.0,2267500.216213161,1350000.0,917500.2162131609,False,True,585.6995405936965,59.192259821250445,3865.8930600743543
0.0,200.0,4,0.0,0.0,900.0,100.0,1811239.8980234961,1350000.0,461239.8980234961,False,True,585.6995405936965,59.192259821250445,1051.7114471702214
0.0,400.0,2,0.0,400.0,900.0,100.0,1739285.5971719408,1350000.0,389285.5971719408,False,True,585.6995405936965,59.192259821250445,978.5720635857999
0.0,600.0,0,1500.0,200.0,600.0,100.0,2106603.7575984485,1350000.0,756603.7575984488,False,True,585.6995405936965,59.192259821250445,1733.1449628419696
200.0,0.0,3,0.0,200.0,900.0,100.0,1677163.0295424946,1350000.0,327163.02954249457,False,True,585.6995405936965,59.192259821250445,405.87444545289327
200.0,200.0,1,0.0,600.0,900.0,100.0,1635629.4897797762,1350000.0,285629.48977977614,False,True,585.6995405936965,59.192259821250445,1468.2385147972495
200.0,200.0,1,1500.0,0.0,600.0,100.0,1635609.5918205925,1350000.0,285609.59182059247,False,True,585.6995405936965,59.192259821250445,1486.5406080481362
400.0,0.0,0,1500.0,200.0,600.0,100.0,1755503.1203564089,1350000.0,405503.1203564088,False,True,585.6995405936965,59.192259821250445,1187.214197441795
0.0,0.0,1,2500.0,600.0,600.0,150.0,2270000.216213161,1352500.0,917500.2162131609,False,True,585.6995405936965,59.192259821250445,3412.6383503822058
0.0,400.0,0,1500.0,0.0,1200.0,150.0,2195504.8371304795,1352500.0,843004.8371304797,False,True,585.6995405936965,59.192259821250445,3865.8930600743543
0.0,0.0,5,0.0,400.0,600.0,100.0,2012863.2040247424,1355000.0,657863.2040247422,False,True,585.6995405936965,59.192259821250445,2156.576628081344
200.0,0.0,0,2500.0,0.0,900.0,100.0,2180725.052017426,1355000.0,825725.0520174264,False,True,585.6995405936965,59.192259821250445,3865.8930600743543
200.0,400.0,2,0.0,0.0,600.0,100.0,1540541.450266305,1355000.0,185541.45026630486,False,True,585.6995405936965,59.192259821250445,263.37660692001737
200.0,600.0,0,0.0,400.0,600.0,100.0,1794101.3532302282,1355000.0,439101.3532302282,False,True,585.6995405936965,59.192259821250445,2345.995722798581
400.0,200.0,1,0.0,200.0,600.0,100.0,1480014.8282111923,1355000.0,125014.8282111923,False,True,585.6995405936965,59.192259821250445,292.69344270120627
600.0,0.0,0,0.0,400.0,600.0,100.0,1564562.798444962,1355000.0,209562.79844496195,False,True,585.6995405936965,59.192259821250445,1046.8994933870501
0.0,0.0,3,0.0,600.0,1200.0,150.0,2015522.3876982117,1357500.0,658022.3876982117,False,True,585.6995405936965,59.192259821250445,2156.576628081344
0.0,0.0,3,1500.0,0.0,900.0,150.0,2015442.795861477,1357500.0,657942.795861477,False,True,585.6995405936965,59.192259821250445,2156.576628081344
0.0,200.0,1,1500.0,400.0,900.0,150.0,2030765.3959633233,1357500.0,673265.3959633233,False,True,585.6995405936965,59.192259821250445,2970.9872170676454
0.0,600.0,1,0.0,0.0,1200.0,150.0,1858492.756189417,1357500.0,500992.7561894171,False,True,585.6995405936965,59.192259821250445,2342.9730285659334
200.0,0.0,0,1500.0,600.0,900.0,150.0,2183225.052017426,1357500.0,825725.0520174264,False,True,585.6995405936965,59.192259821250445,3575.690530657883
200.0,400.0,0,0.0,200.0,1200.0,150.0,1826500.4360845785,1357500.0,469000.43608457845,False,True,585.6995405936965,59.192259821250445,2573.69823332226
400.0,0.0,1,0.0,0.0,1200.0,150.0,1564292.8953240372,1357500.0,206792.8953240371,False,True,585.6995405936965,59.192259821250445,688.8512009355181
0.0,0.0,1,1500.0,600.0,1200.0,100.0,2277659.3998866305,1360000.0,917659.3998866302,False,True,585.6995405936965,59.192259821250445,3612.7401825512634
0.0,0.0,2,2500.0,200.0,600.0,100.0,2036891.9540247424,1360000.0,676891.9540247422,False,True,585.6995405936965,59.192259821250445,1318.6840589658518
0.0,200.0,0,2500.0,600.0,600.0,100.0,2420230.5720143393,1360000.0,1060230.5720143393,False,True,585.6995405936965,59.192259821250445,3508.5724432813286
0.0,0.0,0,2500.0,400.0,1200.0,150.0,2668470.649886631,1362500.0,1305970.649886631,False,True,585.6995405936965,59.192259821250445,3587.2611719257848
0.0,0.0,1,3500.0,0.0,600.0,150.0,2280000.216213161,1362500.0,917500.2162131609,False,True,585.6995405936965,59.192259821250445,3865.8930600743543
0.0,200.0,4,0.0,0.0,900.0,150.0,1823739.8980234961,1362500.0,461239.8980234961,False,True,585.6995405936965,59.192259821250445,1051.7114471702214
0.0,400.0,2,0.0,400.0,900.0,150.0,1751785.5971719408,1362500.0,389285.5971719408,False,True,585.6995405936965,59.192259821250445,978.5720635857999
0.0,600.0,0,1500.0,200.0,600.0,150.0,2119103.7575984485,1362500.0,756603.7575984488,False,True,585.6995405936965,59.192259821250445,1733.1449628419696
200.0,0.0,3,0.0,200.0,900.0,150.0,1689663.0295424946,1362500.0,327163.02954249457,False,True,585.6995405936965,59.192259821250445,405.87444545289327
200.0,200.0,1,0.0,600.0,900.0,150.0,1648129.4897797762,1362500.0,285629.48977977614,False,True,585.6995405936965,59.192259821250445,1468.2385147972495
200.0,200.0,1,1500.0,0.0,600.0,150.0,1648109.5918205925,1362500.0,285609.59182059247,False,True,585.6995405936965,59.192259821250445,1486.5406080481362
400.0,0.0,0,1500.0,200.0,600.0,150.0,1768003.1203564089,1362500.0,405503.1203564088,False,True,585.6995405936965,59.192259821250445,1187.214197441795
0.0,0.0,4,0.0,200.0,1200.0,100.0,2023022.3876982117,1365000.0,658022.3876982117,False,True,585.6995405936965,59.192259821250445,2156.576628081344
0.0,200.0,2,0.0,600.0,1200.0,100.0,1840042.3046489386,1365000.0,475042.3046489385,False,True,585.6995405936965,59.192259821250445,1051.7114471702214
0.0,200.0,2,1500.0,0.0,900.0,100.0,1839962.712812204,1365000.0,474962.7128122038,False,True,585.6995405936965,59.192259821250445,1051.7114471702214
0.0,400.0,0,1500.0,400.0,900.0,100.0,2207984.939171296,1365000.0,842984.9391712961,False,True,585.6995405936965,59.192259821250445,1894.4878938275172
200.0,0.0,1,1500.0,200.0,900.0,100.0,1817351.8779886744,1365000.0,452351.87798867445,False,True,585.6995405936965,59.192259821250445,2003.0873124299087
400.0,200.0,0,0.0,0.0,1200.0,100.0,1621289.8638926109,1365000.0,256289.86389261088,False,True,585.6995405936965,59.192259821250445,3865.8930600743543
0.0,0.0,5,0.0,400.0,600.0,150.0,2025363.2040247424,1367500.0,657863.2040247422,False,True,585.6995405936965,59.192259821250445,2156.576628081344
200.0,0.0,0,2500.0,0.0,900.0,150.0,2193225.052017426,1367500.0,825725.0520174264,False,True,585.6995405936965,59.192259821250445,3865.8930600743543
200.0,400.0,2,0.0,0.0,600.0,150.0,1553041.450266305,1367500.0,185541.45026630486,False,True,585.6995405936965,59.192259821250445,263.37660692001737
200.0,600.0,0,0.0,400.0,600.0,150.0,1806601.3532302282,1367500.0,439101.3532302282,False,True,585.6995405936965,59.192259821250445,2345.995722798581
400.0,200.0,1,0.0,200.0,600.0,150.0,1492514.8282111923,1367500.0,125014.8282111923,False,True,585.6995405936965,59.192259821250445,292.69344270120627
600.0,0.0,0,0.0,400.0,600.0,150.0,1577062.798444962,1367500.0,209562.79844496195,False,True,585.6995405936965,59.192259821250445,1046.8994933870501
0.0,0.0,1,2500.0,0.0,1200.0,100.0,2287659.3998866305,1370000.0,917659.3998866302,False,True,585.6995405936965,59.192259821250445,3865.8930600743543
0.0,0.0,3,1500.0,400.0,600.0,100.0,2027863.2040247424,1370000.0,657863.2040247422,False,True,585.6995405936965,59.192259821250445,1747.5609944868013
0.0,200.0,0,3500.0,0.0,600.0,100.0,2430230.5720143393,1370000.0,1060230.5720143393,False,True,585.6995405936965,59.192259821250445,3865.8930600743543
0.0,400.0,3,0.0,0.0,900.0,100.0,1748036.0793425466,1370000.0,378036.0793425466,False,True,585.6995405936965,59.192259821250445,995.7744347909112
0.0,600.0,1,0.0,400.0,900.0,100.0,1870972.8582302334,1370000.0,500972.8582302334,False,True,585.6995405936965,59.192259821250445,2276.7357025351007
200.0,200.0,2,0.0,200.0,900.0,100.0,1590851.5293712304,1370000.0,220851.52937123043,False,True,585.6995405936965,59.192259821250445,251.89696355931326
200.0,400.0,0,0.0,600.0,900.0,100.0,1838980.5381253948,1370000.0,468980.5381253948,False,True,585.6995405936965,59.192259821250445,2573.69823332226
200.0,400.0,0,1500.0,0.0,600.0,100.0,1838960.6401662112,1370000.0,468960.6401662111,False,True,585.6995405936965,59.192259821250445,3865.8930600743543
400.0,0.0,1,0.0,400.0,900.0,100.0,1576772.9973648535,1370000.0,206772.99736485342,False,True,585.6995405936965,59.192259821250445,612.475726325742
0.0,0.0,1,1500.0,600.0,1200.0,150.0,2290159.3998866305,1372500.0,917659.3998866302,False,True,585.6995405936965,59.192259821250445,3612.7401825512634
0.0,0.0,2,2500.0,200.0,600.0,150.0,2049391.9540247424,1372500.0,676891.9540247422,False,True,585.6995405936965,59.192259821250445,1318.6840589658518
0.0,200.0,0,2500.0,600.0,600.0,150.0,2432730.5720143393,1372500.0,1060230.5720143393,False,True,585.6995405936965,59.192259821250445,3508.5724432813286
0.0,0.0,6,0.0,0.0,600.0,100.0,2032863.2040247424,1375000.0,657863.2040247422,False,True,585.6995405936965,59.192259821250445,2156.576628081344
0.0,200.0,4,0.0,400.0,600.0,100.0,1836160.3061867612,1375000.0,461160.3061867613,False,True,585.6995405936965,59.192259821250445,1051.7114471702214
200.0,0.0,3,0.0,600.0,600.0,100.0,1702083.43770576,1375000.0,327083.43770575983,False,True,585.6995405936965,59.192259821250445,405.87444545289327
200.0,600.0,1,0.0,0.0,600.0,100.0,1602669.4132827672,1375000.0,227669.41328276723,False,True,585.6995405936965,59.192259821250445,1354.3510127821262
400.0,400.0,0,0.0,200.0,600.0,100.0,1588620.367323371,1375000.0,213620.36732337106,False,True,585.6995405936965,59.192259821250445,1435.7453478949262
600.0,0.0,1,0.0,0.0,600.0,100.0,1486996.9776813115,1375000.0,111996.97768131147,False,True,585.6995405936965,59.192259821250445,408.47820531449446
0.0,0.0,4,0.0,200.0,1200.0,150.0,2035522.3876982117,1377500.0,658022.3876982117,False,True,585.6995405936965,59.192259821250445,2156.576628081344
0.0,200.0,2,0.0,600.0,1200.0,150.0,1852542.3046489386,1377500.0,475042.3046489385,False,True,585.6995405936965,59.192259821250445,1051.7114471702214
0.0,200.0,2,1500.0,0.0,900.0,150.0,1852462.712812204,1377500.0,474962.7128122038,False,True,585.6995405936965,59.192259821250445,1051.7114471702214
0.0,400.0,0,1500.0,400.0,900.0,150.0,2220484.939171296,1377500.0,842984.9391712961,False,True,585.6995405936965,59.192259821250445,1894.4878938275172
200.0,0.0,1,1500.0,200.0,900.0,150.0,1829851.8779886744,1377500.0,452351.87798867445,False,True,585.6995405936965,59.192259821250445,2003.0873124299087
400.0,200.0,0,0.0,0.0,1200.0,150.0,1633789.8638926109,1377500.0,256289.86389261088,False,True,585.6995405936965,59.192259821250445,3865.8930600743543
0.0,0.0,2,1500.0,200.0,1200.0,100.0,2057051.1376982117,1380000.0,677051.1376982117,False,True,585.6995405936965,59.192259821250445,1747.5609944868013
0.0,200.0,0,1500.0,600.0,1200.0,100.0,2440389.7556878086,1380000.0,1060389.7556878086,False,True,585.6995405936965,59.192259821250445,3647.7021310864807
0.0,200.0,1,2500.0,200.0,600.0,100.0,2053185.8041265886,1380000.0,673185.8041265886,False,True,585.6995405936965,59.192259821250445,2769.8560626721087
200.0,0.0,0,2500.0,400.0,600.0,100.0,2205645.4601806914,1380000.0,825645.4601806917,False,True,585.6995405936965,59.192259821250445,3381.867585234568
0.0,0.0,1,2500.0,0.0,1200.0,150.0,2300159.3998866305,1382500.0,917659.3998866302,False,True,585.6995405936965,59.192259821250445,3865.8930600743543
0.0,0.0,3,1500.0,400.0,600.0,150.0,2040363.2040247424,1382500.0,657863.2040247422,False,True,585.6995405936965,59.192259821250445,1747.5609944868013
0.0,200.0,0,3500.0,0.0,600.0,150.0,2442730.5720143393,1382500.0,1060230.5720143393,False,True,585.6995405936965,59.192259821250445,3865.8930600743543
0.0,400.0,3,0.0,0.0,900.0,150.0,1760536.0793425466,1382500.0,378036.0793425466,False,True,585.6995405936965,59.192259821250445,995.7744347909112
0.0,600.0,1,0.0,400.0,900.0,150.0,1883472.8582302334,1382500.0,500972.8582302334,False,True,585.6995405936965,59.192259821250445,2276.7357025351007
200.0,200.0,2,0.0,200.0,900.0,150.0,1603351.5293712304,1382500.0,220851.52937123043,False,True,585.6995405936965,59.192259821250445,251.89696355931326
200.0,400.0,0,0.0,600.0,900.0,150.0,1851480.5381253948,1382500.0,468980.5381253948,False,True,585.6995405936965,59.192259821250445,2573.69823332226
200.0,400.0,0,1500.0,0.0,600.0,150.0,1851460.6401662112,1382500.0,468960.6401662111,False,True,585.6995405936965,59.192259821250445,3865.8930600743543
400.0,0.0,1,0.0,400.0,900.0,150.0,1589272.9973648535,1382500.0,206772.99736485342,False,True,585.6995405936965,59.192259821250445,612.475726325742
0.0,0.0,0,3500.0,200.0,900.0,100.0,2690891.0580498963,1385000.0,1305891.0580498963,False,True,585.6995405936965,59.192259821250445,3690.614810116158
0.0,200.0,3,0.0,200.0,1200.0,100.0,1846319.4898602308,1385000.0,461319.48986023077,False,True,585.6995405936965,59.192259821250445,1051.7114471702214
0.0,400.0,1,0.0,600.0,1200.0,100.0,1925508.4700669406,1385000.0,540508.4700669406,False,True,585.6995405936965,59.192259821250445,2513.7098293627223
0.0,400.0,1,1500.0,0.0,900.0,100.0,1925488.572107757,1385000.0,540488.572107757,False,True,585.6995405936965,59.192259821250445,2563.51871475447
200.0,0.0,2,0.0,400.0,1200.0,100.0,1727514.1934334303,1385000.0,342514.19343343034,False,True,585.6995405936965,59.192259821250445,405.87444545289327
200.0,200.0,0,1500.0,200.0,900.0,100.0,1970231.8754812197,1385000.0,585231.8754812197,False,True,585.6995405936965,59.192259821250445,1952.4366610212228
0.0,0.0,6,0.0,0.0,600.0,150.0,2045363.2040247424,1387500.0,657863.2040247422,False,True,585.6995405936965,59.192259821250445,2156.576628081344
0.0,200.0,4,0.0,400.0,600.0,150.0,1848660.3061867612,1387500.0,461160.3061867613,False,True,585.6995405936965,59.192259821250445,1051.7114471702214
200.0,0.0,3,0.0,600.0,600.0,150.0,1714583.43770576,1387500.0,327083.43770575983,False,True,585.6995405936965,59.192259821250445,405.87444545289327
200.0,600.0,1,0.0,0.0,600.0,150.0,1615169.4132827672,1387500.0,227669.41328276723,False,True,585.6995405936965,59.192259821250445,1354.3510127821262
400.0,400.0,0,0.0,200.0,600.0,150.0,1601120.367323371,1387500.0,213620.36732337106,False,True,585.6995405936965,59.192259821250445,1435.7453478949262
600.0,0.0,1,0.0,0.0,600.0,150.0,1499496.9776813115,1387500.0,111996.97768131147,False,True,585.6995405936965,59.192259821250445,408.47820531449446
0.0,0.0,4,0.0,600.0,900.0,100.0,2047942.795861477,1390000.0,657942.795861477,False,True,585.6995405936965,59.192259821250445,2156.576628081344
0.0,0.0,4,1500.0,0.0,600.0,100.0,2047863.2040247424,1390000.0,657863.2040247422,False,True,585.6995405936965,59.192259821250445,2156.576628081344
0.0,200.0,0,2500.0,0.0,1200.0,100.0,2450389.7556878086,1390000.0,1060389.7556878086,False,True,585.6995405936965,59.192259821250445,3865.8930600743543
0.0,200.0,2,1500.0,400.0,600.0,100.0,1864883.120975469,1390000.0,474883.12097546906,False,True,585.6995405936965,59.192259821250445,549.6350407473019
0.0,600.0,2,0.0,0.0,900.0,100.0,1752333.2135897148,1390000.0,362333.2135897147,False,True,585.6995405936965,59.192259821250445,995.774434790911
200.0,0.0,1,1500.0,600.0,600.0,100.0,1842272.2861519398,1390000.0,452272.28615193977,False,True,585.6995405936965,59.192259821250445,2003.0873124299087
200.0,400.0,1,0.0,200.0,900.0,100.0,1629032.3879622393,1390000.0,239032.38796223924,False,True,585.6995405936965,59.192259821250445,1318.5669258487553
400.0,0.0,2,0.0,0.0,900.0,100.0,1559944.022023608,1390000.0,169944.02202360806,False,True,585.6995405936965,59.192259821250445,182.57732989113134
400.0,200.0,0,0.0,400.0,900.0,100.0,1646269.9659334272,1390000.0,256269.96593342721,False,True,585.6995405936965,59.192259821250445,1698.6056490856342
0.0,0.0,2,1500.0,200.0,1200.0,150.0,2069551.1376982117,1392500.0,677051.1376982117,False,True,585.6995405936965,59.192259821250445,1747.5609944868013
0.0,200.0,0,1500.0,600.0,1200.0,150.0,2452889.7556878086,1392500.0,1060389.7556878086,False,True,585.6995405936965,59.192259821250445,3647.7021310864807
0.0,200.0,1,2500.0,200.0,600.0,150.0,2065685.8041265886,1392500.0,673185.8041265886,False,True,585.6995405936965,59.192259821250445,2769.8560626721087
200.0,0.0,0,2500.0,400.0,600.0,150.0,2218145.4601806914,1392500.0,825645.4601806917,False,True,585.6995405936965,59.192259821250445,3381.867585234568
0.0,0.0,1,2500.0,400.0,900.0,100.0,2312579.808049896,1395000.0,917579.8080498956,False,True,585.6995405936965,59.192259821250445,3412.6383503822058
0.0,200.0,5,0.0,0.0,600.0,100.0,1856160.3061867612,1395000.0,461160.3061867613,False,True,585.6995405936965,59.192259821250445,1051.7114471702214
0.0,400.0,3,0.0,400.0,600.0,100.0,1773016.181383363,1395000.0,378016.1813833629,False,True,585.6995405936965,59.192259821250445,978.5720635857999
200.0,0.0,4,0.0,200.0,600.0,100.0,1722083.43770576,1395000.0,327083.43770575983,False,True,585.6995405936965,59.192259821250445,405.87444545289327
200.0,200.0,2,0.0,600.0,600.0,100.0,1615831.6314120467,1395000.0,220831.63141204676,False,True,585.6995405936965,59.192259821250445,251.89696355931326
600.0,200.0,0,0.0,0.0,600.0,100.0,1524220.4705921314,1395000.0,129220.47059213146,False,True,585.6995405936965,59.192259821250445,3865.8930600743543
0.0,0.0,0,3500.0,200.0,900.0,150.0,2703391.0580498963,1397500.0,1305891.0580498963,False,True,585.6995405936965,59.192259821250445,3690.614810116158
0.0,200.0,3,0.0,200.0,1200.0,150.0,1858819.4898602308,1397500.0,461319.48986023077,False,True,585.6995405936965,59.192259821250445,1051.7114471702214
0.0,400.0,1,0.0,600.0,1200.0,150.0,1938008.4700669406,1397500.0,540508.4700669406,False,True,585.6995405936965,59.192259821250445,2513.7098293627223
0.0,400.0,1,1500.0,0.0,900.0,150.0,1937988.572107757,1397500.0,540488.572107757,False,True,585.6995405936965,59.192259821250445,2563.51871475447
200.0,0.0,2,0.0,400.0,1200.0,150.0,1740014.1934334303,1397500.0,342514.19343343034,False,True,585.6995405936965,59.192259821250445,405.87444545289327
200.0,200.0,0,1500.0,200.0,900.0,150.0,1982731.8754812197,1397500.0,585231.8754812197,False,True,585.6995405936965,59.192259821250445,1952.4366610212228
0.0,200.0,1,1500.0,200.0,1200.0,100.0,2073344.987800058,1400000.0,673344.987800058,False,True,585.6995405936965,59.192259821250445,2986.8880172546897
0.0,400.0,0,2500.0,200.0,600.0,100.0,2242965.0412121126,1400000.0,842965.0412121124,False,True,585.6995405936965,59.192259821250445,2030.235334801414
200.0,0.0,0,1500.0,400.0,1200.0,100.0,2225804.643854161,1400000.0,825804.643854161,False,True,585.6995405936965,59.192259821250445,3575.690530657883
200.0,0.0,1,2500.0,0.0,600.0,100.0,1852272.2861519398,1400000.0,452272.28615193977,False,True,585.6995405936965,59.192259821250445,2562.771352790423
0.0,0.0,4,0.0,600.0,900.0,150.0,2060442.795861477,1402500.0,657942.795861477,False,True,585.6995405936965,59.192259821250445,2156.576628081344
0.0,0.0,4,1500.0,0.0,600.0,150.0,2060363.2040247424,1402500.0,657863.2040247422,False,True,585.6995405936965,59.192259821250445,2156.576628081344
0.0,200.0,0,2500.0,0.0,1200.0,150.0,2462889.7556878086,1402500.0,1060389.7556878086,False,True,585.6995405936965,59.192259821250445,3865.8930600743543
0.0,200.0,2,1500.0,400.0,600.0,150.0,1877383.120975469,1402500.0,474883.12097546906,False,True,585.6995405936965,59.192259821250445,549.6350407473019
0.0,600.0,2,0.0,0.0,900.0,150.0,1764833.2135897148,1402500.0,362333.2135897147,False,True,585.6995405936965,59.192259821250445,995.774434790911
200.0,0.0,1,1500.0,600.0,600.0,150.0,1854772.2861519398,1402500.0,452272.28615193977,False,True,585.6995405936965,59.192259821250445,2003.0873124299087
200.0,400.0,1,0.0,200.0,900.0,150.0,1641532.3879622393,1402500.0,239032.38796223924,False,True,585.6995405936965,59.192259821250445,1318.5669258487553
400.0,0.0,2,0.0,0.0,900.0,150.0,1572444.022023608,1402500.0,169944.02202360806,False,True,585.6995405936965,59.192259821250445,182.57732989113134
400.0,200.0,0,0.0,400.0,900.0,150.0,1658769.9659334272,1402500.0,256269.96593342721,False,True,585.6995405936965,59.192259821250445,1698.6056490856342
0.0,0.0,2,1500.0,600.0,900.0,100.0,2081971.545861477,1405000.0,676971.545861477,False,True,585.6995405936965,59.192259821250445,1747.5609944868013
0.0,400.0,2,0.0,200.0,1200.0,100.0,1794305.4951311243,1405000.0,389305.4951311244,False,True,585.6995405936965,59.192259821250445,978.5720635857999
0.0,600.0,0,0.0,600.0,1200.0,100.0,2161643.5535168163,1405000.0,756643.5535168161,False,True,585.6995405936965,59.192259821250445,2649.4167270363273
0.0,600.0,0,1500.0,0.0,900.0,100.0,2161623.6555576324,1405000.0,756623.6555576323,False,True,585.6995405936965,59.192259821250445,3865.8930600743543
200.0,0.0,3,0.0,0.0,1200.0,100.0,1732242.6213792292,1405000.0,327242.6213792293,False,True,585.6995405936965,59.192259821250445,405.87444545289327
200.0,200.0,1,0.0,400.0,1200.0,100.0,1690649.3877389599,1405000.0,285649.3877389598,False,True,585.6995405936965,59.192259821250445,1468.2385147972495
400.0,0.0,0,0.0,600.0,1200.0,100.0,1810542.9162747762,1405000.0,405542.9162747762,False,True,585.6995405936965,59.192259821250445,2595.9332940343993
400.0,0.0,0,1500.0,0.0,900.0,100.0,1810523.0183155925,1405000.0,405523.0183155925,False,True,585.6995405936965,59.192259821250445,3865.8930600743543
0.0,0.0,1,2500.0,400.0,900.0,150.0,2325079.808049896,1407500.0,917579.8080498956,False,True,585.6995405936965,59.192259821250445,3412.6383503822058
0.0,200.0,5,0.0,0.0,600.0,150.0,1868660.3061867612,1407500.0,461160.3061867613,False,True,585.6995405936965,59.192259821250445,1051.7114471702214
0.0,400.0,3,0.0,400.0,600.0,150.0,1785516.181383363,1407500.0,378016.1813833629,False,True,585.6995405936965,59.192259821250445,978.5720635857999
200.0,0.0,4,0.0,200.0,600.0,150.0,1734583.43770576,1407500.0,327083.43770575983,False,True,585.6995405936965,59.192259821250445,405.87444545289327
200.0,200.0,2,0.0,600.0,600.0,150.0,1628331.6314120467,1407500.0,220831.63141204676,False,True,585.6995405936965,59.192259821250445,251.89696355931326
600.0,200.0,0,0.0,0.0,600.0,150.0,1536720.4705921314,1407500.0,129220.47059213146,False,True,585.6995405936965,59.192259821250445,3865.8930600743543
0.0,0.0,0,3500.0,600.0,600.0,100.0,2715811.4662131616,1410000.0,1305811.4662131616,False,True,585.6995405936965,59.192259821250445,3468.168116464793
0.0,0.0,5,0.0,200.0,900.0,100.0,2067942.795861477,1410000.0,657942.795861477,False,True,585.6995405936965,59.192259821250445,2156.576628081344
0.0,200.0,3,0.0,600.0,900.0,100.0,1871239.8980234961,1410000.0,461239.8980234961,False,True,585.6995405936965,59.192259821250445,1051.7114471702214
0.0,200.0,3,1500.0,0.0,600.0,100.0,1871160.3061867612,1410000.0,461160.3061867613,False,True,585.6995405936965,59.192259821250445,1051.7114471702214
0.0,400.0,1,1500.0,400.0,600.0,100.0,1950468.6741485733,1410000.0,540468.6741485733,False,True,585.6995405936965,59.192259821250445,983.826414293135
200.0,0.0,2,1500.0,200.0,600.0,100.0,1752355.009759961,1410000.0,342355.0097599609,True,True,585.6995405936965,59.192259821250445,101.02246366695096
200.0,200.0,0,1500.0,600.0,600.0,100.0,1995211.977522036,1410000.0,585211.977522036,False,True,585.6995405936965,59.192259821250445,1931.5893125776565
200.0,600.0,0,0.0,200.0,900.0,100.0,1849121.2511894119,1410000.0,439121.2511894118,False,True,585.6995405936965,59.192259821250445,2345.995722798581
400.0,200.0,1,0.0,0.0,900.0,100.0,1535034.726170376,1410000.0,125034.726170376,False,True,585.6995405936965,59.192259821250445,422.0757658063585
600.0,0.0,0,0.0,200.0,900.0,100.0,1619582.6964041456,1410000.0,209582.69640414568,False,True,585.6995405936965,59.192259821250445,1046.8994933870501
0.0,200.0,1,1500.0,200.0,1200.0,150.0,2085844.987800058,1412500.0,673344.987800058,False,True,585.6995405936965,59.192259821250445,2986.8880172546897
0.0,400.0,0,2500.0,200.0,600.0,150.0,2255465.0412121126,1412500.0,842965.0412121124,False,True,585.6995405936965,59.192259821250445,2030.235334801414
200.0,0.0,0,1500.0,400.0,1200.0,150.0,2238304.643854161,1412500.0,825804.643854161,False,True,585.6995405936965,59.192259821250445,3575.690530657883
200.0,0.0,1,2500.0,0.0,600.0,150.0,1864772.2861519398,1412500.0,452272.28615193977,False,True,585.6995405936965,59.192259821250445,2562.771352790423
0.0,0.0,2,2500.0,0.0,900.0,100.0,2091971.545861477,1415000.0,676971.545861477,False,True,585.6995405936965,59.192259821250445,2156.576628081344
0.0,200.0,0,2500.0,400.0,900.0,100.0,2475310.163851074,1415000.0,1060310.163851074,False,True,585.6995405936965,59.192259821250445,3508.5724432813286
0.0,400.0,4,0.0,0.0,600.0,100.0,1793016.181383363,1415000.0,378016.1813833629,False,True,585.6995405936965,59.192259821250445,995.7744347909112
0.0,600.0,2,0.0,400.0,600.0,100.0,1777313.315630531,1415000.0,362313.31563053105,False,True,585.6995405936965,59.192259821250445,962.1436229467142
200.0,200.0,3,0.0,200.0,600.0,100.0,1627109.2904027607,1415000.0,212109.29040276085,False,True,585.6995405936965,59.192259821250445,251.89696355931326
200.0,400.0,1,0.0,600.0,600.0,100.0,1654012.4900030557,1415000.0,239012.4900030556,False,True,585.6995405936965,59.192259821250445,1318.5669258487553
400.0,0.0,2,0.0,400.0,600.0,100.0,1584924.1240644243,1415000.0,169924.1240644244,True,True,585.6995405936965,59.192259821250445,146.53124172277154
0.0,0.0,2,1500.0,600.0,900.0,150.0,2094471.545861477,1417500.0,676971.545861477,False,True,585.6995405936965,59.192259821250445,1747.5609944868013
0.0,400.0,2,0.0,200.0,1200.0,150.0,1806805.4951311243,1417500.0,389305.4951311244,False,True,585.6995405936965,59.192259821250445,978.5720635857999
0.0,600.0,0,0.0,600.0,1200.0,150.0,2174143.5535168163,1417500.0,756643.5535168161,False,True,585.6995405936965,59.192259821250445,2649.4167270363273
0.0,600.0,0,1500.0,0.0,900.0,150.0,2174123.6555576324,1417500.0,756623.6555576323,False,True,585.6995405936965,59.192259821250445,3865.8930600743543
200.0,0.0,3,0.0,0.0,1200.0,150.0,1744742.6213792292,1417500.0,327242.6213792293,False,True,585.6995405936965,59.192259821250445,405.87444545289327
200.0,200.0,1,0.0,400.0,1200.0,150.0,1703149.3877389599,1417500.0,285649.3877389598,False,True,585.6995405936965,59.192259821250445,1468.2385147972495
400.0,0.0,0,0.0,600.0,1200.0,150.0,1823042.9162747762,1417500.0,405542.9162747762,False,True,585.6995405936965,59.192259821250445,2595.9332940343993
400.0,0.0,0,1500.0,0.0,900.0,150.0,1823023.0183155925,1417500.0,405523.0183155925,False,True,585.6995405936965,59.192259821250445,3865.8930600743543
0.0,400.0,0,1500.0,200.0,1200.0,100.0,2263004.8371304795,1420000.0,843004.8371304797,False,True,585.6995405936965,59.192259821250445,2267.7030841801306
200.0,0.0,1,1500.0,0.0,1200.0,100.0,1872431.4698254091,1420000.0,452431.4698254091,False,True,585.6995405936965,59.192259821250445,2562.771352790423
200.0,200.0,0,2500.0,0.0,600.0,100.0,2005211.977522036,1420000.0,585211.977522036,False,True,585.6995405936965,59.192259821250445,3865.8930600743543
0.0,0.0,0,3500.0,600.0,600.0,150.0,2728311.4662131616,1422500.0,1305811.4662131616,False,True,585.6995405936965,59.192259821250445,3468.168116464793
0.0,0.0,5,0.0,200.0,900.0,150.0,2080442.795861477,1422500.0,657942.795861477,False,True,585.6995405936965,59.192259821250445,2156.576628081344
0.0,200.0,3,0.0,600.0,900.0,150.0,1883739.8980234961,1422500.0,461239.8980234961,False,True,585.6995405936965,59.192259821250445,1051.7114471702214
0.0,200.0,3,1500.0,0.0,600.0,150.0,1883660.3061867612,1422500.0,461160.3061867613,False,True,585.6995405936965,59.192259821250445,1051.7114471702214
0.0,400.0,1,1500.0,400.0,600.0,150.0,1962968.6741485733,1422500.0,540468.6741485733,False,True,585.6995405936965,59.192259821250445,983.826414293135
200.0,0.0,2,1500.0,200.0,600.0,150.0,1764855.009759961,1422500.0,342355.0097599609,True,True,585.6995405936965,59.192259821250445,101.02246366695096
200.0,200.0,0,1500.0,600.0,600.0,150.0,2007711.977522036,1422500.0,585211.977522036,False,True,585.6995405936965,59.192259821250445,1931.5893125776565
200.0,600.0,0,0.0,200.0,900.0,150.0,1861621.2511894119,1422500.0,439121.2511894118,False,True,585.6995405936965,59.192259821250445,2345.995722798581
400.0,200.0,1,0.0,0.0,900.0,150.0,1547534.726170376,1422500.0,125034.726170376,False,True,585.6995405936965,59.192259821250445,422.0757658063585
600.0,0.0,0,0.0,200.0,900.0,150.0,1632082.6964041456,1422500.0,209582.69640414568,False,True,585.6995405936965,59.192259821250445,1046.8994933870501
0.0,0.0,3,1500.0,200.0,900.0,100.0,2082942.795861477,1425000.0,657942.795861477,False,True,585.6995405936965,59.192259821250445,1747.5609944868013
0.0,200.0,1,1500.0,600.0,900.0,100.0,2098265.3959633233,1425000.0,673265.3959633233,False,True,585.6995405936965,59.192259821250445,2970.9872170676454
0.0,600.0,1,0.0,200.0,1200.0,100.0,1925992.756189417,1425000.0,500992.7561894171,False,True,585.6995405936965,59.192259821250445,2276.7357025351007
200.0,200.0,2,0.0,0.0,1200.0,100.0,1645871.427330414,1425000.0,220871.4273304141,False,True,585.6995405936965,59.192259821250445,263.37660692001737
200.0,400.0,0,0.0,400.0,1200.0,100.0,1894000.4360845785,1425000.0,469000.43608457845,False,True,585.6995405936965,59.192259821250445,2573.69823332226
400.0,0.0,1,0.0,200.0,1200.0,100.0,1631792.8953240372,1425000.0,206792.8953240371,False,True,585.6995405936965,59.192259821250445,612.475726325742
0.0,0.0,2,2500.0,0.0,900.0,150.0,2104471.545861477,1427500.0,676971.545861477,False,True,585.6995405936965,59.192259821250445,2156.576628081344
0.0,200.0,0,2500.0,400.0,900.0,150.0,2487810.163851074,1427500.0,1060310.163851074,False,True,585.6995405936965,59.192259821250445,3508.5724432813286
0.0,400.0,4,0.0,0.0,600.0,150.0,1805516.181383363,1427500.0,378016.1813833629,False,True,585.6995405936965,59.192259821250445,995.7744347909112
0.0,600.0,2,0.0,400.0,600.0,150.0,1789813.315630531,1427500.0,362313.31563053105,False,True,585.6995405936965,59.192259821250445,962.1436229467142
200.0,200.0,3,0.0,200.0,600.0,150.0,1639609.2904027607,1427500.0,212109.29040276085,False,True,585.6995405936965,59.192259821250445,251.89696355931326
200.0,400.0,1,0.0,600.0,600.0,150.0,1666512.4900030557,1427500.0,239012.4900030556,False,True,585.6995405936965,59.192259821250445,1318.5669258487553
400.0,0.0,2,0.0,400.0,600.0,150.0,1597424.1240644243,1427500.0,169924.1240644244,True,True,585.6995405936965,59.192259821250445,146.53124172277154
0.0,0.0,0,2500.0,600.0,1200.0,100.0,2735970.649886631,1430000.0,1305970.649886631,False,True,585.6995405936965,59.192259821250445,3587.2611719257848
0.0,0.0,1,3500.0,200.0,600.0,100.0,2347500.216213161,1430000.0,917500.2162131609,False,True,585.6995405936965,59.192259821250445,3228.453676833731
0.0,200.0,4,0.0,200.0,900.0,100.0,1891239.8980234961,1430000.0,461239.8980234961,False,True,585.6995405936965,59.192259821250445,1051.7114471702214
0.0,400.0,2,0.0,600.0,900.0,100.0,1819285.5971719408,1430000.0,389285.5971719408,False,True,585.6995405936965,59.192259821250445,978.5720635857999
0.0,400.0,2,1500.0,0.0,600.0,100.0,1819265.699212757,1430000.0,389265.69921275706,False,True,585.6995405936965,59.192259821250445,995.7744347909112
0.0,600.0,0,1500.0,400.0,600.0,100.0,2186603.7575984485,1430000.0,756603.7575984488,False,True,585.6995405936965,59.192259821250445,1299.592967960707
200.0,0.0,3,0.0,400.0,900.0,100.0,1757163.0295424946,1430000.0,327163.02954249457,False,True,585.6995405936965,59.192259821250445,405.87444545289327
200.0,200.0,1,1500.0,200.0,600.0,100.0,1715609.5918205925,1430000.0,285609.59182059247,True,True,585.6995405936965,59.192259821250445,194.94573362364986
400.0,0.0,0,1500.0,400.0,600.0,100.0,1835503.1203564089,1430000.0,405503.1203564088,False,True,585.6995405936965,59.192259821250445,1187.214197441795
400.0,400.0,0,0.0,0.0,900.0,100.0,1643640.2652825548,1430000.0,213640.26528255473,False,True,585.6995405936965,59.192259821250445,3865.8930600743543
0.0,400.0,0,1500.0,200.0,1200.0,150.0,2275504.8371304795,1432500.0,843004.8371304797,False,True,585.6995405936965,59.192259821250445,2267.7030841801306
200.0,0.0,1,1500.0,0.0,1200.0,150.0,1884931.4698254091,1432500.0,452431.4698254091,False,True,585.6995405936965,59.192259821250445,2562.771352790423
200.0,200.0,0,2500.0,0.0,600.0,150.0,2017711.977522036,1432500.0,585211.977522036,False,True,585.6995405936965,59.192259821250445,3865.8930600743543
0.0,0.0,5,0.0,600.0,600.0,100.0,2092863.2040247424,1435000.0,657863.2040247422,False,True,585.6995405936965,59.192259821250445,2156.576628081344
0.0,200.0,1,2500.0,0.0,900.0,100.0,2108265.3959633233,1435000.0,673265.3959633233,False,True,585.6995405936965,59.192259821250445,3313.276144089339
0.0,600.0,3,0.0,0.0,600.0,100.0,1786767.6914837551,1435000.0,351767.69148375513,False,True,585.6995405936965,59.192259821250445,995.774434790911
200.0,0.0,0,2500.0,200.0,900.0,100.0,2260725.052017426,1435000.0,825725.0520174264,False,True,585.6995405936965,59.192259821250445,3389.2872110965004
200.0,400.0,2,0.0,200.0,600.0,100.0,1620541.450266305,1435000.0,185541.45026630486,False,True,585.6995405936965,59.192259821250445,229.30751972786555
200.0,600.0,0,0.0,600.0,600.0,100.0,1874101.3532302282,1435000.0,439101.3532302282,False,True,585.6995405936965,59.192259821250445,2345.995722798581
400.0,0.0,3,0.0,0.0,600.0,100.0,1597242.0317443858,1435000.0,162242.0317443859,False,True,585.6995405936965,59.192259821250445,182.57732989113134
400.0,200.0,1,0.0,400.0,600.0,100.0,1560014.8282111923,1435000.0,125014.8282111923,False,True,585.6995405936965,59.192259821250445,292.69344270120627
600.0,0.0,0,0.0,600.0,600.0,100.0,1644562.798444962,1435000.0,209562.79844496195,False,True,585.6995405936965,59.192259821250445,1046.8994933870501
0.0,0.0,3,1500.0,200.0,900.0,150.0,2095442.795861477,1437500.0,657942.795861477,False,True,585.6995405936965,59.192259821250445,1747.5609944868013
0.0,200.0,1,1500.0,600.0,900.0,150.0,2110765.3959633233,1437500.0,673265.3959633233,False,True,585.6995405936965,59.192259821250445,2970.9872170676454
0.0,600.0,1,0.0,200.0,1200.0,150.0,1938492.756189417,1437500.0,500992.7561894171,False,True,585.6995405936965,59.192259821250445,2276.7357025351007
200.0,200.0,2,0.0,0.0,1200.0,150.0,1658371.427330414,1437500.0,220871.4273304141,False,True,585.6995405936965,59.192259821250445,263.37660692001737
200.0,400.0,0,0.0,400.0,1200.0,150.0,1906500.4360845785,1437500.0,469000.43608457845,False,True,585.6995405936965,59.192259821250445,2573.69823332226
400.0,0.0,1,0.0,200.0,1200.0,150.0,1644292.8953240372,1437500.0,206792.8953240371,False,True,585.6995405936965,59.192259821250445,612.475726325742
0.0,0.0,0,3500.0,0.0,1200.0,100.0,2745970.649886631,1440000.0,1305970.649886631,False,True,585.6995405936965,59.192259821250445,3865.8930600743543
0.0,0.0,2,2500.0,400.0,600.0,100.0,2116891.9540247424,1440000.0,676891.9540247422,False,True,585.6995405936965,59.192259821250445,1309.8189207233233
200.0,200.0,0,1500.0,0.0,1200.0,100.0,2025251.7734404034,1440000.0,585251.7734404034,False,True,585.6995405936965,59.192259821250445,3865.8930600743543
0.0,0.0,0,2500.0,600.0,1200.0,150.0,2748470.649886631,1442500.0,1305970.649886631,False,True,585.6995405936965,59.192259821250445,3587.2611719257848
0.0,0.0,1,3500.0,200.0,600.0,150.0,2360000.216213161,1442500.0,917500.2162131609,False,True,585.6995405936965,59.192259821250445,3228.453676833731
0.0,200.0,4,0.0,200.0,900.0,150.0,1903739.8980234961,1442500.0,461239.8980234961,False,True,585.6995405936965,59.192259821250445,1051.7114471702214
0.0,400.0,2,0.0,600.0,900.0,150.0,1831785.5971719408,1442500.0,389285.5971719408,False,True,585.6995405936965,59.192259821250445,978.5720635857999
0.0,400.0,2,1500.0,0.0,600.0,150.0,1831765.699212757,1442500.0,389265.69921275706,False,True,585.6995405936965,59.192259821250445,995.7744347909112
0.0,600.0,0,1500.0,400.0,600.0,150.0,2199103.7575984485,1442500.0,756603.7575984488,False,True,585.6995405936965,59.192259821250445,1299.592967960707
200.0,0.0,3,0.0,400.0,900.0,150.0,1769663.0295424946,1442500.0,327163.02954249457,False,True,585.6995405936965,59.192259821250445,405.87444545289327
200.0,200.0,1,1500.0,200.0,600.0,150.0,1728109.5918205925,1442500.0,285609.59182059247,True,True,585.6995405936965,59.192259821250445,194.94573362364986
400.0,0.0,0,1500.0,400.0,600.0,150.0,1848003.1203564089,1442500.0,405503.1203564088,False,True,585.6995405936965,59.192259821250445,1187.214197441795
400.0,400.0,0,0.0,0.0,900.0,150.0,1656140.2652825548,1442500.0,213640.26528255473,False,True,585.6995405936965,59.192259821250445,3865.8930600743543
0.0,0.0,4,0.0,400.0,1200.0,100.0,2103022.3876982117,1445000.0,658022.3876982117,False,True,585.6995405936965,59.192259821250445,2156.576628081344
0.0,200.0,2,1500.0,200.0,900.0,100.0,1919962.712812204,1445000.0,474962.7128122038,False,True,585.6995405936965,59.192259821250445,549.635040747302
0.0,400.0,0,1500.0,600.0,900.0,100.0,2287984.939171296,1445000.0,842984.9391712961,False,True,585.6995405936965,59.192259821250445,1894.4878938275172
200.0,0.0,1,1500.0,400.0,900.0,100.0,1897351.8779886744,1445000.0,452351.87798867445,False,True,585.6995405936965,59.192259821250445,2003.0873124299087
200.0,400.0,1,0.0,0.0,1200.0,100.0,1684052.285921423,1445000.0,239052.2859214229,False,True,585.6995405936965,59.192259821250445,1385.2425272275434
400.0,200.0,0,0.0,200.0,1200.0,100.0,1701289.8638926109,1445000.0,256289.86389261088,False,True,585.6995405936965,59.192259821250445,1698.6056490856342
0.0,0.0,5,0.0,600.0,600.0,150.0,2105363.2040247424,1447500.0,657863.2040247422,False,True,585.6995405936965,59.192259821250445,2156.576628081344
0.0,200.0,1,2500.0,0.0,900.0,150.0,2120765.3959633233,1447500.0,673265.3959633233,False,True,585.6995405936965,59.192259821250445,3313.276144089339
0.0,600.0,3,0.0,0.0,600.0,150.0,1799267.6914837551,1447500.0,351767.69148375513,False,True,585.6995405936965,59.192259821250445,995.774434790911
200.0,0.0,0,2500.0,200.0,900.0,150.0,2273225.052017426,1447500.0,825725.0520174264,False,True,585.6995405936965,59.192259821250445,3389.2872110965004
200.0,400.0,2,0.0,200.0,600.0,150.0,1633041.450266305,1447500.0,185541.45026630486,False,True,585.6995405936965,59.192259821250445,229.30751972786555
200.0,600.0,0,0.0,600.0,600.0,150.0,1886601.3532302282,1447500.0,439101.3532302282,False,True,585.6995405936965,59.192259821250445,2345.995722798581
400.0,0.0,3,0.0,0.0,600.0,150.0,1609742.0317443858,1447500.0,162242.0317443859,False,True,585.6995405936965,59.192259821250445,182.57732989113134
400.0,200.0,1,0.0,400.0,600.0,150.0,1572514.8282111923,1447500.0,125014.8282111923,False,True,585.6995405936965,59.192259821250445,292.69344270120627
600.0,0.0,0,0.0,600.0,600.0,150.0,1657062.798444962,1447500.0,209562.79844496195,False,True,585.6995405936965,59.192259821250445,1046.8994933870501
0.0,0.0,1,2500.0,200.0,1200.0,100.0,2367659.3998866305,1450000.0,917659.3998866302,False,True,585.6995405936965,59.192259821250445,3441.574065438045
0.0,0.0,3,1500.0,600.0,600.0,100.0,2107863.2040247424,1450000.0,657863.2040247422,False,True,585.6995405936965,59.192259821250445,1747.5609944868013
0.0,200.0,0,3500.0,200.0,600.0,100.0,2510230.5720143393,1450000.0,1060230.5720143393,False,True,585.6995405936965,59.192259821250445,3501.1582243147745
0.0,400.0,3,0.0,200.0,900.0,100.0,1828036.0793425466,1450000.0,378036.0793425466,False,True,585.6995405936965,59.192259821250445,978.5720635857999
0.0,600.0,1,0.0,600.0,900.0,100.0,1950972.8582302334,1450000.0,500972.8582302334,False,True,585.6995405936965,59.192259821250445,2276.7357025351007
0.0,600.0,1,1500.0,0.0,600.0,100.0,1950952.9602710498,1450000.0,500952.96027104976,False,True,585.6995405936965,59.192259821250445,2342.9730285659334
200.0,0.0,4,0.0,0.0,900.0,100.0,1777163.0295424946,1450000.0,327163.02954249457,False,True,585.6995405936965,59.192259821250445,405.87444545289327
200.0,200.0,2,0.0,400.0,900.0,100.0,1670851.5293712304,1450000.0,220851.52937123043,False,True,585.6995405936965,59.192259821250445,251.89696355931326
200.0,400.0,0,1500.0,200.0,600.0,100.0,1918960.6401662112,1450000.0,468960.6401662111,False,True,585.6995405936965,59.192259821250445,828.0544132701297
400.0,0.0,1,0.0,600.0,900.0,100.0,1656772.9973648535,1450000.0,206772.99736485342,False,True,585.6995405936965,59.192259821250445,612.475726325742
400.0,0.0,1,1500.0,0.0,600.0,100.0,1656753.0994056698,1450000.0,206753.09940566975,False,True,585.6995405936965,59.192259821250445,688.8512009355181
0.0,0.0,0,3500.0,0.0,1200.0,150.0,2758470.649886631,1452500.0,1305970.649886631,False,True,585.6995405936965,59.192259821250445,3865.8930600743543
0.0,0.0,2,2500.0,400.0,600.0,150.0,2129391.9540247424,1452500.0,676891.9540247422,False,True,585.6995405936965,59.192259821250445,1309.8189207233233
200.0,200.0,0,1500.0,0.0,1200.0,150.0,2037751.7734404034,1452500.0,585251.7734404034,False,True,585.6995405936965,59.192259821250445,3865.8930600743543
0.0,0.0,6,0.0,200.0,600.0,100.0,2112863.2040247424,1455000.0,657863.2040247422,False,True,585.6995405936965,59.192259821250445,2156.576628081344
0.0,200.0,4,0.0,600.0,600.0,100.0,1916160.3061867612,1455000.0,461160.3061867613,False,True,585.6995405936965,59.192259821250445,1051.7114471702214
0.0,400.0,0,2500.0,0.0,900.0,100.0,2297984.939171296,1455000.0,842984.9391712961,False,True,585.6995405936965,59.192259821250445,3865.8930600743543
200.0,600.0,1,0.0,200.0,600.0,100.0,1682669.4132827672,1455000.0,227669.41328276723,False,True,585.6995405936965,59.192259821250445,1287.675411403338
400.0,200.0,2,0.0,0.0,600.0,100.0,1560733.0334839611,1455000.0,105733.0334839611,False,True,585.6995405936965,59.192259821250445,125.366066330619
400.0,400.0,0,0.0,400.0,600.0,100.0,1668620.367323371,1455000.0,213620.36732337106,False,True,585.6995405936965,59.192259821250445,1435.7453478949262
600.0,0.0,1,0.0,200.0,600.0,100.0,1566996.9776813115,1455000.0,111996.97768131147,True,True,585.6995405936965,59.192259821250445,270.5639499698863
0.0,0.0,4,0.0,400.0,1200.0,150.0,2115522.3876982117,1457500.0,658022.3876982117,False,True,585.6995405936965,59.192259821250445,2156.576628081344
0.0,200.0,2,1500.0,200.0,900.0,150.0,1932462.712812204,1457500.0,474962.7128122038,False,True,585.6995405936965,59.192259821250445,549.635040747302
0.0,400.0,0,1500.0,600.0,900.0,150.0,2300484.939171296,1457500.0,842984.9391712961,False,True,585.6995405936965,59.192259821250445,1894.4878938275172
200.0,0.0,1,1500.0,400.0,900.0,150.0,1909851.8779886744,1457500.0,452351.87798867445,False,True,585.6995405936965,59.192259821250445,2003.0873124299087
200.0,400.0,1,0.0,0.0,1200.0,150.0,1696552.285921423,1457500.0,239052.2859214229,False,True,585.6995405936965,59.192259821250445,1385.2425272275434
400.0,200.0,0,0.0,200.0,1200.0,150.0,1713789.8638926109,1457500.0,256289.86389261088,False,True,585.6995405936965,59.192259821250445,1698.6056490856342
0.0,0.0,2,1500.0,400.0,1200.0,100.0,2137051.1376982117,1460000.0,677051.1376982117,False,True,585.6995405936965,59.192259821250445,1747.5609944868013
0.0,0.0,3,2500.0,0.0,600.0,100.0,2117863.2040247424,1460000.0,657863.2040247422,False,True,585.6995405936965,59.192259821250445,2156.576628081344
0.0,200.0,1,2500.0,400.0,600.0,100.0,2133185.8041265886,1460000.0,673185.8041265886,False,True,585.6995405936965,59.192259821250445,2761.1062584645456
200.0,0.0,0,2500.0,600.0,600.0,100.0,2285645.4601806914,1460000.0,825645.4601806917,False,True,585.6995405936965,59.192259821250445,3381.867585234568
0.0,0.0,1,2500.0,200.0,1200.0,150.0,2380159.3998866305,1462500.0,917659.3998866302,False,True,585.6995405936965,59.192259821250445,3441.574065438045
0.0,0.0,3,1500.0,600.0,600.0,150.0,2120363.2040247424,1462500.0,657863.2040247422,False,True,585.6995405936965,59.192259821250445,1747.5609944868013
0.0,200.0,0,3500.0,200.0,600.0,150.0,2522730.5720143393,1462500.0,1060230.5720143393,False,True,585.6995405936965,59.192259821250445,3501.1582243147745
0.0,400.0,3,0.0,200.0,900.0,150.0,1840536.0793425466,1462500.0,378036.0793425466,False,True,585.6995405936965,59.192259821250445,978.5720635857999
0.0,600.0,1,0.0,600.0,900.0,150.0,1963472.8582302334,1462500.0,500972.8582302334,False,True,585.6995405936965,59.192259821250445,2276.7357025351007
0.0,600.0,1,1500.0,0.0,600.0,150.0,1963452.9602710498,1462500.0,500952.96027104976,False,True,585.6995405936965,59.192259821250445,2342.9730285659334
200.0,0.0,4,0.0,0.0,900.0,150.0,1789663.0295424946,1462500.0,327163.02954249457,False,True,585.6995405936965,59.192259821250445,405.87444545289327
200.0,200.0,2,0.0,400.0,900.0,150.0,1683351.5293712304,1462500.0,220851.52937123043,False,True,585.6995405936965,59.192259821250445,251.89696355931326
200.0,400.0,0,1500.0,200.0,600.0,150.0,1931460.6401662112,1462500.0,468960.6401662111,False,True,585.6995405936965,59.192259821250445,828.0544132701297
400.0,0.0,1,0.0,600.0,900.0,150.0,1669272.9973648535,1462500.0,206772.99736485342,False,True,585.6995405936965,59.192259821250445,612.475726325742
400.0,0.0,1,1500.0,0.0,600.0,150.0,1669253.0994056698,1462500.0,206753.09940566975,False,True,585.6995405936965,59.192259821250445,688.8512009355181
0.0,0.0,0,3500.0,400.0,900.0,100.0,2770891.0580498963,1465000.0,1305891.0580498963,False,True,585.6995405936965,59.192259821250445,3468.168116464793
0.0,0.0,5,0.0,0.0,1200.0,100.0,2123022.3876982117,1465000.0,658022.3876982117,False,True,585.6995405936965,59.192259821250445,2156.576628081344
0.0,200.0,3,0.0,400.0,1200.0,100.0,1926319.4898602308,1465000.0,461319.48986023077,False,True,585.6995405936965,59.192259821250445,1051.7114471702214
0.0,400.0,1,1500.0,200.0,900.0,100.0,2005488.572107757,1465000.0,540488.572107757,False,True,585.6995405936965,59.192259821250445,1045.3707136293415
200.0,0.0,2,0.0,600.0,1200.0,100.0,1807514.1934334303,1465000.0,342514.19343343034,False,True,585.6995405936965,59.192259821250445,405.87444545289327
200.0,0.0,2,1500.0,0.0,900.0,100.0,1807434.6015966956,1465000.0,342434.6015966956,False,True,585.6995405936965,59.192259821250445,405.87444545289327
200.0,200.0,0,1500.0,400.0,900.0,100.0,2050231.8754812197,1465000.0,585231.8754812197,False,True,585.6995405936965,59.192259821250445,1948.6263508342836
200.0,600.0,0,0.0,0.0,1200.0,100.0,1904141.1491485955,1465000.0,439141.1491485955,False,True,585.6995405936965,59.192259821250445,3865.8930600743543
600.0,0.0,0,0.0,0.0,1200.0,100.0,1674598.698135132,1465000.0,209598.69813513203,False,True,585.6995405936965,59.192259821250445,3865.8930600743543
0.0,0.0,6,0.0,200.0,600.0,150.0,2125363.2040247424,1467500.0,657863.2040247422,False,True,585.6995405936965,59.192259821250445,2156.576628081344
0.0,200.0,4,0.0,600.0,600.0,150.0,1928660.3061867612,1467500.0,461160.3061867613,False,True,585.6995405936965,59.192259821250445,1051.7114471702214
0.0,400.0,0,2500.0,0.0,900.0,150.0,2310484.939171296,1467500.0,842984.9391712961,False,True,585.6995405936965,59.192259821250445,3865.8930600743543
200.0,600.0,1,0.0,200.0,600.0,150.0,1695169.4132827672,1467500.0,227669.41328276723,False,True,585.6995405936965,59.192259821250445,1287.675411403338
400.0,200.0,2,0.0,0.0,600.0,150.0,1573233.0334839611,1467500.0,105733.0334839611,False,True,585.6995405936965,59.192259821250445,125.366066330619
400.0,400.0,0,0.0,400.0,600.0,150.0,1681120.367323371,1467500.0,213620.36732337106,False,True,585.6995405936965,59.192259821250445,1435.7453478949262
600.0,0.0,1,0.0,200.0,600.0,150.0,1579496.9776813115,1467500.0,111996.97768131147,True,True,585.6995405936965,59.192259821250445,270.5639499698863
0.0,0.0,4,1500.0,200.0,600.0,100.0,2127863.2040247424,1470000.0,657863.2040247422,False,True,585.6995405936965,59.192259821250445,1747.5609944868013
0.0,200.0,0,2500.0,200.0,1200.0,100.0,2530389.7556878086,1470000.0,1060389.7556878086,False,True,585.6995405936965,59.192259821250445,3577.3039765448
0.0,200.0,2,1500.0,600.0,600.0,100.0,1944883.120975469,1470000.0,474883.12097546906,False,True,585.6995405936965,59.192259821250445,549.6350407473019
0.0,600.0,2,0.0,200.0,900.0,100.0,1832333.2135897148,1470000.0,362333.2135897147,False,True,585.6995405936965,59.192259821250445,962.1436229467142
200.0,0.0,0,3500.0,0.0,600.0,100.0,2295645.4601806914,1470000.0,825645.4601806917,False,True,585.6995405936965,59.192259821250445,3865.8930600743543
200.0,200.0,3,0.0,0.0,900.0,100.0,1682129.1883619446,1470000.0,212129.1883619445,False,True,585.6995405936965,59.192259821250445,263.37660692001737
200.0,400.0,1,0.0,400.0,900.0,100.0,1709032.3879622393,1470000.0,239032.38796223924,False,True,585.6995405936965,59.192259821250445,1318.5669258487553
400.0,0.0,2,0.0,200.0,900.0,100.0,1639944.022023608,1470000.0,169944.02202360806,True,True,585.6995405936965,59.192259821250445,146.53124172277154
400.0,200.0,0,0.0,600.0,900.0,100.0,1726269.9659334272,1470000.0,256269.96593342721,False,True,585.6995405936965,59.192259821250445,1698.6056490856342
400.0,200.0,0,1500.0,0.0,600.0,100.0,1726250.0679742435,1470000.0,256250.06797424355,False,True,585.6995405936965,59.192259821250445,3865.8930600743543
0.0,0.0,2,1500.0,400.0,1200.0,150.0,2149551.1376982117,1472500.0,677051.1376982117,False,True,585.6995405936965,59.192259821250445,1747.5609944868013
0.0,0.0,3,2500.0,0.0,600.0,150.0,2130363.2040247424,1472500.0,657863.2040247422,False,True,585.6995405936965,59.192259821250445,2156.576628081344
0.0,200.0,1,2500.0,400.0,600.0,150.0,2145685.8041265886,1472500.0,673185.8041265886,False,True,585.6995405936965,59.192259821250445,2761.1062584645456
200.0,0.0,0,2500.0,600.0,600.0,150.0,2298145.4601806914,1472500.0,825645.4601806917,False,True,585.6995405936965,59.192259821250445,3381.867585234568
0.0,0.0,1,2500.0,600.0,900.0,100.0,2392579.808049896,1475000.0,917579.8080498956,False,True,585.6995405936965,59.192259821250445,3412.6383503822058
0.0,200.0,5,0.0,200.0,600.0,100.0,1936160.3061867612,1475000.0,461160.3061867613,False,True,585.6995405936965,59.192259821250445,1051.7114471702214
0.0,400.0,3,0.0,600.0,600.0,100.0,1853016.181383363,1475000.0,378016.1813833629,False,True,585.6995405936965,59.192259821250445,978.5720635857999
200.0,0.0,4,0.0,400.0,600.0,100.0,1802083.43770576,1475000.0,327083.43770575983,False,True,585.6995405936965,59.192259821250445,405.87444545289327
400.0,400.0,1,0.0,0.0,600.0,100.0,1582592.5442656453,1475000.0,107592.54426564524,False,True,585.6995405936965,59.192259821250445,400.0528582786419
600.0,200.0,0,0.0,200.0,600.0,100.0,1604220.4705921314,1475000.0,129220.47059213146,False,True,585.6995405936965,59.192259821250445,625.5755042706378
0.0,0.0,0,3500.0,400.0,900.0,150.0,2783391.0580498963,1477500.0,1305891.0580498963,False,True,585.6995405936965,59.192259821250445,3468.168116464793
0.0,0.0,5,0.0,0.0,1200.0,150.0,2135522.3876982117,1477500.0,658022.3876982117,False,True,585.6995405936965,59.192259821250445,2156.576628081344
0.0,200.0,3,0.0,400.0,1200.0,150.0,1938819.4898602308,1477500.0,461319.48986023077,False,True,585.6995405936965,59.192259821250445,1051.7114471702214
0.0,400.0,1,1500.0,200.0,900.0,150.0,2017988.572107757,1477500.0,540488.572107757,False,True,585.6995405936965,59.192259821250445,1045.3707136293415
200.0,0.0,2,0.0,600.0,1200.0,150.0,1820014.1934334303,1477500.0,342514.19343343034,False,True,585.6995405936965,59.192259821250445,405.87444545289327
200.0,0.0,2,1500.0,0.0,900.0,150.0,1819934.6015966956,1477500.0,342434.6015966956,False,True,585.6995405936965,59.192259821250445,405.87444545289327
200.0,200.0,0,1500.0,400.0,900.0,150.0,2062731.8754812197,1477500.0,585231.8754812197,False,True,585.6995405936965,59.192259821250445,1948.6263508342836
200.0,600.0,0,0.0,0.0,1200.0,150.0,1916641.1491485955,1477500.0,439141.1491485955,False,True,585.6995405936965,59.192259821250445,3865.8930600743543
600.0,0.0,0,0.0,0.0,1200.0,150.0,1687102.5943633295,1477500.0,209602.59436332935,False,True,585.6995405936965,59.192259821250445,3865.8930600743543
0.0,0.0,3,1500.0,0.0,1200.0,100.0,2138022.3876982117,1480000.0,658022.3876982117,False,True,585.6995405936965,59.192259821250445,2156.576628081344
0.0,200.0,1,1500.0,400.0,1200.0,100.0,2153344.987800058,1480000.0,673344.987800058,False,True,585.6995405936965,59.192259821250445,2970.9872170676454
0.0,200.0,2,2500.0,0.0,600.0,100.0,1954883.120975469,1480000.0,474883.12097546906,False,True,585.6995405936965,59.192259821250445,1051.7114471702214
0.0,400.0,0,2500.0,400.0,600.0,100.0,2322965.0412121126,1480000.0,842965.0412121124,False,True,585.6995405936965,59.192259821250445,1505.0162580100243
200.0,0.0,0,1500.0,600.0,1200.0,100.0,2305804.643854161,1480000.0,825804.643854161,False,True,585.6995405936965,59.192259821250445,3575.690530657883
200.0,0.0,1,2500.0,200.0,600.0,100.0,1932272.2861519398,1480000.0,452272.28615193977,False,True,585.6995405936965,59.192259821250445,1626.0881048658466
0.0,0.0,4,1500.0,200.0,600.0,150.0,2140363.2040247424,1482500.0,657863.2040247422,False,True,585.6995405936965,59.192259821250445,1747.5609944868013
0.0,200.0,0,2500.0,200.0,1200.0,150.0,2542889.7556878086,1482500.0,1060389.7556878086,False,True,585.6995405936965,59.192259821250445,3577.3039765448
0.0,200.0,2,1500.0,600.0,600.0,150.0,1957383.120975469,1482500.0,474883.12097546906,False,True,585.6995405936965,59.192259821250445,549.6350407473019
0.0,600.0,2,0.0,200.0,900.0,150.0,1844833.2135897148,1482500.0,362333.2135897147,False,True,585.6995405936965,59.192259821250445,962.1436229467142
200.0,0.0,0,3500.0,0.0,600.0,150.0,2308145.4601806914,1482500.0,825645.4601806917,False,True,585.6995405936965,59.192259821250445,3865.8930600743543
200.0,200.0,3,0.0,0.0,900.0,150.0,1694629.1883619446,1482500.0,212129.1883619445,False,True,585.6995405936965,59.192259821250445,263.37660692001737
200.0,400.0,1,0.0,400.0,900.0,150.0,1721532.3879622393,1482500.0,239032.38796223924,False,True,585.6995405936965,59.192259821250445,1318.5669258487553
400.0,0.0,2,0.0,200.0,900.0,150.0,1652444.022023608,1482500.0,169944.02202360806,True,True,585.6995405936965,59.192259821250445,146.53124172277154
400.0,200.0,0,0.0,600.0,900.0,150.0,1738769.9659334272,1482500.0,256269.96593342721,False,True,585.6995405936965,59.192259821250445,1698.6056490856342
400.0,200.0,0,1500.0,0.0,600.0,150.0,1738750.0679742435,1482500.0,256250.06797424355,False,True,585.6995405936965,59.192259821250445,3865.8930600743543
0.0,0.0,1,3500.0,0.0,900.0,100.0,2402579.808049896,1485000.0,917579.8080498956,False,True,585.6995405936965,59.192259821250445,3865.8930600743543
0.0,200.0,4,0.0,0.0,1200.0,100.0,1946319.4898602308,1485000.0,461319.48986023077,False,True,585.6995405936965,59.192259821250445,1051.7114471702214
0.0,400.0,2,0.0,400.0,1200.0,100.0,1874305.4951311243,1485000.0,389305.4951311244,False,True,585.6995405936965,59.192259821250445,978.5720635857999
0.0,600.0,0,1500.0,200.0,900.0,100.0,2241623.6555576324,1485000.0,756623.6555576323,False,True,585.6995405936965,59.192259821250445,1733.1449628419696
200.0,0.0,3,0.0,200.0,1200.0,100.0,1812242.6213792292,1485000.0,327242.6213792293,False,True,585.6995405936965,59.192259821250445,405.87444545289327
200.0,200.0,1,0.0,600.0,1200.0,100.0,1770649.3877389599,1485000.0,285649.3877389598,False,True,585.6995405936965,59.192259821250445,1468.2385147972495
200.0,200.0,1,1500.0,0.0,900.0,100.0,1770629.4897797762,1485000.0,285629.48977977614,False,True,585.6995405936965,59.192259821250445,1486.5406080481362
400.0,0.0,0,1500.0,200.0,900.0,100.0,1890523.0183155925,1485000.0,405523.0183155925,False,True,585.6995405936965,59.192259821250445,1210.3155220850663
0.0,0.0,1,2500.0,600.0,900.0,150.0,2405079.808049896,1487500.0,917579.8080498956,False,True,585.6995405936965,59.192259821250445,3412.6383503822058
0.0,200.0,5,0.0,200.0,600.0,150.0,1948660.3061867612,1487500.0,461160.3061867613,False,True,585.6995405936965,59.192259821250445,1051.7114471702214
0.0,400.0,3,0.0,600.0,600.0,150.0,1865516.181383363,1487500.0,378016.1813833629,False,True,585.6995405936965,59.192259821250445,978.5720635857999
200.0,0.0,4,0.0,400.0,600.0,150.0,1814583.43770576,1487500.0,327083.43770575983,False,True,585.6995405936965,59.192259821250445,405.87444545289327
400.0,400.0,1,0.0,0.0,600.0,150.0,1595092.5442656453,1487500.0,107592.54426564524,False,True,585.6995405936965,59.192259821250445,400.0528582786419
600.0,200.0,0,0.0,200.0,600.0,150.0,1616720.4705921314,1487500.0,129220.47059213146,False,True,585.6995405936965,59.192259821250445,625.5755042706378
0.0,0.0,5,0.0,400.0,900.0,100.0,2147942.795861477,1490000.0,657942.795861477,False,True,585.6995405936965,59.192259821250445,2156.576628081344
0.0,200.0,3,1500.0,200.0,600.0,100.0,1951160.3061867612,1490000.0,461160.3061867613,False,True,585.6995405936965,59.192259821250445,549.635040747302
0.0,400.0,1,1500.0,600.0,600.0,100.0,2030468.6741485733,1490000.0,540468.6741485733,False,True,585.6995405936965,59.192259821250445,983.826414293135
200.0,0.0,0,2500.0,0.0,1200.0,100.0,2315804.643854161,1490000.0,825804.643854161,False,True,585.6995405936965,59.192259821250445,3865.8930600743543
200.0,0.0,2,1500.0,400.0,600.0,100.0,1832355.009759961,1490000.0,342355.0097599609,True,True,585.6995405936965,59.192259821250445,100.93922260924094
200.0,400.0,2,0.0,0.0,900.0,100.0,1675561.3482254886,1490000.0,185561.34822548853,False,True,585.6995405936965,59.192259821250445,263.37660692001737
200.0,600.0,0,0.0,400.0,900.0,100.0,1929121.2511894119,1490000.0,439121.2511894118,False,True,585.6995405936965,59.192259821250445,2345.995722798581
400.0,200.0,1,0.0,200.0,900.0,100.0,1615034.726170376,1490000.0,125034.726170376,False,True,585.6995405936965,59.192259821250445,292.69344270120627
600.0,0.0,0,0.0,400.0,900.0,100.0,1699582.6964041456,1490000.0,209582.69640414568,False,True,585.6995405936965,59.192259821250445,1046.8994933870501
0.0,0.0,3,1500.0,0.0,1200.0,150.0,2150522.3876982117,1492500.0,658022.3876982117,False,True,585.6995405936965,59.192259821250445,2156.576628081344
0.0,200.0,1,1500.0,400.0,1200.0,150.0,2165844.987800058,1492500.0,673344.987800058,False,True,585.6995405936965,59.192259821250445,2970.9872170676454
0.0,200.0,2,2500.0,0.0,600.0,150.0,1967383.120975469,1492500.0,474883.12097546906,False,True,585.6995405936965,59.192259821250445,1051.7114471702214
0.0,400.0,0,2500.0,400.0,600.0,150.0,2335465.0412121126,1492500.0,842965.0412121124,False,True,585.6995405936965,59.192259821250445,1505.0162580100243
200.0,0.0,0,1500.0,600.0,1200.0,150.0,2318304.643854161,1492500.0,825804.643854161,False,True,585.6995405936965,59.192259821250445,3575.690530657883
200.0,0.0,1,2500.0,200.0,600.0,150.0,1944772.2861519398,1492500.0,452272.28615193977,False,True,585.6995405936965,59.192259821250445,1626.0881048658466
0.0,0.0,2,2500.0,200.0,900.0,100.0,2171971.545861477,1495000.0,676971.545861477,False,True,585.6995405936965,59.192259821250445,1318.6840589658518
0.0,200.0,0,2500.0,600.0,900.0,100.0,2555310.163851074,1495000.0,1060310.163851074,False,True,585.6995405936965,59.192259821250445,3508.5724432813286
0.0,400.0,4,0.0,200.0,600.0,100.0,1873016.181383363,1495000.0,378016.1813833629,False,True,585.6995405936965,59.192259821250445,978.5720635857999
0.0,600.0,2,0.0,600.0,600.0,100.0,1857313.315630531,1495000.0,362313.31563053105,False,True,585.6995405936965,59.192259821250445,962.1436229467142
200.0,0.0,5,0.0,0.0,600.0,100.0,1822083.43770576,1495000.0,327083.43770575983,False,True,585.6995405936965,59.192259821250445,405.87444545289327
200.0,200.0,3,0.0,400.0,600.0,100.0,1707109.2904027607,1495000.0,212109.29040276085,False,True,585.6995405936965,59.192259821250445,251.89696355931326
400.0,0.0,2,0.0,600.0,600.0,100.0,1664924.1240644243,1495000.0,169924.1240644244,True,True,585.6995405936965,59.192259821250445,146.53124172277154
400.0,600.0,0,0.0,0.0,600.0,100.0,1698093.9708544638,1495000.0,203093.97085446384,False,True,585.6995405936965,59.192259821250445,3865.8930600743543
0.0,0.0,1,3500.0,0.0,900.0,150.0,2415079.808049896,1497500.0,917579.8080498956,False,True,585.6995405936965,59.192259821250445,3865.8930600743543
0.0,200.0,4,0.0,0.0,1200.0,150.0,1958819.4898602308,1497500.0,461319.48986023077,False,True,585.6995405936965,59.192259821250445,1051.7114471702214
0.0,400.0,2,0.0,400.0,1200.0,150.0,1886805.4951311243,1497500.0,389305.4951311244,False,True,585.6995405936965,59.192259821250445,978.5720635857999
0.0,600.0,0,1500.0,200.0,900.0,150.0,2254123.6555576324,1497500.0,756623.6555576323,False,True,585.6995405936965,59.192259821250445,1733.1449628419696
200.0,0.0,3,0.0,200.0,1200.0,150.0,1824742.6213792292,1497500.0,327242.6213792293,False,True,585.6995405936965,59.192259821250445,405.87444545289327
200.0,200.0,1,0.0,600.0,1200.0,150.0,1783149.3877389599,1497500.0,285649.3877389598,False,True,585.6995405936965,59.192259821250445,1468.2385147972495
200.0,200.0,1,1500.0,0.0,900.0,150.0,1783129.4897797762,1497500.0,285629.48977977614,False,True,585.6995405936965,59.192259821250445,1486.5406080481362
400.0,0.0,0,1500.0,200.0,900.0,150.0,1903023.0183155925,1497500.0,405523.0183155925,False,True,585.6995405936965,59.192259821250445,1206.1691014702528
0.0,200.0,2,1500.0,0.0,1200.0,100.0,1975042.3046489386,1500000.0,475042.3046489385,False,True,585.6995405936965,59.192259821250445,1051.7114471702214
0.0,400.0,0,1500.0,400.0,1200.0,100.0,2343004.8371304795,1500000.0,843004.8371304797,False,True,585.6995405936965,59.192259821250445,1894.4878938275172
0.0,400.0,1,2500.0,0.0,600.0,100.0,2040468.6741485733,1500000.0,540468.6741485733,False,True,585.6995405936965,59.192259821250445,2563.51871475447
200.0,0.0,1,1500.0,200.0,1200.0,100.0,1952431.4698254091,1500000.0,452431.4698254091,False,True,585.6995405936965,59.192259821250445,2003.0873124299087
200.0,200.0,0,2500.0,200.0,600.0,100.0,2085211.977522036,1500000.0,585211.977522036,False,True,585.6995405936965,59.192259821250445,1381.3972788358685
0.0,0.0,5,0.0,400.0,900.0,150.0,2160442.795861477,1502500.0,657942.795861477,False,True,585.6995405936965,59.192259821250445,2156.576628081344
0.0,200.0,3,1500.0,200.0,600.0,150.0,1963660.3061867612,1502500.0,461160.3061867613,False,True,585.6995405936965,59.192259821250445,549.635040747302
0.0,400.0,1,1500.0,600.0,600.0,150.0,2042968.6741485733,1502500.0,540468.6741485733,False,True,585.6995405936965,59.192259821250445,983.826414293135
200.0,0.0,0,2500.0,0.0,1200.0,150.0,2328304.643854161,1502500.0,825804.643854161,False,True,585.6995405936965,59.192259821250445,3865.8930600743543
200.0,0.0,2,1500.0,400.0,600.0,150.0,1844855.009759961,1502500.0,342355.0097599609,True,True,585.6995405936965,59.192259821250445,100.93922260924094
200.0,400.0,2,0.0,0.0,900.0,150.0,1688061.3482254886,1502500.0,185561.34822548853,False,True,585.6995405936965,59.192259821250445,263.37660692001737
200.0,600.0,0,0.0,400.0,900.0,150.0,1941621.2511894119,1502500.0,439121.2511894118,False,True,585.6995405936965,59.192259821250445,2345.995722798581
400.0,200.0,1,0.0,200.0,900.0,150.0,1627534.726170376,1502500.0,125034.726170376,False,True,585.6995405936965,59.192259821250445,292.69344270120627
600.0,0.0,0,0.0,400.0,900.0,150.0,1712082.6964041456,1502500.0,209582.69640414568,False,True,585.6995405936965,59.192259821250445,1046.8994933870501
