wind_kw,pv_kw,diesel_units,battery_kwh,pcs_kw,ups_kwh,ups_kw,objective_yuan,investment_yuan,mean_operation_yuan,feasible,core_bridge_pass,required_ups_kwh,required_ups_kw,flex_adjusted_mean_kwh
0.0,0.0,0,0.0,0.0,600.0,100.0,1603816.1943143238,295000.0,1308816.1943143238,False,True,585.6995405936965,59.192259821250445,2676.6547602035316
0.0,0.0,0,0.0,0.0,600.0,150.0,1616316.1943143238,307500.0,1308816.1943143238,False,True,585.6995405936965,59.192259821250445,2676.6547602035316
0.0,0.0,0,0.0,200.0,600.0,100.0,1683816.1943143238,375000.0,1308816.1943143238,False,True,585.6995405936965,59.192259821250445,2676.6547602035316
0.0,0.0,0,0.0,200.0,600.0,150.0,1696316.1943143238,387500.0,1308816.1943143238,False,True,585.6995405936965,59.192259821250445,2676.6547602035316
0.0,0.0,0,0.0,0.0,900.0,100.0,1738895.7861510585,430000.0,1308895.7861510585,False,True,585.6995405936965,59.192259821250445,2676.6547602035316
0.0,0.0,0,0.0,0.0,900.0,150.0,1751395.7861510585,442500.0,1308895.7861510585,False,True,585.6995405936965,59.192259821250445,2676.6547602035316
0.0,0.0,0,0.0,400.0,600.0,100.0,1763816.1943143238,455000.0,1308816.1943143238,False,True,585.6995405936965,59.192259821250445,2676.6547602035316
0.0,0.0,0,0.0,400.0,600.0,150.0,1776316.1943143238,467500.0,1308816.1943143238,False,True,585.6995405936965,59.192259821250445,2676.6547602035316
0.0,0.0,1,0.0,0.0,600.0,100.0,1428667.4443143227,475000.0,953667.4443143227,False,True,585.6995405936965,59.192259821250445,2676.6547602035316
0.0,0.0,1,0.0,0.0,600.0,150.0,1441167.4443143227,487500.0,953667.4443143227,False,True,585.6995405936965,59.192259821250445,2676.6547602035316
0.0,200.0,0,0.0,0.0,600.0,100.0,1558341.4899600176,495000.0,1063341.4899600176,False,True,585.6995405936965,59.192259821250445,2676.6547602035316
0.0,200.0,0,0.0,0.0,600.0,150.0,1570841.4899600176,507500.0,1063341.4899600176,False,True,585.6995405936965,59.192259821250445,2676.6547602035316
0.0,0.0,0,0.0,200.0,900.0,100.0,1818895.7861510585,510000.0,1308895.7861510585,False,True,585.6995405936965,59.192259821250445,2676.6547602035316
0.0,0.0,0,0.0,200.0,900.0,150.0,1831395.7861510585,522500.0,1308895.7861510585,False,True,585.6995405936965,59.192259821250445,2676.6547602035316
0.0,0.0,0,0.0,600.0,600.0,100.0,1843816.1943143238,535000.0,1308816.1943143238,False,True,585.6995405936965,59.192259821250445,2676.6547602035316
0.0,0.0,0,0.0,600.0,600.0,150.0,1856316.1943143238,547500.0,1308816.1943143238,False,True,585.6995405936965,59.192259821250445,2676.6547602035316
0.0,0.0,1,0.0,200.0,600.0,100.0,1508667.4443143227,555000.0,953667.4443143227,False,True,585.6995405936965,59.192259821250445,2676.6547602035316
0.0,0.0,0,0.0,0.0,1200.0,100.0,1873975.3779877934,565000.0,1308975.3779877934,False,True,585.6995405936965,59.192259821250445,2676.6547602035316
0.0,0.0,1,0.0,200.0,600.0,150.0,1521167.4443143227,567500.0,953667.4443143227,False,True,585.6995405936965,59.192259821250445,2676.6547602035316
0.0,200.0,0,0.0,200.0,600.0,100.0,1638341.4899600176,575000.0,1063341.4899600176,False,True,585.6995405936965,59.192259821250445,2676.6547602035316
0.0,0.0,0,0.0,0.0,1200.0,150.0,1886475.3779877934,577500.0,1308975.3779877934,False,True,585.6995405936965,59.192259821250445,2676.6547602035316
0.0,200.0,0,0.0,200.0,600.0,150.0,1650841.4899600176,587500.0,1063341.4899600176,False,True,585.6995405936965,59.192259821250445,2676.6547602035316
0.0,0.0,0,0.0,400.0,900.0,100.0,1898895.7861510585,590000.0,1308895.7861510585,False,True,585.6995405936965,59.192259821250445,2676.6547602035316
200.0,0.0,0,0.0,0.0,600.0,100.0,1422418.0228138105,595000.0,827418.0228138105,False,True,585.6995405936965,59.192259821250445,2676.6547602035316
0.0,0.0,0,0.0,400.0,900.0,150.0,1911395.7861510585,602500.0,1308895.7861510585,False,True,585.6995405936965,59.192259821250445,2676.6547602035316
200.0,0.0,0,0.0,0.0,600.0,150.0,1434918.0228138105,607500.0,827418.0228138105,False,True,585.6995405936965,59.192259821250445,2676.6547602035316
0.0,0.0,1,0.0,0.0,900.0,100.0,1563747.0361510573,610000.0,953747.0361510573,False,True,585.6995405936965,59.192259821250445,2676.6547602035316
0.0,0.0,1,0.0,0.0,900.0,150.0,1576247.0361510573,622500.0,953747.0361510573,False,True,585.6995405936965,59.192259821250445,2676.6547602035316
0.0,200.0,0,0.0,0.0,900.0,100.0,1693421.0817967523,630000.0,1063421.0817967523,False,True,585.6995405936965,59.192259821250445,2676.6547602035316
0.0,0.0,1,0.0,400.0,600.0,100.0,1588667.4443143227,635000.0,953667.4443143227,False,True,585.6995405936965,59.192259821250445,2676.6547602035316
0.0,200.0,0,0.0,0.0,900.0,150.0,1705921.0817967523,642500.0,1063421.0817967523,False,True,585.6995405936965,59.192259821250445,2676.6547602035316
0.0,0.0,0,0.0,200.0,1200.0,100.0,1953975.3779877934,645000.0,1308975.3779877934,False,True,585.6995405936965,59.192259821250445,2676.6547602035316
0.0,0.0,1,0.0,400.0,600.0,150.0,1601167.4443143227,647500.0,953667.4443143227,False,True,585.6995405936965,59.192259821250445,2676.6547602035316
0.0,0.0,2,0.0,0.0,600.0,100.0,1382786.8158135582,655000.0,727786.8158135582,False,True,585.6995405936965,59.192259821250445,1519.724157639183
0.0,200.0,0,0.0,400.0,600.0,100.0,1718341.4899600176,655000.0,1063341.4899600176,False,True,585.6995405936965,59.192259821250445,2676.6547602035316
0.0,0.0,0,0.0,200.0,1200.0,150.0,1966475.3779877934,657500.0,1308975.3779877934,False,True,585.6995405936965,59.192259821250445,2676.6547602035316
0.0,0.0,2,0.0,0.0,600.0,150.0,1395286.8158135582,667500.0,727786.8158135582,False,True,585.6995405936965,59.192259821250445,1519.724157639183
0.0,200.0,0,0.0,400.0,600.0,150.0,1730841.4899600176,667500.0,1063341.4899600176,False,True,585.6995405936965,59.192259821250445,2676.6547602035316
0.0,0.0,0,0.0,600.0,900.0,100.0,1978895.7861510585,670000.0,1308895.7861510585,False,True,585.6995405936965,59.192259821250445,2676.6547602035316
0.0,0.0,0,1500.0,0.0,600.0,100.0,1978816.1943143238,670000.0,1308816.1943143238,False,True,585.6995405936965,59.192259821250445,2676.6547602035316
0.0,200.0,1,0.0,0.0,600.0,100.0,1384375.2491966395,675000.0,709375.2491966395,False,True,585.6995405936965,59.192259821250445,2333.382064465758
200.0,0.0,0,0.0,200.0,600.0,100.0,1502418.0228138105,675000.0,827418.0228138105,False,True,585.6995405936965,59.192259821250445,2671.0694674083243
0.0,0.0,0,0.0,600.0,900.0,150.0,1991395.7861510585,682500.0,1308895.7861510585,False,True,585.6995405936965,59.192259821250445,2676.6547602035316
0.0,0.0,0,1500.0,0.0,600.0,150.0,1991316.1943143238,682500.0,1308816.1943143238,False,True,585.6995405936965,59.192259821250445,2676.6547602035316
0.0,200.0,1,0.0,0.0,600.0,150.0,1396875.2491966395,687500.0,709375.2491966395,False,True,585.6995405936965,59.192259821250445,2333.382064465758
200.0,0.0,0,0.0,200.0,600.0,150.0,1514918.0228138105,687500.0,827418.0228138105,False,True,585.6995405936965,59.192259821250445,2671.0694674083243
0.0,0.0,1,0.0,200.0,900.0,100.0,1643747.0361510573,690000.0,953747.0361510573,False,True,585.6995405936965,59.192259821250445,2676.6547602035316
0.0,400.0,0,0.0,0.0,600.0,100.0,1541222.2892074685,695000.0,846222.2892074685,False,True,585.6995405936965,59.192259821250445,2676.6547602035316
0.0,0.0,1,0.0,200.0,900.0,150.0,1656247.0361510573,702500.0,953747.0361510573,False,True,585.6995405936965,59.192259821250445,2676.6547602035316
0.0,400.0,0,0.0,0.0,600.0,150.0,1553722.2892074685,707500.0,846222.2892074685,False,True,585.6995405936965,59.192259821250445,2676.6547602035316
0.0,200.0,0,0.0,200.0,900.0,100.0,1773421.0817967523,710000.0,1063421.0817967523,False,True,585.6995405936965,59.192259821250445,2676.6547602035316
0.0,0.0,1,0.0,600.0,600.0,100.0,1668667.4443143227,715000.0,953667.4443143227,False,True,585.6995405936965,59.192259821250445,2676.6547602035316
0.0,200.0,0,0.0,200.0,900.0,150.0,1785921.0817967523,722500.0,1063421.0817967523,False,True,585.6995405936965,59.192259821250445,2676.6547602035316
0.0,0.0,0,0.0,400.0,1200.0,100.0,2033975.3779877934,725000.0,1308975.3779877934,False,True,585.6995405936965,59.192259821250445,2676.6547602035316
0.0,0.0,1,0.0,600.0,600.0,150.0,1681167.4443143227,727500.0,953667.4443143227,False,True,585.6995405936965,59.192259821250445,2676.6547602035316
200.0,0.0,0,0.0,0.0,900.0,100.0,1557497.6146505452,730000.0,827497.6146505452,False,True,585.6995405936965,59.192259821250445,2676.6547602035316
0.0,0.0,2,0.0,200.0,600.0,100.0,1462786.8158135582,735000.0,727786.8158135582,False,True,585.6995405936965,59.192259821250445,1519.724157639183
0.0,200.0,0,0.0,600.0,600.0,100.0,1798341.4899600176,735000.0,1063341.4899600176,False,True,585.6995405936965,59.192259821250445,2676.6547602035316
0.0,0.0,0,0.0,400.0,1200.0,150.0,2046475.3779877934,737500.0,1308975.3779877934,False,True,585.6995405936965,59.192259821250445,2676.6547602035316
200.0,0.0,0,0.0,0.0,900.0,150.0,1569997.6146505452,742500.0,827497.6146505452,False,True,585.6995405936965,59.192259821250445,2676.6547602035316
0.0,0.0,1,0.0,0.0,1200.0,100.0,1698826.6279877922,745000.0,953826.6279877921,False,True,585.6995405936965,59.192259821250445,2676.6547602035316
0.0,0.0,2,0.0,200.0,600.0,150.0,1475286.8158135582,747500.0,727786.8158135582,False,True,585.6995405936965,59.192259821250445,1519.724157639183
0.0,200.0,0,0.0,600.0,600.0,150.0,1810841.4899600176,747500.0,1063341.4899600176,False,True,585.6995405936965,59.192259821250445,2676.6547602035316
0.0,0.0,0,1500.0,200.0,600.0,100.0,2058816.1943143238,750000.0,1308816.1943143238,False,True,585.6995405936965,59.192259821250445,2604.546996039993
0.0,200.0,1,0.0,200.0,600.0,100.0,1464375.2491966395,755000.0,709375.2491966395,False,True,585.6995405936965,59.192259821250445,2333.382064465758
200.0,0.0,0,0.0,400.0,600.0,100.0,1582418.0228138105,755000.0,827418.0228138105,False,True,585.6995405936965,59.192259821250445,2671.0694674083243
0.0,0.0,1,0.0,0.0,1200.0,150.0,1711326.6279877922,757500.0,953826.6279877921,False,True,585.6995405936965,59.192259821250445,2676.6547602035316
0.0,0.0,0,1500.0,200.0,600.0,150.0,2071316.1943143238,762500.0,1308816.1943143238,False,True,585.6995405936965,59.192259821250445,2604.546996039993
0.0,200.0,0,0.0,0.0,1200.0,100.0,1828500.673633487,765000.0,1063500.673633487,False,True,585.6995405936965,59.192259821250445,2676.6547602035316
0.0,200.0,1,0.0,200.0,600.0,150.0,1476875.2491966395,767500.0,709375.2491966395,False,True,585.6995405936965,59.192259821250445,2333.382064465758
200.0,0.0,0,0.0,400.0,600.0,150.0,1594918.0228138105,767500.0,827418.0228138105,False,True,585.6995405936965,59.192259821250445,2671.0694674083243
0.0,0.0,1,0.0,400.0,900.0,100.0,1723747.0361510573,770000.0,953747.0361510573,False,True,585.6995405936965,59.192259821250445,2676.6547602035316
0.0,400.0,0,0.0,200.0,600.0,100.0,1621222.2892074685,775000.0,846222.2892074685,False,True,585.6995405936965,59.192259821250445,2245.208817507527
200.0,0.0,1,0.0,0.0,600.0,100.0,1258919.9358681343,775000.0,483919.93586813414,False,True,585.6995405936965,59.192259821250445,1803.0990797793477
0.0,200.0,0,0.0,0.0,1200.0,150.0,1841000.673633487,777500.0,1063500.673633487,False,True,585.6995405936965,59.192259821250445,2676.6547602035316
0.0,0.0,1,0.0,400.0,900.0,150.0,1736247.0361510573,782500.0,953747.0361510573,False,True,585.6995405936965,59.192259821250445,2676.6547602035316
0.0,400.0,0,0.0,200.0,600.0,150.0,1633722.2892074685,787500.0,846222.2892074685,False,True,585.6995405936965,59.192259821250445,2245.208817507527
200.0,0.0,1,0.0,0.0,600.0,150.0,1271419.9358681343,787500.0,483919.93586813414,False,True,585.6995405936965,59.192259821250445,1803.0990797793477
0.0,0.0,2,0.0,0.0,900.0,100.0,1517866.4076502929,790000.0,727866.407650293,False,True,585.6995405936965,59.192259821250445,1519.724157639183
0.0,200.0,0,0.0,400.0,900.0,100.0,1853421.0817967523,790000.0,1063421.0817967523,False,True,585.6995405936965,59.192259821250445,2676.6547602035316
200.0,200.0,0,0.0,0.0,600.0,100.0,1382091.3577581767,795000.0,587091.3577581767,False,True,585.6995405936965,59.192259821250445,2676.6547602035316
0.0,0.0,2,0.0,0.0,900.0,150.0,1530366.4076502929,802500.0,727866.407650293,False,True,585.6995405936965,59.192259821250445,1519.724157639183
0.0,200.0,0,0.0,400.0,900.0,150.0,1865921.0817967523,802500.0,1063421.0817967523,False,True,585.6995405936965,59.192259821250445,2676.6547602035316
0.0,0.0,0,0.0,600.0,1200.0,100.0,2113975.3779877936,805000.0,1308975.3779877934,False,True,585.6995405936965,59.192259821250445,2676.6547602035316
0.0,0.0,0,1500.0,0.0,900.0,100.0,2113895.7861510585,805000.0,1308895.7861510585,False,True,585.6995405936965,59.192259821250445,2676.6547602035316
200.0,200.0,0,0.0,0.0,600.0,150.0,1394591.3577581767,807500.0,587091.3577581767,False,True,585.6995405936965,59.192259821250445,2676.6547602035316
0.0,200.0,1,0.0,0.0,900.0,100.0,1519454.8410333742,810000.0,709454.8410333742,False,True,585.6995405936965,59.192259821250445,2333.382064465758
200.0,0.0,0,0.0,200.0,900.0,100.0,1637497.6146505452,810000.0,827497.6146505452,False,True,585.6995405936965,59.192259821250445,2671.0694674083243
0.0,0.0,2,0.0,400.0,600.0,100.0,1542786.8158135582,815000.0,727786.8158135582,False,True,585.6995405936965,59.192259821250445,1519.724157639183
0.0,0.0,0,0.0,600.0,1200.0,150.0,2126475.3779877936,817500.0,1308975.3779877934,False,True,585.6995405936965,59.192259821250445,2676.6547602035316
0.0,0.0,0,1500.0,0.0,900.0,150.0,2126395.7861510585,817500.0,1308895.7861510585,False,True,585.6995405936965,59.192259821250445,2676.6547602035316
0.0,200.0,1,0.0,0.0,900.0,150.0,1531954.8410333742,822500.0,709454.8410333742,False,True,585.6995405936965,59.192259821250445,2333.382064465758
200.0,0.0,0,0.0,200.0,900.0,150.0,1649997.6146505452,822500.0,827497.6146505452,False,True,585.6995405936965,59.192259821250445,2671.0694674083243
0.0,0.0,1,0.0,200.0,1200.0,100.0,1778826.6279877922,825000.0,953826.6279877921,False,True,585.6995405936965,59.192259821250445,2676.6547602035316
0.0,0.0,2,0.0,400.0,600.0,150.0,1555286.8158135582,827500.0,727786.8158135582,False,True,585.6995405936965,59.192259821250445,1519.724157639183
0.0,0.0,0,1500.0,400.0,600.0,100.0,2138816.194314324,830000.0,1308816.1943143238,False,True,585.6995405936965,59.192259821250445,2512.113482585346
0.0,400.0,0,0.0,0.0,900.0,100.0,1676242.1871666522,830000.0,846242.1871666522,False,True,585.6995405936965,59.192259821250445,2676.6547602035316
0.0,0.0,3,0.0,0.0,600.0,100.0,1555051.8158135582,835000.0,720051.8158135583,False,True,585.6995405936965,59.192259821250445,1519.724157639183
0.0,200.0,1,0.0,400.0,600.0,100.0,1544375.2491966395,835000.0,709375.2491966395,False,True,585.6995405936965,59.192259821250445,2333.382064465758
200.0,0.0,0,0.0,600.0,600.0,100.0,1662418.0228138105,835000.0,827418.0228138105,False,True,585.6995405936965,59.192259821250445,2671.0694674083243
0.0,0.0,1,0.0,200.0,1200.0,150.0,1791326.6279877922,837500.0,953826.6279877921,False,True,585.6995405936965,59.192259821250445,2676.6547602035316
0.0,0.0,0,1500.0,400.0,600.0,150.0,2151316.194314324,842500.0,1308816.1943143238,False,True,585.6995405936965,59.192259821250445,2512.113482585346
0.0,400.0,0,0.0,0.0,900.0,150.0,1688742.1871666522,842500.0,846242.1871666522,False,True,585.6995405936965,59.192259821250445,2676.6547602035316
0.0,200.0,0,0.0,200.0,1200.0,100.0,1908500.673633487,845000.0,1063500.673633487,False,True,585.6995405936965,59.192259821250445,2676.6547602035316
0.0,0.0,3,0.0,0.0,600.0,150.0,1567551.8158135582,847500.0,720051.8158135583,False,True,585.6995405936965,59.192259821250445,1519.724157639183
0.0,200.0,1,0.0,400.0,600.0,150.0,1556875.2491966395,847500.0,709375.2491966395,False,True,585.6995405936965,59.192259821250445,2333.382064465758
200.0,0.0,0,0.0,600.0,600.0,150.0,1674918.0228138105,847500.0,827418.0228138105,False,True,585.6995405936965,59.192259821250445,2671.0694674083243
0.0,0.0,1,0.0,600.0,900.0,100.0,1803747.0361510573,850000.0,953747.0361510573,False,True,585.6995405936965,59.192259821250445,2676.6547602035316
0.0,0.0,1,1500.0,0.0,600.0,100.0,1803667.4443143227,850000.0,953667.4443143227,False,True,585.6995405936965,59.192259821250445,2676.6547602035316
0.0,200.0,2,0.0,0.0,600.0,100.0,1376867.272313264,855000.0,521867.27231326397,False,True,585.6995405936965,59.192259821250445,795.4056676197994
0.0,400.0,0,0.0,400.0,600.0,100.0,1701222.2892074685,855000.0,846222.2892074685,False,True,585.6995405936965,59.192259821250445,2245.208817507527
200.0,0.0,1,0.0,200.0,600.0,100.0,1338919.9358681343,855000.0,483919.93586813414,False,True,585.6995405936965,59.192259821250445,1803.09011913248
0.0,200.0,0,0.0,200.0,1200.0,150.0,1921000.673633487,857500.0,1063500.673633487,False,True,585.6995405936965,59.192259821250445,2676.6547602035316
0.0,0.0,1,0.0,600.0,900.0,150.0,1816247.0361510573,862500.0,953747.0361510573,False,True,585.6995405936965,59.192259821250445,2676.6547602035316
0.0,0.0,1,1500.0,0.0,600.0,150.0,1816167.4443143227,862500.0,953667.4443143227,False,True,585.6995405936965,59.192259821250445,2676.6547602035316
200.0,0.0,0,0.0,0.0,1200.0,100.0,1692577.2064872799,865000.0,827577.2064872799,False,True,585.6995405936965,59.192259821250445,2676.6547602035316
0.0,200.0,2,0.0,0.0,600.0,150.0,1389367.272313264,867500.0,521867.27231326397,False,True,585.6995405936965,59.192259821250445,795.4056676197994
0.0,400.0,0,0.0,400.0,600.0,150.0,1713722.2892074685,867500.0,846222.2892074685,False,True,585.6995405936965,59.192259821250445,2245.208817507527
200.0,0.0,1,0.0,200.0,600.0,150.0,1351419.9358681343,867500.0,483919.93586813414,False,True,585.6995405936965,59.192259821250445,1803.09011913248
0.0,0.0,2,0.0,200.0,900.0,100.0,1597866.4076502929,870000.0,727866.407650293,False,True,585.6995405936965,59.192259821250445,1519.724157639183
0.0,200.0,0,0.0,600.0,900.0,100.0,1933421.0817967523,870000.0,1063421.0817967523,False,True,585.6995405936965,59.192259821250445,2676.6547602035316
0.0,200.0,0,1500.0,0.0,600.0,100.0,1933341.4899600176,870000.0,1063341.4899600176,False,True,585.6995405936965,59.192259821250445,2676.6547602035316
0.0,400.0,1,0.0,0.0,600.0,100.0,1446529.3303599562,875000.0,571529.3303599562,False,True,585.6995405936965,59.192259821250445,1803.496225192748
200.0,200.0,0,0.0,200.0,600.0,100.0,1462091.3577581767,875000.0,587091.3577581767,False,True,585.6995405936965,59.192259821250445,2359.7364862727454
200.0,0.0,0,0.0,0.0,1200.0,150.0,1705077.2064872799,877500.0,827577.2064872799,False,True,585.6995405936965,59.192259821250445,2676.6547602035316
0.0,0.0,2,0.0,200.0,900.0,150.0,1610366.4076502929,882500.0,727866.407650293,False,True,585.6995405936965,59.192259821250445,1519.724157639183
0.0,200.0,0,0.0,600.0,900.0,150.0,1945921.0817967523,882500.0,1063421.0817967523,False,True,585.6995405936965,59.192259821250445,2676.6547602035316
0.0,200.0,0,1500.0,0.0,600.0,150.0,1945841.4899600176,882500.0,1063341.4899600176,False,True,585.6995405936965,59.192259821250445,2676.6547602035316
0.0,0.0,0,1500.0,200.0,900.0,100.0,2193895.7861510585,885000.0,1308895.7861510585,False,True,585.6995405936965,59.192259821250445,2604.546996039993
0.0,400.0,1,0.0,0.0,600.0,150.0,1459029.3303599562,887500.0,571529.3303599562,False,True,585.6995405936965,59.192259821250445,1803.496225192748
200.0,200.0,0,0.0,200.0,600.0,150.0,1474591.3577581767,887500.0,587091.3577581767,False,True,585.6995405936965,59.192259821250445,2359.7364862727454
0.0,200.0,1,0.0,200.0,900.0,100.0,1599454.8410333742,890000.0,709454.8410333742,False,True,585.6995405936965,59.192259821250445,2333.382064465758
200.0,0.0,0,0.0,400.0,900.0,100.0,1717497.6146505452,890000.0,827497.6146505452,False,True,585.6995405936965,59.192259821250445,2671.0694674083243
0.0,0.0,2,0.0,600.0,600.0,100.0,1622786.8158135582,895000.0,727786.8158135582,False,True,585.6995405936965,59.192259821250445,1519.724157639183
0.0,600.0,0,0.0,0.0,600.0,100.0,1654907.657537252,895000.0,759907.657537252,False,True,585.6995405936965,59.192259821250445,2676.6547602035316
400.0,0.0,0,0.0,0.0,600.0,100.0,1301201.1985870572,895000.0,406201.19858705706,False,True,585.6995405936965,59.192259821250445,2676.6547602035316
0.0,0.0,0,1500.0,200.0,900.0,150.0,2206395.7861510585,897500.0,1308895.7861510585,False,True,585.6995405936965,59.192259821250445,2604.546996039993
0.0,200.0,1,0.0,200.0,900.0,150.0,1611954.8410333742,902500.0,709454.8410333742,False,True,585.6995405936965,59.192259821250445,2333.382064465758
200.0,0.0,0,0.0,400.0,900.0,150.0,1729997.6146505452,902500.0,827497.6146505452,False,True,585.6995405936965,59.192259821250445,2671.0694674083243
0.0,0.0,1,0.0,400.0,1200.0,100.0,1858826.6279877922,905000.0,953826.6279877921,False,True,585.6995405936965,59.192259821250445,2676.6547602035316
0.0,0.0,2,0.0,600.0,600.0,150.0,1635286.8158135582,907500.0,727786.8158135582,False,True,585.6995405936965,59.192259821250445,1519.724157639183
0.0,600.0,0,0.0,0.0,600.0,150.0,1667407.657537252,907500.0,759907.657537252,False,True,585.6995405936965,59.192259821250445,2676.6547602035316
400.0,0.0,0,0.0,0.0,600.0,150.0,1313701.1985870572,907500.0,406201.19858705706,False,True,585.6995405936965,59.192259821250445,2676.6547602035316
0.0,0.0,0,1500.0,600.0,600.0,100.0,2218816.194314324,910000.0,1308816.1943143238,False,True,585.6995405936965,59.192259821250445,2512.113482585346
0.0,400.0,0,0.0,200.0,900.0,100.0,1756242.1871666522,910000.0,846242.1871666522,False,True,585.6995405936965,59.192259821250445,2245.208817507527
200.0,0.0,1,0.0,0.0,900.0,100.0,1393999.527704869,910000.0,483999.5277048688,False,True,585.6995405936965,59.192259821250445,1803.0990797793477
0.0,0.0,3,0.0,200.0,600.0,100.0,1635051.8158135582,915000.0,720051.8158135583,False,True,585.6995405936965,59.192259821250445,1519.724157639183
0.0,200.0,1,0.0,600.0,600.0,100.0,1624375.2491966395,915000.0,709375.2491966395,False,True,585.6995405936965,59.192259821250445,2333.382064465758
0.0,0.0,1,0.0,400.0,1200.0,150.0,1871326.6279877922,917500.0,953826.6279877921,False,True,585.6995405936965,59.192259821250445,2676.6547602035316
0.0,0.0,0,2500.0,0.0,600.0,100.0,2228816.194314324,920000.0,1308816.1943143238,False,True,585.6995405936965,59.192259821250445,2676.6547602035316
0.0,0.0,0,1500.0,600.0,600.0,150.0,2231316.194314324,922500.0,1308816.1943143238,False,True,585.6995405936965,59.192259821250445,2512.113482585346
0.0,400.0,0,0.0,200.0,900.0,150.0,1768742.1871666522,922500.0,846242.1871666522,False,True,585.6995405936965,59.192259821250445,2245.208817507527
200.0,0.0,1,0.0,0.0,900.0,150.0,1406499.527704869,922500.0,483999.5277048688,False,True,585.6995405936965,59.192259821250445,1803.0990797793477
0.0,0.0,2,0.0,0.0,1200.0,100.0,1652945.9994870275,925000.0,727945.9994870276,False,True,585.6995405936965,59.192259821250445,1519.724157639183
0.0,200.0,0,0.0,400.0,1200.0,100.0,1988500.673633487,925000.0,1063500.673633487,False,True,585.6995405936965,59.192259821250445,2676.6547602035316
0.0,0.0,3,0.0,200.0,600.0,150.0,1647551.8158135582,927500.0,720051.8158135583,False,True,585.6995405936965,59.192259821250445,1519.724157639183
0.0,200.0,1,0.0,600.0,600.0,150.0,1636875.2491966395,927500.0,709375.2491966395,False,True,585.6995405936965,59.192259821250445,2333.382064465758
0.0,0.0,1,1500.0,200.0,600.0,100.0,1883667.4443143227,930000.0,953667.4443143227,False,True,585.6995405936965,59.192259821250445,2438.6524784042067
200.0,200.0,0,0.0,0.0,900.0,100.0,1517111.2557173604,930000.0,587111.2557173604,False,True,585.6995405936965,59.192259821250445,2676.6547602035316
0.0,0.0,0,2500.0,0.0,600.0,150.0,2241316.194314324,932500.0,1308816.1943143238,False,True,585.6995405936965,59.192259821250445,2676.6547602035316
0.0,200.0,2,0.0,200.0,600.0,100.0,1456867.272313264,935000.0,521867.27231326397,False,True,585.6995405936965,59.192259821250445,795.4056676197994
0.0,400.0,0,0.0,600.0,600.0,100.0,1781222.2892074685,935000.0,846222.2892074685,False,True,585.6995405936965,59.192259821250445,2245.208817507527
200.0,0.0,1,0.0,400.0,600.0,100.0,1418919.9358681343,935000.0,483919.93586813414,False,True,585.6995405936965,59.192259821250445,1803.09011913248
0.0,0.0,2,0.0,0.0,1200.0,150.0,1665445.9994870275,937500.0,727945.9994870276,False,True,585.6995405936965,59.192259821250445,1519.724157639183
0.0,200.0,0,0.0,400.0,1200.0,150.0,2001000.673633487,937500.0,1063500.673633487,False,True,585.6995405936965,59.192259821250445,2676.6547602035316
0.0,0.0,0,1500.0,0.0,1200.0,100.0,2248975.3779877936,940000.0,1308975.3779877934,False,True,585.6995405936965,59.192259821250445,2676.6547602035316
0.0,0.0,1,1500.0,200.0,600.0,150.0,1896167.4443143227,942500.0,953667.4443143227,False,True,585.6995405936965,59.192259821250445,2438.6524784042067
200.0,200.0,0,0.0,0.0,900.0,150.0,1529611.2557173604,942500.0,587111.2557173604,False,True,585.6995405936965,59.192259821250445,2676.6547602035316
0.0,200.0,1,0.0,0.0,1200.0,100.0,1654534.432870109,945000.0,709534.432870109,False,True,585.6995405936965,59.192259821250445,2333.382064465758
200.0,0.0,0,0.0,200.0,1200.0,100.0,1772577.2064872799,945000.0,827577.2064872799,False,True,585.6995405936965,59.192259821250445,2671.0694674083243
0.0,200.0,2,0.0,200.0,600.0,150.0,1469367.272313264,947500.0,521867.27231326397,False,True,585.6995405936965,59.192259821250445,795.4056676197994
0.0,400.0,0,0.0,600.0,600.0,150.0,1793722.2892074685,947500.0,846222.2892074685,False,True,585.6995405936965,59.192259821250445,2245.208817507527
200.0,0.0,1,0.0,400.0,600.0,150.0,1431419.9358681343,947500.0,483919.93586813414,False,True,585.6995405936965,59.192259821250445,1803.09011913248
0.0,0.0,2,0.0,400.0,900.0,100.0,1677866.4076502929,950000.0,727866.407650293,False,True,585.6995405936965,59.192259821250445,1519.724157639183
0.0,200.0,0,1500.0,200.0,600.0,100.0,2013341.4899600176,950000.0,1063341.4899600176,False,True,585.6995405936965,59.192259821250445,2523.77404324911
0.0,0.0,0,1500.0,0.0,1200.0,150.0,2261475.3779877936,952500.0,1308975.3779877934,False,True,585.6995405936965,59.192259821250445,2676.6547602035316
0.0,400.0,1,0.0,200.0,600.0,100.0,1526529.3303599562,955000.0,571529.3303599562,False,True,585.6995405936965,59.192259821250445,1764.6417081655256
200.0,0.0,2,0.0,0.0,600.0,100.0,1308637.044642689,955000.0,353637.04464268894,False,True,585.6995405936965,59.192259821250445,346.43072160671545
200.0,200.0,0,0.0,400.0,600.0,100.0,1542091.3577581767,955000.0,587091.3577581767,False,True,585.6995405936965,59.192259821250445,2359.7364862727454
0.0,200.0,1,0.0,0.0,1200.0,150.0,1667034.432870109,957500.0,709534.432870109,False,True,585.6995405936965,59.192259821250445,2333.382064465758
200.0,0.0,0,0.0,200.0,1200.0,150.0,1785077.2064872799,957500.0,827577.2064872799,False,True,585.6995405936965,59.192259821250445,2671.0694674083243
0.0,0.0,2,0.0,400.0,900.0,150.0,1690366.4076502929,962500.0,727866.407650293,False,True,585.6995405936965,59.192259821250445,1519.724157639183
0.0,200.0,0,1500.0,200.0,600.0,150.0,2025841.4899600176,962500.0,1063341.4899600176,False,True,585.6995405936965,59.192259821250445,2523.77404324911
0.0,0.0,0,1500.0,400.0,900.0,100.0,2273895.7861510585,965000.0,1308895.7861510585,False,True,585.6995405936965,59.192259821250445,2512.113482585346
0.0,400.0,0,0.0,0.0,1200.0,100.0,1811262.0851258358,965000.0,846262.0851258358,False,True,585.6995405936965,59.192259821250445,2676.6547602035316
0.0,400.0,1,0.0,200.0,600.0,150.0,1539029.3303599562,967500.0,571529.3303599562,False,True,585.6995405936965,59.192259821250445,1764.6417081655256
200.0,0.0,2,0.0,0.0,600.0,150.0,1321137.044642689,967500.0,353637.04464268894,False,True,585.6995405936965,59.192259821250445,346.43072160671545
200.0,200.0,0,0.0,400.0,600.0,150.0,1554591.3577581767,967500.0,587091.3577581767,False,True,585.6995405936965,59.192259821250445,2359.7364862727454
0.0,0.0,3,0.0,0.0,900.0,100.0,1690131.407650293,970000.0,720131.4076502931,False,True,585.6995405936965,59.192259821250445,1519.724157639183
0.0,200.0,1,0.0,400.0,900.0,100.0,1679454.8410333742,970000.0,709454.8410333742,False,True,585.6995405936965,59.192259821250445,2333.382064465758
200.0,0.0,0,0.0,600.0,900.0,100.0,1797497.6146505452,970000.0,827497.6146505452,False,True,585.6995405936965,59.192259821250445,2671.0694674083243
200.0,0.0,0,1500.0,0.0,600.0,100.0,1797418.0228138105,970000.0,827418.0228138105,False,True,585.6995405936965,59.192259821250445,2676.6547602035316
0.0,600.0,0,0.0,200.0,600.0,100.0,1734907.657537252,975000.0,759907.657537252,False,True,585.6995405936965,59.192259821250445,1839.5348096559105
200.0,200.0,1,0.0,0.0,600.0,100.0,1283943.1501856362,975000.0,308943.15018563636,False,True,585.6995405936965,59.192259821250445,1123.601824813322
400.0,0.0,0,0.0,200.0,600.0,100.0,1381201.1985870572,975000.0,406201.19858705706,False,True,585.6995405936965,59.192259821250445,1782.9758783789166
0.0,0.0,0,1500.0,400.0,900.0,150.0,2286395.7861510585,977500.0,1308895.7861510585,False,True,585.6995405936965,59.192259821250445,2512.113482585346
0.0,400.0,0,0.0,0.0,1200.0,150.0,1823762.0851258358,977500.0,846262.0851258358,False,True,585.6995405936965,59.192259821250445,2676.6547602035316
0.0,0.0,3,0.0,0.0,900.0,150.0,1702631.407650293,982500.0,720131.4076502931,False,True,585.6995405936965,59.192259821250445,1519.724157639183
0.0,200.0,1,0.0,400.0,900.0,150.0,1691954.8410333742,982500.0,709454.8410333742,False,True,585.6995405936965,59.192259821250445,2333.382064465758
200.0,0.0,0,0.0,600.0,900.0,150.0,1809997.6146505452,982500.0,827497.6146505452,False,True,585.6995405936965,59.192259821250445,2671.0694674083243
200.0,0.0,0,1500.0,0.0,600.0,150.0,1809918.0228138105,982500.0,827418.0228138105,False,True,585.6995405936965,59.192259821250445,2676.6547602035316
0.0,0.0,1,0.0,600.0,1200.0,100.0,1938826.6279877922,985000.0,953826.6279877921,False,True,585.6995405936965,59.192259821250445,2676.6547602035316
0.0,0.0,1,1500.0,0.0,900.0,100.0,1938747.0361510573,985000.0,953747.0361510573,False,True,585.6995405936965,59.192259821250445,2676.6547602035316
0.0,600.0,0,0.0,200.0,600.0,150.0,1747407.657537252,987500.0,759907.657537252,False,True,585.6995405936965,59.192259821250445,1839.5348096559105
200.0,200.0,1,0.0,0.0,600.0,150.0,1296443.1501856362,987500.0,308943.15018563636,False,True,585.6995405936965,59.192259821250445,1123.601824813322
400.0,0.0,0,0.0,200.0,600.0,150.0,1393701.1985870572,987500.0,406201.19858705706,False,True,585.6995405936965,59.192259821250445,1782.9758783789166
0.0,200.0,2,0.0,0.0,900.0,100.0,1511946.8641499986,990000.0,521946.86414999864,False,True,585.6995405936965,59.192259821250445,795.4056676197994
0.0,400.0,0,0.0,400.0,900.0,100.0,1836242.1871666522,990000.0,846242.1871666522,False,True,585.6995405936965,59.192259821250445,2245.208817507527
200.0,0.0,1,0.0,200.0,900.0,100.0,1473999.527704869,990000.0,483999.5277048688,False,True,585.6995405936965,59.192259821250445,1803.09011913248
0.0,0.0,3,0.0,400.0,600.0,100.0,1715051.8158135582,995000.0,720051.8158135583,False,True,585.6995405936965,59.192259821250445,1519.724157639183
200.0,400.0,0,0.0,0.0,600.0,100.0,1466020.5341674446,995000.0,471020.53416744457,False,True,585.6995405936965,59.192259821250445,2676.6547602035316
0.0,0.0,1,0.0,600.0,1200.0,150.0,1951326.6279877922,997500.0,953826.6279877921,False,True,585.6995405936965,59.192259821250445,2676.6547602035316
0.0,0.0,1,1500.0,0.0,900.0,150.0,1951247.0361510573,997500.0,953747.0361510573,False,True,585.6995405936965,59.192259821250445,2676.6547602035316
0.0,0.0,0,2500.0,200.0,600.0,100.0,2308816.194314324,1000000.0,1308816.1943143238,False,True,585.6995405936965,59.192259821250445,2540.6787176855933
0.0,200.0,2,0.0,0.0,900.0,150.0,1524446.8641499986,1002500.0,521946.86414999864,False,True,585.6995405936965,59.192259821250445,795.4056676197994
0.0,400.0,0,0.0,400.0,900.0,150.0,1848742.1871666522,1002500.0,846242.1871666522,False,True,585.6995405936965,59.192259821250445,2245.208817507527
200.0,0.0,1,0.0,200.0,900.0,150.0,1486499.527704869,1002500.0,483999.5277048688,False,True,585.6995405936965,59.192259821250445,1803.09011913248
0.0,0.0,2,0.0,200.0,1200.0,100.0,1732945.9994870275,1005000.0,727945.9994870276,False,True,585.6995405936965,59.192259821250445,1519.724157639183
0.0,200.0,0,0.0,600.0,1200.0,100.0,2068500.673633487,1005000.0,1063500.673633487,False,True,585.6995405936965,59.192259821250445,2676.6547602035316
0.0,200.0,0,1500.0,0.0,900.0,100.0,2068421.0817967523,1005000.0,1063421.0817967523,False,True,585.6995405936965,59.192259821250445,2676.6547602035316
0.0,0.0,3,0.0,400.0,600.0,150.0,1727551.8158135582,1007500.0,720051.8158135583,False,True,585.6995405936965,59.192259821250445,1519.724157639183
200.0,400.0,0,0.0,0.0,600.0,150.0,1478520.5341674446,1007500.0,471020.53416744457,False,True,585.6995405936965,59.192259821250445,2676.6547602035316
0.0,0.0,1,1500.0,400.0,600.0,100.0,1963667.4443143227,1010000.0,953667.4443143227,False,True,585.6995405936965,59.192259821250445,2418.3172562379327
0.0,400.0,1,0.0,0.0,900.0,100.0,1581549.22831914,1010000.0,571549.2283191399,False,True,585.6995405936965,59.192259821250445,1803.496225192748
200.0,200.0,0,0.0,200.0,900.0,100.0,1597111.2557173604,1010000.0,587111.2557173604,False,True,585.6995405936965,59.192259821250445,2359.7364862727454
0.0,0.0,0,2500.0,200.0,600.0,150.0,2321316.194314324,1012500.0,1308816.1943143238,False,True,585.6995405936965,59.192259821250445,2540.6787176855933
0.0,0.0,4,0.0,0.0,600.0,100.0,1735051.8158135582,1015000.0,720051.8158135583,False,True,585.6995405936965,59.192259821250445,1519.724157639183
0.0,200.0,2,0.0,400.0,600.0,100.0,1536867.272313264,1015000.0,521867.27231326397,False,True,585.6995405936965,59.192259821250445,795.4056676197994
200.0,0.0,1,0.0,600.0,600.0,100.0,1498919.9358681343,1015000.0,483919.93586813414,False,True,585.6995405936965,59.192259821250445,1803.09011913248
0.0,0.0,2,0.0,200.0,1200.0,150.0,1745445.9994870275,1017500.0,727945.9994870276,False,True,585.6995405936965,59.192259821250445,1519.724157639183
0.0,200.0,0,0.0,600.0,1200.0,150.0,2081000.673633487,1017500.0,1063500.673633487,False,True,585.6995405936965,59.192259821250445,2676.6547602035316
0.0,200.0,0,1500.0,0.0,900.0,150.0,2080921.0817967523,1017500.0,1063421.0817967523,False,True,585.6995405936965,59.192259821250445,2676.6547602035316
0.0,0.0,0,1500.0,200.0,1200.0,100.0,2328975.3779877936,1020000.0,1308975.3779877934,False,True,585.6995405936965,59.192259821250445,2604.546996039993
0.0,0.0,1,1500.0,400.0,600.0,150.0,1976167.4443143227,1022500.0,953667.4443143227,False,True,585.6995405936965,59.192259821250445,2418.3172562379327
0.0,400.0,1,0.0,0.0,900.0,150.0,1594049.22831914,1022500.0,571549.2283191399,False,True,585.6995405936965,59.192259821250445,1803.496225192748
200.0,200.0,0,0.0,200.0,900.0,150.0,1609611.2557173604,1022500.0,587111.2557173604,False,True,585.6995405936965,59.192259821250445,2359.7364862727454
0.0,200.0,1,0.0,200.0,1200.0,100.0,1734534.432870109,1025000.0,709534.432870109,False,True,585.6995405936965,59.192259821250445,2333.382064465758
200.0,0.0,0,0.0,400.0,1200.0,100.0,1852577.2064872799,1025000.0,827577.2064872799,False,True,585.6995405936965,59.192259821250445,2671.0694674083243
0.0,0.0,4,0.0,0.0,600.0,150.0,1747551.8158135582,1027500.0,720051.8158135583,False,True,585.6995405936965,59.192259821250445,1519.724157639183
0.0,200.0,2,0.0,400.0,600.0,150.0,1549367.272313264,1027500.0,521867.27231326397,False,True,585.6995405936965,59.192259821250445,795.4056676197994
200.0,0.0,1,0.0,600.0,600.0,150.0,1511419.9358681343,1027500.0,483919.93586813414,False,True,585.6995405936965,59.192259821250445,1803.09011913248
0.0,0.0,2,0.0,600.0,900.0,100.0,1757866.4076502929,1030000.0,727866.407650293,False,True,585.6995405936965,59.192259821250445,1519.724157639183
0.0,0.0,2,1500.0,0.0,600.0,100.0,1757786.8158135582,1030000.0,727786.8158135582,False,True,585.6995405936965,59.192259821250445,1519.724157639183
0.0,200.0,0,1500.0,400.0,600.0,100.0,2093341.4899600176,1030000.0,1063341.4899600176,False,True,585.6995405936965,59.192259821250445,2471.0324582939456
0.0,600.0,0,0.0,0.0,900.0,100.0,1789927.5554964356,1030000.0,759927.5554964356,False,True,585.6995405936965,59.192259821250445,2676.6547602035316
400.0,0.0,0,0.0,0.0,900.0,100.0,1436221.0965462406,1030000.0,406221.09654624073,False,True,585.6995405936965,59.192259821250445,2676.6547602035316
0.0,0.0,0,1500.0,200.0,1200.0,150.0,2341475.3779877936,1032500.0,1308975.3779877934,False,True,585.6995405936965,59.192259821250445,2604.546996039993
0.0,200.0,3,0.0,0.0,600.0,100.0,1551307.8178703473,1035000.0,516307.8178703473,False,True,585.6995405936965,59.192259821250445,795.4056676197994
0.0,400.0,1,0.0,400.0,600.0,100.0,1606529.3303599562,1035000.0,571529.3303599562,False,True,585.6995405936965,59.192259821250445,1764.6417081655256
200.0,0.0,2,0.0,200.0,600.0,100.0,1388637.044642689,1035000.0,353637.04464268894,False,True,585.6995405936965,59.192259821250445,346.42176095984763
200.0,200.0,0,0.0,600.0,600.0,100.0,1622091.3577581767,1035000.0,587091.3577581767,False,True,585.6995405936965,59.192259821250445,2359.7364862727454
0.0,200.0,1,0.0,200.0,1200.0,150.0,1747034.432870109,1037500.0,709534.432870109,False,True,585.6995405936965,59.192259821250445,2333.382064465758
200.0,0.0,0,0.0,400.0,1200.0,150.0,1865077.2064872799,1037500.0,827577.2064872799,False,True,585.6995405936965,59.192259821250445,2671.0694674083243
0.0,0.0,2,0.0,600.0,900.0,150.0,1770366.4076502929,1042500.0,727866.407650293,False,True,585.6995405936965,59.192259821250445,1519.724157639183
0.0,0.0,2,1500.0,0.0,600.0,150.0,1770286.8158135582,1042500.0,727786.8158135582,False,True,585.6995405936965,59.192259821250445,1519.724157639183
0.0,200.0,0,1500.0,400.0,600.0,150.0,2105841.4899600176,1042500.0,1063341.4899600176,False,True,585.6995405936965,59.192259821250445,2471.0324582939456
0.0,600.0,0,0.0,0.0,900.0,150.0,1802427.5554964356,1042500.0,759927.5554964356,False,True,585.6995405936965,59.192259821250445,2676.6547602035316
400.0,0.0,0,0.0,0.0,900.0,150.0,1448721.0965462406,1042500.0,406221.09654624073,False,True,585.6995405936965,59.192259821250445,2676.6547602035316
0.0,0.0,0,1500.0,600.0,900.0,100.0,2353895.7861510585,1045000.0,1308895.7861510585,False,True,585.6995405936965,59.192259821250445,2512.113482585346
0.0,400.0,0,0.0,200.0,1200.0,100.0,1891262.0851258358,1045000.0,846262.0851258358,False,True,585.6995405936965,59.192259821250445,2245.208817507527
200.0,0.0,1,0.0,0.0,1200.0,100.0,1529079.1195416036,1045000.0,484079.1195416036,False,True,585.6995405936965,59.192259821250445,1803.0990797793477
0.0,200.0,3,0.0,0.0,600.0,150.0,1563807.8178703473,1047500.0,516307.8178703473,False,True,585.6995405936965,59.192259821250445,795.4056676197994
0.0,400.0,1,0.0,400.0,600.0,150.0,1619029.3303599562,1047500.0,571529.3303599562,False,True,585.6995405936965,59.192259821250445,1764.6417081655256
200.0,0.0,2,0.0,200.0,600.0,150.0,1401137.044642689,1047500.0,353637.04464268894,False,True,585.6995405936965,59.192259821250445,346.42176095984763
200.0,200.0,0,0.0,600.0,600.0,150.0,1634591.3577581767,1047500.0,587091.3577581767,False,True,585.6995405936965,59.192259821250445,2359.7364862727454
0.0,0.0,3,0.0,200.0,900.0,100.0,1770131.407650293,1050000.0,720131.4076502931,False,True,585.6995405936965,59.192259821250445,1519.724157639183
0.0,200.0,1,0.0,600.0,900.0,100.0,1759454.8410333742,1050000.0,709454.8410333742,False,True,585.6995405936965,59.192259821250445,2333.382064465758
0.0,200.0,1,1500.0,0.0,600.0,100.0,1759375.2491966395,1050000.0,709375.2491966395,False,True,585.6995405936965,59.192259821250445,2333.382064465758
200.0,0.0,0,1500.0,200.0,600.0,100.0,1877418.0228138105,1050000.0,827418.0228138105,False,True,585.6995405936965,59.192259821250445,2394.593194262784
0.0,0.0,0,2500.0,0.0,900.0,100.0,2363895.7861510585,1055000.0,1308895.7861510585,False,True,585.6995405936965,59.192259821250445,2676.6547602035316
0.0,400.0,2,0.0,0.0,600.0,100.0,1478869.362481824,1055000.0,423869.36248182395,False,True,585.6995405936965,59.192259821250445,735.4477728451201
0.0,600.0,0,0.0,400.0,600.0,100.0,1814907.657537252,1055000.0,759907.657537252,False,True,585.6995405936965,59.192259821250445,1839.5348096559105
200.0,200.0,1,0.0,200.0,600.0,100.0,1363943.1501856362,1055000.0,308943.15018563636,False,True,585.6995405936965,59.192259821250445,1097.4891323269148
400.0,0.0,0,0.0,400.0,600.0,100.0,1461201.1985870572,1055000.0,406201.19858705706,False,True,585.6995405936965,59.192259821250445,1782.9758783789166
0.0,0.0,0,1500.0,600.0,900.0,150.0,2366395.7861510585,1057500.0,1308895.7861510585,False,True,585.6995405936965,59.192259821250445,2512.113482585346
0.0,400.0,0,0.0,200.0,1200.0,150.0,1903762.0851258358,1057500.0,846262.0851258358,False,True,585.6995405936965,59.192259821250445,2245.208817507527
200.0,0.0,1,0.0,0.0,1200.0,150.0,1541579.1195416036,1057500.0,484079.1195416036,False,True,585.6995405936965,59.192259821250445,1803.0990797793477
0.0,0.0,3,0.0,200.0,900.0,150.0,1782631.407650293,1062500.0,720131.4076502931,False,True,585.6995405936965,59.192259821250445,1519.724157639183
0.0,200.0,1,0.0,600.0,900.0,150.0,1771954.8410333742,1062500.0,709454.8410333742,False,True,585.6995405936965,59.192259821250445,2333.382064465758
0.0,200.0,1,1500.0,0.0,600.0,150.0,1771875.2491966395,1062500.0,709375.2491966395,False,True,585.6995405936965,59.192259821250445,2333.382064465758
200.0,0.0,0,1500.0,200.0,600.0,150.0,1889918.0228138105,1062500.0,827418.0228138105,False,True,585.6995405936965,59.192259821250445,2394.593194262784
0.0,0.0,1,1500.0,200.0,900.0,100.0,2018747.0361510573,1065000.0,953747.0361510573,False,True,585.6995405936965,59.192259821250445,2438.6524784042067
200.0,200.0,0,0.0,0.0,1200.0,100.0,1652131.153676544,1065000.0,587131.1536765441,False,True,585.6995405936965,59.192259821250445,2676.6547602035316
0.0,0.0,0,2500.0,0.0,900.0,150.0,2376395.7861510585,1067500.0,1308895.7861510585,False,True,585.6995405936965,59.192259821250445,2676.6547602035316
0.0,400.0,2,0.0,0.0,600.0,150.0,1491369.362481824,1067500.0,423869.36248182395,False,True,585.6995405936965,59.192259821250445,735.4477728451201
0.0,600.0,0,0.0,400.0,600.0,150.0,1827407.657537252,1067500.0,759907.657537252,False,True,585.6995405936965,59.192259821250445,1839.5348096559105
200.0,200.0,1,0.0,200.0,600.0,150.0,1376443.1501856362,1067500.0,308943.15018563636,False,True,585.6995405936965,59.192259821250445,1097.4891323269148
400.0,0.0,0,0.0,400.0,600.0,150.0,1473701.1985870572,1067500.0,406201.19858705706,False,True,585.6995405936965,59.192259821250445,1782.9758783789166
0.0,200.0,2,0.0,200.0,900.0,100.0,1591946.8641499986,1070000.0,521946.86414999864,False,True,585.6995405936965,59.192259821250445,795.4056676197994
0.0,400.0,0,0.0,600.0,900.0,100.0,1916242.1871666522,1070000.0,846242.1871666522,False,True,585.6995405936965,59.192259821250445,2245.208817507527
0.0,400.0,0,1500.0,0.0,600.0,100.0,1916222.2892074685,1070000.0,846222.2892074685,False,True,585.6995405936965,59.192259821250445,2676.6547602035316
200.0,0.0,1,0.0,400.0,900.0,100.0,1553999.527704869,1070000.0,483999.5277048688,False,True,585.6995405936965,59.192259821250445,1803.09011913248
0.0,0.0,3,0.0,600.0,600.0,100.0,1795051.8158135582,1075000.0,720051.8158135583,False,True,585.6995405936965,59.192259821250445,1519.724157639183
0.0,600.0,1,0.0,0.0,600.0,100.0,1601301.141663433,1075000.0,526301.141663433,False,True,585.6995405936965,59.192259821250445,1659.4599343740306
200.0,400.0,0,0.0,200.0,600.0,100.0,1546020.5341674446,1075000.0,471020.53416744457,False,True,585.6995405936965,59.192259821250445,1784.654209183036
400.0,0.0,1,0.0,0.0,600.0,100.0,1286944.8482010956,1075000.0,211944.84820109548,False,True,585.6995405936965,59.192259821250445,667.2022422721102
0.0,0.0,1,1500.0,200.0,900.0,150.0,2031247.0361510573,1077500.0,953747.0361510573,False,True,585.6995405936965,59.192259821250445,2438.6524784042067
200.0,200.0,0,0.0,0.0,1200.0,150.0,1664631.153676544,1077500.0,587131.1536765441,False,True,585.6995405936965,59.192259821250445,2676.6547602035316
0.0,0.0,0,2500.0,400.0,600.0,100.0,2388816.194314324,1080000.0,1308816.1943143238,False,True,585.6995405936965,59.192259821250445,2397.2688306964433
0.0,200.0,2,0.0,200.0,900.0,150.0,1604446.8641499986,1082500.0,521946.86414999864,False,True,585.6995405936965,59.192259821250445,795.4056676197994
0.0,400.0,0,0.0,600.0,900.0,150.0,1928742.1871666522,1082500.0,846242.1871666522,False,True,585.6995405936965,59.192259821250445,2245.208817507527
0.0,400.0,0,1500.0,0.0,600.0,150.0,1928722.2892074685,1082500.0,846222.2892074685,False,True,585.6995405936965,59.192259821250445,2676.6547602035316
200.0,0.0,1,0.0,400.0,900.0,150.0,1566499.527704869,1082500.0,483999.5277048688,False,True,585.6995405936965,59.192259821250445,1803.09011913248
0.0,0.0,2,0.0,400.0,1200.0,100.0,1812945.9994870275,1085000.0,727945.9994870276,False,True,585.6995405936965,59.192259821250445,1519.724157639183
0.0,200.0,0,1500.0,200.0,900.0,100.0,2148421.0817967523,1085000.0,1063421.0817967523,False,True,585.6995405936965,59.192259821250445,2523.77404324911
0.0,0.0,3,0.0,600.0,600.0,150.0,1807551.8158135582,1087500.0,720051.8158135583,False,True,585.6995405936965,59.192259821250445,1519.724157639183
0.0,600.0,1,0.0,0.0,600.0,150.0,1613801.141663433,1087500.0,526301.141663433,False,True,585.6995405936965,59.192259821250445,1659.4599343740306
200.0,400.0,0,0.0,200.0,600.0,150.0,1558520.5341674446,1087500.0,471020.53416744457,False,True,585.6995405936965,59.192259821250445,1784.654209183036
400.0,0.0,1,0.0,0.0,600.0,150.0,1299444.8482010956,1087500.0,211944.84820109548,False,True,585.6995405936965,59.192259821250445,667.2022422721102
0.0,0.0,1,1500.0,600.0,600.0,100.0,2043667.4443143227,1090000.0,953667.4443143227,False,True,585.6995405936965,59.192259821250445,2418.3172562379327
0.0,400.0,1,0.0,200.0,900.0,100.0,1661549.22831914,1090000.0,571549.2283191399,False,True,585.6995405936965,59.192259821250445,1764.6417081655256
200.0,0.0,2,0.0,0.0,900.0,100.0,1443716.6364794236,1090000.0,353716.6364794236,False,True,585.6995405936965,59.192259821250445,346.43072160671545
200.0,200.0,0,0.0,400.0,900.0,100.0,1677111.2557173604,1090000.0,587111.2557173604,False,True,585.6995405936965,59.192259821250445,2359.7364862727454
0.0,0.0,0,2500.0,400.0,600.0,150.0,2401316.194314324,1092500.0,1308816.1943143238,False,True,585.6995405936965,59.192259821250445,2397.2688306964433
0.0,0.0,4,0.0,200.0,600.0,100.0,1815051.8158135582,1095000.0,720051.8158135583,False,True,585.6995405936965,59.192259821250445,1519.724157639183
0.0,200.0,2,0.0,600.0,600.0,100.0,1616867.272313264,1095000.0,521867.27231326397,False,True,585.6995405936965,59.192259821250445,795.4056676197994
400.0,200.0,0,0.0,0.0,600.0,100.0,1352123.183079425,1095000.0,257123.18307942498,False,True,585.6995405936965,59.192259821250445,2676.6547602035316
0.0,0.0,2,0.0,400.0,1200.0,150.0,1825445.9994870275,1097500.0,727945.9994870276,False,True,585.6995405936965,59.192259821250445,1519.724157639183
0.0,200.0,0,1500.0,200.0,900.0,150.0,2160921.0817967523,1097500.0,1063421.0817967523,False,True,585.6995405936965,59.192259821250445,2523.77404324911
0.0,0.0,0,1500.0,400.0,1200.0,100.0,2408975.3779877936,1100000.0,1308975.3779877934,False,True,585.6995405936965,59.192259821250445,2512.113482585346
0.0,0.0,1,2500.0,0.0,600.0,100.0,2053667.4443143227,1100000.0,953667.4443143227,False,True,585.6995405936965,59.192259821250445,2676.6547602035316
0.0,0.0,1,1500.0,600.0,600.0,150.0,2056167.4443143227,1102500.0,953667.4443143227,False,True,585.6995405936965,59.192259821250445,2418.3172562379327
0.0,400.0,1,0.0,200.0,900.0,150.0,1674049.22831914,1102500.0,571549.2283191399,False,True,585.6995405936965,59.192259821250445,1764.6417081655256
200.0,0.0,2,0.0,0.0,900.0,150.0,1456216.6364794236,1102500.0,353716.6364794236,False,True,585.6995405936965,59.192259821250445,346.43072160671545
200.0,200.0,0,0.0,400.0,900.0,150.0,1689611.2557173604,1102500.0,587111.2557173604,False,True,585.6995405936965,59.192259821250445,2359.7364862727454
0.0,0.0,3,0.0,0.0,1200.0,100.0,1825210.9994870278,1105000.0,720210.9994870278,False,True,585.6995405936965,59.192259821250445,1519.724157639183
0.0,200.0,1,0.0,400.0,1200.0,100.0,1814534.432870109,1105000.0,709534.432870109,False,True,585.6995405936965,59.192259821250445,2333.382064465758
200.0,0.0,0,0.0,600.0,1200.0,100.0,1932577.2064872799,1105000.0,827577.2064872799,False,True,585.6995405936965,59.192259821250445,2671.0694674083243
200.0,0.0,0,1500.0,0.0,900.0,100.0,1932497.6146505452,1105000.0,827497.6146505452,False,True,585.6995405936965,59.192259821250445,2676.6547602035316
0.0,0.0,4,0.0,200.0,600.0,150.0,1827551.8158135582,1107500.0,720051.8158135583,False,True,585.6995405936965,59.192259821250445,1519.724157639183
0.0,200.0,2,0.0,600.0,600.0,150.0,1629367.272313264,1107500.0,521867.27231326397,False,True,585.6995405936965,59.192259821250445,795.4056676197994
400.0,200.0,0,0.0,0.0,600.0,150.0,1364623.183079425,1107500.0,257123.18307942498,False,True,585.6995405936965,59.192259821250445,2676.6547602035316
0.0,0.0,2,1500.0,200.0,600.0,100.0,1837786.8158135582,1110000.0,727786.8158135582,False,True,585.6995405936965,59.192259821250445,1130.3962042306491
0.0,200.0,0,1500.0,600.0,600.0,100.0,2173341.4899600176,1110000.0,1063341.4899600176,False,True,585.6995405936965,59.192259821250445,2471.0324582939456
0.0,600.0,0,0.0,200.0,900.0,100.0,1869927.5554964356,1110000.0,759927.5554964356,False,True,585.6995405936965,59.192259821250445,1839.5348096559105
200.0,200.0,1,0.0,0.0,900.0,100.0,1418963.0481448201,1110000.0,308963.04814482003,False,True,585.6995405936965,59.192259821250445,1123.601824813322
400.0,0.0,0,0.0,200.0,900.0,100.0,1516221.0965462406,1110000.0,406221.09654624073,False,True,585.6995405936965,59.192259821250445,1782.9758783789166
0.0,0.0,0,1500.0,400.0,1200.0,150.0,2421475.3779877936,1112500.0,1308975.3779877934,False,True,585.6995405936965,59.192259821250445,2512.113482585346
0.0,0.0,1,2500.0,0.0,600.0,150.0,2066167.4443143227,1112500.0,953667.4443143227,False,True,585.6995405936965,59.192259821250445,2676.6547602035316
0.0,200.0,3,0.0,200.0,600.0,100.0,1631307.8178703473,1115000.0,516307.8178703473,False,True,585.6995405936965,59.192259821250445,795.4056676197994
0.0,400.0,1,0.0,600.0,600.0,100.0,1686529.3303599562,1115000.0,571529.3303599562,False,True,585.6995405936965,59.192259821250445,1764.6417081655256
200.0,0.0,2,0.0,400.0,600.0,100.0,1468637.044642689,1115000.0,353637.04464268894,False,True,585.6995405936965,59.192259821250445,346.42176095984763
0.0,0.0,3,0.0,0.0,1200.0,150.0,1837710.9994870278,1117500.0,720210.9994870278,False,True,585.6995405936965,59.192259821250445,1519.724157639183
0.0,200.0,1,0.0,400.0,1200.0,150.0,1827034.432870109,1117500.0,709534.432870109,False,True,585.6995405936965,59.192259821250445,2333.382064465758
200.0,0.0,0,0.0,600.0,1200.0,150.0,1945077.2064872799,1117500.0,827577.2064872799,False,True,585.6995405936965,59.192259821250445,2671.0694674083243
200.0,0.0,0,1500.0,0.0,900.0,150.0,1944997.6146505452,1117500.0,827497.6146505452,False,True,585.6995405936965,59.192259821250445,2676.6547602035316
0.0,0.0,1,1500.0,0.0,1200.0,100.0,2073826.6279877922,1120000.0,953826.6279877921,False,True,585.6995405936965,59.192259821250445,2676.6547602035316
0.0,200.0,0,2500.0,0.0,600.0,100.0,2183341.4899600176,1120000.0,1063341.4899600176,False,True,585.6995405936965,59.192259821250445,2676.6547602035316
0.0,0.0,2,1500.0,200.0,600.0,150.0,1850286.8158135582,1122500.0,727786.8158135582,False,True,585.6995405936965,59.192259821250445,1130.3962042306491
0.0,200.0,0,1500.0,600.0,600.0,150.0,2185841.4899600176,1122500.0,1063341.4899600176,False,True,585.6995405936965,59.192259821250445,2471.0324582939456
0.0,600.0,0,0.0,200.0,900.0,150.0,1882427.5554964356,1122500.0,759927.5554964356,False,True,585.6995405936965,59.192259821250445,1839.5348096559105
200.0,200.0,1,0.0,0.0,900.0,150.0,1431463.0481448201,1122500.0,308963.04814482003,False,True,585.6995405936965,59.192259821250445,1123.601824813322
400.0,0.0,0,0.0,200.0,900.0,150.0,1528721.0965462406,1122500.0,406221.09654624073,False,True,585.6995405936965,59.192259821250445,1782.9758783789166
0.0,200.0,2,0.0,0.0,1200.0,100.0,1647026.4559867333,1125000.0,522026.4559867333,False,True,585.6995405936965,59.192259821250445,795.4056676197994
0.0,400.0,0,0.0,400.0,1200.0,100.0,1971262.0851258358,1125000.0,846262.0851258358,False,True,585.6995405936965,59.192259821250445,2245.208817507527
200.0,0.0,1,0.0,200.0,1200.0,100.0,1609079.1195416036,1125000.0,484079.1195416036,False,True,585.6995405936965,59.192259821250445,1803.09011913248
0.0,200.0,3,0.0,200.0,600.0,150.0,1643807.8178703473,1127500.0,516307.8178703473,False,True,585.6995405936965,59.192259821250445,795.4056676197994
0.0,400.0,1,0.0,600.0,600.0,150.0,1699029.3303599562,1127500.0,571529.3303599562,False,True,585.6995405936965,59.192259821250445,1764.6417081655256
200.0,0.0,2,0.0,400.0,600.0,150.0,1481137.044642689,1127500.0,353637.04464268894,False,True,585.6995405936965,59.192259821250445,346.42176095984763
0.0,0.0,3,0.0,400.0,900.0,100.0,1850131.407650293,1130000.0,720131.4076502931,False,True,585.6995405936965,59.192259821250445,1519.724157639183
0.0,200.0,1,1500.0,200.0,600.0,100.0,1839375.2491966395,1130000.0,709375.2491966395,False,True,585.6995405936965,59.192259821250445,2011.1986670895167
200.0,0.0,0,1500.0,400.0,600.0,100.0,1957418.0228138105,1130000.0,827418.0228138105,False,True,585.6995405936965,59.192259821250445,2385.8617176342104
200.0,400.0,0,0.0,0.0,900.0,100.0,1601040.4321266282,1130000.0,471040.43212662823,False,True,585.6995405936965,59.192259821250445,2676.6547602035316
0.0,0.0,1,1500.0,0.0,1200.0,150.0,2086326.6279877922,1132500.0,953826.6279877921,False,True,585.6995405936965,59.192259821250445,2676.6547602035316
0.0,200.0,0,2500.0,0.0,600.0,150.0,2195841.4899600176,1132500.0,1063341.4899600176,False,True,585.6995405936965,59.192259821250445,2676.6547602035316
0.0,0.0,0,2500.0,200.0,900.0,100.0,2443895.7861510585,1135000.0,1308895.7861510585,False,True,585.6995405936965,59.192259821250445,2540.6787176855933
0.0,400.0,2,0.0,200.0,600.0,100.0,1558869.362481824,1135000.0,423869.36248182395,False,True,585.6995405936965,59.192259821250445,717.393083860927
0.0,600.0,0,0.0,600.0,600.0,100.0,1894907.657537252,1135000.0,759907.657537252,False,True,585.6995405936965,59.192259821250445,1839.5348096559105
200.0,0.0,3,0.0,0.0,600.0,100.0,1482451.4912798891,1135000.0,347451.4912798891,False,True,585.6995405936965,59.192259821250445,346.43072160671545
200.0,200.0,1,0.0,400.0,600.0,100.0,1443943.1501856362,1135000.0,308943.15018563636,False,True,585.6995405936965,59.192259821250445,1097.4891323269148
400.0,0.0,0,0.0,600.0,600.0,100.0,1541201.1985870572,1135000.0,406201.19858705706,False,True,585.6995405936965,59.192259821250445,1782.9758783789166
0.0,200.0,2,0.0,0.0,1200.0,150.0,1659526.4559867333,1137500.0,522026.4559867333,False,True,585.6995405936965,59.192259821250445,795.4056676197994
0.0,400.0,0,0.0,400.0,1200.0,150.0,1983762.0851258358,1137500.0,846262.0851258358,False,True,585.6995405936965,59.192259821250445,2245.208817507527
200.0,0.0,1,0.0,200.0,1200.0,150.0,1621579.1195416036,1137500.0,484079.1195416036,False,True,585.6995405936965,59.192259821250445,1803.09011913248
0.0,200.0,0,1500.0,0.0,1200.0,100.0,2203500.673633487,1140000.0,1063500.673633487,False,True,585.6995405936965,59.192259821250445,2676.6547602035316
0.0,0.0,3,0.0,400.0,900.0,150.0,1862631.407650293,1142500.0,720131.4076502931,False,True,585.6995405936965,59.192259821250445,1519.724157639183
0.0,200.0,1,1500.0,200.0,600.0,150.0,1851875.2491966395,1142500.0,709375.2491966395,False,True,585.6995405936965,59.192259821250445,2011.1986670895167
200.0,0.0,0,1500.0,400.0,600.0,150.0,1969918.0228138105,1142500.0,827418.0228138105,False,True,585.6995405936965,59.192259821250445,2385.8617176342104
200.0,400.0,0,0.0,0.0,900.0,150.0,1613540.4321266282,1142500.0,471040.43212662823,False,True,585.6995405936965,59.192259821250445,2676.6547602035316
0.0,0.0,1,1500.0,400.0,900.0,100.0,2098747.036151057,1145000.0,953747.0361510573,False,True,585.6995405936965,59.192259821250445,2418.3172562379327
0.0,400.0,1,0.0,0.0,1200.0,100.0,1716569.1262783236,1145000.0,571569.1262783236,False,True,585.6995405936965,59.192259821250445,1803.496225192748
200.0,200.0,0,0.0,200.0,1200.0,100.0,1732131.153676544,1145000.0,587131.1536765441,False,True,585.6995405936965,59.192259821250445,2359.7364862727454
0.0,0.0,0,2500.0,200.0,900.0,150.0,2456395.7861510585,1147500.0,1308895.7861510585,False,True,585.6995405936965,59.192259821250445,2540.6787176855933
0.0,400.0,2,0.0,200.0,600.0,150.0,1571369.362481824,1147500.0,423869.36248182395,False,True,585.6995405936965,59.192259821250445,717.393083860927
0.0,600.0,0,0.0,600.0,600.0,150.0,1907407.657537252,1147500.0,759907.657537252,False,True,585.6995405936965,59.192259821250445,1839.5348096559105
200.0,0.0,3,0.0,0.0,600.0,150.0,1494951.4912798891,1147500.0,347451.4912798891,False,True,585.6995405936965,59.192259821250445,346.43072160671545
200.0,200.0,1,0.0,400.0,600.0,150.0,1456443.1501856362,1147500.0,308943.15018563636,False,True,585.6995405936965,59.192259821250445,1097.4891323269148
400.0,0.0,0,0.0,600.0,600.0,150.0,1553701.1985870572,1147500.0,406201.19858705706,False,True,585.6995405936965,59.192259821250445,1782.9758783789166
0.0,0.0,4,0.0,0.0,900.0,100.0,1870131.407650293,1150000.0,720131.4076502931,False,True,585.6995405936965,59.192259821250445,1519.724157639183
0.0,200.0,2,0.0,400.0,900.0,100.0,1671946.8641499986,1150000.0,521946.86414999864,False,True,585.6995405936965,59.192259821250445,795.4056676197994
0.0,400.0,0,1500.0,200.0,600.0,100.0,1996222.2892074685,1150000.0,846222.2892074685,False,True,585.6995405936965,59.192259821250445,1475.1742817202953
200.0,0.0,1,0.0,600.0,900.0,100.0,1633999.527704869,1150000.0,483999.5277048688,False,True,585.6995405936965,59.192259821250445,1803.09011913248
200.0,0.0,1,1500.0,0.0,600.0,100.0,1633919.9358681343,1150000.0,483919.93586813414,False,True,585.6995405936965,59.192259821250445,1803.0990797793477
0.0,200.0,0,1500.0,0.0,1200.0,150.0,2216000.673633487,1152500.0,1063500.673633487,False,True,585.6995405936965,59.192259821250445,2676.6547602035316
0.0,600.0,1,0.0,200.0,600.0,100.0,1681301.141663433,1155000.0,526301.141663433,False,True,585.6995405936965,59.192259821250445,1592.3491941967072
200.0,200.0,2,0.0,0.0,600.0,100.0,1381657.723376339,1155000.0,226657.7233763391,False,True,585.6995405936965,59.192259821250445,246.39751560479206
200.0,400.0,0,0.0,400.0,600.0,100.0,1626020.5341674446,1155000.0,471020.53416744457,False,True,585.6995405936965,59.192259821250445,1784.654209183036
400.0,0.0,1,0.0,200.0,600.0,100.0,1366944.8482010956,1155000.0,211944.84820109548,False,True,585.6995405936965,59.192259821250445,605.5752953003814
0.0,0.0,1,1500.0,400.0,900.0,150.0,2111247.036151057,1157500.0,953747.0361510573,False,True,585.6995405936965,59.192259821250445,2418.3172562379327
0.0,400.0,1,0.0,0.0,1200.0,150.0,1729069.1262783236,1157500.0,571569.1262783236,False,True,585.6995405936965,59.192259821250445,1803.496225192748
200.0,200.0,0,0.0,200.0,1200.0,150.0,1744631.153676544,1157500.0,587131.1536765441,False,True,585.6995405936965,59.192259821250445,2359.7364862727454
0.0,0.0,0,2500.0,600.0,600.0,100.0,2468816.194314324,1160000.0,1308816.1943143238,False,True,585.6995405936965,59.192259821250445,2397.2688306964433
0.0,0.0,4,0.0,0.0,900.0,150.0,1882631.407650293,1162500.0,720131.4076502931,False,True,585.6995405936965,59.192259821250445,1519.724157639183
0.0,200.0,2,0.0,400.0,900.0,150.0,1684446.8641499986,1162500.0,521946.86414999864,False,True,585.6995405936965,59.192259821250445,795.4056676197994
0.0,400.0,0,1500.0,200.0,600.0,150.0,2008722.2892074685,1162500.0,846222.2892074685,False,True,585.6995405936965,59.192259821250445,1475.1742817202953
200.0,0.0,1,0.0,600.0,900.0,150.0,1646499.527704869,1162500.0,483999.5277048688,False,True,585.6995405936965,59.192259821250445,1803.09011913248
200.0,0.0,1,1500.0,0.0,600.0,150.0,1646419.9358681343,1162500.0,483919.93586813414,False,True,585.6995405936965,59.192259821250445,1803.0990797793477
0.0,0.0,2,0.0,600.0,1200.0,100.0,1892945.9994870275,1165000.0,727945.9994870276,False,True,585.6995405936965,59.192259821250445,1519.724157639183
0.0,0.0,2,1500.0,0.0,900.0,100.0,1892866.4076502929,1165000.0,727866.407650293,False,True,585.6995405936965,59.192259821250445,1519.724157639183
0.0,200.0,0,1500.0,400.0,900.0,100.0,2228421.0817967523,1165000.0,1063421.0817967523,False,True,585.6995405936965,59.192259821250445,2471.0324582939456
0.0,600.0,0,0.0,0.0,1200.0,100.0,1924947.4534556193,1165000.0,759947.4534556193,False,True,585.6995405936965,59.192259821250445,2676.6547602035316
400.0,0.0,0,0.0,0.0,1200.0,100.0,1571240.9945054245,1165000.0,406240.9945054244,False,True,585.6995405936965,59.192259821250445,2676.6547602035316
0.0,600.0,1,0.0,200.0,600.0,150.0,1693801.141663433,1167500.0,526301.141663433,False,True,585.6995405936965,59.192259821250445,1592.3491941967072
200.0,200.0,2,0.0,0.0,600.0,150.0,1394157.723376339,1167500.0,226657.7233763391,False,True,585.6995405936965,59.192259821250445,246.39751560479206
200.0,400.0,0,0.0,400.0,600.0,150.0,1638520.5341674446,1167500.0,471020.53416744457,False,True,585.6995405936965,59.192259821250445,1784.654209183036
400.0,0.0,1,0.0,200.0,600.0,150.0,1379444.8482010956,1167500.0,211944.84820109548,False,True,585.6995405936965,59.192259821250445,605.5752953003814
0.0,0.0,0,3500.0,0.0,600.0,100.0,2478816.194314324,1170000.0,1308816.1943143238,False,True,585.6995405936965,59.192259821250445,2676.6547602035316
0.0,200.0,3,0.0,0.0,900.0,100.0,1686387.409707082,1170000.0,516387.4097070821,False,True,585.6995405936965,59.192259821250445,795.4056676197994
0.0,400.0,1,0.0,400.0,900.0,100.0,1741549.22831914,1170000.0,571549.2283191399,False,True,585.6995405936965,59.192259821250445,1764.6417081655256
200.0,0.0,2,0.0,200.0,900.0,100.0,1523716.6364794236,1170000.0,353716.6364794236,False,True,585.6995405936965,59.192259821250445,346.42176095984763
200.0,200.0,0,0.0,600.0,900.0,100.0,1757111.2557173604,1170000.0,587111.2557173604,False,True,585.6995405936965,59.192259821250445,2359.7364862727454
200.0,200.0,0,1500.0,0.0,600.0,100.0,1757091.3577581767,1170000.0,587091.3577581767,False,True,585.6995405936965,59.192259821250445,2676.6547602035316
0.0,0.0,0,2500.0,600.0,600.0,150.0,2481316.194314324,1172500.0,1308816.1943143238,False,True,585.6995405936965,59.192259821250445,2397.2688306964433
0.0,0.0,4,0.0,400.0,600.0,100.0,1895051.8158135582,1175000.0,720051.8158135583,False,True,585.6995405936965,59.192259821250445,1519.724157639183
200.0,400.0,1,0.0,0.0,600.0,100.0,1432167.796959847,1175000.0,257167.79695984704,False,True,585.6995405936965,59.192259821250445,1023.009294604185
400.0,200.0,0,0.0,200.0,600.0,100.0,1432123.183079425,1175000.0,257123.18307942498,False,True,585.6995405936965,59.192259821250445,1270.1367292199398
0.0,0.0,2,0.0,600.0,1200.0,150.0,1905445.9994870275,1177500.0,727945.9994870276,False,True,585.6995405936965,59.192259821250445,1519.724157639183
0.0,0.0,2,1500.0,0.0,900.0,150.0,1905366.4076502929,1177500.0,727866.407650293,False,True,585.6995405936965,59.192259821250445,1519.724157639183
0.0,200.0,0,1500.0,400.0,900.0,150.0,2240921.0817967523,1177500.0,1063421.0817967523,False,True,585.6995405936965,59.192259821250445,2471.0324582939456
0.0,600.0,0,0.0,0.0,1200.0,150.0,1937447.4534556193,1177500.0,759947.4534556193,False,True,585.6995405936965,59.192259821250445,2676.6547602035316
400.0,0.0,0,0.0,0.0,1200.0,150.0,1583740.9945054245,1177500.0,406240.9945054244,False,True,585.6995405936965,59.192259821250445,2676.6547602035316
0.0,0.0,0,1500.0,600.0,1200.0,100.0,2488975.3779877936,1180000.0,1308975.3779877934,False,True,585.6995405936965,59.192259821250445,2512.113482585346
0.0,0.0,1,2500.0,200.0,600.0,100.0,2133667.4443143224,1180000.0,953667.4443143227,False,True,585.6995405936965,59.192259821250445,2244.7000794967203
0.0,0.0,0,3500.0,0.0,600.0,150.0,2491316.194314324,1182500.0,1308816.1943143238,False,True,585.6995405936965,59.192259821250445,2676.6547602035316
0.0,200.0,3,0.0,0.0,900.0,150.0,1698887.409707082,1182500.0,516387.4097070821,False,True,585.6995405936965,59.192259821250445,795.4056676197994
0.0,400.0,1,0.0,400.0,900.0,150.0,1754049.22831914,1182500.0,571549.2283191399,False,True,585.6995405936965,59.192259821250445,1764.6417081655256
200.0,0.0,2,0.0,200.0,900.0,150.0,1536216.6364794236,1182500.0,353716.6364794236,False,True,585.6995405936965,59.192259821250445,346.42176095984763
200.0,200.0,0,0.0,600.0,900.0,150.0,1769611.2557173604,1182500.0,587111.2557173604,False,True,585.6995405936965,59.192259821250445,2359.7364862727454
200.0,200.0,0,1500.0,0.0,600.0,150.0,1769591.3577581767,1182500.0,587091.3577581767,False,True,585.6995405936965,59.192259821250445,2676.6547602035316
0.0,0.0,3,0.0,200.0,1200.0,100.0,1905210.9994870278,1185000.0,720210.9994870278,False,True,585.6995405936965,59.192259821250445,1519.724157639183
0.0,200.0,1,0.0,600.0,1200.0,100.0,1894534.432870109,1185000.0,709534.432870109,False,True,585.6995405936965,59.192259821250445,2333.382064465758
0.0,200.0,1,1500.0,0.0,900.0,100.0,1894454.8410333742,1185000.0,709454.8410333742,False,True,585.6995405936965,59.192259821250445,2333.382064465758
200.0,0.0,0,1500.0,200.0,900.0,100.0,2012497.6146505452,1185000.0,827497.6146505452,False,True,585.6995405936965,59.192259821250445,2394.593194262784
0.0,0.0,4,0.0,400.0,600.0,150.0,1907551.8158135582,1187500.0,720051.8158135583,False,True,585.6995405936965,59.192259821250445,1519.724157639183
200.0,400.0,1,0.0,0.0,600.0,150.0,1444667.796959847,1187500.0,257167.79695984704,False,True,585.6995405936965,59.192259821250445,1023.009294604185
400.0,200.0,0,0.0,200.0,600.0,150.0,1444623.183079425,1187500.0,257123.18307942498,False,True,585.6995405936965,59.192259821250445,1270.1367292199398
0.0,0.0,0,2500.0,0.0,1200.0,100.0,2498975.3779877936,1190000.0,1308975.3779877934,False,True,585.6995405936965,59.192259821250445,2676.6547602035316
0.0,0.0,2,1500.0,400.0,600.0,100.0,1917786.8158135582,1190000.0,727786.8158135582,False,True,585.6995405936965,59.192259821250445,1117.0770518631246
0.0,400.0,2,0.0,0.0,900.0,100.0,1613889.2604410076,1190000.0,423889.2604410077,False,True,585.6995405936965,59.192259821250445,735.4477728451201
0.0,600.0,0,0.0,400.0,900.0,100.0,1949927.5554964356,1190000.0,759927.5554964356,False,True,585.6995405936965,59.192259821250445,1839.5348096559105
200.0,200.0,1,0.0,200.0,900.0,100.0,1498963.0481448201,1190000.0,308963.04814482003,False,True,585.6995405936965,59.192259821250445,1097.4891323269148
400.0,0.0,0,0.0,400.0,900.0,100.0,1596221.0965462406,1190000.0,406221.09654624073,False,True,585.6995405936965,59.192259821250445,1782.9758783789166
0.0,0.0,0,1500.0,600.0,1200.0,150.0,2501475.3779877936,1192500.0,1308975.3779877934,False,True,585.6995405936965,59.192259821250445,2512.113482585346
0.0,0.0,1,2500.0,200.0,600.0,150.0,2146167.4443143224,1192500.0,953667.4443143227,False,True,585.6995405936965,59.192259821250445,2244.7000794967203
0.0,0.0,5,0.0,0.0,600.0,100.0,1915051.8158135582,1195000.0,720051.8158135583,False,True,585.6995405936965,59.192259821250445,1519.724157639183
0.0,200.0,3,0.0,400.0,600.0,100.0,1711307.8178703473,1195000.0,516307.8178703473,False,True,585.6995405936965,59.192259821250445,795.4056676197994
200.0,0.0,2,0.0,600.0,600.0,100.0,1548637.044642689,1195000.0,353637.04464268894,False,True,585.6995405936965,59.192259821250445,346.42176095984763
200.0,600.0,0,0.0,0.0,600.0,100.0,1636181.9099243362,1195000.0,441181.90992433624,False,True,585.6995405936965,59.192259821250445,2676.6547602035316
600.0,0.0,0,0.0,0.0,600.0,100.0,1404947.8645611585,1195000.0,209947.8645611584,False,True,585.6995405936965,59.192259821250445,2676.6547602035316
0.0,0.0,3,0.0,200.0,1200.0,150.0,1917710.9994870278,1197500.0,720210.9994870278,False,True,585.6995405936965,59.192259821250445,1519.724157639183
0.0,200.0,1,0.0,600.0,1200.0,150.0,1907034.432870109,1197500.0,709534.432870109,False,True,585.6995405936965,59.192259821250445,2333.382064465758
0.0,200.0,1,1500.0,0.0,900.0,150.0,1906954.8410333742,1197500.0,709454.8410333742,False,True,585.6995405936965,59.192259821250445,2333.382064465758
200.0,0.0,0,1500.0,200.0,900.0,150.0,2024997.6146505452,1197500.0,827497.6146505452,False,True,585.6995405936965,59.192259821250445,2394.593194262784
0.0,0.0,1,1500.0,200.0,1200.0,100.0,2153826.6279877922,1200000.0,953826.6279877921,False,True,585.6995405936965,59.192259821250445,2438.6524784042067
0.0,200.0,0,2500.0,200.0,600.0,100.0,2263341.4899600176,1200000.0,1063341.4899600176,False,True,585.6995405936965,59.192259821250445,2418.1683390313315
0.0,0.0,0,2500.0,0.0,1200.0,150.0,2511475.3779877936,1202500.0,1308975.3779877934,False,True,585.6995405936965,59.192259821250445,2676.6547602035316
0.0,0.0,2,1500.0,400.0,600.0,150.0,1930286.8158135582,1202500.0,727786.8158135582,False,True,585.6995405936965,59.192259821250445,1117.0770518631246
0.0,400.0,2,0.0,0.0,900.0,150.0,1626389.2604410076,1202500.0,423889.2604410077,False,True,585.6995405936965,59.192259821250445,735.4477728451201
0.0,600.0,0,0.0,400.0,900.0,150.0,1962427.5554964356,1202500.0,759927.5554964356,False,True,585.6995405936965,59.192259821250445,1839.5348096559105
200.0,200.0,1,0.0,200.0,900.0,150.0,1511463.0481448201,1202500.0,308963.04814482003,False,True,585.6995405936965,59.192259821250445,1097.4891323269148
400.0,0.0,0,0.0,400.0,900.0,150.0,1608721.0965462406,1202500.0,406221.09654624073,False,True,585.6995405936965,59.192259821250445,1782.9758783789166
0.0,200.0,2,0.0,200.0,1200.0,100.0,1727026.4559867333,1205000.0,522026.4559867333,False,True,585.6995405936965,59.192259821250445,795.4056676197994
0.0,400.0,0,0.0,600.0,1200.0,100.0,2051262.0851258358,1205000.0,846262.0851258358,False,True,585.6995405936965,59.192259821250445,2245.208817507527
0.0,400.0,0,1500.0,0.0,900.0,100.0,2051242.1871666522,1205000.0,846242.1871666522,False,True,585.6995405936965,59.192259821250445,2676.6547602035316
200.0,0.0,1,0.0,400.0,1200.0,100.0,1689079.1195416036,1205000.0,484079.1195416036,False,True,585.6995405936965,59.192259821250445,1803.09011913248
0.0,0.0,5,0.0,0.0,600.0,150.0,1927551.8158135582,1207500.0,720051.8158135583,False,True,585.6995405936965,59.192259821250445,1519.724157639183
0.0,200.0,3,0.0,400.0,600.0,150.0,1723807.8178703473,1207500.0,516307.8178703473,False,True,585.6995405936965,59.192259821250445,795.4056676197994
200.0,0.0,2,0.0,600.0,600.0,150.0,1561137.044642689,1207500.0,353637.04464268894,False,True,585.6995405936965,59.192259821250445,346.42176095984763
200.0,600.0,0,0.0,0.0,600.0,150.0,1648681.9099243362,1207500.0,441181.90992433624,False,True,585.6995405936965,59.192259821250445,2676.6547602035316
600.0,0.0,0,0.0,0.0,600.0,150.0,1417447.8645611585,1207500.0,209947.8645611584,False,True,585.6995405936965,59.192259821250445,2676.6547602035316
0.0,0.0,3,0.0,600.0,900.0,100.0,1930131.407650293,1210000.0,720131.4076502931,False,True,585.6995405936965,59.192259821250445,1519.724157639183
0.0,0.0,3,1500.0,0.0,600.0,100.0,1930051.8158135582,1210000.0,720051.8158135583,False,True,585.6995405936965,59.192259821250445,1519.724157639183
0.0,200.0,1,1500.0,400.0,600.0,100.0,1919375.2491966395,1210000.0,709375.2491966395,False,True,585.6995405936965,59.192259821250445,1999.304977928325
0.0,600.0,1,0.0,0.0,900.0,100.0,1736321.0396226167,1210000.0,526321.0396226167,False,True,585.6995405936965,59.192259821250445,1659.4599343740306
200.0,0.0,0,1500.0,600.0,600.0,100.0,2037418.0228138105,1210000.0,827418.0228138105,False,True,585.6995405936965,59.192259821250445,2385.8617176342104
200.0,400.0,0,0.0,200.0,900.0,100.0,1681040.4321266282,1210000.0,471040.43212662823,False,True,585.6995405936965,59.192259821250445,1784.654209183036
400.0,0.0,1,0.0,0.0,900.0,100.0,1421964.746160279,1210000.0,211964.74616027914,False,True,585.6995405936965,59.192259821250445,667.2022422721102
0.0,0.0,1,1500.0,200.0,1200.0,150.0,2166326.6279877922,1212500.0,953826.6279877921,False,True,585.6995405936965,59.192259821250445,2438.6524784042067
0.0,200.0,0,2500.0,200.0,600.0,150.0,2275841.4899600176,1212500.0,1063341.4899600176,False,True,585.6995405936965,59.192259821250445,2418.1683390313315
0.0,0.0,0,2500.0,400.0,900.0,100.0,2523895.7861510585,1215000.0,1308895.7861510585,False,True,585.6995405936965,59.192259821250445,2397.2688306964433
0.0,200.0,4,0.0,0.0,600.0,100.0,1731307.8178703473,1215000.0,516307.8178703473,False,True,585.6995405936965,59.192259821250445,795.4056676197994
0.0,400.0,2,0.0,400.0,600.0,100.0,1638869.362481824,1215000.0,423869.36248182395,False,True,585.6995405936965,59.192259821250445,717.393083860927
200.0,0.0,3,0.0,200.0,600.0,100.0,1562451.4912798891,1215000.0,347451.4912798891,False,True,585.6995405936965,59.192259821250445,346.42176095984763
200.0,200.0,1,0.0,600.0,600.0,100.0,1523943.1501856362,1215000.0,308943.15018563636,False,True,585.6995405936965,59.192259821250445,1097.4891323269148
0.0,200.0,2,0.0,200.0,1200.0,150.0,1739526.4559867333,1217500.0,522026.4559867333,False,True,585.6995405936965,59.192259821250445,795.4056676197994
0.0,400.0,0,0.0,600.0,1200.0,150.0,2063762.0851258358,1217500.0,846262.0851258358,False,True,585.6995405936965,59.192259821250445,2245.208817507527
0.0,400.0,0,1500.0,0.0,900.0,150.0,2063742.1871666522,1217500.0,846242.1871666522,False,True,585.6995405936965,59.192259821250445,2676.6547602035316
200.0,0.0,1,0.0,400.0,1200.0,150.0,1701579.1195416036,1217500.0,484079.1195416036,False,True,585.6995405936965,59.192259821250445,1803.09011913248
0.0,200.0,0,1500.0,200.0,1200.0,100.0,2283500.673633487,1220000.0,1063500.673633487,False,True,585.6995405936965,59.192259821250445,2523.77404324911
200.0,0.0,0,2500.0,0.0,600.0,100.0,2047418.0228138105,1220000.0,827418.0228138105,False,True,585.6995405936965,59.192259821250445,2676.6547602035316
0.0,0.0,3,0.0,600.0,900.0,150.0,1942631.407650293,1222500.0,720131.4076502931,False,True,585.6995405936965,59.192259821250445,1519.724157639183
0.0,0.0,3,1500.0,0.0,600.0,150.0,1942551.8158135582,1222500.0,720051.8158135583,False,True,585.6995405936965,59.192259821250445,1519.724157639183
0.0,200.0,1,1500.0,400.0,600.0,150.0,1931875.2491966395,1222500.0,709375.2491966395,False,True,585.6995405936965,59.192259821250445,1999.304977928325
0.0,600.0,1,0.0,0.0,900.0,150.0,1748821.0396226167,1222500.0,526321.0396226167,False,True,585.6995405936965,59.192259821250445,1659.4599343740306
200.0,0.0,0,1500.0,600.0,600.0,150.0,2049918.0228138105,1222500.0,827418.0228138105,False,True,585.6995405936965,59.192259821250445,2385.8617176342104
200.0,400.0,0,0.0,200.0,900.0,150.0,1693540.4321266282,1222500.0,471040.43212662823,False,True,585.6995405936965,59.192259821250445,1784.654209183036
400.0,0.0,1,0.0,0.0,900.0,150.0,1434464.746160279,1222500.0,211964.74616027914,False,True,585.6995405936965,59.192259821250445,667.2022422721102
0.0,0.0,1,1500.0,600.0,900.0,100.0,2178747.036151057,1225000.0,953747.0361510573,False,True,585.6995405936965,59.192259821250445,2418.3172562379327
0.0,400.0,1,0.0,200.0,1200.0,100.0,1796569.1262783236,1225000.0,571569.1262783236,False,True,585.6995405936965,59.192259821250445,1764.6417081655256
200.0,0.0,2,0.0,0.0,1200.0,100.0,1578796.2283161583,1225000.0,353796.2283161583,False,True,585.6995405936965,59.192259821250445,346.43072160671545
200.0,200.0,0,0.0,400.0,1200.0,100.0,1812131.153676544,1225000.0,587131.1536765441,False,True,585.6995405936965,59.192259821250445,2359.7364862727454
0.0,0.0,0,2500.0,400.0,900.0,150.0,2536395.7861510585,1227500.0,1308895.7861510585,False,True,585.6995405936965,59.192259821250445,2397.2688306964433
0.0,200.0,4,0.0,0.0,600.0,150.0,1743807.8178703473,1227500.0,516307.8178703473,False,True,585.6995405936965,59.192259821250445,795.4056676197994
0.0,400.0,2,0.0,400.0,600.0,150.0,1651369.362481824,1227500.0,423869.36248182395,False,True,585.6995405936965,59.192259821250445,717.393083860927
200.0,0.0,3,0.0,200.0,600.0,150.0,1574951.4912798891,1227500.0,347451.4912798891,False,True,585.6995405936965,59.192259821250445,346.42176095984763
200.0,200.0,1,0.0,600.0,600.0,150.0,1536443.1501856362,1227500.0,308943.15018563636,False,True,585.6995405936965,59.192259821250445,1097.4891323269148
0.0,0.0,4,0.0,200.0,900.0,100.0,1950131.407650293,1230000.0,720131.4076502931,False,True,585.6995405936965,59.192259821250445,1519.724157639183
0.0,200.0,2,0.0,600.0,900.0,100.0,1751946.8641499986,1230000.0,521946.86414999864,False,True,585.6995405936965,59.192259821250445,795.4056676197994
0.0,200.0,2,1500.0,0.0,600.0,100.0,1751867.272313264,1230000.0,521867.27231326397,False,True,585.6995405936965,59.192259821250445,795.4056676197994
0.0,400.0,0,1500.0,400.0,600.0,100.0,2076222.2892074685,1230000.0,846222.2892074685,False,True,585.6995405936965,59.192259821250445,1228.1875654646706
200.0,0.0,1,1500.0,200.0,600.0,100.0,1713919.9358681343,1230000.0,483919.93586813414,False,True,585.6995405936965,59.192259821250445,1382.061465777661
400.0,200.0,0,0.0,0.0,900.0,100.0,1487143.0810386087,1230000.0,257143.08103860868,False,True,585.6995405936965,59.192259821250445,2676.6547602035316
0.0,200.0,0,1500.0,200.0,1200.0,150.0,2296000.673633487,1232500.0,1063500.673633487,False,True,585.6995405936965,59.192259821250445,2523.77404324911
200.0,0.0,0,2500.0,0.0,600.0,150.0,2059918.0228138105,1232500.0,827418.0228138105,False,True,585.6995405936965,59.192259821250445,2676.6547602035316
0.0,0.0,1,2500.0,0.0,900.0,100.0,2188747.036151057,1235000.0,953747.0361510573,False,True,585.6995405936965,59.192259821250445,2676.6547602035316
0.0,400.0,3,0.0,0.0,600.0,100.0,1654298.64876719,1235000.0,419298.64876719,False,True,585.6995405936965,59.192259821250445,735.4477728451201
0.0,600.0,1,0.0,400.0,600.0,100.0,1761301.141663433,1235000.0,526301.141663433,False,True,585.6995405936965,59.192259821250445,1592.3491941967072
200.0,200.0,2,0.0,200.0,600.0,100.0,1461657.723376339,1235000.0,226657.7233763391,False,True,585.6995405936965,59.192259821250445,239.70016230458623
200.0,400.0,0,0.0,600.0,600.0,100.0,1706020.5341674446,1235000.0,471020.53416744457,False,True,585.6995405936965,59.192259821250445,1784.654209183036
400.0,0.0,1,0.0,400.0,600.0,100.0,1446944.8482010956,1235000.0,211944.84820109548,False,True,585.6995405936965,59.192259821250445,605.5752953003814
0.0,0.0,1,1500.0,600.0,900.0,150.0,2191247.036151057,1237500.0,953747.0361510573,False,True,585.6995405936965,59.192259821250445,2418.3172562379327
0.0,400.0,1,0.0,200.0,1200.0,150.0,1809069.1262783236,1237500.0,571569.1262783236,False,True,585.6995405936965,59.192259821250445,1764.6417081655256
200.0,0.0,2,0.0,0.0,1200.0,150.0,1591296.2283161583,1237500.0,353796.2283161583,False,True,585.6995405936965,59.192259821250445,346.43072160671545
200.0,200.0,0,0.0,400.0,1200.0,150.0,1824631.153676544,1237500.0,587131.1536765441,False,True,585.6995405936965,59.192259821250445,2359.7364862727454
200.0,0.0,0,1500.0,0.0,1200.0,100.0,2067577.2064872799,1240000.0,827577.2064872799,False,True,585.6995405936965,59.192259821250445,2676.6547602035316
0.0,0.0,4,0.0,200.0,900.0,150.0,1962631.407650293,1242500.0,720131.4076502931,False,True,585.6995405936965,59.192259821250445,1519.724157639183
0.0,200.0,2,0.0,600.0,900.0,150.0,1764446.8641499986,1242500.0,521946.86414999864,False,True,585.6995405936965,59.192259821250445,795.4056676197994
0.0,200.0,2,1500.0,0.0,600.0,150.0,1764367.272313264,1242500.0,521867.27231326397,False,True,585.6995405936965,59.192259821250445,795.4056676197994
0.0,400.0,0,1500.0,400.0,600.0,150.0,2088722.2892074685,1242500.0,846222.2892074685,False,True,585.6995405936965,59.192259821250445,1228.1875654646706
200.0,0.0,1,1500.0,200.0,600.0,150.0,1726419.9358681343,1242500.0,483919.93586813414,False,True,585.6995405936965,59.192259821250445,1382.061465777661
400.0,200.0,0,0.0,0.0,900.0,150.0,1499643.0810386087,1242500.0,257143.08103860868,False,True,585.6995405936965,59.192259821250445,2676.6547602035316
0.0,0.0,2,1500.0,200.0,900.0,100.0,1972866.4076502929,1245000.0,727866.407650293,False,True,585.6995405936965,59.192259821250445,1130.3962042306491
0.0,200.0,0,1500.0,600.0,900.0,100.0,2308421.0817967523,1245000.0,1063421.0817967523,False,True,585.6995405936965,59.192259821250445,2471.0324582939456
0.0,600.0,0,0.0,200.0,1200.0,100.0,2004947.4534556193,1245000.0,759947.4534556193,False,True,585.6995405936965,59.192259821250445,1839.5348096559105
200.0,200.0,1,0.0,0.0,1200.0,100.0,1553982.9461040036,1245000.0,308982.9461040037,False,True,585.6995405936965,59.192259821250445,1123.601824813322
400.0,0.0,0,0.0,200.0,1200.0,100.0,1651240.9945054245,1245000.0,406240.9945054244,False,True,585.6995405936965,59.192259821250445,1782.9758783789166
0.0,0.0,1,2500.0,0.0,900.0,150.0,2201247.036151057,1247500.0,953747.0361510573,False,True,585.6995405936965,59.192259821250445,2676.6547602035316
0.0,400.0,3,0.0,0.0,600.0,150.0,1666798.64876719,1247500.0,419298.64876719,False,True,585.6995405936965,59.192259821250445,735.4477728451201
0.0,600.0,1,0.0,400.0,600.0,150.0,1773801.141663433,1247500.0,526301.141663433,False,True,585.6995405936965,59.192259821250445,1592.3491941967072
200.0,200.0,2,0.0,200.0,600.0,150.0,1474157.723376339,1247500.0,226657.7233763391,False,True,585.6995405936965,59.192259821250445,239.70016230458623
200.0,400.0,0,0.0,600.0,600.0,150.0,1718520.5341674446,1247500.0,471020.53416744457,False,True,585.6995405936965,59.192259821250445,1784.654209183036
400.0,0.0,1,0.0,400.0,600.0,150.0,1459444.8482010956,1247500.0,211944.84820109548,False,True,585.6995405936965,59.192259821250445,605.5752953003814
0.0,0.0,0,3500.0,200.0,600.0,100.0,2558816.194314324,1250000.0,1308816.1943143238,False,True,585.6995405936965,59.192259821250445,2479.383869285341
0.0,200.0,3,0.0,200.0,900.0,100.0,1766387.409707082,1250000.0,516387.4097070821,False,True,585.6995405936965,59.192259821250445,795.4056676197994
0.0,400.0,1,0.0,600.0,900.0,100.0,1821549.22831914,1250000.0,571549.2283191399,False,True,585.6995405936965,59.192259821250445,1764.6417081655256
0.0,400.0,1,1500.0,0.0,600.0,100.0,1821529.3303599562,1250000.0,571529.3303599562,False,True,585.6995405936965,59.192259821250445,1803.496225192748
200.0,0.0,2,0.0,400.0,900.0,100.0,1603716.6364794236,1250000.0,353716.6364794236,False,True,585.6995405936965,59.192259821250445,346.42176095984763
200.0,200.0,0,1500.0,200.0,600.0,100.0,1837091.3577581767,1250000.0,587091.3577581767,False,True,585.6995405936965,59.192259821250445,1135.9866565847278
200.0,0.0,0,1500.0,0.0,1200.0,150.0,2080077.2064872799,1252500.0,827577.2064872799,False,True,585.6995405936965,59.192259821250445,2676.6547602035316
0.0,0.0,4,0.0,600.0,600.0,100.0,1975051.8158135582,1255000.0,720051.8158135583,False,True,585.6995405936965,59.192259821250445,1519.724157639183
0.0,200.0,0,2500.0,0.0,900.0,100.0,2318421.0817967523,1255000.0,1063421.0817967523,False,True,585.6995405936965,59.192259821250445,2676.6547602035316
0.0,600.0,2,0.0,0.0,600.0,100.0,1648071.0364018786,1255000.0,393071.0364018787,False,True,585.6995405936965,59.192259821250445,730.1873578306149
200.0,400.0,1,0.0,200.0,600.0,100.0,1512167.796959847,1255000.0,257167.79695984704,False,True,585.6995405936965,59.192259821250445,952.8441596290537
400.0,0.0,2,0.0,0.0,600.0,100.0,1419234.0225059735,1255000.0,164234.02250597352,False,True,585.6995405936965,59.192259821250445,187.15968233842761
400.0,200.0,0,0.0,400.0,600.0,100.0,1512123.183079425,1255000.0,257123.18307942498,False,True,585.6995405936965,59.192259821250445,1270.1367292199398
0.0,0.0,2,1500.0,200.0,900.0,150.0,1985366.4076502929,1257500.0,727866.407650293,False,True,585.6995405936965,59.192259821250445,1130.3962042306491
0.0,200.0,0,1500.0,600.0,900.0,150.0,2320921.0817967523,1257500.0,1063421.0817967523,False,True,585.6995405936965,59.192259821250445,2471.0324582939456
0.0,600.0,0,0.0,200.0,1200.0,150.0,2017447.4534556193,1257500.0,759947.4534556193,False,True,585.6995405936965,59.192259821250445,1839.5348096559105
200.0,200.0,1,0.0,0.0,1200.0,150.0,1566482.9461040036,1257500.0,308982.9461040037,False,True,585.6995405936965,59.192259821250445,1123.601824813322
400.0,0.0,0,0.0,200.0,1200.0,150.0,1663740.9945054245,1257500.0,406240.9945054244,False,True,585.6995405936965,59.192259821250445,1782.9758783789166
0.0,0.0,1,2500.0,400.0,600.0,100.0,2213667.4443143224,1260000.0,953667.4443143227,False,True,585.6995405936965,59.192259821250445,2224.8832705433274
0.0,0.0,0,3500.0,200.0,600.0,150.0,2571316.194314324,1262500.0,1308816.1943143238,False,True,585.6995405936965,59.192259821250445,2479.383869285341
0.0,200.0,3,0.0,200.0,900.0,150.0,1778887.409707082,1262500.0,516387.4097070821,False,True,585.6995405936965,59.192259821250445,795.4056676197994
0.0,400.0,1,0.0,600.0,900.0,150.0,1834049.22831914,1262500.0,571549.2283191399,False,True,585.6995405936965,59.192259821250445,1764.6417081655256
0.0,400.0,1,1500.0,0.0,600.0,150.0,1834029.3303599562,1262500.0,571529.3303599562,False,True,585.6995405936965,59.192259821250445,1803.496225192748
200.0,0.0,2,0.0,400.0,900.0,150.0,1616216.6364794236,1262500.0,353716.6364794236,False,True,585.6995405936965,59.192259821250445,346.42176095984763
200.0,200.0,0,1500.0,200.0,600.0,150.0,1849591.3577581767,1262500.0,587091.3577581767,False,True,585.6995405936965,59.192259821250445,1135.9866565847278
0.0,0.0,3,0.0,400.0,1200.0,100.0,1985210.9994870278,1265000.0,720210.9994870278,False,True,585.6995405936965,59.192259821250445,1519.724157639183
0.0,200.0,1,1500.0,200.0,900.0,100.0,1974454.8410333742,1265000.0,709454.8410333742,False,True,585.6995405936965,59.192259821250445,2011.1986670895167
200.0,0.0,0,1500.0,400.0,900.0,100.0,2092497.6146505452,1265000.0,827497.6146505452,False,True,585.6995405936965,59.192259821250445,2385.8617176342104
200.0,400.0,0,0.0,0.0,1200.0,100.0,1736060.330085812,1265000.0,471060.3300858119,False,True,585.6995405936965,59.192259821250445,2676.6547602035316
0.0,0.0,4,0.0,600.0,600.0,150.0,1987551.8158135582,1267500.0,720051.8158135583,False,True,585.6995405936965,59.192259821250445,1519.724157639183
0.0,200.0,0,2500.0,0.0,900.0,150.0,2330921.0817967523,1267500.0,1063421.0817967523,False,True,585.6995405936965,59.192259821250445,2676.6547602035316
0.0,600.0,2,0.0,0.0,600.0,150.0,1660571.0364018786,1267500.0,393071.0364018787,False,True,585.6995405936965,59.192259821250445,730.1873578306149
200.0,400.0,1,0.0,200.0,600.0,150.0,1524667.796959847,1267500.0,257167.79695984704,False,True,585.6995405936965,59.192259821250445,952.8441596290537
400.0,0.0,2,0.0,0.0,600.0,150.0,1431734.0225059735,1267500.0,164234.02250597352,False,True,585.6995405936965,59.192259821250445,187.15968233842761
400.0,200.0,0,0.0,400.0,600.0,150.0,1524623.183079425,1267500.0,257123.18307942498,False,True,585.6995405936965,59.192259821250445,1270.1367292199398
0.0,0.0,0,2500.0,200.0,1200.0,100.0,2578975.3779877936,1270000.0,1308975.3779877934,False,True,585.6995405936965,59.192259821250445,2540.6787176855933
0.0,0.0,2,1500.0,600.0,600.0,100.0,1997786.8158135582,1270000.0,727786.8158135582,False,True,585.6995405936965,59.192259821250445,1117.0770518631246
0.0,400.0,2,0.0,200.0,900.0,100.0,1693889.2604410076,1270000.0,423889.2604410077,False,True,585.6995405936965,59.192259821250445,717.393083860927
0.0,600.0,0,0.0,600.0,900.0,100.0,2029927.5554964356,1270000.0,759927.5554964356,False,True,585.6995405936965,59.192259821250445,1839.5348096559105
0.0,600.0,0,1500.0,0.0,600.0,100.0,2029907.657537252,1270000.0,759907.657537252,False,True,585.6995405936965,59.192259821250445,2676.6547602035316
200.0,0.0,3,0.0,0.0,900.0,100.0,1617531.0831166238,1270000.0,347531.0831166238,False,True,585.6995405936965,59.192259821250445,346.43072160671545
200.0,200.0,1,0.0,400.0,900.0,100.0,1578963.0481448201,1270000.0,308963.04814482003,False,True,585.6995405936965,59.192259821250445,1097.4891323269148
400.0,0.0,0,0.0,600.0,900.0,100.0,1676221.0965462406,1270000.0,406221.09654624073,False,True,585.6995405936965,59.192259821250445,1782.9758783789166
400.0,0.0,0,1500.0,0.0,600.0,100.0,1676201.1985870572,1270000.0,406201.19858705706,False,True,585.6995405936965,59.192259821250445,2676.6547602035316
0.0,0.0,1,2500.0,400.0,600.0,150.0,2226167.4443143224,1272500.0,953667.4443143227,False,True,585.6995405936965,59.192259821250445,2224.8832705433274
0.0,0.0,5,0.0,200.0,600.0,100.0,1995051.8158135582,1275000.0,720051.8158135583,False,True,585.6995405936965,59.192259821250445,1519.724157639183
0.0,200.0,3,0.0,600.0,600.0,100.0,1791307.8178703473,1275000.0,516307.8178703473,False,True,585.6995405936965,59.192259821250445,795.4056676197994
200.0,600.0,0,0.0,200.0,600.0,100.0,1716181.9099243362,1275000.0,441181.90992433624,False,True,585.6995405936965,59.192259821250445,1625.8883170916251
400.0,200.0,1,0.0,0.0,600.0,100.0,1401542.0117445237,1275000.0,126542.01174452362,False,True,585.6995405936965,59.192259821250445,459.96135077389374
600.0,0.0,0,0.0,200.0,600.0,100.0,1484947.8645611585,1275000.0,209947.8645611584,False,True,585.6995405936965,59.192259821250445,902.8409742705984
0.0,0.0,3,0.0,400.0,1200.0,150.0,1997710.9994870278,1277500.0,720210.9994870278,False,True,585.6995405936965,59.192259821250445,1519.724157639183
0.0,200.0,1,1500.0,200.0,900.0,150.0,1986954.8410333742,1277500.0,709454.8410333742,False,True,585.6995405936965,59.192259821250445,2011.1986670895167
200.0,0.0,0,1500.0,400.0,900.0,150.0,2104997.614650545,1277500.0,827497.6146505452,False,True,585.6995405936965,59.192259821250445,2385.8617176342104
200.0,400.0,0,0.0,0.0,1200.0,150.0,1748560.330085812,1277500.0,471060.3300858119,False,True,585.6995405936965,59.192259821250445,2676.6547602035316
0.0,0.0,1,1500.0,400.0,1200.0,100.0,2233826.6279877922,1280000.0,953826.6279877921,False,True,585.6995405936965,59.192259821250445,2418.3172562379327
0.0,0.0,2,2500.0,0.0,600.0,100.0,2007786.8158135582,1280000.0,727786.8158135582,False,True,585.6995405936965,59.192259821250445,1519.724157639183
0.0,200.0,0,2500.0,400.0,600.0,100.0,2343341.4899600176,1280000.0,1063341.4899600176,False,True,585.6995405936965,59.192259821250445,2337.606360224041
0.0,0.0,0,2500.0,200.0,1200.0,150.0,2591475.3779877936,1282500.0,1308975.3779877934,False,True,585.6995405936965,59.192259821250445,2540.6787176855933
0.0,0.0,2,1500.0,600.0,600.0,150.0,2010286.8158135582,1282500.0,727786.8158135582,False,True,585.6995405936965,59.192259821250445,1117.0770518631246
0.0,400.0,2,0.0,200.0,900.0,150.0,1706389.2604410076,1282500.0,423889.2604410077,False,True,585.6995405936965,59.192259821250445,717.393083860927
0.0,600.0,0,0.0,600.0,900.0,150.0,2042427.5554964356,1282500.0,759927.5554964356,False,True,585.6995405936965,59.192259821250445,1839.5348096559105
0.0,600.0,0,1500.0,0.0,600.0,150.0,2042407.657537252,1282500.0,759907.657537252,False,True,585.6995405936965,59.192259821250445,2676.6547602035316
200.0,0.0,3,0.0,0.0,900.0,150.0,1630031.0831166238,1282500.0,347531.0831166238,False,True,585.6995405936965,59.192259821250445,346.43072160671545
200.0,200.0,1,0.0,400.0,900.0,150.0,1591463.0481448201,1282500.0,308963.04814482003,False,True,585.6995405936965,59.192259821250445,1097.4891323269148
400.0,0.0,0,0.0,600.0,900.0,150.0,1688721.0965462406,1282500.0,406221.09654624073,False,True,585.6995405936965,59.192259821250445,1782.9758783789166
400.0,0.0,0,1500.0,0.0,600.0,150.0,1688701.1985870572,1282500.0,406201.19858705706,False,True,585.6995405936965,59.192259821250445,2676.6547602035316
0.0,0.0,4,0.0,0.0,1200.0,100.0,2005210.9994870278,1285000.0,720210.9994870278,False,True,585.6995405936965,59.192259821250445,1519.724157639183
0.0,200.0,2,0.0,400.0,1200.0,100.0,1807026.4559867333,1285000.0,522026.4559867333,False,True,585.6995405936965,59.192259821250445,795.4056676197994
0.0,400.0,0,1500.0,200.0,900.0,100.0,2131242.187166652,1285000.0,846242.1871666522,False,True,585.6995405936965,59.192259821250445,1475.1742817202953
200.0,0.0,1,0.0,600.0,1200.0,100.0,1769079.1195416036,1285000.0,484079.1195416036,False,True,585.6995405936965,59.192259821250445,1803.09011913248
200.0,0.0,1,1500.0,0.0,900.0,100.0,1768999.527704869,1285000.0,483999.5277048688,False,True,585.6995405936965,59.192259821250445,1803.0990797793477
0.0,0.0,5,0.0,200.0,600.0,150.0,2007551.8158135582,1287500.0,720051.8158135583,False,True,585.6995405936965,59.192259821250445,1519.724157639183
0.0,200.0,3,0.0,600.0,600.0,150.0,1803807.8178703473,1287500.0,516307.8178703473,False,True,585.6995405936965,59.192259821250445,795.4056676197994
200.0,600.0,0,0.0,200.0,600.0,150.0,1728681.9099243362,1287500.0,441181.90992433624,False,True,585.6995405936965,59.192259821250445,1625.8883170916251
400.0,200.0,1,0.0,0.0,600.0,150.0,1414042.0117445237,1287500.0,126542.01174452362,False,True,585.6995405936965,59.192259821250445,459.96135077389374
600.0,0.0,0,0.0,200.0,600.0,150.0,1497447.8645611585,1287500.0,209947.8645611584,False,True,585.6995405936965,59.192259821250445,902.8409742705984
0.0,0.0,3,1500.0,200.0,600.0,100.0,2010051.8158135582,1290000.0,720051.8158135583,False,True,585.6995405936965,59.192259821250445,1130.3962042306491
0.0,200.0,1,1500.0,600.0,600.0,100.0,1999375.2491966395,1290000.0,709375.2491966395,False,True,585.6995405936965,59.192259821250445,1999.304977928325
0.0,600.0,1,0.0,200.0,900.0,100.0,1816321.0396226167,1290000.0,526321.0396226167,False,True,585.6995405936965,59.192259821250445,1592.3491941967072
200.0,200.0,2,0.0,0.0,900.0,100.0,1516677.6213355227,1290000.0,226677.6213355228,False,True,585.6995405936965,59.192259821250445,246.39751560479206
200.0,400.0,0,0.0,400.0,900.0,100.0,1761040.4321266282,1290000.0,471040.43212662823,False,True,585.6995405936965,59.192259821250445,1784.654209183036
400.0,0.0,1,0.0,200.0,900.0,100.0,1501964.746160279,1290000.0,211964.74616027914,False,True,585.6995405936965,59.192259821250445,605.5752953003814
0.0,0.0,1,1500.0,400.0,1200.0,150.0,2246326.6279877922,1292500.0,953826.6279877921,False,True,585.6995405936965,59.192259821250445,2418.3172562379327
0.0,0.0,2,2500.0,0.0,600.0,150.0,2020286.8158135582,1292500.0,727786.8158135582,False,True,585.6995405936965,59.192259821250445,1519.724157639183
0.0,200.0,0,2500.0,400.0,600.0,150.0,2355841.4899600176,1292500.0,1063341.4899600176,False,True,585.6995405936965,59.192259821250445,2337.606360224041
0.0,0.0,0,2500.0,600.0,900.0,100.0,2603895.7861510585,1295000.0,1308895.7861510585,False,True,585.6995405936965,59.192259821250445,2397.2688306964433
0.0,200.0,4,0.0,200.0,600.0,100.0,1811307.8178703473,1295000.0,516307.8178703473,False,True,585.6995405936965,59.192259821250445,795.4056676197994
0.0,400.0,2,0.0,600.0,600.0,100.0,1718869.362481824,1295000.0,423869.36248182395,False,True,585.6995405936965,59.192259821250445,717.393083860927
200.0,0.0,3,0.0,400.0,600.0,100.0,1642451.4912798891,1295000.0,347451.4912798891,False,True,585.6995405936965,59.192259821250445,346.42176095984763
400.0,400.0,0,0.0,0.0,600.0,100.0,1509686.5062532695,1295000.0,214686.50625326962,False,True,585.6995405936965,59.192259821250445,2676.6547602035316
0.0,0.0,4,0.0,0.0,1200.0,150.0,2017710.9994870278,1297500.0,720210.9994870278,False,True,585.6995405936965,59.192259821250445,1519.724157639183
0.0,200.0,2,0.0,400.0,1200.0,150.0,1819526.4559867333,1297500.0,522026.4559867333,False,True,585.6995405936965,59.192259821250445,795.4056676197994
0.0,400.0,0,1500.0,200.0,900.0,150.0,2143742.187166652,1297500.0,846242.1871666522,False,True,585.6995405936965,59.192259821250445,1475.1742817202953
200.0,0.0,1,0.0,600.0,1200.0,150.0,1781579.1195416036,1297500.0,484079.1195416036,False,True,585.6995405936965,59.192259821250445,1803.09011913248
200.0,0.0,1,1500.0,0.0,900.0,150.0,1781499.527704869,1297500.0,483999.5277048688,False,True,585.6995405936965,59.192259821250445,1803.0990797793477
0.0,0.0,2,1500.0,0.0,1200.0,100.0,2027945.9994870275,1300000.0,727945.9994870276,False,True,585.6995405936965,59.192259821250445,1519.724157639183
0.0,200.0,0,1500.0,400.0,1200.0,100.0,2363500.673633487,1300000.0,1063500.673633487,False,True,585.6995405936965,59.192259821250445,2471.0324582939456
0.0,200.0,1,2500.0,0.0,600.0,100.0,2009375.2491966395,1300000.0,709375.2491966395,False,True,585.6995405936965,59.192259821250445,2333.382064465758
200.0,0.0,0,2500.0,200.0,600.0,100.0,2127418.0228138105,1300000.0,827418.0228138105,False,True,585.6995405936965,59.192259821250445,2203.8416271903034
0.0,0.0,3,1500.0,200.0,600.0,150.0,2022551.8158135582,1302500.0,720051.8158135583,False,True,585.6995405936965,59.192259821250445,1130.3962042306491
0.0,200.0,1,1500.0,600.0,600.0,150.0,2011875.2491966395,1302500.0,709375.2491966395,False,True,585.6995405936965,59.192259821250445,1999.304977928325
0.0,600.0,1,0.0,200.0,900.0,150.0,1828821.0396226167,1302500.0,526321.0396226167,False,True,585.6995405936965,59.192259821250445,1592.3491941967072
200.0,200.0,2,0.0,0.0,900.0,150.0,1529177.6213355227,1302500.0,226677.6213355228,False,True,585.6995405936965,59.192259821250445,246.39751560479206
200.0,400.0,0,0.0,400.0,900.0,150.0,1773540.4321266282,1302500.0,471040.43212662823,False,True,585.6995405936965,59.192259821250445,1784.654209183036
400.0,0.0,1,0.0,200.0,900.0,150.0,1514464.746160279,1302500.0,211964.74616027914,False,True,585.6995405936965,59.192259821250445,605.5752953003814
0.0,0.0,0,3500.0,0.0,900.0,100.0,2613895.7861510585,1305000.0,1308895.7861510585,False,True,585.6995405936965,59.192259821250445,2676.6547602035316
0.0,200.0,3,0.0,0.0,1200.0,100.0,1821467.0015438166,1305000.0,516467.00154381676,False,True,585.6995405936965,59.192259821250445,795.4056676197994
0.0,400.0,1,0.0,400.0,1200.0,100.0,1876569.1262783236,1305000.0,571569.1262783236,False,True,585.6995405936965,59.192259821250445,1764.6417081655256
200.0,0.0,2,0.0,200.0,1200.0,100.0,1658796.2283161583,1305000.0,353796.2283161583,False,True,585.6995405936965,59.192259821250445,346.42176095984763
200.0,200.0,0,0.0,600.0,1200.0,100.0,1892131.153676544,1305000.0,587131.1536765441,False,True,585.6995405936965,59.192259821250445,2359.7364862727454
200.0,200.0,0,1500.0,0.0,900.0,100.0,1892111.2557173604,1305000.0,587111.2557173604,False,True,585.6995405936965,59.192259821250445,2676.6547602035316
0.0,0.0,0,2500.0,600.0,900.0,150.0,2616395.7861510585,1307500.0,1308895.7861510585,False,True,585.6995405936965,59.192259821250445,2397.2688306964433
0.0,200.0,4,0.0,200.0,600.0,150.0,1823807.8178703473,1307500.0,516307.8178703473,False,True,585.6995405936965,59.192259821250445,795.4056676197994
0.0,400.0,2,0.0,600.0,600.0,150.0,1731369.362481824,1307500.0,423869.36248182395,False,True,585.6995405936965,59.192259821250445,717.393083860927
200.0,0.0,3,0.0,400.0,600.0,150.0,1654951.4912798891,1307500.0,347451.4912798891,False,True,585.6995405936965,59.192259821250445,346.42176095984763
400.0,400.0,0,0.0,0.0,600.0,150.0,1522186.5062532695,1307500.0,214686.50625326962,False,True,585.6995405936965,59.192259821250445,2676.6547602035316
0.0,0.0,4,0.0,400.0,900.0,100.0,2030131.407650293,1310000.0,720131.4076502931,False,True,585.6995405936965,59.192259821250445,1519.724157639183
0.0,200.0,2,1500.0,200.0,600.0,100.0,1831867.272313264,1310000.0,521867.27231326397,False,True,585.6995405936965,59.192259821250445,400.6310820069821
0.0,400.0,0,1500.0,600.0,600.0,100.0,2156222.2892074687,1310000.0,846222.2892074685,False,True,585.6995405936965,59.192259821250445,1228.1875654646706
200.0,0.0,1,1500.0,400.0,600.0,100.0,1793919.9358681343,1310000.0,483919.93586813414,False,True,585.6995405936965,59.192259821250445,1379.2340347087804
200.0,400.0,1,0.0,0.0,900.0,100.0,1567187.6949190306,1310000.0,257187.6949190307,False,True,585.6995405936965,59.192259821250445,1023.009294604185
400.0,200.0,0,0.0,200.0,900.0,100.0,1567143.0810386087,1310000.0,257143.08103860868,False,True,585.6995405936965,59.192259821250445,1270.1367292199398
0.0,0.0,2,1500.0,0.0,1200.0,150.0,2040445.9994870275,1312500.0,727945.9994870276,False,True,585.6995405936965,59.192259821250445,1519.724157639183
0.0,200.0,0,1500.0,400.0,1200.0,150.0,2376000.673633487,1312500.0,1063500.673633487,False,True,585.6995405936965,59.192259821250445,2471.0324582939456
0.0,200.0,1,2500.0,0.0,600.0,150.0,2021875.2491966395,1312500.0,709375.2491966395,False,True,585.6995405936965,59.192259821250445,2333.382064465758
200.0,0.0,0,2500.0,200.0,600.0,150.0,2139918.0228138105,1312500.0,827418.0228138105,False,True,585.6995405936965,59.192259821250445,2203.8416271903034
0.0,0.0,1,2500.0,200.0,900.0,100.0,2268747.036151057,1315000.0,953747.0361510573,False,True,585.6995405936965,59.192259821250445,2244.7000794967203
0.0,400.0,3,0.0,200.0,600.0,100.0,1734298.64876719,1315000.0,419298.64876719,False,True,585.6995405936965,59.192259821250445,717.393083860927
0.0,600.0,1,0.0,600.0,600.0,100.0,1841301.141663433,1315000.0,526301.141663433,False,True,585.6995405936965,59.192259821250445,1592.3491941967072
200.0,0.0,4,0.0,0.0,600.0,100.0,1662451.4912798891,1315000.0,347451.4912798891,False,True,585.6995405936965,59.192259821250445,346.43072160671545
200.0,200.0,2,0.0,400.0,600.0,100.0,1541657.723376339,1315000.0,226657.7233763391,False,True,585.6995405936965,59.192259821250445,239.70016230458623
400.0,0.0,1,0.0,600.0,600.0,100.0,1526944.8482010956,1315000.0,211944.84820109548,False,True,585.6995405936965,59.192259821250445,605.5752953003814
0.0,0.0,0,3500.0,0.0,900.0,150.0,2626395.7861510585,1317500.0,1308895.7861510585,False,True,585.6995405936965,59.192259821250445,2676.6547602035316
0.0,200.0,3,0.0,0.0,1200.0,150.0,1833967.0015438166,1317500.0,516467.00154381676,False,True,585.6995405936965,59.192259821250445,795.4056676197994
0.0,400.0,1,0.0,400.0,1200.0,150.0,1889069.1262783236,1317500.0,571569.1262783236,False,True,585.6995405936965,59.192259821250445,1764.6417081655256
200.0,0.0,2,0.0,200.0,1200.0,150.0,1671296.2283161583,1317500.0,353796.2283161583,False,True,585.6995405936965,59.192259821250445,346.42176095984763
200.0,200.0,0,0.0,600.0,1200.0,150.0,1904631.153676544,1317500.0,587131.1536765441,False,True,585.6995405936965,59.192259821250445,2359.7364862727454
200.0,200.0,0,1500.0,0.0,900.0,150.0,1904611.2557173604,1317500.0,587111.2557173604,False,True,585.6995405936965,59.192259821250445,2676.6547602035316
0.0,200.0,1,1500.0,0.0,1200.0,100.0,2029534.432870109,1320000.0,709534.432870109,False,True,585.6995405936965,59.192259821250445,2333.382064465758
0.0,400.0,0,2500.0,0.0,600.0,100.0,2166222.2892074687,1320000.0,846222.2892074685,False,True,585.6995405936965,59.192259821250445,2676.6547602035316
200.0,0.0,0,1500.0,200.0,1200.0,100.0,2147577.20648728,1320000.0,827577.2064872799,False,True,585.6995405936965,59.192259821250445,2394.593194262784
0.0,0.0,4,0.0,400.0,900.0,150.0,2042631.407650293,1322500.0,720131.4076502931,False,True,585.6995405936965,59.192259821250445,1519.724157639183
0.0,200.0,2,1500.0,200.0,600.0,150.0,1844367.272313264,1322500.0,521867.27231326397,False,True,585.6995405936965,59.192259821250445,400.6310820069821
0.0,400.0,0,1500.0,600.0,600.0,150.0,2168722.2892074687,1322500.0,846222.2892074685,False,True,585.6995405936965,59.192259821250445,1228.1875654646706
200.0,0.0,1,1500.0,400.0,600.0,150.0,1806419.9358681343,1322500.0,483919.93586813414,False,True,585.6995405936965,59.192259821250445,1379.2340347087804
200.0,400.0,1,0.0,0.0,900.0,150.0,1579687.6949190306,1322500.0,257187.6949190307,False,True,585.6995405936965,59.192259821250445,1023.009294604185
400.0,200.0,0,0.0,200.0,900.0,150.0,1579643.0810386087,1322500.0,257143.08103860868,False,True,585.6995405936965,59.192259821250445,1270.1367292199398
0.0,0.0,2,1500.0,400.0,900.0,100.0,2052866.4076502929,1325000.0,727866.407650293,False,True,585.6995405936965,59.192259821250445,1117.0770518631246
0.0,400.0,2,0.0,0.0,1200.0,100.0,1748909.1584001915,1325000.0,423909.15840019134,False,True,585.6995405936965,59.192259821250445,735.4477728451201
0.0,600.0,0,0.0,400.0,1200.0,100.0,2084947.4534556193,1325000.0,759947.4534556193,False,True,585.6995405936965,59.192259821250445,1839.5348096559105
200.0,200.0,1,0.0,200.0,1200.0,100.0,1633982.9461040036,1325000.0,308982.9461040037,False,True,585.6995405936965,59.192259821250445,1097.4891323269148
400.0,0.0,0,0.0,400.0,1200.0,100.0,1731240.9945054245,1325000.0,406240.9945054244,False,True,585.6995405936965,59.192259821250445,1782.9758783789166
0.0,0.0,1,2500.0,200.0,900.0,150.0,2281247.036151057,1327500.0,953747.0361510573,False,True,585.6995405936965,59.192259821250445,2244.7000794967203
0.0,400.0,3,0.0,200.0,600.0,150.0,1746798.64876719,1327500.0,419298.64876719,False,True,585.6995405936965,59.192259821250445,717.393083860927
0.0,600.0,1,0.0,600.0,600.0,150.0,1853801.141663433,1327500.0,526301.141663433,False,True,585.6995405936965,59.192259821250445,1592.3491941967072
200.0,0.0,4,0.0,0.0,600.0,150.0,1674951.4912798891,1327500.0,347451.4912798891,False,True,585.6995405936965,59.192259821250445,346.43072160671545
200.0,200.0,2,0.0,400.0,600.0,150.0,1554157.723376339,1327500.0,226657.7233763391,False,True,585.6995405936965,59.192259821250445,239.70016230458623
400.0,0.0,1,0.0,600.0,600.0,150.0,1539444.8482010956,1327500.0,211944.84820109548,False,True,585.6995405936965,59.192259821250445,605.5752953003814
0.0,0.0,0,3500.0,400.0,600.0,100.0,2638816.194314324,1330000.0,1308816.1943143238,False,True,585.6995405936965,59.192259821250445,2279.2338937705654
0.0,0.0,5,0.0,0.0,900.0,100.0,2050131.407650293,1330000.0,720131.4076502931,False,True,585.6995405936965,59.192259821250445,1519.724157639183
0.0,200.0,3,0.0,400.0,900.0,100.0,1846387.409707082,1330000.0,516387.4097070821,False,True,585.6995405936965,59.192259821250445,795.4056676197994
0.0,400.0,1,1500.0,200.0,600.0,100.0,1901529.3303599562,1330000.0,571529.3303599562,False,True,585.6995405936965,59.192259821250445,561.0433102651489
200.0,0.0,2,0.0,600.0,900.0,100.0,1683716.6364794236,1330000.0,353716.6364794236,False,True,585.6995405936965,59.192259821250445,346.42176095984763
200.0,0.0,2,1500.0,0.0,600.0,100.0,1683637.044642689,1330000.0,353637.04464268894,False,True,585.6995405936965,59.192259821250445,346.43072160671545
200.0,200.0,0,1500.0,400.0,600.0,100.0,1917091.3577581767,1330000.0,587091.3577581767,False,True,585.6995405936965,59.192259821250445,1116.5397473265357
200.0,600.0,0,0.0,0.0,900.0,100.0,1771201.80788352,1330000.0,441201.8078835199,False,True,585.6995405936965,59.192259821250445,2676.6547602035316
600.0,0.0,0,0.0,0.0,900.0,100.0,1539967.7625203421,1330000.0,209967.7625203421,False,True,585.6995405936965,59.192259821250445,2676.6547602035316
0.0,200.0,1,1500.0,0.0,1200.0,150.0,2042034.432870109,1332500.0,709534.432870109,False,True,585.6995405936965,59.192259821250445,2333.382064465758
0.0,400.0,0,2500.0,0.0,600.0,150.0,2178722.2892074687,1332500.0,846222.2892074685,False,True,585.6995405936965,59.192259821250445,2676.6547602035316
200.0,0.0,0,1500.0,200.0,1200.0,150.0,2160077.20648728,1332500.0,827577.2064872799,False,True,585.6995405936965,59.192259821250445,2394.593194262784
0.0,200.0,0,2500.0,200.0,900.0,100.0,2398421.0817967523,1335000.0,1063421.0817967523,False,True,585.6995405936965,59.192259821250445,2418.1683390313315
0.0,600.0,2,0.0,200.0,600.0,100.0,1728071.0364018786,1335000.0,393071.0364018787,False,True,585.6995405936965,59.192259821250445,698.1479654312477
200.0,200.0,3,0.0,0.0,600.0,100.0,1558152.950615049,1335000.0,223152.95061504908,False,True,585.6995405936965,59.192259821250445,246.39751560479206
200.0,400.0,1,0.0,400.0,600.0,100.0,1592167.796959847,1335000.0,257167.79695984704,False,True,585.6995405936965,59.192259821250445,952.8441596290537
400.0,0.0,2,0.0,200.0,600.0,100.0,1499234.0225059735,1335000.0,164234.02250597352,False,True,585.6995405936965,59.192259821250445,150.00876608127055
400.0,200.0,0,0.0,600.0,600.0,100.0,1592123.183079425,1335000.0,257123.18307942498,False,True,585.6995405936965,59.192259821250445,1270.1367292199398
0.0,0.0,2,1500.0,400.0,900.0,150.0,2065366.4076502929,1337500.0,727866.407650293,False,True,585.6995405936965,59.192259821250445,1117.0770518631246
0.0,400.0,2,0.0,0.0,1200.0,150.0,1761409.1584001915,1337500.0,423909.15840019134,False,True,585.6995405936965,59.192259821250445,735.4477728451201
0.0,600.0,0,0.0,400.0,1200.0,150.0,2097447.4534556195,1337500.0,759947.4534556193,False,True,585.6995405936965,59.192259821250445,1839.5348096559105
200.0,200.0,1,0.0,200.0,1200.0,150.0,1646482.9461040036,1337500.0,308982.9461040037,False,True,585.6995405936965,59.192259821250445,1097.4891323269148
400.0,0.0,0,0.0,400.0,1200.0,150.0,1743740.9945054245,1337500.0,406240.9945054244,False,True,585.6995405936965,59.192259821250445,1782.9758783789166
0.0,0.0,1,2500.0,600.0,600.0,100.0,2293667.4443143224,1340000.0,953667.4443143227,False,True,585.6995405936965,59.192259821250445,2224.8832705433274
0.0,400.0,0,1500.0,0.0,1200.0,100.0,2186262.0851258356,1340000.0,846262.0851258358,False,True,585.6995405936965,59.192259821250445,2676.6547602035316
0.0,0.0,0,3500.0,400.0,600.0,150.0,2651316.194314324,1342500.0,1308816.1943143238,False,True,585.6995405936965,59.192259821250445,2279.2338937705654
0.0,0.0,5,0.0,0.0,900.0,150.0,2062631.407650293,1342500.0,720131.4076502931,False,True,585.6995405936965,59.192259821250445,1519.724157639183
0.0,200.0,3,0.0,400.0,900.0,150.0,1858887.409707082,1342500.0,516387.4097070821,False,True,585.6995405936965,59.192259821250445,795.4056676197994
0.0,400.0,1,1500.0,200.0,600.0,150.0,1914029.3303599562,1342500.0,571529.3303599562,False,True,585.6995405936965,59.192259821250445,561.0433102651489
200.0,0.0,2,0.0,600.0,900.0,150.0,1696216.6364794236,1342500.0,353716.6364794236,False,True,585.6995405936965,59.192259821250445,346.42176095984763
200.0,0.0,2,1500.0,0.0,600.0,150.0,1696137.044642689,1342500.0,353637.04464268894,False,True,585.6995405936965,59.192259821250445,346.43072160671545
200.0,200.0,0,1500.0,400.0,600.0,150.0,1929591.3577581767,1342500.0,587091.3577581767,False,True,585.6995405936965,59.192259821250445,1116.5397473265357
200.0,600.0,0,0.0,0.0,900.0,150.0,1783701.80788352,1342500.0,441201.8078835199,False,True,585.6995405936965,59.192259821250445,2676.6547602035316
600.0,0.0,0,0.0,0.0,900.0,150.0,1552467.7625203421,1342500.0,209967.7625203421,False,True,585.6995405936965,59.192259821250445,2676.6547602035316
0.0,0.0,3,0.0,600.0,1200.0,100.0,2065210.9994870278,1345000.0,720210.9994870278,False,True,585.6995405936965,59.192259821250445,1519.724157639183
0.0,0.0,3,1500.0,0.0,900.0,100.0,2065131.407650293,1345000.0,720131.4076502931,False,True,585.6995405936965,59.192259821250445,1519.724157639183
0.0,200.0,1,1500.0,400.0,900.0,100.0,2054454.8410333742,1345000.0,709454.8410333742,False,True,585.6995405936965,59.192259821250445,1999.304977928325
0.0,600.0,1,0.0,0.0,1200.0,100.0,1871340.9375818004,1345000.0,526340.9375818004,False,True,585.6995405936965,59.192259821250445,1659.4599343740306
200.0,0.0,0,1500.0,600.0,900.0,100.0,2172497.614650545,1345000.0,827497.6146505452,False,True,585.6995405936965,59.192259821250445,2385.8617176342104
200.0,400.0,0,0.0,200.0,1200.0,100.0,1816060.330085812,1345000.0,471060.3300858119,False,True,585.6995405936965,59.192259821250445,1784.654209183036
400.0,0.0,1,0.0,0.0,1200.0,100.0,1556984.644119463,1345000.0,211984.6441194628,False,True,585.6995405936965,59.192259821250445,667.2022422721102
0.0,200.0,0,2500.0,200.0,900.0,150.0,2410921.0817967523,1347500.0,1063421.0817967523,False,True,585.6995405936965,59.192259821250445,2418.1683390313315
0.0,600.0,2,0.0,200.0,600.0,150.0,1740571.0364018786,1347500.0,393071.0364018787,False,True,585.6995405936965,59.192259821250445,698.1479654312477
200.0,200.0,3,0.0,0.0,600.0,150.0,1570652.950615049,1347500.0,223152.95061504908,False,True,585.6995405936965,59.192259821250445,246.39751560479206
200.0,400.0,1,0.0,400.0,600.0,150.0,1604667.796959847,1347500.0,257167.79695984704,False,True,585.6995405936965,59.192259821250445,952.8441596290537
400.0,0.0,2,0.0,200.0,600.0,150.0,1511734.0225059735,1347500.0,164234.02250597352,False,True,585.6995405936965,59.192259821250445,150.00876608127055
400.0,200.0,0,0.0,600.0,600.0,150.0,1604623.183079425,1347500.0,257123.18307942498,False,True,585.6995405936965,59.192259821250445,1270.1367292199398
0.0,0.0,0,2500.0,400.0,1200.0,100.0,2658975.3779877936,1350000.0,1308975.3779877934,False,True,585.6995405936965,59.192259821250445,2397.2688306964433
0.0,0.0,1,3500.0,0.0,600.0,100.0,2303667.4443143224,1350000.0,953667.4443143227,False,True,585.6995405936965,59.192259821250445,2676.6547602035316
0.0,200.0,4,0.0,0.0,900.0,100.0,1866387.409707082,1350000.0,516387.4097070821,False,True,585.6995405936965,59.192259821250445,795.4056676197994
0.0,400.0,2,0.0,400.0,900.0,100.0,1773889.2604410076,1350000.0,423889.2604410077,False,True,585.6995405936965,59.192259821250445,717.393083860927
0.0,600.0,0,1500.0,200.0,600.0,100.0,2109907.6575372517,1350000.0,759907.657537252,False,True,585.6995405936965,59.192259821250445,1058.2213076049975
200.0,0.0,3,0.0,200.0,900.0,100.0,1697531.0831166238,1350000.0,347531.0831166238,False,True,585.6995405936965,59.192259821250445,346.42176095984763
200.0,200.0,1,0.0,600.0,900.0,100.0,1658963.0481448201,1350000.0,308963.04814482003,False,True,585.6995405936965,59.192259821250445,1097.4891323269148
200.0,200.0,1,1500.0,0.0,600.0,100.0,1658943.1501856362,1350000.0,308943.15018563636,False,True,585.6995405936965,59.192259821250445,1123.601824813322
400.0,0.0,0,1500.0,200.0,600.0,100.0,1756201.1985870572,1350000.0,406201.19858705706,False,True,585.6995405936965,59.192259821250445,687.7530591186655
0.0,0.0,1,2500.0,600.0,600.0,150.0,2306167.4443143224,1352500.0,953667.4443143227,False,True,585.6995405936965,59.192259821250445,2224.8832705433274
0.0,400.0,0,1500.0,0.0,1200.0,150.0,2198762.0851258356,1352500.0,846262.0851258358,False,True,585.6995405936965,59.192259821250445,2676.6547602035316
0.0,0.0,5,0.0,400.0,600.0,100.0,2075051.8158135582,1355000.0,720051.8158135583,False,True,585.6995405936965,59.192259821250445,1519.724157639183
200.0,0.0,0,2500.0,0.0,900.0,100.0,2182497.614650545,1355000.0,827497.6146505452,False,True,585.6995405936965,59.192259821250445,2676.6547602035316
200.0,400.0,2,0.0,0.0,600.0,100.0,1544725.9647750075,1355000.0,189725.96477500745,False,True,585.6995405936965,59.192259821250445,240.55996597521528
200.0,600.0,0,0.0,400.0,600.0,100.0,1796181.9099243362,1355000.0,441181.90992433624,False,True,585.6995405936965,59.192259821250445,1625.8883170916251
400.0,200.0,1,0.0,200.0,600.0,100.0,1481542.0117445237,1355000.0,126542.01174452362,False,True,585.6995405936965,59.192259821250445,356.74839128708743
600.0,0.0,0,0.0,400.0,600.0,100.0,1564947.8645611585,1355000.0,209947.8645611584,False,True,585.6995405936965,59.192259821250445,902.8409742705984
0.0,0.0,3,0.0,600.0,1200.0,150.0,2077710.9994870278,1357500.0,720210.9994870278,False,True,585.6995405936965,59.192259821250445,1519.724157639183
0.0,0.0,3,1500.0,0.0,900.0,150.0,2077631.407650293,1357500.0,720131.4076502931,False,True,585.6995405936965,59.192259821250445,1519.724157639183
0.0,200.0,1,1500.0,400.0,900.0,150.0,2066954.8410333742,1357500.0,709454.8410333742,False,True,585.6995405936965,59.192259821250445,1999.304977928325
0.0,600.0,1,0.0,0.0,1200.0,150.0,1883840.9375818004,1357500.0,526340.9375818004,False,True,585.6995405936965,59.192259821250445,1659.4599343740306
200.0,0.0,0,1500.0,600.0,900.0,150.0,2184997.614650545,1357500.0,827497.6146505452,False,True,585.6995405936965,59.192259821250445,2385.8617176342104
200.0,400.0,0,0.0,200.0,1200.0,150.0,1828560.330085812,1357500.0,471060.3300858119,False,True,585.6995405936965,59.192259821250445,1784.654209183036
400.0,0.0,1,0.0,0.0,1200.0,150.0,1569484.644119463,1357500.0,211984.6441194628,False,True,585.6995405936965,59.192259821250445,667.2022422721102
0.0,0.0,1,1500.0,600.0,1200.0,100.0,2313826.6279877922,1360000.0,953826.6279877921,False,True,585.6995405936965,59.192259821250445,2418.3172562379327
0.0,0.0,2,2500.0,200.0,600.0,100.0,2087786.8158135582,1360000.0,727786.8158135582,False,True,585.6995405936965,59.192259821250445,853.4541894984877
0.0,200.0,0,2500.0,600.0,600.0,100.0,2423341.4899600176,1360000.0,1063341.4899600176,False,True,585.6995405936965,59.192259821250445,2337.606360224041
0.0,0.0,0,2500.0,400.0,1200.0,150.0,2671475.3779877936,1362500.0,1308975.3779877934,False,True,585.6995405936965,59.192259821250445,2397.2688306964433
0.0,0.0,1,3500.0,0.0,600.0,150.0,2316167.4443143224,1362500.0,953667.4443143227,False,True,585.6995405936965,59.192259821250445,2676.6547602035316
0.0,200.0,4,0.0,0.0,900.0,150.0,1878887.409707082,1362500.0,516387.4097070821,False,True,585.6995405936965,59.192259821250445,795.4056676197994
0.0,400.0,2,0.0,400.0,900.0,150.0,1786389.2604410076,1362500.0,423889.2604410077,False,True,585.6995405936965,59.192259821250445,717.393083860927
0.0,600.0,0,1500.0,200.0,600.0,150.0,2122407.6575372517,1362500.0,759907.657537252,False,True,585.6995405936965,59.192259821250445,1058.2213076049975
200.0,0.0,3,0.0,200.0,900.0,150.0,1710031.0831166238,1362500.0,347531.0831166238,False,True,585.6995405936965,59.192259821250445,346.42176095984763
200.0,200.0,1,0.0,600.0,900.0,150.0,1671463.0481448201,1362500.0,308963.04814482003,False,True,585.6995405936965,59.192259821250445,1097.4891323269148
200.0,200.0,1,1500.0,0.0,600.0,150.0,1671443.1501856362,1362500.0,308943.15018563636,False,True,585.6995405936965,59.192259821250445,1123.601824813322
400.0,0.0,0,1500.0,200.0,600.0,150.0,1768701.1985870572,1362500.0,406201.19858705706,False,True,585.6995405936965,59.192259821250445,687.7530591186655
0.0,0.0,4,0.0,200.0,1200.0,100.0,2085210.9994870278,1365000.0,720210.9994870278,False,True,585.6995405936965,59.192259821250445,1519.724157639183
0.0,200.0,2,0.0,600.0,1200.0,100.0,1887026.4559867333,1365000.0,522026.4559867333,False,True,585.6995405936965,59.192259821250445,795.4056676197994
0.0,200.0,2,1500.0,0.0,900.0,100.0,1886946.8641499986,1365000.0,521946.86414999864,False,True,585.6995405936965,59.192259821250445,795.4056676197994
0.0,400.0,0,1500.0,400.0,900.0,100.0,2211242.187166652,1365000.0,846242.1871666522,False,True,585.6995405936965,59.192259821250445,1228.1875654646706
200.0,0.0,1,1500.0,200.0,900.0,100.0,1848999.527704869,1365000.0,483999.5277048688,False,True,585.6995405936965,59.192259821250445,1382.061465777661
400.0,200.0,0,0.0,0.0,1200.0,100.0,1622162.9789977924,1365000.0,257162.97899779235,False,True,585.6995405936965,59.192259821250445,2676.6547602035316
0.0,0.0,5,0.0,400.0,600.0,150.0,2087551.8158135582,1367500.0,720051.8158135583,False,True,585.6995405936965,59.192259821250445,1519.724157639183
200.0,0.0,0,2500.0,0.0,900.0,150.0,2194997.614650545,1367500.0,827497.6146505452,False,True,585.6995405936965,59.192259821250445,2676.6547602035316
200.0,400.0,2,0.0,0.0,600.0,150.0,1557225.9647750075,1367500.0,189725.96477500745,False,True,585.6995405936965,59.192259821250445,240.55996597521528
200.0,600.0,0,0.0,400.0,600.0,150.0,1808681.9099243362,1367500.0,441181.90992433624,False,True,585.6995405936965,59.192259821250445,1625.8883170916251
400.0,200.0,1,0.0,200.0,600.0,150.0,1494042.0117445237,1367500.0,126542.01174452362,False,True,585.6995405936965,59.192259821250445,356.74839128708743
600.0,0.0,0,0.0,400.0,600.0,150.0,1577447.8645611585,1367500.0,209947.8645611584,False,True,585.6995405936965,59.192259821250445,902.8409742705984
0.0,0.0,1,2500.0,0.0,1200.0,100.0,2323826.6279877922,1370000.0,953826.6279877921,False,True,585.6995405936965,59.192259821250445,2676.6547602035316
0.0,0.0,3,1500.0,400.0,600.0,100.0,2090051.8158135582,1370000.0,720051.8158135583,False,True,585.6995405936965,59.192259821250445,1117.0770518631246
0.0,200.0,0,3500.0,0.0,600.0,100.0,2433341.4899600176,1370000.0,1063341.4899600176,False,True,585.6995405936965,59.192259821250445,2676.6547602035316
0.0,400.0,3,0.0,0.0,900.0,100.0,1789318.5467263737,1370000.0,419318.54672637366,False,True,585.6995405936965,59.192259821250445,735.4477728451201
0.0,600.0,1,0.0,400.0,900.0,100.0,1896321.0396226167,1370000.0,526321.0396226167,False,True,585.6995405936965,59.192259821250445,1592.3491941967072
200.0,200.0,2,0.0,200.0,900.0,100.0,1596677.6213355227,1370000.0,226677.6213355228,False,True,585.6995405936965,59.192259821250445,239.70016230458623
200.0,400.0,0,0.0,600.0,900.0,100.0,1841040.4321266282,1370000.0,471040.43212662823,False,True,585.6995405936965,59.192259821250445,1784.654209183036
200.0,400.0,0,1500.0,0.0,600.0,100.0,1841020.5341674446,1370000.0,471020.53416744457,False,True,585.6995405936965,59.192259821250445,2676.6547602035316
400.0,0.0,1,0.0,400.0,900.0,100.0,1581964.746160279,1370000.0,211964.74616027914,False,True,585.6995405936965,59.192259821250445,605.5752953003814
0.0,0.0,1,1500.0,600.0,1200.0,150.0,2326326.6279877922,1372500.0,953826.6279877921,False,True,585.6995405936965,59.192259821250445,2418.3172562379327
0.0,0.0,2,2500.0,200.0,600.0,150.0,2100286.815813558,1372500.0,727786.8158135582,False,True,585.6995405936965,59.192259821250445,853.4541894984877
0.0,200.0,0,2500.0,600.0,600.0,150.0,2435841.4899600176,1372500.0,1063341.4899600176,False,True,585.6995405936965,59.192259821250445,2337.606360224041
0.0,0.0,6,0.0,0.0,600.0,100.0,2095051.8158135582,1375000.0,720051.8158135583,False,True,585.6995405936965,59.192259821250445,1519.724157639183
0.0,200.0,4,0.0,400.0,600.0,100.0,1891307.8178703473,1375000.0,516307.8178703473,False,True,585.6995405936965,59.192259821250445,795.4056676197994
200.0,0.0,3,0.0,600.0,600.0,100.0,1722451.4912798891,1375000.0,347451.4912798891,False,True,585.6995405936965,59.192259821250445,346.42176095984763
200.0,600.0,1,0.0,0.0,600.0,100.0,1619761.7871788447,1375000.0,244761.78717884465,False,True,585.6995405936965,59.192259821250445,1002.2512760894507
400.0,400.0,0,0.0,200.0,600.0,100.0,1589686.5062532695,1375000.0,214686.50625326962,False,True,585.6995405936965,59.192259821250445,1046.5681450561897
600.0,0.0,1,0.0,0.0,600.0,100.0,1486207.3738451747,1375000.0,111207.37384517473,False,True,585.6995405936965,59.192259821250445,423.6869468335267
0.0,0.0,4,0.0,200.0,1200.0,150.0,2097710.9994870275,1377500.0,720210.9994870278,False,True,585.6995405936965,59.192259821250445,1519.724157639183
0.0,200.0,2,0.0,600.0,1200.0,150.0,1899526.4559867333,1377500.0,522026.4559867333,False,True,585.6995405936965,59.192259821250445,795.4056676197994
0.0,200.0,2,1500.0,0.0,900.0,150.0,1899446.8641499986,1377500.0,521946.86414999864,False,True,585.6995405936965,59.192259821250445,795.4056676197994
0.0,400.0,0,1500.0,400.0,900.0,150.0,2223742.187166652,1377500.0,846242.1871666522,False,True,585.6995405936965,59.192259821250445,1228.1875654646706
200.0,0.0,1,1500.0,200.0,900.0,150.0,1861499.527704869,1377500.0,483999.5277048688,False,True,585.6995405936965,59.192259821250445,1382.061465777661
400.0,200.0,0,0.0,0.0,1200.0,150.0,1634662.9789977924,1377500.0,257162.97899779235,False,True,585.6995405936965,59.192259821250445,2676.6547602035316
0.0,0.0,2,1500.0,200.0,1200.0,100.0,2107945.9994870275,1380000.0,727945.9994870276,False,True,585.6995405936965,59.192259821250445,1130.3962042306491
0.0,200.0,0,1500.0,600.0,1200.0,100.0,2443500.673633487,1380000.0,1063500.673633487,False,True,585.6995405936965,59.192259821250445,2471.0324582939456
0.0,200.0,1,2500.0,200.0,600.0,100.0,2089375.2491966395,1380000.0,709375.2491966395,False,True,585.6995405936965,59.192259821250445,1796.7899713790102
200.0,0.0,0,2500.0,400.0,600.0,100.0,2207418.0228138105,1380000.0,827418.0228138105,False,True,585.6995405936965,59.192259821250445,2189.8745906876006
0.0,0.0,1,2500.0,0.0,1200.0,150.0,2336326.6279877922,1382500.0,953826.6279877921,False,True,585.6995405936965,59.192259821250445,2676.6547602035316
0.0,0.0,3,1500.0,400.0,600.0,150.0,2102551.815813558,1382500.0,720051.8158135583,False,True,585.6995405936965,59.192259821250445,1117.0770518631246
0.0,200.0,0,3500.0,0.0,600.0,150.0,2445841.4899600176,1382500.0,1063341.4899600176,False,True,585.6995405936965,59.192259821250445,2676.6547602035316
0.0,400.0,3,0.0,0.0,900.0,150.0,1801818.5467263737,1382500.0,419318.54672637366,False,True,585.6995405936965,59.192259821250445,735.4477728451201
0.0,600.0,1,0.0,400.0,900.0,150.0,1908821.0396226167,1382500.0,526321.0396226167,False,True,585.6995405936965,59.192259821250445,1592.3491941967072
200.0,200.0,2,0.0,200.0,900.0,150.0,1609177.6213355227,1382500.0,226677.6213355228,False,True,585.6995405936965,59.192259821250445,239.70016230458623
200.0,400.0,0,0.0,600.0,900.0,150.0,1853540.4321266282,1382500.0,471040.43212662823,False,True,585.6995405936965,59.192259821250445,1784.654209183036
200.0,400.0,0,1500.0,0.0,600.0,150.0,1853520.5341674446,1382500.0,471020.53416744457,False,True,585.6995405936965,59.192259821250445,2676.6547602035316
400.0,0.0,1,0.0,400.0,900.0,150.0,1594464.746160279,1382500.0,211964.74616027914,False,True,585.6995405936965,59.192259821250445,605.5752953003814
0.0,0.0,0,3500.0,200.0,900.0,100.0,2693895.7861510585,1385000.0,1308895.7861510585,False,True,585.6995405936965,59.192259821250445,2479.383869285341
0.0,200.0,3,0.0,200.0,1200.0,100.0,1901467.0015438166,1385000.0,516467.00154381676,False,True,585.6995405936965,59.192259821250445,795.4056676197994
0.0,400.0,1,0.0,600.0,1200.0,100.0,1956569.1262783236,1385000.0,571569.1262783236,False,True,585.6995405936965,59.192259821250445,1764.6417081655256
0.0,400.0,1,1500.0,0.0,900.0,100.0,1956549.22831914,1385000.0,571549.2283191399,False,True,585.6995405936965,59.192259821250445,1803.496225192748
200.0,0.0,2,0.0,400.0,1200.0,100.0,1738796.2283161583,1385000.0,353796.2283161583,False,True,585.6995405936965,59.192259821250445,346.42176095984763
200.0,200.0,0,1500.0,200.0,900.0,100.0,1972111.2557173604,1385000.0,587111.2557173604,False,True,585.6995405936965,59.192259821250445,1142.6355491647757
0.0,0.0,6,0.0,0.0,600.0,150.0,2107551.815813558,1387500.0,720051.8158135583,False,True,585.6995405936965,59.192259821250445,1519.724157639183
0.0,200.0,4,0.0,400.0,600.0,150.0,1903807.8178703473,1387500.0,516307.8178703473,False,True,585.6995405936965,59.192259821250445,795.4056676197994
200.0,0.0,3,0.0,600.0,600.0,150.0,1734951.4912798891,1387500.0,347451.4912798891,False,True,585.6995405936965,59.192259821250445,346.42176095984763
200.0,600.0,1,0.0,0.0,600.0,150.0,1632261.7871788447,1387500.0,244761.78717884465,False,True,585.6995405936965,59.192259821250445,1002.2512760894507
400.0,400.0,0,0.0,200.0,600.0,150.0,1602186.5062532695,1387500.0,214686.50625326962,False,True,585.6995405936965,59.192259821250445,1046.5681450561897
600.0,0.0,1,0.0,0.0,600.0,150.0,1498707.3738451747,1387500.0,111207.37384517473,False,True,585.6995405936965,59.192259821250445,423.6869468335267
0.0,0.0,4,0.0,600.0,900.0,100.0,2110131.407650293,1390000.0,720131.4076502931,False,True,585.6995405936965,59.192259821250445,1519.724157639183
0.0,0.0,4,1500.0,0.0,600.0,100.0,2110051.815813558,1390000.0,720051.8158135583,False,True,585.6995405936965,59.192259821250445,1519.724157639183
0.0,200.0,0,2500.0,0.0,1200.0,100.0,2453500.673633487,1390000.0,1063500.673633487,False,True,585.6995405936965,59.192259821250445,2676.6547602035316
0.0,200.0,2,1500.0,400.0,600.0,100.0,1911867.272313264,1390000.0,521867.27231326397,False,True,585.6995405936965,59.192259821250445,390.81091394265354
0.0,600.0,2,0.0,0.0,900.0,100.0,1783090.9343610625,1390000.0,393090.93436106236,False,True,585.6995405936965,59.192259821250445,730.1873578306149
200.0,0.0,1,1500.0,600.0,600.0,100.0,1873919.9358681343,1390000.0,483919.93586813414,False,True,585.6995405936965,59.192259821250445,1379.2340347087804
200.0,400.0,1,0.0,200.0,900.0,100.0,1647187.6949190306,1390000.0,257187.6949190307,False,True,585.6995405936965,59.192259821250445,952.8441596290537
400.0,0.0,2,0.0,0.0,900.0,100.0,1554253.9204651571,1390000.0,164253.9204651572,False,True,585.6995405936965,59.192259821250445,187.15968233842761
400.0,200.0,0,0.0,400.0,900.0,100.0,1647143.0810386087,1390000.0,257143.08103860868,False,True,585.6995405936965,59.192259821250445,1270.1367292199398
0.0,0.0,2,1500.0,200.0,1200.0,150.0,2120445.9994870275,1392500.0,727945.9994870276,False,True,585.6995405936965,59.192259821250445,1130.3962042306491
0.0,200.0,0,1500.0,600.0,1200.0,150.0,2456000.673633487,1392500.0,1063500.673633487,False,True,585.6995405936965,59.192259821250445,2471.0324582939456
0.0,200.0,1,2500.0,200.0,600.0,150.0,2101875.2491966393,1392500.0,709375.2491966395,False,True,585.6995405936965,59.192259821250445,1796.7899713790102
200.0,0.0,0,2500.0,400.0,600.0,150.0,2219918.0228138105,1392500.0,827418.0228138105,False,True,585.6995405936965,59.192259821250445,2189.8745906876006
0.0,0.0,1,2500.0,400.0,900.0,100.0,2348747.036151057,1395000.0,953747.0361510573,False,True,585.6995405936965,59.192259821250445,2224.8832705433274
0.0,200.0,5,0.0,0.0,600.0,100.0,1911307.8178703473,1395000.0,516307.8178703473,False,True,585.6995405936965,59.192259821250445,795.4056676197994
0.0,400.0,3,0.0,400.0,600.0,100.0,1814298.64876719,1395000.0,419298.64876719,False,True,585.6995405936965,59.192259821250445,717.393083860927
200.0,0.0,4,0.0,200.0,600.0,100.0,1742451.4912798891,1395000.0,347451.4912798891,False,True,585.6995405936965,59.192259821250445,346.42176095984763
200.0,200.0,2,0.0,600.0,600.0,100.0,1621657.723376339,1395000.0,226657.7233763391,False,True,585.6995405936965,59.192259821250445,239.70016230458623
600.0,200.0,0,0.0,0.0,600.0,100.0,1524872.6116569864,1395000.0,129872.6116569864,False,True,585.6995405936965,59.192259821250445,2676.6547602035316
0.0,0.0,0,3500.0,200.0,900.0,150.0,2706395.7861510585,1397500.0,1308895.7861510585,False,True,585.6995405936965,59.192259821250445,2479.383869285341
0.0,200.0,3,0.0,200.0,1200.0,150.0,1913967.0015438166,1397500.0,516467.00154381676,False,True,585.6995405936965,59.192259821250445,795.4056676197994
0.0,400.0,1,0.0,600.0,1200.0,150.0,1969069.1262783236,1397500.0,571569.1262783236,False,True,585.6995405936965,59.192259821250445,1764.6417081655256
0.0,400.0,1,1500.0,0.0,900.0,150.0,1969049.22831914,1397500.0,571549.2283191399,False,True,585.6995405936965,59.192259821250445,1803.496225192748
200.0,0.0,2,0.0,400.0,1200.0,150.0,1751296.2283161583,1397500.0,353796.2283161583,False,True,585.6995405936965,59.192259821250445,346.42176095984763
200.0,200.0,0,1500.0,200.0,900.0,150.0,1984611.2557173604,1397500.0,587111.2557173604,False,True,585.6995405936965,59.192259821250445,1142.6355491647757
0.0,200.0,1,1500.0,200.0,1200.0,100.0,2109534.432870109,1400000.0,709534.432870109,False,True,585.6995405936965,59.192259821250445,2011.1986670895167
0.0,400.0,0,2500.0,200.0,600.0,100.0,2246222.2892074687,1400000.0,846222.2892074685,False,True,585.6995405936965,59.192259821250445,1228.3775432391053
200.0,0.0,0,1500.0,400.0,1200.0,100.0,2227577.20648728,1400000.0,827577.2064872799,False,True,585.6995405936965,59.192259821250445,2385.8617176342104
200.0,0.0,1,2500.0,0.0,600.0,100.0,1883919.9358681343,1400000.0,483919.93586813414,False,True,585.6995405936965,59.192259821250445,1803.0990797793477
0.0,0.0,4,0.0,600.0,900.0,150.0,2122631.407650293,1402500.0,720131.4076502931,False,True,585.6995405936965,59.192259821250445,1519.724157639183
0.0,0.0,4,1500.0,0.0,600.0,150.0,2122551.815813558,1402500.0,720051.8158135583,False,True,585.6995405936965,59.192259821250445,1519.724157639183
0.0,200.0,0,2500.0,0.0,1200.0,150.0,2466000.673633487,1402500.0,1063500.673633487,False,True,585.6995405936965,59.192259821250445,2676.6547602035316
0.0,200.0,2,1500.0,400.0,600.0,150.0,1924367.272313264,1402500.0,521867.27231326397,False,True,585.6995405936965,59.192259821250445,390.81091394265354
0.0,600.0,2,0.0,0.0,900.0,150.0,1795590.9343610625,1402500.0,393090.93436106236,False,True,585.6995405936965,59.192259821250445,730.1873578306149
200.0,0.0,1,1500.0,600.0,600.0,150.0,1886419.9358681343,1402500.0,483919.93586813414,False,True,585.6995405936965,59.192259821250445,1379.2340347087804
200.0,400.0,1,0.0,200.0,900.0,150.0,1659687.6949190306,1402500.0,257187.6949190307,False,True,585.6995405936965,59.192259821250445,952.8441596290537
400.0,0.0,2,0.0,0.0,900.0,150.0,1566753.9204651571,1402500.0,164253.9204651572,False,True,585.6995405936965,59.192259821250445,187.15968233842761
400.0,200.0,0,0.0,400.0,900.0,150.0,1659643.0810386087,1402500.0,257143.08103860868,False,True,585.6995405936965,59.192259821250445,1270.1367292199398
0.0,0.0,2,1500.0,600.0,900.0,100.0,2132866.407650293,1405000.0,727866.407650293,False,True,585.6995405936965,59.192259821250445,1117.0770518631246
0.0,400.0,2,0.0,200.0,1200.0,100.0,1828909.1584001915,1405000.0,423909.15840019134,False,True,585.6995405936965,59.192259821250445,717.393083860927
0.0,600.0,0,0.0,600.0,1200.0,100.0,2164947.4534556195,1405000.0,759947.4534556193,False,True,585.6995405936965,59.192259821250445,1839.5348096559105
0.0,600.0,0,1500.0,0.0,900.0,100.0,2164927.5554964356,1405000.0,759927.5554964356,False,True,585.6995405936965,59.192259821250445,2676.6547602035316
200.0,0.0,3,0.0,0.0,1200.0,100.0,1752610.6749533585,1405000.0,347610.6749533585,False,True,585.6995405936965,59.192259821250445,346.43072160671545
200.0,200.0,1,0.0,400.0,1200.0,100.0,1713982.9461040036,1405000.0,308982.9461040037,False,True,585.6995405936965,59.192259821250445,1097.4891323269148
400.0,0.0,0,0.0,600.0,1200.0,100.0,1811240.9945054245,1405000.0,406240.9945054244,False,True,585.6995405936965,59.192259821250445,1782.9758783789166
400.0,0.0,0,1500.0,0.0,900.0,100.0,1811221.0965462406,1405000.0,406221.09654624073,False,True,585.6995405936965,59.192259821250445,2676.6547602035316
0.0,0.0,1,2500.0,400.0,900.0,150.0,2361247.036151057,1407500.0,953747.0361510573,False,True,585.6995405936965,59.192259821250445,2224.8832705433274
0.0,200.0,5,0.0,0.0,600.0,150.0,1923807.8178703473,1407500.0,516307.8178703473,False,True,585.6995405936965,59.192259821250445,795.4056676197994
0.0,400.0,3,0.0,400.0,600.0,150.0,1826798.64876719,1407500.0,419298.64876719,False,True,585.6995405936965,59.192259821250445,717.393083860927
200.0,0.0,4,0.0,200.0,600.0,150.0,1754951.4912798891,1407500.0,347451.4912798891,False,True,585.6995405936965,59.192259821250445,346.42176095984763
200.0,200.0,2,0.0,600.0,600.0,150.0,1634157.723376339,1407500.0,226657.7233763391,False,True,585.6995405936965,59.192259821250445,239.70016230458623
600.0,200.0,0,0.0,0.0,600.0,150.0,1537372.6116569864,1407500.0,129872.6116569864,False,True,585.6995405936965,59.192259821250445,2676.6547602035316
0.0,0.0,0,3500.0,600.0,600.0,100.0,2718816.194314324,1410000.0,1308816.1943143238,False,True,585.6995405936965,59.192259821250445,2279.2338937705654
0.0,0.0,5,0.0,200.0,900.0,100.0,2130131.407650293,1410000.0,720131.4076502931,False,True,585.6995405936965,59.192259821250445,1519.724157639183
0.0,200.0,3,0.0,600.0,900.0,100.0,1926387.409707082,1410000.0,516387.4097070821,False,True,585.6995405936965,59.192259821250445,795.4056676197994
0.0,200.0,3,1500.0,0.0,600.0,100.0,1926307.8178703473,1410000.0,516307.8178703473,False,True,585.6995405936965,59.192259821250445,795.4056676197994
0.0,400.0,1,1500.0,400.0,600.0,100.0,1981529.3303599562,1410000.0,571529.3303599562,False,True,585.6995405936965,59.192259821250445,526.3841730323354
200.0,0.0,2,1500.0,200.0,600.0,100.0,1763637.044642689,1410000.0,353637.04464268894,True,True,585.6995405936965,59.192259821250445,80.10335623080069
200.0,200.0,0,1500.0,600.0,600.0,100.0,1997091.3577581767,1410000.0,587091.3577581767,False,True,585.6995405936965,59.192259821250445,1116.5397473265357
200.0,600.0,0,0.0,200.0,900.0,100.0,1851201.80788352,1410000.0,441201.8078835199,False,True,585.6995405936965,59.192259821250445,1625.8883170916251
400.0,200.0,1,0.0,0.0,900.0,100.0,1536561.9097037073,1410000.0,126561.9097037073,False,True,585.6995405936965,59.192259821250445,459.96135077389374
600.0,0.0,0,0.0,200.0,900.0,100.0,1619967.7625203421,1410000.0,209967.7625203421,False,True,585.6995405936965,59.192259821250445,902.8409742705984
0.0,200.0,1,1500.0,200.0,1200.0,150.0,2122034.432870109,1412500.0,709534.432870109,False,True,585.6995405936965,59.192259821250445,2011.1986670895167
0.0,400.0,0,2500.0,200.0,600.0,150.0,2258722.2892074687,1412500.0,846222.2892074685,False,True,585.6995405936965,59.192259821250445,1228.3775432391053
200.0,0.0,0,1500.0,400.0,1200.0,150.0,2240077.20648728,1412500.0,827577.2064872799,False,True,585.6995405936965,59.192259821250445,2385.8617176342104
200.0,0.0,1,2500.0,0.0,600.0,150.0,1896419.9358681343,1412500.0,483919.93586813414,False,True,585.6995405936965,59.192259821250445,1803.0990797793477
0.0,0.0,2,2500.0,0.0,900.0,100.0,2142866.407650293,1415000.0,727866.407650293,False,True,585.6995405936965,59.192259821250445,1519.724157639183
0.0,200.0,0,2500.0,400.0,900.0,100.0,2478421.0817967523,1415000.0,1063421.0817967523,False,True,585.6995405936965,59.192259821250445,2337.606360224041
0.0,400.0,4,0.0,0.0,600.0,100.0,1834298.64876719,1415000.0,419298.64876719,False,True,585.6995405936965,59.192259821250445,735.4477728451201
0.0,600.0,2,0.0,400.0,600.0,100.0,1808071.0364018786,1415000.0,393071.0364018787,False,True,585.6995405936965,59.192259821250445,698.1479654312477
200.0,200.0,3,0.0,200.0,600.0,100.0,1638152.950615049,1415000.0,223152.95061504908,False,True,585.6995405936965,59.192259821250445,239.70016230458623
200.0,400.0,1,0.0,600.0,600.0,100.0,1672167.796959847,1415000.0,257167.79695984704,False,True,585.6995405936965,59.192259821250445,952.8441596290537
400.0,0.0,2,0.0,400.0,600.0,100.0,1579234.0225059735,1415000.0,164234.02250597352,False,True,585.6995405936965,59.192259821250445,150.00876608127055
0.0,0.0,2,1500.0,600.0,900.0,150.0,2145366.407650293,1417500.0,727866.407650293,False,True,585.6995405936965,59.192259821250445,1117.0770518631246
0.0,400.0,2,0.0,200.0,1200.0,150.0,1841409.1584001915,1417500.0,423909.15840019134,False,True,585.6995405936965,59.192259821250445,717.393083860927
0.0,600.0,0,0.0,600.0,1200.0,150.0,2177447.4534556195,1417500.0,759947.4534556193,False,True,585.6995405936965,59.192259821250445,1839.5348096559105
0.0,600.0,0,1500.0,0.0,900.0,150.0,2177427.5554964356,1417500.0,759927.5554964356,False,True,585.6995405936965,59.192259821250445,2676.6547602035316
200.0,0.0,3,0.0,0.0,1200.0,150.0,1765110.6749533585,1417500.0,347610.6749533585,False,True,585.6995405936965,59.192259821250445,346.43072160671545
200.0,200.0,1,0.0,400.0,1200.0,150.0,1726482.9461040036,1417500.0,308982.9461040037,False,True,585.6995405936965,59.192259821250445,1097.4891323269148
400.0,0.0,0,0.0,600.0,1200.0,150.0,1823740.9945054245,1417500.0,406240.9945054244,False,True,585.6995405936965,59.192259821250445,1782.9758783789166
400.0,0.0,0,1500.0,0.0,900.0,150.0,1823721.0965462406,1417500.0,406221.09654624073,False,True,585.6995405936965,59.192259821250445,2676.6547602035316
0.0,400.0,0,1500.0,200.0,1200.0,100.0,2266262.0851258356,1420000.0,846262.0851258358,False,True,585.6995405936965,59.192259821250445,1475.1742817202953
200.0,0.0,1,1500.0,0.0,1200.0,100.0,1904079.1195416036,1420000.0,484079.1195416036,False,True,585.6995405936965,59.192259821250445,1803.0990797793477
200.0,200.0,0,2500.0,0.0,600.0,100.0,2007091.3577581767,1420000.0,587091.3577581767,False,True,585.6995405936965,59.192259821250445,2676.6547602035316
0.0,0.0,0,3500.0,600.0,600.0,150.0,2731316.194314324,1422500.0,1308816.1943143238,False,True,585.6995405936965,59.192259821250445,2279.2338937705654
0.0,0.0,5,0.0,200.0,900.0,150.0,2142631.407650293,1422500.0,720131.4076502931,False,True,585.6995405936965,59.192259821250445,1519.724157639183
0.0,200.0,3,0.0,600.0,900.0,150.0,1938887.409707082,1422500.0,516387.4097070821,False,True,585.6995405936965,59.192259821250445,795.4056676197994
0.0,200.0,3,1500.0,0.0,600.0,150.0,1938807.8178703473,1422500.0,516307.8178703473,False,True,585.6995405936965,59.192259821250445,795.4056676197994
0.0,400.0,1,1500.0,400.0,600.0,150.0,1994029.3303599562,1422500.0,571529.3303599562,False,True,585.6995405936965,59.192259821250445,526.3841730323354
200.0,0.0,2,1500.0,200.0,600.0,150.0,1776137.044642689,1422500.0,353637.04464268894,True,True,585.6995405936965,59.192259821250445,80.10335623080069
200.0,200.0,0,1500.0,600.0,600.0,150.0,2009591.3577581767,1422500.0,587091.3577581767,False,True,585.6995405936965,59.192259821250445,1116.5397473265357
200.0,600.0,0,0.0,200.0,900.0,150.0,1863701.80788352,1422500.0,441201.8078835199,False,True,585.6995405936965,59.192259821250445,1625.8883170916251
400.0,200.0,1,0.0,0.0,900.0,150.0,1549061.9097037073,1422500.0,126561.9097037073,False,True,585.6995405936965,59.192259821250445,459.96135077389374
600.0,0.0,0,0.0,200.0,900.0,150.0,1632467.7625203421,1422500.0,209967.7625203421,False,True,585.6995405936965,59.192259821250445,902.8409742705984
0.0,0.0,3,1500.0,200.0,900.0,100.0,2145131.407650293,1425000.0,720131.4076502931,False,True,585.6995405936965,59.192259821250445,1130.3962042306491
0.0,200.0,1,1500.0,600.0,900.0,100.0,2134454.841033374,1425000.0,709454.8410333742,False,True,585.6995405936965,59.192259821250445,1999.304977928325
0.0,600.0,1,0.0,200.0,1200.0,100.0,1951340.9375818004,1425000.0,526340.9375818004,False,True,585.6995405936965,59.192259821250445,1592.3491941967072
200.0,200.0,2,0.0,0.0,1200.0,100.0,1651697.5192947064,1425000.0,226697.51929470646,False,True,585.6995405936965,59.192259821250445,246.39751560479206
200.0,400.0,0,0.0,400.0,1200.0,100.0,1896060.330085812,1425000.0,471060.3300858119,False,True,585.6995405936965,59.192259821250445,1784.654209183036
400.0,0.0,1,0.0,200.0,1200.0,100.0,1636984.644119463,1425000.0,211984.6441194628,False,True,585.6995405936965,59.192259821250445,605.5752953003814
0.0,0.0,2,2500.0,0.0,900.0,150.0,2155366.407650293,1427500.0,727866.407650293,False,True,585.6995405936965,59.192259821250445,1519.724157639183
0.0,200.0,0,2500.0,400.0,900.0,150.0,2490921.0817967523,1427500.0,1063421.0817967523,False,True,585.6995405936965,59.192259821250445,2337.606360224041
0.0,400.0,4,0.0,0.0,600.0,150.0,1846798.64876719,1427500.0,419298.64876719,False,True,585.6995405936965,59.192259821250445,735.4477728451201
0.0,600.0,2,0.0,400.0,600.0,150.0,1820571.0364018786,1427500.0,393071.0364018787,False,True,585.6995405936965,59.192259821250445,698.1479654312477
200.0,200.0,3,0.0,200.0,600.0,150.0,1650652.950615049,1427500.0,223152.95061504908,False,True,585.6995405936965,59.192259821250445,239.70016230458623
200.0,400.0,1,0.0,600.0,600.0,150.0,1684667.796959847,1427500.0,257167.79695984704,False,True,585.6995405936965,59.192259821250445,952.8441596290537
400.0,0.0,2,0.0,400.0,600.0,150.0,1591734.0225059735,1427500.0,164234.02250597352,False,True,585.6995405936965,59.192259821250445,150.00876608127055
0.0,0.0,0,2500.0,600.0,1200.0,100.0,2738975.3779877936,1430000.0,1308975.3779877934,False,True,585.6995405936965,59.192259821250445,2397.2688306964433
0.0,0.0,1,3500.0,200.0,600.0,100.0,2383667.4443143224,1430000.0,953667.4443143227,False,True,585.6995405936965,59.192259821250445,2059.316163010858
0.0,200.0,4,0.0,200.0,900.0,100.0,1946387.409707082,1430000.0,516387.4097070821,False,True,585.6995405936965,59.192259821250445,795.4056676197994
0.0,400.0,2,0.0,600.0,900.0,100.0,1853889.2604410076,1430000.0,423889.2604410077,False,True,585.6995405936965,59.192259821250445,717.393083860927
0.0,400.0,2,1500.0,0.0,600.0,100.0,1853869.362481824,1430000.0,423869.36248182395,False,True,585.6995405936965,59.192259821250445,735.4477728451201
0.0,600.0,0,1500.0,400.0,600.0,100.0,2189907.6575372517,1430000.0,759907.657537252,False,True,585.6995405936965,59.192259821250445,748.7652455322128
200.0,0.0,3,0.0,400.0,900.0,100.0,1777531.0831166238,1430000.0,347531.0831166238,False,True,585.6995405936965,59.192259821250445,346.42176095984763
200.0,200.0,1,1500.0,200.0,600.0,100.0,1738943.1501856362,1430000.0,308943.15018563636,True,True,585.6995405936965,59.192259821250445,169.91552889353198
400.0,0.0,0,1500.0,400.0,600.0,100.0,1836201.1985870572,1430000.0,406201.19858705706,False,True,585.6995405936965,59.192259821250445,659.9753276399601
400.0,400.0,0,0.0,0.0,900.0,100.0,1644706.4042124534,1430000.0,214706.4042124533,False,True,585.6995405936965,59.192259821250445,2676.6547602035316
0.0,400.0,0,1500.0,200.0,1200.0,150.0,2278762.0851258356,1432500.0,846262.0851258358,False,True,585.6995405936965,59.192259821250445,1475.1742817202953
200.0,0.0,1,1500.0,0.0,1200.0,150.0,1916579.1195416036,1432500.0,484079.1195416036,False,True,585.6995405936965,59.192259821250445,1803.0990797793477
200.0,200.0,0,2500.0,0.0,600.0,150.0,2019591.3577581767,1432500.0,587091.3577581767,False,True,585.6995405936965,59.192259821250445,2676.6547602035316
0.0,0.0,5,0.0,600.0,600.0,100.0,2155051.815813558,1435000.0,720051.8158135583,False,True,585.6995405936965,59.192259821250445,1519.724157639183
0.0,200.0,1,2500.0,0.0,900.0,100.0,2144454.841033374,1435000.0,709454.8410333742,False,True,585.6995405936965,59.192259821250445,2333.382064465758
0.0,600.0,3,0.0,0.0,600.0,100.0,1823784.8017671197,1435000.0,388784.8017671198,False,True,585.6995405936965,59.192259821250445,730.1873578306149
200.0,0.0,0,2500.0,200.0,900.0,100.0,2262497.614650545,1435000.0,827497.6146505452,False,True,585.6995405936965,59.192259821250445,2203.8416271903034
200.0,400.0,2,0.0,200.0,600.0,100.0,1624725.9647750075,1435000.0,189725.96477500745,False,True,585.6995405936965,59.192259821250445,204.6667346091808
200.0,600.0,0,0.0,600.0,600.0,100.0,1876181.9099243362,1435000.0,441181.90992433624,False,True,585.6995405936965,59.192259821250445,1625.8883170916251
400.0,0.0,3,0.0,0.0,600.0,100.0,1596184.0667872322,1435000.0,161184.0667872323,False,True,585.6995405936965,59.192259821250445,187.15968233842761
400.0,200.0,1,0.0,400.0,600.0,100.0,1561542.0117445237,1435000.0,126542.01174452362,False,True,585.6995405936965,59.192259821250445,356.74839128708743
600.0,0.0,0,0.0,600.0,600.0,100.0,1644947.8645611585,1435000.0,209947.8645611584,False,True,585.6995405936965,59.192259821250445,902.8409742705984
0.0,0.0,3,1500.0,200.0,900.0,150.0,2157631.407650293,1437500.0,720131.4076502931,False,True,585.6995405936965,59.192259821250445,1130.3962042306491
0.0,200.0,1,1500.0,600.0,900.0,150.0,2146954.841033374,1437500.0,709454.8410333742,False,True,585.6995405936965,59.192259821250445,1999.304977928325
0.0,600.0,1,0.0,200.0,1200.0,150.0,1963840.9375818004,1437500.0,526340.9375818004,False,True,585.6995405936965,59.192259821250445,1592.3491941967072
200.0,200.0,2,0.0,0.0,1200.0,150.0,1664197.5192947064,1437500.0,226697.51929470646,False,True,585.6995405936965,59.192259821250445,246.39751560479206
200.0,400.0,0,0.0,400.0,1200.0,150.0,1908560.330085812,1437500.0,471060.3300858119,False,True,585.6995405936965,59.192259821250445,1784.654209183036
400.0,0.0,1,0.0,200.0,1200.0,150.0,1649484.644119463,1437500.0,211984.6441194628,False,True,585.6995405936965,59.192259821250445,605.5752953003814
0.0,0.0,0,3500.0,0.0,1200.0,100.0,2748975.3779877936,1440000.0,1308975.3779877934,False,True,585.6995405936965,59.192259821250445,2676.6547602035316
0.0,0.0,2,2500.0,400.0,600.0,100.0,2167786.815813558,1440000.0,727786.8158135582,False,True,585.6995405936965,59.192259821250445,842.1801897817923
200.0,200.0,0,1500.0,0.0,1200.0,100.0,2027131.153676544,1440000.0,587131.1536765441,False,True,585.6995405936965,59.192259821250445,2676.6547602035316
0.0,0.0,0,2500.0,600.0,1200.0,150.0,2751475.3779877936,1442500.0,1308975.3779877934,False,True,585.6995405936965,59.192259821250445,2397.2688306964433
0.0,0.0,1,3500.0,200.0,600.0,150.0,2396167.4443143224,1442500.0,953667.4443143227,False,True,585.6995405936965,59.192259821250445,2059.316163010858
0.0,200.0,4,0.0,200.0,900.0,150.0,1958887.409707082,1442500.0,516387.4097070821,False,True,585.6995405936965,59.192259821250445,795.4056676197994
0.0,400.0,2,0.0,600.0,900.0,150.0,1866389.2604410076,1442500.0,423889.2604410077,False,True,585.6995405936965,59.192259821250445,717.393083860927
0.0,400.0,2,1500.0,0.0,600.0,150.0,1866369.362481824,1442500.0,423869.36248182395,False,True,585.6995405936965,59.192259821250445,735.4477728451201
0.0,600.0,0,1500.0,400.0,600.0,150.0,2202407.6575372517,1442500.0,759907.657537252,False,True,585.6995405936965,59.192259821250445,748.7652455322128
200.0,0.0,3,0.0,400.0,900.0,150.0,1790031.0831166238,1442500.0,347531.0831166238,False,True,585.6995405936965,59.192259821250445,346.42176095984763
200.0,200.0,1,1500.0,200.0,600.0,150.0,1751443.1501856362,1442500.0,308943.15018563636,True,True,585.6995405936965,59.192259821250445,169.91552889353198
400.0,0.0,0,1500.0,400.0,600.0,150.0,1848701.1985870572,1442500.0,406201.19858705706,False,True,585.6995405936965,59.192259821250445,659.9753276399601
400.0,400.0,0,0.0,0.0,900.0,150.0,1657206.4042124534,1442500.0,214706.4042124533,False,True,585.6995405936965,59.192259821250445,2676.6547602035316
0.0,0.0,4,0.0,400.0,1200.0,100.0,2165210.9994870275,1445000.0,720210.9994870278,False,True,585.6995405936965,59.192259821250445,1519.724157639183
0.0,200.0,2,1500.0,200.0,900.0,100.0,1966946.8641499986,1445000.0,521946.86414999864,False,True,585.6995405936965,59.192259821250445,400.6310820069821
0.0,400.0,0,1500.0,600.0,900.0,100.0,2291242.187166652,1445000.0,846242.1871666522,False,True,585.6995405936965,59.192259821250445,1228.1875654646706
200.0,0.0,1,1500.0,400.0,900.0,100.0,1928999.527704869,1445000.0,483999.5277048688,False,True,585.6995405936965,59.192259821250445,1379.2340347087804
200.0,400.0,1,0.0,0.0,1200.0,100.0,1702207.5928782143,1445000.0,257207.59287821437,False,True,585.6995405936965,59.192259821250445,1023.009294604185
400.0,200.0,0,0.0,200.0,1200.0,100.0,1702162.9789977924,1445000.0,257162.97899779235,False,True,585.6995405936965,59.192259821250445,1270.1367292199398
0.0,0.0,5,0.0,600.0,600.0,150.0,2167551.815813558,1447500.0,720051.8158135583,False,True,585.6995405936965,59.192259821250445,1519.724157639183
0.0,200.0,1,2500.0,0.0,900.0,150.0,2156954.841033374,1447500.0,709454.8410333742,False,True,585.6995405936965,59.192259821250445,2333.382064465758
0.0,600.0,3,0.0,0.0,600.0,150.0,1836284.8017671197,1447500.0,388784.8017671198,False,True,585.6995405936965,59.192259821250445,730.1873578306149
200.0,0.0,0,2500.0,200.0,900.0,150.0,2274997.614650545,1447500.0,827497.6146505452,False,True,585.6995405936965,59.192259821250445,2203.8416271903034
200.0,400.0,2,0.0,200.0,600.0,150.0,1637225.9647750075,1447500.0,189725.96477500745,False,True,585.6995405936965,59.192259821250445,204.6667346091808
200.0,600.0,0,0.0,600.0,600.0,150.0,1888681.9099243362,1447500.0,441181.90992433624,False,True,585.6995405936965,59.192259821250445,1625.8883170916251
400.0,0.0,3,0.0,0.0,600.0,150.0,1608684.0667872322,1447500.0,161184.0667872323,False,True,585.6995405936965,59.192259821250445,187.15968233842761
400.0,200.0,1,0.0,400.0,600.0,150.0,1574042.0117445237,1447500.0,126542.01174452362,False,True,585.6995405936965,59.192259821250445,356.74839128708743
600.0,0.0,0,0.0,600.0,600.0,150.0,1657447.8645611585,1447500.0,209947.8645611584,False,True,585.6995405936965,59.192259821250445,902.8409742705984
0.0,0.0,1,2500.0,200.0,1200.0,100.0,2403826.6279877922,1450000.0,953826.6279877921,False,True,585.6995405936965,59.192259821250445,2244.7000794967203
0.0,0.0,3,1500.0,600.0,600.0,100.0,2170051.815813558,1450000.0,720051.8158135583,False,True,585.6995405936965,59.192259821250445,1117.0770518631246
0.0,200.0,0,3500.0,200.0,600.0,100.0,2513341.4899600176,1450000.0,1063341.4899600176,False,True,585.6995405936965,59.192259821250445,2314.557727426344
0.0,400.0,3,0.0,200.0,900.0,100.0,1869318.5467263737,1450000.0,419318.54672637366,False,True,585.6995405936965,59.192259821250445,717.393083860927
0.0,600.0,1,0.0,600.0,900.0,100.0,1976321.0396226167,1450000.0,526321.0396226167,False,True,585.6995405936965,59.192259821250445,1592.3491941967072
0.0,600.0,1,1500.0,0.0,600.0,100.0,1976301.141663433,1450000.0,526301.141663433,False,True,585.6995405936965,59.192259821250445,1659.4599343740306
200.0,0.0,4,0.0,0.0,900.0,100.0,1797531.0831166238,1450000.0,347531.0831166238,False,True,585.6995405936965,59.192259821250445,346.43072160671545
200.0,200.0,2,0.0,400.0,900.0,100.0,1676677.6213355227,1450000.0,226677.6213355228,False,True,585.6995405936965,59.192259821250445,239.70016230458623
200.0,400.0,0,1500.0,200.0,600.0,100.0,1921020.5341674446,1450000.0,471020.53416744457,False,True,585.6995405936965,59.192259821250445,471.1902919113452
400.0,0.0,1,0.0,600.0,900.0,100.0,1661964.746160279,1450000.0,211964.74616027914,False,True,585.6995405936965,59.192259821250445,605.5752953003814
400.0,0.0,1,1500.0,0.0,600.0,100.0,1661944.8482010956,1450000.0,211944.84820109548,False,True,585.6995405936965,59.192259821250445,667.2022422721102
0.0,0.0,0,3500.0,0.0,1200.0,150.0,2761475.3779877936,1452500.0,1308975.3779877934,False,True,585.6995405936965,59.192259821250445,2676.6547602035316
0.0,0.0,2,2500.0,400.0,600.0,150.0,2180286.815813558,1452500.0,727786.8158135582,False,True,585.6995405936965,59.192259821250445,842.1801897817923
200.0,200.0,0,1500.0,0.0,1200.0,150.0,2039631.153676544,1452500.0,587131.1536765441,False,True,585.6995405936965,59.192259821250445,2676.6547602035316
0.0,0.0,6,0.0,200.0,600.0,100.0,2175051.815813558,1455000.0,720051.8158135583,False,True,585.6995405936965,59.192259821250445,1519.724157639183
0.0,200.0,4,0.0,600.0,600.0,100.0,1971307.8178703473,1455000.0,516307.8178703473,False,True,585.6995405936965,59.192259821250445,795.4056676197994
0.0,400.0,0,2500.0,0.0,900.0,100.0,2301242.187166652,1455000.0,846242.1871666522,False,True,585.6995405936965,59.192259821250445,2676.6547602035316
200.0,600.0,1,0.0,200.0,600.0,100.0,1699761.7871788447,1455000.0,244761.78717884465,False,True,585.6995405936965,59.192259821250445,924.3215450734344
400.0,200.0,2,0.0,0.0,600.0,100.0,1555645.9936733346,1455000.0,100645.99367333455,False,True,585.6995405936965,59.192259821250445,154.64280629292853
400.0,400.0,0,0.0,400.0,600.0,100.0,1669686.5062532695,1455000.0,214686.50625326962,False,True,585.6995405936965,59.192259821250445,1046.5681450561897
600.0,0.0,1,0.0,200.0,600.0,100.0,1566207.3738451747,1455000.0,111207.37384517473,False,True,585.6995405936965,59.192259821250445,308.6069214207449
0.0,0.0,4,0.0,400.0,1200.0,150.0,2177710.9994870275,1457500.0,720210.9994870278,False,True,585.6995405936965,59.192259821250445,1519.724157639183
0.0,200.0,2,1500.0,200.0,900.0,150.0,1979446.8641499986,1457500.0,521946.86414999864,False,True,585.6995405936965,59.192259821250445,400.6310820069821
0.0,400.0,0,1500.0,600.0,900.0,150.0,2303742.187166652,1457500.0,846242.1871666522,False,True,585.6995405936965,59.192259821250445,1228.1875654646706
200.0,0.0,1,1500.0,400.0,900.0,150.0,1941499.527704869,1457500.0,483999.5277048688,False,True,585.6995405936965,59.192259821250445,1379.2340347087804
200.0,400.0,1,0.0,0.0,1200.0,150.0,1714707.5928782143,1457500.0,257207.59287821437,False,True,585.6995405936965,59.192259821250445,1023.009294604185
400.0,200.0,0,0.0,200.0,1200.0,150.0,1714662.9789977924,1457500.0,257162.97899779235,False,True,585.6995405936965,59.192259821250445,1270.1367292199398
0.0,0.0,2,1500.0,400.0,1200.0,100.0,2187945.9994870275,1460000.0,727945.9994870276,False,True,585.6995405936965,59.192259821250445,1117.0770518631246
0.0,0.0,3,2500.0,0.0,600.0,100.0,2180051.815813558,1460000.0,720051.8158135583,False,True,585.6995405936965,59.192259821250445,1519.724157639183
0.0,200.0,1,2500.0,400.0,600.0,100.0,2169375.2491966393,1460000.0,709375.2491966395,False,True,585.6995405936965,59.192259821250445,1788.9328618045188
200.0,0.0,0,2500.0,600.0,600.0,100.0,2287418.0228138105,1460000.0,827418.0228138105,False,True,585.6995405936965,59.192259821250445,2189.8745906876006
0.0,0.0,1,2500.0,200.0,1200.0,150.0,2416326.6279877922,1462500.0,953826.6279877921,False,True,585.6995405936965,59.192259821250445,2244.7000794967203
0.0,0.0,3,1500.0,600.0,600.0,150.0,2182551.815813558,1462500.0,720051.8158135583,False,True,585.6995405936965,59.192259821250445,1117.0770518631246
0.0,200.0,0,3500.0,200.0,600.0,150.0,2525841.4899600176,1462500.0,1063341.4899600176,False,True,585.6995405936965,59.192259821250445,2314.557727426344
0.0,400.0,3,0.0,200.0,900.0,150.0,1881818.5467263737,1462500.0,419318.54672637366,False,True,585.6995405936965,59.192259821250445,717.393083860927
0.0,600.0,1,0.0,600.0,900.0,150.0,1988821.0396226167,1462500.0,526321.0396226167,False,True,585.6995405936965,59.192259821250445,1592.3491941967072
0.0,600.0,1,1500.0,0.0,600.0,150.0,1988801.141663433,1462500.0,526301.141663433,False,True,585.6995405936965,59.192259821250445,1659.4599343740306
200.0,0.0,4,0.0,0.0,900.0,150.0,1810031.0831166238,1462500.0,347531.0831166238,False,True,585.6995405936965,59.192259821250445,346.43072160671545
200.0,200.0,2,0.0,400.0,900.0,150.0,1689177.6213355227,1462500.0,226677.6213355228,False,True,585.6995405936965,59.192259821250445,239.70016230458623
200.0,400.0,0,1500.0,200.0,600.0,150.0,1933520.5341674446,1462500.0,471020.53416744457,False,True,585.6995405936965,59.192259821250445,471.1902919113452
400.0,0.0,1,0.0,600.0,900.0,150.0,1674464.746160279,1462500.0,211964.74616027914,False,True,585.6995405936965,59.192259821250445,605.5752953003814
400.0,0.0,1,1500.0,0.0,600.0,150.0,1674444.8482010956,1462500.0,211944.84820109548,False,True,585.6995405936965,59.192259821250445,667.2022422721102
0.0,0.0,0,3500.0,400.0,900.0,100.0,2773895.7861510585,1465000.0,1308895.7861510585,False,True,585.6995405936965,59.192259821250445,2279.2338937705654
0.0,0.0,5,0.0,0.0,1200.0,100.0,2185210.9994870275,1465000.0,720210.9994870278,False,True,585.6995405936965,59.192259821250445,1519.724157639183
0.0,200.0,3,0.0,400.0,1200.0,100.0,1981467.0015438166,1465000.0,516467.00154381676,False,True,585.6995405936965,59.192259821250445,795.4056676197994
0.0,400.0,1,1500.0,200.0,900.0,100.0,2036549.22831914,1465000.0,571549.2283191399,False,True,585.6995405936965,59.192259821250445,561.0433102651489
200.0,0.0,2,0.0,600.0,1200.0,100.0,1818796.2283161583,1465000.0,353796.2283161583,False,True,585.6995405936965,59.192259821250445,346.42176095984763
200.0,0.0,2,1500.0,0.0,900.0,100.0,1818716.6364794236,1465000.0,353716.6364794236,False,True,585.6995405936965,59.192259821250445,346.43072160671545
200.0,200.0,0,1500.0,400.0,900.0,100.0,2052111.2557173604,1465000.0,587111.2557173604,False,True,585.6995405936965,59.192259821250445,1123.7284949450127
200.0,600.0,0,0.0,0.0,1200.0,100.0,1906221.7058427036,1465000.0,441221.7058427035,False,True,585.6995405936965,59.192259821250445,2676.6547602035316
600.0,0.0,0,0.0,0.0,1200.0,100.0,1674983.7642513285,1465000.0,209983.76425132845,False,True,585.6995405936965,59.192259821250445,2676.6547602035316
0.0,0.0,6,0.0,200.0,600.0,150.0,2187551.815813558,1467500.0,720051.8158135583,False,True,585.6995405936965,59.192259821250445,1519.724157639183
0.0,200.0,4,0.0,600.0,600.0,150.0,1983807.8178703473,1467500.0,516307.8178703473,False,True,585.6995405936965,59.192259821250445,795.4056676197994
0.0,400.0,0,2500.0,0.0,900.0,150.0,2313742.187166652,1467500.0,846242.1871666522,False,True,585.6995405936965,59.192259821250445,2676.6547602035316
200.0,600.0,1,0.0,200.0,600.0,150.0,1712261.7871788447,1467500.0,244761.78717884465,False,True,585.6995405936965,59.192259821250445,924.3215450734344
400.0,200.0,2,0.0,0.0,600.0,150.0,1568145.9936733346,1467500.0,100645.99367333455,False,True,585.6995405936965,59.192259821250445,154.64280629292853
400.0,400.0,0,0.0,400.0,600.0,150.0,1682186.5062532695,1467500.0,214686.50625326962,False,True,585.6995405936965,59.192259821250445,1046.5681450561897
600.0,0.0,1,0.0,200.0,600.0,150.0,1578707.3738451747,1467500.0,111207.37384517473,False,True,585.6995405936965,59.192259821250445,308.6069214207449
0.0,0.0,4,1500.0,200.0,600.0,100.0,2190051.815813558,1470000.0,720051.8158135583,False,True,585.6995405936965,59.192259821250445,1130.3962042306491
0.0,200.0,0,2500.0,200.0,1200.0,100.0,2533500.673633487,1470000.0,1063500.673633487,False,True,585.6995405936965,59.192259821250445,2418.1683390313315
0.0,200.0,2,1500.0,600.0,600.0,100.0,1991867.272313264,1470000.0,521867.27231326397,False,True,585.6995405936965,59.192259821250445,390.81091394265354
0.0,600.0,2,0.0,200.0,900.0,100.0,1863090.9343610625,1470000.0,393090.93436106236,False,True,585.6995405936965,59.192259821250445,698.1479654312477
200.0,0.0,0,3500.0,0.0,600.0,100.0,2297418.0228138105,1470000.0,827418.0228138105,False,True,585.6995405936965,59.192259821250445,2676.6547602035316
200.0,200.0,3,0.0,0.0,900.0,100.0,1693172.8485742328,1470000.0,223172.84857423278,False,True,585.6995405936965,59.192259821250445,246.39751560479206
200.0,400.0,1,0.0,400.0,900.0,100.0,1727187.6949190306,1470000.0,257187.6949190307,False,True,585.6995405936965,59.192259821250445,952.8441596290537
400.0,0.0,2,0.0,200.0,900.0,100.0,1634253.9204651571,1470000.0,164253.9204651572,False,True,585.6995405936965,59.192259821250445,150.00876608127055
400.0,200.0,0,0.0,600.0,900.0,100.0,1727143.0810386087,1470000.0,257143.08103860868,False,True,585.6995405936965,59.192259821250445,1270.1367292199398
400.0,200.0,0,1500.0,0.0,600.0,100.0,1727123.183079425,1470000.0,257123.18307942498,False,True,585.6995405936965,59.192259821250445,2676.6547602035316
0.0,0.0,2,1500.0,400.0,1200.0,150.0,2200445.9994870275,1472500.0,727945.9994870276,False,True,585.6995405936965,59.192259821250445,1117.0770518631246
0.0,0.0,3,2500.0,0.0,600.0,150.0,2192551.815813558,1472500.0,720051.8158135583,False,True,585.6995405936965,59.192259821250445,1519.724157639183
0.0,200.0,1,2500.0,400.0,600.0,150.0,2181875.2491966393,1472500.0,709375.2491966395,False,True,585.6995405936965,59.192259821250445,1788.9328618045188
200.0,0.0,0,2500.0,600.0,600.0,150.0,2299918.0228138105,1472500.0,827418.0228138105,False,True,585.6995405936965,59.192259821250445,2189.8745906876006
0.0,0.0,1,2500.0,600.0,900.0,100.0,2428747.036151057,1475000.0,953747.0361510573,False,True,585.6995405936965,59.192259821250445,2224.8832705433274
0.0,200.0,5,0.0,200.0,600.0,100.0,1991307.8178703473,1475000.0,516307.8178703473,False,True,585.6995405936965,59.192259821250445,795.4056676197994
0.0,400.0,3,0.0,600.0,600.0,100.0,1894298.64876719,1475000.0,419298.64876719,False,True,585.6995405936965,59.192259821250445,717.393083860927
200.0,0.0,4,0.0,400.0,600.0,100.0,1822451.4912798891,1475000.0,347451.4912798891,False,True,585.6995405936965,59.192259821250445,346.42176095984763
400.0,400.0,1,0.0,0.0,600.0,100.0,1584033.4758525172,1475000.0,109033.47585251715,False,True,585.6995405936965,59.192259821250445,433.9959012895594
600.0,200.0,0,0.0,200.0,600.0,100.0,1604872.6116569864,1475000.0,129872.6116569864,False,True,585.6995405936965,59.192259821250445,611.1782585632322
0.0,0.0,0,3500.0,400.0,900.0,150.0,2786395.7861510585,1477500.0,1308895.7861510585,False,True,585.6995405936965,59.192259821250445,2279.2338937705654
0.0,0.0,5,0.0,0.0,1200.0,150.0,2197710.9994870275,1477500.0,720210.9994870278,False,True,585.6995405936965,59.192259821250445,1519.724157639183
0.0,200.0,3,0.0,400.0,1200.0,150.0,1993967.0015438166,1477500.0,516467.00154381676,False,True,585.6995405936965,59.192259821250445,795.4056676197994
0.0,400.0,1,1500.0,200.0,900.0,150.0,2049049.22831914,1477500.0,571549.2283191399,False,True,585.6995405936965,59.192259821250445,561.0433102651489
200.0,0.0,2,0.0,600.0,1200.0,150.0,1831296.2283161583,1477500.0,353796.2283161583,False,True,585.6995405936965,59.192259821250445,346.42176095984763
200.0,0.0,2,1500.0,0.0,900.0,150.0,1831216.6364794236,1477500.0,353716.6364794236,False,True,585.6995405936965,59.192259821250445,346.43072160671545
200.0,200.0,0,1500.0,400.0,900.0,150.0,2064611.2557173604,1477500.0,587111.2557173604,False,True,585.6995405936965,59.192259821250445,1123.7284949450127
200.0,600.0,0,0.0,0.0,1200.0,150.0,1918721.7058427036,1477500.0,441221.7058427035,False,True,585.6995405936965,59.192259821250445,2676.6547602035316
600.0,0.0,0,0.0,0.0,1200.0,150.0,1687487.6604795258,1477500.0,209987.66047952577,False,True,585.6995405936965,59.192259821250445,2676.6547602035316
0.0,0.0,3,1500.0,0.0,1200.0,100.0,2200210.9994870275,1480000.0,720210.9994870278,False,True,585.6995405936965,59.192259821250445,1519.724157639183
0.0,200.0,1,1500.0,400.0,1200.0,100.0,2189534.432870109,1480000.0,709534.432870109,False,True,585.6995405936965,59.192259821250445,1999.304977928325
0.0,200.0,2,2500.0,0.0,600.0,100.0,2001867.272313264,1480000.0,521867.27231326397,False,True,585.6995405936965,59.192259821250445,795.4056676197994
0.0,400.0,0,2500.0,400.0,600.0,100.0,2326222.2892074687,1480000.0,846222.2892074685,False,True,585.6995405936965,59.192259821250445,868.7222025063833
200.0,0.0,0,1500.0,600.0,1200.0,100.0,2307577.20648728,1480000.0,827577.2064872799,False,True,585.6995405936965,59.192259821250445,2385.8617176342104
200.0,0.0,1,2500.0,200.0,600.0,100.0,1963919.9358681343,1480000.0,483919.93586813414,False,True,585.6995405936965,59.192259821250445,1083.132052277496
0.0,0.0,4,1500.0,200.0,600.0,150.0,2202551.815813558,1482500.0,720051.8158135583,False,True,585.6995405936965,59.192259821250445,1130.3962042306491
0.0,200.0,0,2500.0,200.0,1200.0,150.0,2546000.673633487,1482500.0,1063500.673633487,False,True,585.6995405936965,59.192259821250445,2418.1683390313315
0.0,200.0,2,1500.0,600.0,600.0,150.0,2004367.272313264,1482500.0,521867.27231326397,False,True,585.6995405936965,59.192259821250445,390.81091394265354
0.0,600.0,2,0.0,200.0,900.0,150.0,1875590.9343610625,1482500.0,393090.93436106236,False,True,585.6995405936965,59.192259821250445,698.1479654312477
200.0,0.0,0,3500.0,0.0,600.0,150.0,2309918.0228138105,1482500.0,827418.0228138105,False,True,585.6995405936965,59.192259821250445,2676.6547602035316
200.0,200.0,3,0.0,0.0,900.0,150.0,1705672.8485742328,1482500.0,223172.84857423278,False,True,585.6995405936965,59.192259821250445,246.39751560479206
200.0,400.0,1,0.0,400.0,900.0,150.0,1739687.6949190306,1482500.0,257187.6949190307,False,True,585.6995405936965,59.192259821250445,952.8441596290537
400.0,0.0,2,0.0,200.0,900.0,150.0,1646753.9204651571,1482500.0,164253.9204651572,False,True,585.6995405936965,59.192259821250445,150.00876608127055
400.0,200.0,0,0.0,600.0,900.0,150.0,1739643.0810386087,1482500.0,257143.08103860868,False,True,585.6995405936965,59.192259821250445,1270.1367292199398
400.0,200.0,0,1500.0,0.0,600.0,150.0,1739623.183079425,1482500.0,257123.18307942498,False,True,585.6995405936965,59.192259821250445,2676.6547602035316
0.0,0.0,1,3500.0,0.0,900.0,100.0,2438747.036151057,1485000.0,953747.0361510573,False,True,585.6995405936965,59.192259821250445,2676.6547602035316
0.0,200.0,4,0.0,0.0,1200.0,100.0,2001467.0015438166,1485000.0,516467.00154381676,False,True,585.6995405936965,59.192259821250445,795.4056676197994
0.0,400.0,2,0.0,400.0,1200.0,100.0,1908909.1584001915,1485000.0,423909.15840019134,False,True,585.6995405936965,59.192259821250445,717.393083860927
0.0,600.0,0,1500.0,200.0,900.0,100.0,2244927.5554964356,1485000.0,759927.5554964356,False,True,585.6995405936965,59.192259821250445,1058.2213076049975
200.0,0.0,3,0.0,200.0,1200.0,100.0,1832610.6749533585,1485000.0,347610.6749533585,False,True,585.6995405936965,59.192259821250445,346.42176095984763
200.0,200.0,1,0.0,600.0,1200.0,100.0,1793982.9461040036,1485000.0,308982.9461040037,False,True,585.6995405936965,59.192259821250445,1097.4891323269148
200.0,200.0,1,1500.0,0.0,900.0,100.0,1793963.0481448201,1485000.0,308963.04814482003,False,True,585.6995405936965,59.192259821250445,1123.601824813322
400.0,0.0,0,1500.0,200.0,900.0,100.0,1891221.0965462406,1485000.0,406221.09654624073,False,True,585.6995405936965,59.192259821250445,693.5283902794833
0.0,0.0,1,2500.0,600.0,900.0,150.0,2441247.036151057,1487500.0,953747.0361510573,False,True,585.6995405936965,59.192259821250445,2224.8832705433274
0.0,200.0,5,0.0,200.0,600.0,150.0,2003807.8178703473,1487500.0,516307.8178703473,False,True,585.6995405936965,59.192259821250445,795.4056676197994
0.0,400.0,3,0.0,600.0,600.0,150.0,1906798.64876719,1487500.0,419298.64876719,False,True,585.6995405936965,59.192259821250445,717.393083860927
200.0,0.0,4,0.0,400.0,600.0,150.0,1834951.4912798891,1487500.0,347451.4912798891,False,True,585.6995405936965,59.192259821250445,346.42176095984763
400.0,400.0,1,0.0,0.0,600.0,150.0,1596533.4758525172,1487500.0,109033.47585251715,False,True,585.6995405936965,59.192259821250445,433.9959012895594
600.0,200.0,0,0.0,200.0,600.0,150.0,1617372.6116569864,1487500.0,129872.6116569864,False,True,585.6995405936965,59.192259821250445,611.1782585632322
0.0,0.0,5,0.0,400.0,900.0,100.0,2210131.407650293,1490000.0,720131.4076502931,False,True,585.6995405936965,59.192259821250445,1519.724157639183
0.0,200.0,3,1500.0,200.0,600.0,100.0,2006307.8178703473,1490000.0,516307.8178703473,False,True,585.6995405936965,59.192259821250445,400.6310820069821
0.0,400.0,1,1500.0,600.0,600.0,100.0,2061529.3303599562,1490000.0,571529.3303599562,False,True,585.6995405936965,59.192259821250445,526.3841730323354
200.0,0.0,0,2500.0,0.0,1200.0,100.0,2317577.20648728,1490000.0,827577.2064872799,False,True,585.6995405936965,59.192259821250445,2676.6547602035316
200.0,0.0,2,1500.0,400.0,600.0,100.0,1843637.044642689,1490000.0,353637.04464268894,True,True,585.6995405936965,59.192259821250445,71.128735234482
200.0,400.0,2,0.0,0.0,900.0,100.0,1679745.8627341911,1490000.0,189745.86273419112,False,True,585.6995405936965,59.192259821250445,240.55996597521528
200.0,600.0,0,0.0,400.0,900.0,100.0,1931201.80788352,1490000.0,441201.8078835199,False,True,585.6995405936965,59.192259821250445,1625.8883170916251
400.0,200.0,1,0.0,200.0,900.0,100.0,1616561.9097037073,1490000.0,126561.9097037073,False,True,585.6995405936965,59.192259821250445,356.74839128708743
600.0,0.0,0,0.0,400.0,900.0,100.0,1699967.7625203421,1490000.0,209967.7625203421,False,True,585.6995405936965,59.192259821250445,902.8409742705984
0.0,0.0,3,1500.0,0.0,1200.0,150.0,2212710.9994870275,1492500.0,720210.9994870278,False,True,585.6995405936965,59.192259821250445,1519.724157639183
0.0,200.0,1,1500.0,400.0,1200.0,150.0,2202034.432870109,1492500.0,709534.432870109,False,True,585.6995405936965,59.192259821250445,1999.304977928325
0.0,200.0,2,2500.0,0.0,600.0,150.0,2014367.272313264,1492500.0,521867.27231326397,False,True,585.6995405936965,59.192259821250445,795.4056676197994
0.0,400.0,0,2500.0,400.0,600.0,150.0,2338722.2892074687,1492500.0,846222.2892074685,False,True,585.6995405936965,59.192259821250445,868.7222025063833
200.0,0.0,0,1500.0,600.0,1200.0,150.0,2320077.20648728,1492500.0,827577.2064872799,False,True,585.6995405936965,59.192259821250445,2385.8617176342104
200.0,0.0,1,2500.0,200.0,600.0,150.0,1976419.9358681343,1492500.0,483919.93586813414,False,True,585.6995405936965,59.192259821250445,1083.132052277496
0.0,0.0,2,2500.0,200.0,900.0,100.0,2222866.407650293,1495000.0,727866.407650293,False,True,585.6995405936965,59.192259821250445,853.4541894984877
0.0,200.0,0,2500.0,600.0,900.0,100.0,2558421.0817967523,1495000.0,1063421.0817967523,False,True,585.6995405936965,59.192259821250445,2337.606360224041
0.0,400.0,4,0.0,200.0,600.0,100.0,1914298.64876719,1495000.0,419298.64876719,False,True,585.6995405936965,59.192259821250445,717.393083860927
0.0,600.0,2,0.0,600.0,600.0,100.0,1888071.0364018786,1495000.0,393071.0364018787,False,True,585.6995405936965,59.192259821250445,698.1479654312477
200.0,0.0,5,0.0,0.0,600.0,100.0,1842451.4912798891,1495000.0,347451.4912798891,False,True,585.6995405936965,59.192259821250445,346.43072160671545
200.0,200.0,3,0.0,400.0,600.0,100.0,1718152.950615049,1495000.0,223152.95061504908,False,True,585.6995405936965,59.192259821250445,239.70016230458623
400.0,0.0,2,0.0,600.0,600.0,100.0,1659234.0225059735,1495000.0,164234.02250597352,False,True,585.6995405936965,59.192259821250445,150.00876608127055
400.0,600.0,0,0.0,0.0,600.0,100.0,1699198.7652004226,1495000.0,204198.76520042267,False,True,585.6995405936965,59.192259821250445,2676.6547602035316
0.0,0.0,1,3500.0,0.0,900.0,150.0,2451247.036151057,1497500.0,953747.0361510573,False,True,585.6995405936965,59.192259821250445,2676.6547602035316
0.0,200.0,4,0.0,0.0,1200.0,150.0,2013967.0015438166,1497500.0,516467.00154381676,False,True,585.6995405936965,59.192259821250445,795.4056676197994
0.0,400.0,2,0.0,400.0,1200.0,150.0,1921409.1584001915,1497500.0,423909.15840019134,False,True,585.6995405936965,59.192259821250445,717.393083860927
0.0,600.0,0,1500.0,200.0,900.0,150.0,2257427.5554964356,1497500.0,759927.5554964356,False,True,585.6995405936965,59.192259821250445,1058.2213076049975
200.0,0.0,3,0.0,200.0,1200.0,150.0,1845110.6749533585,1497500.0,347610.6749533585,False,True,585.6995405936965,59.192259821250445,346.42176095984763
200.0,200.0,1,0.0,600.0,1200.0,150.0,1806482.9461040036,1497500.0,308982.9461040037,False,True,585.6995405936965,59.192259821250445,1097.4891323269148
200.0,200.0,1,1500.0,0.0,900.0,150.0,1806463.0481448201,1497500.0,308963.04814482003,False,True,585.6995405936965,59.192259821250445,1123.601824813322
400.0,0.0,0,1500.0,200.0,900.0,150.0,1903721.0965462406,1497500.0,406221.09654624073,False,True,585.6995405936965,59.192259821250445,692.4917851257801
0.0,200.0,2,1500.0,0.0,1200.0,100.0,2022026.4559867333,1500000.0,522026.4559867333,False,True,585.6995405936965,59.192259821250445,795.4056676197994
0.0,400.0,0,1500.0,400.0,1200.0,100.0,2346262.0851258356,1500000.0,846262.0851258358,False,True,585.6995405936965,59.192259821250445,1228.1875654646706
0.0,400.0,1,2500.0,0.0,600.0,100.0,2071529.3303599562,1500000.0,571529.3303599562,False,True,585.6995405936965,59.192259821250445,1803.496225192748
200.0,0.0,1,1500.0,200.0,1200.0,100.0,1984079.1195416036,1500000.0,484079.1195416036,False,True,585.6995405936965,59.192259821250445,1382.061465777661
200.0,200.0,0,2500.0,200.0,600.0,100.0,2087091.3577581767,1500000.0,587091.3577581767,False,True,585.6995405936965,59.192259821250445,795.7275845160889
0.0,0.0,5,0.0,400.0,900.0,150.0,2222631.407650293,1502500.0,720131.4076502931,False,True,585.6995405936965,59.192259821250445,1519.724157639183
0.0,200.0,3,1500.0,200.0,600.0,150.0,2018807.8178703473,1502500.0,516307.8178703473,False,True,585.6995405936965,59.192259821250445,400.6310820069821
0.0,400.0,1,1500.0,600.0,600.0,150.0,2074029.3303599562,1502500.0,571529.3303599562,False,True,585.6995405936965,59.192259821250445,526.3841730323354
200.0,0.0,0,2500.0,0.0,1200.0,150.0,2330077.20648728,1502500.0,827577.2064872799,False,True,585.6995405936965,59.192259821250445,2676.6547602035316
200.0,0.0,2,1500.0,400.0,600.0,150.0,1856137.044642689,1502500.0,353637.04464268894,True,True,585.6995405936965,59.192259821250445,71.128735234482
200.0,400.0,2,0.0,0.0,900.0,150.0,1692245.8627341911,1502500.0,189745.86273419112,False,True,585.6995405936965,59.192259821250445,240.55996597521528
200.0,600.0,0,0.0,400.0,900.0,150.0,1943701.80788352,1502500.0,441201.8078835199,False,True,585.6995405936965,59.192259821250445,1625.8883170916251
400.0,200.0,1,0.0,200.0,900.0,150.0,1629061.9097037073,1502500.0,126561.9097037073,False,True,585.6995405936965,59.192259821250445,356.74839128708743
600.0,0.0,0,0.0,400.0,900.0,150.0,1712467.7625203421,1502500.0,209967.7625203421,False,True,585.6995405936965,59.192259821250445,902.8409742705984
0.0,0.0,3,1500.0,400.0,900.0,100.0,2225131.407650293,1505000.0,720131.4076502931,False,True,585.6995405936965,59.192259821250445,1117.0770518631246
0.0,200.0,0,3500.0,0.0,900.0,100.0,2568421.0817967523,1505000.0,1063421.0817967523,False,True,585.6995405936965,59.192259821250445,2676.6547602035316
0.0,400.0,3,0.0,0.0,1200.0,100.0,1924338.4446855574,1505000.0,419338.44468555733,False,True,585.6995405936965,59.192259821250445,735.4477728451201
0.0,600.0,1,0.0,400.0,1200.0,100.0,2031340.9375818004,1505000.0,526340.9375818004,False,True,585.6995405936965,59.192259821250445,1592.3491941967072
200.0,200.0,2,0.0,200.0,1200.0,100.0,1731697.5192947064,1505000.0,226697.51929470646,False,True,585.6995405936965,59.192259821250445,239.70016230458623
200.0,400.0,0,0.0,600.0,1200.0,100.0,1976060.330085812,1505000.0,471060.3300858119,False,True,585.6995405936965,59.192259821250445,1784.654209183036
200.0,400.0,0,1500.0,0.0,900.0,100.0,1976040.4321266282,1505000.0,471040.43212662823,False,True,585.6995405936965,59.192259821250445,2676.6547602035316
400.0,0.0,1,0.0,400.0,1200.0,100.0,1716984.644119463,1505000.0,211984.6441194628,False,True,585.6995405936965,59.192259821250445,605.5752953003814
0.0,0.0,2,2500.0,200.0,900.0,150.0,2235366.407650293,1507500.0,727866.407650293,False,True,585.6995405936965,59.192259821250445,853.4541894984877
0.0,200.0,0,2500.0,600.0,900.0,150.0,2570921.0817967523,1507500.0,1063421.0817967523,False,True,585.6995405936965,59.192259821250445,2337.606360224041
0.0,400.0,4,0.0,200.0,600.0,150.0,1926798.64876719,1507500.0,419298.64876719,False,True,585.6995405936965,59.192259821250445,717.393083860927
0.0,600.0,2,0.0,600.0,600.0,150.0,1900571.0364018786,1507500.0,393071.0364018787,False,True,585.6995405936965,59.192259821250445,698.1479654312477
200.0,0.0,5,0.0,0.0,600.0,150.0,1854951.4912798891,1507500.0,347451.4912798891,False,True,585.6995405936965,59.192259821250445,346.43072160671545
200.0,200.0,3,0.0,400.0,600.0,150.0,1730652.950615049,1507500.0,223152.95061504908,False,True,585.6995405936965,59.192259821250445,239.70016230458623
400.0,0.0,2,0.0,600.0,600.0,150.0,1671734.0225059735,1507500.0,164234.02250597352,False,True,585.6995405936965,59.192259821250445,150.00876608127055
400.0,600.0,0,0.0,0.0,600.0,150.0,1711698.7652004226,1507500.0,204198.76520042267,False,True,585.6995405936965,59.192259821250445,2676.6547602035316
0.0,0.0,1,3500.0,400.0,600.0,100.0,2463667.4443143224,1510000.0,953667.4443143227,False,True,585.6995405936965,59.192259821250445,2030.8635463830692
0.0,0.0,6,0.0,0.0,900.0,100.0,2230131.407650293,1510000.0,720131.4076502931,False,True,585.6995405936965,59.192259821250445,1519.724157639183
0.0,200.0,4,0.0,400.0,900.0,100.0,2026387.409707082,1510000.0,516387.4097070821,False,True,585.6995405936965,59.192259821250445,795.4056676197994
0.0,400.0,2,1500.0,200.0,600.0,100.0,1933869.362481824,1510000.0,423869.36248182395,True,True,585.6995405936965,59.192259821250445,33.03112909369816
0.0,600.0,0,1500.0,600.0,600.0,100.0,2269907.6575372517,1510000.0,759907.657537252,False,True,585.6995405936965,59.192259821250445,748.7652455322128
200.0,0.0,3,0.0,600.0,900.0,100.0,1857531.0831166238,1510000.0,347531.0831166238,False,True,585.6995405936965,59.192259821250445,346.42176095984763
200.0,0.0,3,1500.0,0.0,600.0,100.0,1857451.4912798891,1510000.0,347451.4912798891,False,True,585.6995405936965,59.192259821250445,346.43072160671545
200.0,200.0,1,1500.0,400.0,600.0,100.0,1818943.1501856362,1510000.0,308943.15018563636,True,True,585.6995405936965,59.192259821250445,164.30204116235717
200.0,600.0,1,0.0,0.0,900.0,100.0,1754781.6851380283,1510000.0,244781.68513802832,False,True,585.6995405936965,59.192259821250445,1002.2512760894507
400.0,0.0,0,1500.0,600.0,600.0,100.0,1916201.1985870572,1510000.0,406201.19858705706,False,True,585.6995405936965,59.192259821250445,659.9753276399601
400.0,400.0,0,0.0,200.0,900.0,100.0,1724706.4042124534,1510000.0,214706.4042124533,False,True,585.6995405936965,59.192259821250445,1046.5681450561897
600.0,0.0,1,0.0,0.0,900.0,100.0,1621227.2718043583,1510000.0,111227.2718043584,False,True,585.6995405936965,59.192259821250445,423.6869468335267
0.0,200.0,2,1500.0,0.0,1200.0,150.0,2034526.4559867333,1512500.0,522026.4559867333,False,True,585.6995405936965,59.192259821250445,795.4056676197994
0.0,400.0,0,1500.0,400.0,1200.0,150.0,2358762.0851258356,1512500.0,846262.0851258358,False,True,585.6995405936965,59.192259821250445,1228.1875654646706
0.0,400.0,1,2500.0,0.0,600.0,150.0,2084029.3303599562,1512500.0,571529.3303599562,False,True,585.6995405936965,59.192259821250445,1803.496225192748
200.0,0.0,1,1500.0,200.0,1200.0,150.0,1996579.1195416036,1512500.0,484079.1195416036,False,True,585.6995405936965,59.192259821250445,1382.061465777661
200.0,200.0,0,2500.0,200.0,600.0,150.0,2099591.3577581765,1512500.0,587091.3577581767,False,True,585.6995405936965,59.192259821250445,795.7275845160889
0.0,200.0,1,2500.0,200.0,900.0,100.0,2224454.841033374,1515000.0,709454.8410333742,False,True,585.6995405936965,59.192259821250445,1796.7899713790102
0.0,600.0,3,0.0,200.0,600.0,100.0,1903784.8017671197,1515000.0,388784.8017671198,False,True,585.6995405936965,59.192259821250445,698.1479654312477
200.0,0.0,0,2500.0,400.0,900.0,100.0,2342497.614650545,1515000.0,827497.6146505452,False,True,585.6995405936965,59.192259821250445,2189.8745906876006
200.0,200.0,4,0.0,0.0,600.0,100.0,1738152.950615049,1515000.0,223152.95061504908,False,True,585.6995405936965,59.192259821250445,246.39751560479206
200.0,400.0,2,0.0,400.0,600.0,100.0,1704725.9647750075,1515000.0,189725.96477500745,False,True,585.6995405936965,59.192259821250445,204.6667346091808
400.0,0.0,3,0.0,200.0,600.0,100.0,1676184.0667872322,1515000.0,161184.0667872323,False,True,585.6995405936965,59.192259821250445,150.00876608127055
400.0,200.0,1,0.0,600.0,600.0,100.0,1641542.0117445237,1515000.0,126542.01174452362,False,True,585.6995405936965,59.192259821250445,356.74839128708743
0.0,0.0,3,1500.0,400.0,900.0,150.0,2237631.407650293,1517500.0,720131.4076502931,False,True,585.6995405936965,59.192259821250445,1117.0770518631246
0.0,200.0,0,3500.0,0.0,900.0,150.0,2580921.0817967523,1517500.0,1063421.0817967523,False,True,585.6995405936965,59.192259821250445,2676.6547602035316
0.0,400.0,3,0.0,0.0,1200.0,150.0,1936838.4446855574,1517500.0,419338.44468555733,False,True,585.6995405936965,59.192259821250445,735.4477728451201
0.0,600.0,1,0.0,400.0,1200.0,150.0,2043840.9375818004,1517500.0,526340.9375818004,False,True,585.6995405936965,59.192259821250445,1592.3491941967072
200.0,200.0,2,0.0,200.0,1200.0,150.0,1744197.5192947064,1517500.0,226697.51929470646,False,True,585.6995405936965,59.192259821250445,239.70016230458623
200.0,400.0,0,0.0,600.0,1200.0,150.0,1988560.330085812,1517500.0,471060.3300858119,False,True,585.6995405936965,59.192259821250445,1784.654209183036
200.0,400.0,0,1500.0,0.0,900.0,150.0,1988540.4321266282,1517500.0,471040.43212662823,False,True,585.6995405936965,59.192259821250445,2676.6547602035316
400.0,0.0,1,0.0,400.0,1200.0,150.0,1729484.644119463,1517500.0,211984.6441194628,False,True,585.6995405936965,59.192259821250445,605.5752953003814
0.0,0.0,0,3500.0,200.0,1200.0,100.0,2828975.3779877936,1520000.0,1308975.3779877934,False,True,585.6995405936965,59.192259821250445,2479.383869285341
0.0,0.0,2,2500.0,600.0,600.0,100.0,2247786.815813558,1520000.0,727786.8158135582,False,True,585.6995405936965,59.192259821250445,842.1801897817923
0.0,400.0,1,1500.0,0.0,1200.0,100.0,2091569.1262783236,1520000.0,571569.1262783236,False,True,585.6995405936965,59.192259821250445,1803.496225192748
0.0,600.0,0,2500.0,0.0,600.0,100.0,2279907.6575372517,1520000.0,759907.657537252,False,True,585.6995405936965,59.192259821250445,2676.6547602035316
200.0,200.0,0,1500.0,200.0,1200.0,100.0,2107131.1536765443,1520000.0,587131.1536765441,False,True,585.6995405936965,59.192259821250445,1151.3551913168067
400.0,0.0,0,2500.0,0.0,600.0,100.0,1926201.1985870572,1520000.0,406201.19858705706,False,True,585.6995405936965,59.192259821250445,2676.6547602035316
0.0,0.0,1,3500.0,400.0,600.0,150.0,2476167.4443143224,1522500.0,953667.4443143227,False,True,585.6995405936965,59.192259821250445,2030.8635463830692
0.0,0.0,6,0.0,0.0,900.0,150.0,2242631.407650293,1522500.0,720131.4076502931,False,True,585.6995405936965,59.192259821250445,1519.724157639183
0.0,200.0,4,0.0,400.0,900.0,150.0,2038887.409707082,1522500.0,516387.4097070821,False,True,585.6995405936965,59.192259821250445,795.4056676197994
0.0,400.0,2,1500.0,200.0,600.0,150.0,1946369.362481824,1522500.0,423869.36248182395,True,True,585.6995405936965,59.192259821250445,33.03112909369816
0.0,600.0,0,1500.0,600.0,600.0,150.0,2282407.6575372517,1522500.0,759907.657537252,False,True,585.6995405936965,59.192259821250445,748.7652455322128
200.0,0.0,3,0.0,600.0,900.0,150.0,1870031.0831166238,1522500.0,347531.0831166238,False,True,585.6995405936965,59.192259821250445,346.42176095984763
200.0,0.0,3,1500.0,0.0,600.0,150.0,1869951.4912798891,1522500.0,347451.4912798891,False,True,585.6995405936965,59.192259821250445,346.43072160671545
200.0,200.0,1,1500.0,400.0,600.0,150.0,1831443.1501856362,1522500.0,308943.15018563636,True,True,585.6995405936965,59.192259821250445,164.30204116235717
200.0,600.0,1,0.0,0.0,900.0,150.0,1767281.6851380283,1522500.0,244781.68513802832,False,True,585.6995405936965,59.192259821250445,1002.2512760894507
400.0,0.0,0,1500.0,600.0,600.0,150.0,1928701.1985870572,1522500.0,406201.19858705706,False,True,585.6995405936965,59.192259821250445,659.9753276399601
400.0,400.0,0,0.0,200.0,900.0,150.0,1737206.4042124534,1522500.0,214706.4042124533,False,True,585.6995405936965,59.192259821250445,1046.5681450561897
600.0,0.0,1,0.0,0.0,900.0,150.0,1633727.2718043583,1522500.0,111227.2718043584,False,True,585.6995405936965,59.192259821250445,423.6869468335267
0.0,0.0,4,0.0,600.0,1200.0,100.0,2245210.9994870275,1525000.0,720210.9994870278,False,True,585.6995405936965,59.192259821250445,1519.724157639183
0.0,0.0,4,1500.0,0.0,900.0,100.0,2245131.407650293,1525000.0,720131.4076502931,False,True,585.6995405936965,59.192259821250445,1519.724157639183
0.0,200.0,2,1500.0,400.0,900.0,100.0,2046946.8641499986,1525000.0,521946.86414999864,False,True,585.6995405936965,59.192259821250445,390.81091394265354
0.0,600.0,2,0.0,0.0,1200.0,100.0,1918110.832320246,1525000.0,393110.83232024603,False,True,585.6995405936965,59.192259821250445,730.1873578306149
200.0,0.0,1,1500.0,600.0,900.0,100.0,2008999.527704869,1525000.0,483999.5277048688,False,True,585.6995405936965,59.192259821250445,1379.2340347087804
200.0,400.0,1,0.0,200.0,1200.0,100.0,1782207.5928782143,1525000.0,257207.59287821437,False,True,585.6995405936965,59.192259821250445,952.8441596290537
400.0,0.0,2,0.0,0.0,1200.0,100.0,1689273.8184243408,1525000.0,164273.81842434086,False,True,585.6995405936965,59.192259821250445,187.15968233842761
400.0,200.0,0,0.0,400.0,1200.0,100.0,1782162.9789977924,1525000.0,257162.97899779235,False,True,585.6995405936965,59.192259821250445,1270.1367292199398
0.0,200.0,1,2500.0,200.0,900.0,150.0,2236954.841033374,1527500.0,709454.8410333742,False,True,585.6995405936965,59.192259821250445,1796.7899713790102
0.0,600.0,3,0.0,200.0,600.0,150.0,1916284.8017671197,1527500.0,388784.8017671198,False,True,585.6995405936965,59.192259821250445,698.1479654312477
200.0,0.0,0,2500.0,400.0,900.0,150.0,2354997.614650545,1527500.0,827497.6146505452,False,True,585.6995405936965,59.192259821250445,2189.8745906876006
200.0,200.0,4,0.0,0.0,600.0,150.0,1750652.950615049,1527500.0,223152.95061504908,False,True,585.6995405936965,59.192259821250445,246.39751560479206
200.0,400.0,2,0.0,400.0,600.0,150.0,1717225.9647750075,1527500.0,189725.96477500745,False,True,585.6995405936965,59.192259821250445,204.6667346091808
400.0,0.0,3,0.0,200.0,600.0,150.0,1688684.0667872322,1527500.0,161184.0667872323,False,True,585.6995405936965,59.192259821250445,150.00876608127055
400.0,200.0,1,0.0,600.0,600.0,150.0,1654042.0117445237,1527500.0,126542.01174452362,False,True,585.6995405936965,59.192259821250445,356.74839128708743
0.0,0.0,1,2500.0,400.0,1200.0,100.0,2483826.6279877922,1530000.0,953826.6279877921,False,True,585.6995405936965,59.192259821250445,2224.8832705433274
0.0,0.0,2,3500.0,0.0,600.0,100.0,2257786.815813558,1530000.0,727786.8158135582,False,True,585.6995405936965,59.192259821250445,1519.724157639183
0.0,200.0,0,3500.0,400.0,600.0,100.0,2593341.4899600176,1530000.0,1063341.4899600176,False,True,585.6995405936965,59.192259821250445,2197.642318530915
0.0,200.0,5,0.0,0.0,900.0,100.0,2046387.409707082,1530000.0,516387.4097070821,False,True,585.6995405936965,59.192259821250445,795.4056676197994
0.0,400.0,3,0.0,400.0,900.0,100.0,1949318.5467263737,1530000.0,419318.54672637366,False,True,585.6995405936965,59.192259821250445,717.393083860927
0.0,600.0,1,1500.0,200.0,600.0,100.0,2056301.141663433,1530000.0,526301.141663433,False,True,585.6995405936965,59.192259821250445,314.1489759557343
200.0,0.0,4,0.0,200.0,900.0,100.0,1877531.0831166238,1530000.0,347531.0831166238,False,True,585.6995405936965,59.192259821250445,346.42176095984763
200.0,200.0,2,0.0,600.0,900.0,100.0,1756677.6213355227,1530000.0,226677.6213355228,False,True,585.6995405936965,59.192259821250445,239.70016230458623
200.0,200.0,2,1500.0,0.0,600.0,100.0,1756657.723376339,1530000.0,226657.7233763391,False,True,585.6995405936965,59.192259821250445,246.39751560479206
200.0,400.0,0,1500.0,400.0,600.0,100.0,2001020.5341674446,1530000.0,471020.53416744457,False,True,585.6995405936965,59.192259821250445,441.54153958275754
400.0,0.0,1,1500.0,200.0,600.0,100.0,1741944.8482010956,1530000.0,211944.84820109548,True,True,585.6995405936965,59.192259821250445,18.188292689943193
600.0,200.0,0,0.0,0.0,900.0,100.0,1659892.50961617,1530000.0,129892.50961617008,False,True,585.6995405936965,59.192259821250445,2676.6547602035316
0.0,0.0,0,3500.0,200.0,1200.0,150.0,2841475.3779877936,1532500.0,1308975.3779877934,False,True,585.6995405936965,59.192259821250445,2479.383869285341
0.0,0.0,2,2500.0,600.0,600.0,150.0,2260286.815813558,1532500.0,727786.8158135582,False,True,585.6995405936965,59.192259821250445,842.1801897817923
0.0,400.0,1,1500.0,0.0,1200.0,150.0,2104069.1262783236,1532500.0,571569.1262783236,False,True,585.6995405936965,59.192259821250445,1803.496225192748
0.0,600.0,0,2500.0,0.0,600.0,150.0,2292407.6575372517,1532500.0,759907.657537252,False,True,585.6995405936965,59.192259821250445,2676.6547602035316
200.0,200.0,0,1500.0,200.0,1200.0,150.0,2119631.1536765443,1532500.0,587131.1536765441,False,True,585.6995405936965,59.192259821250445,1151.3551913168067
400.0,0.0,0,2500.0,0.0,600.0,150.0,1938701.1985870572,1532500.0,406201.19858705706,False,True,585.6995405936965,59.192259821250445,2676.6547602035316
0.0,0.0,6,0.0,400.0,600.0,100.0,2255051.815813558,1535000.0,720051.8158135583,False,True,585.6995405936965,59.192259821250445,1519.724157639183
0.0,400.0,0,2500.0,200.0,900.0,100.0,2381242.187166652,1535000.0,846242.1871666522,False,True,585.6995405936965,59.192259821250445,1228.3775432391053
200.0,0.0,1,2500.0,0.0,900.0,100.0,2018999.527704869,1535000.0,483999.5277048688,False,True,585.6995405936965,59.192259821250445,1803.0990797793477
200.0,400.0,3,0.0,0.0,600.0,100.0,1721595.4441277487,1535000.0,186595.44412774878,False,True,585.6995405936965,59.192259821250445,240.55996597521528
200.0,600.0,1,0.0,400.0,600.0,100.0,1779761.7871788447,1535000.0,244761.78717884465,False,True,585.6995405936965,59.192259821250445,924.3215450734344
400.0,200.0,2,0.0,200.0,600.0,100.0,1635645.9936733346,1535000.0,100645.99367333455,True,True,585.6995405936965,59.192259821250445,101.1603100194996
400.0,400.0,0,0.0,600.0,600.0,100.0,1749686.5062532695,1535000.0,214686.50625326962,False,True,585.6995405936965,59.192259821250445,1046.5681450561897
600.0,0.0,1,0.0,400.0,600.0,100.0,1646207.3738451747,1535000.0,111207.37384517473,False,True,585.6995405936965,59.192259821250445,308.6069214207449
0.0,0.0,4,0.0,600.0,1200.0,150.0,2257710.9994870275,1537500.0,720210.9994870278,False,True,585.6995405936965,59.192259821250445,1519.724157639183
0.0,0.0,4,1500.0,0.0,900.0,150.0,2257631.407650293,1537500.0,720131.4076502931,False,True,585.6995405936965,59.192259821250445,1519.724157639183
0.0,200.0,2,1500.0,400.0,900.0,150.0,2059446.8641499986,1537500.0,521946.86414999864,False,True,585.6995405936965,59.192259821250445,390.81091394265354
0.0,600.0,2,0.0,0.0,1200.0,150.0,1930610.832320246,1537500.0,393110.83232024603,False,True,585.6995405936965,59.192259821250445,730.1873578306149
200.0,0.0,1,1500.0,600.0,900.0,150.0,2021499.527704869,1537500.0,483999.5277048688,False,True,585.6995405936965,59.192259821250445,1379.2340347087804
200.0,400.0,1,0.0,200.0,1200.0,150.0,1794707.5928782143,1537500.0,257207.59287821437,False,True,585.6995405936965,59.192259821250445,952.8441596290537
400.0,0.0,2,0.0,0.0,1200.0,150.0,1701773.8184243408,1537500.0,164273.81842434086,False,True,585.6995405936965,59.192259821250445,187.15968233842761
400.0,200.0,0,0.0,400.0,1200.0,150.0,1794662.9789977924,1537500.0,257162.97899779235,False,True,585.6995405936965,59.192259821250445,1270.1367292199398
0.0,0.0,2,1500.0,600.0,1200.0,100.0,2267945.9994870275,1540000.0,727945.9994870276,False,True,585.6995405936965,59.192259821250445,1117.0770518631246
0.0,0.0,3,2500.0,200.0,600.0,100.0,2260051.815813558,1540000.0,720051.8158135583,False,True,585.6995405936965,59.192259821250445,853.4541894984877
0.0,200.0,1,2500.0,600.0,600.0,100.0,2249375.2491966393,1540000.0,709375.2491966395,False,True,585.6995405936965,59.192259821250445,1788.9328618045188
0.0,600.0,0,1500.0,0.0,1200.0,100.0,2299947.4534556195,1540000.0,759947.4534556193,False,True,585.6995405936965,59.192259821250445,2676.6547602035316
400.0,0.0,0,1500.0,0.0,1200.0,100.0,1946240.9945054245,1540000.0,406240.9945054244,False,True,585.6995405936965,59.192259821250445,2676.6547602035316
0.0,0.0,1,2500.0,400.0,1200.0,150.0,2496326.6279877922,1542500.0,953826.6279877921,False,True,585.6995405936965,59.192259821250445,2224.8832705433274
0.0,0.0,2,3500.0,0.0,600.0,150.0,2270286.815813558,1542500.0,727786.8158135582,False,True,585.6995405936965,59.192259821250445,1519.724157639183
0.0,200.0,0,3500.0,400.0,600.0,150.0,2605841.4899600176,1542500.0,1063341.4899600176,False,True,585.6995405936965,59.192259821250445,2197.642318530915
0.0,200.0,5,0.0,0.0,900.0,150.0,2058887.409707082,1542500.0,516387.4097070821,False,True,585.6995405936965,59.192259821250445,795.4056676197994
0.0,400.0,3,0.0,400.0,900.0,150.0,1961818.5467263737,1542500.0,419318.54672637366,False,True,585.6995405936965,59.192259821250445,717.393083860927
0.0,600.0,1,1500.0,200.0,600.0,150.0,2068801.141663433,1542500.0,526301.141663433,False,True,585.6995405936965,59.192259821250445,314.1489759557343
200.0,0.0,4,0.0,200.0,900.0,150.0,1890031.0831166238,1542500.0,347531.0831166238,False,True,585.6995405936965,59.192259821250445,346.42176095984763
200.0,200.0,2,0.0,600.0,900.0,150.0,1769177.6213355227,1542500.0,226677.6213355228,False,True,585.6995405936965,59.192259821250445,239.70016230458623
200.0,200.0,2,1500.0,0.0,600.0,150.0,1769157.723376339,1542500.0,226657.7233763391,False,True,585.6995405936965,59.192259821250445,246.39751560479206
200.0,400.0,0,1500.0,400.0,600.0,150.0,2013520.5341674446,1542500.0,471020.53416744457,False,True,585.6995405936965,59.192259821250445,441.54153958275754
400.0,0.0,1,1500.0,200.0,600.0,150.0,1754444.8482010956,1542500.0,211944.84820109548,True,True,585.6995405936965,59.192259821250445,18.188292689943193
600.0,200.0,0,0.0,0.0,900.0,150.0,1672392.50961617,1542500.0,129892.50961617008,False,True,585.6995405936965,59.192259821250445,2676.6547602035316
0.0,0.0,0,3500.0,600.0,900.0,100.0,2853895.7861510585,1545000.0,1308895.7861510585,False,True,585.6995405936965,59.192259821250445,2279.2338937705654
0.0,0.0,5,0.0,200.0,1200.0,100.0,2265210.9994870275,1545000.0,720210.9994870278,False,True,585.6995405936965,59.192259821250445,1519.724157639183
0.0,200.0,3,0.0,600.0,1200.0,100.0,2061467.0015438166,1545000.0,516467.00154381676,False,True,585.6995405936965,59.192259821250445,795.4056676197994
0.0,200.0,3,1500.0,0.0,900.0,100.0,2061387.409707082,1545000.0,516387.4097070821,False,True,585.6995405936965,59.192259821250445,795.4056676197994
0.0,400.0,1,1500.0,400.0,900.0,100.0,2116549.22831914,1545000.0,571549.2283191399,False,True,585.6995405936965,59.192259821250445,526.3841730323354
200.0,0.0,2,1500.0,200.0,900.0,100.0,1898716.6364794236,1545000.0,353716.6364794236,True,True,585.6995405936965,59.192259821250445,80.10335623080069
200.0,200.0,0,1500.0,600.0,900.0,100.0,2132111.2557173604,1545000.0,587111.2557173604,False,True,585.6995405936965,59.192259821250445,1123.7284949450127
200.0,600.0,0,0.0,200.0,1200.0,100.0,1986221.7058427036,1545000.0,441221.7058427035,False,True,585.6995405936965,59.192259821250445,1625.8883170916251
400.0,200.0,1,0.0,0.0,1200.0,100.0,1671581.807662891,1545000.0,126581.80766289098,False,True,585.6995405936965,59.192259821250445,459.96135077389374
600.0,0.0,0,0.0,200.0,1200.0,100.0,1754983.7642513285,1545000.0,209983.76425132845,False,True,585.6995405936965,59.192259821250445,902.8409742705984
0.0,0.0,6,0.0,400.0,600.0,150.0,2267551.815813558,1547500.0,720051.8158135583,False,True,585.6995405936965,59.192259821250445,1519.724157639183
0.0,400.0,0,2500.0,200.0,900.0,150.0,2393742.187166652,1547500.0,846242.1871666522,False,True,585.6995405936965,59.192259821250445,1228.3775432391053
200.0,0.0,1,2500.0,0.0,900.0,150.0,2031499.527704869,1547500.0,483999.5277048688,False,True,585.6995405936965,59.192259821250445,1803.0990797793477
200.0,400.0,3,0.0,0.0,600.0,150.0,1734095.4441277487,1547500.0,186595.44412774878,False,True,585.6995405936965,59.192259821250445,240.55996597521528
200.0,600.0,1,0.0,400.0,600.0,150.0,1792261.7871788447,1547500.0,244761.78717884465,False,True,585.6995405936965,59.192259821250445,924.3215450734344
400.0,200.0,2,0.0,200.0,600.0,150.0,1648145.9936733346,1547500.0,100645.99367333455,True,True,585.6995405936965,59.192259821250445,101.1603100194996
400.0,400.0,0,0.0,600.0,600.0,150.0,1762186.5062532695,1547500.0,214686.50625326962,False,True,585.6995405936965,59.192259821250445,1046.5681450561897
600.0,0.0,1,0.0,400.0,600.0,150.0,1658707.3738451747,1547500.0,111207.37384517473,False,True,585.6995405936965,59.192259821250445,308.6069214207449
0.0,0.0,2,2500.0,0.0,1200.0,100.0,2277945.9994870275,1550000.0,727945.9994870276,False,True,585.6995405936965,59.192259821250445,1519.724157639183
0.0,0.0,4,1500.0,400.0,600.0,100.0,2270051.815813558,1550000.0,720051.8158135583,False,True,585.6995405936965,59.192259821250445,1117.0770518631246
0.0,200.0,0,2500.0,400.0,1200.0,100.0,2613500.673633487,1550000.0,1063500.673633487,False,True,585.6995405936965,59.192259821250445,2337.606360224041
0.0,200.0,1,3500.0,0.0,600.0,100.0,2259375.2491966393,1550000.0,709375.2491966395,False,True,585.6995405936965,59.192259821250445,2333.382064465758
0.0,400.0,4,0.0,0.0,900.0,100.0,1969318.5467263737,1550000.0,419318.54672637366,False,True,585.6995405936965,59.192259821250445,735.4477728451201
0.0,600.0,2,0.0,400.0,900.0,100.0,1943090.9343610625,1550000.0,393090.93436106236,False,True,585.6995405936965,59.192259821250445,698.1479654312477
200.0,0.0,0,3500.0,200.0,600.0,100.0,2377418.0228138105,1550000.0,827418.0228138105,False,True,585.6995405936965,59.192259821250445,2042.3127781707371
200.0,200.0,3,0.0,200.0,900.0,100.0,1773172.8485742328,1550000.0,223172.84857423278,False,True,585.6995405936965,59.192259821250445,239.70016230458623
200.0,400.0,1,0.0,600.0,900.0,100.0,1807187.6949190306,1550000.0,257187.6949190307,False,True,585.6995405936965,59.192259821250445,952.8441596290537
200.0,400.0,1,1500.0,0.0,600.0,100.0,1807167.796959847,1550000.0,257167.79695984704,False,True,585.6995405936965,59.192259821250445,1023.009294604185
400.0,0.0,2,0.0,400.0,900.0,100.0,1714253.9204651571,1550000.0,164253.9204651572,False,True,585.6995405936965,59.192259821250445,150.00876608127055
400.0,200.0,0,1500.0,200.0,600.0,100.0,1807123.183079425,1550000.0,257123.18307942498,False,True,585.6995405936965,59.192259821250445,207.80809118758447
0.0,0.0,2,1500.0,600.0,1200.0,150.0,2280445.9994870275,1552500.0,727945.9994870276,False,True,585.6995405936965,59.192259821250445,1117.0770518631246
0.0,0.0,3,2500.0,200.0,600.0,150.0,2272551.815813558,1552500.0,720051.8158135583,False,True,585.6995405936965,59.192259821250445,853.4541894984877
0.0,200.0,1,2500.0,600.0,600.0,150.0,2261875.2491966393,1552500.0,709375.2491966395,False,True,585.6995405936965,59.192259821250445,1788.9328618045188
0.0,600.0,0,1500.0,0.0,1200.0,150.0,2312447.4534556195,1552500.0,759947.4534556193,False,True,585.6995405936965,59.192259821250445,2676.6547602035316
400.0,0.0,0,1500.0,0.0,1200.0,150.0,1958740.9945054245,1552500.0,406240.9945054244,False,True,585.6995405936965,59.192259821250445,2676.6547602035316
0.0,0.0,7,0.0,0.0,600.0,100.0,2275051.815813558,1555000.0,720051.8158135583,False,True,585.6995405936965,59.192259821250445,1519.724157639183
0.0,200.0,5,0.0,400.0,600.0,100.0,2071307.8178703473,1555000.0,516307.8178703473,False,True,585.6995405936965,59.192259821250445,795.4056676197994
200.0,0.0,4,0.0,600.0,600.0,100.0,1902451.4912798891,1555000.0,347451.4912798891,False,True,585.6995405936965,59.192259821250445,346.42176095984763
200.0,200.0,0,2500.0,0.0,900.0,100.0,2142111.2557173604,1555000.0,587111.2557173604,False,True,585.6995405936965,59.192259821250445,2676.6547602035316
200.0,600.0,2,0.0,0.0,600.0,100.0,1735908.8221529187,1555000.0,180908.8221529186,False,True,585.6995405936965,59.192259821250445,239.37557108166723
400.0,400.0,1,0.0,200.0,600.0,100.0,1664033.4758525172,1555000.0,109033.47585251715,False,True,585.6995405936965,59.192259821250445,317.51064741922585
600.0,0.0,2,0.0,0.0,600.0,100.0,1646071.6381376153,1555000.0,91071.6381376154,False,True,585.6995405936965,59.192259821250445,155.86362738858443
600.0,200.0,0,0.0,400.0,600.0,100.0,1684872.6116569864,1555000.0,129872.6116569864,False,True,585.6995405936965,59.192259821250445,611.1782585632322
0.0,0.0,0,3500.0,600.0,900.0,150.0,2866395.7861510585,1557500.0,1308895.7861510585,False,True,585.6995405936965,59.192259821250445,2279.2338937705654
0.0,0.0,5,0.0,200.0,1200.0,150.0,2277710.9994870275,1557500.0,720210.9994870278,False,True,585.6995405936965,59.192259821250445,1519.724157639183
0.0,200.0,3,0.0,600.0,1200.0,150.0,2073967.0015438166,1557500.0,516467.00154381676,False,True,585.6995405936965,59.192259821250445,795.4056676197994
0.0,200.0,3,1500.0,0.0,900.0,150.0,2073887.409707082,1557500.0,516387.4097070821,False,True,585.6995405936965,59.192259821250445,795.4056676197994
0.0,400.0,1,1500.0,400.0,900.0,150.0,2129049.22831914,1557500.0,571549.2283191399,False,True,585.6995405936965,59.192259821250445,526.3841730323354
200.0,0.0,2,1500.0,200.0,900.0,150.0,1911216.6364794236,1557500.0,353716.6364794236,True,True,585.6995405936965,59.192259821250445,80.10335623080069
200.0,200.0,0,1500.0,600.0,900.0,150.0,2144611.2557173604,1557500.0,587111.2557173604,False,True,585.6995405936965,59.192259821250445,1123.7284949450127
200.0,600.0,0,0.0,200.0,1200.0,150.0,1998721.7058427036,1557500.0,441221.7058427035,False,True,585.6995405936965,59.192259821250445,1625.8883170916251
400.0,200.0,1,0.0,0.0,1200.0,150.0,1684081.807662891,1557500.0,126581.80766289098,False,True,585.6995405936965,59.192259821250445,459.96135077389374
600.0,0.0,0,0.0,200.0,1200.0,150.0,1767487.6604795258,1557500.0,209987.66047952577,False,True,585.6995405936965,59.192259821250445,902.8409742705984
0.0,0.0,3,1500.0,200.0,1200.0,100.0,2280210.9994870275,1560000.0,720210.9994870278,False,True,585.6995405936965,59.192259821250445,1130.3962042306491
0.0,200.0,1,1500.0,600.0,1200.0,100.0,2269534.432870109,1560000.0,709534.432870109,False,True,585.6995405936965,59.192259821250445,1999.304977928325
0.0,200.0,2,2500.0,200.0,600.0,100.0,2081867.272313264,1560000.0,521867.27231326397,True,True,585.6995405936965,59.192259821250445,174.08906994577174
0.0,400.0,0,2500.0,600.0,600.0,100.0,2406222.2892074687,1560000.0,846222.2892074685,False,True,585.6995405936965,59.192259821250445,868.7222025063833
200.0,0.0,1,2500.0,400.0,600.0,100.0,2043919.9358681343,1560000.0,483919.93586813414,False,True,585.6995405936965,59.192259821250445,1079.9771980426335
0.0,0.0,2,2500.0,0.0,1200.0,150.0,2290445.9994870275,1562500.0,727945.9994870276,False,True,585.6995405936965,59.192259821250445,1519.724157639183
0.0,0.0,4,1500.0,400.0,600.0,150.0,2282551.815813558,1562500.0,720051.8158135583,False,True,585.6995405936965,59.192259821250445,1117.0770518631246
0.0,200.0,0,2500.0,400.0,1200.0,150.0,2626000.673633487,1562500.0,1063500.673633487,False,True,585.6995405936965,59.192259821250445,2337.606360224041
0.0,200.0,1,3500.0,0.0,600.0,150.0,2271875.2491966393,1562500.0,709375.2491966395,False,True,585.6995405936965,59.192259821250445,2333.382064465758
0.0,400.0,4,0.0,0.0,900.0,150.0,1981818.5467263737,1562500.0,419318.54672637366,False,True,585.6995405936965,59.192259821250445,735.4477728451201
0.0,600.0,2,0.0,400.0,900.0,150.0,1955590.9343610625,1562500.0,393090.93436106236,False,True,585.6995405936965,59.192259821250445,698.1479654312477
200.0,0.0,0,3500.0,200.0,600.0,150.0,2389918.0228138105,1562500.0,827418.0228138105,False,True,585.6995405936965,59.192259821250445,2042.3127781707371
200.0,200.0,3,0.0,200.0,900.0,150.0,1785672.8485742328,1562500.0,223172.84857423278,False,True,585.6995405936965,59.192259821250445,239.70016230458623
200.0,400.0,1,0.0,600.0,900.0,150.0,1819687.6949190306,1562500.0,257187.6949190307,False,True,585.6995405936965,59.192259821250445,952.8441596290537
200.0,400.0,1,1500.0,0.0,600.0,150.0,1819667.796959847,1562500.0,257167.79695984704,False,True,585.6995405936965,59.192259821250445,1023.009294604185
400.0,0.0,2,0.0,400.0,900.0,150.0,1726753.9204651571,1562500.0,164253.9204651572,False,True,585.6995405936965,59.192259821250445,150.00876608127055
400.0,200.0,0,1500.0,200.0,600.0,150.0,1819623.183079425,1562500.0,257123.18307942498,False,True,585.6995405936965,59.192259821250445,207.80809118758447
0.0,0.0,1,3500.0,200.0,900.0,100.0,2518747.036151057,1565000.0,953747.0361510573,False,True,585.6995405936965,59.192259821250445,2059.316163010858
0.0,200.0,4,0.0,200.0,1200.0,100.0,2081467.0015438166,1565000.0,516467.00154381676,False,True,585.6995405936965,59.192259821250445,795.4056676197994
0.0,400.0,2,0.0,600.0,1200.0,100.0,1988909.1584001915,1565000.0,423909.15840019134,False,True,585.6995405936965,59.192259821250445,717.393083860927
0.0,400.0,2,1500.0,0.0,900.0,100.0,1988889.2604410076,1565000.0,423889.2604410077,False,True,585.6995405936965,59.192259821250445,735.4477728451201
0.0,600.0,0,1500.0,400.0,900.0,100.0,2324927.5554964356,1565000.0,759927.5554964356,False,True,585.6995405936965,59.192259821250445,748.7652455322128
200.0,0.0,3,0.0,400.0,1200.0,100.0,1912610.6749533585,1565000.0,347610.6749533585,False,True,585.6995405936965,59.192259821250445,346.42176095984763
200.0,200.0,1,1500.0,200.0,900.0,100.0,1873963.0481448201,1565000.0,308963.04814482003,True,True,585.6995405936965,59.192259821250445,178.603238273379
400.0,0.0,0,1500.0,400.0,900.0,100.0,1971221.0965462406,1565000.0,406221.09654624073,False,True,585.6995405936965,59.192259821250445,665.750658800778
400.0,400.0,0,0.0,0.0,1200.0,100.0,1779726.3021716368,1565000.0,214726.30217163695,False,True,585.6995405936965,59.192259821250445,2676.6547602035316
0.0,0.0,7,0.0,0.0,600.0,150.0,2287551.815813558,1567500.0,720051.8158135583,False,True,585.6995405936965,59.192259821250445,1519.724157639183
0.0,200.0,5,0.0,400.0,600.0,150.0,2083807.8178703473,1567500.0,516307.8178703473,False,True,585.6995405936965,59.192259821250445,795.4056676197994
200.0,0.0,4,0.0,600.0,600.0,150.0,1914951.4912798891,1567500.0,347451.4912798891,False,True,585.6995405936965,59.192259821250445,346.42176095984763
200.0,200.0,0,2500.0,0.0,900.0,150.0,2154611.2557173604,1567500.0,587111.2557173604,False,True,585.6995405936965,59.192259821250445,2676.6547602035316
200.0,600.0,2,0.0,0.0,600.0,150.0,1748408.8221529187,1567500.0,180908.8221529186,False,True,585.6995405936965,59.192259821250445,239.37557108166723
400.0,400.0,1,0.0,200.0,600.0,150.0,1676533.4758525172,1567500.0,109033.47585251715,False,True,585.6995405936965,59.192259821250445,317.51064741922585
600.0,0.0,2,0.0,0.0,600.0,150.0,1658571.6381376153,1567500.0,91071.6381376154,False,True,585.6995405936965,59.192259821250445,155.86362738858443
600.0,200.0,0,0.0,400.0,600.0,150.0,1697372.6116569864,1567500.0,129872.6116569864,False,True,585.6995405936965,59.192259821250445,611.1782585632322
0.0,0.0,5,0.0,600.0,900.0,100.0,2290131.407650293,1570000.0,720131.4076502931,False,True,585.6995405936965,59.192259821250445,1519.724157639183
0.0,0.0,5,1500.0,0.0,600.0,100.0,2290051.815813558,1570000.0,720051.8158135583,False,True,585.6995405936965,59.192259821250445,1519.724157639183
0.0,200.0,1,2500.0,0.0,1200.0,100.0,2279534.432870109,1570000.0,709534.432870109,False,True,585.6995405936965,59.192259821250445,2333.382064465758
0.0,200.0,3,1500.0,400.0,600.0,100.0,2086307.8178703473,1570000.0,516307.8178703473,False,True,585.6995405936965,59.192259821250445,390.81091394265354
0.0,400.0,0,3500.0,0.0,600.0,100.0,2416222.2892074687,1570000.0,846222.2892074685,False,True,585.6995405936965,59.192259821250445,2676.6547602035316
0.0,600.0,3,0.0,0.0,900.0,100.0,1958804.6997263036,1570000.0,388804.69972630346,False,True,585.6995405936965,59.192259821250445,730.1873578306149
200.0,0.0,0,2500.0,200.0,1200.0,100.0,2397577.20648728,1570000.0,827577.2064872799,False,True,585.6995405936965,59.192259821250445,2203.8416271903034
200.0,0.0,2,1500.0,600.0,600.0,100.0,1923637.044642689,1570000.0,353637.04464268894,True,True,585.6995405936965,59.192259821250445,71.128735234482
200.0,400.0,2,0.0,200.0,900.0,100.0,1759745.8627341911,1570000.0,189745.86273419112,False,True,585.6995405936965,59.192259821250445,204.6667346091808
200.0,600.0,0,0.0,600.0,900.0,100.0,2011201.80788352,1570000.0,441201.8078835199,False,True,585.6995405936965,59.192259821250445,1625.8883170916251
200.0,600.0,0,1500.0,0.0,600.0,100.0,2011181.9099243362,1570000.0,441181.90992433624,False,True,585.6995405936965,59.192259821250445,2676.6547602035316
400.0,0.0,3,0.0,0.0,900.0,100.0,1731203.964746416,1570000.0,161203.96474641596,False,True,585.6995405936965,59.192259821250445,187.15968233842761
400.0,200.0,1,0.0,400.0,900.0,100.0,1696561.9097037073,1570000.0,126561.9097037073,False,True,585.6995405936965,59.192259821250445,356.74839128708743
600.0,0.0,0,0.0,600.0,900.0,100.0,1779967.7625203421,1570000.0,209967.7625203421,False,True,585.6995405936965,59.192259821250445,902.8409742705984
600.0,0.0,0,1500.0,0.0,600.0,100.0,1779947.8645611585,1570000.0,209947.8645611584,False,True,585.6995405936965,59.192259821250445,2676.6547602035316
0.0,0.0,3,1500.0,200.0,1200.0,150.0,2292710.9994870275,1572500.0,720210.9994870278,False,True,585.6995405936965,59.192259821250445,1130.3962042306491
0.0,200.0,1,1500.0,600.0,1200.0,150.0,2282034.432870109,1572500.0,709534.432870109,False,True,585.6995405936965,59.192259821250445,1999.304977928325
0.0,200.0,2,2500.0,200.0,600.0,150.0,2094367.272313264,1572500.0,521867.27231326397,True,True,585.6995405936965,59.192259821250445,174.08906994577174
0.0,400.0,0,2500.0,600.0,600.0,150.0,2418722.2892074687,1572500.0,846222.2892074685,False,True,585.6995405936965,59.192259821250445,868.7222025063833
200.0,0.0,1,2500.0,400.0,600.0,150.0,2056419.9358681343,1572500.0,483919.93586813414,False,True,585.6995405936965,59.192259821250445,1079.9771980426335
0.0,0.0,2,2500.0,400.0,900.0,100.0,2302866.407650293,1575000.0,727866.407650293,False,True,585.6995405936965,59.192259821250445,842.1801897817923
0.0,200.0,6,0.0,0.0,600.0,100.0,2091307.8178703473,1575000.0,516307.8178703473,False,True,585.6995405936965,59.192259821250445,795.4056676197994
0.0,400.0,4,0.0,400.0,600.0,100.0,1994298.64876719,1575000.0,419298.64876719,False,True,585.6995405936965,59.192259821250445,717.393083860927
200.0,0.0,5,0.0,200.0,600.0,100.0,1922451.4912798891,1575000.0,347451.4912798891,False,True,585.6995405936965,59.192259821250445,346.42176095984763
200.0,200.0,3,0.0,600.0,600.0,100.0,1798152.950615049,1575000.0,223152.95061504908,False,True,585.6995405936965,59.192259821250445,239.70016230458623
400.0,600.0,0,0.0,200.0,600.0,100.0,1779198.7652004226,1575000.0,204198.76520042267,False,True,585.6995405936965,59.192259821250445,979.9712134234333
600.0,200.0,1,0.0,0.0,600.0,100.0,1642260.3250048251,1575000.0,67260.32500482514,False,True,585.6995405936965,59.192259821250445,344.50158119156606
0.0,0.0,1,3500.0,200.0,900.0,150.0,2531247.036151057,1577500.0,953747.0361510573,False,True,585.6995405936965,59.192259821250445,2059.316163010858
0.0,200.0,4,0.0,200.0,1200.0,150.0,2093967.0015438166,1577500.0,516467.00154381676,False,True,585.6995405936965,59.192259821250445,795.4056676197994
0.0,400.0,2,0.0,600.0,1200.0,150.0,2001409.1584001915,1577500.0,423909.15840019134,False,True,585.6995405936965,59.192259821250445,717.393083860927
0.0,400.0,2,1500.0,0.0,900.0,150.0,2001389.2604410076,1577500.0,423889.2604410077,False,True,585.6995405936965,59.192259821250445,735.4477728451201
0.0,600.0,0,1500.0,400.0,900.0,150.0,2337427.5554964356,1577500.0,759927.5554964356,False,True,585.6995405936965,59.192259821250445,748.7652455322128
200.0,0.0,3,0.0,400.0,1200.0,150.0,1925110.6749533585,1577500.0,347610.6749533585,False,True,585.6995405936965,59.192259821250445,346.42176095984763
200.0,200.0,1,1500.0,200.0,900.0,150.0,1886463.0481448201,1577500.0,308963.04814482003,True,True,585.6995405936965,59.192259821250445,178.603238273379
400.0,0.0,0,1500.0,400.0,900.0,150.0,1983721.0965462406,1577500.0,406221.09654624073,False,True,585.6995405936965,59.192259821250445,664.7140536470746
400.0,400.0,0,0.0,0.0,1200.0,150.0,1792226.3021716368,1577500.0,214726.30217163695,False,True,585.6995405936965,59.192259821250445,2676.6547602035316
0.0,200.0,2,1500.0,200.0,1200.0,100.0,2102026.4559867335,1580000.0,522026.4559867333,False,True,585.6995405936965,59.192259821250445,400.6310820069821
0.0,400.0,0,1500.0,600.0,1200.0,100.0,2426262.0851258356,1580000.0,846262.0851258358,False,True,585.6995405936965,59.192259821250445,1228.1875654646706
0.0,400.0,1,2500.0,200.0,600.0,100.0,2151529.3303599562,1580000.0,571529.3303599562,False,True,585.6995405936965,59.192259821250445,238.5101498832223
200.0,0.0,1,1500.0,400.0,1200.0,100.0,2064079.1195416036,1580000.0,484079.1195416036,False,True,585.6995405936965,59.192259821250445,1379.2340347087804
200.0,0.0,2,2500.0,0.0,600.0,100.0,1933637.044642689,1580000.0,353637.04464268894,False,True,585.6995405936965,59.192259821250445,346.43072160671545
200.0,200.0,0,2500.0,400.0,600.0,100.0,2167091.3577581765,1580000.0,587091.3577581767,False,True,585.6995405936965,59.192259821250445,770.5205453538878
0.0,0.0,5,0.0,600.0,900.0,150.0,2302631.407650293,1582500.0,720131.4076502931,False,True,585.6995405936965,59.192259821250445,1519.724157639183
0.0,0.0,5,1500.0,0.0,600.0,150.0,2302551.815813558,1582500.0,720051.8158135583,False,True,585.6995405936965,59.192259821250445,1519.724157639183
0.0,200.0,1,2500.0,0.0,1200.0,150.0,2292034.432870109,1582500.0,709534.432870109,False,True,585.6995405936965,59.192259821250445,2333.382064465758
0.0,200.0,3,1500.0,400.0,600.0,150.0,2098807.8178703473,1582500.0,516307.8178703473,False,True,585.6995405936965,59.192259821250445,390.81091394265354
0.0,400.0,0,3500.0,0.0,600.0,150.0,2428722.2892074687,1582500.0,846222.2892074685,False,True,585.6995405936965,59.192259821250445,2676.6547602035316
0.0,600.0,3,0.0,0.0,900.0,150.0,1971304.6997263036,1582500.0,388804.69972630346,False,True,585.6995405936965,59.192259821250445,730.1873578306149
200.0,0.0,0,2500.0,200.0,1200.0,150.0,2410077.20648728,1582500.0,827577.2064872799,False,True,585.6995405936965,59.192259821250445,2203.8416271903034
200.0,0.0,2,1500.0,600.0,600.0,150.0,1936137.044642689,1582500.0,353637.04464268894,True,True,585.6995405936965,59.192259821250445,71.128735234482
200.0,400.0,2,0.0,200.0,900.0,150.0,1772245.8627341911,1582500.0,189745.86273419112,False,True,585.6995405936965,59.192259821250445,204.6667346091808
200.0,600.0,0,0.0,600.0,900.0,150.0,2023701.80788352,1582500.0,441201.8078835199,False,True,585.6995405936965,59.192259821250445,1625.8883170916251
200.0,600.0,0,1500.0,0.0,600.0,150.0,2023681.9099243362,1582500.0,441181.90992433624,False,True,585.6995405936965,59.192259821250445,2676.6547602035316
400.0,0.0,3,0.0,0.0,900.0,150.0,1743703.964746416,1582500.0,161203.96474641596,False,True,585.6995405936965,59.192259821250445,187.15968233842761
400.0,200.0,1,0.0,400.0,900.0,150.0,1709061.9097037073,1582500.0,126561.9097037073,False,True,585.6995405936965,59.192259821250445,356.74839128708743
600.0,0.0,0,0.0,600.0,900.0,150.0,1792467.7625203421,1582500.0,209967.7625203421,False,True,585.6995405936965,59.192259821250445,902.8409742705984
600.0,0.0,0,1500.0,0.0,600.0,150.0,1792447.8645611585,1582500.0,209947.8645611584,False,True,585.6995405936965,59.192259821250445,2676.6547602035316
0.0,0.0,3,1500.0,600.0,900.0,100.0,2305131.407650293,1585000.0,720131.4076502931,False,True,585.6995405936965,59.192259821250445,1117.0770518631246
0.0,200.0,0,3500.0,200.0,900.0,100.0,2648421.0817967523,1585000.0,1063421.0817967523,False,True,585.6995405936965,59.192259821250445,2314.557727426344
0.0,400.0,3,0.0,200.0,1200.0,100.0,2004338.4446855574,1585000.0,419338.44468555733,False,True,585.6995405936965,59.192259821250445,717.393083860927
0.0,600.0,1,0.0,600.0,1200.0,100.0,2111340.9375818004,1585000.0,526340.9375818004,False,True,585.6995405936965,59.192259821250445,1592.3491941967072
0.0,600.0,1,1500.0,0.0,900.0,100.0,2111321.039622617,1585000.0,526321.0396226167,False,True,585.6995405936965,59.192259821250445,1659.4599343740306
200.0,0.0,4,0.0,0.0,1200.0,100.0,1932610.6749533585,1585000.0,347610.6749533585,False,True,585.6995405936965,59.192259821250445,346.43072160671545
200.0,200.0,2,0.0,400.0,1200.0,100.0,1811697.5192947064,1585000.0,226697.51929470646,False,True,585.6995405936965,59.192259821250445,239.70016230458623
200.0,400.0,0,1500.0,200.0,900.0,100.0,2056040.4321266282,1585000.0,471040.43212662823,False,True,585.6995405936965,59.192259821250445,471.1902919113452
400.0,0.0,1,0.0,600.0,1200.0,100.0,1796984.644119463,1585000.0,211984.6441194628,False,True,585.6995405936965,59.192259821250445,605.5752953003814
400.0,0.0,1,1500.0,0.0,900.0,100.0,1796964.746160279,1585000.0,211964.74616027914,False,True,585.6995405936965,59.192259821250445,667.2022422721102
0.0,0.0,2,2500.0,400.0,900.0,150.0,2315366.407650293,1587500.0,727866.407650293,False,True,585.6995405936965,59.192259821250445,842.1801897817923
0.0,200.0,6,0.0,0.0,600.0,150.0,2103807.8178703473,1587500.0,516307.8178703473,False,True,585.6995405936965,59.192259821250445,795.4056676197994
0.0,400.0,4,0.0,400.0,600.0,150.0,2006798.64876719,1587500.0,419298.64876719,False,True,585.6995405936965,59.192259821250445,717.393083860927
200.0,0.0,5,0.0,200.0,600.0,150.0,1934951.4912798891,1587500.0,347451.4912798891,False,True,585.6995405936965,59.192259821250445,346.42176095984763
200.0,200.0,3,0.0,600.0,600.0,150.0,1810652.950615049,1587500.0,223152.95061504908,False,True,585.6995405936965,59.192259821250445,239.70016230458623
400.0,600.0,0,0.0,200.0,600.0,150.0,1791698.7652004226,1587500.0,204198.76520042267,False,True,585.6995405936965,59.192259821250445,979.9712134234333
600.0,200.0,1,0.0,0.0,600.0,150.0,1654760.3250048251,1587500.0,67260.32500482514,False,True,585.6995405936965,59.192259821250445,344.50158119156606
0.0,0.0,1,3500.0,600.0,600.0,100.0,2543667.4443143224,1590000.0,953667.4443143227,False,True,585.6995405936965,59.192259821250445,2030.8635463830692
0.0,0.0,6,0.0,200.0,900.0,100.0,2310131.407650293,1590000.0,720131.4076502931,False,True,585.6995405936965,59.192259821250445,1519.724157639183
0.0,200.0,4,0.0,600.0,900.0,100.0,2106387.409707082,1590000.0,516387.4097070821,False,True,585.6995405936965,59.192259821250445,795.4056676197994
0.0,200.0,4,1500.0,0.0,600.0,100.0,2106307.8178703473,1590000.0,516307.8178703473,False,True,585.6995405936965,59.192259821250445,795.4056676197994
0.0,400.0,0,2500.0,0.0,1200.0,100.0,2436262.0851258356,1590000.0,846262.0851258358,False,True,585.6995405936965,59.192259821250445,2676.6547602035316
0.0,400.0,2,1500.0,400.0,600.0,100.0,2013869.362481824,1590000.0,423869.36248182395,True,True,585.6995405936965,59.192259821250445,0.0
200.0,0.0,3,1500.0,200.0,600.0,100.0,1937451.4912798891,1590000.0,347451.4912798891,True,True,585.6995405936965,59.192259821250445,80.10335623080069
200.0,200.0,1,1500.0,600.0,600.0,100.0,1898943.1501856362,1590000.0,308943.15018563636,True,True,585.6995405936965,59.192259821250445,164.30204116235717
200.0,600.0,1,0.0,200.0,900.0,100.0,1834781.6851380283,1590000.0,244781.68513802832,False,True,585.6995405936965,59.192259821250445,924.3215450734344
400.0,200.0,2,0.0,0.0,900.0,100.0,1690665.8916325183,1590000.0,100665.89163251824,False,True,585.6995405936965,59.192259821250445,154.64280629292853
400.0,400.0,0,0.0,400.0,900.0,100.0,1804706.4042124534,1590000.0,214706.4042124533,False,True,585.6995405936965,59.192259821250445,1046.5681450561897
600.0,0.0,1,0.0,200.0,900.0,100.0,1701227.2718043583,1590000.0,111227.2718043584,False,True,585.6995405936965,59.192259821250445,308.6069214207449
0.0,200.0,2,1500.0,200.0,1200.0,150.0,2114526.4559867335,1592500.0,522026.4559867333,False,True,585.6995405936965,59.192259821250445,400.6310820069821
0.0,400.0,0,1500.0,600.0,1200.0,150.0,2438762.0851258356,1592500.0,846262.0851258358,False,True,585.6995405936965,59.192259821250445,1228.1875654646706
0.0,400.0,1,2500.0,200.0,600.0,150.0,2164029.3303599562,1592500.0,571529.3303599562,False,True,585.6995405936965,59.192259821250445,238.5101498832223
200.0,0.0,1,1500.0,400.0,1200.0,150.0,2076579.1195416036,1592500.0,484079.1195416036,False,True,585.6995405936965,59.192259821250445,1379.2340347087804
200.0,0.0,2,2500.0,0.0,600.0,150.0,1946137.044642689,1592500.0,353637.04464268894,False,True,585.6995405936965,59.192259821250445,346.43072160671545
200.0,200.0,0,2500.0,400.0,600.0,150.0,2179591.3577581765,1592500.0,587091.3577581767,False,True,585.6995405936965,59.192259821250445,770.5205453538878
0.0,0.0,3,2500.0,0.0,900.0,100.0,2315131.407650293,1595000.0,720131.4076502931,False,True,585.6995405936965,59.192259821250445,1519.724157639183
0.0,200.0,1,2500.0,400.0,900.0,100.0,2304454.841033374,1595000.0,709454.8410333742,False,True,585.6995405936965,59.192259821250445,1788.9328618045188
0.0,400.0,5,0.0,0.0,600.0,100.0,2014298.64876719,1595000.0,419298.64876719,False,True,585.6995405936965,59.192259821250445,735.4477728451201
0.0,600.0,3,0.0,400.0,600.0,100.0,1983784.8017671197,1595000.0,388784.8017671198,False,True,585.6995405936965,59.192259821250445,698.1479654312477
200.0,0.0,0,2500.0,600.0,900.0,100.0,2422497.614650545,1595000.0,827497.6146505452,False,True,585.6995405936965,59.192259821250445,2189.8745906876006
200.0,200.0,4,0.0,200.0,600.0,100.0,1818152.950615049,1595000.0,223152.95061504908,False,True,585.6995405936965,59.192259821250445,239.70016230458623
200.0,400.0,2,0.0,600.0,600.0,100.0,1784725.9647750075,1595000.0,189725.96477500745,False,True,585.6995405936965,59.192259821250445,204.6667346091808
400.0,0.0,3,0.0,400.0,600.0,100.0,1756184.0667872322,1595000.0,161184.0667872323,False,True,585.6995405936965,59.192259821250445,150.00876608127055
600.0,400.0,0,0.0,0.0,600.0,100.0,1704999.8464564537,1595000.0,109999.84645645364,False,True,585.6995405936965,59.192259821250445,2676.6547602035316
0.0,0.0,3,1500.0,600.0,900.0,150.0,2317631.407650293,1597500.0,720131.4076502931,False,True,585.6995405936965,59.192259821250445,1117.0770518631246
0.0,200.0,0,3500.0,200.0,900.0,150.0,2660921.0817967523,1597500.0,1063421.0817967523,False,True,585.6995405936965,59.192259821250445,2314.557727426344
0.0,400.0,3,0.0,200.0,1200.0,150.0,2016838.4446855574,1597500.0,419338.44468555733,False,True,585.6995405936965,59.192259821250445,717.393083860927
0.0,600.0,1,0.0,600.0,1200.0,150.0,2123840.9375818004,1597500.0,526340.9375818004,False,True,585.6995405936965,59.192259821250445,1592.3491941967072
0.0,600.0,1,1500.0,0.0,900.0,150.0,2123821.039622617,1597500.0,526321.0396226167,False,True,585.6995405936965,59.192259821250445,1659.4599343740306
200.0,0.0,4,0.0,0.0,1200.0,150.0,1945110.6749533585,1597500.0,347610.6749533585,False,True,585.6995405936965,59.192259821250445,346.43072160671545
200.0,200.0,2,0.0,400.0,1200.0,150.0,1824197.5192947064,1597500.0,226697.51929470646,False,True,585.6995405936965,59.192259821250445,239.70016230458623
200.0,400.0,0,1500.0,200.0,900.0,150.0,2068540.4321266282,1597500.0,471040.43212662823,False,True,585.6995405936965,59.192259821250445,471.1902919113452
400.0,0.0,1,0.0,600.0,1200.0,150.0,1809484.644119463,1597500.0,211984.6441194628,False,True,585.6995405936965,59.192259821250445,605.5752953003814
400.0,0.0,1,1500.0,0.0,900.0,150.0,1809464.746160279,1597500.0,211964.74616027914,False,True,585.6995405936965,59.192259821250445,667.2022422721102
0.0,0.0,0,3500.0,400.0,1200.0,100.0,2908975.3779877936,1600000.0,1308975.3779877934,False,True,585.6995405936965,59.192259821250445,2279.2338937705654
0.0,400.0,1,1500.0,200.0,1200.0,100.0,2171569.1262783236,1600000.0,571569.1262783236,False,True,585.6995405936965,59.192259821250445,561.0433102651489
0.0,600.0,0,2500.0,200.0,600.0,100.0,2359907.6575372517,1600000.0,759907.657537252,False,True,585.6995405936965,59.192259821250445,845.2960733815395
200.0,0.0,2,1500.0,0.0,1200.0,100.0,1953796.2283161583,1600000.0,353796.2283161583,False,True,585.6995405936965,59.192259821250445,346.43072160671545
200.0,200.0,0,1500.0,400.0,1200.0,100.0,2187131.1536765443,1600000.0,587131.1536765441,False,True,585.6995405936965,59.192259821250445,1132.4481370970439
200.0,200.0,1,2500.0,0.0,600.0,100.0,1908943.1501856362,1600000.0,308943.15018563636,False,True,585.6995405936965,59.192259821250445,1123.601824813322
400.0,0.0,0,2500.0,200.0,600.0,100.0,2006201.1985870572,1600000.0,406201.19858705706,False,True,585.6995405936965,59.192259821250445,465.5815557214994
0.0,0.0,1,3500.0,600.0,600.0,150.0,2556167.4443143224,1602500.0,953667.4443143227,False,True,585.6995405936965,59.192259821250445,2030.8635463830692
0.0,0.0,6,0.0,200.0,900.0,150.0,2322631.407650293,1602500.0,720131.4076502931,False,True,585.6995405936965,59.192259821250445,1519.724157639183
0.0,200.0,4,0.0,600.0,900.0,150.0,2118887.409707082,1602500.0,516387.4097070821,False,True,585.6995405936965,59.192259821250445,795.4056676197994
0.0,200.0,4,1500.0,0.0,600.0,150.0,2118807.8178703473,1602500.0,516307.8178703473,False,True,585.6995405936965,59.192259821250445,795.4056676197994
0.0,400.0,0,2500.0,0.0,1200.0,150.0,2448762.0851258356,1602500.0,846262.0851258358,False,True,585.6995405936965,59.192259821250445,2676.6547602035316
0.0,400.0,2,1500.0,400.0,600.0,150.0,2026369.362481824,1602500.0,423869.36248182395,True,True,585.6995405936965,59.192259821250445,0.0
200.0,0.0,3,1500.0,200.0,600.0,150.0,1949951.4912798891,1602500.0,347451.4912798891,True,True,585.6995405936965,59.192259821250445,80.10335623080069
200.0,200.0,1,1500.0,600.0,600.0,150.0,1911443.1501856362,1602500.0,308943.15018563636,True,True,585.6995405936965,59.192259821250445,164.30204116235717
200.0,600.0,1,0.0,200.0,900.0,150.0,1847281.6851380283,1602500.0,244781.68513802832,False,True,585.6995405936965,59.192259821250445,924.3215450734344
400.0,200.0,2,0.0,0.0,900.0,150.0,1703165.8916325183,1602500.0,100665.89163251824,False,True,585.6995405936965,59.192259821250445,154.64280629292853
400.0,400.0,0,0.0,400.0,900.0,150.0,1817206.4042124534,1602500.0,214706.4042124533,False,True,585.6995405936965,59.192259821250445,1046.5681450561897
600.0,0.0,1,0.0,200.0,900.0,150.0,1713727.2718043583,1602500.0,111227.2718043584,False,True,585.6995405936965,59.192259821250445,308.6069214207449
0.0,0.0,4,1500.0,200.0,900.0,100.0,2325131.407650293,1605000.0,720131.4076502931,False,True,585.6995405936965,59.192259821250445,1130.3962042306491
0.0,200.0,2,1500.0,600.0,900.0,100.0,2126946.864149999,1605000.0,521946.86414999864,False,True,585.6995405936965,59.192259821250445,390.81091394265354
0.0,600.0,2,0.0,200.0,1200.0,100.0,1998110.832320246,1605000.0,393110.83232024603,False,True,585.6995405936965,59.192259821250445,698.1479654312477
200.0,0.0,0,3500.0,0.0,900.0,100.0,2432497.614650545,1605000.0,827497.6146505452,False,True,585.6995405936965,59.192259821250445,2676.6547602035316
200.0,200.0,3,0.0,0.0,1200.0,100.0,1828192.7465334164,1605000.0,223192.74653341644,False,True,585.6995405936965,59.192259821250445,246.39751560479206
200.0,400.0,1,0.0,400.0,1200.0,100.0,1862207.5928782143,1605000.0,257207.59287821437,False,True,585.6995405936965,59.192259821250445,952.8441596290537
400.0,0.0,2,0.0,200.0,1200.0,100.0,1769273.8184243408,1605000.0,164273.81842434086,False,True,585.6995405936965,59.192259821250445,150.00876608127055
400.0,200.0,0,0.0,600.0,1200.0,100.0,1862162.9789977924,1605000.0,257162.97899779235,False,True,585.6995405936965,59.192259821250445,1270.1367292199398
400.0,200.0,0,1500.0,0.0,900.0,100.0,1862143.0810386087,1605000.0,257143.08103860868,False,True,585.6995405936965,59.192259821250445,2676.6547602035316
0.0,0.0,3,2500.0,0.0,900.0,150.0,2327631.407650293,1607500.0,720131.4076502931,False,True,585.6995405936965,59.192259821250445,1519.724157639183
0.0,200.0,1,2500.0,400.0,900.0,150.0,2316954.841033374,1607500.0,709454.8410333742,False,True,585.6995405936965,59.192259821250445,1788.9328618045188
0.0,400.0,5,0.0,0.0,600.0,150.0,2026798.64876719,1607500.0,419298.64876719,False,True,585.6995405936965,59.192259821250445,735.4477728451201
0.0,600.0,3,0.0,400.0,600.0,150.0,1996284.8017671197,1607500.0,388784.8017671198,False,True,585.6995405936965,59.192259821250445,698.1479654312477
200.0,0.0,0,2500.0,600.0,900.0,150.0,2434997.614650545,1607500.0,827497.6146505452,False,True,585.6995405936965,59.192259821250445,2189.8745906876006
200.0,200.0,4,0.0,200.0,600.0,150.0,1830652.950615049,1607500.0,223152.95061504908,False,True,585.6995405936965,59.192259821250445,239.70016230458623
200.0,400.0,2,0.0,600.0,600.0,150.0,1797225.9647750075,1607500.0,189725.96477500745,False,True,585.6995405936965,59.192259821250445,204.6667346091808
400.0,0.0,3,0.0,400.0,600.0,150.0,1768684.0667872322,1607500.0,161184.0667872323,False,True,585.6995405936965,59.192259821250445,150.00876608127055
600.0,400.0,0,0.0,0.0,600.0,150.0,1717499.8464564537,1607500.0,109999.84645645364,False,True,585.6995405936965,59.192259821250445,2676.6547602035316
0.0,0.0,1,2500.0,600.0,1200.0,100.0,2563826.6279877922,1610000.0,953826.6279877921,False,True,585.6995405936965,59.192259821250445,2224.8832705433274
0.0,0.0,2,3500.0,200.0,600.0,100.0,2337786.815813558,1610000.0,727786.8158135582,False,True,585.6995405936965,59.192259821250445,512.2177809947641
0.0,200.0,0,3500.0,600.0,600.0,100.0,2673341.4899600176,1610000.0,1063341.4899600176,False,True,585.6995405936965,59.192259821250445,2197.642318530915
0.0,200.0,5,0.0,200.0,900.0,100.0,2126387.409707082,1610000.0,516387.4097070821,False,True,585.6995405936965,59.192259821250445,795.4056676197994
0.0,400.0,3,0.0,600.0,900.0,100.0,2029318.5467263737,1610000.0,419318.54672637366,False,True,585.6995405936965,59.192259821250445,717.393083860927
0.0,400.0,3,1500.0,0.0,600.0,100.0,2029298.64876719,1610000.0,419298.64876719,False,True,585.6995405936965,59.192259821250445,735.4477728451201
0.0,600.0,1,1500.0,400.0,600.0,100.0,2136301.141663433,1610000.0,526301.141663433,False,True,585.6995405936965,59.192259821250445,278.34707475002347
200.0,0.0,4,0.0,400.0,900.0,100.0,1957531.0831166238,1610000.0,347531.0831166238,False,True,585.6995405936965,59.192259821250445,346.42176095984763
200.0,200.0,2,1500.0,200.0,600.0,100.0,1836657.723376339,1610000.0,226657.7233763391,True,True,585.6995405936965,59.192259821250445,10.163636936752138
200.0,400.0,0,1500.0,600.0,600.0,100.0,2081020.5341674446,1610000.0,471020.53416744457,False,True,585.6995405936965,59.192259821250445,441.54153958275754
400.0,0.0,1,1500.0,400.0,600.0,100.0,1821944.8482010956,1610000.0,211944.84820109548,True,True,585.6995405936965,59.192259821250445,12.936198519456388
400.0,400.0,1,0.0,0.0,900.0,100.0,1719053.3738117008,1610000.0,109053.37381170082,False,True,585.6995405936965,59.192259821250445,433.9959012895594
600.0,200.0,0,0.0,200.0,900.0,100.0,1739892.50961617,1610000.0,129892.50961617008,False,True,585.6995405936965,59.192259821250445,611.1782585632322
0.0,0.0,0,3500.0,400.0,1200.0,150.0,2921475.3779877936,1612500.0,1308975.3779877934,False,True,585.6995405936965,59.192259821250445,2279.2338937705654
0.0,400.0,1,1500.0,200.0,1200.0,150.0,2184069.1262783236,1612500.0,571569.1262783236,False,True,585.6995405936965,59.192259821250445,561.0433102651489
0.0,600.0,0,2500.0,200.0,600.0,150.0,2372407.6575372517,1612500.0,759907.657537252,False,True,585.6995405936965,59.192259821250445,845.2960733815395
200.0,0.0,2,1500.0,0.0,1200.0,150.0,1966296.2283161583,1612500.0,353796.2283161583,False,True,585.6995405936965,59.192259821250445,346.43072160671545
200.0,200.0,0,1500.0,400.0,1200.0,150.0,2199631.1536765443,1612500.0,587131.1536765441,False,True,585.6995405936965,59.192259821250445,1132.4481370970439
200.0,200.0,1,2500.0,0.0,600.0,150.0,1921443.1501856362,1612500.0,308943.15018563636,False,True,585.6995405936965,59.192259821250445,1123.601824813322
400.0,0.0,0,2500.0,200.0,600.0,150.0,2018701.1985870572,1612500.0,406201.19858705706,False,True,585.6995405936965,59.192259821250445,465.5815557214994
0.0,0.0,6,0.0,600.0,600.0,100.0,2335051.815813558,1615000.0,720051.8158135583,False,True,585.6995405936965,59.192259821250445,1519.724157639183
0.0,200.0,2,2500.0,0.0,900.0,100.0,2136946.864149999,1615000.0,521946.86414999864,False,True,585.6995405936965,59.192259821250445,795.4056676197994
0.0,400.0,0,2500.0,400.0,900.0,100.0,2461242.187166652,1615000.0,846242.1871666522,False,True,585.6995405936965,59.192259821250445,868.7222025063833
0.0,600.0,4,0.0,0.0,600.0,100.0,2003784.8017671197,1615000.0,388784.8017671198,False,True,585.6995405936965,59.192259821250445,730.1873578306149
200.0,0.0,1,2500.0,200.0,900.0,100.0,2098999.527704869,1615000.0,483999.5277048688,False,True,585.6995405936965,59.192259821250445,1083.132052277496
200.0,400.0,3,0.0,200.0,600.0,100.0,1801595.4441277487,1615000.0,186595.44412774878,False,True,585.6995405936965,59.192259821250445,204.6667346091808
200.0,600.0,1,0.0,600.0,600.0,100.0,1859761.7871788447,1615000.0,244761.78717884465,False,True,585.6995405936965,59.192259821250445,924.3215450734344
400.0,0.0,4,0.0,0.0,600.0,100.0,1776184.0667872322,1615000.0,161184.0667872323,False,True,585.6995405936965,59.192259821250445,187.15968233842761
400.0,200.0,2,0.0,400.0,600.0,100.0,1715645.9936733346,1615000.0,100645.99367333455,True,True,585.6995405936965,59.192259821250445,101.1603100194996
600.0,0.0,1,0.0,600.0,600.0,100.0,1726207.3738451747,1615000.0,111207.37384517473,False,True,585.6995405936965,59.192259821250445,308.6069214207449
0.0,0.0,4,1500.0,200.0,900.0,150.0,2337631.407650293,1617500.0,720131.4076502931,False,True,585.6995405936965,59.192259821250445,1130.3962042306491
0.0,200.0,2,1500.0,600.0,900.0,150.0,2139446.864149999,1617500.0,521946.86414999864,False,True,585.6995405936965,59.192259821250445,390.81091394265354
0.0,600.0,2,0.0,200.0,1200.0,150.0,2010610.832320246,1617500.0,393110.83232024603,False,True,585.6995405936965,59.192259821250445,698.1479654312477
200.0,0.0,0,3500.0,0.0,900.0,150.0,2444997.614650545,1617500.0,827497.6146505452,False,True,585.6995405936965,59.192259821250445,2676.6547602035316
200.0,200.0,3,0.0,0.0,1200.0,150.0,1840692.7465334164,1617500.0,223192.74653341644,False,True,585.6995405936965,59.192259821250445,246.39751560479206
200.0,400.0,1,0.0,400.0,1200.0,150.0,1874707.5928782143,1617500.0,257207.59287821437,False,True,585.6995405936965,59.192259821250445,952.8441596290537
400.0,0.0,2,0.0,200.0,1200.0,150.0,1781773.8184243408,1617500.0,164273.81842434086,False,True,585.6995405936965,59.192259821250445,150.00876608127055
400.0,200.0,0,0.0,600.0,1200.0,150.0,1874662.9789977924,1617500.0,257162.97899779235,False,True,585.6995405936965,59.192259821250445,1270.1367292199398
400.0,200.0,0,1500.0,0.0,900.0,150.0,1874643.0810386087,1617500.0,257143.08103860868,False,True,585.6995405936965,59.192259821250445,2676.6547602035316
0.0,0.0,1,3500.0,0.0,1200.0,100.0,2573826.6279877922,1620000.0,953826.6279877921,False,True,585.6995405936965,59.192259821250445,2676.6547602035316
0.0,0.0,3,2500.0,400.0,600.0,100.0,2340051.815813558,1620000.0,720051.8158135583,False,True,585.6995405936965,59.192259821250445,842.1801897817923
0.0,600.0,0,1500.0,200.0,1200.0,100.0,2379947.4534556195,1620000.0,759947.4534556193,False,True,585.6995405936965,59.192259821250445,1058.2213076049975
200.0,200.0,1,1500.0,0.0,1200.0,100.0,1928982.9461040036,1620000.0,308982.9461040037,False,True,585.6995405936965,59.192259821250445,1123.601824813322
200.0,400.0,0,2500.0,0.0,600.0,100.0,2091020.5341674446,1620000.0,471020.53416744457,False,True,585.6995405936965,59.192259821250445,2676.6547602035316
400.0,0.0,0,1500.0,200.0,1200.0,100.0,2026240.9945054245,1620000.0,406240.9945054244,False,True,585.6995405936965,59.192259821250445,695.1388850341377
0.0,0.0,1,2500.0,600.0,1200.0,150.0,2576326.6279877922,1622500.0,953826.6279877921,False,True,585.6995405936965,59.192259821250445,2224.8832705433274
0.0,0.0,2,3500.0,200.0,600.0,150.0,2350286.815813558,1622500.0,727786.8158135582,False,True,585.6995405936965,59.192259821250445,512.2177809947641
0.0,200.0,0,3500.0,600.0,600.0,150.0,2685841.4899600176,1622500.0,1063341.4899600176,False,True,585.6995405936965,59.192259821250445,2197.642318530915
0.0,200.0,5,0.0,200.0,900.0,150.0,2138887.409707082,1622500.0,516387.4097070821,False,True,585.6995405936965,59.192259821250445,795.4056676197994
0.0,400.0,3,0.0,600.0,900.0,150.0,2041818.5467263737,1622500.0,419318.54672637366,False,True,585.6995405936965,59.192259821250445,717.393083860927
0.0,400.0,3,1500.0,0.0,600.0,150.0,2041798.64876719,1622500.0,419298.64876719,False,True,585.6995405936965,59.192259821250445,735.4477728451201
0.0,600.0,1,1500.0,400.0,600.0,150.0,2148801.141663433,1622500.0,526301.141663433,False,True,585.6995405936965,59.192259821250445,278.34707475002347
200.0,0.0,4,0.0,400.0,900.0,150.0,1970031.0831166238,1622500.0,347531.0831166238,False,True,585.6995405936965,59.192259821250445,346.42176095984763
200.0,200.0,2,1500.0,200.0,600.0,150.0,1849157.723376339,1622500.0,226657.7233763391,True,True,585.6995405936965,59.192259821250445,10.163636936752138
200.0,400.0,0,1500.0,600.0,600.0,150.0,2093520.5341674446,1622500.0,471020.53416744457,False,True,585.6995405936965,59.192259821250445,441.54153958275754
400.0,0.0,1,1500.0,400.0,600.0,150.0,1834444.8482010956,1622500.0,211944.84820109548,True,True,585.6995405936965,59.192259821250445,12.936198519456388
400.0,400.0,1,0.0,0.0,900.0,150.0,1731553.3738117008,1622500.0,109053.37381170082,False,True,585.6995405936965,59.192259821250445,433.9959012895594
600.0,200.0,0,0.0,200.0,900.0,150.0,1752392.50961617,1622500.0,129892.50961617008,False,True,585.6995405936965,59.192259821250445,611.1782585632322
0.0,0.0,5,0.0,400.0,1200.0,100.0,2345210.9994870275,1625000.0,720210.9994870278,False,True,585.6995405936965,59.192259821250445,1519.724157639183
0.0,200.0,3,1500.0,200.0,900.0,100.0,2141387.409707082,1625000.0,516387.4097070821,False,True,585.6995405936965,59.192259821250445,400.6310820069821
0.0,400.0,1,1500.0,600.0,900.0,100.0,2196549.22831914,1625000.0,571549.2283191399,False,True,585.6995405936965,59.192259821250445,526.3841730323354
200.0,0.0,2,1500.0,400.0,900.0,100.0,1978716.6364794236,1625000.0,353716.6364794236,True,True,585.6995405936965,59.192259821250445,71.128735234482
200.0,400.0,2,0.0,0.0,1200.0,100.0,1814765.7606933748,1625000.0,189765.7606933748,False,True,585.6995405936965,59.192259821250445,240.55996597521528
200.0,600.0,0,0.0,400.0,1200.0,100.0,2066221.7058427036,1625000.0,441221.7058427035,False,True,585.6995405936965,59.192259821250445,1625.8883170916251
400.0,200.0,1,0.0,200.0,1200.0,100.0,1751581.807662891,1625000.0,126581.80766289098,False,True,585.6995405936965,59.192259821250445,356.74839128708743
600.0,0.0,0,0.0,400.0,1200.0,100.0,1834983.7642513285,1625000.0,209983.76425132845,False,True,585.6995405936965,59.192259821250445,902.8409742705984
0.0,0.0,6,0.0,600.0,600.0,150.0,2347551.815813558,1627500.0,720051.8158135583,False,True,585.6995405936965,59.192259821250445,1519.724157639183
0.0,200.0,2,2500.0,0.0,900.0,150.0,2149446.864149999,1627500.0,521946.86414999864,False,True,585.6995405936965,59.192259821250445,795.4056676197994
0.0,400.0,0,2500.0,400.0,900.0,150.0,2473742.187166652,1627500.0,846242.1871666522,False,True,585.6995405936965,59.192259821250445,868.7222025063833
0.0,600.0,4,0.0,0.0,600.0,150.0,2016284.8017671197,1627500.0,388784.8017671198,False,True,585.6995405936965,59.192259821250445,730.1873578306149
200.0,0.0,1,2500.0,200.0,900.0,150.0,2111499.527704869,1627500.0,483999.5277048688,False,True,585.6995405936965,59.192259821250445,1083.132052277496
200.0,400.0,3,0.0,200.0,600.0,150.0,1814095.4441277487,1627500.0,186595.44412774878,False,True,585.6995405936965,59.192259821250445,204.6667346091808
200.0,600.0,1,0.0,600.0,600.0,150.0,1872261.7871788447,1627500.0,244761.78717884465,False,True,585.6995405936965,59.192259821250445,924.3215450734344
400.0,0.0,4,0.0,0.0,600.0,150.0,1788684.0667872322,1627500.0,161184.0667872323,False,True,585.6995405936965,59.192259821250445,187.15968233842761
400.0,200.0,2,0.0,400.0,600.0,150.0,1728145.9936733346,1627500.0,100645.99367333455,True,True,585.6995405936965,59.192259821250445,101.1603100194996
600.0,0.0,1,0.0,600.0,600.0,150.0,1738707.3738451747,1627500.0,111207.37384517473,False,True,585.6995405936965,59.192259821250445,308.6069214207449
0.0,0.0,2,2500.0,200.0,1200.0,100.0,2357945.9994870275,1630000.0,727945.9994870276,False,True,585.6995405936965,59.192259821250445,853.4541894984877
0.0,0.0,4,1500.0,600.0,600.0,100.0,2350051.815813558,1630000.0,720051.8158135583,False,True,585.6995405936965,59.192259821250445,1117.0770518631246
0.0,200.0,0,2500.0,600.0,1200.0,100.0,2693500.673633487,1630000.0,1063500.673633487,False,True,585.6995405936965,59.192259821250445,2337.606360224041
0.0,200.0,1,3500.0,200.0,600.0,100.0,2339375.2491966393,1630000.0,709375.2491966395,False,True,585.6995405936965,59.192259821250445,1573.9664852470469
0.0,400.0,4,0.0,200.0,900.0,100.0,2049318.5467263737,1630000.0,419318.54672637366,False,True,585.6995405936965,59.192259821250445,717.393083860927
0.0,600.0,2,0.0,600.0,900.0,100.0,2023090.9343610625,1630000.0,393090.93436106236,False,True,585.6995405936965,59.192259821250445,698.1479654312477
0.0,600.0,2,1500.0,0.0,600.0,100.0,2023071.0364018786,1630000.0,393071.0364018787,False,True,585.6995405936965,59.192259821250445,730.1873578306149
200.0,0.0,0,3500.0,400.0,600.0,100.0,2457418.0228138105,1630000.0,827418.0228138105,False,True,585.6995405936965,59.192259821250445,2022.126557574584
200.0,0.0,5,0.0,0.0,900.0,100.0,1977531.0831166238,1630000.0,347531.0831166238,False,True,585.6995405936965,59.192259821250445,346.43072160671545
200.0,200.0,3,0.0,400.0,900.0,100.0,1853172.8485742328,1630000.0,223172.84857423278,False,True,585.6995405936965,59.192259821250445,239.70016230458623
200.0,400.0,1,1500.0,200.0,600.0,100.0,1887167.796959847,1630000.0,257167.79695984704,True,True,585.6995405936965,59.192259821250445,20.12024024540362
400.0,0.0,2,0.0,600.0,900.0,100.0,1794253.9204651571,1630000.0,164253.9204651572,False,True,585.6995405936965,59.192259821250445,150.00876608127055
400.0,0.0,2,1500.0,0.0,600.0,100.0,1794234.0225059735,1630000.0,164234.02250597352,False,True,585.6995405936965,59.192259821250445,187.15968233842761
400.0,200.0,0,1500.0,400.0,600.0,100.0,1887123.183079425,1630000.0,257123.18307942498,False,True,585.6995405936965,59.192259821250445,185.81167553143086
400.0,600.0,0,0.0,0.0,900.0,100.0,1834218.6631596063,1630000.0,204218.66315960637,False,True,585.6995405936965,59.192259821250445,2676.6547602035316
0.0,0.0,1,3500.0,0.0,1200.0,150.0,2586326.6279877922,1632500.0,953826.6279877921,False,True,585.6995405936965,59.192259821250445,2676.6547602035316
0.0,0.0,3,2500.0,400.0,600.0,150.0,2352551.815813558,1632500.0,720051.8158135583,False,True,585.6995405936965,59.192259821250445,842.1801897817923
0.0,600.0,0,1500.0,200.0,1200.0,150.0,2392447.4534556195,1632500.0,759947.4534556193,False,True,585.6995405936965,59.192259821250445,1058.2213076049975
200.0,200.0,1,1500.0,0.0,1200.0,150.0,1941482.9461040036,1632500.0,308982.9461040037,False,True,585.6995405936965,59.192259821250445,1123.601824813322
200.0,400.0,0,2500.0,0.0,600.0,150.0,2103520.5341674443,1632500.0,471020.53416744457,False,True,585.6995405936965,59.192259821250445,2676.6547602035316
400.0,0.0,0,1500.0,200.0,1200.0,150.0,2038740.9945054245,1632500.0,406240.9945054244,False,True,585.6995405936965,59.192259821250445,694.1022798804345
0.0,0.0,7,0.0,200.0,600.0,100.0,2355051.815813558,1635000.0,720051.8158135583,False,True,585.6995405936965,59.192259821250445,1519.724157639183
0.0,200.0,5,0.0,600.0,600.0,100.0,2151307.8178703473,1635000.0,516307.8178703473,False,True,585.6995405936965,59.192259821250445,795.4056676197994
0.0,400.0,1,2500.0,0.0,900.0,100.0,2206549.22831914,1635000.0,571549.2283191399,False,True,585.6995405936965,59.192259821250445,1803.496225192748
200.0,200.0,0,2500.0,200.0,900.0,100.0,2222111.2557173604,1635000.0,587111.2557173604,False,True,585.6995405936965,59.192259821250445,803.8263929275809
200.0,600.0,2,0.0,200.0,600.0,100.0,1815908.8221529187,1635000.0,180908.8221529186,False,True,585.6995405936965,59.192259821250445,201.4426909140313
400.0,200.0,3,0.0,0.0,600.0,100.0,1734057.7995441495,1635000.0,99057.79954414954,False,True,585.6995405936965,59.192259821250445,154.64280629292853
400.0,400.0,1,0.0,400.0,600.0,100.0,1744033.4758525172,1635000.0,109033.47585251715,False,True,585.6995405936965,59.192259821250445,317.51064741922585
600.0,0.0,2,0.0,200.0,600.0,100.0,1726071.6381376153,1635000.0,91071.6381376154,True,True,585.6995405936965,59.192259821250445,91.27782766809752
600.0,200.0,0,0.0,600.0,600.0,100.0,1764872.6116569864,1635000.0,129872.6116569864,False,True,585.6995405936965,59.192259821250445,611.1782585632322
