block,scenario,annual_hour,timestamp,wind,pv,battery_charge,battery_discharge,ups_charge,ups_discharge,core_main,rigid_shed,interrupt_shed,interrupt_adjust,bus_live,ups_on,diesel_kw,heater_kw,shift_served_kw,battery_energy_kwh,ups_energy_kwh
0,annual_normal,0,2026-01-01 00:00:00+08:00,41.0,0.0,1.0,0.0,0.0,0.0,10.0,0.0,0.0,0.0,1.0,0.0,0.0,0.0,5.0,300.0,95.0
0,annual_normal,1,2026-01-01 01:00:00+08:00,41.0,0.0,1.0,0.0,0.0,0.0,10.0,0.0,0.0,0.0,1.0,0.0,0.0,0.0,5.0,300.95,95.0
0,annual_normal,2,2026-01-01 02:00:00+08:00,41.0,0.0,1.0,0.0,0.0,0.0,10.0,0.0,0.0,0.0,1.0,0.0,0.0,0.0,5.0,301.9,95.0
0,annual_normal,3,2026-01-01 03:00:00+08:00,41.0,0.0,1.0,0.0,0.0,0.0,10.0,0.0,0.0,0.0,1.0,0.0,0.0,0.0,5.0,302.85,95.0
0,annual_normal,4,2026-01-01 04:00:00+08:00,56.52631578947417,0.0,16.526315789474168,0.0,0.0,0.0,10.0,0.0,0.0,0.0,1.0,0.0,0.0,0.0,5.0,303.8,95.0
0,annual_normal,5,2026-01-01 05:00:00+08:00,41.0,0.0,1.0,0.0,0.0,0.0,10.0,0.0,0.0,0.0,1.0,0.0,0.0,0.0,5.0,319.5,95.0
0,annual_normal,6,2026-01-01 06:00:00+08:00,41.0,0.0,1.0,0.0,0.0,0.0,10.0,0.0,0.0,0.0,1.0,0.0,0.0,0.0,5.0,320.45,95.0
0,annual_normal,7,2026-01-01 07:00:00+08:00,41.0,0.0,1.0,0.0,0.0,0.0,10.0,0.0,0.0,0.0,1.0,0.0,0.0,0.0,5.0,321.4,95.0
0,annual_normal,8,2026-01-01 08:00:00+08:00,41.0,0.0,1.0,0.0,0.0,0.0,10.0,0.0,0.0,0.0,1.0,0.0,0.0,0.0,5.0,322.35,95.0
0,annual_normal,9,2026-01-01 09:00:00+08:00,41.0,0.0,1.0,0.0,0.0,0.0,10.0,0.0,0.0,0.0,1.0,0.0,0.0,0.0,5.0,323.3,95.0
0,annual_normal,10,2026-01-01 10:00:00+08:00,41.0,0.0,1.0,0.0,0.0,0.0,10.0,0.0,0.0,0.0,1.0,0.0,0.0,0.0,5.0,324.25,95.0
0,annual_normal,11,2026-01-01 11:00:00+08:00,41.0,0.0,1.0,0.0,0.0,0.0,10.0,0.0,0.0,0.0,1.0,0.0,0.0,0.0,5.0,325.2,95.0
0,annual_normal,12,2026-01-01 12:00:00+08:00,41.0,0.0,1.0,0.0,0.0,0.0,10.0,0.0,0.0,0.0,1.0,0.0,0.0,0.0,5.0,326.15,95.0
0,annual_normal,13,2026-01-01 13:00:00+08:00,41.0,0.0,1.0,0.0,0.0,0.0,10.0,0.0,0.0,0.0,1.0,0.0,0.0,0.0,5.0,327.1,95.0
0,annual_normal,14,2026-01-01 14:00:00+08:00,41.0,0.0,1.0,0.0,0.0,0.0,10.0,0.0,0.0,0.0,1.0,0.0,0.0,0.0,5.0,328.05,95.0
0,annual_normal,15,2026-01-01 15:00:00+08:00,41.0,0.0,1.0,0.0,0.0,0.0,10.0,0.0,0.0,0.0,1.0,0.0,0.0,0.0,5.0,329.0,95.0
0,annual_normal,16,2026-01-01 16:00:00+08:00,41.0,0.0,1.0,0.0,0.0,0.0,10.0,0.0,0.0,0.0,1.0,0.0,0.0,0.0,5.0,329.95,95.0
0,annual_normal,17,2026-01-01 17:00:00+08:00,41.0,0.0,1.0,0.0,0.0,0.0,10.0,0.0,0.0,0.0,1.0,0.0,0.0,0.0,5.0,330.9,95.0
0,annual_normal,18,2026-01-01 18:00:00+08:00,41.0,0.0,1.0,0.0,0.0,0.0,10.0,0.0,0.0,0.0,1.0,0.0,0.0,0.0,5.0,331.85,95.0
0,annual_normal,19,2026-01-01 19:00:00+08:00,41.0,0.0,1.0,0.0,0.0,0.0,10.0,0.0,0.0,0.0,1.0,0.0,0.0,0.0,5.0,332.8,95.0
0,annual_normal,20,2026-01-01 20:00:00+08:00,41.0,0.0,1.0,0.0,0.0,0.0,10.0,0.0,0.0,0.0,1.0,0.0,0.0,0.0,5.0,333.75,95.0
0,annual_normal,21,2026-01-01 21:00:00+08:00,41.0,0.0,1.0,0.0,0.0,0.0,10.0,0.0,0.0,0.0,1.0,0.0,0.0,0.0,5.0,334.7,95.0
0,annual_normal,22,2026-01-01 22:00:00+08:00,41.0,0.0,1.0,0.0,0.0,0.0,10.0,0.0,0.0,0.0,1.0,0.0,0.0,0.0,5.0,335.65,95.0
0,annual_normal,23,2026-01-01 23:00:00+08:00,41.0,0.0,1.0,0.0,0.0,0.0,10.0,0.0,0.0,0.0,1.0,0.0,0.0,0.0,5.0,336.6,95.0
0,annual_normal,24,2026-01-02 00:00:00+08:00,59.102493074792434,0.0,19.10249307479244,0.0,0.0,0.0,10.0,0.0,0.0,0.0,1.0,0.0,0.0,0.0,5.0,337.55,95.0
0,annual_normal,25,2026-01-02 01:00:00+08:00,41.0,0.0,1.0,0.0,0.0,0.0,10.0,0.0,0.0,0.0,1.0,0.0,0.0,0.0,5.0,355.69736842105306,95.0
0,annual_normal,26,2026-01-02 02:00:00+08:00,41.0,0.0,1.0,0.0,0.0,0.0,10.0,0.0,0.0,0.0,1.0,0.0,0.0,0.0,5.0,356.64736842105305,95.0
0,annual_normal,27,2026-01-02 03:00:00+08:00,41.0,0.0,1.0,0.0,0.0,0.0,10.0,0.0,0.0,0.0,1.0,0.0,0.0,0.0,5.0,357.59736842105303,95.0
0,annual_normal,28,2026-01-02 04:00:00+08:00,41.0,0.0,1.0,0.0,0.0,0.0,10.0,0.0,0.0,0.0,1.0,0.0,0.0,0.0,5.0,358.547368421053,95.0
0,annual_normal,29,2026-01-02 05:00:00+08:00,41.0,0.0,1.0,0.0,0.0,0.0,10.0,0.0,0.0,0.0,1.0,0.0,0.0,0.0,5.0,359.497368421053,95.0
0,annual_normal,30,2026-01-02 06:00:00+08:00,41.0,0.0,1.0,0.0,0.0,0.0,10.0,0.0,0.0,0.0,1.0,0.0,0.0,0.0,5.0,360.447368421053,95.0
0,annual_normal,31,2026-01-02 07:00:00+08:00,41.0,0.0,1.0,0.0,0.0,0.0,10.0,0.0,0.0,0.0,1.0,0.0,0.0,0.0,5.0,361.397368421053,95.0
0,annual_normal,32,2026-01-02 08:00:00+08:00,41.0,0.0,1.0,0.0,0.0,0.0,10.0,0.0,0.0,0.0,1.0,0.0,0.0,0.0,5.0,362.347368421053,95.0
0,annual_normal,33,2026-01-02 09:00:00+08:00,41.0,0.0,1.0,0.0,0.0,0.0,10.0,0.0,0.0,0.0,1.0,0.0,0.0,0.0,5.0,363.29736842105297,95.0
0,annual_normal,34,2026-01-02 10:00:00+08:00,41.0,0.0,1.0,0.0,0.0,0.0,10.0,0.0,0.0,0.0,1.0,0.0,0.0,0.0,5.0,364.24736842105295,95.0
0,annual_normal,35,2026-01-02 11:00:00+08:00,41.0,0.0,1.0,0.0,0.0,0.0,10.0,0.0,0.0,0.0,1.0,0.0,0.0,0.0,5.0,365.19736842105294,95.0
0,annual_normal,36,2026-01-02 12:00:00+08:00,41.0,0.0,1.0,0.0,0.0,0.0,10.0,0.0,0.0,0.0,1.0,0.0,0.0,0.0,5.0,366.14736842105293,95.0
0,annual_normal,37,2026-01-02 13:00:00+08:00,41.0,0.0,1.0,0.0,0.0,0.0,10.0,0.0,0.0,0.0,1.0,0.0,0.0,0.0,5.0,367.0973684210529,95.0
0,annual_normal,38,2026-01-02 14:00:00+08:00,41.0,0.0,1.0,0.0,0.0,0.0,10.0,0.0,0.0,0.0,1.0,0.0,0.0,0.0,5.0,368.0473684210529,95.0
0,annual_normal,39,2026-01-02 15:00:00+08:00,41.0,0.0,1.0,0.0,0.0,0.0,10.0,0.0,0.0,0.0,1.0,0.0,0.0,0.0,5.0,368.9973684210529,95.0
0,annual_normal,40,2026-01-02 16:00:00+08:00,41.0,0.0,1.0,0.0,0.0,0.0,10.0,0.0,0.0,0.0,1.0,0.0,0.0,0.0,5.0,369.9473684210529,95.0
0,annual_normal,41,2026-01-02 17:00:00+08:00,41.0,0.0,1.0,0.0,0.0,0.0,10.0,0.0,0.0,0.0,1.0,0.0,0.0,0.0,5.0,370.8973684210529,95.0
0,annual_normal,42,2026-01-02 18:00:00+08:00,41.0,0.0,1.0,0.0,0.0,0.0,10.0,0.0,0.0,0.0,1.0,0.0,0.0,0.0,5.0,371.84736842105286,95.0
0,annual_normal,43,2026-01-02 19:00:00+08:00,41.0,0.0,1.0,0.0,0.0,0.0,10.0,0.0,0.0,0.0,1.0,0.0,0.0,0.0,5.0,372.79736842105285,95.0
0,annual_normal,44,2026-01-02 20:00:00+08:00,41.0,0.0,1.0,0.0,0.0,0.0,10.0,0.0,0.0,0.0,1.0,0.0,0.0,0.0,5.0,373.74736842105284,95.0
0,annual_normal,45,2026-01-02 21:00:00+08:00,41.0,0.0,1.0,0.0,0.0,0.0,10.0,0.0,0.0,0.0,1.0,0.0,0.0,0.0,5.0,374.69736842105283,95.0
0,annual_normal,46,2026-01-02 22:00:00+08:00,41.0,0.0,1.0,0.0,0.0,0.0,10.0,0.0,0.0,0.0,1.0,0.0,0.0,0.0,5.0,375.6473684210528,95.0
0,annual_normal,47,2026-01-02 23:00:00+08:00,41.0,0.0,1.0,0.0,0.0,0.0,10.0,0.0,0.0,0.0,1.0,0.0,0.0,0.0,5.0,376.5973684210528,95.0
0,annual_normal,48,2026-01-03 00:00:00+08:00,41.0,0.0,1.0,0.0,0.0,0.0,10.0,0.0,0.0,0.0,1.0,0.0,0.0,0.0,5.0,377.5473684210528,95.0
0,annual_normal,49,2026-01-03 01:00:00+08:00,41.0,0.0,1.0,0.0,0.0,0.0,10.0,0.0,0.0,0.0,1.0,0.0,0.0,0.0,5.0,378.4973684210528,95.0
0,annual_normal,50,2026-01-03 02:00:00+08:00,41.0,0.0,1.0,0.0,0.0,0.0,10.0,0.0,0.0,0.0,1.0,0.0,0.0,0.0,5.0,379.4473684210528,95.0
0,annual_normal,51,2026-01-03 03:00:00+08:00,41.0,0.0,1.0,0.0,0.0,0.0,10.0,0.0,0.0,0.0,1.0,0.0,0.0,0.0,5.0,380.39736842105276,95.0
0,annual_normal,52,2026-01-03 04:00:00+08:00,41.0,0.0,1.0,0.0,0.0,0.0,10.0,0.0,0.0,0.0,1.0,0.0,0.0,0.0,5.0,381.34736842105275,95.0
0,annual_normal,53,2026-01-03 05:00:00+08:00,41.0,0.0,1.0,0.0,0.0,0.0,10.0,0.0,0.0,0.0,1.0,0.0,0.0,0.0,5.0,382.29736842105274,95.0
0,annual_normal,54,2026-01-03 06:00:00+08:00,41.0,0.0,1.0,0.0,0.0,0.0,10.0,0.0,0.0,0.0,1.0,0.0,0.0,0.0,5.0,383.2473684210527,95.0
0,annual_normal,55,2026-01-03 07:00:00+08:00,41.0,0.0,1.0,0.0,0.0,0.0,10.0,0.0,0.0,0.0,1.0,0.0,0.0,0.0,5.0,384.1973684210527,95.0
0,annual_normal,56,2026-01-03 08:00:00+08:00,41.0,0.0,1.0,0.0,0.0,0.0,10.0,0.0,0.0,0.0,1.0,0.0,0.0,0.0,5.0,385.1473684210527,95.0
0,annual_normal,57,2026-01-03 09:00:00+08:00,41.0,0.0,1.0,0.0,0.0,0.0,10.0,0.0,0.0,0.0,1.0,0.0,0.0,0.0,5.0,386.0973684210527,95.0
0,annual_normal,58,2026-01-03 10:00:00+08:00,41.0,0.0,1.0,0.0,0.0,0.0,10.0,0.0,0.0,0.0,1.0,0.0,0.0,0.0,5.0,387.0473684210527,95.0
0,annual_normal,59,2026-01-03 11:00:00+08:00,41.0,0.0,1.0,0.0,0.0,0.0,10.0,0.0,0.0,0.0,1.0,0.0,0.0,0.0,5.0,387.99736842105267,95.0
0,annual_normal,60,2026-01-03 12:00:00+08:00,39.0,0.0,0.0,1.0,0.0,0.0,10.0,0.0,0.0,0.0,1.0,0.0,0.0,0.0,5.0,388.94736842105266,95.0
0,annual_normal,61,2026-01-03 13:00:00+08:00,39.0,0.0,0.0,1.0,0.0,0.0,10.0,0.0,0.0,0.0,1.0,0.0,0.0,0.0,5.0,387.8947368421053,95.0
0,annual_normal,62,2026-01-03 14:00:00+08:00,39.0,0.0,0.0,1.0,0.0,0.0,10.0,0.0,0.0,0.0,1.0,0.0,0.0,0.0,5.0,386.842105263158,95.0
0,annual_normal,63,2026-01-03 15:00:00+08:00,39.0,0.0,0.0,1.0,0.0,0.0,10.0,0.0,0.0,0.0,1.0,0.0,0.0,0.0,5.0,385.78947368421063,95.0
0,annual_normal,64,2026-01-03 16:00:00+08:00,39.0,0.0,0.0,1.0,0.0,0.0,10.0,0.0,0.0,0.0,1.0,0.0,0.0,0.0,5.0,384.7368421052633,95.0
0,annual_normal,65,2026-01-03 17:00:00+08:00,39.0,0.0,0.0,1.0,0.0,0.0,10.0,0.0,0.0,0.0,1.0,0.0,0.0,0.0,5.0,383.68421052631595,95.0
0,annual_normal,66,2026-01-03 18:00:00+08:00,39.0,0.0,0.0,1.0,0.0,0.0,10.0,0.0,0.0,0.0,1.0,0.0,0.0,0.0,5.0,382.6315789473686,95.0
0,annual_normal,67,2026-01-03 19:00:00+08:00,39.0,0.0,0.0,1.0,0.0,0.0,10.0,0.0,0.0,0.0,1.0,0.0,0.0,0.0,5.0,381.57894736842127,95.0
0,annual_normal,68,2026-01-03 20:00:00+08:00,39.0,0.0,0.0,1.0,0.0,0.0,10.0,0.0,0.0,0.0,1.0,0.0,0.0,0.0,5.0,380.5263157894739,95.0
0,annual_normal,69,2026-01-03 21:00:00+08:00,39.0,0.0,0.0,1.0,0.0,0.0,10.0,0.0,0.0,0.0,1.0,0.0,0.0,0.0,5.0,379.4736842105266,95.0
0,annual_normal,70,2026-01-03 22:00:00+08:00,39.0,0.0,0.0,1.0,0.0,0.0,10.0,0.0,0.0,0.0,1.0,0.0,0.0,0.0,5.0,378.42105263157924,95.0
0,annual_normal,71,2026-01-03 23:00:00+08:00,39.0,0.0,0.0,1.0,0.0,0.0,10.0,0.0,0.0,0.0,1.0,0.0,0.0,0.0,5.0,377.3684210526319,95.0
0,annual_normal,72,2026-01-04 00:00:00+08:00,39.0,0.0,0.0,1.0,0.0,0.0,10.0,0.0,0.0,0.0,1.0,0.0,0.0,0.0,5.0,376.31578947368456,95.0
0,annual_normal,73,2026-01-04 01:00:00+08:00,34.0,0.0,0.0,1.0,0.0,0.0,10.0,0.0,0.0,0.0,1.0,0.0,0.0,0.0,0.0,375.2631578947372,95.0
0,annual_normal,74,2026-01-04 02:00:00+08:00,34.0,0.0,0.0,1.0,0.0,0.0,10.0,0.0,0.0,0.0,1.0,0.0,0.0,0.0,0.0,374.2105263157899,95.0
0,annual_normal,75,2026-01-04 03:00:00+08:00,34.0,0.0,0.0,1.0,0.0,0.0,10.0,0.0,0.0,0.0,1.0,0.0,0.0,0.0,0.0,373.15789473684254,95.0
0,annual_normal,76,2026-01-04 04:00:00+08:00,34.0,0.0,0.0,1.0,0.0,0.0,10.0,0.0,0.0,0.0,1.0,0.0,0.0,0.0,0.0,372.1052631578952,95.0
0,annual_normal,77,2026-01-04 05:00:00+08:00,34.0,0.0,0.0,1.0,0.0,0.0,10.0,0.0,0.0,0.0,1.0,0.0,0.0,0.0,0.0,371.05263157894785,95.0
0,annual_normal,78,2026-01-04 06:00:00+08:00,39.0,0.0,0.0,1.0,0.0,0.0,10.0,0.0,0.0,0.0,1.0,0.0,0.0,0.0,5.0,370.0,95.0
0,annual_normal,79,2026-01-04 07:00:00+08:00,39.0,0.0,0.0,1.0,0.0,0.0,10.0,0.0,0.0,0.0,1.0,0.0,0.0,0.0,5.0,368.94736842105317,95.0
0,annual_normal,80,2026-01-04 08:00:00+08:00,39.0,0.0,0.0,1.0,0.0,0.0,10.0,0.0,0.0,0.0,1.0,0.0,0.0,0.0,5.0,367.89473684210583,95.0
0,annual_normal,81,2026-01-04 09:00:00+08:00,39.0,0.0,0.0,1.0,0.0,0.0,10.0,0.0,0.0,0.0,1.0,0.0,0.0,0.0,5.0,366.8421052631585,95.0
0,annual_normal,82,2026-01-04 10:00:00+08:00,39.0,0.0,0.0,1.0,0.0,0.0,10.0,0.0,0.0,0.0,1.0,0.0,0.0,0.0,5.0,365.78947368421115,95.0
0,annual_normal,83,2026-01-04 11:00:00+08:00,39.0,0.0,0.0,1.0,0.0,0.0,10.0,0.0,0.0,0.0,1.0,0.0,0.0,0.0,5.0,364.7368421052638,95.0
0,annual_normal,84,2026-01-04 12:00:00+08:00,39.0,0.0,0.0,1.0,0.0,0.0,10.0,0.0,0.0,0.0,1.0,0.0,0.0,0.0,5.0,363.68421052631646,95.0
0,annual_normal,85,2026-01-04 13:00:00+08:00,39.0,0.0,0.0,1.0,0.0,0.0,10.0,0.0,0.0,0.0,1.0,0.0,0.0,0.0,5.0,362.6315789473691,95.0
0,annual_normal,86,2026-01-04 14:00:00+08:00,39.0,0.0,0.0,1.0,0.0,0.0,10.0,0.0,0.0,0.0,1.0,0.0,0.0,0.0,5.0,361.5789473684218,95.0
0,annual_normal,87,2026-01-04 15:00:00+08:00,39.0,0.0,0.0,1.0,0.0,0.0,10.0,0.0,0.0,0.0,1.0,0.0,0.0,0.0,5.0,360.52631578947444,95.0
0,annual_normal,88,2026-01-04 16:00:00+08:00,39.0,0.0,0.0,1.0,0.0,0.0,10.0,0.0,0.0,0.0,1.0,0.0,0.0,0.0,5.0,359.4736842105271,95.0
0,annual_normal,89,2026-01-04 17:00:00+08:00,39.0,0.0,0.0,1.0,0.0,0.0,10.0,0.0,0.0,0.0,1.0,0.0,0.0,0.0,5.0,358.42105263157976,95.0
0,annual_normal,90,2026-01-04 18:00:00+08:00,39.0,0.0,0.0,1.0,0.0,0.0,10.0,0.0,0.0,0.0,1.0,0.0,0.0,0.0,5.0,357.3684210526324,95.0
0,annual_normal,91,2026-01-04 19:00:00+08:00,39.0,0.0,0.0,1.0,0.0,0.0,10.0,0.0,0.0,0.0,1.0,0.0,0.0,0.0,5.0,356.3157894736851,95.0
0,annual_normal,92,2026-01-04 20:00:00+08:00,39.0,0.0,0.0,1.0,0.0,0.0,10.0,0.0,0.0,0.0,1.0,0.0,0.0,0.0,5.0,355.26315789473773,95.0
0,annual_normal,93,2026-01-04 21:00:00+08:00,39.0,0.0,0.0,1.0,0.0,0.0,10.0,0.0,0.0,0.0,1.0,0.0,0.0,0.0,5.0,354.2105263157904,95.0
0,annual_normal,94,2026-01-04 22:00:00+08:00,39.0,0.0,0.0,1.0,0.0,0.0,10.0,0.0,0.0,0.0,1.0,0.0,0.0,0.0,5.0,353.15789473684305,95.0
0,annual_normal,95,2026-01-04 23:00:00+08:00,39.0,0.0,0.0,1.0,0.0,0.0,10.0,0.0,0.0,0.0,1.0,0.0,0.0,0.0,5.0,352.1052631578957,95.0
0,annual_normal,96,2026-01-05 00:00:00+08:00,56.0,0.0,0.0,1.0,0.0,0.0,10.0,0.0,0.0,0.0,1.0,0.0,0.0,12.0,10.0,351.05263157894836,95.0
0,annual_normal,97,2026-01-05 01:00:00+08:00,56.0,0.0,0.0,1.0,0.0,0.0,10.0,0.0,0.0,0.0,1.0,0.0,0.0,12.0,10.0,350.0,95.0
0,annual_normal,98,2026-01-05 02:00:00+08:00,56.0,0.0,0.0,1.0,0.0,0.0,10.0,0.0,0.0,0.0,1.0,0.0,0.0,12.0,10.0,348.9473684210537,95.0
0,annual_normal,99,2026-01-05 03:00:00+08:00,58.0,0.0,1.0,0.0,0.0,0.0,10.0,0.0,0.0,0.0,1.0,0.0,0.0,12.0,10.0,347.89473684210634,95.0
0,annual_normal,100,2026-01-05 04:00:00+08:00,58.0,0.0,1.0,0.0,0.0,0.0,10.0,0.0,0.0,0.0,1.0,0.0,0.0,12.0,10.0,348.84473684210633,95.0
0,annual_normal,101,2026-01-05 05:00:00+08:00,51.0,0.0,0.0,1.0,0.0,0.0,10.0,0.0,0.0,0.0,1.0,0.0,0.0,12.0,5.0,349.7947368421063,95.0
0,annual_normal,102,2026-01-05 06:00:00+08:00,53.0,0.0,1.0,0.0,0.0,0.0,10.0,0.0,0.0,0.0,1.0,0.0,0.0,12.0,5.0,348.742105263159,95.0
0,annual_normal,103,2026-01-05 07:00:00+08:00,53.0,0.0,1.0,0.0,0.0,0.0,10.0,0.0,0.0,0.0,1.0,0.0,0.0,12.0,5.0,349.69210526315896,95.0
0,annual_normal,104,2026-01-05 08:00:00+08:00,53.0,0.0,1.0,0.0,0.0,0.0,10.0,0.0,0.0,0.0,1.0,0.0,0.0,12.0,5.0,350.64210526315895,95.0
0,annual_normal,105,2026-01-05 09:00:00+08:00,51.0,0.0,0.0,1.0,0.0,0.0,10.0,0.0,0.0,0.0,1.0,0.0,0.0,12.0,5.0,351.59210526315894,95.0
0,annual_normal,106,2026-01-05 10:00:00+08:00,51.0,0.0,0.0,1.0,0.0,0.0,10.0,0.0,0.0,0.0,1.0,0.0,0.0,12.0,5.0,350.5394736842116,95.0
0,annual_normal,107,2026-01-05 11:00:00+08:00,53.0,0.0,1.0,0.0,0.0,0.0,10.0,0.0,0.0,0.0,1.0,0.0,0.0,12.0,5.0,349.48684210526426,95.0
0,annual_normal,108,2026-01-05 12:00:00+08:00,53.0,0.0,1.0,0.0,0.0,0.0,10.0,0.0,0.0,0.0,1.0,0.0,0.0,12.0,5.0,350.43684210526425,95.0
0,annual_normal,109,2026-01-05 13:00:00+08:00,53.0,0.0,1.0,0.0,0.0,0.0,10.0,0.0,0.0,0.0,1.0,0.0,0.0,12.0,5.0,351.38684210526424,95.0
0,annual_normal,110,2026-01-05 14:00:00+08:00,51.0,0.0,0.0,1.0,0.0,0.0,10.0,0.0,0.0,0.0,1.0,0.0,0.0,12.0,5.0,352.3368421052642,95.0
0,annual_normal,111,2026-01-05 15:00:00+08:00,51.0,0.0,0.0,1.0,0.0,0.0,10.0,0.0,0.0,0.0,1.0,0.0,0.0,12.0,5.0,351.2842105263169,95.0
0,annual_normal,112,2026-01-05 16:00:00+08:00,53.0,0.0,1.0,0.0,0.0,0.0,10.0,0.0,0.0,0.0,1.0,0.0,0.0,12.0,5.0,350.23157894736954,95.0
0,annual_normal,113,2026-01-05 17:00:00+08:00,53.0,0.0,1.0,0.0,0.0,0.0,10.0,0.0,0.0,0.0,1.0,0.0,0.0,12.0,5.0,351.18157894736953,95.0
0,annual_normal,114,2026-01-05 18:00:00+08:00,51.0,0.0,0.0,1.0,0.0,0.0,10.0,0.0,0.0,0.0,1.0,0.0,0.0,12.0,5.0,352.1315789473695,95.0
0,annual_normal,115,2026-01-05 19:00:00+08:00,53.0,0.0,1.0,0.0,0.0,0.0,10.0,0.0,0.0,0.0,1.0,0.0,0.0,12.0,5.0,351.0789473684222,95.0
0,annual_normal,116,2026-01-05 20:00:00+08:00,51.0,0.0,0.0,1.0,0.0,0.0,10.0,0.0,0.0,0.0,1.0,0.0,0.0,12.0,5.0,352.02894736842217,95.0
0,annual_normal,117,2026-01-05 21:00:00+08:00,53.0,0.0,1.0,0.0,0.0,0.0,10.0,0.0,0.0,0.0,1.0,0.0,0.0,12.0,5.0,350.9763157894748,95.0
0,annual_normal,118,2026-01-05 22:00:00+08:00,53.0,0.0,1.0,0.0,0.0,0.0,10.0,0.0,0.0,0.0,1.0,0.0,0.0,12.0,5.0,351.9263157894748,95.0
0,annual_normal,119,2026-01-05 23:00:00+08:00,51.0,0.0,0.0,1.0,0.0,0.0,10.0,0.0,0.0,0.0,1.0,0.0,0.0,12.0,5.0,352.8763157894748,95.0
1,w0_normal_renewable_bus,24,2026-01-02 00:00:00+08:00,59.102493074792434,0.0,19.10249307479244,0.0,0.0,0.0,10.0,0.0,0.0,0.0,1.0,0.0,0.0,0.0,5.0,337.55,95.0
1,w0_normal_renewable_bus,25,2026-01-02 01:00:00+08:00,41.0,0.0,1.0,0.0,0.0,0.0,10.0,0.0,0.0,0.0,1.0,0.0,0.0,0.0,5.0,355.69736842105306,95.0
1,w0_normal_renewable_bus,26,2026-01-02 02:00:00+08:00,41.0,0.0,1.0,0.0,0.0,0.0,10.0,0.0,0.0,0.0,1.0,0.0,0.0,0.0,5.0,356.64736842105305,95.0
1,w0_normal_renewable_bus,27,2026-01-02 03:00:00+08:00,41.0,0.0,1.0,0.0,0.0,0.0,10.0,0.0,0.0,0.0,1.0,0.0,0.0,0.0,5.0,357.59736842105303,95.0
1,w0_normal_renewable_bus,28,2026-01-02 04:00:00+08:00,41.0,0.0,1.0,0.0,0.0,0.0,10.0,0.0,0.0,0.0,1.0,0.0,0.0,0.0,5.0,358.547368421053,95.0
1,w0_normal_renewable_bus,29,2026-01-02 05:00:00+08:00,41.0,0.0,1.0,0.0,0.0,0.0,10.0,0.0,0.0,0.0,1.0,0.0,0.0,0.0,5.0,359.497368421053,95.0
1,w0_normal_renewable_bus,30,2026-01-02 06:00:00+08:00,41.0,0.0,1.0,0.0,0.0,0.0,10.0,0.0,0.0,0.0,1.0,0.0,0.0,0.0,5.0,360.447368421053,95.0
1,w0_normal_renewable_bus,31,2026-01-02 07:00:00+08:00,41.0,0.0,1.0,0.0,0.0,0.0,10.0,0.0,0.0,0.0,1.0,0.0,0.0,0.0,5.0,361.397368421053,95.0
1,w0_normal_renewable_bus,32,2026-01-02 08:00:00+08:00,41.0,0.0,1.0,0.0,0.0,0.0,10.0,0.0,0.0,0.0,1.0,0.0,0.0,0.0,5.0,362.347368421053,95.0
1,w0_normal_renewable_bus,33,2026-01-02 09:00:00+08:00,41.0,0.0,1.0,0.0,0.0,0.0,10.0,0.0,0.0,0.0,1.0,0.0,0.0,0.0,5.0,363.29736842105297,95.0
1,w0_normal_renewable_bus,34,2026-01-02 10:00:00+08:00,41.0,0.0,1.0,0.0,0.0,0.0,10.0,0.0,0.0,0.0,1.0,0.0,0.0,0.0,5.0,364.24736842105295,95.0
1,w0_normal_renewable_bus,35,2026-01-02 11:00:00+08:00,41.0,0.0,1.0,0.0,0.0,0.0,10.0,0.0,0.0,0.0,1.0,0.0,0.0,0.0,5.0,365.19736842105294,95.0
1,w0_normal_renewable_bus,36,2026-01-02 12:00:00+08:00,41.0,0.0,1.0,0.0,0.0,0.0,10.0,0.0,0.0,0.0,1.0,0.0,0.0,0.0,5.0,366.14736842105293,95.0
1,w0_normal_renewable_bus,37,2026-01-02 13:00:00+08:00,41.0,0.0,1.0,0.0,0.0,0.0,10.0,0.0,0.0,0.0,1.0,0.0,0.0,0.0,5.0,367.0973684210529,95.0
1,w0_normal_renewable_bus,38,2026-01-02 14:00:00+08:00,41.0,0.0,1.0,0.0,0.0,0.0,10.0,0.0,0.0,0.0,1.0,0.0,0.0,0.0,5.0,368.0473684210529,95.0
1,w0_normal_renewable_bus,39,2026-01-02 15:00:00+08:00,41.0,0.0,1.0,0.0,0.0,0.0,10.0,0.0,0.0,0.0,1.0,0.0,0.0,0.0,5.0,368.9973684210529,95.0
1,w0_normal_renewable_bus,40,2026-01-02 16:00:00+08:00,41.0,0.0,1.0,0.0,0.0,0.0,10.0,0.0,0.0,0.0,1.0,0.0,0.0,0.0,5.0,369.9473684210529,95.0
1,w0_normal_renewable_bus,41,2026-01-02 17:00:00+08:00,41.0,0.0,1.0,0.0,0.0,0.0,10.0,0.0,0.0,0.0,1.0,0.0,0.0,0.0,5.0,370.8973684210529,95.0
1,w0_normal_renewable_bus,42,2026-01-02 18:00:00+08:00,41.0,0.0,1.0,0.0,0.0,0.0,10.0,0.0,0.0,0.0,1.0,0.0,0.0,0.0,5.0,371.84736842105286,95.0
1,w0_normal_renewable_bus,43,2026-01-02 19:00:00+08:00,41.0,0.0,1.0,0.0,0.0,0.0,10.0,0.0,0.0,0.0,1.0,0.0,0.0,0.0,5.0,372.79736842105285,95.0
1,w0_normal_renewable_bus,44,2026-01-02 20:00:00+08:00,41.0,0.0,1.0,0.0,0.0,0.0,10.0,0.0,0.0,0.0,1.0,0.0,0.0,0.0,5.0,373.74736842105284,95.0
1,w0_normal_renewable_bus,45,2026-01-02 21:00:00+08:00,41.0,0.0,1.0,0.0,0.0,0.0,10.0,0.0,0.0,0.0,1.0,0.0,0.0,0.0,5.0,374.69736842105283,95.0
1,w0_normal_renewable_bus,46,2026-01-02 22:00:00+08:00,41.0,0.0,1.0,0.0,0.0,0.0,10.0,0.0,0.0,0.0,1.0,0.0,0.0,0.0,5.0,375.6473684210528,95.0
1,w0_normal_renewable_bus,47,2026-01-02 23:00:00+08:00,41.0,0.0,1.0,0.0,0.0,0.0,10.0,0.0,0.0,0.0,1.0,0.0,0.0,0.0,5.0,376.5973684210528,95.0
1,w0_normal_renewable_bus,48,2026-01-03 00:00:00+08:00,41.0,0.0,1.0,0.0,0.0,0.0,10.0,0.0,0.0,0.0,1.0,0.0,0.0,0.0,5.0,377.5473684210528,95.0
1,w0_normal_renewable_bus,49,2026-01-03 01:00:00+08:00,41.0,0.0,1.0,0.0,0.0,0.0,10.0,0.0,0.0,0.0,1.0,0.0,0.0,0.0,5.0,378.4973684210528,95.0
1,w0_normal_renewable_bus,50,2026-01-03 02:00:00+08:00,41.0,0.0,1.0,0.0,0.0,0.0,10.0,0.0,0.0,0.0,1.0,0.0,0.0,0.0,5.0,379.4473684210528,95.0
1,w0_normal_renewable_bus,51,2026-01-03 03:00:00+08:00,41.0,0.0,1.0,0.0,0.0,0.0,10.0,0.0,0.0,0.0,1.0,0.0,0.0,0.0,5.0,380.39736842105276,95.0
1,w0_normal_renewable_bus,52,2026-01-03 04:00:00+08:00,41.0,0.0,1.0,0.0,0.0,0.0,10.0,0.0,0.0,0.0,1.0,0.0,0.0,0.0,5.0,381.34736842105275,95.0
1,w0_normal_renewable_bus,53,2026-01-03 05:00:00+08:00,41.0,0.0,1.0,0.0,0.0,0.0,10.0,0.0,0.0,0.0,1.0,0.0,0.0,0.0,5.0,382.29736842105274,95.0
1,w0_normal_renewable_bus,54,2026-01-03 06:00:00+08:00,41.0,0.0,1.0,0.0,0.0,0.0,10.0,0.0,0.0,0.0,1.0,0.0,0.0,0.0,5.0,383.2473684210527,95.0
1,w0_normal_renewable_bus,55,2026-01-03 07:00:00+08:00,41.0,0.0,1.0,0.0,0.0,0.0,10.0,0.0,0.0,0.0,1.0,0.0,0.0,0.0,5.0,384.1973684210527,95.0
1,w0_normal_renewable_bus,56,2026-01-03 08:00:00+08:00,41.0,0.0,1.0,0.0,0.0,0.0,10.0,0.0,0.0,0.0,1.0,0.0,0.0,0.0,5.0,385.1473684210527,95.0
1,w0_normal_renewable_bus,57,2026-01-03 09:00:00+08:00,41.0,0.0,1.0,0.0,0.0,0.0,10.0,0.0,0.0,0.0,1.0,0.0,0.0,0.0,5.0,386.0973684210527,95.0
1,w0_normal_renewable_bus,58,2026-01-03 10:00:00+08:00,41.0,0.0,1.0,0.0,0.0,0.0,10.0,0.0,0.0,0.0,1.0,0.0,0.0,0.0,5.0,387.0473684210527,95.0
1,w0_normal_renewable_bus,59,2026-01-03 11:00:00+08:00,41.0,0.0,1.0,0.0,0.0,0.0,10.0,0.0,0.0,0.0,1.0,0.0,0.0,0.0,5.0,387.99736842105267,95.0
1,w0_normal_renewable_bus,60,2026-01-03 12:00:00+08:00,0.0,0.0,0.0,40.0,0.0,0.0,10.0,0.0,0.0,0.0,1.0,0.0,0.0,0.0,5.0,388.94736842105266,95.0
1,w0_normal_renewable_bus,61,2026-01-03 13:00:00+08:00,0.0,0.0,0.0,40.0,0.0,0.0,10.0,0.0,0.0,0.0,1.0,0.0,0.0,0.0,5.0,346.8421052631579,95.0
1,w0_normal_renewable_bus,62,2026-01-03 14:00:00+08:00,0.0,0.0,0.0,40.0,0.0,0.0,10.0,0.0,0.0,0.0,1.0,0.0,0.0,0.0,5.0,304.7368421052632,95.0
1,w0_normal_renewable_bus,63,2026-01-03 15:00:00+08:00,0.0,0.0,0.0,40.0,0.0,0.0,10.0,0.0,0.0,0.0,1.0,0.0,0.0,0.0,5.0,262.63157894736844,95.0
1,w0_normal_renewable_bus,64,2026-01-03 16:00:00+08:00,0.0,0.0,0.0,40.0,0.0,0.0,10.0,0.0,0.0,0.0,1.0,0.0,0.0,0.0,5.0,220.5263157894737,95.0
1,w0_normal_renewable_bus,65,2026-01-03 17:00:00+08:00,0.0,0.0,0.0,40.0,0.0,0.0,10.0,0.0,0.0,0.0,1.0,0.0,0.0,0.0,5.0,178.42105263157896,95.0
1,w0_normal_renewable_bus,66,2026-01-03 18:00:00+08:00,0.0,0.0,0.0,40.0,0.0,0.0,10.0,0.0,0.0,0.0,1.0,0.0,0.0,0.0,5.0,136.31578947368422,95.0
1,w0_normal_renewable_bus,67,2026-01-03 19:00:00+08:00,0.0,0.0,0.0,40.0,0.0,0.0,10.0,0.0,0.0,0.0,1.0,0.0,0.0,0.0,5.0,94.21052631578948,95.0
1,w0_normal_renewable_bus,68,2026-01-03 20:00:00+08:00,39.0,0.0,0.0,1.0,0.0,0.0,10.0,0.0,0.0,0.0,1.0,0.0,0.0,0.0,5.0,52.10526315789474,95.0
1,w0_normal_renewable_bus,69,2026-01-03 21:00:00+08:00,41.0,0.0,1.0,0.0,0.0,0.0,10.0,0.0,0.0,0.0,1.0,0.0,0.0,0.0,5.0,51.05263157894737,95.0
1,w0_normal_renewable_bus,70,2026-01-03 22:00:00+08:00,41.0,0.0,1.0,0.0,0.0,0.0,10.0,0.0,0.0,0.0,1.0,0.0,0.0,0.0,5.0,52.00263157894737,95.0
1,w0_normal_renewable_bus,71,2026-01-03 23:00:00+08:00,41.0,0.0,1.0,0.0,0.0,0.0,10.0,0.0,0.0,0.0,1.0,0.0,0.0,0.0,5.0,52.952631578947376,95.0
1,w0_normal_renewable_bus,72,2026-01-04 00:00:00+08:00,41.0,0.0,1.0,0.0,0.0,0.0,10.0,0.0,0.0,0.0,1.0,0.0,0.0,0.0,5.0,53.90263157894738,95.0
1,w0_normal_renewable_bus,73,2026-01-04 01:00:00+08:00,36.0,0.0,1.0,0.0,0.0,0.0,10.0,0.0,0.0,0.0,1.0,0.0,0.0,0.0,0.0,54.85263157894738,95.0
1,w0_normal_renewable_bus,74,2026-01-04 02:00:00+08:00,36.0,0.0,1.0,0.0,0.0,0.0,10.0,0.0,0.0,0.0,1.0,0.0,0.0,0.0,0.0,55.802631578947384,95.0
1,w0_normal_renewable_bus,75,2026-01-04 03:00:00+08:00,36.0,0.0,1.0,0.0,0.0,0.0,10.0,0.0,0.0,0.0,1.0,0.0,0.0,0.0,0.0,56.75263157894739,95.0
1,w0_normal_renewable_bus,76,2026-01-04 04:00:00+08:00,36.0,0.0,1.0,0.0,0.0,0.0,10.0,0.0,0.0,0.0,1.0,0.0,0.0,0.0,0.0,57.70263157894739,95.0
1,w0_normal_renewable_bus,77,2026-01-04 05:00:00+08:00,36.0,0.0,1.0,0.0,0.0,0.0,10.0,0.0,0.0,0.0,1.0,0.0,0.0,0.0,0.0,58.65263157894739,95.0
1,w0_normal_renewable_bus,78,2026-01-04 06:00:00+08:00,41.0,0.0,1.0,0.0,0.0,0.0,10.0,0.0,0.0,0.0,1.0,0.0,0.0,0.0,5.0,59.602631578947395,95.0
1,w0_normal_renewable_bus,79,2026-01-04 07:00:00+08:00,41.0,0.0,1.0,0.0,0.0,0.0,10.0,0.0,0.0,0.0,1.0,0.0,0.0,0.0,5.0,60.5526315789474,95.0
1,w0_normal_renewable_bus,80,2026-01-04 08:00:00+08:00,41.0,0.0,1.0,0.0,0.0,0.0,10.0,0.0,0.0,0.0,1.0,0.0,0.0,0.0,5.0,61.5026315789474,95.0
1,w0_normal_renewable_bus,81,2026-01-04 09:00:00+08:00,41.0,0.0,1.0,0.0,0.0,0.0,10.0,0.0,0.0,0.0,1.0,0.0,0.0,0.0,5.0,62.452631578947404,95.0
1,w0_normal_renewable_bus,82,2026-01-04 10:00:00+08:00,41.0,0.0,1.0,0.0,0.0,0.0,10.0,0.0,0.0,0.0,1.0,0.0,0.0,0.0,5.0,63.40263157894741,95.0
1,w0_normal_renewable_bus,83,2026-01-04 11:00:00+08:00,41.0,0.0,1.0,0.0,0.0,0.0,10.0,0.0,0.0,0.0,1.0,0.0,0.0,0.0,5.0,64.35263157894741,95.0
1,w0_normal_renewable_bus,84,2026-01-04 12:00:00+08:00,41.0,0.0,1.0,0.0,0.0,0.0,10.0,0.0,0.0,0.0,1.0,0.0,0.0,0.0,5.0,65.30263157894741,95.0
1,w0_normal_renewable_bus,85,2026-01-04 13:00:00+08:00,41.0,0.0,1.0,0.0,0.0,0.0,10.0,0.0,0.0,0.0,1.0,0.0,0.0,0.0,5.0,66.25263157894742,95.0
1,w0_normal_renewable_bus,86,2026-01-04 14:00:00+08:00,41.0,0.0,1.0,0.0,0.0,0.0,10.0,0.0,0.0,0.0,1.0,0.0,0.0,0.0,5.0,67.20263157894742,95.0
1,w0_normal_renewable_bus,87,2026-01-04 15:00:00+08:00,41.0,0.0,1.0,0.0,0.0,0.0,10.0,0.0,0.0,0.0,1.0,0.0,0.0,0.0,5.0,68.15263157894742,95.0
1,w0_normal_renewable_bus,88,2026-01-04 16:00:00+08:00,41.0,0.0,1.0,0.0,0.0,0.0,10.0,0.0,0.0,0.0,1.0,0.0,0.0,0.0,5.0,69.10263157894742,95.0
1,w0_normal_renewable_bus,89,2026-01-04 17:00:00+08:00,90.0,0.0,50.0,0.0,0.0,0.0,10.0,0.0,0.0,0.0,1.0,0.0,0.0,0.0,5.0,70.05263157894743,95.0
1,w0_normal_renewable_bus,90,2026-01-04 18:00:00+08:00,90.0,0.0,50.0,0.0,0.0,0.0,10.0,0.0,0.0,0.0,1.0,0.0,0.0,0.0,5.0,117.55263157894743,95.0
1,w0_normal_renewable_bus,91,2026-01-04 19:00:00+08:00,41.0,0.0,1.0,0.0,0.0,0.0,10.0,0.0,0.0,0.0,1.0,0.0,0.0,0.0,5.0,165.05263157894743,95.0
1,w0_normal_renewable_bus,92,2026-01-04 20:00:00+08:00,90.0,0.0,50.0,0.0,0.0,0.0,10.0,0.0,0.0,0.0,1.0,0.0,0.0,0.0,5.0,166.00263157894742,95.0
1,w0_normal_renewable_bus,93,2026-01-04 21:00:00+08:00,90.0,0.0,50.0,0.0,0.0,0.0,10.0,0.0,0.0,0.0,1.0,0.0,0.0,0.0,5.0,213.50263157894742,95.0
1,w0_normal_renewable_bus,94,2026-01-04 22:00:00+08:00,90.0,0.0,50.0,0.0,0.0,0.0,10.0,0.0,0.0,0.0,1.0,0.0,0.0,0.0,5.0,261.00263157894744,95.0
1,w0_normal_renewable_bus,95,2026-01-04 23:00:00+08:00,84.78947368421149,0.0,44.7894736842115,0.0,0.0,0.0,10.0,0.0,0.0,0.0,1.0,0.0,0.0,0.0,5.0,308.50263157894744,95.0
2,w0_normal_main_bus,24,2026-01-02 00:00:00+08:00,59.102493074792434,0.0,19.10249307479244,0.0,0.0,0.0,10.0,0.0,0.0,0.0,1.0,0.0,0.0,0.0,5.0,337.55,95.0
2,w0_normal_main_bus,25,2026-01-02 01:00:00+08:00,41.0,0.0,1.0,0.0,0.0,0.0,10.0,0.0,0.0,0.0,1.0,0.0,0.0,0.0,5.0,355.69736842105306,95.0
2,w0_normal_main_bus,26,2026-01-02 02:00:00+08:00,41.0,0.0,1.0,0.0,0.0,0.0,10.0,0.0,0.0,0.0,1.0,0.0,0.0,0.0,5.0,356.64736842105305,95.0
2,w0_normal_main_bus,27,2026-01-02 03:00:00+08:00,41.0,0.0,1.0,0.0,0.0,0.0,10.0,0.0,0.0,0.0,1.0,0.0,0.0,0.0,5.0,357.59736842105303,95.0
2,w0_normal_main_bus,28,2026-01-02 04:00:00+08:00,41.0,0.0,1.0,0.0,0.0,0.0,10.0,0.0,0.0,0.0,1.0,0.0,0.0,0.0,5.0,358.547368421053,95.0
2,w0_normal_main_bus,29,2026-01-02 05:00:00+08:00,41.0,0.0,1.0,0.0,0.0,0.0,10.0,0.0,0.0,0.0,1.0,0.0,0.0,0.0,5.0,359.497368421053,95.0
2,w0_normal_main_bus,30,2026-01-02 06:00:00+08:00,41.0,0.0,1.0,0.0,0.0,0.0,10.0,0.0,0.0,0.0,1.0,0.0,0.0,0.0,5.0,360.447368421053,95.0
2,w0_normal_main_bus,31,2026-01-02 07:00:00+08:00,41.0,0.0,1.0,0.0,0.0,0.0,10.0,0.0,0.0,0.0,1.0,0.0,0.0,0.0,5.0,361.397368421053,95.0
2,w0_normal_main_bus,32,2026-01-02 08:00:00+08:00,41.0,0.0,1.0,0.0,0.0,0.0,10.0,0.0,0.0,0.0,1.0,0.0,0.0,0.0,5.0,362.347368421053,95.0
2,w0_normal_main_bus,33,2026-01-02 09:00:00+08:00,41.0,0.0,1.0,0.0,0.0,0.0,10.0,0.0,0.0,0.0,1.0,0.0,0.0,0.0,5.0,363.29736842105297,95.0
2,w0_normal_main_bus,34,2026-01-02 10:00:00+08:00,41.0,0.0,1.0,0.0,0.0,0.0,10.0,0.0,0.0,0.0,1.0,0.0,0.0,0.0,5.0,364.24736842105295,95.0
2,w0_normal_main_bus,35,2026-01-02 11:00:00+08:00,41.0,0.0,1.0,0.0,0.0,0.0,10.0,0.0,0.0,0.0,1.0,0.0,0.0,0.0,5.0,365.19736842105294,95.0
2,w0_normal_main_bus,36,2026-01-02 12:00:00+08:00,41.0,0.0,1.0,0.0,0.0,0.0,10.0,0.0,0.0,0.0,1.0,0.0,0.0,0.0,5.0,366.14736842105293,95.0
2,w0_normal_main_bus,37,2026-01-02 13:00:00+08:00,41.0,0.0,1.0,0.0,0.0,0.0,10.0,0.0,0.0,0.0,1.0,0.0,0.0,0.0,5.0,367.0973684210529,95.0
2,w0_normal_main_bus,38,2026-01-02 14:00:00+08:00,41.0,0.0,1.0,0.0,0.0,0.0,10.0,0.0,0.0,0.0,1.0,0.0,0.0,0.0,5.0,368.0473684210529,95.0
2,w0_normal_main_bus,39,2026-01-02 15:00:00+08:00,41.0,0.0,1.0,0.0,0.0,0.0,10.0,0.0,0.0,0.0,1.0,0.0,0.0,0.0,5.0,368.9973684210529,95.0
2,w0_normal_main_bus,40,2026-01-02 16:00:00+08:00,41.0,0.0,1.0,0.0,0.0,0.0,10.0,0.0,0.0,0.0,1.0,0.0,0.0,0.0,5.0,369.9473684210529,95.0
2,w0_normal_main_bus,41,2026-01-02 17:00:00+08:00,41.0,0.0,1.0,0.0,0.0,0.0,10.0,0.0,0.0,0.0,1.0,0.0,0.0,0.0,5.0,370.8973684210529,95.0
2,w0_normal_main_bus,42,2026-01-02 18:00:00+08:00,41.0,0.0,1.0,0.0,0.0,0.0,10.0,0.0,0.0,0.0,1.0,0.0,0.0,0.0,5.0,371.84736842105286,95.0
2,w0_normal_main_bus,43,2026-01-02 19:00:00+08:00,41.0,0.0,1.0,0.0,0.0,0.0,10.0,0.0,0.0,0.0,1.0,0.0,0.0,0.0,5.0,372.79736842105285,95.0
2,w0_normal_main_bus,44,2026-01-02 20:00:00+08:00,41.0,0.0,1.0,0.0,0.0,0.0,10.0,0.0,0.0,0.0,1.0,0.0,0.0,0.0,5.0,373.74736842105284,95.0
2,w0_normal_main_bus,45,2026-01-02 21:00:00+08:00,41.0,0.0,1.0,0.0,0.0,0.0,10.0,0.0,0.0,0.0,1.0,0.0,0.0,0.0,5.0,374.69736842105283,95.0
2,w0_normal_main_bus,46,2026-01-02 22:00:00+08:00,41.0,0.0,1.0,0.0,0.0,0.0,10.0,0.0,0.0,0.0,1.0,0.0,0.0,0.0,5.0,375.6473684210528,95.0
2,w0_normal_main_bus,47,2026-01-02 23:00:00+08:00,41.0,0.0,1.0,0.0,0.0,0.0,10.0,0.0,0.0,0.0,1.0,0.0,0.0,0.0,5.0,376.5973684210528,95.0
2,w0_normal_main_bus,48,2026-01-03 00:00:00+08:00,41.0,0.0,1.0,0.0,0.0,0.0,10.0,0.0,0.0,0.0,1.0,0.0,0.0,0.0,5.0,377.5473684210528,95.0
2,w0_normal_main_bus,49,2026-01-03 01:00:00+08:00,41.0,0.0,1.0,0.0,0.0,0.0,10.0,0.0,0.0,0.0,1.0,0.0,0.0,0.0,5.0,378.4973684210528,95.0
2,w0_normal_main_bus,50,2026-01-03 02:00:00+08:00,41.0,0.0,1.0,0.0,0.0,0.0,10.0,0.0,0.0,0.0,1.0,0.0,0.0,0.0,5.0,379.4473684210528,95.0
2,w0_normal_main_bus,51,2026-01-03 03:00:00+08:00,41.0,0.0,1.0,0.0,0.0,0.0,10.0,0.0,0.0,0.0,1.0,0.0,0.0,0.0,5.0,380.39736842105276,95.0
2,w0_normal_main_bus,52,2026-01-03 04:00:00+08:00,41.0,0.0,1.0,0.0,0.0,0.0,10.0,0.0,0.0,0.0,1.0,0.0,0.0,0.0,5.0,381.34736842105275,95.0
2,w0_normal_main_bus,53,2026-01-03 05:00:00+08:00,41.0,0.0,1.0,0.0,0.0,0.0,10.0,0.0,0.0,0.0,1.0,0.0,0.0,0.0,5.0,382.29736842105274,95.0
2,w0_normal_main_bus,54,2026-01-03 06:00:00+08:00,41.0,0.0,1.0,0.0,0.0,0.0,10.0,0.0,0.0,0.0,1.0,0.0,0.0,0.0,5.0,383.2473684210527,95.0
2,w0_normal_main_bus,55,2026-01-03 07:00:00+08:00,41.0,0.0,1.0,0.0,0.0,0.0,10.0,0.0,0.0,0.0,1.0,0.0,0.0,0.0,5.0,384.1973684210527,95.0
2,w0_normal_main_bus,56,2026-01-03 08:00:00+08:00,41.0,0.0,1.0,0.0,0.0,0.0,10.0,0.0,0.0,0.0,1.0,0.0,0.0,0.0,5.0,385.1473684210527,95.0
2,w0_normal_main_bus,57,2026-01-03 09:00:00+08:00,41.0,0.0,1.0,0.0,0.0,0.0,10.0,0.0,0.0,0.0,1.0,0.0,0.0,0.0,5.0,386.0973684210527,95.0
2,w0_normal_main_bus,58,2026-01-03 10:00:00+08:00,41.0,0.0,1.0,0.0,0.0,0.0,10.0,0.0,0.0,0.0,1.0,0.0,0.0,0.0,5.0,387.0473684210527,95.0
2,w0_normal_main_bus,59,2026-01-03 11:00:00+08:00,41.0,0.0,1.0,0.0,0.0,0.0,10.0,0.0,0.0,0.0,1.0,0.0,0.0,0.0,5.0,387.99736842105267,95.0
2,w0_normal_main_bus,60,2026-01-03 12:00:00+08:00,0.0,0.0,0.0,0.0,0.0,10.0,0.0,20.0,5.0,0.0,0.0,1.0,0.0,0.0,0.0,388.94736842105266,95.0
2,w0_normal_main_bus,61,2026-01-03 13:00:00+08:00,39.0,0.0,0.0,1.0,0.0,0.0,10.0,0.0,0.0,0.0,1.0,0.0,0.0,0.0,5.0,388.94736842105266,84.79591836734694
2,w0_normal_main_bus,62,2026-01-03 14:00:00+08:00,40.0,0.0,0.0,0.0,10.412328196584753,0.0,10.0,0.0,0.0,0.0,1.0,0.0,10.412328196584753,0.0,5.0,387.8947368421053,84.79591836734694
2,w0_normal_main_bus,63,2026-01-03 15:00:00+08:00,39.0,0.0,0.0,1.0,0.0,0.0,10.0,0.0,0.0,0.0,1.0,0.0,0.0,0.0,5.0,387.8947368421053,95.0
2,w0_normal_main_bus,64,2026-01-03 16:00:00+08:00,39.0,0.0,0.0,1.0,0.0,0.0,10.0,0.0,0.0,0.0,1.0,0.0,0.0,0.0,5.0,386.842105263158,95.0
2,w0_normal_main_bus,65,2026-01-03 17:00:00+08:00,39.0,0.0,0.0,1.0,0.0,0.0,10.0,0.0,0.0,0.0,1.0,0.0,0.0,0.0,5.0,385.78947368421063,95.0
2,w0_normal_main_bus,66,2026-01-03 18:00:00+08:00,39.0,0.0,0.0,1.0,0.0,0.0,10.0,0.0,0.0,0.0,1.0,0.0,0.0,0.0,5.0,384.7368421052633,95.0
2,w0_normal_main_bus,67,2026-01-03 19:00:00+08:00,39.0,0.0,0.0,1.0,0.0,0.0,10.0,0.0,0.0,0.0,1.0,0.0,0.0,0.0,5.0,383.68421052631595,95.0
2,w0_normal_main_bus,68,2026-01-03 20:00:00+08:00,39.0,0.0,0.0,1.0,0.0,0.0,10.0,0.0,0.0,0.0,1.0,0.0,0.0,0.0,5.0,382.6315789473686,95.0
2,w0_normal_main_bus,69,2026-01-03 21:00:00+08:00,39.0,0.0,0.0,1.0,0.0,0.0,10.0,0.0,0.0,0.0,1.0,0.0,0.0,0.0,5.0,381.57894736842127,95.0
2,w0_normal_main_bus,70,2026-01-03 22:00:00+08:00,39.0,0.0,0.0,1.0,0.0,0.0,10.0,0.0,0.0,0.0,1.0,0.0,0.0,0.0,5.0,380.5263157894739,95.0
2,w0_normal_main_bus,71,2026-01-03 23:00:00+08:00,39.0,0.0,0.0,1.0,0.0,0.0,10.0,0.0,0.0,0.0,1.0,0.0,0.0,0.0,5.0,379.4736842105266,95.0
2,w0_normal_main_bus,72,2026-01-04 00:00:00+08:00,39.0,0.0,0.0,1.0,0.0,0.0,10.0,0.0,0.0,0.0,1.0,0.0,0.0,0.0,5.0,378.42105263157924,95.0
2,w0_normal_main_bus,73,2026-01-04 01:00:00+08:00,34.0,0.0,0.0,1.0,0.0,0.0,10.0,0.0,0.0,0.0,1.0,0.0,0.0,0.0,0.0,377.3684210526319,95.0
2,w0_normal_main_bus,74,2026-01-04 02:00:00+08:00,34.0,0.0,0.0,1.0,0.0,0.0,10.0,0.0,0.0,0.0,1.0,0.0,0.0,0.0,0.0,376.31578947368456,95.0
2,w0_normal_main_bus,75,2026-01-04 03:00:00+08:00,34.0,0.0,0.0,1.0,0.0,0.0,10.0,0.0,0.0,0.0,1.0,0.0,0.0,0.0,0.0,375.2631578947372,95.0
2,w0_normal_main_bus,76,2026-01-04 04:00:00+08:00,34.0,0.0,0.0,1.0,0.0,0.0,10.0,0.0,0.0,0.0,1.0,0.0,0.0,0.0,0.0,374.2105263157899,95.0
2,w0_normal_main_bus,77,2026-01-04 05:00:00+08:00,34.0,0.0,0.0,1.0,0.0,0.0,10.0,0.0,0.0,0.0,1.0,0.0,0.0,0.0,0.0,373.15789473684254,95.0
2,w0_normal_main_bus,78,2026-01-04 06:00:00+08:00,39.0,0.0,0.0,1.0,0.0,0.0,10.0,0.0,0.0,0.0,1.0,0.0,0.0,0.0,5.0,372.1052631578952,95.0
2,w0_normal_main_bus,79,2026-01-04 07:00:00+08:00,39.0,0.0,0.0,1.0,0.0,0.0,10.0,0.0,0.0,0.0,1.0,0.0,0.0,0.0,5.0,371.05263157894785,95.0
2,w0_normal_main_bus,80,2026-01-04 08:00:00+08:00,39.0,0.0,0.0,1.0,0.0,0.0,10.0,0.0,0.0,0.0,1.0,0.0,0.0,0.0,5.0,370.0,95.0
2,w0_normal_main_bus,81,2026-01-04 09:00:00+08:00,39.0,0.0,0.0,1.0,0.0,0.0,10.0,0.0,0.0,0.0,1.0,0.0,0.0,0.0,5.0,368.94736842105317,95.0
2,w0_normal_main_bus,82,2026-01-04 10:00:00+08:00,39.0,0.0,0.0,1.0,0.0,0.0,10.0,0.0,0.0,0.0,1.0,0.0,0.0,0.0,5.0,367.89473684210583,95.0
2,w0_normal_main_bus,83,2026-01-04 11:00:00+08:00,39.0,0.0,0.0,1.0,0.0,0.0,10.0,0.0,0.0,0.0,1.0,0.0,0.0,0.0,5.0,366.8421052631585,95.0
2,w0_normal_main_bus,84,2026-01-04 12:00:00+08:00,39.0,0.0,0.0,1.0,0.0,0.0,10.0,0.0,0.0,0.0,1.0,0.0,0.0,0.0,5.0,365.78947368421115,95.0
2,w0_normal_main_bus,85,2026-01-04 13:00:00+08:00,39.0,0.0,0.0,1.0,0.0,0.0,10.0,0.0,0.0,0.0,1.0,0.0,0.0,0.0,5.0,364.7368421052638,95.0
2,w0_normal_main_bus,86,2026-01-04 14:00:00+08:00,39.0,0.0,0.0,1.0,0.0,0.0,10.0,0.0,0.0,0.0,1.0,0.0,0.0,0.0,5.0,363.68421052631646,95.0
2,w0_normal_main_bus,87,2026-01-04 15:00:00+08:00,39.0,0.0,0.0,1.0,0.0,0.0,10.0,0.0,0.0,0.0,1.0,0.0,0.0,0.0,5.0,362.6315789473691,95.0
2,w0_normal_main_bus,88,2026-01-04 16:00:00+08:00,39.0,0.0,0.0,1.0,0.0,0.0,10.0,0.0,0.0,0.0,1.0,0.0,0.0,0.0,5.0,361.5789473684218,95.0
2,w0_normal_main_bus,89,2026-01-04 17:00:00+08:00,39.0,0.0,0.0,1.0,0.0,0.0,10.0,0.0,0.0,0.0,1.0,0.0,0.0,0.0,5.0,360.52631578947444,95.0
2,w0_normal_main_bus,90,2026-01-04 18:00:00+08:00,39.0,0.0,0.0,1.0,0.0,0.0,10.0,0.0,0.0,0.0,1.0,0.0,0.0,0.0,5.0,359.4736842105271,95.0
2,w0_normal_main_bus,91,2026-01-04 19:00:00+08:00,39.0,0.0,0.0,1.0,0.0,0.0,10.0,0.0,0.0,0.0,1.0,0.0,0.0,0.0,5.0,358.42105263157976,95.0
2,w0_normal_main_bus,92,2026-01-04 20:00:00+08:00,39.0,0.0,0.0,1.0,0.0,0.0,10.0,0.0,0.0,0.0,1.0,0.0,0.0,0.0,5.0,357.3684210526324,95.0
2,w0_normal_main_bus,93,2026-01-04 21:00:00+08:00,39.0,0.0,0.0,1.0,0.0,0.0,10.0,0.0,0.0,0.0,1.0,0.0,0.0,0.0,5.0,356.3157894736851,95.0
2,w0_normal_main_bus,94,2026-01-04 22:00:00+08:00,39.0,0.0,0.0,1.0,0.0,0.0,10.0,0.0,0.0,0.0,1.0,0.0,0.0,0.0,5.0,355.26315789473773,95.0
2,w0_normal_main_bus,95,2026-01-04 23:00:00+08:00,37.0,0.0,0.0,3.0,0.0,0.0,10.0,0.0,0.0,0.0,1.0,0.0,0.0,0.0,5.0,354.2105263157904,95.0
3,w0_normal_compound,24,2026-01-02 00:00:00+08:00,59.102493074792434,0.0,19.10249307479244,0.0,0.0,0.0,10.0,0.0,0.0,0.0,1.0,0.0,0.0,0.0,5.0,337.55,95.0
3,w0_normal_compound,25,2026-01-02 01:00:00+08:00,41.0,0.0,1.0,0.0,0.0,0.0,10.0,0.0,0.0,0.0,1.0,0.0,0.0,0.0,5.0,355.69736842105306,95.0
3,w0_normal_compound,26,2026-01-02 02:00:00+08:00,41.0,0.0,1.0,0.0,0.0,0.0,10.0,0.0,0.0,0.0,1.0,0.0,0.0,0.0,5.0,356.64736842105305,95.0
3,w0_normal_compound,27,2026-01-02 03:00:00+08:00,41.0,0.0,1.0,0.0,0.0,0.0,10.0,0.0,0.0,0.0,1.0,0.0,0.0,0.0,5.0,357.59736842105303,95.0
3,w0_normal_compound,28,2026-01-02 04:00:00+08:00,41.0,0.0,1.0,0.0,0.0,0.0,10.0,0.0,0.0,0.0,1.0,0.0,0.0,0.0,5.0,358.547368421053,95.0
3,w0_normal_compound,29,2026-01-02 05:00:00+08:00,41.0,0.0,1.0,0.0,0.0,0.0,10.0,0.0,0.0,0.0,1.0,0.0,0.0,0.0,5.0,359.497368421053,95.0
3,w0_normal_compound,30,2026-01-02 06:00:00+08:00,41.0,0.0,1.0,0.0,0.0,0.0,10.0,0.0,0.0,0.0,1.0,0.0,0.0,0.0,5.0,360.447368421053,95.0
3,w0_normal_compound,31,2026-01-02 07:00:00+08:00,41.0,0.0,1.0,0.0,0.0,0.0,10.0,0.0,0.0,0.0,1.0,0.0,0.0,0.0,5.0,361.397368421053,95.0
3,w0_normal_compound,32,2026-01-02 08:00:00+08:00,41.0,0.0,1.0,0.0,0.0,0.0,10.0,0.0,0.0,0.0,1.0,0.0,0.0,0.0,5.0,362.347368421053,95.0
3,w0_normal_compound,33,2026-01-02 09:00:00+08:00,41.0,0.0,1.0,0.0,0.0,0.0,10.0,0.0,0.0,0.0,1.0,0.0,0.0,0.0,5.0,363.29736842105297,95.0
3,w0_normal_compound,34,2026-01-02 10:00:00+08:00,41.0,0.0,1.0,0.0,0.0,0.0,10.0,0.0,0.0,0.0,1.0,0.0,0.0,0.0,5.0,364.24736842105295,95.0
3,w0_normal_compound,35,2026-01-02 11:00:00+08:00,41.0,0.0,1.0,0.0,0.0,0.0,10.0,0.0,0.0,0.0,1.0,0.0,0.0,0.0,5.0,365.19736842105294,95.0
3,w0_normal_compound,36,2026-01-02 12:00:00+08:00,41.0,0.0,1.0,0.0,0.0,0.0,10.0,0.0,0.0,0.0,1.0,0.0,0.0,0.0,5.0,366.14736842105293,95.0
3,w0_normal_compound,37,2026-01-02 13:00:00+08:00,41.0,0.0,1.0,0.0,0.0,0.0,10.0,0.0,0.0,0.0,1.0,0.0,0.0,0.0,5.0,367.0973684210529,95.0
3,w0_normal_compound,38,2026-01-02 14:00:00+08:00,41.0,0.0,1.0,0.0,0.0,0.0,10.0,0.0,0.0,0.0,1.0,0.0,0.0,0.0,5.0,368.0473684210529,95.0
3,w0_normal_compound,39,2026-01-02 15:00:00+08:00,41.0,0.0,1.0,0.0,0.0,0.0,10.0,0.0,0.0,0.0,1.0,0.0,0.0,0.0,5.0,368.9973684210529,95.0
3,w0_normal_compound,40,2026-01-02 16:00:00+08:00,41.0,0.0,1.0,0.0,0.0,0.0,10.0,0.0,0.0,0.0,1.0,0.0,0.0,0.0,5.0,369.9473684210529,95.0
3,w0_normal_compound,41,2026-01-02 17:00:00+08:00,41.0,0.0,1.0,0.0,0.0,0.0,10.0,0.0,0.0,0.0,1.0,0.0,0.0,0.0,5.0,370.8973684210529,95.0
3,w0_normal_compound,42,2026-01-02 18:00:00+08:00,41.0,0.0,1.0,0.0,0.0,0.0,10.0,0.0,0.0,0.0,1.0,0.0,0.0,0.0,5.0,371.84736842105286,95.0
3,w0_normal_compound,43,2026-01-02 19:00:00+08:00,41.0,0.0,1.0,0.0,0.0,0.0,10.0,0.0,0.0,0.0,1.0,0.0,0.0,0.0,5.0,372.79736842105285,95.0
3,w0_normal_compound,44,2026-01-02 20:00:00+08:00,41.0,0.0,1.0,0.0,0.0,0.0,10.0,0.0,0.0,0.0,1.0,0.0,0.0,0.0,5.0,373.74736842105284,95.0
3,w0_normal_compound,45,2026-01-02 21:00:00+08:00,41.0,0.0,1.0,0.0,0.0,0.0,10.0,0.0,0.0,0.0,1.0,0.0,0.0,0.0,5.0,374.69736842105283,95.0
3,w0_normal_compound,46,2026-01-02 22:00:00+08:00,41.0,0.0,1.0,0.0,0.0,0.0,10.0,0.0,0.0,0.0,1.0,0.0,0.0,0.0,5.0,375.6473684210528,95.0
3,w0_normal_compound,47,2026-01-02 23:00:00+08:00,41.0,0.0,1.0,0.0,0.0,0.0,10.0,0.0,0.0,0.0,1.0,0.0,0.0,0.0,5.0,376.5973684210528,95.0
3,w0_normal_compound,48,2026-01-03 00:00:00+08:00,41.0,0.0,1.0,0.0,0.0,0.0,10.0,0.0,0.0,0.0,1.0,0.0,0.0,0.0,5.0,377.5473684210528,95.0
3,w0_normal_compound,49,2026-01-03 01:00:00+08:00,41.0,0.0,1.0,0.0,0.0,0.0,10.0,0.0,0.0,0.0,1.0,0.0,0.0,0.0,5.0,378.4973684210528,95.0
3,w0_normal_compound,50,2026-01-03 02:00:00+08:00,41.0,0.0,1.0,0.0,0.0,0.0,10.0,0.0,0.0,0.0,1.0,0.0,0.0,0.0,5.0,379.4473684210528,95.0
3,w0_normal_compound,51,2026-01-03 03:00:00+08:00,41.0,0.0,1.0,0.0,0.0,0.0,10.0,0.0,0.0,0.0,1.0,0.0,0.0,0.0,5.0,380.39736842105276,95.0
3,w0_normal_compound,52,2026-01-03 04:00:00+08:00,41.0,0.0,1.0,0.0,0.0,0.0,10.0,0.0,0.0,0.0,1.0,0.0,0.0,0.0,5.0,381.34736842105275,95.0
3,w0_normal_compound,53,2026-01-03 05:00:00+08:00,41.0,0.0,1.0,0.0,0.0,0.0,10.0,0.0,0.0,0.0,1.0,0.0,0.0,0.0,5.0,382.29736842105274,95.0
3,w0_normal_compound,54,2026-01-03 06:00:00+08:00,41.0,0.0,1.0,0.0,0.0,0.0,10.0,0.0,0.0,0.0,1.0,0.0,0.0,0.0,5.0,383.2473684210527,95.0
3,w0_normal_compound,55,2026-01-03 07:00:00+08:00,41.0,0.0,1.0,0.0,0.0,0.0,10.0,0.0,0.0,0.0,1.0,0.0,0.0,0.0,5.0,384.1973684210527,95.0
3,w0_normal_compound,56,2026-01-03 08:00:00+08:00,41.0,0.0,1.0,0.0,0.0,0.0,10.0,0.0,0.0,0.0,1.0,0.0,0.0,0.0,5.0,385.1473684210527,95.0
3,w0_normal_compound,57,2026-01-03 09:00:00+08:00,41.0,0.0,1.0,0.0,0.0,0.0,10.0,0.0,0.0,0.0,1.0,0.0,0.0,0.0,5.0,386.0973684210527,95.0
3,w0_normal_compound,58,2026-01-03 10:00:00+08:00,41.0,0.0,1.0,0.0,0.0,0.0,10.0,0.0,0.0,0.0,1.0,0.0,0.0,0.0,5.0,387.0473684210527,95.0
3,w0_normal_compound,59,2026-01-03 11:00:00+08:00,41.0,0.0,1.0,0.0,0.0,0.0,10.0,0.0,0.0,0.0,1.0,0.0,0.0,0.0,5.0,387.99736842105267,95.0
3,w0_normal_compound,60,2026-01-03 12:00:00+08:00,0.0,0.0,0.0,40.0,0.0,0.0,10.0,0.0,0.0,0.0,1.0,0.0,0.0,0.0,5.0,388.94736842105266,95.0
3,w0_normal_compound,61,2026-01-03 13:00:00+08:00,0.0,0.0,0.0,40.0,0.0,0.0,10.0,0.0,0.0,0.0,1.0,0.0,0.0,0.0,5.0,346.8421052631579,95.0
3,w0_normal_compound,62,2026-01-03 14:00:00+08:00,0.0,0.0,0.0,40.0,0.0,0.0,10.0,0.0,0.0,0.0,1.0,0.0,0.0,0.0,5.0,304.7368421052632,95.0
3,w0_normal_compound,63,2026-01-03 15:00:00+08:00,0.0,0.0,0.0,40.0,0.0,0.0,10.0,0.0,0.0,0.0,1.0,0.0,0.0,0.0,5.0,262.63157894736844,95.0
3,w0_normal_compound,64,2026-01-03 16:00:00+08:00,0.0,0.0,0.0,40.0,0.0,0.0,10.0,0.0,0.0,0.0,1.0,0.0,0.0,0.0,5.0,220.5263157894737,95.0
3,w0_normal_compound,65,2026-01-03 17:00:00+08:00,0.0,0.0,0.0,40.0,0.0,0.0,10.0,0.0,0.0,0.0,1.0,0.0,0.0,0.0,5.0,178.42105263157896,95.0
3,w0_normal_compound,66,2026-01-03 18:00:00+08:00,0.0,0.0,0.0,40.0,0.0,0.0,10.0,0.0,0.0,0.0,1.0,0.0,0.0,0.0,5.0,136.31578947368422,95.0
3,w0_normal_compound,67,2026-01-03 19:00:00+08:00,0.0,0.0,0.0,40.0,0.0,0.0,10.0,0.0,0.0,0.0,1.0,0.0,0.0,0.0,5.0,94.21052631578948,95.0
3,w0_normal_compound,68,2026-01-03 20:00:00+08:00,39.0,0.0,0.0,1.0,0.0,0.0,10.0,0.0,0.0,0.0,1.0,0.0,0.0,0.0,5.0,52.10526315789474,95.0
3,w0_normal_compound,69,2026-01-03 21:00:00+08:00,41.0,0.0,1.0,0.0,0.0,0.0,10.0,0.0,0.0,0.0,1.0,0.0,0.0,0.0,5.0,51.05263157894737,95.0
3,w0_normal_compound,70,2026-01-03 22:00:00+08:00,41.0,0.0,1.0,0.0,0.0,0.0,10.0,0.0,0.0,0.0,1.0,0.0,0.0,0.0,5.0,52.00263157894737,95.0
3,w0_normal_compound,71,2026-01-03 23:00:00+08:00,41.0,0.0,1.0,0.0,0.0,0.0,10.0,0.0,0.0,0.0,1.0,0.0,0.0,0.0,5.0,52.952631578947376,95.0
3,w0_normal_compound,72,2026-01-04 00:00:00+08:00,41.0,0.0,1.0,0.0,0.0,0.0,10.0,0.0,0.0,0.0,1.0,0.0,0.0,0.0,5.0,53.90263157894738,95.0
3,w0_normal_compound,73,2026-01-04 01:00:00+08:00,36.0,0.0,1.0,0.0,0.0,0.0,10.0,0.0,0.0,0.0,1.0,0.0,0.0,0.0,0.0,54.85263157894738,95.0
3,w0_normal_compound,74,2026-01-04 02:00:00+08:00,36.0,0.0,1.0,0.0,0.0,0.0,10.0,0.0,0.0,0.0,1.0,0.0,0.0,0.0,0.0,55.802631578947384,95.0
3,w0_normal_compound,75,2026-01-04 03:00:00+08:00,36.0,0.0,1.0,0.0,0.0,0.0,10.0,0.0,0.0,0.0,1.0,0.0,0.0,0.0,0.0,56.75263157894739,95.0
3,w0_normal_compound,76,2026-01-04 04:00:00+08:00,36.0,0.0,1.0,0.0,0.0,0.0,10.0,0.0,0.0,0.0,1.0,0.0,0.0,0.0,0.0,57.70263157894739,95.0
3,w0_normal_compound,77,2026-01-04 05:00:00+08:00,36.0,0.0,1.0,0.0,0.0,0.0,10.0,0.0,0.0,0.0,1.0,0.0,0.0,0.0,0.0,58.65263157894739,95.0
3,w0_normal_compound,78,2026-01-04 06:00:00+08:00,41.0,0.0,1.0,0.0,0.0,0.0,10.0,0.0,0.0,0.0,1.0,0.0,0.0,0.0,5.0,59.602631578947395,95.0
3,w0_normal_compound,79,2026-01-04 07:00:00+08:00,41.0,0.0,1.0,0.0,0.0,0.0,10.0,0.0,0.0,0.0,1.0,0.0,0.0,0.0,5.0,60.5526315789474,95.0
3,w0_normal_compound,80,2026-01-04 08:00:00+08:00,41.0,0.0,1.0,0.0,0.0,0.0,10.0,0.0,0.0,0.0,1.0,0.0,0.0,0.0,5.0,61.5026315789474,95.0
3,w0_normal_compound,81,2026-01-04 09:00:00+08:00,41.0,0.0,1.0,0.0,0.0,0.0,10.0,0.0,0.0,0.0,1.0,0.0,0.0,0.0,5.0,62.452631578947404,95.0
3,w0_normal_compound,82,2026-01-04 10:00:00+08:00,41.0,0.0,1.0,0.0,0.0,0.0,10.0,0.0,0.0,0.0,1.0,0.0,0.0,0.0,5.0,63.40263157894741,95.0
3,w0_normal_compound,83,2026-01-04 11:00:00+08:00,41.0,0.0,1.0,0.0,0.0,0.0,10.0,0.0,0.0,0.0,1.0,0.0,0.0,0.0,5.0,64.35263157894741,95.0
3,w0_normal_compound,84,2026-01-04 12:00:00+08:00,41.0,0.0,1.0,0.0,0.0,0.0,10.0,0.0,0.0,0.0,1.0,0.0,0.0,0.0,5.0,65.30263157894741,95.0
3,w0_normal_compound,85,2026-01-04 13:00:00+08:00,41.0,0.0,1.0,0.0,0.0,0.0,10.0,0.0,0.0,0.0,1.0,0.0,0.0,0.0,5.0,66.25263157894742,95.0
3,w0_normal_compound,86,2026-01-04 14:00:00+08:00,41.0,0.0,1.0,0.0,0.0,0.0,10.0,0.0,0.0,0.0,1.0,0.0,0.0,0.0,5.0,67.20263157894742,95.0
3,w0_normal_compound,87,2026-01-04 15:00:00+08:00,41.0,0.0,1.0,0.0,0.0,0.0,10.0,0.0,0.0,0.0,1.0,0.0,0.0,0.0,5.0,68.15263157894742,95.0
3,w0_normal_compound,88,2026-01-04 16:00:00+08:00,41.0,0.0,1.0,0.0,0.0,0.0,10.0,0.0,0.0,0.0,1.0,0.0,0.0,0.0,5.0,69.10263157894742,95.0
3,w0_normal_compound,89,2026-01-04 17:00:00+08:00,90.0,0.0,50.0,0.0,0.0,0.0,10.0,0.0,0.0,0.0,1.0,0.0,0.0,0.0,5.0,70.05263157894743,95.0
3,w0_normal_compound,90,2026-01-04 18:00:00+08:00,90.0,0.0,50.0,0.0,0.0,0.0,10.0,0.0,0.0,0.0,1.0,0.0,0.0,0.0,5.0,117.55263157894743,95.0
3,w0_normal_compound,91,2026-01-04 19:00:00+08:00,41.0,0.0,1.0,0.0,0.0,0.0,10.0,0.0,0.0,0.0,1.0,0.0,0.0,0.0,5.0,165.05263157894743,95.0
3,w0_normal_compound,92,2026-01-04 20:00:00+08:00,90.0,0.0,50.0,0.0,0.0,0.0,10.0,0.0,0.0,0.0,1.0,0.0,0.0,0.0,5.0,166.00263157894742,95.0
3,w0_normal_compound,93,2026-01-04 21:00:00+08:00,90.0,0.0,50.0,0.0,0.0,0.0,10.0,0.0,0.0,0.0,1.0,0.0,0.0,0.0,5.0,213.50263157894742,95.0
3,w0_normal_compound,94,2026-01-04 22:00:00+08:00,90.0,0.0,50.0,0.0,0.0,0.0,10.0,0.0,0.0,0.0,1.0,0.0,0.0,0.0,5.0,261.00263157894744,95.0
3,w0_normal_compound,95,2026-01-04 23:00:00+08:00,84.78947368421149,0.0,44.7894736842115,0.0,0.0,0.0,10.0,0.0,0.0,0.0,1.0,0.0,0.0,0.0,5.0,308.50263157894744,95.0
4,w0_normal_pcs,24,2026-01-02 00:00:00+08:00,59.102493074792434,0.0,19.10249307479244,0.0,0.0,0.0,10.0,0.0,0.0,0.0,1.0,0.0,0.0,0.0,5.0,337.55,95.0
4,w0_normal_pcs,25,2026-01-02 01:00:00+08:00,41.0,0.0,1.0,0.0,0.0,0.0,10.0,0.0,0.0,0.0,1.0,0.0,0.0,0.0,5.0,355.69736842105306,95.0
4,w0_normal_pcs,26,2026-01-02 02:00:00+08:00,41.0,0.0,1.0,0.0,0.0,0.0,10.0,0.0,0.0,0.0,1.0,0.0,0.0,0.0,5.0,356.64736842105305,95.0
4,w0_normal_pcs,27,2026-01-02 03:00:00+08:00,41.0,0.0,1.0,0.0,0.0,0.0,10.0,0.0,0.0,0.0,1.0,0.0,0.0,0.0,5.0,357.59736842105303,95.0
4,w0_normal_pcs,28,2026-01-02 04:00:00+08:00,41.0,0.0,1.0,0.0,0.0,0.0,10.0,0.0,0.0,0.0,1.0,0.0,0.0,0.0,5.0,358.547368421053,95.0
4,w0_normal_pcs,29,2026-01-02 05:00:00+08:00,41.0,0.0,1.0,0.0,0.0,0.0,10.0,0.0,0.0,0.0,1.0,0.0,0.0,0.0,5.0,359.497368421053,95.0
4,w0_normal_pcs,30,2026-01-02 06:00:00+08:00,41.0,0.0,1.0,0.0,0.0,0.0,10.0,0.0,0.0,0.0,1.0,0.0,0.0,0.0,5.0,360.447368421053,95.0
4,w0_normal_pcs,31,2026-01-02 07:00:00+08:00,41.0,0.0,1.0,0.0,0.0,0.0,10.0,0.0,0.0,0.0,1.0,0.0,0.0,0.0,5.0,361.397368421053,95.0
4,w0_normal_pcs,32,2026-01-02 08:00:00+08:00,41.0,0.0,1.0,0.0,0.0,0.0,10.0,0.0,0.0,0.0,1.0,0.0,0.0,0.0,5.0,362.347368421053,95.0
4,w0_normal_pcs,33,2026-01-02 09:00:00+08:00,41.0,0.0,1.0,0.0,0.0,0.0,10.0,0.0,0.0,0.0,1.0,0.0,0.0,0.0,5.0,363.29736842105297,95.0
4,w0_normal_pcs,34,2026-01-02 10:00:00+08:00,41.0,0.0,1.0,0.0,0.0,0.0,10.0,0.0,0.0,0.0,1.0,0.0,0.0,0.0,5.0,364.24736842105295,95.0
4,w0_normal_pcs,35,2026-01-02 11:00:00+08:00,41.0,0.0,1.0,0.0,0.0,0.0,10.0,0.0,0.0,0.0,1.0,0.0,0.0,0.0,5.0,365.19736842105294,95.0
4,w0_normal_pcs,36,2026-01-02 12:00:00+08:00,41.0,0.0,1.0,0.0,0.0,0.0,10.0,0.0,0.0,0.0,1.0,0.0,0.0,0.0,5.0,366.14736842105293,95.0
4,w0_normal_pcs,37,2026-01-02 13:00:00+08:00,41.0,0.0,1.0,0.0,0.0,0.0,10.0,0.0,0.0,0.0,1.0,0.0,0.0,0.0,5.0,367.0973684210529,95.0
4,w0_normal_pcs,38,2026-01-02 14:00:00+08:00,41.0,0.0,1.0,0.0,0.0,0.0,10.0,0.0,0.0,0.0,1.0,0.0,0.0,0.0,5.0,368.0473684210529,95.0
4,w0_normal_pcs,39,2026-01-02 15:00:00+08:00,41.0,0.0,1.0,0.0,0.0,0.0,10.0,0.0,0.0,0.0,1.0,0.0,0.0,0.0,5.0,368.9973684210529,95.0
4,w0_normal_pcs,40,2026-01-02 16:00:00+08:00,41.0,0.0,1.0,0.0,0.0,0.0,10.0,0.0,0.0,0.0,1.0,0.0,0.0,0.0,5.0,369.9473684210529,95.0
4,w0_normal_pcs,41,2026-01-02 17:00:00+08:00,41.0,0.0,1.0,0.0,0.0,0.0,10.0,0.0,0.0,0.0,1.0,0.0,0.0,0.0,5.0,370.8973684210529,95.0
4,w0_normal_pcs,42,2026-01-02 18:00:00+08:00,41.0,0.0,1.0,0.0,0.0,0.0,10.0,0.0,0.0,0.0,1.0,0.0,0.0,0.0,5.0,371.84736842105286,95.0
4,w0_normal_pcs,43,2026-01-02 19:00:00+08:00,41.0,0.0,1.0,0.0,0.0,0.0,10.0,0.0,0.0,0.0,1.0,0.0,0.0,0.0,5.0,372.79736842105285,95.0
4,w0_normal_pcs,44,2026-01-02 20:00:00+08:00,41.0,0.0,1.0,0.0,0.0,0.0,10.0,0.0,0.0,0.0,1.0,0.0,0.0,0.0,5.0,373.74736842105284,95.0
4,w0_normal_pcs,45,2026-01-02 21:00:00+08:00,41.0,0.0,1.0,0.0,0.0,0.0,10.0,0.0,0.0,0.0,1.0,0.0,0.0,0.0,5.0,374.69736842105283,95.0
4,w0_normal_pcs,46,2026-01-02 22:00:00+08:00,41.0,0.0,1.0,0.0,0.0,0.0,10.0,0.0,0.0,0.0,1.0,0.0,0.0,0.0,5.0,375.6473684210528,95.0
4,w0_normal_pcs,47,2026-01-02 23:00:00+08:00,41.0,0.0,1.0,0.0,0.0,0.0,10.0,0.0,0.0,0.0,1.0,0.0,0.0,0.0,5.0,376.5973684210528,95.0
4,w0_normal_pcs,48,2026-01-03 00:00:00+08:00,41.0,0.0,1.0,0.0,0.0,0.0,10.0,0.0,0.0,0.0,1.0,0.0,0.0,0.0,5.0,377.5473684210528,95.0
4,w0_normal_pcs,49,2026-01-03 01:00:00+08:00,41.0,0.0,1.0,0.0,0.0,0.0,10.0,0.0,0.0,0.0,1.0,0.0,0.0,0.0,5.0,378.4973684210528,95.0
4,w0_normal_pcs,50,2026-01-03 02:00:00+08:00,41.0,0.0,1.0,0.0,0.0,0.0,10.0,0.0,0.0,0.0,1.0,0.0,0.0,0.0,5.0,379.4473684210528,95.0
4,w0_normal_pcs,51,2026-01-03 03:00:00+08:00,41.0,0.0,1.0,0.0,0.0,0.0,10.0,0.0,0.0,0.0,1.0,0.0,0.0,0.0,5.0,380.39736842105276,95.0
4,w0_normal_pcs,52,2026-01-03 04:00:00+08:00,41.0,0.0,1.0,0.0,0.0,0.0,10.0,0.0,0.0,0.0,1.0,0.0,0.0,0.0,5.0,381.34736842105275,95.0
4,w0_normal_pcs,53,2026-01-03 05:00:00+08:00,41.0,0.0,1.0,0.0,0.0,0.0,10.0,0.0,0.0,0.0,1.0,0.0,0.0,0.0,5.0,382.29736842105274,95.0
4,w0_normal_pcs,54,2026-01-03 06:00:00+08:00,41.0,0.0,1.0,0.0,0.0,0.0,10.0,0.0,0.0,0.0,1.0,0.0,0.0,0.0,5.0,383.2473684210527,95.0
4,w0_normal_pcs,55,2026-01-03 07:00:00+08:00,41.0,0.0,1.0,0.0,0.0,0.0,10.0,0.0,0.0,0.0,1.0,0.0,0.0,0.0,5.0,384.1973684210527,95.0
4,w0_normal_pcs,56,2026-01-03 08:00:00+08:00,41.0,0.0,1.0,0.0,0.0,0.0,10.0,0.0,0.0,0.0,1.0,0.0,0.0,0.0,5.0,385.1473684210527,95.0
4,w0_normal_pcs,57,2026-01-03 09:00:00+08:00,41.0,0.0,1.0,0.0,0.0,0.0,10.0,0.0,0.0,0.0,1.0,0.0,0.0,0.0,5.0,386.0973684210527,95.0
4,w0_normal_pcs,58,2026-01-03 10:00:00+08:00,41.0,0.0,1.0,0.0,0.0,0.0,10.0,0.0,0.0,0.0,1.0,0.0,0.0,0.0,5.0,387.0473684210527,95.0
4,w0_normal_pcs,59,2026-01-03 11:00:00+08:00,41.0,0.0,1.0,0.0,0.0,0.0,10.0,0.0,0.0,0.0,1.0,0.0,0.0,0.0,5.0,387.99736842105267,95.0
4,w0_normal_pcs,60,2026-01-03 12:00:00+08:00,39.0,0.0,0.0,0.0,0.0,0.0,10.0,0.0,0.0,0.0,1.0,0.0,1.0,0.0,5.0,388.94736842105266,95.0
4,w0_normal_pcs,61,2026-01-03 13:00:00+08:00,39.0,0.0,0.0,0.0,0.0,0.0,10.0,0.0,0.0,0.0,1.0,0.0,1.0,0.0,5.0,388.94736842105266,95.0
4,w0_normal_pcs,62,2026-01-03 14:00:00+08:00,39.0,0.0,0.0,0.0,0.0,0.0,10.0,0.0,0.0,0.0,1.0,0.0,1.0,0.0,5.0,388.94736842105266,95.0
4,w0_normal_pcs,63,2026-01-03 15:00:00+08:00,39.0,0.0,0.0,0.0,0.0,0.0,10.0,0.0,0.0,0.0,1.0,0.0,1.0,0.0,5.0,388.94736842105266,95.0
4,w0_normal_pcs,64,2026-01-03 16:00:00+08:00,39.0,0.0,0.0,1.0,0.0,0.0,10.0,0.0,0.0,0.0,1.0,0.0,0.0,0.0,5.0,388.94736842105266,95.0
4,w0_normal_pcs,65,2026-01-03 17:00:00+08:00,39.0,0.0,0.0,1.0,0.0,0.0,10.0,0.0,0.0,0.0,1.0,0.0,0.0,0.0,5.0,387.8947368421053,95.0
4,w0_normal_pcs,66,2026-01-03 18:00:00+08:00,39.0,0.0,0.0,1.0,0.0,0.0,10.0,0.0,0.0,0.0,1.0,0.0,0.0,0.0,5.0,386.842105263158,95.0
4,w0_normal_pcs,67,2026-01-03 19:00:00+08:00,39.0,0.0,0.0,1.0,0.0,0.0,10.0,0.0,0.0,0.0,1.0,0.0,0.0,0.0,5.0,385.78947368421063,95.0
4,w0_normal_pcs,68,2026-01-03 20:00:00+08:00,39.0,0.0,0.0,1.0,0.0,0.0,10.0,0.0,0.0,0.0,1.0,0.0,0.0,0.0,5.0,384.7368421052633,95.0
4,w0_normal_pcs,69,2026-01-03 21:00:00+08:00,39.0,0.0,0.0,1.0,0.0,0.0,10.0,0.0,0.0,0.0,1.0,0.0,0.0,0.0,5.0,383.68421052631595,95.0
4,w0_normal_pcs,70,2026-01-03 22:00:00+08:00,39.0,0.0,0.0,1.0,0.0,0.0,10.0,0.0,0.0,0.0,1.0,0.0,0.0,0.0,5.0,382.6315789473686,95.0
4,w0_normal_pcs,71,2026-01-03 23:00:00+08:00,39.0,0.0,0.0,1.0,0.0,0.0,10.0,0.0,0.0,0.0,1.0,0.0,0.0,0.0,5.0,381.57894736842127,95.0
4,w0_normal_pcs,72,2026-01-04 00:00:00+08:00,39.0,0.0,0.0,1.0,0.0,0.0,10.0,0.0,0.0,0.0,1.0,0.0,0.0,0.0,5.0,380.5263157894739,95.0
4,w0_normal_pcs,73,2026-01-04 01:00:00+08:00,34.0,0.0,0.0,1.0,0.0,0.0,10.0,0.0,0.0,0.0,1.0,0.0,0.0,0.0,0.0,379.4736842105266,95.0
4,w0_normal_pcs,74,2026-01-04 02:00:00+08:00,34.0,0.0,0.0,1.0,0.0,0.0,10.0,0.0,0.0,0.0,1.0,0.0,0.0,0.0,0.0,378.42105263157924,95.0
4,w0_normal_pcs,75,2026-01-04 03:00:00+08:00,34.0,0.0,0.0,1.0,0.0,0.0,10.0,0.0,0.0,0.0,1.0,0.0,0.0,0.0,0.0,377.3684210526319,95.0
4,w0_normal_pcs,76,2026-01-04 04:00:00+08:00,34.0,0.0,0.0,1.0,0.0,0.0,10.0,0.0,0.0,0.0,1.0,0.0,0.0,0.0,0.0,376.31578947368456,95.0
4,w0_normal_pcs,77,2026-01-04 05:00:00+08:00,34.0,0.0,0.0,1.0,0.0,0.0,10.0,0.0,0.0,0.0,1.0,0.0,0.0,0.0,0.0,375.2631578947372,95.0
4,w0_normal_pcs,78,2026-01-04 06:00:00+08:00,39.0,0.0,0.0,1.0,0.0,0.0,10.0,0.0,0.0,0.0,1.0,0.0,0.0,0.0,5.0,374.2105263157899,95.0
4,w0_normal_pcs,79,2026-01-04 07:00:00+08:00,39.0,0.0,0.0,1.0,0.0,0.0,10.0,0.0,0.0,0.0,1.0,0.0,0.0,0.0,5.0,373.15789473684254,95.0
4,w0_normal_pcs,80,2026-01-04 08:00:00+08:00,39.0,0.0,0.0,1.0,0.0,0.0,10.0,0.0,0.0,0.0,1.0,0.0,0.0,0.0,5.0,372.1052631578952,95.0
4,w0_normal_pcs,81,2026-01-04 09:00:00+08:00,39.0,0.0,0.0,1.0,0.0,0.0,10.0,0.0,0.0,0.0,1.0,0.0,0.0,0.0,5.0,371.05263157894785,95.0
4,w0_normal_pcs,82,2026-01-04 10:00:00+08:00,39.0,0.0,0.0,1.0,0.0,0.0,10.0,0.0,0.0,0.0,1.0,0.0,0.0,0.0,5.0,370.0,95.0
4,w0_normal_pcs,83,2026-01-04 11:00:00+08:00,39.0,0.0,0.0,1.0,0.0,0.0,10.0,0.0,0.0,0.0,1.0,0.0,0.0,0.0,5.0,368.94736842105317,95.0
4,w0_normal_pcs,84,2026-01-04 12:00:00+08:00,39.0,0.0,0.0,1.0,0.0,0.0,10.0,0.0,0.0,0.0,1.0,0.0,0.0,0.0,5.0,367.89473684210583,95.0
4,w0_normal_pcs,85,2026-01-04 13:00:00+08:00,39.0,0.0,0.0,1.0,0.0,0.0,10.0,0.0,0.0,0.0,1.0,0.0,0.0,0.0,5.0,366.8421052631585,95.0
4,w0_normal_pcs,86,2026-01-04 14:00:00+08:00,39.0,0.0,0.0,1.0,0.0,0.0,10.0,0.0,0.0,0.0,1.0,0.0,0.0,0.0,5.0,365.78947368421115,95.0
4,w0_normal_pcs,87,2026-01-04 15:00:00+08:00,39.0,0.0,0.0,1.0,0.0,0.0,10.0,0.0,0.0,0.0,1.0,0.0,0.0,0.0,5.0,364.7368421052638,95.0
4,w0_normal_pcs,88,2026-01-04 16:00:00+08:00,39.0,0.0,0.0,1.0,0.0,0.0,10.0,0.0,0.0,0.0,1.0,0.0,0.0,0.0,5.0,363.68421052631646,95.0
4,w0_normal_pcs,89,2026-01-04 17:00:00+08:00,39.0,0.0,0.0,1.0,0.0,0.0,10.0,0.0,0.0,0.0,1.0,0.0,0.0,0.0,5.0,362.6315789473691,95.0
4,w0_normal_pcs,90,2026-01-04 18:00:00+08:00,39.0,0.0,0.0,1.0,0.0,0.0,10.0,0.0,0.0,0.0,1.0,0.0,0.0,0.0,5.0,361.5789473684218,95.0
4,w0_normal_pcs,91,2026-01-04 19:00:00+08:00,39.0,0.0,0.0,1.0,0.0,0.0,10.0,0.0,0.0,0.0,1.0,0.0,0.0,0.0,5.0,360.52631578947444,95.0
4,w0_normal_pcs,92,2026-01-04 20:00:00+08:00,39.0,0.0,0.0,1.0,0.0,0.0,10.0,0.0,0.0,0.0,1.0,0.0,0.0,0.0,5.0,359.4736842105271,95.0
4,w0_normal_pcs,93,2026-01-04 21:00:00+08:00,39.0,0.0,0.0,1.0,0.0,0.0,10.0,0.0,0.0,0.0,1.0,0.0,0.0,0.0,5.0,358.42105263157976,95.0
4,w0_normal_pcs,94,2026-01-04 22:00:00+08:00,39.0,0.0,0.0,1.0,0.0,0.0,10.0,0.0,0.0,0.0,1.0,0.0,0.0,0.0,5.0,357.3684210526324,95.0
4,w0_normal_pcs,95,2026-01-04 23:00:00+08:00,35.0,0.0,0.0,5.0,0.0,0.0,10.0,0.0,0.0,0.0,1.0,0.0,0.0,0.0,5.0,356.3157894736851,95.0
5,w0_normal_ups,24,2026-01-02 00:00:00+08:00,59.102493074792434,0.0,19.10249307479244,0.0,0.0,0.0,10.0,0.0,0.0,0.0,1.0,0.0,0.0,0.0,5.0,337.55,95.0
5,w0_normal_ups,25,2026-01-02 01:00:00+08:00,41.0,0.0,1.0,0.0,0.0,0.0,10.0,0.0,0.0,0.0,1.0,0.0,0.0,0.0,5.0,355.69736842105306,95.0
5,w0_normal_ups,26,2026-01-02 02:00:00+08:00,41.0,0.0,1.0,0.0,0.0,0.0,10.0,0.0,0.0,0.0,1.0,0.0,0.0,0.0,5.0,356.64736842105305,95.0
5,w0_normal_ups,27,2026-01-02 03:00:00+08:00,41.0,0.0,1.0,0.0,0.0,0.0,10.0,0.0,0.0,0.0,1.0,0.0,0.0,0.0,5.0,357.59736842105303,95.0
5,w0_normal_ups,28,2026-01-02 04:00:00+08:00,41.0,0.0,1.0,0.0,0.0,0.0,10.0,0.0,0.0,0.0,1.0,0.0,0.0,0.0,5.0,358.547368421053,95.0
5,w0_normal_ups,29,2026-01-02 05:00:00+08:00,41.0,0.0,1.0,0.0,0.0,0.0,10.0,0.0,0.0,0.0,1.0,0.0,0.0,0.0,5.0,359.497368421053,95.0
5,w0_normal_ups,30,2026-01-02 06:00:00+08:00,41.0,0.0,1.0,0.0,0.0,0.0,10.0,0.0,0.0,0.0,1.0,0.0,0.0,0.0,5.0,360.447368421053,95.0
5,w0_normal_ups,31,2026-01-02 07:00:00+08:00,41.0,0.0,1.0,0.0,0.0,0.0,10.0,0.0,0.0,0.0,1.0,0.0,0.0,0.0,5.0,361.397368421053,95.0
5,w0_normal_ups,32,2026-01-02 08:00:00+08:00,41.0,0.0,1.0,0.0,0.0,0.0,10.0,0.0,0.0,0.0,1.0,0.0,0.0,0.0,5.0,362.347368421053,95.0
5,w0_normal_ups,33,2026-01-02 09:00:00+08:00,41.0,0.0,1.0,0.0,0.0,0.0,10.0,0.0,0.0,0.0,1.0,0.0,0.0,0.0,5.0,363.29736842105297,95.0
5,w0_normal_ups,34,2026-01-02 10:00:00+08:00,41.0,0.0,1.0,0.0,0.0,0.0,10.0,0.0,0.0,0.0,1.0,0.0,0.0,0.0,5.0,364.24736842105295,95.0
5,w0_normal_ups,35,2026-01-02 11:00:00+08:00,41.0,0.0,1.0,0.0,0.0,0.0,10.0,0.0,0.0,0.0,1.0,0.0,0.0,0.0,5.0,365.19736842105294,95.0
5,w0_normal_ups,36,2026-01-02 12:00:00+08:00,41.0,0.0,1.0,0.0,0.0,0.0,10.0,0.0,0.0,0.0,1.0,0.0,0.0,0.0,5.0,366.14736842105293,95.0
5,w0_normal_ups,37,2026-01-02 13:00:00+08:00,41.0,0.0,1.0,0.0,0.0,0.0,10.0,0.0,0.0,0.0,1.0,0.0,0.0,0.0,5.0,367.0973684210529,95.0
5,w0_normal_ups,38,2026-01-02 14:00:00+08:00,41.0,0.0,1.0,0.0,0.0,0.0,10.0,0.0,0.0,0.0,1.0,0.0,0.0,0.0,5.0,368.0473684210529,95.0
5,w0_normal_ups,39,2026-01-02 15:00:00+08:00,41.0,0.0,1.0,0.0,0.0,0.0,10.0,0.0,0.0,0.0,1.0,0.0,0.0,0.0,5.0,368.9973684210529,95.0
5,w0_normal_ups,40,2026-01-02 16:00:00+08:00,41.0,0.0,1.0,0.0,0.0,0.0,10.0,0.0,0.0,0.0,1.0,0.0,0.0,0.0,5.0,369.9473684210529,95.0
5,w0_normal_ups,41,2026-01-02 17:00:00+08:00,41.0,0.0,1.0,0.0,0.0,0.0,10.0,0.0,0.0,0.0,1.0,0.0,0.0,0.0,5.0,370.8973684210529,95.0
5,w0_normal_ups,42,2026-01-02 18:00:00+08:00,41.0,0.0,1.0,0.0,0.0,0.0,10.0,0.0,0.0,0.0,1.0,0.0,0.0,0.0,5.0,371.84736842105286,95.0
5,w0_normal_ups,43,2026-01-02 19:00:00+08:00,41.0,0.0,1.0,0.0,0.0,0.0,10.0,0.0,0.0,0.0,1.0,0.0,0.0,0.0,5.0,372.79736842105285,95.0
5,w0_normal_ups,44,2026-01-02 20:00:00+08:00,41.0,0.0,1.0,0.0,0.0,0.0,10.0,0.0,0.0,0.0,1.0,0.0,0.0,0.0,5.0,373.74736842105284,95.0
5,w0_normal_ups,45,2026-01-02 21:00:00+08:00,41.0,0.0,1.0,0.0,0.0,0.0,10.0,0.0,0.0,0.0,1.0,0.0,0.0,0.0,5.0,374.69736842105283,95.0
5,w0_normal_ups,46,2026-01-02 22:00:00+08:00,41.0,0.0,1.0,0.0,0.0,0.0,10.0,0.0,0.0,0.0,1.0,0.0,0.0,0.0,5.0,375.6473684210528,95.0
5,w0_normal_ups,47,2026-01-02 23:00:00+08:00,41.0,0.0,1.0,0.0,0.0,0.0,10.0,0.0,0.0,0.0,1.0,0.0,0.0,0.0,5.0,376.5973684210528,95.0
5,w0_normal_ups,48,2026-01-03 00:00:00+08:00,41.0,0.0,1.0,0.0,0.0,0.0,10.0,0.0,0.0,0.0,1.0,0.0,0.0,0.0,5.0,377.5473684210528,95.0
5,w0_normal_ups,49,2026-01-03 01:00:00+08:00,41.0,0.0,1.0,0.0,0.0,0.0,10.0,0.0,0.0,0.0,1.0,0.0,0.0,0.0,5.0,378.4973684210528,95.0
5,w0_normal_ups,50,2026-01-03 02:00:00+08:00,41.0,0.0,1.0,0.0,0.0,0.0,10.0,0.0,0.0,0.0,1.0,0.0,0.0,0.0,5.0,379.4473684210528,95.0
5,w0_normal_ups,51,2026-01-03 03:00:00+08:00,41.0,0.0,1.0,0.0,0.0,0.0,10.0,0.0,0.0,0.0,1.0,0.0,0.0,0.0,5.0,380.39736842105276,95.0
5,w0_normal_ups,52,2026-01-03 04:00:00+08:00,41.0,0.0,1.0,0.0,0.0,0.0,10.0,0.0,0.0,0.0,1.0,0.0,0.0,0.0,5.0,381.34736842105275,95.0
5,w0_normal_ups,53,2026-01-03 05:00:00+08:00,41.0,0.0,1.0,0.0,0.0,0.0,10.0,0.0,0.0,0.0,1.0,0.0,0.0,0.0,5.0,382.29736842105274,95.0
5,w0_normal_ups,54,2026-01-03 06:00:00+08:00,41.0,0.0,1.0,0.0,0.0,0.0,10.0,0.0,0.0,0.0,1.0,0.0,0.0,0.0,5.0,383.2473684210527,95.0
5,w0_normal_ups,55,2026-01-03 07:00:00+08:00,41.0,0.0,1.0,0.0,0.0,0.0,10.0,0.0,0.0,0.0,1.0,0.0,0.0,0.0,5.0,384.1973684210527,95.0
5,w0_normal_ups,56,2026-01-03 08:00:00+08:00,41.0,0.0,1.0,0.0,0.0,0.0,10.0,0.0,0.0,0.0,1.0,0.0,0.0,0.0,5.0,385.1473684210527,95.0
5,w0_normal_ups,57,2026-01-03 09:00:00+08:00,41.0,0.0,1.0,0.0,0.0,0.0,10.0,0.0,0.0,0.0,1.0,0.0,0.0,0.0,5.0,386.0973684210527,95.0
5,w0_normal_ups,58,2026-01-03 10:00:00+08:00,41.0,0.0,1.0,0.0,0.0,0.0,10.0,0.0,0.0,0.0,1.0,0.0,0.0,0.0,5.0,387.0473684210527,95.0
5,w0_normal_ups,59,2026-01-03 11:00:00+08:00,41.0,0.0,1.0,0.0,0.0,0.0,10.0,0.0,0.0,0.0,1.0,0.0,0.0,0.0,5.0,387.99736842105267,95.0
5,w0_normal_ups,60,2026-01-03 12:00:00+08:00,39.0,0.0,0.0,1.0,0.0,0.0,10.0,0.0,0.0,0.0,1.0,0.0,0.0,0.0,5.0,388.94736842105266,95.0
5,w0_normal_ups,61,2026-01-03 13:00:00+08:00,39.0,0.0,0.0,1.0,0.0,0.0,10.0,0.0,0.0,0.0,1.0,0.0,0.0,0.0,5.0,387.8947368421053,95.0
5,w0_normal_ups,62,2026-01-03 14:00:00+08:00,39.0,0.0,0.0,1.0,0.0,0.0,10.0,0.0,0.0,0.0,1.0,0.0,0.0,0.0,5.0,386.842105263158,95.0
5,w0_normal_ups,63,2026-01-03 15:00:00+08:00,39.0,0.0,0.0,1.0,0.0,0.0,10.0,0.0,0.0,0.0,1.0,0.0,0.0,0.0,5.0,385.78947368421063,95.0
5,w0_normal_ups,64,2026-01-03 16:00:00+08:00,39.0,0.0,0.0,1.0,0.0,0.0,10.0,0.0,0.0,0.0,1.0,0.0,0.0,0.0,5.0,384.7368421052633,95.0
5,w0_normal_ups,65,2026-01-03 17:00:00+08:00,39.0,0.0,0.0,1.0,0.0,0.0,10.0,0.0,0.0,0.0,1.0,0.0,0.0,0.0,5.0,383.68421052631595,95.0
5,w0_normal_ups,66,2026-01-03 18:00:00+08:00,39.0,0.0,0.0,1.0,0.0,0.0,10.0,0.0,0.0,0.0,1.0,0.0,0.0,0.0,5.0,382.6315789473686,95.0
5,w0_normal_ups,67,2026-01-03 19:00:00+08:00,39.0,0.0,0.0,1.0,0.0,0.0,10.0,0.0,0.0,0.0,1.0,0.0,0.0,0.0,5.0,381.57894736842127,95.0
5,w0_normal_ups,68,2026-01-03 20:00:00+08:00,39.0,0.0,0.0,1.0,0.0,0.0,10.0,0.0,0.0,0.0,1.0,0.0,0.0,0.0,5.0,380.5263157894739,95.0
5,w0_normal_ups,69,2026-01-03 21:00:00+08:00,39.0,0.0,0.0,1.0,0.0,0.0,10.0,0.0,0.0,0.0,1.0,0.0,0.0,0.0,5.0,379.4736842105266,95.0
5,w0_normal_ups,70,2026-01-03 22:00:00+08:00,39.0,0.0,0.0,1.0,0.0,0.0,10.0,0.0,0.0,0.0,1.0,0.0,0.0,0.0,5.0,378.42105263157924,95.0
5,w0_normal_ups,71,2026-01-03 23:00:00+08:00,39.0,0.0,0.0,1.0,0.0,0.0,10.0,0.0,0.0,0.0,1.0,0.0,0.0,0.0,5.0,377.3684210526319,95.0
5,w0_normal_ups,72,2026-01-04 00:00:00+08:00,39.0,0.0,0.0,1.0,0.0,0.0,10.0,0.0,0.0,0.0,1.0,0.0,0.0,0.0,5.0,376.31578947368456,95.0
5,w0_normal_ups,73,2026-01-04 01:00:00+08:00,34.0,0.0,0.0,1.0,0.0,0.0,10.0,0.0,0.0,0.0,1.0,0.0,0.0,0.0,0.0,375.2631578947372,95.0
5,w0_normal_ups,74,2026-01-04 02:00:00+08:00,34.0,0.0,0.0,1.0,0.0,0.0,10.0,0.0,0.0,0.0,1.0,0.0,0.0,0.0,0.0,374.2105263157899,95.0
5,w0_normal_ups,75,2026-01-04 03:00:00+08:00,34.0,0.0,0.0,1.0,0.0,0.0,10.0,0.0,0.0,0.0,1.0,0.0,0.0,0.0,0.0,373.15789473684254,95.0
5,w0_normal_ups,76,2026-01-04 04:00:00+08:00,34.0,0.0,0.0,1.0,0.0,0.0,10.0,0.0,0.0,0.0,1.0,0.0,0.0,0.0,0.0,372.1052631578952,95.0
5,w0_normal_ups,77,2026-01-04 05:00:00+08:00,34.0,0.0,0.0,1.0,0.0,0.0,10.0,0.0,0.0,0.0,1.0,0.0,0.0,0.0,0.0,371.05263157894785,95.0
5,w0_normal_ups,78,2026-01-04 06:00:00+08:00,39.0,0.0,0.0,1.0,0.0,0.0,10.0,0.0,0.0,0.0,1.0,0.0,0.0,0.0,5.0,370.0,95.0
5,w0_normal_ups,79,2026-01-04 07:00:00+08:00,39.0,0.0,0.0,1.0,0.0,0.0,10.0,0.0,0.0,0.0,1.0,0.0,0.0,0.0,5.0,368.94736842105317,95.0
5,w0_normal_ups,80,2026-01-04 08:00:00+08:00,39.0,0.0,0.0,1.0,0.0,0.0,10.0,0.0,0.0,0.0,1.0,0.0,0.0,0.0,5.0,367.89473684210583,95.0
5,w0_normal_ups,81,2026-01-04 09:00:00+08:00,39.0,0.0,0.0,1.0,0.0,0.0,10.0,0.0,0.0,0.0,1.0,0.0,0.0,0.0,5.0,366.8421052631585,95.0
5,w0_normal_ups,82,2026-01-04 10:00:00+08:00,39.0,0.0,0.0,1.0,0.0,0.0,10.0,0.0,0.0,0.0,1.0,0.0,0.0,0.0,5.0,365.78947368421115,95.0
5,w0_normal_ups,83,2026-01-04 11:00:00+08:00,39.0,0.0,0.0,1.0,0.0,0.0,10.0,0.0,0.0,0.0,1.0,0.0,0.0,0.0,5.0,364.7368421052638,95.0
5,w0_normal_ups,84,2026-01-04 12:00:00+08:00,39.0,0.0,0.0,1.0,0.0,0.0,10.0,0.0,0.0,0.0,1.0,0.0,0.0,0.0,5.0,363.68421052631646,95.0
5,w0_normal_ups,85,2026-01-04 13:00:00+08:00,39.0,0.0,0.0,1.0,0.0,0.0,10.0,0.0,0.0,0.0,1.0,0.0,0.0,0.0,5.0,362.6315789473691,95.0
5,w0_normal_ups,86,2026-01-04 14:00:00+08:00,39.0,0.0,0.0,1.0,0.0,0.0,10.0,0.0,0.0,0.0,1.0,0.0,0.0,0.0,5.0,361.5789473684218,95.0
5,w0_normal_ups,87,2026-01-04 15:00:00+08:00,39.0,0.0,0.0,1.0,0.0,0.0,10.0,0.0,0.0,0.0,1.0,0.0,0.0,0.0,5.0,360.52631578947444,95.0
5,w0_normal_ups,88,2026-01-04 16:00:00+08:00,39.0,0.0,0.0,1.0,0.0,0.0,10.0,0.0,0.0,0.0,1.0,0.0,0.0,0.0,5.0,359.4736842105271,95.0
5,w0_normal_ups,89,2026-01-04 17:00:00+08:00,39.0,0.0,0.0,1.0,0.0,0.0,10.0,0.0,0.0,0.0,1.0,0.0,0.0,0.0,5.0,358.42105263157976,95.0
5,w0_normal_ups,90,2026-01-04 18:00:00+08:00,39.0,0.0,0.0,1.0,0.0,0.0,10.0,0.0,0.0,0.0,1.0,0.0,0.0,0.0,5.0,357.3684210526324,95.0
5,w0_normal_ups,91,2026-01-04 19:00:00+08:00,39.0,0.0,0.0,1.0,0.0,0.0,10.0,0.0,0.0,0.0,1.0,0.0,0.0,0.0,5.0,356.3157894736851,95.0
5,w0_normal_ups,92,2026-01-04 20:00:00+08:00,39.0,0.0,0.0,1.0,0.0,0.0,10.0,0.0,0.0,0.0,1.0,0.0,0.0,0.0,5.0,355.26315789473773,95.0
5,w0_normal_ups,93,2026-01-04 21:00:00+08:00,39.0,0.0,0.0,1.0,0.0,0.0,10.0,0.0,0.0,0.0,1.0,0.0,0.0,0.0,5.0,354.2105263157904,95.0
5,w0_normal_ups,94,2026-01-04 22:00:00+08:00,39.0,0.0,0.0,1.0,0.0,0.0,10.0,0.0,0.0,0.0,1.0,0.0,0.0,0.0,5.0,353.15789473684305,95.0
5,w0_normal_ups,95,2026-01-04 23:00:00+08:00,39.0,0.0,0.0,1.0,0.0,0.0,10.0,0.0,0.0,0.0,1.0,0.0,0.0,0.0,5.0,352.1052631578957,95.0
6,w0_normal_diesel_run,24,2026-01-02 00:00:00+08:00,59.102493074792434,0.0,19.10249307479244,0.0,0.0,0.0,10.0,0.0,0.0,0.0,1.0,0.0,0.0,0.0,5.0,337.55,95.0
6,w0_normal_diesel_run,25,2026-01-02 01:00:00+08:00,41.0,0.0,1.0,0.0,0.0,0.0,10.0,0.0,0.0,0.0,1.0,0.0,0.0,0.0,5.0,355.69736842105306,95.0
6,w0_normal_diesel_run,26,2026-01-02 02:00:00+08:00,41.0,0.0,1.0,0.0,0.0,0.0,10.0,0.0,0.0,0.0,1.0,0.0,0.0,0.0,5.0,356.64736842105305,95.0
6,w0_normal_diesel_run,27,2026-01-02 03:00:00+08:00,41.0,0.0,1.0,0.0,0.0,0.0,10.0,0.0,0.0,0.0,1.0,0.0,0.0,0.0,5.0,357.59736842105303,95.0
6,w0_normal_diesel_run,28,2026-01-02 04:00:00+08:00,41.0,0.0,1.0,0.0,0.0,0.0,10.0,0.0,0.0,0.0,1.0,0.0,0.0,0.0,5.0,358.547368421053,95.0
6,w0_normal_diesel_run,29,2026-01-02 05:00:00+08:00,41.0,0.0,1.0,0.0,0.0,0.0,10.0,0.0,0.0,0.0,1.0,0.0,0.0,0.0,5.0,359.497368421053,95.0
6,w0_normal_diesel_run,30,2026-01-02 06:00:00+08:00,41.0,0.0,1.0,0.0,0.0,0.0,10.0,0.0,0.0,0.0,1.0,0.0,0.0,0.0,5.0,360.447368421053,95.0
6,w0_normal_diesel_run,31,2026-01-02 07:00:00+08:00,41.0,0.0,1.0,0.0,0.0,0.0,10.0,0.0,0.0,0.0,1.0,0.0,0.0,0.0,5.0,361.397368421053,95.0
6,w0_normal_diesel_run,32,2026-01-02 08:00:00+08:00,41.0,0.0,1.0,0.0,0.0,0.0,10.0,0.0,0.0,0.0,1.0,0.0,0.0,0.0,5.0,362.347368421053,95.0
6,w0_normal_diesel_run,33,2026-01-02 09:00:00+08:00,41.0,0.0,1.0,0.0,0.0,0.0,10.0,0.0,0.0,0.0,1.0,0.0,0.0,0.0,5.0,363.29736842105297,95.0
6,w0_normal_diesel_run,34,2026-01-02 10:00:00+08:00,41.0,0.0,1.0,0.0,0.0,0.0,10.0,0.0,0.0,0.0,1.0,0.0,0.0,0.0,5.0,364.24736842105295,95.0
6,w0_normal_diesel_run,35,2026-01-02 11:00:00+08:00,41.0,0.0,1.0,0.0,0.0,0.0,10.0,0.0,0.0,0.0,1.0,0.0,0.0,0.0,5.0,365.19736842105294,95.0
6,w0_normal_diesel_run,36,2026-01-02 12:00:00+08:00,41.0,0.0,1.0,0.0,0.0,0.0,10.0,0.0,0.0,0.0,1.0,0.0,0.0,0.0,5.0,366.14736842105293,95.0
6,w0_normal_diesel_run,37,2026-01-02 13:00:00+08:00,41.0,0.0,1.0,0.0,0.0,0.0,10.0,0.0,0.0,0.0,1.0,0.0,0.0,0.0,5.0,367.0973684210529,95.0
6,w0_normal_diesel_run,38,2026-01-02 14:00:00+08:00,41.0,0.0,1.0,0.0,0.0,0.0,10.0,0.0,0.0,0.0,1.0,0.0,0.0,0.0,5.0,368.0473684210529,95.0
6,w0_normal_diesel_run,39,2026-01-02 15:00:00+08:00,41.0,0.0,1.0,0.0,0.0,0.0,10.0,0.0,0.0,0.0,1.0,0.0,0.0,0.0,5.0,368.9973684210529,95.0
6,w0_normal_diesel_run,40,2026-01-02 16:00:00+08:00,41.0,0.0,1.0,0.0,0.0,0.0,10.0,0.0,0.0,0.0,1.0,0.0,0.0,0.0,5.0,369.9473684210529,95.0
6,w0_normal_diesel_run,41,2026-01-02 17:00:00+08:00,41.0,0.0,1.0,0.0,0.0,0.0,10.0,0.0,0.0,0.0,1.0,0.0,0.0,0.0,5.0,370.8973684210529,95.0
6,w0_normal_diesel_run,42,2026-01-02 18:00:00+08:00,41.0,0.0,1.0,0.0,0.0,0.0,10.0,0.0,0.0,0.0,1.0,0.0,0.0,0.0,5.0,371.84736842105286,95.0
6,w0_normal_diesel_run,43,2026-01-02 19:00:00+08:00,41.0,0.0,1.0,0.0,0.0,0.0,10.0,0.0,0.0,0.0,1.0,0.0,0.0,0.0,5.0,372.79736842105285,95.0
6,w0_normal_diesel_run,44,2026-01-02 20:00:00+08:00,41.0,0.0,1.0,0.0,0.0,0.0,10.0,0.0,0.0,0.0,1.0,0.0,0.0,0.0,5.0,373.74736842105284,95.0
6,w0_normal_diesel_run,45,2026-01-02 21:00:00+08:00,41.0,0.0,1.0,0.0,0.0,0.0,10.0,0.0,0.0,0.0,1.0,0.0,0.0,0.0,5.0,374.69736842105283,95.0
6,w0_normal_diesel_run,46,2026-01-02 22:00:00+08:00,41.0,0.0,1.0,0.0,0.0,0.0,10.0,0.0,0.0,0.0,1.0,0.0,0.0,0.0,5.0,375.6473684210528,95.0
6,w0_normal_diesel_run,47,2026-01-02 23:00:00+08:00,41.0,0.0,1.0,0.0,0.0,0.0,10.0,0.0,0.0,0.0,1.0,0.0,0.0,0.0,5.0,376.5973684210528,95.0
6,w0_normal_diesel_run,48,2026-01-03 00:00:00+08:00,41.0,0.0,1.0,0.0,0.0,0.0,10.0,0.0,0.0,0.0,1.0,0.0,0.0,0.0,5.0,377.5473684210528,95.0
6,w0_normal_diesel_run,49,2026-01-03 01:00:00+08:00,41.0,0.0,1.0,0.0,0.0,0.0,10.0,0.0,0.0,0.0,1.0,0.0,0.0,0.0,5.0,378.4973684210528,95.0
6,w0_normal_diesel_run,50,2026-01-03 02:00:00+08:00,41.0,0.0,1.0,0.0,0.0,0.0,10.0,0.0,0.0,0.0,1.0,0.0,0.0,0.0,5.0,379.4473684210528,95.0
6,w0_normal_diesel_run,51,2026-01-03 03:00:00+08:00,41.0,0.0,1.0,0.0,0.0,0.0,10.0,0.0,0.0,0.0,1.0,0.0,0.0,0.0,5.0,380.39736842105276,95.0
6,w0_normal_diesel_run,52,2026-01-03 04:00:00+08:00,41.0,0.0,1.0,0.0,0.0,0.0,10.0,0.0,0.0,0.0,1.0,0.0,0.0,0.0,5.0,381.34736842105275,95.0
6,w0_normal_diesel_run,53,2026-01-03 05:00:00+08:00,41.0,0.0,1.0,0.0,0.0,0.0,10.0,0.0,0.0,0.0,1.0,0.0,0.0,0.0,5.0,382.29736842105274,95.0
6,w0_normal_diesel_run,54,2026-01-03 06:00:00+08:00,41.0,0.0,1.0,0.0,0.0,0.0,10.0,0.0,0.0,0.0,1.0,0.0,0.0,0.0,5.0,383.2473684210527,95.0
6,w0_normal_diesel_run,55,2026-01-03 07:00:00+08:00,41.0,0.0,1.0,0.0,0.0,0.0,10.0,0.0,0.0,0.0,1.0,0.0,0.0,0.0,5.0,384.1973684210527,95.0
6,w0_normal_diesel_run,56,2026-01-03 08:00:00+08:00,41.0,0.0,1.0,0.0,0.0,0.0,10.0,0.0,0.0,0.0,1.0,0.0,0.0,0.0,5.0,385.1473684210527,95.0
6,w0_normal_diesel_run,57,2026-01-03 09:00:00+08:00,41.0,0.0,1.0,0.0,0.0,0.0,10.0,0.0,0.0,0.0,1.0,0.0,0.0,0.0,5.0,386.0973684210527,95.0
6,w0_normal_diesel_run,58,2026-01-03 10:00:00+08:00,41.0,0.0,1.0,0.0,0.0,0.0,10.0,0.0,0.0,0.0,1.0,0.0,0.0,0.0,5.0,387.0473684210527,95.0
6,w0_normal_diesel_run,59,2026-01-03 11:00:00+08:00,41.0,0.0,1.0,0.0,0.0,0.0,10.0,0.0,0.0,0.0,1.0,0.0,0.0,0.0,5.0,387.99736842105267,95.0
6,w0_normal_diesel_run,60,2026-01-03 12:00:00+08:00,39.0,0.0,0.0,1.0,0.0,0.0,10.0,0.0,0.0,0.0,1.0,-0.0,0.0,0.0,5.0,388.94736842105266,95.0
6,w0_normal_diesel_run,61,2026-01-03 13:00:00+08:00,39.0,0.0,0.0,1.0,0.0,0.0,10.0,0.0,0.0,0.0,1.0,-0.0,0.0,0.0,5.0,387.8947368421053,95.0
6,w0_normal_diesel_run,62,2026-01-03 14:00:00+08:00,39.0,0.0,0.0,1.0,0.0,0.0,10.0,0.0,0.0,0.0,1.0,-0.0,0.0,0.0,5.0,386.842105263158,95.0
6,w0_normal_diesel_run,63,2026-01-03 15:00:00+08:00,39.0,0.0,0.0,1.0,0.0,0.0,10.0,0.0,0.0,0.0,1.0,-0.0,0.0,0.0,5.0,385.78947368421063,95.0
6,w0_normal_diesel_run,64,2026-01-03 16:00:00+08:00,39.0,0.0,0.0,1.0,0.0,0.0,10.0,0.0,0.0,0.0,1.0,-0.0,0.0,0.0,5.0,384.7368421052633,95.0
6,w0_normal_diesel_run,65,2026-01-03 17:00:00+08:00,39.0,0.0,0.0,1.0,0.0,0.0,10.0,0.0,0.0,0.0,1.0,-0.0,0.0,0.0,5.0,383.68421052631595,95.0
6,w0_normal_diesel_run,66,2026-01-03 18:00:00+08:00,39.0,0.0,0.0,1.0,0.0,0.0,10.0,0.0,0.0,0.0,1.0,0.0,0.0,0.0,5.0,382.6315789473686,95.0
6,w0_normal_diesel_run,67,2026-01-03 19:00:00+08:00,39.0,0.0,0.0,1.0,0.0,0.0,10.0,0.0,0.0,0.0,1.0,0.0,0.0,0.0,5.0,381.57894736842127,95.0
6,w0_normal_diesel_run,68,2026-01-03 20:00:00+08:00,39.0,0.0,0.0,1.0,0.0,0.0,10.0,0.0,0.0,0.0,1.0,0.0,0.0,0.0,5.0,380.5263157894739,95.0
6,w0_normal_diesel_run,69,2026-01-03 21:00:00+08:00,39.0,0.0,0.0,1.0,0.0,0.0,10.0,0.0,0.0,0.0,1.0,0.0,0.0,0.0,5.0,379.4736842105266,95.0
6,w0_normal_diesel_run,70,2026-01-03 22:00:00+08:00,39.0,0.0,0.0,1.0,0.0,0.0,10.0,0.0,0.0,0.0,1.0,0.0,0.0,0.0,5.0,378.42105263157924,95.0
6,w0_normal_diesel_run,71,2026-01-03 23:00:00+08:00,39.0,0.0,0.0,1.0,0.0,0.0,10.0,0.0,0.0,0.0,1.0,0.0,0.0,0.0,5.0,377.3684210526319,95.0
6,w0_normal_diesel_run,72,2026-01-04 00:00:00+08:00,39.0,0.0,0.0,1.0,0.0,0.0,10.0,0.0,0.0,0.0,1.0,0.0,0.0,0.0,5.0,376.31578947368456,95.0
6,w0_normal_diesel_run,73,2026-01-04 01:00:00+08:00,34.0,0.0,0.0,1.0,0.0,0.0,10.0,0.0,0.0,0.0,1.0,0.0,0.0,0.0,0.0,375.2631578947372,95.0
6,w0_normal_diesel_run,74,2026-01-04 02:00:00+08:00,34.0,0.0,0.0,1.0,0.0,0.0,10.0,0.0,0.0,0.0,1.0,0.0,0.0,0.0,0.0,374.2105263157899,95.0
6,w0_normal_diesel_run,75,2026-01-04 03:00:00+08:00,34.0,0.0,0.0,1.0,0.0,0.0,10.0,0.0,0.0,0.0,1.0,0.0,0.0,0.0,0.0,373.15789473684254,95.0
6,w0_normal_diesel_run,76,2026-01-04 04:00:00+08:00,34.0,0.0,0.0,1.0,0.0,0.0,10.0,0.0,0.0,0.0,1.0,0.0,0.0,0.0,0.0,372.1052631578952,95.0
6,w0_normal_diesel_run,77,2026-01-04 05:00:00+08:00,34.0,0.0,0.0,1.0,0.0,0.0,10.0,0.0,0.0,0.0,1.0,0.0,0.0,0.0,0.0,371.05263157894785,95.0
6,w0_normal_diesel_run,78,2026-01-04 06:00:00+08:00,39.0,0.0,0.0,1.0,0.0,0.0,10.0,0.0,0.0,0.0,1.0,0.0,0.0,0.0,5.0,370.0,95.0
6,w0_normal_diesel_run,79,2026-01-04 07:00:00+08:00,39.0,0.0,0.0,1.0,0.0,0.0,10.0,0.0,0.0,0.0,1.0,0.0,0.0,0.0,5.0,368.94736842105317,95.0
6,w0_normal_diesel_run,80,2026-01-04 08:00:00+08:00,39.0,0.0,0.0,1.0,0.0,0.0,10.0,0.0,0.0,0.0,1.0,0.0,0.0,0.0,5.0,367.89473684210583,95.0
6,w0_normal_diesel_run,81,2026-01-04 09:00:00+08:00,39.0,0.0,0.0,1.0,0.0,0.0,10.0,0.0,0.0,0.0,1.0,0.0,0.0,0.0,5.0,366.8421052631585,95.0
6,w0_normal_diesel_run,82,2026-01-04 10:00:00+08:00,39.0,0.0,0.0,1.0,0.0,0.0,10.0,0.0,0.0,0.0,1.0,0.0,0.0,0.0,5.0,365.78947368421115,95.0
6,w0_normal_diesel_run,83,2026-01-04 11:00:00+08:00,39.0,0.0,0.0,1.0,0.0,0.0,10.0,0.0,0.0,0.0,1.0,0.0,0.0,0.0,5.0,364.7368421052638,95.0
6,w0_normal_diesel_run,84,2026-01-04 12:00:00+08:00,39.0,0.0,0.0,1.0,0.0,0.0,10.0,0.0,0.0,0.0,1.0,0.0,0.0,0.0,5.0,363.68421052631646,95.0
6,w0_normal_diesel_run,85,2026-01-04 13:00:00+08:00,39.0,0.0,0.0,1.0,0.0,0.0,10.0,0.0,0.0,0.0,1.0,0.0,0.0,0.0,5.0,362.6315789473691,95.0
6,w0_normal_diesel_run,86,2026-01-04 14:00:00+08:00,39.0,0.0,0.0,1.0,0.0,0.0,10.0,0.0,0.0,0.0,1.0,0.0,0.0,0.0,5.0,361.5789473684218,95.0
6,w0_normal_diesel_run,87,2026-01-04 15:00:00+08:00,39.0,0.0,0.0,1.0,0.0,0.0,10.0,0.0,0.0,0.0,1.0,0.0,0.0,0.0,5.0,360.52631578947444,95.0
6,w0_normal_diesel_run,88,2026-01-04 16:00:00+08:00,39.0,0.0,0.0,1.0,0.0,0.0,10.0,0.0,0.0,0.0,1.0,0.0,0.0,0.0,5.0,359.4736842105271,95.0
6,w0_normal_diesel_run,89,2026-01-04 17:00:00+08:00,39.0,0.0,0.0,1.0,0.0,0.0,10.0,0.0,0.0,0.0,1.0,0.0,0.0,0.0,5.0,358.42105263157976,95.0
6,w0_normal_diesel_run,90,2026-01-04 18:00:00+08:00,39.0,0.0,0.0,1.0,0.0,0.0,10.0,0.0,0.0,0.0,1.0,0.0,0.0,0.0,5.0,357.3684210526324,95.0
6,w0_normal_diesel_run,91,2026-01-04 19:00:00+08:00,39.0,0.0,0.0,1.0,0.0,0.0,10.0,0.0,0.0,0.0,1.0,0.0,0.0,0.0,5.0,356.3157894736851,95.0
6,w0_normal_diesel_run,92,2026-01-04 20:00:00+08:00,39.0,0.0,0.0,1.0,0.0,0.0,10.0,0.0,0.0,0.0,1.0,0.0,0.0,0.0,5.0,355.26315789473773,95.0
6,w0_normal_diesel_run,93,2026-01-04 21:00:00+08:00,39.0,0.0,0.0,1.0,0.0,0.0,10.0,0.0,0.0,0.0,1.0,0.0,0.0,0.0,5.0,354.2105263157904,95.0
6,w0_normal_diesel_run,94,2026-01-04 22:00:00+08:00,39.0,0.0,0.0,1.0,0.0,0.0,10.0,0.0,0.0,0.0,1.0,0.0,0.0,0.0,5.0,353.15789473684305,95.0
6,w0_normal_diesel_run,95,2026-01-04 23:00:00+08:00,39.0,0.0,0.0,1.0,0.0,0.0,10.0,0.0,0.0,0.0,1.0,0.0,0.0,0.0,5.0,352.1052631578957,95.0
7,w0_normal_diesel_start,24,2026-01-02 00:00:00+08:00,59.102493074792434,0.0,19.10249307479244,0.0,0.0,0.0,10.0,0.0,0.0,0.0,1.0,0.0,0.0,0.0,5.0,337.55,95.0
7,w0_normal_diesel_start,25,2026-01-02 01:00:00+08:00,41.0,0.0,1.0,0.0,0.0,0.0,10.0,0.0,0.0,0.0,1.0,0.0,0.0,0.0,5.0,355.69736842105306,95.0
7,w0_normal_diesel_start,26,2026-01-02 02:00:00+08:00,41.0,0.0,1.0,0.0,0.0,0.0,10.0,0.0,0.0,0.0,1.0,0.0,0.0,0.0,5.0,356.64736842105305,95.0
7,w0_normal_diesel_start,27,2026-01-02 03:00:00+08:00,41.0,0.0,1.0,0.0,0.0,0.0,10.0,0.0,0.0,0.0,1.0,0.0,0.0,0.0,5.0,357.59736842105303,95.0
7,w0_normal_diesel_start,28,2026-01-02 04:00:00+08:00,41.0,0.0,1.0,0.0,0.0,0.0,10.0,0.0,0.0,0.0,1.0,0.0,0.0,0.0,5.0,358.547368421053,95.0
7,w0_normal_diesel_start,29,2026-01-02 05:00:00+08:00,41.0,0.0,1.0,0.0,0.0,0.0,10.0,0.0,0.0,0.0,1.0,0.0,0.0,0.0,5.0,359.497368421053,95.0
7,w0_normal_diesel_start,30,2026-01-02 06:00:00+08:00,41.0,0.0,1.0,0.0,0.0,0.0,10.0,0.0,0.0,0.0,1.0,0.0,0.0,0.0,5.0,360.447368421053,95.0
7,w0_normal_diesel_start,31,2026-01-02 07:00:00+08:00,41.0,0.0,1.0,0.0,0.0,0.0,10.0,0.0,0.0,0.0,1.0,0.0,0.0,0.0,5.0,361.397368421053,95.0
7,w0_normal_diesel_start,32,2026-01-02 08:00:00+08:00,41.0,0.0,1.0,0.0,0.0,0.0,10.0,0.0,0.0,0.0,1.0,0.0,0.0,0.0,5.0,362.347368421053,95.0
7,w0_normal_diesel_start,33,2026-01-02 09:00:00+08:00,41.0,0.0,1.0,0.0,0.0,0.0,10.0,0.0,0.0,0.0,1.0,0.0,0.0,0.0,5.0,363.29736842105297,95.0
7,w0_normal_diesel_start,34,2026-01-02 10:00:00+08:00,41.0,0.0,1.0,0.0,0.0,0.0,10.0,0.0,0.0,0.0,1.0,0.0,0.0,0.0,5.0,364.24736842105295,95.0
7,w0_normal_diesel_start,35,2026-01-02 11:00:00+08:00,41.0,0.0,1.0,0.0,0.0,0.0,10.0,0.0,0.0,0.0,1.0,0.0,0.0,0.0,5.0,365.19736842105294,95.0
7,w0_normal_diesel_start,36,2026-01-02 12:00:00+08:00,41.0,0.0,1.0,0.0,0.0,0.0,10.0,0.0,0.0,0.0,1.0,0.0,0.0,0.0,5.0,366.14736842105293,95.0
7,w0_normal_diesel_start,37,2026-01-02 13:00:00+08:00,41.0,0.0,1.0,0.0,0.0,0.0,10.0,0.0,0.0,0.0,1.0,0.0,0.0,0.0,5.0,367.0973684210529,95.0
7,w0_normal_diesel_start,38,2026-01-02 14:00:00+08:00,41.0,0.0,1.0,0.0,0.0,0.0,10.0,0.0,0.0,0.0,1.0,0.0,0.0,0.0,5.0,368.0473684210529,95.0
7,w0_normal_diesel_start,39,2026-01-02 15:00:00+08:00,41.0,0.0,1.0,0.0,0.0,0.0,10.0,0.0,0.0,0.0,1.0,0.0,0.0,0.0,5.0,368.9973684210529,95.0
7,w0_normal_diesel_start,40,2026-01-02 16:00:00+08:00,41.0,0.0,1.0,0.0,0.0,0.0,10.0,0.0,0.0,0.0,1.0,0.0,0.0,0.0,5.0,369.9473684210529,95.0
7,w0_normal_diesel_start,41,2026-01-02 17:00:00+08:00,41.0,0.0,1.0,0.0,0.0,0.0,10.0,0.0,0.0,0.0,1.0,0.0,0.0,0.0,5.0,370.8973684210529,95.0
7,w0_normal_diesel_start,42,2026-01-02 18:00:00+08:00,41.0,0.0,1.0,0.0,0.0,0.0,10.0,0.0,0.0,0.0,1.0,0.0,0.0,0.0,5.0,371.84736842105286,95.0
7,w0_normal_diesel_start,43,2026-01-02 19:00:00+08:00,41.0,0.0,1.0,0.0,0.0,0.0,10.0,0.0,0.0,0.0,1.0,0.0,0.0,0.0,5.0,372.79736842105285,95.0
7,w0_normal_diesel_start,44,2026-01-02 20:00:00+08:00,41.0,0.0,1.0,0.0,0.0,0.0,10.0,0.0,0.0,0.0,1.0,0.0,0.0,0.0,5.0,373.74736842105284,95.0
7,w0_normal_diesel_start,45,2026-01-02 21:00:00+08:00,41.0,0.0,1.0,0.0,0.0,0.0,10.0,0.0,0.0,0.0,1.0,0.0,0.0,0.0,5.0,374.69736842105283,95.0
7,w0_normal_diesel_start,46,2026-01-02 22:00:00+08:00,41.0,0.0,1.0,0.0,0.0,0.0,10.0,0.0,0.0,0.0,1.0,0.0,0.0,0.0,5.0,375.6473684210528,95.0
7,w0_normal_diesel_start,47,2026-01-02 23:00:00+08:00,41.0,0.0,1.0,0.0,0.0,0.0,10.0,0.0,0.0,0.0,1.0,0.0,0.0,0.0,5.0,376.5973684210528,95.0
7,w0_normal_diesel_start,48,2026-01-03 00:00:00+08:00,41.0,0.0,1.0,0.0,0.0,0.0,10.0,0.0,0.0,0.0,1.0,0.0,0.0,0.0,5.0,377.5473684210528,95.0
7,w0_normal_diesel_start,49,2026-01-03 01:00:00+08:00,41.0,0.0,1.0,0.0,0.0,0.0,10.0,0.0,0.0,0.0,1.0,0.0,0.0,0.0,5.0,378.4973684210528,95.0
7,w0_normal_diesel_start,50,2026-01-03 02:00:00+08:00,41.0,0.0,1.0,0.0,0.0,0.0,10.0,0.0,0.0,0.0,1.0,0.0,0.0,0.0,5.0,379.4473684210528,95.0
7,w0_normal_diesel_start,51,2026-01-03 03:00:00+08:00,41.0,0.0,1.0,0.0,0.0,0.0,10.0,0.0,0.0,0.0,1.0,0.0,0.0,0.0,5.0,380.39736842105276,95.0
7,w0_normal_diesel_start,52,2026-01-03 04:00:00+08:00,41.0,0.0,1.0,0.0,0.0,0.0,10.0,0.0,0.0,0.0,1.0,0.0,0.0,0.0,5.0,381.34736842105275,95.0
7,w0_normal_diesel_start,53,2026-01-03 05:00:00+08:00,41.0,0.0,1.0,0.0,0.0,0.0,10.0,0.0,0.0,0.0,1.0,0.0,0.0,0.0,5.0,382.29736842105274,95.0
7,w0_normal_diesel_start,54,2026-01-03 06:00:00+08:00,41.0,0.0,1.0,0.0,0.0,0.0,10.0,0.0,0.0,0.0,1.0,0.0,0.0,0.0,5.0,383.2473684210527,95.0
7,w0_normal_diesel_start,55,2026-01-03 07:00:00+08:00,41.0,0.0,1.0,0.0,0.0,0.0,10.0,0.0,0.0,0.0,1.0,0.0,0.0,0.0,5.0,384.1973684210527,95.0
7,w0_normal_diesel_start,56,2026-01-03 08:00:00+08:00,41.0,0.0,1.0,0.0,0.0,0.0,10.0,0.0,0.0,0.0,1.0,0.0,0.0,0.0,5.0,385.1473684210527,95.0
7,w0_normal_diesel_start,57,2026-01-03 09:00:00+08:00,41.0,0.0,1.0,0.0,0.0,0.0,10.0,0.0,0.0,0.0,1.0,0.0,0.0,0.0,5.0,386.0973684210527,95.0
7,w0_normal_diesel_start,58,2026-01-03 10:00:00+08:00,41.0,0.0,1.0,0.0,0.0,0.0,10.0,0.0,0.0,0.0,1.0,0.0,0.0,0.0,5.0,387.0473684210527,95.0
7,w0_normal_diesel_start,59,2026-01-03 11:00:00+08:00,41.0,0.0,1.0,0.0,0.0,0.0,10.0,0.0,0.0,0.0,1.0,0.0,0.0,0.0,5.0,387.99736842105267,95.0
7,w0_normal_diesel_start,60,2026-01-03 12:00:00+08:00,39.0,0.0,0.0,1.0,0.0,0.0,10.0,0.0,0.0,0.0,1.0,-0.0,0.0,0.0,5.0,388.94736842105266,95.0
7,w0_normal_diesel_start,61,2026-01-03 13:00:00+08:00,39.0,0.0,0.0,1.0,0.0,0.0,10.0,0.0,0.0,0.0,1.0,-0.0,0.0,0.0,5.0,387.8947368421053,95.0
7,w0_normal_diesel_start,62,2026-01-03 14:00:00+08:00,39.0,0.0,0.0,1.0,0.0,0.0,10.0,0.0,0.0,0.0,1.0,-0.0,0.0,0.0,5.0,386.842105263158,95.0
7,w0_normal_diesel_start,63,2026-01-03 15:00:00+08:00,39.0,0.0,0.0,1.0,0.0,0.0,10.0,0.0,0.0,0.0,1.0,-0.0,0.0,0.0,5.0,385.78947368421063,95.0
7,w0_normal_diesel_start,64,2026-01-03 16:00:00+08:00,39.0,0.0,0.0,1.0,0.0,0.0,10.0,0.0,0.0,0.0,1.0,-0.0,0.0,0.0,5.0,384.7368421052633,95.0
7,w0_normal_diesel_start,65,2026-01-03 17:00:00+08:00,39.0,0.0,0.0,1.0,0.0,0.0,10.0,0.0,0.0,0.0,1.0,-0.0,0.0,0.0,5.0,383.68421052631595,95.0
7,w0_normal_diesel_start,66,2026-01-03 18:00:00+08:00,39.0,0.0,0.0,1.0,0.0,0.0,10.0,0.0,0.0,0.0,1.0,-0.0,0.0,0.0,5.0,382.6315789473686,95.0
7,w0_normal_diesel_start,67,2026-01-03 19:00:00+08:00,39.0,0.0,0.0,1.0,0.0,0.0,10.0,0.0,0.0,0.0,1.0,-0.0,0.0,0.0,5.0,381.57894736842127,95.0
7,w0_normal_diesel_start,68,2026-01-03 20:00:00+08:00,39.0,0.0,0.0,1.0,0.0,0.0,10.0,0.0,0.0,0.0,1.0,-0.0,0.0,0.0,5.0,380.5263157894739,95.0
7,w0_normal_diesel_start,69,2026-01-03 21:00:00+08:00,39.0,0.0,0.0,1.0,0.0,0.0,10.0,0.0,0.0,0.0,1.0,-0.0,0.0,0.0,5.0,379.4736842105266,95.0
7,w0_normal_diesel_start,70,2026-01-03 22:00:00+08:00,39.0,0.0,0.0,1.0,0.0,0.0,10.0,0.0,0.0,0.0,1.0,-0.0,0.0,0.0,5.0,378.42105263157924,95.0
7,w0_normal_diesel_start,71,2026-01-03 23:00:00+08:00,39.0,0.0,0.0,1.0,0.0,0.0,10.0,0.0,0.0,0.0,1.0,-0.0,0.0,0.0,5.0,377.3684210526319,95.0
7,w0_normal_diesel_start,72,2026-01-04 00:00:00+08:00,39.0,0.0,0.0,1.0,0.0,0.0,10.0,0.0,0.0,0.0,1.0,-0.0,0.0,0.0,5.0,376.31578947368456,95.0
7,w0_normal_diesel_start,73,2026-01-04 01:00:00+08:00,34.0,0.0,0.0,1.0,0.0,0.0,10.0,0.0,0.0,0.0,1.0,0.0,0.0,0.0,0.0,375.2631578947372,95.0
7,w0_normal_diesel_start,74,2026-01-04 02:00:00+08:00,34.0,0.0,0.0,1.0,0.0,0.0,10.0,0.0,0.0,0.0,1.0,0.0,0.0,0.0,0.0,374.2105263157899,95.0
7,w0_normal_diesel_start,75,2026-01-04 03:00:00+08:00,34.0,0.0,0.0,1.0,0.0,0.0,10.0,0.0,0.0,0.0,1.0,0.0,0.0,0.0,0.0,373.15789473684254,95.0
7,w0_normal_diesel_start,76,2026-01-04 04:00:00+08:00,34.0,0.0,0.0,1.0,0.0,0.0,10.0,0.0,0.0,0.0,1.0,0.0,0.0,0.0,0.0,372.1052631578952,95.0
7,w0_normal_diesel_start,77,2026-01-04 05:00:00+08:00,34.0,0.0,0.0,1.0,0.0,0.0,10.0,0.0,0.0,0.0,1.0,0.0,0.0,0.0,0.0,371.05263157894785,95.0
7,w0_normal_diesel_start,78,2026-01-04 06:00:00+08:00,39.0,0.0,0.0,1.0,0.0,0.0,10.0,0.0,0.0,0.0,1.0,0.0,0.0,0.0,5.0,370.0,95.0
7,w0_normal_diesel_start,79,2026-01-04 07:00:00+08:00,39.0,0.0,0.0,1.0,0.0,0.0,10.0,0.0,0.0,0.0,1.0,0.0,0.0,0.0,5.0,368.94736842105317,95.0
7,w0_normal_diesel_start,80,2026-01-04 08:00:00+08:00,39.0,0.0,0.0,1.0,0.0,0.0,10.0,0.0,0.0,0.0,1.0,0.0,0.0,0.0,5.0,367.89473684210583,95.0
7,w0_normal_diesel_start,81,2026-01-04 09:00:00+08:00,39.0,0.0,0.0,1.0,0.0,0.0,10.0,0.0,0.0,0.0,1.0,0.0,0.0,0.0,5.0,366.8421052631585,95.0
7,w0_normal_diesel_start,82,2026-01-04 10:00:00+08:00,39.0,0.0,0.0,1.0,0.0,0.0,10.0,0.0,0.0,0.0,1.0,0.0,0.0,0.0,5.0,365.78947368421115,95.0
7,w0_normal_diesel_start,83,2026-01-04 11:00:00+08:00,39.0,0.0,0.0,1.0,0.0,0.0,10.0,0.0,0.0,0.0,1.0,0.0,0.0,0.0,5.0,364.7368421052638,95.0
7,w0_normal_diesel_start,84,2026-01-04 12:00:00+08:00,39.0,0.0,0.0,1.0,0.0,0.0,10.0,0.0,0.0,0.0,1.0,0.0,0.0,0.0,5.0,363.68421052631646,95.0
7,w0_normal_diesel_start,85,2026-01-04 13:00:00+08:00,39.0,0.0,0.0,1.0,0.0,0.0,10.0,0.0,0.0,0.0,1.0,0.0,0.0,0.0,5.0,362.6315789473691,95.0
7,w0_normal_diesel_start,86,2026-01-04 14:00:00+08:00,39.0,0.0,0.0,1.0,0.0,0.0,10.0,0.0,0.0,0.0,1.0,0.0,0.0,0.0,5.0,361.5789473684218,95.0
7,w0_normal_diesel_start,87,2026-01-04 15:00:00+08:00,39.0,0.0,0.0,1.0,0.0,0.0,10.0,0.0,0.0,0.0,1.0,0.0,0.0,0.0,5.0,360.52631578947444,95.0
7,w0_normal_diesel_start,88,2026-01-04 16:00:00+08:00,39.0,0.0,0.0,1.0,0.0,0.0,10.0,0.0,0.0,0.0,1.0,0.0,0.0,0.0,5.0,359.4736842105271,95.0
7,w0_normal_diesel_start,89,2026-01-04 17:00:00+08:00,39.0,0.0,0.0,1.0,0.0,0.0,10.0,0.0,0.0,0.0,1.0,0.0,0.0,0.0,5.0,358.42105263157976,95.0
7,w0_normal_diesel_start,90,2026-01-04 18:00:00+08:00,39.0,0.0,0.0,1.0,0.0,0.0,10.0,0.0,0.0,0.0,1.0,0.0,0.0,0.0,5.0,357.3684210526324,95.0
7,w0_normal_diesel_start,91,2026-01-04 19:00:00+08:00,39.0,0.0,0.0,1.0,0.0,0.0,10.0,0.0,0.0,0.0,1.0,0.0,0.0,0.0,5.0,356.3157894736851,95.0
7,w0_normal_diesel_start,92,2026-01-04 20:00:00+08:00,39.0,0.0,0.0,1.0,0.0,0.0,10.0,0.0,0.0,0.0,1.0,0.0,0.0,0.0,5.0,355.26315789473773,95.0
7,w0_normal_diesel_start,93,2026-01-04 21:00:00+08:00,39.0,0.0,0.0,1.0,0.0,0.0,10.0,0.0,0.0,0.0,1.0,0.0,0.0,0.0,5.0,354.2105263157904,95.0
7,w0_normal_diesel_start,94,2026-01-04 22:00:00+08:00,39.0,0.0,0.0,1.0,0.0,0.0,10.0,0.0,0.0,0.0,1.0,0.0,0.0,0.0,5.0,353.15789473684305,95.0
7,w0_normal_diesel_start,95,2026-01-04 23:00:00+08:00,39.0,0.0,0.0,1.0,0.0,0.0,10.0,0.0,0.0,0.0,1.0,0.0,0.0,0.0,5.0,352.1052631578957,95.0
8,w0_storm_none,24,2026-01-02 00:00:00+08:00,41.0,0.0,1.0,0.0,0.0,0.0,10.0,0.0,0.0,0.0,1.0,0.0,0.0,0.0,5.0,337.55,95.0
8,w0_storm_none,25,2026-01-02 01:00:00+08:00,41.0,0.0,1.0,0.0,0.0,0.0,10.0,0.0,0.0,0.0,1.0,0.0,0.0,0.0,5.0,338.5,95.0
8,w0_storm_none,26,2026-01-02 02:00:00+08:00,41.0,0.0,1.0,0.0,0.0,0.0,10.0,0.0,0.0,0.0,1.0,0.0,0.0,0.0,5.0,339.45,95.0
8,w0_storm_none,27,2026-01-02 03:00:00+08:00,41.0,0.0,1.0,0.0,0.0,0.0,10.0,0.0,0.0,0.0,1.0,0.0,0.0,0.0,5.0,340.4,95.0
8,w0_storm_none,28,2026-01-02 04:00:00+08:00,41.0,0.0,1.0,0.0,0.0,0.0,10.0,0.0,0.0,0.0,1.0,0.0,0.0,0.0,5.0,341.35,95.0
8,w0_storm_none,29,2026-01-02 05:00:00+08:00,41.0,0.0,1.0,0.0,0.0,0.0,10.0,0.0,0.0,0.0,1.0,0.0,0.0,0.0,5.0,342.3,95.0
8,w0_storm_none,30,2026-01-02 06:00:00+08:00,41.0,0.0,1.0,0.0,0.0,0.0,10.0,0.0,0.0,0.0,1.0,0.0,0.0,0.0,5.0,343.25,95.0
8,w0_storm_none,31,2026-01-02 07:00:00+08:00,41.0,0.0,1.0,0.0,0.0,0.0,10.0,0.0,0.0,0.0,1.0,0.0,0.0,0.0,5.0,344.2,95.0
8,w0_storm_none,32,2026-01-02 08:00:00+08:00,41.0,0.0,1.0,0.0,0.0,0.0,10.0,0.0,0.0,0.0,1.0,0.0,0.0,0.0,5.0,345.15,95.0
8,w0_storm_none,33,2026-01-02 09:00:00+08:00,41.0,0.0,1.0,0.0,0.0,0.0,10.0,0.0,0.0,0.0,1.0,0.0,0.0,0.0,5.0,346.1,95.0
8,w0_storm_none,34,2026-01-02 10:00:00+08:00,41.0,0.0,1.0,0.0,0.0,0.0,10.0,0.0,0.0,0.0,1.0,0.0,0.0,0.0,5.0,347.05,95.0
8,w0_storm_none,35,2026-01-02 11:00:00+08:00,41.0,0.0,1.0,0.0,0.0,0.0,10.0,0.0,0.0,0.0,1.0,0.0,0.0,0.0,5.0,348.0,95.0
8,w0_storm_none,36,2026-01-02 12:00:00+08:00,41.0,0.0,1.0,0.0,0.0,0.0,10.0,0.0,0.0,0.0,1.0,0.0,0.0,0.0,5.0,348.95,95.0
8,w0_storm_none,37,2026-01-02 13:00:00+08:00,41.0,0.0,1.0,0.0,0.0,0.0,10.0,0.0,0.0,0.0,1.0,0.0,0.0,0.0,5.0,349.9,95.0
8,w0_storm_none,38,2026-01-02 14:00:00+08:00,41.0,0.0,1.0,0.0,0.0,0.0,10.0,0.0,0.0,0.0,1.0,0.0,0.0,0.0,5.0,350.85,95.0
8,w0_storm_none,39,2026-01-02 15:00:00+08:00,41.0,0.0,1.0,0.0,0.0,0.0,10.0,0.0,0.0,0.0,1.0,0.0,0.0,0.0,5.0,351.8,95.0
8,w0_storm_none,40,2026-01-02 16:00:00+08:00,41.0,0.0,1.0,0.0,0.0,0.0,10.0,0.0,0.0,0.0,1.0,0.0,0.0,0.0,5.0,352.75,95.0
8,w0_storm_none,41,2026-01-02 17:00:00+08:00,41.0,0.0,1.0,0.0,0.0,0.0,10.0,0.0,0.0,0.0,1.0,0.0,0.0,0.0,5.0,353.7,95.0
8,w0_storm_none,42,2026-01-02 18:00:00+08:00,41.0,0.0,1.0,0.0,0.0,0.0,10.0,0.0,0.0,0.0,1.0,0.0,0.0,0.0,5.0,354.65,95.0
8,w0_storm_none,43,2026-01-02 19:00:00+08:00,90.0,0.0,50.0,0.0,0.0,0.0,10.0,0.0,0.0,0.0,1.0,0.0,0.0,0.0,5.0,355.6,95.0
8,w0_storm_none,44,2026-01-02 20:00:00+08:00,41.0,0.0,1.0,0.0,0.0,0.0,10.0,0.0,0.0,0.0,1.0,0.0,0.0,0.0,5.0,403.1,95.0
8,w0_storm_none,45,2026-01-02 21:00:00+08:00,90.0,0.0,50.0,0.0,0.0,0.0,10.0,0.0,0.0,0.0,1.0,0.0,0.0,0.0,5.0,404.05,95.0
8,w0_storm_none,46,2026-01-02 22:00:00+08:00,90.0,0.0,50.0,0.0,0.0,0.0,10.0,0.0,0.0,0.0,1.0,0.0,0.0,0.0,5.0,451.55,95.0
8,w0_storm_none,47,2026-01-02 23:00:00+08:00,53.0,0.0,1.0,0.0,0.0,0.0,10.0,0.0,0.0,0.0,1.0,0.0,0.0,12.0,5.0,499.05,95.0
8,w0_storm_none,48,2026-01-03 00:00:00+08:00,35.0,0.0,0.0,4.0,0.0,0.0,10.0,0.0,0.0,0.0,1.0,0.0,0.0,0.0,4.0,500.0,95.0
8,w0_storm_none,49,2026-01-03 01:00:00+08:00,35.0,0.0,0.0,5.0,0.0,0.0,10.0,0.0,0.0,0.0,1.0,0.0,0.0,0.0,5.0,495.78947368421046,95.0
8,w0_storm_none,50,2026-01-03 02:00:00+08:00,35.0,0.0,0.0,1.836383045965154,0.0,0.0,10.0,0.0,0.0,0.0,1.0,0.0,0.0,0.0,1.836383045965154,490.52631578947364,95.0
8,w0_storm_none,51,2026-01-03 03:00:00+08:00,35.0,0.0,0.0,3.5,0.0,0.0,10.0,0.0,0.0,0.0,1.0,0.0,0.0,0.0,3.5,488.59328100424716,95.0
8,w0_storm_none,52,2026-01-03 04:00:00+08:00,35.0,0.0,0.0,5.0,0.0,0.0,10.0,0.0,0.0,0.0,1.0,0.0,0.0,0.0,5.0,484.9090704779314,95.0
8,w0_storm_none,53,2026-01-03 05:00:00+08:00,35.0,0.0,0.0,2.5,0.0,0.0,10.0,0.0,0.0,0.0,1.0,0.0,0.0,0.0,2.5,479.64591258319456,95.0
8,w0_storm_none,54,2026-01-03 06:00:00+08:00,35.0,0.0,0.0,1.0,0.0,0.0,10.0,0.0,0.0,0.0,1.0,0.0,0.0,0.0,1.0,477.0143336358259,95.0
8,w0_storm_none,55,2026-01-03 07:00:00+08:00,35.0,0.0,0.0,1.0,0.0,0.0,10.0,0.0,0.0,0.0,1.0,0.0,0.0,0.0,1.0,475.9617020568786,95.0
8,w0_storm_none,56,2026-01-03 08:00:00+08:00,35.0,0.0,0.0,1.0,0.0,0.0,10.0,0.0,0.0,0.0,1.0,0.0,0.0,0.0,1.0,474.9090704779313,95.0
8,w0_storm_none,57,2026-01-03 09:00:00+08:00,35.0,0.0,0.0,1.0,0.0,0.0,10.0,0.0,0.0,0.0,1.0,0.0,0.0,0.0,1.0,473.85643889898404,95.0
8,w0_storm_none,58,2026-01-03 10:00:00+08:00,35.0,0.0,0.0,1.0,0.0,0.0,10.0,0.0,0.0,0.0,1.0,0.0,0.0,0.8363830459651538,0.16361695403477494,472.80380732003675,95.0
8,w0_storm_none,59,2026-01-03 11:00:00+08:00,35.0,0.0,0.0,12.0,0.0,0.0,10.0,0.0,0.0,0.0,1.0,0.0,0.0,12.0,0.0,471.75117574108947,95.0
8,w0_storm_none,60,2026-01-03 12:00:00+08:00,35.0,0.0,0.0,10.0,0.0,0.0,10.0,0.0,0.0,0.0,1.0,-0.0,0.0,0.0,10.0,459.1195967937209,95.0
8,w0_storm_none,61,2026-01-03 13:00:00+08:00,35.0,0.0,0.0,7.5,0.0,0.0,10.0,0.0,0.0,0.0,1.0,-0.0,0.0,0.0,7.5,448.5932810042472,95.0
8,w0_storm_none,62,2026-01-03 14:00:00+08:00,35.0,0.0,0.0,5.0,0.0,0.0,10.0,0.0,0.0,0.0,1.0,-0.0,0.0,0.0,5.0,440.6985441621417,95.0
8,w0_storm_none,63,2026-01-03 15:00:00+08:00,35.0,0.0,0.0,5.0,0.0,0.0,10.0,0.0,0.0,0.0,1.0,-0.0,0.0,0.0,5.0,435.43538626740485,95.0
8,w0_storm_none,64,2026-01-03 16:00:00+08:00,35.0,0.0,0.0,8.0,0.0,0.0,10.0,0.0,0.0,0.0,1.0,-0.0,0.0,0.0,8.0,430.17222837266803,95.0
8,w0_storm_none,65,2026-01-03 17:00:00+08:00,35.0,0.0,0.0,5.0,0.0,0.0,10.0,0.0,0.0,0.0,1.0,-0.0,0.0,0.0,5.0,421.751175741089,95.0
8,w0_storm_none,66,2026-01-03 18:00:00+08:00,35.0,0.0,0.0,5.0,0.0,0.0,10.0,0.0,0.0,0.0,1.0,-0.0,0.0,0.0,5.0,416.4880178463522,95.0
8,w0_storm_none,67,2026-01-03 19:00:00+08:00,35.0,0.0,0.0,5.0,0.0,0.0,10.0,0.0,0.0,0.0,1.0,-0.0,0.0,0.0,5.0,411.2248599516154,95.0
8,w0_storm_none,68,2026-01-03 20:00:00+08:00,35.0,0.0,0.0,5.0,0.0,0.0,10.0,0.0,0.0,0.0,1.0,-0.0,0.0,0.0,5.0,405.96170205687855,95.0
8,w0_storm_none,69,2026-01-03 21:00:00+08:00,35.0,0.0,0.0,5.0,0.0,0.0,10.0,0.0,0.0,0.0,1.0,-0.0,0.0,0.0,5.0,400.69854416214173,95.0
8,w0_storm_none,70,2026-01-03 22:00:00+08:00,35.0,0.0,0.0,5.0,0.0,0.0,10.0,0.0,0.0,0.0,1.0,-0.0,0.0,0.0,5.0,395.4353862674049,95.0
8,w0_storm_none,71,2026-01-03 23:00:00+08:00,35.0,0.0,0.0,5.0,0.0,0.0,10.0,0.0,0.0,0.0,1.0,-0.0,0.0,0.0,5.0,390.1722283726681,95.0
8,w0_storm_none,72,2026-01-04 00:00:00+08:00,35.0,0.0,0.0,5.0,0.0,0.0,10.0,0.0,0.0,0.0,1.0,-0.0,0.0,0.0,5.0,384.90907047793127,95.0
8,w0_storm_none,73,2026-01-04 01:00:00+08:00,35.0,0.0,0.0,1.0,0.0,0.0,10.0,0.0,0.0,0.0,1.0,-0.0,0.0,0.0,1.0,379.64591258319444,95.0
8,w0_storm_none,74,2026-01-04 02:00:00+08:00,35.0,0.0,0.0,1.0,0.0,0.0,10.0,0.0,0.0,0.0,1.0,-0.0,0.0,0.0,1.0,378.5932810042473,95.0
8,w0_storm_none,75,2026-01-04 03:00:00+08:00,35.0,0.0,0.0,1.0,0.0,0.0,10.0,0.0,0.0,0.0,1.0,-0.0,0.0,0.0,1.0,377.5406494253,95.0
8,w0_storm_none,76,2026-01-04 04:00:00+08:00,34.5,0.0,0.0,1.0,0.0,0.0,10.0,0.0,0.0,0.0,1.0,-0.0,0.0,0.0,0.5,376.4880178463528,95.0
8,w0_storm_none,77,2026-01-04 05:00:00+08:00,34.0,0.0,0.0,1.0,0.0,0.0,10.0,0.0,0.0,0.0,1.0,-0.0,0.0,0.0,0.0,375.43538626740565,95.0
8,w0_storm_none,78,2026-01-04 06:00:00+08:00,46.0,0.0,1.0,0.0,0.0,0.0,10.0,0.0,0.0,0.0,1.0,0.0,0.0,0.0,10.0,374.3827546884585,95.0
8,w0_storm_none,79,2026-01-04 07:00:00+08:00,44.0,0.0,0.0,1.0,0.0,0.0,10.0,0.0,0.0,0.0,1.0,0.0,0.0,0.0,10.0,375.33275468845846,95.0
8,w0_storm_none,80,2026-01-04 08:00:00+08:00,44.0,0.0,0.0,1.0,0.0,0.0,10.0,0.0,0.0,0.0,1.0,0.0,0.0,0.0,10.0,374.2801231095111,95.0
8,w0_storm_none,81,2026-01-04 09:00:00+08:00,39.0,0.0,0.0,1.0,0.0,0.0,10.0,0.0,0.0,0.0,1.0,0.0,0.0,0.0,5.0,373.2274915305638,95.0
8,w0_storm_none,82,2026-01-04 10:00:00+08:00,30.323883045964493,0.0,0.0,14.676116954035507,0.0,0.0,10.0,0.0,0.0,0.0,1.0,0.0,0.0,0.0,10.0,372.17485995161644,95.0
8,w0_storm_none,83,2026-01-04 11:00:00+08:00,41.0,0.0,1.0,0.0,0.0,0.0,10.0,0.0,0.0,0.0,1.0,0.0,0.0,0.0,5.0,356.7263157894738,95.0
8,w0_storm_none,84,2026-01-04 12:00:00+08:00,39.0,0.0,0.0,1.0,0.0,0.0,10.0,0.0,0.0,0.0,1.0,0.0,0.0,0.0,5.0,357.6763157894738,95.0
8,w0_storm_none,85,2026-01-04 13:00:00+08:00,39.0,0.0,0.0,1.0,0.0,0.0,10.0,0.0,0.0,0.0,1.0,0.0,0.0,0.0,5.0,356.6236842105266,95.0
8,w0_storm_none,86,2026-01-04 14:00:00+08:00,41.0,0.0,1.0,0.0,0.0,0.0,10.0,0.0,0.0,0.0,1.0,0.0,0.0,0.0,5.0,355.5710526315794,95.0
8,w0_storm_none,87,2026-01-04 15:00:00+08:00,39.0,0.0,0.0,1.0,0.0,0.0,10.0,0.0,0.0,0.0,1.0,0.0,0.0,0.0,5.0,356.5210526315794,95.0
8,w0_storm_none,88,2026-01-04 16:00:00+08:00,39.0,0.0,0.0,1.0,0.0,0.0,10.0,0.0,0.0,0.0,1.0,0.0,0.0,0.0,5.0,355.46842105263215,95.0
8,w0_storm_none,89,2026-01-04 17:00:00+08:00,41.0,0.0,1.0,0.0,0.0,0.0,10.0,0.0,0.0,0.0,1.0,0.0,0.0,0.0,5.0,354.4157894736849,95.0
8,w0_storm_none,90,2026-01-04 18:00:00+08:00,39.0,0.0,0.0,1.0,0.0,0.0,10.0,0.0,0.0,0.0,1.0,0.0,0.0,0.0,5.0,355.3657894736849,95.0
8,w0_storm_none,91,2026-01-04 19:00:00+08:00,39.0,0.0,0.0,1.0,0.0,0.0,10.0,0.0,0.0,0.0,1.0,0.0,0.0,0.0,5.0,354.31315789473774,95.0
8,w0_storm_none,92,2026-01-04 20:00:00+08:00,45.748544125103464,0.0,0.0,1.0,0.0,0.0,10.0,0.0,0.0,0.0,1.0,0.0,0.0,6.748544125103464,5.0,353.2605263157904,95.0
8,w0_storm_none,93,2026-01-04 21:00:00+08:00,41.0,0.0,1.0,0.0,0.0,0.0,10.0,0.0,0.0,0.0,1.0,0.0,0.0,0.0,5.0,352.20789473684306,95.0
8,w0_storm_none,94,2026-01-04 22:00:00+08:00,39.0,0.0,0.0,1.0,0.0,0.0,10.0,0.0,0.0,0.0,1.0,0.0,0.0,0.0,5.0,353.15789473684305,95.0
8,w0_storm_none,95,2026-01-04 23:00:00+08:00,39.0,0.0,0.0,1.0,0.0,0.0,10.0,0.0,0.0,0.0,1.0,0.0,0.0,0.0,5.0,352.1052631578957,95.0
9,w0_storm_renewable_bus,24,2026-01-02 00:00:00+08:00,41.0,0.0,1.0,0.0,0.0,0.0,10.0,0.0,0.0,0.0,1.0,0.0,0.0,0.0,5.0,337.55,95.0
9,w0_storm_renewable_bus,25,2026-01-02 01:00:00+08:00,41.0,0.0,1.0,0.0,0.0,0.0,10.0,0.0,0.0,0.0,1.0,0.0,0.0,0.0,5.0,338.5,95.0
9,w0_storm_renewable_bus,26,2026-01-02 02:00:00+08:00,41.0,0.0,1.0,0.0,0.0,0.0,10.0,0.0,0.0,0.0,1.0,0.0,0.0,0.0,5.0,339.45,95.0
9,w0_storm_renewable_bus,27,2026-01-02 03:00:00+08:00,41.0,0.0,1.0,0.0,0.0,0.0,10.0,0.0,0.0,0.0,1.0,0.0,0.0,0.0,5.0,340.4,95.0
9,w0_storm_renewable_bus,28,2026-01-02 04:00:00+08:00,41.0,0.0,1.0,0.0,0.0,0.0,10.0,0.0,0.0,0.0,1.0,0.0,0.0,0.0,5.0,341.35,95.0
9,w0_storm_renewable_bus,29,2026-01-02 05:00:00+08:00,41.0,0.0,1.0,0.0,0.0,0.0,10.0,0.0,0.0,0.0,1.0,0.0,0.0,0.0,5.0,342.3,95.0
9,w0_storm_renewable_bus,30,2026-01-02 06:00:00+08:00,41.0,0.0,1.0,0.0,0.0,0.0,10.0,0.0,0.0,0.0,1.0,0.0,0.0,0.0,5.0,343.25,95.0
9,w0_storm_renewable_bus,31,2026-01-02 07:00:00+08:00,41.0,0.0,1.0,0.0,0.0,0.0,10.0,0.0,0.0,0.0,1.0,0.0,0.0,0.0,5.0,344.2,95.0
9,w0_storm_renewable_bus,32,2026-01-02 08:00:00+08:00,41.0,0.0,1.0,0.0,0.0,0.0,10.0,0.0,0.0,0.0,1.0,0.0,0.0,0.0,5.0,345.15,95.0
9,w0_storm_renewable_bus,33,2026-01-02 09:00:00+08:00,41.0,0.0,1.0,0.0,0.0,0.0,10.0,0.0,0.0,0.0,1.0,0.0,0.0,0.0,5.0,346.1,95.0
9,w0_storm_renewable_bus,34,2026-01-02 10:00:00+08:00,41.0,0.0,1.0,0.0,0.0,0.0,10.0,0.0,0.0,0.0,1.0,0.0,0.0,0.0,5.0,347.05,95.0
9,w0_storm_renewable_bus,35,2026-01-02 11:00:00+08:00,41.0,0.0,1.0,0.0,0.0,0.0,10.0,0.0,0.0,0.0,1.0,0.0,0.0,0.0,5.0,348.0,95.0
9,w0_storm_renewable_bus,36,2026-01-02 12:00:00+08:00,41.0,0.0,1.0,0.0,0.0,0.0,10.0,0.0,0.0,0.0,1.0,0.0,0.0,0.0,5.0,348.95,95.0
9,w0_storm_renewable_bus,37,2026-01-02 13:00:00+08:00,41.0,0.0,1.0,0.0,0.0,0.0,10.0,0.0,0.0,0.0,1.0,0.0,0.0,0.0,5.0,349.9,95.0
9,w0_storm_renewable_bus,38,2026-01-02 14:00:00+08:00,41.0,0.0,1.0,0.0,0.0,0.0,10.0,0.0,0.0,0.0,1.0,0.0,0.0,0.0,5.0,350.85,95.0
9,w0_storm_renewable_bus,39,2026-01-02 15:00:00+08:00,41.0,0.0,1.0,0.0,0.0,0.0,10.0,0.0,0.0,0.0,1.0,0.0,0.0,0.0,5.0,351.8,95.0
9,w0_storm_renewable_bus,40,2026-01-02 16:00:00+08:00,41.0,0.0,1.0,0.0,0.0,0.0,10.0,0.0,0.0,0.0,1.0,0.0,0.0,0.0,5.0,352.75,95.0
9,w0_storm_renewable_bus,41,2026-01-02 17:00:00+08:00,41.0,0.0,1.0,0.0,0.0,0.0,10.0,0.0,0.0,0.0,1.0,0.0,0.0,0.0,5.0,353.7,95.0
9,w0_storm_renewable_bus,42,2026-01-02 18:00:00+08:00,41.0,0.0,1.0,0.0,0.0,0.0,10.0,0.0,0.0,0.0,1.0,0.0,0.0,0.0,5.0,354.65,95.0
9,w0_storm_renewable_bus,43,2026-01-02 19:00:00+08:00,90.0,0.0,50.0,0.0,0.0,0.0,10.0,0.0,0.0,0.0,1.0,0.0,0.0,0.0,5.0,355.6,95.0
9,w0_storm_renewable_bus,44,2026-01-02 20:00:00+08:00,41.0,0.0,1.0,0.0,0.0,0.0,10.0,0.0,0.0,0.0,1.0,0.0,0.0,0.0,5.0,403.1,95.0
9,w0_storm_renewable_bus,45,2026-01-02 21:00:00+08:00,90.0,0.0,50.0,0.0,0.0,0.0,10.0,0.0,0.0,0.0,1.0,0.0,0.0,0.0,5.0,404.05,95.0
9,w0_storm_renewable_bus,46,2026-01-02 22:00:00+08:00,90.0,0.0,50.0,0.0,0.0,0.0,10.0,0.0,0.0,0.0,1.0,0.0,0.0,0.0,5.0,451.55,95.0
9,w0_storm_renewable_bus,47,2026-01-02 23:00:00+08:00,53.0,0.0,1.0,0.0,0.0,0.0,10.0,0.0,0.0,0.0,1.0,0.0,0.0,12.0,5.0,499.05,95.0
9,w0_storm_renewable_bus,48,2026-01-03 00:00:00+08:00,35.0,0.0,0.0,4.0,0.0,0.0,10.0,0.0,0.0,0.0,1.0,0.0,0.0,0.0,4.0,500.0,95.0
9,w0_storm_renewable_bus,49,2026-01-03 01:00:00+08:00,35.0,0.0,0.0,5.0,0.0,0.0,10.0,0.0,0.0,0.0,1.0,0.0,0.0,0.0,5.0,495.78947368421046,95.0
9,w0_storm_renewable_bus,50,2026-01-03 02:00:00+08:00,35.0,0.0,0.0,1.836383045965154,0.0,0.0,10.0,0.0,0.0,0.0,1.0,0.0,0.0,0.0,1.836383045965154,490.52631578947364,95.0
9,w0_storm_renewable_bus,51,2026-01-03 03:00:00+08:00,35.0,0.0,0.0,3.5,0.0,0.0,10.0,0.0,0.0,0.0,1.0,0.0,0.0,0.0,3.5,488.59328100424716,95.0
9,w0_storm_renewable_bus,52,2026-01-03 04:00:00+08:00,35.0,0.0,0.0,5.0,0.0,0.0,10.0,0.0,0.0,0.0,1.0,0.0,0.0,0.0,5.0,484.9090704779314,95.0
9,w0_storm_renewable_bus,53,2026-01-03 05:00:00+08:00,35.0,0.0,0.0,2.5,0.0,0.0,10.0,0.0,0.0,0.0,1.0,0.0,0.0,0.0,2.5,479.64591258319456,95.0
9,w0_storm_renewable_bus,54,2026-01-03 06:00:00+08:00,35.0,0.0,0.0,1.0,0.0,0.0,10.0,0.0,0.0,0.0,1.0,0.0,0.0,0.0,1.0,477.0143336358259,95.0
9,w0_storm_renewable_bus,55,2026-01-03 07:00:00+08:00,35.0,0.0,0.0,1.0,0.0,0.0,10.0,0.0,0.0,0.0,1.0,0.0,0.0,0.0,1.0,475.9617020568786,95.0
9,w0_storm_renewable_bus,56,2026-01-03 08:00:00+08:00,35.0,0.0,0.0,1.0,0.0,0.0,10.0,0.0,0.0,0.0,1.0,0.0,0.0,0.0,1.0,474.9090704779313,95.0
9,w0_storm_renewable_bus,57,2026-01-03 09:00:00+08:00,35.0,0.0,0.0,1.0,0.0,0.0,10.0,0.0,0.0,0.0,1.0,0.0,0.0,0.0,1.0,473.85643889898404,95.0
9,w0_storm_renewable_bus,58,2026-01-03 10:00:00+08:00,35.0,0.0,0.0,1.0,0.0,0.0,10.0,0.0,0.0,0.0,1.0,0.0,0.0,0.8363830459651538,0.16361695403477494,472.80380732003675,95.0
9,w0_storm_renewable_bus,59,2026-01-03 11:00:00+08:00,35.0,0.0,0.0,12.0,0.0,0.0,10.0,0.0,0.0,0.0,1.0,0.0,0.0,12.0,0.0,471.75117574108947,95.0
9,w0_storm_renewable_bus,60,2026-01-03 12:00:00+08:00,0.0,0.0,0.0,32.5,0.0,0.0,10.0,0.0,0.0,2.5,1.0,0.0,0.0,0.0,0.0,459.1195967937209,95.0
9,w0_storm_renewable_bus,61,2026-01-03 13:00:00+08:00,0.0,0.0,0.0,30.0,0.0,0.0,10.0,0.0,2.5,2.5,1.0,0.0,0.0,0.0,0.0,424.90907047793144,95.0
9,w0_storm_renewable_bus,62,2026-01-03 14:00:00+08:00,0.0,0.0,0.0,32.5,0.0,0.0,10.0,0.0,0.0,2.5,1.0,0.0,0.0,0.0,0.0,393.3301231095104,95.0
9,w0_storm_renewable_bus,63,2026-01-03 15:00:00+08:00,0.0,0.0,0.0,31.66361695404341,0.0,0.0,10.0,0.0,3.336383045956591,0.0,1.0,0.0,0.0,0.0,0.0,359.1195967937209,95.0
9,w0_storm_renewable_bus,64,2026-01-03 16:00:00+08:00,0.0,0.0,0.0,32.5,0.0,0.0,10.0,0.0,0.0,2.5,1.0,0.0,0.0,0.0,0.0,325.78947368420154,95.0
9,w0_storm_renewable_bus,65,2026-01-03 17:00:00+08:00,0.0,0.0,0.0,32.5,0.0,0.0,10.0,0.0,0.0,2.5,1.0,0.0,0.0,0.0,0.0,291.57894736841206,95.0
9,w0_storm_renewable_bus,66,2026-01-03 18:00:00+08:00,0.0,0.0,0.0,35.0,0.0,0.0,10.0,0.0,0.0,0.0,1.0,0.0,0.0,0.0,0.0,257.3684210526226,95.0
9,w0_storm_renewable_bus,67,2026-01-03 19:00:00+08:00,0.0,0.0,0.0,30.0,0.0,0.0,10.0,0.0,2.5,2.5,1.0,0.0,0.0,0.0,0.0,220.5263157894647,95.0
9,w0_storm_renewable_bus,68,2026-01-03 20:00:00+08:00,0.0,0.0,0.0,32.5,0.0,0.0,10.0,0.0,0.0,2.5,1.0,0.0,0.0,0.0,0.0,188.94736842104365,95.0
9,w0_storm_renewable_bus,69,2026-01-03 21:00:00+08:00,0.0,0.0,0.0,32.5,0.0,0.0,10.0,0.0,0.0,2.5,1.0,0.0,0.0,0.0,0.0,154.73684210525417,95.0
9,w0_storm_renewable_bus,70,2026-01-03 22:00:00+08:00,0.0,0.0,0.0,33.5,0.0,0.0,10.0,0.0,0.0,1.5,1.0,0.0,0.0,0.0,0.0,120.52631578946469,95.0
9,w0_storm_renewable_bus,71,2026-01-03 23:00:00+08:00,0.0,0.0,0.0,32.5,0.0,0.0,10.0,0.0,0.0,2.5,1.0,0.0,0.0,0.0,0.0,85.26315789472784,95.0
9,w0_storm_renewable_bus,72,2026-01-04 00:00:00+08:00,35.0,0.0,1.0,0.0,0.0,0.0,10.0,0.0,0.0,2.5,1.0,0.0,0.0,0.0,1.5,51.05263157893836,95.0
9,w0_storm_renewable_bus,73,2026-01-04 01:00:00+08:00,35.0,0.0,1.0,0.0,0.0,0.0,10.0,0.0,0.0,2.5,1.0,0.0,0.0,0.0,1.5,52.00263157893829,95.0
9,w0_storm_renewable_bus,74,2026-01-04 02:00:00+08:00,35.0,0.0,1.0,0.0,0.0,0.0,10.0,0.0,0.0,2.5,1.0,0.0,0.0,0.0,1.5,52.952631578938295,95.0
9,w0_storm_renewable_bus,75,2026-01-04 03:00:00+08:00,35.0,0.0,1.0,0.0,0.0,0.0,10.0,0.0,0.0,2.5,1.0,0.0,0.0,0.0,1.5,53.9026315789383,95.0
9,w0_storm_renewable_bus,76,2026-01-04 04:00:00+08:00,35.0,0.0,1.0,0.0,0.0,0.0,10.0,0.0,0.0,2.5,1.0,0.0,0.0,0.0,1.5,54.8526315789383,95.0
9,w0_storm_renewable_bus,77,2026-01-04 05:00:00+08:00,35.0,0.0,1.0,0.0,0.0,0.0,10.0,0.0,0.0,2.5,1.0,0.0,0.0,0.0,1.5,55.8026315789383,95.0
9,w0_storm_renewable_bus,78,2026-01-04 06:00:00+08:00,46.0,0.0,1.0,0.0,0.0,0.0,10.0,0.0,0.0,0.0,1.0,0.0,0.0,0.0,10.0,56.752631578938306,95.0
9,w0_storm_renewable_bus,79,2026-01-04 07:00:00+08:00,46.0,0.0,1.0,0.0,0.0,0.0,10.0,0.0,0.0,0.0,1.0,0.0,0.0,0.0,10.0,57.70263157893824,95.0
9,w0_storm_renewable_bus,80,2026-01-04 08:00:00+08:00,46.0,0.0,1.0,0.0,0.0,0.0,10.0,0.0,0.0,0.0,1.0,0.0,0.0,0.0,10.0,58.65263157893824,95.0
9,w0_storm_renewable_bus,81,2026-01-04 09:00:00+08:00,46.0,0.0,1.0,0.0,0.0,0.0,10.0,0.0,0.0,0.0,1.0,0.0,0.0,0.0,10.0,59.602631578938244,95.0
9,w0_storm_renewable_bus,82,2026-01-04 10:00:00+08:00,46.0,0.0,1.0,0.0,0.0,0.0,10.0,0.0,0.0,0.0,1.0,0.0,0.0,0.0,10.0,60.55263157893825,95.0
9,w0_storm_renewable_bus,83,2026-01-04 11:00:00+08:00,46.0,0.0,1.0,0.0,0.0,0.0,10.0,0.0,0.0,0.0,1.0,0.0,0.0,0.0,10.0,61.50263157893825,95.0
9,w0_storm_renewable_bus,84,2026-01-04 12:00:00+08:00,46.0,0.0,1.0,0.0,0.0,0.0,10.0,0.0,0.0,0.0,1.0,0.0,0.0,0.0,10.0,62.45263157893825,95.0
9,w0_storm_renewable_bus,85,2026-01-04 13:00:00+08:00,51.710069503427995,0.0,1.0,0.0,0.0,0.0,10.0,0.0,0.0,0.0,1.0,0.0,0.0,5.710069503427995,10.0,63.402631578938255,95.0
9,w0_storm_renewable_bus,86,2026-01-04 14:00:00+08:00,46.0,0.0,1.0,0.0,0.0,0.0,10.0,0.0,0.0,0.0,1.0,0.0,0.0,0.0,10.0,64.35263157893826,95.0
9,w0_storm_renewable_bus,87,2026-01-04 15:00:00+08:00,92.7894736842212,0.0,47.789473684221214,0.0,0.0,0.0,10.0,0.0,0.0,0.0,1.0,0.0,0.0,0.0,10.0,65.30263157893822,95.0
9,w0_storm_renewable_bus,88,2026-01-04 16:00:00+08:00,46.0,0.0,1.0,0.0,0.0,0.0,10.0,0.0,0.0,0.0,1.0,0.0,0.0,0.0,10.0,110.70263157894837,95.0
9,w0_storm_renewable_bus,89,2026-01-04 17:00:00+08:00,46.0,0.0,1.0,0.0,0.0,0.0,10.0,0.0,0.0,0.0,1.0,0.0,0.0,0.0,10.0,111.65263157894837,95.0
9,w0_storm_renewable_bus,90,2026-01-04 18:00:00+08:00,95.0,0.0,50.0,0.0,0.0,0.0,10.0,0.0,0.0,0.0,1.0,0.0,0.0,0.0,10.0,112.60263157894838,95.0
9,w0_storm_renewable_bus,91,2026-01-04 19:00:00+08:00,95.0,0.0,50.0,0.0,0.0,0.0,10.0,0.0,0.0,0.0,1.0,0.0,0.0,0.0,10.0,160.10263157894838,95.0
9,w0_storm_renewable_bus,92,2026-01-04 20:00:00+08:00,95.0,0.0,50.0,0.0,0.0,0.0,10.0,0.0,0.0,0.0,1.0,0.0,0.0,0.0,10.0,207.60263157894838,95.0
9,w0_storm_renewable_bus,93,2026-01-04 21:00:00+08:00,95.0,0.0,50.0,0.0,0.0,0.0,10.0,0.0,0.0,0.0,1.0,0.0,0.0,0.0,10.0,255.10263157894838,95.0
9,w0_storm_renewable_bus,94,2026-01-04 22:00:00+08:00,95.0,0.0,50.0,0.0,0.0,0.0,10.0,0.0,0.0,0.0,1.0,0.0,0.0,0.0,10.0,302.6026315789484,95.0
9,w0_storm_renewable_bus,95,2026-01-04 23:00:00+08:00,48.89882727297978,0.0,1.0,0.0,0.0,0.0,10.0,0.0,0.0,0.0,1.0,0.0,0.0,2.8988272729797813,10.0,350.1026315789484,95.0
10,w0_storm_main_bus,24,2026-01-02 00:00:00+08:00,41.0,0.0,1.0,0.0,0.0,0.0,10.0,0.0,0.0,0.0,1.0,0.0,0.0,0.0,5.0,337.55,95.0
10,w0_storm_main_bus,25,2026-01-02 01:00:00+08:00,41.0,0.0,1.0,0.0,0.0,0.0,10.0,0.0,0.0,0.0,1.0,0.0,0.0,0.0,5.0,338.5,95.0
10,w0_storm_main_bus,26,2026-01-02 02:00:00+08:00,41.0,0.0,1.0,0.0,0.0,0.0,10.0,0.0,0.0,0.0,1.0,0.0,0.0,0.0,5.0,339.45,95.0
10,w0_storm_main_bus,27,2026-01-02 03:00:00+08:00,41.0,0.0,1.0,0.0,0.0,0.0,10.0,0.0,0.0,0.0,1.0,0.0,0.0,0.0,5.0,340.4,95.0
10,w0_storm_main_bus,28,2026-01-02 04:00:00+08:00,41.0,0.0,1.0,0.0,0.0,0.0,10.0,0.0,0.0,0.0,1.0,0.0,0.0,0.0,5.0,341.35,95.0
10,w0_storm_main_bus,29,2026-01-02 05:00:00+08:00,41.0,0.0,1.0,0.0,0.0,0.0,10.0,0.0,0.0,0.0,1.0,0.0,0.0,0.0,5.0,342.3,95.0
10,w0_storm_main_bus,30,2026-01-02 06:00:00+08:00,41.0,0.0,1.0,0.0,0.0,0.0,10.0,0.0,0.0,0.0,1.0,0.0,0.0,0.0,5.0,343.25,95.0
10,w0_storm_main_bus,31,2026-01-02 07:00:00+08:00,41.0,0.0,1.0,0.0,0.0,0.0,10.0,0.0,0.0,0.0,1.0,0.0,0.0,0.0,5.0,344.2,95.0
10,w0_storm_main_bus,32,2026-01-02 08:00:00+08:00,41.0,0.0,1.0,0.0,0.0,0.0,10.0,0.0,0.0,0.0,1.0,0.0,0.0,0.0,5.0,345.15,95.0
10,w0_storm_main_bus,33,2026-01-02 09:00:00+08:00,41.0,0.0,1.0,0.0,0.0,0.0,10.0,0.0,0.0,0.0,1.0,0.0,0.0,0.0,5.0,346.1,95.0
10,w0_storm_main_bus,34,2026-01-02 10:00:00+08:00,41.0,0.0,1.0,0.0,0.0,0.0,10.0,0.0,0.0,0.0,1.0,0.0,0.0,0.0,5.0,347.05,95.0
10,w0_storm_main_bus,35,2026-01-02 11:00:00+08:00,41.0,0.0,1.0,0.0,0.0,0.0,10.0,0.0,0.0,0.0,1.0,0.0,0.0,0.0,5.0,348.0,95.0
10,w0_storm_main_bus,36,2026-01-02 12:00:00+08:00,41.0,0.0,1.0,0.0,0.0,0.0,10.0,0.0,0.0,0.0,1.0,0.0,0.0,0.0,5.0,348.95,95.0
10,w0_storm_main_bus,37,2026-01-02 13:00:00+08:00,41.0,0.0,1.0,0.0,0.0,0.0,10.0,0.0,0.0,0.0,1.0,0.0,0.0,0.0,5.0,349.9,95.0
10,w0_storm_main_bus,38,2026-01-02 14:00:00+08:00,41.0,0.0,1.0,0.0,0.0,0.0,10.0,0.0,0.0,0.0,1.0,0.0,0.0,0.0,5.0,350.85,95.0
10,w0_storm_main_bus,39,2026-01-02 15:00:00+08:00,41.0,0.0,1.0,0.0,0.0,0.0,10.0,0.0,0.0,0.0,1.0,0.0,0.0,0.0,5.0,351.8,95.0
10,w0_storm_main_bus,40,2026-01-02 16:00:00+08:00,41.0,0.0,1.0,0.0,0.0,0.0,10.0,0.0,0.0,0.0,1.0,0.0,0.0,0.0,5.0,352.75,95.0
10,w0_storm_main_bus,41,2026-01-02 17:00:00+08:00,41.0,0.0,1.0,0.0,0.0,0.0,10.0,0.0,0.0,0.0,1.0,0.0,0.0,0.0,5.0,353.7,95.0
10,w0_storm_main_bus,42,2026-01-02 18:00:00+08:00,41.0,0.0,1.0,0.0,0.0,0.0,10.0,0.0,0.0,0.0,1.0,0.0,0.0,0.0,5.0,354.65,95.0
10,w0_storm_main_bus,43,2026-01-02 19:00:00+08:00,90.0,0.0,50.0,0.0,0.0,0.0,10.0,0.0,0.0,0.0,1.0,0.0,0.0,0.0,5.0,355.6,95.0
10,w0_storm_main_bus,44,2026-01-02 20:00:00+08:00,41.0,0.0,1.0,0.0,0.0,0.0,10.0,0.0,0.0,0.0,1.0,0.0,0.0,0.0,5.0,403.1,95.0
10,w0_storm_main_bus,45,2026-01-02 21:00:00+08:00,90.0,0.0,50.0,0.0,0.0,0.0,10.0,0.0,0.0,0.0,1.0,0.0,0.0,0.0,5.0,404.05,95.0
10,w0_storm_main_bus,46,2026-01-02 22:00:00+08:00,90.0,0.0,50.0,0.0,0.0,0.0,10.0,0.0,0.0,0.0,1.0,0.0,0.0,0.0,5.0,451.55,95.0
10,w0_storm_main_bus,47,2026-01-02 23:00:00+08:00,53.0,0.0,1.0,0.0,0.0,0.0,10.0,0.0,0.0,0.0,1.0,0.0,0.0,12.0,5.0,499.05,95.0
10,w0_storm_main_bus,48,2026-01-03 00:00:00+08:00,35.0,0.0,0.0,4.0,0.0,0.0,10.0,0.0,0.0,0.0,1.0,0.0,0.0,0.0,4.0,500.0,95.0
10,w0_storm_main_bus,49,2026-01-03 01:00:00+08:00,35.0,0.0,0.0,5.0,0.0,0.0,10.0,0.0,0.0,0.0,1.0,0.0,0.0,0.0,5.0,495.78947368421046,95.0
10,w0_storm_main_bus,50,2026-01-03 02:00:00+08:00,35.0,0.0,0.0,1.836383045965154,0.0,0.0,10.0,0.0,0.0,0.0,1.0,0.0,0.0,0.0,1.836383045965154,490.52631578947364,95.0
10,w0_storm_main_bus,51,2026-01-03 03:00:00+08:00,35.0,0.0,0.0,3.5,0.0,0.0,10.0,0.0,0.0,0.0,1.0,0.0,0.0,0.0,3.5,488.59328100424716,95.0
10,w0_storm_main_bus,52,2026-01-03 04:00:00+08:00,35.0,0.0,0.0,5.0,0.0,0.0,10.0,0.0,0.0,0.0,1.0,0.0,0.0,0.0,5.0,484.9090704779314,95.0
10,w0_storm_main_bus,53,2026-01-03 05:00:00+08:00,35.0,0.0,0.0,2.5,0.0,0.0,10.0,0.0,0.0,0.0,1.0,0.0,0.0,0.0,2.5,479.64591258319456,95.0
10,w0_storm_main_bus,54,2026-01-03 06:00:00+08:00,35.0,0.0,0.0,1.0,0.0,0.0,10.0,0.0,0.0,0.0,1.0,0.0,0.0,0.0,1.0,477.0143336358259,95.0
10,w0_storm_main_bus,55,2026-01-03 07:00:00+08:00,35.0,0.0,0.0,1.0,0.0,0.0,10.0,0.0,0.0,0.0,1.0,0.0,0.0,0.0,1.0,475.9617020568786,95.0
10,w0_storm_main_bus,56,2026-01-03 08:00:00+08:00,35.0,0.0,0.0,1.0,0.0,0.0,10.0,0.0,0.0,0.0,1.0,0.0,0.0,0.0,1.0,474.9090704779313,95.0
10,w0_storm_main_bus,57,2026-01-03 09:00:00+08:00,35.0,0.0,0.0,1.0,0.0,0.0,10.0,0.0,0.0,0.0,1.0,0.0,0.0,0.0,1.0,473.85643889898404,95.0
10,w0_storm_main_bus,58,2026-01-03 10:00:00+08:00,35.0,0.0,0.0,1.0,0.0,0.0,10.0,0.0,0.0,0.0,1.0,0.0,0.0,0.8363830459651538,0.16361695403477494,472.80380732003675,95.0
10,w0_storm_main_bus,59,2026-01-03 11:00:00+08:00,35.0,0.0,0.0,12.0,0.0,0.0,10.0,0.0,0.0,0.0,1.0,0.0,0.0,12.0,0.0,471.75117574108947,95.0
10,w0_storm_main_bus,60,2026-01-03 12:00:00+08:00,0.0,0.0,0.0,0.0,0.0,10.0,0.0,20.0,5.0,0.0,0.0,1.0,0.0,0.0,0.0,459.1195967937209,95.0
10,w0_storm_main_bus,61,2026-01-03 13:00:00+08:00,35.0,0.0,0.0,5.0,0.0,0.0,10.0,0.0,0.0,0.0,1.0,-0.0,0.0,0.0,5.0,459.1195967937209,84.79591836734694
10,w0_storm_main_bus,62,2026-01-03 14:00:00+08:00,35.0,0.0,0.0,5.0,0.0,0.0,10.0,0.0,0.0,0.0,1.0,-0.0,0.0,0.0,5.0,453.8564388989841,84.79591836734694
10,w0_storm_main_bus,63,2026-01-03 15:00:00+08:00,35.0,0.0,0.0,10.0,0.0,0.0,10.0,0.0,0.0,0.0,1.0,-0.0,0.0,0.0,10.0,448.5932810042473,84.79591836734694
10,w0_storm_main_bus,64,2026-01-03 16:00:00+08:00,35.0,0.0,0.0,5.0,0.0,0.0,10.0,0.0,0.0,0.0,1.0,-0.0,0.0,0.0,5.0,438.0669652147736,84.79591836734694
10,w0_storm_main_bus,65,2026-01-03 17:00:00+08:00,35.0,0.0,0.0,5.0,0.0,0.0,10.0,0.0,0.0,0.0,1.0,-0.0,0.0,0.0,5.0,432.80380732003675,84.79591836734694
10,w0_storm_main_bus,66,2026-01-03 18:00:00+08:00,35.0,0.0,0.0,5.0,0.0,0.0,10.0,0.0,0.0,0.0,1.0,-0.0,0.0,0.0,5.0,427.54064942529993,84.79591836734694
10,w0_storm_main_bus,67,2026-01-03 19:00:00+08:00,35.0,0.0,0.0,5.0,0.0,0.0,10.0,0.0,0.0,0.0,1.0,-0.0,0.0,0.0,5.0,422.2774915305631,84.79591836734694
10,w0_storm_main_bus,68,2026-01-03 20:00:00+08:00,35.0,0.0,0.0,5.0,0.0,0.0,10.0,0.0,0.0,0.0,1.0,-0.0,0.0,0.0,5.0,417.0143336358263,84.79591836734694
10,w0_storm_main_bus,69,2026-01-03 21:00:00+08:00,35.0,0.0,0.0,5.0,0.0,0.0,10.0,0.0,0.0,0.0,1.0,-0.0,0.0,0.0,5.0,411.75117574108947,84.79591836734694
10,w0_storm_main_bus,70,2026-01-03 22:00:00+08:00,35.0,0.0,0.0,5.0,0.0,0.0,10.0,0.0,0.0,0.0,1.0,-0.0,0.0,0.0,5.0,406.48801784635265,84.79591836734694
10,w0_storm_main_bus,71,2026-01-03 23:00:00+08:00,35.0,0.0,0.0,5.0,0.0,0.0,10.0,0.0,0.0,0.0,1.0,-0.0,0.0,0.0,5.0,401.2248599516158,84.79591836734694
10,w0_storm_main_bus,72,2026-01-04 00:00:00+08:00,35.0,0.0,0.0,5.0,0.0,0.0,10.0,0.0,0.0,0.0,1.0,-0.0,0.0,0.0,5.0,395.961702056879,84.79591836734694
10,w0_storm_main_bus,73,2026-01-04 01:00:00+08:00,35.0,0.0,0.0,1.0,0.0,0.0,10.0,0.0,0.0,0.0,1.0,-0.0,0.0,0.0,1.0,390.6985441621422,84.79591836734694
10,w0_storm_main_bus,74,2026-01-04 02:00:00+08:00,35.0,0.0,0.0,10.373330519548707,0.0,0.0,10.0,0.0,0.0,0.0,1.0,-0.0,0.0,10.373330519548707,0.0,389.6459125831949,84.79591836734694
10,w0_storm_main_bus,75,2026-01-04 03:00:00+08:00,35.0,0.0,0.0,13.0,0.0,0.0,10.0,0.0,0.0,0.0,1.0,-0.0,0.0,12.0,1.0,378.7266172994594,84.79591836734694
10,w0_storm_main_bus,76,2026-01-04 04:00:00+08:00,35.0,0.0,0.0,1.0,0.0,0.0,10.0,0.0,0.0,0.0,1.0,-0.0,0.0,0.0,1.0,365.0424067731437,84.79591836734694
10,w0_storm_main_bus,77,2026-01-04 05:00:00+08:00,35.0,0.0,0.0,1.0,0.0,0.0,10.0,0.0,0.0,0.0,1.0,-0.0,0.0,0.0,1.0,363.9897751941964,84.79591836734694
10,w0_storm_main_bus,78,2026-01-04 06:00:00+08:00,44.0,0.0,0.0,1.0,10.412328196584753,0.0,10.0,0.0,0.0,0.0,1.0,0.0,10.412328196584753,0.0,10.0,362.9371436152491,84.79591836734694
10,w0_storm_main_bus,79,2026-01-04 07:00:00+08:00,44.0,0.0,0.0,1.0,0.0,0.0,10.0,0.0,0.0,0.0,1.0,0.0,0.0,0.0,10.0,361.88451203630177,95.0
10,w0_storm_main_bus,80,2026-01-04 08:00:00+08:00,44.0,0.0,0.0,1.0,0.0,0.0,10.0,0.0,0.0,0.0,1.0,0.0,0.0,0.0,10.0,360.83188045735443,95.0
10,w0_storm_main_bus,81,2026-01-04 09:00:00+08:00,44.0,0.0,0.0,1.0,0.0,0.0,10.0,0.0,0.0,0.0,1.0,0.0,0.0,0.0,10.0,359.7792488784071,95.0
10,w0_storm_main_bus,82,2026-01-04 10:00:00+08:00,44.0,0.0,0.0,1.0,0.0,0.0,10.0,0.0,0.0,0.0,1.0,0.0,0.0,0.0,10.0,358.72661729945975,95.0
10,w0_storm_main_bus,83,2026-01-04 11:00:00+08:00,39.0,0.0,0.0,1.0,0.0,0.0,10.0,0.0,0.0,0.0,1.0,0.0,0.0,0.0,5.0,357.6739857205124,95.0
10,w0_storm_main_bus,84,2026-01-04 12:00:00+08:00,42.11048594516779,0.0,2.1104859451677864,0.0,0.0,0.0,10.0,0.0,0.0,0.0,1.0,0.0,0.0,0.0,5.0,356.62135414156506,95.0
10,w0_storm_main_bus,85,2026-01-04 13:00:00+08:00,39.0,0.0,0.0,1.0,0.0,0.0,10.0,0.0,0.0,0.0,1.0,0.0,0.0,0.0,5.0,358.62631578947446,95.0
10,w0_storm_main_bus,86,2026-01-04 14:00:00+08:00,39.0,0.0,0.0,1.0,0.0,0.0,10.0,0.0,0.0,0.0,1.0,0.0,0.0,0.0,5.0,357.5736842105271,95.0
10,w0_storm_main_bus,87,2026-01-04 15:00:00+08:00,39.0,0.0,0.0,1.0,0.0,0.0,10.0,0.0,0.0,0.0,1.0,0.0,0.0,0.0,5.0,356.5210526315798,95.0
10,w0_storm_main_bus,88,2026-01-04 16:00:00+08:00,41.0,0.0,1.0,0.0,0.0,0.0,10.0,0.0,0.0,0.0,1.0,0.0,0.0,0.0,5.0,355.46842105263244,95.0
10,w0_storm_main_bus,89,2026-01-04 17:00:00+08:00,39.0,0.0,0.0,1.0,0.0,0.0,10.0,0.0,0.0,0.0,1.0,0.0,0.0,0.0,5.0,356.4184210526324,95.0
10,w0_storm_main_bus,90,2026-01-04 18:00:00+08:00,39.0,0.0,0.0,1.0,0.0,0.0,10.0,0.0,0.0,0.0,1.0,0.0,0.0,0.0,5.0,355.3657894736851,95.0
10,w0_storm_main_bus,91,2026-01-04 19:00:00+08:00,39.0,0.0,0.0,1.0,0.0,0.0,10.0,0.0,0.0,0.0,1.0,0.0,0.0,0.0,5.0,354.31315789473774,95.0
10,w0_storm_main_bus,92,2026-01-04 20:00:00+08:00,39.0,0.0,0.0,1.0,0.0,0.0,10.0,0.0,0.0,0.0,1.0,0.0,0.0,0.0,5.0,353.2605263157904,95.0
10,w0_storm_main_bus,93,2026-01-04 21:00:00+08:00,39.0,0.0,0.0,1.0,0.0,0.0,10.0,0.0,0.0,0.0,1.0,0.0,0.0,0.0,5.0,352.20789473684306,95.0
10,w0_storm_main_bus,94,2026-01-04 22:00:00+08:00,41.0,0.0,1.0,0.0,0.0,0.0,10.0,0.0,0.0,0.0,1.0,0.0,0.0,0.0,5.0,351.1552631578957,95.0
10,w0_storm_main_bus,95,2026-01-04 23:00:00+08:00,41.105140047599825,0.0,0.0,1.0,0.0,0.0,10.0,0.0,0.0,0.0,1.0,0.0,0.0,2.1051400475998228,5.0,352.1052631578957,95.0
11,w0_storm_compound,24,2026-01-02 00:00:00+08:00,41.0,0.0,1.0,0.0,0.0,0.0,10.0,0.0,0.0,0.0,1.0,0.0,0.0,0.0,5.0,337.55,95.0
11,w0_storm_compound,25,2026-01-02 01:00:00+08:00,41.0,0.0,1.0,0.0,0.0,0.0,10.0,0.0,0.0,0.0,1.0,0.0,0.0,0.0,5.0,338.5,95.0
11,w0_storm_compound,26,2026-01-02 02:00:00+08:00,41.0,0.0,1.0,0.0,0.0,0.0,10.0,0.0,0.0,0.0,1.0,0.0,0.0,0.0,5.0,339.45,95.0
11,w0_storm_compound,27,2026-01-02 03:00:00+08:00,41.0,0.0,1.0,0.0,0.0,0.0,10.0,0.0,0.0,0.0,1.0,0.0,0.0,0.0,5.0,340.4,95.0
11,w0_storm_compound,28,2026-01-02 04:00:00+08:00,41.0,0.0,1.0,0.0,0.0,0.0,10.0,0.0,0.0,0.0,1.0,0.0,0.0,0.0,5.0,341.35,95.0
11,w0_storm_compound,29,2026-01-02 05:00:00+08:00,41.0,0.0,1.0,0.0,0.0,0.0,10.0,0.0,0.0,0.0,1.0,0.0,0.0,0.0,5.0,342.3,95.0
11,w0_storm_compound,30,2026-01-02 06:00:00+08:00,41.0,0.0,1.0,0.0,0.0,0.0,10.0,0.0,0.0,0.0,1.0,0.0,0.0,0.0,5.0,343.25,95.0
11,w0_storm_compound,31,2026-01-02 07:00:00+08:00,41.0,0.0,1.0,0.0,0.0,0.0,10.0,0.0,0.0,0.0,1.0,0.0,0.0,0.0,5.0,344.2,95.0
11,w0_storm_compound,32,2026-01-02 08:00:00+08:00,41.0,0.0,1.0,0.0,0.0,0.0,10.0,0.0,0.0,0.0,1.0,0.0,0.0,0.0,5.0,345.15,95.0
11,w0_storm_compound,33,2026-01-02 09:00:00+08:00,41.0,0.0,1.0,0.0,0.0,0.0,10.0,0.0,0.0,0.0,1.0,0.0,0.0,0.0,5.0,346.1,95.0
11,w0_storm_compound,34,2026-01-02 10:00:00+08:00,41.0,0.0,1.0,0.0,0.0,0.0,10.0,0.0,0.0,0.0,1.0,0.0,0.0,0.0,5.0,347.05,95.0
11,w0_storm_compound,35,2026-01-02 11:00:00+08:00,41.0,0.0,1.0,0.0,0.0,0.0,10.0,0.0,0.0,0.0,1.0,0.0,0.0,0.0,5.0,348.0,95.0
11,w0_storm_compound,36,2026-01-02 12:00:00+08:00,41.0,0.0,1.0,0.0,0.0,0.0,10.0,0.0,0.0,0.0,1.0,0.0,0.0,0.0,5.0,348.95,95.0
11,w0_storm_compound,37,2026-01-02 13:00:00+08:00,41.0,0.0,1.0,0.0,0.0,0.0,10.0,0.0,0.0,0.0,1.0,0.0,0.0,0.0,5.0,349.9,95.0
11,w0_storm_compound,38,2026-01-02 14:00:00+08:00,41.0,0.0,1.0,0.0,0.0,0.0,10.0,0.0,0.0,0.0,1.0,0.0,0.0,0.0,5.0,350.85,95.0
11,w0_storm_compound,39,2026-01-02 15:00:00+08:00,41.0,0.0,1.0,0.0,0.0,0.0,10.0,0.0,0.0,0.0,1.0,0.0,0.0,0.0,5.0,351.8,95.0
11,w0_storm_compound,40,2026-01-02 16:00:00+08:00,41.0,0.0,1.0,0.0,0.0,0.0,10.0,0.0,0.0,0.0,1.0,0.0,0.0,0.0,5.0,352.75,95.0
11,w0_storm_compound,41,2026-01-02 17:00:00+08:00,41.0,0.0,1.0,0.0,0.0,0.0,10.0,0.0,0.0,0.0,1.0,0.0,0.0,0.0,5.0,353.7,95.0
11,w0_storm_compound,42,2026-01-02 18:00:00+08:00,41.0,0.0,1.0,0.0,0.0,0.0,10.0,0.0,0.0,0.0,1.0,0.0,0.0,0.0,5.0,354.65,95.0
11,w0_storm_compound,43,2026-01-02 19:00:00+08:00,90.0,0.0,50.0,0.0,0.0,0.0,10.0,0.0,0.0,0.0,1.0,0.0,0.0,0.0,5.0,355.6,95.0
11,w0_storm_compound,44,2026-01-02 20:00:00+08:00,41.0,0.0,1.0,0.0,0.0,0.0,10.0,0.0,0.0,0.0,1.0,0.0,0.0,0.0,5.0,403.1,95.0
11,w0_storm_compound,45,2026-01-02 21:00:00+08:00,90.0,0.0,50.0,0.0,0.0,0.0,10.0,0.0,0.0,0.0,1.0,0.0,0.0,0.0,5.0,404.05,95.0
11,w0_storm_compound,46,2026-01-02 22:00:00+08:00,90.0,0.0,50.0,0.0,0.0,0.0,10.0,0.0,0.0,0.0,1.0,0.0,0.0,0.0,5.0,451.55,95.0
11,w0_storm_compound,47,2026-01-02 23:00:00+08:00,53.0,0.0,1.0,0.0,0.0,0.0,10.0,0.0,0.0,0.0,1.0,0.0,0.0,12.0,5.0,499.05,95.0
11,w0_storm_compound,48,2026-01-03 00:00:00+08:00,35.0,0.0,0.0,4.0,0.0,0.0,10.0,0.0,0.0,0.0,1.0,-0.0,0.0,0.0,4.0,500.0,95.0
11,w0_storm_compound,49,2026-01-03 01:00:00+08:00,35.0,0.0,0.0,5.0,0.0,0.0,10.0,0.0,0.0,0.0,1.0,-0.0,0.0,0.0,5.0,495.78947368421046,95.0
11,w0_storm_compound,50,2026-01-03 02:00:00+08:00,35.0,0.0,0.0,1.836383045965154,0.0,0.0,10.0,0.0,0.0,0.0,1.0,-0.0,0.0,0.0,1.836383045965154,490.52631578947364,95.0
11,w0_storm_compound,51,2026-01-03 03:00:00+08:00,35.0,0.0,0.0,3.5,0.0,0.0,10.0,0.0,0.0,0.0,1.0,-0.0,0.0,0.0,3.5,488.59328100424716,95.0
11,w0_storm_compound,52,2026-01-03 04:00:00+08:00,35.0,0.0,0.0,5.0,0.0,0.0,10.0,0.0,0.0,0.0,1.0,-0.0,0.0,0.0,5.0,484.9090704779314,95.0
11,w0_storm_compound,53,2026-01-03 05:00:00+08:00,35.0,0.0,0.0,2.5,0.0,0.0,10.0,0.0,0.0,0.0,1.0,-0.0,0.0,0.0,2.5,479.64591258319456,95.0
11,w0_storm_compound,54,2026-01-03 06:00:00+08:00,35.0,0.0,0.0,1.0,0.0,0.0,10.0,0.0,0.0,0.0,1.0,-0.0,0.0,0.0,1.0,477.0143336358259,95.0
11,w0_storm_compound,55,2026-01-03 07:00:00+08:00,35.0,0.0,0.0,1.0,0.0,0.0,10.0,0.0,0.0,0.0,1.0,-0.0,0.0,0.0,1.0,475.9617020568786,95.0
11,w0_storm_compound,56,2026-01-03 08:00:00+08:00,35.0,0.0,0.0,1.0,0.0,0.0,10.0,0.0,0.0,0.0,1.0,-0.0,0.0,0.0,1.0,474.9090704779313,95.0
11,w0_storm_compound,57,2026-01-03 09:00:00+08:00,35.0,0.0,0.0,1.0,0.0,0.0,10.0,0.0,0.0,0.0,1.0,-0.0,0.0,0.0,1.0,473.85643889898404,95.0
11,w0_storm_compound,58,2026-01-03 10:00:00+08:00,35.0,0.0,0.0,1.0,0.0,0.0,10.0,0.0,0.0,0.0,1.0,-0.0,0.0,0.8363830459651538,0.16361695403477494,472.80380732003675,95.0
11,w0_storm_compound,59,2026-01-03 11:00:00+08:00,35.0,0.0,0.0,12.0,0.0,0.0,10.0,0.0,0.0,0.0,1.0,-0.0,0.0,12.0,0.0,471.75117574108947,95.0
11,w0_storm_compound,60,2026-01-03 12:00:00+08:00,0.0,0.0,0.0,32.5,0.0,0.0,10.0,0.0,0.0,2.5,1.0,0.0,0.0,0.0,0.0,459.1195967937209,95.0
11,w0_storm_compound,61,2026-01-03 13:00:00+08:00,0.0,0.0,0.0,30.0,0.0,0.0,10.0,0.0,2.5,2.5,1.0,0.0,0.0,0.0,0.0,424.90907047793144,95.0
11,w0_storm_compound,62,2026-01-03 14:00:00+08:00,0.0,0.0,0.0,32.5,0.0,0.0,10.0,0.0,0.0,2.5,1.0,0.0,0.0,0.0,0.0,393.3301231095104,95.0
11,w0_storm_compound,63,2026-01-03 15:00:00+08:00,0.0,0.0,0.0,31.66361695404341,0.0,0.0,10.0,0.0,3.336383045956591,0.0,1.0,0.0,0.0,0.0,0.0,359.1195967937209,95.0
11,w0_storm_compound,64,2026-01-03 16:00:00+08:00,0.0,0.0,0.0,32.5,0.0,0.0,10.0,0.0,0.0,2.5,1.0,0.0,0.0,0.0,0.0,325.78947368420154,95.0
11,w0_storm_compound,65,2026-01-03 17:00:00+08:00,0.0,0.0,0.0,32.5,0.0,0.0,10.0,0.0,0.0,2.5,1.0,0.0,0.0,0.0,0.0,291.57894736841206,95.0
11,w0_storm_compound,66,2026-01-03 18:00:00+08:00,0.0,0.0,0.0,35.0,0.0,0.0,10.0,0.0,0.0,0.0,1.0,0.0,0.0,0.0,0.0,257.3684210526226,95.0
11,w0_storm_compound,67,2026-01-03 19:00:00+08:00,0.0,0.0,0.0,30.0,0.0,0.0,10.0,0.0,2.5,2.5,1.0,0.0,0.0,0.0,0.0,220.5263157894647,95.0
11,w0_storm_compound,68,2026-01-03 20:00:00+08:00,0.0,0.0,0.0,32.5,0.0,0.0,10.0,0.0,0.0,2.5,1.0,0.0,0.0,0.0,0.0,188.94736842104365,95.0
11,w0_storm_compound,69,2026-01-03 21:00:00+08:00,0.0,0.0,0.0,32.5,0.0,0.0,10.0,0.0,0.0,2.5,1.0,0.0,0.0,0.0,0.0,154.73684210525417,95.0
11,w0_storm_compound,70,2026-01-03 22:00:00+08:00,0.0,0.0,0.0,33.5,0.0,0.0,10.0,0.0,0.0,1.5,1.0,0.0,0.0,0.0,0.0,120.52631578946469,95.0
11,w0_storm_compound,71,2026-01-03 23:00:00+08:00,0.0,0.0,0.0,32.5,0.0,0.0,10.0,0.0,0.0,2.5,1.0,0.0,0.0,0.0,0.0,85.26315789472784,95.0
11,w0_storm_compound,72,2026-01-04 00:00:00+08:00,35.0,0.0,1.0,0.0,0.0,0.0,10.0,0.0,0.0,2.5,1.0,-0.0,0.0,0.0,1.5,51.05263157893836,95.0
11,w0_storm_compound,73,2026-01-04 01:00:00+08:00,35.0,0.0,1.0,0.0,0.0,0.0,10.0,0.0,0.0,2.5,1.0,0.0,0.0,0.0,1.5,52.00263157893829,95.0
11,w0_storm_compound,74,2026-01-04 02:00:00+08:00,35.0,0.0,1.0,0.0,0.0,0.0,10.0,0.0,0.0,2.5,1.0,-0.0,0.0,0.0,1.5,52.952631578938295,95.0
11,w0_storm_compound,75,2026-01-04 03:00:00+08:00,35.0,0.0,1.0,0.0,0.0,0.0,10.0,0.0,0.0,2.5,1.0,-0.0,0.0,0.0,1.5,53.9026315789383,95.0
11,w0_storm_compound,76,2026-01-04 04:00:00+08:00,35.0,0.0,1.0,0.0,0.0,0.0,10.0,0.0,0.0,2.5,1.0,-0.0,0.0,0.0,1.5,54.8526315789383,95.0
11,w0_storm_compound,77,2026-01-04 05:00:00+08:00,35.0,0.0,1.0,0.0,0.0,0.0,10.0,0.0,0.0,2.5,1.0,-0.0,0.0,0.0,1.5,55.8026315789383,95.0
11,w0_storm_compound,78,2026-01-04 06:00:00+08:00,46.0,0.0,1.0,0.0,0.0,0.0,10.0,0.0,0.0,0.0,1.0,0.0,0.0,0.0,10.0,56.752631578938306,95.0
11,w0_storm_compound,79,2026-01-04 07:00:00+08:00,46.0,0.0,1.0,0.0,0.0,0.0,10.0,0.0,0.0,0.0,1.0,0.0,0.0,0.0,10.0,57.70263157893824,95.0
11,w0_storm_compound,80,2026-01-04 08:00:00+08:00,46.0,0.0,1.0,0.0,0.0,0.0,10.0,0.0,0.0,0.0,1.0,0.0,0.0,0.0,10.0,58.65263157893824,95.0
11,w0_storm_compound,81,2026-01-04 09:00:00+08:00,46.0,0.0,1.0,0.0,0.0,0.0,10.0,0.0,0.0,0.0,1.0,0.0,0.0,0.0,10.0,59.602631578938244,95.0
11,w0_storm_compound,82,2026-01-04 10:00:00+08:00,46.0,0.0,1.0,0.0,0.0,0.0,10.0,0.0,0.0,0.0,1.0,0.0,0.0,0.0,10.0,60.55263157893825,95.0
11,w0_storm_compound,83,2026-01-04 11:00:00+08:00,46.0,0.0,1.0,0.0,0.0,0.0,10.0,0.0,0.0,0.0,1.0,0.0,0.0,0.0,10.0,61.50263157893825,95.0
11,w0_storm_compound,84,2026-01-04 12:00:00+08:00,46.0,0.0,1.0,0.0,0.0,0.0,10.0,0.0,0.0,0.0,1.0,0.0,0.0,0.0,10.0,62.45263157893825,95.0
11,w0_storm_compound,85,2026-01-04 13:00:00+08:00,51.710069503427995,0.0,1.0,0.0,0.0,0.0,10.0,0.0,0.0,0.0,1.0,0.0,0.0,5.710069503427995,10.0,63.402631578938255,95.0
11,w0_storm_compound,86,2026-01-04 14:00:00+08:00,46.0,0.0,1.0,0.0,0.0,0.0,10.0,0.0,0.0,0.0,1.0,0.0,0.0,0.0,10.0,64.35263157893826,95.0
11,w0_storm_compound,87,2026-01-04 15:00:00+08:00,92.7894736842212,0.0,47.789473684221214,0.0,0.0,0.0,10.0,0.0,0.0,0.0,1.0,0.0,0.0,0.0,10.0,65.30263157893822,95.0
11,w0_storm_compound,88,2026-01-04 16:00:00+08:00,46.0,0.0,1.0,0.0,0.0,0.0,10.0,0.0,0.0,0.0,1.0,0.0,0.0,0.0,10.0,110.70263157894837,95.0
11,w0_storm_compound,89,2026-01-04 17:00:00+08:00,46.0,0.0,1.0,0.0,0.0,0.0,10.0,0.0,0.0,0.0,1.0,0.0,0.0,0.0,10.0,111.65263157894837,95.0
11,w0_storm_compound,90,2026-01-04 18:00:00+08:00,95.0,0.0,50.0,0.0,0.0,0.0,10.0,0.0,0.0,0.0,1.0,0.0,0.0,0.0,10.0,112.60263157894838,95.0
11,w0_storm_compound,91,2026-01-04 19:00:00+08:00,95.0,0.0,50.0,0.0,0.0,0.0,10.0,0.0,0.0,0.0,1.0,0.0,0.0,0.0,10.0,160.10263157894838,95.0
11,w0_storm_compound,92,2026-01-04 20:00:00+08:00,95.0,0.0,50.0,0.0,0.0,0.0,10.0,0.0,0.0,0.0,1.0,0.0,0.0,0.0,10.0,207.60263157894838,95.0
11,w0_storm_compound,93,2026-01-04 21:00:00+08:00,95.0,0.0,50.0,0.0,0.0,0.0,10.0,0.0,0.0,0.0,1.0,0.0,0.0,0.0,10.0,255.10263157894838,95.0
11,w0_storm_compound,94,2026-01-04 22:00:00+08:00,95.0,0.0,50.0,0.0,0.0,0.0,10.0,0.0,0.0,0.0,1.0,0.0,0.0,0.0,10.0,302.6026315789484,95.0
11,w0_storm_compound,95,2026-01-04 23:00:00+08:00,48.89882727297978,0.0,1.0,0.0,0.0,0.0,10.0,0.0,0.0,0.0,1.0,0.0,0.0,2.8988272729797813,10.0,350.1026315789484,95.0
12,w0_storm_pcs,24,2026-01-02 00:00:00+08:00,41.0,0.0,1.0,0.0,0.0,0.0,10.0,0.0,0.0,0.0,1.0,0.0,0.0,0.0,5.0,337.55,95.0
12,w0_storm_pcs,25,2026-01-02 01:00:00+08:00,41.0,0.0,1.0,0.0,0.0,0.0,10.0,0.0,0.0,0.0,1.0,0.0,0.0,0.0,5.0,338.5,95.0
12,w0_storm_pcs,26,2026-01-02 02:00:00+08:00,41.0,0.0,1.0,0.0,0.0,0.0,10.0,0.0,0.0,0.0,1.0,0.0,0.0,0.0,5.0,339.45,95.0
12,w0_storm_pcs,27,2026-01-02 03:00:00+08:00,41.0,0.0,1.0,0.0,0.0,0.0,10.0,0.0,0.0,0.0,1.0,0.0,0.0,0.0,5.0,340.4,95.0
12,w0_storm_pcs,28,2026-01-02 04:00:00+08:00,41.0,0.0,1.0,0.0,0.0,0.0,10.0,0.0,0.0,0.0,1.0,0.0,0.0,0.0,5.0,341.35,95.0
12,w0_storm_pcs,29,2026-01-02 05:00:00+08:00,41.0,0.0,1.0,0.0,0.0,0.0,10.0,0.0,0.0,0.0,1.0,0.0,0.0,0.0,5.0,342.3,95.0
12,w0_storm_pcs,30,2026-01-02 06:00:00+08:00,41.0,0.0,1.0,0.0,0.0,0.0,10.0,0.0,0.0,0.0,1.0,0.0,0.0,0.0,5.0,343.25,95.0
12,w0_storm_pcs,31,2026-01-02 07:00:00+08:00,41.0,0.0,1.0,0.0,0.0,0.0,10.0,0.0,0.0,0.0,1.0,0.0,0.0,0.0,5.0,344.2,95.0
12,w0_storm_pcs,32,2026-01-02 08:00:00+08:00,41.0,0.0,1.0,0.0,0.0,0.0,10.0,0.0,0.0,0.0,1.0,0.0,0.0,0.0,5.0,345.15,95.0
12,w0_storm_pcs,33,2026-01-02 09:00:00+08:00,41.0,0.0,1.0,0.0,0.0,0.0,10.0,0.0,0.0,0.0,1.0,0.0,0.0,0.0,5.0,346.1,95.0
12,w0_storm_pcs,34,2026-01-02 10:00:00+08:00,41.0,0.0,1.0,0.0,0.0,0.0,10.0,0.0,0.0,0.0,1.0,0.0,0.0,0.0,5.0,347.05,95.0
12,w0_storm_pcs,35,2026-01-02 11:00:00+08:00,41.0,0.0,1.0,0.0,0.0,0.0,10.0,0.0,0.0,0.0,1.0,0.0,0.0,0.0,5.0,348.0,95.0
12,w0_storm_pcs,36,2026-01-02 12:00:00+08:00,41.0,0.0,1.0,0.0,0.0,0.0,10.0,0.0,0.0,0.0,1.0,0.0,0.0,0.0,5.0,348.95,95.0
12,w0_storm_pcs,37,2026-01-02 13:00:00+08:00,41.0,0.0,1.0,0.0,0.0,0.0,10.0,0.0,0.0,0.0,1.0,0.0,0.0,0.0,5.0,349.9,95.0
12,w0_storm_pcs,38,2026-01-02 14:00:00+08:00,41.0,0.0,1.0,0.0,0.0,0.0,10.0,0.0,0.0,0.0,1.0,0.0,0.0,0.0,5.0,350.85,95.0
12,w0_storm_pcs,39,2026-01-02 15:00:00+08:00,41.0,0.0,1.0,0.0,0.0,0.0,10.0,0.0,0.0,0.0,1.0,0.0,0.0,0.0,5.0,351.8,95.0
12,w0_storm_pcs,40,2026-01-02 16:00:00+08:00,41.0,0.0,1.0,0.0,0.0,0.0,10.0,0.0,0.0,0.0,1.0,0.0,0.0,0.0,5.0,352.75,95.0
12,w0_storm_pcs,41,2026-01-02 17:00:00+08:00,41.0,0.0,1.0,0.0,0.0,0.0,10.0,0.0,0.0,0.0,1.0,0.0,0.0,0.0,5.0,353.7,95.0
12,w0_storm_pcs,42,2026-01-02 18:00:00+08:00,41.0,0.0,1.0,0.0,0.0,0.0,10.0,0.0,0.0,0.0,1.0,0.0,0.0,0.0,5.0,354.65,95.0
12,w0_storm_pcs,43,2026-01-02 19:00:00+08:00,90.0,0.0,50.0,0.0,0.0,0.0,10.0,0.0,0.0,0.0,1.0,0.0,0.0,0.0,5.0,355.6,95.0
12,w0_storm_pcs,44,2026-01-02 20:00:00+08:00,41.0,0.0,1.0,0.0,0.0,0.0,10.0,0.0,0.0,0.0,1.0,0.0,0.0,0.0,5.0,403.1,95.0
12,w0_storm_pcs,45,2026-01-02 21:00:00+08:00,90.0,0.0,50.0,0.0,0.0,0.0,10.0,0.0,0.0,0.0,1.0,0.0,0.0,0.0,5.0,404.05,95.0
12,w0_storm_pcs,46,2026-01-02 22:00:00+08:00,90.0,0.0,50.0,0.0,0.0,0.0,10.0,0.0,0.0,0.0,1.0,0.0,0.0,0.0,5.0,451.55,95.0
12,w0_storm_pcs,47,2026-01-02 23:00:00+08:00,53.0,0.0,1.0,0.0,0.0,0.0,10.0,0.0,0.0,0.0,1.0,0.0,0.0,12.0,5.0,499.05,95.0
12,w0_storm_pcs,48,2026-01-03 00:00:00+08:00,35.0,0.0,0.0,4.0,0.0,0.0,10.0,0.0,0.0,0.0,1.0,0.0,0.0,0.0,4.0,500.0,95.0
12,w0_storm_pcs,49,2026-01-03 01:00:00+08:00,35.0,0.0,0.0,5.0,0.0,0.0,10.0,0.0,0.0,0.0,1.0,0.0,0.0,0.0,5.0,495.78947368421046,95.0
12,w0_storm_pcs,50,2026-01-03 02:00:00+08:00,35.0,0.0,0.0,1.836383045965154,0.0,0.0,10.0,0.0,0.0,0.0,1.0,0.0,0.0,0.0,1.836383045965154,490.52631578947364,95.0
12,w0_storm_pcs,51,2026-01-03 03:00:00+08:00,35.0,0.0,0.0,3.5,0.0,0.0,10.0,0.0,0.0,0.0,1.0,0.0,0.0,0.0,3.5,488.59328100424716,95.0
12,w0_storm_pcs,52,2026-01-03 04:00:00+08:00,35.0,0.0,0.0,5.0,0.0,0.0,10.0,0.0,0.0,0.0,1.0,0.0,0.0,0.0,5.0,484.9090704779314,95.0
12,w0_storm_pcs,53,2026-01-03 05:00:00+08:00,35.0,0.0,0.0,2.5,0.0,0.0,10.0,0.0,0.0,0.0,1.0,0.0,0.0,0.0,2.5,479.64591258319456,95.0
12,w0_storm_pcs,54,2026-01-03 06:00:00+08:00,35.0,0.0,0.0,1.0,0.0,0.0,10.0,0.0,0.0,0.0,1.0,0.0,0.0,0.0,1.0,477.0143336358259,95.0
12,w0_storm_pcs,55,2026-01-03 07:00:00+08:00,35.0,0.0,0.0,1.0,0.0,0.0,10.0,0.0,0.0,0.0,1.0,0.0,0.0,0.0,1.0,475.9617020568786,95.0
12,w0_storm_pcs,56,2026-01-03 08:00:00+08:00,35.0,0.0,0.0,1.0,0.0,0.0,10.0,0.0,0.0,0.0,1.0,0.0,0.0,0.0,1.0,474.9090704779313,95.0
12,w0_storm_pcs,57,2026-01-03 09:00:00+08:00,35.0,0.0,0.0,1.0,0.0,0.0,10.0,0.0,0.0,0.0,1.0,0.0,0.0,0.0,1.0,473.85643889898404,95.0
12,w0_storm_pcs,58,2026-01-03 10:00:00+08:00,35.0,0.0,0.0,1.0,0.0,0.0,10.0,0.0,0.0,0.0,1.0,0.0,0.0,0.8363830459651538,0.16361695403477494,472.80380732003675,95.0
12,w0_storm_pcs,59,2026-01-03 11:00:00+08:00,35.0,0.0,0.0,12.0,0.0,0.0,10.0,0.0,0.0,0.0,1.0,0.0,0.0,12.0,0.0,471.75117574108947,95.0
12,w0_storm_pcs,60,2026-01-03 12:00:00+08:00,35.0,0.0,0.0,0.0,0.0,0.0,10.0,0.0,0.0,2.5,1.0,0.0,1.0,0.0,3.5,459.1195967937209,95.0
12,w0_storm_pcs,61,2026-01-03 13:00:00+08:00,35.0,0.0,0.0,0.0,0.0,0.0,10.0,0.0,0.0,0.0,1.0,0.0,1.0,0.0,1.0,459.1195967937209,95.0
12,w0_storm_pcs,62,2026-01-03 14:00:00+08:00,35.0,0.0,0.0,0.0,0.0,0.0,10.0,0.0,0.0,0.0,1.0,0.0,1.0,0.0,1.0,459.1195967937209,95.0
12,w0_storm_pcs,63,2026-01-03 15:00:00+08:00,35.0,0.0,0.0,0.0,0.0,0.0,10.0,0.0,0.0,0.0,1.0,0.0,1.0,0.0,1.0,459.1195967937209,95.0
12,w0_storm_pcs,64,2026-01-03 16:00:00+08:00,35.0,0.0,0.0,8.5,0.0,0.0,10.0,0.0,0.0,0.0,1.0,-0.0,0.0,0.0,8.5,459.1195967937209,95.0
12,w0_storm_pcs,65,2026-01-03 17:00:00+08:00,35.0,0.0,0.0,5.0,0.0,0.0,10.0,0.0,0.0,0.0,1.0,-0.0,0.0,0.0,5.0,450.1722283726682,95.0
12,w0_storm_pcs,66,2026-01-03 18:00:00+08:00,35.0,0.0,0.0,5.0,0.0,0.0,10.0,0.0,0.0,0.0,1.0,-0.0,0.0,0.0,5.0,444.9090704779314,95.0
12,w0_storm_pcs,67,2026-01-03 19:00:00+08:00,35.0,0.0,0.0,5.0,0.0,0.0,10.0,0.0,0.0,0.0,1.0,-0.0,0.0,0.0,5.0,439.64591258319456,95.0
12,w0_storm_pcs,68,2026-01-03 20:00:00+08:00,35.0,0.0,0.0,5.0,0.0,0.0,10.0,0.0,0.0,0.0,1.0,-0.0,0.0,0.0,5.0,434.38275468845774,95.0
12,w0_storm_pcs,69,2026-01-03 21:00:00+08:00,35.0,0.0,0.0,10.0,0.0,0.0,10.0,0.0,0.0,0.0,1.0,-0.0,0.0,0.0,10.0,429.1195967937209,95.0
12,w0_storm_pcs,70,2026-01-03 22:00:00+08:00,35.0,0.0,0.0,5.0,0.0,0.0,10.0,0.0,0.0,0.0,1.0,-0.0,0.0,0.0,5.0,418.5932810042472,95.0
12,w0_storm_pcs,71,2026-01-03 23:00:00+08:00,35.0,0.0,0.0,5.0,0.0,0.0,10.0,0.0,0.0,0.0,1.0,-0.0,0.0,0.0,5.0,413.3301231095104,95.0
12,w0_storm_pcs,72,2026-01-04 00:00:00+08:00,35.0,0.0,0.0,5.0,0.0,0.0,10.0,0.0,0.0,0.0,1.0,-0.0,0.0,0.0,5.0,408.0669652147736,95.0
12,w0_storm_pcs,73,2026-01-04 01:00:00+08:00,34.0,0.0,0.0,1.0,0.0,0.0,10.0,0.0,0.0,0.0,1.0,-0.0,0.0,0.0,0.0,402.80380732003675,95.0
12,w0_storm_pcs,74,2026-01-04 02:00:00+08:00,35.0,0.0,0.0,1.5,0.0,0.0,10.0,0.0,0.0,0.0,1.0,-0.0,0.0,0.0,1.5,401.75117574108947,95.0
12,w0_storm_pcs,75,2026-01-04 03:00:00+08:00,34.0,0.0,0.0,1.0,0.0,0.0,10.0,0.0,0.0,0.0,1.0,-0.0,0.0,0.0,0.0,400.1722283726684,95.0
12,w0_storm_pcs,76,2026-01-04 04:00:00+08:00,35.0,0.0,0.0,2.5,0.0,0.0,10.0,0.0,0.0,0.0,1.0,-0.0,0.0,0.0,2.5,399.11959679372114,95.0
12,w0_storm_pcs,77,2026-01-04 05:00:00+08:00,35.0,0.0,0.0,7.0,0.0,0.0,10.0,0.0,0.0,0.0,1.0,-0.0,0.0,0.0,7.0,396.48801784635293,95.0
12,w0_storm_pcs,78,2026-01-04 06:00:00+08:00,44.0,0.0,0.0,1.0,0.0,0.0,10.0,0.0,0.0,0.0,1.0,0.0,0.0,0.0,10.0,389.11959679372114,95.0
12,w0_storm_pcs,79,2026-01-04 07:00:00+08:00,39.0,0.0,0.0,1.0,0.0,0.0,10.0,0.0,0.0,0.0,1.0,0.0,0.0,0.0,5.0,388.0669652147738,95.0
12,w0_storm_pcs,80,2026-01-04 08:00:00+08:00,39.0,0.0,0.0,1.0,0.0,0.0,10.0,0.0,0.0,0.0,1.0,0.0,0.0,0.0,5.0,387.01433363582646,95.0
12,w0_storm_pcs,81,2026-01-04 09:00:00+08:00,44.0,0.0,0.0,1.0,0.0,0.0,10.0,0.0,0.0,0.0,1.0,0.0,0.0,0.0,10.0,385.9617020568791,95.0
12,w0_storm_pcs,82,2026-01-04 10:00:00+08:00,44.0,0.0,0.0,1.0,0.0,0.0,10.0,0.0,0.0,0.0,1.0,0.0,0.0,0.0,10.0,384.9090704779318,95.0
12,w0_storm_pcs,83,2026-01-04 11:00:00+08:00,44.0,0.0,0.0,1.0,0.0,0.0,10.0,0.0,0.0,0.0,1.0,0.0,0.0,0.0,10.0,383.85643889898444,95.0
12,w0_storm_pcs,84,2026-01-04 12:00:00+08:00,44.0,0.0,0.0,1.0,0.0,0.0,10.0,0.0,0.0,0.0,1.0,0.0,0.0,0.0,10.0,382.8038073200371,95.0
12,w0_storm_pcs,85,2026-01-04 13:00:00+08:00,39.0,0.0,0.0,1.0,0.0,0.0,10.0,0.0,0.0,0.0,1.0,0.0,0.0,0.0,5.0,381.75117574108975,95.0
12,w0_storm_pcs,86,2026-01-04 14:00:00+08:00,42.0,0.0,0.0,1.0,0.0,0.0,10.0,0.0,0.0,0.0,1.0,0.0,0.0,0.0,8.0,380.6985441621424,95.0
12,w0_storm_pcs,87,2026-01-04 15:00:00+08:00,39.0,0.0,0.0,1.0,0.0,0.0,10.0,0.0,0.0,0.0,1.0,0.0,0.0,0.0,5.0,379.64591258319507,95.0
12,w0_storm_pcs,88,2026-01-04 16:00:00+08:00,39.0,0.0,0.0,1.0,0.0,0.0,10.0,0.0,0.0,0.0,1.0,0.0,0.0,0.0,5.0,378.59328100424773,95.0
12,w0_storm_pcs,89,2026-01-04 17:00:00+08:00,39.0,0.0,0.0,1.0,0.0,0.0,10.0,0.0,0.0,0.0,1.0,0.0,0.0,0.0,5.0,377.5406494253004,95.0
12,w0_storm_pcs,90,2026-01-04 18:00:00+08:00,39.0,0.0,0.0,1.0,0.0,0.0,10.0,0.0,0.0,0.0,1.0,0.0,0.0,0.0,5.0,376.48801784635305,95.0
12,w0_storm_pcs,91,2026-01-04 19:00:00+08:00,39.0,0.0,0.0,1.0,0.0,0.0,10.0,0.0,0.0,0.0,1.0,0.0,0.0,0.0,5.0,375.4353862674057,95.0
12,w0_storm_pcs,92,2026-01-04 20:00:00+08:00,39.0,0.0,0.0,1.0,0.0,0.0,10.0,0.0,0.0,0.0,1.0,0.0,0.0,0.0,5.0,374.38275468845836,95.0
12,w0_storm_pcs,93,2026-01-04 21:00:00+08:00,39.0,0.0,0.0,1.0,0.0,0.0,10.0,0.0,0.0,0.0,1.0,0.0,0.0,0.0,5.0,373.330123109511,95.0
12,w0_storm_pcs,94,2026-01-04 22:00:00+08:00,39.0,0.0,0.0,1.0,0.0,0.0,10.0,0.0,0.0,0.0,1.0,0.0,0.0,0.0,5.0,372.2774915305637,95.0
12,w0_storm_pcs,95,2026-01-04 23:00:00+08:00,25.835827496916334,0.0,0.0,19.163616954034577,0.0,0.0,10.0,0.0,0.0,0.0,1.0,0.0,0.0,4.99944445095091,5.0,371.22485995161634,95.0
13,w0_storm_ups,24,2026-01-02 00:00:00+08:00,41.0,0.0,1.0,0.0,0.0,0.0,10.0,0.0,0.0,0.0,1.0,0.0,0.0,0.0,5.0,337.55,95.0
13,w0_storm_ups,25,2026-01-02 01:00:00+08:00,41.0,0.0,1.0,0.0,0.0,0.0,10.0,0.0,0.0,0.0,1.0,0.0,0.0,0.0,5.0,338.5,95.0
13,w0_storm_ups,26,2026-01-02 02:00:00+08:00,41.0,0.0,1.0,0.0,0.0,0.0,10.0,0.0,0.0,0.0,1.0,0.0,0.0,0.0,5.0,339.45,95.0
13,w0_storm_ups,27,2026-01-02 03:00:00+08:00,41.0,0.0,1.0,0.0,0.0,0.0,10.0,0.0,0.0,0.0,1.0,0.0,0.0,0.0,5.0,340.4,95.0
13,w0_storm_ups,28,2026-01-02 04:00:00+08:00,41.0,0.0,1.0,0.0,0.0,0.0,10.0,0.0,0.0,0.0,1.0,0.0,0.0,0.0,5.0,341.35,95.0
13,w0_storm_ups,29,2026-01-02 05:00:00+08:00,41.0,0.0,1.0,0.0,0.0,0.0,10.0,0.0,0.0,0.0,1.0,0.0,0.0,0.0,5.0,342.3,95.0
13,w0_storm_ups,30,2026-01-02 06:00:00+08:00,41.0,0.0,1.0,0.0,0.0,0.0,10.0,0.0,0.0,0.0,1.0,0.0,0.0,0.0,5.0,343.25,95.0
13,w0_storm_ups,31,2026-01-02 07:00:00+08:00,41.0,0.0,1.0,0.0,0.0,0.0,10.0,0.0,0.0,0.0,1.0,0.0,0.0,0.0,5.0,344.2,95.0
13,w0_storm_ups,32,2026-01-02 08:00:00+08:00,41.0,0.0,1.0,0.0,0.0,0.0,10.0,0.0,0.0,0.0,1.0,0.0,0.0,0.0,5.0,345.15,95.0
13,w0_storm_ups,33,2026-01-02 09:00:00+08:00,41.0,0.0,1.0,0.0,0.0,0.0,10.0,0.0,0.0,0.0,1.0,0.0,0.0,0.0,5.0,346.1,95.0
13,w0_storm_ups,34,2026-01-02 10:00:00+08:00,41.0,0.0,1.0,0.0,0.0,0.0,10.0,0.0,0.0,0.0,1.0,0.0,0.0,0.0,5.0,347.05,95.0
13,w0_storm_ups,35,2026-01-02 11:00:00+08:00,41.0,0.0,1.0,0.0,0.0,0.0,10.0,0.0,0.0,0.0,1.0,0.0,0.0,0.0,5.0,348.0,95.0
13,w0_storm_ups,36,2026-01-02 12:00:00+08:00,41.0,0.0,1.0,0.0,0.0,0.0,10.0,0.0,0.0,0.0,1.0,0.0,0.0,0.0,5.0,348.95,95.0
13,w0_storm_ups,37,2026-01-02 13:00:00+08:00,41.0,0.0,1.0,0.0,0.0,0.0,10.0,0.0,0.0,0.0,1.0,0.0,0.0,0.0,5.0,349.9,95.0
13,w0_storm_ups,38,2026-01-02 14:00:00+08:00,41.0,0.0,1.0,0.0,0.0,0.0,10.0,0.0,0.0,0.0,1.0,0.0,0.0,0.0,5.0,350.85,95.0
13,w0_storm_ups,39,2026-01-02 15:00:00+08:00,41.0,0.0,1.0,0.0,0.0,0.0,10.0,0.0,0.0,0.0,1.0,0.0,0.0,0.0,5.0,351.8,95.0
13,w0_storm_ups,40,2026-01-02 16:00:00+08:00,41.0,0.0,1.0,0.0,0.0,0.0,10.0,0.0,0.0,0.0,1.0,0.0,0.0,0.0,5.0,352.75,95.0
13,w0_storm_ups,41,2026-01-02 17:00:00+08:00,41.0,0.0,1.0,0.0,0.0,0.0,10.0,0.0,0.0,0.0,1.0,0.0,0.0,0.0,5.0,353.7,95.0
13,w0_storm_ups,42,2026-01-02 18:00:00+08:00,41.0,0.0,1.0,0.0,0.0,0.0,10.0,0.0,0.0,0.0,1.0,0.0,0.0,0.0,5.0,354.65,95.0
13,w0_storm_ups,43,2026-01-02 19:00:00+08:00,90.0,0.0,50.0,0.0,0.0,0.0,10.0,0.0,0.0,0.0,1.0,0.0,0.0,0.0,5.0,355.6,95.0
13,w0_storm_ups,44,2026-01-02 20:00:00+08:00,41.0,0.0,1.0,0.0,0.0,0.0,10.0,0.0,0.0,0.0,1.0,0.0,0.0,0.0,5.0,403.1,95.0
13,w0_storm_ups,45,2026-01-02 21:00:00+08:00,90.0,0.0,50.0,0.0,0.0,0.0,10.0,0.0,0.0,0.0,1.0,0.0,0.0,0.0,5.0,404.05,95.0
13,w0_storm_ups,46,2026-01-02 22:00:00+08:00,90.0,0.0,50.0,0.0,0.0,0.0,10.0,0.0,0.0,0.0,1.0,0.0,0.0,0.0,5.0,451.55,95.0
13,w0_storm_ups,47,2026-01-02 23:00:00+08:00,53.0,0.0,1.0,0.0,0.0,0.0,10.0,0.0,0.0,0.0,1.0,0.0,0.0,12.0,5.0,499.05,95.0
13,w0_storm_ups,48,2026-01-03 00:00:00+08:00,35.0,0.0,0.0,4.0,0.0,0.0,10.0,0.0,0.0,0.0,1.0,0.0,0.0,0.0,4.0,500.0,95.0
13,w0_storm_ups,49,2026-01-03 01:00:00+08:00,35.0,0.0,0.0,5.0,0.0,0.0,10.0,0.0,0.0,0.0,1.0,0.0,0.0,0.0,5.0,495.78947368421046,95.0
13,w0_storm_ups,50,2026-01-03 02:00:00+08:00,35.0,0.0,0.0,1.836383045965154,0.0,0.0,10.0,0.0,0.0,0.0,1.0,0.0,0.0,0.0,1.836383045965154,490.52631578947364,95.0
13,w0_storm_ups,51,2026-01-03 03:00:00+08:00,35.0,0.0,0.0,3.5,0.0,0.0,10.0,0.0,0.0,0.0,1.0,0.0,0.0,0.0,3.5,488.59328100424716,95.0
13,w0_storm_ups,52,2026-01-03 04:00:00+08:00,35.0,0.0,0.0,5.0,0.0,0.0,10.0,0.0,0.0,0.0,1.0,0.0,0.0,0.0,5.0,484.9090704779314,95.0
13,w0_storm_ups,53,2026-01-03 05:00:00+08:00,35.0,0.0,0.0,2.5,0.0,0.0,10.0,0.0,0.0,0.0,1.0,0.0,0.0,0.0,2.5,479.64591258319456,95.0
13,w0_storm_ups,54,2026-01-03 06:00:00+08:00,35.0,0.0,0.0,1.0,0.0,0.0,10.0,0.0,0.0,0.0,1.0,0.0,0.0,0.0,1.0,477.0143336358259,95.0
13,w0_storm_ups,55,2026-01-03 07:00:00+08:00,35.0,0.0,0.0,1.0,0.0,0.0,10.0,0.0,0.0,0.0,1.0,0.0,0.0,0.0,1.0,475.9617020568786,95.0
13,w0_storm_ups,56,2026-01-03 08:00:00+08:00,35.0,0.0,0.0,1.0,0.0,0.0,10.0,0.0,0.0,0.0,1.0,0.0,0.0,0.0,1.0,474.9090704779313,95.0
13,w0_storm_ups,57,2026-01-03 09:00:00+08:00,35.0,0.0,0.0,1.0,0.0,0.0,10.0,0.0,0.0,0.0,1.0,0.0,0.0,0.0,1.0,473.85643889898404,95.0
13,w0_storm_ups,58,2026-01-03 10:00:00+08:00,35.0,0.0,0.0,1.0,0.0,0.0,10.0,0.0,0.0,0.0,1.0,0.0,0.0,0.8363830459651538,0.16361695403477494,472.80380732003675,95.0
13,w0_storm_ups,59,2026-01-03 11:00:00+08:00,35.0,0.0,0.0,12.0,0.0,0.0,10.0,0.0,0.0,0.0,1.0,0.0,0.0,12.0,0.0,471.75117574108947,95.0
13,w0_storm_ups,60,2026-01-03 12:00:00+08:00,35.0,0.0,0.0,10.0,0.0,0.0,10.0,0.0,0.0,0.0,1.0,0.0,0.0,0.0,10.0,459.1195967937209,95.0
13,w0_storm_ups,61,2026-01-03 13:00:00+08:00,35.0,0.0,0.0,10.0,0.0,0.0,10.0,0.0,0.0,0.0,1.0,0.0,0.0,0.0,10.0,448.5932810042472,95.0
13,w0_storm_ups,62,2026-01-03 14:00:00+08:00,35.0,0.0,0.0,10.0,0.0,0.0,10.0,0.0,0.0,0.0,1.0,0.0,0.0,0.0,10.0,438.0669652147735,95.0
13,w0_storm_ups,63,2026-01-03 15:00:00+08:00,31.421383045965406,0.0,0.0,8.578616954034596,0.0,0.0,10.0,0.0,0.0,0.0,1.0,0.0,0.0,0.0,5.0,427.5406494252998,95.0
13,w0_storm_ups,64,2026-01-03 16:00:00+08:00,35.0,0.0,0.0,5.0,0.0,0.0,10.0,0.0,0.0,0.0,1.0,-0.0,0.0,0.0,5.0,418.5105263157897,95.0
13,w0_storm_ups,65,2026-01-03 17:00:00+08:00,35.0,0.0,0.0,8.0,0.0,0.0,10.0,0.0,0.0,0.0,1.0,-0.0,0.0,0.0,8.0,413.2473684210529,95.0
13,w0_storm_ups,66,2026-01-03 18:00:00+08:00,35.0,0.0,0.0,5.0,0.0,0.0,10.0,0.0,0.0,0.0,1.0,-0.0,0.0,0.0,5.0,404.8263157894739,95.0
13,w0_storm_ups,67,2026-01-03 19:00:00+08:00,35.0,0.0,0.0,5.0,0.0,0.0,10.0,0.0,0.0,0.0,1.0,-0.0,0.0,0.0,5.0,399.56315789473706,95.0
13,w0_storm_ups,68,2026-01-03 20:00:00+08:00,35.0,0.0,0.0,7.5,0.0,0.0,10.0,0.0,0.0,0.0,1.0,-0.0,0.0,0.0,7.5,394.3,95.0
13,w0_storm_ups,69,2026-01-03 21:00:00+08:00,35.0,0.0,0.0,5.0,0.0,0.0,10.0,0.0,0.0,0.0,1.0,-0.0,0.0,0.0,5.0,386.4052631578952,95.0
13,w0_storm_ups,70,2026-01-03 22:00:00+08:00,35.0,0.0,0.0,5.0,0.0,0.0,10.0,0.0,0.0,0.0,1.0,-0.0,0.0,0.0,5.0,381.1421052631584,95.0
13,w0_storm_ups,71,2026-01-03 23:00:00+08:00,35.0,0.0,0.0,7.0,0.0,0.0,10.0,0.0,0.0,0.0,1.0,-0.0,0.0,0.0,7.0,375.87894736842156,95.0
13,w0_storm_ups,72,2026-01-04 00:00:00+08:00,35.0,0.0,0.0,5.0,0.0,0.0,10.0,0.0,0.0,0.0,1.0,-0.0,0.0,0.0,5.0,368.5105263157898,95.0
13,w0_storm_ups,73,2026-01-04 01:00:00+08:00,34.0,0.0,0.0,1.0,0.0,0.0,10.0,0.0,0.0,0.0,1.0,-0.0,0.0,0.0,0.0,363.24736842105295,95.0
13,w0_storm_ups,74,2026-01-04 02:00:00+08:00,34.0,0.0,0.0,1.0,0.0,0.0,10.0,0.0,0.0,0.0,1.0,-0.0,0.0,0.0,0.0,362.19473684210567,95.0
13,w0_storm_ups,75,2026-01-04 03:00:00+08:00,34.0,0.0,0.0,1.0,0.0,0.0,10.0,0.0,0.0,0.0,1.0,-0.0,0.0,0.0,0.0,361.1421052631584,95.0
13,w0_storm_ups,76,2026-01-04 04:00:00+08:00,34.0,0.0,0.0,1.0,0.0,0.0,10.0,0.0,0.0,0.0,1.0,-0.0,0.0,0.0,0.0,360.0894736842111,95.0
13,w0_storm_ups,77,2026-01-04 05:00:00+08:00,34.0,0.0,0.0,1.0,0.0,0.0,10.0,0.0,0.0,0.0,1.0,-0.0,0.0,0.0,0.0,359.0368421052638,95.0
13,w0_storm_ups,78,2026-01-04 06:00:00+08:00,44.0,0.0,0.0,1.0,0.0,0.0,10.0,0.0,0.0,0.0,1.0,0.0,0.0,0.0,10.0,357.98421052631653,95.0
13,w0_storm_ups,79,2026-01-04 07:00:00+08:00,39.0,0.0,0.0,1.0,0.0,0.0,10.0,0.0,0.0,0.0,1.0,0.0,0.0,0.0,5.0,356.9315789473692,95.0
13,w0_storm_ups,80,2026-01-04 08:00:00+08:00,44.0,0.0,0.0,1.0,0.0,0.0,10.0,0.0,0.0,0.0,1.0,0.0,0.0,0.0,10.0,355.87894736842185,95.0
13,w0_storm_ups,81,2026-01-04 09:00:00+08:00,40.5,0.0,0.0,1.0,0.0,0.0,10.0,0.0,0.0,0.0,1.0,0.0,0.0,0.0,6.5,354.8263157894745,95.0
13,w0_storm_ups,82,2026-01-04 10:00:00+08:00,39.0,0.0,0.0,1.0,0.0,0.0,10.0,0.0,0.0,0.0,1.0,0.0,0.0,0.0,5.0,353.77368421052716,95.0
13,w0_storm_ups,83,2026-01-04 11:00:00+08:00,39.0,0.0,0.0,1.0,0.0,0.0,10.0,0.0,0.0,0.0,1.0,0.0,0.0,0.0,5.0,352.7210526315798,95.0
13,w0_storm_ups,84,2026-01-04 12:00:00+08:00,39.0,0.0,0.0,1.0,0.0,0.0,10.0,0.0,0.0,0.0,1.0,0.0,0.0,0.0,5.0,351.6684210526325,95.0
13,w0_storm_ups,85,2026-01-04 13:00:00+08:00,46.71006950342772,0.0,1.0,0.0,0.0,0.0,10.0,0.0,0.0,0.0,1.0,0.0,0.0,5.71006950342772,5.0,350.61578947368514,95.0
13,w0_storm_ups,86,2026-01-04 14:00:00+08:00,41.0,0.0,1.0,0.0,0.0,0.0,10.0,0.0,0.0,0.0,1.0,0.0,0.0,0.0,5.0,351.56578947368513,95.0
13,w0_storm_ups,87,2026-01-04 15:00:00+08:00,41.0,0.0,1.0,0.0,0.0,0.0,10.0,0.0,0.0,0.0,1.0,0.0,0.0,0.0,5.0,352.5157894736851,95.0
13,w0_storm_ups,88,2026-01-04 16:00:00+08:00,39.0,0.0,0.0,1.0,0.0,0.0,10.0,0.0,0.0,0.0,1.0,0.0,0.0,0.0,5.0,353.4657894736851,95.0
13,w0_storm_ups,89,2026-01-04 17:00:00+08:00,39.0,0.0,0.0,1.0,0.0,0.0,10.0,0.0,0.0,0.0,1.0,0.0,0.0,0.0,5.0,352.41315789473776,95.0
13,w0_storm_ups,90,2026-01-04 18:00:00+08:00,39.0,0.0,0.0,1.0,0.0,0.0,10.0,0.0,0.0,0.0,1.0,0.0,0.0,0.0,5.0,351.3605263157904,95.0
13,w0_storm_ups,91,2026-01-04 19:00:00+08:00,39.0,0.0,0.0,1.0,0.0,0.0,10.0,0.0,0.0,0.0,1.0,0.0,0.0,0.0,5.0,350.3078947368431,95.0
13,w0_storm_ups,92,2026-01-04 20:00:00+08:00,41.0,0.0,1.0,0.0,0.0,0.0,10.0,0.0,0.0,0.0,1.0,0.0,0.0,0.0,5.0,349.25526315789574,95.0
13,w0_storm_ups,93,2026-01-04 21:00:00+08:00,39.0,0.0,0.0,1.0,0.0,0.0,10.0,0.0,0.0,0.0,1.0,0.0,0.0,0.0,5.0,350.20526315789573,95.0
13,w0_storm_ups,94,2026-01-04 22:00:00+08:00,41.0,0.0,1.0,0.0,0.0,0.0,10.0,0.0,0.0,0.0,1.0,0.0,0.0,0.0,5.0,349.1526315789484,95.0
13,w0_storm_ups,95,2026-01-04 23:00:00+08:00,43.89882727297978,0.0,1.0,0.0,0.0,0.0,10.0,0.0,0.0,0.0,1.0,0.0,0.0,2.8988272729797804,5.0,350.1026315789484,95.0
14,w0_storm_diesel_run,24,2026-01-02 00:00:00+08:00,41.0,0.0,1.0,0.0,0.0,0.0,10.0,0.0,0.0,0.0,1.0,0.0,0.0,0.0,5.0,337.55,95.0
14,w0_storm_diesel_run,25,2026-01-02 01:00:00+08:00,41.0,0.0,1.0,0.0,0.0,0.0,10.0,0.0,0.0,0.0,1.0,0.0,0.0,0.0,5.0,338.5,95.0
14,w0_storm_diesel_run,26,2026-01-02 02:00:00+08:00,41.0,0.0,1.0,0.0,0.0,0.0,10.0,0.0,0.0,0.0,1.0,0.0,0.0,0.0,5.0,339.45,95.0
14,w0_storm_diesel_run,27,2026-01-02 03:00:00+08:00,41.0,0.0,1.0,0.0,0.0,0.0,10.0,0.0,0.0,0.0,1.0,0.0,0.0,0.0,5.0,340.4,95.0
14,w0_storm_diesel_run,28,2026-01-02 04:00:00+08:00,41.0,0.0,1.0,0.0,0.0,0.0,10.0,0.0,0.0,0.0,1.0,0.0,0.0,0.0,5.0,341.35,95.0
14,w0_storm_diesel_run,29,2026-01-02 05:00:00+08:00,41.0,0.0,1.0,0.0,0.0,0.0,10.0,0.0,0.0,0.0,1.0,0.0,0.0,0.0,5.0,342.3,95.0
14,w0_storm_diesel_run,30,2026-01-02 06:00:00+08:00,41.0,0.0,1.0,0.0,0.0,0.0,10.0,0.0,0.0,0.0,1.0,0.0,0.0,0.0,5.0,343.25,95.0
14,w0_storm_diesel_run,31,2026-01-02 07:00:00+08:00,41.0,0.0,1.0,0.0,0.0,0.0,10.0,0.0,0.0,0.0,1.0,0.0,0.0,0.0,5.0,344.2,95.0
14,w0_storm_diesel_run,32,2026-01-02 08:00:00+08:00,41.0,0.0,1.0,0.0,0.0,0.0,10.0,0.0,0.0,0.0,1.0,0.0,0.0,0.0,5.0,345.15,95.0
14,w0_storm_diesel_run,33,2026-01-02 09:00:00+08:00,41.0,0.0,1.0,0.0,0.0,0.0,10.0,0.0,0.0,0.0,1.0,0.0,0.0,0.0,5.0,346.1,95.0
14,w0_storm_diesel_run,34,2026-01-02 10:00:00+08:00,41.0,0.0,1.0,0.0,0.0,0.0,10.0,0.0,0.0,0.0,1.0,0.0,0.0,0.0,5.0,347.05,95.0
14,w0_storm_diesel_run,35,2026-01-02 11:00:00+08:00,41.0,0.0,1.0,0.0,0.0,0.0,10.0,0.0,0.0,0.0,1.0,0.0,0.0,0.0,5.0,348.0,95.0
14,w0_storm_diesel_run,36,2026-01-02 12:00:00+08:00,41.0,0.0,1.0,0.0,0.0,0.0,10.0,0.0,0.0,0.0,1.0,0.0,0.0,0.0,5.0,348.95,95.0
14,w0_storm_diesel_run,37,2026-01-02 13:00:00+08:00,41.0,0.0,1.0,0.0,0.0,0.0,10.0,0.0,0.0,0.0,1.0,0.0,0.0,0.0,5.0,349.9,95.0
14,w0_storm_diesel_run,38,2026-01-02 14:00:00+08:00,41.0,0.0,1.0,0.0,0.0,0.0,10.0,0.0,0.0,0.0,1.0,0.0,0.0,0.0,5.0,350.85,95.0
14,w0_storm_diesel_run,39,2026-01-02 15:00:00+08:00,41.0,0.0,1.0,0.0,0.0,0.0,10.0,0.0,0.0,0.0,1.0,0.0,0.0,0.0,5.0,351.8,95.0
14,w0_storm_diesel_run,40,2026-01-02 16:00:00+08:00,41.0,0.0,1.0,0.0,0.0,0.0,10.0,0.0,0.0,0.0,1.0,0.0,0.0,0.0,5.0,352.75,95.0
14,w0_storm_diesel_run,41,2026-01-02 17:00:00+08:00,41.0,0.0,1.0,0.0,0.0,0.0,10.0,0.0,0.0,0.0,1.0,0.0,0.0,0.0,5.0,353.7,95.0
14,w0_storm_diesel_run,42,2026-01-02 18:00:00+08:00,41.0,0.0,1.0,0.0,0.0,0.0,10.0,0.0,0.0,0.0,1.0,0.0,0.0,0.0,5.0,354.65,95.0
14,w0_storm_diesel_run,43,2026-01-02 19:00:00+08:00,90.0,0.0,50.0,0.0,0.0,0.0,10.0,0.0,0.0,0.0,1.0,0.0,0.0,0.0,5.0,355.6,95.0
14,w0_storm_diesel_run,44,2026-01-02 20:00:00+08:00,41.0,0.0,1.0,0.0,0.0,0.0,10.0,0.0,0.0,0.0,1.0,0.0,0.0,0.0,5.0,403.1,95.0
14,w0_storm_diesel_run,45,2026-01-02 21:00:00+08:00,90.0,0.0,50.0,0.0,0.0,0.0,10.0,0.0,0.0,0.0,1.0,0.0,0.0,0.0,5.0,404.05,95.0
14,w0_storm_diesel_run,46,2026-01-02 22:00:00+08:00,90.0,0.0,50.0,0.0,0.0,0.0,10.0,0.0,0.0,0.0,1.0,0.0,0.0,0.0,5.0,451.55,95.0
14,w0_storm_diesel_run,47,2026-01-02 23:00:00+08:00,53.0,0.0,1.0,0.0,0.0,0.0,10.0,0.0,0.0,0.0,1.0,0.0,0.0,12.0,5.0,499.05,95.0
14,w0_storm_diesel_run,48,2026-01-03 00:00:00+08:00,35.0,0.0,0.0,4.0,0.0,0.0,10.0,0.0,0.0,0.0,1.0,0.0,0.0,0.0,4.0,500.0,95.0
14,w0_storm_diesel_run,49,2026-01-03 01:00:00+08:00,35.0,0.0,0.0,5.0,0.0,0.0,10.0,0.0,0.0,0.0,1.0,0.0,0.0,0.0,5.0,495.78947368421046,95.0
14,w0_storm_diesel_run,50,2026-01-03 02:00:00+08:00,35.0,0.0,0.0,1.836383045965154,0.0,0.0,10.0,0.0,0.0,0.0,1.0,0.0,0.0,0.0,1.836383045965154,490.52631578947364,95.0
14,w0_storm_diesel_run,51,2026-01-03 03:00:00+08:00,35.0,0.0,0.0,3.5,0.0,0.0,10.0,0.0,0.0,0.0,1.0,0.0,0.0,0.0,3.5,488.59328100424716,95.0
14,w0_storm_diesel_run,52,2026-01-03 04:00:00+08:00,35.0,0.0,0.0,5.0,0.0,0.0,10.0,0.0,0.0,0.0,1.0,0.0,0.0,0.0,5.0,484.9090704779314,95.0
14,w0_storm_diesel_run,53,2026-01-03 05:00:00+08:00,35.0,0.0,0.0,2.5,0.0,0.0,10.0,0.0,0.0,0.0,1.0,0.0,0.0,0.0,2.5,479.64591258319456,95.0
14,w0_storm_diesel_run,54,2026-01-03 06:00:00+08:00,35.0,0.0,0.0,1.0,0.0,0.0,10.0,0.0,0.0,0.0,1.0,0.0,0.0,0.0,1.0,477.0143336358259,95.0
14,w0_storm_diesel_run,55,2026-01-03 07:00:00+08:00,35.0,0.0,0.0,1.0,0.0,0.0,10.0,0.0,0.0,0.0,1.0,0.0,0.0,0.0,1.0,475.9617020568786,95.0
14,w0_storm_diesel_run,56,2026-01-03 08:00:00+08:00,35.0,0.0,0.0,1.0,0.0,0.0,10.0,0.0,0.0,0.0,1.0,0.0,0.0,0.0,1.0,474.9090704779313,95.0
14,w0_storm_diesel_run,57,2026-01-03 09:00:00+08:00,35.0,0.0,0.0,1.0,0.0,0.0,10.0,0.0,0.0,0.0,1.0,0.0,0.0,0.0,1.0,473.85643889898404,95.0
14,w0_storm_diesel_run,58,2026-01-03 10:00:00+08:00,35.0,0.0,0.0,1.0,0.0,0.0,10.0,0.0,0.0,0.0,1.0,0.0,0.0,0.8363830459651538,0.16361695403477494,472.80380732003675,95.0
14,w0_storm_diesel_run,59,2026-01-03 11:00:00+08:00,35.0,0.0,0.0,12.0,0.0,0.0,10.0,0.0,0.0,0.0,1.0,0.0,0.0,12.0,0.0,471.75117574108947,95.0
14,w0_storm_diesel_run,60,2026-01-03 12:00:00+08:00,35.0,0.0,0.0,10.0,0.0,0.0,10.0,0.0,0.0,0.0,1.0,-0.0,0.0,0.0,10.0,459.1195967937209,95.0
14,w0_storm_diesel_run,61,2026-01-03 13:00:00+08:00,35.0,0.0,0.0,7.5,0.0,0.0,10.0,0.0,0.0,0.0,1.0,-0.0,0.0,0.0,7.5,448.5932810042472,95.0
14,w0_storm_diesel_run,62,2026-01-03 14:00:00+08:00,35.0,0.0,0.0,5.0,0.0,0.0,10.0,0.0,0.0,0.0,1.0,-0.0,0.0,0.0,5.0,440.6985441621417,95.0
14,w0_storm_diesel_run,63,2026-01-03 15:00:00+08:00,35.0,0.0,0.0,5.0,0.0,0.0,10.0,0.0,0.0,0.0,1.0,-0.0,0.0,0.0,5.0,435.43538626740485,95.0
14,w0_storm_diesel_run,64,2026-01-03 16:00:00+08:00,35.0,0.0,0.0,8.0,0.0,0.0,10.0,0.0,0.0,0.0,1.0,-0.0,0.0,0.0,8.0,430.17222837266803,95.0
14,w0_storm_diesel_run,65,2026-01-03 17:00:00+08:00,35.0,0.0,0.0,5.0,0.0,0.0,10.0,0.0,0.0,0.0,1.0,-0.0,0.0,0.0,5.0,421.751175741089,95.0
14,w0_storm_diesel_run,66,2026-01-03 18:00:00+08:00,35.0,0.0,0.0,5.0,0.0,0.0,10.0,0.0,0.0,0.0,1.0,-0.0,0.0,0.0,5.0,416.4880178463522,95.0
14,w0_storm_diesel_run,67,2026-01-03 19:00:00+08:00,35.0,0.0,0.0,5.0,0.0,0.0,10.0,0.0,0.0,0.0,1.0,-0.0,0.0,0.0,5.0,411.2248599516154,95.0
14,w0_storm_diesel_run,68,2026-01-03 20:00:00+08:00,35.0,0.0,0.0,5.0,0.0,0.0,10.0,0.0,0.0,0.0,1.0,-0.0,0.0,0.0,5.0,405.96170205687855,95.0
14,w0_storm_diesel_run,69,2026-01-03 21:00:00+08:00,35.0,0.0,0.0,5.0,0.0,0.0,10.0,0.0,0.0,0.0,1.0,-0.0,0.0,0.0,5.0,400.69854416214173,95.0
14,w0_storm_diesel_run,70,2026-01-03 22:00:00+08:00,35.0,0.0,0.0,5.0,0.0,0.0,10.0,0.0,0.0,0.0,1.0,-0.0,0.0,0.0,5.0,395.4353862674049,95.0
14,w0_storm_diesel_run,71,2026-01-03 23:00:00+08:00,35.0,0.0,0.0,5.0,0.0,0.0,10.0,0.0,0.0,0.0,1.0,-0.0,0.0,0.0,5.0,390.1722283726681,95.0
14,w0_storm_diesel_run,72,2026-01-04 00:00:00+08:00,35.0,0.0,0.0,5.0,0.0,0.0,10.0,0.0,0.0,0.0,1.0,-0.0,0.0,0.0,5.0,384.90907047793127,95.0
14,w0_storm_diesel_run,73,2026-01-04 01:00:00+08:00,35.0,0.0,0.0,1.0,0.0,0.0,10.0,0.0,0.0,0.0,1.0,-0.0,0.0,0.0,1.0,379.64591258319444,95.0
14,w0_storm_diesel_run,74,2026-01-04 02:00:00+08:00,35.0,0.0,0.0,1.0,0.0,0.0,10.0,0.0,0.0,0.0,1.0,-0.0,0.0,0.0,1.0,378.5932810042478,95.0
14,w0_storm_diesel_run,75,2026-01-04 03:00:00+08:00,35.0,0.0,0.0,1.0,0.0,0.0,10.0,0.0,0.0,0.0,1.0,-0.0,0.0,0.0,1.0,377.5406494253005,95.0
14,w0_storm_diesel_run,76,2026-01-04 04:00:00+08:00,34.5,0.0,0.0,1.0,0.0,0.0,10.0,0.0,0.0,0.0,1.0,-0.0,0.0,0.0,0.5,376.4880178463532,95.0
14,w0_storm_diesel_run,77,2026-01-04 05:00:00+08:00,34.0,0.0,0.0,1.0,0.0,0.0,10.0,0.0,0.0,0.0,1.0,-0.0,0.0,0.0,0.0,375.43538626740593,95.0
14,w0_storm_diesel_run,78,2026-01-04 06:00:00+08:00,46.0,0.0,1.0,0.0,0.0,0.0,10.0,0.0,0.0,0.0,1.0,0.0,0.0,0.0,10.0,374.38275468845865,95.0
14,w0_storm_diesel_run,79,2026-01-04 07:00:00+08:00,44.0,0.0,0.0,1.0,0.0,0.0,10.0,0.0,0.0,0.0,1.0,0.0,0.0,0.0,10.0,375.33275468845864,95.0
14,w0_storm_diesel_run,80,2026-01-04 08:00:00+08:00,44.0,0.0,0.0,1.0,0.0,0.0,10.0,0.0,0.0,0.0,1.0,0.0,0.0,0.0,10.0,374.2801231095113,95.0
14,w0_storm_diesel_run,81,2026-01-04 09:00:00+08:00,39.0,0.0,0.0,1.0,0.0,0.0,10.0,0.0,0.0,0.0,1.0,0.0,0.0,0.0,5.0,373.22749153056395,95.0
14,w0_storm_diesel_run,82,2026-01-04 10:00:00+08:00,30.323883045964493,0.0,0.0,14.676116954035507,0.0,0.0,10.0,0.0,0.0,0.0,1.0,0.0,0.0,0.0,10.0,372.1748599516166,95.0
14,w0_storm_diesel_run,83,2026-01-04 11:00:00+08:00,41.0,0.0,1.0,0.0,0.0,0.0,10.0,0.0,0.0,0.0,1.0,0.0,0.0,0.0,5.0,356.726315789474,95.0
14,w0_storm_diesel_run,84,2026-01-04 12:00:00+08:00,39.0,0.0,0.0,1.0,0.0,0.0,10.0,0.0,0.0,0.0,1.0,0.0,0.0,0.0,5.0,357.67631578947396,95.0
14,w0_storm_diesel_run,85,2026-01-04 13:00:00+08:00,39.0,0.0,0.0,1.0,0.0,0.0,10.0,0.0,0.0,0.0,1.0,0.0,0.0,0.0,5.0,356.6236842105268,95.0
14,w0_storm_diesel_run,86,2026-01-04 14:00:00+08:00,41.0,0.0,1.0,0.0,0.0,0.0,10.0,0.0,0.0,0.0,1.0,0.0,0.0,0.0,5.0,355.57105263157956,95.0
14,w0_storm_diesel_run,87,2026-01-04 15:00:00+08:00,39.0,0.0,0.0,1.0,0.0,0.0,10.0,0.0,0.0,0.0,1.0,0.0,0.0,0.0,5.0,356.52105263157955,95.0
14,w0_storm_diesel_run,88,2026-01-04 16:00:00+08:00,39.0,0.0,0.0,1.0,0.0,0.0,10.0,0.0,0.0,0.0,1.0,0.0,0.0,0.0,5.0,355.4684210526323,95.0
14,w0_storm_diesel_run,89,2026-01-04 17:00:00+08:00,41.0,0.0,1.0,0.0,0.0,0.0,10.0,0.0,0.0,0.0,1.0,0.0,0.0,0.0,5.0,354.4157894736851,95.0
14,w0_storm_diesel_run,90,2026-01-04 18:00:00+08:00,39.0,0.0,0.0,1.0,0.0,0.0,10.0,0.0,0.0,0.0,1.0,0.0,0.0,0.0,5.0,355.3657894736851,95.0
14,w0_storm_diesel_run,91,2026-01-04 19:00:00+08:00,39.0,0.0,0.0,1.0,0.0,0.0,10.0,0.0,0.0,0.0,1.0,0.0,0.0,0.0,5.0,354.31315789473774,95.0
14,w0_storm_diesel_run,92,2026-01-04 20:00:00+08:00,45.748544125103464,0.0,0.0,1.0,0.0,0.0,10.0,0.0,0.0,0.0,1.0,0.0,0.0,6.748544125103464,5.0,353.2605263157904,95.0
14,w0_storm_diesel_run,93,2026-01-04 21:00:00+08:00,41.0,0.0,1.0,0.0,0.0,0.0,10.0,0.0,0.0,0.0,1.0,0.0,0.0,0.0,5.0,352.20789473684306,95.0
14,w0_storm_diesel_run,94,2026-01-04 22:00:00+08:00,39.0,0.0,0.0,1.0,0.0,0.0,10.0,0.0,0.0,0.0,1.0,0.0,0.0,0.0,5.0,353.15789473684305,95.0
14,w0_storm_diesel_run,95,2026-01-04 23:00:00+08:00,39.0,0.0,0.0,1.0,0.0,0.0,10.0,0.0,0.0,0.0,1.0,0.0,0.0,0.0,5.0,352.1052631578957,95.0
15,w0_storm_diesel_start,24,2026-01-02 00:00:00+08:00,41.0,0.0,1.0,0.0,0.0,0.0,10.0,0.0,0.0,0.0,1.0,0.0,0.0,0.0,5.0,337.55,95.0
15,w0_storm_diesel_start,25,2026-01-02 01:00:00+08:00,41.0,0.0,1.0,0.0,0.0,0.0,10.0,0.0,0.0,0.0,1.0,0.0,0.0,0.0,5.0,338.5,95.0
15,w0_storm_diesel_start,26,2026-01-02 02:00:00+08:00,41.0,0.0,1.0,0.0,0.0,0.0,10.0,0.0,0.0,0.0,1.0,0.0,0.0,0.0,5.0,339.45,95.0
15,w0_storm_diesel_start,27,2026-01-02 03:00:00+08:00,41.0,0.0,1.0,0.0,0.0,0.0,10.0,0.0,0.0,0.0,1.0,0.0,0.0,0.0,5.0,340.4,95.0
15,w0_storm_diesel_start,28,2026-01-02 04:00:00+08:00,41.0,0.0,1.0,0.0,0.0,0.0,10.0,0.0,0.0,0.0,1.0,0.0,0.0,0.0,5.0,341.35,95.0
15,w0_storm_diesel_start,29,2026-01-02 05:00:00+08:00,41.0,0.0,1.0,0.0,0.0,0.0,10.0,0.0,0.0,0.0,1.0,0.0,0.0,0.0,5.0,342.3,95.0
15,w0_storm_diesel_start,30,2026-01-02 06:00:00+08:00,41.0,0.0,1.0,0.0,0.0,0.0,10.0,0.0,0.0,0.0,1.0,0.0,0.0,0.0,5.0,343.25,95.0
15,w0_storm_diesel_start,31,2026-01-02 07:00:00+08:00,41.0,0.0,1.0,0.0,0.0,0.0,10.0,0.0,0.0,0.0,1.0,0.0,0.0,0.0,5.0,344.2,95.0
15,w0_storm_diesel_start,32,2026-01-02 08:00:00+08:00,41.0,0.0,1.0,0.0,0.0,0.0,10.0,0.0,0.0,0.0,1.0,0.0,0.0,0.0,5.0,345.15,95.0
15,w0_storm_diesel_start,33,2026-01-02 09:00:00+08:00,41.0,0.0,1.0,0.0,0.0,0.0,10.0,0.0,0.0,0.0,1.0,0.0,0.0,0.0,5.0,346.1,95.0
15,w0_storm_diesel_start,34,2026-01-02 10:00:00+08:00,41.0,0.0,1.0,0.0,0.0,0.0,10.0,0.0,0.0,0.0,1.0,0.0,0.0,0.0,5.0,347.05,95.0
15,w0_storm_diesel_start,35,2026-01-02 11:00:00+08:00,41.0,0.0,1.0,0.0,0.0,0.0,10.0,0.0,0.0,0.0,1.0,0.0,0.0,0.0,5.0,348.0,95.0
15,w0_storm_diesel_start,36,2026-01-02 12:00:00+08:00,41.0,0.0,1.0,0.0,0.0,0.0,10.0,0.0,0.0,0.0,1.0,0.0,0.0,0.0,5.0,348.95,95.0
15,w0_storm_diesel_start,37,2026-01-02 13:00:00+08:00,41.0,0.0,1.0,0.0,0.0,0.0,10.0,0.0,0.0,0.0,1.0,0.0,0.0,0.0,5.0,349.9,95.0
15,w0_storm_diesel_start,38,2026-01-02 14:00:00+08:00,41.0,0.0,1.0,0.0,0.0,0.0,10.0,0.0,0.0,0.0,1.0,0.0,0.0,0.0,5.0,350.85,95.0
15,w0_storm_diesel_start,39,2026-01-02 15:00:00+08:00,41.0,0.0,1.0,0.0,0.0,0.0,10.0,0.0,0.0,0.0,1.0,0.0,0.0,0.0,5.0,351.8,95.0
15,w0_storm_diesel_start,40,2026-01-02 16:00:00+08:00,41.0,0.0,1.0,0.0,0.0,0.0,10.0,0.0,0.0,0.0,1.0,0.0,0.0,0.0,5.0,352.75,95.0
15,w0_storm_diesel_start,41,2026-01-02 17:00:00+08:00,41.0,0.0,1.0,0.0,0.0,0.0,10.0,0.0,0.0,0.0,1.0,0.0,0.0,0.0,5.0,353.7,95.0
15,w0_storm_diesel_start,42,2026-01-02 18:00:00+08:00,41.0,0.0,1.0,0.0,0.0,0.0,10.0,0.0,0.0,0.0,1.0,0.0,0.0,0.0,5.0,354.65,95.0
15,w0_storm_diesel_start,43,2026-01-02 19:00:00+08:00,90.0,0.0,50.0,0.0,0.0,0.0,10.0,0.0,0.0,0.0,1.0,0.0,0.0,0.0,5.0,355.6,95.0
15,w0_storm_diesel_start,44,2026-01-02 20:00:00+08:00,41.0,0.0,1.0,0.0,0.0,0.0,10.0,0.0,0.0,0.0,1.0,0.0,0.0,0.0,5.0,403.1,95.0
15,w0_storm_diesel_start,45,2026-01-02 21:00:00+08:00,90.0,0.0,50.0,0.0,0.0,0.0,10.0,0.0,0.0,0.0,1.0,0.0,0.0,0.0,5.0,404.05,95.0
15,w0_storm_diesel_start,46,2026-01-02 22:00:00+08:00,90.0,0.0,50.0,0.0,0.0,0.0,10.0,0.0,0.0,0.0,1.0,0.0,0.0,0.0,5.0,451.55,95.0
15,w0_storm_diesel_start,47,2026-01-02 23:00:00+08:00,53.0,0.0,1.0,0.0,0.0,0.0,10.0,0.0,0.0,0.0,1.0,0.0,0.0,12.0,5.0,499.05,95.0
15,w0_storm_diesel_start,48,2026-01-03 00:00:00+08:00,35.0,0.0,0.0,4.0,0.0,0.0,10.0,0.0,0.0,0.0,1.0,0.0,0.0,0.0,4.0,500.0,95.0
15,w0_storm_diesel_start,49,2026-01-03 01:00:00+08:00,35.0,0.0,0.0,5.0,0.0,0.0,10.0,0.0,0.0,0.0,1.0,0.0,0.0,0.0,5.0,495.78947368421046,95.0
15,w0_storm_diesel_start,50,2026-01-03 02:00:00+08:00,35.0,0.0,0.0,1.836383045965154,0.0,0.0,10.0,0.0,0.0,0.0,1.0,0.0,0.0,0.0,1.836383045965154,490.52631578947364,95.0
15,w0_storm_diesel_start,51,2026-01-03 03:00:00+08:00,35.0,0.0,0.0,3.5,0.0,0.0,10.0,0.0,0.0,0.0,1.0,0.0,0.0,0.0,3.5,488.59328100424716,95.0
15,w0_storm_diesel_start,52,2026-01-03 04:00:00+08:00,35.0,0.0,0.0,5.0,0.0,0.0,10.0,0.0,0.0,0.0,1.0,0.0,0.0,0.0,5.0,484.9090704779314,95.0
15,w0_storm_diesel_start,53,2026-01-03 05:00:00+08:00,35.0,0.0,0.0,2.5,0.0,0.0,10.0,0.0,0.0,0.0,1.0,0.0,0.0,0.0,2.5,479.64591258319456,95.0
15,w0_storm_diesel_start,54,2026-01-03 06:00:00+08:00,35.0,0.0,0.0,1.0,0.0,0.0,10.0,0.0,0.0,0.0,1.0,0.0,0.0,0.0,1.0,477.0143336358259,95.0
15,w0_storm_diesel_start,55,2026-01-03 07:00:00+08:00,35.0,0.0,0.0,1.0,0.0,0.0,10.0,0.0,0.0,0.0,1.0,0.0,0.0,0.0,1.0,475.9617020568786,95.0
15,w0_storm_diesel_start,56,2026-01-03 08:00:00+08:00,35.0,0.0,0.0,1.0,0.0,0.0,10.0,0.0,0.0,0.0,1.0,0.0,0.0,0.0,1.0,474.9090704779313,95.0
15,w0_storm_diesel_start,57,2026-01-03 09:00:00+08:00,35.0,0.0,0.0,1.0,0.0,0.0,10.0,0.0,0.0,0.0,1.0,0.0,0.0,0.0,1.0,473.85643889898404,95.0
15,w0_storm_diesel_start,58,2026-01-03 10:00:00+08:00,35.0,0.0,0.0,1.0,0.0,0.0,10.0,0.0,0.0,0.0,1.0,0.0,0.0,0.8363830459651538,0.16361695403477494,472.80380732003675,95.0
15,w0_storm_diesel_start,59,2026-01-03 11:00:00+08:00,35.0,0.0,0.0,12.0,0.0,0.0,10.0,0.0,0.0,0.0,1.0,0.0,0.0,12.0,0.0,471.75117574108947,95.0
15,w0_storm_diesel_start,60,2026-01-03 12:00:00+08:00,35.0,0.0,0.0,10.0,0.0,0.0,10.0,0.0,0.0,0.0,1.0,-0.0,0.0,0.0,10.0,459.1195967937209,95.0
15,w0_storm_diesel_start,61,2026-01-03 13:00:00+08:00,35.0,0.0,0.0,7.5,0.0,0.0,10.0,0.0,0.0,0.0,1.0,-0.0,0.0,0.0,7.5,448.5932810042472,95.0
15,w0_storm_diesel_start,62,2026-01-03 14:00:00+08:00,35.0,0.0,0.0,5.0,0.0,0.0,10.0,0.0,0.0,0.0,1.0,-0.0,0.0,0.0,5.0,440.6985441621417,95.0
15,w0_storm_diesel_start,63,2026-01-03 15:00:00+08:00,35.0,0.0,0.0,5.0,0.0,0.0,10.0,0.0,0.0,0.0,1.0,-0.0,0.0,0.0,5.0,435.43538626740485,95.0
15,w0_storm_diesel_start,64,2026-01-03 16:00:00+08:00,35.0,0.0,0.0,8.0,0.0,0.0,10.0,0.0,0.0,0.0,1.0,-0.0,0.0,0.0,8.0,430.17222837266803,95.0
15,w0_storm_diesel_start,65,2026-01-03 17:00:00+08:00,35.0,0.0,0.0,5.0,0.0,0.0,10.0,0.0,0.0,0.0,1.0,-0.0,0.0,0.0,5.0,421.751175741089,95.0
15,w0_storm_diesel_start,66,2026-01-03 18:00:00+08:00,35.0,0.0,0.0,5.0,0.0,0.0,10.0,0.0,0.0,0.0,1.0,-0.0,0.0,0.0,5.0,416.4880178463522,95.0
15,w0_storm_diesel_start,67,2026-01-03 19:00:00+08:00,35.0,0.0,0.0,5.0,0.0,0.0,10.0,0.0,0.0,0.0,1.0,-0.0,0.0,0.0,5.0,411.2248599516154,95.0
15,w0_storm_diesel_start,68,2026-01-03 20:00:00+08:00,35.0,0.0,0.0,5.0,0.0,0.0,10.0,0.0,0.0,0.0,1.0,-0.0,0.0,0.0,5.0,405.96170205687855,95.0
15,w0_storm_diesel_start,69,2026-01-03 21:00:00+08:00,35.0,0.0,0.0,5.0,0.0,0.0,10.0,0.0,0.0,0.0,1.0,-0.0,0.0,0.0,5.0,400.69854416214173,95.0
15,w0_storm_diesel_start,70,2026-01-03 22:00:00+08:00,35.0,0.0,0.0,5.0,0.0,0.0,10.0,0.0,0.0,0.0,1.0,-0.0,0.0,0.0,5.0,395.4353862674049,95.0
15,w0_storm_diesel_start,71,2026-01-03 23:00:00+08:00,35.0,0.0,0.0,5.0,0.0,0.0,10.0,0.0,0.0,0.0,1.0,-0.0,0.0,0.0,5.0,390.1722283726681,95.0
15,w0_storm_diesel_start,72,2026-01-04 00:00:00+08:00,35.0,0.0,0.0,5.0,0.0,0.0,10.0,0.0,0.0,0.0,1.0,-0.0,0.0,0.0,5.0,384.90907047793127,95.0
15,w0_storm_diesel_start,73,2026-01-04 01:00:00+08:00,35.0,0.0,0.0,1.0,0.0,0.0,10.0,0.0,0.0,0.0,1.0,-0.0,0.0,0.0,1.0,379.64591258319444,95.0
15,w0_storm_diesel_start,74,2026-01-04 02:00:00+08:00,35.0,0.0,0.0,1.0,0.0,0.0,10.0,0.0,0.0,0.0,1.0,-0.0,0.0,0.0,1.0,378.59328100424716,95.0
15,w0_storm_diesel_start,75,2026-01-04 03:00:00+08:00,35.0,0.0,0.0,1.0,0.0,0.0,10.0,0.0,0.0,0.0,1.0,-0.0,0.0,0.0,1.0,377.5406494252999,95.0
15,w0_storm_diesel_start,76,2026-01-04 04:00:00+08:00,34.5,0.0,0.0,1.0,0.0,0.0,10.0,0.0,0.0,0.0,1.0,-0.0,0.0,0.0,0.5,376.4880178463526,95.0
15,w0_storm_diesel_start,77,2026-01-04 05:00:00+08:00,34.0,0.0,0.0,1.0,0.0,0.0,10.0,0.0,0.0,0.0,1.0,-0.0,0.0,0.0,0.0,375.4353862674053,95.0
15,w0_storm_diesel_start,78,2026-01-04 06:00:00+08:00,46.0,0.0,1.0,0.0,0.0,0.0,10.0,0.0,0.0,0.0,1.0,0.0,0.0,0.0,10.0,374.382754688458,95.0
15,w0_storm_diesel_start,79,2026-01-04 07:00:00+08:00,44.0,0.0,0.0,1.0,0.0,0.0,10.0,0.0,0.0,0.0,1.0,0.0,0.0,0.0,10.0,375.33275468845795,95.0
15,w0_storm_diesel_start,80,2026-01-04 08:00:00+08:00,44.0,0.0,0.0,1.0,0.0,0.0,10.0,0.0,0.0,0.0,1.0,0.0,0.0,0.0,10.0,374.2801231095106,95.0
15,w0_storm_diesel_start,81,2026-01-04 09:00:00+08:00,39.0,0.0,0.0,1.0,0.0,0.0,10.0,0.0,0.0,0.0,1.0,0.0,0.0,0.0,5.0,373.22749153056327,95.0
15,w0_storm_diesel_start,82,2026-01-04 10:00:00+08:00,30.323883045964493,0.0,0.0,14.676116954035509,0.0,0.0,10.0,0.0,0.0,0.0,1.0,0.0,0.0,0.0,10.0,372.17485995161593,95.0
15,w0_storm_diesel_start,83,2026-01-04 11:00:00+08:00,41.0,0.0,1.0,0.0,0.0,0.0,10.0,0.0,0.0,0.0,1.0,0.0,0.0,0.0,5.0,356.7263157894733,95.0
15,w0_storm_diesel_start,84,2026-01-04 12:00:00+08:00,39.0,0.0,0.0,1.0,0.0,0.0,10.0,0.0,0.0,0.0,1.0,0.0,0.0,0.0,5.0,357.6763157894733,95.0
15,w0_storm_diesel_start,85,2026-01-04 13:00:00+08:00,39.0,0.0,0.0,1.0,0.0,0.0,10.0,0.0,0.0,0.0,1.0,0.0,0.0,0.0,5.0,356.62368421052594,95.0
15,w0_storm_diesel_start,86,2026-01-04 14:00:00+08:00,41.0,0.0,1.0,0.0,0.0,0.0,10.0,0.0,0.0,0.0,1.0,0.0,0.0,0.0,5.0,355.5710526315786,95.0
15,w0_storm_diesel_start,87,2026-01-04 15:00:00+08:00,39.0,0.0,0.0,1.0,0.0,0.0,10.0,0.0,0.0,0.0,1.0,0.0,0.0,0.0,5.0,356.5210526315786,95.0
15,w0_storm_diesel_start,88,2026-01-04 16:00:00+08:00,39.0,0.0,0.0,1.0,0.0,0.0,10.0,0.0,0.0,0.0,1.0,0.0,0.0,0.0,5.0,355.46842105263124,95.0
15,w0_storm_diesel_start,89,2026-01-04 17:00:00+08:00,41.0,0.0,1.0,0.0,0.0,0.0,10.0,0.0,0.0,0.0,1.0,0.0,0.0,0.0,5.0,354.4157894736839,95.0
15,w0_storm_diesel_start,90,2026-01-04 18:00:00+08:00,39.0,0.0,0.0,1.0,0.0,0.0,10.0,0.0,0.0,0.0,1.0,0.0,0.0,0.0,5.0,355.3657894736839,95.0
15,w0_storm_diesel_start,91,2026-01-04 19:00:00+08:00,39.0,0.0,0.0,1.0,0.0,0.0,10.0,0.0,0.0,0.0,1.0,0.0,0.0,0.0,5.0,354.31315789473655,95.0
15,w0_storm_diesel_start,92,2026-01-04 20:00:00+08:00,45.748544125103464,0.0,0.0,1.0,0.0,0.0,10.0,0.0,0.0,0.0,1.0,0.0,0.0,6.748544125103468,5.0,353.2605263157904,95.0
15,w0_storm_diesel_start,93,2026-01-04 21:00:00+08:00,41.0,0.0,1.0,0.0,0.0,0.0,10.0,0.0,0.0,0.0,1.0,0.0,0.0,0.0,5.0,352.20789473684306,95.0
15,w0_storm_diesel_start,94,2026-01-04 22:00:00+08:00,39.0,0.0,0.0,1.0,0.0,0.0,10.0,0.0,0.0,0.0,1.0,0.0,0.0,0.0,5.0,353.15789473684305,95.0
15,w0_storm_diesel_start,95,2026-01-04 23:00:00+08:00,39.0,0.0,0.0,1.0,0.0,0.0,10.0,0.0,0.0,0.0,1.0,0.0,0.0,0.0,5.0,352.1052631578957,95.0
