error,key,loss_kwh,metrics,operating_cost_yuan,policy,role,scenario,seed,units,valid,probability
,"training:(5, 3, 4, 40, 4):c1b16c40e93d24d01996b4bd81ccf0b9d616e7bef83b01e34c8697540ee6de0f:0",0.0,"{""battery_charge_kwh"": 3208.8235831941784, ""battery_discharge_kwh"": 2484.9129828255745, ""diesel_fuel_kg"": 267611.87196360243, ""diesel_kwh"": 1204253.4238361674, ""diesel_online_hours"": 26240.0, ""diesel_run_failures"": 19.0, ""dump_load_kw"": 0, ""energy_inventory_change_kwh"": 0.0, ""final_state"": {""diesel_states"": [{""demands"": 5, ""healthy"": true, ""min_down"": 0, ""min_up"": 0, ""onsite"": false, ""pending"": false, ""prep"": 3, ""repair_until"": 6471, ""running"": true, ""runtime"": 7594}, {""demands"": 6, ""healthy"": true, ""min_down"": 0, ""min_up"": 0, ""onsite"": false, ""pending"": false, ""prep"": 3, ""repair_until"": 7132, ""running"": true, ""runtime"": 8223}, {""demands"": 8, ""healthy"": true, ""min_down"": 0, ""min_up"": 0, ""onsite"": false, ""pending"": false, ""prep"": 3, ""repair_until"": 6192, ""running"": true, ""runtime"": 6228}, {""demands"": 10, ""healthy"": true, ""min_down"": 0, ""min_up"": 0, ""onsite"": false, ""pending"": false, ""prep"": 3, ""repair_until"": 7610, ""running"": false, ""runtime"": 5182}], ""energy_kwh"": 1700.0, ""online"": 3, ""other_repair_until"": {""pcs"": [-1000000000000000, -1000000000000000, -1000000000000000, -1000000000000000], ""pv"": [3932, 6599, -1000000000000000], ""wind"": [-1000000000000000, -1000000000000000, -1000000000000000, 7749, 5514]}, ""temperatures_c"": [5.0, 5.0, 5.0, 5.0]}, ""forecast_basis"": ""current_measurements_only"", ""heater_kwh"": 70714.31203289526, ""initial_state"": {""diesel_states"": [{""demands"": 1, ""healthy"": true, ""min_down"": 0, ""min_up"": 0, ""onsite"": false, ""pending"": false, ""prep"": 3, ""repair_until"": -1, ""running"": true, ""runtime"": 333}, {""demands"": 1, ""healthy"": true, ""min_down"": 0, ""min_up"": 0, ""onsite"": false, ""pending"": false, ""prep"": 3, ""repair_until"": -1, ""running"": true, ""runtime"": 329}, {""demands"": 1, ""healthy"": true, ""min_down"": 0, ""min_up"": 0, ""onsite"": false, ""pending"": false, ""prep"": 3, ""repair_until"": -1, ""running"": true, ""runtime"": 325}, {""demands"": 0, ""healthy"": true, ""min_down"": 0, ""min_up"": 0, ""onsite"": false, ""pending"": false, ""prep"": 0.0, ""repair_until"": -1, ""running"": false, ""runtime"": 0}], ""energy_kwh"": 1700.0, ""online"": 3, ""temperatures_c"": [5.0, 5.0, 5.0, -0.4917950249892792]}, ""longest_shed_hours"": 0.0, ""max_balance_residual_kw"": 2.842170943040401e-14, ""max_soc_residual_kwh"": 1.1368683772161603e-13, ""operating_cost_basis"": ""same_executed_policy"", ""pcs_failures"": 0.0, ""pv_failures"": 3.0, ""repair_clock"": ""calendar_reference"", ""shed_hours"": 0.0, ""start_failures"": 0.0, ""starts"": 26.0, ""unserved_heater_command_kwh"": 0.0, ""wait_access_unit_hours"": 10.0, ""wait_crew_unit_hours"": 0.0, ""wait_heat_unit_hours"": 0.0, ""wait_prep_unit_hours"": 24.0, ""wind_failures"": 5.0, ""wind_protective_stop_hours"": 1073.0}",4014178.0794538762,load_first_three_online,training,0,2026091701,"{""battery_energy"": 40, ""diesel"": 4, ""pcs"": 4, ""pv"": 3, ""wind"": 5}",True,0.0625
,"training:(5, 3, 4, 40, 4):c1b16c40e93d24d01996b4bd81ccf0b9d616e7bef83b01e34c8697540ee6de0f:1",0.0,"{""battery_charge_kwh"": 749.7395834624646, ""battery_discharge_kwh"": 580.5983334333346, ""diesel_fuel_kg"": 267701.4587753961, ""diesel_kwh"": 1204656.564489235, ""diesel_online_hours"": 26262.0, ""diesel_run_failures"": 16.0, ""dump_load_kw"": 0, ""energy_inventory_change_kwh"": 0.0, ""final_state"": {""diesel_states"": [{""demands"": 4, ""healthy"": true, ""min_down"": 0, ""min_up"": 0, ""onsite"": false, ""pending"": false, ""prep"": 3, ""repair_until"": 7270, ""running"": true, ""runtime"": 8735}, {""demands"": 4, ""healthy"": true, ""min_down"": 0, ""min_up"": 0, ""onsite"": false, ""pending"": false, ""prep"": 3, ""repair_until"": 7400, ""running"": true, ""runtime"": 8674}, {""demands"": 7, ""healthy"": true, ""min_down"": 0, ""min_up"": 0, ""onsite"": false, ""pending"": false, ""prep"": 3, ""repair_until"": 7757, ""running"": false, ""runtime"": 4983}, {""demands"": 8, ""healthy"": true, ""min_down"": 0, ""min_up"": 0, ""onsite"": false, ""pending"": false, ""prep"": 3, ""repair_until"": 7433, ""running"": true, ""runtime"": 4857}], ""energy_kwh"": 1700.0, ""online"": 3, ""other_repair_until"": {""pcs"": [-1000000000000000, -1000000000000000, -1000000000000000, -1000000000000000], ""pv"": [6187, -1000000000000000, 2136], ""wind"": [7997, 7127, 6032, 6063, -1000000000000000]}, ""temperatures_c"": [5.0, 5.0, 5.0, 5.0]}, ""forecast_basis"": ""current_measurements_only"", ""heater_kwh"": 70817.57096785434, ""initial_state"": {""diesel_states"": [{""demands"": 1, ""healthy"": true, ""min_down"": 0, ""min_up"": 0, ""onsite"": false, ""pending"": false, ""prep"": 3, ""repair_until"": -1, ""running"": true, ""runtime"": 333}, {""demands"": 1, ""healthy"": true, ""min_down"": 0, ""min_up"": 0, ""onsite"": false, ""pending"": false, ""prep"": 3, ""repair_until"": -1, ""running"": true, ""runtime"": 329}, {""demands"": 1, ""healthy"": true, ""min_down"": 0, ""min_up"": 0, ""onsite"": false, ""pending"": false, ""prep"": 3, ""repair_until"": -1, ""running"": true, ""runtime"": 325}, {""demands"": 0, ""healthy"": true, ""min_down"": 0, ""min_up"": 0, ""onsite"": false, ""pending"": false, ""prep"": 0.0, ""repair_until"": -1, ""running"": false, ""runtime"": 0}], ""energy_kwh"": 1700.0, ""online"": 3, ""temperatures_c"": [5.0, 5.0, 5.0, -0.4917950249892792]}, ""longest_shed_hours"": 0.0, ""max_balance_residual_kw"": 2.842170943040401e-14, ""max_soc_residual_kwh"": 1.1368683772161603e-13, ""operating_cost_basis"": ""same_executed_policy"", ""pcs_failures"": 0.0, ""pv_failures"": 2.0, ""repair_clock"": ""calendar_reference"", ""shed_hours"": 0.0, ""start_failures"": 0.0, ""starts"": 20.0, ""unserved_heater_command_kwh"": 0.0, ""wait_access_unit_hours"": 3.0, ""wait_crew_unit_hours"": 0.0, ""wait_heat_unit_hours"": 0.0, ""wait_prep_unit_hours"": 15.0, ""wind_failures"": 12.0, ""wind_protective_stop_hours"": 1073.0}",4015521.8816307792,load_first_three_online,training,1,2026091701,"{""battery_energy"": 40, ""diesel"": 4, ""pcs"": 4, ""pv"": 3, ""wind"": 5}",True,0.0625
,"training:(5, 3, 4, 40, 4):c1b16c40e93d24d01996b4bd81ccf0b9d616e7bef83b01e34c8697540ee6de0f:2",0.0,"{""battery_charge_kwh"": 1408.671229381886, ""battery_discharge_kwh"": 1090.8750000333346, ""diesel_fuel_kg"": 267808.8037567366, ""diesel_kwh"": 1205139.61690527, ""diesel_online_hours"": 26212.0, ""diesel_run_failures"": 17.0, ""dump_load_kw"": 0, ""energy_inventory_change_kwh"": 0.0, ""final_state"": {""diesel_states"": [{""demands"": 6, ""healthy"": true, ""min_down"": 0, ""min_up"": 0, ""onsite"": false, ""pending"": false, ""prep"": 3, ""repair_until"": 7735, ""running"": true, ""runtime"": 5893}, {""demands"": 6, ""healthy"": true, ""min_down"": 0, ""min_up"": 0, ""onsite"": false, ""pending"": false, ""prep"": 3, ""repair_until"": 8286, ""running"": true, ""runtime"": 8214}, {""demands"": 6, ""healthy"": true, ""min_down"": 0, ""min_up"": 0, ""onsite"": false, ""pending"": false, ""prep"": 3, ""repair_until"": 8394, ""running"": false, ""runtime"": 6136}, {""demands"": 8, ""healthy"": true, ""min_down"": 0, ""min_up"": 0, ""onsite"": false, ""pending"": false, ""prep"": 3, ""repair_until"": 7763, ""running"": true, ""runtime"": 6953}], ""energy_kwh"": 1700.0, ""online"": 3, ""other_repair_until"": {""pcs"": [-1000000000000000, -1000000000000000, -1000000000000000, -1000000000000000], ""pv"": [3847, -1000000000000000, 8557], ""wind"": [-1000000000000000, 3280, -1000000000000000, -1000000000000000, 2322]}, ""temperatures_c"": [5.0, 5.0, 5.0, 5.0]}, ""forecast_basis"": ""current_measurements_only"", ""heater_kwh"": 70967.61078027803, ""initial_state"": {""diesel_states"": [{""demands"": 1, ""healthy"": true, ""min_down"": 0, ""min_up"": 0, ""onsite"": false, ""pending"": false, ""prep"": 3, ""repair_until"": -29, ""running"": false, ""runtime"": 272}, {""demands"": 1, ""healthy"": true, ""min_down"": 0, ""min_up"": 0, ""onsite"": false, ""pending"": false, ""prep"": 3, ""repair_until"": -1, ""running"": true, ""runtime"": 329}, {""demands"": 1, ""healthy"": true, ""min_down"": 0, ""min_up"": 0, ""onsite"": false, ""pending"": false, ""prep"": 3, ""repair_until"": -1, ""running"": true, ""runtime"": 325}, {""demands"": 1, ""healthy"": true, ""min_down"": 0, ""min_up"": 0, ""onsite"": false, ""pending"": false, ""prep"": 3, ""repair_until"": -1, ""running"": true, ""runtime"": 58}], ""energy_kwh"": 1700.0, ""online"": 3, ""temperatures_c"": [5.0, 5.0, 5.0, 5.0]}, ""longest_shed_hours"": 0.0, ""max_balance_residual_kw"": 2.842170943040401e-14, ""max_soc_residual_kwh"": 1.1368683772161603e-13, ""operating_cost_basis"": ""same_executed_policy"", ""pcs_failures"": 0.0, ""pv_failures"": 3.0, ""repair_clock"": ""calendar_reference"", ""shed_hours"": 0.0, ""start_failures"": 0.0, ""starts"": 22.0, ""unserved_heater_command_kwh"": 0.0, ""wait_access_unit_hours"": 5.0, ""wait_crew_unit_hours"": 0.0, ""wait_heat_unit_hours"": 0.0, ""wait_prep_unit_hours"": 15.0, ""wind_failures"": 3.0, ""wind_protective_stop_hours"": 1073.0}",4017132.0563508887,load_first_three_online,training,2,2026091701,"{""battery_energy"": 40, ""diesel"": 4, ""pcs"": 4, ""pv"": 3, ""wind"": 5}",True,0.0625
,"training:(5, 3, 4, 40, 4):c1b16c40e93d24d01996b4bd81ccf0b9d616e7bef83b01e34c8697540ee6de0f:3",0.0,"{""battery_charge_kwh"": 477.71823355716197, ""battery_discharge_kwh"": 369.94500006666806, ""diesel_fuel_kg"": 268342.8174144421, ""diesel_kwh"": 1207542.6783649453, ""diesel_online_hours"": 26281.0, ""diesel_run_failures"": 8.0, ""dump_load_kw"": 0, ""energy_inventory_change_kwh"": 0.0, ""final_state"": {""diesel_states"": [{""demands"": 3, ""healthy"": true, ""min_down"": 0, ""min_up"": 0, ""onsite"": false, ""pending"": false, ""prep"": 3, ""repair_until"": 7550, ""running"": true, ""runtime"": 8649}, {""demands"": 4, ""healthy"": true, ""min_down"": 0, ""min_up"": 0, ""onsite"": false, ""pending"": false, ""prep"": 3, ""repair_until"": 6689, ""running"": true, ""runtime"": 6429}, {""demands"": 5, ""healthy"": true, ""min_down"": 0, ""min_up"": 0, ""onsite"": false, ""pending"": false, ""prep"": 3, ""repair_until"": 7859, ""running"": false, ""runtime"": 4881}, {""demands"": 4, ""healthy"": true, ""min_down"": 0, ""min_up"": 0, ""onsite"": false, ""pending"": false, ""prep"": 3, ""repair_until"": 5416, ""running"": true, ""runtime"": 7306}], ""energy_kwh"": 1700.0, ""online"": 3, ""other_repair_until"": {""pcs"": [-1000000000000000, -1000000000000000, -1000000000000000, -1000000000000000], ""pv"": [2424, 7334, -1000000000000000], ""wind"": [6834, -36, 5941, 1877, 5258]}, ""temperatures_c"": [5.0, 5.0, 5.0, 5.0]}, ""forecast_basis"": ""current_measurements_only"", ""heater_kwh"": 70967.61078027803, ""initial_state"": {""diesel_states"": [{""demands"": 1, ""healthy"": true, ""min_down"": 0, ""min_up"": 0, ""onsite"": false, ""pending"": false, ""prep"": 3, ""repair_until"": -1, ""running"": true, ""runtime"": 333}, {""demands"": 1, ""healthy"": true, ""min_down"": 0, ""min_up"": 0, ""onsite"": false, ""pending"": false, ""prep"": 3, ""repair_until"": -1, ""running"": true, ""runtime"": 329}, {""demands"": 1, ""healthy"": true, ""min_down"": 0, ""min_up"": 0, ""onsite"": false, ""pending"": false, ""prep"": 3, ""repair_until"": -100, ""running"": false, ""runtime"": 220}, {""demands"": 1, ""healthy"": true, ""min_down"": 0, ""min_up"": 0, ""onsite"": false, ""pending"": false, ""prep"": 3, ""repair_until"": -1, ""running"": true, ""runtime"": 102}], ""energy_kwh"": 1700.0, ""online"": 3, ""temperatures_c"": [5.0, 5.0, 5.0, 5.0]}, ""longest_shed_hours"": 0.0, ""max_balance_residual_kw"": 2.842170943040401e-14, ""max_soc_residual_kwh"": 1.1368683772161603e-13, ""operating_cost_basis"": ""same_executed_policy"", ""pcs_failures"": 0.0, ""pv_failures"": 2.0, ""repair_clock"": ""calendar_reference"", ""shed_hours"": 0.0, ""start_failures"": 0.0, ""starts"": 12.0, ""unserved_heater_command_kwh"": 0.0, ""wait_access_unit_hours"": 1.0, ""wait_crew_unit_hours"": 0.0, ""wait_heat_unit_hours"": 0.0, ""wait_prep_unit_hours"": 12.0, ""wind_failures"": 10.0, ""wind_protective_stop_hours"": 1073.0}",4025142.261216479,load_first_three_online,training,3,2026091701,"{""battery_energy"": 40, ""diesel"": 4, ""pcs"": 4, ""pv"": 3, ""wind"": 5}",True,0.0625
,"training:(5, 3, 4, 40, 4):c1b16c40e93d24d01996b4bd81ccf0b9d616e7bef83b01e34c8697540ee6de0f:4",0.0,"{""battery_charge_kwh"": 1403.2932305584234, ""battery_discharge_kwh"": 1086.7102777444456, ""diesel_fuel_kg"": 269741.18529672286, ""diesel_kwh"": 1213835.3338352132, ""diesel_online_hours"": 26221.0, ""diesel_run_failures"": 15.0, ""dump_load_kw"": 0, ""energy_inventory_change_kwh"": 0.0, ""final_state"": {""diesel_states"": [{""demands"": 4, ""healthy"": true, ""min_down"": 0, ""min_up"": 0, ""onsite"": false, ""pending"": false, ""prep"": 3, ""repair_until"": 8478, ""running"": false, ""runtime"": 7577}, {""demands"": 7, ""healthy"": true, ""min_down"": 0, ""min_up"": 0, ""onsite"": false, ""pending"": false, ""prep"": 3, ""repair_until"": 8034, ""running"": true, ""runtime"": 7754}, {""demands"": 7, ""healthy"": true, ""min_down"": 0, ""min_up"": 0, ""onsite"": false, ""pending"": false, ""prep"": 3, ""repair_until"": 7064, ""running"": true, ""runtime"": 5305}, {""demands"": 6, ""healthy"": true, ""min_down"": 0, ""min_up"": 0, ""onsite"": false, ""pending"": false, ""prep"": 3, ""repair_until"": -1, ""running"": true, ""runtime"": 6569}], ""energy_kwh"": 1700.0, ""online"": 3, ""other_repair_until"": {""pcs"": [-1000000000000000, -1000000000000000, -1000000000000000, -1000000000000000], ""pv"": [-1000000000000000, 733, -1000000000000000], ""wind"": [4105, -1000000000000000, 4140, 3914, 2532]}, ""temperatures_c"": [5.0, 5.0, 5.0, 5.0]}, ""forecast_basis"": ""current_measurements_only"", ""heater_kwh"": 70967.61078027803, ""initial_state"": {""diesel_states"": [{""demands"": 1, ""healthy"": true, ""min_down"": 0, ""min_up"": 0, ""onsite"": false, ""pending"": false, ""prep"": 3, ""repair_until"": -1, ""running"": true, ""runtime"": 333}, {""demands"": 1, ""healthy"": true, ""min_down"": 0, ""min_up"": 0, ""onsite"": false, ""pending"": false, ""prep"": 3, ""repair_until"": -1, ""running"": true, ""runtime"": 329}, {""demands"": 1, ""healthy"": true, ""min_down"": 0, ""min_up"": 0, ""onsite"": false, ""pending"": false, ""prep"": 3, ""repair_until"": -102, ""running"": false, ""runtime"": 219}, {""demands"": 1, ""healthy"": true, ""min_down"": 0, ""min_up"": 0, ""onsite"": false, ""pending"": false, ""prep"": 3, ""repair_until"": -1, ""running"": true, ""runtime"": 103}], ""energy_kwh"": 1700.0, ""online"": 3, ""temperatures_c"": [5.0, 5.0, 5.0, 5.0]}, ""longest_shed_hours"": 0.0, ""max_balance_residual_kw"": 2.842170943040401e-14, ""max_soc_residual_kwh"": 1.1368683772161603e-13, ""operating_cost_basis"": ""same_executed_policy"", ""pcs_failures"": 0.0, ""pv_failures"": 1.0, ""repair_clock"": ""calendar_reference"", ""shed_hours"": 0.0, ""start_failures"": 0.0, ""starts"": 20.0, ""unserved_heater_command_kwh"": 0.0, ""wait_access_unit_hours"": 1.0, ""wait_crew_unit_hours"": 1.0, ""wait_heat_unit_hours"": 0.0, ""wait_prep_unit_hours"": 15.0, ""wind_failures"": 7.0, ""wind_protective_stop_hours"": 1073.0}",4046117.779450702,load_first_three_online,training,4,2026091701,"{""battery_energy"": 40, ""diesel"": 4, ""pcs"": 4, ""pv"": 3, ""wind"": 5}",True,0.0625
,"training:(5, 3, 4, 40, 4):c1b16c40e93d24d01996b4bd81ccf0b9d616e7bef83b01e34c8697540ee6de0f:5",0.0,"{""battery_charge_kwh"": 478.7082473312663, ""battery_discharge_kwh"": 370.71166673333494, ""diesel_fuel_kg"": 267300.7101702692, ""diesel_kwh"": 1202853.1957661677, ""diesel_online_hours"": 26278.0, ""diesel_run_failures"": 6.0, ""dump_load_kw"": 0, ""energy_inventory_change_kwh"": 0.0, ""final_state"": {""diesel_states"": [{""demands"": 3, ""healthy"": true, ""min_down"": 0, ""min_up"": 0, ""onsite"": false, ""pending"": false, ""prep"": 3, ""repair_until"": 5953, ""running"": true, ""runtime"": 6625}, {""demands"": 2, ""healthy"": true, ""min_down"": 0, ""min_up"": 0, ""onsite"": false, ""pending"": false, ""prep"": 3, ""repair_until"": 293, ""running"": true, ""runtime"": 7677}, {""demands"": 3, ""healthy"": true, ""min_down"": 0, ""min_up"": 0, ""onsite"": false, ""pending"": false, ""prep"": 3, ""repair_until"": -1, ""running"": true, ""runtime"": 7959}, {""demands"": 5, ""healthy"": true, ""min_down"": 0, ""min_up"": 0, ""onsite"": false, ""pending"": false, ""prep"": 3, ""repair_until"": 8372, ""running"": false, ""runtime"": 5004}], ""energy_kwh"": 1700.0, ""online"": 3, ""other_repair_until"": {""pcs"": [-1000000000000000, -1000000000000000, -1000000000000000, -1000000000000000], ""pv"": [-1000000000000000, 5835, 5905], ""wind"": [4640, 634, 6318, -1000000000000000, 7505]}, ""temperatures_c"": [5.0, 5.0, 5.0, 5.0]}, ""forecast_basis"": ""current_measurements_only"", ""heater_kwh"": 70888.265003907, ""initial_state"": {""diesel_states"": [{""demands"": 1, ""healthy"": true, ""min_down"": 0, ""min_up"": 0, ""onsite"": false, ""pending"": false, ""prep"": 3, ""repair_until"": -1, ""running"": true, ""runtime"": 333}, {""demands"": 1, ""healthy"": true, ""min_down"": 0, ""min_up"": 0, ""onsite"": false, ""pending"": false, ""prep"": 3, ""repair_until"": -1, ""running"": true, ""runtime"": 329}, {""demands"": 1, ""healthy"": true, ""min_down"": 0, ""min_up"": 0, ""onsite"": false, ""pending"": false, ""prep"": 3, ""repair_until"": -1, ""running"": true, ""runtime"": 325}, {""demands"": 0, ""healthy"": true, ""min_down"": 0, ""min_up"": 0, ""onsite"": false, ""pending"": false, ""prep"": 0.0, ""repair_until"": -1, ""running"": false, ""runtime"": 0}], ""energy_kwh"": 1700.0, ""online"": 3, ""temperatures_c"": [5.0, 5.0, 5.0, -0.4917950249892792]}, ""longest_shed_hours"": 0.0, ""max_balance_residual_kw"": 2.842170943040401e-14, ""max_soc_residual_kwh"": 1.1368683772161603e-13, ""operating_cost_basis"": ""same_executed_policy"", ""pcs_failures"": 0.0, ""pv_failures"": 2.0, ""repair_clock"": ""calendar_reference"", ""shed_hours"": 0.0, ""start_failures"": 0.0, ""starts"": 10.0, ""unserved_heater_command_kwh"": 0.0, ""wait_access_unit_hours"": 1.0, ""wait_crew_unit_hours"": 0.0, ""wait_heat_unit_hours"": 0.0, ""wait_prep_unit_hours"": 15.0, ""wind_failures"": 5.0, ""wind_protective_stop_hours"": 1073.0}",4009510.6525538876,load_first_three_online,training,5,2026091701,"{""battery_energy"": 40, ""diesel"": 4, ""pcs"": 4, ""pv"": 3, ""wind"": 5}",True,0.0625
,"training:(5, 3, 4, 40, 4):c1b16c40e93d24d01996b4bd81ccf0b9d616e7bef83b01e34c8697540ee6de0f:6",0.0,"{""battery_charge_kwh"": 893.0677514634982, ""battery_discharge_kwh"": 691.5916667333348, ""diesel_fuel_kg"": 268807.10069890425, ""diesel_kwh"": 1209631.9531450253, ""diesel_online_hours"": 26267.0, ""diesel_run_failures"": 21.0, ""dump_load_kw"": 0, ""energy_inventory_change_kwh"": 0.0, ""final_state"": {""diesel_states"": [{""demands"": 4, ""healthy"": true, ""min_down"": 0, ""min_up"": 0, ""onsite"": false, ""pending"": false, ""prep"": 3, ""repair_until"": 4966, ""running"": true, ""runtime"": 7685}, {""demands"": 4, ""healthy"": true, ""min_down"": 0, ""min_up"": 0, ""onsite"": false, ""pending"": false, ""prep"": 3, ""repair_until"": 7099, ""running"": true, ""runtime"": 7168}, {""demands"": 11, ""healthy"": true, ""min_down"": 0, ""min_up"": 0, ""onsite"": false, ""pending"": false, ""prep"": 3, ""repair_until"": 8413, ""running"": true, ""runtime"": 7242}, {""demands"": 11, ""healthy"": true, ""min_down"": 0, ""min_up"": 0, ""onsite"": false, ""pending"": false, ""prep"": 3, ""repair_until"": 8520, ""running"": false, ""runtime"": 5159}], ""energy_kwh"": 1700.0, ""online"": 3, ""other_repair_until"": {""pcs"": [-1000000000000000, -1000000000000000, -1000000000000000, -1000000000000000], ""pv"": [6409, 6536, 1697], ""wind"": [8207, 4906, 8168, 3907, -212]}, ""temperatures_c"": [5.0, 5.0, 5.0, 5.0]}, ""forecast_basis"": ""current_measurements_only"", ""heater_kwh"": 70664.20094227356, ""initial_state"": {""diesel_states"": [{""demands"": 1, ""healthy"": true, ""min_down"": 0, ""min_up"": 0, ""onsite"": false, ""pending"": false, ""prep"": 3, ""repair_until"": -1, ""running"": true, ""runtime"": 333}, {""demands"": 1, ""healthy"": true, ""min_down"": 0, ""min_up"": 0, ""onsite"": false, ""pending"": false, ""prep"": 3, ""repair_until"": -1, ""running"": true, ""runtime"": 329}, {""demands"": 1, ""healthy"": true, ""min_down"": 0, ""min_up"": 0, ""onsite"": false, ""pending"": false, ""prep"": 3, ""repair_until"": -1, ""running"": true, ""runtime"": 325}, {""demands"": 0, ""healthy"": true, ""min_down"": 0, ""min_up"": 0, ""onsite"": false, ""pending"": false, ""prep"": 0.0, ""repair_until"": -1, ""running"": false, ""runtime"": 0}], ""energy_kwh"": 1700.0, ""online"": 3, ""temperatures_c"": [5.0, 5.0, 5.0, -0.4917950249892792]}, ""longest_shed_hours"": 0.0, ""max_balance_residual_kw"": 2.842170943040401e-14, ""max_soc_residual_kwh"": 1.1368683772161603e-13, ""operating_cost_basis"": ""same_executed_policy"", ""pcs_failures"": 0.0, ""pv_failures"": 4.0, ""repair_clock"": ""calendar_reference"", ""shed_hours"": 0.0, ""start_failures"": 0.0, ""starts"": 27.0, ""unserved_heater_command_kwh"": 0.0, ""wait_access_unit_hours"": 1.0, ""wait_crew_unit_hours"": 0.0, ""wait_heat_unit_hours"": 0.0, ""wait_prep_unit_hours"": 21.0, ""wind_failures"": 7.0, ""wind_protective_stop_hours"": 1073.0}",4032106.510483412,load_first_three_online,training,6,2026091701,"{""battery_energy"": 40, ""diesel"": 4, ""pcs"": 4, ""pv"": 3, ""wind"": 5}",True,0.0625
,"training:(5, 3, 4, 40, 4):c1b16c40e93d24d01996b4bd81ccf0b9d616e7bef83b01e34c8697540ee6de0f:7",0.0,"{""battery_charge_kwh"": 2053.130739253328, ""battery_discharge_kwh"": 1589.944444477779, ""diesel_fuel_kg"": 267433.94401041133, ""diesel_kwh"": 1203452.748046806, ""diesel_online_hours"": 26207.0, ""diesel_run_failures"": 15.0, ""dump_load_kw"": 0, ""energy_inventory_change_kwh"": 0.0, ""final_state"": {""diesel_states"": [{""demands"": 5, ""healthy"": true, ""min_down"": 0, ""min_up"": 0, ""onsite"": false, ""pending"": false, ""prep"": 3, ""repair_until"": 8416, ""running"": false, ""runtime"": 7438}, {""demands"": 7, ""healthy"": true, ""min_down"": 0, ""min_up"": 0, ""onsite"": false, ""pending"": false, ""prep"": 3, ""repair_until"": 7784, ""running"": true, ""runtime"": 6802}, {""demands"": 8, ""healthy"": true, ""min_down"": 0, ""min_up"": 0, ""onsite"": false, ""pending"": false, ""prep"": 3, ""repair_until"": 6534, ""running"": true, ""runtime"": 6219}, {""demands"": 6, ""healthy"": true, ""min_down"": 0, ""min_up"": 0, ""onsite"": false, ""pending"": false, ""prep"": 3, ""repair_until"": 7593, ""running"": true, ""runtime"": 6732}], ""energy_kwh"": 1700.0, ""online"": 3, ""other_repair_until"": {""pcs"": [-1000000000000000, -1000000000000000, -1000000000000000, -1000000000000000], ""pv"": [3717, -1000000000000000, 6504], ""wind"": [1426, 1272, 8425, 7271, -1000000000000000]}, ""temperatures_c"": [5.0, 5.0, 5.0, 5.0]}, ""forecast_basis"": ""current_measurements_only"", ""heater_kwh"": 70967.61078027803, ""initial_state"": {""diesel_states"": [{""demands"": 1, ""healthy"": true, ""min_down"": 0, ""min_up"": 0, ""onsite"": false, ""pending"": false, ""prep"": 3, ""repair_until"": -1, ""running"": true, ""runtime"": 333}, {""demands"": 1, ""healthy"": true, ""min_down"": 0, ""min_up"": 0, ""onsite"": false, ""pending"": false, ""prep"": 3, ""repair_until"": -192, ""running"": false, ""runtime"": 76}, {""demands"": 1, ""healthy"": true, ""min_down"": 0, ""min_up"": 0, ""onsite"": false, ""pending"": false, ""prep"": 3, ""repair_until"": -1, ""running"": true, ""runtime"": 325}, {""demands"": 1, ""healthy"": true, ""min_down"": 0, ""min_up"": 0, ""onsite"": false, ""pending"": false, ""prep"": 3, ""repair_until"": -1, ""running"": true, ""runtime"": 250}], ""energy_kwh"": 1700.0, ""online"": 3, ""temperatures_c"": [5.0, 5.0, 5.0, 5.0]}, ""longest_shed_hours"": 0.0, ""max_balance_residual_kw"": 2.842170943040401e-14, ""max_soc_residual_kwh"": 1.1368683772161603e-13, ""operating_cost_basis"": ""same_executed_policy"", ""pcs_failures"": 0.0, ""pv_failures"": 3.0, ""repair_clock"": ""calendar_reference"", ""shed_hours"": 0.0, ""start_failures"": 1.0, ""starts"": 21.0, ""unserved_heater_command_kwh"": 0.0, ""wait_access_unit_hours"": 21.0, ""wait_crew_unit_hours"": 0.0, ""wait_heat_unit_hours"": 0.0, ""wait_prep_unit_hours"": 18.0, ""wind_failures"": 7.0, ""wind_protective_stop_hours"": 1073.0}",4011509.1601560125,load_first_three_online,training,7,2026091701,"{""battery_energy"": 40, ""diesel"": 4, ""pcs"": 4, ""pv"": 3, ""wind"": 5}",True,0.0625
,"training:(5, 3, 4, 40, 4):c1b16c40e93d24d01996b4bd81ccf0b9d616e7bef83b01e34c8697540ee6de0f:8",0.0,"{""battery_charge_kwh"": 906.605113679407, ""battery_discharge_kwh"": 702.0750000333345, ""diesel_fuel_kg"": 268720.36149003165, ""diesel_kwh"": 1209241.6267050984, ""diesel_online_hours"": 26207.0, ""diesel_run_failures"": 15.0, ""dump_load_kw"": 0, ""energy_inventory_change_kwh"": 0.0, ""final_state"": {""diesel_states"": [{""demands"": 3, ""healthy"": true, ""min_down"": 0, ""min_up"": 0, ""onsite"": false, ""pending"": false, ""prep"": 3, ""repair_until"": 8657, ""running"": false, ""runtime"": 8684}, {""demands"": 7, ""healthy"": true, ""min_down"": 0, ""min_up"": 0, ""onsite"": false, ""pending"": false, ""prep"": 3, ""repair_until"": 8079, ""running"": true, ""runtime"": 5709}, {""demands"": 7, ""healthy"": true, ""min_down"": 0, ""min_up"": 0, ""onsite"": false, ""pending"": false, ""prep"": 3, ""repair_until"": 8653, ""running"": true, ""runtime"": 6514}, {""demands"": 7, ""healthy"": true, ""min_down"": 0, ""min_up"": 0, ""onsite"": false, ""pending"": false, ""prep"": 3, ""repair_until"": 8566, ""running"": true, ""runtime"": 6284}], ""energy_kwh"": 1700.0, ""online"": 3, ""other_repair_until"": {""pcs"": [-1000000000000000, -1000000000000000, -1000000000000000, -1000000000000000], ""pv"": [-1000000000000000, 455, -1000000000000000], ""wind"": [2951, 5776, 3671, 8222, 93]}, ""temperatures_c"": [5.0, 5.0, 5.0, 5.0]}, ""forecast_basis"": ""current_measurements_only"", ""heater_kwh"": 70967.61078027803, ""initial_state"": {""diesel_states"": [{""demands"": 1, ""healthy"": true, ""min_down"": 0, ""min_up"": 0, ""onsite"": false, ""pending"": false, ""prep"": 3, ""repair_until"": -1, ""running"": true, ""runtime"": 333}, {""demands"": 1, ""healthy"": false, ""min_down"": 0, ""min_up"": 0, ""onsite"": false, ""pending"": false, ""prep"": 0.0, ""repair_until"": 11, ""running"": false, ""runtime"": 273}, {""demands"": 1, ""healthy"": true, ""min_down"": 0, ""min_up"": 0, ""onsite"": false, ""pending"": false, ""prep"": 3, ""repair_until"": -1, ""running"": true, ""runtime"": 325}, {""demands"": 1, ""healthy"": true, ""min_down"": 0, ""min_up"": 0, ""onsite"": false, ""pending"": false, ""prep"": 3, ""repair_until"": -1, ""running"": true, ""runtime"": 53}], ""energy_kwh"": 1700.0, ""online"": 3, ""temperatures_c"": [5.0, 5.0, 5.0, 5.0]}, ""longest_shed_hours"": 0.0, ""max_balance_residual_kw"": 2.842170943040401e-14, ""max_soc_residual_kwh"": 1.1368683772161603e-13, ""operating_cost_basis"": ""same_executed_policy"", ""pcs_failures"": 0.0, ""pv_failures"": 1.0, ""repair_clock"": ""calendar_reference"", ""shed_hours"": 0.0, ""start_failures"": 0.0, ""starts"": 20.0, ""unserved_heater_command_kwh"": 0.0, ""wait_access_unit_hours"": 0.0, ""wait_crew_unit_hours"": 0.0, ""wait_heat_unit_hours"": 0.0, ""wait_prep_unit_hours"": 15.0, ""wind_failures"": 6.0, ""wind_protective_stop_hours"": 1073.0}",4030805.422350322,load_first_three_online,training,8,2026091701,"{""battery_energy"": 40, ""diesel"": 4, ""pcs"": 4, ""pv"": 3, ""wind"": 5}",True,0.0625
,"training:(5, 3, 4, 40, 4):c1b16c40e93d24d01996b4bd81ccf0b9d616e7bef83b01e34c8697540ee6de0f:9",213.46777777777797,"{""battery_charge_kwh"": 3108.259441087006, ""battery_discharge_kwh"": 2407.036111177779, ""diesel_fuel_kg"": 267657.2621067547, ""diesel_kwh"": 1204457.6794803466, ""diesel_online_hours"": 26239.0, ""diesel_run_failures"": 25.0, ""dump_load_kw"": 0, ""energy_inventory_change_kwh"": 0.0, ""final_state"": {""diesel_states"": [{""demands"": 7, ""healthy"": true, ""min_down"": 0, ""min_up"": 0, ""onsite"": false, ""pending"": false, ""prep"": 3, ""repair_until"": 8445, ""running"": false, ""runtime"": 6507}, {""demands"": 10, ""healthy"": true, ""min_down"": 0, ""min_up"": 0, ""onsite"": false, ""pending"": false, ""prep"": 3, ""repair_until"": 8228, ""running"": true, ""runtime"": 7136}, {""demands"": 8, ""healthy"": true, ""min_down"": 0, ""min_up"": 0, ""onsite"": false, ""pending"": false, ""prep"": 3, ""repair_until"": 7622, ""running"": true, ""runtime"": 7006}, {""demands"": 10, ""healthy"": true, ""min_down"": 0, ""min_up"": 0, ""onsite"": false, ""pending"": false, ""prep"": 3, ""repair_until"": 6955, ""running"": true, ""runtime"": 6574}], ""energy_kwh"": 1700.0, ""online"": 3, ""other_repair_until"": {""pcs"": [-1000000000000000, -1000000000000000, -1000000000000000, -1000000000000000], ""pv"": [4034, 184, 3196], ""wind"": [-1000000000000000, 1304, 8576, -1000000000000000, -1000000000000000]}, ""temperatures_c"": [5.0, 5.0, 5.0, 5.0]}, ""forecast_basis"": ""current_measurements_only"", ""heater_kwh"": 70951.17303059425, ""initial_state"": {""diesel_states"": [{""demands"": 1, ""healthy"": true, ""min_down"": 0, ""min_up"": 0, ""onsite"": false, ""pending"": false, ""prep"": 3, ""repair_until"": -114, ""running"": false, ""runtime"": 215}, {""demands"": 1, ""healthy"": true, ""min_down"": 0, ""min_up"": 0, ""onsite"": false, ""pending"": false, ""prep"": 3, ""repair_until"": -1, ""running"": true, ""runtime"": 329}, {""demands"": 2, ""healthy"": true, ""min_down"": 0, ""min_up"": 0, ""onsite"": false, ""pending"": false, ""prep"": 3, ""repair_until"": -129, ""running"": true, ""runtime"": 286}, {""demands"": 1, ""healthy"": true, ""min_down"": 0, ""min_up"": 0, ""onsite"": false, ""pending"": false, ""prep"": 3, ""repair_until"": -1, ""running"": true, ""runtime"": 154}], ""energy_kwh"": 1700.0, ""online"": 3, ""temperatures_c"": [5.0, 5.0, 5.0, 5.0]}, ""longest_shed_hours"": 5, ""max_balance_residual_kw"": 2.842170943040401e-14, ""max_soc_residual_kwh"": 1.1368683772161603e-13, ""operating_cost_basis"": ""same_executed_policy"", ""pcs_failures"": 0.0, ""pv_failures"": 4.0, ""repair_clock"": ""calendar_reference"", ""shed_hours"": 5.0, ""start_failures"": 0.0, ""starts"": 30.0, ""unserved_heater_command_kwh"": 164.9440546384023, ""wait_access_unit_hours"": 10.0, ""wait_crew_unit_hours"": 0.0, ""wait_heat_unit_hours"": 4.0, ""wait_prep_unit_hours"": 15.0, ""wind_failures"": 3.0, ""wind_protective_stop_hours"": 1073.0}",4014858.9316011528,load_first_three_online,training,9,2026091701,"{""battery_energy"": 40, ""diesel"": 4, ""pcs"": 4, ""pv"": 3, ""wind"": 5}",True,0.0625
,"training:(5, 3, 4, 40, 4):c1b16c40e93d24d01996b4bd81ccf0b9d616e7bef83b01e34c8697540ee6de0f:10",0.0,"{""battery_charge_kwh"": 615.8380683970372, ""battery_discharge_kwh"": 476.9050001666682, ""diesel_fuel_kg"": 267323.82977831556, ""diesel_kwh"": 1202957.234002376, ""diesel_online_hours"": 26278.0, ""diesel_run_failures"": 15.0, ""dump_load_kw"": 0, ""energy_inventory_change_kwh"": 0.0, ""final_state"": {""diesel_states"": [{""demands"": 3, ""healthy"": true, ""min_down"": 0, ""min_up"": 0, ""onsite"": false, ""pending"": false, ""prep"": 3, ""repair_until"": 8335, ""running"": true, ""runtime"": 8551}, {""demands"": 4, ""healthy"": true, ""min_down"": 0, ""min_up"": 0, ""onsite"": false, ""pending"": false, ""prep"": 3, ""repair_until"": 5631, ""running"": true, ""runtime"": 8216}, {""demands"": 9, ""healthy"": true, ""min_down"": 0, ""min_up"": 0, ""onsite"": false, ""pending"": false, ""prep"": 3, ""repair_until"": 7813, ""running"": true, ""runtime"": 5686}, {""demands"": 5, ""healthy"": true, ""min_down"": 0, ""min_up"": 0, ""onsite"": false, ""pending"": false, ""prep"": 3, ""repair_until"": 8706, ""running"": false, ""runtime"": 4812}], ""energy_kwh"": 1700.0, ""online"": 3, ""other_repair_until"": {""pcs"": [6239, -1000000000000000, -1000000000000000, -1000000000000000], ""pv"": [2126, 7660, -1000000000000000], ""wind"": [-1000000000000000, 8344, 6123, 8313, -1000000000000000]}, ""temperatures_c"": [5.0, 5.0, 5.0, 5.0]}, ""forecast_basis"": ""current_measurements_only"", ""heater_kwh"": 69932.2360123749, ""initial_state"": {""diesel_states"": [{""demands"": 1, ""healthy"": true, ""min_down"": 0, ""min_up"": 0, ""onsite"": false, ""pending"": false, ""prep"": 3, ""repair_until"": -1, ""running"": true, ""runtime"": 333}, {""demands"": 1, ""healthy"": true, ""min_down"": 0, ""min_up"": 0, ""onsite"": false, ""pending"": false, ""prep"": 3, ""repair_until"": -1, ""running"": true, ""runtime"": 329}, {""demands"": 1, ""healthy"": true, ""min_down"": 0, ""min_up"": 0, ""onsite"": false, ""pending"": false, ""prep"": 3, ""repair_until"": -1, ""running"": true, ""runtime"": 325}, {""demands"": 0, ""healthy"": true, ""min_down"": 0, ""min_up"": 0, ""onsite"": false, ""pending"": false, ""prep"": 0.0, ""repair_until"": -1, ""running"": false, ""runtime"": 0}], ""energy_kwh"": 1700.0, ""online"": 3, ""temperatures_c"": [5.0, 5.0, 5.0, -0.4917950249892792]}, ""longest_shed_hours"": 0.0, ""max_balance_residual_kw"": 2.842170943040401e-14, ""max_soc_residual_kwh"": 1.1368683772161603e-13, ""operating_cost_basis"": ""same_executed_policy"", ""pcs_failures"": 1.0, ""pv_failures"": 4.0, ""repair_clock"": ""calendar_reference"", ""shed_hours"": 0.0, ""start_failures"": 0.0, ""starts"": 18.0, ""unserved_heater_command_kwh"": 0.0, ""wait_access_unit_hours"": 2.0, ""wait_crew_unit_hours"": 0.0, ""wait_heat_unit_hours"": 0.0, ""wait_prep_unit_hours"": 12.0, ""wind_failures"": 8.0, ""wind_protective_stop_hours"": 1073.0}",4009857.4466745816,load_first_three_online,training,10,2026091701,"{""battery_energy"": 40, ""diesel"": 4, ""pcs"": 4, ""pv"": 3, ""wind"": 5}",True,0.0625
,"training:(5, 3, 4, 40, 4):c1b16c40e93d24d01996b4bd81ccf0b9d616e7bef83b01e34c8697540ee6de0f:11",0.0,"{""battery_charge_kwh"": 1150.20158989038, ""battery_discharge_kwh"": 890.7161112111123, ""diesel_fuel_kg"": 269024.2677748409, ""diesel_kwh"": 1210609.2049867394, ""diesel_online_hours"": 26271.0, ""diesel_run_failures"": 16.0, ""dump_load_kw"": 0, ""energy_inventory_change_kwh"": 0.0, ""final_state"": {""diesel_states"": [{""demands"": 4, ""healthy"": true, ""min_down"": 0, ""min_up"": 0, ""onsite"": false, ""pending"": false, ""prep"": 3, ""repair_until"": 4676, ""running"": true, ""runtime"": 8743}, {""demands"": 7, ""healthy"": true, ""min_down"": 0, ""min_up"": 0, ""onsite"": false, ""pending"": false, ""prep"": 3, ""repair_until"": 7431, ""running"": true, ""runtime"": 5655}, {""demands"": 7, ""healthy"": true, ""min_down"": 0, ""min_up"": 0, ""onsite"": false, ""pending"": false, ""prep"": 3, ""repair_until"": 8554, ""running"": false, ""runtime"": 7150}, {""demands"": 7, ""healthy"": true, ""min_down"": 0, ""min_up"": 0, ""onsite"": false, ""pending"": false, ""prep"": 3, ""repair_until"": 4455, ""running"": true, ""runtime"": 5710}], ""energy_kwh"": 1700.0, ""online"": 3, ""other_repair_until"": {""pcs"": [650, -1000000000000000, -1000000000000000, -1000000000000000], ""pv"": [8167, 8644, 5745], ""wind"": [4662, 8741, 2037, 7534, 4626]}, ""temperatures_c"": [5.0, 5.0, 5.0, 5.0]}, ""forecast_basis"": ""current_measurements_only"", ""heater_kwh"": 70913.03799594469, ""initial_state"": {""diesel_states"": [{""demands"": 1, ""healthy"": true, ""min_down"": 0, ""min_up"": 0, ""onsite"": false, ""pending"": false, ""prep"": 3, ""repair_until"": -1, ""running"": true, ""runtime"": 333}, {""demands"": 1, ""healthy"": true, ""min_down"": 0, ""min_up"": 0, ""onsite"": false, ""pending"": false, ""prep"": 3, ""repair_until"": -1, ""running"": true, ""runtime"": 329}, {""demands"": 1, ""healthy"": true, ""min_down"": 0, ""min_up"": 0, ""onsite"": false, ""pending"": false, ""prep"": 3, ""repair_until"": -1, ""running"": true, ""runtime"": 325}, {""demands"": 0, ""healthy"": true, ""min_down"": 0, ""min_up"": 0, ""onsite"": false, ""pending"": false, ""prep"": 0.0, ""repair_until"": -1, ""running"": false, ""runtime"": 0}], ""energy_kwh"": 1700.0, ""online"": 3, ""temperatures_c"": [5.0, 5.0, 5.0, -0.4917950249892792]}, ""longest_shed_hours"": 0.0, ""max_balance_residual_kw"": 2.842170943040401e-14, ""max_soc_residual_kwh"": 1.1368683772161603e-13, ""operating_cost_basis"": ""same_executed_policy"", ""pcs_failures"": 1.0, ""pv_failures"": 6.0, ""repair_clock"": ""calendar_reference"", ""shed_hours"": 0.0, ""start_failures"": 0.0, ""starts"": 22.0, ""unserved_heater_command_kwh"": 0.0, ""wait_access_unit_hours"": 2.0, ""wait_crew_unit_hours"": 0.0, ""wait_heat_unit_hours"": 0.0, ""wait_prep_unit_hours"": 21.0, ""wind_failures"": 9.0, ""wind_protective_stop_hours"": 1073.0}",4035364.0166224525,load_first_three_online,training,11,2026091701,"{""battery_energy"": 40, ""diesel"": 4, ""pcs"": 4, ""pv"": 3, ""wind"": 5}",True,0.0625
,"training:(5, 3, 4, 40, 4):c1b16c40e93d24d01996b4bd81ccf0b9d616e7bef83b01e34c8697540ee6de0f:12",0.0,"{""battery_charge_kwh"": 575.7059229511013, ""battery_discharge_kwh"": 445.82666673333483, ""diesel_fuel_kg"": 266976.8610344405, ""diesel_kwh"": 1201395.8746549347, ""diesel_online_hours"": 26279.0, ""diesel_run_failures"": 11.0, ""dump_load_kw"": 0, ""energy_inventory_change_kwh"": 0.0, ""final_state"": {""diesel_states"": [{""demands"": 3, ""healthy"": true, ""min_down"": 0, ""min_up"": 0, ""onsite"": false, ""pending"": false, ""prep"": 3, ""repair_until"": 4489, ""running"": true, ""runtime"": 8289}, {""demands"": 3, ""healthy"": true, ""min_down"": 0, ""min_up"": 0, ""onsite"": false, ""pending"": false, ""prep"": 3, ""repair_until"": 7816, ""running"": false, ""runtime"": 6574}, {""demands"": 5, ""healthy"": true, ""min_down"": 0, ""min_up"": 0, ""onsite"": false, ""pending"": false, ""prep"": 3, ""repair_until"": 5718, ""running"": true, ""runtime"": 6578}, {""demands"": 8, ""healthy"": true, ""min_down"": 0, ""min_up"": 0, ""onsite"": false, ""pending"": false, ""prep"": 3, ""repair_until"": 6869, ""running"": true, ""runtime"": 5825}], ""energy_kwh"": 1700.0, ""online"": 3, ""other_repair_until"": {""pcs"": [3811, -1000000000000000, -1000000000000000, -1000000000000000], ""pv"": [-1000000000000000, -1000000000000000, 5314], ""wind"": [4736, 8412, -1000000000000000, 4079, -1000000000000000]}, ""temperatures_c"": [5.0, 5.0, 5.0, 5.0]}, ""forecast_basis"": ""current_measurements_only"", ""heater_kwh"": 70851.10708492316, ""initial_state"": {""diesel_states"": [{""demands"": 1, ""healthy"": true, ""min_down"": 0, ""min_up"": 0, ""onsite"": false, ""pending"": false, ""prep"": 3, ""repair_until"": -1, ""running"": true, ""runtime"": 333}, {""demands"": 1, ""healthy"": true, ""min_down"": 0, ""min_up"": 0, ""onsite"": false, ""pending"": false, ""prep"": 3, ""repair_until"": -1, ""running"": true, ""runtime"": 329}, {""demands"": 1, ""healthy"": true, ""min_down"": 0, ""min_up"": 0, ""onsite"": false, ""pending"": false, ""prep"": 3, ""repair_until"": -1, ""running"": true, ""runtime"": 325}, {""demands"": 0, ""healthy"": true, ""min_down"": 0, ""min_up"": 0, ""onsite"": false, ""pending"": false, ""prep"": 0.0, ""repair_until"": -1, ""running"": false, ""runtime"": 0}], ""energy_kwh"": 1700.0, ""online"": 3, ""temperatures_c"": [5.0, 5.0, 5.0, -0.4917950249892792]}, ""longest_shed_hours"": 0.0, ""max_balance_residual_kw"": 2.842170943040401e-14, ""max_soc_residual_kwh"": 1.1368683772161603e-13, ""operating_cost_basis"": ""same_executed_policy"", ""pcs_failures"": 1.0, ""pv_failures"": 1.0, ""repair_clock"": ""calendar_reference"", ""shed_hours"": 0.0, ""start_failures"": 0.0, ""starts"": 16.0, ""unserved_heater_command_kwh"": 0.0, ""wait_access_unit_hours"": 1.0, ""wait_crew_unit_hours"": 0.0, ""wait_heat_unit_hours"": 0.0, ""wait_prep_unit_hours"": 18.0, ""wind_failures"": 5.0, ""wind_protective_stop_hours"": 1073.0}",4004652.9155164436,load_first_three_online,training,12,2026091701,"{""battery_energy"": 40, ""diesel"": 4, ""pcs"": 4, ""pv"": 3, ""wind"": 5}",True,0.0625
,"training:(5, 3, 4, 40, 4):c1b16c40e93d24d01996b4bd81ccf0b9d616e7bef83b01e34c8697540ee6de0f:13",0.0,"{""battery_charge_kwh"": 935.646952479338, ""battery_discharge_kwh"": 724.5650000000015, ""diesel_fuel_kg"": 267568.1409173554, ""diesel_kwh"": 1204056.6341280553, ""diesel_online_hours"": 26271.0, ""diesel_run_failures"": 13.0, ""dump_load_kw"": 0, ""energy_inventory_change_kwh"": 0.0, ""final_state"": {""diesel_states"": [{""demands"": 7, ""healthy"": true, ""min_down"": 0, ""min_up"": 0, ""onsite"": false, ""pending"": false, ""prep"": 3, ""repair_until"": 7624, ""running"": true, ""runtime"": 5161}, {""demands"": 4, ""healthy"": true, ""min_down"": 0, ""min_up"": 0, ""onsite"": false, ""pending"": false, ""prep"": 3, ""repair_until"": 8406, ""running"": false, ""runtime"": 8390}, {""demands"": 8, ""healthy"": true, ""min_down"": 0, ""min_up"": 0, ""onsite"": false, ""pending"": false, ""prep"": 3, ""repair_until"": 7748, ""running"": true, ""runtime"": 5492}, {""demands"": 5, ""healthy"": true, ""min_down"": 0, ""min_up"": 0, ""onsite"": false, ""pending"": false, ""prep"": 3, ""repair_until"": -1, ""running"": true, ""runtime"": 8215}], ""energy_kwh"": 1700.0, ""online"": 3, ""other_repair_until"": {""pcs"": [-1000000000000000, -1000000000000000, -1000000000000000, -1000000000000000], ""pv"": [-1000000000000000, 6083, 4269], ""wind"": [5081, 8659, -1000000000000000, -1000000000000000, -1000000000000000]}, ""temperatures_c"": [5.0, 5.0, 5.0, 5.0]}, ""forecast_basis"": ""current_measurements_only"", ""heater_kwh"": 70903.06954245121, ""initial_state"": {""diesel_states"": [{""demands"": 1, ""healthy"": true, ""min_down"": 0, ""min_up"": 0, ""onsite"": false, ""pending"": false, ""prep"": 3, ""repair_until"": -1, ""running"": true, ""runtime"": 333}, {""demands"": 1, ""healthy"": true, ""min_down"": 0, ""min_up"": 0, ""onsite"": false, ""pending"": false, ""prep"": 3, ""repair_until"": -1, ""running"": true, ""runtime"": 329}, {""demands"": 1, ""healthy"": true, ""min_down"": 0, ""min_up"": 0, ""onsite"": false, ""pending"": false, ""prep"": 3, ""repair_until"": -1, ""running"": true, ""runtime"": 325}, {""demands"": 0, ""healthy"": true, ""min_down"": 0, ""min_up"": 0, ""onsite"": false, ""pending"": false, ""prep"": 0.0, ""repair_until"": -1, ""running"": false, ""runtime"": 0}], ""energy_kwh"": 1700.0, ""online"": 3, ""temperatures_c"": [5.0, 5.0, 5.0, -0.4917950249892792]}, ""longest_shed_hours"": 0.0, ""max_balance_residual_kw"": 2.842170943040401e-14, ""max_soc_residual_kwh"": 1.1113332476497817e-13, ""operating_cost_basis"": ""same_executed_policy"", ""pcs_failures"": 0.0, ""pv_failures"": 4.0, ""repair_clock"": ""calendar_reference"", ""shed_hours"": 0.0, ""start_failures"": 1.0, ""starts"": 20.0, ""unserved_heater_command_kwh"": 0.0, ""wait_access_unit_hours"": 1.0, ""wait_crew_unit_hours"": 0.0, ""wait_heat_unit_hours"": 0.0, ""wait_prep_unit_hours"": 24.0, ""wind_failures"": 2.0, ""wind_protective_stop_hours"": 1073.0}",4013522.1137601775,load_first_three_online,training,13,2026091701,"{""battery_energy"": 40, ""diesel"": 4, ""pcs"": 4, ""pv"": 3, ""wind"": 5}",True,0.0625
,"training:(5, 3, 4, 40, 4):c1b16c40e93d24d01996b4bd81ccf0b9d616e7bef83b01e34c8697540ee6de0f:14",0.0,"{""battery_charge_kwh"": 1754.508867295109, ""battery_discharge_kwh"": 1358.6916668333342, ""diesel_fuel_kg"": 268642.0201508591, ""diesel_kwh"": 1208889.0906788206, ""diesel_online_hours"": 26269.0, ""diesel_run_failures"": 19.0, ""dump_load_kw"": 0, ""energy_inventory_change_kwh"": 0.0, ""final_state"": {""diesel_states"": [{""demands"": 6, ""healthy"": true, ""min_down"": 0, ""min_up"": 0, ""onsite"": false, ""pending"": false, ""prep"": 3, ""repair_until"": 6933, ""running"": true, ""runtime"": 7875}, {""demands"": 5, ""healthy"": true, ""min_down"": 0, ""min_up"": 0, ""onsite"": false, ""pending"": false, ""prep"": 3, ""repair_until"": 5283, ""running"": true, ""runtime"": 7539}, {""demands"": 7, ""healthy"": true, ""min_down"": 0, ""min_up"": 0, ""onsite"": false, ""pending"": false, ""prep"": 3, ""repair_until"": 7395, ""running"": false, ""runtime"": 6576}, {""demands"": 10, ""healthy"": true, ""min_down"": 0, ""min_up"": 0, ""onsite"": false, ""pending"": false, ""prep"": 3, ""repair_until"": 7135, ""running"": true, ""runtime"": 5266}], ""energy_kwh"": 1700.0, ""online"": 3, ""other_repair_until"": {""pcs"": [-1000000000000000, -1000000000000000, -1000000000000000, -1000000000000000], ""pv"": [7039, 481, -1000000000000000], ""wind"": [769, 3472, -1000000000000000, -1000000000000000, -1000000000000000]}, ""temperatures_c"": [5.0, 5.0, 5.0, 5.0]}, ""forecast_basis"": ""current_measurements_only"", ""heater_kwh"": 70497.8806105585, ""initial_state"": {""diesel_states"": [{""demands"": 1, ""healthy"": true, ""min_down"": 0, ""min_up"": 0, ""onsite"": false, ""pending"": false, ""prep"": 3, ""repair_until"": -1, ""running"": true, ""runtime"": 333}, {""demands"": 1, ""healthy"": true, ""min_down"": 0, ""min_up"": 0, ""onsite"": false, ""pending"": false, ""prep"": 3, ""repair_until"": -1, ""running"": true, ""runtime"": 329}, {""demands"": 1, ""healthy"": true, ""min_down"": 0, ""min_up"": 0, ""onsite"": false, ""pending"": false, ""prep"": 3, ""repair_until"": -1, ""running"": true, ""runtime"": 325}, {""demands"": 0, ""healthy"": true, ""min_down"": 0, ""min_up"": 0, ""onsite"": false, ""pending"": false, ""prep"": 0.0, ""repair_until"": -1, ""running"": false, ""runtime"": 0}], ""energy_kwh"": 1700.0, ""online"": 3, ""temperatures_c"": [5.0, 5.0, 5.0, -0.4917950249892792]}, ""longest_shed_hours"": 0.0, ""max_balance_residual_kw"": 2.842170943040401e-14, ""max_soc_residual_kwh"": 1.1368683772161603e-13, ""operating_cost_basis"": ""same_executed_policy"", ""pcs_failures"": 0.0, ""pv_failures"": 2.0, ""repair_clock"": ""calendar_reference"", ""shed_hours"": 0.0, ""start_failures"": 0.0, ""starts"": 25.0, ""unserved_heater_command_kwh"": 0.0, ""wait_access_unit_hours"": 8.0, ""wait_crew_unit_hours"": 0.0, ""wait_heat_unit_hours"": 0.0, ""wait_prep_unit_hours"": 21.0, ""wind_failures"": 2.0, ""wind_protective_stop_hours"": 1073.0}",4029630.3022627314,load_first_three_online,training,14,2026091701,"{""battery_energy"": 40, ""diesel"": 4, ""pcs"": 4, ""pv"": 3, ""wind"": 5}",True,0.0625
,"training:(5, 3, 4, 40, 4):c1b16c40e93d24d01996b4bd81ccf0b9d616e7bef83b01e34c8697540ee6de0f:15",0.0,"{""battery_charge_kwh"": 742.2413051825064, ""battery_discharge_kwh"": 574.7916667333349, ""diesel_fuel_kg"": 269875.81886787567, ""diesel_kwh"": 1214441.1849054021, ""diesel_online_hours"": 26278.0, ""diesel_run_failures"": 10.0, ""dump_load_kw"": 0, ""energy_inventory_change_kwh"": 0.0, ""final_state"": {""diesel_states"": [{""demands"": 4, ""healthy"": true, ""min_down"": 0, ""min_up"": 0, ""onsite"": false, ""pending"": false, ""prep"": 3, ""repair_until"": 8297, ""running"": true, ""runtime"": 6100}, {""demands"": 5, ""healthy"": true, ""min_down"": 0, ""min_up"": 0, ""onsite"": false, ""pending"": false, ""prep"": 3, ""repair_until"": 8073, ""running"": true, ""runtime"": 7841}, {""demands"": 4, ""healthy"": true, ""min_down"": 0, ""min_up"": 0, ""onsite"": false, ""pending"": false, ""prep"": 3, ""repair_until"": 8468, ""running"": false, ""runtime"": 6327}, {""demands"": 5, ""healthy"": true, ""min_down"": 0, ""min_up"": 0, ""onsite"": false, ""pending"": false, ""prep"": 3, ""repair_until"": 2754, ""running"": true, ""runtime"": 6994}], ""energy_kwh"": 1700.0, ""online"": 3, ""other_repair_until"": {""pcs"": [-1000000000000000, -1000000000000000, -1000000000000000, -1000000000000000], ""pv"": [-1000000000000000, 1111, -1000000000000000], ""wind"": [7532, -1000000000000000, 6345, 6963, 7233]}, ""temperatures_c"": [5.0, 5.0, 5.0, 5.0]}, ""forecast_basis"": ""current_measurements_only"", ""heater_kwh"": 70967.61078027803, ""initial_state"": {""diesel_states"": [{""demands"": 1, ""healthy"": true, ""min_down"": 0, ""min_up"": 0, ""onsite"": false, ""pending"": false, ""prep"": 3, ""repair_until"": -1, ""running"": true, ""runtime"": 333}, {""demands"": 1, ""healthy"": true, ""min_down"": 0, ""min_up"": 0, ""onsite"": false, ""pending"": false, ""prep"": 3, ""repair_until"": -48, ""running"": false, ""runtime"": 278}, {""demands"": 1, ""healthy"": true, ""min_down"": 0, ""min_up"": 0, ""onsite"": false, ""pending"": false, ""prep"": 3, ""repair_until"": -1, ""running"": true, ""runtime"": 325}, {""demands"": 1, ""healthy"": true, ""min_down"": 0, ""min_up"": 0, ""onsite"": false, ""pending"": false, ""prep"": 3, ""repair_until"": -1, ""running"": true, ""runtime"": 48}], ""energy_kwh"": 1700.0, ""online"": 3, ""temperatures_c"": [5.0, 5.0, 5.0, 5.0]}, ""longest_shed_hours"": 0.0, ""max_balance_residual_kw"": 2.842170943040401e-14, ""max_soc_residual_kwh"": 1.1368683772161603e-13, ""operating_cost_basis"": ""same_executed_policy"", ""pcs_failures"": 0.0, ""pv_failures"": 1.0, ""repair_clock"": ""calendar_reference"", ""shed_hours"": 0.0, ""start_failures"": 0.0, ""starts"": 14.0, ""unserved_heater_command_kwh"": 0.0, ""wait_access_unit_hours"": 2.0, ""wait_crew_unit_hours"": 0.0, ""wait_heat_unit_hours"": 0.0, ""wait_prep_unit_hours"": 12.0, ""wind_failures"": 7.0, ""wind_protective_stop_hours"": 1073.0}",4048137.2830180014,load_first_three_online,training,15,2026091701,"{""battery_energy"": 40, ""diesel"": 4, ""pcs"": 4, ""pv"": 3, ""wind"": 5}",True,0.0625
,"holdout:(5, 3, 4, 40, 4):c1b16c40e93d24d01996b4bd81ccf0b9d616e7bef83b01e34c8697540ee6de0f:0",0.0,"{""shed_hours"": 0.0, ""longest_shed_hours"": 0.0, ""heater_kwh"": 70967.61078027803, ""diesel_kwh"": 1206286.595451655, ""diesel_fuel_kg"": 268063.68787815614, ""battery_discharge_kwh"": 570.5116667333347, ""battery_charge_kwh"": 736.7144456783745, ""starts"": 23.0, ""start_failures"": 0.0, ""diesel_run_failures"": 17.0, ""diesel_online_hours"": 26272.0, ""wind_failures"": 4.0, ""pv_failures"": 4.0, ""pcs_failures"": 1.0, ""wind_protective_stop_hours"": 1073.0, ""wait_access_unit_hours"": 1.0, ""wait_crew_unit_hours"": 0.0, ""wait_prep_unit_hours"": 18.0, ""wait_heat_unit_hours"": 0.0, ""unserved_heater_command_kwh"": 0.0, ""max_balance_residual_kw"": 2.842170943040401e-14, ""max_soc_residual_kwh"": 1.1368683772161603e-13, ""initial_state"": {""energy_kwh"": 1700.0, ""temperatures_c"": [5.0, 5.0, 5.0, 5.0], ""online"": 3, ""diesel_states"": [{""healthy"": true, ""running"": true, ""pending"": false, ""onsite"": false, ""prep"": 3, ""min_up"": 0, ""min_down"": 0, ""repair_until"": -1, ""runtime"": 333, ""demands"": 1}, {""healthy"": true, ""running"": true, ""pending"": false, ""onsite"": false, ""prep"": 3, ""min_up"": 0, ""min_down"": 0, ""repair_until"": -1, ""runtime"": 329, ""demands"": 1}, {""healthy"": false, ""running"": false, ""pending"": false, ""onsite"": false, ""prep"": 0.0, ""min_up"": 0, ""min_down"": 0, ""repair_until"": 17, ""runtime"": 295, ""demands"": 1}, {""healthy"": true, ""running"": true, ""pending"": false, ""onsite"": false, ""prep"": 3, ""min_up"": 0, ""min_down"": 0, ""repair_until"": -1, ""runtime"": 27, ""demands"": 1}]}, ""final_state"": {""energy_kwh"": 1700.0, ""temperatures_c"": [5.0, 5.0, 5.0, 5.0], ""online"": 3, ""diesel_states"": [{""healthy"": true, ""running"": true, ""pending"": false, ""onsite"": false, ""prep"": 3, ""min_up"": 0, ""min_down"": 0, ""repair_until"": 8565, ""runtime"": 7390, ""demands"": 7}, {""healthy"": true, ""running"": true, ""pending"": false, ""onsite"": false, ""prep"": 3, ""min_up"": 0, ""min_down"": 0, ""repair_until"": 8631, ""runtime"": 8152, ""demands"": 4}, {""healthy"": true, ""running"": true, ""pending"": false, ""onsite"": false, ""prep"": 3, ""min_up"": 0, ""min_down"": 0, ""repair_until"": 5218, ""runtime"": 7923, ""demands"": 7}, {""healthy"": true, ""running"": false, ""pending"": false, ""onsite"": false, ""prep"": 3, ""min_up"": 0, ""min_down"": 0, ""repair_until"": 8667, ""runtime"": 3791, ""demands"": 9}], ""other_repair_until"": {""wind"": [7826, 4710, -1000000000000000, 5999, 3440], ""pv"": [-1000000000000000, 6040, 539], ""pcs"": [-1000000000000000, -1000000000000000, -1000000000000000, 5453]}}, ""energy_inventory_change_kwh"": 0.0, ""forecast_basis"": ""current_measurements_only"", ""dump_load_kw"": 0, ""repair_clock"": ""calendar_reference"", ""operating_cost_basis"": ""same_executed_policy""}",4020955.31817218,load_first_three_online,holdout,0,2026091702,"{""wind"": 5, ""pv"": 3, ""diesel"": 4, ""battery_energy"": 40, ""pcs"": 4}",True,0.0078125
,"holdout:(5, 3, 4, 40, 4):c1b16c40e93d24d01996b4bd81ccf0b9d616e7bef83b01e34c8697540ee6de0f:1",0.0,"{""shed_hours"": 0.0, ""longest_shed_hours"": 0.0, ""heater_kwh"": 70967.61078027803, ""diesel_kwh"": 1208537.627173241, ""diesel_fuel_kg"": 268563.91714961943, ""battery_discharge_kwh"": 1266.2261111444457, ""battery_charge_kwh"": 1635.106031953053, ""starts"": 24.0, ""start_failures"": 0.0, ""diesel_run_failures"": 16.0, ""diesel_online_hours"": 26256.0, ""wind_failures"": 5.0, ""pv_failures"": 2.0, ""pcs_failures"": 0.0, ""wind_protective_stop_hours"": 1073.0, ""wait_access_unit_hours"": 37.0, ""wait_crew_unit_hours"": 1.0, ""wait_prep_unit_hours"": 24.0, ""wait_heat_unit_hours"": 0.0, ""unserved_heater_command_kwh"": 0.0, ""max_balance_residual_kw"": 2.842170943040401e-14, ""max_soc_residual_kwh"": 1.1368683772161603e-13, ""initial_state"": {""energy_kwh"": 1700.0, ""temperatures_c"": [5.0, 5.0, 5.0, 5.0], ""online"": 3, ""diesel_states"": [{""healthy"": true, ""running"": true, ""pending"": false, ""onsite"": false, ""prep"": 3, ""min_up"": 0, ""min_down"": 0, ""repair_until"": -1, ""runtime"": 333, ""demands"": 1}, {""healthy"": true, ""running"": true, ""pending"": false, ""onsite"": false, ""prep"": 3, ""min_up"": 0, ""min_down"": 0, ""repair_until"": -1, ""runtime"": 329, ""demands"": 1}, {""healthy"": true, ""running"": false, ""pending"": false, ""onsite"": false, ""prep"": 3, ""min_up"": 0, ""min_down"": 0, ""repair_until"": -37, ""runtime"": 265, ""demands"": 1}, {""healthy"": true, ""running"": true, ""pending"": false, ""onsite"": false, ""prep"": 3, ""min_up"": 0, ""min_down"": 0, ""repair_until"": -1, ""runtime"": 57, ""demands"": 1}]}, ""final_state"": {""energy_kwh"": 1700.0, ""temperatures_c"": [5.0, 5.0, 5.0, 5.0], ""online"": 3, ""diesel_states"": [{""healthy"": true, ""running"": false, ""pending"": false, ""onsite"": false, ""prep"": 3, ""min_up"": 0, ""min_down"": 0, ""repair_until"": 8749, ""runtime"": 7693, ""demands"": 4}, {""healthy"": true, ""running"": true, ""pending"": false, ""onsite"": false, ""prep"": 3, ""min_up"": 0, ""min_down"": 0, ""repair_until"": 8000, ""runtime"": 7301, ""demands"": 7}, {""healthy"": true, ""running"": true, ""pending"": false, ""onsite"": false, ""prep"": 3, ""min_up"": 0, ""min_down"": 0, ""repair_until"": 6586, ""runtime"": 5019, ""demands"": 9}, {""healthy"": true, ""running"": true, ""pending"": false, ""onsite"": false, ""prep"": 3, ""min_up"": 0, ""min_down"": 0, ""repair_until"": 5308, ""runtime"": 7227, ""demands"": 8}], ""other_repair_until"": {""wind"": [-1000000000000000, 3156, 3028, 2767, 3485], ""pv"": [1953, -1000000000000000, 5652], ""pcs"": [-1000000000000000, -1000000000000000, -1000000000000000, -1000000000000000]}}, ""energy_inventory_change_kwh"": 0.0, ""forecast_basis"": ""current_measurements_only"", ""dump_load_kw"": 0, ""repair_clock"": ""calendar_reference"", ""operating_cost_basis"": ""same_executed_policy""}",4028458.757244129,load_first_three_online,holdout,1,2026091702,"{""wind"": 5, ""pv"": 3, ""diesel"": 4, ""battery_energy"": 40, ""pcs"": 4}",True,0.0078125
,"holdout:(5, 3, 4, 40, 4):c1b16c40e93d24d01996b4bd81ccf0b9d616e7bef83b01e34c8697540ee6de0f:2",0.0,"{""shed_hours"": 0.0, ""longest_shed_hours"": 0.0, ""heater_kwh"": 70967.61078027803, ""diesel_kwh"": 1206564.5480502695, ""diesel_fuel_kg"": 268125.45512229035, ""battery_discharge_kwh"": 732.8494445444456, ""battery_charge_kwh"": 946.3448405790855, ""starts"": 17.0, ""start_failures"": 0.0, ""diesel_run_failures"": 12.0, ""diesel_online_hours"": 26229.0, ""wind_failures"": 4.0, ""pv_failures"": 1.0, ""pcs_failures"": 0.0, ""wind_protective_stop_hours"": 1073.0, ""wait_access_unit_hours"": 1.0, ""wait_crew_unit_hours"": 0.0, ""wait_prep_unit_hours"": 15.0, ""wait_heat_unit_hours"": 0.0, ""unserved_heater_command_kwh"": 0.0, ""max_balance_residual_kw"": 2.842170943040401e-14, ""max_soc_residual_kwh"": 1.1368683772161603e-13, ""initial_state"": {""energy_kwh"": 1700.0, ""temperatures_c"": [5.0, 5.0, 5.0, 5.0], ""online"": 3, ""diesel_states"": [{""healthy"": true, ""running"": false, ""pending"": false, ""onsite"": false, ""prep"": 3, ""min_up"": 0, ""min_down"": 0, ""repair_until"": -287, ""runtime"": 36, ""demands"": 1}, {""healthy"": true, ""running"": true, ""pending"": false, ""onsite"": false, ""prep"": 3, ""min_up"": 0, ""min_down"": 0, ""repair_until"": -1, ""runtime"": 329, ""demands"": 1}, {""healthy"": true, ""running"": true, ""pending"": false, ""onsite"": false, ""prep"": 3, ""min_up"": 0, ""min_down"": 0, ""repair_until"": -1, ""runtime"": 325, ""demands"": 1}, {""healthy"": true, ""running"": true, ""pending"": false, ""onsite"": false, ""prep"": 3, ""min_up"": 0, ""min_down"": 0, ""repair_until"": -1, ""runtime"": 294, ""demands"": 1}]}, ""final_state"": {""energy_kwh"": 1700.0, ""temperatures_c"": [5.0, 5.0, 5.0, 5.0], ""online"": 3, ""diesel_states"": [{""healthy"": true, ""running"": true, ""pending"": false, ""onsite"": false, ""prep"": 3, ""min_up"": 0, ""min_down"": 0, ""repair_until"": 8378, ""runtime"": 4387, ""demands"": 5}, {""healthy"": true, ""running"": true, ""pending"": false, ""onsite"": false, ""prep"": 3, ""min_up"": 0, ""min_down"": 0, ""repair_until"": 5184, ""runtime"": 8558, ""demands"": 3}, {""healthy"": true, ""running"": true, ""pending"": false, ""onsite"": false, ""prep"": 3, ""min_up"": 0, ""min_down"": 0, ""repair_until"": 5915, ""runtime"": 7723, ""demands"": 6}, {""healthy"": true, ""running"": false, ""pending"": false, ""onsite"": false, ""prep"": 3, ""min_up"": 0, ""min_down"": 0, ""repair_until"": 8663, ""runtime"": 6545, ""demands"": 7}], ""other_repair_until"": {""wind"": [-1000000000000000, 8570, 4661, 2432, -1000000000000000], ""pv"": [-1000000000000000, -1000000000000000, 8258], ""pcs"": [-1000000000000000, -1000000000000000, -1000000000000000, -1000000000000000]}}, ""energy_inventory_change_kwh"": 0.0, ""forecast_basis"": ""current_measurements_only"", ""dump_load_kw"": 0, ""repair_clock"": ""calendar_reference"", ""operating_cost_basis"": ""same_executed_policy""}",4021881.8268342237,load_first_three_online,holdout,2,2026091702,"{""wind"": 5, ""pv"": 3, ""diesel"": 4, ""battery_energy"": 40, ""pcs"": 4}",True,0.0078125
,"holdout:(5, 3, 4, 40, 4):c1b16c40e93d24d01996b4bd81ccf0b9d616e7bef83b01e34c8697540ee6de0f:3",0.0,"{""shed_hours"": 0.0, ""longest_shed_hours"": 0.0, ""heater_kwh"": 70907.1913363805, ""diesel_kwh"": 1200533.5243020572, ""diesel_fuel_kg"": 266785.22762268933, ""battery_discharge_kwh"": 942.2625000666679, ""battery_charge_kwh"": 1216.7645920282364, ""starts"": 20.0, ""start_failures"": 0.0, ""diesel_run_failures"": 14.0, ""diesel_online_hours"": 26207.0, ""wind_failures"": 4.0, ""pv_failures"": 4.0, ""pcs_failures"": 0.0, ""wind_protective_stop_hours"": 1073.0, ""wait_access_unit_hours"": 6.0, ""wait_crew_unit_hours"": 0.0, ""wait_prep_unit_hours"": 21.0, ""wait_heat_unit_hours"": 0.0, ""unserved_heater_command_kwh"": 0.0, ""max_balance_residual_kw"": 2.842170943040401e-14, ""max_soc_residual_kwh"": 1.1368683772161603e-13, ""initial_state"": {""energy_kwh"": 1700.0, ""temperatures_c"": [5.0, 5.0, 5.0, -0.4917950249892792], ""online"": 3, ""diesel_states"": [{""healthy"": true, ""running"": true, ""pending"": false, ""onsite"": false, ""prep"": 3, ""min_up"": 0, ""min_down"": 0, ""repair_until"": -1, ""runtime"": 333, ""demands"": 1}, {""healthy"": true, ""running"": true, ""pending"": false, ""onsite"": false, ""prep"": 3, ""min_up"": 0, ""min_down"": 0, ""repair_until"": -1, ""runtime"": 329, ""demands"": 1}, {""healthy"": true, ""running"": true, ""pending"": false, ""onsite"": false, ""prep"": 3, ""min_up"": 0, ""min_down"": 0, ""repair_until"": -1, ""runtime"": 325, ""demands"": 1}, {""healthy"": true, ""running"": false, ""pending"": false, ""onsite"": false, ""prep"": 0.0, ""min_up"": 0, ""min_down"": 0, ""repair_until"": -1, ""runtime"": 0, ""demands"": 0}]}, ""final_state"": {""energy_kwh"": 1700.0, ""temperatures_c"": [5.0, 5.0, 5.0, 5.0], ""online"": 3, ""diesel_states"": [{""healthy"": true, ""running"": true, ""pending"": false, ""onsite"": false, ""prep"": 3, ""min_up"": 0, ""min_down"": 0, ""repair_until"": 5989, ""runtime"": 7539, ""demands"": 4}, {""healthy"": true, ""running"": true, ""pending"": false, ""onsite"": false, ""prep"": 3, ""min_up"": 0, ""min_down"": 0, ""repair_until"": 7463, ""runtime"": 8128, ""demands"": 4}, {""healthy"": true, ""running"": false, ""pending"": false, ""onsite"": false, ""prep"": 3, ""min_up"": 0, ""min_down"": 0, ""repair_until"": 7477, ""runtime"": 5631, ""demands"": 7}, {""healthy"": true, ""running"": true, ""pending"": false, ""onsite"": false, ""prep"": 3, ""min_up"": 0, ""min_down"": 0, ""repair_until"": 5378, ""runtime"": 5896, ""demands"": 8}], ""other_repair_until"": {""wind"": [3480, -1000000000000000, -1000000000000000, 6046, 6364], ""pv"": [3951, -1000000000000000, 5480], ""pcs"": [-1000000000000000, -1000000000000000, -1000000000000000, -1000000000000000]}}, ""energy_inventory_change_kwh"": 0.0, ""forecast_basis"": ""current_measurements_only"", ""dump_load_kw"": 0, ""repair_clock"": ""calendar_reference"", ""operating_cost_basis"": ""same_executed_policy""}",4001778.414340185,load_first_three_online,holdout,3,2026091702,"{""wind"": 5, ""pv"": 3, ""diesel"": 4, ""battery_energy"": 40, ""pcs"": 4}",True,0.0078125
,"holdout:(5, 3, 4, 40, 4):c1b16c40e93d24d01996b4bd81ccf0b9d616e7bef83b01e34c8697540ee6de0f:4",0.0,"{""shed_hours"": 0.0, ""longest_shed_hours"": 0.0, ""heater_kwh"": 70967.61078027803, ""diesel_kwh"": 1204282.8640586291, ""diesel_fuel_kg"": 267618.4142352614, ""battery_discharge_kwh"": 477.3416667333348, ""battery_charge_kwh"": 616.4019456783736, ""starts"": 20.0, ""start_failures"": 0.0, ""diesel_run_failures"": 15.0, ""diesel_online_hours"": 26265.0, ""wind_failures"": 5.0, ""pv_failures"": 3.0, ""pcs_failures"": 0.0, ""wind_protective_stop_hours"": 1073.0, ""wait_access_unit_hours"": 1.0, ""wait_crew_unit_hours"": 0.0, ""wait_prep_unit_hours"": 15.0, ""wait_heat_unit_hours"": 0.0, ""unserved_heater_command_kwh"": 0.0, ""max_balance_residual_kw"": 2.842170943040401e-14, ""max_soc_residual_kwh"": 1.1368683772161603e-13, ""initial_state"": {""energy_kwh"": 1700.0, ""temperatures_c"": [5.0, 5.0, 5.0, 5.0], ""online"": 3, ""diesel_states"": [{""healthy"": true, ""running"": true, ""pending"": false, ""onsite"": false, ""prep"": 3, ""min_up"": 0, ""min_down"": 0, ""repair_until"": -1, ""runtime"": 333, ""demands"": 1}, {""healthy"": true, ""running"": false, ""pending"": false, ""onsite"": false, ""prep"": 3, ""min_up"": 0, ""min_down"": 0, ""repair_until"": -192, ""runtime"": 39, ""demands"": 1}, {""healthy"": true, ""running"": true, ""pending"": false, ""onsite"": false, ""prep"": 3, ""min_up"": 0, ""min_down"": 0, ""repair_until"": -1, ""runtime"": 325, ""demands"": 1}, {""healthy"": true, ""running"": true, ""pending"": false, ""onsite"": false, ""prep"": 3, ""min_up"": 0, ""min_down"": 0, ""repair_until"": -1, ""runtime"": 287, ""demands"": 1}]}, ""final_state"": {""energy_kwh"": 1700.0, ""temperatures_c"": [5.0, 5.0, 5.0, 5.0], ""online"": 3, ""diesel_states"": [{""healthy"": true, ""running"": true, ""pending"": false, ""onsite"": false, ""prep"": 3, ""min_up"": 0, ""min_down"": 0, ""repair_until"": 5967, ""runtime"": 6891, ""demands"": 7}, {""healthy"": true, ""running"": true, ""pending"": false, ""onsite"": false, ""prep"": 3, ""min_up"": 0, ""min_down"": 0, ""repair_until"": 8129, ""runtime"": 6333, ""demands"": 7}, {""healthy"": true, ""running"": true, ""pending"": false, ""onsite"": false, ""prep"": 3, ""min_up"": 0, ""min_down"": 0, ""repair_until"": 6914, ""runtime"": 6388, ""demands"": 6}, {""healthy"": true, ""running"": false, ""pending"": false, ""onsite"": false, ""prep"": 3, ""min_up"": 0, ""min_down"": 0, ""repair_until"": 8646, ""runtime"": 7637, ""demands"": 4}], ""other_repair_until"": {""wind"": [8354, 4656, 4486, -1000000000000000, 6588], ""pv"": [-1000000000000000, 8593, 7736], ""pcs"": [-1000000000000000, -1000000000000000, -1000000000000000, -1000000000000000]}}, ""energy_inventory_change_kwh"": 0.0, ""forecast_basis"": ""current_measurements_only"", ""dump_load_kw"": 0, ""repair_clock"": ""calendar_reference"", ""operating_cost_basis"": ""same_executed_policy""}",4014276.213528758,load_first_three_online,holdout,4,2026091702,"{""wind"": 5, ""pv"": 3, ""diesel"": 4, ""battery_energy"": 40, ""pcs"": 4}",True,0.0078125
,"holdout:(5, 3, 4, 40, 4):c1b16c40e93d24d01996b4bd81ccf0b9d616e7bef83b01e34c8697540ee6de0f:5",0.0,"{""shed_hours"": 0.0, ""longest_shed_hours"": 0.0, ""heater_kwh"": 70967.61078027803, ""diesel_kwh"": 1201867.480323116, ""diesel_fuel_kg"": 267081.6622940363, ""battery_discharge_kwh"": 643.3350001333346, ""battery_charge_kwh"": 830.752841081266, ""starts"": 16.0, ""start_failures"": 0.0, ""diesel_run_failures"": 11.0, ""diesel_online_hours"": 26277.0, ""wind_failures"": 3.0, ""pv_failures"": 1.0, ""pcs_failures"": 0.0, ""wind_protective_stop_hours"": 1073.0, ""wait_access_unit_hours"": 5.0, ""wait_crew_unit_hours"": 0.0, ""wait_prep_unit_hours"": 15.0, ""wait_heat_unit_hours"": 0.0, ""unserved_heater_command_kwh"": 0.0, ""max_balance_residual_kw"": 2.842170943040401e-14, ""max_soc_residual_kwh"": 1.1368683772161603e-13, ""initial_state"": {""energy_kwh"": 1700.0, ""temperatures_c"": [5.0, 5.0, 5.0, 5.0], ""online"": 3, ""diesel_states"": [{""healthy"": true, ""running"": false, ""pending"": false, ""onsite"": false, ""prep"": 3, ""min_up"": 0, ""min_down"": 0, ""repair_until"": -152, ""runtime"": 168, ""demands"": 1}, {""healthy"": true, ""running"": true, ""pending"": false, ""onsite"": false, ""prep"": 3, ""min_up"": 0, ""min_down"": 0, ""repair_until"": -1, ""runtime"": 329, ""demands"": 1}, {""healthy"": true, ""running"": true, ""pending"": false, ""onsite"": false, ""prep"": 3, ""min_up"": 0, ""min_down"": 0, ""repair_until"": -1, ""runtime"": 325, ""demands"": 1}, {""healthy"": true, ""running"": true, ""pending"": false, ""onsite"": false, ""prep"": 3, ""min_up"": 0, ""min_down"": 0, ""repair_until"": -1, ""runtime"": 162, ""demands"": 1}]}, ""final_state"": {""energy_kwh"": 1700.0, ""temperatures_c"": [5.0, 5.0, 5.0, 5.0], ""online"": 3, ""diesel_states"": [{""healthy"": true, ""running"": true, ""pending"": false, ""onsite"": false, ""prep"": 3, ""min_up"": 0, ""min_down"": 0, ""repair_until"": 5534, ""runtime"": 7826, ""demands"": 4}, {""healthy"": true, ""running"": true, ""pending"": false, ""onsite"": false, ""prep"": 3, ""min_up"": 0, ""min_down"": 0, ""repair_until"": 7756, ""runtime"": 6810, ""demands"": 4}, {""healthy"": true, ""running"": true, ""pending"": false, ""onsite"": false, ""prep"": 3, ""min_up"": 0, ""min_down"": 0, ""repair_until"": 6014, ""runtime"": 8101, ""demands"": 5}, {""healthy"": true, ""running"": false, ""pending"": false, ""onsite"": false, ""prep"": 3, ""min_up"": 0, ""min_down"": 0, ""repair_until"": 8455, ""runtime"": 4524, ""demands"": 7}], ""other_repair_until"": {""wind"": [442, -1000000000000000, 2739, -1000000000000000, -1000000000000000], ""pv"": [7391, -1000000000000000, -1000000000000000], ""pcs"": [-1000000000000000, -1000000000000000, -1000000000000000, -1000000000000000]}}, ""energy_inventory_change_kwh"": 0.0, ""forecast_basis"": ""current_measurements_only"", ""dump_load_kw"": 0, ""repair_clock"": ""calendar_reference"", ""operating_cost_basis"": ""same_executed_policy""}",4006224.9344103797,load_first_three_online,holdout,5,2026091702,"{""wind"": 5, ""pv"": 3, ""diesel"": 4, ""battery_energy"": 40, ""pcs"": 4}",True,0.0078125
,"holdout:(5, 3, 4, 40, 4):c1b16c40e93d24d01996b4bd81ccf0b9d616e7bef83b01e34c8697540ee6de0f:6",0.0,"{""shed_hours"": 0.0, ""longest_shed_hours"": 0.0, ""heater_kwh"": 70779.37263153127, ""diesel_kwh"": 1202175.2789077703, ""diesel_fuel_kg"": 267150.0619795147, ""battery_discharge_kwh"": 456.540555655557, ""battery_charge_kwh"": 589.5410067866152, ""starts"": 25.0, ""start_failures"": 0.0, ""diesel_run_failures"": 19.0, ""diesel_online_hours"": 26257.0, ""wind_failures"": 7.0, ""pv_failures"": 2.0, ""pcs_failures"": 1.0, ""wind_protective_stop_hours"": 1073.0, ""wait_access_unit_hours"": 1.0, ""wait_crew_unit_hours"": 0.0, ""wait_prep_unit_hours"": 21.0, ""wait_heat_unit_hours"": 0.0, ""unserved_heater_command_kwh"": 0.0, ""max_balance_residual_kw"": 2.842170943040401e-14, ""max_soc_residual_kwh"": 1.1368683772161603e-13, ""initial_state"": {""energy_kwh"": 1700.0, ""temperatures_c"": [5.0, 5.0, 5.0, -0.4917950249892792], ""online"": 3, ""diesel_states"": [{""healthy"": true, ""running"": true, ""pending"": false, ""onsite"": false, ""prep"": 3, ""min_up"": 0, ""min_down"": 0, ""repair_until"": -1, ""runtime"": 333, ""demands"": 1}, {""healthy"": true, ""running"": true, ""pending"": false, ""onsite"": false, ""prep"": 3, ""min_up"": 0, ""min_down"": 0, ""repair_until"": -1, ""runtime"": 329, ""demands"": 1}, {""healthy"": true, ""running"": true, ""pending"": false, ""onsite"": false, ""prep"": 3, ""min_up"": 0, ""min_down"": 0, ""repair_until"": -1, ""runtime"": 325, ""demands"": 1}, {""healthy"": true, ""running"": false, ""pending"": false, ""onsite"": false, ""prep"": 0.0, ""min_up"": 0, ""min_down"": 0, ""repair_until"": -1, ""runtime"": 0, ""demands"": 0}]}, ""final_state"": {""energy_kwh"": 1700.0, ""temperatures_c"": [5.0, 5.0, 5.0, 5.0], ""online"": 3, ""diesel_states"": [{""healthy"": true, ""running"": true, ""pending"": false, ""onsite"": false, ""prep"": 3, ""min_up"": 0, ""min_down"": 0, ""repair_until"": 4552, ""runtime"": 7709, ""demands"": 6}, {""healthy"": true, ""running"": true, ""pending"": false, ""onsite"": false, ""prep"": 3, ""min_up"": 0, ""min_down"": 0, ""repair_until"": 8184, ""runtime"": 5957, ""demands"": 7}, {""healthy"": true, ""running"": true, ""pending"": false, ""onsite"": false, ""prep"": 3, ""min_up"": 0, ""min_down"": 0, ""repair_until"": 8167, ""runtime"": 6913, ""demands"": 8}, {""healthy"": true, ""running"": false, ""pending"": false, ""onsite"": false, ""prep"": 3, ""min_up"": 0, ""min_down"": 0, ""repair_until"": 8518, ""runtime"": 6665, ""demands"": 7}], ""other_repair_until"": {""wind"": [8339, 8784, -1000000000000000, -1000000000000000, 497], ""pv"": [-1000000000000000, 3887, -1000000000000000], ""pcs"": [-1000000000000000, -1000000000000000, 7200, -1000000000000000]}}, ""energy_inventory_change_kwh"": 0.0, ""forecast_basis"": ""current_measurements_only"", ""dump_load_kw"": 0, ""repair_clock"": ""calendar_reference"", ""operating_cost_basis"": ""same_executed_policy""}",4007250.9296925636,load_first_three_online,holdout,6,2026091702,"{""wind"": 5, ""pv"": 3, ""diesel"": 4, ""battery_energy"": 40, ""pcs"": 4}",True,0.0078125
,"holdout:(5, 3, 4, 40, 4):c1b16c40e93d24d01996b4bd81ccf0b9d616e7bef83b01e34c8697540ee6de0f:7",0.0,"{""shed_hours"": 0.0, ""longest_shed_hours"": 0.0, ""heater_kwh"": 70967.61078027803, ""diesel_kwh"": 1205099.3415642907, ""diesel_fuel_kg"": 267799.85368096293, ""battery_discharge_kwh"": 667.73722228889, ""battery_charge_kwh"": 862.26397506313, ""starts"": 22.0, ""start_failures"": 0.0, ""diesel_run_failures"": 17.0, ""diesel_online_hours"": 26237.0, ""wind_failures"": 9.0, ""pv_failures"": 3.0, ""pcs_failures"": 0.0, ""wind_protective_stop_hours"": 1073.0, ""wait_access_unit_hours"": 1.0, ""wait_crew_unit_hours"": 0.0, ""wait_prep_unit_hours"": 15.0, ""wait_heat_unit_hours"": 0.0, ""unserved_heater_command_kwh"": 0.0, ""max_balance_residual_kw"": 2.842170943040401e-14, ""max_soc_residual_kwh"": 1.1368683772161603e-13, ""initial_state"": {""energy_kwh"": 1700.0, ""temperatures_c"": [5.0, 5.0, 5.0, 5.0], ""online"": 3, ""diesel_states"": [{""healthy"": true, ""running"": false, ""pending"": false, ""onsite"": false, ""prep"": 3, ""min_up"": 0, ""min_down"": 0, ""repair_until"": -20, ""runtime"": 248, ""demands"": 1}, {""healthy"": true, ""running"": true, ""pending"": false, ""onsite"": false, ""prep"": 3, ""min_up"": 0, ""min_down"": 0, ""repair_until"": -1, ""runtime"": 329, ""demands"": 1}, {""healthy"": true, ""running"": true, ""pending"": false, ""onsite"": false, ""prep"": 3, ""min_up"": 0, ""min_down"": 0, ""repair_until"": -1, ""runtime"": 325, ""demands"": 1}, {""healthy"": true, ""running"": true, ""pending"": false, ""onsite"": false, ""prep"": 3, ""min_up"": 0, ""min_down"": 0, ""repair_until"": -1, ""runtime"": 82, ""demands"": 1}]}, ""final_state"": {""energy_kwh"": 1700.0, ""temperatures_c"": [5.0, 5.0, 5.0, 5.0], ""online"": 3, ""diesel_states"": [{""healthy"": true, ""running"": true, ""pending"": false, ""onsite"": false, ""prep"": 3, ""min_up"": 0, ""min_down"": 0, ""repair_until"": 7784, ""runtime"": 4706, ""demands"": 7}, {""healthy"": true, ""running"": true, ""pending"": false, ""onsite"": false, ""prep"": 3, ""min_up"": 0, ""min_down"": 0, ""repair_until"": 7565, ""runtime"": 7873, ""demands"": 4}, {""healthy"": true, ""running"": true, ""pending"": false, ""onsite"": false, ""prep"": 3, ""min_up"": 0, ""min_down"": 0, ""repair_until"": 7427, ""runtime"": 7724, ""demands"": 7}, {""healthy"": true, ""running"": false, ""pending"": false, ""onsite"": false, ""prep"": 3, ""min_up"": 0, ""min_down"": 0, ""repair_until"": 8531, ""runtime"": 6918, ""demands"": 8}], ""other_repair_until"": {""wind"": [7506, 4913, 8157, 7567, 1434], ""pv"": [4723, 6757, 1715], ""pcs"": [-1000000000000000, -1000000000000000, -1000000000000000, -1000000000000000]}}, ""energy_inventory_change_kwh"": 0.0, ""forecast_basis"": ""current_measurements_only"", ""dump_load_kw"": 0, ""repair_clock"": ""calendar_reference"", ""operating_cost_basis"": ""same_executed_policy""}",4016997.8052143,load_first_three_online,holdout,7,2026091702,"{""wind"": 5, ""pv"": 3, ""diesel"": 4, ""battery_energy"": 40, ""pcs"": 4}",True,0.0078125
,"holdout:(5, 3, 4, 40, 4):c1b16c40e93d24d01996b4bd81ccf0b9d616e7bef83b01e34c8697540ee6de0f:8",0.0,"{""shed_hours"": 0.0, ""longest_shed_hours"": 0.0, ""heater_kwh"": 70967.61078027803, ""diesel_kwh"": 1207795.4965577824, ""diesel_fuel_kg"": 268398.99923507357, ""battery_discharge_kwh"": 523.3416667333348, ""battery_charge_kwh"": 675.802772124655, ""starts"": 23.0, ""start_failures"": 0.0, ""diesel_run_failures"": 17.0, ""diesel_online_hours"": 26269.0, ""wind_failures"": 3.0, ""pv_failures"": 3.0, ""pcs_failures"": 1.0, ""wind_protective_stop_hours"": 1073.0, ""wait_access_unit_hours"": 1.0, ""wait_crew_unit_hours"": 0.0, ""wait_prep_unit_hours"": 18.0, ""wait_heat_unit_hours"": 0.0, ""unserved_heater_command_kwh"": 0.0, ""max_balance_residual_kw"": 2.842170943040401e-14, ""max_soc_residual_kwh"": 1.1368683772161603e-13, ""initial_state"": {""energy_kwh"": 1700.0, ""temperatures_c"": [5.0, 5.0, 5.0, 5.0], ""online"": 3, ""diesel_states"": [{""healthy"": true, ""running"": false, ""pending"": false, ""onsite"": false, ""prep"": 3, ""min_up"": 0, ""min_down"": 0, ""repair_until"": -101, ""runtime"": 200, ""demands"": 1}, {""healthy"": true, ""running"": true, ""pending"": false, ""onsite"": false, ""prep"": 3, ""min_up"": 0, ""min_down"": 0, ""repair_until"": -109, ""runtime"": 315, ""demands"": 2}, {""healthy"": true, ""running"": true, ""pending"": false, ""onsite"": false, ""prep"": 3, ""min_up"": 0, ""min_down"": 0, ""repair_until"": -1, ""runtime"": 325, ""demands"": 1}, {""healthy"": true, ""running"": true, ""pending"": false, ""onsite"": false, ""prep"": 3, ""min_up"": 0, ""min_down"": 0, ""repair_until"": -1, ""runtime"": 130, ""demands"": 1}]}, ""final_state"": {""energy_kwh"": 1700.0, ""temperatures_c"": [5.0, 5.0, 5.0, 5.0], ""online"": 3, ""diesel_states"": [{""healthy"": true, ""running"": false, ""pending"": false, ""onsite"": false, ""prep"": 3, ""min_up"": 0, ""min_down"": 0, ""repair_until"": 8590, ""runtime"": 6822, ""demands"": 7}, {""healthy"": true, ""running"": true, ""pending"": false, ""onsite"": false, ""prep"": 3, ""min_up"": 0, ""min_down"": 0, ""repair_until"": 5747, ""runtime"": 7655, ""demands"": 5}, {""healthy"": true, ""running"": true, ""pending"": false, ""onsite"": false, ""prep"": 3, ""min_up"": 0, ""min_down"": 0, ""repair_until"": 8570, ""runtime"": 7123, ""demands"": 8}, {""healthy"": true, ""running"": true, ""pending"": false, ""onsite"": false, ""prep"": 3, ""min_up"": 0, ""min_down"": 0, ""repair_until"": 3407, ""runtime"": 5639, ""demands"": 8}], ""other_repair_until"": {""wind"": [-1000000000000000, -1000000000000000, 8607, 8575, 7848], ""pv"": [8978, 9072, 1468], ""pcs"": [-1000000000000000, 2768, -1000000000000000, -1000000000000000]}}, ""energy_inventory_change_kwh"": 0.0, ""forecast_basis"": ""current_measurements_only"", ""dump_load_kw"": 0, ""repair_clock"": ""calendar_reference"", ""operating_cost_basis"": ""same_executed_policy""}",4025984.988525929,load_first_three_online,holdout,8,2026091702,"{""wind"": 5, ""pv"": 3, ""diesel"": 4, ""battery_energy"": 40, ""pcs"": 4}",True,0.0078125
,"holdout:(5, 3, 4, 40, 4):c1b16c40e93d24d01996b4bd81ccf0b9d616e7bef83b01e34c8697540ee6de0f:9",953.1722223222218,"{""shed_hours"": 24.0, ""longest_shed_hours"": 24, ""heater_kwh"": 70619.52466958108, ""diesel_kwh"": 1201415.5091132033, ""diesel_fuel_kg"": 266981.22424738767, ""battery_discharge_kwh"": 2155.2961111777795, ""battery_charge_kwh"": 2783.1819617481624, ""starts"": 19.0, ""start_failures"": 0.0, ""diesel_run_failures"": 16.0, ""diesel_online_hours"": 26176.0, ""wind_failures"": 6.0, ""pv_failures"": 1.0, ""pcs_failures"": 0.0, ""wind_protective_stop_hours"": 1073.0, ""wait_access_unit_hours"": 1.0, ""wait_crew_unit_hours"": 0.0, ""wait_prep_unit_hours"": 9.0, ""wait_heat_unit_hours"": 24.0, ""unserved_heater_command_kwh"": 1116.2729735730159, ""max_balance_residual_kw"": 2.842170943040401e-14, ""max_soc_residual_kwh"": 1.1368683772161603e-13, ""initial_state"": {""energy_kwh"": 1700.0, ""temperatures_c"": [5.0, 5.0, 5.0, 5.0], ""online"": 3, ""diesel_states"": [{""healthy"": true, ""running"": false, ""pending"": false, ""onsite"": false, ""prep"": 3, ""min_up"": 0, ""min_down"": 0, ""repair_until"": -79, ""runtime"": 238, ""demands"": 1}, {""healthy"": true, ""running"": true, ""pending"": false, ""onsite"": false, ""prep"": 3, ""min_up"": 0, ""min_down"": 0, ""repair_until"": -1, ""runtime"": 329, ""demands"": 1}, {""healthy"": true, ""running"": true, ""pending"": false, ""onsite"": false, ""prep"": 3, ""min_up"": 0, ""min_down"": 0, ""repair_until"": -1, ""runtime"": 325, ""demands"": 1}, {""healthy"": true, ""running"": true, ""pending"": false, ""onsite"": false, ""prep"": 3, ""min_up"": 0, ""min_down"": 0, ""repair_until"": -1, ""runtime"": 92, ""demands"": 1}]}, ""final_state"": {""energy_kwh"": 1700.0, ""temperatures_c"": [5.0, 5.0, 5.0, 5.0], ""online"": 3, ""diesel_states"": [{""healthy"": true, ""running"": true, ""pending"": false, ""onsite"": false, ""prep"": 3, ""min_up"": 0, ""min_down"": 0, ""repair_until"": 7656, ""runtime"": 6040, ""demands"": 7}, {""healthy"": true, ""running"": false, ""pending"": false, ""onsite"": false, ""prep"": 3, ""min_up"": 0, ""min_down"": 0, ""repair_until"": 8276, ""runtime"": 8338, ""demands"": 2}, {""healthy"": true, ""running"": true, ""pending"": false, ""onsite"": false, ""prep"": 3, ""min_up"": 0, ""min_down"": 0, ""repair_until"": 6339, ""runtime"": 6644, ""demands"": 8}, {""healthy"": true, ""running"": true, ""pending"": false, ""onsite"": false, ""prep"": 3, ""min_up"": 0, ""min_down"": 0, ""repair_until"": 7280, ""runtime"": 6138, ""demands"": 6}], ""other_repair_until"": {""wind"": [6925, 5239, 1950, 7348, -1000000000000000], ""pv"": [-1000000000000000, -1000000000000000, 7615], ""pcs"": [-1000000000000000, -1000000000000000, -1000000000000000, -1000000000000000]}}, ""energy_inventory_change_kwh"": 0.0, ""forecast_basis"": ""current_measurements_only"", ""dump_load_kw"": 0, ""repair_clock"": ""calendar_reference"", ""operating_cost_basis"": ""same_executed_policy""}",4004718.363710678,load_first_three_online,holdout,9,2026091702,"{""wind"": 5, ""pv"": 3, ""diesel"": 4, ""battery_energy"": 40, ""pcs"": 4}",True,0.0078125
,"holdout:(5, 3, 4, 40, 4):c1b16c40e93d24d01996b4bd81ccf0b9d616e7bef83b01e34c8697540ee6de0f:10",0.0,"{""shed_hours"": 0.0, ""longest_shed_hours"": 0.0, ""heater_kwh"": 70959.98923576213, ""diesel_kwh"": 1200748.0544536973, ""diesel_fuel_kg"": 266832.90098972054, ""battery_discharge_kwh"": 746.0450000333345, ""battery_charge_kwh"": 963.3845558281673, ""starts"": 24.0, ""start_failures"": 0.0, ""diesel_run_failures"": 18.0, ""diesel_online_hours"": 26238.0, ""wind_failures"": 2.0, ""pv_failures"": 2.0, ""pcs_failures"": 0.0, ""wind_protective_stop_hours"": 1073.0, ""wait_access_unit_hours"": 10.0, ""wait_crew_unit_hours"": 0.0, ""wait_prep_unit_hours"": 21.0, ""wait_heat_unit_hours"": 0.0, ""unserved_heater_command_kwh"": 0.0, ""max_balance_residual_kw"": 2.842170943040401e-14, ""max_soc_residual_kwh"": 1.1368683772161603e-13, ""initial_state"": {""energy_kwh"": 1700.0, ""temperatures_c"": [5.0, 5.0, 5.0, -0.4917950249892792], ""online"": 3, ""diesel_states"": [{""healthy"": true, ""running"": true, ""pending"": false, ""onsite"": false, ""prep"": 3, ""min_up"": 0, ""min_down"": 0, ""repair_until"": -1, ""runtime"": 333, ""demands"": 1}, {""healthy"": true, ""running"": true, ""pending"": false, ""onsite"": false, ""prep"": 3, ""min_up"": 0, ""min_down"": 0, ""repair_until"": -1, ""runtime"": 329, ""demands"": 1}, {""healthy"": true, ""running"": true, ""pending"": false, ""onsite"": false, ""prep"": 3, ""min_up"": 0, ""min_down"": 0, ""repair_until"": -1, ""runtime"": 325, ""demands"": 1}, {""healthy"": true, ""running"": false, ""pending"": false, ""onsite"": false, ""prep"": 0.0, ""min_up"": 0, ""min_down"": 0, ""repair_until"": -1, ""runtime"": 0, ""demands"": 0}]}, ""final_state"": {""energy_kwh"": 1700.0, ""temperatures_c"": [5.0, 5.0, 5.0, 5.0], ""online"": 3, ""diesel_states"": [{""healthy"": true, ""running"": true, ""pending"": false, ""onsite"": false, ""prep"": 3, ""min_up"": 0, ""min_down"": 0, ""repair_until"": 6071, ""runtime"": 7426, ""demands"": 5}, {""healthy"": true, ""running"": true, ""pending"": false, ""onsite"": false, ""prep"": 3, ""min_up"": 0, ""min_down"": 0, ""repair_until"": 8167, ""runtime"": 8554, ""demands"": 6}, {""healthy"": true, ""running"": false, ""pending"": false, ""onsite"": false, ""prep"": 3, ""min_up"": 0, ""min_down"": 0, ""repair_until"": 8369, ""runtime"": 5520, ""demands"": 7}, {""healthy"": true, ""running"": true, ""pending"": false, ""onsite"": false, ""prep"": 3, ""min_up"": 0, ""min_down"": 0, ""repair_until"": 7707, ""runtime"": 5725, ""demands"": 9}], ""other_repair_until"": {""wind"": [-1000000000000000, 8672, 7818, -1000000000000000, -1000000000000000], ""pv"": [6210, -1000000000000000, 5272], ""pcs"": [-1000000000000000, -1000000000000000, -1000000000000000, -1000000000000000]}}, ""energy_inventory_change_kwh"": 0.0, ""forecast_basis"": ""current_measurements_only"", ""dump_load_kw"": 0, ""repair_clock"": ""calendar_reference"", ""operating_cost_basis"": ""same_executed_policy""}",4002493.5148456604,load_first_three_online,holdout,10,2026091702,"{""wind"": 5, ""pv"": 3, ""diesel"": 4, ""battery_energy"": 40, ""pcs"": 4}",True,0.0078125
,"holdout:(5, 3, 4, 40, 4):c1b16c40e93d24d01996b4bd81ccf0b9d616e7bef83b01e34c8697540ee6de0f:11",0.0,"{""shed_hours"": 0.0, ""longest_shed_hours"": 0.0, ""heater_kwh"": 70967.61078027803, ""diesel_kwh"": 1203272.7343865247, ""diesel_fuel_kg"": 267393.94097479305, ""battery_discharge_kwh"": 683.9272222888902, ""battery_charge_kwh"": 883.1704833275929, ""starts"": 18.0, ""start_failures"": 0.0, ""diesel_run_failures"": 13.0, ""diesel_online_hours"": 26279.0, ""wind_failures"": 9.0, ""pv_failures"": 0.0, ""pcs_failures"": 0.0, ""wind_protective_stop_hours"": 1073.0, ""wait_access_unit_hours"": 1.0, ""wait_crew_unit_hours"": 0.0, ""wait_prep_unit_hours"": 15.0, ""wait_heat_unit_hours"": 0.0, ""unserved_heater_command_kwh"": 0.0, ""max_balance_residual_kw"": 2.842170943040401e-14, ""max_soc_residual_kwh"": 1.1368683772161603e-13, ""initial_state"": {""energy_kwh"": 1700.0, ""temperatures_c"": [5.0, 5.0, 5.0, 5.0], ""online"": 3, ""diesel_states"": [{""healthy"": true, ""running"": true, ""pending"": false, ""onsite"": false, ""prep"": 3, ""min_up"": 0, ""min_down"": 0, ""repair_until"": -307, ""runtime"": 241, ""demands"": 2}, {""healthy"": true, ""running"": true, ""pending"": false, ""onsite"": false, ""prep"": 3, ""min_up"": 0, ""min_down"": 0, ""repair_until"": -1, ""runtime"": 329, ""demands"": 1}, {""healthy"": true, ""running"": false, ""pending"": false, ""onsite"": false, ""prep"": 3, ""min_up"": 0, ""min_down"": 0, ""repair_until"": -232, ""runtime"": 91, ""demands"": 1}, {""healthy"": true, ""running"": true, ""pending"": false, ""onsite"": false, ""prep"": 3, ""min_up"": 0, ""min_down"": 0, ""repair_until"": -1, ""runtime"": 321, ""demands"": 1}]}, ""final_state"": {""energy_kwh"": 1700.0, ""temperatures_c"": [5.0, 5.0, 5.0, 5.0], ""online"": 3, ""diesel_states"": [{""healthy"": true, ""running"": false, ""pending"": false, ""onsite"": false, ""prep"": 3, ""min_up"": 0, ""min_down"": 0, ""repair_until"": 8602, ""runtime"": 6353, ""demands"": 6}, {""healthy"": true, ""running"": true, ""pending"": false, ""onsite"": false, ""prep"": 3, ""min_up"": 0, ""min_down"": 0, ""repair_until"": 8025, ""runtime"": 8641, ""demands"": 2}, {""healthy"": true, ""running"": true, ""pending"": false, ""onsite"": false, ""prep"": 3, ""min_up"": 0, ""min_down"": 0, ""repair_until"": 8504, ""runtime"": 5200, ""demands"": 8}, {""healthy"": true, ""running"": true, ""pending"": false, ""onsite"": false, ""prep"": 3, ""min_up"": 0, ""min_down"": 0, ""repair_until"": 5688, ""runtime"": 7067, ""demands"": 7}], ""other_repair_until"": {""wind"": [-1000000000000000, 5413, 7735, 6645, 7652], ""pv"": [-1000000000000000, -1000000000000000, -1000000000000000], ""pcs"": [-1000000000000000, -1000000000000000, -1000000000000000, -1000000000000000]}}, ""energy_inventory_change_kwh"": 0.0, ""forecast_basis"": ""current_measurements_only"", ""dump_load_kw"": 0, ""repair_clock"": ""calendar_reference"", ""operating_cost_basis"": ""same_executed_policy""}",4010909.1146217408,load_first_three_online,holdout,11,2026091702,"{""wind"": 5, ""pv"": 3, ""diesel"": 4, ""battery_energy"": 40, ""pcs"": 4}",True,0.0078125
,"holdout:(5, 3, 4, 40, 4):c1b16c40e93d24d01996b4bd81ccf0b9d616e7bef83b01e34c8697540ee6de0f:12",0.0,"{""shed_hours"": 0.0, ""longest_shed_hours"": 0.0, ""heater_kwh"": 70818.39532267439, ""diesel_kwh"": 1203131.9177194154, ""diesel_fuel_kg"": 267362.64838210266, ""battery_discharge_kwh"": 1734.0994445777783, ""battery_charge_kwh"": 2239.281307564277, ""starts"": 25.0, ""start_failures"": 0.0, ""diesel_run_failures"": 18.0, ""diesel_online_hours"": 26251.0, ""wind_failures"": 5.0, ""pv_failures"": 2.0, ""pcs_failures"": 0.0, ""wind_protective_stop_hours"": 1073.0, ""wait_access_unit_hours"": 24.0, ""wait_crew_unit_hours"": 1.0, ""wait_prep_unit_hours"": 24.0, ""wait_heat_unit_hours"": 0.0, ""unserved_heater_command_kwh"": 0.0, ""max_balance_residual_kw"": 2.842170943040401e-14, ""max_soc_residual_kwh"": 1.1368683772161603e-13, ""initial_state"": {""energy_kwh"": 1700.0, ""temperatures_c"": [5.0, 5.0, 5.0, -0.4917950249892792], ""online"": 3, ""diesel_states"": [{""healthy"": true, ""running"": true, ""pending"": false, ""onsite"": false, ""prep"": 3, ""min_up"": 0, ""min_down"": 0, ""repair_until"": -1, ""runtime"": 333, ""demands"": 1}, {""healthy"": true, ""running"": true, ""pending"": false, ""onsite"": false, ""prep"": 3, ""min_up"": 0, ""min_down"": 0, ""repair_until"": -1, ""runtime"": 329, ""demands"": 1}, {""healthy"": true, ""running"": true, ""pending"": false, ""onsite"": false, ""prep"": 3, ""min_up"": 0, ""min_down"": 0, ""repair_until"": -1, ""runtime"": 325, ""demands"": 1}, {""healthy"": true, ""running"": false, ""pending"": false, ""onsite"": false, ""prep"": 0.0, ""min_up"": 0, ""min_down"": 0, ""repair_until"": -1, ""runtime"": 0, ""demands"": 0}]}, ""final_state"": {""energy_kwh"": 1700.0, ""temperatures_c"": [5.0, 5.0, 5.0, 5.0], ""online"": 3, ""diesel_states"": [{""healthy"": true, ""running"": true, ""pending"": false, ""onsite"": false, ""prep"": 3, ""min_up"": 0, ""min_down"": 0, ""repair_until"": 6274, ""runtime"": 7608, ""demands"": 5}, {""healthy"": true, ""running"": true, ""pending"": false, ""onsite"": false, ""prep"": 3, ""min_up"": 0, ""min_down"": 0, ""repair_until"": 7444, ""runtime"": 7180, ""demands"": 5}, {""healthy"": true, ""running"": false, ""pending"": false, ""onsite"": false, ""prep"": 3, ""min_up"": 0, ""min_down"": 0, ""repair_until"": 8179, ""runtime"": 6663, ""demands"": 7}, {""healthy"": true, ""running"": true, ""pending"": false, ""onsite"": false, ""prep"": 3, ""min_up"": 0, ""min_down"": 0, ""repair_until"": 5824, ""runtime"": 5787, ""demands"": 11}], ""other_repair_until"": {""wind"": [-1000000000000000, 7386, 504, 2567, 2709], ""pv"": [-1000000000000000, -1000000000000000, 5214], ""pcs"": [-1000000000000000, -1000000000000000, -1000000000000000, -1000000000000000]}}, ""energy_inventory_change_kwh"": 0.0, ""forecast_basis"": ""current_measurements_only"", ""dump_load_kw"": 0, ""repair_clock"": ""calendar_reference"", ""operating_cost_basis"": ""same_executed_policy""}",4010439.7257313747,load_first_three_online,holdout,12,2026091702,"{""wind"": 5, ""pv"": 3, ""diesel"": 4, ""battery_energy"": 40, ""pcs"": 4}",True,0.0078125
,"holdout:(5, 3, 4, 40, 4):c1b16c40e93d24d01996b4bd81ccf0b9d616e7bef83b01e34c8697540ee6de0f:13",0.0,"{""shed_hours"": 0.0, ""longest_shed_hours"": 0.0, ""heater_kwh"": 70967.61078027803, ""diesel_kwh"": 1205063.350237891, ""diesel_fuel_kg"": 267791.8556084307, ""battery_discharge_kwh"": 733.161666733335, ""battery_charge_kwh"": 946.7480200585394, ""starts"": 19.0, ""start_failures"": 0.0, ""diesel_run_failures"": 13.0, ""diesel_online_hours"": 26274.0, ""wind_failures"": 4.0, ""pv_failures"": 1.0, ""pcs_failures"": 0.0, ""wind_protective_stop_hours"": 1073.0, ""wait_access_unit_hours"": 1.0, ""wait_crew_unit_hours"": 0.0, ""wait_prep_unit_hours"": 18.0, ""wait_heat_unit_hours"": 0.0, ""unserved_heater_command_kwh"": 0.0, ""max_balance_residual_kw"": 2.842170943040401e-14, ""max_soc_residual_kwh"": 1.1368683772161603e-13, ""initial_state"": {""energy_kwh"": 1700.0, ""temperatures_c"": [5.0, 5.0, 5.0, 5.0], ""online"": 3, ""diesel_states"": [{""healthy"": true, ""running"": true, ""pending"": false, ""onsite"": false, ""prep"": 3, ""min_up"": 0, ""min_down"": 0, ""repair_until"": -1, ""runtime"": 333, ""demands"": 1}, {""healthy"": true, ""running"": true, ""pending"": false, ""onsite"": false, ""prep"": 3, ""min_up"": 0, ""min_down"": 0, ""repair_until"": -1, ""runtime"": 329, ""demands"": 1}, {""healthy"": true, ""running"": false, ""pending"": false, ""onsite"": false, ""prep"": 3, ""min_up"": 0, ""min_down"": 0, ""repair_until"": -80, ""runtime"": 185, ""demands"": 1}, {""healthy"": true, ""running"": true, ""pending"": false, ""onsite"": false, ""prep"": 3, ""min_up"": 0, ""min_down"": 0, ""repair_until"": -1, ""runtime"": 137, ""demands"": 1}]}, ""final_state"": {""energy_kwh"": 1700.0, ""temperatures_c"": [5.0, 5.0, 5.0, 5.0], ""online"": 3, ""diesel_states"": [{""healthy"": true, ""running"": true, ""pending"": false, ""onsite"": false, ""prep"": 3, ""min_up"": 0, ""min_down"": 0, ""repair_until"": 5463, ""runtime"": 6768, ""demands"": 4}, {""healthy"": true, ""running"": false, ""pending"": false, ""onsite"": false, ""prep"": 3, ""min_up"": 0, ""min_down"": 0, ""repair_until"": 6623, ""runtime"": 4966, ""demands"": 6}, {""healthy"": true, ""running"": true, ""pending"": false, ""onsite"": false, ""prep"": 3, ""min_up"": 0, ""min_down"": 0, ""repair_until"": 6017, ""runtime"": 8079, ""demands"": 6}, {""healthy"": true, ""running"": true, ""pending"": false, ""onsite"": false, ""prep"": 3, ""min_up"": 0, ""min_down"": 0, ""repair_until"": 6118, ""runtime"": 7445, ""demands"": 7}], ""other_repair_until"": {""wind"": [-1000000000000000, -1000000000000000, 6746, 1089, 8022], ""pv"": [7133, -1000000000000000, -1000000000000000], ""pcs"": [-1000000000000000, -1000000000000000, -1000000000000000, -1000000000000000]}}, ""energy_inventory_change_kwh"": 0.0, ""forecast_basis"": ""current_measurements_only"", ""dump_load_kw"": 0, ""repair_clock"": ""calendar_reference"", ""operating_cost_basis"": ""same_executed_policy""}",4016877.8341263,load_first_three_online,holdout,13,2026091702,"{""wind"": 5, ""pv"": 3, ""diesel"": 4, ""battery_energy"": 40, ""pcs"": 4}",True,0.0078125
,"holdout:(5, 3, 4, 40, 4):c1b16c40e93d24d01996b4bd81ccf0b9d616e7bef83b01e34c8697540ee6de0f:14",0.0,"{""shed_hours"": 0.0, ""longest_shed_hours"": 0.0, ""heater_kwh"": 70967.61078027803, ""diesel_kwh"": 1202536.3941981788, ""diesel_fuel_kg"": 267230.309821827, ""battery_discharge_kwh"": 2757.321666833334, ""battery_charge_kwh"": 3560.590995394281, ""starts"": 28.0, ""start_failures"": 0.0, ""diesel_run_failures"": 21.0, ""diesel_online_hours"": 26193.0, ""wind_failures"": 7.0, ""pv_failures"": 3.0, ""pcs_failures"": 0.0, ""wind_protective_stop_hours"": 1073.0, ""wait_access_unit_hours"": 1.0, ""wait_crew_unit_hours"": 0.0, ""wait_prep_unit_hours"": 21.0, ""wait_heat_unit_hours"": 0.0, ""unserved_heater_command_kwh"": 0.0, ""max_balance_residual_kw"": 2.842170943040401e-14, ""max_soc_residual_kwh"": 1.1368683772161603e-13, ""initial_state"": {""energy_kwh"": 1700.0, ""temperatures_c"": [5.0, 5.0, 5.0, 5.0], ""online"": 3, ""diesel_states"": [{""healthy"": true, ""running"": true, ""pending"": false, ""onsite"": false, ""prep"": 3, ""min_up"": 0, ""min_down"": 0, ""repair_until"": -1, ""runtime"": 333, ""demands"": 1}, {""healthy"": true, ""running"": false, ""pending"": false, ""onsite"": false, ""prep"": 3, ""min_up"": 0, ""min_down"": 0, ""repair_until"": -168, ""runtime"": 146, ""demands"": 1}, {""healthy"": true, ""running"": true, ""pending"": false, ""onsite"": false, ""prep"": 3, ""min_up"": 0, ""min_down"": 0, ""repair_until"": -1, ""runtime"": 325, ""demands"": 1}, {""healthy"": true, ""running"": true, ""pending"": false, ""onsite"": false, ""prep"": 3, ""min_up"": 0, ""min_down"": 0, ""repair_until"": -1, ""runtime"": 180, ""demands"": 1}]}, ""final_state"": {""energy_kwh"": 1700.0, ""temperatures_c"": [5.0, 5.0, 5.0, 5.0], ""online"": 3, ""diesel_states"": [{""healthy"": true, ""running"": true, ""pending"": false, ""onsite"": false, ""prep"": 3, ""min_up"": 0, ""min_down"": 0, ""repair_until"": 7273, ""runtime"": 7401, ""demands"": 7}, {""healthy"": true, ""running"": true, ""pending"": false, ""onsite"": false, ""prep"": 3, ""min_up"": 0, ""min_down"": 0, ""repair_until"": 6471, ""runtime"": 7517, ""demands"": 6}, {""healthy"": true, ""running"": false, ""pending"": false, ""onsite"": false, ""prep"": 3, ""min_up"": 0, ""min_down"": 0, ""repair_until"": 8561, ""runtime"": 7035, ""demands"": 9}, {""healthy"": true, ""running"": true, ""pending"": false, ""onsite"": false, ""prep"": 3, ""min_up"": 0, ""min_down"": 0, ""repair_until"": 8120, ""runtime"": 5224, ""demands"": 10}], ""other_repair_until"": {""wind"": [1855, 6839, 6997, 8499, 4850], ""pv"": [-1000000000000000, 8641, -1000000000000000], ""pcs"": [-1000000000000000, -1000000000000000, -1000000000000000, -1000000000000000]}}, ""energy_inventory_change_kwh"": 0.0, ""forecast_basis"": ""current_measurements_only"", ""dump_load_kw"": 0, ""repair_clock"": ""calendar_reference"", ""operating_cost_basis"": ""same_executed_policy""}",4008454.647327249,load_first_three_online,holdout,14,2026091702,"{""wind"": 5, ""pv"": 3, ""diesel"": 4, ""battery_energy"": 40, ""pcs"": 4}",True,0.0078125
,"holdout:(5, 3, 4, 40, 4):c1b16c40e93d24d01996b4bd81ccf0b9d616e7bef83b01e34c8697540ee6de0f:15",0.0,"{""shed_hours"": 0.0, ""longest_shed_hours"": 0.0, ""heater_kwh"": 70967.61078027803, ""diesel_kwh"": 1207993.0793184703, ""diesel_fuel_kg"": 268442.9065152244, ""battery_discharge_kwh"": 816.312222355557, ""battery_charge_kwh"": 1054.1221879591355, ""starts"": 32.0, ""start_failures"": 0.0, ""diesel_run_failures"": 26.0, ""diesel_online_hours"": 26231.0, ""wind_failures"": 13.0, ""pv_failures"": 1.0, ""pcs_failures"": 2.0, ""wind_protective_stop_hours"": 1073.0, ""wait_access_unit_hours"": 6.0, ""wait_crew_unit_hours"": 0.0, ""wait_prep_unit_hours"": 18.0, ""wait_heat_unit_hours"": 0.0, ""unserved_heater_command_kwh"": 0.0, ""max_balance_residual_kw"": 2.842170943040401e-14, ""max_soc_residual_kwh"": 1.1368683772161603e-13, ""initial_state"": {""energy_kwh"": 1700.0, ""temperatures_c"": [5.0, 5.0, 5.0, 5.0], ""online"": 3, ""diesel_states"": [{""healthy"": true, ""running"": false, ""pending"": false, ""onsite"": false, ""prep"": 3, ""min_up"": 0, ""min_down"": 0, ""repair_until"": -86, ""runtime"": 210, ""demands"": 1}, {""healthy"": true, ""running"": true, ""pending"": false, ""onsite"": false, ""prep"": 3, ""min_up"": 0, ""min_down"": 0, ""repair_until"": -1, ""runtime"": 329, ""demands"": 1}, {""healthy"": true, ""running"": true, ""pending"": false, ""onsite"": false, ""prep"": 3, ""min_up"": 0, ""min_down"": 0, ""repair_until"": -1, ""runtime"": 325, ""demands"": 1}, {""healthy"": true, ""running"": true, ""pending"": false, ""onsite"": false, ""prep"": 3, ""min_up"": 0, ""min_down"": 0, ""repair_until"": -1, ""runtime"": 120, ""demands"": 1}]}, ""final_state"": {""energy_kwh"": 1700.0, ""temperatures_c"": [5.0, 5.0, 5.0, 5.0], ""online"": 3, ""diesel_states"": [{""healthy"": true, ""running"": true, ""pending"": false, ""onsite"": false, ""prep"": 3, ""min_up"": 0, ""min_down"": 0, ""repair_until"": 4485, ""runtime"": 8672, ""demands"": 4}, {""healthy"": true, ""running"": true, ""pending"": false, ""onsite"": false, ""prep"": 3, ""min_up"": 0, ""min_down"": 0, ""repair_until"": 8029, ""runtime"": 7028, ""demands"": 10}, {""healthy"": true, ""running"": true, ""pending"": false, ""onsite"": false, ""prep"": 3, ""min_up"": 0, ""min_down"": 0, ""repair_until"": 8301, ""runtime"": 6158, ""demands"": 11}, {""healthy"": true, ""running"": false, ""pending"": false, ""onsite"": false, ""prep"": 3, ""min_up"": 0, ""min_down"": 0, ""repair_until"": 8364, ""runtime"": 5357, ""demands"": 11}], ""other_repair_until"": {""wind"": [5733, 8451, 7067, 6915, 6285], ""pv"": [8284, -1000000000000000, -1000000000000000], ""pcs"": [-1000000000000000, -1000000000000000, 2393, 6052]}}, ""energy_inventory_change_kwh"": 0.0, ""forecast_basis"": ""current_measurements_only"", ""dump_load_kw"": 0, ""repair_clock"": ""calendar_reference"", ""operating_cost_basis"": ""same_executed_policy""}",4026643.5977282296,load_first_three_online,holdout,15,2026091702,"{""wind"": 5, ""pv"": 3, ""diesel"": 4, ""battery_energy"": 40, ""pcs"": 4}",True,0.0078125
,"holdout:(5, 3, 4, 40, 4):c1b16c40e93d24d01996b4bd81ccf0b9d616e7bef83b01e34c8697540ee6de0f:16",0.0,"{""shed_hours"": 0.0, ""longest_shed_hours"": 0.0, ""heater_kwh"": 70801.01123533667, ""diesel_kwh"": 1205399.7469080407, ""diesel_fuel_kg"": 267866.6104240194, ""battery_discharge_kwh"": 536.1016667333348, ""battery_charge_kwh"": 692.2800448519275, ""starts"": 25.0, ""start_failures"": 0.0, ""diesel_run_failures"": 19.0, ""diesel_online_hours"": 26272.0, ""wind_failures"": 6.0, ""pv_failures"": 1.0, ""pcs_failures"": 0.0, ""wind_protective_stop_hours"": 1073.0, ""wait_access_unit_hours"": 5.0, ""wait_crew_unit_hours"": 0.0, ""wait_prep_unit_hours"": 21.0, ""wait_heat_unit_hours"": 0.0, ""unserved_heater_command_kwh"": 0.0, ""max_balance_residual_kw"": 2.842170943040401e-14, ""max_soc_residual_kwh"": 1.1368683772161603e-13, ""initial_state"": {""energy_kwh"": 1700.0, ""temperatures_c"": [5.0, 5.0, 5.0, -0.4917950249892792], ""online"": 3, ""diesel_states"": [{""healthy"": true, ""running"": true, ""pending"": false, ""onsite"": false, ""prep"": 3, ""min_up"": 0, ""min_down"": 0, ""repair_until"": -1, ""runtime"": 333, ""demands"": 1}, {""healthy"": true, ""running"": true, ""pending"": false, ""onsite"": false, ""prep"": 3, ""min_up"": 0, ""min_down"": 0, ""repair_until"": -1, ""runtime"": 329, ""demands"": 1}, {""healthy"": true, ""running"": true, ""pending"": false, ""onsite"": false, ""prep"": 3, ""min_up"": 0, ""min_down"": 0, ""repair_until"": -1, ""runtime"": 325, ""demands"": 1}, {""healthy"": true, ""running"": false, ""pending"": false, ""onsite"": false, ""prep"": 0.0, ""min_up"": 0, ""min_down"": 0, ""repair_until"": -1, ""runtime"": 0, ""demands"": 0}]}, ""final_state"": {""energy_kwh"": 1700.0, ""temperatures_c"": [5.0, 5.0, 5.0, 5.0], ""online"": 3, ""diesel_states"": [{""healthy"": true, ""running"": false, ""pending"": false, ""onsite"": false, ""prep"": 3, ""min_up"": 0, ""min_down"": 0, ""repair_until"": 8537, ""runtime"": 7121, ""demands"": 6}, {""healthy"": true, ""running"": true, ""pending"": false, ""onsite"": false, ""prep"": 3, ""min_up"": 0, ""min_down"": 0, ""repair_until"": 7527, ""runtime"": 7136, ""demands"": 6}, {""healthy"": true, ""running"": true, ""pending"": false, ""onsite"": false, ""prep"": 3, ""min_up"": 0, ""min_down"": 0, ""repair_until"": 1336, ""runtime"": 7326, ""demands"": 6}, {""healthy"": true, ""running"": true, ""pending"": false, ""onsite"": false, ""prep"": 3, ""min_up"": 0, ""min_down"": 0, ""repair_until"": 8274, ""runtime"": 5676, ""demands"": 10}], ""other_repair_until"": {""wind"": [-180, 3347, 252, 1615, 4521], ""pv"": [-1000000000000000, 7601, -1000000000000000], ""pcs"": [-1000000000000000, -1000000000000000, -1000000000000000, -1000000000000000]}}, ""energy_inventory_change_kwh"": 0.0, ""forecast_basis"": ""current_measurements_only"", ""dump_load_kw"": 0, ""repair_clock"": ""calendar_reference"", ""operating_cost_basis"": ""same_executed_policy""}",4017999.1563601345,load_first_three_online,holdout,16,2026091702,"{""wind"": 5, ""pv"": 3, ""diesel"": 4, ""battery_energy"": 40, ""pcs"": 4}",True,0.0078125
,"holdout:(5, 3, 4, 40, 4):c1b16c40e93d24d01996b4bd81ccf0b9d616e7bef83b01e34c8697540ee6de0f:17",0.0,"{""shed_hours"": 0.0, ""longest_shed_hours"": 0.0, ""heater_kwh"": 69644.75959399488, ""diesel_kwh"": 1211353.95246053, ""diesel_fuel_kg"": 269189.76721346076, ""battery_discharge_kwh"": 1043.3011113111124, ""battery_charge_kwh"": 1347.238005308768, ""starts"": 22.0, ""start_failures"": 0.0, ""diesel_run_failures"": 15.0, ""diesel_online_hours"": 26269.0, ""wind_failures"": 4.0, ""pv_failures"": 4.0, ""pcs_failures"": 2.0, ""wind_protective_stop_hours"": 1073.0, ""wait_access_unit_hours"": 0.0, ""wait_crew_unit_hours"": 0.0, ""wait_prep_unit_hours"": 24.0, ""wait_heat_unit_hours"": 0.0, ""unserved_heater_command_kwh"": 0.0, ""max_balance_residual_kw"": 2.842170943040401e-14, ""max_soc_residual_kwh"": 1.1368683772161603e-13, ""initial_state"": {""energy_kwh"": 1700.0, ""temperatures_c"": [5.0, 5.0, 5.0, -0.4917950249892792], ""online"": 3, ""diesel_states"": [{""healthy"": true, ""running"": true, ""pending"": false, ""onsite"": false, ""prep"": 3, ""min_up"": 0, ""min_down"": 0, ""repair_until"": -1, ""runtime"": 333, ""demands"": 1}, {""healthy"": true, ""running"": true, ""pending"": false, ""onsite"": false, ""prep"": 3, ""min_up"": 0, ""min_down"": 0, ""repair_until"": -1, ""runtime"": 329, ""demands"": 1}, {""healthy"": true, ""running"": true, ""pending"": false, ""onsite"": false, ""prep"": 3, ""min_up"": 0, ""min_down"": 0, ""repair_until"": -1, ""runtime"": 325, ""demands"": 1}, {""healthy"": true, ""running"": false, ""pending"": false, ""onsite"": false, ""prep"": 0.0, ""min_up"": 0, ""min_down"": 0, ""repair_until"": -1, ""runtime"": 0, ""demands"": 0}]}, ""final_state"": {""energy_kwh"": 1700.0, ""temperatures_c"": [5.0, 5.0, 5.0, 5.0], ""online"": 3, ""diesel_states"": [{""healthy"": true, ""running"": true, ""pending"": false, ""onsite"": false, ""prep"": 3, ""min_up"": 0, ""min_down"": 0, ""repair_until"": 7024, ""runtime"": 7616, ""demands"": 6}, {""healthy"": true, ""running"": false, ""pending"": false, ""onsite"": false, ""prep"": 3, ""min_up"": 0, ""min_down"": 0, ""repair_until"": 8568, ""runtime"": 7407, ""demands"": 6}, {""healthy"": true, ""running"": true, ""pending"": false, ""onsite"": false, ""prep"": 3, ""min_up"": 0, ""min_down"": 0, ""repair_until"": 1678, ""runtime"": 8167, ""demands"": 4}, {""healthy"": true, ""running"": true, ""pending"": false, ""onsite"": false, ""prep"": 3, ""min_up"": 0, ""min_down"": 0, ""repair_until"": 7285, ""runtime"": 4066, ""demands"": 9}], ""other_repair_until"": {""wind"": [-1000000000000000, 5077, 4637, 6026, -1000000000000000], ""pv"": [-1000000000000000, -1000000000000000, 8716], ""pcs"": [-1000000000000000, 5776, -1000000000000000, 6680]}}, ""energy_inventory_change_kwh"": 0.0, ""forecast_basis"": ""current_measurements_only"", ""dump_load_kw"": 0, ""repair_clock"": ""calendar_reference"", ""operating_cost_basis"": ""same_executed_policy""}",4037846.5082017537,load_first_three_online,holdout,17,2026091702,"{""wind"": 5, ""pv"": 3, ""diesel"": 4, ""battery_energy"": 40, ""pcs"": 4}",True,0.0078125
,"holdout:(5, 3, 4, 40, 4):c1b16c40e93d24d01996b4bd81ccf0b9d616e7bef83b01e34c8697540ee6de0f:18",0.0,"{""shed_hours"": 0.0, ""longest_shed_hours"": 0.0, ""heater_kwh"": 70967.61078027803, ""diesel_kwh"": 1204011.883004412, ""diesel_fuel_kg"": 267558.19622321235, ""battery_discharge_kwh"": 2172.51222218889, ""battery_charge_kwh"": 2805.4135100579633, ""starts"": 28.0, ""start_failures"": 0.0, ""diesel_run_failures"": 23.0, ""diesel_online_hours"": 26213.0, ""wind_failures"": 10.0, ""pv_failures"": 1.0, ""pcs_failures"": 1.0, ""wind_protective_stop_hours"": 1073.0, ""wait_access_unit_hours"": 22.0, ""wait_crew_unit_hours"": 0.0, ""wait_prep_unit_hours"": 15.0, ""wait_heat_unit_hours"": 0.0, ""unserved_heater_command_kwh"": 0.0, ""max_balance_residual_kw"": 2.842170943040401e-14, ""max_soc_residual_kwh"": 1.1368683772161603e-13, ""initial_state"": {""energy_kwh"": 1700.0, ""temperatures_c"": [5.0, 5.0, 5.0, 5.0], ""online"": 3, ""diesel_states"": [{""healthy"": true, ""running"": true, ""pending"": false, ""onsite"": false, ""prep"": 3, ""min_up"": 0, ""min_down"": 0, ""repair_until"": -1, ""runtime"": 333, ""demands"": 1}, {""healthy"": true, ""running"": true, ""pending"": false, ""onsite"": false, ""prep"": 3, ""min_up"": 0, ""min_down"": 0, ""repair_until"": -1, ""runtime"": 329, ""demands"": 1}, {""healthy"": true, ""running"": false, ""pending"": false, ""onsite"": false, ""prep"": 3, ""min_up"": 0, ""min_down"": 0, ""repair_until"": -267, ""runtime"": 18, ""demands"": 1}, {""healthy"": true, ""running"": true, ""pending"": false, ""onsite"": false, ""prep"": 3, ""min_up"": 0, ""min_down"": 0, ""repair_until"": -1, ""runtime"": 304, ""demands"": 1}]}, ""final_state"": {""energy_kwh"": 1700.0, ""temperatures_c"": [5.0, 5.0, 5.0, 5.0], ""online"": 3, ""diesel_states"": [{""healthy"": true, ""running"": true, ""pending"": false, ""onsite"": false, ""prep"": 3, ""min_up"": 0, ""min_down"": 0, ""repair_until"": 6913, ""runtime"": 6349, ""demands"": 7}, {""healthy"": false, ""running"": false, ""pending"": false, ""onsite"": false, ""prep"": 0.0, ""min_up"": 0, ""min_down"": 0, ""repair_until"": 8872, ""runtime"": 7756, ""demands"": 8}, {""healthy"": true, ""running"": true, ""pending"": false, ""onsite"": false, ""prep"": 3, ""min_up"": 0, ""min_down"": 0, ""repair_until"": 8587, ""runtime"": 6089, ""demands"": 10}, {""healthy"": true, ""running"": true, ""pending"": false, ""onsite"": false, ""prep"": 3, ""min_up"": 0, ""min_down"": 0, ""repair_until"": 6090, ""runtime"": 7003, ""demands"": 7}], ""other_repair_until"": {""wind"": [-1000000000000000, 8316, 7548, 743, 2683], ""pv"": [-1000000000000000, 7503, -1000000000000000], ""pcs"": [1189, -1000000000000000, -1000000000000000, -1000000000000000]}}, ""energy_inventory_change_kwh"": 0.0, ""forecast_basis"": ""current_measurements_only"", ""dump_load_kw"": 0, ""repair_clock"": ""calendar_reference"", ""operating_cost_basis"": ""same_executed_policy""}",4013372.9433480334,load_first_three_online,holdout,18,2026091702,"{""wind"": 5, ""pv"": 3, ""diesel"": 4, ""battery_energy"": 40, ""pcs"": 4}",True,0.0078125
,"holdout:(5, 3, 4, 40, 4):c1b16c40e93d24d01996b4bd81ccf0b9d616e7bef83b01e34c8697540ee6de0f:19",0.0,"{""shed_hours"": 0.0, ""longest_shed_hours"": 0.0, ""heater_kwh"": 70490.89252432364, ""diesel_kwh"": 1203809.9182383583, ""diesel_fuel_kg"": 267513.31516409037, ""battery_discharge_kwh"": 1233.7694445111126, ""battery_charge_kwh"": 1593.19401408976, ""starts"": 30.0, ""start_failures"": 0.0, ""diesel_run_failures"": 23.0, ""diesel_online_hours"": 26249.0, ""wind_failures"": 5.0, ""pv_failures"": 3.0, ""pcs_failures"": 0.0, ""wind_protective_stop_hours"": 1073.0, ""wait_access_unit_hours"": 8.0, ""wait_crew_unit_hours"": 0.0, ""wait_prep_unit_hours"": 24.0, ""wait_heat_unit_hours"": 0.0, ""unserved_heater_command_kwh"": 0.0, ""max_balance_residual_kw"": 2.842170943040401e-14, ""max_soc_residual_kwh"": 1.1368683772161603e-13, ""initial_state"": {""energy_kwh"": 1700.0, ""temperatures_c"": [5.0, 5.0, 5.0, -0.4917950249892792], ""online"": 3, ""diesel_states"": [{""healthy"": true, ""running"": true, ""pending"": false, ""onsite"": false, ""prep"": 3, ""min_up"": 0, ""min_down"": 0, ""repair_until"": -1, ""runtime"": 333, ""demands"": 1}, {""healthy"": true, ""running"": true, ""pending"": false, ""onsite"": false, ""prep"": 3, ""min_up"": 0, ""min_down"": 0, ""repair_until"": -1, ""runtime"": 329, ""demands"": 1}, {""healthy"": true, ""running"": true, ""pending"": false, ""onsite"": false, ""prep"": 3, ""min_up"": 0, ""min_down"": 0, ""repair_until"": -1, ""runtime"": 325, ""demands"": 1}, {""healthy"": true, ""running"": false, ""pending"": false, ""onsite"": false, ""prep"": 0.0, ""min_up"": 0, ""min_down"": 0, ""repair_until"": -1, ""runtime"": 0, ""demands"": 0}]}, ""final_state"": {""energy_kwh"": 1700.0, ""temperatures_c"": [5.0, 5.0, 5.0, 5.0], ""online"": 3, ""diesel_states"": [{""healthy"": true, ""running"": true, ""pending"": false, ""onsite"": false, ""prep"": 3, ""min_up"": 0, ""min_down"": 0, ""repair_until"": 6215, ""runtime"": 7374, ""demands"": 5}, {""healthy"": true, ""running"": false, ""pending"": false, ""onsite"": false, ""prep"": 3, ""min_up"": 0, ""min_down"": 0, ""repair_until"": 8658, ""runtime"": 6884, ""demands"": 8}, {""healthy"": true, ""running"": true, ""pending"": false, ""onsite"": false, ""prep"": 3, ""min_up"": 0, ""min_down"": 0, ""repair_until"": 8367, ""runtime"": 7524, ""demands"": 11}, {""healthy"": true, ""running"": true, ""pending"": false, ""onsite"": false, ""prep"": 3, ""min_up"": 0, ""min_down"": 0, ""repair_until"": 7759, ""runtime"": 5454, ""demands"": 9}], ""other_repair_until"": {""wind"": [956, 8509, 1137, -1000000000000000, 3997], ""pv"": [8776, -1000000000000000, -1000000000000000], ""pcs"": [-1000000000000000, -1000000000000000, -1000000000000000, -1000000000000000]}}, ""energy_inventory_change_kwh"": 0.0, ""forecast_basis"": ""current_measurements_only"", ""dump_load_kw"": 0, ""repair_clock"": ""calendar_reference"", ""operating_cost_basis"": ""same_executed_policy""}",4012699.7274611834,load_first_three_online,holdout,19,2026091702,"{""wind"": 5, ""pv"": 3, ""diesel"": 4, ""battery_energy"": 40, ""pcs"": 4}",True,0.0078125
,"holdout:(5, 3, 4, 40, 4):c1b16c40e93d24d01996b4bd81ccf0b9d616e7bef83b01e34c8697540ee6de0f:20",0.0,"{""shed_hours"": 0.0, ""longest_shed_hours"": 0.0, ""heater_kwh"": 70967.61078027803, ""diesel_kwh"": 1202876.0933925454, ""diesel_fuel_kg"": 267305.7985316868, ""battery_discharge_kwh"": 724.5850000666682, ""battery_charge_kwh"": 935.6727790117072, ""starts"": 12.0, ""start_failures"": 0.0, ""diesel_run_failures"": 7.0, ""diesel_online_hours"": 26277.0, ""wind_failures"": 7.0, ""pv_failures"": 1.0, ""pcs_failures"": 0.0, ""wind_protective_stop_hours"": 1073.0, ""wait_access_unit_hours"": 1.0, ""wait_crew_unit_hours"": 0.0, ""wait_prep_unit_hours"": 15.0, ""wait_heat_unit_hours"": 0.0, ""unserved_heater_command_kwh"": 0.0, ""max_balance_residual_kw"": 2.842170943040401e-14, ""max_soc_residual_kwh"": 1.1368683772161603e-13, ""initial_state"": {""energy_kwh"": 1700.0, ""temperatures_c"": [5.0, 5.0, 5.0, 5.0], ""online"": 3, ""diesel_states"": [{""healthy"": true, ""running"": true, ""pending"": false, ""onsite"": false, ""prep"": 3, ""min_up"": 0, ""min_down"": 0, ""repair_until"": -1, ""runtime"": 333, ""demands"": 1}, {""healthy"": true, ""running"": true, ""pending"": false, ""onsite"": false, ""prep"": 3, ""min_up"": 0, ""min_down"": 0, ""repair_until"": -1, ""runtime"": 329, ""demands"": 1}, {""healthy"": true, ""running"": false, ""pending"": false, ""onsite"": false, ""prep"": 3, ""min_up"": 0, ""min_down"": 0, ""repair_until"": -176, ""runtime"": 143, ""demands"": 1}, {""healthy"": true, ""running"": true, ""pending"": false, ""onsite"": false, ""prep"": 3, ""min_up"": 0, ""min_down"": 0, ""repair_until"": -1, ""runtime"": 179, ""demands"": 1}]}, ""final_state"": {""energy_kwh"": 1700.0, ""temperatures_c"": [5.0, 5.0, 5.0, 5.0], ""online"": 3, ""diesel_states"": [{""healthy"": true, ""running"": true, ""pending"": false, ""onsite"": false, ""prep"": 3, ""min_up"": 0, ""min_down"": 0, ""repair_until"": -1, ""runtime"": 9093, ""demands"": 1}, {""healthy"": true, ""running"": true, ""pending"": false, ""onsite"": false, ""prep"": 3, ""min_up"": 0, ""min_down"": 0, ""repair_until"": 4962, ""runtime"": 8186, ""demands"": 4}, {""healthy"": true, ""running"": false, ""pending"": false, ""onsite"": false, ""prep"": 3, ""min_up"": 0, ""min_down"": 0, ""repair_until"": 7308, ""runtime"": 4059, ""demands"": 5}, {""healthy"": true, ""running"": true, ""pending"": false, ""onsite"": false, ""prep"": 3, ""min_up"": 0, ""min_down"": 0, ""repair_until"": 5527, ""runtime"": 5923, ""demands"": 6}], ""other_repair_until"": {""wind"": [-1000000000000000, 5050, 7586, 2094, 2997], ""pv"": [-1000000000000000, 5827, -1000000000000000], ""pcs"": [-1000000000000000, -1000000000000000, -1000000000000000, -1000000000000000]}}, ""energy_inventory_change_kwh"": 0.0, ""forecast_basis"": ""current_measurements_only"", ""dump_load_kw"": 0, ""repair_clock"": ""calendar_reference"", ""operating_cost_basis"": ""same_executed_policy""}",4009586.977975148,load_first_three_online,holdout,20,2026091702,"{""wind"": 5, ""pv"": 3, ""diesel"": 4, ""battery_energy"": 40, ""pcs"": 4}",True,0.0078125
,"holdout:(5, 3, 4, 40, 4):c1b16c40e93d24d01996b4bd81ccf0b9d616e7bef83b01e34c8697540ee6de0f:21",0.0,"{""shed_hours"": 0.0, ""longest_shed_hours"": 0.0, ""heater_kwh"": 70967.61078027803, ""diesel_kwh"": 1203536.942878237, ""diesel_fuel_kg"": 267452.65397295164, ""battery_discharge_kwh"": 345.8883334333349, ""battery_charge_kwh"": 446.6533231318865, ""starts"": 22.0, ""start_failures"": 0.0, ""diesel_run_failures"": 17.0, ""diesel_online_hours"": 26274.0, ""wind_failures"": 4.0, ""pv_failures"": 1.0, ""pcs_failures"": 1.0, ""wind_protective_stop_hours"": 1073.0, ""wait_access_unit_hours"": 1.0, ""wait_crew_unit_hours"": 0.0, ""wait_prep_unit_hours"": 15.0, ""wait_heat_unit_hours"": 0.0, ""unserved_heater_command_kwh"": 0.0, ""max_balance_residual_kw"": 2.842170943040401e-14, ""max_soc_residual_kwh"": 1.1368683772161603e-13, ""initial_state"": {""energy_kwh"": 1700.0, ""temperatures_c"": [5.0, 5.0, 5.0, 5.0], ""online"": 3, ""diesel_states"": [{""healthy"": true, ""running"": true, ""pending"": false, ""onsite"": false, ""prep"": 3, ""min_up"": 0, ""min_down"": 0, ""repair_until"": -1, ""runtime"": 333, ""demands"": 1}, {""healthy"": true, ""running"": true, ""pending"": false, ""onsite"": false, ""prep"": 3, ""min_up"": 0, ""min_down"": 0, ""repair_until"": -1, ""runtime"": 329, ""demands"": 1}, {""healthy"": true, ""running"": true, ""pending"": false, ""onsite"": false, ""prep"": 3, ""min_up"": 0, ""min_down"": 0, ""repair_until"": -162, ""runtime"": 207, ""demands"": 2}, {""healthy"": true, ""running"": false, ""pending"": false, ""onsite"": false, ""prep"": 3, ""min_up"": 0, ""min_down"": 0, ""repair_until"": -10, ""runtime"": 115, ""demands"": 1}]}, ""final_state"": {""energy_kwh"": 1700.0, ""temperatures_c"": [5.0, 5.0, 5.0, 5.0], ""online"": 3, ""diesel_states"": [{""healthy"": true, ""running"": false, ""pending"": false, ""onsite"": false, ""prep"": 3, ""min_up"": 0, ""min_down"": 0, ""repair_until"": 8102, ""runtime"": 6654, ""demands"": 5}, {""healthy"": true, ""running"": true, ""pending"": false, ""onsite"": false, ""prep"": 3, ""min_up"": 0, ""min_down"": 0, ""repair_until"": 7885, ""runtime"": 7879, ""demands"": 5}, {""healthy"": true, ""running"": true, ""pending"": false, ""onsite"": false, ""prep"": 3, ""min_up"": 0, ""min_down"": 0, ""repair_until"": 6033, ""runtime"": 5729, ""demands"": 8}, {""healthy"": true, ""running"": true, ""pending"": false, ""onsite"": false, ""prep"": 3, ""min_up"": 0, ""min_down"": 0, ""repair_until"": 8064, ""runtime"": 6996, ""demands"": 9}], ""other_repair_until"": {""wind"": [-1000000000000000, 7545, -1000000000000000, 2970, 8245], ""pv"": [6794, -1000000000000000, -1000000000000000], ""pcs"": [-1000000000000000, -1000000000000000, 8324, -148]}}, ""energy_inventory_change_kwh"": 0.0, ""forecast_basis"": ""current_measurements_only"", ""dump_load_kw"": 0, ""repair_clock"": ""calendar_reference"", ""operating_cost_basis"": ""same_executed_policy""}",4011789.809594116,load_first_three_online,holdout,21,2026091702,"{""wind"": 5, ""pv"": 3, ""diesel"": 4, ""battery_energy"": 40, ""pcs"": 4}",True,0.0078125
,"holdout:(5, 3, 4, 40, 4):c1b16c40e93d24d01996b4bd81ccf0b9d616e7bef83b01e34c8697540ee6de0f:22",0.0,"{""shed_hours"": 0.0, ""longest_shed_hours"": 0.0, ""heater_kwh"": 70710.39177915499, ""diesel_kwh"": 1211461.1154003735, ""diesel_fuel_kg"": 269213.5812000908, ""battery_discharge_kwh"": 461.2325000333349, ""battery_charge_kwh"": 595.599819257919, ""starts"": 21.0, ""start_failures"": 0.0, ""diesel_run_failures"": 18.0, ""diesel_online_hours"": 26240.0, ""wind_failures"": 8.0, ""pv_failures"": 2.0, ""pcs_failures"": 0.0, ""wind_protective_stop_hours"": 1073.0, ""wait_access_unit_hours"": 1.0, ""wait_crew_unit_hours"": 0.0, ""wait_prep_unit_hours"": 12.0, ""wait_heat_unit_hours"": 0.0, ""unserved_heater_command_kwh"": 0.0, ""max_balance_residual_kw"": 2.842170943040401e-14, ""max_soc_residual_kwh"": 1.1368683772161603e-13, ""initial_state"": {""energy_kwh"": 1700.0, ""temperatures_c"": [5.0, 5.0, 5.0, -0.4917950249892792], ""online"": 3, ""diesel_states"": [{""healthy"": true, ""running"": true, ""pending"": false, ""onsite"": false, ""prep"": 3, ""min_up"": 0, ""min_down"": 0, ""repair_until"": -1, ""runtime"": 333, ""demands"": 1}, {""healthy"": true, ""running"": true, ""pending"": false, ""onsite"": false, ""prep"": 3, ""min_up"": 0, ""min_down"": 0, ""repair_until"": -1, ""runtime"": 329, ""demands"": 1}, {""healthy"": true, ""running"": true, ""pending"": false, ""onsite"": false, ""prep"": 3, ""min_up"": 0, ""min_down"": 0, ""repair_until"": -1, ""runtime"": 325, ""demands"": 1}, {""healthy"": true, ""running"": false, ""pending"": false, ""onsite"": false, ""prep"": 0.0, ""min_up"": 0, ""min_down"": 0, ""repair_until"": -1, ""runtime"": 0, ""demands"": 0}]}, ""final_state"": {""energy_kwh"": 1700.0, ""temperatures_c"": [5.0, 5.0, 5.0, 5.0], ""online"": 3, ""diesel_states"": [{""healthy"": true, ""running"": true, ""pending"": false, ""onsite"": false, ""prep"": 3, ""min_up"": 0, ""min_down"": 0, ""repair_until"": 8208, ""runtime"": 7979, ""demands"": 5}, {""healthy"": true, ""running"": true, ""pending"": false, ""onsite"": false, ""prep"": 3, ""min_up"": 0, ""min_down"": 0, ""repair_until"": 6201, ""runtime"": 7379, ""demands"": 7}, {""healthy"": true, ""running"": true, ""pending"": false, ""onsite"": false, ""prep"": 3, ""min_up"": 0, ""min_down"": 0, ""repair_until"": 2247, ""runtime"": 7177, ""demands"": 5}, {""healthy"": true, ""running"": false, ""pending"": false, ""onsite"": false, ""prep"": 3, ""min_up"": 0, ""min_down"": 0, ""repair_until"": 8228, ""runtime"": 4692, ""demands"": 7}], ""other_repair_until"": {""wind"": [6576, 5028, 8258, 8851, -1000000000000000], ""pv"": [8467, -1000000000000000, 6569], ""pcs"": [-1000000000000000, -1000000000000000, -1000000000000000, -1000000000000000]}}, ""energy_inventory_change_kwh"": 0.0, ""forecast_basis"": ""current_measurements_only"", ""dump_load_kw"": 0, ""repair_clock"": ""calendar_reference"", ""operating_cost_basis"": ""same_executed_policy""}",4038203.7180012343,load_first_three_online,holdout,22,2026091702,"{""wind"": 5, ""pv"": 3, ""diesel"": 4, ""battery_energy"": 40, ""pcs"": 4}",True,0.0078125
,"holdout:(5, 3, 4, 40, 4):c1b16c40e93d24d01996b4bd81ccf0b9d616e7bef83b01e34c8697540ee6de0f:23",0.0,"{""shed_hours"": 0.0, ""longest_shed_hours"": 0.0, ""heater_kwh"": 70967.61078027803, ""diesel_kwh"": 1204967.9181560131, ""diesel_fuel_kg"": 267770.6484791246, ""battery_discharge_kwh"": 303.778333433335, ""battery_charge_kwh"": 392.27574048725813, ""starts"": 18.0, ""start_failures"": 0.0, ""diesel_run_failures"": 12.0, ""diesel_online_hours"": 26278.0, ""wind_failures"": 8.0, ""pv_failures"": 4.0, ""pcs_failures"": 0.0, ""wind_protective_stop_hours"": 1073.0, ""wait_access_unit_hours"": 1.0, ""wait_crew_unit_hours"": 0.0, ""wait_prep_unit_hours"": 18.0, ""wait_heat_unit_hours"": 0.0, ""unserved_heater_command_kwh"": 0.0, ""max_balance_residual_kw"": 2.842170943040401e-14, ""max_soc_residual_kwh"": 1.1368683772161603e-13, ""initial_state"": {""energy_kwh"": 1700.0, ""temperatures_c"": [5.0, 5.0, 5.0, 5.0], ""online"": 3, ""diesel_states"": [{""healthy"": true, ""running"": true, ""pending"": false, ""onsite"": false, ""prep"": 3, ""min_up"": 0, ""min_down"": 0, ""repair_until"": -1, ""runtime"": 333, ""demands"": 1}, {""healthy"": true, ""running"": true, ""pending"": false, ""onsite"": false, ""prep"": 3, ""min_up"": 0, ""min_down"": 0, ""repair_until"": -1, ""runtime"": 329, ""demands"": 1}, {""healthy"": true, ""running"": false, ""pending"": false, ""onsite"": false, ""prep"": 3, ""min_up"": 0, ""min_down"": 0, ""repair_until"": -199, ""runtime"": 105, ""demands"": 1}, {""healthy"": true, ""running"": true, ""pending"": false, ""onsite"": false, ""prep"": 3, ""min_up"": 0, ""min_down"": 0, ""repair_until"": -1, ""runtime"": 217, ""demands"": 1}]}, ""final_state"": {""energy_kwh"": 1700.0, ""temperatures_c"": [5.0, 5.0, 5.0, 5.0], ""online"": 3, ""diesel_states"": [{""healthy"": true, ""running"": false, ""pending"": false, ""onsite"": false, ""prep"": 3, ""min_up"": 0, ""min_down"": 0, ""repair_until"": 8333, ""runtime"": 6582, ""demands"": 3}, {""healthy"": true, ""running"": true, ""pending"": false, ""onsite"": false, ""prep"": 3, ""min_up"": 0, ""min_down"": 0, ""repair_until"": 7573, ""runtime"": 7213, ""demands"": 5}, {""healthy"": true, ""running"": true, ""pending"": false, ""onsite"": false, ""prep"": 3, ""min_up"": 0, ""min_down"": 0, ""repair_until"": 8102, ""runtime"": 6743, ""demands"": 7}, {""healthy"": true, ""running"": true, ""pending"": false, ""onsite"": false, ""prep"": 3, ""min_up"": 0, ""min_down"": 0, ""repair_until"": 6766, ""runtime"": 6724, ""demands"": 7}], ""other_repair_until"": {""wind"": [-1000000000000000, 4964, -1000000000000000, 4469, 8767], ""pv"": [5301, 686, 4601], ""pcs"": [-1000000000000000, -1000000000000000, -1000000000000000, -1000000000000000]}}, ""energy_inventory_change_kwh"": 0.0, ""forecast_basis"": ""current_measurements_only"", ""dump_load_kw"": 0, ""repair_clock"": ""calendar_reference"", ""operating_cost_basis"": ""same_executed_policy""}",4016559.727186706,load_first_three_online,holdout,23,2026091702,"{""wind"": 5, ""pv"": 3, ""diesel"": 4, ""battery_energy"": 40, ""pcs"": 4}",True,0.0078125
,"holdout:(5, 3, 4, 40, 4):c1b16c40e93d24d01996b4bd81ccf0b9d616e7bef83b01e34c8697540ee6de0f:24",0.0,"{""shed_hours"": 0.0, ""longest_shed_hours"": 0.0, ""heater_kwh"": 70170.19702290451, ""diesel_kwh"": 1202846.1411540115, ""diesel_fuel_kg"": 267299.142478679, ""battery_discharge_kwh"": 732.0316667333346, ""battery_charge_kwh"": 945.2888258436627, ""starts"": 19.0, ""start_failures"": 0.0, ""diesel_run_failures"": 15.0, ""diesel_online_hours"": 26256.0, ""wind_failures"": 6.0, ""pv_failures"": 1.0, ""pcs_failures"": 1.0, ""wind_protective_stop_hours"": 1073.0, ""wait_access_unit_hours"": 2.0, ""wait_crew_unit_hours"": 0.0, ""wait_prep_unit_hours"": 15.0, ""wait_heat_unit_hours"": 0.0, ""unserved_heater_command_kwh"": 0.0, ""max_balance_residual_kw"": 2.842170943040401e-14, ""max_soc_residual_kwh"": 1.1368683772161603e-13, ""initial_state"": {""energy_kwh"": 1700.0, ""temperatures_c"": [5.0, 5.0, 5.0, -0.4917950249892792], ""online"": 3, ""diesel_states"": [{""healthy"": true, ""running"": true, ""pending"": false, ""onsite"": false, ""prep"": 3, ""min_up"": 0, ""min_down"": 0, ""repair_until"": -1, ""runtime"": 333, ""demands"": 1}, {""healthy"": true, ""running"": true, ""pending"": false, ""onsite"": false, ""prep"": 3, ""min_up"": 0, ""min_down"": 0, ""repair_until"": -1, ""runtime"": 329, ""demands"": 1}, {""healthy"": true, ""running"": true, ""pending"": false, ""onsite"": false, ""prep"": 3, ""min_up"": 0, ""min_down"": 0, ""repair_until"": -1, ""runtime"": 325, ""demands"": 1}, {""healthy"": true, ""running"": false, ""pending"": false, ""onsite"": false, ""prep"": 0.0, ""min_up"": 0, ""min_down"": 0, ""repair_until"": -1, ""runtime"": 0, ""demands"": 0}]}, ""final_state"": {""energy_kwh"": 1700.0, ""temperatures_c"": [5.0, 5.0, 5.0, 5.0], ""online"": 3, ""diesel_states"": [{""healthy"": true, ""running"": true, ""pending"": false, ""onsite"": false, ""prep"": 3, ""min_up"": 0, ""min_down"": 0, ""repair_until"": 6336, ""runtime"": 8042, ""demands"": 5}, {""healthy"": true, ""running"": true, ""pending"": false, ""onsite"": false, ""prep"": 3, ""min_up"": 0, ""min_down"": 0, ""repair_until"": 7634, ""runtime"": 6795, ""demands"": 6}, {""healthy"": true, ""running"": true, ""pending"": false, ""onsite"": false, ""prep"": 3, ""min_up"": 0, ""min_down"": 0, ""repair_until"": 7911, ""runtime"": 7474, ""demands"": 5}, {""healthy"": true, ""running"": false, ""pending"": false, ""onsite"": false, ""prep"": 3, ""min_up"": 0, ""min_down"": 0, ""repair_until"": 8244, ""runtime"": 4932, ""demands"": 6}], ""other_repair_until"": {""wind"": [1365, -1000000000000000, 6607, -1000000000000000, 5104], ""pv"": [-1000000000000000, 1956, -1000000000000000], ""pcs"": [-1000000000000000, 2086, -1000000000000000, -1000000000000000]}}, ""energy_inventory_change_kwh"": 0.0, ""forecast_basis"": ""current_measurements_only"", ""dump_load_kw"": 0, ""repair_clock"": ""calendar_reference"", ""operating_cost_basis"": ""same_executed_policy""}",4009487.137180029,load_first_three_online,holdout,24,2026091702,"{""wind"": 5, ""pv"": 3, ""diesel"": 4, ""battery_energy"": 40, ""pcs"": 4}",True,0.0078125
,"holdout:(5, 3, 4, 40, 4):c1b16c40e93d24d01996b4bd81ccf0b9d616e7bef83b01e34c8697540ee6de0f:25",0.0,"{""shed_hours"": 0.0, ""longest_shed_hours"": 0.0, ""heater_kwh"": 70967.61078027803, ""diesel_kwh"": 1202680.3242671248, ""diesel_fuel_kg"": 267262.29428159364, ""battery_discharge_kwh"": 451.30166676666795, ""battery_charge_kwh"": 582.7759126635661, ""starts"": 16.0, ""start_failures"": 0.0, ""diesel_run_failures"": 10.0, ""diesel_online_hours"": 26278.0, ""wind_failures"": 4.0, ""pv_failures"": 2.0, ""pcs_failures"": 0.0, ""wind_protective_stop_hours"": 1073.0, ""wait_access_unit_hours"": 1.0, ""wait_crew_unit_hours"": 0.0, ""wait_prep_unit_hours"": 18.0, ""wait_heat_unit_hours"": 0.0, ""unserved_heater_command_kwh"": 0.0, ""max_balance_residual_kw"": 2.842170943040401e-14, ""max_soc_residual_kwh"": 1.1368683772161603e-13, ""initial_state"": {""energy_kwh"": 1700.0, ""temperatures_c"": [5.0, 5.0, 5.0, 5.0], ""online"": 3, ""diesel_states"": [{""healthy"": true, ""running"": true, ""pending"": false, ""onsite"": false, ""prep"": 3, ""min_up"": 0, ""min_down"": 0, ""repair_until"": -300, ""runtime"": 217, ""demands"": 2}, {""healthy"": true, ""running"": true, ""pending"": false, ""onsite"": false, ""prep"": 3, ""min_up"": 0, ""min_down"": 0, ""repair_until"": -175, ""runtime"": 151, ""demands"": 2}, {""healthy"": true, ""running"": true, ""pending"": false, ""onsite"": false, ""prep"": 3, ""min_up"": 0, ""min_down"": 0, ""repair_until"": -1, ""runtime"": 325, ""demands"": 1}, {""healthy"": true, ""running"": false, ""pending"": false, ""onsite"": false, ""prep"": 3, ""min_up"": 0, ""min_down"": 0, ""repair_until"": -22, ""runtime"": 291, ""demands"": 1}]}, ""final_state"": {""energy_kwh"": 1700.0, ""temperatures_c"": [5.0, 5.0, 5.0, 5.0], ""online"": 3, ""diesel_states"": [{""healthy"": true, ""running"": true, ""pending"": false, ""onsite"": false, ""prep"": 3, ""min_up"": 0, ""min_down"": 0, ""repair_until"": 6376, ""runtime"": 7905, ""demands"": 5}, {""healthy"": true, ""running"": true, ""pending"": false, ""onsite"": false, ""prep"": 3, ""min_up"": 0, ""min_down"": 0, ""repair_until"": 6741, ""runtime"": 7897, ""demands"": 4}, {""healthy"": true, ""running"": false, ""pending"": false, ""onsite"": false, ""prep"": 3, ""min_up"": 0, ""min_down"": 0, ""repair_until"": 7440, ""runtime"": 5453, ""demands"": 6}, {""healthy"": true, ""running"": true, ""pending"": false, ""onsite"": false, ""prep"": 3, ""min_up"": 0, ""min_down"": 0, ""repair_until"": 3157, ""runtime"": 6007, ""demands"": 7}], ""other_repair_until"": {""wind"": [7092, 4050, -1000000000000000, -1000000000000000, 5987], ""pv"": [3161, -1000000000000000, 2574], ""pcs"": [-1000000000000000, -1000000000000000, -1000000000000000, -1000000000000000]}}, ""energy_inventory_change_kwh"": 0.0, ""forecast_basis"": ""current_measurements_only"", ""dump_load_kw"": 0, ""repair_clock"": ""calendar_reference"", ""operating_cost_basis"": ""same_executed_policy""}",4008934.414223745,load_first_three_online,holdout,25,2026091702,"{""wind"": 5, ""pv"": 3, ""diesel"": 4, ""battery_energy"": 40, ""pcs"": 4}",True,0.0078125
,"holdout:(5, 3, 4, 40, 4):c1b16c40e93d24d01996b4bd81ccf0b9d616e7bef83b01e34c8697540ee6de0f:26",0.0,"{""shed_hours"": 0.0, ""longest_shed_hours"": 0.0, ""heater_kwh"": 70967.61078027803, ""diesel_kwh"": 1202674.427389364, ""diesel_fuel_kg"": 267260.98386431247, ""battery_discharge_kwh"": 2846.9127778444467, ""battery_charge_kwh"": 3676.281996183424, ""starts"": 27.0, ""start_failures"": 0.0, ""diesel_run_failures"": 20.0, ""diesel_online_hours"": 26228.0, ""wind_failures"": 7.0, ""pv_failures"": 2.0, ""pcs_failures"": 0.0, ""wind_protective_stop_hours"": 1073.0, ""wait_access_unit_hours"": 26.0, ""wait_crew_unit_hours"": 0.0, ""wait_prep_unit_hours"": 21.0, ""wait_heat_unit_hours"": 0.0, ""unserved_heater_command_kwh"": 0.0, ""max_balance_residual_kw"": 2.842170943040401e-14, ""max_soc_residual_kwh"": 1.1368683772161603e-13, ""initial_state"": {""energy_kwh"": 1700.0, ""temperatures_c"": [5.0, 5.0, 5.0, 5.0], ""online"": 3, ""diesel_states"": [{""healthy"": true, ""running"": true, ""pending"": false, ""onsite"": false, ""prep"": 3, ""min_up"": 0, ""min_down"": 0, ""repair_until"": -1, ""runtime"": 333, ""demands"": 1}, {""healthy"": true, ""running"": true, ""pending"": false, ""onsite"": false, ""prep"": 3, ""min_up"": 0, ""min_down"": 0, ""repair_until"": -1, ""runtime"": 329, ""demands"": 1}, {""healthy"": true, ""running"": false, ""pending"": false, ""onsite"": false, ""prep"": 3, ""min_up"": 0, ""min_down"": 0, ""repair_until"": -164, ""runtime"": 152, ""demands"": 1}, {""healthy"": true, ""running"": true, ""pending"": false, ""onsite"": false, ""prep"": 3, ""min_up"": 0, ""min_down"": 0, ""repair_until"": -1, ""runtime"": 170, ""demands"": 1}]}, ""final_state"": {""energy_kwh"": 1700.0, ""temperatures_c"": [5.0, 5.0, 5.0, 5.0], ""online"": 3, ""diesel_states"": [{""healthy"": true, ""running"": true, ""pending"": false, ""onsite"": false, ""prep"": 3, ""min_up"": 0, ""min_down"": 0, ""repair_until"": 6134, ""runtime"": 6706, ""demands"": 6}, {""healthy"": true, ""running"": true, ""pending"": false, ""onsite"": false, ""prep"": 3, ""min_up"": 0, ""min_down"": 0, ""repair_until"": 7745, ""runtime"": 7093, ""demands"": 9}, {""healthy"": true, ""running"": true, ""pending"": false, ""onsite"": false, ""prep"": 3, ""min_up"": 0, ""min_down"": 0, ""repair_until"": 6373, ""runtime"": 5933, ""demands"": 8}, {""healthy"": true, ""running"": false, ""pending"": false, ""onsite"": false, ""prep"": 3, ""min_up"": 0, ""min_down"": 0, ""repair_until"": 8519, ""runtime"": 7480, ""demands"": 8}], ""other_repair_until"": {""wind"": [4986, 4480, 7828, -1000000000000000, 6829], ""pv"": [7955, -1000000000000000, -1000000000000000], ""pcs"": [-1000000000000000, -1000000000000000, -1000000000000000, -1000000000000000]}}, ""energy_inventory_change_kwh"": 0.0, ""forecast_basis"": ""current_measurements_only"", ""dump_load_kw"": 0, ""repair_clock"": ""calendar_reference"", ""operating_cost_basis"": ""same_executed_policy""}",4008914.7579645403,load_first_three_online,holdout,26,2026091702,"{""wind"": 5, ""pv"": 3, ""diesel"": 4, ""battery_energy"": 40, ""pcs"": 4}",True,0.0078125
,"holdout:(5, 3, 4, 40, 4):c1b16c40e93d24d01996b4bd81ccf0b9d616e7bef83b01e34c8697540ee6de0f:27",0.0,"{""shed_hours"": 0.0, ""longest_shed_hours"": 0.0, ""heater_kwh"": 70560.33632815561, ""diesel_kwh"": 1206995.4259196776, ""diesel_fuel_kg"": 268221.20575993817, ""battery_discharge_kwh"": 452.6450001666683, ""battery_charge_kwh"": 584.5105890581941, ""starts"": 20.0, ""start_failures"": 0.0, ""diesel_run_failures"": 17.0, ""diesel_online_hours"": 26256.0, ""wind_failures"": 8.0, ""pv_failures"": 5.0, ""pcs_failures"": 0.0, ""wind_protective_stop_hours"": 1073.0, ""wait_access_unit_hours"": 1.0, ""wait_crew_unit_hours"": 0.0, ""wait_prep_unit_hours"": 12.0, ""wait_heat_unit_hours"": 0.0, ""unserved_heater_command_kwh"": 0.0, ""max_balance_residual_kw"": 2.842170943040401e-14, ""max_soc_residual_kwh"": 1.1368683772161603e-13, ""initial_state"": {""energy_kwh"": 1700.0, ""temperatures_c"": [5.0, 5.0, 5.0, -0.4917950249892792], ""online"": 3, ""diesel_states"": [{""healthy"": true, ""running"": true, ""pending"": false, ""onsite"": false, ""prep"": 3, ""min_up"": 0, ""min_down"": 0, ""repair_until"": -1, ""runtime"": 333, ""demands"": 1}, {""healthy"": true, ""running"": true, ""pending"": false, ""onsite"": false, ""prep"": 3, ""min_up"": 0, ""min_down"": 0, ""repair_until"": -1, ""runtime"": 329, ""demands"": 1}, {""healthy"": true, ""running"": true, ""pending"": false, ""onsite"": false, ""prep"": 3, ""min_up"": 0, ""min_down"": 0, ""repair_until"": -1, ""runtime"": 325, ""demands"": 1}, {""healthy"": true, ""running"": false, ""pending"": false, ""onsite"": false, ""prep"": 0.0, ""min_up"": 0, ""min_down"": 0, ""repair_until"": -1, ""runtime"": 0, ""demands"": 0}]}, ""final_state"": {""energy_kwh"": 1700.0, ""temperatures_c"": [5.0, 5.0, 5.0, 5.0], ""online"": 3, ""diesel_states"": [{""healthy"": true, ""running"": true, ""pending"": false, ""onsite"": false, ""prep"": 3, ""min_up"": 0, ""min_down"": 0, ""repair_until"": 7297, ""runtime"": 6990, ""demands"": 5}, {""healthy"": true, ""running"": true, ""pending"": false, ""onsite"": false, ""prep"": 3, ""min_up"": 0, ""min_down"": 0, ""repair_until"": 6556, ""runtime"": 8001, ""demands"": 5}, {""healthy"": true, ""running"": false, ""pending"": false, ""onsite"": false, ""prep"": 3, ""min_up"": 0, ""min_down"": 0, ""repair_until"": 8133, ""runtime"": 6188, ""demands"": 6}, {""healthy"": true, ""running"": true, ""pending"": false, ""onsite"": false, ""prep"": 3, ""min_up"": 0, ""min_down"": 0, ""repair_until"": 6218, ""runtime"": 6064, ""demands"": 7}], ""other_repair_until"": {""wind"": [4323, 1710, -1000000000000000, 7451, 4309], ""pv"": [8848, 7960, 4908], ""pcs"": [-1000000000000000, -1000000000000000, -1000000000000000, -1000000000000000]}}, ""energy_inventory_change_kwh"": 0.0, ""forecast_basis"": ""current_measurements_only"", ""dump_load_kw"": 0, ""repair_clock"": ""calendar_reference"", ""operating_cost_basis"": ""same_executed_policy""}",4023318.086398924,load_first_three_online,holdout,27,2026091702,"{""wind"": 5, ""pv"": 3, ""diesel"": 4, ""battery_energy"": 40, ""pcs"": 4}",True,0.0078125
,"holdout:(5, 3, 4, 40, 4):c1b16c40e93d24d01996b4bd81ccf0b9d616e7bef83b01e34c8697540ee6de0f:28",0.0,"{""shed_hours"": 0.0, ""longest_shed_hours"": 0.0, ""heater_kwh"": 70967.61078027803, ""diesel_kwh"": 1207634.2724179376, ""diesel_fuel_kg"": 268363.1716484404, ""battery_discharge_kwh"": 843.6166668333348, ""battery_charge_kwh"": 1089.3810263860196, ""starts"": 21.0, ""start_failures"": 0.0, ""diesel_run_failures"": 16.0, ""diesel_online_hours"": 26275.0, ""wind_failures"": 2.0, ""pv_failures"": 2.0, ""pcs_failures"": 0.0, ""wind_protective_stop_hours"": 1073.0, ""wait_access_unit_hours"": 3.0, ""wait_crew_unit_hours"": 0.0, ""wait_prep_unit_hours"": 15.0, ""wait_heat_unit_hours"": 0.0, ""unserved_heater_command_kwh"": 0.0, ""max_balance_residual_kw"": 2.842170943040401e-14, ""max_soc_residual_kwh"": 1.1368683772161603e-13, ""initial_state"": {""energy_kwh"": 1700.0, ""temperatures_c"": [5.0, 5.0, 5.0, 5.0], ""online"": 3, ""diesel_states"": [{""healthy"": true, ""running"": true, ""pending"": false, ""onsite"": false, ""prep"": 3, ""min_up"": 0, ""min_down"": 0, ""repair_until"": -275, ""runtime"": 303, ""demands"": 2}, {""healthy"": true, ""running"": false, ""pending"": false, ""onsite"": false, ""prep"": 3, ""min_up"": 0, ""min_down"": 0, ""repair_until"": -256, ""runtime"": 55, ""demands"": 1}, {""healthy"": true, ""running"": true, ""pending"": false, ""onsite"": false, ""prep"": 3, ""min_up"": 0, ""min_down"": 0, ""repair_until"": -261, ""runtime"": 299, ""demands"": 2}, {""healthy"": true, ""running"": true, ""pending"": false, ""onsite"": false, ""prep"": 3, ""min_up"": 0, ""min_down"": 0, ""repair_until"": -1, ""runtime"": 302, ""demands"": 1}]}, ""final_state"": {""energy_kwh"": 1700.0, ""temperatures_c"": [5.0, 5.0, 5.0, 5.0], ""online"": 3, ""diesel_states"": [{""healthy"": true, ""running"": false, ""pending"": false, ""onsite"": false, ""prep"": 3, ""min_up"": 0, ""min_down"": 0, ""repair_until"": 8092, ""runtime"": 7603, ""demands"": 5}, {""healthy"": true, ""running"": true, ""pending"": false, ""onsite"": false, ""prep"": 3, ""min_up"": 0, ""min_down"": 0, ""repair_until"": 6498, ""runtime"": 7837, ""demands"": 6}, {""healthy"": true, ""running"": true, ""pending"": false, ""onsite"": false, ""prep"": 3, ""min_up"": 0, ""min_down"": 0, ""repair_until"": 7094, ""runtime"": 5978, ""demands"": 9}, {""healthy"": true, ""running"": true, ""pending"": false, ""onsite"": false, ""prep"": 3, ""min_up"": 0, ""min_down"": 0, ""repair_until"": 4465, ""runtime"": 5816, ""demands"": 7}], ""other_repair_until"": {""wind"": [2510, -1000000000000000, -1000000000000000, -1000000000000000, 4350], ""pv"": [-1000000000000000, 7170, 6977], ""pcs"": [-1000000000000000, -1000000000000000, -1000000000000000, -1000000000000000]}}, ""energy_inventory_change_kwh"": 0.0, ""forecast_basis"": ""current_measurements_only"", ""dump_load_kw"": 0, ""repair_clock"": ""calendar_reference"", ""operating_cost_basis"": ""same_executed_policy""}",4025447.574726453,load_first_three_online,holdout,28,2026091702,"{""wind"": 5, ""pv"": 3, ""diesel"": 4, ""battery_energy"": 40, ""pcs"": 4}",True,0.0078125
,"holdout:(5, 3, 4, 40, 4):c1b16c40e93d24d01996b4bd81ccf0b9d616e7bef83b01e34c8697540ee6de0f:29",0.0,"{""shed_hours"": 0.0, ""longest_shed_hours"": 0.0, ""heater_kwh"": 70754.03055550251, ""diesel_kwh"": 1205806.3645032884, ""diesel_fuel_kg"": 267956.9698896291, ""battery_discharge_kwh"": 790.3261112777792, ""battery_charge_kwh"": 1020.5657428690307, ""starts"": 26.0, ""start_failures"": 1.0, ""diesel_run_failures"": 20.0, ""diesel_online_hours"": 26239.0, ""wind_failures"": 5.0, ""pv_failures"": 3.0, ""pcs_failures"": 0.0, ""wind_protective_stop_hours"": 1073.0, ""wait_access_unit_hours"": 1.0, ""wait_crew_unit_hours"": 0.0, ""wait_prep_unit_hours"": 21.0, ""wait_heat_unit_hours"": 0.0, ""unserved_heater_command_kwh"": 0.0, ""max_balance_residual_kw"": 2.842170943040401e-14, ""max_soc_residual_kwh"": 1.1368683772161603e-13, ""initial_state"": {""energy_kwh"": 1700.0, ""temperatures_c"": [5.0, 5.0, 5.0, -0.4917950249892792], ""online"": 3, ""diesel_states"": [{""healthy"": true, ""running"": true, ""pending"": false, ""onsite"": false, ""prep"": 3, ""min_up"": 0, ""min_down"": 0, ""repair_until"": -1, ""runtime"": 333, ""demands"": 1}, {""healthy"": true, ""running"": true, ""pending"": false, ""onsite"": false, ""prep"": 3, ""min_up"": 0, ""min_down"": 0, ""repair_until"": -1, ""runtime"": 329, ""demands"": 1}, {""healthy"": true, ""running"": true, ""pending"": false, ""onsite"": false, ""prep"": 3, ""min_up"": 0, ""min_down"": 0, ""repair_until"": -1, ""runtime"": 325, ""demands"": 1}, {""healthy"": true, ""running"": false, ""pending"": false, ""onsite"": false, ""prep"": 0.0, ""min_up"": 0, ""min_down"": 0, ""repair_until"": -1, ""runtime"": 0, ""demands"": 0}]}, ""final_state"": {""energy_kwh"": 1700.0, ""temperatures_c"": [5.0, 5.0, 5.0, 5.0], ""online"": 3, ""diesel_states"": [{""healthy"": true, ""running"": true, ""pending"": false, ""onsite"": false, ""prep"": 3, ""min_up"": 0, ""min_down"": 0, ""repair_until"": 7398, ""runtime"": 7835, ""demands"": 6}, {""healthy"": true, ""running"": true, ""pending"": false, ""onsite"": false, ""prep"": 3, ""min_up"": 0, ""min_down"": 0, ""repair_until"": 7652, ""runtime"": 6234, ""demands"": 6}, {""healthy"": true, ""running"": true, ""pending"": false, ""onsite"": false, ""prep"": 3, ""min_up"": 0, ""min_down"": 0, ""repair_until"": 8015, ""runtime"": 6325, ""demands"": 10}, {""healthy"": true, ""running"": false, ""pending"": false, ""onsite"": false, ""prep"": 3, ""min_up"": 0, ""min_down"": 0, ""repair_until"": 8682, ""runtime"": 6832, ""demands"": 8}], ""other_repair_until"": {""wind"": [8049, 867, 6258, 7269, -63], ""pv"": [8307, -1000000000000000, -1000000000000000], ""pcs"": [-1000000000000000, -1000000000000000, -1000000000000000, -1000000000000000]}}, ""energy_inventory_change_kwh"": 0.0, ""forecast_basis"": ""current_measurements_only"", ""dump_load_kw"": 0, ""repair_clock"": ""calendar_reference"", ""operating_cost_basis"": ""same_executed_policy""}",4019354.5483442936,load_first_three_online,holdout,29,2026091702,"{""wind"": 5, ""pv"": 3, ""diesel"": 4, ""battery_energy"": 40, ""pcs"": 4}",True,0.0078125
,"holdout:(5, 3, 4, 40, 4):c1b16c40e93d24d01996b4bd81ccf0b9d616e7bef83b01e34c8697540ee6de0f:30",0.0,"{""shed_hours"": 0.0, ""longest_shed_hours"": 0.0, ""heater_kwh"": 70867.89238372991, ""diesel_kwh"": 1205435.4491116682, ""diesel_fuel_kg"": 267874.5442470472, ""battery_discharge_kwh"": 542.5133334333348, ""battery_charge_kwh"": 700.5595731318862, ""starts"": 17.0, ""start_failures"": 0.0, ""diesel_run_failures"": 12.0, ""diesel_online_hours"": 26275.0, ""wind_failures"": 6.0, ""pv_failures"": 3.0, ""pcs_failures"": 0.0, ""wind_protective_stop_hours"": 1073.0, ""wait_access_unit_hours"": 1.0, ""wait_crew_unit_hours"": 0.0, ""wait_prep_unit_hours"": 18.0, ""wait_heat_unit_hours"": 0.0, ""unserved_heater_command_kwh"": 0.0, ""max_balance_residual_kw"": 2.842170943040401e-14, ""max_soc_residual_kwh"": 1.1368683772161603e-13, ""initial_state"": {""energy_kwh"": 1700.0, ""temperatures_c"": [5.0, 5.0, 5.0, -0.4917950249892792], ""online"": 3, ""diesel_states"": [{""healthy"": true, ""running"": true, ""pending"": false, ""onsite"": false, ""prep"": 3, ""min_up"": 0, ""min_down"": 0, ""repair_until"": -1, ""runtime"": 333, ""demands"": 1}, {""healthy"": true, ""running"": true, ""pending"": false, ""onsite"": false, ""prep"": 3, ""min_up"": 0, ""min_down"": 0, ""repair_until"": -1, ""runtime"": 329, ""demands"": 1}, {""healthy"": true, ""running"": true, ""pending"": false, ""onsite"": false, ""prep"": 3, ""min_up"": 0, ""min_down"": 0, ""repair_until"": -1, ""runtime"": 325, ""demands"": 1}, {""healthy"": true, ""running"": false, ""pending"": false, ""onsite"": false, ""prep"": 0.0, ""min_up"": 0, ""min_down"": 0, ""repair_until"": -1, ""runtime"": 0, ""demands"": 0}]}, ""final_state"": {""energy_kwh"": 1700.0, ""temperatures_c"": [5.0, 5.0, 5.0, 5.0], ""online"": 3, ""diesel_states"": [{""healthy"": false, ""running"": false, ""pending"": false, ""onsite"": false, ""prep"": 0.0, ""min_up"": 0, ""min_down"": 0, ""repair_until"": 8760, ""runtime"": 6790, ""demands"": 5}, {""healthy"": true, ""running"": true, ""pending"": false, ""onsite"": false, ""prep"": 3, ""min_up"": 0, ""min_down"": 0, ""repair_until"": 6824, ""runtime"": 8942, ""demands"": 2}, {""healthy"": true, ""running"": true, ""pending"": false, ""onsite"": false, ""prep"": 3, ""min_up"": 0, ""min_down"": 0, ""repair_until"": 7723, ""runtime"": 4863, ""demands"": 8}, {""healthy"": true, ""running"": true, ""pending"": false, ""onsite"": false, ""prep"": 3, ""min_up"": 0, ""min_down"": 0, ""repair_until"": 3050, ""runtime"": 6667, ""demands"": 5}], ""other_repair_until"": {""wind"": [7405, 3376, -1000000000000000, 4208, -1000000000000000], ""pv"": [4269, -1000000000000000, 7225], ""pcs"": [-1000000000000000, -1000000000000000, -1000000000000000, -1000000000000000]}}, ""energy_inventory_change_kwh"": 0.0, ""forecast_basis"": ""current_measurements_only"", ""dump_load_kw"": 0, ""repair_clock"": ""calendar_reference"", ""operating_cost_basis"": ""same_executed_policy""}",4018118.1637055534,load_first_three_online,holdout,30,2026091702,"{""wind"": 5, ""pv"": 3, ""diesel"": 4, ""battery_energy"": 40, ""pcs"": 4}",True,0.0078125
,"holdout:(5, 3, 4, 40, 4):c1b16c40e93d24d01996b4bd81ccf0b9d616e7bef83b01e34c8697540ee6de0f:31",0.0,"{""shed_hours"": 0.0, ""longest_shed_hours"": 0.0, ""heater_kwh"": 70918.5216296226, ""diesel_kwh"": 1218398.7443251389, ""diesel_fuel_kg"": 270755.2765167069, ""battery_discharge_kwh"": 689.8027779111128, ""battery_charge_kwh"": 890.7577194100082, ""starts"": 18.0, ""start_failures"": 0.0, ""diesel_run_failures"": 13.0, ""diesel_online_hours"": 26271.0, ""wind_failures"": 7.0, ""pv_failures"": 2.0, ""pcs_failures"": 0.0, ""wind_protective_stop_hours"": 1073.0, ""wait_access_unit_hours"": 3.0, ""wait_crew_unit_hours"": 0.0, ""wait_prep_unit_hours"": 18.0, ""wait_heat_unit_hours"": 0.0, ""unserved_heater_command_kwh"": 0.0, ""max_balance_residual_kw"": 2.842170943040401e-14, ""max_soc_residual_kwh"": 1.1368683772161603e-13, ""initial_state"": {""energy_kwh"": 1700.0, ""temperatures_c"": [5.0, 5.0, 5.0, -0.4917950249892792], ""online"": 3, ""diesel_states"": [{""healthy"": true, ""running"": true, ""pending"": false, ""onsite"": false, ""prep"": 3, ""min_up"": 0, ""min_down"": 0, ""repair_until"": -1, ""runtime"": 333, ""demands"": 1}, {""healthy"": true, ""running"": true, ""pending"": false, ""onsite"": false, ""prep"": 3, ""min_up"": 0, ""min_down"": 0, ""repair_until"": -1, ""runtime"": 329, ""demands"": 1}, {""healthy"": true, ""running"": true, ""pending"": false, ""onsite"": false, ""prep"": 3, ""min_up"": 0, ""min_down"": 0, ""repair_until"": -1, ""runtime"": 325, ""demands"": 1}, {""healthy"": true, ""running"": false, ""pending"": false, ""onsite"": false, ""prep"": 0.0, ""min_up"": 0, ""min_down"": 0, ""repair_until"": -1, ""runtime"": 0, ""demands"": 0}]}, ""final_state"": {""energy_kwh"": 1700.0, ""temperatures_c"": [5.0, 5.0, 5.0, 5.0], ""online"": 3, ""diesel_states"": [{""healthy"": true, ""running"": true, ""pending"": false, ""onsite"": false, ""prep"": 3, ""min_up"": 0, ""min_down"": 0, ""repair_until"": 7571, ""runtime"": 7812, ""demands"": 6}, {""healthy"": true, ""running"": true, ""pending"": false, ""onsite"": false, ""prep"": 3, ""min_up"": 0, ""min_down"": 0, ""repair_until"": 6669, ""runtime"": 7182, ""demands"": 3}, {""healthy"": true, ""running"": true, ""pending"": false, ""onsite"": false, ""prep"": 3, ""min_up"": 0, ""min_down"": 0, ""repair_until"": 7193, ""runtime"": 7079, ""demands"": 5}, {""healthy"": true, ""running"": false, ""pending"": false, ""onsite"": false, ""prep"": 3, ""min_up"": 0, ""min_down"": 0, ""repair_until"": 7702, ""runtime"": 5185, ""demands"": 7}], ""other_repair_until"": {""wind"": [2299, 5740, 5805, 7825, 142], ""pv"": [8667, 1072, -1000000000000000], ""pcs"": [-1000000000000000, -1000000000000000, -1000000000000000, -1000000000000000]}}, ""energy_inventory_change_kwh"": 0.0, ""forecast_basis"": ""current_measurements_only"", ""dump_load_kw"": 0, ""repair_clock"": ""calendar_reference"", ""operating_cost_basis"": ""same_executed_policy""}",4061329.1477504508,load_first_three_online,holdout,31,2026091702,"{""wind"": 5, ""pv"": 3, ""diesel"": 4, ""battery_energy"": 40, ""pcs"": 4}",True,0.0078125
,"holdout:(5, 3, 4, 40, 4):c1b16c40e93d24d01996b4bd81ccf0b9d616e7bef83b01e34c8697540ee6de0f:32",0.0,"{""shed_hours"": 0.0, ""longest_shed_hours"": 0.0, ""heater_kwh"": 67275.2292654309, ""diesel_kwh"": 1207081.3891309288, ""diesel_fuel_kg"": 268240.3086957719, ""battery_discharge_kwh"": 1615.1077779444454, ""battery_charge_kwh"": 2085.624713254704, ""starts"": 20.0, ""start_failures"": 0.0, ""diesel_run_failures"": 13.0, ""diesel_online_hours"": 26257.0, ""wind_failures"": 5.0, ""pv_failures"": 3.0, ""pcs_failures"": 1.0, ""wind_protective_stop_hours"": 1073.0, ""wait_access_unit_hours"": 21.0, ""wait_crew_unit_hours"": 1.0, ""wait_prep_unit_hours"": 24.0, ""wait_heat_unit_hours"": 0.0, ""unserved_heater_command_kwh"": 0.0, ""max_balance_residual_kw"": 2.842170943040401e-14, ""max_soc_residual_kwh"": 1.1368683772161603e-13, ""initial_state"": {""energy_kwh"": 1700.0, ""temperatures_c"": [5.0, 5.0, 5.0, -0.4917950249892792], ""online"": 3, ""diesel_states"": [{""healthy"": true, ""running"": true, ""pending"": false, ""onsite"": false, ""prep"": 3, ""min_up"": 0, ""min_down"": 0, ""repair_until"": -1, ""runtime"": 333, ""demands"": 1}, {""healthy"": true, ""running"": true, ""pending"": false, ""onsite"": false, ""prep"": 3, ""min_up"": 0, ""min_down"": 0, ""repair_until"": -1, ""runtime"": 329, ""demands"": 1}, {""healthy"": true, ""running"": true, ""pending"": false, ""onsite"": false, ""prep"": 3, ""min_up"": 0, ""min_down"": 0, ""repair_until"": -1, ""runtime"": 325, ""demands"": 1}, {""healthy"": true, ""running"": false, ""pending"": false, ""onsite"": false, ""prep"": 0.0, ""min_up"": 0, ""min_down"": 0, ""repair_until"": -1, ""runtime"": 0, ""demands"": 0}]}, ""final_state"": {""energy_kwh"": 1700.0, ""temperatures_c"": [5.0, 5.0, 5.0, 5.0], ""online"": 3, ""diesel_states"": [{""healthy"": true, ""running"": true, ""pending"": false, ""onsite"": false, ""prep"": 3, ""min_up"": 0, ""min_down"": 0, ""repair_until"": 7003, ""runtime"": 8294, ""demands"": 5}, {""healthy"": true, ""running"": true, ""pending"": false, ""onsite"": false, ""prep"": 3, ""min_up"": 0, ""min_down"": 0, ""repair_until"": 7212, ""runtime"": 7119, ""demands"": 5}, {""healthy"": true, ""running"": true, ""pending"": false, ""onsite"": false, ""prep"": 3, ""min_up"": 0, ""min_down"": 0, ""repair_until"": 8528, ""runtime"": 8381, ""demands"": 6}, {""healthy"": true, ""running"": false, ""pending"": false, ""onsite"": false, ""prep"": 3, ""min_up"": 0, ""min_down"": 0, ""repair_until"": 8715, ""runtime"": 3450, ""demands"": 7}], ""other_repair_until"": {""wind"": [8457, 4475, -1000000000000000, -1000000000000000, 5175], ""pv"": [1081, 8150, 1953], ""pcs"": [-1000000000000000, -1000000000000000, 3260, -1000000000000000]}}, ""energy_inventory_change_kwh"": 0.0, ""forecast_basis"": ""current_measurements_only"", ""dump_load_kw"": 0, ""repair_clock"": ""calendar_reference"", ""operating_cost_basis"": ""same_executed_policy""}",4023604.630436427,load_first_three_online,holdout,32,2026091702,"{""wind"": 5, ""pv"": 3, ""diesel"": 4, ""battery_energy"": 40, ""pcs"": 4}",True,0.0078125
,"holdout:(5, 3, 4, 40, 4):c1b16c40e93d24d01996b4bd81ccf0b9d616e7bef83b01e34c8697540ee6de0f:33",2134.5508288444444,"{""shed_hours"": 48.0, ""longest_shed_hours"": 28, ""heater_kwh"": 70225.18629699381, ""diesel_kwh"": 1199291.4426280716, ""diesel_fuel_kg"": 266509.2094729151, ""battery_discharge_kwh"": 2285.1752729222244, ""battery_charge_kwh"": 2950.897821438819, ""starts"": 23.0, ""start_failures"": 0.0, ""diesel_run_failures"": 17.0, ""diesel_online_hours"": 26192.0, ""wind_failures"": 5.0, ""pv_failures"": 0.0, ""pcs_failures"": 0.0, ""wind_protective_stop_hours"": 1073.0, ""wait_access_unit_hours"": 5.0, ""wait_crew_unit_hours"": 36.0, ""wait_prep_unit_hours"": 21.0, ""wait_heat_unit_hours"": 45.0, ""unserved_heater_command_kwh"": 2388.46268567572, ""max_balance_residual_kw"": 2.842170943040401e-14, ""max_soc_residual_kwh"": 1.1368683772161603e-13, ""initial_state"": {""energy_kwh"": 1700.0, ""temperatures_c"": [5.0, 5.0, 5.0, -0.4917950249892792], ""online"": 3, ""diesel_states"": [{""healthy"": true, ""running"": true, ""pending"": false, ""onsite"": false, ""prep"": 3, ""min_up"": 0, ""min_down"": 0, ""repair_until"": -1, ""runtime"": 333, ""demands"": 1}, {""healthy"": true, ""running"": true, ""pending"": false, ""onsite"": false, ""prep"": 3, ""min_up"": 0, ""min_down"": 0, ""repair_until"": -1, ""runtime"": 329, ""demands"": 1}, {""healthy"": true, ""running"": true, ""pending"": false, ""onsite"": false, ""prep"": 3, ""min_up"": 0, ""min_down"": 0, ""repair_until"": -1, ""runtime"": 325, ""demands"": 1}, {""healthy"": true, ""running"": false, ""pending"": false, ""onsite"": false, ""prep"": 0.0, ""min_up"": 0, ""min_down"": 0, ""repair_until"": -1, ""runtime"": 0, ""demands"": 0}]}, ""final_state"": {""energy_kwh"": 1700.0, ""temperatures_c"": [5.0, 5.0, 5.0, 5.0], ""online"": 3, ""diesel_states"": [{""healthy"": true, ""running"": true, ""pending"": false, ""onsite"": false, ""prep"": 3, ""min_up"": 0, ""min_down"": 0, ""repair_until"": 7236, ""runtime"": 6387, ""demands"": 7}, {""healthy"": true, ""running"": false, ""pending"": false, ""onsite"": false, ""prep"": 3, ""min_up"": 0, ""min_down"": 0, ""repair_until"": 8263, ""runtime"": 7903, ""demands"": 4}, {""healthy"": true, ""running"": true, ""pending"": false, ""onsite"": false, ""prep"": 3, ""min_up"": 0, ""min_down"": 0, ""repair_until"": 7213, ""runtime"": 7985, ""demands"": 6}, {""healthy"": true, ""running"": true, ""pending"": false, ""onsite"": false, ""prep"": 3, ""min_up"": 0, ""min_down"": 0, ""repair_until"": 8034, ""runtime"": 4904, ""demands"": 9}], ""other_repair_until"": {""wind"": [8818, 3384, 7606, -1000000000000000, 8735], ""pv"": [-1000000000000000, -1000000000000000, -1000000000000000], ""pcs"": [-1000000000000000, -1000000000000000, -1000000000000000, -1000000000000000]}}, ""energy_inventory_change_kwh"": 0.0, ""forecast_basis"": ""current_measurements_only"", ""dump_load_kw"": 0, ""repair_clock"": ""calendar_reference"", ""operating_cost_basis"": ""same_executed_policy""}",3997638.1420935695,load_first_three_online,holdout,33,2026091702,"{""wind"": 5, ""pv"": 3, ""diesel"": 4, ""battery_energy"": 40, ""pcs"": 4}",True,0.0078125
,"holdout:(5, 3, 4, 40, 4):c1b16c40e93d24d01996b4bd81ccf0b9d616e7bef83b01e34c8697540ee6de0f:34",0.0,"{""shed_hours"": 0.0, ""longest_shed_hours"": 0.0, ""heater_kwh"": 70754.65942233945, ""diesel_kwh"": 1207543.8337395175, ""diesel_fuel_kg"": 268343.07416434743, ""battery_discharge_kwh"": 377.5705556555572, ""battery_charge_kwh"": 487.56528364611927, ""starts"": 17.0, ""start_failures"": 0.0, ""diesel_run_failures"": 11.0, ""diesel_online_hours"": 26275.0, ""wind_failures"": 9.0, ""pv_failures"": 1.0, ""pcs_failures"": 0.0, ""wind_protective_stop_hours"": 1073.0, ""wait_access_unit_hours"": 1.0, ""wait_crew_unit_hours"": 0.0, ""wait_prep_unit_hours"": 21.0, ""wait_heat_unit_hours"": 0.0, ""unserved_heater_command_kwh"": 0.0, ""max_balance_residual_kw"": 2.842170943040401e-14, ""max_soc_residual_kwh"": 1.1368683772161603e-13, ""initial_state"": {""energy_kwh"": 1700.0, ""temperatures_c"": [5.0, 5.0, 5.0, -0.4917950249892792], ""online"": 3, ""diesel_states"": [{""healthy"": true, ""running"": true, ""pending"": false, ""onsite"": false, ""prep"": 3, ""min_up"": 0, ""min_down"": 0, ""repair_until"": -1, ""runtime"": 333, ""demands"": 1}, {""healthy"": true, ""running"": true, ""pending"": false, ""onsite"": false, ""prep"": 3, ""min_up"": 0, ""min_down"": 0, ""repair_until"": -1, ""runtime"": 329, ""demands"": 1}, {""healthy"": true, ""running"": true, ""pending"": false, ""onsite"": false, ""prep"": 3, ""min_up"": 0, ""min_down"": 0, ""repair_until"": -1, ""runtime"": 325, ""demands"": 1}, {""healthy"": true, ""running"": false, ""pending"": false, ""onsite"": false, ""prep"": 0.0, ""min_up"": 0, ""min_down"": 0, ""repair_until"": -1, ""runtime"": 0, ""demands"": 0}]}, ""final_state"": {""energy_kwh"": 1700.0, ""temperatures_c"": [5.0, 5.0, 5.0, 5.0], ""online"": 3, ""diesel_states"": [{""healthy"": true, ""running"": true, ""pending"": false, ""onsite"": false, ""prep"": 3, ""min_up"": 0, ""min_down"": 0, ""repair_until"": 4219, ""runtime"": 8079, ""demands"": 4}, {""healthy"": true, ""running"": true, ""pending"": false, ""onsite"": false, ""prep"": 3, ""min_up"": 0, ""min_down"": 0, ""repair_until"": 3994, ""runtime"": 8516, ""demands"": 3}, {""healthy"": true, ""running"": true, ""pending"": false, ""onsite"": false, ""prep"": 3, ""min_up"": 0, ""min_down"": 0, ""repair_until"": 6458, ""runtime"": 6818, ""demands"": 5}, {""healthy"": true, ""running"": false, ""pending"": false, ""onsite"": false, ""prep"": 3, ""min_up"": 0, ""min_down"": 0, ""repair_until"": 7857, ""runtime"": 3849, ""demands"": 8}], ""other_repair_until"": {""wind"": [3889, 3407, 5276, 6195, 1932], ""pv"": [6454, -1000000000000000, -1000000000000000], ""pcs"": [-1000000000000000, -1000000000000000, -1000000000000000, -1000000000000000]}}, ""energy_inventory_change_kwh"": 0.0, ""forecast_basis"": ""current_measurements_only"", ""dump_load_kw"": 0, ""repair_clock"": ""calendar_reference"", ""operating_cost_basis"": ""same_executed_policy""}",4025146.112465055,load_first_three_online,holdout,34,2026091702,"{""wind"": 5, ""pv"": 3, ""diesel"": 4, ""battery_energy"": 40, ""pcs"": 4}",True,0.0078125
,"holdout:(5, 3, 4, 40, 4):c1b16c40e93d24d01996b4bd81ccf0b9d616e7bef83b01e34c8697540ee6de0f:35",0.0,"{""shed_hours"": 0.0, ""longest_shed_hours"": 0.0, ""heater_kwh"": 70701.39951167302, ""diesel_kwh"": 1207406.594289886, ""diesel_fuel_kg"": 268312.5765088724, ""battery_discharge_kwh"": 1506.1316666333341, ""battery_charge_kwh"": 1944.901429020316, ""starts"": 25.0, ""start_failures"": 0.0, ""diesel_run_failures"": 20.0, ""diesel_online_hours"": 26262.0, ""wind_failures"": 2.0, ""pv_failures"": 1.0, ""pcs_failures"": 0.0, ""wind_protective_stop_hours"": 1073.0, ""wait_access_unit_hours"": 1.0, ""wait_crew_unit_hours"": 0.0, ""wait_prep_unit_hours"": 18.0, ""wait_heat_unit_hours"": 0.0, ""unserved_heater_command_kwh"": 0.0, ""max_balance_residual_kw"": 2.842170943040401e-14, ""max_soc_residual_kwh"": 1.1368683772161603e-13, ""initial_state"": {""energy_kwh"": 1700.0, ""temperatures_c"": [5.0, 5.0, 5.0, -0.4917950249892792], ""online"": 3, ""diesel_states"": [{""healthy"": true, ""running"": true, ""pending"": false, ""onsite"": false, ""prep"": 3, ""min_up"": 0, ""min_down"": 0, ""repair_until"": -1, ""runtime"": 333, ""demands"": 1}, {""healthy"": true, ""running"": true, ""pending"": false, ""onsite"": false, ""prep"": 3, ""min_up"": 0, ""min_down"": 0, ""repair_until"": -1, ""runtime"": 329, ""demands"": 1}, {""healthy"": true, ""running"": true, ""pending"": false, ""onsite"": false, ""prep"": 3, ""min_up"": 0, ""min_down"": 0, ""repair_until"": -1, ""runtime"": 325, ""demands"": 1}, {""healthy"": true, ""running"": false, ""pending"": false, ""onsite"": false, ""prep"": 0.0, ""min_up"": 0, ""min_down"": 0, ""repair_until"": -1, ""runtime"": 0, ""demands"": 0}]}, ""final_state"": {""energy_kwh"": 1700.0, ""temperatures_c"": [5.0, 5.0, 5.0, 5.0], ""online"": 3, ""diesel_states"": [{""healthy"": true, ""running"": true, ""pending"": false, ""onsite"": false, ""prep"": 3, ""min_up"": 0, ""min_down"": 0, ""repair_until"": 7566, ""runtime"": 6879, ""demands"": 8}, {""healthy"": true, ""running"": true, ""pending"": false, ""onsite"": false, ""prep"": 3, ""min_up"": 0, ""min_down"": 0, ""repair_until"": 5793, ""runtime"": 8603, ""demands"": 3}, {""healthy"": true, ""running"": false, ""pending"": false, ""onsite"": false, ""prep"": 3, ""min_up"": 0, ""min_down"": 0, ""repair_until"": 7759, ""runtime"": 5866, ""demands"": 9}, {""healthy"": true, ""running"": true, ""pending"": false, ""onsite"": false, ""prep"": 3, ""min_up"": 0, ""min_down"": 0, ""repair_until"": 7484, ""runtime"": 5901, ""demands"": 8}], ""other_repair_until"": {""wind"": [2679, -1000000000000000, -1000000000000000, -1000000000000000, 7870], ""pv"": [-1000000000000000, -1000000000000000, 8181], ""pcs"": [-1000000000000000, -1000000000000000, -1000000000000000, -1000000000000000]}}, ""energy_inventory_change_kwh"": 0.0, ""forecast_basis"": ""current_measurements_only"", ""dump_load_kw"": 0, ""repair_clock"": ""calendar_reference"", ""operating_cost_basis"": ""same_executed_policy""}",4024688.647632949,load_first_three_online,holdout,35,2026091702,"{""wind"": 5, ""pv"": 3, ""diesel"": 4, ""battery_energy"": 40, ""pcs"": 4}",True,0.0078125
,"holdout:(5, 3, 4, 40, 4):c1b16c40e93d24d01996b4bd81ccf0b9d616e7bef83b01e34c8697540ee6de0f:36",0.0,"{""shed_hours"": 0.0, ""longest_shed_hours"": 0.0, ""heater_kwh"": 70345.15824052172, ""diesel_kwh"": 1202633.7056220148, ""diesel_fuel_kg"": 267251.9345826799, ""battery_discharge_kwh"": 605.410555655557, ""battery_charge_kwh"": 781.7801596791772, ""starts"": 17.0, ""start_failures"": 0.0, ""diesel_run_failures"": 10.0, ""diesel_online_hours"": 26256.0, ""wind_failures"": 4.0, ""pv_failures"": 4.0, ""pcs_failures"": 0.0, ""wind_protective_stop_hours"": 1073.0, ""wait_access_unit_hours"": 1.0, ""wait_crew_unit_hours"": 0.0, ""wait_prep_unit_hours"": 24.0, ""wait_heat_unit_hours"": 0.0, ""unserved_heater_command_kwh"": 0.0, ""max_balance_residual_kw"": 2.842170943040401e-14, ""max_soc_residual_kwh"": 1.1368683772161603e-13, ""initial_state"": {""energy_kwh"": 1700.0, ""temperatures_c"": [5.0, 5.0, 5.0, -0.4917950249892792], ""online"": 3, ""diesel_states"": [{""healthy"": true, ""running"": true, ""pending"": false, ""onsite"": false, ""prep"": 3, ""min_up"": 0, ""min_down"": 0, ""repair_until"": -1, ""runtime"": 333, ""demands"": 1}, {""healthy"": true, ""running"": true, ""pending"": false, ""onsite"": false, ""prep"": 3, ""min_up"": 0, ""min_down"": 0, ""repair_until"": -1, ""runtime"": 329, ""demands"": 1}, {""healthy"": true, ""running"": true, ""pending"": false, ""onsite"": false, ""prep"": 3, ""min_up"": 0, ""min_down"": 0, ""repair_until"": -1, ""runtime"": 325, ""demands"": 1}, {""healthy"": true, ""running"": false, ""pending"": false, ""onsite"": false, ""prep"": 0.0, ""min_up"": 0, ""min_down"": 0, ""repair_until"": -1, ""runtime"": 0, ""demands"": 0}]}, ""final_state"": {""energy_kwh"": 1700.0, ""temperatures_c"": [5.0, 5.0, 5.0, 5.0], ""online"": 3, ""diesel_states"": [{""healthy"": true, ""running"": true, ""pending"": false, ""onsite"": false, ""prep"": 3, ""min_up"": 0, ""min_down"": 0, ""repair_until"": 7358, ""runtime"": 7053, ""demands"": 6}, {""healthy"": true, ""running"": true, ""pending"": false, ""onsite"": false, ""prep"": 3, ""min_up"": 0, ""min_down"": 0, ""repair_until"": 7214, ""runtime"": 8920, ""demands"": 2}, {""healthy"": true, ""running"": false, ""pending"": false, ""onsite"": false, ""prep"": 3, ""min_up"": 0, ""min_down"": 0, ""repair_until"": 8040, ""runtime"": 6257, ""demands"": 5}, {""healthy"": true, ""running"": true, ""pending"": false, ""onsite"": false, ""prep"": 3, ""min_up"": 0, ""min_down"": 0, ""repair_until"": 7001, ""runtime"": 5013, ""demands"": 7}], ""other_repair_until"": {""wind"": [6377, 6059, 5518, 3331, -1000000000000000], ""pv"": [6538, 5803, 5985], ""pcs"": [-1000000000000000, -1000000000000000, -1000000000000000, -1000000000000000]}}, ""energy_inventory_change_kwh"": 0.0, ""forecast_basis"": ""current_measurements_only"", ""dump_load_kw"": 0, ""repair_clock"": ""calendar_reference"", ""operating_cost_basis"": ""same_executed_policy""}",4008779.018740041,load_first_three_online,holdout,36,2026091702,"{""wind"": 5, ""pv"": 3, ""diesel"": 4, ""battery_energy"": 40, ""pcs"": 4}",True,0.0078125
,"holdout:(5, 3, 4, 40, 4):c1b16c40e93d24d01996b4bd81ccf0b9d616e7bef83b01e34c8697540ee6de0f:37",0.0,"{""shed_hours"": 0.0, ""longest_shed_hours"": 0.0, ""heater_kwh"": 70934.36985687495, ""diesel_kwh"": 1204491.0891862232, ""diesel_fuel_kg"": 267664.6864858381, ""battery_discharge_kwh"": 1908.1916668333342, ""battery_charge_kwh"": 2464.090478865356, ""starts"": 19.0, ""start_failures"": 0.0, ""diesel_run_failures"": 12.0, ""diesel_online_hours"": 26258.0, ""wind_failures"": 7.0, ""pv_failures"": 2.0, ""pcs_failures"": 1.0, ""wind_protective_stop_hours"": 1073.0, ""wait_access_unit_hours"": 35.0, ""wait_crew_unit_hours"": 1.0, ""wait_prep_unit_hours"": 24.0, ""wait_heat_unit_hours"": 0.0, ""unserved_heater_command_kwh"": 0.0, ""max_balance_residual_kw"": 2.842170943040401e-14, ""max_soc_residual_kwh"": 1.1368683772161603e-13, ""initial_state"": {""energy_kwh"": 1700.0, ""temperatures_c"": [5.0, 5.0, 5.0, -0.4917950249892792], ""online"": 3, ""diesel_states"": [{""healthy"": true, ""running"": true, ""pending"": false, ""onsite"": false, ""prep"": 3, ""min_up"": 0, ""min_down"": 0, ""repair_until"": -1, ""runtime"": 333, ""demands"": 1}, {""healthy"": true, ""running"": true, ""pending"": false, ""onsite"": false, ""prep"": 3, ""min_up"": 0, ""min_down"": 0, ""repair_until"": -1, ""runtime"": 329, ""demands"": 1}, {""healthy"": true, ""running"": true, ""pending"": false, ""onsite"": false, ""prep"": 3, ""min_up"": 0, ""min_down"": 0, ""repair_until"": -1, ""runtime"": 325, ""demands"": 1}, {""healthy"": true, ""running"": false, ""pending"": false, ""onsite"": false, ""prep"": 0.0, ""min_up"": 0, ""min_down"": 0, ""repair_until"": -1, ""runtime"": 0, ""demands"": 0}]}, ""final_state"": {""energy_kwh"": 1700.0, ""temperatures_c"": [5.0, 5.0, 5.0, 5.0], ""online"": 3, ""diesel_states"": [{""healthy"": true, ""running"": false, ""pending"": false, ""onsite"": false, ""prep"": 3, ""min_up"": 0, ""min_down"": 0, ""repair_until"": 7906, ""runtime"": 7347, ""demands"": 3}, {""healthy"": true, ""running"": true, ""pending"": false, ""onsite"": false, ""prep"": 3, ""min_up"": 0, ""min_down"": 0, ""repair_until"": 7588, ""runtime"": 7687, ""demands"": 4}, {""healthy"": true, ""running"": true, ""pending"": false, ""onsite"": false, ""prep"": 3, ""min_up"": 0, ""min_down"": 0, ""repair_until"": 6336, ""runtime"": 5798, ""demands"": 8}, {""healthy"": true, ""running"": true, ""pending"": false, ""onsite"": false, ""prep"": 3, ""min_up"": 0, ""min_down"": 0, ""repair_until"": 5798, ""runtime"": 6413, ""demands"": 7}], ""other_repair_until"": {""wind"": [8823, 3105, 8079, -1000000000000000, 8361], ""pv"": [-1000000000000000, 3808, 6575], ""pcs"": [-1000000000000000, -1000000000000000, 2901, -1000000000000000]}}, ""energy_inventory_change_kwh"": 0.0, ""forecast_basis"": ""current_measurements_only"", ""dump_load_kw"": 0, ""repair_clock"": ""calendar_reference"", ""operating_cost_basis"": ""same_executed_policy""}",4014970.2972874036,load_first_three_online,holdout,37,2026091702,"{""wind"": 5, ""pv"": 3, ""diesel"": 4, ""battery_energy"": 40, ""pcs"": 4}",True,0.0078125
,"holdout:(5, 3, 4, 40, 4):c1b16c40e93d24d01996b4bd81ccf0b9d616e7bef83b01e34c8697540ee6de0f:38",0.0,"{""shed_hours"": 0.0, ""longest_shed_hours"": 0.0, ""heater_kwh"": 70913.73054645094, ""diesel_kwh"": 1204331.444793364, ""diesel_fuel_kg"": 267629.2099540911, ""battery_discharge_kwh"": 775.02638908889, ""battery_charge_kwh"": 1000.808870207758, ""starts"": 19.0, ""start_failures"": 0.0, ""diesel_run_failures"": 14.0, ""diesel_online_hours"": 26184.0, ""wind_failures"": 6.0, ""pv_failures"": 3.0, ""pcs_failures"": 0.0, ""wind_protective_stop_hours"": 1073.0, ""wait_access_unit_hours"": 1.0, ""wait_crew_unit_hours"": 0.0, ""wait_prep_unit_hours"": 18.0, ""wait_heat_unit_hours"": 0.0, ""unserved_heater_command_kwh"": 0.0, ""max_balance_residual_kw"": 2.842170943040401e-14, ""max_soc_residual_kwh"": 1.1368683772161603e-13, ""initial_state"": {""energy_kwh"": 1700.0, ""temperatures_c"": [5.0, 5.0, 5.0, -0.4917950249892792], ""online"": 3, ""diesel_states"": [{""healthy"": true, ""running"": true, ""pending"": false, ""onsite"": false, ""prep"": 3, ""min_up"": 0, ""min_down"": 0, ""repair_until"": -1, ""runtime"": 333, ""demands"": 1}, {""healthy"": true, ""running"": true, ""pending"": false, ""onsite"": false, ""prep"": 3, ""min_up"": 0, ""min_down"": 0, ""repair_until"": -1, ""runtime"": 329, ""demands"": 1}, {""healthy"": true, ""running"": true, ""pending"": false, ""onsite"": false, ""prep"": 3, ""min_up"": 0, ""min_down"": 0, ""repair_until"": -1, ""runtime"": 325, ""demands"": 1}, {""healthy"": true, ""running"": false, ""pending"": false, ""onsite"": false, ""prep"": 0.0, ""min_up"": 0, ""min_down"": 0, ""repair_until"": -1, ""runtime"": 0, ""demands"": 0}]}, ""final_state"": {""energy_kwh"": 1700.0, ""temperatures_c"": [5.0, 5.0, 5.0, 5.0], ""online"": 3, ""diesel_states"": [{""healthy"": true, ""running"": false, ""pending"": false, ""onsite"": false, ""prep"": 3, ""min_up"": 0, ""min_down"": 0, ""repair_until"": 8150, ""runtime"": 6396, ""demands"": 5}, {""healthy"": true, ""running"": true, ""pending"": false, ""onsite"": false, ""prep"": 3, ""min_up"": 0, ""min_down"": 0, ""repair_until"": 7817, ""runtime"": 7548, ""demands"": 6}, {""healthy"": true, ""running"": true, ""pending"": false, ""onsite"": false, ""prep"": 3, ""min_up"": 0, ""min_down"": 0, ""repair_until"": 1448, ""runtime"": 7830, ""demands"": 4}, {""healthy"": true, ""running"": true, ""pending"": false, ""onsite"": false, ""prep"": 3, ""min_up"": 0, ""min_down"": 0, ""repair_until"": 8126, ""runtime"": 5397, ""demands"": 7}], ""other_repair_until"": {""wind"": [5218, -1000000000000000, -1000000000000000, 3509, 2672], ""pv"": [1910, -1000000000000000, 4362], ""pcs"": [-1000000000000000, -1000000000000000, -1000000000000000, -1000000000000000]}}, ""energy_inventory_change_kwh"": 0.0, ""forecast_basis"": ""current_measurements_only"", ""dump_load_kw"": 0, ""repair_clock"": ""calendar_reference"", ""operating_cost_basis"": ""same_executed_policy""}",4014438.149311219,load_first_three_online,holdout,38,2026091702,"{""wind"": 5, ""pv"": 3, ""diesel"": 4, ""battery_energy"": 40, ""pcs"": 4}",True,0.0078125
,"holdout:(5, 3, 4, 40, 4):c1b16c40e93d24d01996b4bd81ccf0b9d616e7bef83b01e34c8697540ee6de0f:39",0.0,"{""shed_hours"": 0.0, ""longest_shed_hours"": 0.0, ""heater_kwh"": 70505.51608576975, ""diesel_kwh"": 1204142.7487187113, ""diesel_fuel_kg"": 267587.27749305725, ""battery_discharge_kwh"": 356.94166673333496, ""battery_charge_kwh"": 460.9267390668039, ""starts"": 20.0, ""start_failures"": 0.0, ""diesel_run_failures"": 15.0, ""diesel_online_hours"": 26274.0, ""wind_failures"": 5.0, ""pv_failures"": 3.0, ""pcs_failures"": 1.0, ""wind_protective_stop_hours"": 1073.0, ""wait_access_unit_hours"": 1.0, ""wait_crew_unit_hours"": 0.0, ""wait_prep_unit_hours"": 18.0, ""wait_heat_unit_hours"": 0.0, ""unserved_heater_command_kwh"": 0.0, ""max_balance_residual_kw"": 2.842170943040401e-14, ""max_soc_residual_kwh"": 1.1368683772161603e-13, ""initial_state"": {""energy_kwh"": 1700.0, ""temperatures_c"": [5.0, 5.0, 5.0, -0.4917950249892792], ""online"": 3, ""diesel_states"": [{""healthy"": true, ""running"": true, ""pending"": false, ""onsite"": false, ""prep"": 3, ""min_up"": 0, ""min_down"": 0, ""repair_until"": -1, ""runtime"": 333, ""demands"": 1}, {""healthy"": true, ""running"": true, ""pending"": false, ""onsite"": false, ""prep"": 3, ""min_up"": 0, ""min_down"": 0, ""repair_until"": -1, ""runtime"": 329, ""demands"": 1}, {""healthy"": true, ""running"": true, ""pending"": false, ""onsite"": false, ""prep"": 3, ""min_up"": 0, ""min_down"": 0, ""repair_until"": -1, ""runtime"": 325, ""demands"": 1}, {""healthy"": true, ""running"": false, ""pending"": false, ""onsite"": false, ""prep"": 0.0, ""min_up"": 0, ""min_down"": 0, ""repair_until"": -1, ""runtime"": 0, ""demands"": 0}]}, ""final_state"": {""energy_kwh"": 1700.0, ""temperatures_c"": [5.0, 5.0, 5.0, 5.0], ""online"": 3, ""diesel_states"": [{""healthy"": true, ""running"": true, ""pending"": false, ""onsite"": false, ""prep"": 3, ""min_up"": 0, ""min_down"": 0, ""repair_until"": 7086, ""runtime"": 8325, ""demands"": 4}, {""healthy"": true, ""running"": false, ""pending"": false, ""onsite"": false, ""prep"": 3, ""min_up"": 0, ""min_down"": 0, ""repair_until"": 8631, ""runtime"": 8742, ""demands"": 2}, {""healthy"": true, ""running"": true, ""pending"": false, ""onsite"": false, ""prep"": 3, ""min_up"": 0, ""min_down"": 0, ""repair_until"": 7397, ""runtime"": 4915, ""demands"": 9}, {""healthy"": true, ""running"": true, ""pending"": false, ""onsite"": false, ""prep"": 3, ""min_up"": 0, ""min_down"": 0, ""repair_until"": 8486, ""runtime"": 5279, ""demands"": 8}], ""other_repair_until"": {""wind"": [5543, 4860, -1000000000000000, -1000000000000000, 3673], ""pv"": [8064, -1000000000000000, 8549], ""pcs"": [-1000000000000000, 4759, -1000000000000000, -1000000000000000]}}, ""energy_inventory_change_kwh"": 0.0, ""forecast_basis"": ""current_measurements_only"", ""dump_load_kw"": 0, ""repair_clock"": ""calendar_reference"", ""operating_cost_basis"": ""same_executed_policy""}",4013809.1623956994,load_first_three_online,holdout,39,2026091702,"{""wind"": 5, ""pv"": 3, ""diesel"": 4, ""battery_energy"": 40, ""pcs"": 4}",True,0.0078125
,"holdout:(5, 3, 4, 40, 4):c1b16c40e93d24d01996b4bd81ccf0b9d616e7bef83b01e34c8697540ee6de0f:40",0.0,"{""shed_hours"": 0.0, ""longest_shed_hours"": 0.0, ""heater_kwh"": 70967.61078027803, ""diesel_kwh"": 1201820.4356054657, ""diesel_fuel_kg"": 267071.20791233605, ""battery_discharge_kwh"": 479.7316667333348, ""battery_charge_kwh"": 619.4882060089525, ""starts"": 13.0, ""start_failures"": 0.0, ""diesel_run_failures"": 9.0, ""diesel_online_hours"": 26281.0, ""wind_failures"": 5.0, ""pv_failures"": 1.0, ""pcs_failures"": 1.0, ""wind_protective_stop_hours"": 1073.0, ""wait_access_unit_hours"": 1.0, ""wait_crew_unit_hours"": 0.0, ""wait_prep_unit_hours"": 12.0, ""wait_heat_unit_hours"": 0.0, ""unserved_heater_command_kwh"": 0.0, ""max_balance_residual_kw"": 2.842170943040401e-14, ""max_soc_residual_kwh"": 1.1368683772161603e-13, ""initial_state"": {""energy_kwh"": 1700.0, ""temperatures_c"": [5.0, 5.0, 5.0, 5.0], ""online"": 3, ""diesel_states"": [{""healthy"": true, ""running"": true, ""pending"": false, ""onsite"": false, ""prep"": 3, ""min_up"": 0, ""min_down"": 0, ""repair_until"": -1, ""runtime"": 333, ""demands"": 1}, {""healthy"": true, ""running"": true, ""pending"": false, ""onsite"": false, ""prep"": 3, ""min_up"": 0, ""min_down"": 0, ""repair_until"": -1, ""runtime"": 329, ""demands"": 1}, {""healthy"": true, ""running"": false, ""pending"": false, ""onsite"": false, ""prep"": 3, ""min_up"": 0, ""min_down"": 0, ""repair_until"": -188, ""runtime"": 136, ""demands"": 1}, {""healthy"": true, ""running"": true, ""pending"": false, ""onsite"": false, ""prep"": 3, ""min_up"": 0, ""min_down"": 0, ""repair_until"": -1, ""runtime"": 186, ""demands"": 1}]}, ""final_state"": {""energy_kwh"": 1700.0, ""temperatures_c"": [5.0, 5.0, 5.0, 5.0], ""online"": 3, ""diesel_states"": [{""healthy"": true, ""running"": false, ""pending"": false, ""onsite"": false, ""prep"": 3, ""min_up"": 0, ""min_down"": 0, ""repair_until"": 8730, ""runtime"": 8803, ""demands"": 2}, {""healthy"": true, ""running"": true, ""pending"": false, ""onsite"": false, ""prep"": 3, ""min_up"": 0, ""min_down"": 0, ""repair_until"": 8563, ""runtime"": 7062, ""demands"": 4}, {""healthy"": true, ""running"": true, ""pending"": false, ""onsite"": false, ""prep"": 3, ""min_up"": 0, ""min_down"": 0, ""repair_until"": 6700, ""runtime"": 5655, ""demands"": 6}, {""healthy"": true, ""running"": true, ""pending"": false, ""onsite"": false, ""prep"": 3, ""min_up"": 0, ""min_down"": 0, ""repair_until"": 7921, ""runtime"": 5745, ""demands"": 5}], ""other_repair_until"": {""wind"": [1550, -1000000000000000, 6944, 7146, -1000000000000000], ""pv"": [3116, -1000000000000000, -1000000000000000], ""pcs"": [-1000000000000000, -1000000000000000, 2569, -1000000000000000]}}, ""energy_inventory_change_kwh"": 0.0, ""forecast_basis"": ""current_measurements_only"", ""dump_load_kw"": 0, ""repair_clock"": ""calendar_reference"", ""operating_cost_basis"": ""same_executed_policy""}",4006068.1186848814,load_first_three_online,holdout,40,2026091702,"{""wind"": 5, ""pv"": 3, ""diesel"": 4, ""battery_energy"": 40, ""pcs"": 4}",True,0.0078125
,"holdout:(5, 3, 4, 40, 4):c1b16c40e93d24d01996b4bd81ccf0b9d616e7bef83b01e34c8697540ee6de0f:41",0.0,"{""shed_hours"": 0.0, ""longest_shed_hours"": 0.0, ""heater_kwh"": 70967.61078027803, ""diesel_kwh"": 1202195.937244551, ""diesel_fuel_kg"": 267154.65272102156, ""battery_discharge_kwh"": 532.1516667333349, ""battery_charge_kwh"": 687.1793217114318, ""starts"": 18.0, ""start_failures"": 0.0, ""diesel_run_failures"": 13.0, ""diesel_online_hours"": 26262.0, ""wind_failures"": 8.0, ""pv_failures"": 1.0, ""pcs_failures"": 1.0, ""wind_protective_stop_hours"": 1073.0, ""wait_access_unit_hours"": 1.0, ""wait_crew_unit_hours"": 0.0, ""wait_prep_unit_hours"": 15.0, ""wait_heat_unit_hours"": 0.0, ""unserved_heater_command_kwh"": 0.0, ""max_balance_residual_kw"": 2.842170943040401e-14, ""max_soc_residual_kwh"": 1.1368683772161603e-13, ""initial_state"": {""energy_kwh"": 1700.0, ""temperatures_c"": [5.0, 5.0, 5.0, 5.0], ""online"": 3, ""diesel_states"": [{""healthy"": true, ""running"": true, ""pending"": false, ""onsite"": false, ""prep"": 3, ""min_up"": 0, ""min_down"": 0, ""repair_until"": -1, ""runtime"": 333, ""demands"": 1}, {""healthy"": true, ""running"": false, ""pending"": false, ""onsite"": false, ""prep"": 3, ""min_up"": 0, ""min_down"": 0, ""repair_until"": -168, ""runtime"": 159, ""demands"": 1}, {""healthy"": true, ""running"": true, ""pending"": false, ""onsite"": false, ""prep"": 3, ""min_up"": 0, ""min_down"": 0, ""repair_until"": -1, ""runtime"": 325, ""demands"": 1}, {""healthy"": true, ""running"": true, ""pending"": false, ""onsite"": false, ""prep"": 3, ""min_up"": 0, ""min_down"": 0, ""repair_until"": -1, ""runtime"": 167, ""demands"": 1}]}, ""final_state"": {""energy_kwh"": 1700.0, ""temperatures_c"": [5.0, 5.0, 5.0, 5.0], ""online"": 3, ""diesel_states"": [{""healthy"": true, ""running"": true, ""pending"": false, ""onsite"": false, ""prep"": 3, ""min_up"": 0, ""min_down"": 0, ""repair_until"": 6657, ""runtime"": 7631, ""demands"": 3}, {""healthy"": true, ""running"": false, ""pending"": false, ""onsite"": false, ""prep"": 3, ""min_up"": 0, ""min_down"": 0, ""repair_until"": 8749, ""runtime"": 6795, ""demands"": 6}, {""healthy"": true, ""running"": true, ""pending"": false, ""onsite"": false, ""prep"": 3, ""min_up"": 0, ""min_down"": 0, ""repair_until"": 8275, ""runtime"": 5657, ""demands"": 8}, {""healthy"": true, ""running"": true, ""pending"": false, ""onsite"": false, ""prep"": 3, ""min_up"": 0, ""min_down"": 0, ""repair_until"": 3457, ""runtime"": 7163, ""demands"": 5}], ""other_repair_until"": {""wind"": [5675, 303, 8369, 7542, 7844], ""pv"": [-1000000000000000, -1000000000000000, 4564], ""pcs"": [3036, -1000000000000000, -1000000000000000, -1000000000000000]}}, ""energy_inventory_change_kwh"": 0.0, ""forecast_basis"": ""current_measurements_only"", ""dump_load_kw"": 0, ""repair_clock"": ""calendar_reference"", ""operating_cost_basis"": ""same_executed_policy""}",4007319.7908151625,load_first_three_online,holdout,41,2026091702,"{""wind"": 5, ""pv"": 3, ""diesel"": 4, ""battery_energy"": 40, ""pcs"": 4}",True,0.0078125
,"holdout:(5, 3, 4, 40, 4):c1b16c40e93d24d01996b4bd81ccf0b9d616e7bef83b01e34c8697540ee6de0f:42",0.0,"{""shed_hours"": 0.0, ""longest_shed_hours"": 0.0, ""heater_kwh"": 70639.38040935318, ""diesel_kwh"": 1201899.7972270395, ""diesel_fuel_kg"": 267088.8438282413, ""battery_discharge_kwh"": 589.1752482390699, ""battery_charge_kwh"": 760.8151449368116, ""starts"": 19.0, ""start_failures"": 0.0, ""diesel_run_failures"": 14.0, ""diesel_online_hours"": 26273.0, ""wind_failures"": 8.0, ""pv_failures"": 1.0, ""pcs_failures"": 0.0, ""wind_protective_stop_hours"": 1073.0, ""wait_access_unit_hours"": 2.0, ""wait_crew_unit_hours"": 0.0, ""wait_prep_unit_hours"": 18.0, ""wait_heat_unit_hours"": 0.0, ""unserved_heater_command_kwh"": 0.0, ""max_balance_residual_kw"": 2.842170943040401e-14, ""max_soc_residual_kwh"": 1.1368683772161603e-13, ""initial_state"": {""energy_kwh"": 1700.0, ""temperatures_c"": [5.0, 5.0, 5.0, -0.4917950249892792], ""online"": 3, ""diesel_states"": [{""healthy"": true, ""running"": true, ""pending"": false, ""onsite"": false, ""prep"": 3, ""min_up"": 0, ""min_down"": 0, ""repair_until"": -1, ""runtime"": 333, ""demands"": 1}, {""healthy"": true, ""running"": true, ""pending"": false, ""onsite"": false, ""prep"": 3, ""min_up"": 0, ""min_down"": 0, ""repair_until"": -1, ""runtime"": 329, ""demands"": 1}, {""healthy"": true, ""running"": true, ""pending"": false, ""onsite"": false, ""prep"": 3, ""min_up"": 0, ""min_down"": 0, ""repair_until"": -1, ""runtime"": 325, ""demands"": 1}, {""healthy"": true, ""running"": false, ""pending"": false, ""onsite"": false, ""prep"": 0.0, ""min_up"": 0, ""min_down"": 0, ""repair_until"": -1, ""runtime"": 0, ""demands"": 0}]}, ""final_state"": {""energy_kwh"": 1700.0, ""temperatures_c"": [5.0, 5.0, 5.0, 5.0], ""online"": 3, ""diesel_states"": [{""healthy"": true, ""running"": true, ""pending"": false, ""onsite"": false, ""prep"": 3, ""min_up"": 0, ""min_down"": 0, ""repair_until"": 7229, ""runtime"": 6688, ""demands"": 6}, {""healthy"": true, ""running"": true, ""pending"": false, ""onsite"": false, ""prep"": 3, ""min_up"": 0, ""min_down"": 0, ""repair_until"": 6170, ""runtime"": 7071, ""demands"": 5}, {""healthy"": true, ""running"": true, ""pending"": false, ""onsite"": false, ""prep"": 3, ""min_up"": 0, ""min_down"": 0, ""repair_until"": 6571, ""runtime"": 7550, ""demands"": 6}, {""healthy"": true, ""running"": false, ""pending"": false, ""onsite"": false, ""prep"": 3, ""min_up"": 0, ""min_down"": 0, ""repair_until"": 8600, ""runtime"": 5951, ""demands"": 5}], ""other_repair_until"": {""wind"": [8620, 7322, 8199, 6323, 4522], ""pv"": [-1000000000000000, -1000000000000000, 3196], ""pcs"": [-1000000000000000, -1000000000000000, -1000000000000000, -1000000000000000]}}, ""energy_inventory_change_kwh"": 0.0, ""forecast_basis"": ""current_measurements_only"", ""dump_load_kw"": 0, ""repair_clock"": ""calendar_reference"", ""operating_cost_basis"": ""same_executed_policy""}",4006332.65742346,load_first_three_online,holdout,42,2026091702,"{""wind"": 5, ""pv"": 3, ""diesel"": 4, ""battery_energy"": 40, ""pcs"": 4}",True,0.0078125
,"holdout:(5, 3, 4, 40, 4):c1b16c40e93d24d01996b4bd81ccf0b9d616e7bef83b01e34c8697540ee6de0f:43",0.0,"{""shed_hours"": 0.0, ""longest_shed_hours"": 0.0, ""heater_kwh"": 70702.05500875303, ""diesel_kwh"": 1207961.574857333, ""diesel_fuel_kg"": 268435.90552386025, ""battery_discharge_kwh"": 932.0094445777792, ""battery_charge_kwh"": 1203.524592688245, ""starts"": 18.0, ""start_failures"": 0.0, ""diesel_run_failures"": 11.0, ""diesel_online_hours"": 26270.0, ""wind_failures"": 5.0, ""pv_failures"": 2.0, ""pcs_failures"": 0.0, ""wind_protective_stop_hours"": 1073.0, ""wait_access_unit_hours"": 7.0, ""wait_crew_unit_hours"": 0.0, ""wait_prep_unit_hours"": 24.0, ""wait_heat_unit_hours"": 0.0, ""unserved_heater_command_kwh"": 0.0, ""max_balance_residual_kw"": 2.842170943040401e-14, ""max_soc_residual_kwh"": 1.1368683772161603e-13, ""initial_state"": {""energy_kwh"": 1700.0, ""temperatures_c"": [5.0, 5.0, 5.0, -0.4917950249892792], ""online"": 3, ""diesel_states"": [{""healthy"": true, ""running"": true, ""pending"": false, ""onsite"": false, ""prep"": 3, ""min_up"": 0, ""min_down"": 0, ""repair_until"": -1, ""runtime"": 333, ""demands"": 1}, {""healthy"": true, ""running"": true, ""pending"": false, ""onsite"": false, ""prep"": 3, ""min_up"": 0, ""min_down"": 0, ""repair_until"": -1, ""runtime"": 329, ""demands"": 1}, {""healthy"": true, ""running"": true, ""pending"": false, ""onsite"": false, ""prep"": 3, ""min_up"": 0, ""min_down"": 0, ""repair_until"": -1, ""runtime"": 325, ""demands"": 1}, {""healthy"": true, ""running"": false, ""pending"": false, ""onsite"": false, ""prep"": 0.0, ""min_up"": 0, ""min_down"": 0, ""repair_until"": -1, ""runtime"": 0, ""demands"": 0}]}, ""final_state"": {""energy_kwh"": 1700.0, ""temperatures_c"": [5.0, 5.0, 5.0, 5.0], ""online"": 3, ""diesel_states"": [{""healthy"": true, ""running"": false, ""pending"": false, ""onsite"": false, ""prep"": 3, ""min_up"": 0, ""min_down"": 0, ""repair_until"": 7668, ""runtime"": 7050, ""demands"": 3}, {""healthy"": true, ""running"": true, ""pending"": false, ""onsite"": false, ""prep"": 3, ""min_up"": 0, ""min_down"": 0, ""repair_until"": 6279, ""runtime"": 5305, ""demands"": 7}, {""healthy"": true, ""running"": true, ""pending"": false, ""onsite"": false, ""prep"": 3, ""min_up"": 0, ""min_down"": 0, ""repair_until"": 4624, ""runtime"": 8892, ""demands"": 3}, {""healthy"": true, ""running"": true, ""pending"": false, ""onsite"": false, ""prep"": 3, ""min_up"": 0, ""min_down"": 0, ""repair_until"": 1508, ""runtime"": 6010, ""demands"": 8}], ""other_repair_until"": {""wind"": [-1000000000000000, -1000000000000000, 6324, 8744, 6032], ""pv"": [8197, 5242, -1000000000000000], ""pcs"": [-1000000000000000, -1000000000000000, -1000000000000000, -1000000000000000]}}, ""energy_inventory_change_kwh"": 0.0, ""forecast_basis"": ""current_measurements_only"", ""dump_load_kw"": 0, ""repair_clock"": ""calendar_reference"", ""operating_cost_basis"": ""same_executed_policy""}",4026538.5828577653,load_first_three_online,holdout,43,2026091702,"{""wind"": 5, ""pv"": 3, ""diesel"": 4, ""battery_energy"": 40, ""pcs"": 4}",True,0.0078125
,"holdout:(5, 3, 4, 40, 4):c1b16c40e93d24d01996b4bd81ccf0b9d616e7bef83b01e34c8697540ee6de0f:44",0.0,"{""shed_hours"": 0.0, ""longest_shed_hours"": 0.0, ""heater_kwh"": 70860.8092934267, ""diesel_kwh"": 1205343.9718308093, ""diesel_fuel_kg"": 267854.21596241265, ""battery_discharge_kwh"": 437.68166673333496, ""battery_charge_kwh"": 565.1881027031671, ""starts"": 17.0, ""start_failures"": 0.0, ""diesel_run_failures"": 12.0, ""diesel_online_hours"": 26278.0, ""wind_failures"": 8.0, ""pv_failures"": 2.0, ""pcs_failures"": 0.0, ""wind_protective_stop_hours"": 1073.0, ""wait_access_unit_hours"": 1.0, ""wait_crew_unit_hours"": 0.0, ""wait_prep_unit_hours"": 18.0, ""wait_heat_unit_hours"": 0.0, ""unserved_heater_command_kwh"": 0.0, ""max_balance_residual_kw"": 2.842170943040401e-14, ""max_soc_residual_kwh"": 1.1368683772161603e-13, ""initial_state"": {""energy_kwh"": 1700.0, ""temperatures_c"": [5.0, 5.0, 5.0, -0.4917950249892792], ""online"": 3, ""diesel_states"": [{""healthy"": true, ""running"": true, ""pending"": false, ""onsite"": false, ""prep"": 3, ""min_up"": 0, ""min_down"": 0, ""repair_until"": -1, ""runtime"": 333, ""demands"": 1}, {""healthy"": true, ""running"": true, ""pending"": false, ""onsite"": false, ""prep"": 3, ""min_up"": 0, ""min_down"": 0, ""repair_until"": -1, ""runtime"": 329, ""demands"": 1}, {""healthy"": true, ""running"": true, ""pending"": false, ""onsite"": false, ""prep"": 3, ""min_up"": 0, ""min_down"": 0, ""repair_until"": -1, ""runtime"": 325, ""demands"": 1}, {""healthy"": true, ""running"": false, ""pending"": false, ""onsite"": false, ""prep"": 0.0, ""min_up"": 0, ""min_down"": 0, ""repair_until"": -1, ""runtime"": 0, ""demands"": 0}]}, ""final_state"": {""energy_kwh"": 1700.0, ""temperatures_c"": [5.0, 5.0, 5.0, 5.0], ""online"": 3, ""diesel_states"": [{""healthy"": true, ""running"": false, ""pending"": false, ""onsite"": false, ""prep"": 3, ""min_up"": 0, ""min_down"": 0, ""repair_until"": 8534, ""runtime"": 6896, ""demands"": 3}, {""healthy"": true, ""running"": true, ""pending"": false, ""onsite"": false, ""prep"": 3, ""min_up"": 0, ""min_down"": 0, ""repair_until"": 8152, ""runtime"": 7675, ""demands"": 5}, {""healthy"": true, ""running"": true, ""pending"": false, ""onsite"": false, ""prep"": 3, ""min_up"": 0, ""min_down"": 0, ""repair_until"": 7159, ""runtime"": 6307, ""demands"": 6}, {""healthy"": true, ""running"": true, ""pending"": false, ""onsite"": false, ""prep"": 3, ""min_up"": 0, ""min_down"": 0, ""repair_until"": 2056, ""runtime"": 6387, ""demands"": 6}], ""other_repair_until"": {""wind"": [3032, 6874, 6239, -1000000000000000, 7094], ""pv"": [2001, -1000000000000000, 4587], ""pcs"": [-1000000000000000, -1000000000000000, -1000000000000000, -1000000000000000]}}, ""energy_inventory_change_kwh"": 0.0, ""forecast_basis"": ""current_measurements_only"", ""dump_load_kw"": 0, ""repair_clock"": ""calendar_reference"", ""operating_cost_basis"": ""same_executed_policy""}",4017813.239436028,load_first_three_online,holdout,44,2026091702,"{""wind"": 5, ""pv"": 3, ""diesel"": 4, ""battery_energy"": 40, ""pcs"": 4}",True,0.0078125
,"holdout:(5, 3, 4, 40, 4):c1b16c40e93d24d01996b4bd81ccf0b9d616e7bef83b01e34c8697540ee6de0f:45",0.0,"{""shed_hours"": 0.0, ""longest_shed_hours"": 0.0, ""heater_kwh"": 70967.61078027803, ""diesel_kwh"": 1201648.7240512925, ""diesel_fuel_kg"": 267033.0497891861, ""battery_discharge_kwh"": 2847.3577777111127, ""battery_charge_kwh"": 3676.8566344409996, ""starts"": 28.0, ""start_failures"": 0.0, ""diesel_run_failures"": 21.0, ""diesel_online_hours"": 26222.0, ""wind_failures"": 6.0, ""pv_failures"": 2.0, ""pcs_failures"": 0.0, ""wind_protective_stop_hours"": 1073.0, ""wait_access_unit_hours"": 20.0, ""wait_crew_unit_hours"": 0.0, ""wait_prep_unit_hours"": 21.0, ""wait_heat_unit_hours"": 0.0, ""unserved_heater_command_kwh"": 0.0, ""max_balance_residual_kw"": 2.842170943040401e-14, ""max_soc_residual_kwh"": 1.1368683772161603e-13, ""initial_state"": {""energy_kwh"": 1700.0, ""temperatures_c"": [5.0, 5.0, 5.0, 5.0], ""online"": 3, ""diesel_states"": [{""healthy"": true, ""running"": true, ""pending"": false, ""onsite"": false, ""prep"": 3, ""min_up"": 0, ""min_down"": 0, ""repair_until"": -1, ""runtime"": 333, ""demands"": 1}, {""healthy"": true, ""running"": false, ""pending"": false, ""onsite"": false, ""prep"": 3, ""min_up"": 0, ""min_down"": 0, ""repair_until"": -300, ""runtime"": 8, ""demands"": 1}, {""healthy"": true, ""running"": true, ""pending"": false, ""onsite"": false, ""prep"": 3, ""min_up"": 0, ""min_down"": 0, ""repair_until"": -1, ""runtime"": 325, ""demands"": 1}, {""healthy"": true, ""running"": true, ""pending"": false, ""onsite"": false, ""prep"": 3, ""min_up"": 0, ""min_down"": 0, ""repair_until"": -1, ""runtime"": 318, ""demands"": 1}]}, ""final_state"": {""energy_kwh"": 1700.0, ""temperatures_c"": [5.0, 5.0, 5.0, 5.0], ""online"": 3, ""diesel_states"": [{""healthy"": true, ""running"": false, ""pending"": false, ""onsite"": false, ""prep"": 3, ""min_up"": 0, ""min_down"": 0, ""repair_until"": 8641, ""runtime"": 7420, ""demands"": 7}, {""healthy"": true, ""running"": true, ""pending"": false, ""onsite"": false, ""prep"": 3, ""min_up"": 0, ""min_down"": 0, ""repair_until"": 8296, ""runtime"": 6438, ""demands"": 7}, {""healthy"": true, ""running"": true, ""pending"": false, ""onsite"": false, ""prep"": 3, ""min_up"": 0, ""min_down"": 0, ""repair_until"": 7676, ""runtime"": 7175, ""demands"": 10}, {""healthy"": true, ""running"": true, ""pending"": false, ""onsite"": false, ""prep"": 3, ""min_up"": 0, ""min_down"": 0, ""repair_until"": 4138, ""runtime"": 6173, ""demands"": 8}], ""other_repair_until"": {""wind"": [7917, 8487, -1000000000000000, 4740, -1000000000000000], ""pv"": [3162, 5425, -1000000000000000], ""pcs"": [-1000000000000000, -1000000000000000, -1000000000000000, -1000000000000000]}}, ""energy_inventory_change_kwh"": 0.0, ""forecast_basis"": ""current_measurements_only"", ""dump_load_kw"": 0, ""repair_clock"": ""calendar_reference"", ""operating_cost_basis"": ""same_executed_policy""}",4005495.746837631,load_first_three_online,holdout,45,2026091702,"{""wind"": 5, ""pv"": 3, ""diesel"": 4, ""battery_energy"": 40, ""pcs"": 4}",True,0.0078125
,"holdout:(5, 3, 4, 40, 4):c1b16c40e93d24d01996b4bd81ccf0b9d616e7bef83b01e34c8697540ee6de0f:46",0.0,"{""shed_hours"": 0.0, ""longest_shed_hours"": 0.0, ""heater_kwh"": 70718.20190280971, ""diesel_kwh"": 1213788.2018892795, ""diesel_fuel_kg"": 269730.711530959, ""battery_discharge_kwh"": 1522.2233334333346, ""battery_charge_kwh"": 1965.6809574294064, ""starts"": 14.0, ""start_failures"": 0.0, ""diesel_run_failures"": 7.0, ""diesel_online_hours"": 26265.0, ""wind_failures"": 7.0, ""pv_failures"": 4.0, ""pcs_failures"": 1.0, ""wind_protective_stop_hours"": 1073.0, ""wait_access_unit_hours"": 36.0, ""wait_crew_unit_hours"": 1.0, ""wait_prep_unit_hours"": 21.0, ""wait_heat_unit_hours"": 0.0, ""unserved_heater_command_kwh"": 0.0, ""max_balance_residual_kw"": 2.842170943040401e-14, ""max_soc_residual_kwh"": 1.1368683772161603e-13, ""initial_state"": {""energy_kwh"": 1700.0, ""temperatures_c"": [5.0, 5.0, 5.0, -0.4917950249892792], ""online"": 3, ""diesel_states"": [{""healthy"": true, ""running"": true, ""pending"": false, ""onsite"": false, ""prep"": 3, ""min_up"": 0, ""min_down"": 0, ""repair_until"": -1, ""runtime"": 333, ""demands"": 1}, {""healthy"": true, ""running"": true, ""pending"": false, ""onsite"": false, ""prep"": 3, ""min_up"": 0, ""min_down"": 0, ""repair_until"": -1, ""runtime"": 329, ""demands"": 1}, {""healthy"": true, ""running"": true, ""pending"": false, ""onsite"": false, ""prep"": 3, ""min_up"": 0, ""min_down"": 0, ""repair_until"": -1, ""runtime"": 325, ""demands"": 1}, {""healthy"": true, ""running"": false, ""pending"": false, ""onsite"": false, ""prep"": 0.0, ""min_up"": 0, ""min_down"": 0, ""repair_until"": -1, ""runtime"": 0, ""demands"": 0}]}, ""final_state"": {""energy_kwh"": 1700.0, ""temperatures_c"": [5.0, 5.0, 5.0, 5.0], ""online"": 3, ""diesel_states"": [{""healthy"": true, ""running"": true, ""pending"": false, ""onsite"": false, ""prep"": 3, ""min_up"": 0, ""min_down"": 0, ""repair_until"": 4351, ""runtime"": 8620, ""demands"": 2}, {""healthy"": true, ""running"": true, ""pending"": false, ""onsite"": false, ""prep"": 3, ""min_up"": 0, ""min_down"": 0, ""repair_until"": 6309, ""runtime"": 8850, ""demands"": 3}, {""healthy"": true, ""running"": true, ""pending"": false, ""onsite"": false, ""prep"": 3, ""min_up"": 0, ""min_down"": 0, ""repair_until"": 6328, ""runtime"": 7322, ""demands"": 6}, {""healthy"": true, ""running"": false, ""pending"": false, ""onsite"": false, ""prep"": 0.0, ""min_up"": 0, ""min_down"": 0, ""repair_until"": 782, ""runtime"": 2460, ""demands"": 6}], ""other_repair_until"": {""wind"": [4525, 48, 7703, 6838, 5831], ""pv"": [7350, -1000000000000000, 8673], ""pcs"": [-1000000000000000, -1000000000000000, 989, -1000000000000000]}}, ""energy_inventory_change_kwh"": 0.0, ""forecast_basis"": ""current_measurements_only"", ""dump_load_kw"": 0, ""repair_clock"": ""calendar_reference"", ""operating_cost_basis"": ""same_executed_policy""}",4045960.6729642446,load_first_three_online,holdout,46,2026091702,"{""wind"": 5, ""pv"": 3, ""diesel"": 4, ""battery_energy"": 40, ""pcs"": 4}",True,0.0078125
,"holdout:(5, 3, 4, 40, 4):c1b16c40e93d24d01996b4bd81ccf0b9d616e7bef83b01e34c8697540ee6de0f:47",0.0,"{""shed_hours"": 0.0, ""longest_shed_hours"": 0.0, ""heater_kwh"": 70881.26645364006, ""diesel_kwh"": 1203121.40005277, ""diesel_fuel_kg"": 267360.31112284755, ""battery_discharge_kwh"": 668.5661111777791, ""battery_charge_kwh"": 863.3343377812201, ""starts"": 24.0, ""start_failures"": 0.0, ""diesel_run_failures"": 18.0, ""diesel_online_hours"": 26272.0, ""wind_failures"": 3.0, ""pv_failures"": 3.0, ""pcs_failures"": 1.0, ""wind_protective_stop_hours"": 1073.0, ""wait_access_unit_hours"": 1.0, ""wait_crew_unit_hours"": 0.0, ""wait_prep_unit_hours"": 21.0, ""wait_heat_unit_hours"": 0.0, ""unserved_heater_command_kwh"": 0.0, ""max_balance_residual_kw"": 2.842170943040401e-14, ""max_soc_residual_kwh"": 1.1368683772161603e-13, ""initial_state"": {""energy_kwh"": 1700.0, ""temperatures_c"": [5.0, 5.0, 5.0, -0.4917950249892792], ""online"": 3, ""diesel_states"": [{""healthy"": true, ""running"": true, ""pending"": false, ""onsite"": false, ""prep"": 3, ""min_up"": 0, ""min_down"": 0, ""repair_until"": -1, ""runtime"": 333, ""demands"": 1}, {""healthy"": true, ""running"": true, ""pending"": false, ""onsite"": false, ""prep"": 3, ""min_up"": 0, ""min_down"": 0, ""repair_until"": -1, ""runtime"": 329, ""demands"": 1}, {""healthy"": true, ""running"": true, ""pending"": false, ""onsite"": false, ""prep"": 3, ""min_up"": 0, ""min_down"": 0, ""repair_until"": -1, ""runtime"": 325, ""demands"": 1}, {""healthy"": true, ""running"": false, ""pending"": false, ""onsite"": false, ""prep"": 0.0, ""min_up"": 0, ""min_down"": 0, ""repair_until"": -1, ""runtime"": 0, ""demands"": 0}]}, ""final_state"": {""energy_kwh"": 1700.0, ""temperatures_c"": [5.0, 5.0, 5.0, 5.0], ""online"": 3, ""diesel_states"": [{""healthy"": true, ""running"": true, ""pending"": false, ""onsite"": false, ""prep"": 3, ""min_up"": 0, ""min_down"": 0, ""repair_until"": 6757, ""runtime"": 7493, ""demands"": 8}, {""healthy"": true, ""running"": true, ""pending"": false, ""onsite"": false, ""prep"": 3, ""min_up"": 0, ""min_down"": 0, ""repair_until"": 7239, ""runtime"": 7283, ""demands"": 4}, {""healthy"": true, ""running"": true, ""pending"": false, ""onsite"": false, ""prep"": 3, ""min_up"": 0, ""min_down"": 0, ""repair_until"": 5218, ""runtime"": 6451, ""demands"": 5}, {""healthy"": true, ""running"": false, ""pending"": false, ""onsite"": false, ""prep"": 3, ""min_up"": 0, ""min_down"": 0, ""repair_until"": 8673, ""runtime"": 6032, ""demands"": 10}], ""other_repair_until"": {""wind"": [8102, -1000000000000000, 8627, -1000000000000000, -1000000000000000], ""pv"": [-1000000000000000, 451, 6735], ""pcs"": [6194, -1000000000000000, -1000000000000000, -1000000000000000]}}, ""energy_inventory_change_kwh"": 0.0, ""forecast_basis"": ""current_measurements_only"", ""dump_load_kw"": 0, ""repair_clock"": ""calendar_reference"", ""operating_cost_basis"": ""same_executed_policy""}",4010404.666842559,load_first_three_online,holdout,47,2026091702,"{""wind"": 5, ""pv"": 3, ""diesel"": 4, ""battery_energy"": 40, ""pcs"": 4}",True,0.0078125
,"holdout:(5, 3, 4, 40, 4):c1b16c40e93d24d01996b4bd81ccf0b9d616e7bef83b01e34c8697540ee6de0f:48",0.0,"{""shed_hours"": 0.0, ""longest_shed_hours"": 0.0, ""heater_kwh"": 70137.83197839471, ""diesel_kwh"": 1201670.6158806665, ""diesel_fuel_kg"": 267037.91464015876, ""battery_discharge_kwh"": 492.2816667333349, ""battery_charge_kwh"": 635.6943010502742, ""starts"": 21.0, ""start_failures"": 0.0, ""diesel_run_failures"": 15.0, ""diesel_online_hours"": 26244.0, ""wind_failures"": 7.0, ""pv_failures"": 1.0, ""pcs_failures"": 0.0, ""wind_protective_stop_hours"": 1073.0, ""wait_access_unit_hours"": 1.0, ""wait_crew_unit_hours"": 0.0, ""wait_prep_unit_hours"": 21.0, ""wait_heat_unit_hours"": 0.0, ""unserved_heater_command_kwh"": 0.0, ""max_balance_residual_kw"": 2.842170943040401e-14, ""max_soc_residual_kwh"": 1.1368683772161603e-13, ""initial_state"": {""energy_kwh"": 1700.0, ""temperatures_c"": [5.0, 5.0, 5.0, -0.4917950249892792], ""online"": 3, ""diesel_states"": [{""healthy"": true, ""running"": true, ""pending"": false, ""onsite"": false, ""prep"": 3, ""min_up"": 0, ""min_down"": 0, ""repair_until"": -1, ""runtime"": 333, ""demands"": 1}, {""healthy"": true, ""running"": true, ""pending"": false, ""onsite"": false, ""prep"": 3, ""min_up"": 0, ""min_down"": 0, ""repair_until"": -1, ""runtime"": 329, ""demands"": 1}, {""healthy"": true, ""running"": true, ""pending"": false, ""onsite"": false, ""prep"": 3, ""min_up"": 0, ""min_down"": 0, ""repair_until"": -1, ""runtime"": 325, ""demands"": 1}, {""healthy"": true, ""running"": false, ""pending"": false, ""onsite"": false, ""prep"": 0.0, ""min_up"": 0, ""min_down"": 0, ""repair_until"": -1, ""runtime"": 0, ""demands"": 0}]}, ""final_state"": {""energy_kwh"": 1700.0, ""temperatures_c"": [5.0, 5.0, 5.0, 5.0], ""online"": 3, ""diesel_states"": [{""healthy"": true, ""running"": true, ""pending"": false, ""onsite"": false, ""prep"": 3, ""min_up"": 0, ""min_down"": 0, ""repair_until"": 7005, ""runtime"": 8005, ""demands"": 6}, {""healthy"": true, ""running"": true, ""pending"": false, ""onsite"": false, ""prep"": 3, ""min_up"": 0, ""min_down"": 0, ""repair_until"": 6269, ""runtime"": 8060, ""demands"": 4}, {""healthy"": true, ""running"": true, ""pending"": false, ""onsite"": false, ""prep"": 3, ""min_up"": 0, ""min_down"": 0, ""repair_until"": 7739, ""runtime"": 7061, ""demands"": 7}, {""healthy"": true, ""running"": false, ""pending"": false, ""onsite"": false, ""prep"": 3, ""min_up"": 0, ""min_down"": 0, ""repair_until"": 8125, ""runtime"": 4105, ""demands"": 7}], ""other_repair_until"": {""wind"": [3237, 3451, 4585, 5538, 939], ""pv"": [-1000000000000000, 1674, -1000000000000000], ""pcs"": [-1000000000000000, -1000000000000000, -1000000000000000, -1000000000000000]}}, ""energy_inventory_change_kwh"": 0.0, ""forecast_basis"": ""current_measurements_only"", ""dump_load_kw"": 0, ""repair_clock"": ""calendar_reference"", ""operating_cost_basis"": ""same_executed_policy""}",4005568.719602219,load_first_three_online,holdout,48,2026091702,"{""wind"": 5, ""pv"": 3, ""diesel"": 4, ""battery_energy"": 40, ""pcs"": 4}",True,0.0078125
,"holdout:(5, 3, 4, 40, 4):c1b16c40e93d24d01996b4bd81ccf0b9d616e7bef83b01e34c8697540ee6de0f:49",0.0,"{""shed_hours"": 0.0, ""longest_shed_hours"": 0.0, ""heater_kwh"": 70857.85825297769, ""diesel_kwh"": 1201841.2117791527, ""diesel_fuel_kg"": 267075.8248398222, ""battery_discharge_kwh"": 334.7483334333349, ""battery_charge_kwh"": 432.267992553374, ""starts"": 23.0, ""start_failures"": 0.0, ""diesel_run_failures"": 17.0, ""diesel_online_hours"": 26274.0, ""wind_failures"": 5.0, ""pv_failures"": 4.0, ""pcs_failures"": 1.0, ""wind_protective_stop_hours"": 1073.0, ""wait_access_unit_hours"": 1.0, ""wait_crew_unit_hours"": 0.0, ""wait_prep_unit_hours"": 21.0, ""wait_heat_unit_hours"": 0.0, ""unserved_heater_command_kwh"": 0.0, ""max_balance_residual_kw"": 2.842170943040401e-14, ""max_soc_residual_kwh"": 1.1368683772161603e-13, ""initial_state"": {""energy_kwh"": 1700.0, ""temperatures_c"": [5.0, 5.0, 5.0, -0.4917950249892792], ""online"": 3, ""diesel_states"": [{""healthy"": true, ""running"": true, ""pending"": false, ""onsite"": false, ""prep"": 3, ""min_up"": 0, ""min_down"": 0, ""repair_until"": -1, ""runtime"": 333, ""demands"": 1}, {""healthy"": true, ""running"": true, ""pending"": false, ""onsite"": false, ""prep"": 3, ""min_up"": 0, ""min_down"": 0, ""repair_until"": -1, ""runtime"": 329, ""demands"": 1}, {""healthy"": true, ""running"": true, ""pending"": false, ""onsite"": false, ""prep"": 3, ""min_up"": 0, ""min_down"": 0, ""repair_until"": -1, ""runtime"": 325, ""demands"": 1}, {""healthy"": true, ""running"": false, ""pending"": false, ""onsite"": false, ""prep"": 0.0, ""min_up"": 0, ""min_down"": 0, ""repair_until"": -1, ""runtime"": 0, ""demands"": 0}]}, ""final_state"": {""energy_kwh"": 1700.0, ""temperatures_c"": [5.0, 5.0, 5.0, 5.0], ""online"": 3, ""diesel_states"": [{""healthy"": true, ""running"": false, ""pending"": false, ""onsite"": false, ""prep"": 3, ""min_up"": 0, ""min_down"": 0, ""repair_until"": 8428, ""runtime"": 8149, ""demands"": 4}, {""healthy"": true, ""running"": true, ""pending"": false, ""onsite"": false, ""prep"": 3, ""min_up"": 0, ""min_down"": 0, ""repair_until"": 7859, ""runtime"": 8083, ""demands"": 5}, {""healthy"": true, ""running"": true, ""pending"": false, ""onsite"": false, ""prep"": 3, ""min_up"": 0, ""min_down"": 0, ""repair_until"": 7775, ""runtime"": 7491, ""demands"": 7}, {""healthy"": true, ""running"": true, ""pending"": false, ""onsite"": false, ""prep"": 3, ""min_up"": 0, ""min_down"": 0, ""repair_until"": 7977, ""runtime"": 3538, ""demands"": 10}], ""other_repair_until"": {""wind"": [-1000000000000000, -1000000000000000, 792, 1248, 8244], ""pv"": [5425, 6513, -1000000000000000], ""pcs"": [-1000000000000000, -1000000000000000, 4062, -1000000000000000]}}, ""energy_inventory_change_kwh"": 0.0, ""forecast_basis"": ""current_measurements_only"", ""dump_load_kw"": 0, ""repair_clock"": ""calendar_reference"", ""operating_cost_basis"": ""same_executed_policy""}",4006137.3725971635,load_first_three_online,holdout,49,2026091702,"{""wind"": 5, ""pv"": 3, ""diesel"": 4, ""battery_energy"": 40, ""pcs"": 4}",True,0.0078125
,"holdout:(5, 3, 4, 40, 4):c1b16c40e93d24d01996b4bd81ccf0b9d616e7bef83b01e34c8697540ee6de0f:50",0.0,"{""shed_hours"": 0.0, ""longest_shed_hours"": 0.0, ""heater_kwh"": 66568.21124402889, ""diesel_kwh"": 1202977.53225513, ""diesel_fuel_kg"": 267328.3405011498, ""battery_discharge_kwh"": 466.39083336666806, ""battery_charge_kwh"": 602.2608901945589, ""starts"": 19.0, ""start_failures"": 0.0, ""diesel_run_failures"": 14.0, ""diesel_online_hours"": 26242.0, ""wind_failures"": 6.0, ""pv_failures"": 3.0, ""pcs_failures"": 0.0, ""wind_protective_stop_hours"": 1073.0, ""wait_access_unit_hours"": 1.0, ""wait_crew_unit_hours"": 0.0, ""wait_prep_unit_hours"": 18.0, ""wait_heat_unit_hours"": 0.0, ""unserved_heater_command_kwh"": 0.0, ""max_balance_residual_kw"": 2.842170943040401e-14, ""max_soc_residual_kwh"": 1.1368683772161603e-13, ""initial_state"": {""energy_kwh"": 1700.0, ""temperatures_c"": [5.0, 5.0, 5.0, -0.4917950249892792], ""online"": 3, ""diesel_states"": [{""healthy"": true, ""running"": true, ""pending"": false, ""onsite"": false, ""prep"": 3, ""min_up"": 0, ""min_down"": 0, ""repair_until"": -1, ""runtime"": 333, ""demands"": 1}, {""healthy"": true, ""running"": true, ""pending"": false, ""onsite"": false, ""prep"": 3, ""min_up"": 0, ""min_down"": 0, ""repair_until"": -1, ""runtime"": 329, ""demands"": 1}, {""healthy"": true, ""running"": true, ""pending"": false, ""onsite"": false, ""prep"": 3, ""min_up"": 0, ""min_down"": 0, ""repair_until"": -1, ""runtime"": 325, ""demands"": 1}, {""healthy"": true, ""running"": false, ""pending"": false, ""onsite"": false, ""prep"": 0.0, ""min_up"": 0, ""min_down"": 0, ""repair_until"": -1, ""runtime"": 0, ""demands"": 0}]}, ""final_state"": {""energy_kwh"": 1700.0, ""temperatures_c"": [5.0, 5.0, 5.0, 5.0], ""online"": 3, ""diesel_states"": [{""healthy"": true, ""running"": true, ""pending"": false, ""onsite"": false, ""prep"": 3, ""min_up"": 0, ""min_down"": 0, ""repair_until"": 7948, ""runtime"": 7916, ""demands"": 4}, {""healthy"": true, ""running"": false, ""pending"": false, ""onsite"": false, ""prep"": 3, ""min_up"": 0, ""min_down"": 0, ""repair_until"": 8411, ""runtime"": 7784, ""demands"": 5}, {""healthy"": true, ""running"": true, ""pending"": false, ""onsite"": false, ""prep"": 3, ""min_up"": 0, ""min_down"": 0, ""repair_until"": 8396, ""runtime"": 6994, ""demands"": 6}, {""healthy"": true, ""running"": true, ""pending"": false, ""onsite"": false, ""prep"": 3, ""min_up"": 0, ""min_down"": 0, ""repair_until"": 8364, ""runtime"": 4535, ""demands"": 7}], ""other_repair_until"": {""wind"": [6157, -1000000000000000, 7502, -1000000000000000, 35], ""pv"": [8399, 7167, -1000000000000000], ""pcs"": [-1000000000000000, -1000000000000000, -1000000000000000, -1000000000000000]}}, ""energy_inventory_change_kwh"": 0.0, ""forecast_basis"": ""current_measurements_only"", ""dump_load_kw"": 0, ""repair_clock"": ""calendar_reference"", ""operating_cost_basis"": ""same_executed_policy""}",4009925.1075170944,load_first_three_online,holdout,50,2026091702,"{""wind"": 5, ""pv"": 3, ""diesel"": 4, ""battery_energy"": 40, ""pcs"": 4}",True,0.0078125
,"holdout:(5, 3, 4, 40, 4):c1b16c40e93d24d01996b4bd81ccf0b9d616e7bef83b01e34c8697540ee6de0f:51",0.0,"{""shed_hours"": 0.0, ""longest_shed_hours"": 0.0, ""heater_kwh"": 70967.61078027803, ""diesel_kwh"": 1204457.6696133784, ""diesel_fuel_kg"": 267657.259914095, ""battery_discharge_kwh"": 316.54166673333475, ""battery_charge_kwh"": 408.7573175792001, ""starts"": 18.0, ""start_failures"": 0.0, ""diesel_run_failures"": 13.0, ""diesel_online_hours"": 26278.0, ""wind_failures"": 4.0, ""pv_failures"": 3.0, ""pcs_failures"": 0.0, ""wind_protective_stop_hours"": 1073.0, ""wait_access_unit_hours"": 1.0, ""wait_crew_unit_hours"": 0.0, ""wait_prep_unit_hours"": 12.0, ""wait_heat_unit_hours"": 0.0, ""unserved_heater_command_kwh"": 0.0, ""max_balance_residual_kw"": 2.842170943040401e-14, ""max_soc_residual_kwh"": 1.1368683772161603e-13, ""initial_state"": {""energy_kwh"": 1700.0, ""temperatures_c"": [5.0, 5.0, 5.0, 5.0], ""online"": 2, ""diesel_states"": [{""healthy"": false, ""running"": false, ""pending"": false, ""onsite"": false, ""prep"": 0.0, ""min_up"": 0, ""min_down"": 0, ""repair_until"": 6, ""runtime"": 330, ""demands"": 1}, {""healthy"": true, ""running"": true, ""pending"": false, ""onsite"": false, ""prep"": 3, ""min_up"": 0, ""min_down"": 0, ""repair_until"": -1, ""runtime"": 329, ""demands"": 1}, {""healthy"": true, ""running"": true, ""pending"": false, ""onsite"": false, ""prep"": 3, ""min_up"": 0, ""min_down"": 0, ""repair_until"": -1, ""runtime"": 325, ""demands"": 1}, {""healthy"": true, ""running"": false, ""pending"": true, ""onsite"": true, ""prep"": 3, ""min_up"": 0, ""min_down"": 0, ""repair_until"": -1, ""runtime"": 0, ""demands"": 0}]}, ""final_state"": {""energy_kwh"": 1700.0, ""temperatures_c"": [5.0, 5.0, 5.0, 5.0], ""online"": 3, ""diesel_states"": [{""healthy"": true, ""running"": true, ""pending"": false, ""onsite"": false, ""prep"": 3, ""min_up"": 0, ""min_down"": 0, ""repair_until"": 8221, ""runtime"": 5176, ""demands"": 8}, {""healthy"": true, ""running"": true, ""pending"": false, ""onsite"": false, ""prep"": 3, ""min_up"": 0, ""min_down"": 0, ""repair_until"": 6560, ""runtime"": 8348, ""demands"": 2}, {""healthy"": true, ""running"": false, ""pending"": false, ""onsite"": false, ""prep"": 3, ""min_up"": 0, ""min_down"": 0, ""repair_until"": 8238, ""runtime"": 6732, ""demands"": 4}, {""healthy"": true, ""running"": true, ""pending"": false, ""onsite"": false, ""prep"": 3, ""min_up"": 0, ""min_down"": 0, ""repair_until"": 8153, ""runtime"": 7006, ""demands"": 7}], ""other_repair_until"": {""wind"": [3613, 3892, 2643, 1630, -181], ""pv"": [-1000000000000000, 3165, 3323], ""pcs"": [-1000000000000000, -1000000000000000, -1000000000000000, -1000000000000000]}}, ""energy_inventory_change_kwh"": 0.0, ""forecast_basis"": ""current_measurements_only"", ""dump_load_kw"": 0, ""repair_clock"": ""calendar_reference"", ""operating_cost_basis"": ""same_executed_policy""}",4014858.898711258,load_first_three_online,holdout,51,2026091702,"{""wind"": 5, ""pv"": 3, ""diesel"": 4, ""battery_energy"": 40, ""pcs"": 4}",True,0.0078125
,"holdout:(5, 3, 4, 40, 4):c1b16c40e93d24d01996b4bd81ccf0b9d616e7bef83b01e34c8697540ee6de0f:52",0.0,"{""shed_hours"": 0.0, ""longest_shed_hours"": 0.0, ""heater_kwh"": 70367.56979717065, ""diesel_kwh"": 1201609.190450079, ""diesel_fuel_kg"": 267024.2645444726, ""battery_discharge_kwh"": 400.82222228889043, ""battery_charge_kwh"": 517.5906796085854, ""starts"": 18.0, ""start_failures"": 0.0, ""diesel_run_failures"": 13.0, ""diesel_online_hours"": 26275.0, ""wind_failures"": 5.0, ""pv_failures"": 3.0, ""pcs_failures"": 0.0, ""wind_protective_stop_hours"": 1073.0, ""wait_access_unit_hours"": 1.0, ""wait_crew_unit_hours"": 0.0, ""wait_prep_unit_hours"": 18.0, ""wait_heat_unit_hours"": 0.0, ""unserved_heater_command_kwh"": 0.0, ""max_balance_residual_kw"": 2.842170943040401e-14, ""max_soc_residual_kwh"": 1.1368683772161603e-13, ""initial_state"": {""energy_kwh"": 1700.0, ""temperatures_c"": [5.0, 5.0, 5.0, -0.4917950249892792], ""online"": 3, ""diesel_states"": [{""healthy"": true, ""running"": true, ""pending"": false, ""onsite"": false, ""prep"": 3, ""min_up"": 0, ""min_down"": 0, ""repair_until"": -1, ""runtime"": 333, ""demands"": 1}, {""healthy"": true, ""running"": true, ""pending"": false, ""onsite"": false, ""prep"": 3, ""min_up"": 0, ""min_down"": 0, ""repair_until"": -1, ""runtime"": 329, ""demands"": 1}, {""healthy"": true, ""running"": true, ""pending"": false, ""onsite"": false, ""prep"": 3, ""min_up"": 0, ""min_down"": 0, ""repair_until"": -1, ""runtime"": 325, ""demands"": 1}, {""healthy"": true, ""running"": false, ""pending"": false, ""onsite"": false, ""prep"": 0.0, ""min_up"": 0, ""min_down"": 0, ""repair_until"": -1, ""runtime"": 0, ""demands"": 0}]}, ""final_state"": {""energy_kwh"": 1700.0, ""temperatures_c"": [5.0, 5.0, 5.0, 5.0], ""online"": 3, ""diesel_states"": [{""healthy"": false, ""running"": false, ""pending"": false, ""onsite"": false, ""prep"": 0.0, ""min_up"": 0, ""min_down"": 0, ""repair_until"": 8799, ""runtime"": 7880, ""demands"": 6}, {""healthy"": true, ""running"": true, ""pending"": false, ""onsite"": false, ""prep"": 3, ""min_up"": 0, ""min_down"": 0, ""repair_until"": 7428, ""runtime"": 8009, ""demands"": 3}, {""healthy"": true, ""running"": true, ""pending"": false, ""onsite"": false, ""prep"": 3, ""min_up"": 0, ""min_down"": 0, ""repair_until"": 2854, ""runtime"": 7929, ""demands"": 4}, {""healthy"": true, ""running"": true, ""pending"": false, ""onsite"": false, ""prep"": 3, ""min_up"": 0, ""min_down"": 0, ""repair_until"": 8367, ""runtime"": 3444, ""demands"": 8}], ""other_repair_until"": {""wind"": [-1000000000000000, 952, -1000000000000000, 8358, 7792], ""pv"": [5438, 5384, -1000000000000000], ""pcs"": [-1000000000000000, -1000000000000000, -1000000000000000, -1000000000000000]}}, ""energy_inventory_change_kwh"": 0.0, ""forecast_basis"": ""current_measurements_only"", ""dump_load_kw"": 0, ""repair_clock"": ""calendar_reference"", ""operating_cost_basis"": ""same_executed_policy""}",4005363.968166924,load_first_three_online,holdout,52,2026091702,"{""wind"": 5, ""pv"": 3, ""diesel"": 4, ""battery_energy"": 40, ""pcs"": 4}",True,0.0078125
,"holdout:(5, 3, 4, 40, 4):c1b16c40e93d24d01996b4bd81ccf0b9d616e7bef83b01e34c8697540ee6de0f:53",0.0,"{""shed_hours"": 0.0, ""longest_shed_hours"": 0.0, ""heater_kwh"": 67976.04269895787, ""diesel_kwh"": 1203651.6205810613, ""diesel_fuel_kg"": 267478.13790691266, ""battery_discharge_kwh"": 1261.5247003419163, ""battery_charge_kwh"": 1629.0349952762328, ""starts"": 25.0, ""start_failures"": 0.0, ""diesel_run_failures"": 20.0, ""diesel_online_hours"": 26203.0, ""wind_failures"": 8.0, ""pv_failures"": 2.0, ""pcs_failures"": 1.0, ""wind_protective_stop_hours"": 1073.0, ""wait_access_unit_hours"": 1.0, ""wait_crew_unit_hours"": 0.0, ""wait_prep_unit_hours"": 21.0, ""wait_heat_unit_hours"": 0.0, ""unserved_heater_command_kwh"": 0.0, ""max_balance_residual_kw"": 2.842170943040401e-14, ""max_soc_residual_kwh"": 1.1368683772161603e-13, ""initial_state"": {""energy_kwh"": 1700.0, ""temperatures_c"": [5.0, 5.0, 5.0, -0.4917950249892792], ""online"": 3, ""diesel_states"": [{""healthy"": true, ""running"": true, ""pending"": false, ""onsite"": false, ""prep"": 3, ""min_up"": 0, ""min_down"": 0, ""repair_until"": -1, ""runtime"": 333, ""demands"": 1}, {""healthy"": true, ""running"": true, ""pending"": false, ""onsite"": false, ""prep"": 3, ""min_up"": 0, ""min_down"": 0, ""repair_until"": -1, ""runtime"": 329, ""demands"": 1}, {""healthy"": true, ""running"": true, ""pending"": false, ""onsite"": false, ""prep"": 3, ""min_up"": 0, ""min_down"": 0, ""repair_until"": -1, ""runtime"": 325, ""demands"": 1}, {""healthy"": true, ""running"": false, ""pending"": false, ""onsite"": false, ""prep"": 0.0, ""min_up"": 0, ""min_down"": 0, ""repair_until"": -1, ""runtime"": 0, ""demands"": 0}]}, ""final_state"": {""energy_kwh"": 1700.0, ""temperatures_c"": [5.0, 5.0, 5.0, 5.0], ""online"": 2, ""diesel_states"": [{""healthy"": false, ""running"": false, ""pending"": false, ""onsite"": false, ""prep"": 0.0, ""min_up"": 0, ""min_down"": 3, ""repair_until"": 8792, ""runtime"": 8334, ""demands"": 6}, {""healthy"": true, ""running"": true, ""pending"": false, ""onsite"": false, ""prep"": 3, ""min_up"": 0, ""min_down"": 0, ""repair_until"": 8353, ""runtime"": 7832, ""demands"": 8}, {""healthy"": true, ""running"": false, ""pending"": false, ""onsite"": false, ""prep"": 3, ""min_up"": 0, ""min_down"": 0, ""repair_until"": 8474, ""runtime"": 6677, ""demands"": 7}, {""healthy"": true, ""running"": true, ""pending"": false, ""onsite"": false, ""prep"": 3, ""min_up"": 0, ""min_down"": 0, ""repair_until"": 8267, ""runtime"": 4347, ""demands"": 7}], ""other_repair_until"": {""wind"": [7257, 275, -1000000000000000, 4493, 5003], ""pv"": [-1000000000000000, 3555, 9426], ""pcs"": [2151, -1000000000000000, -1000000000000000, -1000000000000000]}}, ""energy_inventory_change_kwh"": 0.0, ""forecast_basis"": ""current_measurements_only"", ""dump_load_kw"": 0, ""repair_clock"": ""calendar_reference"", ""operating_cost_basis"": ""same_executed_policy""}",4012172.0686035277,load_first_three_online,holdout,53,2026091702,"{""wind"": 5, ""pv"": 3, ""diesel"": 4, ""battery_energy"": 40, ""pcs"": 4}",True,0.0078125
,"holdout:(5, 3, 4, 40, 4):c1b16c40e93d24d01996b4bd81ccf0b9d616e7bef83b01e34c8697540ee6de0f:54",0.0,"{""shed_hours"": 0.0, ""longest_shed_hours"": 0.0, ""heater_kwh"": 70967.61078027803, ""diesel_kwh"": 1207719.0227320737, ""diesel_fuel_kg"": 268382.0050515821, ""battery_discharge_kwh"": 813.6633334333347, ""battery_charge_kwh"": 1050.701618586432, ""starts"": 23.0, ""start_failures"": 0.0, ""diesel_run_failures"": 19.0, ""diesel_online_hours"": 26256.0, ""wind_failures"": 9.0, ""pv_failures"": 1.0, ""pcs_failures"": 2.0, ""wind_protective_stop_hours"": 1073.0, ""wait_access_unit_hours"": 1.0, ""wait_crew_unit_hours"": 0.0, ""wait_prep_unit_hours"": 12.0, ""wait_heat_unit_hours"": 0.0, ""unserved_heater_command_kwh"": 0.0, ""max_balance_residual_kw"": 2.842170943040401e-14, ""max_soc_residual_kwh"": 1.1368683772161603e-13, ""initial_state"": {""energy_kwh"": 1700.0, ""temperatures_c"": [5.0, 5.0, 5.0, 5.0], ""online"": 3, ""diesel_states"": [{""healthy"": true, ""running"": false, ""pending"": false, ""onsite"": false, ""prep"": 3, ""min_up"": 0, ""min_down"": 0, ""repair_until"": -66, ""runtime"": 266, ""demands"": 1}, {""healthy"": true, ""running"": true, ""pending"": false, ""onsite"": false, ""prep"": 3, ""min_up"": 0, ""min_down"": 0, ""repair_until"": -1, ""runtime"": 329, ""demands"": 1}, {""healthy"": true, ""running"": true, ""pending"": false, ""onsite"": false, ""prep"": 3, ""min_up"": 0, ""min_down"": 0, ""repair_until"": -1, ""runtime"": 325, ""demands"": 1}, {""healthy"": true, ""running"": true, ""pending"": false, ""onsite"": false, ""prep"": 3, ""min_up"": 0, ""min_down"": 0, ""repair_until"": -1, ""runtime"": 64, ""demands"": 1}]}, ""final_state"": {""energy_kwh"": 1700.0, ""temperatures_c"": [5.0, 5.0, 5.0, 5.0], ""online"": 3, ""diesel_states"": [{""healthy"": true, ""running"": true, ""pending"": false, ""onsite"": false, ""prep"": 3, ""min_up"": 0, ""min_down"": 0, ""repair_until"": 8607, ""runtime"": 7058, ""demands"": 7}, {""healthy"": true, ""running"": true, ""pending"": false, ""onsite"": false, ""prep"": 3, ""min_up"": 0, ""min_down"": 0, ""repair_until"": 8494, ""runtime"": 6548, ""demands"": 7}, {""healthy"": true, ""running"": false, ""pending"": false, ""onsite"": false, ""prep"": 3, ""min_up"": 0, ""min_down"": 0, ""repair_until"": 8685, ""runtime"": 7453, ""demands"": 5}, {""healthy"": true, ""running"": true, ""pending"": false, ""onsite"": false, ""prep"": 3, ""min_up"": 0, ""min_down"": 0, ""repair_until"": 7785, ""runtime"": 6181, ""demands"": 8}], ""other_repair_until"": {""wind"": [-1000000000000000, 3439, 5075, 4059, 8187], ""pv"": [-1000000000000000, 296, -1000000000000000], ""pcs"": [-1000000000000000, 6303, -1000000000000000, 497]}}, ""energy_inventory_change_kwh"": 0.0, ""forecast_basis"": ""current_measurements_only"", ""dump_load_kw"": 0, ""repair_clock"": ""calendar_reference"", ""operating_cost_basis"": ""same_executed_policy""}",4025730.0757735735,load_first_three_online,holdout,54,2026091702,"{""wind"": 5, ""pv"": 3, ""diesel"": 4, ""battery_energy"": 40, ""pcs"": 4}",True,0.0078125
,"holdout:(5, 3, 4, 40, 4):c1b16c40e93d24d01996b4bd81ccf0b9d616e7bef83b01e34c8697540ee6de0f:55",0.0,"{""shed_hours"": 0.0, ""longest_shed_hours"": 0.0, ""heater_kwh"": 70859.52048466477, ""diesel_kwh"": 1207720.8292567926, ""diesel_fuel_kg"": 268382.40650151955, ""battery_discharge_kwh"": 917.8066668333348, ""battery_charge_kwh"": 1185.1842288653572, ""starts"": 21.0, ""start_failures"": 0.0, ""diesel_run_failures"": 17.0, ""diesel_online_hours"": 26267.0, ""wind_failures"": 3.0, ""pv_failures"": 2.0, ""pcs_failures"": 0.0, ""wind_protective_stop_hours"": 1073.0, ""wait_access_unit_hours"": 7.0, ""wait_crew_unit_hours"": 0.0, ""wait_prep_unit_hours"": 15.0, ""wait_heat_unit_hours"": 0.0, ""unserved_heater_command_kwh"": 0.0, ""max_balance_residual_kw"": 2.842170943040401e-14, ""max_soc_residual_kwh"": 1.1368683772161603e-13, ""initial_state"": {""energy_kwh"": 1700.0, ""temperatures_c"": [5.0, 5.0, 5.0, -0.4917950249892792], ""online"": 3, ""diesel_states"": [{""healthy"": true, ""running"": true, ""pending"": false, ""onsite"": false, ""prep"": 3, ""min_up"": 0, ""min_down"": 0, ""repair_until"": -1, ""runtime"": 333, ""demands"": 1}, {""healthy"": true, ""running"": true, ""pending"": false, ""onsite"": false, ""prep"": 3, ""min_up"": 0, ""min_down"": 0, ""repair_until"": -1, ""runtime"": 329, ""demands"": 1}, {""healthy"": true, ""running"": true, ""pending"": false, ""onsite"": false, ""prep"": 3, ""min_up"": 0, ""min_down"": 0, ""repair_until"": -1, ""runtime"": 325, ""demands"": 1}, {""healthy"": true, ""running"": false, ""pending"": false, ""onsite"": false, ""prep"": 0.0, ""min_up"": 0, ""min_down"": 0, ""repair_until"": -1, ""runtime"": 0, ""demands"": 0}]}, ""final_state"": {""energy_kwh"": 1700.0, ""temperatures_c"": [5.0, 5.0, 5.0, 5.0], ""online"": 3, ""diesel_states"": [{""healthy"": true, ""running"": true, ""pending"": false, ""onsite"": false, ""prep"": 3, ""min_up"": 0, ""min_down"": 0, ""repair_until"": 5276, ""runtime"": 7143, ""demands"": 4}, {""healthy"": true, ""running"": true, ""pending"": false, ""onsite"": false, ""prep"": 3, ""min_up"": 0, ""min_down"": 0, ""repair_until"": 8366, ""runtime"": 6693, ""demands"": 6}, {""healthy"": true, ""running"": true, ""pending"": false, ""onsite"": false, ""prep"": 3, ""min_up"": 0, ""min_down"": 0, ""repair_until"": 7543, ""runtime"": 6359, ""demands"": 7}, {""healthy"": true, ""running"": false, ""pending"": false, ""onsite"": false, ""prep"": 3, ""min_up"": 0, ""min_down"": 0, ""repair_until"": 8601, ""runtime"": 7059, ""demands"": 7}], ""other_repair_until"": {""wind"": [-1000000000000000, -1000000000000000, 3990, -1000000000000000, 7334], ""pv"": [6099, -1000000000000000, -1000000000000000], ""pcs"": [-1000000000000000, -1000000000000000, -1000000000000000, -1000000000000000]}}, ""energy_inventory_change_kwh"": 0.0, ""forecast_basis"": ""current_measurements_only"", ""dump_load_kw"": 0, ""repair_clock"": ""calendar_reference"", ""operating_cost_basis"": ""same_executed_policy""}",4025736.0975226345,load_first_three_online,holdout,55,2026091702,"{""wind"": 5, ""pv"": 3, ""diesel"": 4, ""battery_energy"": 40, ""pcs"": 4}",True,0.0078125
,"holdout:(5, 3, 4, 40, 4):c1b16c40e93d24d01996b4bd81ccf0b9d616e7bef83b01e34c8697540ee6de0f:56",0.0,"{""shed_hours"": 0.0, ""longest_shed_hours"": 0.0, ""heater_kwh"": 70967.61078027803, ""diesel_kwh"": 1207827.9723236572, ""diesel_fuel_kg"": 268406.2160719348, ""battery_discharge_kwh"": 542.9950000333348, ""battery_charge_kwh"": 701.1815599603984, ""starts"": 16.0, ""start_failures"": 0.0, ""diesel_run_failures"": 11.0, ""diesel_online_hours"": 26274.0, ""wind_failures"": 9.0, ""pv_failures"": 2.0, ""pcs_failures"": 0.0, ""wind_protective_stop_hours"": 1073.0, ""wait_access_unit_hours"": 2.0, ""wait_crew_unit_hours"": 0.0, ""wait_prep_unit_hours"": 15.0, ""wait_heat_unit_hours"": 0.0, ""unserved_heater_command_kwh"": 0.0, ""max_balance_residual_kw"": 2.842170943040401e-14, ""max_soc_residual_kwh"": 1.1368683772161603e-13, ""initial_state"": {""energy_kwh"": 1700.0, ""temperatures_c"": [5.0, 5.0, 5.0, 5.0], ""online"": 3, ""diesel_states"": [{""healthy"": true, ""running"": true, ""pending"": false, ""onsite"": false, ""prep"": 3, ""min_up"": 0, ""min_down"": 0, ""repair_until"": -1, ""runtime"": 333, ""demands"": 1}, {""healthy"": true, ""running"": false, ""pending"": false, ""onsite"": false, ""prep"": 3, ""min_up"": 0, ""min_down"": 0, ""repair_until"": -44, ""runtime"": 226, ""demands"": 1}, {""healthy"": true, ""running"": true, ""pending"": false, ""onsite"": false, ""prep"": 3, ""min_up"": 0, ""min_down"": 0, ""repair_until"": -1, ""runtime"": 325, ""demands"": 1}, {""healthy"": true, ""running"": true, ""pending"": false, ""onsite"": false, ""prep"": 3, ""min_up"": 0, ""min_down"": 0, ""repair_until"": -1, ""runtime"": 100, ""demands"": 1}]}, ""final_state"": {""energy_kwh"": 1700.0, ""temperatures_c"": [5.0, 5.0, 5.0, 5.0], ""online"": 3, ""diesel_states"": [{""healthy"": true, ""running"": true, ""pending"": false, ""onsite"": false, ""prep"": 3, ""min_up"": 0, ""min_down"": 0, ""repair_until"": 7819, ""runtime"": 7630, ""demands"": 3}, {""healthy"": true, ""running"": true, ""pending"": false, ""onsite"": false, ""prep"": 3, ""min_up"": 0, ""min_down"": 0, ""repair_until"": 4827, ""runtime"": 7715, ""demands"": 5}, {""healthy"": true, ""running"": false, ""pending"": false, ""onsite"": false, ""prep"": 3, ""min_up"": 0, ""min_down"": 0, ""repair_until"": 8703, ""runtime"": 4991, ""demands"": 5}, {""healthy"": true, ""running"": true, ""pending"": false, ""onsite"": false, ""prep"": 3, ""min_up"": 0, ""min_down"": 0, ""repair_until"": 8681, ""runtime"": 6922, ""demands"": 7}], ""other_repair_until"": {""wind"": [5245, -1000000000000000, 7212, -1000000000000000, 5491], ""pv"": [615, 9351, -1000000000000000], ""pcs"": [-1000000000000000, -1000000000000000, -1000000000000000, -1000000000000000]}}, ""energy_inventory_change_kwh"": 0.0, ""forecast_basis"": ""current_measurements_only"", ""dump_load_kw"": 0, ""repair_clock"": ""calendar_reference"", ""operating_cost_basis"": ""same_executed_policy""}",4026093.241078851,load_first_three_online,holdout,56,2026091702,"{""wind"": 5, ""pv"": 3, ""diesel"": 4, ""battery_energy"": 40, ""pcs"": 4}",True,0.0078125
,"holdout:(5, 3, 4, 40, 4):c1b16c40e93d24d01996b4bd81ccf0b9d616e7bef83b01e34c8697540ee6de0f:57",0.0,"{""shed_hours"": 0.0, ""longest_shed_hours"": 0.0, ""heater_kwh"": 70967.61078027803, ""diesel_kwh"": 1200545.2374038668, ""diesel_fuel_kg"": 266787.83053420216, ""battery_discharge_kwh"": 4661.382222322224, ""battery_charge_kwh"": 6019.346877998735, ""starts"": 28.0, ""start_failures"": 0.0, ""diesel_run_failures"": 19.0, ""diesel_online_hours"": 26177.0, ""wind_failures"": 5.0, ""pv_failures"": 3.0, ""pcs_failures"": 0.0, ""wind_protective_stop_hours"": 1073.0, ""wait_access_unit_hours"": 14.0, ""wait_crew_unit_hours"": 0.0, ""wait_prep_unit_hours"": 27.0, ""wait_heat_unit_hours"": 0.0, ""unserved_heater_command_kwh"": 0.0, ""max_balance_residual_kw"": 2.842170943040401e-14, ""max_soc_residual_kwh"": 1.1368683772161603e-13, ""initial_state"": {""energy_kwh"": 1700.0, ""temperatures_c"": [5.0, 5.0, 5.0, 5.0], ""online"": 3, ""diesel_states"": [{""healthy"": false, ""running"": false, ""pending"": false, ""onsite"": false, ""prep"": 0.0, ""min_up"": 0, ""min_down"": 0, ""repair_until"": 21, ""runtime"": 305, ""demands"": 1}, {""healthy"": true, ""running"": true, ""pending"": false, ""onsite"": false, ""prep"": 3, ""min_up"": 0, ""min_down"": 0, ""repair_until"": -1, ""runtime"": 329, ""demands"": 1}, {""healthy"": true, ""running"": true, ""pending"": false, ""onsite"": false, ""prep"": 3, ""min_up"": 0, ""min_down"": 0, ""repair_until"": -1, ""runtime"": 325, ""demands"": 1}, {""healthy"": true, ""running"": true, ""pending"": false, ""onsite"": false, ""prep"": 3, ""min_up"": 0, ""min_down"": 0, ""repair_until"": -1, ""runtime"": 25, ""demands"": 1}]}, ""final_state"": {""energy_kwh"": 1700.0, ""temperatures_c"": [5.0, 5.0, 5.0, 5.0], ""online"": 3, ""diesel_states"": [{""healthy"": true, ""running"": false, ""pending"": false, ""onsite"": false, ""prep"": 3, ""min_up"": 0, ""min_down"": 0, ""repair_until"": 8525, ""runtime"": 6623, ""demands"": 6}, {""healthy"": true, ""running"": true, ""pending"": false, ""onsite"": false, ""prep"": 3, ""min_up"": 0, ""min_down"": 0, ""repair_until"": 6682, ""runtime"": 7502, ""demands"": 5}, {""healthy"": true, ""running"": true, ""pending"": false, ""onsite"": false, ""prep"": 3, ""min_up"": 0, ""min_down"": 0, ""repair_until"": 7494, ""runtime"": 6069, ""demands"": 10}, {""healthy"": true, ""running"": true, ""pending"": false, ""onsite"": false, ""prep"": 3, ""min_up"": 0, ""min_down"": 0, ""repair_until"": 6163, ""runtime"": 6967, ""demands"": 11}], ""other_repair_until"": {""wind"": [-1000000000000000, 6847, -1000000000000000, 7652, 7290], ""pv"": [862, 4387, -1000000000000000], ""pcs"": [-1000000000000000, -1000000000000000, -1000000000000000, -1000000000000000]}}, ""energy_inventory_change_kwh"": 0.0, ""forecast_basis"": ""current_measurements_only"", ""dump_load_kw"": 0, ""repair_clock"": ""calendar_reference"", ""operating_cost_basis"": ""same_executed_policy""}",4001817.458012878,load_first_three_online,holdout,57,2026091702,"{""wind"": 5, ""pv"": 3, ""diesel"": 4, ""battery_energy"": 40, ""pcs"": 4}",True,0.0078125
,"holdout:(5, 3, 4, 40, 4):c1b16c40e93d24d01996b4bd81ccf0b9d616e7bef83b01e34c8697540ee6de0f:58",0.0,"{""shed_hours"": 0.0, ""longest_shed_hours"": 0.0, ""heater_kwh"": 70877.98933919352, ""diesel_kwh"": 1208485.6091961057, ""diesel_fuel_kg"": 268552.3575991446, ""battery_discharge_kwh"": 2106.348333200002, ""battery_charge_kwh"": 2719.974603822314, ""starts"": 30.0, ""start_failures"": 0.0, ""diesel_run_failures"": 25.0, ""diesel_online_hours"": 26201.0, ""wind_failures"": 6.0, ""pv_failures"": 5.0, ""pcs_failures"": 0.0, ""wind_protective_stop_hours"": 1073.0, ""wait_access_unit_hours"": 4.0, ""wait_crew_unit_hours"": 0.0, ""wait_prep_unit_hours"": 18.0, ""wait_heat_unit_hours"": 0.0, ""unserved_heater_command_kwh"": 0.0, ""max_balance_residual_kw"": 2.842170943040401e-14, ""max_soc_residual_kwh"": 1.1368683772161603e-13, ""initial_state"": {""energy_kwh"": 1700.0, ""temperatures_c"": [5.0, 5.0, 5.0, -0.4917950249892792], ""online"": 3, ""diesel_states"": [{""healthy"": true, ""running"": true, ""pending"": false, ""onsite"": false, ""prep"": 3, ""min_up"": 0, ""min_down"": 0, ""repair_until"": -1, ""runtime"": 333, ""demands"": 1}, {""healthy"": true, ""running"": true, ""pending"": false, ""onsite"": false, ""prep"": 3, ""min_up"": 0, ""min_down"": 0, ""repair_until"": -1, ""runtime"": 329, ""demands"": 1}, {""healthy"": true, ""running"": true, ""pending"": false, ""onsite"": false, ""prep"": 3, ""min_up"": 0, ""min_down"": 0, ""repair_until"": -1, ""runtime"": 325, ""demands"": 1}, {""healthy"": true, ""running"": false, ""pending"": false, ""onsite"": false, ""prep"": 0.0, ""min_up"": 0, ""min_down"": 0, ""repair_until"": -1, ""runtime"": 0, ""demands"": 0}]}, ""final_state"": {""energy_kwh"": 1700.0, ""temperatures_c"": [5.0, 5.0, 5.0, 5.0], ""online"": 3, ""diesel_states"": [{""healthy"": true, ""running"": true, ""pending"": false, ""onsite"": false, ""prep"": 3, ""min_up"": 0, ""min_down"": 0, ""repair_until"": 8088, ""runtime"": 4905, ""demands"": 8}, {""healthy"": false, ""running"": false, ""pending"": false, ""onsite"": false, ""prep"": 0.0, ""min_up"": 0, ""min_down"": 0, ""repair_until"": 8768, ""runtime"": 8431, ""demands"": 6}, {""healthy"": true, ""running"": true, ""pending"": false, ""onsite"": false, ""prep"": 3, ""min_up"": 0, ""min_down"": 0, ""repair_until"": 8425, ""runtime"": 7233, ""demands"": 9}, {""healthy"": true, ""running"": true, ""pending"": false, ""onsite"": false, ""prep"": 3, ""min_up"": 0, ""min_down"": 0, ""repair_until"": 8356, ""runtime"": 6619, ""demands"": 10}], ""other_repair_until"": {""wind"": [707, 8815, 8113, 6474, 6199], ""pv"": [-1000000000000000, 3958, 6963], ""pcs"": [-1000000000000000, -1000000000000000, -1000000000000000, -1000000000000000]}}, ""energy_inventory_change_kwh"": 0.0, ""forecast_basis"": ""current_measurements_only"", ""dump_load_kw"": 0, ""repair_clock"": ""calendar_reference"", ""operating_cost_basis"": ""same_executed_policy""}",4028285.3639870114,load_first_three_online,holdout,58,2026091702,"{""wind"": 5, ""pv"": 3, ""diesel"": 4, ""battery_energy"": 40, ""pcs"": 4}",True,0.0078125
,"holdout:(5, 3, 4, 40, 4):c1b16c40e93d24d01996b4bd81ccf0b9d616e7bef83b01e34c8697540ee6de0f:59",0.0,"{""shed_hours"": 0.0, ""longest_shed_hours"": 0.0, ""heater_kwh"": 70795.0648876063, ""diesel_kwh"": 1207022.4738536824, ""diesel_fuel_kg"": 268227.2164119399, ""battery_discharge_kwh"": 805.0716667666682, ""battery_charge_kwh"": 1039.6070077048896, ""starts"": 21.0, ""start_failures"": 0.0, ""diesel_run_failures"": 14.0, ""diesel_online_hours"": 26271.0, ""wind_failures"": 6.0, ""pv_failures"": 0.0, ""pcs_failures"": 0.0, ""wind_protective_stop_hours"": 1073.0, ""wait_access_unit_hours"": 5.0, ""wait_crew_unit_hours"": 0.0, ""wait_prep_unit_hours"": 24.0, ""wait_heat_unit_hours"": 0.0, ""unserved_heater_command_kwh"": 0.0, ""max_balance_residual_kw"": 2.842170943040401e-14, ""max_soc_residual_kwh"": 1.1368683772161603e-13, ""initial_state"": {""energy_kwh"": 1700.0, ""temperatures_c"": [5.0, 5.0, 5.0, -0.4917950249892792], ""online"": 3, ""diesel_states"": [{""healthy"": true, ""running"": true, ""pending"": false, ""onsite"": false, ""prep"": 3, ""min_up"": 0, ""min_down"": 0, ""repair_until"": -1, ""runtime"": 333, ""demands"": 1}, {""healthy"": true, ""running"": true, ""pending"": false, ""onsite"": false, ""prep"": 3, ""min_up"": 0, ""min_down"": 0, ""repair_until"": -1, ""runtime"": 329, ""demands"": 1}, {""healthy"": true, ""running"": true, ""pending"": false, ""onsite"": false, ""prep"": 3, ""min_up"": 0, ""min_down"": 0, ""repair_until"": -1, ""runtime"": 325, ""demands"": 1}, {""healthy"": true, ""running"": false, ""pending"": false, ""onsite"": false, ""prep"": 0.0, ""min_up"": 0, ""min_down"": 0, ""repair_until"": -1, ""runtime"": 0, ""demands"": 0}]}, ""final_state"": {""energy_kwh"": 1700.0, ""temperatures_c"": [5.0, 5.0, 5.0, 5.0], ""online"": 3, ""diesel_states"": [{""healthy"": true, ""running"": true, ""pending"": false, ""onsite"": false, ""prep"": 3, ""min_up"": 0, ""min_down"": 0, ""repair_until"": 5703, ""runtime"": 8110, ""demands"": 4}, {""healthy"": true, ""running"": false, ""pending"": false, ""onsite"": false, ""prep"": 3, ""min_up"": 0, ""min_down"": 0, ""repair_until"": 8318, ""runtime"": 6553, ""demands"": 6}, {""healthy"": true, ""running"": true, ""pending"": false, ""onsite"": false, ""prep"": 3, ""min_up"": 0, ""min_down"": 0, ""repair_until"": 7923, ""runtime"": 6806, ""demands"": 6}, {""healthy"": true, ""running"": true, ""pending"": false, ""onsite"": false, ""prep"": 3, ""min_up"": 0, ""min_down"": 0, ""repair_until"": 6886, ""runtime"": 5789, ""demands"": 8}], ""other_repair_until"": {""wind"": [6151, 2272, 5140, 3749, 2999], ""pv"": [-1000000000000000, -1000000000000000, -1000000000000000], ""pcs"": [-1000000000000000, -1000000000000000, -1000000000000000, -1000000000000000]}}, ""energy_inventory_change_kwh"": 0.0, ""forecast_basis"": ""current_measurements_only"", ""dump_load_kw"": 0, ""repair_clock"": ""calendar_reference"", ""operating_cost_basis"": ""same_executed_policy""}",4023408.246178941,load_first_three_online,holdout,59,2026091702,"{""wind"": 5, ""pv"": 3, ""diesel"": 4, ""battery_energy"": 40, ""pcs"": 4}",True,0.0078125
,"holdout:(5, 3, 4, 40, 4):c1b16c40e93d24d01996b4bd81ccf0b9d616e7bef83b01e34c8697540ee6de0f:60",0.0,"{""shed_hours"": 0.0, ""longest_shed_hours"": 0.0, ""heater_kwh"": 70750.18000090175, ""diesel_kwh"": 1202379.8947654471, ""diesel_fuel_kg"": 267195.53217010974, ""battery_discharge_kwh"": 340.6061111444461, ""battery_charge_kwh"": 439.83227162247385, ""starts"": 21.0, ""start_failures"": 0.0, ""diesel_run_failures"": 15.0, ""diesel_online_hours"": 26273.0, ""wind_failures"": 5.0, ""pv_failures"": 2.0, ""pcs_failures"": 0.0, ""wind_protective_stop_hours"": 1073.0, ""wait_access_unit_hours"": 1.0, ""wait_crew_unit_hours"": 0.0, ""wait_prep_unit_hours"": 21.0, ""wait_heat_unit_hours"": 0.0, ""unserved_heater_command_kwh"": 0.0, ""max_balance_residual_kw"": 2.842170943040401e-14, ""max_soc_residual_kwh"": 1.1368683772161603e-13, ""initial_state"": {""energy_kwh"": 1700.0, ""temperatures_c"": [5.0, 5.0, 5.0, -0.4917950249892792], ""online"": 3, ""diesel_states"": [{""healthy"": true, ""running"": true, ""pending"": false, ""onsite"": false, ""prep"": 3, ""min_up"": 0, ""min_down"": 0, ""repair_until"": -1, ""runtime"": 333, ""demands"": 1}, {""healthy"": true, ""running"": true, ""pending"": false, ""onsite"": false, ""prep"": 3, ""min_up"": 0, ""min_down"": 0, ""repair_until"": -1, ""runtime"": 329, ""demands"": 1}, {""healthy"": true, ""running"": true, ""pending"": false, ""onsite"": false, ""prep"": 3, ""min_up"": 0, ""min_down"": 0, ""repair_until"": -1, ""runtime"": 325, ""demands"": 1}, {""healthy"": true, ""running"": false, ""pending"": false, ""onsite"": false, ""prep"": 0.0, ""min_up"": 0, ""min_down"": 0, ""repair_until"": -1, ""runtime"": 0, ""demands"": 0}]}, ""final_state"": {""energy_kwh"": 1700.0, ""temperatures_c"": [5.0, 5.0, 5.0, 5.0], ""online"": 3, ""diesel_states"": [{""healthy"": true, ""running"": true, ""pending"": false, ""onsite"": false, ""prep"": 3, ""min_up"": 0, ""min_down"": 0, ""repair_until"": 7016, ""runtime"": 9036, ""demands"": 2}, {""healthy"": true, ""running"": false, ""pending"": false, ""onsite"": false, ""prep"": 3, ""min_up"": 0, ""min_down"": 0, ""repair_until"": 7918, ""runtime"": 6138, ""demands"": 7}, {""healthy"": true, ""running"": true, ""pending"": false, ""onsite"": false, ""prep"": 3, ""min_up"": 0, ""min_down"": 0, ""repair_until"": 6797, ""runtime"": 7621, ""demands"": 6}, {""healthy"": true, ""running"": true, ""pending"": false, ""onsite"": false, ""prep"": 3, ""min_up"": 0, ""min_down"": 0, ""repair_until"": 7815, ""runtime"": 4465, ""demands"": 9}], ""other_repair_until"": {""wind"": [7195, -1000000000000000, 3087, -1000000000000000, 7432], ""pv"": [2614, 5650, -1000000000000000], ""pcs"": [-1000000000000000, -1000000000000000, -1000000000000000, -1000000000000000]}}, ""energy_inventory_change_kwh"": 0.0, ""forecast_basis"": ""current_measurements_only"", ""dump_load_kw"": 0, ""repair_clock"": ""calendar_reference"", ""operating_cost_basis"": ""same_executed_policy""}",4007932.9825514853,load_first_three_online,holdout,60,2026091702,"{""wind"": 5, ""pv"": 3, ""diesel"": 4, ""battery_energy"": 40, ""pcs"": 4}",True,0.0078125
,"holdout:(5, 3, 4, 40, 4):c1b16c40e93d24d01996b4bd81ccf0b9d616e7bef83b01e34c8697540ee6de0f:61",0.0,"{""shed_hours"": 0.0, ""longest_shed_hours"": 0.0, ""heater_kwh"": 70967.61078027803, ""diesel_kwh"": 1208285.5190563886, ""diesel_fuel_kg"": 268507.893123653, ""battery_discharge_kwh"": 327.95833343333504, ""battery_charge_kwh"": 423.4999140409769, ""starts"": 19.0, ""start_failures"": 0.0, ""diesel_run_failures"": 14.0, ""diesel_online_hours"": 26254.0, ""wind_failures"": 7.0, ""pv_failures"": 4.0, ""pcs_failures"": 0.0, ""wind_protective_stop_hours"": 1073.0, ""wait_access_unit_hours"": 1.0, ""wait_crew_unit_hours"": 0.0, ""wait_prep_unit_hours"": 15.0, ""wait_heat_unit_hours"": 0.0, ""unserved_heater_command_kwh"": 0.0, ""max_balance_residual_kw"": 2.842170943040401e-14, ""max_soc_residual_kwh"": 1.1368683772161603e-13, ""initial_state"": {""energy_kwh"": 1700.0, ""temperatures_c"": [5.0, 5.0, 5.0, 5.0], ""online"": 3, ""diesel_states"": [{""healthy"": true, ""running"": true, ""pending"": false, ""onsite"": false, ""prep"": 3, ""min_up"": 0, ""min_down"": 0, ""repair_until"": -1, ""runtime"": 333, ""demands"": 1}, {""healthy"": true, ""running"": false, ""pending"": false, ""onsite"": false, ""prep"": 3, ""min_up"": 0, ""min_down"": 0, ""repair_until"": -53, ""runtime"": 274, ""demands"": 1}, {""healthy"": true, ""running"": true, ""pending"": false, ""onsite"": false, ""prep"": 3, ""min_up"": 0, ""min_down"": 0, ""repair_until"": -1, ""runtime"": 325, ""demands"": 1}, {""healthy"": true, ""running"": true, ""pending"": false, ""onsite"": false, ""prep"": 3, ""min_up"": 0, ""min_down"": 0, ""repair_until"": -1, ""runtime"": 52, ""demands"": 1}]}, ""final_state"": {""energy_kwh"": 1700.0, ""temperatures_c"": [5.0, 5.0, 5.0, 5.0], ""online"": 3, ""diesel_states"": [{""healthy"": true, ""running"": true, ""pending"": false, ""onsite"": false, ""prep"": 3, ""min_up"": 0, ""min_down"": 0, ""repair_until"": 7173, ""runtime"": 5105, ""demands"": 7}, {""healthy"": true, ""running"": false, ""pending"": false, ""onsite"": false, ""prep"": 3, ""min_up"": 0, ""min_down"": 0, ""repair_until"": 8594, ""runtime"": 8286, ""demands"": 4}, {""healthy"": true, ""running"": true, ""pending"": false, ""onsite"": false, ""prep"": 3, ""min_up"": 0, ""min_down"": 0, ""repair_until"": 8308, ""runtime"": 7106, ""demands"": 6}, {""healthy"": true, ""running"": true, ""pending"": false, ""onsite"": false, ""prep"": 3, ""min_up"": 0, ""min_down"": 0, ""repair_until"": 6537, ""runtime"": 6741, ""demands"": 6}], ""other_repair_until"": {""wind"": [6804, 8530, 4130, 3620, 8609], ""pv"": [8900, 2710, 1247], ""pcs"": [-1000000000000000, -1000000000000000, -1000000000000000, -1000000000000000]}}, ""energy_inventory_change_kwh"": 0.0, ""forecast_basis"": ""current_measurements_only"", ""dump_load_kw"": 0, ""repair_clock"": ""calendar_reference"", ""operating_cost_basis"": ""same_executed_policy""}",4027618.3968546228,load_first_three_online,holdout,61,2026091702,"{""wind"": 5, ""pv"": 3, ""diesel"": 4, ""battery_energy"": 40, ""pcs"": 4}",True,0.0078125
,"holdout:(5, 3, 4, 40, 4):c1b16c40e93d24d01996b4bd81ccf0b9d616e7bef83b01e34c8697540ee6de0f:62",0.0,"{""shed_hours"": 0.0, ""longest_shed_hours"": 0.0, ""heater_kwh"": 70361.52817188189, ""diesel_kwh"": 1200899.496157143, ""diesel_fuel_kg"": 266866.5547015977, ""battery_discharge_kwh"": 960.6194444444458, ""battery_charge_kwh"": 1240.4693239210271, ""starts"": 26.0, ""start_failures"": 0.0, ""diesel_run_failures"": 19.0, ""diesel_online_hours"": 26241.0, ""wind_failures"": 4.0, ""pv_failures"": 0.0, ""pcs_failures"": 1.0, ""wind_protective_stop_hours"": 1073.0, ""wait_access_unit_hours"": 5.0, ""wait_crew_unit_hours"": 0.0, ""wait_prep_unit_hours"": 24.0, ""wait_heat_unit_hours"": 0.0, ""unserved_heater_command_kwh"": 0.0, ""max_balance_residual_kw"": 2.842170943040401e-14, ""max_soc_residual_kwh"": 1.1368683772161603e-13, ""initial_state"": {""energy_kwh"": 1700.0, ""temperatures_c"": [5.0, 5.0, 5.0, -0.4917950249892792], ""online"": 3, ""diesel_states"": [{""healthy"": true, ""running"": true, ""pending"": false, ""onsite"": false, ""prep"": 3, ""min_up"": 0, ""min_down"": 0, ""repair_until"": -1, ""runtime"": 333, ""demands"": 1}, {""healthy"": true, ""running"": true, ""pending"": false, ""onsite"": false, ""prep"": 3, ""min_up"": 0, ""min_down"": 0, ""repair_until"": -1, ""runtime"": 329, ""demands"": 1}, {""healthy"": true, ""running"": true, ""pending"": false, ""onsite"": false, ""prep"": 3, ""min_up"": 0, ""min_down"": 0, ""repair_until"": -1, ""runtime"": 325, ""demands"": 1}, {""healthy"": true, ""running"": false, ""pending"": false, ""onsite"": false, ""prep"": 0.0, ""min_up"": 0, ""min_down"": 0, ""repair_until"": -1, ""runtime"": 0, ""demands"": 0}]}, ""final_state"": {""energy_kwh"": 1700.0, ""temperatures_c"": [5.0, 5.0, 5.0, 5.0], ""online"": 3, ""diesel_states"": [{""healthy"": true, ""running"": false, ""pending"": false, ""onsite"": false, ""prep"": 3, ""min_up"": 0, ""min_down"": 0, ""repair_until"": 8512, ""runtime"": 6605, ""demands"": 7}, {""healthy"": true, ""running"": true, ""pending"": false, ""onsite"": false, ""prep"": 3, ""min_up"": 0, ""min_down"": 0, ""repair_until"": 6274, ""runtime"": 7681, ""demands"": 6}, {""healthy"": true, ""running"": true, ""pending"": false, ""onsite"": false, ""prep"": 3, ""min_up"": 0, ""min_down"": 0, ""repair_until"": 8383, ""runtime"": 7037, ""demands"": 8}, {""healthy"": true, ""running"": true, ""pending"": false, ""onsite"": false, ""prep"": 3, ""min_up"": 0, ""min_down"": 0, ""repair_until"": 6136, ""runtime"": 5905, ""demands"": 8}], ""other_repair_until"": {""wind"": [-1000000000000000, 535, -1000000000000000, 6681, 4063], ""pv"": [-1000000000000000, -1000000000000000, -1000000000000000], ""pcs"": [-1000000000000000, -1000000000000000, -1000000000000000, 1842]}}, ""energy_inventory_change_kwh"": 0.0, ""forecast_basis"": ""current_measurements_only"", ""dump_load_kw"": 0, ""repair_clock"": ""calendar_reference"", ""operating_cost_basis"": ""same_executed_policy""}",4002998.320523803,load_first_three_online,holdout,62,2026091702,"{""wind"": 5, ""pv"": 3, ""diesel"": 4, ""battery_energy"": 40, ""pcs"": 4}",True,0.0078125
,"holdout:(5, 3, 4, 40, 4):c1b16c40e93d24d01996b4bd81ccf0b9d616e7bef83b01e34c8697540ee6de0f:63",75.40467452786115,"{""shed_hours"": 4.0, ""longest_shed_hours"": 2, ""heater_kwh"": 70943.794812474, ""diesel_kwh"": 1208891.971784543, ""diesel_fuel_kg"": 268642.6603965747, ""battery_discharge_kwh"": 1559.8725478610286, ""battery_charge_kwh"": 2014.298228126325, ""starts"": 25.0, ""start_failures"": 0.0, ""diesel_run_failures"": 20.0, ""diesel_online_hours"": 26248.0, ""wind_failures"": 10.0, ""pv_failures"": 3.0, ""pcs_failures"": 0.0, ""wind_protective_stop_hours"": 1073.0, ""wait_access_unit_hours"": 1.0, ""wait_crew_unit_hours"": 0.0, ""wait_prep_unit_hours"": 18.0, ""wait_heat_unit_hours"": 2.0, ""unserved_heater_command_kwh"": 134.9312593042241, ""max_balance_residual_kw"": 2.842170943040401e-14, ""max_soc_residual_kwh"": 1.1368683772161603e-13, ""initial_state"": {""energy_kwh"": 1700.0, ""temperatures_c"": [5.0, 5.0, 5.0, -0.4917950249892792], ""online"": 3, ""diesel_states"": [{""healthy"": true, ""running"": true, ""pending"": false, ""onsite"": false, ""prep"": 3, ""min_up"": 0, ""min_down"": 0, ""repair_until"": -1, ""runtime"": 333, ""demands"": 1}, {""healthy"": true, ""running"": true, ""pending"": false, ""onsite"": false, ""prep"": 3, ""min_up"": 0, ""min_down"": 0, ""repair_until"": -1, ""runtime"": 329, ""demands"": 1}, {""healthy"": true, ""running"": true, ""pending"": false, ""onsite"": false, ""prep"": 3, ""min_up"": 0, ""min_down"": 0, ""repair_until"": -1, ""runtime"": 325, ""demands"": 1}, {""healthy"": true, ""running"": false, ""pending"": false, ""onsite"": false, ""prep"": 0.0, ""min_up"": 0, ""min_down"": 0, ""repair_until"": -1, ""runtime"": 0, ""demands"": 0}]}, ""final_state"": {""energy_kwh"": 1700.0, ""temperatures_c"": [5.0, 5.0, 5.0, 5.0], ""online"": 3, ""diesel_states"": [{""healthy"": true, ""running"": false, ""pending"": false, ""onsite"": false, ""prep"": 3, ""min_up"": 0, ""min_down"": 0, ""repair_until"": 8732, ""runtime"": 8042, ""demands"": 5}, {""healthy"": true, ""running"": true, ""pending"": false, ""onsite"": false, ""prep"": 3, ""min_up"": 0, ""min_down"": 0, ""repair_until"": 8658, ""runtime"": 8062, ""demands"": 5}, {""healthy"": true, ""running"": true, ""pending"": false, ""onsite"": false, ""prep"": 3, ""min_up"": 0, ""min_down"": 0, ""repair_until"": 8030, ""runtime"": 7526, ""demands"": 8}, {""healthy"": true, ""running"": true, ""pending"": false, ""onsite"": false, ""prep"": 3, ""min_up"": 0, ""min_down"": 0, ""repair_until"": 7876, ""runtime"": 3605, ""demands"": 10}], ""other_repair_until"": {""wind"": [2008, 4102, 7812, 6764, 6112], ""pv"": [1327, 9206, 8456], ""pcs"": [-1000000000000000, -1000000000000000, -1000000000000000, -1000000000000000]}}, ""energy_inventory_change_kwh"": 0.0, ""forecast_basis"": ""current_measurements_only"", ""dump_load_kw"": 0, ""repair_clock"": ""calendar_reference"", ""operating_cost_basis"": ""same_executed_policy""}",4029639.9059484736,load_first_three_online,holdout,63,2026091702,"{""wind"": 5, ""pv"": 3, ""diesel"": 4, ""battery_energy"": 40, ""pcs"": 4}",True,0.0078125
,"holdout:(5, 3, 4, 40, 4):c1b16c40e93d24d01996b4bd81ccf0b9d616e7bef83b01e34c8697540ee6de0f:64",0.0,"{""shed_hours"": 0.0, ""longest_shed_hours"": 0.0, ""heater_kwh"": 70829.75109655867, ""diesel_kwh"": 1206457.271599373, ""diesel_fuel_kg"": 268101.61591098126, ""battery_discharge_kwh"": 1737.9677777777797, ""battery_charge_kwh"": 2244.276572543616, ""starts"": 30.0, ""start_failures"": 0.0, ""diesel_run_failures"": 24.0, ""diesel_online_hours"": 26252.0, ""wind_failures"": 4.0, ""pv_failures"": 4.0, ""pcs_failures"": 1.0, ""wind_protective_stop_hours"": 1073.0, ""wait_access_unit_hours"": 1.0, ""wait_crew_unit_hours"": 2.0, ""wait_prep_unit_hours"": 21.0, ""wait_heat_unit_hours"": 0.0, ""unserved_heater_command_kwh"": 0.0, ""max_balance_residual_kw"": 2.842170943040401e-14, ""max_soc_residual_kwh"": 1.1368683772161603e-13, ""initial_state"": {""energy_kwh"": 1700.0, ""temperatures_c"": [5.0, 5.0, 5.0, -0.4917950249892792], ""online"": 3, ""diesel_states"": [{""healthy"": true, ""running"": true, ""pending"": false, ""onsite"": false, ""prep"": 3, ""min_up"": 0, ""min_down"": 0, ""repair_until"": -1, ""runtime"": 333, ""demands"": 1}, {""healthy"": true, ""running"": true, ""pending"": false, ""onsite"": false, ""prep"": 3, ""min_up"": 0, ""min_down"": 0, ""repair_until"": -1, ""runtime"": 329, ""demands"": 1}, {""healthy"": true, ""running"": true, ""pending"": false, ""onsite"": false, ""prep"": 3, ""min_up"": 0, ""min_down"": 0, ""repair_until"": -1, ""runtime"": 325, ""demands"": 1}, {""healthy"": true, ""running"": false, ""pending"": false, ""onsite"": false, ""prep"": 0.0, ""min_up"": 0, ""min_down"": 0, ""repair_until"": -1, ""runtime"": 0, ""demands"": 0}]}, ""final_state"": {""energy_kwh"": 1700.0, ""temperatures_c"": [5.0, 5.0, 5.0, 5.0], ""online"": 3, ""diesel_states"": [{""healthy"": true, ""running"": true, ""pending"": false, ""onsite"": false, ""prep"": 3, ""min_up"": 0, ""min_down"": 0, ""repair_until"": 7314, ""runtime"": 8350, ""demands"": 7}, {""healthy"": true, ""running"": true, ""pending"": false, ""onsite"": false, ""prep"": 3, ""min_up"": 0, ""min_down"": 0, ""repair_until"": 6363, ""runtime"": 8094, ""demands"": 7}, {""healthy"": true, ""running"": true, ""pending"": false, ""onsite"": false, ""prep"": 3, ""min_up"": 0, ""min_down"": 0, ""repair_until"": 7522, ""runtime"": 5701, ""demands"": 10}, {""healthy"": true, ""running"": false, ""pending"": false, ""onsite"": false, ""prep"": 3, ""min_up"": 0, ""min_down"": 0, ""repair_until"": 7879, ""runtime"": 5094, ""demands"": 9}], ""other_repair_until"": {""wind"": [-1000000000000000, -1000000000000000, 7759, 7853, 2488], ""pv"": [7628, 7688, 6451], ""pcs"": [-1000000000000000, -1000000000000000, -1000000000000000, 1848]}}, ""energy_inventory_change_kwh"": 0.0, ""forecast_basis"": ""current_measurements_only"", ""dump_load_kw"": 0, ""repair_clock"": ""calendar_reference"", ""operating_cost_basis"": ""same_executed_policy""}",4021524.2386645693,load_first_three_online,holdout,64,2026091702,"{""wind"": 5, ""pv"": 3, ""diesel"": 4, ""battery_energy"": 40, ""pcs"": 4}",True,0.0078125
,"holdout:(5, 3, 4, 40, 4):c1b16c40e93d24d01996b4bd81ccf0b9d616e7bef83b01e34c8697540ee6de0f:65",0.0,"{""shed_hours"": 0.0, ""longest_shed_hours"": 0.0, ""heater_kwh"": 70967.61078027803, ""diesel_kwh"": 1207021.7174076866, ""diesel_fuel_kg"": 268227.04831283, ""battery_discharge_kwh"": 365.02333343333476, ""battery_charge_kwh"": 471.36277561122586, ""starts"": 15.0, ""start_failures"": 0.0, ""diesel_run_failures"": 9.0, ""diesel_online_hours"": 26278.0, ""wind_failures"": 9.0, ""pv_failures"": 2.0, ""pcs_failures"": 0.0, ""wind_protective_stop_hours"": 1073.0, ""wait_access_unit_hours"": 1.0, ""wait_crew_unit_hours"": 0.0, ""wait_prep_unit_hours"": 17.0, ""wait_heat_unit_hours"": 0.0, ""unserved_heater_command_kwh"": 0.0, ""max_balance_residual_kw"": 2.842170943040401e-14, ""max_soc_residual_kwh"": 1.1368683772161603e-13, ""initial_state"": {""energy_kwh"": 1700.0, ""temperatures_c"": [5.0, 5.0, 5.0, 4.999999999999997], ""online"": 2, ""diesel_states"": [{""healthy"": false, ""running"": false, ""pending"": false, ""onsite"": false, ""prep"": 0.0, ""min_up"": 0, ""min_down"": 2, ""repair_until"": 15, ""runtime"": 332, ""demands"": 1}, {""healthy"": true, ""running"": true, ""pending"": false, ""onsite"": false, ""prep"": 3, ""min_up"": 0, ""min_down"": 0, ""repair_until"": -1, ""runtime"": 329, ""demands"": 1}, {""healthy"": true, ""running"": true, ""pending"": false, ""onsite"": false, ""prep"": 3, ""min_up"": 0, ""min_down"": 0, ""repair_until"": -1, ""runtime"": 325, ""demands"": 1}, {""healthy"": true, ""running"": false, ""pending"": true, ""onsite"": true, ""prep"": 1.0, ""min_up"": 0, ""min_down"": 0, ""repair_until"": -1, ""runtime"": 0, ""demands"": 0}]}, ""final_state"": {""energy_kwh"": 1700.0, ""temperatures_c"": [5.0, 5.0, 5.0, 5.0], ""online"": 3, ""diesel_states"": [{""healthy"": true, ""running"": true, ""pending"": false, ""onsite"": false, ""prep"": 3, ""min_up"": 0, ""min_down"": 0, ""repair_until"": 5986, ""runtime"": 7011, ""demands"": 3}, {""healthy"": true, ""running"": true, ""pending"": false, ""onsite"": false, ""prep"": 3, ""min_up"": 0, ""min_down"": 0, ""repair_until"": 4440, ""runtime"": 8853, ""demands"": 3}, {""healthy"": true, ""running"": false, ""pending"": false, ""onsite"": false, ""prep"": 3, ""min_up"": 0, ""min_down"": 0, ""repair_until"": 7222, ""runtime"": 4497, ""demands"": 6}, {""healthy"": true, ""running"": true, ""pending"": false, ""onsite"": false, ""prep"": 3, ""min_up"": 0, ""min_down"": 0, ""repair_until"": 6653, ""runtime"": 6903, ""demands"": 6}], ""other_repair_until"": {""wind"": [7414, -1000000000000000, 5244, 7943, 7267], ""pv"": [908, 5047, -1000000000000000], ""pcs"": [-1000000000000000, -1000000000000000, -1000000000000000, -1000000000000000]}}, ""energy_inventory_change_kwh"": 0.0, ""forecast_basis"": ""current_measurements_only"", ""dump_load_kw"": 0, ""repair_clock"": ""calendar_reference"", ""operating_cost_basis"": ""same_executed_policy""}",4023405.7246922893,load_first_three_online,holdout,65,2026091702,"{""wind"": 5, ""pv"": 3, ""diesel"": 4, ""battery_energy"": 40, ""pcs"": 4}",True,0.0078125
,"holdout:(5, 3, 4, 40, 4):c1b16c40e93d24d01996b4bd81ccf0b9d616e7bef83b01e34c8697540ee6de0f:66",0.0,"{""shed_hours"": 0.0, ""longest_shed_hours"": 0.0, ""heater_kwh"": 70809.54426079015, ""diesel_kwh"": 1203702.8353143453, ""diesel_fuel_kg"": 267489.51895875373, ""battery_discharge_kwh"": 439.2766667333349, ""battery_charge_kwh"": 567.2477617940759, ""starts"": 18.0, ""start_failures"": 0.0, ""diesel_run_failures"": 13.0, ""diesel_online_hours"": 26276.0, ""wind_failures"": 8.0, ""pv_failures"": 0.0, ""pcs_failures"": 0.0, ""wind_protective_stop_hours"": 1073.0, ""wait_access_unit_hours"": 1.0, ""wait_crew_unit_hours"": 0.0, ""wait_prep_unit_hours"": 18.0, ""wait_heat_unit_hours"": 0.0, ""unserved_heater_command_kwh"": 0.0, ""max_balance_residual_kw"": 2.842170943040401e-14, ""max_soc_residual_kwh"": 1.1368683772161603e-13, ""initial_state"": {""energy_kwh"": 1700.0, ""temperatures_c"": [5.0, 5.0, 5.0, -0.4917950249892792], ""online"": 3, ""diesel_states"": [{""healthy"": true, ""running"": true, ""pending"": false, ""onsite"": false, ""prep"": 3, ""min_up"": 0, ""min_down"": 0, ""repair_until"": -1, ""runtime"": 333, ""demands"": 1}, {""healthy"": true, ""running"": true, ""pending"": false, ""onsite"": false, ""prep"": 3, ""min_up"": 0, ""min_down"": 0, ""repair_until"": -1, ""runtime"": 329, ""demands"": 1}, {""healthy"": true, ""running"": true, ""pending"": false, ""onsite"": false, ""prep"": 3, ""min_up"": 0, ""min_down"": 0, ""repair_until"": -1, ""runtime"": 325, ""demands"": 1}, {""healthy"": true, ""running"": false, ""pending"": false, ""onsite"": false, ""prep"": 0.0, ""min_up"": 0, ""min_down"": 0, ""repair_until"": -1, ""runtime"": 0, ""demands"": 0}]}, ""final_state"": {""energy_kwh"": 1700.0, ""temperatures_c"": [5.0, 5.0, 5.0, 5.0], ""online"": 3, ""diesel_states"": [{""healthy"": true, ""running"": true, ""pending"": false, ""onsite"": false, ""prep"": 3, ""min_up"": 0, ""min_down"": 0, ""repair_until"": 7185, ""runtime"": 6835, ""demands"": 5}, {""healthy"": true, ""running"": true, ""pending"": false, ""onsite"": false, ""prep"": 3, ""min_up"": 0, ""min_down"": 0, ""repair_until"": 7578, ""runtime"": 7245, ""demands"": 4}, {""healthy"": true, ""running"": true, ""pending"": false, ""onsite"": false, ""prep"": 3, ""min_up"": 0, ""min_down"": 0, ""repair_until"": 7823, ""runtime"": 7689, ""demands"": 6}, {""healthy"": true, ""running"": false, ""pending"": false, ""onsite"": false, ""prep"": 3, ""min_up"": 0, ""min_down"": 0, ""repair_until"": 8025, ""runtime"": 5494, ""demands"": 6}], ""other_repair_until"": {""wind"": [6465, 7170, 4675, 7268, 4947], ""pv"": [-1000000000000000, -1000000000000000, -1000000000000000], ""pcs"": [-1000000000000000, -1000000000000000, -1000000000000000, -1000000000000000]}}, ""energy_inventory_change_kwh"": 0.0, ""forecast_basis"": ""current_measurements_only"", ""dump_load_kw"": 0, ""repair_clock"": ""calendar_reference"", ""operating_cost_basis"": ""same_executed_policy""}",4012342.7843811456,load_first_three_online,holdout,66,2026091702,"{""wind"": 5, ""pv"": 3, ""diesel"": 4, ""battery_energy"": 40, ""pcs"": 4}",True,0.0078125
,"holdout:(5, 3, 4, 40, 4):c1b16c40e93d24d01996b4bd81ccf0b9d616e7bef83b01e34c8697540ee6de0f:67",0.0,"{""shed_hours"": 0.0, ""longest_shed_hours"": 0.0, ""heater_kwh"": 70967.61078027803, ""diesel_kwh"": 1206104.5474897842, ""diesel_fuel_kg"": 268023.2327755183, ""battery_discharge_kwh"": 732.305277777779, ""battery_charge_kwh"": 945.6421458907241, ""starts"": 21.0, ""start_failures"": 0.0, ""diesel_run_failures"": 15.0, ""diesel_online_hours"": 26242.0, ""wind_failures"": 8.0, ""pv_failures"": 2.0, ""pcs_failures"": 0.0, ""wind_protective_stop_hours"": 1073.0, ""wait_access_unit_hours"": 1.0, ""wait_crew_unit_hours"": 1.0, ""wait_prep_unit_hours"": 18.0, ""wait_heat_unit_hours"": 0.0, ""unserved_heater_command_kwh"": 0.0, ""max_balance_residual_kw"": 2.842170943040401e-14, ""max_soc_residual_kwh"": 1.1368683772161603e-13, ""initial_state"": {""energy_kwh"": 1700.0, ""temperatures_c"": [5.0, 5.0, 5.0, 5.0], ""online"": 3, ""diesel_states"": [{""healthy"": true, ""running"": true, ""pending"": false, ""onsite"": false, ""prep"": 3, ""min_up"": 0, ""min_down"": 0, ""repair_until"": -1, ""runtime"": 333, ""demands"": 1}, {""healthy"": true, ""running"": true, ""pending"": false, ""onsite"": false, ""prep"": 3, ""min_up"": 0, ""min_down"": 0, ""repair_until"": -1, ""runtime"": 329, ""demands"": 1}, {""healthy"": true, ""running"": false, ""pending"": false, ""onsite"": false, ""prep"": 3, ""min_up"": 0, ""min_down"": 0, ""repair_until"": -177, ""runtime"": 53, ""demands"": 1}, {""healthy"": true, ""running"": true, ""pending"": false, ""onsite"": false, ""prep"": 3, ""min_up"": 0, ""min_down"": 0, ""repair_until"": -1, ""runtime"": 269, ""demands"": 1}]}, ""final_state"": {""energy_kwh"": 1700.0, ""temperatures_c"": [5.0, 5.0, 5.0, 5.0], ""online"": 3, ""diesel_states"": [{""healthy"": true, ""running"": true, ""pending"": false, ""onsite"": false, ""prep"": 3, ""min_up"": 0, ""min_down"": 0, ""repair_until"": 5800, ""runtime"": 6476, ""demands"": 5}, {""healthy"": true, ""running"": false, ""pending"": false, ""onsite"": false, ""prep"": 3, ""min_up"": 0, ""min_down"": 0, ""repair_until"": 8560, ""runtime"": 7100, ""demands"": 5}, {""healthy"": true, ""running"": true, ""pending"": false, ""onsite"": false, ""prep"": 3, ""min_up"": 0, ""min_down"": 0, ""repair_until"": 7841, ""runtime"": 6446, ""demands"": 8}, {""healthy"": true, ""running"": true, ""pending"": false, ""onsite"": false, ""prep"": 3, ""min_up"": 0, ""min_down"": 0, ""repair_until"": 7818, ""runtime"": 7204, ""demands"": 7}], ""other_repair_until"": {""wind"": [-1000000000000000, 5720, 5376, 4460, 5351], ""pv"": [4414, 2949, -1000000000000000], ""pcs"": [-1000000000000000, -1000000000000000, -1000000000000000, -1000000000000000]}}, ""energy_inventory_change_kwh"": 0.0, ""forecast_basis"": ""current_measurements_only"", ""dump_load_kw"": 0, ""repair_clock"": ""calendar_reference"", ""operating_cost_basis"": ""same_executed_policy""}",4020348.4916326115,load_first_three_online,holdout,67,2026091702,"{""wind"": 5, ""pv"": 3, ""diesel"": 4, ""battery_energy"": 40, ""pcs"": 4}",True,0.0078125
,"holdout:(5, 3, 4, 40, 4):c1b16c40e93d24d01996b4bd81ccf0b9d616e7bef83b01e34c8697540ee6de0f:68",704.1533333000004,"{""shed_hours"": 20.0, ""longest_shed_hours"": 12, ""heater_kwh"": 70896.9177579593, ""diesel_kwh"": 1199460.1685589969, ""diesel_fuel_kg"": 266546.70412423153, ""battery_discharge_kwh"": 2234.1083333333345, ""battery_charge_kwh"": 2884.953942837464, ""starts"": 24.0, ""start_failures"": 0.0, ""diesel_run_failures"": 18.0, ""diesel_online_hours"": 26227.0, ""wind_failures"": 2.0, ""pv_failures"": 2.0, ""pcs_failures"": 0.0, ""wind_protective_stop_hours"": 1073.0, ""wait_access_unit_hours"": 33.0, ""wait_crew_unit_hours"": 4.0, ""wait_prep_unit_hours"": 18.0, ""wait_heat_unit_hours"": 17.0, ""unserved_heater_command_kwh"": 709.1305179994204, ""max_balance_residual_kw"": 2.842170943040401e-14, ""max_soc_residual_kwh"": 1.1368683772161603e-13, ""initial_state"": {""energy_kwh"": 1700.0, ""temperatures_c"": [5.0, 5.0, 5.0, 5.0], ""online"": 3, ""diesel_states"": [{""healthy"": true, ""running"": true, ""pending"": false, ""onsite"": false, ""prep"": 3, ""min_up"": 0, ""min_down"": 0, ""repair_until"": -1, ""runtime"": 333, ""demands"": 1}, {""healthy"": true, ""running"": true, ""pending"": false, ""onsite"": false, ""prep"": 3, ""min_up"": 0, ""min_down"": 0, ""repair_until"": -1, ""runtime"": 329, ""demands"": 1}, {""healthy"": true, ""running"": false, ""pending"": false, ""onsite"": false, ""prep"": 3, ""min_up"": 0, ""min_down"": 0, ""repair_until"": -192, ""runtime"": 109, ""demands"": 1}, {""healthy"": true, ""running"": true, ""pending"": false, ""onsite"": false, ""prep"": 3, ""min_up"": 0, ""min_down"": 0, ""repair_until"": -1, ""runtime"": 213, ""demands"": 1}]}, ""final_state"": {""energy_kwh"": 1700.0, ""temperatures_c"": [5.0, 5.0, 5.0, 5.0], ""online"": 3, ""diesel_states"": [{""healthy"": true, ""running"": true, ""pending"": false, ""onsite"": false, ""prep"": 3, ""min_up"": 0, ""min_down"": 0, ""repair_until"": 7171, ""runtime"": 7013, ""demands"": 6}, {""healthy"": true, ""running"": true, ""pending"": false, ""onsite"": false, ""prep"": 3, ""min_up"": 0, ""min_down"": 0, ""repair_until"": 5327, ""runtime"": 6656, ""demands"": 6}, {""healthy"": true, ""running"": false, ""pending"": false, ""onsite"": false, ""prep"": 3, ""min_up"": 0, ""min_down"": 0, ""repair_until"": 8385, ""runtime"": 5889, ""demands"": 8}, {""healthy"": true, ""running"": true, ""pending"": false, ""onsite"": false, ""prep"": 3, ""min_up"": 0, ""min_down"": 0, ""repair_until"": 6356, ""runtime"": 7653, ""demands"": 8}], ""other_repair_until"": {""wind"": [-1000000000000000, 4612, -1000000000000000, 5479, -1000000000000000], ""pv"": [-1000000000000000, -1000000000000000, 6043], ""pcs"": [-1000000000000000, -1000000000000000, -1000000000000000, -1000000000000000]}}, ""energy_inventory_change_kwh"": 0.0, ""forecast_basis"": ""current_measurements_only"", ""dump_load_kw"": 0, ""repair_clock"": ""calendar_reference"", ""operating_cost_basis"": ""same_executed_policy""}",3998200.5618633106,load_first_three_online,holdout,68,2026091702,"{""wind"": 5, ""pv"": 3, ""diesel"": 4, ""battery_energy"": 40, ""pcs"": 4}",True,0.0078125
,"holdout:(5, 3, 4, 40, 4):c1b16c40e93d24d01996b4bd81ccf0b9d616e7bef83b01e34c8697540ee6de0f:69",0.0,"{""shed_hours"": 0.0, ""longest_shed_hours"": 0.0, ""heater_kwh"": 70516.36135985063, ""diesel_kwh"": 1206159.9881753456, ""diesel_fuel_kg"": 268035.5529278652, ""battery_discharge_kwh"": 394.2516667333349, ""battery_charge_kwh"": 509.1059746039938, ""starts"": 16.0, ""start_failures"": 0.0, ""diesel_run_failures"": 12.0, ""diesel_online_hours"": 26274.0, ""wind_failures"": 3.0, ""pv_failures"": 2.0, ""pcs_failures"": 0.0, ""wind_protective_stop_hours"": 1073.0, ""wait_access_unit_hours"": 1.0, ""wait_crew_unit_hours"": 0.0, ""wait_prep_unit_hours"": 15.0, ""wait_heat_unit_hours"": 0.0, ""unserved_heater_command_kwh"": 0.0, ""max_balance_residual_kw"": 2.842170943040401e-14, ""max_soc_residual_kwh"": 1.1368683772161603e-13, ""initial_state"": {""energy_kwh"": 1700.0, ""temperatures_c"": [5.0, 5.0, 5.0, -0.4917950249892792], ""online"": 3, ""diesel_states"": [{""healthy"": true, ""running"": true, ""pending"": false, ""onsite"": false, ""prep"": 3, ""min_up"": 0, ""min_down"": 0, ""repair_until"": -1, ""runtime"": 333, ""demands"": 1}, {""healthy"": true, ""running"": true, ""pending"": false, ""onsite"": false, ""prep"": 3, ""min_up"": 0, ""min_down"": 0, ""repair_until"": -1, ""runtime"": 329, ""demands"": 1}, {""healthy"": true, ""running"": true, ""pending"": false, ""onsite"": false, ""prep"": 3, ""min_up"": 0, ""min_down"": 0, ""repair_until"": -1, ""runtime"": 325, ""demands"": 1}, {""healthy"": true, ""running"": false, ""pending"": false, ""onsite"": false, ""prep"": 0.0, ""min_up"": 0, ""min_down"": 0, ""repair_until"": -1, ""runtime"": 0, ""demands"": 0}]}, ""final_state"": {""energy_kwh"": 1700.0, ""temperatures_c"": [5.0, 5.0, 5.0, 5.0], ""online"": 3, ""diesel_states"": [{""healthy"": true, ""running"": true, ""pending"": false, ""onsite"": false, ""prep"": 3, ""min_up"": 0, ""min_down"": 0, ""repair_until"": 1539, ""runtime"": 8311, ""demands"": 2}, {""healthy"": true, ""running"": true, ""pending"": false, ""onsite"": false, ""prep"": 3, ""min_up"": 0, ""min_down"": 0, ""repair_until"": 4908, ""runtime"": 8809, ""demands"": 5}, {""healthy"": true, ""running"": false, ""pending"": false, ""onsite"": false, ""prep"": 3, ""min_up"": 0, ""min_down"": 0, ""repair_until"": 8391, ""runtime"": 3640, ""demands"": 7}, {""healthy"": true, ""running"": true, ""pending"": false, ""onsite"": false, ""prep"": 3, ""min_up"": 0, ""min_down"": 0, ""repair_until"": 7676, ""runtime"": 6501, ""demands"": 5}], ""other_repair_until"": {""wind"": [-1000000000000000, 3440, 5897, -1000000000000000, 5618], ""pv"": [-1000000000000000, -1000000000000000, 3052], ""pcs"": [-1000000000000000, -1000000000000000, -1000000000000000, -1000000000000000]}}, ""energy_inventory_change_kwh"": 0.0, ""forecast_basis"": ""current_measurements_only"", ""dump_load_kw"": 0, ""repair_clock"": ""calendar_reference"", ""operating_cost_basis"": ""same_executed_policy""}",4020533.2939178175,load_first_three_online,holdout,69,2026091702,"{""wind"": 5, ""pv"": 3, ""diesel"": 4, ""battery_energy"": 40, ""pcs"": 4}",True,0.0078125
,"holdout:(5, 3, 4, 40, 4):c1b16c40e93d24d01996b4bd81ccf0b9d616e7bef83b01e34c8697540ee6de0f:70",1969.7582915555556,"{""shed_hours"": 16.0, ""longest_shed_hours"": 16, ""heater_kwh"": 70875.65206229215, ""diesel_kwh"": 1200222.4284753231, ""diesel_fuel_kg"": 266716.09521674854, ""battery_discharge_kwh"": 2920.0429905252495, ""battery_charge_kwh"": 3770.7166716493384, ""starts"": 30.0, ""start_failures"": 0.0, ""diesel_run_failures"": 22.0, ""diesel_online_hours"": 26164.0, ""wind_failures"": 4.0, ""pv_failures"": 1.0, ""pcs_failures"": 0.0, ""wind_protective_stop_hours"": 1073.0, ""wait_access_unit_hours"": 5.0, ""wait_crew_unit_hours"": 1.0, ""wait_prep_unit_hours"": 24.0, ""wait_heat_unit_hours"": 0.0, ""unserved_heater_command_kwh"": 677.5508316828549, ""max_balance_residual_kw"": 3.8191672047105385e-14, ""max_soc_residual_kwh"": 1.1368683772161603e-13, ""initial_state"": {""energy_kwh"": 1700.0, ""temperatures_c"": [5.0, 5.0, 5.0, 5.0], ""online"": 3, ""diesel_states"": [{""healthy"": true, ""running"": false, ""pending"": false, ""onsite"": false, ""prep"": 3, ""min_up"": 0, ""min_down"": 0, ""repair_until"": -69, ""runtime"": 232, ""demands"": 1}, {""healthy"": true, ""running"": true, ""pending"": false, ""onsite"": false, ""prep"": 3, ""min_up"": 0, ""min_down"": 0, ""repair_until"": -1, ""runtime"": 329, ""demands"": 1}, {""healthy"": true, ""running"": true, ""pending"": false, ""onsite"": false, ""prep"": 3, ""min_up"": 0, ""min_down"": 0, ""repair_until"": -91, ""runtime"": 246, ""demands"": 2}, {""healthy"": true, ""running"": true, ""pending"": false, ""onsite"": false, ""prep"": 3, ""min_up"": 0, ""min_down"": 0, ""repair_until"": -1, ""runtime"": 167, ""demands"": 1}]}, ""final_state"": {""energy_kwh"": 1700.0, ""temperatures_c"": [5.0, 5.0, 5.0, 5.0], ""online"": 3, ""diesel_states"": [{""healthy"": true, ""running"": false, ""pending"": false, ""onsite"": false, ""prep"": 3, ""min_up"": 0, ""min_down"": 0, ""repair_until"": 7794, ""runtime"": 5545, ""demands"": 10}, {""healthy"": true, ""running"": true, ""pending"": false, ""onsite"": false, ""prep"": 3, ""min_up"": 0, ""min_down"": 0, ""repair_until"": 5000, ""runtime"": 8447, ""demands"": 6}, {""healthy"": true, ""running"": true, ""pending"": false, ""onsite"": false, ""prep"": 3, ""min_up"": 0, ""min_down"": 0, ""repair_until"": 3961, ""runtime"": 8334, ""demands"": 7}, {""healthy"": true, ""running"": true, ""pending"": false, ""onsite"": false, ""prep"": 3, ""min_up"": 0, ""min_down"": 0, ""repair_until"": 6985, ""runtime"": 4812, ""demands"": 12}], ""other_repair_until"": {""wind"": [8528, -1000000000000000, 5827, 2199, 5618], ""pv"": [2018, -1000000000000000, -1000000000000000], ""pcs"": [-1000000000000000, -1000000000000000, -1000000000000000, -1000000000000000]}}, ""energy_inventory_change_kwh"": 0.0, ""forecast_basis"": ""current_measurements_only"", ""dump_load_kw"": 0, ""repair_clock"": ""calendar_reference"", ""operating_cost_basis"": ""same_executed_policy""}",4000741.4282510704,load_first_three_online,holdout,70,2026091702,"{""wind"": 5, ""pv"": 3, ""diesel"": 4, ""battery_energy"": 40, ""pcs"": 4}",True,0.0078125
,"holdout:(5, 3, 4, 40, 4):c1b16c40e93d24d01996b4bd81ccf0b9d616e7bef83b01e34c8697540ee6de0f:71",0.0,"{""shed_hours"": 0.0, ""longest_shed_hours"": 0.0, ""heater_kwh"": 70967.61078027803, ""diesel_kwh"": 1205317.1262000382, ""diesel_fuel_kg"": 267848.2502666857, ""battery_discharge_kwh"": 1169.559444477779, ""battery_charge_kwh"": 1510.278208261592, ""starts"": 20.0, ""start_failures"": 0.0, ""diesel_run_failures"": 14.0, ""diesel_online_hours"": 26256.0, ""wind_failures"": 3.0, ""pv_failures"": 0.0, ""pcs_failures"": 0.0, ""wind_protective_stop_hours"": 1073.0, ""wait_access_unit_hours"": 3.0, ""wait_crew_unit_hours"": 0.0, ""wait_prep_unit_hours"": 18.0, ""wait_heat_unit_hours"": 0.0, ""unserved_heater_command_kwh"": 0.0, ""max_balance_residual_kw"": 2.842170943040401e-14, ""max_soc_residual_kwh"": 1.1368683772161603e-13, ""initial_state"": {""energy_kwh"": 1700.0, ""temperatures_c"": [5.0, 5.0, 5.0, 5.0], ""online"": 3, ""diesel_states"": [{""healthy"": true, ""running"": true, ""pending"": false, ""onsite"": false, ""prep"": 3, ""min_up"": 0, ""min_down"": 0, ""repair_until"": -1, ""runtime"": 333, ""demands"": 1}, {""healthy"": true, ""running"": true, ""pending"": false, ""onsite"": false, ""prep"": 3, ""min_up"": 0, ""min_down"": 0, ""repair_until"": -1, ""runtime"": 329, ""demands"": 1}, {""healthy"": true, ""running"": false, ""pending"": false, ""onsite"": false, ""prep"": 3, ""min_up"": 0, ""min_down"": 0, ""repair_until"": -169, ""runtime"": 112, ""demands"": 1}, {""healthy"": true, ""running"": true, ""pending"": false, ""onsite"": false, ""prep"": 3, ""min_up"": 0, ""min_down"": 0, ""repair_until"": -1, ""runtime"": 210, ""demands"": 1}]}, ""final_state"": {""energy_kwh"": 1700.0, ""temperatures_c"": [5.0, 5.0, 5.0, 5.0], ""online"": 3, ""diesel_states"": [{""healthy"": true, ""running"": false, ""pending"": false, ""onsite"": false, ""prep"": 3, ""min_up"": 0, ""min_down"": 0, ""repair_until"": 7753, ""runtime"": 7199, ""demands"": 3}, {""healthy"": true, ""running"": true, ""pending"": false, ""onsite"": false, ""prep"": 3, ""min_up"": 0, ""min_down"": 0, ""repair_until"": 5920, ""runtime"": 7673, ""demands"": 4}, {""healthy"": true, ""running"": true, ""pending"": false, ""onsite"": false, ""prep"": 3, ""min_up"": 0, ""min_down"": 0, ""repair_until"": 6723, ""runtime"": 6973, ""demands"": 8}, {""healthy"": true, ""running"": true, ""pending"": false, ""onsite"": false, ""prep"": 3, ""min_up"": 0, ""min_down"": 0, ""repair_until"": 7731, ""runtime"": 5395, ""demands"": 9}], ""other_repair_until"": {""wind"": [3077, 5168, -1000000000000000, -1000000000000000, 3438], ""pv"": [-1000000000000000, -1000000000000000, -1000000000000000], ""pcs"": [-1000000000000000, -1000000000000000, -1000000000000000, -1000000000000000]}}, ""energy_inventory_change_kwh"": 0.0, ""forecast_basis"": ""current_measurements_only"", ""dump_load_kw"": 0, ""repair_clock"": ""calendar_reference"", ""operating_cost_basis"": ""same_executed_policy""}",4017723.754000121,load_first_three_online,holdout,71,2026091702,"{""wind"": 5, ""pv"": 3, ""diesel"": 4, ""battery_energy"": 40, ""pcs"": 4}",True,0.0078125
,"holdout:(5, 3, 4, 40, 4):c1b16c40e93d24d01996b4bd81ccf0b9d616e7bef83b01e34c8697540ee6de0f:72",0.0,"{""shed_hours"": 0.0, ""longest_shed_hours"": 0.0, ""heater_kwh"": 70967.61078027803, ""diesel_kwh"": 1207316.40339054, ""diesel_fuel_kg"": 268292.53408679715, ""battery_discharge_kwh"": 866.7827778111124, ""battery_charge_kwh"": 1119.2959424213716, ""starts"": 20.0, ""start_failures"": 0.0, ""diesel_run_failures"": 15.0, ""diesel_online_hours"": 26262.0, ""wind_failures"": 7.0, ""pv_failures"": 2.0, ""pcs_failures"": 0.0, ""wind_protective_stop_hours"": 1073.0, ""wait_access_unit_hours"": 1.0, ""wait_crew_unit_hours"": 0.0, ""wait_prep_unit_hours"": 15.0, ""wait_heat_unit_hours"": 0.0, ""unserved_heater_command_kwh"": 0.0, ""max_balance_residual_kw"": 2.842170943040401e-14, ""max_soc_residual_kwh"": 1.1368683772161603e-13, ""initial_state"": {""energy_kwh"": 1700.0, ""temperatures_c"": [5.0, 5.0, 5.0, 5.0], ""online"": 3, ""diesel_states"": [{""healthy"": true, ""running"": false, ""pending"": false, ""onsite"": false, ""prep"": 3, ""min_up"": 0, ""min_down"": 0, ""repair_until"": -149, ""runtime"": 163, ""demands"": 1}, {""healthy"": true, ""running"": true, ""pending"": false, ""onsite"": false, ""prep"": 3, ""min_up"": 0, ""min_down"": 0, ""repair_until"": -1, ""runtime"": 329, ""demands"": 1}, {""healthy"": true, ""running"": true, ""pending"": false, ""onsite"": false, ""prep"": 3, ""min_up"": 0, ""min_down"": 0, ""repair_until"": -319, ""runtime"": 172, ""demands"": 2}, {""healthy"": true, ""running"": true, ""pending"": false, ""onsite"": false, ""prep"": 3, ""min_up"": 0, ""min_down"": 0, ""repair_until"": -1, ""runtime"": 320, ""demands"": 1}]}, ""final_state"": {""energy_kwh"": 1700.0, ""temperatures_c"": [5.0, 5.0, 5.0, 5.0], ""online"": 3, ""diesel_states"": [{""healthy"": true, ""running"": true, ""pending"": false, ""onsite"": false, ""prep"": 3, ""min_up"": 0, ""min_down"": 0, ""repair_until"": 6841, ""runtime"": 5981, ""demands"": 6}, {""healthy"": true, ""running"": false, ""pending"": false, ""onsite"": false, ""prep"": 3, ""min_up"": 0, ""min_down"": 0, ""repair_until"": 7981, ""runtime"": 7695, ""demands"": 4}, {""healthy"": true, ""running"": true, ""pending"": false, ""onsite"": false, ""prep"": 3, ""min_up"": 0, ""min_down"": 0, ""repair_until"": 4771, ""runtime"": 8328, ""demands"": 5}, {""healthy"": true, ""running"": true, ""pending"": false, ""onsite"": false, ""prep"": 3, ""min_up"": 0, ""min_down"": 0, ""repair_until"": 6879, ""runtime"": 5242, ""demands"": 10}], ""other_repair_until"": {""wind"": [7417, 4796, 6823, 2655, -1000000000000000], ""pv"": [2685, 680, -1000000000000000], ""pcs"": [-1000000000000000, -1000000000000000, -1000000000000000, -1000000000000000]}}, ""energy_inventory_change_kwh"": 0.0, ""forecast_basis"": ""current_measurements_only"", ""dump_load_kw"": 0, ""repair_clock"": ""calendar_reference"", ""operating_cost_basis"": ""same_executed_policy""}",4024388.0113017955,load_first_three_online,holdout,72,2026091702,"{""wind"": 5, ""pv"": 3, ""diesel"": 4, ""battery_energy"": 40, ""pcs"": 4}",True,0.0078125
,"holdout:(5, 3, 4, 40, 4):c1b16c40e93d24d01996b4bd81ccf0b9d616e7bef83b01e34c8697540ee6de0f:73",0.0,"{""shed_hours"": 0.0, ""longest_shed_hours"": 0.0, ""heater_kwh"": 68015.35984928928, ""diesel_kwh"": 1213143.858495769, ""diesel_fuel_kg"": 269587.5241101782, ""battery_discharge_kwh"": 640.3483334333345, ""battery_charge_kwh"": 826.8960917269275, ""starts"": 19.0, ""start_failures"": 0.0, ""diesel_run_failures"": 13.0, ""diesel_online_hours"": 26275.0, ""wind_failures"": 2.0, ""pv_failures"": 5.0, ""pcs_failures"": 0.0, ""wind_protective_stop_hours"": 1073.0, ""wait_access_unit_hours"": 2.0, ""wait_crew_unit_hours"": 0.0, ""wait_prep_unit_hours"": 21.0, ""wait_heat_unit_hours"": 0.0, ""unserved_heater_command_kwh"": 0.0, ""max_balance_residual_kw"": 2.842170943040401e-14, ""max_soc_residual_kwh"": 1.1368683772161603e-13, ""initial_state"": {""energy_kwh"": 1700.0, ""temperatures_c"": [5.0, 5.0, 5.0, -0.4917950249892792], ""online"": 3, ""diesel_states"": [{""healthy"": true, ""running"": true, ""pending"": false, ""onsite"": false, ""prep"": 3, ""min_up"": 0, ""min_down"": 0, ""repair_until"": -1, ""runtime"": 333, ""demands"": 1}, {""healthy"": true, ""running"": true, ""pending"": false, ""onsite"": false, ""prep"": 3, ""min_up"": 0, ""min_down"": 0, ""repair_until"": -1, ""runtime"": 329, ""demands"": 1}, {""healthy"": true, ""running"": true, ""pending"": false, ""onsite"": false, ""prep"": 3, ""min_up"": 0, ""min_down"": 0, ""repair_until"": -1, ""runtime"": 325, ""demands"": 1}, {""healthy"": true, ""running"": false, ""pending"": false, ""onsite"": false, ""prep"": 0.0, ""min_up"": 0, ""min_down"": 0, ""repair_until"": -1, ""runtime"": 0, ""demands"": 0}]}, ""final_state"": {""energy_kwh"": 1700.0, ""temperatures_c"": [5.0, 5.0, 5.0, 5.0], ""online"": 3, ""diesel_states"": [{""healthy"": true, ""running"": true, ""pending"": false, ""onsite"": false, ""prep"": 3, ""min_up"": 0, ""min_down"": 0, ""repair_until"": 7021, ""runtime"": 8465, ""demands"": 4}, {""healthy"": true, ""running"": false, ""pending"": false, ""onsite"": false, ""prep"": 3, ""min_up"": 0, ""min_down"": 0, ""repair_until"": 8325, ""runtime"": 7977, ""demands"": 5}, {""healthy"": true, ""running"": true, ""pending"": false, ""onsite"": false, ""prep"": 3, ""min_up"": 0, ""min_down"": 0, ""repair_until"": 7530, ""runtime"": 7479, ""demands"": 5}, {""healthy"": true, ""running"": true, ""pending"": false, ""onsite"": false, ""prep"": 3, ""min_up"": 0, ""min_down"": 0, ""repair_until"": 7330, ""runtime"": 3341, ""demands"": 8}], ""other_repair_until"": {""wind"": [8359, -1000000000000000, -1000000000000000, -1000000000000000, -1000000000000000], ""pv"": [5766, 8240, -1000000000000000], ""pcs"": [-1000000000000000, -1000000000000000, -1000000000000000, -1000000000000000]}}, ""energy_inventory_change_kwh"": 0.0, ""forecast_basis"": ""current_measurements_only"", ""dump_load_kw"": 0, ""repair_clock"": ""calendar_reference"", ""operating_cost_basis"": ""same_executed_policy""}",4043812.8616525573,load_first_three_online,holdout,73,2026091702,"{""wind"": 5, ""pv"": 3, ""diesel"": 4, ""battery_energy"": 40, ""pcs"": 4}",True,0.0078125
,"holdout:(5, 3, 4, 40, 4):c1b16c40e93d24d01996b4bd81ccf0b9d616e7bef83b01e34c8697540ee6de0f:74",0.0,"{""shed_hours"": 0.0, ""longest_shed_hours"": 0.0, ""heater_kwh"": 70967.61078027803, ""diesel_kwh"": 1203769.2906400436, ""diesel_fuel_kg"": 267504.2868089085, ""battery_discharge_kwh"": 1527.1933334333348, ""battery_charge_kwh"": 1972.0988293302332, ""starts"": 25.0, ""start_failures"": 0.0, ""diesel_run_failures"": 19.0, ""diesel_online_hours"": 26239.0, ""wind_failures"": 5.0, ""pv_failures"": 3.0, ""pcs_failures"": 0.0, ""wind_protective_stop_hours"": 1073.0, ""wait_access_unit_hours"": 1.0, ""wait_crew_unit_hours"": 0.0, ""wait_prep_unit_hours"": 18.0, ""wait_heat_unit_hours"": 0.0, ""unserved_heater_command_kwh"": 0.0, ""max_balance_residual_kw"": 2.842170943040401e-14, ""max_soc_residual_kwh"": 1.1368683772161603e-13, ""initial_state"": {""energy_kwh"": 1700.0, ""temperatures_c"": [5.0, 5.0, 5.0, 5.0], ""online"": 3, ""diesel_states"": [{""healthy"": true, ""running"": false, ""pending"": false, ""onsite"": false, ""prep"": 3, ""min_up"": 0, ""min_down"": 0, ""repair_until"": -321, ""runtime"": 11, ""demands"": 1}, {""healthy"": true, ""running"": true, ""pending"": false, ""onsite"": false, ""prep"": 3, ""min_up"": 0, ""min_down"": 0, ""repair_until"": -1, ""runtime"": 329, ""demands"": 1}, {""healthy"": true, ""running"": true, ""pending"": false, ""onsite"": false, ""prep"": 3, ""min_up"": 0, ""min_down"": 0, ""repair_until"": -1, ""runtime"": 325, ""demands"": 1}, {""healthy"": true, ""running"": true, ""pending"": false, ""onsite"": false, ""prep"": 3, ""min_up"": 0, ""min_down"": 0, ""repair_until"": -1, ""runtime"": 319, ""demands"": 1}]}, ""final_state"": {""energy_kwh"": 1700.0, ""temperatures_c"": [5.0, 5.0, 5.0, 5.0], ""online"": 3, ""diesel_states"": [{""healthy"": true, ""running"": true, ""pending"": false, ""onsite"": false, ""prep"": 3, ""min_up"": 0, ""min_down"": 0, ""repair_until"": 8084, ""runtime"": 8385, ""demands"": 4}, {""healthy"": true, ""running"": true, ""pending"": false, ""onsite"": false, ""prep"": 3, ""min_up"": 0, ""min_down"": 0, ""repair_until"": 7561, ""runtime"": 6237, ""demands"": 7}, {""healthy"": true, ""running"": true, ""pending"": false, ""onsite"": false, ""prep"": 3, ""min_up"": 0, ""min_down"": 0, ""repair_until"": 7880, ""runtime"": 5973, ""demands"": 8}, {""healthy"": true, ""running"": false, ""pending"": false, ""onsite"": false, ""prep"": 3, ""min_up"": 0, ""min_down"": 0, ""repair_until"": 8243, ""runtime"": 6628, ""demands"": 10}], ""other_repair_until"": {""wind"": [3902, 4930, 1607, 1342, 281], ""pv"": [628, 3679, 5247], ""pcs"": [-1000000000000000, -1000000000000000, -1000000000000000, -1000000000000000]}}, ""energy_inventory_change_kwh"": 0.0, ""forecast_basis"": ""current_measurements_only"", ""dump_load_kw"": 0, ""repair_clock"": ""calendar_reference"", ""operating_cost_basis"": ""same_executed_policy""}",4012564.3021334745,load_first_three_online,holdout,74,2026091702,"{""wind"": 5, ""pv"": 3, ""diesel"": 4, ""battery_energy"": 40, ""pcs"": 4}",True,0.0078125
,"holdout:(5, 3, 4, 40, 4):c1b16c40e93d24d01996b4bd81ccf0b9d616e7bef83b01e34c8697540ee6de0f:75",0.0,"{""shed_hours"": 0.0, ""longest_shed_hours"": 0.0, ""heater_kwh"": 70967.61078027803, ""diesel_kwh"": 1217703.792781753, ""diesel_fuel_kg"": 270600.8428403971, ""battery_discharge_kwh"": 953.90055558889, ""battery_charge_kwh"": 1231.7930728162296, ""starts"": 16.0, ""start_failures"": 0.0, ""diesel_run_failures"": 11.0, ""diesel_online_hours"": 26271.0, ""wind_failures"": 7.0, ""pv_failures"": 4.0, ""pcs_failures"": 1.0, ""wind_protective_stop_hours"": 1073.0, ""wait_access_unit_hours"": 8.0, ""wait_crew_unit_hours"": 0.0, ""wait_prep_unit_hours"": 15.0, ""wait_heat_unit_hours"": 0.0, ""unserved_heater_command_kwh"": 0.0, ""max_balance_residual_kw"": 2.842170943040401e-14, ""max_soc_residual_kwh"": 1.1368683772161603e-13, ""initial_state"": {""energy_kwh"": 1700.0, ""temperatures_c"": [5.0, 5.0, 5.0, 5.0], ""online"": 3, ""diesel_states"": [{""healthy"": true, ""running"": true, ""pending"": false, ""onsite"": false, ""prep"": 3, ""min_up"": 0, ""min_down"": 0, ""repair_until"": -1, ""runtime"": 333, ""demands"": 1}, {""healthy"": true, ""running"": true, ""pending"": false, ""onsite"": false, ""prep"": 3, ""min_up"": 0, ""min_down"": 0, ""repair_until"": -1, ""runtime"": 329, ""demands"": 1}, {""healthy"": true, ""running"": true, ""pending"": false, ""onsite"": false, ""prep"": 3, ""min_up"": 0, ""min_down"": 0, ""repair_until"": -243, ""runtime"": 233, ""demands"": 2}, {""healthy"": true, ""running"": false, ""pending"": false, ""onsite"": false, ""prep"": 3, ""min_up"": 0, ""min_down"": 0, ""repair_until"": -147, ""runtime"": 89, ""demands"": 1}]}, ""final_state"": {""energy_kwh"": 1700.0, ""temperatures_c"": [5.0, 5.0, 5.0, 5.0], ""online"": 3, ""diesel_states"": [{""healthy"": true, ""running"": true, ""pending"": false, ""onsite"": false, ""prep"": 3, ""min_up"": 0, ""min_down"": 0, ""repair_until"": 6945, ""runtime"": 5747, ""demands"": 6}, {""healthy"": true, ""running"": false, ""pending"": false, ""onsite"": false, ""prep"": 3, ""min_up"": 0, ""min_down"": 0, ""repair_until"": 8351, ""runtime"": 8663, ""demands"": 1}, {""healthy"": true, ""running"": true, ""pending"": false, ""onsite"": false, ""prep"": 3, ""min_up"": 0, ""min_down"": 0, ""repair_until"": 6229, ""runtime"": 5151, ""demands"": 7}, {""healthy"": true, ""running"": true, ""pending"": false, ""onsite"": false, ""prep"": 3, ""min_up"": 0, ""min_down"": 0, ""repair_until"": 6876, ""runtime"": 7694, ""demands"": 7}], ""other_repair_until"": {""wind"": [8213, 8426, 3017, -1000000000000000, -1000000000000000], ""pv"": [8217, 7021, 7286], ""pcs"": [-1000000000000000, 549, -1000000000000000, -1000000000000000]}}, ""energy_inventory_change_kwh"": 0.0, ""forecast_basis"": ""current_measurements_only"", ""dump_load_kw"": 0, ""repair_clock"": ""calendar_reference"", ""operating_cost_basis"": ""same_executed_policy""}",4059012.642605838,load_first_three_online,holdout,75,2026091702,"{""wind"": 5, ""pv"": 3, ""diesel"": 4, ""battery_energy"": 40, ""pcs"": 4}",True,0.0078125
,"holdout:(5, 3, 4, 40, 4):c1b16c40e93d24d01996b4bd81ccf0b9d616e7bef83b01e34c8697540ee6de0f:76",0.0,"{""shed_hours"": 0.0, ""longest_shed_hours"": 0.0, ""heater_kwh"": 70873.2507428278, ""diesel_kwh"": 1203562.1602399526, ""diesel_fuel_kg"": 267458.25783111114, ""battery_discharge_kwh"": 533.626111244446, ""battery_charge_kwh"": 689.0833048094573, ""starts"": 22.0, ""start_failures"": 0.0, ""diesel_run_failures"": 18.0, ""diesel_online_hours"": 26271.0, ""wind_failures"": 7.0, ""pv_failures"": 2.0, ""pcs_failures"": 0.0, ""wind_protective_stop_hours"": 1073.0, ""wait_access_unit_hours"": 1.0, ""wait_crew_unit_hours"": 0.0, ""wait_prep_unit_hours"": 15.0, ""wait_heat_unit_hours"": 0.0, ""unserved_heater_command_kwh"": 0.0, ""max_balance_residual_kw"": 2.842170943040401e-14, ""max_soc_residual_kwh"": 1.1368683772161603e-13, ""initial_state"": {""energy_kwh"": 1700.0, ""temperatures_c"": [5.0, 5.0, 5.0, -0.4917950249892792], ""online"": 3, ""diesel_states"": [{""healthy"": true, ""running"": true, ""pending"": false, ""onsite"": false, ""prep"": 3, ""min_up"": 0, ""min_down"": 0, ""repair_until"": -1, ""runtime"": 333, ""demands"": 1}, {""healthy"": true, ""running"": true, ""pending"": false, ""onsite"": false, ""prep"": 3, ""min_up"": 0, ""min_down"": 0, ""repair_until"": -1, ""runtime"": 329, ""demands"": 1}, {""healthy"": true, ""running"": true, ""pending"": false, ""onsite"": false, ""prep"": 3, ""min_up"": 0, ""min_down"": 0, ""repair_until"": -1, ""runtime"": 325, ""demands"": 1}, {""healthy"": true, ""running"": false, ""pending"": false, ""onsite"": false, ""prep"": 0.0, ""min_up"": 0, ""min_down"": 0, ""repair_until"": -1, ""runtime"": 0, ""demands"": 0}]}, ""final_state"": {""energy_kwh"": 1700.0, ""temperatures_c"": [5.0, 5.0, 5.0, 5.0], ""online"": 3, ""diesel_states"": [{""healthy"": true, ""running"": true, ""pending"": false, ""onsite"": false, ""prep"": 3, ""min_up"": 0, ""min_down"": 0, ""repair_until"": 6348, ""runtime"": 7668, ""demands"": 5}, {""healthy"": true, ""running"": true, ""pending"": false, ""onsite"": false, ""prep"": 3, ""min_up"": 0, ""min_down"": 0, ""repair_until"": 5615, ""runtime"": 8068, ""demands"": 4}, {""healthy"": true, ""running"": true, ""pending"": false, ""onsite"": false, ""prep"": 3, ""min_up"": 0, ""min_down"": 0, ""repair_until"": 8361, ""runtime"": 6548, ""demands"": 8}, {""healthy"": true, ""running"": false, ""pending"": false, ""onsite"": false, ""prep"": 3, ""min_up"": 0, ""min_down"": 0, ""repair_until"": 8403, ""runtime"": 4974, ""demands"": 8}], ""other_repair_until"": {""wind"": [1242, 2155, -1000000000000000, 4568, 8478], ""pv"": [5450, 5998, -1000000000000000], ""pcs"": [-1000000000000000, -1000000000000000, -1000000000000000, -1000000000000000]}}, ""energy_inventory_change_kwh"": 0.0, ""forecast_basis"": ""current_measurements_only"", ""dump_load_kw"": 0, ""repair_clock"": ""calendar_reference"", ""operating_cost_basis"": ""same_executed_policy""}",4011873.867466499,load_first_three_online,holdout,76,2026091702,"{""wind"": 5, ""pv"": 3, ""diesel"": 4, ""battery_energy"": 40, ""pcs"": 4}",True,0.0078125
,"holdout:(5, 3, 4, 40, 4):c1b16c40e93d24d01996b4bd81ccf0b9d616e7bef83b01e34c8697540ee6de0f:77",0.0,"{""shed_hours"": 0.0, ""longest_shed_hours"": 0.0, ""heater_kwh"": 70886.13839327428, ""diesel_kwh"": 1204540.6776562273, ""diesel_fuel_kg"": 267675.7061458385, ""battery_discharge_kwh"": 463.07706416489816, ""battery_charge_kwh"": 597.981746080702, ""starts"": 14.0, ""start_failures"": 0.0, ""diesel_run_failures"": 10.0, ""diesel_online_hours"": 26274.0, ""wind_failures"": 5.0, ""pv_failures"": 4.0, ""pcs_failures"": 2.0, ""wind_protective_stop_hours"": 1073.0, ""wait_access_unit_hours"": 1.0, ""wait_crew_unit_hours"": 0.0, ""wait_prep_unit_hours"": 15.0, ""wait_heat_unit_hours"": 0.0, ""unserved_heater_command_kwh"": 0.0, ""max_balance_residual_kw"": 2.842170943040401e-14, ""max_soc_residual_kwh"": 1.1368683772161603e-13, ""initial_state"": {""energy_kwh"": 1700.0, ""temperatures_c"": [5.0, 5.0, 5.0, -0.4917950249892792], ""online"": 3, ""diesel_states"": [{""healthy"": true, ""running"": true, ""pending"": false, ""onsite"": false, ""prep"": 3, ""min_up"": 0, ""min_down"": 0, ""repair_until"": -1, ""runtime"": 333, ""demands"": 1}, {""healthy"": true, ""running"": true, ""pending"": false, ""onsite"": false, ""prep"": 3, ""min_up"": 0, ""min_down"": 0, ""repair_until"": -1, ""runtime"": 329, ""demands"": 1}, {""healthy"": true, ""running"": true, ""pending"": false, ""onsite"": false, ""prep"": 3, ""min_up"": 0, ""min_down"": 0, ""repair_until"": -1, ""runtime"": 325, ""demands"": 1}, {""healthy"": true, ""running"": false, ""pending"": false, ""onsite"": false, ""prep"": 0.0, ""min_up"": 0, ""min_down"": 0, ""repair_until"": -1, ""runtime"": 0, ""demands"": 0}]}, ""final_state"": {""energy_kwh"": 1700.0, ""temperatures_c"": [5.0, 5.0, 5.0, 5.0], ""online"": 3, ""diesel_states"": [{""healthy"": true, ""running"": true, ""pending"": false, ""onsite"": false, ""prep"": 3, ""min_up"": 0, ""min_down"": 0, ""repair_until"": 3281, ""runtime"": 7955, ""demands"": 5}, {""healthy"": true, ""running"": true, ""pending"": false, ""onsite"": false, ""prep"": 3, ""min_up"": 0, ""min_down"": 0, ""repair_until"": 3519, ""runtime"": 6837, ""demands"": 4}, {""healthy"": true, ""running"": true, ""pending"": false, ""onsite"": false, ""prep"": 3, ""min_up"": 0, ""min_down"": 0, ""repair_until"": 2527, ""runtime"": 8268, ""demands"": 4}, {""healthy"": true, ""running"": false, ""pending"": false, ""onsite"": false, ""prep"": 3, ""min_up"": 0, ""min_down"": 0, ""repair_until"": 5552, ""runtime"": 4201, ""demands"": 4}], ""other_repair_until"": {""wind"": [1541, 7534, 8416, 721, -1000000000000000], ""pv"": [5738, 7802, 1873], ""pcs"": [-1000000000000000, -1000000000000000, -1000000000000000, 4534]}}, ""energy_inventory_change_kwh"": 0.0, ""forecast_basis"": ""current_measurements_only"", ""dump_load_kw"": 0, ""repair_clock"": ""calendar_reference"", ""operating_cost_basis"": ""same_executed_policy""}",4015135.592187418,load_first_three_online,holdout,77,2026091702,"{""wind"": 5, ""pv"": 3, ""diesel"": 4, ""battery_energy"": 40, ""pcs"": 4}",True,0.0078125
,"holdout:(5, 3, 4, 40, 4):c1b16c40e93d24d01996b4bd81ccf0b9d616e7bef83b01e34c8697540ee6de0f:78",0.0,"{""shed_hours"": 0.0, ""longest_shed_hours"": 0.0, ""heater_kwh"": 70966.21739137148, ""diesel_kwh"": 1205927.556441428, ""diesel_fuel_kg"": 267983.9014314393, ""battery_discharge_kwh"": 923.969444544446, ""battery_charge_kwh"": 1193.1423612402425, ""starts"": 23.0, ""start_failures"": 0.0, ""diesel_run_failures"": 17.0, ""diesel_online_hours"": 26263.0, ""wind_failures"": 2.0, ""pv_failures"": 4.0, ""pcs_failures"": 1.0, ""wind_protective_stop_hours"": 1073.0, ""wait_access_unit_hours"": 5.0, ""wait_crew_unit_hours"": 0.0, ""wait_prep_unit_hours"": 21.0, ""wait_heat_unit_hours"": 0.0, ""unserved_heater_command_kwh"": 0.0, ""max_balance_residual_kw"": 2.842170943040401e-14, ""max_soc_residual_kwh"": 1.1368683772161603e-13, ""initial_state"": {""energy_kwh"": 1700.0, ""temperatures_c"": [5.0, 5.0, 5.0, -0.4917950249892792], ""online"": 3, ""diesel_states"": [{""healthy"": true, ""running"": true, ""pending"": false, ""onsite"": false, ""prep"": 3, ""min_up"": 0, ""min_down"": 0, ""repair_until"": -1, ""runtime"": 333, ""demands"": 1}, {""healthy"": true, ""running"": true, ""pending"": false, ""onsite"": false, ""prep"": 3, ""min_up"": 0, ""min_down"": 0, ""repair_until"": -1, ""runtime"": 329, ""demands"": 1}, {""healthy"": true, ""running"": true, ""pending"": false, ""onsite"": false, ""prep"": 3, ""min_up"": 0, ""min_down"": 0, ""repair_until"": -1, ""runtime"": 325, ""demands"": 1}, {""healthy"": true, ""running"": false, ""pending"": false, ""onsite"": false, ""prep"": 0.0, ""min_up"": 0, ""min_down"": 0, ""repair_until"": -1, ""runtime"": 0, ""demands"": 0}]}, ""final_state"": {""energy_kwh"": 1700.0, ""temperatures_c"": [5.0, 5.0, 5.0, 5.0], ""online"": 3, ""diesel_states"": [{""healthy"": true, ""running"": false, ""pending"": false, ""onsite"": false, ""prep"": 3, ""min_up"": 0, ""min_down"": 0, ""repair_until"": 8510, ""runtime"": 8456, ""demands"": 4}, {""healthy"": true, ""running"": true, ""pending"": false, ""onsite"": false, ""prep"": 3, ""min_up"": 0, ""min_down"": 0, ""repair_until"": 6993, ""runtime"": 8324, ""demands"": 4}, {""healthy"": true, ""running"": true, ""pending"": false, ""onsite"": false, ""prep"": 3, ""min_up"": 0, ""min_down"": 0, ""repair_until"": 7397, ""runtime"": 6070, ""demands"": 10}, {""healthy"": true, ""running"": true, ""pending"": false, ""onsite"": false, ""prep"": 3, ""min_up"": 0, ""min_down"": 0, ""repair_until"": 6508, ""runtime"": 4400, ""demands"": 8}], ""other_repair_until"": {""wind"": [566, -1000000000000000, 5228, -1000000000000000, -1000000000000000], ""pv"": [2734, 5665, 791], ""pcs"": [-1000000000000000, 5021, -1000000000000000, -1000000000000000]}}, ""energy_inventory_change_kwh"": 0.0, ""forecast_basis"": ""current_measurements_only"", ""dump_load_kw"": 0, ""repair_clock"": ""calendar_reference"", ""operating_cost_basis"": ""same_executed_policy""}",4019758.521471423,load_first_three_online,holdout,78,2026091702,"{""wind"": 5, ""pv"": 3, ""diesel"": 4, ""battery_energy"": 40, ""pcs"": 4}",True,0.0078125
,"holdout:(5, 3, 4, 40, 4):c1b16c40e93d24d01996b4bd81ccf0b9d616e7bef83b01e34c8697540ee6de0f:79",0.0,"{""shed_hours"": 0.0, ""longest_shed_hours"": 0.0, ""heater_kwh"": 70856.83404095375, ""diesel_kwh"": 1203691.1149887545, ""diesel_fuel_kg"": 267486.91444195586, ""battery_discharge_kwh"": 1954.2994445111124, ""battery_charge_kwh"": 2523.6304810319075, ""starts"": 24.0, ""start_failures"": 0.0, ""diesel_run_failures"": 16.0, ""diesel_online_hours"": 26245.0, ""wind_failures"": 6.0, ""pv_failures"": 2.0, ""pcs_failures"": 1.0, ""wind_protective_stop_hours"": 1073.0, ""wait_access_unit_hours"": 16.0, ""wait_crew_unit_hours"": 1.0, ""wait_prep_unit_hours"": 27.0, ""wait_heat_unit_hours"": 0.0, ""unserved_heater_command_kwh"": 0.0, ""max_balance_residual_kw"": 2.842170943040401e-14, ""max_soc_residual_kwh"": 1.1368683772161603e-13, ""initial_state"": {""energy_kwh"": 1700.0, ""temperatures_c"": [5.0, 5.0, 5.0, -0.4917950249892792], ""online"": 3, ""diesel_states"": [{""healthy"": true, ""running"": true, ""pending"": false, ""onsite"": false, ""prep"": 3, ""min_up"": 0, ""min_down"": 0, ""repair_until"": -1, ""runtime"": 333, ""demands"": 1}, {""healthy"": true, ""running"": true, ""pending"": false, ""onsite"": false, ""prep"": 3, ""min_up"": 0, ""min_down"": 0, ""repair_until"": -1, ""runtime"": 329, ""demands"": 1}, {""healthy"": true, ""running"": true, ""pending"": false, ""onsite"": false, ""prep"": 3, ""min_up"": 0, ""min_down"": 0, ""repair_until"": -1, ""runtime"": 325, ""demands"": 1}, {""healthy"": true, ""running"": false, ""pending"": false, ""onsite"": false, ""prep"": 0.0, ""min_up"": 0, ""min_down"": 0, ""repair_until"": -1, ""runtime"": 0, ""demands"": 0}]}, ""final_state"": {""energy_kwh"": 1700.0, ""temperatures_c"": [5.0, 5.0, 5.0, 5.0], ""online"": 3, ""diesel_states"": [{""healthy"": true, ""running"": true, ""pending"": false, ""onsite"": false, ""prep"": 3, ""min_up"": 0, ""min_down"": 0, ""repair_until"": 7523, ""runtime"": 6395, ""demands"": 7}, {""healthy"": true, ""running"": true, ""pending"": false, ""onsite"": false, ""prep"": 3, ""min_up"": 0, ""min_down"": 0, ""repair_until"": 7904, ""runtime"": 9015, ""demands"": 3}, {""healthy"": true, ""running"": true, ""pending"": false, ""onsite"": false, ""prep"": 3, ""min_up"": 0, ""min_down"": 0, ""repair_until"": 6122, ""runtime"": 6619, ""demands"": 8}, {""healthy"": true, ""running"": false, ""pending"": false, ""onsite"": false, ""prep"": 3, ""min_up"": 0, ""min_down"": 0, ""repair_until"": 8073, ""runtime"": 5203, ""demands"": 9}], ""other_repair_until"": {""wind"": [5633, 8860, 4086, -1000000000000000, 7345], ""pv"": [-1000000000000000, -1000000000000000, 4667], ""pcs"": [-1000000000000000, -1000000000000000, -1000000000000000, 7272]}}, ""energy_inventory_change_kwh"": 0.0, ""forecast_basis"": ""current_measurements_only"", ""dump_load_kw"": 0, ""repair_clock"": ""calendar_reference"", ""operating_cost_basis"": ""same_executed_policy""}",4012303.716629178,load_first_three_online,holdout,79,2026091702,"{""wind"": 5, ""pv"": 3, ""diesel"": 4, ""battery_energy"": 40, ""pcs"": 4}",True,0.0078125
,"holdout:(5, 3, 4, 40, 4):c1b16c40e93d24d01996b4bd81ccf0b9d616e7bef83b01e34c8697540ee6de0f:80",0.0,"{""shed_hours"": 0.0, ""longest_shed_hours"": 0.0, ""heater_kwh"": 70967.61078027803, ""diesel_kwh"": 1205717.6994071275, ""diesel_fuel_kg"": 267937.2665349269, ""battery_discharge_kwh"": 617.4583334333346, ""battery_charge_kwh"": 797.3377239583323, ""starts"": 16.0, ""start_failures"": 0.0, ""diesel_run_failures"": 11.0, ""diesel_online_hours"": 26257.0, ""wind_failures"": 5.0, ""pv_failures"": 3.0, ""pcs_failures"": 2.0, ""wind_protective_stop_hours"": 1073.0, ""wait_access_unit_hours"": 1.0, ""wait_crew_unit_hours"": 0.0, ""wait_prep_unit_hours"": 15.0, ""wait_heat_unit_hours"": 0.0, ""unserved_heater_command_kwh"": 0.0, ""max_balance_residual_kw"": 2.842170943040401e-14, ""max_soc_residual_kwh"": 1.1368683772161603e-13, ""initial_state"": {""energy_kwh"": 1700.0, ""temperatures_c"": [5.0, 5.0, 5.0, 5.0], ""online"": 3, ""diesel_states"": [{""healthy"": true, ""running"": true, ""pending"": false, ""onsite"": false, ""prep"": 3, ""min_up"": 0, ""min_down"": 0, ""repair_until"": -105, ""runtime"": 244, ""demands"": 2}, {""healthy"": true, ""running"": true, ""pending"": false, ""onsite"": false, ""prep"": 3, ""min_up"": 0, ""min_down"": 0, ""repair_until"": -1, ""runtime"": 329, ""demands"": 1}, {""healthy"": true, ""running"": true, ""pending"": false, ""onsite"": false, ""prep"": 3, ""min_up"": 0, ""min_down"": 0, ""repair_until"": -1, ""runtime"": 325, ""demands"": 1}, {""healthy"": false, ""running"": false, ""pending"": false, ""onsite"": false, ""prep"": 0.0, ""min_up"": 0, ""min_down"": 0, ""repair_until"": 51, ""runtime"": 86, ""demands"": 1}]}, ""final_state"": {""energy_kwh"": 1700.0, ""temperatures_c"": [5.0, 5.0, 5.0, 5.0], ""online"": 3, ""diesel_states"": [{""healthy"": true, ""running"": false, ""pending"": false, ""onsite"": false, ""prep"": 3, ""min_up"": 0, ""min_down"": 0, ""repair_until"": 8114, ""runtime"": 8201, ""demands"": 4}, {""healthy"": true, ""running"": true, ""pending"": false, ""onsite"": false, ""prep"": 3, ""min_up"": 0, ""min_down"": 0, ""repair_until"": 6172, ""runtime"": 8142, ""demands"": 3}, {""healthy"": true, ""running"": true, ""pending"": false, ""onsite"": false, ""prep"": 3, ""min_up"": 0, ""min_down"": 0, ""repair_until"": 6756, ""runtime"": 5595, ""demands"": 7}, {""healthy"": true, ""running"": true, ""pending"": false, ""onsite"": false, ""prep"": 3, ""min_up"": 0, ""min_down"": 0, ""repair_until"": 6208, ""runtime"": 5303, ""demands"": 7}], ""other_repair_until"": {""wind"": [4480, -1000000000000000, 6415, 7813, -1000000000000000], ""pv"": [-1000000000000000, 2944, 7756], ""pcs"": [-1000000000000000, 2039, 8213, -1000000000000000]}}, ""energy_inventory_change_kwh"": 0.0, ""forecast_basis"": ""current_measurements_only"", ""dump_load_kw"": 0, ""repair_clock"": ""calendar_reference"", ""operating_cost_basis"": ""same_executed_policy""}",4019058.998023754,load_first_three_online,holdout,80,2026091702,"{""wind"": 5, ""pv"": 3, ""diesel"": 4, ""battery_energy"": 40, ""pcs"": 4}",True,0.0078125
,"holdout:(5, 3, 4, 40, 4):c1b16c40e93d24d01996b4bd81ccf0b9d616e7bef83b01e34c8697540ee6de0f:81",0.0,"{""shed_hours"": 0.0, ""longest_shed_hours"": 0.0, ""heater_kwh"": 70743.02095756249, ""diesel_kwh"": 1204277.0511513099, ""diesel_fuel_kg"": 267617.12247807987, ""battery_discharge_kwh"": 514.2150001333348, ""battery_charge_kwh"": 664.0173038911835, ""starts"": 23.0, ""start_failures"": 0.0, ""diesel_run_failures"": 16.0, ""diesel_online_hours"": 26253.0, ""wind_failures"": 1.0, ""pv_failures"": 4.0, ""pcs_failures"": 0.0, ""wind_protective_stop_hours"": 1073.0, ""wait_access_unit_hours"": 1.0, ""wait_crew_unit_hours"": 0.0, ""wait_prep_unit_hours"": 24.0, ""wait_heat_unit_hours"": 0.0, ""unserved_heater_command_kwh"": 0.0, ""max_balance_residual_kw"": 2.842170943040401e-14, ""max_soc_residual_kwh"": 1.1368683772161603e-13, ""initial_state"": {""energy_kwh"": 1700.0, ""temperatures_c"": [5.0, 5.0, 5.0, -0.4917950249892792], ""online"": 3, ""diesel_states"": [{""healthy"": true, ""running"": true, ""pending"": false, ""onsite"": false, ""prep"": 3, ""min_up"": 0, ""min_down"": 0, ""repair_until"": -1, ""runtime"": 333, ""demands"": 1}, {""healthy"": true, ""running"": true, ""pending"": false, ""onsite"": false, ""prep"": 3, ""min_up"": 0, ""min_down"": 0, ""repair_until"": -1, ""runtime"": 329, ""demands"": 1}, {""healthy"": true, ""running"": true, ""pending"": false, ""onsite"": false, ""prep"": 3, ""min_up"": 0, ""min_down"": 0, ""repair_until"": -1, ""runtime"": 325, ""demands"": 1}, {""healthy"": true, ""running"": false, ""pending"": false, ""onsite"": false, ""prep"": 0.0, ""min_up"": 0, ""min_down"": 0, ""repair_until"": -1, ""runtime"": 0, ""demands"": 0}]}, ""final_state"": {""energy_kwh"": 1700.0, ""temperatures_c"": [5.0, 5.0, 5.0, 5.0], ""online"": 3, ""diesel_states"": [{""healthy"": true, ""running"": false, ""pending"": false, ""onsite"": false, ""prep"": 3, ""min_up"": 0, ""min_down"": 0, ""repair_until"": 8663, ""runtime"": 7240, ""demands"": 7}, {""healthy"": true, ""running"": true, ""pending"": false, ""onsite"": false, ""prep"": 3, ""min_up"": 0, ""min_down"": 0, ""repair_until"": 8272, ""runtime"": 7942, ""demands"": 4}, {""healthy"": true, ""running"": true, ""pending"": false, ""onsite"": false, ""prep"": 3, ""min_up"": 0, ""min_down"": 0, ""repair_until"": 2691, ""runtime"": 8273, ""demands"": 6}, {""healthy"": true, ""running"": true, ""pending"": false, ""onsite"": false, ""prep"": 3, ""min_up"": 0, ""min_down"": 0, ""repair_until"": 8403, ""runtime"": 3785, ""demands"": 9}], ""other_repair_until"": {""wind"": [-1000000000000000, -1000000000000000, -1000000000000000, -1000000000000000, 5193], ""pv"": [-1000000000000000, 4274, 1441], ""pcs"": [-1000000000000000, -1000000000000000, -1000000000000000, -1000000000000000]}}, ""energy_inventory_change_kwh"": 0.0, ""forecast_basis"": ""current_measurements_only"", ""dump_load_kw"": 0, ""repair_clock"": ""calendar_reference"", ""operating_cost_basis"": ""same_executed_policy""}",4014256.8371710284,load_first_three_online,holdout,81,2026091702,"{""wind"": 5, ""pv"": 3, ""diesel"": 4, ""battery_energy"": 40, ""pcs"": 4}",True,0.0078125
,"holdout:(5, 3, 4, 40, 4):c1b16c40e93d24d01996b4bd81ccf0b9d616e7bef83b01e34c8697540ee6de0f:82",0.0,"{""shed_hours"": 0.0, ""longest_shed_hours"": 0.0, ""heater_kwh"": 70949.01456455658, ""diesel_kwh"": 1201692.2585760287, ""diesel_fuel_kg"": 267042.7241280164, ""battery_discharge_kwh"": 886.9216667333345, ""battery_charge_kwh"": 1145.301739066803, ""starts"": 18.0, ""start_failures"": 0.0, ""diesel_run_failures"": 12.0, ""diesel_online_hours"": 26269.0, ""wind_failures"": 4.0, ""pv_failures"": 2.0, ""pcs_failures"": 0.0, ""wind_protective_stop_hours"": 1073.0, ""wait_access_unit_hours"": 5.0, ""wait_crew_unit_hours"": 0.0, ""wait_prep_unit_hours"": 21.0, ""wait_heat_unit_hours"": 0.0, ""unserved_heater_command_kwh"": 0.0, ""max_balance_residual_kw"": 2.842170943040401e-14, ""max_soc_residual_kwh"": 1.1368683772161603e-13, ""initial_state"": {""energy_kwh"": 1700.0, ""temperatures_c"": [5.0, 5.0, 5.0, -0.4917950249892792], ""online"": 3, ""diesel_states"": [{""healthy"": true, ""running"": true, ""pending"": false, ""onsite"": false, ""prep"": 3, ""min_up"": 0, ""min_down"": 0, ""repair_until"": -1, ""runtime"": 333, ""demands"": 1}, {""healthy"": true, ""running"": true, ""pending"": false, ""onsite"": false, ""prep"": 3, ""min_up"": 0, ""min_down"": 0, ""repair_until"": -1, ""runtime"": 329, ""demands"": 1}, {""healthy"": true, ""running"": true, ""pending"": false, ""onsite"": false, ""prep"": 3, ""min_up"": 0, ""min_down"": 0, ""repair_until"": -1, ""runtime"": 325, ""demands"": 1}, {""healthy"": true, ""running"": false, ""pending"": false, ""onsite"": false, ""prep"": 0.0, ""min_up"": 0, ""min_down"": 0, ""repair_until"": -1, ""runtime"": 0, ""demands"": 0}]}, ""final_state"": {""energy_kwh"": 1700.0, ""temperatures_c"": [5.0, 5.0, 5.0, 5.0], ""online"": 3, ""diesel_states"": [{""healthy"": true, ""running"": false, ""pending"": false, ""onsite"": false, ""prep"": 3, ""min_up"": 0, ""min_down"": 0, ""repair_until"": 7490, ""runtime"": 6365, ""demands"": 6}, {""healthy"": true, ""running"": true, ""pending"": false, ""onsite"": false, ""prep"": 3, ""min_up"": 0, ""min_down"": 0, ""repair_until"": 7372, ""runtime"": 5668, ""demands"": 5}, {""healthy"": true, ""running"": true, ""pending"": false, ""onsite"": false, ""prep"": 3, ""min_up"": 0, ""min_down"": 0, ""repair_until"": 7151, ""runtime"": 8052, ""demands"": 4}, {""healthy"": true, ""running"": true, ""pending"": false, ""onsite"": false, ""prep"": 3, ""min_up"": 0, ""min_down"": 0, ""repair_until"": -1, ""runtime"": 7171, ""demands"": 6}], ""other_repair_until"": {""wind"": [6307, 8657, -1000000000000000, 1298, 6891], ""pv"": [-1000000000000000, 6681, 2762], ""pcs"": [-1000000000000000, -1000000000000000, -1000000000000000, -1000000000000000]}}, ""energy_inventory_change_kwh"": 0.0, ""forecast_basis"": ""current_measurements_only"", ""dump_load_kw"": 0, ""repair_clock"": ""calendar_reference"", ""operating_cost_basis"": ""same_executed_policy""}",4005640.861920089,load_first_three_online,holdout,82,2026091702,"{""wind"": 5, ""pv"": 3, ""diesel"": 4, ""battery_energy"": 40, ""pcs"": 4}",True,0.0078125
,"holdout:(5, 3, 4, 40, 4):c1b16c40e93d24d01996b4bd81ccf0b9d616e7bef83b01e34c8697540ee6de0f:83",943.0950001,"{""shed_hours"": 22.0, ""longest_shed_hours"": 22, ""heater_kwh"": 70621.72324784115, ""diesel_kwh"": 1199103.0131570152, ""diesel_fuel_kg"": 266467.33625712455, ""battery_discharge_kwh"": 2695.2427779444456, ""battery_charge_kwh"": 3480.427140940655, ""starts"": 33.0, ""start_failures"": 0.0, ""diesel_run_failures"": 26.0, ""diesel_online_hours"": 26197.0, ""wind_failures"": 8.0, ""pv_failures"": 0.0, ""pcs_failures"": 0.0, ""wind_protective_stop_hours"": 1073.0, ""wait_access_unit_hours"": 29.0, ""wait_crew_unit_hours"": 15.0, ""wait_prep_unit_hours"": 24.0, ""wait_heat_unit_hours"": 21.0, ""unserved_heater_command_kwh"": 956.3235534617087, ""max_balance_residual_kw"": 2.842170943040401e-14, ""max_soc_residual_kwh"": 1.1368683772161603e-13, ""initial_state"": {""energy_kwh"": 1700.0, ""temperatures_c"": [5.0, 5.0, 5.0, -0.4917950249892792], ""online"": 3, ""diesel_states"": [{""healthy"": true, ""running"": true, ""pending"": false, ""onsite"": false, ""prep"": 3, ""min_up"": 0, ""min_down"": 0, ""repair_until"": -1, ""runtime"": 333, ""demands"": 1}, {""healthy"": true, ""running"": true, ""pending"": false, ""onsite"": false, ""prep"": 3, ""min_up"": 0, ""min_down"": 0, ""repair_until"": -1, ""runtime"": 329, ""demands"": 1}, {""healthy"": true, ""running"": true, ""pending"": false, ""onsite"": false, ""prep"": 3, ""min_up"": 0, ""min_down"": 0, ""repair_until"": -1, ""runtime"": 325, ""demands"": 1}, {""healthy"": true, ""running"": false, ""pending"": false, ""onsite"": false, ""prep"": 0.0, ""min_up"": 0, ""min_down"": 0, ""repair_until"": -1, ""runtime"": 0, ""demands"": 0}]}, ""final_state"": {""energy_kwh"": 1700.0, ""temperatures_c"": [5.0, 5.0, 5.0, 5.0], ""online"": 3, ""diesel_states"": [{""healthy"": true, ""running"": true, ""pending"": false, ""onsite"": false, ""prep"": 3, ""min_up"": 0, ""min_down"": 0, ""repair_until"": 7865, ""runtime"": 7670, ""demands"": 5}, {""healthy"": false, ""running"": false, ""pending"": false, ""onsite"": false, ""prep"": 0.0, ""min_up"": 0, ""min_down"": 0, ""repair_until"": 8770, ""runtime"": 5309, ""demands"": 9}, {""healthy"": true, ""running"": true, ""pending"": false, ""onsite"": false, ""prep"": 3, ""min_up"": 0, ""min_down"": 0, ""repair_until"": 6198, ""runtime"": 7799, ""demands"": 10}, {""healthy"": true, ""running"": true, ""pending"": false, ""onsite"": false, ""prep"": 3, ""min_up"": 0, ""min_down"": 0, ""repair_until"": 7580, ""runtime"": 6406, ""demands"": 12}], ""other_repair_until"": {""wind"": [8549, 5948, -1000000000000000, -1000000000000000, 3758], ""pv"": [-1000000000000000, -1000000000000000, -1000000000000000], ""pcs"": [-1000000000000000, -1000000000000000, -1000000000000000, -1000000000000000]}}, ""energy_inventory_change_kwh"": 0.0, ""forecast_basis"": ""current_measurements_only"", ""dump_load_kw"": 0, ""repair_clock"": ""calendar_reference"", ""operating_cost_basis"": ""same_executed_policy""}",3997010.0438567027,load_first_three_online,holdout,83,2026091702,"{""wind"": 5, ""pv"": 3, ""diesel"": 4, ""battery_energy"": 40, ""pcs"": 4}",True,0.0078125
,"holdout:(5, 3, 4, 40, 4):c1b16c40e93d24d01996b4bd81ccf0b9d616e7bef83b01e34c8697540ee6de0f:84",0.0,"{""shed_hours"": 0.0, ""longest_shed_hours"": 0.0, ""heater_kwh"": 70967.61078027803, ""diesel_kwh"": 1218212.6542602174, ""diesel_fuel_kg"": 270713.923168944, ""battery_discharge_kwh"": 970.6405557222237, ""battery_charge_kwh"": 1253.4098085255953, ""starts"": 20.0, ""start_failures"": 0.0, ""diesel_run_failures"": 16.0, ""diesel_online_hours"": 26247.0, ""wind_failures"": 3.0, ""pv_failures"": 5.0, ""pcs_failures"": 0.0, ""wind_protective_stop_hours"": 1073.0, ""wait_access_unit_hours"": 1.0, ""wait_crew_unit_hours"": 0.0, ""wait_prep_unit_hours"": 12.0, ""wait_heat_unit_hours"": 0.0, ""unserved_heater_command_kwh"": 0.0, ""max_balance_residual_kw"": 2.842170943040401e-14, ""max_soc_residual_kwh"": 1.1368683772161603e-13, ""initial_state"": {""energy_kwh"": 1700.0, ""temperatures_c"": [5.0, 5.0, 5.0, 5.0], ""online"": 3, ""diesel_states"": [{""healthy"": true, ""running"": true, ""pending"": false, ""onsite"": false, ""prep"": 3, ""min_up"": 0, ""min_down"": 0, ""repair_until"": -1, ""runtime"": 333, ""demands"": 1}, {""healthy"": true, ""running"": true, ""pending"": false, ""onsite"": false, ""prep"": 3, ""min_up"": 0, ""min_down"": 0, ""repair_until"": -1, ""runtime"": 329, ""demands"": 1}, {""healthy"": true, ""running"": true, ""pending"": false, ""onsite"": false, ""prep"": 3, ""min_up"": 0, ""min_down"": 0, ""repair_until"": -65, ""runtime"": 268, ""demands"": 2}, {""healthy"": true, ""running"": false, ""pending"": false, ""onsite"": false, ""prep"": 3, ""min_up"": 0, ""min_down"": 0, ""repair_until"": -5, ""runtime"": 54, ""demands"": 1}]}, ""final_state"": {""energy_kwh"": 1700.0, ""temperatures_c"": [5.0, 5.0, 5.0, 5.0], ""online"": 3, ""diesel_states"": [{""healthy"": true, ""running"": false, ""pending"": false, ""onsite"": false, ""prep"": 3, ""min_up"": 0, ""min_down"": 0, ""repair_until"": 6992, ""runtime"": 6751, ""demands"": 3}, {""healthy"": true, ""running"": true, ""pending"": false, ""onsite"": false, ""prep"": 3, ""min_up"": 0, ""min_down"": 0, ""repair_until"": 6753, ""runtime"": 7588, ""demands"": 6}, {""healthy"": true, ""running"": true, ""pending"": false, ""onsite"": false, ""prep"": 3, ""min_up"": 0, ""min_down"": 0, ""repair_until"": 6965, ""runtime"": 7228, ""demands"": 9}, {""healthy"": true, ""running"": true, ""pending"": false, ""onsite"": false, ""prep"": 3, ""min_up"": 0, ""min_down"": 0, ""repair_until"": 5135, ""runtime"": 5664, ""demands"": 7}], ""other_repair_until"": {""wind"": [-1000000000000000, -1000000000000000, 8308, -1000000000000000, 2681], ""pv"": [1221, 8266, 7836], ""pcs"": [-1000000000000000, -1000000000000000, -1000000000000000, -1000000000000000]}}, ""energy_inventory_change_kwh"": 0.0, ""forecast_basis"": ""current_measurements_only"", ""dump_load_kw"": 0, ""repair_clock"": ""calendar_reference"", ""operating_cost_basis"": ""same_executed_policy""}",4060708.8475340502,load_first_three_online,holdout,84,2026091702,"{""wind"": 5, ""pv"": 3, ""diesel"": 4, ""battery_energy"": 40, ""pcs"": 4}",True,0.0078125
,"holdout:(5, 3, 4, 40, 4):c1b16c40e93d24d01996b4bd81ccf0b9d616e7bef83b01e34c8697540ee6de0f:85",0.0,"{""shed_hours"": 0.0, ""longest_shed_hours"": 0.0, ""heater_kwh"": 70708.44277927327, ""diesel_kwh"": 1201639.9287994045, ""diesel_fuel_kg"": 267031.09528876696, ""battery_discharge_kwh"": 689.325000033335, ""battery_charge_kwh"": 890.1407541752748, ""starts"": 21.0, ""start_failures"": 0.0, ""diesel_run_failures"": 16.0, ""diesel_online_hours"": 26271.0, ""wind_failures"": 2.0, ""pv_failures"": 3.0, ""pcs_failures"": 1.0, ""wind_protective_stop_hours"": 1073.0, ""wait_access_unit_hours"": 4.0, ""wait_crew_unit_hours"": 0.0, ""wait_prep_unit_hours"": 18.0, ""wait_heat_unit_hours"": 0.0, ""unserved_heater_command_kwh"": 0.0, ""max_balance_residual_kw"": 2.842170943040401e-14, ""max_soc_residual_kwh"": 1.1368683772161603e-13, ""initial_state"": {""energy_kwh"": 1700.0, ""temperatures_c"": [5.0, 5.0, 5.0, -0.4917950249892792], ""online"": 3, ""diesel_states"": [{""healthy"": true, ""running"": true, ""pending"": false, ""onsite"": false, ""prep"": 3, ""min_up"": 0, ""min_down"": 0, ""repair_until"": -1, ""runtime"": 333, ""demands"": 1}, {""healthy"": true, ""running"": true, ""pending"": false, ""onsite"": false, ""prep"": 3, ""min_up"": 0, ""min_down"": 0, ""repair_until"": -1, ""runtime"": 329, ""demands"": 1}, {""healthy"": true, ""running"": true, ""pending"": false, ""onsite"": false, ""prep"": 3, ""min_up"": 0, ""min_down"": 0, ""repair_until"": -1, ""runtime"": 325, ""demands"": 1}, {""healthy"": true, ""running"": false, ""pending"": false, ""onsite"": false, ""prep"": 0.0, ""min_up"": 0, ""min_down"": 0, ""repair_until"": -1, ""runtime"": 0, ""demands"": 0}]}, ""final_state"": {""energy_kwh"": 1700.0, ""temperatures_c"": [5.0, 5.0, 5.0, 5.0], ""online"": 3, ""diesel_states"": [{""healthy"": true, ""running"": true, ""pending"": false, ""onsite"": false, ""prep"": 3, ""min_up"": 0, ""min_down"": 0, ""repair_until"": 7097, ""runtime"": 8164, ""demands"": 4}, {""healthy"": true, ""running"": false, ""pending"": false, ""onsite"": false, ""prep"": 3, ""min_up"": 0, ""min_down"": 0, ""repair_until"": 7557, ""runtime"": 6684, ""demands"": 6}, {""healthy"": true, ""running"": true, ""pending"": false, ""onsite"": false, ""prep"": 3, ""min_up"": 0, ""min_down"": 0, ""repair_until"": 5972, ""runtime"": 5965, ""demands"": 8}, {""healthy"": true, ""running"": true, ""pending"": false, ""onsite"": false, ""prep"": 3, ""min_up"": 0, ""min_down"": 0, ""repair_until"": 5528, ""runtime"": 6445, ""demands"": 6}], ""other_repair_until"": {""wind"": [-1000000000000000, -1000000000000000, -1000000000000000, 3247, 318], ""pv"": [7062, 4912, 4230], ""pcs"": [-1000000000000000, -1000000000000000, 1567, -1000000000000000]}}, ""energy_inventory_change_kwh"": 0.0, ""forecast_basis"": ""current_measurements_only"", ""dump_load_kw"": 0, ""repair_clock"": ""calendar_reference"", ""operating_cost_basis"": ""same_executed_policy""}",4005466.429331344,load_first_three_online,holdout,85,2026091702,"{""wind"": 5, ""pv"": 3, ""diesel"": 4, ""battery_energy"": 40, ""pcs"": 4}",True,0.0078125
,"holdout:(5, 3, 4, 40, 4):c1b16c40e93d24d01996b4bd81ccf0b9d616e7bef83b01e34c8697540ee6de0f:86",0.0,"{""shed_hours"": 0.0, ""longest_shed_hours"": 0.0, ""heater_kwh"": 70853.6135637526, ""diesel_kwh"": 1203104.268405453, ""diesel_fuel_kg"": 267356.504090111, ""battery_discharge_kwh"": 640.7750000333345, ""battery_charge_kwh"": 827.4470558281665, ""starts"": 17.0, ""start_failures"": 0.0, ""diesel_run_failures"": 11.0, ""diesel_online_hours"": 26276.0, ""wind_failures"": 7.0, ""pv_failures"": 2.0, ""pcs_failures"": 0.0, ""wind_protective_stop_hours"": 1073.0, ""wait_access_unit_hours"": 1.0, ""wait_crew_unit_hours"": 0.0, ""wait_prep_unit_hours"": 21.0, ""wait_heat_unit_hours"": 0.0, ""unserved_heater_command_kwh"": 0.0, ""max_balance_residual_kw"": 2.842170943040401e-14, ""max_soc_residual_kwh"": 1.1368683772161603e-13, ""initial_state"": {""energy_kwh"": 1700.0, ""temperatures_c"": [5.0, 5.0, 5.0, -0.4917950249892792], ""online"": 3, ""diesel_states"": [{""healthy"": true, ""running"": true, ""pending"": false, ""onsite"": false, ""prep"": 3, ""min_up"": 0, ""min_down"": 0, ""repair_until"": -1, ""runtime"": 333, ""demands"": 1}, {""healthy"": true, ""running"": true, ""pending"": false, ""onsite"": false, ""prep"": 3, ""min_up"": 0, ""min_down"": 0, ""repair_until"": -1, ""runtime"": 329, ""demands"": 1}, {""healthy"": true, ""running"": true, ""pending"": false, ""onsite"": false, ""prep"": 3, ""min_up"": 0, ""min_down"": 0, ""repair_until"": -1, ""runtime"": 325, ""demands"": 1}, {""healthy"": true, ""running"": false, ""pending"": false, ""onsite"": false, ""prep"": 0.0, ""min_up"": 0, ""min_down"": 0, ""repair_until"": -1, ""runtime"": 0, ""demands"": 0}]}, ""final_state"": {""energy_kwh"": 1700.0, ""temperatures_c"": [5.0, 5.0, 5.0, 5.0], ""online"": 3, ""diesel_states"": [{""healthy"": true, ""running"": true, ""pending"": false, ""onsite"": false, ""prep"": 3, ""min_up"": 0, ""min_down"": 0, ""repair_until"": 2871, ""runtime"": 6904, ""demands"": 3}, {""healthy"": true, ""running"": true, ""pending"": false, ""onsite"": false, ""prep"": 3, ""min_up"": 0, ""min_down"": 0, ""repair_until"": 8653, ""runtime"": 8555, ""demands"": 3}, {""healthy"": false, ""running"": false, ""pending"": false, ""onsite"": false, ""prep"": 0.0, ""min_up"": 0, ""min_down"": 0, ""repair_until"": 8883, ""runtime"": 7421, ""demands"": 6}, {""healthy"": true, ""running"": true, ""pending"": false, ""onsite"": false, ""prep"": 3, ""min_up"": 0, ""min_down"": 0, ""repair_until"": 6332, ""runtime"": 4383, ""demands"": 8}], ""other_repair_until"": {""wind"": [5929, 8715, -1000000000000000, 8169, -122], ""pv"": [7652, -1000000000000000, -1000000000000000], ""pcs"": [-1000000000000000, -1000000000000000, -1000000000000000, -1000000000000000]}}, ""energy_inventory_change_kwh"": 0.0, ""forecast_basis"": ""current_measurements_only"", ""dump_load_kw"": 0, ""repair_clock"": ""calendar_reference"", ""operating_cost_basis"": ""same_executed_policy""}",4010347.5613515065,load_first_three_online,holdout,86,2026091702,"{""wind"": 5, ""pv"": 3, ""diesel"": 4, ""battery_energy"": 40, ""pcs"": 4}",True,0.0078125
,"holdout:(5, 3, 4, 40, 4):c1b16c40e93d24d01996b4bd81ccf0b9d616e7bef83b01e34c8697540ee6de0f:87",0.0,"{""shed_hours"": 0.0, ""longest_shed_hours"": 0.0, ""heater_kwh"": 70634.55584690464, ""diesel_kwh"": 1202224.2778887681, ""diesel_fuel_kg"": 267160.95064195845, ""battery_discharge_kwh"": 789.2780556555571, ""battery_charge_kwh"": 1019.2123652576894, ""starts"": 31.0, ""start_failures"": 0.0, ""diesel_run_failures"": 25.0, ""diesel_online_hours"": 26258.0, ""wind_failures"": 6.0, ""pv_failures"": 2.0, ""pcs_failures"": 0.0, ""wind_protective_stop_hours"": 1073.0, ""wait_access_unit_hours"": 1.0, ""wait_crew_unit_hours"": 0.0, ""wait_prep_unit_hours"": 21.0, ""wait_heat_unit_hours"": 0.0, ""unserved_heater_command_kwh"": 0.0, ""max_balance_residual_kw"": 2.842170943040401e-14, ""max_soc_residual_kwh"": 1.1368683772161603e-13, ""initial_state"": {""energy_kwh"": 1700.0, ""temperatures_c"": [5.0, 5.0, 5.0, -0.4917950249892792], ""online"": 3, ""diesel_states"": [{""healthy"": true, ""running"": true, ""pending"": false, ""onsite"": false, ""prep"": 3, ""min_up"": 0, ""min_down"": 0, ""repair_until"": -1, ""runtime"": 333, ""demands"": 1}, {""healthy"": true, ""running"": true, ""pending"": false, ""onsite"": false, ""prep"": 3, ""min_up"": 0, ""min_down"": 0, ""repair_until"": -1, ""runtime"": 329, ""demands"": 1}, {""healthy"": true, ""running"": true, ""pending"": false, ""onsite"": false, ""prep"": 3, ""min_up"": 0, ""min_down"": 0, ""repair_until"": -1, ""runtime"": 325, ""demands"": 1}, {""healthy"": true, ""running"": false, ""pending"": false, ""onsite"": false, ""prep"": 0.0, ""min_up"": 0, ""min_down"": 0, ""repair_until"": -1, ""runtime"": 0, ""demands"": 0}]}, ""final_state"": {""energy_kwh"": 1700.0, ""temperatures_c"": [5.0, 5.0, 5.0, 5.0], ""online"": 3, ""diesel_states"": [{""healthy"": true, ""running"": true, ""pending"": false, ""onsite"": false, ""prep"": 3, ""min_up"": 0, ""min_down"": 0, ""repair_until"": 6423, ""runtime"": 8047, ""demands"": 6}, {""healthy"": true, ""running"": true, ""pending"": false, ""onsite"": false, ""prep"": 3, ""min_up"": 0, ""min_down"": 0, ""repair_until"": 7879, ""runtime"": 5271, ""demands"": 11}, {""healthy"": true, ""running"": false, ""pending"": false, ""onsite"": false, ""prep"": 3, ""min_up"": 0, ""min_down"": 0, ""repair_until"": 8349, ""runtime"": 7304, ""demands"": 7}, {""healthy"": true, ""running"": true, ""pending"": false, ""onsite"": false, ""prep"": 3, ""min_up"": 0, ""min_down"": 0, ""repair_until"": 7820, ""runtime"": 6623, ""demands"": 10}], ""other_repair_until"": {""wind"": [-1000000000000000, 6731, 8375, -1000000000000000, 1862], ""pv"": [5778, 6254, -1000000000000000], ""pcs"": [-1000000000000000, -1000000000000000, -1000000000000000, -1000000000000000]}}, ""energy_inventory_change_kwh"": 0.0, ""forecast_basis"": ""current_measurements_only"", ""dump_load_kw"": 0, ""repair_clock"": ""calendar_reference"", ""operating_cost_basis"": ""same_executed_policy""}",4007414.259629225,load_first_three_online,holdout,87,2026091702,"{""wind"": 5, ""pv"": 3, ""diesel"": 4, ""battery_energy"": 40, ""pcs"": 4}",True,0.0078125
,"holdout:(5, 3, 4, 40, 4):c1b16c40e93d24d01996b4bd81ccf0b9d616e7bef83b01e34c8697540ee6de0f:88",0.0,"{""shed_hours"": 0.0, ""longest_shed_hours"": 0.0, ""heater_kwh"": 70967.61078027803, ""diesel_kwh"": 1201782.815295644, ""diesel_fuel_kg"": 267062.8478434867, ""battery_discharge_kwh"": 659.7416668333348, ""battery_charge_kwh"": 851.9391358901506, ""starts"": 16.0, ""start_failures"": 0.0, ""diesel_run_failures"": 10.0, ""diesel_online_hours"": 26279.0, ""wind_failures"": 11.0, ""pv_failures"": 1.0, ""pcs_failures"": 2.0, ""wind_protective_stop_hours"": 1073.0, ""wait_access_unit_hours"": 1.0, ""wait_crew_unit_hours"": 0.0, ""wait_prep_unit_hours"": 18.0, ""wait_heat_unit_hours"": 0.0, ""unserved_heater_command_kwh"": 0.0, ""max_balance_residual_kw"": 2.842170943040401e-14, ""max_soc_residual_kwh"": 1.1368683772161603e-13, ""initial_state"": {""energy_kwh"": 1700.0, ""temperatures_c"": [5.0, 5.0, 5.0, 5.0], ""online"": 3, ""diesel_states"": [{""healthy"": true, ""running"": true, ""pending"": false, ""onsite"": false, ""prep"": 3, ""min_up"": 0, ""min_down"": 0, ""repair_until"": -1, ""runtime"": 333, ""demands"": 1}, {""healthy"": true, ""running"": true, ""pending"": false, ""onsite"": false, ""prep"": 3, ""min_up"": 0, ""min_down"": 0, ""repair_until"": -1, ""runtime"": 329, ""demands"": 1}, {""healthy"": true, ""running"": false, ""pending"": false, ""onsite"": false, ""prep"": 3, ""min_up"": 0, ""min_down"": 0, ""repair_until"": -117, ""runtime"": 203, ""demands"": 1}, {""healthy"": true, ""running"": true, ""pending"": false, ""onsite"": false, ""prep"": 3, ""min_up"": 0, ""min_down"": 0, ""repair_until"": -1, ""runtime"": 119, ""demands"": 1}]}, ""final_state"": {""energy_kwh"": 1700.0, ""temperatures_c"": [5.0, 5.0, 5.0, 5.0], ""online"": 3, ""diesel_states"": [{""healthy"": true, ""running"": false, ""pending"": false, ""onsite"": false, ""prep"": 3, ""min_up"": 0, ""min_down"": 0, ""repair_until"": 8670, ""runtime"": 6826, ""demands"": 5}, {""healthy"": true, ""running"": true, ""pending"": false, ""onsite"": false, ""prep"": 3, ""min_up"": 0, ""min_down"": 0, ""repair_until"": 5157, ""runtime"": 8719, ""demands"": 2}, {""healthy"": true, ""running"": true, ""pending"": false, ""onsite"": false, ""prep"": 3, ""min_up"": 0, ""min_down"": 0, ""repair_until"": 8634, ""runtime"": 6747, ""demands"": 6}, {""healthy"": true, ""running"": true, ""pending"": false, ""onsite"": false, ""prep"": 3, ""min_up"": 0, ""min_down"": 0, ""repair_until"": 5540, ""runtime"": 4971, ""demands"": 7}], ""other_repair_until"": {""wind"": [6827, 7342, 7838, 7624, 8579], ""pv"": [4716, -1000000000000000, -1000000000000000], ""pcs"": [4531, -1000000000000000, -1000000000000000, 8649]}}, ""energy_inventory_change_kwh"": 0.0, ""forecast_basis"": ""current_measurements_only"", ""dump_load_kw"": 0, ""repair_clock"": ""calendar_reference"", ""operating_cost_basis"": ""same_executed_policy""}",4005942.717652145,load_first_three_online,holdout,88,2026091702,"{""wind"": 5, ""pv"": 3, ""diesel"": 4, ""battery_energy"": 40, ""pcs"": 4}",True,0.0078125
,"holdout:(5, 3, 4, 40, 4):c1b16c40e93d24d01996b4bd81ccf0b9d616e7bef83b01e34c8697540ee6de0f:89",0.0,"{""shed_hours"": 0.0, ""longest_shed_hours"": 0.0, ""heater_kwh"": 70967.61078027803, ""diesel_kwh"": 1202079.182766847, ""diesel_fuel_kg"": 267128.7072815319, ""battery_discharge_kwh"": 647.3266668333348, ""battery_charge_kwh"": 835.9073693612245, ""starts"": 22.0, ""start_failures"": 0.0, ""diesel_run_failures"": 15.0, ""diesel_online_hours"": 26255.0, ""wind_failures"": 4.0, ""pv_failures"": 1.0, ""pcs_failures"": 0.0, ""wind_protective_stop_hours"": 1073.0, ""wait_access_unit_hours"": 3.0, ""wait_crew_unit_hours"": 0.0, ""wait_prep_unit_hours"": 21.0, ""wait_heat_unit_hours"": 0.0, ""unserved_heater_command_kwh"": 0.0, ""max_balance_residual_kw"": 2.842170943040401e-14, ""max_soc_residual_kwh"": 1.1368683772161603e-13, ""initial_state"": {""energy_kwh"": 1700.0, ""temperatures_c"": [5.0, 5.0, 5.0, 5.0], ""online"": 3, ""diesel_states"": [{""healthy"": true, ""running"": true, ""pending"": false, ""onsite"": false, ""prep"": 3, ""min_up"": 0, ""min_down"": 0, ""repair_until"": -1, ""runtime"": 333, ""demands"": 1}, {""healthy"": true, ""running"": true, ""pending"": false, ""onsite"": false, ""prep"": 3, ""min_up"": 0, ""min_down"": 0, ""repair_until"": -1, ""runtime"": 329, ""demands"": 1}, {""healthy"": false, ""running"": false, ""pending"": false, ""onsite"": false, ""prep"": 0.0, ""min_up"": 0, ""min_down"": 0, ""repair_until"": 16, ""runtime"": 292, ""demands"": 1}, {""healthy"": true, ""running"": true, ""pending"": false, ""onsite"": false, ""prep"": 3, ""min_up"": 0, ""min_down"": 0, ""repair_until"": -1, ""runtime"": 30, ""demands"": 1}]}, ""final_state"": {""energy_kwh"": 1700.0, ""temperatures_c"": [5.0, 5.0, 5.0, 5.0], ""online"": 3, ""diesel_states"": [{""healthy"": true, ""running"": true, ""pending"": false, ""onsite"": false, ""prep"": 3, ""min_up"": 0, ""min_down"": 0, ""repair_until"": 6947, ""runtime"": 8605, ""demands"": 5}, {""healthy"": true, ""running"": false, ""pending"": false, ""onsite"": false, ""prep"": 3, ""min_up"": 0, ""min_down"": 0, ""repair_until"": 8357, ""runtime"": 7389, ""demands"": 3}, {""healthy"": true, ""running"": true, ""pending"": false, ""onsite"": false, ""prep"": 3, ""min_up"": 0, ""min_down"": 0, ""repair_until"": 5636, ""runtime"": 5630, ""demands"": 10}, {""healthy"": true, ""running"": true, ""pending"": false, ""onsite"": false, ""prep"": 3, ""min_up"": 0, ""min_down"": 0, ""repair_until"": 7162, ""runtime"": 5615, ""demands"": 8}], ""other_repair_until"": {""wind"": [7970, -1000000000000000, -1000000000000000, -1000000000000000, 8220], ""pv"": [-1000000000000000, -1000000000000000, 852], ""pcs"": [-1000000000000000, -1000000000000000, -1000000000000000, -1000000000000000]}}, ""energy_inventory_change_kwh"": 0.0, ""forecast_basis"": ""current_measurements_only"", ""dump_load_kw"": 0, ""repair_clock"": ""calendar_reference"", ""operating_cost_basis"": ""same_executed_policy""}",4006930.6092228256,load_first_three_online,holdout,89,2026091702,"{""wind"": 5, ""pv"": 3, ""diesel"": 4, ""battery_energy"": 40, ""pcs"": 4}",True,0.0078125
,"holdout:(5, 3, 4, 40, 4):c1b16c40e93d24d01996b4bd81ccf0b9d616e7bef83b01e34c8697540ee6de0f:90",0.0,"{""shed_hours"": 0.0, ""longest_shed_hours"": 0.0, ""heater_kwh"": 70967.61078027803, ""diesel_kwh"": 1206582.8004069272, ""diesel_fuel_kg"": 268129.5112015496, ""battery_discharge_kwh"": 1104.8211113111124, ""battery_charge_kwh"": 1426.680154069099, ""starts"": 24.0, ""start_failures"": 0.0, ""diesel_run_failures"": 18.0, ""diesel_online_hours"": 26239.0, ""wind_failures"": 4.0, ""pv_failures"": 2.0, ""pcs_failures"": 0.0, ""wind_protective_stop_hours"": 1073.0, ""wait_access_unit_hours"": 7.0, ""wait_crew_unit_hours"": 0.0, ""wait_prep_unit_hours"": 18.0, ""wait_heat_unit_hours"": 0.0, ""unserved_heater_command_kwh"": 0.0, ""max_balance_residual_kw"": 2.842170943040401e-14, ""max_soc_residual_kwh"": 1.1368683772161603e-13, ""initial_state"": {""energy_kwh"": 1700.0, ""temperatures_c"": [5.0, 5.0, 5.0, 5.0], ""online"": 3, ""diesel_states"": [{""healthy"": true, ""running"": true, ""pending"": false, ""onsite"": false, ""prep"": 3, ""min_up"": 0, ""min_down"": 0, ""repair_until"": -1, ""runtime"": 333, ""demands"": 1}, {""healthy"": true, ""running"": true, ""pending"": false, ""onsite"": false, ""prep"": 3, ""min_up"": 0, ""min_down"": 0, ""repair_until"": -1, ""runtime"": 329, ""demands"": 1}, {""healthy"": true, ""running"": true, ""pending"": false, ""onsite"": false, ""prep"": 3, ""min_up"": 0, ""min_down"": 0, ""repair_until"": -135, ""runtime"": 175, ""demands"": 2}, {""healthy"": false, ""running"": false, ""pending"": false, ""onsite"": false, ""prep"": 0.0, ""min_up"": 0, ""min_down"": 0, ""repair_until"": 8, ""runtime"": 147, ""demands"": 1}]}, ""final_state"": {""energy_kwh"": 1700.0, ""temperatures_c"": [5.0, 5.0, 5.0, 5.0], ""online"": 3, ""diesel_states"": [{""healthy"": true, ""running"": true, ""pending"": false, ""onsite"": false, ""prep"": 3, ""min_up"": 0, ""min_down"": 0, ""repair_until"": 6164, ""runtime"": 8601, ""demands"": 3}, {""healthy"": true, ""running"": true, ""pending"": false, ""onsite"": false, ""prep"": 3, ""min_up"": 0, ""min_down"": 0, ""repair_until"": 6905, ""runtime"": 6866, ""demands"": 9}, {""healthy"": true, ""running"": false, ""pending"": false, ""onsite"": false, ""prep"": 3, ""min_up"": 0, ""min_down"": 0, ""repair_until"": 7709, ""runtime"": 6039, ""demands"": 8}, {""healthy"": true, ""running"": true, ""pending"": false, ""onsite"": false, ""prep"": 3, ""min_up"": 0, ""min_down"": 0, ""repair_until"": 3565, ""runtime"": 5717, ""demands"": 9}], ""other_repair_until"": {""wind"": [-1000000000000000, 3945, 3019, 1796, 7882], ""pv"": [7644, 2242, -1000000000000000], ""pcs"": [-1000000000000000, -1000000000000000, -1000000000000000, -1000000000000000]}}, ""energy_inventory_change_kwh"": 0.0, ""forecast_basis"": ""current_measurements_only"", ""dump_load_kw"": 0, ""repair_clock"": ""calendar_reference"", ""operating_cost_basis"": ""same_executed_policy""}",4021942.6680230875,load_first_three_online,holdout,90,2026091702,"{""wind"": 5, ""pv"": 3, ""diesel"": 4, ""battery_energy"": 40, ""pcs"": 4}",True,0.0078125
,"holdout:(5, 3, 4, 40, 4):c1b16c40e93d24d01996b4bd81ccf0b9d616e7bef83b01e34c8697540ee6de0f:91",0.0,"{""shed_hours"": 0.0, ""longest_shed_hours"": 0.0, ""heater_kwh"": 70588.90557229835, ""diesel_kwh"": 1207339.5333691174, ""diesel_fuel_kg"": 268297.67408203625, ""battery_discharge_kwh"": 985.8194444444463, ""battery_charge_kwh"": 1273.0106462350773, ""starts"": 14.0, ""start_failures"": 0.0, ""diesel_run_failures"": 10.0, ""diesel_online_hours"": 26258.0, ""wind_failures"": 2.0, ""pv_failures"": 3.0, ""pcs_failures"": 0.0, ""wind_protective_stop_hours"": 1073.0, ""wait_access_unit_hours"": 16.0, ""wait_crew_unit_hours"": 0.0, ""wait_prep_unit_hours"": 15.0, ""wait_heat_unit_hours"": 0.0, ""unserved_heater_command_kwh"": 0.0, ""max_balance_residual_kw"": 2.842170943040401e-14, ""max_soc_residual_kwh"": 1.1368683772161603e-13, ""initial_state"": {""energy_kwh"": 1700.0, ""temperatures_c"": [5.0, 5.0, 5.0, -0.4917950249892792], ""online"": 3, ""diesel_states"": [{""healthy"": true, ""running"": true, ""pending"": false, ""onsite"": false, ""prep"": 3, ""min_up"": 0, ""min_down"": 0, ""repair_until"": -1, ""runtime"": 333, ""demands"": 1}, {""healthy"": true, ""running"": true, ""pending"": false, ""onsite"": false, ""prep"": 3, ""min_up"": 0, ""min_down"": 0, ""repair_until"": -1, ""runtime"": 329, ""demands"": 1}, {""healthy"": true, ""running"": true, ""pending"": false, ""onsite"": false, ""prep"": 3, ""min_up"": 0, ""min_down"": 0, ""repair_until"": -1, ""runtime"": 325, ""demands"": 1}, {""healthy"": true, ""running"": false, ""pending"": false, ""onsite"": false, ""prep"": 0.0, ""min_up"": 0, ""min_down"": 0, ""repair_until"": -1, ""runtime"": 0, ""demands"": 0}]}, ""final_state"": {""energy_kwh"": 1700.0, ""temperatures_c"": [5.0, 5.0, 5.0, 5.0], ""online"": 3, ""diesel_states"": [{""healthy"": true, ""running"": true, ""pending"": false, ""onsite"": false, ""prep"": 3, ""min_up"": 0, ""min_down"": 0, ""repair_until"": 6465, ""runtime"": 9090, ""demands"": 2}, {""healthy"": true, ""running"": false, ""pending"": false, ""onsite"": false, ""prep"": 3, ""min_up"": 0, ""min_down"": 0, ""repair_until"": 8178, ""runtime"": 6541, ""demands"": 4}, {""healthy"": true, ""running"": true, ""pending"": false, ""onsite"": false, ""prep"": 3, ""min_up"": 0, ""min_down"": 0, ""repair_until"": 7279, ""runtime"": 5517, ""demands"": 6}, {""healthy"": true, ""running"": true, ""pending"": false, ""onsite"": false, ""prep"": 3, ""min_up"": 0, ""min_down"": 0, ""repair_until"": 5880, ""runtime"": 6097, ""demands"": 5}], ""other_repair_until"": {""wind"": [2453, -1000000000000000, -1000000000000000, 1016, -1000000000000000], ""pv"": [-1000000000000000, 5609, 6381], ""pcs"": [-1000000000000000, -1000000000000000, -1000000000000000, -1000000000000000]}}, ""energy_inventory_change_kwh"": 0.0, ""forecast_basis"": ""current_measurements_only"", ""dump_load_kw"": 0, ""repair_clock"": ""calendar_reference"", ""operating_cost_basis"": ""same_executed_policy""}",4024465.111230381,load_first_three_online,holdout,91,2026091702,"{""wind"": 5, ""pv"": 3, ""diesel"": 4, ""battery_energy"": 40, ""pcs"": 4}",True,0.0078125
,"holdout:(5, 3, 4, 40, 4):c1b16c40e93d24d01996b4bd81ccf0b9d616e7bef83b01e34c8697540ee6de0f:92",0.0,"{""shed_hours"": 0.0, ""longest_shed_hours"": 0.0, ""heater_kwh"": 70907.91736704265, ""diesel_kwh"": 1208287.5514619693, ""diesel_fuel_kg"": 268508.34476933646, ""battery_discharge_kwh"": 854.3116669333344, ""battery_charge_kwh"": 1103.1917186639112, ""starts"": 27.0, ""start_failures"": 0.0, ""diesel_run_failures"": 21.0, ""diesel_online_hours"": 26212.0, ""wind_failures"": 8.0, ""pv_failures"": 2.0, ""pcs_failures"": 0.0, ""wind_protective_stop_hours"": 1073.0, ""wait_access_unit_hours"": 1.0, ""wait_crew_unit_hours"": 0.0, ""wait_prep_unit_hours"": 21.0, ""wait_heat_unit_hours"": 0.0, ""unserved_heater_command_kwh"": 0.0, ""max_balance_residual_kw"": 2.842170943040401e-14, ""max_soc_residual_kwh"": 1.1368683772161603e-13, ""initial_state"": {""energy_kwh"": 1700.0, ""temperatures_c"": [5.0, 5.0, 5.0, -0.4917950249892792], ""online"": 3, ""diesel_states"": [{""healthy"": true, ""running"": true, ""pending"": false, ""onsite"": false, ""prep"": 3, ""min_up"": 0, ""min_down"": 0, ""repair_until"": -1, ""runtime"": 333, ""demands"": 1}, {""healthy"": true, ""running"": true, ""pending"": false, ""onsite"": false, ""prep"": 3, ""min_up"": 0, ""min_down"": 0, ""repair_until"": -1, ""runtime"": 329, ""demands"": 1}, {""healthy"": true, ""running"": true, ""pending"": false, ""onsite"": false, ""prep"": 3, ""min_up"": 0, ""min_down"": 0, ""repair_until"": -1, ""runtime"": 325, ""demands"": 1}, {""healthy"": true, ""running"": false, ""pending"": false, ""onsite"": false, ""prep"": 0.0, ""min_up"": 0, ""min_down"": 0, ""repair_until"": -1, ""runtime"": 0, ""demands"": 0}]}, ""final_state"": {""energy_kwh"": 1700.0, ""temperatures_c"": [5.0, 5.0, 5.0, 5.0], ""online"": 3, ""diesel_states"": [{""healthy"": true, ""running"": false, ""pending"": false, ""onsite"": false, ""prep"": 3, ""min_up"": 0, ""min_down"": 0, ""repair_until"": 8662, ""runtime"": 7050, ""demands"": 8}, {""healthy"": true, ""running"": true, ""pending"": false, ""onsite"": false, ""prep"": 3, ""min_up"": 0, ""min_down"": 0, ""repair_until"": 7077, ""runtime"": 7310, ""demands"": 5}, {""healthy"": true, ""running"": true, ""pending"": false, ""onsite"": false, ""prep"": 3, ""min_up"": 0, ""min_down"": 0, ""repair_until"": 8339, ""runtime"": 6637, ""demands"": 8}, {""healthy"": true, ""running"": true, ""pending"": false, ""onsite"": false, ""prep"": 3, ""min_up"": 0, ""min_down"": 0, ""repair_until"": 8503, ""runtime"": 6202, ""demands"": 9}], ""other_repair_until"": {""wind"": [5426, 8481, 7215, 3963, 3949], ""pv"": [1877, -1000000000000000, 3087], ""pcs"": [-1000000000000000, -1000000000000000, -1000000000000000, -1000000000000000]}}, ""energy_inventory_change_kwh"": 0.0, ""forecast_basis"": ""current_measurements_only"", ""dump_load_kw"": 0, ""repair_clock"": ""calendar_reference"", ""operating_cost_basis"": ""same_executed_policy""}",4027625.1715398887,load_first_three_online,holdout,92,2026091702,"{""wind"": 5, ""pv"": 3, ""diesel"": 4, ""battery_energy"": 40, ""pcs"": 4}",True,0.0078125
,"holdout:(5, 3, 4, 40, 4):c1b16c40e93d24d01996b4bd81ccf0b9d616e7bef83b01e34c8697540ee6de0f:93",267.3533333000004,"{""shed_hours"": 8.0, ""longest_shed_hours"": 8, ""heater_kwh"": 70943.64065944628, ""diesel_kwh"": 1202298.0911943554, ""diesel_fuel_kg"": 267177.35359875567, ""battery_discharge_kwh"": 2247.356666666668, ""battery_charge_kwh"": 2902.0618112947636, ""starts"": 25.0, ""start_failures"": 0.0, ""diesel_run_failures"": 17.0, ""diesel_online_hours"": 26244.0, ""wind_failures"": 4.0, ""pv_failures"": 1.0, ""pcs_failures"": 0.0, ""wind_protective_stop_hours"": 1073.0, ""wait_access_unit_hours"": 61.0, ""wait_crew_unit_hours"": 2.0, ""wait_prep_unit_hours"": 24.0, ""wait_heat_unit_hours"": 3.0, ""unserved_heater_command_kwh"": 251.88598645646135, ""max_balance_residual_kw"": 2.842170943040401e-14, ""max_soc_residual_kwh"": 1.1368683772161603e-13, ""initial_state"": {""energy_kwh"": 1700.0, ""temperatures_c"": [5.0, 5.0, 5.0, 5.0], ""online"": 3, ""diesel_states"": [{""healthy"": true, ""running"": true, ""pending"": false, ""onsite"": false, ""prep"": 3, ""min_up"": 0, ""min_down"": 0, ""repair_until"": -1, ""runtime"": 333, ""demands"": 1}, {""healthy"": true, ""running"": true, ""pending"": false, ""onsite"": false, ""prep"": 3, ""min_up"": 0, ""min_down"": 0, ""repair_until"": -1, ""runtime"": 329, ""demands"": 1}, {""healthy"": true, ""running"": false, ""pending"": false, ""onsite"": false, ""prep"": 3, ""min_up"": 0, ""min_down"": 0, ""repair_until"": -267, ""runtime"": 27, ""demands"": 1}, {""healthy"": true, ""running"": true, ""pending"": false, ""onsite"": false, ""prep"": 3, ""min_up"": 0, ""min_down"": 0, ""repair_until"": -1, ""runtime"": 295, ""demands"": 1}]}, ""final_state"": {""energy_kwh"": 1700.0, ""temperatures_c"": [5.0, 5.0, 5.0, 5.0], ""online"": 3, ""diesel_states"": [{""healthy"": true, ""running"": false, ""pending"": false, ""onsite"": false, ""prep"": 3, ""min_up"": 0, ""min_down"": 0, ""repair_until"": 7240, ""runtime"": 5711, ""demands"": 5}, {""healthy"": true, ""running"": true, ""pending"": false, ""onsite"": false, ""prep"": 3, ""min_up"": 0, ""min_down"": 0, ""repair_until"": 6924, ""runtime"": 7485, ""demands"": 6}, {""healthy"": true, ""running"": true, ""pending"": false, ""onsite"": false, ""prep"": 3, ""min_up"": 0, ""min_down"": 0, ""repair_until"": 5009, ""runtime"": 7900, ""demands"": 6}, {""healthy"": true, ""running"": true, ""pending"": false, ""onsite"": false, ""prep"": 3, ""min_up"": 0, ""min_down"": 0, ""repair_until"": 6315, ""runtime"": 6132, ""demands"": 12}], ""other_repair_until"": {""wind"": [6042, -1000000000000000, -1000000000000000, 4637, 3441], ""pv"": [-1000000000000000, -1000000000000000, 4512], ""pcs"": [-1000000000000000, -1000000000000000, -1000000000000000, -1000000000000000]}}, ""energy_inventory_change_kwh"": 0.0, ""forecast_basis"": ""current_measurements_only"", ""dump_load_kw"": 0, ""repair_clock"": ""calendar_reference"", ""operating_cost_basis"": ""same_executed_policy""}",4007660.303981171,load_first_three_online,holdout,93,2026091702,"{""wind"": 5, ""pv"": 3, ""diesel"": 4, ""battery_energy"": 40, ""pcs"": 4}",True,0.0078125
,"holdout:(5, 3, 4, 40, 4):c1b16c40e93d24d01996b4bd81ccf0b9d616e7bef83b01e34c8697540ee6de0f:94",103.09333339999998,"{""shed_hours"": 3.0, ""longest_shed_hours"": 3, ""heater_kwh"": 70956.45132147423, ""diesel_kwh"": 1205993.9709906583, ""diesel_fuel_kg"": 267998.660220157, ""battery_discharge_kwh"": 2558.1661307666686, ""battery_charge_kwh"": 3303.4170077048875, ""starts"": 21.0, ""start_failures"": 0.0, ""diesel_run_failures"": 13.0, ""diesel_online_hours"": 26236.0, ""wind_failures"": 4.0, ""pv_failures"": 1.0, ""pcs_failures"": 0.0, ""wind_protective_stop_hours"": 1073.0, ""wait_access_unit_hours"": 12.0, ""wait_crew_unit_hours"": 0.0, ""wait_prep_unit_hours"": 24.0, ""wait_heat_unit_hours"": 1.0, ""unserved_heater_command_kwh"": 107.9098878487451, ""max_balance_residual_kw"": 2.842170943040401e-14, ""max_soc_residual_kwh"": 1.1368683772161603e-13, ""initial_state"": {""energy_kwh"": 1700.0, ""temperatures_c"": [5.0, 5.0, 5.0, 5.0], ""online"": 3, ""diesel_states"": [{""healthy"": true, ""running"": false, ""pending"": false, ""onsite"": false, ""prep"": 3, ""min_up"": 0, ""min_down"": 0, ""repair_until"": -123, ""runtime"": 192, ""demands"": 1}, {""healthy"": true, ""running"": true, ""pending"": false, ""onsite"": false, ""prep"": 3, ""min_up"": 0, ""min_down"": 0, ""repair_until"": -1, ""runtime"": 329, ""demands"": 1}, {""healthy"": true, ""running"": true, ""pending"": false, ""onsite"": false, ""prep"": 3, ""min_up"": 0, ""min_down"": 0, ""repair_until"": -179, ""runtime"": 271, ""demands"": 2}, {""healthy"": true, ""running"": true, ""pending"": false, ""onsite"": false, ""prep"": 3, ""min_up"": 0, ""min_down"": 0, ""repair_until"": -1, ""runtime"": 192, ""demands"": 1}]}, ""final_state"": {""energy_kwh"": 1700.0, ""temperatures_c"": [5.0, 5.0, 5.0, 5.0], ""online"": 3, ""diesel_states"": [{""healthy"": true, ""running"": true, ""pending"": false, ""onsite"": false, ""prep"": 3, ""min_up"": 0, ""min_down"": 0, ""repair_until"": 1621, ""runtime"": 7439, ""demands"": 3}, {""healthy"": true, ""running"": true, ""pending"": false, ""onsite"": false, ""prep"": 3, ""min_up"": 0, ""min_down"": 0, ""repair_until"": 7742, ""runtime"": 6141, ""demands"": 8}, {""healthy"": true, ""running"": false, ""pending"": false, ""onsite"": false, ""prep"": 3, ""min_up"": 0, ""min_down"": 0, ""repair_until"": 8564, ""runtime"": 6957, ""demands"": 6}, {""healthy"": true, ""running"": true, ""pending"": false, ""onsite"": false, ""prep"": 3, ""min_up"": 0, ""min_down"": 0, ""repair_until"": 7568, ""runtime"": 6683, ""demands"": 9}], ""other_repair_until"": {""wind"": [5158, -1000000000000000, -1000000000000000, 4141, 6755], ""pv"": [9338, -1000000000000000, -1000000000000000], ""pcs"": [-1000000000000000, -1000000000000000, -1000000000000000, -1000000000000000]}}, ""energy_inventory_change_kwh"": 0.0, ""forecast_basis"": ""current_measurements_only"", ""dump_load_kw"": 0, ""repair_clock"": ""calendar_reference"", ""operating_cost_basis"": ""same_executed_policy""}",4019979.9033021857,load_first_three_online,holdout,94,2026091702,"{""wind"": 5, ""pv"": 3, ""diesel"": 4, ""battery_energy"": 40, ""pcs"": 4}",True,0.0078125
,"holdout:(5, 3, 4, 40, 4):c1b16c40e93d24d01996b4bd81ccf0b9d616e7bef83b01e34c8697540ee6de0f:95",0.0,"{""shed_hours"": 0.0, ""longest_shed_hours"": 0.0, ""heater_kwh"": 70815.89319036272, ""diesel_kwh"": 1202971.1247557628, ""diesel_fuel_kg"": 267326.9166124022, ""battery_discharge_kwh"": 664.6583334333346, ""battery_charge_kwh"": 858.2881371814723, ""starts"": 17.0, ""start_failures"": 0.0, ""diesel_run_failures"": 11.0, ""diesel_online_hours"": 26275.0, ""wind_failures"": 3.0, ""pv_failures"": 2.0, ""pcs_failures"": 0.0, ""wind_protective_stop_hours"": 1073.0, ""wait_access_unit_hours"": 1.0, ""wait_crew_unit_hours"": 0.0, ""wait_prep_unit_hours"": 21.0, ""wait_heat_unit_hours"": 0.0, ""unserved_heater_command_kwh"": 0.0, ""max_balance_residual_kw"": 2.842170943040401e-14, ""max_soc_residual_kwh"": 1.1368683772161603e-13, ""initial_state"": {""energy_kwh"": 1700.0, ""temperatures_c"": [5.0, 5.0, 5.0, -0.4917950249892792], ""online"": 3, ""diesel_states"": [{""healthy"": true, ""running"": true, ""pending"": false, ""onsite"": false, ""prep"": 3, ""min_up"": 0, ""min_down"": 0, ""repair_until"": -1, ""runtime"": 333, ""demands"": 1}, {""healthy"": true, ""running"": true, ""pending"": false, ""onsite"": false, ""prep"": 3, ""min_up"": 0, ""min_down"": 0, ""repair_until"": -1, ""runtime"": 329, ""demands"": 1}, {""healthy"": true, ""running"": true, ""pending"": false, ""onsite"": false, ""prep"": 3, ""min_up"": 0, ""min_down"": 0, ""repair_until"": -1, ""runtime"": 325, ""demands"": 1}, {""healthy"": true, ""running"": false, ""pending"": false, ""onsite"": false, ""prep"": 0.0, ""min_up"": 0, ""min_down"": 0, ""repair_until"": -1, ""runtime"": 0, ""demands"": 0}]}, ""final_state"": {""energy_kwh"": 1700.0, ""temperatures_c"": [5.0, 5.0, 5.0, 5.0], ""online"": 3, ""diesel_states"": [{""healthy"": true, ""running"": true, ""pending"": false, ""onsite"": false, ""prep"": 3, ""min_up"": 0, ""min_down"": 0, ""repair_until"": 7306, ""runtime"": 6432, ""demands"": 5}, {""healthy"": true, ""running"": true, ""pending"": false, ""onsite"": false, ""prep"": 3, ""min_up"": 0, ""min_down"": 0, ""repair_until"": 5371, ""runtime"": 8026, ""demands"": 3}, {""healthy"": true, ""running"": false, ""pending"": false, ""onsite"": false, ""prep"": 3, ""min_up"": 0, ""min_down"": 0, ""repair_until"": 8258, ""runtime"": 7408, ""demands"": 4}, {""healthy"": true, ""running"": true, ""pending"": false, ""onsite"": false, ""prep"": 3, ""min_up"": 0, ""min_down"": 0, ""repair_until"": 6103, ""runtime"": 5396, ""demands"": 8}], ""other_repair_until"": {""wind"": [4851, -1000000000000000, 4519, -1000000000000000, -1000000000000000], ""pv"": [-1000000000000000, -1000000000000000, 7787], ""pcs"": [-1000000000000000, -1000000000000000, -1000000000000000, -1000000000000000]}}, ""energy_inventory_change_kwh"": 0.0, ""forecast_basis"": ""current_measurements_only"", ""dump_load_kw"": 0, ""repair_clock"": ""calendar_reference"", ""operating_cost_basis"": ""same_executed_policy""}",4009903.7491858713,load_first_three_online,holdout,95,2026091702,"{""wind"": 5, ""pv"": 3, ""diesel"": 4, ""battery_energy"": 40, ""pcs"": 4}",True,0.0078125
,"holdout:(5, 3, 4, 40, 4):c1b16c40e93d24d01996b4bd81ccf0b9d616e7bef83b01e34c8697540ee6de0f:96",0.0,"{""shed_hours"": 0.0, ""longest_shed_hours"": 0.0, ""heater_kwh"": 70967.61078027803, ""diesel_kwh"": 1205783.8660637531, ""diesel_fuel_kg"": 267951.97023639886, ""battery_discharge_kwh"": 555.9016667333348, ""battery_charge_kwh"": 717.8482266701097, ""starts"": 12.0, ""start_failures"": 0.0, ""diesel_run_failures"": 8.0, ""diesel_online_hours"": 26282.0, ""wind_failures"": 6.0, ""pv_failures"": 1.0, ""pcs_failures"": 0.0, ""wind_protective_stop_hours"": 1073.0, ""wait_access_unit_hours"": 1.0, ""wait_crew_unit_hours"": 0.0, ""wait_prep_unit_hours"": 12.0, ""wait_heat_unit_hours"": 0.0, ""unserved_heater_command_kwh"": 0.0, ""max_balance_residual_kw"": 2.842170943040401e-14, ""max_soc_residual_kwh"": 1.1368683772161603e-13, ""initial_state"": {""energy_kwh"": 1700.0, ""temperatures_c"": [5.0, 5.0, 5.0, 5.0], ""online"": 3, ""diesel_states"": [{""healthy"": true, ""running"": true, ""pending"": false, ""onsite"": false, ""prep"": 3, ""min_up"": 0, ""min_down"": 0, ""repair_until"": -1, ""runtime"": 333, ""demands"": 1}, {""healthy"": true, ""running"": true, ""pending"": false, ""onsite"": false, ""prep"": 3, ""min_up"": 0, ""min_down"": 0, ""repair_until"": -1, ""runtime"": 329, ""demands"": 1}, {""healthy"": true, ""running"": false, ""pending"": false, ""onsite"": false, ""prep"": 3, ""min_up"": 0, ""min_down"": 0, ""repair_until"": -192, ""runtime"": 108, ""demands"": 1}, {""healthy"": true, ""running"": true, ""pending"": false, ""onsite"": false, ""prep"": 3, ""min_up"": 0, ""min_down"": 0, ""repair_until"": -1, ""runtime"": 214, ""demands"": 1}]}, ""final_state"": {""energy_kwh"": 1700.0, ""temperatures_c"": [5.0, 5.0, 5.0, 5.0], ""online"": 3, ""diesel_states"": [{""healthy"": true, ""running"": true, ""pending"": false, ""onsite"": false, ""prep"": 3, ""min_up"": 0, ""min_down"": 0, ""repair_until"": 5034, ""runtime"": 7251, ""demands"": 4}, {""healthy"": true, ""running"": true, ""pending"": false, ""onsite"": false, ""prep"": 3, ""min_up"": 0, ""min_down"": 0, ""repair_until"": 1309, ""runtime"": 8912, ""demands"": 2}, {""healthy"": true, ""running"": false, ""pending"": false, ""onsite"": false, ""prep"": 3, ""min_up"": 0, ""min_down"": 0, ""repair_until"": 7415, ""runtime"": 5137, ""demands"": 5}, {""healthy"": true, ""running"": true, ""pending"": false, ""onsite"": false, ""prep"": 3, ""min_up"": 0, ""min_down"": 0, ""repair_until"": 1482, ""runtime"": 5966, ""demands"": 5}], ""other_repair_until"": {""wind"": [8800, -1000000000000000, 598, 6993, 8282], ""pv"": [-1000000000000000, 8214, -1000000000000000], ""pcs"": [-1000000000000000, -1000000000000000, -1000000000000000, -1000000000000000]}}, ""energy_inventory_change_kwh"": 0.0, ""forecast_basis"": ""current_measurements_only"", ""dump_load_kw"": 0, ""repair_clock"": ""calendar_reference"", ""operating_cost_basis"": ""same_executed_policy""}",4019279.5535458354,load_first_three_online,holdout,96,2026091702,"{""wind"": 5, ""pv"": 3, ""diesel"": 4, ""battery_energy"": 40, ""pcs"": 4}",True,0.0078125
,"holdout:(5, 3, 4, 40, 4):c1b16c40e93d24d01996b4bd81ccf0b9d616e7bef83b01e34c8697540ee6de0f:97",0.0,"{""shed_hours"": 0.0, ""longest_shed_hours"": 0.0, ""heater_kwh"": 70967.61078027803, ""diesel_kwh"": 1201959.106957614, ""diesel_fuel_kg"": 267102.02376836893, ""battery_discharge_kwh"": 582.2650000333348, ""battery_charge_kwh"": 751.8917872331263, ""starts"": 21.0, ""start_failures"": 0.0, ""diesel_run_failures"": 14.0, ""diesel_online_hours"": 26273.0, ""wind_failures"": 1.0, ""pv_failures"": 2.0, ""pcs_failures"": 1.0, ""wind_protective_stop_hours"": 1073.0, ""wait_access_unit_hours"": 3.0, ""wait_crew_unit_hours"": 0.0, ""wait_prep_unit_hours"": 21.0, ""wait_heat_unit_hours"": 0.0, ""unserved_heater_command_kwh"": 0.0, ""max_balance_residual_kw"": 2.842170943040401e-14, ""max_soc_residual_kwh"": 1.1368683772161603e-13, ""initial_state"": {""energy_kwh"": 1700.0, ""temperatures_c"": [5.0, 5.0, 5.0, 5.0], ""online"": 3, ""diesel_states"": [{""healthy"": true, ""running"": true, ""pending"": false, ""onsite"": false, ""prep"": 3, ""min_up"": 0, ""min_down"": 0, ""repair_until"": -1, ""runtime"": 333, ""demands"": 1}, {""healthy"": true, ""running"": false, ""pending"": false, ""onsite"": false, ""prep"": 3, ""min_up"": 0, ""min_down"": 0, ""repair_until"": -298, ""runtime"": 6, ""demands"": 1}, {""healthy"": true, ""running"": true, ""pending"": false, ""onsite"": false, ""prep"": 3, ""min_up"": 0, ""min_down"": 0, ""repair_until"": -1, ""runtime"": 325, ""demands"": 1}, {""healthy"": true, ""running"": true, ""pending"": false, ""onsite"": false, ""prep"": 3, ""min_up"": 0, ""min_down"": 0, ""repair_until"": -1, ""runtime"": 320, ""demands"": 1}]}, ""final_state"": {""energy_kwh"": 1700.0, ""temperatures_c"": [5.0, 5.0, 5.0, 5.0], ""online"": 3, ""diesel_states"": [{""healthy"": true, ""running"": false, ""pending"": false, ""onsite"": false, ""prep"": 3, ""min_up"": 0, ""min_down"": 0, ""repair_until"": 7835, ""runtime"": 6707, ""demands"": 5}, {""healthy"": true, ""running"": true, ""pending"": false, ""onsite"": false, ""prep"": 3, ""min_up"": 0, ""min_down"": 0, ""repair_until"": 5575, ""runtime"": 6092, ""demands"": 5}, {""healthy"": true, ""running"": true, ""pending"": false, ""onsite"": false, ""prep"": 3, ""min_up"": 0, ""min_down"": 0, ""repair_until"": 5457, ""runtime"": 7369, ""demands"": 7}, {""healthy"": true, ""running"": true, ""pending"": false, ""onsite"": false, ""prep"": 3, ""min_up"": 0, ""min_down"": 0, ""repair_until"": 1683, ""runtime"": 7089, ""demands"": 8}], ""other_repair_until"": {""wind"": [-1000000000000000, -1000000000000000, -1000000000000000, -1000000000000000, 2708], ""pv"": [-1000000000000000, -1000000000000000, 7024], ""pcs"": [-1000000000000000, -1000000000000000, -1000000000000000, 467]}}, ""energy_inventory_change_kwh"": 0.0, ""forecast_basis"": ""current_measurements_only"", ""dump_load_kw"": 0, ""repair_clock"": ""calendar_reference"", ""operating_cost_basis"": ""same_executed_policy""}",4006530.3565253755,load_first_three_online,holdout,97,2026091702,"{""wind"": 5, ""pv"": 3, ""diesel"": 4, ""battery_energy"": 40, ""pcs"": 4}",True,0.0078125
,"holdout:(5, 3, 4, 40, 4):c1b16c40e93d24d01996b4bd81ccf0b9d616e7bef83b01e34c8697540ee6de0f:98",1063.3400001,"{""shed_hours"": 18.0, ""longest_shed_hours"": 18, ""heater_kwh"": 70883.51581300906, ""diesel_kwh"": 1202119.7226002594, ""diesel_fuel_kg"": 267137.7161334009, ""battery_discharge_kwh"": 1397.198333433335, ""battery_charge_kwh"": 1804.2333851153574, ""starts"": 15.0, ""start_failures"": 0.0, ""diesel_run_failures"": 10.0, ""diesel_online_hours"": 26248.0, ""wind_failures"": 5.0, ""pv_failures"": 2.0, ""pcs_failures"": 0.0, ""wind_protective_stop_hours"": 1073.0, ""wait_access_unit_hours"": 17.0, ""wait_crew_unit_hours"": 0.0, ""wait_prep_unit_hours"": 15.0, ""wait_heat_unit_hours"": 17.0, ""unserved_heater_command_kwh"": 697.6694948064285, ""max_balance_residual_kw"": 2.842170943040401e-14, ""max_soc_residual_kwh"": 1.1368683772161603e-13, ""initial_state"": {""energy_kwh"": 1700.0, ""temperatures_c"": [5.0, 5.0, 5.0, 5.0], ""online"": 3, ""diesel_states"": [{""healthy"": false, ""running"": false, ""pending"": false, ""onsite"": false, ""prep"": 0.0, ""min_up"": 0, ""min_down"": 0, ""repair_until"": 78, ""runtime"": 328, ""demands"": 1}, {""healthy"": true, ""running"": true, ""pending"": false, ""onsite"": false, ""prep"": 3, ""min_up"": 0, ""min_down"": 0, ""repair_until"": -261, ""runtime"": 49, ""demands"": 2}, {""healthy"": true, ""running"": true, ""pending"": false, ""onsite"": false, ""prep"": 3, ""min_up"": 0, ""min_down"": 0, ""repair_until"": -1, ""runtime"": 325, ""demands"": 1}, {""healthy"": true, ""running"": true, ""pending"": false, ""onsite"": false, ""prep"": 3, ""min_up"": 0, ""min_down"": 0, ""repair_until"": -1, ""runtime"": 282, ""demands"": 1}]}, ""final_state"": {""energy_kwh"": 1700.0, ""temperatures_c"": [5.0, 5.0, 5.0, 5.0], ""online"": 3, ""diesel_states"": [{""healthy"": true, ""running"": false, ""pending"": false, ""onsite"": false, ""prep"": 3, ""min_up"": 0, ""min_down"": 0, ""repair_until"": 8613, ""runtime"": 6135, ""demands"": 5}, {""healthy"": true, ""running"": true, ""pending"": false, ""onsite"": false, ""prep"": 3, ""min_up"": 0, ""min_down"": 0, ""repair_until"": 2347, ""runtime"": 8188, ""demands"": 4}, {""healthy"": true, ""running"": true, ""pending"": false, ""onsite"": false, ""prep"": 3, ""min_up"": 0, ""min_down"": 0, ""repair_until"": 5224, ""runtime"": 6985, ""demands"": 4}, {""healthy"": true, ""running"": true, ""pending"": false, ""onsite"": false, ""prep"": 3, ""min_up"": 0, ""min_down"": 0, ""repair_until"": 8155, ""runtime"": 5924, ""demands"": 7}], ""other_repair_until"": {""wind"": [3877, 7119, 2344, 1664, 8111], ""pv"": [6042, -1000000000000000, 5458], ""pcs"": [-1000000000000000, -1000000000000000, -1000000000000000, -1000000000000000]}}, ""energy_inventory_change_kwh"": 0.0, ""forecast_basis"": ""current_measurements_only"", ""dump_load_kw"": 0, ""repair_clock"": ""calendar_reference"", ""operating_cost_basis"": ""same_executed_policy""}",4007065.742000852,load_first_three_online,holdout,98,2026091702,"{""wind"": 5, ""pv"": 3, ""diesel"": 4, ""battery_energy"": 40, ""pcs"": 4}",True,0.0078125
,"holdout:(5, 3, 4, 40, 4):c1b16c40e93d24d01996b4bd81ccf0b9d616e7bef83b01e34c8697540ee6de0f:99",0.0,"{""shed_hours"": 0.0, ""longest_shed_hours"": 0.0, ""heater_kwh"": 68387.11327631307, ""diesel_kwh"": 1207894.658873958, ""diesel_fuel_kg"": 268421.0353053335, ""battery_discharge_kwh"": 373.64166683333474, ""battery_charge_kwh"": 482.49182184056343, ""starts"": 16.0, ""start_failures"": 0.0, ""diesel_run_failures"": 10.0, ""diesel_online_hours"": 26273.0, ""wind_failures"": 10.0, ""pv_failures"": 2.0, ""pcs_failures"": 0.0, ""wind_protective_stop_hours"": 1073.0, ""wait_access_unit_hours"": 3.0, ""wait_crew_unit_hours"": 0.0, ""wait_prep_unit_hours"": 21.0, ""wait_heat_unit_hours"": 0.0, ""unserved_heater_command_kwh"": 0.0, ""max_balance_residual_kw"": 2.842170943040401e-14, ""max_soc_residual_kwh"": 1.1368683772161603e-13, ""initial_state"": {""energy_kwh"": 1700.0, ""temperatures_c"": [5.0, 5.0, 5.0, -0.4917950249892792], ""online"": 3, ""diesel_states"": [{""healthy"": true, ""running"": true, ""pending"": false, ""onsite"": false, ""prep"": 3, ""min_up"": 0, ""min_down"": 0, ""repair_until"": -1, ""runtime"": 333, ""demands"": 1}, {""healthy"": true, ""running"": true, ""pending"": false, ""onsite"": false, ""prep"": 3, ""min_up"": 0, ""min_down"": 0, ""repair_until"": -1, ""runtime"": 329, ""demands"": 1}, {""healthy"": true, ""running"": true, ""pending"": false, ""onsite"": false, ""prep"": 3, ""min_up"": 0, ""min_down"": 0, ""repair_until"": -1, ""runtime"": 325, ""demands"": 1}, {""healthy"": true, ""running"": false, ""pending"": false, ""onsite"": false, ""prep"": 0.0, ""min_up"": 0, ""min_down"": 0, ""repair_until"": -1, ""runtime"": 0, ""demands"": 0}]}, ""final_state"": {""energy_kwh"": 1700.0, ""temperatures_c"": [5.0, 5.0, 5.0, 5.0], ""online"": 3, ""diesel_states"": [{""healthy"": true, ""running"": false, ""pending"": false, ""onsite"": false, ""prep"": 3, ""min_up"": 0, ""min_down"": 0, ""repair_until"": 8507, ""runtime"": 5927, ""demands"": 5}, {""healthy"": true, ""running"": true, ""pending"": false, ""onsite"": false, ""prep"": 3, ""min_up"": 0, ""min_down"": 0, ""repair_until"": 7007, ""runtime"": 8255, ""demands"": 3}, {""healthy"": true, ""running"": true, ""pending"": false, ""onsite"": false, ""prep"": 3, ""min_up"": 0, ""min_down"": 0, ""repair_until"": 8159, ""runtime"": 7514, ""demands"": 6}, {""healthy"": true, ""running"": true, ""pending"": false, ""onsite"": false, ""prep"": 3, ""min_up"": 0, ""min_down"": 0, ""repair_until"": 4152, ""runtime"": 5564, ""demands"": 5}], ""other_repair_until"": {""wind"": [-1000000000000000, 7822, 8402, 8790, 6756], ""pv"": [3422, -1000000000000000, 7331], ""pcs"": [-1000000000000000, -1000000000000000, -1000000000000000, -1000000000000000]}}, ""energy_inventory_change_kwh"": 0.0, ""forecast_basis"": ""current_measurements_only"", ""dump_load_kw"": 0, ""repair_clock"": ""calendar_reference"", ""operating_cost_basis"": ""same_executed_policy""}",4026315.529579857,load_first_three_online,holdout,99,2026091702,"{""wind"": 5, ""pv"": 3, ""diesel"": 4, ""battery_energy"": 40, ""pcs"": 4}",True,0.0078125
,"holdout:(5, 3, 4, 40, 4):c1b16c40e93d24d01996b4bd81ccf0b9d616e7bef83b01e34c8697540ee6de0f:100",0.0,"{""shed_hours"": 0.0, ""longest_shed_hours"": 0.0, ""heater_kwh"": 70596.13990943968, ""diesel_kwh"": 1202470.449934945, ""diesel_fuel_kg"": 267215.6555411093, ""battery_discharge_kwh"": 488.329133012749, ""battery_charge_kwh"": 630.5903060598483, ""starts"": 20.0, ""start_failures"": 0.0, ""diesel_run_failures"": 15.0, ""diesel_online_hours"": 26275.0, ""wind_failures"": 3.0, ""pv_failures"": 0.0, ""pcs_failures"": 0.0, ""wind_protective_stop_hours"": 1073.0, ""wait_access_unit_hours"": 4.0, ""wait_crew_unit_hours"": 0.0, ""wait_prep_unit_hours"": 18.0, ""wait_heat_unit_hours"": 0.0, ""unserved_heater_command_kwh"": 0.0, ""max_balance_residual_kw"": 2.842170943040401e-14, ""max_soc_residual_kwh"": 1.1368683772161603e-13, ""initial_state"": {""energy_kwh"": 1700.0, ""temperatures_c"": [5.0, 5.0, 5.0, -0.4917950249892792], ""online"": 3, ""diesel_states"": [{""healthy"": true, ""running"": true, ""pending"": false, ""onsite"": false, ""prep"": 3, ""min_up"": 0, ""min_down"": 0, ""repair_until"": -1, ""runtime"": 333, ""demands"": 1}, {""healthy"": true, ""running"": true, ""pending"": false, ""onsite"": false, ""prep"": 3, ""min_up"": 0, ""min_down"": 0, ""repair_until"": -1, ""runtime"": 329, ""demands"": 1}, {""healthy"": true, ""running"": true, ""pending"": false, ""onsite"": false, ""prep"": 3, ""min_up"": 0, ""min_down"": 0, ""repair_until"": -1, ""runtime"": 325, ""demands"": 1}, {""healthy"": true, ""running"": false, ""pending"": false, ""onsite"": false, ""prep"": 0.0, ""min_up"": 0, ""min_down"": 0, ""repair_until"": -1, ""runtime"": 0, ""demands"": 0}]}, ""final_state"": {""energy_kwh"": 1700.0, ""temperatures_c"": [5.0, 5.0, 5.0, 5.0], ""online"": 3, ""diesel_states"": [{""healthy"": true, ""running"": true, ""pending"": false, ""onsite"": false, ""prep"": 3, ""min_up"": 0, ""min_down"": 0, ""repair_until"": 8308, ""runtime"": 5834, ""demands"": 6}, {""healthy"": true, ""running"": true, ""pending"": false, ""onsite"": false, ""prep"": 3, ""min_up"": 0, ""min_down"": 0, ""repair_until"": 8170, ""runtime"": 7752, ""demands"": 5}, {""healthy"": true, ""running"": true, ""pending"": false, ""onsite"": false, ""prep"": 3, ""min_up"": 0, ""min_down"": 0, ""repair_until"": 2501, ""runtime"": 7330, ""demands"": 5}, {""healthy"": false, ""running"": false, ""pending"": false, ""onsite"": false, ""prep"": 0.0, ""min_up"": 0, ""min_down"": 0, ""repair_until"": 8862, ""runtime"": 6346, ""demands"": 7}], ""other_repair_until"": {""wind"": [-1000000000000000, 670, 3577, -1000000000000000, -1000000000000000], ""pv"": [-1000000000000000, -1000000000000000, -1000000000000000], ""pcs"": [-1000000000000000, -1000000000000000, -1000000000000000, -1000000000000000]}}, ""energy_inventory_change_kwh"": 0.0, ""forecast_basis"": ""current_measurements_only"", ""dump_load_kw"": 0, ""repair_clock"": ""calendar_reference"", ""operating_cost_basis"": ""same_executed_policy""}",4008234.8331164774,load_first_three_online,holdout,100,2026091702,"{""wind"": 5, ""pv"": 3, ""diesel"": 4, ""battery_energy"": 40, ""pcs"": 4}",True,0.0078125
,"holdout:(5, 3, 4, 40, 4):c1b16c40e93d24d01996b4bd81ccf0b9d616e7bef83b01e34c8697540ee6de0f:101",6221.4227975333315,"{""shed_hours"": 106.0, ""longest_shed_hours"": 53, ""heater_kwh"": 69472.22841970107, ""diesel_kwh"": 1201828.5156280014, ""diesel_fuel_kg"": 267073.0034728993, ""battery_discharge_kwh"": 2577.0838693333344, ""battery_charge_kwh"": 3327.845905647382, ""starts"": 23.0, ""start_failures"": 0.0, ""diesel_run_failures"": 19.0, ""diesel_online_hours"": 26120.0, ""wind_failures"": 12.0, ""pv_failures"": 2.0, ""pcs_failures"": 0.0, ""wind_protective_stop_hours"": 1073.0, ""wait_access_unit_hours"": 1.0, ""wait_crew_unit_hours"": 0.0, ""wait_prep_unit_hours"": 15.0, ""wait_heat_unit_hours"": 96.0, ""unserved_heater_command_kwh"": 4883.247573563925, ""max_balance_residual_kw"": 2.842170943040401e-14, ""max_soc_residual_kwh"": 1.1368683772161603e-13, ""initial_state"": {""energy_kwh"": 1700.0, ""temperatures_c"": [5.0, 5.0, 5.0, -0.4917950249892792], ""online"": 3, ""diesel_states"": [{""healthy"": true, ""running"": true, ""pending"": false, ""onsite"": false, ""prep"": 3, ""min_up"": 0, ""min_down"": 0, ""repair_until"": -1, ""runtime"": 333, ""demands"": 1}, {""healthy"": true, ""running"": true, ""pending"": false, ""onsite"": false, ""prep"": 3, ""min_up"": 0, ""min_down"": 0, ""repair_until"": -1, ""runtime"": 329, ""demands"": 1}, {""healthy"": true, ""running"": true, ""pending"": false, ""onsite"": false, ""prep"": 3, ""min_up"": 0, ""min_down"": 0, ""repair_until"": -1, ""runtime"": 325, ""demands"": 1}, {""healthy"": true, ""running"": false, ""pending"": false, ""onsite"": false, ""prep"": 0.0, ""min_up"": 0, ""min_down"": 0, ""repair_until"": -1, ""runtime"": 0, ""demands"": 0}]}, ""final_state"": {""energy_kwh"": 1700.0, ""temperatures_c"": [5.0, 5.0, 5.0, 5.0], ""online"": 3, ""diesel_states"": [{""healthy"": true, ""running"": true, ""pending"": false, ""onsite"": false, ""prep"": 3, ""min_up"": 0, ""min_down"": 0, ""repair_until"": 8022, ""runtime"": 7701, ""demands"": 5}, {""healthy"": true, ""running"": true, ""pending"": false, ""onsite"": false, ""prep"": 3, ""min_up"": 0, ""min_down"": 0, ""repair_until"": 8627, ""runtime"": 5272, ""demands"": 7}, {""healthy"": true, ""running"": true, ""pending"": false, ""onsite"": false, ""prep"": 3, ""min_up"": 0, ""min_down"": 0, ""repair_until"": 5141, ""runtime"": 7597, ""demands"": 7}, {""healthy"": true, ""running"": false, ""pending"": false, ""onsite"": false, ""prep"": 3, ""min_up"": 0, ""min_down"": 0, ""repair_until"": 8701, ""runtime"": 6537, ""demands"": 7}], ""other_repair_until"": {""wind"": [8711, 6833, 2716, 4928, 7303], ""pv"": [-1000000000000000, 2669, 3495], ""pcs"": [-1000000000000000, -1000000000000000, -1000000000000000, -1000000000000000]}}, ""energy_inventory_change_kwh"": 0.0, ""forecast_basis"": ""current_measurements_only"", ""dump_load_kw"": 0, ""repair_clock"": ""calendar_reference"", ""operating_cost_basis"": ""same_executed_policy""}",4006095.052093313,load_first_three_online,holdout,101,2026091702,"{""wind"": 5, ""pv"": 3, ""diesel"": 4, ""battery_energy"": 40, ""pcs"": 4}",True,0.0078125
,"holdout:(5, 3, 4, 40, 4):c1b16c40e93d24d01996b4bd81ccf0b9d616e7bef83b01e34c8697540ee6de0f:102",0.0,"{""shed_hours"": 0.0, ""longest_shed_hours"": 0.0, ""heater_kwh"": 70967.61078027803, ""diesel_kwh"": 1204483.4570898642, ""diesel_fuel_kg"": 267662.9904644244, ""battery_discharge_kwh"": 1311.1788890222238, ""battery_charge_kwh"": 1693.1545571051417, ""starts"": 28.0, ""start_failures"": 0.0, ""diesel_run_failures"": 23.0, ""diesel_online_hours"": 26255.0, ""wind_failures"": 7.0, ""pv_failures"": 1.0, ""pcs_failures"": 0.0, ""wind_protective_stop_hours"": 1073.0, ""wait_access_unit_hours"": 2.0, ""wait_crew_unit_hours"": 0.0, ""wait_prep_unit_hours"": 15.0, ""wait_heat_unit_hours"": 0.0, ""unserved_heater_command_kwh"": 0.0, ""max_balance_residual_kw"": 2.842170943040401e-14, ""max_soc_residual_kwh"": 1.1368683772161603e-13, ""initial_state"": {""energy_kwh"": 1700.0, ""temperatures_c"": [5.0, 5.0, 5.0, 5.0], ""online"": 3, ""diesel_states"": [{""healthy"": true, ""running"": true, ""pending"": false, ""onsite"": false, ""prep"": 3, ""min_up"": 0, ""min_down"": 0, ""repair_until"": -1, ""runtime"": 333, ""demands"": 1}, {""healthy"": false, ""running"": false, ""pending"": false, ""onsite"": false, ""prep"": 0.0, ""min_up"": 0, ""min_down"": 0, ""repair_until"": 6, ""runtime"": 302, ""demands"": 1}, {""healthy"": true, ""running"": true, ""pending"": false, ""onsite"": false, ""prep"": 3, ""min_up"": 0, ""min_down"": 0, ""repair_until"": -1, ""runtime"": 325, ""demands"": 1}, {""healthy"": true, ""running"": true, ""pending"": false, ""onsite"": false, ""prep"": 3, ""min_up"": 0, ""min_down"": 0, ""repair_until"": -1, ""runtime"": 24, ""demands"": 1}]}, ""final_state"": {""energy_kwh"": 1700.0, ""temperatures_c"": [5.0, 5.0, 5.0, 5.0], ""online"": 3, ""diesel_states"": [{""healthy"": true, ""running"": true, ""pending"": false, ""onsite"": false, ""prep"": 3, ""min_up"": 0, ""min_down"": 0, ""repair_until"": 7048, ""runtime"": 7184, ""demands"": 7}, {""healthy"": true, ""running"": true, ""pending"": false, ""onsite"": false, ""prep"": 3, ""min_up"": 0, ""min_down"": 0, ""repair_until"": 8527, ""runtime"": 7343, ""demands"": 6}, {""healthy"": true, ""running"": true, ""pending"": false, ""onsite"": false, ""prep"": 3, ""min_up"": 0, ""min_down"": 0, ""repair_until"": 8133, ""runtime"": 7251, ""demands"": 9}, {""healthy"": false, ""running"": false, ""pending"": false, ""onsite"": false, ""prep"": 0.0, ""min_up"": 0, ""min_down"": 0, ""repair_until"": 8844, ""runtime"": 5461, ""demands"": 10}], ""other_repair_until"": {""wind"": [-1000000000000000, 9052, 3850, 7924, 8517], ""pv"": [-1000000000000000, 4827, -1000000000000000], ""pcs"": [-1000000000000000, -1000000000000000, -1000000000000000, -1000000000000000]}}, ""energy_inventory_change_kwh"": 0.0, ""forecast_basis"": ""current_measurements_only"", ""dump_load_kw"": 0, ""repair_clock"": ""calendar_reference"", ""operating_cost_basis"": ""same_executed_policy""}",4014944.856966211,load_first_three_online,holdout,102,2026091702,"{""wind"": 5, ""pv"": 3, ""diesel"": 4, ""battery_energy"": 40, ""pcs"": 4}",True,0.0078125
,"holdout:(5, 3, 4, 40, 4):c1b16c40e93d24d01996b4bd81ccf0b9d616e7bef83b01e34c8697540ee6de0f:103",0.0,"{""shed_hours"": 0.0, ""longest_shed_hours"": 0.0, ""heater_kwh"": 70863.88496189038, ""diesel_kwh"": 1215898.7686506053, ""diesel_fuel_kg"": 270199.72636681, ""battery_discharge_kwh"": 451.8355556555571, ""battery_charge_kwh"": 583.4653352990115, ""starts"": 26.0, ""start_failures"": 0.0, ""diesel_run_failures"": 19.0, ""diesel_online_hours"": 26250.0, ""wind_failures"": 7.0, ""pv_failures"": 2.0, ""pcs_failures"": 0.0, ""wind_protective_stop_hours"": 1073.0, ""wait_access_unit_hours"": 1.0, ""wait_crew_unit_hours"": 0.0, ""wait_prep_unit_hours"": 24.0, ""wait_heat_unit_hours"": 0.0, ""unserved_heater_command_kwh"": 0.0, ""max_balance_residual_kw"": 2.842170943040401e-14, ""max_soc_residual_kwh"": 1.1368683772161603e-13, ""initial_state"": {""energy_kwh"": 1700.0, ""temperatures_c"": [5.0, 5.0, 5.0, -0.4917950249892792], ""online"": 3, ""diesel_states"": [{""healthy"": true, ""running"": true, ""pending"": false, ""onsite"": false, ""prep"": 3, ""min_up"": 0, ""min_down"": 0, ""repair_until"": -1, ""runtime"": 333, ""demands"": 1}, {""healthy"": true, ""running"": true, ""pending"": false, ""onsite"": false, ""prep"": 3, ""min_up"": 0, ""min_down"": 0, ""repair_until"": -1, ""runtime"": 329, ""demands"": 1}, {""healthy"": true, ""running"": true, ""pending"": false, ""onsite"": false, ""prep"": 3, ""min_up"": 0, ""min_down"": 0, ""repair_until"": -1, ""runtime"": 325, ""demands"": 1}, {""healthy"": true, ""running"": false, ""pending"": false, ""onsite"": false, ""prep"": 0.0, ""min_up"": 0, ""min_down"": 0, ""repair_until"": -1, ""runtime"": 0, ""demands"": 0}]}, ""final_state"": {""energy_kwh"": 1700.0, ""temperatures_c"": [5.0, 5.0, 5.0, 5.0], ""online"": 3, ""diesel_states"": [{""healthy"": true, ""running"": true, ""pending"": false, ""onsite"": false, ""prep"": 3, ""min_up"": 0, ""min_down"": 0, ""repair_until"": 7368, ""runtime"": 7623, ""demands"": 5}, {""healthy"": true, ""running"": true, ""pending"": false, ""onsite"": false, ""prep"": 3, ""min_up"": 0, ""min_down"": 0, ""repair_until"": 8378, ""runtime"": 6254, ""demands"": 8}, {""healthy"": true, ""running"": true, ""pending"": false, ""onsite"": false, ""prep"": 3, ""min_up"": 0, ""min_down"": 0, ""repair_until"": 8419, ""runtime"": 7882, ""demands"": 7}, {""healthy"": false, ""running"": false, ""pending"": false, ""onsite"": false, ""prep"": 0.0, ""min_up"": 0, ""min_down"": 0, ""repair_until"": 8763, ""runtime"": 5478, ""demands"": 9}], ""other_repair_until"": {""wind"": [4899, -1000000000000000, 2074, 1827, 4874], ""pv"": [8649, 3780, -1000000000000000], ""pcs"": [-1000000000000000, -1000000000000000, -1000000000000000, -1000000000000000]}}, ""energy_inventory_change_kwh"": 0.0, ""forecast_basis"": ""current_measurements_only"", ""dump_load_kw"": 0, ""repair_clock"": ""calendar_reference"", ""operating_cost_basis"": ""same_executed_policy""}",4052995.8955020076,load_first_three_online,holdout,103,2026091702,"{""wind"": 5, ""pv"": 3, ""diesel"": 4, ""battery_energy"": 40, ""pcs"": 4}",True,0.0078125
,"holdout:(5, 3, 4, 40, 4):c1b16c40e93d24d01996b4bd81ccf0b9d616e7bef83b01e34c8697540ee6de0f:104",0.0,"{""shed_hours"": 0.0, ""longest_shed_hours"": 0.0, ""heater_kwh"": 70938.0294643283, ""diesel_kwh"": 1204706.0722413277, ""diesel_fuel_kg"": 267712.46049808327, ""battery_discharge_kwh"": 1724.228333333334, ""battery_charge_kwh"": 2226.5345213498613, ""starts"": 27.0, ""start_failures"": 0.0, ""diesel_run_failures"": 19.0, ""diesel_online_hours"": 26242.0, ""wind_failures"": 5.0, ""pv_failures"": 1.0, ""pcs_failures"": 1.0, ""wind_protective_stop_hours"": 1073.0, ""wait_access_unit_hours"": 1.0, ""wait_crew_unit_hours"": 1.0, ""wait_prep_unit_hours"": 27.0, ""wait_heat_unit_hours"": 0.0, ""unserved_heater_command_kwh"": 0.0, ""max_balance_residual_kw"": 2.842170943040401e-14, ""max_soc_residual_kwh"": 1.1368683772161603e-13, ""initial_state"": {""energy_kwh"": 1700.0, ""temperatures_c"": [5.0, 5.0, 5.0, -0.4917950249892792], ""online"": 3, ""diesel_states"": [{""healthy"": true, ""running"": true, ""pending"": false, ""onsite"": false, ""prep"": 3, ""min_up"": 0, ""min_down"": 0, ""repair_until"": -1, ""runtime"": 333, ""demands"": 1}, {""healthy"": true, ""running"": true, ""pending"": false, ""onsite"": false, ""prep"": 3, ""min_up"": 0, ""min_down"": 0, ""repair_until"": -1, ""runtime"": 329, ""demands"": 1}, {""healthy"": true, ""running"": true, ""pending"": false, ""onsite"": false, ""prep"": 3, ""min_up"": 0, ""min_down"": 0, ""repair_until"": -1, ""runtime"": 325, ""demands"": 1}, {""healthy"": true, ""running"": false, ""pending"": false, ""onsite"": false, ""prep"": 0.0, ""min_up"": 0, ""min_down"": 0, ""repair_until"": -1, ""runtime"": 0, ""demands"": 0}]}, ""final_state"": {""energy_kwh"": 1700.0, ""temperatures_c"": [5.0, 5.0, 5.0, 5.0], ""online"": 3, ""diesel_states"": [{""healthy"": true, ""running"": true, ""pending"": false, ""onsite"": false, ""prep"": 3, ""min_up"": 0, ""min_down"": 0, ""repair_until"": 7413, ""runtime"": 8137, ""demands"": 5}, {""healthy"": true, ""running"": true, ""pending"": false, ""onsite"": false, ""prep"": 3, ""min_up"": 0, ""min_down"": 0, ""repair_until"": 4136, ""runtime"": 7811, ""demands"": 7}, {""healthy"": true, ""running"": false, ""pending"": false, ""onsite"": false, ""prep"": 3, ""min_up"": 0, ""min_down"": 0, ""repair_until"": 7820, ""runtime"": 3664, ""demands"": 10}, {""healthy"": true, ""running"": true, ""pending"": false, ""onsite"": false, ""prep"": 3, ""min_up"": 0, ""min_down"": 0, ""repair_until"": 5882, ""runtime"": 7617, ""demands"": 8}], ""other_repair_until"": {""wind"": [6955, 5721, -1000000000000000, -1000000000000000, -1000000000000000], ""pv"": [-1000000000000000, 3341, -1000000000000000], ""pcs"": [-1000000000000000, 3343, -1000000000000000, -1000000000000000]}}, ""energy_inventory_change_kwh"": 0.0, ""forecast_basis"": ""current_measurements_only"", ""dump_load_kw"": 0, ""repair_clock"": ""calendar_reference"", ""operating_cost_basis"": ""same_executed_policy""}",4015686.907471088,load_first_three_online,holdout,104,2026091702,"{""wind"": 5, ""pv"": 3, ""diesel"": 4, ""battery_energy"": 40, ""pcs"": 4}",True,0.0078125
,"holdout:(5, 3, 4, 40, 4):c1b16c40e93d24d01996b4bd81ccf0b9d616e7bef83b01e34c8697540ee6de0f:105",144.04024268495982,"{""shed_hours"": 3.0, ""longest_shed_hours"": 3, ""heater_kwh"": 69707.08376977412, ""diesel_kwh"": 1202953.9340925743, ""diesel_fuel_kg"": 267323.0964650268, ""battery_discharge_kwh"": 1975.4175351928193, ""battery_charge_kwh"": 2550.900742759319, ""starts"": 25.0, ""start_failures"": 0.0, ""diesel_run_failures"": 19.0, ""diesel_online_hours"": 26245.0, ""wind_failures"": 3.0, ""pv_failures"": 2.0, ""pcs_failures"": 0.0, ""wind_protective_stop_hours"": 1073.0, ""wait_access_unit_hours"": 2.0, ""wait_crew_unit_hours"": 0.0, ""wait_prep_unit_hours"": 21.0, ""wait_heat_unit_hours"": 0.0, ""unserved_heater_command_kwh"": 37.51264328828681, ""max_balance_residual_kw"": 2.842170943040401e-14, ""max_soc_residual_kwh"": 1.1368683772161603e-13, ""initial_state"": {""energy_kwh"": 1700.0, ""temperatures_c"": [5.0, 5.0, 5.0, -0.4917950249892792], ""online"": 3, ""diesel_states"": [{""healthy"": true, ""running"": true, ""pending"": false, ""onsite"": false, ""prep"": 3, ""min_up"": 0, ""min_down"": 0, ""repair_until"": -1, ""runtime"": 333, ""demands"": 1}, {""healthy"": true, ""running"": true, ""pending"": false, ""onsite"": false, ""prep"": 3, ""min_up"": 0, ""min_down"": 0, ""repair_until"": -1, ""runtime"": 329, ""demands"": 1}, {""healthy"": true, ""running"": true, ""pending"": false, ""onsite"": false, ""prep"": 3, ""min_up"": 0, ""min_down"": 0, ""repair_until"": -1, ""runtime"": 325, ""demands"": 1}, {""healthy"": true, ""running"": false, ""pending"": false, ""onsite"": false, ""prep"": 0.0, ""min_up"": 0, ""min_down"": 0, ""repair_until"": -1, ""runtime"": 0, ""demands"": 0}]}, ""final_state"": {""energy_kwh"": 1700.0, ""temperatures_c"": [5.0, 5.0, 5.0, 5.0], ""online"": 3, ""diesel_states"": [{""healthy"": false, ""running"": false, ""pending"": false, ""onsite"": false, ""prep"": 0.0, ""min_up"": 0, ""min_down"": 0, ""repair_until"": 8784, ""runtime"": 8126, ""demands"": 5}, {""healthy"": true, ""running"": true, ""pending"": false, ""onsite"": false, ""prep"": 3, ""min_up"": 0, ""min_down"": 0, ""repair_until"": 7750, ""runtime"": 7849, ""demands"": 5}, {""healthy"": true, ""running"": true, ""pending"": false, ""onsite"": false, ""prep"": 3, ""min_up"": 0, ""min_down"": 0, ""repair_until"": 7225, ""runtime"": 5439, ""demands"": 7}, {""healthy"": true, ""running"": true, ""pending"": false, ""onsite"": false, ""prep"": 3, ""min_up"": 0, ""min_down"": 0, ""repair_until"": 8636, ""runtime"": 5818, ""demands"": 11}], ""other_repair_until"": {""wind"": [4267, -1000000000000000, 1981, 2434, -1000000000000000], ""pv"": [7595, 8636, -1000000000000000], ""pcs"": [-1000000000000000, -1000000000000000, -1000000000000000, -1000000000000000]}}, ""energy_inventory_change_kwh"": 0.0, ""forecast_basis"": ""current_measurements_only"", ""dump_load_kw"": 0, ""repair_clock"": ""calendar_reference"", ""operating_cost_basis"": ""same_executed_policy""}",4009846.4469752396,load_first_three_online,holdout,105,2026091702,"{""wind"": 5, ""pv"": 3, ""diesel"": 4, ""battery_energy"": 40, ""pcs"": 4}",True,0.0078125
,"holdout:(5, 3, 4, 40, 4):c1b16c40e93d24d01996b4bd81ccf0b9d616e7bef83b01e34c8697540ee6de0f:106",0.0,"{""shed_hours"": 0.0, ""longest_shed_hours"": 0.0, ""heater_kwh"": 70890.51637887233, ""diesel_kwh"": 1201460.8839913877, ""diesel_fuel_kg"": 266991.307553652, ""battery_discharge_kwh"": 583.5127778444458, ""battery_charge_kwh"": 753.5030705635894, ""starts"": 20.0, ""start_failures"": 0.0, ""diesel_run_failures"": 13.0, ""diesel_online_hours"": 26271.0, ""wind_failures"": 2.0, ""pv_failures"": 1.0, ""pcs_failures"": 0.0, ""wind_protective_stop_hours"": 1073.0, ""wait_access_unit_hours"": 1.0, ""wait_crew_unit_hours"": 0.0, ""wait_prep_unit_hours"": 24.0, ""wait_heat_unit_hours"": 0.0, ""unserved_heater_command_kwh"": 0.0, ""max_balance_residual_kw"": 2.842170943040401e-14, ""max_soc_residual_kwh"": 1.1368683772161603e-13, ""initial_state"": {""energy_kwh"": 1700.0, ""temperatures_c"": [5.0, 5.0, 5.0, -0.4917950249892792], ""online"": 3, ""diesel_states"": [{""healthy"": true, ""running"": true, ""pending"": false, ""onsite"": false, ""prep"": 3, ""min_up"": 0, ""min_down"": 0, ""repair_until"": -1, ""runtime"": 333, ""demands"": 1}, {""healthy"": true, ""running"": true, ""pending"": false, ""onsite"": false, ""prep"": 3, ""min_up"": 0, ""min_down"": 0, ""repair_until"": -1, ""runtime"": 329, ""demands"": 1}, {""healthy"": true, ""running"": true, ""pending"": false, ""onsite"": false, ""prep"": 3, ""min_up"": 0, ""min_down"": 0, ""repair_until"": -1, ""runtime"": 325, ""demands"": 1}, {""healthy"": true, ""running"": false, ""pending"": false, ""onsite"": false, ""prep"": 0.0, ""min_up"": 0, ""min_down"": 0, ""repair_until"": -1, ""runtime"": 0, ""demands"": 0}]}, ""final_state"": {""energy_kwh"": 1700.0, ""temperatures_c"": [5.0, 5.0, 5.0, 5.0], ""online"": 3, ""diesel_states"": [{""healthy"": true, ""running"": true, ""pending"": false, ""onsite"": false, ""prep"": 3, ""min_up"": 0, ""min_down"": 0, ""repair_until"": 7570, ""runtime"": 8584, ""demands"": 5}, {""healthy"": true, ""running"": true, ""pending"": false, ""onsite"": false, ""prep"": 3, ""min_up"": 0, ""min_down"": 0, ""repair_until"": 5802, ""runtime"": 8486, ""demands"": 3}, {""healthy"": true, ""running"": false, ""pending"": false, ""onsite"": false, ""prep"": 3, ""min_up"": 0, ""min_down"": 0, ""repair_until"": 7665, ""runtime"": 5588, ""demands"": 6}, {""healthy"": true, ""running"": true, ""pending"": false, ""onsite"": false, ""prep"": 3, ""min_up"": 0, ""min_down"": 0, ""repair_until"": 6066, ""runtime"": 4600, ""demands"": 9}], ""other_repair_until"": {""wind"": [-1000000000000000, -1000000000000000, -1000000000000000, 6606, -1000000000000000], ""pv"": [-1000000000000000, 5400, -1000000000000000], ""pcs"": [-1000000000000000, -1000000000000000, -1000000000000000, -1000000000000000]}}, ""energy_inventory_change_kwh"": 0.0, ""forecast_basis"": ""current_measurements_only"", ""dump_load_kw"": 0, ""repair_clock"": ""calendar_reference"", ""operating_cost_basis"": ""same_executed_policy""}",4004869.6133046187,load_first_three_online,holdout,106,2026091702,"{""wind"": 5, ""pv"": 3, ""diesel"": 4, ""battery_energy"": 40, ""pcs"": 4}",True,0.0078125
,"holdout:(5, 3, 4, 40, 4):c1b16c40e93d24d01996b4bd81ccf0b9d616e7bef83b01e34c8697540ee6de0f:107",0.0,"{""shed_hours"": 0.0, ""longest_shed_hours"": 0.0, ""heater_kwh"": 70975.44345178857, ""diesel_kwh"": 1203456.7667548186, ""diesel_fuel_kg"": 267434.83705663634, ""battery_discharge_kwh"": 962.8255556222233, ""battery_charge_kwh"": 1243.3181245121662, ""starts"": 29.0, ""start_failures"": 1.0, ""diesel_run_failures"": 22.0, ""diesel_online_hours"": 26262.0, ""wind_failures"": 4.0, ""pv_failures"": 1.0, ""pcs_failures"": 0.0, ""wind_protective_stop_hours"": 1073.0, ""wait_access_unit_hours"": 1.0, ""wait_crew_unit_hours"": 0.0, ""wait_prep_unit_hours"": 21.0, ""wait_heat_unit_hours"": 0.0, ""unserved_heater_command_kwh"": 0.0, ""max_balance_residual_kw"": 2.842170943040401e-14, ""max_soc_residual_kwh"": 1.1368683772161603e-13, ""initial_state"": {""energy_kwh"": 1700.0, ""temperatures_c"": [5.0, 5.0, 5.0, -0.4917950249892792], ""online"": 2, ""diesel_states"": [{""healthy"": true, ""running"": true, ""pending"": false, ""onsite"": false, ""prep"": 3, ""min_up"": 0, ""min_down"": 0, ""repair_until"": -1, ""runtime"": 333, ""demands"": 1}, {""healthy"": false, ""running"": false, ""pending"": false, ""onsite"": false, ""prep"": 0.0, ""min_up"": 0, ""min_down"": 3, ""repair_until"": 38, ""runtime"": 329, ""demands"": 1}, {""healthy"": true, ""running"": true, ""pending"": false, ""onsite"": false, ""prep"": 3, ""min_up"": 0, ""min_down"": 0, ""repair_until"": -1, ""runtime"": 325, ""demands"": 1}, {""healthy"": true, ""running"": false, ""pending"": false, ""onsite"": false, ""prep"": 0.0, ""min_up"": 0, ""min_down"": 0, ""repair_until"": -1, ""runtime"": 0, ""demands"": 0}]}, ""final_state"": {""energy_kwh"": 1700.0, ""temperatures_c"": [5.0, 5.0, 5.0, 5.0], ""online"": 3, ""diesel_states"": [{""healthy"": true, ""running"": true, ""pending"": false, ""onsite"": false, ""prep"": 3, ""min_up"": 0, ""min_down"": 0, ""repair_until"": 8101, ""runtime"": 8560, ""demands"": 5}, {""healthy"": true, ""running"": true, ""pending"": false, ""onsite"": false, ""prep"": 3, ""min_up"": 0, ""min_down"": 0, ""repair_until"": 8503, ""runtime"": 7984, ""demands"": 8}, {""healthy"": false, ""running"": false, ""pending"": false, ""onsite"": false, ""prep"": 0.0, ""min_up"": 0, ""min_down"": 0, ""repair_until"": 8923, ""runtime"": 5204, ""demands"": 10}, {""healthy"": true, ""running"": true, ""pending"": false, ""onsite"": false, ""prep"": 3, ""min_up"": 0, ""min_down"": 0, ""repair_until"": 7817, ""runtime"": 5501, ""demands"": 10}], ""other_repair_until"": {""wind"": [-1000000000000000, 7537, 3844, 8245, -52], ""pv"": [-1000000000000000, -1000000000000000, 5562], ""pcs"": [-1000000000000000, -1000000000000000, -1000000000000000, -1000000000000000]}}, ""energy_inventory_change_kwh"": 0.0, ""forecast_basis"": ""current_measurements_only"", ""dump_load_kw"": 0, ""repair_clock"": ""calendar_reference"", ""operating_cost_basis"": ""same_executed_policy""}",4011522.555849389,load_first_three_online,holdout,107,2026091702,"{""wind"": 5, ""pv"": 3, ""diesel"": 4, ""battery_energy"": 40, ""pcs"": 4}",True,0.0078125
,"holdout:(5, 3, 4, 40, 4):c1b16c40e93d24d01996b4bd81ccf0b9d616e7bef83b01e34c8697540ee6de0f:108",0.0,"{""shed_hours"": 0.0, ""longest_shed_hours"": 0.0, ""heater_kwh"": 70967.61078027803, ""diesel_kwh"": 1208199.4744567743, ""diesel_fuel_kg"": 268488.7721015154, ""battery_discharge_kwh"": 320.5350000333351, ""battery_charge_kwh"": 413.91399797692753, ""starts"": 19.0, ""start_failures"": 0.0, ""diesel_run_failures"": 15.0, ""diesel_online_hours"": 26268.0, ""wind_failures"": 6.0, ""pv_failures"": 7.0, ""pcs_failures"": 0.0, ""wind_protective_stop_hours"": 1073.0, ""wait_access_unit_hours"": 4.0, ""wait_crew_unit_hours"": 0.0, ""wait_prep_unit_hours"": 12.0, ""wait_heat_unit_hours"": 0.0, ""unserved_heater_command_kwh"": 0.0, ""max_balance_residual_kw"": 2.842170943040401e-14, ""max_soc_residual_kwh"": 1.1368683772161603e-13, ""initial_state"": {""energy_kwh"": 1700.0, ""temperatures_c"": [5.0, 5.0, 5.0, 5.0], ""online"": 3, ""diesel_states"": [{""healthy"": true, ""running"": false, ""pending"": false, ""onsite"": false, ""prep"": 3, ""min_up"": 0, ""min_down"": 0, ""repair_until"": -92, ""runtime"": 238, ""demands"": 1}, {""healthy"": true, ""running"": true, ""pending"": false, ""onsite"": false, ""prep"": 3, ""min_up"": 0, ""min_down"": 0, ""repair_until"": -1, ""runtime"": 329, ""demands"": 1}, {""healthy"": true, ""running"": true, ""pending"": false, ""onsite"": false, ""prep"": 3, ""min_up"": 0, ""min_down"": 0, ""repair_until"": -1, ""runtime"": 325, ""demands"": 1}, {""healthy"": true, ""running"": true, ""pending"": false, ""onsite"": false, ""prep"": 3, ""min_up"": 0, ""min_down"": 0, ""repair_until"": -1, ""runtime"": 92, ""demands"": 1}]}, ""final_state"": {""energy_kwh"": 1700.0, ""temperatures_c"": [5.0, 5.0, 5.0, 5.0], ""online"": 3, ""diesel_states"": [{""healthy"": true, ""running"": false, ""pending"": false, ""onsite"": false, ""prep"": 3, ""min_up"": 0, ""min_down"": 0, ""repair_until"": 8332, ""runtime"": 7340, ""demands"": 6}, {""healthy"": true, ""running"": true, ""pending"": false, ""onsite"": false, ""prep"": 3, ""min_up"": 0, ""min_down"": 0, ""repair_until"": 8119, ""runtime"": 8323, ""demands"": 3}, {""healthy"": true, ""running"": true, ""pending"": false, ""onsite"": false, ""prep"": 3, ""min_up"": 0, ""min_down"": 0, ""repair_until"": 2059, ""runtime"": 6592, ""demands"": 5}, {""healthy"": true, ""running"": true, ""pending"": false, ""onsite"": false, ""prep"": 3, ""min_up"": 0, ""min_down"": 0, ""repair_until"": 7548, ""runtime"": 4997, ""demands"": 9}], ""other_repair_until"": {""wind"": [3533, 8775, 7388, 7304, 6758], ""pv"": [8059, -1000000000000000, 6017], ""pcs"": [-1000000000000000, -1000000000000000, -1000000000000000, -1000000000000000]}}, ""energy_inventory_change_kwh"": 0.0, ""forecast_basis"": ""current_measurements_only"", ""dump_load_kw"": 0, ""repair_clock"": ""calendar_reference"", ""operating_cost_basis"": ""same_executed_policy""}",4027331.5815225756,load_first_three_online,holdout,108,2026091702,"{""wind"": 5, ""pv"": 3, ""diesel"": 4, ""battery_energy"": 40, ""pcs"": 4}",True,0.0078125
,"holdout:(5, 3, 4, 40, 4):c1b16c40e93d24d01996b4bd81ccf0b9d616e7bef83b01e34c8697540ee6de0f:109",0.0,"{""shed_hours"": 0.0, ""longest_shed_hours"": 0.0, ""heater_kwh"": 70841.7834580946, ""diesel_kwh"": 1214722.393256068, ""diesel_fuel_kg"": 269938.3096124683, ""battery_discharge_kwh"": 626.7983333333349, ""battery_charge_kwh"": 809.3986742424235, ""starts"": 22.0, ""start_failures"": 0.0, ""diesel_run_failures"": 17.0, ""diesel_online_hours"": 26260.0, ""wind_failures"": 7.0, ""pv_failures"": 1.0, ""pcs_failures"": 0.0, ""wind_protective_stop_hours"": 1073.0, ""wait_access_unit_hours"": 12.0, ""wait_crew_unit_hours"": 0.0, ""wait_prep_unit_hours"": 18.0, ""wait_heat_unit_hours"": 0.0, ""unserved_heater_command_kwh"": 0.0, ""max_balance_residual_kw"": 2.842170943040401e-14, ""max_soc_residual_kwh"": 1.1368683772161603e-13, ""initial_state"": {""energy_kwh"": 1700.0, ""temperatures_c"": [5.0, 5.0, 5.0, -0.4917950249892792], ""online"": 3, ""diesel_states"": [{""healthy"": true, ""running"": true, ""pending"": false, ""onsite"": false, ""prep"": 3, ""min_up"": 0, ""min_down"": 0, ""repair_until"": -1, ""runtime"": 333, ""demands"": 1}, {""healthy"": true, ""running"": true, ""pending"": false, ""onsite"": false, ""prep"": 3, ""min_up"": 0, ""min_down"": 0, ""repair_until"": -1, ""runtime"": 329, ""demands"": 1}, {""healthy"": true, ""running"": true, ""pending"": false, ""onsite"": false, ""prep"": 3, ""min_up"": 0, ""min_down"": 0, ""repair_until"": -1, ""runtime"": 325, ""demands"": 1}, {""healthy"": true, ""running"": false, ""pending"": false, ""onsite"": false, ""prep"": 0.0, ""min_up"": 0, ""min_down"": 0, ""repair_until"": -1, ""runtime"": 0, ""demands"": 0}]}, ""final_state"": {""energy_kwh"": 1700.0, ""temperatures_c"": [5.0, 5.0, 5.0, 5.0], ""online"": 3, ""diesel_states"": [{""healthy"": true, ""running"": true, ""pending"": false, ""onsite"": false, ""prep"": 3, ""min_up"": 0, ""min_down"": 0, ""repair_until"": 8084, ""runtime"": 7881, ""demands"": 6}, {""healthy"": true, ""running"": false, ""pending"": false, ""onsite"": false, ""prep"": 3, ""min_up"": 0, ""min_down"": 0, ""repair_until"": 8213, ""runtime"": 6659, ""demands"": 4}, {""healthy"": true, ""running"": true, ""pending"": false, ""onsite"": false, ""prep"": 3, ""min_up"": 0, ""min_down"": 0, ""repair_until"": 7247, ""runtime"": 7626, ""demands"": 5}, {""healthy"": true, ""running"": true, ""pending"": false, ""onsite"": false, ""prep"": 3, ""min_up"": 0, ""min_down"": 0, ""repair_until"": 8034, ""runtime"": 5081, ""demands"": 10}], ""other_repair_until"": {""wind"": [879, 8976, 6514, 2034, 3610], ""pv"": [869, -1000000000000000, -1000000000000000], ""pcs"": [-1000000000000000, -1000000000000000, -1000000000000000, -1000000000000000]}}, ""energy_inventory_change_kwh"": 0.0, ""forecast_basis"": ""current_measurements_only"", ""dump_load_kw"": 0, ""repair_clock"": ""calendar_reference"", ""operating_cost_basis"": ""same_executed_policy""}",4049074.644186889,load_first_three_online,holdout,109,2026091702,"{""wind"": 5, ""pv"": 3, ""diesel"": 4, ""battery_energy"": 40, ""pcs"": 4}",True,0.0078125
,"holdout:(5, 3, 4, 40, 4):c1b16c40e93d24d01996b4bd81ccf0b9d616e7bef83b01e34c8697540ee6de0f:110",2701.3377778777763,"{""shed_hours"": 43.0, ""longest_shed_hours"": 43, ""heater_kwh"": 70744.89820917048, ""diesel_kwh"": 1207591.982864421, ""diesel_fuel_kg"": 268353.7739698807, ""battery_discharge_kwh"": 2886.306666833336, ""battery_charge_kwh"": 3727.1522040719683, ""starts"": 25.0, ""start_failures"": 0.0, ""diesel_run_failures"": 19.0, ""diesel_online_hours"": 26191.0, ""wind_failures"": 9.0, ""pv_failures"": 0.0, ""pcs_failures"": 1.0, ""wind_protective_stop_hours"": 1073.0, ""wait_access_unit_hours"": 5.0, ""wait_crew_unit_hours"": 11.0, ""wait_prep_unit_hours"": 18.0, ""wait_heat_unit_hours"": 18.0, ""unserved_heater_command_kwh"": 1697.5455486573646, ""max_balance_residual_kw"": 2.842170943040401e-14, ""max_soc_residual_kwh"": 1.1368683772161603e-13, ""initial_state"": {""energy_kwh"": 1700.0, ""temperatures_c"": [5.0, 5.0, 5.0, 5.0], ""online"": 3, ""diesel_states"": [{""healthy"": true, ""running"": true, ""pending"": false, ""onsite"": false, ""prep"": 3, ""min_up"": 0, ""min_down"": 0, ""repair_until"": -1, ""runtime"": 333, ""demands"": 1}, {""healthy"": true, ""running"": false, ""pending"": false, ""onsite"": false, ""prep"": 3, ""min_up"": 0, ""min_down"": 0, ""repair_until"": -213, ""runtime"": 107, ""demands"": 1}, {""healthy"": true, ""running"": true, ""pending"": false, ""onsite"": false, ""prep"": 3, ""min_up"": 0, ""min_down"": 0, ""repair_until"": -1, ""runtime"": 325, ""demands"": 1}, {""healthy"": true, ""running"": true, ""pending"": false, ""onsite"": false, ""prep"": 3, ""min_up"": 0, ""min_down"": 0, ""repair_until"": -1, ""runtime"": 219, ""demands"": 1}]}, ""final_state"": {""energy_kwh"": 1700.0, ""temperatures_c"": [5.0, 5.0, 5.0, 5.0], ""online"": 3, ""diesel_states"": [{""healthy"": true, ""running"": true, ""pending"": false, ""onsite"": false, ""prep"": 3, ""min_up"": 0, ""min_down"": 0, ""repair_until"": 8243, ""runtime"": 6386, ""demands"": 6}, {""healthy"": true, ""running"": true, ""pending"": false, ""onsite"": false, ""prep"": 3, ""min_up"": 0, ""min_down"": 0, ""repair_until"": 7847, ""runtime"": 6487, ""demands"": 7}, {""healthy"": true, ""running"": false, ""pending"": false, ""onsite"": false, ""prep"": 3, ""min_up"": 0, ""min_down"": 0, ""repair_until"": 8567, ""runtime"": 7055, ""demands"": 7}, {""healthy"": true, ""running"": true, ""pending"": false, ""onsite"": false, ""prep"": 3, ""min_up"": 0, ""min_down"": 0, ""repair_until"": 8080, ""runtime"": 7247, ""demands"": 9}], ""other_repair_until"": {""wind"": [4211, 3221, 294, 6109, 3448], ""pv"": [-1000000000000000, -1000000000000000, -1000000000000000], ""pcs"": [4414, -1000000000000000, -1000000000000000, -1000000000000000]}}, ""energy_inventory_change_kwh"": 0.0, ""forecast_basis"": ""current_measurements_only"", ""dump_load_kw"": 0, ""repair_clock"": ""calendar_reference"", ""operating_cost_basis"": ""same_executed_policy""}",4025306.6095480523,load_first_three_online,holdout,110,2026091702,"{""wind"": 5, ""pv"": 3, ""diesel"": 4, ""battery_energy"": 40, ""pcs"": 4}",True,0.0078125
,"holdout:(5, 3, 4, 40, 4):c1b16c40e93d24d01996b4bd81ccf0b9d616e7bef83b01e34c8697540ee6de0f:111",0.0,"{""shed_hours"": 0.0, ""longest_shed_hours"": 0.0, ""heater_kwh"": 70939.94832875852, ""diesel_kwh"": 1212341.717326418, ""diesel_fuel_kg"": 269409.2705169892, ""battery_discharge_kwh"": 733.6166668333348, ""battery_charge_kwh"": 947.335571840564, ""starts"": 19.0, ""start_failures"": 0.0, ""diesel_run_failures"": 15.0, ""diesel_online_hours"": 26274.0, ""wind_failures"": 4.0, ""pv_failures"": 2.0, ""pcs_failures"": 1.0, ""wind_protective_stop_hours"": 1073.0, ""wait_access_unit_hours"": 1.0, ""wait_crew_unit_hours"": 0.0, ""wait_prep_unit_hours"": 15.0, ""wait_heat_unit_hours"": 0.0, ""unserved_heater_command_kwh"": 0.0, ""max_balance_residual_kw"": 2.842170943040401e-14, ""max_soc_residual_kwh"": 1.1368683772161603e-13, ""initial_state"": {""energy_kwh"": 1700.0, ""temperatures_c"": [5.0, 5.0, 5.0, -0.4917950249892792], ""online"": 3, ""diesel_states"": [{""healthy"": true, ""running"": true, ""pending"": false, ""onsite"": false, ""prep"": 3, ""min_up"": 0, ""min_down"": 0, ""repair_until"": -1, ""runtime"": 333, ""demands"": 1}, {""healthy"": true, ""running"": true, ""pending"": false, ""onsite"": false, ""prep"": 3, ""min_up"": 0, ""min_down"": 0, ""repair_until"": -1, ""runtime"": 329, ""demands"": 1}, {""healthy"": true, ""running"": true, ""pending"": false, ""onsite"": false, ""prep"": 3, ""min_up"": 0, ""min_down"": 0, ""repair_until"": -1, ""runtime"": 325, ""demands"": 1}, {""healthy"": true, ""running"": false, ""pending"": false, ""onsite"": false, ""prep"": 0.0, ""min_up"": 0, ""min_down"": 0, ""repair_until"": -1, ""runtime"": 0, ""demands"": 0}]}, ""final_state"": {""energy_kwh"": 1700.0, ""temperatures_c"": [5.0, 5.0, 5.0, 5.0], ""online"": 3, ""diesel_states"": [{""healthy"": true, ""running"": false, ""pending"": false, ""onsite"": false, ""prep"": 3, ""min_up"": 0, ""min_down"": 0, ""repair_until"": 8014, ""runtime"": 7119, ""demands"": 6}, {""healthy"": true, ""running"": true, ""pending"": false, ""onsite"": false, ""prep"": 3, ""min_up"": 0, ""min_down"": 0, ""repair_until"": 5681, ""runtime"": 5870, ""demands"": 6}, {""healthy"": true, ""running"": true, ""pending"": false, ""onsite"": false, ""prep"": 3, ""min_up"": 0, ""min_down"": 0, ""repair_until"": 7998, ""runtime"": 7724, ""demands"": 5}, {""healthy"": true, ""running"": true, ""pending"": false, ""onsite"": false, ""prep"": 3, ""min_up"": 0, ""min_down"": 0, ""repair_until"": 5128, ""runtime"": 6548, ""demands"": 5}], ""other_repair_until"": {""wind"": [7476, 4431, 3451, -1000000000000000, -1000000000000000], ""pv"": [-103, -1000000000000000, 7463], ""pcs"": [2557, -1000000000000000, -1000000000000000, -1000000000000000]}}, ""energy_inventory_change_kwh"": 0.0, ""forecast_basis"": ""current_measurements_only"", ""dump_load_kw"": 0, ""repair_clock"": ""calendar_reference"", ""operating_cost_basis"": ""same_executed_policy""}",4041139.057754712,load_first_three_online,holdout,111,2026091702,"{""wind"": 5, ""pv"": 3, ""diesel"": 4, ""battery_energy"": 40, ""pcs"": 4}",True,0.0078125
,"holdout:(5, 3, 4, 40, 4):c1b16c40e93d24d01996b4bd81ccf0b9d616e7bef83b01e34c8697540ee6de0f:112",0.0,"{""shed_hours"": 0.0, ""longest_shed_hours"": 0.0, ""heater_kwh"": 70967.61078027803, ""diesel_kwh"": 1201530.262517847, ""diesel_fuel_kg"": 267006.72500397626, ""battery_discharge_kwh"": 514.1266667333347, ""battery_charge_kwh"": 663.9032370006876, ""starts"": 17.0, ""start_failures"": 1.0, ""diesel_run_failures"": 12.0, ""diesel_online_hours"": 26269.0, ""wind_failures"": 4.0, ""pv_failures"": 2.0, ""pcs_failures"": 0.0, ""wind_protective_stop_hours"": 1073.0, ""wait_access_unit_hours"": 5.0, ""wait_crew_unit_hours"": 0.0, ""wait_prep_unit_hours"": 15.0, ""wait_heat_unit_hours"": 0.0, ""unserved_heater_command_kwh"": 0.0, ""max_balance_residual_kw"": 2.842170943040401e-14, ""max_soc_residual_kwh"": 1.1368683772161603e-13, ""initial_state"": {""energy_kwh"": 1700.0, ""temperatures_c"": [5.0, 5.0, 5.0, 5.0], ""online"": 3, ""diesel_states"": [{""healthy"": true, ""running"": true, ""pending"": false, ""onsite"": false, ""prep"": 3, ""min_up"": 0, ""min_down"": 0, ""repair_until"": -1, ""runtime"": 333, ""demands"": 1}, {""healthy"": true, ""running"": true, ""pending"": false, ""onsite"": false, ""prep"": 3, ""min_up"": 0, ""min_down"": 0, ""repair_until"": -1, ""runtime"": 329, ""demands"": 1}, {""healthy"": true, ""running"": false, ""pending"": false, ""onsite"": false, ""prep"": 3, ""min_up"": 0, ""min_down"": 0, ""repair_until"": -129, ""runtime"": 170, ""demands"": 1}, {""healthy"": true, ""running"": true, ""pending"": false, ""onsite"": false, ""prep"": 3, ""min_up"": 0, ""min_down"": 0, ""repair_until"": -1, ""runtime"": 152, ""demands"": 1}]}, ""final_state"": {""energy_kwh"": 1700.0, ""temperatures_c"": [5.0, 5.0, 5.0, 5.0], ""online"": 3, ""diesel_states"": [{""healthy"": true, ""running"": true, ""pending"": false, ""onsite"": false, ""prep"": 3, ""min_up"": 0, ""min_down"": 0, ""repair_until"": 7174, ""runtime"": 8002, ""demands"": 4}, {""healthy"": true, ""running"": true, ""pending"": false, ""onsite"": false, ""prep"": 3, ""min_up"": 0, ""min_down"": 0, ""repair_until"": 2463, ""runtime"": 7085, ""demands"": 5}, {""healthy"": true, ""running"": true, ""pending"": false, ""onsite"": false, ""prep"": 3, ""min_up"": 0, ""min_down"": 0, ""repair_until"": 7398, ""runtime"": 7651, ""demands"": 7}, {""healthy"": true, ""running"": false, ""pending"": false, ""onsite"": false, ""prep"": 3, ""min_up"": 0, ""min_down"": 0, ""repair_until"": 8032, ""runtime"": 4515, ""demands"": 6}], ""other_repair_until"": {""wind"": [8024, 4781, -1000000000000000, -1000000000000000, 8174], ""pv"": [-1000000000000000, 8028, 525], ""pcs"": [-1000000000000000, -1000000000000000, -1000000000000000, -1000000000000000]}}, ""energy_inventory_change_kwh"": 0.0, ""forecast_basis"": ""current_measurements_only"", ""dump_load_kw"": 0, ""repair_clock"": ""calendar_reference"", ""operating_cost_basis"": ""same_executed_policy""}",4005100.875059483,load_first_three_online,holdout,112,2026091702,"{""wind"": 5, ""pv"": 3, ""diesel"": 4, ""battery_energy"": 40, ""pcs"": 4}",True,0.0078125
,"holdout:(5, 3, 4, 40, 4):c1b16c40e93d24d01996b4bd81ccf0b9d616e7bef83b01e34c8697540ee6de0f:113",0.0,"{""shed_hours"": 0.0, ""longest_shed_hours"": 0.0, ""heater_kwh"": 70052.43033108652, ""diesel_kwh"": 1204133.6130749672, ""diesel_fuel_kg"": 267585.2473500028, ""battery_discharge_kwh"": 929.3500000000014, ""battery_charge_kwh"": 1200.090392561982, ""starts"": 20.0, ""start_failures"": 0.0, ""diesel_run_failures"": 13.0, ""diesel_online_hours"": 26265.0, ""wind_failures"": 5.0, ""pv_failures"": 1.0, ""pcs_failures"": 0.0, ""wind_protective_stop_hours"": 1073.0, ""wait_access_unit_hours"": 9.0, ""wait_crew_unit_hours"": 0.0, ""wait_prep_unit_hours"": 24.0, ""wait_heat_unit_hours"": 0.0, ""unserved_heater_command_kwh"": 0.0, ""max_balance_residual_kw"": 2.842170943040401e-14, ""max_soc_residual_kwh"": 1.1368683772161603e-13, ""initial_state"": {""energy_kwh"": 1700.0, ""temperatures_c"": [5.0, 5.0, 5.0, -0.4917950249892792], ""online"": 3, ""diesel_states"": [{""healthy"": true, ""running"": true, ""pending"": false, ""onsite"": false, ""prep"": 3, ""min_up"": 0, ""min_down"": 0, ""repair_until"": -1, ""runtime"": 333, ""demands"": 1}, {""healthy"": true, ""running"": true, ""pending"": false, ""onsite"": false, ""prep"": 3, ""min_up"": 0, ""min_down"": 0, ""repair_until"": -1, ""runtime"": 329, ""demands"": 1}, {""healthy"": true, ""running"": true, ""pending"": false, ""onsite"": false, ""prep"": 3, ""min_up"": 0, ""min_down"": 0, ""repair_until"": -1, ""runtime"": 325, ""demands"": 1}, {""healthy"": true, ""running"": false, ""pending"": false, ""onsite"": false, ""prep"": 0.0, ""min_up"": 0, ""min_down"": 0, ""repair_until"": -1, ""runtime"": 0, ""demands"": 0}]}, ""final_state"": {""energy_kwh"": 1700.0, ""temperatures_c"": [5.0, 5.0, 5.0, 5.0], ""online"": 3, ""diesel_states"": [{""healthy"": true, ""running"": false, ""pending"": false, ""onsite"": false, ""prep"": 3, ""min_up"": 0, ""min_down"": 0, ""repair_until"": 8094, ""runtime"": 7354, ""demands"": 6}, {""healthy"": true, ""running"": true, ""pending"": false, ""onsite"": false, ""prep"": 3, ""min_up"": 0, ""min_down"": 0, ""repair_until"": 5208, ""runtime"": 7797, ""demands"": 5}, {""healthy"": true, ""running"": true, ""pending"": false, ""onsite"": false, ""prep"": 3, ""min_up"": 0, ""min_down"": 0, ""repair_until"": 7451, ""runtime"": 8406, ""demands"": 3}, {""healthy"": true, ""running"": true, ""pending"": false, ""onsite"": false, ""prep"": 3, ""min_up"": 0, ""min_down"": 0, ""repair_until"": 5759, ""runtime"": 3695, ""demands"": 9}], ""other_repair_until"": {""wind"": [-1000000000000000, 520, 6538, -1000000000000000, 5147], ""pv"": [-1000000000000000, -1000000000000000, 7848], ""pcs"": [-1000000000000000, -1000000000000000, -1000000000000000, -1000000000000000]}}, ""energy_inventory_change_kwh"": 0.0, ""forecast_basis"": ""current_measurements_only"", ""dump_load_kw"": 0, ""repair_clock"": ""calendar_reference"", ""operating_cost_basis"": ""same_executed_policy""}",4013778.7102498836,load_first_three_online,holdout,113,2026091702,"{""wind"": 5, ""pv"": 3, ""diesel"": 4, ""battery_energy"": 40, ""pcs"": 4}",True,0.0078125
,"holdout:(5, 3, 4, 40, 4):c1b16c40e93d24d01996b4bd81ccf0b9d616e7bef83b01e34c8697540ee6de0f:114",0.0,"{""shed_hours"": 0.0, ""longest_shed_hours"": 0.0, ""heater_kwh"": 70856.50420315177, ""diesel_kwh"": 1206998.4733403502, ""diesel_fuel_kg"": 268221.88296453294, ""battery_discharge_kwh"": 933.3683334333344, ""battery_charge_kwh"": 1205.2793561897377, ""starts"": 17.0, ""start_failures"": 0.0, ""diesel_run_failures"": 11.0, ""diesel_online_hours"": 26273.0, ""wind_failures"": 4.0, ""pv_failures"": 3.0, ""pcs_failures"": 0.0, ""wind_protective_stop_hours"": 1073.0, ""wait_access_unit_hours"": 9.0, ""wait_crew_unit_hours"": 1.0, ""wait_prep_unit_hours"": 21.0, ""wait_heat_unit_hours"": 0.0, ""unserved_heater_command_kwh"": 0.0, ""max_balance_residual_kw"": 2.842170943040401e-14, ""max_soc_residual_kwh"": 1.1368683772161603e-13, ""initial_state"": {""energy_kwh"": 1700.0, ""temperatures_c"": [5.0, 5.0, 5.0, -0.4917950249892792], ""online"": 3, ""diesel_states"": [{""healthy"": true, ""running"": true, ""pending"": false, ""onsite"": false, ""prep"": 3, ""min_up"": 0, ""min_down"": 0, ""repair_until"": -1, ""runtime"": 333, ""demands"": 1}, {""healthy"": true, ""running"": true, ""pending"": false, ""onsite"": false, ""prep"": 3, ""min_up"": 0, ""min_down"": 0, ""repair_until"": -1, ""runtime"": 329, ""demands"": 1}, {""healthy"": true, ""running"": true, ""pending"": false, ""onsite"": false, ""prep"": 3, ""min_up"": 0, ""min_down"": 0, ""repair_until"": -1, ""runtime"": 325, ""demands"": 1}, {""healthy"": true, ""running"": false, ""pending"": false, ""onsite"": false, ""prep"": 0.0, ""min_up"": 0, ""min_down"": 0, ""repair_until"": -1, ""runtime"": 0, ""demands"": 0}]}, ""final_state"": {""energy_kwh"": 1700.0, ""temperatures_c"": [5.0, 5.0, 5.0, 5.0], ""online"": 3, ""diesel_states"": [{""healthy"": true, ""running"": true, ""pending"": false, ""onsite"": false, ""prep"": 3, ""min_up"": 0, ""min_down"": 0, ""repair_until"": 5077, ""runtime"": 5297, ""demands"": 6}, {""healthy"": true, ""running"": false, ""pending"": false, ""onsite"": false, ""prep"": 3, ""min_up"": 0, ""min_down"": 0, ""repair_until"": 7322, ""runtime"": 6623, ""demands"": 3}, {""healthy"": true, ""running"": true, ""pending"": false, ""onsite"": false, ""prep"": 3, ""min_up"": 0, ""min_down"": 0, ""repair_until"": -1, ""runtime"": 7692, ""demands"": 4}, {""healthy"": true, ""running"": true, ""pending"": false, ""onsite"": false, ""prep"": 3, ""min_up"": 0, ""min_down"": 0, ""repair_until"": 7114, ""runtime"": 7648, ""demands"": 7}], ""other_repair_until"": {""wind"": [-1000000000000000, -1000000000000000, 6024, 3836, -1000000000000000], ""pv"": [4982, -1000000000000000, 7838], ""pcs"": [-1000000000000000, -1000000000000000, -1000000000000000, -1000000000000000]}}, ""energy_inventory_change_kwh"": 0.0, ""forecast_basis"": ""current_measurements_only"", ""dump_load_kw"": 0, ""repair_clock"": ""calendar_reference"", ""operating_cost_basis"": ""same_executed_policy""}",4023328.244467832,load_first_three_online,holdout,114,2026091702,"{""wind"": 5, ""pv"": 3, ""diesel"": 4, ""battery_energy"": 40, ""pcs"": 4}",True,0.0078125
,"holdout:(5, 3, 4, 40, 4):c1b16c40e93d24d01996b4bd81ccf0b9d616e7bef83b01e34c8697540ee6de0f:115",0.0,"{""shed_hours"": 0.0, ""longest_shed_hours"": 0.0, ""heater_kwh"": 70696.92735605432, ""diesel_kwh"": 1204748.1237248734, ""diesel_fuel_kg"": 267721.80527220474, ""battery_discharge_kwh"": 990.6410838290786, ""battery_charge_kwh"": 1279.2369367627532, ""starts"": 20.0, ""start_failures"": 0.0, ""diesel_run_failures"": 15.0, ""diesel_online_hours"": 26241.0, ""wind_failures"": 8.0, ""pv_failures"": 1.0, ""pcs_failures"": 1.0, ""wind_protective_stop_hours"": 1073.0, ""wait_access_unit_hours"": 1.0, ""wait_crew_unit_hours"": 0.0, ""wait_prep_unit_hours"": 18.0, ""wait_heat_unit_hours"": 0.0, ""unserved_heater_command_kwh"": 0.0, ""max_balance_residual_kw"": 2.842170943040401e-14, ""max_soc_residual_kwh"": 1.1368683772161603e-13, ""initial_state"": {""energy_kwh"": 1700.0, ""temperatures_c"": [5.0, 5.0, 5.0, -0.4917950249892792], ""online"": 3, ""diesel_states"": [{""healthy"": true, ""running"": true, ""pending"": false, ""onsite"": false, ""prep"": 3, ""min_up"": 0, ""min_down"": 0, ""repair_until"": -1, ""runtime"": 333, ""demands"": 1}, {""healthy"": true, ""running"": true, ""pending"": false, ""onsite"": false, ""prep"": 3, ""min_up"": 0, ""min_down"": 0, ""repair_until"": -1, ""runtime"": 329, ""demands"": 1}, {""healthy"": true, ""running"": true, ""pending"": false, ""onsite"": false, ""prep"": 3, ""min_up"": 0, ""min_down"": 0, ""repair_until"": -1, ""runtime"": 325, ""demands"": 1}, {""healthy"": true, ""running"": false, ""pending"": false, ""onsite"": false, ""prep"": 0.0, ""min_up"": 0, ""min_down"": 0, ""repair_until"": -1, ""runtime"": 0, ""demands"": 0}]}, ""final_state"": {""energy_kwh"": 1700.0, ""temperatures_c"": [5.0, 5.0, 5.0, 5.0], ""online"": 3, ""diesel_states"": [{""healthy"": true, ""running"": true, ""pending"": false, ""onsite"": false, ""prep"": 3, ""min_up"": 0, ""min_down"": 0, ""repair_until"": 6939, ""runtime"": 7316, ""demands"": 6}, {""healthy"": true, ""running"": true, ""pending"": false, ""onsite"": false, ""prep"": 3, ""min_up"": 0, ""min_down"": 0, ""repair_until"": 6921, ""runtime"": 8178, ""demands"": 5}, {""healthy"": true, ""running"": false, ""pending"": false, ""onsite"": false, ""prep"": 3, ""min_up"": 0, ""min_down"": 0, ""repair_until"": 7173, ""runtime"": 4884, ""demands"": 6}, {""healthy"": true, ""running"": true, ""pending"": false, ""onsite"": false, ""prep"": 3, ""min_up"": 0, ""min_down"": 0, ""repair_until"": 6706, ""runtime"": 6850, ""demands"": 6}], ""other_repair_until"": {""wind"": [5601, 3732, 3575, -1000000000000000, 8809], ""pv"": [4088, -1000000000000000, -1000000000000000], ""pcs"": [-1000000000000000, -1000000000000000, 740, -1000000000000000]}}, ""energy_inventory_change_kwh"": 0.0, ""forecast_basis"": ""current_measurements_only"", ""dump_load_kw"": 0, ""repair_clock"": ""calendar_reference"", ""operating_cost_basis"": ""same_executed_policy""}",4015827.079082908,load_first_three_online,holdout,115,2026091702,"{""wind"": 5, ""pv"": 3, ""diesel"": 4, ""battery_energy"": 40, ""pcs"": 4}",True,0.0078125
,"holdout:(5, 3, 4, 40, 4):c1b16c40e93d24d01996b4bd81ccf0b9d616e7bef83b01e34c8697540ee6de0f:116",0.0,"{""shed_hours"": 0.0, ""longest_shed_hours"": 0.0, ""heater_kwh"": 70742.02571595657, ""diesel_kwh"": 1203976.8792517264, ""diesel_fuel_kg"": 267550.41761150485, ""battery_discharge_kwh"": 676.305000066668, ""battery_charge_kwh"": 873.3277376893926, ""starts"": 24.0, ""start_failures"": 0.0, ""diesel_run_failures"": 18.0, ""diesel_online_hours"": 26266.0, ""wind_failures"": 3.0, ""pv_failures"": 1.0, ""pcs_failures"": 1.0, ""wind_protective_stop_hours"": 1073.0, ""wait_access_unit_hours"": 1.0, ""wait_crew_unit_hours"": 0.0, ""wait_prep_unit_hours"": 21.0, ""wait_heat_unit_hours"": 0.0, ""unserved_heater_command_kwh"": 0.0, ""max_balance_residual_kw"": 2.842170943040401e-14, ""max_soc_residual_kwh"": 1.1368683772161603e-13, ""initial_state"": {""energy_kwh"": 1700.0, ""temperatures_c"": [5.0, 5.0, 5.0, -0.4917950249892792], ""online"": 3, ""diesel_states"": [{""healthy"": true, ""running"": true, ""pending"": false, ""onsite"": false, ""prep"": 3, ""min_up"": 0, ""min_down"": 0, ""repair_until"": -1, ""runtime"": 333, ""demands"": 1}, {""healthy"": true, ""running"": true, ""pending"": false, ""onsite"": false, ""prep"": 3, ""min_up"": 0, ""min_down"": 0, ""repair_until"": -1, ""runtime"": 329, ""demands"": 1}, {""healthy"": true, ""running"": true, ""pending"": false, ""onsite"": false, ""prep"": 3, ""min_up"": 0, ""min_down"": 0, ""repair_until"": -1, ""runtime"": 325, ""demands"": 1}, {""healthy"": true, ""running"": false, ""pending"": false, ""onsite"": false, ""prep"": 0.0, ""min_up"": 0, ""min_down"": 0, ""repair_until"": -1, ""runtime"": 0, ""demands"": 0}]}, ""final_state"": {""energy_kwh"": 1700.0, ""temperatures_c"": [5.0, 5.0, 5.0, 5.0], ""online"": 3, ""diesel_states"": [{""healthy"": true, ""running"": true, ""pending"": false, ""onsite"": false, ""prep"": 3, ""min_up"": 0, ""min_down"": 0, ""repair_until"": 6768, ""runtime"": 7611, ""demands"": 7}, {""healthy"": true, ""running"": true, ""pending"": false, ""onsite"": false, ""prep"": 3, ""min_up"": 0, ""min_down"": 0, ""repair_until"": 5777, ""runtime"": 8076, ""demands"": 5}, {""healthy"": true, ""running"": false, ""pending"": false, ""onsite"": false, ""prep"": 3, ""min_up"": 0, ""min_down"": 0, ""repair_until"": 7036, ""runtime"": 5835, ""demands"": 6}, {""healthy"": true, ""running"": true, ""pending"": false, ""onsite"": false, ""prep"": 3, ""min_up"": 0, ""min_down"": 0, ""repair_until"": 5115, ""runtime"": 5731, ""demands"": 9}], ""other_repair_until"": {""wind"": [-1000000000000000, 2909, -1000000000000000, 4950, 8848], ""pv"": [-1000000000000000, -1000000000000000, 7834], ""pcs"": [-1000000000000000, -1000000000000000, 3201, -1000000000000000]}}, ""energy_inventory_change_kwh"": 0.0, ""forecast_basis"": ""current_measurements_only"", ""dump_load_kw"": 0, ""repair_clock"": ""calendar_reference"", ""operating_cost_basis"": ""same_executed_policy""}",4013256.264172413,load_first_three_online,holdout,116,2026091702,"{""wind"": 5, ""pv"": 3, ""diesel"": 4, ""battery_energy"": 40, ""pcs"": 4}",True,0.0078125
,"holdout:(5, 3, 4, 40, 4):c1b16c40e93d24d01996b4bd81ccf0b9d616e7bef83b01e34c8697540ee6de0f:117",0.0,"{""shed_hours"": 0.0, ""longest_shed_hours"": 0.0, ""heater_kwh"": 70907.91736704265, ""diesel_kwh"": 1203396.1959086547, ""diesel_fuel_kg"": 267421.3768686005, ""battery_discharge_kwh"": 872.6316666666684, ""battery_charge_kwh"": 1126.8487431129463, ""starts"": 23.0, ""start_failures"": 0.0, ""diesel_run_failures"": 17.0, ""diesel_online_hours"": 26264.0, ""wind_failures"": 5.0, ""pv_failures"": 3.0, ""pcs_failures"": 0.0, ""wind_protective_stop_hours"": 1073.0, ""wait_access_unit_hours"": 4.0, ""wait_crew_unit_hours"": 2.0, ""wait_prep_unit_hours"": 21.0, ""wait_heat_unit_hours"": 0.0, ""unserved_heater_command_kwh"": 0.0, ""max_balance_residual_kw"": 2.842170943040401e-14, ""max_soc_residual_kwh"": 1.1368683772161603e-13, ""initial_state"": {""energy_kwh"": 1700.0, ""temperatures_c"": [5.0, 5.0, 5.0, -0.4917950249892792], ""online"": 3, ""diesel_states"": [{""healthy"": true, ""running"": true, ""pending"": false, ""onsite"": false, ""prep"": 3, ""min_up"": 0, ""min_down"": 0, ""repair_until"": -1, ""runtime"": 333, ""demands"": 1}, {""healthy"": true, ""running"": true, ""pending"": false, ""onsite"": false, ""prep"": 3, ""min_up"": 0, ""min_down"": 0, ""repair_until"": -1, ""runtime"": 329, ""demands"": 1}, {""healthy"": true, ""running"": true, ""pending"": false, ""onsite"": false, ""prep"": 3, ""min_up"": 0, ""min_down"": 0, ""repair_until"": -1, ""runtime"": 325, ""demands"": 1}, {""healthy"": true, ""running"": false, ""pending"": false, ""onsite"": false, ""prep"": 0.0, ""min_up"": 0, ""min_down"": 0, ""repair_until"": -1, ""runtime"": 0, ""demands"": 0}]}, ""final_state"": {""energy_kwh"": 1700.0, ""temperatures_c"": [5.0, 5.0, 5.0, 5.0], ""online"": 3, ""diesel_states"": [{""healthy"": true, ""running"": true, ""pending"": false, ""onsite"": false, ""prep"": 3, ""min_up"": 0, ""min_down"": 0, ""repair_until"": 3698, ""runtime"": 7808, ""demands"": 4}, {""healthy"": true, ""running"": true, ""pending"": false, ""onsite"": false, ""prep"": 3, ""min_up"": 0, ""min_down"": 0, ""repair_until"": 6481, ""runtime"": 6939, ""demands"": 7}, {""healthy"": true, ""running"": false, ""pending"": false, ""onsite"": false, ""prep"": 3, ""min_up"": 0, ""min_down"": 0, ""repair_until"": 7469, ""runtime"": 5799, ""demands"": 8}, {""healthy"": true, ""running"": true, ""pending"": false, ""onsite"": false, ""prep"": 3, ""min_up"": 0, ""min_down"": 0, ""repair_until"": 7311, ""runtime"": 6705, ""demands"": 7}], ""other_repair_until"": {""wind"": [1681, 3805, -1000000000000000, 7104, 1779], ""pv"": [2710, 834, 2492], ""pcs"": [-1000000000000000, -1000000000000000, -1000000000000000, -1000000000000000]}}, ""energy_inventory_change_kwh"": 0.0, ""forecast_basis"": ""current_measurements_only"", ""dump_load_kw"": 0, ""repair_clock"": ""calendar_reference"", ""operating_cost_basis"": ""same_executed_policy""}",4011320.6530288453,load_first_three_online,holdout,117,2026091702,"{""wind"": 5, ""pv"": 3, ""diesel"": 4, ""battery_energy"": 40, ""pcs"": 4}",True,0.0078125
,"holdout:(5, 3, 4, 40, 4):c1b16c40e93d24d01996b4bd81ccf0b9d616e7bef83b01e34c8697540ee6de0f:118",0.0,"{""shed_hours"": 0.0, ""longest_shed_hours"": 0.0, ""heater_kwh"": 70845.6376732851, ""diesel_kwh"": 1204616.0779809246, ""diesel_fuel_kg"": 267692.46177354973, ""battery_discharge_kwh"": 715.3838890888902, ""battery_charge_kwh"": 923.791179092056, ""starts"": 19.0, ""start_failures"": 0.0, ""diesel_run_failures"": 12.0, ""diesel_online_hours"": 26273.0, ""wind_failures"": 6.0, ""pv_failures"": 2.0, ""pcs_failures"": 1.0, ""wind_protective_stop_hours"": 1073.0, ""wait_access_unit_hours"": 1.0, ""wait_crew_unit_hours"": 0.0, ""wait_prep_unit_hours"": 24.0, ""wait_heat_unit_hours"": 0.0, ""unserved_heater_command_kwh"": 0.0, ""max_balance_residual_kw"": 2.842170943040401e-14, ""max_soc_residual_kwh"": 1.1368683772161603e-13, ""initial_state"": {""energy_kwh"": 1700.0, ""temperatures_c"": [5.0, 5.0, 5.0, -0.4917950249892792], ""online"": 3, ""diesel_states"": [{""healthy"": true, ""running"": true, ""pending"": false, ""onsite"": false, ""prep"": 3, ""min_up"": 0, ""min_down"": 0, ""repair_until"": -1, ""runtime"": 333, ""demands"": 1}, {""healthy"": true, ""running"": true, ""pending"": false, ""onsite"": false, ""prep"": 3, ""min_up"": 0, ""min_down"": 0, ""repair_until"": -1, ""runtime"": 329, ""demands"": 1}, {""healthy"": true, ""running"": true, ""pending"": false, ""onsite"": false, ""prep"": 3, ""min_up"": 0, ""min_down"": 0, ""repair_until"": -1, ""runtime"": 325, ""demands"": 1}, {""healthy"": true, ""running"": false, ""pending"": false, ""onsite"": false, ""prep"": 0.0, ""min_up"": 0, ""min_down"": 0, ""repair_until"": -1, ""runtime"": 0, ""demands"": 0}]}, ""final_state"": {""energy_kwh"": 1700.0, ""temperatures_c"": [5.0, 5.0, 5.0, 5.0], ""online"": 3, ""diesel_states"": [{""healthy"": true, ""running"": true, ""pending"": false, ""onsite"": false, ""prep"": 3, ""min_up"": 0, ""min_down"": 0, ""repair_until"": 4304, ""runtime"": 8048, ""demands"": 3}, {""healthy"": true, ""running"": true, ""pending"": false, ""onsite"": false, ""prep"": 3, ""min_up"": 0, ""min_down"": 0, ""repair_until"": 4473, ""runtime"": 8002, ""demands"": 5}, {""healthy"": true, ""running"": false, ""pending"": false, ""onsite"": false, ""prep"": 3, ""min_up"": 0, ""min_down"": 0, ""repair_until"": 7773, ""runtime"": 6358, ""demands"": 6}, {""healthy"": true, ""running"": true, ""pending"": false, ""onsite"": false, ""prep"": 3, ""min_up"": 0, ""min_down"": 0, ""repair_until"": 6387, ""runtime"": 4852, ""demands"": 8}], ""other_repair_until"": {""wind"": [-1000000000000000, -1000000000000000, 412, 5315, 4066], ""pv"": [-1000000000000000, 4376, 767], ""pcs"": [-1000000000000000, -1000000000000000, 6247, -1000000000000000]}}, ""energy_inventory_change_kwh"": 0.0, ""forecast_basis"": ""current_measurements_only"", ""dump_load_kw"": 0, ""repair_clock"": ""calendar_reference"", ""operating_cost_basis"": ""same_executed_policy""}",4015386.9266030793,load_first_three_online,holdout,118,2026091702,"{""wind"": 5, ""pv"": 3, ""diesel"": 4, ""battery_energy"": 40, ""pcs"": 4}",True,0.0078125
,"holdout:(5, 3, 4, 40, 4):c1b16c40e93d24d01996b4bd81ccf0b9d616e7bef83b01e34c8697540ee6de0f:119",0.0,"{""shed_hours"": 0.0, ""longest_shed_hours"": 0.0, ""heater_kwh"": 70967.61078027803, ""diesel_kwh"": 1209591.0467660306, ""diesel_fuel_kg"": 268798.0103924607, ""battery_discharge_kwh"": 378.12166683333476, ""battery_charge_kwh"": 488.2769458075058, ""starts"": 20.0, ""start_failures"": 0.0, ""diesel_run_failures"": 14.0, ""diesel_online_hours"": 26279.0, ""wind_failures"": 4.0, ""pv_failures"": 0.0, ""pcs_failures"": 0.0, ""wind_protective_stop_hours"": 1073.0, ""wait_access_unit_hours"": 1.0, ""wait_crew_unit_hours"": 0.0, ""wait_prep_unit_hours"": 18.0, ""wait_heat_unit_hours"": 0.0, ""unserved_heater_command_kwh"": 0.0, ""max_balance_residual_kw"": 2.842170943040401e-14, ""max_soc_residual_kwh"": 1.1368683772161603e-13, ""initial_state"": {""energy_kwh"": 1700.0, ""temperatures_c"": [5.0, 5.0, 5.0, 5.0], ""online"": 3, ""diesel_states"": [{""healthy"": true, ""running"": true, ""pending"": false, ""onsite"": false, ""prep"": 3, ""min_up"": 0, ""min_down"": 0, ""repair_until"": -1, ""runtime"": 333, ""demands"": 1}, {""healthy"": false, ""running"": false, ""pending"": false, ""onsite"": false, ""prep"": 0.0, ""min_up"": 0, ""min_down"": 0, ""repair_until"": 10, ""runtime"": 139, ""demands"": 1}, {""healthy"": true, ""running"": true, ""pending"": false, ""onsite"": false, ""prep"": 3, ""min_up"": 0, ""min_down"": 0, ""repair_until"": -1, ""runtime"": 325, ""demands"": 1}, {""healthy"": true, ""running"": true, ""pending"": false, ""onsite"": false, ""prep"": 3, ""min_up"": 0, ""min_down"": 0, ""repair_until"": -1, ""runtime"": 187, ""demands"": 1}]}, ""final_state"": {""energy_kwh"": 1700.0, ""temperatures_c"": [5.0, 5.0, 5.0, 5.0], ""online"": 3, ""diesel_states"": [{""healthy"": true, ""running"": false, ""pending"": false, ""onsite"": false, ""prep"": 3, ""min_up"": 0, ""min_down"": 0, ""repair_until"": 7538, ""runtime"": 6885, ""demands"": 4}, {""healthy"": true, ""running"": true, ""pending"": false, ""onsite"": false, ""prep"": 3, ""min_up"": 0, ""min_down"": 0, ""repair_until"": 5280, ""runtime"": 6569, ""demands"": 5}, {""healthy"": true, ""running"": true, ""pending"": false, ""onsite"": false, ""prep"": 3, ""min_up"": 0, ""min_down"": 0, ""repair_until"": 6752, ""runtime"": 6573, ""demands"": 7}, {""healthy"": true, ""running"": true, ""pending"": false, ""onsite"": false, ""prep"": 3, ""min_up"": 0, ""min_down"": 0, ""repair_until"": 7480, ""runtime"": 7236, ""demands"": 8}], ""other_repair_until"": {""wind"": [6471, 6642, -1000000000000000, 2109, 5751], ""pv"": [-1000000000000000, -1000000000000000, 277], ""pcs"": [-1000000000000000, -1000000000000000, -1000000000000000, -1000000000000000]}}, ""energy_inventory_change_kwh"": 0.0, ""forecast_basis"": ""current_measurements_only"", ""dump_load_kw"": 0, ""repair_clock"": ""calendar_reference"", ""operating_cost_basis"": ""same_executed_policy""}",4031970.1558867632,load_first_three_online,holdout,119,2026091702,"{""wind"": 5, ""pv"": 3, ""diesel"": 4, ""battery_energy"": 40, ""pcs"": 4}",True,0.0078125
,"holdout:(5, 3, 4, 40, 4):c1b16c40e93d24d01996b4bd81ccf0b9d616e7bef83b01e34c8697540ee6de0f:120",0.0,"{""shed_hours"": 0.0, ""longest_shed_hours"": 0.0, ""heater_kwh"": 70769.43063226498, ""diesel_kwh"": 1200585.4750634392, ""diesel_fuel_kg"": 266796.77223632863, ""battery_discharge_kwh"": 2003.910000033335, ""battery_charge_kwh"": 2587.6936983901487, ""starts"": 22.0, ""start_failures"": 0.0, ""diesel_run_failures"": 17.0, ""diesel_online_hours"": 26193.0, ""wind_failures"": 3.0, ""pv_failures"": 0.0, ""pcs_failures"": 0.0, ""wind_protective_stop_hours"": 1073.0, ""wait_access_unit_hours"": 1.0, ""wait_crew_unit_hours"": 0.0, ""wait_prep_unit_hours"": 18.0, ""wait_heat_unit_hours"": 0.0, ""unserved_heater_command_kwh"": 0.0, ""max_balance_residual_kw"": 2.842170943040401e-14, ""max_soc_residual_kwh"": 1.1368683772161603e-13, ""initial_state"": {""energy_kwh"": 1700.0, ""temperatures_c"": [5.0, 5.0, 5.0, -0.4917950249892792], ""online"": 3, ""diesel_states"": [{""healthy"": true, ""running"": true, ""pending"": false, ""onsite"": false, ""prep"": 3, ""min_up"": 0, ""min_down"": 0, ""repair_until"": -1, ""runtime"": 333, ""demands"": 1}, {""healthy"": true, ""running"": true, ""pending"": false, ""onsite"": false, ""prep"": 3, ""min_up"": 0, ""min_down"": 0, ""repair_until"": -1, ""runtime"": 329, ""demands"": 1}, {""healthy"": true, ""running"": true, ""pending"": false, ""onsite"": false, ""prep"": 3, ""min_up"": 0, ""min_down"": 0, ""repair_until"": -1, ""runtime"": 325, ""demands"": 1}, {""healthy"": true, ""running"": false, ""pending"": false, ""onsite"": false, ""prep"": 0.0, ""min_up"": 0, ""min_down"": 0, ""repair_until"": -1, ""runtime"": 0, ""demands"": 0}]}, ""final_state"": {""energy_kwh"": 1700.0, ""temperatures_c"": [5.0, 5.0, 5.0, 5.0], ""online"": 3, ""diesel_states"": [{""healthy"": true, ""running"": true, ""pending"": false, ""onsite"": false, ""prep"": 3, ""min_up"": 0, ""min_down"": 0, ""repair_until"": 5489, ""runtime"": 8330, ""demands"": 6}, {""healthy"": true, ""running"": false, ""pending"": false, ""onsite"": false, ""prep"": 3, ""min_up"": 0, ""min_down"": 0, ""repair_until"": 7691, ""runtime"": 6377, ""demands"": 6}, {""healthy"": true, ""running"": true, ""pending"": false, ""onsite"": false, ""prep"": 3, ""min_up"": 0, ""min_down"": 0, ""repair_until"": 6569, ""runtime"": 6157, ""demands"": 5}, {""healthy"": true, ""running"": true, ""pending"": false, ""onsite"": false, ""prep"": 3, ""min_up"": 0, ""min_down"": 0, ""repair_until"": 6870, ""runtime"": 6316, ""demands"": 8}], ""other_repair_until"": {""wind"": [-1000000000000000, -1000000000000000, 4397, 2314, 6548], ""pv"": [-1000000000000000, -1000000000000000, -1000000000000000], ""pcs"": [-1000000000000000, -1000000000000000, -1000000000000000, -1000000000000000]}}, ""energy_inventory_change_kwh"": 0.0, ""forecast_basis"": ""current_measurements_only"", ""dump_load_kw"": 0, ""repair_clock"": ""calendar_reference"", ""operating_cost_basis"": ""same_executed_policy""}",4001951.5835447973,load_first_three_online,holdout,120,2026091702,"{""wind"": 5, ""pv"": 3, ""diesel"": 4, ""battery_energy"": 40, ""pcs"": 4}",True,0.0078125
,"holdout:(5, 3, 4, 40, 4):c1b16c40e93d24d01996b4bd81ccf0b9d616e7bef83b01e34c8697540ee6de0f:121",0.0,"{""shed_hours"": 0.0, ""longest_shed_hours"": 0.0, ""heater_kwh"": 70682.04306929171, ""diesel_kwh"": 1204176.9952821839, ""diesel_fuel_kg"": 267594.8878404956, ""battery_discharge_kwh"": 2500.4405556555575, ""battery_charge_kwh"": 3228.8746844725656, ""starts"": 20.0, ""start_failures"": 0.0, ""diesel_run_failures"": 13.0, ""diesel_online_hours"": 26228.0, ""wind_failures"": 4.0, ""pv_failures"": 0.0, ""pcs_failures"": 0.0, ""wind_protective_stop_hours"": 1073.0, ""wait_access_unit_hours"": 2.0, ""wait_crew_unit_hours"": 1.0, ""wait_prep_unit_hours"": 24.0, ""wait_heat_unit_hours"": 0.0, ""unserved_heater_command_kwh"": 0.0, ""max_balance_residual_kw"": 2.842170943040401e-14, ""max_soc_residual_kwh"": 1.1368683772161603e-13, ""initial_state"": {""energy_kwh"": 1700.0, ""temperatures_c"": [5.0, 5.0, 5.0, -0.4917950249892792], ""online"": 3, ""diesel_states"": [{""healthy"": true, ""running"": true, ""pending"": false, ""onsite"": false, ""prep"": 3, ""min_up"": 0, ""min_down"": 0, ""repair_until"": -1, ""runtime"": 333, ""demands"": 1}, {""healthy"": true, ""running"": true, ""pending"": false, ""onsite"": false, ""prep"": 3, ""min_up"": 0, ""min_down"": 0, ""repair_until"": -1, ""runtime"": 329, ""demands"": 1}, {""healthy"": true, ""running"": true, ""pending"": false, ""onsite"": false, ""prep"": 3, ""min_up"": 0, ""min_down"": 0, ""repair_until"": -1, ""runtime"": 325, ""demands"": 1}, {""healthy"": true, ""running"": false, ""pending"": false, ""onsite"": false, ""prep"": 0.0, ""min_up"": 0, ""min_down"": 0, ""repair_until"": -1, ""runtime"": 0, ""demands"": 0}]}, ""final_state"": {""energy_kwh"": 1700.0, ""temperatures_c"": [5.0, 5.0, 5.0, 5.0], ""online"": 3, ""diesel_states"": [{""healthy"": true, ""running"": true, ""pending"": false, ""onsite"": false, ""prep"": 3, ""min_up"": 0, ""min_down"": 0, ""repair_until"": 7482, ""runtime"": 7968, ""demands"": 5}, {""healthy"": true, ""running"": true, ""pending"": false, ""onsite"": false, ""prep"": 3, ""min_up"": 0, ""min_down"": 0, ""repair_until"": 4533, ""runtime"": 8517, ""demands"": 4}, {""healthy"": false, ""running"": false, ""pending"": false, ""onsite"": false, ""prep"": 0.0, ""min_up"": 0, ""min_down"": 0, ""repair_until"": 8809, ""runtime"": 7905, ""demands"": 5}, {""healthy"": true, ""running"": true, ""pending"": false, ""onsite"": false, ""prep"": 3, ""min_up"": 0, ""min_down"": 0, ""repair_until"": 8476, ""runtime"": 2825, ""demands"": 9}], ""other_repair_until"": {""wind"": [-1000000000000000, 3909, -1000000000000000, 8652, 6636], ""pv"": [-1000000000000000, -1000000000000000, -1000000000000000], ""pcs"": [-1000000000000000, -1000000000000000, -1000000000000000, -1000000000000000]}}, ""energy_inventory_change_kwh"": 0.0, ""forecast_basis"": ""current_measurements_only"", ""dump_load_kw"": 0, ""repair_clock"": ""calendar_reference"", ""operating_cost_basis"": ""same_executed_policy""}",4013923.3176072747,load_first_three_online,holdout,121,2026091702,"{""wind"": 5, ""pv"": 3, ""diesel"": 4, ""battery_energy"": 40, ""pcs"": 4}",True,0.0078125
,"holdout:(5, 3, 4, 40, 4):c1b16c40e93d24d01996b4bd81ccf0b9d616e7bef83b01e34c8697540ee6de0f:122",197.8783332333334,"{""shed_hours"": 5.0, ""longest_shed_hours"": 5, ""heater_kwh"": 69568.84412621004, ""diesel_kwh"": 1199802.9998349396, ""diesel_fuel_kg"": 266622.8888522194, ""battery_discharge_kwh"": 2495.0586727838736, ""battery_charge_kwh"": 3221.9249390287587, ""starts"": 19.0, ""start_failures"": 0.0, ""diesel_run_failures"": 12.0, ""diesel_online_hours"": 26246.0, ""wind_failures"": 5.0, ""pv_failures"": 0.0, ""pcs_failures"": 0.0, ""wind_protective_stop_hours"": 1073.0, ""wait_access_unit_hours"": 1.0, ""wait_crew_unit_hours"": 3.0, ""wait_prep_unit_hours"": 24.0, ""wait_heat_unit_hours"": 2.0, ""unserved_heater_command_kwh"": 90.69029748269605, ""max_balance_residual_kw"": 2.842170943040401e-14, ""max_soc_residual_kwh"": 1.1368683772161603e-13, ""initial_state"": {""energy_kwh"": 1700.0, ""temperatures_c"": [5.0, 5.0, 5.0, -0.4917950249892792], ""online"": 3, ""diesel_states"": [{""healthy"": true, ""running"": true, ""pending"": false, ""onsite"": false, ""prep"": 3, ""min_up"": 0, ""min_down"": 0, ""repair_until"": -1, ""runtime"": 333, ""demands"": 1}, {""healthy"": true, ""running"": true, ""pending"": false, ""onsite"": false, ""prep"": 3, ""min_up"": 0, ""min_down"": 0, ""repair_until"": -1, ""runtime"": 329, ""demands"": 1}, {""healthy"": true, ""running"": true, ""pending"": false, ""onsite"": false, ""prep"": 3, ""min_up"": 0, ""min_down"": 0, ""repair_until"": -1, ""runtime"": 325, ""demands"": 1}, {""healthy"": true, ""running"": false, ""pending"": false, ""onsite"": false, ""prep"": 0.0, ""min_up"": 0, ""min_down"": 0, ""repair_until"": -1, ""runtime"": 0, ""demands"": 0}]}, ""final_state"": {""energy_kwh"": 1700.0, ""temperatures_c"": [5.0, 5.0, 5.0, 5.0], ""online"": 3, ""diesel_states"": [{""healthy"": true, ""running"": false, ""pending"": false, ""onsite"": false, ""prep"": 3, ""min_up"": 0, ""min_down"": 0, ""repair_until"": 7182, ""runtime"": 5172, ""demands"": 4}, {""healthy"": true, ""running"": true, ""pending"": false, ""onsite"": false, ""prep"": 3, ""min_up"": 0, ""min_down"": 0, ""repair_until"": 5181, ""runtime"": 8027, ""demands"": 4}, {""healthy"": true, ""running"": true, ""pending"": false, ""onsite"": false, ""prep"": 3, ""min_up"": 0, ""min_down"": 0, ""repair_until"": 5555, ""runtime"": 8344, ""demands"": 6}, {""healthy"": true, ""running"": true, ""pending"": false, ""onsite"": false, ""prep"": 3, ""min_up"": 0, ""min_down"": 0, ""repair_until"": 6948, ""runtime"": 5690, ""demands"": 8}], ""other_repair_until"": {""wind"": [-1000000000000000, -1000000000000000, 4834, -1000000000000000, 5834], ""pv"": [-1000000000000000, -1000000000000000, -1000000000000000], ""pcs"": [-1000000000000000, -1000000000000000, -1000000000000000, -1000000000000000]}}, ""energy_inventory_change_kwh"": 0.0, ""forecast_basis"": ""current_measurements_only"", ""dump_load_kw"": 0, ""repair_clock"": ""calendar_reference"", ""operating_cost_basis"": ""same_executed_policy""}",3999343.332783125,load_first_three_online,holdout,122,2026091702,"{""wind"": 5, ""pv"": 3, ""diesel"": 4, ""battery_energy"": 40, ""pcs"": 4}",True,0.0078125
,"holdout:(5, 3, 4, 40, 4):c1b16c40e93d24d01996b4bd81ccf0b9d616e7bef83b01e34c8697540ee6de0f:123",0.0,"{""shed_hours"": 0.0, ""longest_shed_hours"": 0.0, ""heater_kwh"": 70865.53642157312, ""diesel_kwh"": 1201045.8682942179, ""diesel_fuel_kg"": 266899.08184316993, ""battery_discharge_kwh"": 729.1061112111125, ""battery_charge_kwh"": 941.5109907168265, ""starts"": 21.0, ""start_failures"": 0.0, ""diesel_run_failures"": 15.0, ""diesel_online_hours"": 26268.0, ""wind_failures"": 2.0, ""pv_failures"": 0.0, ""pcs_failures"": 1.0, ""wind_protective_stop_hours"": 1073.0, ""wait_access_unit_hours"": 5.0, ""wait_crew_unit_hours"": 0.0, ""wait_prep_unit_hours"": 21.0, ""wait_heat_unit_hours"": 0.0, ""unserved_heater_command_kwh"": 0.0, ""max_balance_residual_kw"": 2.842170943040401e-14, ""max_soc_residual_kwh"": 1.1368683772161603e-13, ""initial_state"": {""energy_kwh"": 1700.0, ""temperatures_c"": [5.0, 5.0, 5.0, -0.4917950249892792], ""online"": 3, ""diesel_states"": [{""healthy"": true, ""running"": true, ""pending"": false, ""onsite"": false, ""prep"": 3, ""min_up"": 0, ""min_down"": 0, ""repair_until"": -1, ""runtime"": 333, ""demands"": 1}, {""healthy"": true, ""running"": true, ""pending"": false, ""onsite"": false, ""prep"": 3, ""min_up"": 0, ""min_down"": 0, ""repair_until"": -1, ""runtime"": 329, ""demands"": 1}, {""healthy"": true, ""running"": true, ""pending"": false, ""onsite"": false, ""prep"": 3, ""min_up"": 0, ""min_down"": 0, ""repair_until"": -1, ""runtime"": 325, ""demands"": 1}, {""healthy"": true, ""running"": false, ""pending"": false, ""onsite"": false, ""prep"": 0.0, ""min_up"": 0, ""min_down"": 0, ""repair_until"": -1, ""runtime"": 0, ""demands"": 0}]}, ""final_state"": {""energy_kwh"": 1700.0, ""temperatures_c"": [5.0, 5.0, 5.0, 5.0], ""online"": 3, ""diesel_states"": [{""healthy"": true, ""running"": false, ""pending"": false, ""onsite"": false, ""prep"": 3, ""min_up"": 0, ""min_down"": 0, ""repair_until"": 8341, ""runtime"": 7142, ""demands"": 4}, {""healthy"": true, ""running"": true, ""pending"": false, ""onsite"": false, ""prep"": 3, ""min_up"": 0, ""min_down"": 0, ""repair_until"": 6107, ""runtime"": 5882, ""demands"": 6}, {""healthy"": true, ""running"": true, ""pending"": false, ""onsite"": false, ""prep"": 3, ""min_up"": 0, ""min_down"": 0, ""repair_until"": 4260, ""runtime"": 6981, ""demands"": 6}, {""healthy"": true, ""running"": true, ""pending"": false, ""onsite"": false, ""prep"": 3, ""min_up"": 0, ""min_down"": 0, ""repair_until"": 8180, ""runtime"": 7250, ""demands"": 8}], ""other_repair_until"": {""wind"": [-1000000000000000, 2212, -1000000000000000, 7382, -68], ""pv"": [-1000000000000000, -1000000000000000, -1000000000000000], ""pcs"": [-1000000000000000, -1000000000000000, -1000000000000000, 6032]}}, ""energy_inventory_change_kwh"": 0.0, ""forecast_basis"": ""current_measurements_only"", ""dump_load_kw"": 0, ""repair_clock"": ""calendar_reference"", ""operating_cost_basis"": ""same_executed_policy""}",4003486.2276473898,load_first_three_online,holdout,123,2026091702,"{""wind"": 5, ""pv"": 3, ""diesel"": 4, ""battery_energy"": 40, ""pcs"": 4}",True,0.0078125
,"holdout:(5, 3, 4, 40, 4):c1b16c40e93d24d01996b4bd81ccf0b9d616e7bef83b01e34c8697540ee6de0f:124",0.0,"{""shed_hours"": 0.0, ""longest_shed_hours"": 0.0, ""heater_kwh"": 70858.87256384127, ""diesel_kwh"": 1201205.1921074493, ""diesel_fuel_kg"": 266934.4871349992, ""battery_discharge_kwh"": 316.8383334333349, ""battery_charge_kwh"": 409.14040990874565, ""starts"": 23.0, ""start_failures"": 0.0, ""diesel_run_failures"": 17.0, ""diesel_online_hours"": 26254.0, ""wind_failures"": 3.0, ""pv_failures"": 0.0, ""pcs_failures"": 0.0, ""wind_protective_stop_hours"": 1073.0, ""wait_access_unit_hours"": 1.0, ""wait_crew_unit_hours"": 0.0, ""wait_prep_unit_hours"": 21.0, ""wait_heat_unit_hours"": 0.0, ""unserved_heater_command_kwh"": 0.0, ""max_balance_residual_kw"": 2.842170943040401e-14, ""max_soc_residual_kwh"": 1.1368683772161603e-13, ""initial_state"": {""energy_kwh"": 1700.0, ""temperatures_c"": [5.0, 5.0, 5.0, -0.4917950249892792], ""online"": 3, ""diesel_states"": [{""healthy"": true, ""running"": true, ""pending"": false, ""onsite"": false, ""prep"": 3, ""min_up"": 0, ""min_down"": 0, ""repair_until"": -1, ""runtime"": 333, ""demands"": 1}, {""healthy"": true, ""running"": true, ""pending"": false, ""onsite"": false, ""prep"": 3, ""min_up"": 0, ""min_down"": 0, ""repair_until"": -1, ""runtime"": 329, ""demands"": 1}, {""healthy"": true, ""running"": true, ""pending"": false, ""onsite"": false, ""prep"": 3, ""min_up"": 0, ""min_down"": 0, ""repair_until"": -1, ""runtime"": 325, ""demands"": 1}, {""healthy"": true, ""running"": false, ""pending"": false, ""onsite"": false, ""prep"": 0.0, ""min_up"": 0, ""min_down"": 0, ""repair_until"": -1, ""runtime"": 0, ""demands"": 0}]}, ""final_state"": {""energy_kwh"": 1700.0, ""temperatures_c"": [5.0, 5.0, 5.0, 5.0], ""online"": 3, ""diesel_states"": [{""healthy"": true, ""running"": true, ""pending"": false, ""onsite"": false, ""prep"": 3, ""min_up"": 0, ""min_down"": 0, ""repair_until"": 7725, ""runtime"": 7720, ""demands"": 5}, {""healthy"": true, ""running"": false, ""pending"": false, ""onsite"": false, ""prep"": 3, ""min_up"": 0, ""min_down"": 0, ""repair_until"": 8450, ""runtime"": 7846, ""demands"": 5}, {""healthy"": true, ""running"": true, ""pending"": false, ""onsite"": false, ""prep"": 3, ""min_up"": 0, ""min_down"": 0, ""repair_until"": 7138, ""runtime"": 5413, ""demands"": 10}, {""healthy"": true, ""running"": true, ""pending"": false, ""onsite"": false, ""prep"": 3, ""min_up"": 0, ""min_down"": 0, ""repair_until"": 6783, ""runtime"": 6262, ""demands"": 6}], ""other_repair_until"": {""wind"": [-1000000000000000, -1000000000000000, -1000000000000000, 8141, -1000000000000000], ""pv"": [-1000000000000000, -1000000000000000, -1000000000000000], ""pcs"": [-1000000000000000, -1000000000000000, -1000000000000000, -1000000000000000]}}, ""energy_inventory_change_kwh"": 0.0, ""forecast_basis"": ""current_measurements_only"", ""dump_load_kw"": 0, ""repair_clock"": ""calendar_reference"", ""operating_cost_basis"": ""same_executed_policy""}",4004017.3070248263,load_first_three_online,holdout,124,2026091702,"{""wind"": 5, ""pv"": 3, ""diesel"": 4, ""battery_energy"": 40, ""pcs"": 4}",True,0.0078125
,"holdout:(5, 3, 4, 40, 4):c1b16c40e93d24d01996b4bd81ccf0b9d616e7bef83b01e34c8697540ee6de0f:125",0.0,"{""shed_hours"": 0.0, ""longest_shed_hours"": 0.0, ""heater_kwh"": 70967.61078027803, ""diesel_kwh"": 1204448.8320153498, ""diesel_fuel_kg"": 267655.296003421, ""battery_discharge_kwh"": 483.15500003333466, ""battery_charge_kwh"": 623.9088326876712, ""starts"": 25.0, ""start_failures"": 0.0, ""diesel_run_failures"": 19.0, ""diesel_online_hours"": 26271.0, ""wind_failures"": 9.0, ""pv_failures"": 3.0, ""pcs_failures"": 0.0, ""wind_protective_stop_hours"": 1073.0, ""wait_access_unit_hours"": 1.0, ""wait_crew_unit_hours"": 0.0, ""wait_prep_unit_hours"": 18.0, ""wait_heat_unit_hours"": 0.0, ""unserved_heater_command_kwh"": 0.0, ""max_balance_residual_kw"": 2.842170943040401e-14, ""max_soc_residual_kwh"": 1.1368683772161603e-13, ""initial_state"": {""energy_kwh"": 1700.0, ""temperatures_c"": [5.0, 5.0, 5.0, 5.0], ""online"": 3, ""diesel_states"": [{""healthy"": true, ""running"": true, ""pending"": false, ""onsite"": false, ""prep"": 3, ""min_up"": 0, ""min_down"": 0, ""repair_until"": -1, ""runtime"": 333, ""demands"": 1}, {""healthy"": true, ""running"": true, ""pending"": false, ""onsite"": false, ""prep"": 3, ""min_up"": 0, ""min_down"": 0, ""repair_until"": -1, ""runtime"": 329, ""demands"": 1}, {""healthy"": true, ""running"": true, ""pending"": false, ""onsite"": false, ""prep"": 3, ""min_up"": 0, ""min_down"": 0, ""repair_until"": -140, ""runtime"": 251, ""demands"": 2}, {""healthy"": true, ""running"": false, ""pending"": false, ""onsite"": false, ""prep"": 3, ""min_up"": 0, ""min_down"": 0, ""repair_until"": -52, ""runtime"": 71, ""demands"": 1}]}, ""final_state"": {""energy_kwh"": 1700.0, ""temperatures_c"": [5.0, 5.0, 5.0, 5.0], ""online"": 3, ""diesel_states"": [{""healthy"": true, ""running"": true, ""pending"": false, ""onsite"": false, ""prep"": 3, ""min_up"": 0, ""min_down"": 0, ""repair_until"": 6040, ""runtime"": 8169, ""demands"": 4}, {""healthy"": true, ""running"": true, ""pending"": false, ""onsite"": false, ""prep"": 3, ""min_up"": 0, ""min_down"": 0, ""repair_until"": 6678, ""runtime"": 7483, ""demands"": 8}, {""healthy"": true, ""running"": true, ""pending"": false, ""onsite"": false, ""prep"": 3, ""min_up"": 0, ""min_down"": 0, ""repair_until"": 7164, ""runtime"": 4150, ""demands"": 9}, {""healthy"": false, ""running"": false, ""pending"": false, ""onsite"": false, ""prep"": 0.0, ""min_up"": 0, ""min_down"": 0, ""repair_until"": 8773, ""runtime"": 7453, ""demands"": 9}], ""other_repair_until"": {""wind"": [3643, 7823, 4906, 5686, 7686], ""pv"": [6409, -1000000000000000, -1000000000000000], ""pcs"": [-1000000000000000, -1000000000000000, -1000000000000000, -1000000000000000]}}, ""energy_inventory_change_kwh"": 0.0, ""forecast_basis"": ""current_measurements_only"", ""dump_load_kw"": 0, ""repair_clock"": ""calendar_reference"", ""operating_cost_basis"": ""same_executed_policy""}",4014829.44005116,load_first_three_online,holdout,125,2026091702,"{""wind"": 5, ""pv"": 3, ""diesel"": 4, ""battery_energy"": 40, ""pcs"": 4}",True,0.0078125
,"holdout:(5, 3, 4, 40, 4):c1b16c40e93d24d01996b4bd81ccf0b9d616e7bef83b01e34c8697540ee6de0f:126",0.0,"{""shed_hours"": 0.0, ""longest_shed_hours"": 0.0, ""heater_kwh"": 70877.34067836069, ""diesel_kwh"": 1204272.8161110494, ""diesel_fuel_kg"": 267616.181358021, ""battery_discharge_kwh"": 1174.3588888555569, ""battery_charge_kwh"": 1516.4758378816562, ""starts"": 31.0, ""start_failures"": 0.0, ""diesel_run_failures"": 21.0, ""diesel_online_hours"": 26267.0, ""wind_failures"": 5.0, ""pv_failures"": 0.0, ""pcs_failures"": 0.0, ""wind_protective_stop_hours"": 1073.0, ""wait_access_unit_hours"": 1.0, ""wait_crew_unit_hours"": 2.0, ""wait_prep_unit_hours"": 33.0, ""wait_heat_unit_hours"": 0.0, ""unserved_heater_command_kwh"": 0.0, ""max_balance_residual_kw"": 2.842170943040401e-14, ""max_soc_residual_kwh"": 1.1368683772161603e-13, ""initial_state"": {""energy_kwh"": 1700.0, ""temperatures_c"": [5.0, 5.0, 5.0, -0.4917950249892792], ""online"": 3, ""diesel_states"": [{""healthy"": true, ""running"": true, ""pending"": false, ""onsite"": false, ""prep"": 3, ""min_up"": 0, ""min_down"": 0, ""repair_until"": -1, ""runtime"": 333, ""demands"": 1}, {""healthy"": true, ""running"": true, ""pending"": false, ""onsite"": false, ""prep"": 3, ""min_up"": 0, ""min_down"": 0, ""repair_until"": -1, ""runtime"": 329, ""demands"": 1}, {""healthy"": true, ""running"": true, ""pending"": false, ""onsite"": false, ""prep"": 3, ""min_up"": 0, ""min_down"": 0, ""repair_until"": -1, ""runtime"": 325, ""demands"": 1}, {""healthy"": true, ""running"": false, ""pending"": false, ""onsite"": false, ""prep"": 0.0, ""min_up"": 0, ""min_down"": 0, ""repair_until"": -1, ""runtime"": 0, ""demands"": 0}]}, ""final_state"": {""energy_kwh"": 1700.0, ""temperatures_c"": [5.0, 5.0, 5.0, 5.0], ""online"": 3, ""diesel_states"": [{""healthy"": true, ""running"": true, ""pending"": false, ""onsite"": false, ""prep"": 3, ""min_up"": 0, ""min_down"": 0, ""repair_until"": 7835, ""runtime"": 8589, ""demands"": 7}, {""healthy"": false, ""running"": false, ""pending"": false, ""onsite"": false, ""prep"": 0.0, ""min_up"": 0, ""min_down"": 0, ""repair_until"": 8805, ""runtime"": 7168, ""demands"": 7}, {""healthy"": true, ""running"": true, ""pending"": false, ""onsite"": false, ""prep"": 3, ""min_up"": 0, ""min_down"": 0, ""repair_until"": 8645, ""runtime"": 7112, ""demands"": 9}, {""healthy"": true, ""running"": true, ""pending"": false, ""onsite"": false, ""prep"": 3, ""min_up"": 0, ""min_down"": 0, ""repair_until"": 8495, ""runtime"": 4385, ""demands"": 11}], ""other_repair_until"": {""wind"": [3846, 5334, 5317, -1000000000000000, -1000000000000000], ""pv"": [-1000000000000000, -1000000000000000, -1000000000000000], ""pcs"": [-1000000000000000, -1000000000000000, -1000000000000000, -1000000000000000]}}, ""energy_inventory_change_kwh"": 0.0, ""forecast_basis"": ""current_measurements_only"", ""dump_load_kw"": 0, ""repair_clock"": ""calendar_reference"", ""operating_cost_basis"": ""same_executed_policy""}",4014242.720370163,load_first_three_online,holdout,126,2026091702,"{""wind"": 5, ""pv"": 3, ""diesel"": 4, ""battery_energy"": 40, ""pcs"": 4}",True,0.0078125
,"holdout:(5, 3, 4, 40, 4):c1b16c40e93d24d01996b4bd81ccf0b9d616e7bef83b01e34c8697540ee6de0f:127",0.0,"{""shed_hours"": 0.0, ""longest_shed_hours"": 0.0, ""heater_kwh"": 70967.61078027803, ""diesel_kwh"": 1205233.8877910436, ""diesel_fuel_kg"": 267829.75284246454, ""battery_discharge_kwh"": 1002.0416667333346, ""battery_charge_kwh"": 1293.9587638601913, ""starts"": 23.0, ""start_failures"": 0.0, ""diesel_run_failures"": 16.0, ""diesel_online_hours"": 26275.0, ""wind_failures"": 10.0, ""pv_failures"": 4.0, ""pcs_failures"": 1.0, ""wind_protective_stop_hours"": 1073.0, ""wait_access_unit_hours"": 1.0, ""wait_crew_unit_hours"": 2.0, ""wait_prep_unit_hours"": 21.0, ""wait_heat_unit_hours"": 0.0, ""unserved_heater_command_kwh"": 0.0, ""max_balance_residual_kw"": 2.842170943040401e-14, ""max_soc_residual_kwh"": 1.1368683772161603e-13, ""initial_state"": {""energy_kwh"": 1700.0, ""temperatures_c"": [5.0, 5.0, 5.0, 5.0], ""online"": 3, ""diesel_states"": [{""healthy"": true, ""running"": true, ""pending"": false, ""onsite"": false, ""prep"": 3, ""min_up"": 0, ""min_down"": 0, ""repair_until"": -1, ""runtime"": 333, ""demands"": 1}, {""healthy"": true, ""running"": true, ""pending"": false, ""onsite"": false, ""prep"": 3, ""min_up"": 0, ""min_down"": 0, ""repair_until"": -1, ""runtime"": 329, ""demands"": 1}, {""healthy"": true, ""running"": false, ""pending"": false, ""onsite"": false, ""prep"": 3, ""min_up"": 0, ""min_down"": 0, ""repair_until"": -161, ""runtime"": 78, ""demands"": 1}, {""healthy"": true, ""running"": true, ""pending"": false, ""onsite"": false, ""prep"": 3, ""min_up"": 0, ""min_down"": 0, ""repair_until"": -1, ""runtime"": 244, ""demands"": 1}]}, ""final_state"": {""energy_kwh"": 1700.0, ""temperatures_c"": [5.0, 5.0, 5.0, 5.0], ""online"": 3, ""diesel_states"": [{""healthy"": true, ""running"": true, ""pending"": false, ""onsite"": false, ""prep"": 3, ""min_up"": 0, ""min_down"": 0, ""repair_until"": 6591, ""runtime"": 6815, ""demands"": 3}, {""healthy"": true, ""running"": false, ""pending"": false, ""onsite"": false, ""prep"": 3, ""min_up"": 0, ""min_down"": 0, ""repair_until"": 8229, ""runtime"": 6819, ""demands"": 9}, {""healthy"": true, ""running"": true, ""pending"": false, ""onsite"": false, ""prep"": 3, ""min_up"": 0, ""min_down"": 0, ""repair_until"": 6290, ""runtime"": 7367, ""demands"": 8}, {""healthy"": true, ""running"": true, ""pending"": false, ""onsite"": false, ""prep"": 3, ""min_up"": 0, ""min_down"": 0, ""repair_until"": 1253, ""runtime"": 6258, ""demands"": 7}], ""other_repair_until"": {""wind"": [-1000000000000000, 7163, 5323, 8469, -1000000000000000], ""pv"": [4147, 6420, 2166], ""pcs"": [-1000000000000000, 6778, -1000000000000000, -1000000000000000]}}, ""energy_inventory_change_kwh"": 0.0, ""forecast_basis"": ""current_measurements_only"", ""dump_load_kw"": 0, ""repair_clock"": ""calendar_reference"", ""operating_cost_basis"": ""same_executed_policy""}",4017446.292636802,load_first_three_online,holdout,127,2026091702,"{""wind"": 5, ""pv"": 3, ""diesel"": 4, ""battery_energy"": 40, ""pcs"": 4}",True,0.0078125
