timestamp,load_kw,ambient_c,wind_speed_ms,wind_clean_pu,pv_pu,access_safe,icing_active,ice_power_factor,wind_protective_stop,extreme_hazard,hard_stop
2020-01-01T00:00:00+08:00,194.7,-2.9,2.5,0.0,0.2338,True,False,1.0,False,False,False
2020-01-01T01:00:00+08:00,192.81,-2.7,1.5,0.0,0.3101,True,False,1.0,False,False,False
2020-01-01T02:00:00+08:00,188.88,-2.8,2.6,0.0,0.38780000000000003,True,False,1.0,False,False,False
2020-01-01T03:00:00+08:00,189.71,-2.3,2.7,0.0,0.45849999999999996,True,False,1.0,False,False,False
2020-01-01T04:00:00+08:00,192.03,-1.9,2.7,0.0,0.5264,True,False,1.0,False,False,False
2020-01-01T05:00:00+08:00,190.93,-1.7,3.0,0.0,0.5642,True,False,1.0,False,False,False
2020-01-01T06:00:00+08:00,218.435,-1.3,3.4,0.04444444444444443,0.6194999999999999,True,False,1.0,False,False,False
2020-01-01T07:00:00+08:00,201.99,-1.0,3.7,0.07777777777777779,0.6419,True,False,1.0,False,False,False
2020-01-01T08:00:00+08:00,203.42,-0.8,3.7,0.07777777777777779,0.6005999999999999,True,False,1.0,False,False,False
2020-01-01T09:00:00+08:00,235.71,-0.6,4.3,0.14444444444444443,0.5656,True,False,1.0,False,False,False
2020-01-01T10:00:00+08:00,228.78,-0.4,4.4,0.15555555555555559,0.5201,True,False,1.0,False,False,False
2020-01-01T11:00:00+08:00,211.6,-0.3,4.0,0.1111111111111111,0.5872999999999999,True,False,1.0,False,False,False
2020-01-01T12:00:00+08:00,203.41,-0.4,4.1,0.12222222222222218,0.35,True,False,1.0,False,False,False
2020-01-01T13:00:00+08:00,206.89,-0.6,4.2,0.13333333333333336,0.3171,True,False,1.0,False,False,False
2020-01-01T14:00:00+08:00,202.81,-0.8,2.7,0.0,0.2653,True,False,1.0,False,False,False
2020-01-01T15:00:00+08:00,216.8,-0.1,0.1,0.0,0.22749999999999998,True,False,1.0,False,False,False
2020-01-01T16:00:00+08:00,220.28,0.2,0.4,0.0,0.1617,True,False,1.0,False,False,False
2020-01-01T17:00:00+08:00,215.12,-0.7,0.1,0.0,0.1113,True,False,1.0,False,False,False
2020-01-01T18:00:00+08:00,200.97,-2.9,1.2,0.0,0.0784,True,False,1.0,False,False,False
2020-01-01T19:00:00+08:00,198.24,-4.2,0.8,0.0,0.063,True,False,1.0,False,False,False
2020-01-01T20:00:00+08:00,195.51,-4.8,1.6,0.0,0.063,True,False,1.0,False,False,False
2020-01-01T21:00:00+08:00,202.92,-4.0,2.8,0.0,0.0812,True,False,1.0,False,False,False
2020-01-01T22:00:00+08:00,200.85,-3.2,4.4,0.15555555555555559,0.1162,True,False,1.0,False,False,False
2020-01-01T23:00:00+08:00,202.9533333,-2.8,3.8,0.08888888888888886,0.16729999999999998,True,False,1.0,False,False,False
2020-01-02T00:00:00+08:00,197.1933333,-2.4,4.0,0.1111111111111111,0.23099999999999998,True,False,1.0,False,False,False
2020-01-02T01:00:00+08:00,199.8866667,-1.8,6.6,0.39999999999999997,0.3031,True,False,1.0,False,False,False
2020-01-02T02:00:00+08:00,192.6433333,-1.0,5.4,0.2666666666666667,0.385,True,False,1.0,False,False,False
2020-01-02T03:00:00+08:00,193.05,-0.3,4.8,0.19999999999999998,0.45149999999999996,True,False,1.0,False,False,False
2020-01-02T04:00:00+08:00,193.05,0.2,4.0,0.1111111111111111,0.518,True,False,1.0,False,False,False
2020-01-02T05:00:00+08:00,202.0966667,0.6,3.2,0.02222222222222224,0.5677,True,False,1.0,False,False,False
2020-01-02T06:00:00+08:00,220.1533333,0.9,2.8,0.0,0.5488,True,False,1.0,False,False,False
2020-01-02T07:00:00+08:00,205.7866667,1.1,3.4,0.04444444444444443,0.6852999999999999,True,False,1.0,False,False,False
2020-01-02T08:00:00+08:00,192.65,1.2,3.2,0.02222222222222224,0.6727,True,False,1.0,False,False,False
2020-01-02T09:00:00+08:00,220.6333333,1.4,2.9,0.0,0.6194999999999999,True,False,1.0,False,False,False
2020-01-02T10:00:00+08:00,220.1333333,1.5,3.1,0.01111111111111112,0.5684,True,False,1.0,False,False,False
2020-01-02T11:00:00+08:00,214.1833333,1.8,2.3,0.0,0.5145,True,False,1.0,False,False,False
2020-01-02T12:00:00+08:00,204.65,3.1,1.1,0.0,0.44799999999999995,True,False,1.0,False,False,False
2020-01-02T13:00:00+08:00,200.1266667,3.7,1.1,0.0,0.3724,True,False,1.0,False,False,False
2020-01-02T14:00:00+08:00,199.91,3.6,0.5,0.0,0.2989,True,False,1.0,False,False,False
2020-01-02T15:00:00+08:00,226.87,0.9,2.2,0.0,0.2359,True,False,1.0,False,False,False
2020-01-02T16:00:00+08:00,220.23,0.4,2.0,0.0,0.16449999999999998,True,False,1.0,False,False,False
2020-01-02T17:00:00+08:00,196.58,-0.6,1.5,0.0,0.1099,True,False,1.0,False,False,False
2020-01-02T18:00:00+08:00,191.52,-1.4,0.1,0.0,0.06089999999999999,True,False,1.0,False,False,False
2020-01-02T19:00:00+08:00,200.17,-2.2,0.9,0.0,0.053899999999999997,True,False,1.0,False,False,False
2020-01-02T20:00:00+08:00,195.63,-1.3,3.8,0.08888888888888886,0.036399999999999995,True,False,1.0,False,False,False
2020-01-02T21:00:00+08:00,193.52,-0.7,4.9,0.21111111111111114,0.0476,True,False,1.0,False,False,False
2020-01-02T22:00:00+08:00,194.27,-0.4,2.4,0.0,0.08399999999999999,True,False,1.0,False,False,False
2020-01-02T23:00:00+08:00,196.91,0.6,2.1,0.0,0.11059999999999999,True,False,1.0,False,False,False
2020-01-03T00:00:00+08:00,193.78,0.7,1.9,0.0,0.1498,True,False,1.0,False,False,False
2020-01-03T01:00:00+08:00,190.35,1.0,1.6,0.0,0.20719999999999997,True,False,1.0,False,False,False
2020-01-03T02:00:00+08:00,189.68,3.0,1.4,0.0,0.2786,True,False,1.0,False,False,False
2020-01-03T03:00:00+08:00,190.74,3.4,2.4,0.0,0.34509999999999996,True,False,1.0,False,False,False
2020-01-03T04:00:00+08:00,189.26,3.4,1.1,0.0,0.4003999999999999,True,False,1.0,False,False,False
2020-01-03T05:00:00+08:00,192.01,4.1,1.0,0.0,0.4774,True,False,1.0,False,False,False
2020-01-03T06:00:00+08:00,220.63,5.2,0.8,0.0,0.5453,True,False,1.0,False,False,False
2020-01-03T07:00:00+08:00,216.58,4.1,1.5,0.0,0.5425,True,False,1.0,False,False,False
2020-01-03T08:00:00+08:00,197.14,4.4,2.3,0.0,0.5453,True,False,1.0,False,False,False
2020-01-03T09:00:00+08:00,207.72,4.3,2.7,0.0,0.5243,True,False,1.0,False,False,False
2020-01-03T10:00:00+08:00,229.36,5.3,2.0,0.0,0.4564,True,False,1.0,False,False,False
2020-01-03T11:00:00+08:00,201.23,5.7,4.0,0.1111111111111111,0.392,True,False,1.0,False,False,False
2020-01-03T12:00:00+08:00,195.0,6.2,2.6,0.0,0.3241,True,False,1.0,False,False,False
2020-01-03T13:00:00+08:00,203.91,6.9,0.9,0.0,0.2394,True,False,1.0,False,False,False
2020-01-03T14:00:00+08:00,217.76,6.7,0.1,0.0,0.17359999999999998,True,False,1.0,False,False,False
2020-01-03T15:00:00+08:00,225.24,5.2,0.0,0.0,0.119,True,False,1.0,False,False,False
2020-01-03T16:00:00+08:00,217.98,2.8,0.1,0.0,0.0798,True,False,1.0,False,False,False
2020-01-03T17:00:00+08:00,220.79,2.5,0.1,0.0,0.05109999999999999,True,False,1.0,False,False,False
2020-01-03T18:00:00+08:00,204.07,1.3,0.0,0.0,0.035699999999999996,True,False,1.0,False,False,False
2020-01-03T19:00:00+08:00,199.17,0.2,0.0,0.0,0.0287,True,False,1.0,False,False,False
2020-01-03T20:00:00+08:00,198.45,-0.8,0.4,0.0,0.027999999999999997,True,False,1.0,False,False,False
2020-01-03T21:00:00+08:00,199.42,-1.0,0.0,0.0,0.0378,True,False,1.0,False,False,False
2020-01-03T22:00:00+08:00,199.36,-0.5,0.0,0.0,0.0574,True,False,1.0,False,False,False
2020-01-03T23:00:00+08:00,194.98,-0.1,0.0,0.0,0.0896,True,False,1.0,False,False,False
2020-01-04T00:00:00+08:00,196.71,0.2,0.5,0.0,0.1281,True,False,1.0,False,False,False
2020-01-04T01:00:00+08:00,198.1533333,0.2,0.7,0.0,0.1932,True,False,1.0,False,False,False
2020-01-04T02:00:00+08:00,197.76,1.2,1.1,0.0,0.2611,True,False,1.0,False,False,False
2020-01-04T03:00:00+08:00,191.6866667,2.5,1.0,0.0,0.3465,True,False,1.0,False,False,False
2020-01-04T04:00:00+08:00,190.15,2.4,1.3,0.0,0.41719999999999996,True,False,1.0,False,False,False
2020-01-04T05:00:00+08:00,199.6066667,3.5,0.6,0.0,0.4711,True,False,1.0,False,False,False
2020-01-04T06:00:00+08:00,214.76,4.8,1.6,0.0,0.5088999999999999,True,False,1.0,False,False,False
2020-01-04T07:00:00+08:00,200.37,5.7,1.2,0.0,0.5774999999999999,True,False,1.0,False,False,False
2020-01-04T08:00:00+08:00,195.63,3.1,1.5,0.0,0.5404,True,False,1.0,False,False,False
2020-01-04T09:00:00+08:00,212.6966667,3.1,1.4,0.0,0.49699999999999994,True,False,1.0,False,False,False
2020-01-04T10:00:00+08:00,222.5833333,3.4,1.4,0.0,0.4718,True,False,1.0,False,False,False
2020-01-04T11:00:00+08:00,208.9966667,3.9,1.1,0.0,0.3836,True,False,1.0,False,False,False
2020-01-04T12:00:00+08:00,196.19,4.2,1.1,0.0,0.29679999999999995,True,False,1.0,False,False,False
2020-01-04T13:00:00+08:00,196.08,4.5,0.7,0.0,0.23625,True,False,1.0,False,False,False
2020-01-04T14:00:00+08:00,211.8366667,3.6,0.7,0.0,0.1757,True,False,1.0,False,False,False
2020-01-04T15:00:00+08:00,230.0266667,2.5,1.0,0.0,0.1351,True,False,1.0,False,False,False
2020-01-04T16:00:00+08:00,211.74,0.5,1.0,0.0,0.08399999999999999,True,False,1.0,False,False,False
2020-01-04T17:00:00+08:00,203.4783333,-1.8,0.8,0.0,0.055299999999999995,True,False,1.0,False,False,False
2020-01-04T18:00:00+08:00,216.88,-2.9,0.9,0.0,0.0385,True,False,1.0,False,False,False
2020-01-04T19:00:00+08:00,218.98,-3.2,0.8,0.0,0.030799999999999998,True,False,1.0,False,False,False
2020-01-04T20:00:00+08:00,199.39,-2.9,1.5,0.0,0.0294,True,False,1.0,False,False,False
2020-01-04T21:00:00+08:00,196.75,-1.7,1.5,0.0,0.042699999999999995,True,False,1.0,False,False,False
2020-01-04T22:00:00+08:00,193.9,-1.6,1.1,0.0,0.07139999999999999,True,False,1.0,False,False,False
2020-01-04T23:00:00+08:00,194.18,-0.9,1.5,0.0,0.105,True,False,1.0,False,False,False
2020-01-05T00:00:00+08:00,193.21,-0.7,1.4,0.0,0.16799999999999998,True,False,1.0,False,False,False
2020-01-05T01:00:00+08:00,197.96,-0.7,2.3,0.0,0.19739999999999996,True,False,1.0,False,False,False
2020-01-05T02:00:00+08:00,191.49,-0.3,1.1,0.0,0.36819999999999997,True,False,1.0,False,False,False
2020-01-05T03:00:00+08:00,193.83,-0.4,2.2,0.0,0.4564,True,False,1.0,False,False,False
2020-01-05T04:00:00+08:00,194.18,-0.1,2.9,0.0,0.49839999999999995,True,False,1.0,False,False,False
2020-01-05T05:00:00+08:00,191.96,-0.2,1.6,0.0,0.5635,True,False,1.0,False,False,False
2020-01-05T06:00:00+08:00,215.43,0.1,3.6,0.06666666666666668,0.5872999999999999,True,False,1.0,False,False,False
2020-01-05T07:00:00+08:00,196.71,1.2,2.4,0.0,0.6223,True,False,1.0,False,False,False
2020-01-05T08:00:00+08:00,192.71,0.9,2.3,0.0,0.6391,True,False,1.0,False,False,False
2020-01-05T09:00:00+08:00,216.75,1.3,1.6,0.0,0.5425,True,False,1.0,False,False,False
2020-01-05T10:00:00+08:00,225.455,1.2,2.2,0.0,0.5207999999999999,True,False,1.0,False,False,False
2020-01-05T11:00:00+08:00,215.72,1.2,1.8,0.0,0.48229999999999995,True,False,1.0,False,False,False
2020-01-05T12:00:00+08:00,214.46,0.8,1.9,0.0,0.39479999999999993,True,False,1.0,False,False,False
2020-01-05T13:00:00+08:00,215.48,0.7,1.8,0.0,0.2807,True,False,1.0,False,False,False
2020-01-05T14:00:00+08:00,199.94,0.6,1.4,0.0,0.20089999999999997,True,False,1.0,False,False,False
2020-01-05T15:00:00+08:00,219.15,0.6,1.9,0.0,0.12249999999999998,True,False,1.0,False,False,False
2020-01-05T16:00:00+08:00,227.45,0.9,2.4,0.0,0.07629999999999999,True,False,1.0,False,False,False
2020-01-05T17:00:00+08:00,198.65,0.8,0.8,0.0,0.05039999999999999,True,False,1.0,False,False,False
2020-01-05T18:00:00+08:00,197.86,0.8,0.6,0.0,0.0329,True,False,1.0,False,False,False
2020-01-05T19:00:00+08:00,203.82,0.7,0.0,0.0,0.025899999999999996,True,False,1.0,False,False,False
2020-01-05T20:00:00+08:00,202.29,0.5,0.0,0.0,0.027299999999999998,True,False,1.0,False,False,False
2020-01-05T21:00:00+08:00,193.94,0.4,0.0,0.0,0.0406,True,False,1.0,False,False,False
2020-01-05T22:00:00+08:00,192.36,0.1,0.4,0.0,0.06019999999999999,True,False,1.0,False,False,False
2020-01-05T23:00:00+08:00,196.31,0.1,0.1,0.0,0.0896,True,False,1.0,False,False,False
2020-01-06T00:00:00+08:00,193.36,0.2,0.0,0.0,0.13299999999999998,True,False,1.0,False,False,False
2020-01-06T01:00:00+08:00,191.86,0.6,0.0,0.0,0.189,True,False,1.0,False,False,False
2020-01-06T02:00:00+08:00,192.5,0.3,1.6,0.0,0.24849999999999997,True,False,1.0,False,False,False
2020-01-06T03:00:00+08:00,189.1583333,0.4,2.0,0.0,0.3255,True,False,1.0,False,False,False
2020-01-06T04:00:00+08:00,193.7433333,0.6,1.3,0.0,0.40809999999999996,True,False,1.0,False,False,False
2020-01-06T05:00:00+08:00,187.3333333,1.4,1.2,0.0,0.4473,True,False,1.0,False,False,False
2020-01-06T06:00:00+08:00,211.98,2.5,0.0,0.0,0.5438999999999999,True,False,1.0,False,False,False
2020-01-06T07:00:00+08:00,201.16,2.0,1.9,0.0,0.6041,True,False,1.0,False,False,False
2020-01-06T08:00:00+08:00,196.5833333,1.9,2.3,0.0,0.4802,True,False,1.0,False,False,False
2020-01-06T09:00:00+08:00,222.6,2.2,0.5,0.0,0.5145,True,False,1.0,False,False,False
2020-01-06T10:00:00+08:00,216.78,2.1,0.9,0.0,0.5005,True,False,1.0,False,False,False
2020-01-06T11:00:00+08:00,194.0133333,2.3,0.8,0.0,0.49559999999999993,True,False,1.0,False,False,False
2020-01-06T12:00:00+08:00,203.34,2.9,0.0,0.0,0.4522,True,False,1.0,False,False,False
2020-01-06T13:00:00+08:00,206.2366667,2.3,1.4,0.0,0.36469999999999997,True,False,1.0,False,False,False
2020-01-06T14:00:00+08:00,231.5433333,1.2,2.3,0.0,0.28769999999999996,True,False,1.0,False,False,False
2020-01-06T15:00:00+08:00,238.6066667,1.0,1.2,0.0,0.22399999999999998,True,False,1.0,False,False,False
2020-01-06T16:00:00+08:00,239.6766666,0.6,1.7,0.0,0.1407,True,False,1.0,False,False,False
2020-01-06T17:00:00+08:00,216.21,0.4,2.8,0.0,0.0805,True,False,1.0,False,False,False
2020-01-06T18:00:00+08:00,203.56,0.2,1.2,0.0,0.0595,True,False,1.0,False,False,False
2020-01-06T19:00:00+08:00,206.7433333,0.0,1.8,0.0,0.0385,True,False,1.0,False,False,False
2020-01-06T20:00:00+08:00,196.1066667,-0.1,2.9,0.0,0.034999999999999996,True,False,1.0,False,False,False
2020-01-06T21:00:00+08:00,196.88,0.2,5.0,0.2222222222222222,0.036399999999999995,True,False,1.0,False,False,False
2020-01-06T22:00:00+08:00,193.99,-0.1,5.5,0.2777777777777778,0.0938,True,False,1.0,False,False,False
2020-01-06T23:00:00+08:00,198.99,0.2,4.7,0.1888888888888889,0.1113,True,False,1.0,False,False,False
2020-01-07T00:00:00+08:00,186.69,0.2,5.1,0.23333333333333328,0.1624,True,False,1.0,False,False,False
2020-01-07T01:00:00+08:00,182.61,0.3,5.9,0.32222222222222224,0.2338,True,False,1.0,False,False,False
2020-01-07T02:00:00+08:00,182.26,0.6,5.4,0.2666666666666667,0.3192,True,False,1.0,False,False,False
2020-01-07T03:00:00+08:00,183.48,0.4,5.0,0.2222222222222222,0.41719999999999996,True,False,1.0,False,False,False
2020-01-07T04:00:00+08:00,184.47,0.6,4.8,0.19999999999999998,0.4557,True,False,1.0,False,False,False
2020-01-07T05:00:00+08:00,183.29,0.9,4.7,0.1888888888888889,0.5537,True,False,1.0,False,False,False
2020-01-07T06:00:00+08:00,209.44,1.0,3.3,0.03333333333333331,0.6083,True,False,1.0,False,False,False
2020-01-07T07:00:00+08:00,186.17,1.6,3.2,0.02222222222222224,0.5956999999999999,True,False,1.0,False,False,False
2020-01-07T08:00:00+08:00,192.66,1.9,5.0,0.2222222222222222,0.5908,True,False,1.0,False,False,False
2020-01-07T09:00:00+08:00,216.35,2.1,4.0,0.1111111111111111,0.5621,True,False,1.0,False,False,False
2020-01-07T10:00:00+08:00,228.28,2.3,4.6,0.17777777777777773,0.5551,True,False,1.0,False,False,False
2020-01-07T11:00:00+08:00,203.87,2.2,3.7,0.07777777777777779,0.4850999999999999,True,False,1.0,False,False,False
2020-01-07T12:00:00+08:00,216.955,2.4,2.3,0.0,0.44939999999999997,True,False,1.0,False,False,False
2020-01-07T13:00:00+08:00,201.16,2.6,2.1,0.0,0.3661,True,False,1.0,False,False,False
2020-01-07T14:00:00+08:00,195.05,2.4,2.6,0.0,0.287,True,False,1.0,False,False,False
2020-01-07T15:00:00+08:00,227.94,1.9,1.9,0.0,0.2163,True,False,1.0,False,False,False
2020-01-07T16:00:00+08:00,219.77,1.9,2.2,0.0,0.1533,True,False,1.0,False,False,False
2020-01-07T17:00:00+08:00,197.04,1.5,3.8,0.08888888888888886,0.10079999999999999,True,False,1.0,False,False,False
2020-01-07T18:00:00+08:00,202.04,1.4,8.0,0.5555555555555556,0.0721,True,False,1.0,False,False,False
2020-01-07T19:00:00+08:00,211.1,0.8,8.7,0.6333333333333333,0.054599999999999996,True,False,1.0,False,False,False
2020-01-07T20:00:00+08:00,225.65,0.4,11.3,0.9222222222222223,0.05179999999999999,True,False,1.0,False,False,False
2020-01-07T21:00:00+08:00,198.72,0.1,10.5,0.8333333333333334,0.07139999999999999,True,False,1.0,False,False,False
2020-01-07T22:00:00+08:00,198.98,-0.1,9.3,0.7000000000000001,0.105,True,False,1.0,False,False,False
2020-01-07T23:00:00+08:00,199.21,0.3,6.0,0.3333333333333333,0.15539999999999998,True,False,1.0,False,False,False
2020-01-08T00:00:00+08:00,189.79,0.6,7.9,0.5444444444444445,0.21769999999999998,True,False,1.0,False,False,False
2020-01-08T01:00:00+08:00,193.39,1.2,7.2,0.4666666666666667,0.28979999999999995,True,False,1.0,False,False,False
2020-01-08T02:00:00+08:00,193.85,1.7,10.4,0.8222222222222223,0.3661,True,False,1.0,False,False,False
2020-01-08T03:00:00+08:00,192.61,1.5,7.3,0.47777777777777775,0.44029999999999997,True,False,1.0,False,False,False
2020-01-08T04:00:00+08:00,192.37,2.4,7.5,0.5,0.4920999999999999,True,False,1.0,False,False,False
2020-01-08T05:00:00+08:00,191.4916667,1.8,10.2,0.7999999999999999,0.5642,True,False,1.0,False,False,False
2020-01-08T06:00:00+08:00,219.97,2.5,7.2,0.4666666666666667,0.6111,True,False,1.0,False,False,False
2020-01-08T07:00:00+08:00,194.3333333,2.7,10.3,0.8111111111111112,0.6145999999999999,True,False,1.0,False,False,False
2020-01-08T08:00:00+08:00,198.9433333,3.5,7.0,0.4444444444444444,0.6048,True,False,1.0,False,False,False
2020-01-08T09:00:00+08:00,236.1566667,3.3,11.1,0.8999999999999999,0.5922,True,False,1.0,False,False,False
2020-01-08T10:00:00+08:00,216.64,3.4,10.1,0.7888888888888889,0.5313,True,False,1.0,False,False,False
2020-01-08T11:00:00+08:00,203.9133333,4.5,9.9,0.7666666666666667,0.46199999999999997,True,False,1.0,False,False,False
2020-01-08T12:00:00+08:00,197.1066667,4.2,9.6,0.7333333333333333,0.3934,True,False,1.0,False,False,False
2020-01-08T13:00:00+08:00,193.5733333,4.2,7.2,0.4666666666666667,0.3262,True,False,1.0,False,False,False
2020-01-08T14:00:00+08:00,196.0933333,4.0,9.6,0.7333333333333333,0.2268,True,False,1.0,False,False,False
2020-01-08T15:00:00+08:00,208.8033333,4.0,8.8,0.6444444444444445,0.17009999999999997,True,False,1.0,False,False,False
2020-01-08T16:00:00+08:00,220.7766667,3.2,6.3,0.36666666666666664,0.10569999999999999,True,False,1.0,False,False,False
2020-01-08T17:00:00+08:00,199.7366667,3.0,7.6,0.5111111111111111,0.08259999999999999,True,False,1.0,False,False,False
2020-01-08T18:00:00+08:00,195.2566667,2.4,6.1,0.3444444444444444,0.05109999999999999,True,False,1.0,False,False,False
2020-01-08T19:00:00+08:00,197.7533333,2.5,7.7,0.5222222222222223,0.05109999999999999,True,False,1.0,False,False,False
2020-01-08T20:00:00+08:00,196.32,2.2,6.3,0.36666666666666664,0.0441,True,False,1.0,False,False,False
2020-01-08T21:00:00+08:00,204.13,2.5,6.5,0.3888888888888889,0.0644,True,False,1.0,False,False,False
2020-01-08T22:00:00+08:00,194.4666667,2.7,6.2,0.35555555555555557,0.0973,True,False,1.0,False,False,False
2020-01-08T23:00:00+08:00,201.05,2.5,3.8,0.08888888888888886,0.105,True,False,1.0,False,False,False
2020-01-09T00:00:00+08:00,196.64,2.8,6.9,0.43333333333333335,0.1848,True,False,1.0,False,False,False
2020-01-09T01:00:00+08:00,197.675,2.9,5.5,0.2777777777777778,0.2702,True,False,1.0,False,False,False
2020-01-09T02:00:00+08:00,194.02,3.4,4.7,0.1888888888888889,0.364,True,False,1.0,False,False,False
2020-01-09T03:00:00+08:00,192.85,3.8,3.8,0.08888888888888886,0.4375,True,False,1.0,False,False,False
2020-01-09T04:00:00+08:00,193.145,4.0,2.7,0.0,0.49559999999999993,True,False,1.0,False,False,False
2020-01-09T05:00:00+08:00,197.43,5.1,3.5,0.05555555555555555,0.5529999999999999,True,False,1.0,False,False,False
2020-01-09T06:00:00+08:00,219.745,5.6,2.9,0.0,0.5872999999999999,True,False,1.0,False,False,False
2020-01-09T07:00:00+08:00,201.015,6.2,2.3,0.0,0.6166999999999999,True,False,1.0,False,False,False
2020-01-09T08:00:00+08:00,203.68,7.0,2.7,0.0,0.5908,True,False,1.0,False,False,False
2020-01-09T09:00:00+08:00,234.625,6.5,2.8,0.0,0.6083,True,False,1.0,False,False,False
2020-01-09T10:00:00+08:00,239.625,6.5,2.4,0.0,0.5152,True,False,1.0,False,False,False
2020-01-09T11:00:00+08:00,200.64,6.6,1.4,0.0,0.4976999999999999,True,False,1.0,False,False,False
2020-01-09T12:00:00+08:00,194.545,6.8,1.0,0.0,0.43189999999999995,True,False,1.0,False,False,False
2020-01-09T13:00:00+08:00,198.885,6.3,0.8,0.0,0.3584,True,False,1.0,False,False,False
2020-01-09T14:00:00+08:00,219.7616667,6.1,0.6,0.0,0.2828,True,False,1.0,False,False,False
2020-01-09T15:00:00+08:00,225.32,5.3,1.6,0.0,0.21069999999999997,True,False,1.0,False,False,False
2020-01-09T16:00:00+08:00,221.0966667,4.9,0.0,0.0,0.1477,True,False,1.0,False,False,False
2020-01-09T17:00:00+08:00,213.79,4.2,2.0,0.0,0.09869999999999998,True,False,1.0,False,False,False
2020-01-09T18:00:00+08:00,199.14,4.0,2.9,0.0,0.0658,True,False,1.0,False,False,False
2020-01-09T19:00:00+08:00,196.14,3.4,2.7,0.0,0.0525,True,False,1.0,False,False,False
2020-01-09T20:00:00+08:00,199.28,3.3,3.5,0.05555555555555555,0.049699999999999994,True,False,1.0,False,False,False
2020-01-09T21:00:00+08:00,205.6266667,3.0,2.5,0.0,0.062299999999999994,True,False,1.0,False,False,False
2020-01-09T22:00:00+08:00,210.8966667,2.3,6.2,0.35555555555555557,0.0462,True,False,1.0,False,False,False
2020-01-09T23:00:00+08:00,202.7566667,2.4,6.7,0.41111111111111115,0.0917,True,False,1.0,False,False,False
2020-01-10T00:00:00+08:00,200.25,2.8,5.9,0.32222222222222224,0.2065,True,False,1.0,False,False,False
2020-01-10T01:00:00+08:00,192.2333333,3.0,4.8,0.19999999999999998,0.2618,True,False,1.0,False,False,False
2020-01-10T02:00:00+08:00,193.5966667,3.4,4.1,0.12222222222222218,0.33459999999999995,True,False,1.0,False,False,False
2020-01-10T03:00:00+08:00,199.1466667,3.6,4.9,0.21111111111111114,0.3738,True,False,1.0,False,False,False
2020-01-10T04:00:00+08:00,189.7266667,4.1,4.1,0.12222222222222218,0.3885,True,False,1.0,False,False,False
2020-01-10T05:00:00+08:00,195.1333333,4.2,5.8,0.3111111111111111,0.4662,True,False,1.0,False,False,False
2020-01-10T06:00:00+08:00,220.67,4.9,3.1,0.01111111111111112,0.5404,True,False,1.0,False,False,False
2020-01-10T07:00:00+08:00,199.74,5.0,3.4,0.04444444444444443,0.5523,True,False,1.0,False,False,False
2020-01-10T08:00:00+08:00,202.3,6.0,1.3,0.0,0.5698,True,False,1.0,False,False,False
2020-01-10T09:00:00+08:00,230.02,7.5,1.1,0.0,0.567,True,False,1.0,False,False,False
2020-01-10T10:00:00+08:00,230.4,7.9,1.1,0.0,0.5236,True,False,1.0,False,False,False
2020-01-10T11:00:00+08:00,211.66,6.7,2.2,0.0,0.4543,True,False,1.0,False,False,False
2020-01-10T12:00:00+08:00,198.11,6.3,1.0,0.0,0.40249999999999997,True,False,1.0,False,False,False
2020-01-10T13:00:00+08:00,195.65,7.4,1.0,0.0,0.35069999999999996,True,False,1.0,False,False,False
2020-01-10T14:00:00+08:00,220.3,6.2,1.7,0.0,0.2786,True,False,1.0,False,False,False
2020-01-10T15:00:00+08:00,239.1,5.6,2.1,0.0,0.20789999999999997,True,False,1.0,False,False,False
2020-01-10T16:00:00+08:00,228.2,4.6,1.3,0.0,0.14489999999999997,True,False,1.0,False,False,False
2020-01-10T17:00:00+08:00,208.97,3.5,1.9,0.0,0.0959,True,False,1.0,False,False,False
2020-01-10T18:00:00+08:00,213.91,1.9,2.2,0.0,0.062299999999999994,True,False,1.0,False,False,False
2020-01-10T19:00:00+08:00,209.66,1.2,2.6,0.0,0.0294,True,False,1.0,False,False,False
2020-01-10T20:00:00+08:00,199.1,1.1,2.3,0.0,0.027299999999999998,True,False,1.0,False,False,False
2020-01-10T21:00:00+08:00,202.22,0.8,4.2,0.13333333333333336,0.035699999999999996,True,False,1.0,False,False,False
2020-01-10T22:00:00+08:00,201.04,0.8,5.6,0.28888888888888886,0.08224999999999999,True,False,1.0,False,False,False
2020-01-10T23:00:00+08:00,204.455,1.1,5.5,0.2777777777777778,0.1288,True,False,1.0,False,False,False
2020-01-11T00:00:00+08:00,202.46,1.4,7.7,0.5222222222222223,0.2065,True,False,1.0,False,False,False
2020-01-11T01:00:00+08:00,196.69,1.4,8.8,0.6444444444444445,0.27999999999999997,True,False,1.0,False,False,False
2020-01-11T02:00:00+08:00,199.96,1.9,6.5,0.3888888888888889,0.35069999999999996,True,False,1.0,False,False,False
2020-01-11T03:00:00+08:00,196.73,1.9,7.1,0.4555555555555555,0.42629999999999996,True,False,1.0,False,False,False
2020-01-11T04:00:00+08:00,200.9,2.6,5.6,0.28888888888888886,0.4920999999999999,True,False,1.0,False,False,False
2020-01-11T05:00:00+08:00,205.87,3.4,3.5,0.05555555555555555,0.5453,True,False,1.0,False,False,False
2020-01-11T06:00:00+08:00,226.28,3.7,2.2,0.0,0.5838,True,False,1.0,False,False,False
2020-01-11T07:00:00+08:00,205.74,4.4,2.6,0.0,0.6041,True,False,1.0,False,False,False
2020-01-11T08:00:00+08:00,210.38,3.6,1.6,0.0,0.6048,True,False,1.0,False,False,False
2020-01-11T09:00:00+08:00,244.98,4.6,1.4,0.0,0.5872999999999999,True,False,1.0,False,False,False
2020-01-11T10:00:00+08:00,246.55,4.4,1.6,0.0,0.5467,True,False,1.0,False,False,False
2020-01-11T11:00:00+08:00,219.95,5.2,1.3,0.0,0.48789999999999994,True,False,1.0,False,False,False
2020-01-11T12:00:00+08:00,215.61,5.0,0.9,0.0,0.43189999999999995,True,False,1.0,False,False,False
2020-01-11T13:00:00+08:00,217.93,3.9,0.7,0.0,0.3591,True,False,1.0,False,False,False
2020-01-11T14:00:00+08:00,223.66,4.6,0.4,0.0,0.2786,True,False,1.0,False,False,False
2020-01-11T15:00:00+08:00,222.38,3.8,0.0,0.0,0.182,True,False,1.0,False,False,False
2020-01-11T16:00:00+08:00,244.8366666,3.2,2.6,0.0,0.1134,True,False,1.0,False,False,False
2020-01-11T17:00:00+08:00,217.6233333,2.4,4.0,0.1111111111111111,0.0735,True,False,1.0,False,False,False
2020-01-11T18:00:00+08:00,201.63,2.3,4.9,0.21111111111111114,0.0462,True,False,1.0,False,False,False
2020-01-11T19:00:00+08:00,200.3766667,2.2,6.6,0.39999999999999997,0.0245,True,False,1.0,False,False,False
2020-01-11T20:00:00+08:00,207.98,2.2,6.1,0.3444444444444444,0.030799999999999998,True,False,1.0,False,False,False
2020-01-11T21:00:00+08:00,196.8566667,1.8,5.1,0.23333333333333328,0.030799999999999998,True,False,1.0,False,False,False
2020-01-11T22:00:00+08:00,198.69,1.8,5.9,0.32222222222222224,0.0924,True,False,1.0,False,False,False
2020-01-11T23:00:00+08:00,200.9033333,1.4,4.8,0.19999999999999998,0.14279999999999998,True,False,1.0,False,False,False
2020-01-12T00:00:00+08:00,205.3266667,1.4,5.1,0.23333333333333328,0.1932,True,False,1.0,False,False,False
2020-01-12T01:00:00+08:00,202.5833333,1.6,5.6,0.28888888888888886,0.2821,True,False,1.0,False,False,False
2020-01-12T02:00:00+08:00,200.55,1.7,4.2,0.13333333333333336,0.3374,True,False,1.0,False,False,False
2020-01-12T03:00:00+08:00,199.6,2.1,3.3,0.03333333333333331,0.42069999999999996,True,False,1.0,False,False,False
2020-01-12T04:00:00+08:00,199.25,2.5,2.7,0.0,0.4885999999999999,True,False,1.0,False,False,False
2020-01-12T05:00:00+08:00,210.54,3.2,2.3,0.0,0.5425,True,False,1.0,False,False,False
2020-01-12T06:00:00+08:00,228.26,3.5,1.5,0.0,0.581,True,False,1.0,False,False,False
2020-01-12T07:00:00+08:00,219.78,4.6,1.0,0.0,0.602,True,False,1.0,False,False,False
2020-01-12T08:00:00+08:00,207.1983333,4.7,1.0,0.0,0.5971,True,False,1.0,False,False,False
2020-01-12T09:00:00+08:00,236.69,3.9,2.2,0.0,0.5761,True,False,1.0,False,False,False
2020-01-12T10:00:00+08:00,233.34,2.6,5.2,0.24444444444444446,0.5383,True,False,1.0,False,False,False
2020-01-12T11:00:00+08:00,203.315,3.0,4.5,0.16666666666666666,0.48649999999999993,True,False,1.0,False,False,False
2020-01-12T12:00:00+08:00,204.32,2.3,6.0,0.3333333333333333,0.41579999999999995,True,False,1.0,False,False,False
2020-01-12T13:00:00+08:00,204.82,1.9,6.3,0.36666666666666664,0.34299999999999997,True,False,1.0,False,False,False
2020-01-12T14:00:00+08:00,214.03,2.0,5.2,0.24444444444444446,0.2632,True,False,1.0,False,False,False
2020-01-12T15:00:00+08:00,254.4075,1.6,4.4,0.15555555555555559,0.1904,True,False,1.0,False,False,False
2020-01-12T16:00:00+08:00,236.9975,1.5,4.7,0.1888888888888889,0.12739999999999999,True,False,1.0,False,False,False
2020-01-12T17:00:00+08:00,206.315,1.2,3.7,0.07777777777777779,0.0819,True,False,1.0,False,False,False
2020-01-12T18:00:00+08:00,209.4625,1.2,1.2,0.0,0.0588,True,False,1.0,False,False,False
2020-01-12T19:00:00+08:00,203.3191667,0.7,3.6,0.06666666666666668,0.049,True,False,1.0,False,False,False
2020-01-12T20:00:00+08:00,209.8033333,0.3,5.7,0.30000000000000004,0.0483,True,False,1.0,False,False,False
2020-01-12T21:00:00+08:00,209.6866667,0.1,6.5,0.3888888888888889,0.0644,True,False,1.0,False,False,False
2020-01-12T22:00:00+08:00,202.65,-0.2,6.3,0.36666666666666664,0.07769999999999999,True,False,1.0,False,False,False
2020-01-12T23:00:00+08:00,205.8633333,0.0,6.0,0.3333333333333333,0.0952,True,False,1.0,False,False,False
2020-01-13T00:00:00+08:00,203.5666667,0.1,7.0,0.4444444444444444,0.20929999999999999,True,False,1.0,False,False,False
2020-01-13T01:00:00+08:00,209.2433333,-0.1,6.9,0.43333333333333335,0.2394,True,False,1.0,False,False,False
2020-01-13T02:00:00+08:00,207.0866667,-0.3,6.1,0.3444444444444444,0.27999999999999997,True,False,1.0,False,False,False
2020-01-13T03:00:00+08:00,199.4933333,0.1,5.9,0.32222222222222224,0.3409,True,False,1.0,False,False,False
2020-01-13T04:00:00+08:00,202.1933333,0.6,4.8,0.19999999999999998,0.42629999999999996,True,False,1.0,False,False,False
2020-01-13T05:00:00+08:00,203.4533333,1.2,3.7,0.07777777777777779,0.5438999999999999,True,False,1.0,False,False,False
2020-01-13T06:00:00+08:00,228.9566667,1.4,3.2,0.02222222222222224,0.5558,True,False,1.0,False,False,False
2020-01-13T07:00:00+08:00,210.82,1.8,2.7,0.0,0.5656,True,False,1.0,False,False,False
2020-01-13T08:00:00+08:00,205.2416667,1.4,2.2,0.0,0.5922,True,False,1.0,False,False,False
2020-01-13T09:00:00+08:00,225.94,0.9,2.2,0.0,0.5922,True,False,1.0,False,False,False
2020-01-13T10:00:00+08:00,237.27,0.8,2.0,0.0,0.5418,True,False,1.0,False,False,False
2020-01-13T11:00:00+08:00,203.99,1.0,1.2,0.0,0.4662,True,False,1.0,False,False,False
2020-01-13T12:00:00+08:00,192.22,1.0,0.6,0.0,0.40669999999999995,True,False,1.0,False,False,False
2020-01-13T13:00:00+08:00,200.81,0.8,0.9,0.0,0.28559999999999997,True,False,1.0,False,False,False
2020-01-13T14:00:00+08:00,220.91,0.6,2.3,0.0,0.19739999999999996,True,False,1.0,False,False,False
2020-01-13T15:00:00+08:00,243.44,-0.1,2.0,0.0,0.1295,True,False,1.0,False,False,False
2020-01-13T16:00:00+08:00,226.24,-0.1,2.5,0.0,0.1085,True,False,1.0,False,False,False
2020-01-13T17:00:00+08:00,194.96,-0.3,3.7,0.07777777777777779,0.055299999999999995,True,False,1.0,False,False,False
2020-01-13T18:00:00+08:00,197.87,-0.2,6.3,0.36666666666666664,0.0644,True,False,1.0,False,False,False
2020-01-13T19:00:00+08:00,199.66,-0.6,6.0,0.3333333333333333,0.055299999999999995,True,False,1.0,False,False,False
2020-01-13T20:00:00+08:00,204.34,-1.0,6.4,0.3777777777777778,0.0805,True,False,1.0,False,False,False
2020-01-13T21:00:00+08:00,209.21,-1.4,6.1,0.3444444444444444,0.0791,True,False,1.0,False,False,False
2020-01-13T22:00:00+08:00,207.12,-1.7,5.9,0.32222222222222224,0.1085,True,False,1.0,False,False,False
2020-01-13T23:00:00+08:00,208.73,-1.8,6.7,0.41111111111111115,0.17079999999999998,True,False,1.0,False,False,False
2020-01-14T00:00:00+08:00,206.93,-1.7,6.0,0.3333333333333333,0.17429999999999998,True,False,1.0,False,False,False
2020-01-14T01:00:00+08:00,202.66,-1.3,6.6,0.39999999999999997,0.27999999999999997,True,False,1.0,False,False,False
2020-01-14T02:00:00+08:00,205.78,-1.3,6.0,0.3333333333333333,0.31779999999999997,True,False,1.0,False,False,False
2020-01-14T03:00:00+08:00,209.7,-1.3,5.0,0.2222222222222222,0.40179999999999993,True,False,1.0,False,False,False
2020-01-14T04:00:00+08:00,204.0,-1.0,5.2,0.24444444444444446,0.48789999999999994,True,False,1.0,False,False,False
2020-01-14T05:00:00+08:00,205.3,-0.7,4.5,0.16666666666666666,0.4697,True,False,1.0,False,False,False
2020-01-14T06:00:00+08:00,224.08,-0.4,4.8,0.19999999999999998,0.5054,True,False,1.0,False,False,False
2020-01-14T07:00:00+08:00,223.25,0.0,3.7,0.07777777777777779,0.5704999999999999,True,False,1.0,False,False,False
2020-01-14T08:00:00+08:00,204.51,0.6,3.3,0.03333333333333331,0.5236,True,False,1.0,False,False,False
2020-01-14T09:00:00+08:00,239.55,0.8,3.4,0.04444444444444443,0.5313,True,False,1.0,False,False,False
2020-01-14T10:00:00+08:00,233.11,2.0,2.9,0.0,0.5166,True,False,1.0,False,False,False
2020-01-14T11:00:00+08:00,212.44,1.6,2.8,0.0,0.44449999999999995,True,False,1.0,False,False,False
2020-01-14T12:00:00+08:00,195.62,1.7,2.2,0.0,0.3213,True,False,1.0,False,False,False
2020-01-14T13:00:00+08:00,198.76,1.0,2.4,0.0,0.2772,True,False,1.0,False,False,False
2020-01-14T14:00:00+08:00,221.98,0.4,2.4,0.0,0.2289,True,False,1.0,False,False,False
2020-01-14T15:00:00+08:00,242.34,-0.2,2.4,0.0,0.13299999999999998,True,False,1.0,False,False,False
2020-01-14T16:00:00+08:00,234.81,-0.5,1.8,0.0,0.09029999999999999,True,False,1.0,False,False,False
2020-01-14T17:00:00+08:00,206.86,-1.4,3.0,0.0,0.0448,True,False,1.0,False,False,False
2020-01-14T18:00:00+08:00,202.05,-2.0,2.4,0.0,0.027999999999999997,True,False,1.0,False,False,False
2020-01-14T19:00:00+08:00,210.26,-2.0,2.7,0.0,0.017499999999999998,True,False,1.0,False,False,False
2020-01-14T20:00:00+08:00,213.815,-1.8,2.6,0.0,0.013999999999999999,True,False,1.0,False,False,False
2020-01-14T21:00:00+08:00,211.6266667,-1.8,2.8,0.0,0.0287,True,False,1.0,False,False,False
2020-01-14T22:00:00+08:00,218.0266667,-1.4,2.0,0.0,0.0532,True,False,1.0,False,False,False
2020-01-14T23:00:00+08:00,211.2033333,-1.1,2.3,0.0,0.0882,True,False,1.0,False,False,False
2020-01-15T00:00:00+08:00,208.81,-0.6,1.6,0.0,0.14629999999999999,True,False,1.0,False,False,False
2020-01-15T01:00:00+08:00,202.0,0.3,2.8,0.0,0.189,True,False,1.0,False,False,False
2020-01-15T02:00:00+08:00,200.5033333,1.3,2.3,0.0,0.2163,True,False,1.0,False,False,False
2020-01-15T03:00:00+08:00,199.8866667,2.1,2.0,0.0,0.3283,True,False,1.0,False,False,False
2020-01-15T04:00:00+08:00,203.3066667,2.7,1.5,0.0,0.43189999999999995,True,False,1.0,False,False,False
2020-01-15T05:00:00+08:00,204.1,3.4,1.7,0.0,0.4676,True,False,1.0,False,False,False
2020-01-15T06:00:00+08:00,227.2,4.0,1.4,0.0,0.5607,True,False,1.0,False,False,False
2020-01-15T07:00:00+08:00,193.14,4.0,1.5,0.0,0.567,True,False,1.0,False,False,False
2020-01-15T08:00:00+08:00,213.1033333,4.4,1.6,0.0,0.6054999999999999,True,False,1.0,False,False,False
2020-01-15T09:00:00+08:00,234.5266667,4.8,2.1,0.0,0.5474,True,False,1.0,False,False,False
2020-01-15T10:00:00+08:00,229.63,4.9,1.9,0.0,0.4976999999999999,True,False,1.0,False,False,False
2020-01-15T11:00:00+08:00,201.73,4.8,1.7,0.0,0.3745,True,False,1.0,False,False,False
2020-01-15T12:00:00+08:00,195.0016667,3.8,1.1,0.0,0.30029999999999996,True,False,1.0,False,False,False
2020-01-15T13:00:00+08:00,199.13,3.0,1.0,0.0,0.24359999999999996,True,False,1.0,False,False,False
2020-01-15T14:00:00+08:00,227.98,2.4,0.1,0.0,0.14629999999999999,True,False,1.0,False,False,False
2020-01-15T15:00:00+08:00,222.33,2.9,0.2,0.0,0.06369999999999999,True,False,1.0,False,False,False
2020-01-15T16:00:00+08:00,234.9,2.6,0.2,0.0,0.0791,True,False,1.0,False,False,False
2020-01-15T17:00:00+08:00,199.1,1.8,0.0,0.0,0.0469,True,False,1.0,False,False,False
2020-01-15T18:00:00+08:00,197.08,1.2,0.2,0.0,0.0287,True,False,1.0,False,False,False
2020-01-15T19:00:00+08:00,199.96,1.0,2.6,0.0,0.018199999999999997,True,False,1.0,False,False,False
2020-01-15T20:00:00+08:00,198.24,0.4,2.8,0.0,0.0203,True,False,1.0,False,False,False
2020-01-15T21:00:00+08:00,197.56,0.4,7.1,0.4555555555555555,0.0385,True,False,1.0,False,False,False
2020-01-15T22:00:00+08:00,197.85,0.5,6.3,0.36666666666666664,0.0749,True,False,1.0,False,False,False
2020-01-15T23:00:00+08:00,195.0025,0.4,6.9,0.43333333333333335,0.1379,True,False,1.0,False,False,False
2020-01-16T00:00:00+08:00,196.8625,0.8,4.7,0.1888888888888889,0.2345,True,False,1.0,False,False,False
2020-01-16T01:00:00+08:00,201.2325,1.3,4.5,0.16666666666666666,0.29119999999999996,True,False,1.0,False,False,False
2020-01-16T02:00:00+08:00,196.98,2.0,3.5,0.05555555555555555,0.34859999999999997,True,False,1.0,False,False,False
2020-01-16T03:00:00+08:00,195.6225,2.7,3.6,0.06666666666666668,0.40529999999999994,True,False,1.0,False,False,False
2020-01-16T04:00:00+08:00,201.7875,3.8,2.4,0.0,0.4732,True,False,1.0,False,False,False
2020-01-16T05:00:00+08:00,207.5425,3.8,2.8,0.0,0.5306,True,False,1.0,False,False,False
2020-01-16T06:00:00+08:00,225.5,4.3,1.1,0.0,0.581,True,False,1.0,False,False,False
2020-01-16T07:00:00+08:00,203.6675,4.7,2.9,0.0,0.5823999999999999,True,False,1.0,False,False,False
2020-01-16T08:00:00+08:00,203.2325,4.8,2.5,0.0,0.6636,True,False,1.0,False,False,False
2020-01-16T09:00:00+08:00,214.69,5.1,1.8,0.0,0.6468,True,False,1.0,False,False,False
2020-01-16T10:00:00+08:00,225.1025,6.7,1.5,0.0,0.5201,True,False,1.0,False,False,False
2020-01-16T11:00:00+08:00,214.085,5.7,1.0,0.0,0.5095999999999999,True,False,1.0,False,False,False
2020-01-16T12:00:00+08:00,194.6775,5.2,0.8,0.0,0.40529999999999994,True,False,1.0,False,False,False
2020-01-16T13:00:00+08:00,195.64,4.0,0.4,0.0,0.2541,True,False,1.0,False,False,False
2020-01-16T14:00:00+08:00,209.01,3.2,0.4,0.0,0.16519999999999999,True,False,1.0,False,False,False
2020-01-16T15:00:00+08:00,237.865,2.4,0.0,0.0,0.1911,True,False,1.0,False,False,False
2020-01-16T16:00:00+08:00,235.1425,2.4,0.1,0.0,0.1316,True,False,1.0,False,False,False
2020-01-16T17:00:00+08:00,204.9875,2.3,0.1,0.0,0.08329999999999999,True,False,1.0,False,False,False
2020-01-16T18:00:00+08:00,209.125,1.8,0.0,0.0,0.062299999999999994,True,False,1.0,False,False,False
2020-01-16T19:00:00+08:00,204.89,1.3,3.2,0.02222222222222224,0.034999999999999996,True,False,1.0,False,False,False
2020-01-16T20:00:00+08:00,198.45,0.9,3.3,0.03333333333333331,0.030799999999999998,True,False,1.0,False,False,False
2020-01-16T21:00:00+08:00,200.355,0.7,3.1,0.01111111111111112,0.0483,True,False,1.0,False,False,False
2020-01-16T22:00:00+08:00,197.565,0.4,3.6,0.06666666666666668,0.06019999999999999,True,False,1.0,False,False,False
2020-01-16T23:00:00+08:00,200.1925,0.4,6.0,0.3333333333333333,0.0819,True,False,1.0,False,False,False
2020-01-17T00:00:00+08:00,199.1425,0.6,7.0,0.4444444444444444,0.2219,True,False,1.0,False,False,False
2020-01-17T01:00:00+08:00,195.7425,0.8,6.6,0.39999999999999997,0.26389999999999997,True,False,1.0,False,False,False
2020-01-17T02:00:00+08:00,197.3325,1.1,6.0,0.3333333333333333,0.33109999999999995,True,False,1.0,False,False,False
2020-01-17T03:00:00+08:00,195.3525,1.5,5.0,0.2222222222222222,0.41019999999999995,True,False,1.0,False,False,False
2020-01-17T04:00:00+08:00,198.2825,1.8,4.7,0.1888888888888889,0.4746,True,False,1.0,False,False,False
2020-01-17T05:00:00+08:00,198.2025,2.6,2.4,0.0,0.5341,True,False,1.0,False,False,False
2020-01-17T06:00:00+08:00,228.0575,3.1,2.6,0.0,0.5725999999999999,True,False,1.0,False,False,False
2020-01-17T07:00:00+08:00,210.21,4.3,1.1,0.0,0.595,True,False,1.0,False,False,False
2020-01-17T08:00:00+08:00,205.355,4.7,1.2,0.0,0.6062,True,False,1.0,False,False,False
2020-01-17T09:00:00+08:00,224.035,4.7,1.1,0.0,0.5859,True,False,1.0,False,False,False
2020-01-17T10:00:00+08:00,224.515,3.3,1.9,0.0,0.5418,True,False,1.0,False,False,False
2020-01-17T11:00:00+08:00,198.485,3.0,3.1,0.01111111111111112,0.4871999999999999,True,False,1.0,False,False,False
2020-01-17T12:00:00+08:00,196.63,3.9,3.8,0.08888888888888886,0.41019999999999995,True,False,1.0,False,False,False
2020-01-17T13:00:00+08:00,199.29,4.4,0.4,0.0,0.3388,True,False,1.0,False,False,False
2020-01-17T14:00:00+08:00,229.82,4.3,0.7,0.0,0.2373,True,False,1.0,False,False,False
2020-01-17T15:00:00+08:00,228.21,3.9,2.8,0.0,0.13369999999999999,True,False,1.0,False,False,False
2020-01-17T16:00:00+08:00,228.155,2.3,2.5,0.0,0.0847,True,False,1.0,False,False,False
2020-01-17T17:00:00+08:00,209.235,0.5,3.2,0.02222222222222224,0.07279999999999999,True,False,1.0,False,False,False
2020-01-17T18:00:00+08:00,204.47,0.1,3.9,0.09999999999999999,0.042699999999999995,True,False,1.0,False,False,False
2020-01-17T19:00:00+08:00,200.94,0.7,8.5,0.6111111111111112,0.030099999999999995,True,False,1.0,False,False,False
2020-01-17T20:00:00+08:00,194.765,0.9,8.7,0.6333333333333333,0.0245,True,False,1.0,False,False,False
2020-01-17T21:00:00+08:00,196.225,0.8,9.7,0.7444444444444444,0.043399999999999994,True,False,1.0,False,False,False
2020-01-17T22:00:00+08:00,204.965,0.6,12.1,1.0,0.0735,True,False,1.0,False,False,False
2020-01-17T23:00:00+08:00,200.64,-0.1,9.7,0.7444444444444444,0.12179999999999998,True,False,1.0,False,False,False
2020-01-18T00:00:00+08:00,204.925,-0.2,9.1,0.6777777777777777,0.1834,True,False,1.0,False,False,False
2020-01-18T01:00:00+08:00,195.955,0.1,8.8,0.6444444444444445,0.2555,True,False,1.0,False,False,False
2020-01-18T02:00:00+08:00,194.18,0.1,9.9,0.7666666666666667,0.33039999999999997,True,False,1.0,False,False,False
2020-01-18T03:00:00+08:00,193.535,1.0,7.2,0.4666666666666667,0.40599999999999997,True,False,1.0,False,False,False
2020-01-18T04:00:00+08:00,196.35,1.6,7.4,0.48888888888888893,0.4732,True,False,1.0,False,False,False
2020-01-18T05:00:00+08:00,214.85,2.4,6.1,0.3444444444444444,0.5285,True,False,1.0,False,False,False
2020-01-18T06:00:00+08:00,222.56,3.0,3.7,0.07777777777777779,0.5698,True,False,1.0,False,False,False
2020-01-18T07:00:00+08:00,198.77,3.8,2.9,0.0,0.5922,True,False,1.0,False,False,False
2020-01-18T08:00:00+08:00,191.81,3.9,2.7,0.0,0.595,True,False,1.0,False,False,False
2020-01-18T09:00:00+08:00,217.245,4.7,1.6,0.0,0.5768,True,False,1.0,False,False,False
2020-01-18T10:00:00+08:00,217.46,6.7,0.9,0.0,0.5389999999999999,True,False,1.0,False,False,False
2020-01-18T11:00:00+08:00,205.295,7.3,0.5,0.0,0.48579999999999995,True,False,1.0,False,False,False
2020-01-18T12:00:00+08:00,197.235,7.6,1.2,0.0,0.41859999999999997,True,False,1.0,False,False,False
2020-01-18T13:00:00+08:00,192.47,5.8,3.7,0.07777777777777779,0.34369999999999995,True,False,1.0,False,False,False
2020-01-18T14:00:00+08:00,205.86,5.2,2.8,0.0,0.2653,True,False,1.0,False,False,False
2020-01-18T15:00:00+08:00,212.115,3.2,7.1,0.4555555555555555,0.1904,True,False,1.0,False,False,False
2020-01-18T16:00:00+08:00,220.63,2.2,8.2,0.5777777777777777,0.1253,True,False,1.0,False,False,False
2020-01-18T17:00:00+08:00,190.8725,1.2,8.4,0.6000000000000001,0.07629999999999999,True,False,1.0,False,False,False
2020-01-18T18:00:00+08:00,196.6525,0.8,9.1,0.6777777777777777,0.0441,True,False,1.0,False,False,False
2020-01-18T19:00:00+08:00,203.5225,0.3,9.6,0.7333333333333333,0.0287,True,False,1.0,False,False,False
2020-01-18T20:00:00+08:00,191.225,-0.2,9.8,0.7555555555555556,0.027299999999999998,True,False,1.0,False,False,False
2020-01-18T21:00:00+08:00,194.0675,-0.7,10.4,0.8222222222222223,0.0406,True,False,1.0,False,False,False
2020-01-18T22:00:00+08:00,195.215,-0.5,11.9,0.9888888888888889,0.0707,True,False,1.0,False,False,False
2020-01-18T23:00:00+08:00,203.6875,0.0,12.3,1.0,0.1183,True,False,1.0,False,False,False
2020-01-19T00:00:00+08:00,200.1125,0.2,13.3,1.0,0.1792,True,False,1.0,False,False,False
2020-01-19T01:00:00+08:00,194.94,0.3,13.1,1.0,0.2506,True,False,1.0,False,False,False
2020-01-19T02:00:00+08:00,193.2575,0.3,11.0,0.8888888888888888,0.3262,True,False,1.0,False,False,False
2020-01-19T03:00:00+08:00,194.6825,1.0,7.9,0.5444444444444445,0.4003999999999999,True,False,1.0,False,False,False
2020-01-19T04:00:00+08:00,192.525,2.1,4.3,0.14444444444444443,0.4683,True,False,1.0,False,False,False
2020-01-19T05:00:00+08:00,200.1975,2.8,3.6,0.06666666666666668,0.5243,True,False,1.0,False,False,False
2020-01-19T06:00:00+08:00,232.385,3.7,3.1,0.01111111111111112,0.5649,True,False,1.0,False,False,False
2020-01-19T07:00:00+08:00,201.3575,4.4,1.4,0.0,0.5872999999999999,True,False,1.0,False,False,False
2020-01-19T08:00:00+08:00,197.94,6.5,0.6,0.0,0.5886999999999999,True,False,1.0,False,False,False
2020-01-19T09:00:00+08:00,213.08,5.7,1.3,0.0,0.5704999999999999,True,False,1.0,False,False,False
2020-01-19T10:00:00+08:00,229.13,6.6,0.5,0.0,0.5327,True,False,1.0,False,False,False
2020-01-19T11:00:00+08:00,209.015,8.7,0.8,0.0,0.4788,True,False,1.0,False,False,False
2020-01-19T12:00:00+08:00,203.225,8.7,1.6,0.0,0.413,True,False,1.0,False,False,False
2020-01-19T13:00:00+08:00,191.5325,7.0,1.5,0.0,0.3388,True,False,1.0,False,False,False
2020-01-19T14:00:00+08:00,200.5575,7.2,0.2,0.0,0.2611,True,False,1.0,False,False,False
2020-01-19T15:00:00+08:00,220.815,7.8,1.2,0.0,0.1869,True,False,1.0,False,False,False
2020-01-19T16:00:00+08:00,225.5575,6.1,1.4,0.0,0.12249999999999998,True,False,1.0,False,False,False
2020-01-19T17:00:00+08:00,210.495,3.0,6.5,0.3888888888888889,0.07279999999999999,True,False,1.0,False,False,False
2020-01-19T18:00:00+08:00,205.435,2.5,7.1,0.4555555555555555,0.041299999999999996,True,False,1.0,False,False,False
2020-01-19T19:00:00+08:00,207.0775,2.1,8.4,0.6000000000000001,0.025899999999999996,True,False,1.0,False,False,False
2020-01-19T20:00:00+08:00,207.905,1.8,8.4,0.6000000000000001,0.0245,True,False,1.0,False,False,False
2020-01-19T21:00:00+08:00,208.9125,1.7,9.7,0.7444444444444444,0.037099999999999994,True,False,1.0,False,False,False
2020-01-19T22:00:00+08:00,204.193,2.2,11.9,0.9888888888888889,0.06649999999999999,True,False,1.0,False,False,False
2020-01-19T23:00:00+08:00,204.193,2.0,9.7,0.7444444444444444,0.1134,True,False,1.0,False,False,False
2020-01-20T00:00:00+08:00,208.4133333,2.3,10.2,0.7999999999999999,0.175,True,False,1.0,False,False,False
2020-01-20T01:00:00+08:00,209.15,2.5,12.1,1.0,0.24569999999999997,True,False,1.0,False,False,False
2020-01-20T02:00:00+08:00,199.74,2.4,9.5,0.7222222222222222,0.3206,True,False,1.0,False,False,False
2020-01-20T03:00:00+08:00,191.26,3.1,6.7,0.41111111111111115,0.39479999999999993,True,False,1.0,False,False,False
2020-01-20T04:00:00+08:00,191.82,3.9,5.4,0.2666666666666667,0.4627,True,False,1.0,False,False,False
2020-01-20T05:00:00+08:00,190.9,4.5,3.6,0.06666666666666668,0.518,True,False,1.0,False,False,False
2020-01-20T06:00:00+08:00,195.66,4.8,2.9,0.0,0.5586,True,False,1.0,False,False,False
2020-01-20T07:00:00+08:00,216.745,5.0,4.1,0.12222222222222218,0.581,True,False,1.0,False,False,False
2020-01-20T08:00:00+08:00,200.76,5.2,2.0,0.0,0.5823999999999999,True,False,1.0,False,False,False
2020-01-20T09:00:00+08:00,194.89,5.5,2.1,0.0,0.5642,True,False,1.0,False,False,False
2020-01-20T10:00:00+08:00,199.2,5.9,1.6,0.0,0.5271,True,False,1.0,False,False,False
2020-01-20T11:00:00+08:00,199.78,5.9,0.8,0.0,0.4739,True,False,1.0,False,False,False
2020-01-20T12:00:00+08:00,190.65,7.1,0.7,0.0,0.40739999999999993,True,False,1.0,False,False,False
2020-01-20T13:00:00+08:00,190.75,7.5,1.0,0.0,0.3339,True,False,1.0,False,False,False
2020-01-20T14:00:00+08:00,191.46,6.9,0.5,0.0,0.2562,True,False,1.0,False,False,False
2020-01-20T15:00:00+08:00,197.17,5.7,0.5,0.0,0.1799,True,False,1.0,False,False,False
2020-01-20T16:00:00+08:00,205.29,4.6,0.0,0.0,0.11549999999999999,True,False,1.0,False,False,False
2020-01-20T17:00:00+08:00,215.31,2.9,2.5,0.0,0.077,True,False,1.0,False,False,False
2020-01-20T18:00:00+08:00,193.66,1.9,2.3,0.0,0.0385,True,False,1.0,False,False,False
2020-01-20T19:00:00+08:00,197.88,1.7,4.8,0.19999999999999998,0.0238,True,False,1.0,False,False,False
2020-01-20T20:00:00+08:00,196.86,1.8,6.7,0.41111111111111115,0.0224,True,False,1.0,False,False,False
2020-01-20T21:00:00+08:00,192.7,1.5,7.0,0.4444444444444444,0.034999999999999996,True,False,1.0,False,False,False
2020-01-20T22:00:00+08:00,191.9,1.4,7.7,0.5222222222222223,0.0644,True,False,1.0,False,False,False
2020-01-20T23:00:00+08:00,190.93,1.4,8.3,0.588888888888889,0.1099,True,False,1.0,False,False,False
2020-01-21T00:00:00+08:00,193.0,1.6,5.8,0.3111111111111111,0.17009999999999997,True,False,1.0,False,False,False
2020-01-21T01:00:00+08:00,191.51,2.0,7.2,0.4666666666666667,0.24079999999999996,True,False,1.0,False,False,False
2020-01-21T02:00:00+08:00,189.83,1.9,7.1,0.4555555555555555,0.3164,True,False,1.0,False,False,False
2020-01-21T03:00:00+08:00,193.06,2.8,6.1,0.3444444444444444,0.3906,True,False,1.0,False,False,False
2020-01-21T04:00:00+08:00,189.32,3.5,5.1,0.23333333333333328,0.4592,True,False,1.0,False,False,False
2020-01-21T05:00:00+08:00,191.78,4.0,3.9,0.09999999999999999,0.5152,True,False,1.0,False,False,False
2020-01-21T06:00:00+08:00,192.69,4.5,2.8,0.0,0.5565,True,False,1.0,False,False,False
2020-01-21T07:00:00+08:00,211.59,5.1,2.4,0.0,0.5789,True,False,1.0,False,False,False
2020-01-21T08:00:00+08:00,203.21,5.4,1.6,0.0,0.581,True,False,1.0,False,False,False
2020-01-21T09:00:00+08:00,202.875,6.3,1.0,0.0,0.5628,True,False,1.0,False,False,False
2020-01-21T10:00:00+08:00,205.88,7.2,1.2,0.0,0.5243,True,False,1.0,False,False,False
2020-01-21T11:00:00+08:00,227.9,7.5,1.6,0.0,0.4711,True,False,1.0,False,False,False
2020-01-21T12:00:00+08:00,215.65,6.6,1.0,0.0,0.4038999999999999,True,False,1.0,False,False,False
2020-01-21T13:00:00+08:00,202.82,6.6,1.1,0.0,0.33039999999999997,True,False,1.0,False,False,False
2020-01-21T14:00:00+08:00,201.96,4.6,1.6,0.0,0.2527,True,False,1.0,False,False,False
2020-01-21T15:00:00+08:00,196.3,4.3,1.4,0.0,0.1785,True,False,1.0,False,False,False
2020-01-21T16:00:00+08:00,202.375,3.1,1.3,0.0,0.1141,True,False,1.0,False,False,False
2020-01-21T17:00:00+08:00,212.02,2.1,1.6,0.0,0.0658,True,False,1.0,False,False,False
2020-01-21T18:00:00+08:00,197.51,1.5,1.0,0.0,0.034999999999999996,True,False,1.0,False,False,False
2020-01-21T19:00:00+08:00,188.62,0.7,1.2,0.0,0.020999999999999998,True,False,1.0,False,False,False
2020-01-21T20:00:00+08:00,192.09,0.0,1.2,0.0,0.0196,True,False,1.0,False,False,False
2020-01-21T21:00:00+08:00,195.49,-0.4,1.1,0.0,0.035699999999999996,True,False,1.0,False,False,False
2020-01-21T22:00:00+08:00,196.88,0.7,3.9,0.09999999999999999,0.0385,True,False,1.0,False,False,False
2020-01-21T23:00:00+08:00,193.79,1.9,2.4,0.0,0.0658,True,False,1.0,False,False,False
2020-01-22T00:00:00+08:00,193.44,2.2,4.6,0.17777777777777773,0.1064,True,False,1.0,False,False,False
2020-01-22T01:00:00+08:00,194.86,2.2,4.0,0.1111111111111111,0.1603,True,False,1.0,False,False,False
2020-01-22T02:00:00+08:00,191.85,2.6,3.8,0.08888888888888886,0.21769999999999998,True,False,1.0,False,False,False
2020-01-22T03:00:00+08:00,191.05,3.2,3.8,0.08888888888888886,0.2807,True,False,1.0,False,False,False
2020-01-22T04:00:00+08:00,193.05,3.3,2.2,0.0,0.357,True,False,1.0,False,False,False
2020-01-22T05:00:00+08:00,189.31,4.3,1.1,0.0,0.43889999999999996,True,False,1.0,False,False,False
2020-01-22T06:00:00+08:00,191.83,4.5,2.5,0.0,0.5565,True,False,1.0,False,False,False
2020-01-22T07:00:00+08:00,221.83,4.6,1.8,0.0,0.5698,True,False,1.0,False,False,False
2020-01-22T08:00:00+08:00,198.715,5.6,0.7,0.0,0.5719,True,False,1.0,False,False,False
2020-01-22T09:00:00+08:00,203.09,5.7,1.2,0.0,0.5411,True,False,1.0,False,False,False
2020-01-22T10:00:00+08:00,215.35,5.9,0.4,0.0,0.4718,True,False,1.0,False,False,False
2020-01-22T11:00:00+08:00,210.15,5.0,2.1,0.0,0.385,True,False,1.0,False,False,False
2020-01-22T12:00:00+08:00,197.77,4.1,2.6,0.0,0.3829,True,False,1.0,False,False,False
2020-01-22T13:00:00+08:00,194.4,3.8,2.1,0.0,0.24499999999999997,True,False,1.0,False,False,False
2020-01-22T14:00:00+08:00,190.49,4.3,0.1,0.0,0.1729,True,False,1.0,False,False,False
2020-01-22T15:00:00+08:00,190.15,4.3,3.0,0.0,0.1785,True,False,1.0,False,False,False
2020-01-22T16:00:00+08:00,200.44,3.8,2.3,0.0,0.119,True,False,1.0,False,False,False
2020-01-22T17:00:00+08:00,206.63,2.7,5.0,0.2222222222222222,0.0686,True,False,1.0,False,False,False
2020-01-22T18:00:00+08:00,201.92,2.5,3.8,0.08888888888888886,0.0399,True,False,1.0,False,False,False
2020-01-22T19:00:00+08:00,194.95,2.2,5.5,0.2777777777777778,0.027299999999999998,True,False,1.0,False,False,False
2020-01-22T20:00:00+08:00,189.9,1.6,8.0,0.5555555555555556,0.0147,True,False,1.0,False,False,False
2020-01-22T21:00:00+08:00,194.95,1.2,9.2,0.6888888888888888,0.0287,True,False,1.0,False,False,False
2020-01-22T22:00:00+08:00,207.47,1.2,9.5,0.7222222222222222,0.0532,True,False,1.0,False,False,False
2020-01-22T23:00:00+08:00,200.65,1.8,11.7,0.9666666666666666,0.0966,True,False,1.0,False,False,False
2020-01-23T00:00:00+08:00,195.9,1.5,9.5,0.7222222222222222,0.16449999999999998,True,False,1.0,False,False,False
2020-01-23T01:00:00+08:00,194.49,1.0,9.6,0.7333333333333333,0.2331,True,False,1.0,False,False,False
2020-01-23T02:00:00+08:00,191.56,1.1,9.9,0.7666666666666667,0.308,True,False,1.0,False,False,False
2020-01-23T03:00:00+08:00,192.7,1.0,11.7,0.9666666666666666,0.3836,True,False,1.0,False,False,False
2020-01-23T04:00:00+08:00,193.11,0.9,11.5,0.9444444444444444,0.4522,True,False,1.0,False,False,False
2020-01-23T05:00:00+08:00,189.24,1.2,6.3,0.36666666666666664,0.5082,True,False,1.0,False,False,False
2020-01-23T06:00:00+08:00,192.42,2.0,5.2,0.24444444444444446,0.5481,True,False,1.0,False,False,False
2020-01-23T07:00:00+08:00,213.07,2.3,3.4,0.04444444444444443,0.5684,True,False,1.0,False,False,False
2020-01-23T08:00:00+08:00,202.85,2.5,2.7,0.0,0.5711999999999999,True,False,1.0,False,False,False
2020-01-23T09:00:00+08:00,194.57,2.9,2.2,0.0,0.5509,True,False,1.0,False,False,False
2020-01-23T10:00:00+08:00,214.38,3.6,1.8,0.0,0.5124,True,False,1.0,False,False,False
2020-01-23T11:00:00+08:00,234.28,4.4,1.3,0.0,0.4557,True,False,1.0,False,False,False
2020-01-23T12:00:00+08:00,219.83,5.2,0.9,0.0,0.385,True,False,1.0,False,False,False
2020-01-23T13:00:00+08:00,197.68,4.9,1.3,0.0,0.3122,True,False,1.0,False,False,False
2020-01-23T14:00:00+08:00,193.4,4.2,0.7,0.0,0.2345,True,False,1.0,False,False,False
2020-01-23T15:00:00+08:00,193.87,3.3,1.7,0.0,0.1596,True,False,1.0,False,False,False
2020-01-23T16:00:00+08:00,194.15,1.8,1.8,0.0,0.10079999999999999,True,False,1.0,False,False,False
2020-01-23T17:00:00+08:00,203.01,0.9,3.0,0.0,0.0595,True,False,1.0,False,False,False
2020-01-23T18:00:00+08:00,199.61,0.2,0.7,0.0,0.0329,True,False,1.0,False,False,False
2020-01-23T19:00:00+08:00,196.85,0.0,3.4,0.04444444444444443,0.0196,True,False,1.0,False,False,False
2020-01-23T20:00:00+08:00,192.38,-0.4,2.1,0.0,0.018199999999999997,True,False,1.0,False,False,False
2020-01-23T21:00:00+08:00,195.21,-0.5,4.0,0.1111111111111111,0.0245,True,False,1.0,False,False,False
2020-01-23T22:00:00+08:00,197.52,-0.2,3.9,0.09999999999999999,0.05039999999999999,True,False,1.0,False,False,False
2020-01-23T23:00:00+08:00,197.53,0.0,5.4,0.2666666666666667,0.098,True,False,1.0,False,False,False
2020-01-24T00:00:00+08:00,194.02,-0.1,3.1,0.01111111111111112,0.1547,True,False,1.0,False,False,False
2020-01-24T01:00:00+08:00,191.15,0.5,2.1,0.0,0.21839999999999998,True,False,1.0,False,False,False
2020-01-24T02:00:00+08:00,188.97,1.6,2.5,0.0,0.28909999999999997,True,False,1.0,False,False,False
2020-01-24T03:00:00+08:00,188.87,2.3,1.8,0.0,0.3738,True,False,1.0,False,False,False
2020-01-24T04:00:00+08:00,187.86,3.7,0.8,0.0,0.4382,True,False,1.0,False,False,False
2020-01-24T05:00:00+08:00,190.34,5.8,0.7,0.0,0.4850999999999999,True,False,1.0,False,False,False
2020-01-24T06:00:00+08:00,192.04,4.8,1.2,0.0,0.5368999999999999,True,False,1.0,False,False,False
2020-01-24T07:00:00+08:00,215.37,5.7,1.6,0.0,0.5201,True,False,1.0,False,False,False
2020-01-24T08:00:00+08:00,201.63,5.2,2.1,0.0,0.5166,True,False,1.0,False,False,False
2020-01-24T09:00:00+08:00,204.75,4.4,2.8,0.0,0.5152,True,False,1.0,False,False,False
2020-01-24T10:00:00+08:00,201.97,5.4,1.4,0.0,0.4543,True,False,1.0,False,False,False
2020-01-24T11:00:00+08:00,211.665,5.5,2.1,0.0,0.3605,True,False,1.0,False,False,False
2020-01-24T12:00:00+08:00,203.92,5.7,1.5,0.0,0.2779,True,False,1.0,False,False,False
2020-01-24T13:00:00+08:00,197.6,5.6,1.7,0.0,0.22469999999999998,True,False,1.0,False,False,False
2020-01-24T14:00:00+08:00,198.34,6.7,0.0,0.0,0.1729,True,False,1.0,False,False,False
2020-01-24T15:00:00+08:00,195.81,5.6,2.3,0.0,0.1624,True,False,1.0,False,False,False
2020-01-24T16:00:00+08:00,198.37,4.6,3.6,0.06666666666666668,0.08259999999999999,True,False,1.0,False,False,False
2020-01-24T17:00:00+08:00,210.56,3.8,6.2,0.35555555555555557,0.0406,True,False,1.0,False,False,False
2020-01-24T18:00:00+08:00,193.28,3.2,5.2,0.24444444444444446,0.027299999999999998,True,False,1.0,False,False,False
2020-01-24T19:00:00+08:00,202.57,3.1,6.4,0.3777777777777778,0.0189,True,False,1.0,False,False,False
2020-01-24T20:00:00+08:00,198.15,2.0,5.9,0.32222222222222224,0.0168,True,False,1.0,False,False,False
2020-01-24T21:00:00+08:00,193.3,1.6,6.0,0.3333333333333333,0.021699999999999997,True,False,1.0,False,False,False
2020-01-24T22:00:00+08:00,200.35,0.8,5.0,0.2222222222222222,0.0238,True,False,1.0,False,False,False
2020-01-24T23:00:00+08:00,203.73,0.1,3.3,0.03333333333333331,0.0455,True,False,1.0,False,False,False
2020-01-25T00:00:00+08:00,201.58,0.2,2.9,0.0,0.08259999999999999,True,False,1.0,False,False,False
2020-01-25T01:00:00+08:00,194.31,0.9,1.7,0.0,0.1386,True,False,1.0,False,False,False
2020-01-25T02:00:00+08:00,194.72,1.4,1.3,0.0,0.20019999999999996,True,False,1.0,False,False,False
2020-01-25T03:00:00+08:00,193.27,1.4,3.1,0.01111111111111112,0.29469999999999996,True,False,1.0,False,False,False
2020-01-25T04:00:00+08:00,194.08,1.5,2.4,0.0,0.3654,True,False,1.0,False,False,False
2020-01-25T05:00:00+08:00,193.05,1.7,2.9,0.0,0.41089999999999993,True,False,1.0,False,False,False
2020-01-25T06:00:00+08:00,192.67,2.1,2.0,0.0,0.4221,True,False,1.0,False,False,False
2020-01-25T07:00:00+08:00,216.25,2.1,3.3,0.03333333333333331,0.44589999999999996,True,False,1.0,False,False,False
2020-01-25T08:00:00+08:00,198.15,2.1,3.1,0.01111111111111112,0.4578,True,False,1.0,False,False,False
2020-01-25T09:00:00+08:00,197.39,2.9,2.7,0.0,0.39549999999999996,True,False,1.0,False,False,False
2020-01-25T10:00:00+08:00,213.04,3.7,2.3,0.0,0.32899999999999996,True,False,1.0,False,False,False
2020-01-25T11:00:00+08:00,222.86,3.6,2.3,0.0,0.2779,True,False,1.0,False,False,False
2020-01-25T12:00:00+08:00,205.0,3.3,1.9,0.0,0.2709,True,False,1.0,False,False,False
2020-01-25T13:00:00+08:00,200.8,3.1,1.5,0.0,0.1967,True,False,1.0,False,False,False
2020-01-25T14:00:00+08:00,195.84,2.8,1.5,0.0,0.1407,True,False,1.0,False,False,False
2020-01-25T15:00:00+08:00,197.3,0.8,0.8,0.0,0.10149999999999999,True,False,1.0,False,False,False
2020-01-25T16:00:00+08:00,209.7,0.1,1.2,0.0,0.061599999999999995,True,False,1.0,False,False,False
2020-01-25T17:00:00+08:00,203.94,-0.1,2.8,0.0,0.0315,True,False,1.0,False,False,False
2020-01-25T18:00:00+08:00,200.46,-0.2,2.2,0.0,0.0161,True,False,1.0,False,False,False
2020-01-25T19:00:00+08:00,193.53,-0.2,1.2,0.0,0.0084,True,False,1.0,False,False,False
2020-01-25T20:00:00+08:00,192.97,-0.4,1.9,0.0,0.006999999999999999,True,False,1.0,False,False,False
2020-01-25T21:00:00+08:00,195.815,-0.6,2.7,0.0,0.0119,True,False,1.0,False,False,False
2020-01-25T22:00:00+08:00,196.66,-0.7,3.0,0.0,0.0315,True,False,1.0,False,False,False
2020-01-25T23:00:00+08:00,196.75,-0.7,1.8,0.0,0.05179999999999999,True,False,1.0,False,False,False
2020-01-26T00:00:00+08:00,196.74,0.0,0.5,0.0,0.0749,True,False,1.0,False,False,False
2020-01-26T01:00:00+08:00,199.53,0.2,2.4,0.0,0.1253,True,False,1.0,False,False,False
2020-01-26T02:00:00+08:00,195.73,-0.3,3.3,0.03333333333333331,0.1855,True,False,1.0,False,False,False
2020-01-26T03:00:00+08:00,193.71,0.3,4.4,0.15555555555555559,0.252,True,False,1.0,False,False,False
2020-01-26T04:00:00+08:00,196.65,0.4,4.1,0.12222222222222218,0.3157,True,False,1.0,False,False,False
2020-01-26T05:00:00+08:00,193.03,0.9,4.0,0.1111111111111111,0.38780000000000003,True,False,1.0,False,False,False
2020-01-26T06:00:00+08:00,201.84,1.0,4.7,0.1888888888888889,0.42489999999999994,True,False,1.0,False,False,False
2020-01-26T07:00:00+08:00,216.65,1.1,5.2,0.24444444444444446,0.4557,True,False,1.0,False,False,False
2020-01-26T08:00:00+08:00,203.64,1.3,5.3,0.25555555555555554,0.4571,True,False,1.0,False,False,False
2020-01-26T09:00:00+08:00,198.51,1.3,6.0,0.3333333333333333,0.44099999999999995,True,False,1.0,False,False,False
2020-01-26T10:00:00+08:00,202.11,1.2,4.8,0.19999999999999998,0.40879999999999994,True,False,1.0,False,False,False
2020-01-26T11:00:00+08:00,209.49,1.0,4.2,0.13333333333333336,0.34719999999999995,True,False,1.0,False,False,False
2020-01-26T12:00:00+08:00,210.62,0.4,4.0,0.1111111111111111,0.2688,True,False,1.0,False,False,False
2020-01-26T13:00:00+08:00,205.4,0.1,3.9,0.09999999999999999,0.20789999999999997,True,False,1.0,False,False,False
2020-01-26T14:00:00+08:00,199.355,-0.5,3.7,0.07777777777777779,0.14559999999999998,True,False,1.0,False,False,False
2020-01-26T15:00:00+08:00,200.57,-1.0,3.7,0.07777777777777779,0.0938,True,False,1.0,False,False,False
2020-01-26T16:00:00+08:00,204.53,-1.1,4.0,0.1111111111111111,0.06019999999999999,True,False,1.0,False,False,False
2020-01-26T17:00:00+08:00,205.24,-1.5,3.8,0.08888888888888886,0.043399999999999994,True,False,1.0,False,False,False
2020-01-26T18:00:00+08:00,204.58,-1.9,3.5,0.05555555555555555,0.017499999999999998,True,False,1.0,False,False,False
2020-01-26T19:00:00+08:00,198.26,-2.2,2.5,0.0,0.0098,True,False,1.0,False,False,False
2020-01-26T20:00:00+08:00,197.17,-2.6,2.9,0.0,0.007699999999999999,True,False,1.0,False,False,False
2020-01-26T21:00:00+08:00,193.86,-3.2,2.4,0.0,0.0112,True,False,1.0,False,False,False
2020-01-26T22:00:00+08:00,198.92,-3.6,2.2,0.0,0.0224,True,False,1.0,False,False,False
2020-01-26T23:00:00+08:00,189.96,-3.9,1.8,0.0,0.0462,True,False,1.0,False,False,False
2020-01-27T00:00:00+08:00,198.16,-3.7,2.1,0.0,0.08785,True,False,1.0,False,False,False
2020-01-27T01:00:00+08:00,195.45,-3.5,1.9,0.0,0.1295,True,False,1.0,False,False,False
2020-01-27T02:00:00+08:00,192.12,-3.0,2.7,0.0,0.21,True,False,1.0,False,False,False
2020-01-27T03:00:00+08:00,194.05,-2.7,2.8,0.0,0.3731,True,False,1.0,False,False,False
2020-01-27T04:00:00+08:00,184.77,-2.0,1.8,0.0,0.36819999999999997,True,False,1.0,False,False,False
2020-01-27T05:00:00+08:00,187.24,-1.4,1.6,0.0,0.42,True,False,1.0,False,False,False
2020-01-27T06:00:00+08:00,190.81,-1.5,1.9,0.0,0.5088999999999999,True,False,1.0,False,False,False
2020-01-27T07:00:00+08:00,217.1,-1.8,1.7,0.0,0.48649999999999993,True,False,1.0,False,False,False
2020-01-27T08:00:00+08:00,190.56,-1.6,1.7,0.0,0.4571,True,False,1.0,False,False,False
2020-01-27T09:00:00+08:00,195.15,-1.5,1.9,0.0,0.4452,True,False,1.0,False,False,False
2020-01-27T10:00:00+08:00,187.34,-0.7,0.8,0.0,0.42839999999999995,True,False,1.0,False,False,False
2020-01-27T11:00:00+08:00,203.07,-0.5,1.5,0.0,0.3899,True,False,1.0,False,False,False
2020-01-27T12:00:00+08:00,206.63,-0.7,1.3,0.0,0.41159999999999997,True,False,1.0,False,False,False
2020-01-27T13:00:00+08:00,205.395,-0.9,1.8,0.0,0.22749999999999998,True,False,1.0,False,False,False
2020-01-27T14:00:00+08:00,195.03,-1.0,1.8,0.0,0.14559999999999998,True,False,1.0,False,False,False
2020-01-27T15:00:00+08:00,210.31,-1.7,1.1,0.0,0.09415,True,False,1.0,False,False,False
2020-01-27T16:00:00+08:00,212.68,-1.5,0.8,0.0,0.042699999999999995,True,False,1.0,False,False,False
2020-01-27T17:00:00+08:00,196.32,-1.4,1.4,0.0,0.0231,True,False,1.0,False,False,False
2020-01-27T18:00:00+08:00,189.3,-1.5,2.0,0.0,0.0112,True,False,1.0,False,False,False
2020-01-27T19:00:00+08:00,193.14,-1.5,2.0,0.0,0.006999999999999999,True,False,1.0,False,False,False
2020-01-27T20:00:00+08:00,195.93,-1.4,2.0,0.0,0.006299999999999999,True,False,1.0,False,False,False
2020-01-27T21:00:00+08:00,195.72,-1.3,2.5,0.0,0.0098,True,False,1.0,False,False,False
2020-01-27T22:00:00+08:00,209.27,-1.3,2.2,0.0,0.021699999999999997,True,False,1.0,False,False,False
2020-01-27T23:00:00+08:00,204.29,-1.2,2.6,0.0,0.0441,True,False,1.0,False,False,False
2020-01-28T00:00:00+08:00,204.75,-0.9,2.4,0.0,0.08329999999999999,True,False,1.0,False,False,False
2020-01-28T01:00:00+08:00,208.99,-0.7,3.3,0.03333333333333331,0.1358,True,False,1.0,False,False,False
2020-01-28T02:00:00+08:00,211.93,-0.2,2.3,0.0,0.19390000000000002,True,False,1.0,False,False,False
2020-01-28T03:00:00+08:00,207.51,0.3,2.7,0.0,0.34299999999999997,True,False,1.0,False,False,False
2020-01-28T04:00:00+08:00,214.42,0.8,2.8,0.0,0.4466,True,False,1.0,False,False,False
2020-01-28T05:00:00+08:00,204.26,1.0,2.4,0.0,0.5033,True,False,1.0,False,False,False
2020-01-28T06:00:00+08:00,201.7916667,1.3,1.9,0.0,0.5404,True,False,1.0,False,False,False
2020-01-28T07:00:00+08:00,217.8366667,1.7,1.4,0.0,0.5341,True,False,1.0,False,False,False
2020-01-28T08:00:00+08:00,197.8166667,1.9,1.1,0.0,0.5158999999999999,True,False,1.0,False,False,False
2020-01-28T09:00:00+08:00,201.4933333,1.7,2.6,0.0,0.4941999999999999,True,False,1.0,False,False,False
2020-01-28T10:00:00+08:00,214.1333333,1.2,2.7,0.0,0.4522,True,False,1.0,False,False,False
2020-01-28T11:00:00+08:00,204.08,1.0,3.5,0.05555555555555555,0.41019999999999995,True,False,1.0,False,False,False
2020-01-28T12:00:00+08:00,193.72,0.0,4.3,0.14444444444444443,0.34859999999999997,True,False,1.0,False,False,False
2020-01-28T13:00:00+08:00,195.1433333,-0.1,3.2,0.02222222222222224,0.2135,True,False,1.0,False,False,False
2020-01-28T14:00:00+08:00,201.7866667,-0.3,2.9,0.0,0.17149999999999999,True,False,1.0,False,False,False
2020-01-28T15:00:00+08:00,197.6266667,-0.6,4.0,0.1111111111111111,0.0917,True,False,1.0,False,False,False
2020-01-28T16:00:00+08:00,207.1866667,-0.6,3.4,0.04444444444444443,0.0329,True,False,1.0,False,False,False
2020-01-28T17:00:00+08:00,210.2233333,-0.6,2.9,0.0,0.0238,True,False,1.0,False,False,False
2020-01-28T18:00:00+08:00,196.19,-0.7,2.9,0.0,0.0133,True,False,1.0,False,False,False
2020-01-28T19:00:00+08:00,199.1833333,-0.8,2.9,0.0,0.009099999999999999,True,False,1.0,False,False,False
2020-01-28T20:00:00+08:00,200.51,-0.6,3.3,0.03333333333333331,0.006299999999999999,True,False,1.0,False,False,False
2020-01-28T21:00:00+08:00,208.34,-0.7,3.3,0.03333333333333331,0.009099999999999999,True,False,1.0,False,False,False
2020-01-28T22:00:00+08:00,211.6333333,-0.5,4.1,0.12222222222222218,0.027999999999999997,True,False,1.0,False,False,False
2020-01-28T23:00:00+08:00,201.67,-0.2,4.4,0.15555555555555559,0.0469,True,False,1.0,False,False,False
2020-01-29T00:00:00+08:00,186.95,0.4,5.2,0.24444444444444446,0.077,True,False,1.0,False,False,False
2020-01-29T01:00:00+08:00,186.27,1.0,5.4,0.2666666666666667,0.15189999999999998,True,False,1.0,False,False,False
2020-01-29T02:00:00+08:00,190.78,1.2,5.4,0.2666666666666667,0.2716,True,False,1.0,False,False,False
2020-01-29T03:00:00+08:00,198.28,1.2,4.9,0.21111111111111114,0.30519999999999997,True,False,1.0,False,False,False
2020-01-29T04:00:00+08:00,189.01,1.4,3.2,0.02222222222222224,0.4235,True,False,1.0,False,False,False
2020-01-29T05:00:00+08:00,192.76,0.5,4.0,0.1111111111111111,0.5152,True,False,1.0,False,False,False
2020-01-29T06:00:00+08:00,200.72,0.8,4.5,0.16666666666666666,0.5418,True,False,1.0,False,False,False
2020-01-29T07:00:00+08:00,205.33,1.0,4.5,0.16666666666666666,0.5453,True,False,1.0,False,False,False
2020-01-29T08:00:00+08:00,196.07,1.3,2.7,0.0,0.5704999999999999,True,False,1.0,False,False,False
2020-01-29T09:00:00+08:00,200.89,1.6,2.4,0.0,0.5495,True,False,1.0,False,False,False
2020-01-29T10:00:00+08:00,202.04,1.9,2.8,0.0,0.43889999999999996,True,False,1.0,False,False,False
2020-01-29T11:00:00+08:00,200.45,2.2,2.4,0.0,0.3388,True,False,1.0,False,False,False
2020-01-29T12:00:00+08:00,200.72,2.9,3.0,0.0,0.28769999999999996,True,False,1.0,False,False,False
2020-01-29T13:00:00+08:00,195.88,1.7,3.2,0.02222222222222224,0.21209999999999998,True,False,1.0,False,False,False
2020-01-29T14:00:00+08:00,193.0,0.8,3.6,0.06666666666666668,0.1358,True,False,1.0,False,False,False
2020-01-29T15:00:00+08:00,209.425,0.5,3.4,0.04444444444444443,0.0819,True,False,1.0,False,False,False
2020-01-29T16:00:00+08:00,225.19,0.3,4.0,0.1111111111111111,0.0476,True,False,1.0,False,False,False
2020-01-29T17:00:00+08:00,207.11,-0.1,3.0,0.0,0.025899999999999996,True,False,1.0,False,False,False
2020-01-29T18:00:00+08:00,197.61,-0.4,2.2,0.0,0.007699999999999999,True,False,1.0,False,False,False
2020-01-29T19:00:00+08:00,203.49,-0.3,1.6,0.0,0.006299999999999999,True,False,1.0,False,False,False
2020-01-29T20:00:00+08:00,198.55,-0.6,2.0,0.0,0.006999999999999999,True,False,1.0,False,False,False
2020-01-29T21:00:00+08:00,194.69,-1.1,1.6,0.0,0.0098,True,False,1.0,False,False,False
2020-01-29T22:00:00+08:00,197.41,-1.0,2.2,0.0,0.0203,True,False,1.0,False,False,False
2020-01-29T23:00:00+08:00,196.96,-0.4,2.2,0.0,0.0483,True,False,1.0,False,False,False
2020-01-30T00:00:00+08:00,188.12,0.0,2.4,0.0,0.08679999999999999,True,False,1.0,False,False,False
2020-01-30T01:00:00+08:00,187.65,0.5,2.7,0.0,0.1407,True,False,1.0,False,False,False
2020-01-30T02:00:00+08:00,194.09,1.2,3.0,0.0,0.1925,True,False,1.0,False,False,False
2020-01-30T03:00:00+08:00,202.58,1.7,2.6,0.0,0.3094,True,False,1.0,False,False,False
2020-01-30T04:00:00+08:00,193.58,2.3,1.4,0.0,0.39899999999999997,True,False,1.0,False,False,False
2020-01-30T05:00:00+08:00,190.98,3.3,1.4,0.0,0.4326,True,False,1.0,False,False,False
2020-01-30T06:00:00+08:00,190.74,2.8,1.7,0.0,0.4941999999999999,True,False,1.0,False,False,False
2020-01-30T07:00:00+08:00,203.29,3.6,0.6,0.0,0.5446,True,False,1.0,False,False,False
2020-01-30T08:00:00+08:00,195.565,4.2,1.6,0.0,0.5579,True,False,1.0,False,False,False
2020-01-30T09:00:00+08:00,205.8166667,4.6,1.5,0.0,0.5397,True,False,1.0,False,False,False
2020-01-30T10:00:00+08:00,201.2233333,5.2,1.2,0.0,0.49839999999999995,True,False,1.0,False,False,False
2020-01-30T11:00:00+08:00,203.6366667,5.6,0.5,0.0,0.4564,True,False,1.0,False,False,False
2020-01-30T12:00:00+08:00,196.86,5.6,0.9,0.0,0.371,True,False,1.0,False,False,False
2020-01-30T13:00:00+08:00,199.0033333,3.9,0.9,0.0,0.33319999999999994,True,False,1.0,False,False,False
2020-01-30T14:00:00+08:00,199.6133333,3.0,1.4,0.0,0.26039999999999996,True,False,1.0,False,False,False
2020-01-30T15:00:00+08:00,206.63,2.8,1.4,0.0,0.10009999999999998,True,False,1.0,False,False,False
2020-01-30T16:00:00+08:00,218.8533333,2.3,1.3,0.0,0.0672,True,False,1.0,False,False,False
2020-01-30T17:00:00+08:00,202.5933333,1.8,5.4,0.2666666666666667,0.025899999999999996,True,False,1.0,False,False,False
2020-01-30T18:00:00+08:00,191.39,0.9,4.0,0.1111111111111111,0.010499999999999999,True,False,1.0,False,False,False
2020-01-30T19:00:00+08:00,198.1433333,1.0,6.9,0.43333333333333335,0.006299999999999999,True,False,1.0,False,False,False
2020-01-30T20:00:00+08:00,204.5466667,0.1,5.7,0.30000000000000004,0.006299999999999999,True,False,1.0,False,False,False
2020-01-30T21:00:00+08:00,196.9833333,-0.2,7.6,0.5111111111111111,0.0098,True,False,1.0,False,False,False
2020-01-30T22:00:00+08:00,191.7466667,-0.6,5.8,0.3111111111111111,0.0245,True,False,1.0,False,False,False
2020-01-30T23:00:00+08:00,194.7666667,-0.8,6.8,0.4222222222222222,0.0721,True,False,1.0,False,False,False
2020-01-31T00:00:00+08:00,192.9683333,-0.4,8.3,0.588888888888889,0.1414,True,False,1.0,False,False,False
2020-01-31T01:00:00+08:00,193.74,-0.4,6.2,0.35555555555555557,0.1967,True,False,1.0,False,False,False
2020-01-31T02:00:00+08:00,194.2,-0.3,5.2,0.24444444444444446,0.26249999999999996,True,False,1.0,False,False,False
2020-01-31T03:00:00+08:00,191.32,0.2,4.4,0.15555555555555559,0.33039999999999997,True,False,1.0,False,False,False
2020-01-31T04:00:00+08:00,187.58,1.0,3.0,0.0,0.39969999999999994,True,False,1.0,False,False,False
2020-01-31T05:00:00+08:00,192.28,1.7,1.7,0.0,0.4746,True,False,1.0,False,False,False
2020-01-31T06:00:00+08:00,189.33,2.3,1.4,0.0,0.5432,True,False,1.0,False,False,False
2020-01-31T07:00:00+08:00,210.07,2.7,2.0,0.0,0.5488,True,False,1.0,False,False,False
2020-01-31T08:00:00+08:00,196.58,3.2,1.4,0.0,0.5425,True,False,1.0,False,False,False
2020-01-31T09:00:00+08:00,190.57,2.2,3.8,0.08888888888888886,0.5061,True,False,1.0,False,False,False
2020-01-31T10:00:00+08:00,199.17,1.9,1.9,0.0,0.49139999999999995,True,False,1.0,False,False,False
2020-01-31T11:00:00+08:00,210.85,1.0,3.0,0.0,0.42069999999999996,True,False,1.0,False,False,False
2020-01-31T12:00:00+08:00,204.08,1.0,1.6,0.0,0.3626,True,False,1.0,False,False,False
2020-01-31T13:00:00+08:00,194.5,1.0,3.7,0.07777777777777779,0.2527,True,False,1.0,False,False,False
2020-01-31T14:00:00+08:00,190.46,1.0,1.2,0.0,0.1582,True,False,1.0,False,False,False
2020-01-31T15:00:00+08:00,191.91,1.4,0.0,0.0,0.10219999999999999,True,False,1.0,False,False,False
2020-01-31T16:00:00+08:00,207.22,0.6,2.4,0.0,0.0406,True,False,1.0,False,False,False
2020-01-31T17:00:00+08:00,201.545,0.8,2.4,0.0,0.0168,True,False,1.0,False,False,False
2020-01-31T18:00:00+08:00,204.03,1.1,2.7,0.0,0.006999999999999999,True,False,1.0,False,False,False
2020-01-31T19:00:00+08:00,208.93,1.1,0.5,0.0,0.0042,True,False,1.0,False,False,False
2020-01-31T20:00:00+08:00,197.47,1.1,1.1,0.0,0.0042,True,False,1.0,False,False,False
2020-01-31T21:00:00+08:00,198.12,1.0,7.6,0.5111111111111111,0.0084,True,False,1.0,False,False,False
2020-01-31T22:00:00+08:00,195.97,-0.1,5.1,0.23333333333333328,0.017499999999999998,True,False,1.0,False,False,False
2020-01-31T23:00:00+08:00,195.33,-0.2,8.4,0.6000000000000001,0.036399999999999995,True,False,1.0,False,False,False
2020-02-01T00:00:00+08:00,193.48,-0.2,6.9,0.43333333333333335,0.0791,True,False,1.0,False,False,False
2020-02-01T01:00:00+08:00,188.39,-0.3,8.2,0.5777777777777777,0.12669999999999998,True,False,1.0,False,False,False
2020-02-01T02:00:00+08:00,186.13,-0.6,13.5,1.0,0.2226,True,False,1.0,False,False,False
2020-02-01T03:00:00+08:00,191.38,0.0,9.8,0.7555555555555556,0.2814,True,False,1.0,False,False,False
2020-02-01T04:00:00+08:00,190.75,0.2,10.9,0.8777777777777778,0.3227,True,False,1.0,False,False,False
2020-02-01T05:00:00+08:00,189.78,0.2,19.3,1.0,0.35069999999999996,False,False,1.0,False,False,False
2020-02-01T06:00:00+08:00,188.84,0.9,17.1,1.0,0.35069999999999996,False,False,1.0,False,False,False
2020-02-01T07:00:00+08:00,206.81,1.2,19.2,1.0,0.3885,False,False,1.0,False,False,False
2020-02-01T08:00:00+08:00,212.17,0.5,11.9,0.9888888888888889,0.39619999999999994,True,False,1.0,False,False,False
2020-02-01T09:00:00+08:00,203.43,0.4,9.3,0.7000000000000001,0.3927,True,False,1.0,False,False,False
2020-02-01T10:00:00+08:00,225.3466667,1.4,11.0,0.8888888888888888,0.3696,True,False,1.0,False,False,False
2020-02-01T11:00:00+08:00,217.0533333,0.9,14.4,1.0,0.2961,True,False,1.0,False,False,False
2020-02-01T12:00:00+08:00,207.9233333,0.2,15.0,1.0,0.26949999999999996,False,False,1.0,False,False,False
2020-02-01T13:00:00+08:00,223.4733333,0.0,20.6,1.0,0.1925,False,True,0.5,True,True,False
2020-02-01T14:00:00+08:00,216.8133333,-0.1,16.5,1.0,0.13369999999999999,False,True,0.5,True,True,False
2020-02-01T15:00:00+08:00,197.3533333,0.2,18.8,1.0,0.0882,False,True,0.5,True,False,False
2020-02-01T16:00:00+08:00,197.96,0.3,15.4,1.0,0.0385,False,True,0.5,True,False,False
2020-02-01T17:00:00+08:00,206.8133333,0.0,16.0,1.0,0.0189,False,True,0.5,True,True,False
2020-02-01T18:00:00+08:00,199.9133333,1.0,15.4,1.0,0.0056,False,True,0.5,True,False,False
2020-02-01T19:00:00+08:00,201.22,1.2,15.5,1.0,0.0034999999999999996,False,True,0.5,True,False,False
2020-02-01T20:00:00+08:00,195.16,1.4,15.1,1.0,0.0034999999999999996,False,True,0.5,True,False,False
2020-02-01T21:00:00+08:00,199.0433333,0.9,14.3,1.0,0.006999999999999999,True,True,0.5,True,False,False
2020-02-01T22:00:00+08:00,204.31,0.7,14.2,1.0,0.012599999999999998,True,True,0.5,True,False,False
2020-02-01T23:00:00+08:00,210.2166667,0.6,12.1,1.0,0.0406,True,True,0.5,True,False,False
2020-02-02T00:00:00+08:00,192.0266667,0.0,13.3,1.0,0.06089999999999999,True,True,0.5,True,False,False
2020-02-02T01:00:00+08:00,186.97,0.1,13.8,1.0,0.126,True,True,0.5,True,False,False
2020-02-02T02:00:00+08:00,188.4466667,0.5,13.4,1.0,0.23099999999999998,True,True,0.5,True,False,False
2020-02-02T03:00:00+08:00,185.5066667,0.9,15.8,1.0,0.29329999999999995,False,True,0.5,True,False,False
2020-02-02T04:00:00+08:00,190.85,0.9,15.0,1.0,0.3829,False,True,0.5,True,False,False
2020-02-02T05:00:00+08:00,187.35,0.7,17.0,1.0,0.4305,False,True,0.5,True,False,False
2020-02-02T06:00:00+08:00,190.9,1.3,16.4,1.0,0.4473,False,False,1.0,False,False,False
2020-02-02T07:00:00+08:00,209.18,1.0,15.9,1.0,0.4815999999999999,False,False,1.0,False,False,False
2020-02-02T08:00:00+08:00,210.26,0.2,14.5,1.0,0.4732,True,False,1.0,False,False,False
2020-02-02T09:00:00+08:00,204.86,0.4,14.0,1.0,0.48579999999999995,True,False,1.0,False,False,False
2020-02-02T10:00:00+08:00,204.13,0.3,12.2,1.0,0.4543,True,False,1.0,False,False,False
2020-02-02T11:00:00+08:00,207.44,0.0,10.7,0.8555555555555555,0.3633,True,False,1.0,False,False,False
2020-02-02T12:00:00+08:00,192.12,0.1,8.4,0.6000000000000001,0.2226,True,False,1.0,False,False,False
2020-02-02T13:00:00+08:00,193.58,0.0,8.1,0.5666666666666667,0.19809999999999997,True,False,1.0,False,False,False
2020-02-02T14:00:00+08:00,203.25,0.3,8.6,0.6222222222222222,0.1827,True,False,1.0,False,False,False
2020-02-02T15:00:00+08:00,206.55,0.0,7.5,0.5,0.12669999999999998,True,False,1.0,False,False,False
2020-02-02T16:00:00+08:00,202.55,0.0,7.4,0.48888888888888893,0.06369999999999999,True,False,1.0,False,False,False
2020-02-02T17:00:00+08:00,213.74,-0.2,5.9,0.32222222222222224,0.0168,True,False,1.0,False,False,False
2020-02-02T18:00:00+08:00,194.45,0.0,5.5,0.2777777777777778,0.0084,True,False,1.0,False,False,False
2020-02-02T19:00:00+08:00,195.96,-0.5,5.2,0.24444444444444446,0.0049,True,False,1.0,False,False,False
2020-02-02T20:00:00+08:00,197.605,-1.0,5.6,0.28888888888888886,0.0042,True,False,1.0,False,False,False
2020-02-02T21:00:00+08:00,202.19,-1.2,3.8,0.08888888888888886,0.012599999999999998,True,False,1.0,False,False,False
2020-02-02T22:00:00+08:00,195.51,-1.9,6.1,0.3444444444444444,0.0287,True,False,1.0,False,False,False
2020-02-02T23:00:00+08:00,201.14,-2.2,8.0,0.5555555555555556,0.05109999999999999,True,False,1.0,False,False,False
2020-02-03T00:00:00+08:00,201.04,-2.1,9.9,0.7666666666666667,0.0931,True,False,1.0,False,False,False
2020-02-03T01:00:00+08:00,189.24,-2.5,11.4,0.9333333333333333,0.1393,True,False,1.0,False,False,False
2020-02-03T02:00:00+08:00,190.31,-2.4,10.9,0.8777777777777778,0.1911,True,False,1.0,False,False,False
2020-02-03T03:00:00+08:00,197.25,-2.5,11.1,0.8999999999999999,0.2989,True,False,1.0,False,False,False
2020-02-03T04:00:00+08:00,195.65,-2.0,10.8,0.8666666666666667,0.41509999999999997,True,False,1.0,False,False,False
2020-02-03T05:00:00+08:00,189.28,-2.1,9.1,0.6777777777777777,0.4746,True,False,1.0,False,False,False
2020-02-03T06:00:00+08:00,198.34,-1.6,7.9,0.5444444444444445,0.5166,True,False,1.0,False,False,False
2020-02-03T07:00:00+08:00,213.38,-1.1,7.4,0.48888888888888893,0.5459999999999999,True,False,1.0,False,False,False
2020-02-03T08:00:00+08:00,194.8,-0.3,3.3,0.03333333333333331,0.5438999999999999,True,False,1.0,False,False,False
2020-02-03T09:00:00+08:00,191.76,0.6,2.1,0.0,0.5271,True,False,1.0,False,False,False
2020-02-03T10:00:00+08:00,213.73,1.2,1.6,0.0,0.4906999999999999,True,False,1.0,False,False,False
2020-02-03T11:00:00+08:00,225.46,1.6,1.3,0.0,0.43329999999999996,True,False,1.0,False,False,False
2020-02-03T12:00:00+08:00,232.3283333,2.2,1.2,0.0,0.3626,True,False,1.0,False,False,False
2020-02-03T13:00:00+08:00,211.6033333,2.6,0.7,0.0,0.28629999999999994,True,False,1.0,False,False,False
2020-02-03T14:00:00+08:00,197.5666667,0.7,2.2,0.0,0.20579999999999998,True,False,1.0,False,False,False
2020-02-03T15:00:00+08:00,196.75,-1.8,3.7,0.07777777777777779,0.1316,True,False,1.0,False,False,False
2020-02-03T16:00:00+08:00,211.63,-2.6,4.9,0.21111111111111114,0.0686,True,False,1.0,False,False,False
2020-02-03T17:00:00+08:00,208.8233333,-3.5,5.9,0.32222222222222224,0.025899999999999996,True,False,1.0,False,False,False
2020-02-03T18:00:00+08:00,204.97,-3.7,5.5,0.2777777777777778,0.007699999999999999,True,False,1.0,False,False,False
2020-02-03T19:00:00+08:00,196.2466667,-3.9,7.3,0.47777777777777775,0.0034999999999999996,True,False,1.0,False,False,False
2020-02-03T20:00:00+08:00,202.21,-4.0,7.7,0.5222222222222223,0.0034999999999999996,True,False,1.0,False,False,False
2020-02-03T21:00:00+08:00,207.38,-4.4,8.7,0.6333333333333333,0.007699999999999999,True,False,1.0,False,False,False
2020-02-03T22:00:00+08:00,210.3133333,-4.4,8.2,0.5777777777777777,0.0147,True,False,1.0,False,False,False
2020-02-03T23:00:00+08:00,194.6033333,-3.9,7.8,0.5333333333333333,0.0315,True,False,1.0,False,False,False
2020-02-04T00:00:00+08:00,204.77,-3.5,7.0,0.4444444444444444,0.0483,True,False,1.0,False,False,False
2020-02-04T01:00:00+08:00,201.9733333,-3.3,6.2,0.35555555555555557,0.10569999999999999,True,False,1.0,False,False,False
2020-02-04T02:00:00+08:00,200.92,-2.8,4.9,0.21111111111111114,0.1694,True,False,1.0,False,False,False
2020-02-04T03:00:00+08:00,194.5633333,-2.2,4.0,0.1111111111111111,0.24709999999999996,True,False,1.0,False,False,False
2020-02-04T04:00:00+08:00,197.65,-1.6,4.0,0.1111111111111111,0.3248,True,False,1.0,False,False,False
2020-02-04T05:00:00+08:00,195.2383333,-0.8,3.7,0.07777777777777779,0.42769999999999997,True,False,1.0,False,False,False
2020-02-04T06:00:00+08:00,194.49,-0.2,3.2,0.02222222222222224,0.4571,True,False,1.0,False,False,False
2020-02-04T07:00:00+08:00,212.6,0.0,3.8,0.08888888888888886,0.5194,True,False,1.0,False,False,False
2020-02-04T08:00:00+08:00,200.81,-0.3,4.2,0.13333333333333336,0.5572,True,False,1.0,False,False,False
2020-02-04T09:00:00+08:00,211.64,-0.5,4.6,0.17777777777777773,0.4095,True,False,1.0,False,False,False
2020-02-04T10:00:00+08:00,205.79,-0.9,4.6,0.17777777777777773,0.4522,True,False,1.0,False,False,False
2020-02-04T11:00:00+08:00,211.84,-0.8,3.8,0.08888888888888886,0.43329999999999996,True,False,1.0,False,False,False
2020-02-04T12:00:00+08:00,207.05,-0.8,3.1,0.01111111111111112,0.3164,True,False,1.0,False,False,False
2020-02-04T13:00:00+08:00,207.89,-1.0,2.9,0.0,0.29119999999999996,True,False,1.0,False,False,False
2020-02-04T14:00:00+08:00,206.73,-1.2,2.3,0.0,0.20789999999999997,True,False,1.0,False,False,False
2020-02-04T15:00:00+08:00,202.09,-1.5,1.5,0.0,0.10359999999999998,True,False,1.0,False,False,False
2020-02-04T16:00:00+08:00,201.37,-1.7,2.2,0.0,0.030099999999999995,True,False,1.0,False,False,False
2020-02-04T17:00:00+08:00,220.75,-1.9,2.2,0.0,0.0161,True,False,1.0,False,False,False
2020-02-04T18:00:00+08:00,224.66,-2.4,2.6,0.0,0.006299999999999999,True,False,1.0,False,False,False
2020-02-04T19:00:00+08:00,223.15,-2.4,2.6,0.0,0.0034999999999999996,True,False,1.0,False,False,False
2020-02-04T20:00:00+08:00,197.83,-2.2,3.1,0.01111111111111112,0.0034999999999999996,True,False,1.0,False,False,False
2020-02-04T21:00:00+08:00,193.86,-2.2,2.4,0.0,0.006999999999999999,True,False,1.0,False,False,False
2020-02-04T22:00:00+08:00,192.5,-2.4,4.0,0.1111111111111111,0.015399999999999999,True,False,1.0,False,False,False
2020-02-04T23:00:00+08:00,200.53,-2.4,5.0,0.2222222222222222,0.041299999999999996,True,False,1.0,False,False,False
2020-02-05T00:00:00+08:00,191.02,-2.5,6.0,0.3333333333333333,0.0931,True,False,1.0,False,False,False
2020-02-05T01:00:00+08:00,189.73,-2.7,7.5,0.5,0.11199999999999999,True,False,1.0,False,False,False
2020-02-05T02:00:00+08:00,192.57,-2.9,9.1,0.6777777777777777,0.2261,True,False,1.0,False,False,False
2020-02-05T03:00:00+08:00,196.53,-3.1,8.3,0.588888888888889,0.32899999999999996,True,False,1.0,False,False,False
2020-02-05T04:00:00+08:00,194.16,-2.9,8.7,0.6333333333333333,0.3927,True,False,1.0,False,False,False
2020-02-05T05:00:00+08:00,201.45,-2.5,7.6,0.5111111111111111,0.39969999999999994,True,False,1.0,False,False,False
2020-02-05T06:00:00+08:00,221.67,-1.9,4.8,0.19999999999999998,0.5046999999999999,True,False,1.0,False,False,False
2020-02-05T07:00:00+08:00,214.83,-1.5,3.9,0.09999999999999999,0.5347999999999999,True,False,1.0,False,False,False
2020-02-05T08:00:00+08:00,192.82,-0.9,3.2,0.02222222222222224,0.5341,True,False,1.0,False,False,False
2020-02-05T09:00:00+08:00,195.81,-0.7,2.1,0.0,0.5257,True,False,1.0,False,False,False
2020-02-05T10:00:00+08:00,195.08,-0.2,1.3,0.0,0.5025999999999999,True,False,1.0,False,False,False
2020-02-05T11:00:00+08:00,210.79,0.0,0.9,0.0,0.4662,True,False,1.0,False,False,False
2020-02-05T12:00:00+08:00,202.62,0.2,1.1,0.0,0.3675,True,False,1.0,False,False,False
2020-02-05T13:00:00+08:00,198.32,-0.3,0.5,0.0,0.2653,True,False,1.0,False,False,False
2020-02-05T14:00:00+08:00,198.54,-0.8,0.6,0.0,0.20159999999999997,True,False,1.0,False,False,False
2020-02-05T15:00:00+08:00,199.7166667,-1.3,0.1,0.0,0.12249999999999998,True,False,1.0,False,False,False
2020-02-05T16:00:00+08:00,210.4033333,-1.5,2.3,0.0,0.049699999999999994,True,False,1.0,False,False,False
2020-02-05T17:00:00+08:00,228.08,-2.9,3.0,0.0,0.017499999999999998,True,False,1.0,False,False,False
2020-02-05T18:00:00+08:00,205.5,-3.7,3.9,0.09999999999999999,0.0056,True,False,1.0,False,False,False
2020-02-05T19:00:00+08:00,206.4366667,-4.3,3.2,0.02222222222222224,0.0028,True,False,1.0,False,False,False
2020-02-05T20:00:00+08:00,194.0433333,-5.4,3.1,0.01111111111111112,0.0028,True,False,1.0,False,False,False
2020-02-05T21:00:00+08:00,199.8966667,-5.8,4.5,0.16666666666666666,0.006299999999999999,True,False,1.0,False,False,False
2020-02-05T22:00:00+08:00,204.4266667,-5.7,4.0,0.1111111111111111,0.012599999999999998,True,False,1.0,False,False,False
2020-02-05T23:00:00+08:00,199.2166667,-5.3,3.2,0.02222222222222224,0.0455,True,False,1.0,False,False,False
2020-02-06T00:00:00+08:00,192.4133333,-4.5,4.4,0.15555555555555559,0.10289999999999999,True,False,1.0,False,False,False
2020-02-06T01:00:00+08:00,194.4833333,-4.4,5.4,0.2666666666666667,0.1722,True,False,1.0,False,False,False
2020-02-06T02:00:00+08:00,191.1533333,-4.7,5.6,0.28888888888888886,0.24919999999999998,True,False,1.0,False,False,False
2020-02-06T03:00:00+08:00,191.44,-4.1,5.6,0.28888888888888886,0.3269,True,False,1.0,False,False,False
2020-02-06T04:00:00+08:00,196.75,-3.8,5.8,0.3111111111111111,0.39829999999999993,True,False,1.0,False,False,False
2020-02-06T05:00:00+08:00,193.2633333,-3.3,3.9,0.09999999999999999,0.4571,True,False,1.0,False,False,False
2020-02-06T06:00:00+08:00,208.1233333,-2.7,2.9,0.0,0.49979999999999997,True,False,1.0,False,False,False
2020-02-06T07:00:00+08:00,215.2833333,-2.2,2.6,0.0,0.5228999999999999,True,False,1.0,False,False,False
2020-02-06T08:00:00+08:00,199.87,-1.6,1.4,0.0,0.5277999999999999,True,False,1.0,False,False,False
2020-02-06T09:00:00+08:00,191.44,-1.0,1.3,0.0,0.5103,True,False,1.0,False,False,False
2020-02-06T10:00:00+08:00,219.75,-0.8,1.0,0.0,0.4725,True,False,1.0,False,False,False
2020-02-06T11:00:00+08:00,231.81,-1.1,0.0,0.0,0.41719999999999996,True,False,1.0,False,False,False
2020-02-06T12:00:00+08:00,205.03,-1.3,0.0,0.0,0.3493,True,False,1.0,False,False,False
2020-02-06T13:00:00+08:00,195.83,-1.7,0.8,0.0,0.27299999999999996,True,False,1.0,False,False,False
2020-02-06T14:00:00+08:00,195.98,-2.5,1.3,0.0,0.1925,True,False,1.0,False,False,False
2020-02-06T15:00:00+08:00,209.39,-2.8,1.5,0.0,0.1176,True,False,1.0,False,False,False
2020-02-06T16:00:00+08:00,202.19,-2.8,0.8,0.0,0.055999999999999994,True,False,1.0,False,False,False
2020-02-06T17:00:00+08:00,215.62,-3.3,1.4,0.0,0.017499999999999998,True,False,1.0,False,False,False
2020-02-06T18:00:00+08:00,196.42,-3.9,0.5,0.0,0.0042,True,False,1.0,False,False,False
2020-02-06T19:00:00+08:00,213.61,-3.4,3.2,0.02222222222222224,0.0021,True,False,1.0,False,False,False
2020-02-06T20:00:00+08:00,201.53,-3.4,3.9,0.09999999999999999,0.0021,True,False,1.0,False,False,False
2020-02-06T21:00:00+08:00,189.26,-3.6,4.0,0.1111111111111111,0.0042,True,False,1.0,False,False,False
2020-02-06T22:00:00+08:00,189.14,-3.8,5.0,0.2222222222222222,0.0161,True,False,1.0,False,False,False
2020-02-06T23:00:00+08:00,197.99,-4.0,4.7,0.1888888888888889,0.05109999999999999,True,False,1.0,False,False,False
2020-02-07T00:00:00+08:00,195.87,-3.9,5.6,0.28888888888888886,0.0973,True,False,1.0,False,False,False
2020-02-07T01:00:00+08:00,189.05,-4.1,8.3,0.588888888888889,0.14839999999999998,True,False,1.0,False,False,False
2020-02-07T02:00:00+08:00,186.59,-4.2,8.1,0.5666666666666667,0.2324,True,False,1.0,False,False,False
2020-02-07T03:00:00+08:00,190.31,-4.1,6.9,0.43333333333333335,0.3318,True,False,1.0,False,False,False
2020-02-07T04:00:00+08:00,194.17,-3.9,7.7,0.5222222222222223,0.3934,True,False,1.0,False,False,False
2020-02-07T05:00:00+08:00,195.6,-3.4,6.2,0.35555555555555557,0.45289999999999997,True,False,1.0,False,False,False
2020-02-07T06:00:00+08:00,201.62,-3.1,3.5,0.05555555555555555,0.49279999999999996,True,False,1.0,False,False,False
2020-02-07T07:00:00+08:00,220.12,-2.5,2.6,0.0,0.5054,True,False,1.0,False,False,False
2020-02-07T08:00:00+08:00,194.86,-1.7,1.1,0.0,0.5075,True,False,1.0,False,False,False
2020-02-07T09:00:00+08:00,198.28,-1.6,0.9,0.0,0.4795,True,False,1.0,False,False,False
2020-02-07T10:00:00+08:00,195.9,-1.7,0.6,0.0,0.4662,True,False,1.0,False,False,False
2020-02-07T11:00:00+08:00,210.96,-2.9,1.7,0.0,0.40249999999999997,True,False,1.0,False,False,False
2020-02-07T12:00:00+08:00,202.7,-2.4,1.3,0.0,0.3444,True,False,1.0,False,False,False
2020-02-07T13:00:00+08:00,197.46,-2.3,0.2,0.0,0.2268,True,False,1.0,False,False,False
2020-02-07T14:00:00+08:00,193.43,-2.5,4.3,0.14444444444444443,0.189,True,False,1.0,False,False,False
2020-02-07T15:00:00+08:00,200.99,-2.9,5.8,0.3111111111111111,0.1134,True,False,1.0,False,False,False
2020-02-07T16:00:00+08:00,216.95,-2.9,7.2,0.4666666666666667,0.05179999999999999,True,False,1.0,False,False,False
2020-02-07T17:00:00+08:00,213.935,-3.0,7.9,0.5444444444444445,0.015399999999999999,True,False,1.0,False,False,False
2020-02-07T18:00:00+08:00,210.48,-3.3,7.4,0.48888888888888893,0.0042,True,False,1.0,False,False,False
2020-02-07T19:00:00+08:00,213.26,-3.5,8.6,0.6222222222222222,0.0021,True,False,1.0,False,False,False
2020-02-07T20:00:00+08:00,197.0533333,-3.8,7.8,0.5333333333333333,0.0021,True,False,1.0,False,False,False
2020-02-07T21:00:00+08:00,203.05,-3.9,7.5,0.5,0.0034999999999999996,True,False,1.0,False,False,False
2020-02-07T22:00:00+08:00,197.07,-4.1,7.2,0.4666666666666667,0.009099999999999999,True,False,1.0,False,False,False
2020-02-07T23:00:00+08:00,193.06,-3.8,7.3,0.47777777777777775,0.0245,True,False,1.0,False,False,False
2020-02-08T00:00:00+08:00,194.7,-3.9,4.9,0.21111111111111114,0.06089999999999999,True,False,1.0,False,False,False
2020-02-08T01:00:00+08:00,191.6766667,-3.7,3.6,0.06666666666666668,0.15259999999999999,True,False,1.0,False,False,False
2020-02-08T02:00:00+08:00,190.5533333,-2.9,4.2,0.13333333333333336,0.2352,True,False,1.0,False,False,False
2020-02-08T03:00:00+08:00,190.2733333,-2.5,2.8,0.0,0.315,True,False,1.0,False,False,False
2020-02-08T04:00:00+08:00,190.9366667,-1.7,2.7,0.0,0.3549,True,False,1.0,False,False,False
2020-02-08T05:00:00+08:00,198.38,-1.2,2.8,0.0,0.3591,True,False,1.0,False,False,False
2020-02-08T06:00:00+08:00,203.0066667,-0.2,0.8,0.0,0.40599999999999997,True,False,1.0,False,False,False
2020-02-08T07:00:00+08:00,225.54,0.5,1.1,0.0,0.4746,True,False,1.0,False,False,False
2020-02-08T08:00:00+08:00,212.1166667,0.1,1.9,0.0,0.4850999999999999,True,False,1.0,False,False,False
2020-02-08T09:00:00+08:00,205.7883333,0.1,2.1,0.0,0.4795,True,False,1.0,False,False,False
2020-02-08T10:00:00+08:00,216.68,0.5,2.0,0.0,0.45289999999999997,True,False,1.0,False,False,False
2020-02-08T11:00:00+08:00,224.28,1.0,2.3,0.0,0.40109999999999996,True,False,1.0,False,False,False
2020-02-08T12:00:00+08:00,196.82,1.3,2.1,0.0,0.31779999999999997,True,False,1.0,False,False,False
2020-02-08T13:00:00+08:00,193.57,1.6,1.5,0.0,0.2527,True,False,1.0,False,False,False
2020-02-08T14:00:00+08:00,191.36,1.2,0.9,0.0,0.15259999999999999,True,False,1.0,False,False,False
2020-02-08T15:00:00+08:00,196.57,-1.3,3.4,0.04444444444444443,0.0532,True,False,1.0,False,False,False
2020-02-08T16:00:00+08:00,197.82,-2.6,5.0,0.2222222222222222,0.0385,True,False,1.0,False,False,False
2020-02-08T17:00:00+08:00,219.59,-3.0,5.0,0.2222222222222222,0.009099999999999999,True,False,1.0,False,False,False
2020-02-08T18:00:00+08:00,194.44,-3.1,5.2,0.24444444444444446,0.0034999999999999996,True,False,1.0,False,False,False
2020-02-08T19:00:00+08:00,199.09,-3.1,5.2,0.24444444444444446,0.0014,True,False,1.0,False,False,False
2020-02-08T20:00:00+08:00,203.12,-3.3,5.2,0.24444444444444446,0.0007,True,False,1.0,False,False,False
2020-02-08T21:00:00+08:00,202.51,-3.3,5.7,0.30000000000000004,0.0021,True,False,1.0,False,False,False
2020-02-08T22:00:00+08:00,206.64,-3.3,5.2,0.24444444444444446,0.006999999999999999,True,False,1.0,False,False,False
2020-02-08T23:00:00+08:00,199.61,-3.6,5.6,0.28888888888888886,0.030799999999999998,True,False,1.0,False,False,False
2020-02-09T00:00:00+08:00,193.64,-3.6,5.1,0.23333333333333328,0.09869999999999998,True,False,1.0,False,False,False
2020-02-09T01:00:00+08:00,193.29,-3.2,5.4,0.2666666666666667,0.12669999999999998,True,False,1.0,False,False,False
2020-02-09T02:00:00+08:00,189.87,-2.7,4.8,0.19999999999999998,0.19949999999999998,True,False,1.0,False,False,False
2020-02-09T03:00:00+08:00,199.14,-2.4,4.2,0.13333333333333336,0.26599999999999996,True,False,1.0,False,False,False
2020-02-09T04:00:00+08:00,199.12,-2.1,3.9,0.09999999999999999,0.35069999999999996,True,False,1.0,False,False,False
2020-02-09T05:00:00+08:00,192.56,-2.3,2.4,0.0,0.413,True,False,1.0,False,False,False
2020-02-09T06:00:00+08:00,197.21,-2.7,2.2,0.0,0.4746,True,False,1.0,False,False,False
2020-02-09T07:00:00+08:00,215.89,-2.7,2.6,0.0,0.4920999999999999,True,False,1.0,False,False,False
2020-02-09T08:00:00+08:00,211.06,-2.4,4.5,0.16666666666666666,0.49699999999999994,True,False,1.0,False,False,False
2020-02-09T09:00:00+08:00,204.19,-3.0,6.3,0.36666666666666664,0.4781,True,False,1.0,False,False,False
2020-02-09T10:00:00+08:00,230.37,-3.1,5.9,0.32222222222222224,0.4347,True,False,1.0,False,False,False
2020-02-09T11:00:00+08:00,227.34,-3.2,6.4,0.3777777777777778,0.40109999999999996,True,False,1.0,False,False,False
2020-02-09T12:00:00+08:00,213.29,-3.6,6.5,0.3888888888888889,0.28909999999999997,True,False,1.0,False,False,False
2020-02-09T13:00:00+08:00,205.46,-3.6,6.2,0.35555555555555557,0.16659999999999997,True,False,1.0,False,False,False
2020-02-09T14:00:00+08:00,205.73,-3.2,6.9,0.43333333333333335,0.11549999999999999,True,False,1.0,False,False,False
2020-02-09T15:00:00+08:00,195.6,-3.5,6.1,0.3444444444444444,0.08329999999999999,True,False,1.0,False,False,False
2020-02-09T16:00:00+08:00,216.57,-3.8,4.9,0.21111111111111114,0.0329,True,False,1.0,False,False,False
2020-02-09T17:00:00+08:00,239.89,-5.0,6.2,0.35555555555555557,0.0084,True,False,1.0,False,False,False
2020-02-09T18:00:00+08:00,219.16,-4.8,3.3,0.03333333333333331,0.0021,True,False,1.0,False,False,False
2020-02-09T19:00:00+08:00,198.1633333,-6.8,2.3,0.0,0.0007,True,False,1.0,False,False,False
2020-02-09T20:00:00+08:00,199.25,-5.7,3.1,0.01111111111111112,0.0007,True,False,1.0,False,False,False
2020-02-09T21:00:00+08:00,199.5733333,-5.6,1.7,0.0,0.0021,True,False,1.0,False,False,False
2020-02-09T22:00:00+08:00,202.7633333,-5.9,0.4,0.0,0.007699999999999999,True,False,1.0,False,False,False
2020-02-09T23:00:00+08:00,201.5433333,-4.7,2.0,0.0,0.025199999999999997,True,False,1.0,False,False,False
2020-02-10T00:00:00+08:00,202.8233333,-2.2,6.9,0.43333333333333335,0.0588,True,False,1.0,False,False,False
2020-02-10T01:00:00+08:00,201.9066667,-1.7,7.7,0.5222222222222223,0.10709999999999999,True,False,1.0,False,False,False
2020-02-10T02:00:00+08:00,201.9533333,-1.4,4.3,0.14444444444444443,0.2065,True,False,1.0,False,False,False
2020-02-10T03:00:00+08:00,194.77,-0.9,4.3,0.14444444444444443,0.2737,True,False,1.0,False,False,False
2020-02-10T04:00:00+08:00,195.8166667,-0.4,3.4,0.04444444444444443,0.3654,True,False,1.0,False,False,False
2020-02-10T05:00:00+08:00,193.6333333,0.1,2.2,0.0,0.43539999999999995,True,False,1.0,False,False,False
2020-02-10T06:00:00+08:00,204.7933333,0.2,2.5,0.0,0.4662,True,False,1.0,False,False,False
2020-02-10T07:00:00+08:00,215.46,0.8,2.0,0.0,0.48999999999999994,True,False,1.0,False,False,False
2020-02-10T08:00:00+08:00,195.7766667,1.6,1.1,0.0,0.5236,True,False,1.0,False,False,False
2020-02-10T09:00:00+08:00,200.37,1.5,1.6,0.0,0.49839999999999995,True,False,1.0,False,False,False
2020-02-10T10:00:00+08:00,214.91,0.9,1.8,0.0,0.4536,True,False,1.0,False,False,False
2020-02-10T11:00:00+08:00,240.91,0.3,3.7,0.07777777777777779,0.39130000000000004,True,False,1.0,False,False,False
2020-02-10T12:00:00+08:00,211.8583333,-0.1,4.0,0.1111111111111111,0.3276,True,False,1.0,False,False,False
2020-02-10T13:00:00+08:00,197.69,-0.3,2.7,0.0,0.24709999999999996,True,False,1.0,False,False,False
2020-02-10T14:00:00+08:00,201.41,-0.4,1.3,0.0,0.12179999999999998,True,False,1.0,False,False,False
2020-02-10T15:00:00+08:00,198.81,-0.6,0.5,0.0,0.0707,True,False,1.0,False,False,False
2020-02-10T16:00:00+08:00,206.02,-0.9,1.0,0.0,0.025199999999999997,True,False,1.0,False,False,False
2020-02-10T17:00:00+08:00,209.76,-1.1,1.7,0.0,0.006999999999999999,True,False,1.0,False,False,False
2020-02-10T18:00:00+08:00,207.24,-1.2,0.8,0.0,0.0014,True,False,1.0,False,False,False
2020-02-10T19:00:00+08:00,194.8,-1.3,0.0,0.0,0.0,True,False,1.0,False,False,False
2020-02-10T20:00:00+08:00,194.04,-1.4,1.1,0.0,0.0,True,False,1.0,False,False,False
2020-02-10T21:00:00+08:00,205.38,-1.3,2.0,0.0,0.0014,True,False,1.0,False,False,False
2020-02-10T22:00:00+08:00,202.22,-1.3,3.1,0.01111111111111112,0.0042,True,False,1.0,False,False,False
2020-02-10T23:00:00+08:00,206.25,-1.5,3.2,0.02222222222222224,0.018199999999999997,True,False,1.0,False,False,False
2020-02-11T00:00:00+08:00,205.32,-1.5,3.4,0.04444444444444443,0.0469,True,False,1.0,False,False,False
2020-02-11T01:00:00+08:00,198.42,-1.4,2.1,0.0,0.08539999999999999,True,False,1.0,False,False,False
2020-02-11T02:00:00+08:00,194.93,-1.7,3.1,0.01111111111111112,0.1932,True,False,1.0,False,False,False
2020-02-11T03:00:00+08:00,192.95,-1.3,4.3,0.14444444444444443,0.2905,True,False,1.0,False,False,False
2020-02-11T04:00:00+08:00,192.61,-1.0,3.0,0.0,0.3731,True,False,1.0,False,False,False
2020-02-11T05:00:00+08:00,195.63,-0.4,2.2,0.0,0.4347,True,False,1.0,False,False,False
2020-02-11T06:00:00+08:00,197.77,0.2,1.9,0.0,0.4753,True,False,1.0,False,False,False
2020-02-11T07:00:00+08:00,209.71,0.7,1.0,0.0,0.49979999999999997,True,False,1.0,False,False,False
2020-02-11T08:00:00+08:00,223.95,1.4,0.9,0.0,0.5033,True,False,1.0,False,False,False
2020-02-11T09:00:00+08:00,232.85,1.6,0.8,0.0,0.48439999999999994,True,False,1.0,False,False,False
2020-02-11T10:00:00+08:00,209.93,3.0,1.0,0.0,0.44449999999999995,True,False,1.0,False,False,False
2020-02-11T11:00:00+08:00,197.47,3.6,1.0,0.0,0.39130000000000004,True,False,1.0,False,False,False
2020-02-11T12:00:00+08:00,217.12,-0.3,2.4,0.0,0.3374,True,False,1.0,False,False,False
2020-02-11T13:00:00+08:00,215.03,-1.0,2.5,0.0,0.22469999999999998,True,False,1.0,False,False,False
2020-02-11T14:00:00+08:00,213.09,-1.2,1.8,0.0,0.14839999999999998,True,False,1.0,False,False,False
2020-02-11T15:00:00+08:00,215.33,-2.0,2.3,0.0,0.0749,True,False,1.0,False,False,False
2020-02-11T16:00:00+08:00,214.81,-2.5,2.1,0.0,0.0196,True,False,1.0,False,False,False
2020-02-11T17:00:00+08:00,196.55,-3.2,2.7,0.0,0.006999999999999999,True,False,1.0,False,False,False
2020-02-11T18:00:00+08:00,199.28,-3.5,2.7,0.0,0.0014,True,False,1.0,False,False,False
2020-02-11T19:00:00+08:00,206.43,-3.9,3.0,0.0,0.0,True,False,1.0,False,False,False
2020-02-11T20:00:00+08:00,195.47,-4.2,3.5,0.05555555555555555,0.0,True,False,1.0,False,False,False
2020-02-11T21:00:00+08:00,194.3066667,-4.9,3.6,0.06666666666666668,0.0014,True,False,1.0,False,False,False
2020-02-11T22:00:00+08:00,197.21,-5.2,4.2,0.13333333333333336,0.006999999999999999,True,False,1.0,False,False,False
2020-02-11T23:00:00+08:00,199.6633333,-5.2,4.1,0.12222222222222218,0.037099999999999994,True,False,1.0,False,False,False
2020-02-12T00:00:00+08:00,196.85,-5.6,3.5,0.05555555555555555,0.05039999999999999,True,False,1.0,False,False,False
2020-02-12T01:00:00+08:00,203.1466667,-5.3,3.6,0.06666666666666668,0.0574,True,False,1.0,False,False,False
2020-02-12T02:00:00+08:00,197.1,-5.2,4.3,0.14444444444444443,0.1162,True,False,1.0,False,False,False
2020-02-12T03:00:00+08:00,202.02,-4.7,4.1,0.12222222222222218,0.0931,True,False,1.0,False,False,False
2020-02-12T04:00:00+08:00,200.47,-4.4,3.9,0.09999999999999999,0.10569999999999999,True,False,1.0,False,False,False
2020-02-12T05:00:00+08:00,201.0966667,-4.1,3.9,0.09999999999999999,0.33949999999999997,True,False,1.0,False,False,False
2020-02-12T06:00:00+08:00,196.3233333,-4.3,3.2,0.02222222222222224,0.413,True,False,1.0,False,False,False
2020-02-12T07:00:00+08:00,192.9566667,-3.4,2.0,0.0,0.48229999999999995,True,False,1.0,False,False,False
2020-02-12T08:00:00+08:00,194.5833333,-3.4,3.0,0.0,0.4095,True,False,1.0,False,False,False
2020-02-12T09:00:00+08:00,210.0166667,-3.4,3.4,0.04444444444444443,0.38430000000000003,True,False,1.0,False,False,False
2020-02-12T10:00:00+08:00,191.8133333,-3.6,3.4,0.04444444444444443,0.3738,True,False,1.0,False,False,False
2020-02-12T11:00:00+08:00,193.9866667,-3.3,3.3,0.03333333333333331,0.31079999999999997,True,False,1.0,False,False,False
2020-02-12T12:00:00+08:00,192.87,-3.6,2.5,0.0,0.24149999999999996,True,False,1.0,False,False,False
2020-02-12T13:00:00+08:00,199.1633333,-3.7,2.1,0.0,0.1568,True,False,1.0,False,False,False
2020-02-12T14:00:00+08:00,212.1283333,-3.5,1.4,0.0,0.0938,True,False,1.0,False,False,False
2020-02-12T15:00:00+08:00,251.88,-2.9,1.7,0.0,0.0476,True,False,1.0,False,False,False
2020-02-12T16:00:00+08:00,238.2,-3.0,2.4,0.0,0.017499999999999998,True,False,1.0,False,False,False
2020-02-12T17:00:00+08:00,215.76,-2.9,2.6,0.0,0.0042,True,False,1.0,False,False,False
2020-02-12T18:00:00+08:00,197.61,-3.0,2.1,0.0,0.0007,True,False,1.0,False,False,False
2020-02-12T19:00:00+08:00,198.54,-3.8,2.5,0.0,0.0,True,False,1.0,False,False,False
2020-02-12T20:00:00+08:00,193.95,-4.8,0.0,0.0,0.0,True,False,1.0,False,False,False
2020-02-12T21:00:00+08:00,197.05,-5.4,0.0,0.0,0.0007,True,False,1.0,False,False,False
2020-02-12T22:00:00+08:00,197.79,-5.6,2.5,0.0,0.0034999999999999996,True,False,1.0,False,False,False
2020-02-12T23:00:00+08:00,201.02,-5.3,1.5,0.0,0.013999999999999999,True,False,1.0,False,False,False
2020-02-13T00:00:00+08:00,195.48,-3.6,3.3,0.03333333333333331,0.041999999999999996,True,False,1.0,False,False,False
2020-02-13T01:00:00+08:00,195.26,-3.0,4.0,0.1111111111111111,0.0819,True,False,1.0,False,False,False
2020-02-13T02:00:00+08:00,199.68,-2.7,6.5,0.3888888888888889,0.1393,True,False,1.0,False,False,False
2020-02-13T03:00:00+08:00,204.06,-2.6,13.3,1.0,0.1925,True,False,1.0,False,False,False
2020-02-13T04:00:00+08:00,197.9,-2.8,12.5,1.0,0.25689999999999996,True,False,1.0,False,False,False
2020-02-13T05:00:00+08:00,204.29,-2.2,10.0,0.7777777777777778,0.40739999999999993,True,False,1.0,False,False,False
2020-02-13T06:00:00+08:00,208.39,-1.6,6.4,0.3777777777777778,0.4704,True,False,1.0,False,False,False
2020-02-13T07:00:00+08:00,200.33,-1.4,5.4,0.2666666666666667,0.49279999999999996,True,False,1.0,False,False,False
2020-02-13T08:00:00+08:00,201.77,-1.1,3.3,0.03333333333333331,0.49349999999999994,True,False,1.0,False,False,False
2020-02-13T09:00:00+08:00,198.53,-0.3,2.7,0.0,0.4739,True,False,1.0,False,False,False
2020-02-13T10:00:00+08:00,231.33,0.6,1.5,0.0,0.4347,True,False,1.0,False,False,False
2020-02-13T11:00:00+08:00,228.92,1.8,0.9,0.0,0.3787,True,False,1.0,False,False,False
2020-02-13T12:00:00+08:00,203.43,1.7,1.1,0.0,0.3094,True,False,1.0,False,False,False
2020-02-13T13:00:00+08:00,196.69,-0.7,4.7,0.1888888888888889,0.22749999999999998,True,False,1.0,False,False,False
2020-02-13T14:00:00+08:00,199.15,-1.2,3.8,0.08888888888888886,0.1505,True,False,1.0,False,False,False
2020-02-13T15:00:00+08:00,209.54,-2.4,5.3,0.25555555555555554,0.08329999999999999,True,False,1.0,False,False,False
2020-02-13T16:00:00+08:00,219.33,-2.9,5.6,0.28888888888888886,0.0287,True,False,1.0,False,False,False
2020-02-13T17:00:00+08:00,211.5,-3.0,6.6,0.39999999999999997,0.0049,True,False,1.0,False,False,False
2020-02-13T18:00:00+08:00,201.22,-2.8,6.8,0.4222222222222222,0.0007,True,False,1.0,False,False,False
2020-02-13T19:00:00+08:00,201.18,-2.6,6.3,0.36666666666666664,0.0,True,False,1.0,False,False,False
2020-02-13T20:00:00+08:00,192.29,-2.6,8.0,0.5555555555555556,0.0,True,False,1.0,False,False,False
2020-02-13T21:00:00+08:00,191.95,-2.5,7.1,0.4555555555555555,0.0007,True,False,1.0,False,False,False
2020-02-13T22:00:00+08:00,194.63,-2.4,8.3,0.588888888888889,0.0034999999999999996,True,False,1.0,False,False,False
2020-02-13T23:00:00+08:00,197.96,-2.5,7.4,0.48888888888888893,0.013999999999999999,True,False,1.0,False,False,False
2020-02-14T00:00:00+08:00,196.62,-2.5,8.5,0.6111111111111112,0.06509999999999999,True,False,1.0,False,False,False
2020-02-14T01:00:00+08:00,191.9066667,-2.8,9.7,0.7444444444444444,0.12389999999999998,True,False,1.0,False,False,False
2020-02-14T02:00:00+08:00,194.8833333,-2.9,8.8,0.6444444444444445,0.2261,True,False,1.0,False,False,False
2020-02-14T03:00:00+08:00,196.8833333,-2.8,9.2,0.6888888888888888,0.3024,True,False,1.0,False,False,False
2020-02-14T04:00:00+08:00,200.6133333,-2.7,8.4,0.6000000000000001,0.3563,True,False,1.0,False,False,False
2020-02-14T05:00:00+08:00,206.6033333,-2.9,7.7,0.5222222222222223,0.42,True,False,1.0,False,False,False
2020-02-14T06:00:00+08:00,207.1233333,-2.5,7.5,0.5,0.4718,True,False,1.0,False,False,False
2020-02-14T07:00:00+08:00,203.2133333,-2.2,5.4,0.2666666666666667,0.4634,True,False,1.0,False,False,False
2020-02-14T08:00:00+08:00,204.3566667,-1.5,2.3,0.0,0.48999999999999994,True,False,1.0,False,False,False
2020-02-14T09:00:00+08:00,217.19,-0.8,1.0,0.0,0.469,True,False,1.0,False,False,False
2020-02-14T10:00:00+08:00,226.4166667,-0.6,1.4,0.0,0.4291,True,False,1.0,False,False,False
2020-02-14T11:00:00+08:00,230.1766667,-0.7,1.1,0.0,0.3738,True,False,1.0,False,False,False
2020-02-14T12:00:00+08:00,201.99,-0.8,1.4,0.0,0.30379999999999996,True,False,1.0,False,False,False
2020-02-14T13:00:00+08:00,196.39,-1.3,2.6,0.0,0.2268,True,False,1.0,False,False,False
2020-02-14T14:00:00+08:00,199.08,-1.7,2.5,0.0,0.14909999999999998,True,False,1.0,False,False,False
2020-02-14T15:00:00+08:00,205.8333333,-1.8,1.7,0.0,0.07769999999999999,True,False,1.0,False,False,False
2020-02-14T16:00:00+08:00,203.52,-2.0,2.1,0.0,0.025899999999999996,True,False,1.0,False,False,False
2020-02-14T17:00:00+08:00,206.78,-2.5,2.6,0.0,0.0049,True,False,1.0,False,False,False
2020-02-14T18:00:00+08:00,203.95,-2.5,1.9,0.0,0.0007,True,False,1.0,False,False,False
2020-02-14T19:00:00+08:00,195.02,-2.5,2.1,0.0,0.0,True,False,1.0,False,False,False
2020-02-14T20:00:00+08:00,193.47,-2.6,2.0,0.0,0.0,True,False,1.0,False,False,False
2020-02-14T21:00:00+08:00,191.48,-2.8,2.1,0.0,0.0007,True,False,1.0,False,False,False
2020-02-14T22:00:00+08:00,201.24,-2.9,1.7,0.0,0.0034999999999999996,True,False,1.0,False,False,False
2020-02-14T23:00:00+08:00,197.81,-2.6,2.4,0.0,0.0161,True,False,1.0,False,False,False
2020-02-15T00:00:00+08:00,195.3,-2.4,2.8,0.0,0.0385,True,False,1.0,False,False,False
2020-02-15T01:00:00+08:00,194.4,-2.2,2.8,0.0,0.0735,True,False,1.0,False,False,False
2020-02-15T02:00:00+08:00,189.68,-2.0,3.6,0.06666666666666668,0.12319999999999999,True,False,1.0,False,False,False
2020-02-15T03:00:00+08:00,192.9,-1.7,3.6,0.06666666666666668,0.1827,True,False,1.0,False,False,False
2020-02-15T04:00:00+08:00,195.5,-1.4,5.4,0.2666666666666667,0.24499999999999997,True,False,1.0,False,False,False
2020-02-15T05:00:00+08:00,194.2,-1.3,4.5,0.16666666666666666,0.301,True,False,1.0,False,False,False
2020-02-15T06:00:00+08:00,206.64,-1.0,3.9,0.09999999999999999,0.34719999999999995,True,False,1.0,False,False,False
2020-02-15T07:00:00+08:00,185.76125,-0.9,3.4,0.04444444444444443,0.3731,True,False,1.0,False,False,False
2020-02-15T08:00:00+08:00,195.2429167,-0.6,4.3,0.14444444444444443,0.3759,True,False,1.0,False,False,False
2020-02-15T09:00:00+08:00,203.2033333,-0.6,3.0,0.0,0.3626,True,False,1.0,False,False,False
2020-02-15T10:00:00+08:00,231.8966667,-0.5,4.4,0.15555555555555559,0.3262,True,False,1.0,False,False,False
2020-02-15T11:00:00+08:00,244.7933333,-0.7,6.5,0.3888888888888889,0.3227,True,False,1.0,False,False,False
2020-02-15T12:00:00+08:00,221.8433333,-1.2,5.5,0.2777777777777778,0.2996,True,False,1.0,False,False,False
2020-02-15T13:00:00+08:00,204.0233333,-1.9,7.0,0.4444444444444444,0.2219,True,False,1.0,False,False,False
2020-02-15T14:00:00+08:00,199.2033333,-2.7,7.2,0.4666666666666667,0.1435,True,False,1.0,False,False,False
2020-02-15T15:00:00+08:00,196.1666667,-3.3,6.4,0.3777777777777778,0.07419999999999999,True,False,1.0,False,False,False
2020-02-15T16:00:00+08:00,213.9033333,-3.9,7.4,0.48888888888888893,0.0231,True,False,1.0,False,False,False
2020-02-15T17:00:00+08:00,216.0966667,-4.4,6.8,0.4222222222222222,0.0042,True,False,1.0,False,False,False
2020-02-15T18:00:00+08:00,211.3966667,-4.7,8.5,0.6111111111111112,0.0007,True,False,1.0,False,False,False
2020-02-15T19:00:00+08:00,212.8066667,-4.9,8.5,0.6111111111111112,0.0,True,False,1.0,False,False,False
2020-02-15T20:00:00+08:00,200.2466667,-5.1,8.7,0.6333333333333333,0.0,True,False,1.0,False,False,False
2020-02-15T21:00:00+08:00,194.3933333,-5.0,9.1,0.6777777777777777,0.0007,True,False,1.0,False,False,False
2020-02-15T22:00:00+08:00,194.9,-5.1,9.6,0.7333333333333333,0.0034999999999999996,True,False,1.0,False,False,False
2020-02-15T23:00:00+08:00,197.55,-5.4,10.1,0.7888888888888889,0.012599999999999998,True,False,1.0,False,False,False
2020-02-16T00:00:00+08:00,200.17,-5.7,10.1,0.7888888888888889,0.0574,True,False,1.0,False,False,False
2020-02-16T01:00:00+08:00,202.65,-5.8,10.6,0.8444444444444444,0.12389999999999998,True,False,1.0,False,False,False
2020-02-16T02:00:00+08:00,192.35,-5.6,8.9,0.6555555555555556,0.19949999999999998,True,False,1.0,False,False,False
2020-02-16T03:00:00+08:00,193.99,-5.5,9.5,0.7222222222222222,0.27649999999999997,True,False,1.0,False,False,False
2020-02-16T04:00:00+08:00,193.84,-5.5,9.1,0.6777777777777777,0.3262,True,False,1.0,False,False,False
2020-02-16T05:00:00+08:00,199.9,-5.0,7.6,0.5111111111111111,0.40809999999999996,True,False,1.0,False,False,False
2020-02-16T06:00:00+08:00,200.49,-4.3,4.2,0.13333333333333336,0.4508,True,False,1.0,False,False,False
2020-02-16T07:00:00+08:00,214.42,-4.0,2.3,0.0,0.4767,True,False,1.0,False,False,False
2020-02-16T08:00:00+08:00,199.35,-3.4,0.9,0.0,0.44239999999999996,True,False,1.0,False,False,False
2020-02-16T09:00:00+08:00,197.41,-3.0,0.5,0.0,0.4571,True,False,1.0,False,False,False
2020-02-16T10:00:00+08:00,209.45,-2.8,0.9,0.0,0.40739999999999993,True,False,1.0,False,False,False
2020-02-16T11:00:00+08:00,216.77,-2.7,1.6,0.0,0.33949999999999997,True,False,1.0,False,False,False
2020-02-16T12:00:00+08:00,200.53,-3.5,2.8,0.0,0.2842,True,False,1.0,False,False,False
2020-02-16T13:00:00+08:00,195.93,-3.8,2.2,0.0,0.19739999999999996,True,False,1.0,False,False,False
2020-02-16T14:00:00+08:00,194.525,-4.3,1.7,0.0,0.11199999999999999,True,False,1.0,False,False,False
2020-02-16T15:00:00+08:00,210.64,-4.9,1.9,0.0,0.0532,True,False,1.0,False,False,False
2020-02-16T16:00:00+08:00,216.02,-5.5,2.6,0.0,0.010499999999999999,True,False,1.0,False,False,False
2020-02-16T17:00:00+08:00,201.48,-5.8,3.0,0.0,0.0021,True,False,1.0,False,False,False
2020-02-16T18:00:00+08:00,202.98,-5.5,5.0,0.2222222222222222,0.0,True,False,1.0,False,False,False
2020-02-16T19:00:00+08:00,198.94,-5.3,6.3,0.36666666666666664,0.0,True,False,1.0,False,False,False
2020-02-16T20:00:00+08:00,203.98,-5.5,8.3,0.588888888888889,0.0,True,False,1.0,False,False,False
2020-02-16T21:00:00+08:00,202.77,-5.7,10.0,0.7777777777777778,0.0,True,False,1.0,False,False,False
2020-02-16T22:00:00+08:00,206.85,-5.7,9.0,0.6666666666666666,0.0021,True,False,1.0,False,False,False
2020-02-16T23:00:00+08:00,205.06,-5.9,9.9,0.7666666666666667,0.0133,True,False,1.0,False,False,False
2020-02-17T00:00:00+08:00,198.12,-5.5,9.5,0.7222222222222222,0.05109999999999999,True,False,1.0,False,False,False
2020-02-17T01:00:00+08:00,199.65,-6.1,11.5,0.9444444444444444,0.0791,True,False,1.0,False,False,False
2020-02-17T02:00:00+08:00,198.04,-5.5,6.9,0.43333333333333335,0.1253,True,False,1.0,False,False,False
2020-02-17T03:00:00+08:00,196.82,-5.8,9.4,0.7111111111111111,0.2331,True,False,1.0,False,False,False
2020-02-17T04:00:00+08:00,197.98,-5.0,7.4,0.48888888888888893,0.3668,True,False,1.0,False,False,False
2020-02-17T05:00:00+08:00,195.25,-4.6,5.7,0.30000000000000004,0.3654,True,False,1.0,False,False,False
2020-02-17T06:00:00+08:00,200.91,-4.0,4.3,0.14444444444444443,0.43679999999999997,True,False,1.0,False,False,False
2020-02-17T07:00:00+08:00,213.6166667,-3.5,3.1,0.01111111111111112,0.4375,True,False,1.0,False,False,False
2020-02-17T08:00:00+08:00,204.04,-2.8,2.9,0.0,0.4802,True,False,1.0,False,False,False
2020-02-17T09:00:00+08:00,224.9033333,-1.9,1.4,0.0,0.4557,True,False,1.0,False,False,False
2020-02-17T10:00:00+08:00,217.61,-1.2,1.1,0.0,0.41089999999999993,True,False,1.0,False,False,False
2020-02-17T11:00:00+08:00,212.6333333,-0.8,1.9,0.0,0.3458,True,False,1.0,False,False,False
2020-02-17T12:00:00+08:00,195.7133333,-1.3,1.9,0.0,0.27299999999999996,True,False,1.0,False,False,False
2020-02-17T13:00:00+08:00,197.1633333,-1.2,2.1,0.0,0.1876,True,False,1.0,False,False,False
2020-02-17T14:00:00+08:00,197.9133333,-1.8,2.0,0.0,0.1183,True,False,1.0,False,False,False
2020-02-17T15:00:00+08:00,201.5633333,-4.1,3.5,0.05555555555555555,0.0798,True,False,1.0,False,False,False
2020-02-17T16:00:00+08:00,211.1733333,-4.7,5.8,0.3111111111111111,0.017499999999999998,True,False,1.0,False,False,False
2020-02-17T17:00:00+08:00,207.96,-5.1,9.0,0.6666666666666666,0.0021,True,False,1.0,False,False,False
2020-02-17T18:00:00+08:00,199.96,-5.5,9.5,0.7222222222222222,0.0,True,False,1.0,False,False,False
2020-02-17T19:00:00+08:00,201.6366667,-5.4,9.4,0.7111111111111111,0.0,True,False,1.0,False,False,False
2020-02-17T20:00:00+08:00,195.64,-5.7,9.8,0.7555555555555556,0.0,True,False,1.0,False,False,False
2020-02-17T21:00:00+08:00,195.21,-5.9,9.8,0.7555555555555556,0.0,True,False,1.0,False,False,False
2020-02-17T22:00:00+08:00,200.9533333,-5.8,9.7,0.7444444444444444,0.0014,True,False,1.0,False,False,False
2020-02-17T23:00:00+08:00,197.4766667,-5.7,8.9,0.6555555555555556,0.009099999999999999,True,False,1.0,False,False,False
2020-02-18T00:00:00+08:00,190.3983333,-5.4,8.4,0.6000000000000001,0.0245,True,False,1.0,False,False,False
2020-02-18T01:00:00+08:00,190.25,-5.1,10.0,0.7777777777777778,0.06509999999999999,True,False,1.0,False,False,False
2020-02-18T02:00:00+08:00,193.7,-4.3,9.1,0.6777777777777777,0.1533,True,False,1.0,False,False,False
2020-02-18T03:00:00+08:00,190.33,-3.7,9.1,0.6777777777777777,0.2233,True,False,1.0,False,False,False
2020-02-18T04:00:00+08:00,193.78,-2.8,6.3,0.36666666666666664,0.3206,True,False,1.0,False,False,False
2020-02-18T05:00:00+08:00,199.65,-2.0,5.0,0.2222222222222222,0.3689,True,False,1.0,False,False,False
2020-02-18T06:00:00+08:00,200.49,-1.2,3.6,0.06666666666666668,0.40109999999999996,True,False,1.0,False,False,False
2020-02-18T07:00:00+08:00,210.62,-0.3,3.7,0.07777777777777779,0.42629999999999996,True,False,1.0,False,False,False
2020-02-18T08:00:00+08:00,202.63,0.0,2.4,0.0,0.43119999999999997,True,False,1.0,False,False,False
2020-02-18T09:00:00+08:00,211.58,1.5,0.4,0.0,0.4326,True,False,1.0,False,False,False
2020-02-18T10:00:00+08:00,205.04,2.6,0.9,0.0,0.40879999999999994,True,False,1.0,False,False,False
2020-02-18T11:00:00+08:00,209.72,2.8,0.4,0.0,0.28629999999999994,True,False,1.0,False,False,False
2020-02-18T12:00:00+08:00,193.58,3.3,0.4,0.0,0.24499999999999997,True,False,1.0,False,False,False
2020-02-18T13:00:00+08:00,192.23,3.1,1.4,0.0,0.19739999999999996,True,False,1.0,False,False,False
2020-02-18T14:00:00+08:00,200.39,-0.3,5.1,0.23333333333333328,0.105,True,False,1.0,False,False,False
2020-02-18T15:00:00+08:00,203.64,-1.8,4.6,0.17777777777777773,0.0469,True,False,1.0,False,False,False
2020-02-18T16:00:00+08:00,203.85,-2.3,5.8,0.3111111111111111,0.009099999999999999,True,False,1.0,False,False,False
2020-02-18T17:00:00+08:00,216.66,-2.6,7.4,0.48888888888888893,0.0014,True,False,1.0,False,False,False
2020-02-18T18:00:00+08:00,211.96,-2.8,6.2,0.35555555555555557,0.0,True,False,1.0,False,False,False
2020-02-18T19:00:00+08:00,200.39,-3.0,10.2,0.7999999999999999,0.0,True,False,1.0,False,False,False
2020-02-18T20:00:00+08:00,198.14,-3.0,9.0,0.6666666666666666,0.0,True,False,1.0,False,False,False
2020-02-18T21:00:00+08:00,198.58,-3.2,5.8,0.3111111111111111,0.0,True,False,1.0,False,False,False
2020-02-18T22:00:00+08:00,216.49,-2.4,7.6,0.5111111111111111,0.0014,True,False,1.0,False,False,False
2020-02-18T23:00:00+08:00,217.04,-1.6,6.3,0.36666666666666664,0.0084,True,False,1.0,False,False,False
2020-02-19T00:00:00+08:00,198.94,-1.0,5.8,0.3111111111111111,0.027999999999999997,True,False,1.0,False,False,False
2020-02-19T01:00:00+08:00,196.86,-0.5,5.8,0.3111111111111111,0.06369999999999999,True,False,1.0,False,False,False
2020-02-19T02:00:00+08:00,193.17,-0.7,5.7,0.30000000000000004,0.1323,True,False,1.0,False,False,False
2020-02-19T03:00:00+08:00,198.74,-0.7,4.7,0.1888888888888889,0.1883,True,False,1.0,False,False,False
2020-02-19T04:00:00+08:00,192.25,0.6,7.3,0.47777777777777775,0.26389999999999997,True,False,1.0,False,False,False
2020-02-19T05:00:00+08:00,192.6,1.6,7.3,0.47777777777777775,0.3269,True,False,1.0,False,False,False
2020-02-19T06:00:00+08:00,203.43,0.8,6.8,0.4222222222222222,0.3493,True,False,1.0,False,False,False
2020-02-19T07:00:00+08:00,213.68,0.7,6.9,0.43333333333333335,0.40739999999999993,True,False,1.0,False,False,False
2020-02-19T08:00:00+08:00,203.79,0.0,6.9,0.43333333333333335,0.42279999999999995,True,False,1.0,False,False,False
2020-02-19T09:00:00+08:00,194.82,1.2,8.1,0.5666666666666667,0.35419999999999996,True,False,1.0,False,False,False
2020-02-19T10:00:00+08:00,195.6883333,1.6,7.3,0.47777777777777775,0.2653,True,False,1.0,False,False,False
2020-02-19T11:00:00+08:00,216.0866667,2.3,5.5,0.2777777777777778,0.2842,True,False,1.0,False,False,False
2020-02-19T12:00:00+08:00,199.2233333,2.6,5.8,0.3111111111111111,0.2128,True,False,1.0,False,False,False
2020-02-19T13:00:00+08:00,194.3866667,1.8,9.5,0.7222222222222222,0.1575,True,False,1.0,False,False,False
2020-02-19T14:00:00+08:00,201.82,2.1,6.8,0.4222222222222222,0.0567,True,False,1.0,False,False,False
2020-02-19T15:00:00+08:00,200.0133333,2.2,8.5,0.6111111111111112,0.030099999999999995,True,False,1.0,False,False,False
2020-02-19T16:00:00+08:00,207.2533333,1.1,8.5,0.6111111111111112,0.006299999999999999,True,False,1.0,False,False,False
2020-02-19T17:00:00+08:00,217.1466667,1.1,9.6,0.7333333333333333,0.0007,True,False,1.0,False,False,False
2020-02-19T18:00:00+08:00,198.55,1.2,8.4,0.6000000000000001,0.0,True,False,1.0,False,False,False
2020-02-19T19:00:00+08:00,200.3233333,1.5,9.0,0.6666666666666666,0.0,True,False,1.0,False,False,False
2020-02-19T20:00:00+08:00,201.9466667,1.4,9.7,0.7444444444444444,0.0,True,False,1.0,False,False,False
2020-02-19T21:00:00+08:00,200.3166667,1.6,6.4,0.3777777777777778,0.0,True,False,1.0,False,False,False
2020-02-19T22:00:00+08:00,203.13,1.4,5.4,0.2666666666666667,0.0007,True,False,1.0,False,False,False
2020-02-19T23:00:00+08:00,195.9633333,1.6,8.8,0.6444444444444445,0.007699999999999999,True,False,1.0,False,False,False
2020-02-20T00:00:00+08:00,196.05,0.3,13.4,1.0,0.041999999999999996,True,False,1.0,False,False,False
2020-02-20T01:00:00+08:00,199.4933333,0.1,11.4,0.9333333333333333,0.0784,True,False,1.0,False,False,False
2020-02-20T02:00:00+08:00,197.6333333,0.7,12.6,1.0,0.1169,True,False,1.0,False,False,False
2020-02-20T03:00:00+08:00,194.45,1.3,13.6,1.0,0.24219999999999997,True,False,1.0,False,False,False
2020-02-20T04:00:00+08:00,201.54,0.9,13.3,1.0,0.3059,True,False,1.0,False,False,False
2020-02-20T05:00:00+08:00,202.31,1.5,11.1,0.8999999999999999,0.3717,True,False,1.0,False,False,False
2020-02-20T06:00:00+08:00,205.84,1.2,9.1,0.6777777777777777,0.41719999999999996,True,False,1.0,False,False,False
2020-02-20T07:00:00+08:00,203.95,2.1,9.7,0.7444444444444444,0.3535,True,False,1.0,False,False,False
2020-02-20T08:00:00+08:00,206.69,2.7,10.2,0.7999999999999999,0.3696,True,False,1.0,False,False,False
2020-02-20T09:00:00+08:00,210.07,3.2,11.0,0.8888888888888888,0.3934,True,False,1.0,False,False,False
2020-02-20T10:00:00+08:00,205.64,2.8,8.4,0.6000000000000001,0.3815,True,False,1.0,False,False,False
2020-02-20T11:00:00+08:00,221.24,3.1,7.4,0.48888888888888893,0.33599999999999997,True,False,1.0,False,False,False
2020-02-20T12:00:00+08:00,211.45,3.1,8.5,0.6111111111111112,0.2303,True,False,1.0,False,False,False
2020-02-20T13:00:00+08:00,210.36,2.5,11.3,0.9222222222222223,0.1911,True,False,1.0,False,False,False
2020-02-20T14:00:00+08:00,205.25,0.9,8.3,0.588888888888889,0.1141,True,False,1.0,False,False,False
2020-02-20T15:00:00+08:00,198.94,0.6,12.1,1.0,0.0462,True,False,1.0,False,False,False
2020-02-20T16:00:00+08:00,214.68,0.1,11.9,0.9888888888888889,0.009099999999999999,True,False,1.0,False,False,False
2020-02-20T17:00:00+08:00,221.47,-0.3,10.2,0.7999999999999999,0.0007,True,False,1.0,False,False,False
2020-02-20T18:00:00+08:00,201.23,-0.8,11.4,0.9333333333333333,0.0,True,False,1.0,False,False,False
2020-02-20T19:00:00+08:00,204.36,-0.9,11.5,0.9444444444444444,0.0,True,False,1.0,False,False,False
2020-02-20T20:00:00+08:00,204.57,-1.1,10.4,0.8222222222222223,0.0,True,False,1.0,False,False,False
2020-02-20T21:00:00+08:00,206.63,-1.2,9.6,0.7333333333333333,0.0,True,False,1.0,False,False,False
2020-02-20T22:00:00+08:00,207.26,-1.7,11.4,0.9333333333333333,0.0007,True,False,1.0,False,False,False
2020-02-20T23:00:00+08:00,201.58,-1.8,11.1,0.8999999999999999,0.006299999999999999,True,False,1.0,False,False,False
2020-02-21T00:00:00+08:00,196.13,-2.1,7.3,0.47777777777777775,0.042699999999999995,True,False,1.0,False,False,False
2020-02-21T01:00:00+08:00,197.41,-1.9,10.4,0.8222222222222223,0.0812,True,False,1.0,False,False,False
2020-02-21T02:00:00+08:00,202.69,-2.2,11.8,0.9777777777777779,0.119,True,False,1.0,False,False,False
2020-02-21T03:00:00+08:00,201.89,-1.9,11.4,0.9333333333333333,0.2198,True,False,1.0,False,False,False
2020-02-21T04:00:00+08:00,202.3,-1.7,9.9,0.7666666666666667,0.322,True,False,1.0,False,False,False
2020-02-21T05:00:00+08:00,197.3,-1.5,10.9,0.8777777777777778,0.3717,True,False,1.0,False,False,False
2020-02-21T06:00:00+08:00,204.04,-1.2,9.4,0.7111111111111111,0.4003999999999999,True,False,1.0,False,False,False
2020-02-21T07:00:00+08:00,219.12,-0.6,6.0,0.3333333333333333,0.44239999999999996,True,False,1.0,False,False,False
2020-02-21T08:00:00+08:00,210.53,0.0,4.2,0.13333333333333336,0.4375,True,False,1.0,False,False,False
2020-02-21T09:00:00+08:00,205.65,0.5,3.5,0.05555555555555555,0.392,True,False,1.0,False,False,False
2020-02-21T10:00:00+08:00,215.81,1.1,2.6,0.0,0.3794,True,False,1.0,False,False,False
2020-02-21T11:00:00+08:00,215.82,1.5,2.6,0.0,0.3206,True,False,1.0,False,False,False
2020-02-21T12:00:00+08:00,205.115,1.4,3.0,0.0,0.259,True,False,1.0,False,False,False
2020-02-21T13:00:00+08:00,202.5966667,0.2,4.1,0.12222222222222218,0.1799,True,False,1.0,False,False,False
2020-02-21T14:00:00+08:00,208.1166667,-1.0,5.7,0.30000000000000004,0.1064,True,False,1.0,False,False,False
2020-02-21T15:00:00+08:00,208.7733333,-2.3,8.1,0.5666666666666667,0.0476,True,False,1.0,False,False,False
2020-02-21T16:00:00+08:00,209.2466667,-2.9,10.1,0.7888888888888889,0.0112,True,False,1.0,False,False,False
2020-02-21T17:00:00+08:00,210.5233333,-3.5,10.0,0.7777777777777778,0.0007,True,False,1.0,False,False,False
2020-02-21T18:00:00+08:00,216.14,-4.0,12.4,1.0,0.0,True,False,1.0,False,False,False
2020-02-21T19:00:00+08:00,215.8533333,-4.0,11.9,0.9888888888888889,0.0,True,False,1.0,False,False,False
2020-02-21T20:00:00+08:00,202.8166667,-4.8,13.5,1.0,0.0,True,False,1.0,False,False,False
2020-02-21T21:00:00+08:00,201.4133333,-4.9,12.8,1.0,0.0,True,False,1.0,False,False,False
2020-02-21T22:00:00+08:00,205.0033333,-4.8,13.0,1.0,0.0,True,False,1.0,False,False,False
2020-02-21T23:00:00+08:00,203.39,-5.4,12.9,1.0,0.0056,True,False,1.0,False,False,False
2020-02-22T00:00:00+08:00,202.43,-5.3,12.3,1.0,0.030099999999999995,True,False,1.0,False,False,False
2020-02-22T01:00:00+08:00,199.5233333,-5.1,11.7,0.9666666666666666,0.09029999999999999,True,False,1.0,False,False,False
2020-02-22T02:00:00+08:00,199.21,-5.1,10.3,0.8111111111111112,0.1624,True,False,1.0,False,False,False
2020-02-22T03:00:00+08:00,203.3866667,-4.8,11.4,0.9333333333333333,0.2387,True,False,1.0,False,False,False
2020-02-22T04:00:00+08:00,211.1566667,-3.9,9.2,0.6888888888888888,0.308,True,False,1.0,False,False,False
2020-02-22T05:00:00+08:00,205.88,-3.5,6.0,0.3333333333333333,0.36819999999999997,True,False,1.0,False,False,False
2020-02-22T06:00:00+08:00,207.81,-2.8,6.4,0.3777777777777778,0.41159999999999997,True,False,1.0,False,False,False
2020-02-22T07:00:00+08:00,207.59,-2.2,2.3,0.0,0.434,True,False,1.0,False,False,False
2020-02-22T08:00:00+08:00,211.37,-1.4,1.3,0.0,0.43539999999999995,True,False,1.0,False,False,False
2020-02-22T09:00:00+08:00,210.85,-0.2,0.9,0.0,0.41789999999999994,True,False,1.0,False,False,False
2020-02-22T10:00:00+08:00,213.41,0.6,0.7,0.0,0.378,True,False,1.0,False,False,False
2020-02-22T11:00:00+08:00,216.94,1.2,0.4,0.0,0.3213,True,False,1.0,False,False,False
2020-02-22T12:00:00+08:00,208.59,0.9,1.0,0.0,0.25339999999999996,True,False,1.0,False,False,False
2020-02-22T13:00:00+08:00,202.78,-0.8,3.7,0.07777777777777779,0.1785,True,False,1.0,False,False,False
2020-02-22T14:00:00+08:00,207.67,-2.8,6.7,0.41111111111111115,0.10219999999999999,True,False,1.0,False,False,False
2020-02-22T15:00:00+08:00,208.92,-4.0,7.7,0.5222222222222223,0.0385,True,False,1.0,False,False,False
2020-02-22T16:00:00+08:00,214.55,-4.4,9.5,0.7222222222222222,0.006299999999999999,True,False,1.0,False,False,False
2020-02-22T17:00:00+08:00,233.14,-5.1,12.5,1.0,0.0,True,False,1.0,False,False,False
2020-02-22T18:00:00+08:00,208.13,-5.4,13.6,1.0,0.0,True,False,1.0,False,False,False
2020-02-22T19:00:00+08:00,206.4,-5.9,14.8,1.0,0.0,True,False,1.0,False,False,False
2020-02-22T20:00:00+08:00,205.78,-6.2,13.3,1.0,0.0,True,False,1.0,False,False,False
2020-02-22T21:00:00+08:00,209.215,-6.3,13.0,1.0,0.0,True,False,1.0,False,False,False
2020-02-22T22:00:00+08:00,203.22,-6.2,11.8,0.9777777777777779,0.0007,True,False,1.0,False,False,False
2020-02-22T23:00:00+08:00,205.57,-6.7,13.0,1.0,0.0049,True,False,1.0,False,False,False
2020-02-23T00:00:00+08:00,205.66,-6.7,12.1,1.0,0.027999999999999997,True,False,1.0,False,False,False
2020-02-23T01:00:00+08:00,203.78,-6.9,12.1,1.0,0.08539999999999999,True,False,1.0,False,False,False
2020-02-23T02:00:00+08:00,199.16,-6.9,11.9,0.9888888888888889,0.15539999999999998,True,False,1.0,False,False,False
2020-02-23T03:00:00+08:00,203.52,-6.8,12.7,1.0,0.23099999999999998,True,False,1.0,False,False,False
2020-02-23T04:00:00+08:00,205.85,-6.3,10.5,0.8333333333333334,0.30169999999999997,True,False,1.0,False,False,False
2020-02-23T05:00:00+08:00,214.01,-5.4,9.5,0.7222222222222222,0.3619,True,False,1.0,False,False,False
2020-02-23T06:00:00+08:00,210.9,-4.9,8.8,0.6444444444444445,0.40529999999999994,True,False,1.0,False,False,False
2020-02-23T07:00:00+08:00,225.4,-4.0,3.5,0.05555555555555555,0.42979999999999996,True,False,1.0,False,False,False
2020-02-23T08:00:00+08:00,208.7,-3.5,3.3,0.03333333333333331,0.4326,True,False,1.0,False,False,False
2020-02-23T09:00:00+08:00,205.17,-3.0,2.1,0.0,0.41439999999999994,True,False,1.0,False,False,False
2020-02-23T10:00:00+08:00,219.22,-1.5,0.4,0.0,0.3745,True,False,1.0,False,False,False
2020-02-23T11:00:00+08:00,226.47,-1.8,0.6,0.0,0.3171,True,False,1.0,False,False,False
2020-02-23T12:00:00+08:00,214.65,-1.8,0.4,0.0,0.24709999999999996,True,False,1.0,False,False,False
2020-02-23T13:00:00+08:00,201.58,-3.4,1.5,0.0,0.17079999999999998,True,False,1.0,False,False,False
2020-02-23T14:00:00+08:00,200.3866667,-3.9,0.8,0.0,0.0966,True,False,1.0,False,False,False
2020-02-23T15:00:00+08:00,202.8766667,-5.5,2.0,0.0,0.034999999999999996,True,False,1.0,False,False,False
2020-02-23T16:00:00+08:00,208.43,-6.4,1.9,0.0,0.0049,True,False,1.0,False,False,False
2020-02-23T17:00:00+08:00,211.13,-6.6,3.2,0.02222222222222224,0.0007,True,False,1.0,False,False,False
2020-02-23T18:00:00+08:00,216.0133333,-6.1,6.6,0.39999999999999997,0.0,True,False,1.0,False,False,False
2020-02-23T19:00:00+08:00,203.6433333,-6.2,7.5,0.5,0.0,True,False,1.0,False,False,False
2020-02-23T20:00:00+08:00,210.29,-6.1,6.2,0.35555555555555557,0.0,True,False,1.0,False,False,False
2020-02-23T21:00:00+08:00,212.4633333,-6.0,7.8,0.5333333333333333,0.0,True,False,1.0,False,False,False
2020-02-23T22:00:00+08:00,209.4733333,-6.2,10.8,0.8666666666666667,0.0,True,False,1.0,False,False,False
2020-02-23T23:00:00+08:00,207.9766667,-6.4,11.2,0.911111111111111,0.0042,True,False,1.0,False,False,False
2020-02-24T00:00:00+08:00,204.72,-6.6,8.6,0.6222222222222222,0.0238,True,False,1.0,False,False,False
2020-02-24T01:00:00+08:00,204.15,-6.7,9.2,0.6888888888888888,0.0812,True,False,1.0,False,False,False
2020-02-24T02:00:00+08:00,202.5666667,-6.4,5.7,0.30000000000000004,0.1512,True,False,1.0,False,False,False
2020-02-24T03:00:00+08:00,197.89,-6.8,6.4,0.3777777777777778,0.2254,True,False,1.0,False,False,False
2020-02-24T04:00:00+08:00,196.6866667,-6.6,5.9,0.32222222222222224,0.2996,True,False,1.0,False,False,False
2020-02-24T05:00:00+08:00,201.7766667,-6.6,6.4,0.3777777777777778,0.3661,True,False,1.0,False,False,False
2020-02-24T06:00:00+08:00,210.7466667,-6.1,5.5,0.2777777777777778,0.3752,True,False,1.0,False,False,False
2020-02-24T07:00:00+08:00,224.445,-5.8,4.9,0.21111111111111114,0.427,True,False,1.0,False,False,False
2020-02-24T08:00:00+08:00,206.0,-5.5,4.7,0.1888888888888889,0.42,True,False,1.0,False,False,False
2020-02-24T09:00:00+08:00,199.93,-5.4,6.0,0.3333333333333333,0.40319999999999995,True,False,1.0,False,False,False
2020-02-24T10:00:00+08:00,209.7,-5.2,4.3,0.14444444444444443,0.364,True,False,1.0,False,False,False
2020-02-24T11:00:00+08:00,220.13,-5.0,4.2,0.13333333333333336,0.3087,True,False,1.0,False,False,False
2020-02-24T12:00:00+08:00,218.34,-5.0,4.4,0.15555555555555559,0.24079999999999996,True,False,1.0,False,False,False
2020-02-24T13:00:00+08:00,206.15,-4.9,4.6,0.17777777777777773,0.16519999999999999,True,False,1.0,False,False,False
2020-02-24T14:00:00+08:00,212.48,-4.9,1.8,0.0,0.091,True,False,1.0,False,False,False
2020-02-24T15:00:00+08:00,215.21,-5.1,2.5,0.0,0.0336,True,False,1.0,False,False,False
2020-02-24T16:00:00+08:00,236.72,-5.1,3.0,0.0,0.0042,True,False,1.0,False,False,False
2020-02-24T17:00:00+08:00,225.09,-5.1,4.4,0.15555555555555559,0.0,True,False,1.0,False,False,False
2020-02-24T18:00:00+08:00,208.61,-5.7,7.6,0.5111111111111111,0.0,True,False,1.0,False,False,False
2020-02-24T19:00:00+08:00,209.62,-6.2,6.2,0.35555555555555557,0.0,True,False,1.0,False,False,False
2020-02-24T20:00:00+08:00,203.58,-7.0,6.2,0.35555555555555557,0.0,True,False,1.0,False,False,False
2020-02-24T21:00:00+08:00,199.14,-7.2,6.5,0.3888888888888889,0.0,True,False,1.0,False,False,False
2020-02-24T22:00:00+08:00,202.94,-7.7,10.8,0.8666666666666667,0.0,True,False,1.0,False,False,False
2020-02-24T23:00:00+08:00,201.45,-7.8,9.4,0.7111111111111111,0.0034999999999999996,True,False,1.0,False,False,False
2020-02-25T00:00:00+08:00,210.725,-8.1,6.6,0.39999999999999997,0.021699999999999997,True,False,1.0,False,False,False
2020-02-25T01:00:00+08:00,212.43,-7.9,5.6,0.28888888888888886,0.07629999999999999,True,False,1.0,False,False,False
2020-02-25T02:00:00+08:00,206.95,-7.6,8.7,0.6333333333333333,0.147,True,False,1.0,False,False,False
2020-02-25T03:00:00+08:00,201.17,-7.3,7.9,0.5444444444444445,0.22119999999999998,True,False,1.0,False,False,False
2020-02-25T04:00:00+08:00,202.57,-6.7,7.6,0.5111111111111111,0.29119999999999996,True,False,1.0,False,False,False
2020-02-25T05:00:00+08:00,202.43,-5.8,5.4,0.2666666666666667,0.3493,True,False,1.0,False,False,False
2020-02-25T06:00:00+08:00,207.68,-5.5,2.9,0.0,0.392,True,False,1.0,False,False,False
2020-02-25T07:00:00+08:00,218.0,-4.8,1.5,0.0,0.41579999999999995,True,False,1.0,False,False,False
2020-02-25T08:00:00+08:00,205.34,-4.2,1.7,0.0,0.4165,True,False,1.0,False,False,False
2020-02-25T09:00:00+08:00,207.59,-4.2,3.2,0.02222222222222224,0.39899999999999997,True,False,1.0,False,False,False
2020-02-25T10:00:00+08:00,223.82,-4.1,3.2,0.02222222222222224,0.3598,True,False,1.0,False,False,False
2020-02-25T11:00:00+08:00,229.49,-4.9,3.3,0.03333333333333331,0.29784999999999995,True,False,1.0,False,False,False
2020-02-25T12:00:00+08:00,217.02,-5.1,3.6,0.06666666666666668,0.2359,True,False,1.0,False,False,False
2020-02-25T13:00:00+08:00,212.47,-3.8,3.6,0.06666666666666668,0.16205,True,False,1.0,False,False,False
2020-02-25T14:00:00+08:00,213.07,-5.2,3.0,0.0,0.0882,True,False,1.0,False,False,False
2020-02-25T15:00:00+08:00,202.85,-6.1,3.0,0.0,0.025899999999999996,True,False,1.0,False,False,False
2020-02-25T16:00:00+08:00,209.81,-6.8,1.4,0.0,0.0034999999999999996,True,False,1.0,False,False,False
2020-02-25T17:00:00+08:00,229.9666667,-7.0,0.7,0.0,0.0,True,False,1.0,False,False,False
2020-02-25T18:00:00+08:00,215.62,-7.7,1.7,0.0,0.0,True,False,1.0,False,False,False
2020-02-25T19:00:00+08:00,209.4433333,-7.8,2.4,0.0,0.0,True,False,1.0,False,False,False
2020-02-25T20:00:00+08:00,219.3933333,-7.8,3.5,0.05555555555555555,0.0,True,False,1.0,False,False,False
2020-02-25T21:00:00+08:00,214.1466667,-7.8,4.4,0.15555555555555559,0.0,True,False,1.0,False,False,False
2020-02-25T22:00:00+08:00,219.1833333,-7.3,4.0,0.1111111111111111,0.0,True,False,1.0,False,False,False
2020-02-25T23:00:00+08:00,207.15,-6.9,4.3,0.14444444444444443,0.0021,True,False,1.0,False,False,False
2020-02-26T00:00:00+08:00,201.7366667,-7.0,6.1,0.3444444444444444,0.015399999999999999,True,False,1.0,False,False,False
2020-02-26T01:00:00+08:00,204.4966667,-7.4,6.7,0.41111111111111115,0.06369999999999999,True,False,1.0,False,False,False
2020-02-26T02:00:00+08:00,203.5233333,-6.8,5.0,0.2222222222222222,0.1407,True,False,1.0,False,False,False
2020-02-26T03:00:00+08:00,202.15,-6.4,3.1,0.01111111111111112,0.20719999999999997,True,False,1.0,False,False,False
2020-02-26T04:00:00+08:00,202.1366667,-5.8,2.3,0.0,0.2835,True,False,1.0,False,False,False
2020-02-26T05:00:00+08:00,205.7133333,-5.4,2.0,0.0,0.34299999999999997,True,False,1.0,False,False,False
2020-02-26T06:00:00+08:00,208.5266667,-4.8,2.0,0.0,0.385,True,False,1.0,False,False,False
2020-02-26T07:00:00+08:00,233.0166667,-4.4,0.9,0.0,0.40879999999999994,True,False,1.0,False,False,False
2020-02-26T08:00:00+08:00,209.2466667,-4.4,1.1,0.0,0.41159999999999997,True,False,1.0,False,False,False
2020-02-26T09:00:00+08:00,204.98,-4.7,2.9,0.0,0.37834999999999996,True,False,1.0,False,False,False
2020-02-26T10:00:00+08:00,227.39,-4.6,3.0,0.0,0.34509999999999996,True,False,1.0,False,False,False
2020-02-26T11:00:00+08:00,243.71,-5.0,3.8,0.08888888888888886,0.2996,True,False,1.0,False,False,False
2020-02-26T12:00:00+08:00,227.88,-5.6,3.6,0.06666666666666668,0.2289,True,False,1.0,False,False,False
2020-02-26T13:00:00+08:00,200.99,-6.6,4.3,0.14444444444444443,0.154,True,False,1.0,False,False,False
2020-02-26T14:00:00+08:00,206.03,-7.3,4.1,0.12222222222222218,0.0812,True,False,1.0,False,False,False
2020-02-26T15:00:00+08:00,213.87,-9.1,5.1,0.23333333333333328,0.0238,True,False,1.0,False,False,False
2020-02-26T16:00:00+08:00,228.38,-9.8,4.3,0.14444444444444443,0.0028,True,False,1.0,False,False,False
2020-02-26T17:00:00+08:00,233.76,-10.3,2.7,0.0,0.0,True,False,1.0,False,False,False
2020-02-26T18:00:00+08:00,211.24,-10.5,2.5,0.0,0.0,True,False,1.0,False,False,False
2020-02-26T19:00:00+08:00,213.29,-10.3,2.6,0.0,0.0,True,False,1.0,False,False,False
2020-02-26T20:00:00+08:00,212.16,-9.1,6.2,0.35555555555555557,0.0,True,False,1.0,False,False,False
2020-02-26T21:00:00+08:00,208.39,-9.1,7.0,0.4444444444444444,0.0,True,False,1.0,False,False,False
2020-02-26T22:00:00+08:00,209.26,-9.3,5.7,0.30000000000000004,0.0,True,False,1.0,False,False,False
2020-02-26T23:00:00+08:00,203.82,-9.2,6.5,0.3888888888888889,0.0021,True,False,1.0,False,False,False
2020-02-27T00:00:00+08:00,215.12,-8.9,6.2,0.35555555555555557,0.0161,True,False,1.0,False,False,False
2020-02-27T01:00:00+08:00,216.8,-8.7,4.6,0.17777777777777773,0.0679,True,False,1.0,False,False,False
2020-02-27T02:00:00+08:00,208.41,-8.0,5.7,0.30000000000000004,0.13649999999999998,True,False,1.0,False,False,False
2020-02-27T03:00:00+08:00,218.3,-7.8,4.0,0.1111111111111111,0.21069999999999997,True,False,1.0,False,False,False
2020-02-27T04:00:00+08:00,211.44,-7.1,5.7,0.30000000000000004,0.2814,True,False,1.0,False,False,False
2020-02-27T05:00:00+08:00,206.82,-6.4,2.8,0.0,0.3409,True,False,1.0,False,False,False
2020-02-27T06:00:00+08:00,219.36,-5.5,2.0,0.0,0.3829,True,False,1.0,False,False,False
2020-02-27T07:00:00+08:00,247.16,-4.4,1.1,0.0,0.40599999999999997,True,False,1.0,False,False,False
2020-02-27T08:00:00+08:00,218.75,-3.9,1.0,0.0,0.4095,True,False,1.0,False,False,False
2020-02-27T09:00:00+08:00,211.22,-3.3,0.8,0.0,0.3906,True,False,1.0,False,False,False
2020-02-27T10:00:00+08:00,206.88,-2.8,0.1,0.0,0.35,True,False,1.0,False,False,False
2020-02-27T11:00:00+08:00,223.56,-4.9,2.9,0.0,0.29259999999999997,True,False,1.0,False,False,False
2020-02-27T12:00:00+08:00,200.91,-5.1,1.9,0.0,0.22119999999999998,True,False,1.0,False,False,False
2020-02-27T13:00:00+08:00,205.51,-5.5,1.6,0.0,0.12389999999999998,True,False,1.0,False,False,False
2020-02-27T14:00:00+08:00,207.03,-6.4,0.1,0.0,0.054599999999999996,True,False,1.0,False,False,False
2020-02-27T15:00:00+08:00,208.59,-6.5,5.4,0.2666666666666667,0.010499999999999999,True,False,1.0,False,False,False
2020-02-27T16:00:00+08:00,216.5,-6.7,7.3,0.47777777777777775,0.0014,True,False,1.0,False,False,False
2020-02-27T17:00:00+08:00,225.67,-6.7,6.4,0.3777777777777778,0.0,True,False,1.0,False,False,False
2020-02-27T18:00:00+08:00,216.16,-6.8,7.2,0.4666666666666667,0.0,True,False,1.0,False,False,False
2020-02-27T19:00:00+08:00,213.64,-6.9,7.9,0.5444444444444445,0.0,True,False,1.0,False,False,False
2020-02-27T20:00:00+08:00,216.3966667,-7.0,8.5,0.6111111111111112,0.0,True,False,1.0,False,False,False
2020-02-27T21:00:00+08:00,209.5533333,-7.0,8.0,0.5555555555555556,0.0,True,False,1.0,False,False,False
2020-02-27T22:00:00+08:00,210.1433333,-7.0,8.7,0.6333333333333333,0.0,True,False,1.0,False,False,False
2020-02-27T23:00:00+08:00,210.0366667,-6.6,8.5,0.6111111111111112,0.0014,True,False,1.0,False,False,False
2020-02-28T00:00:00+08:00,209.61,-6.6,9.6,0.7333333333333333,0.013999999999999999,True,False,1.0,False,False,False
2020-02-28T01:00:00+08:00,207.7733333,-6.7,8.8,0.6444444444444445,0.06369999999999999,True,False,1.0,False,False,False
2020-02-28T02:00:00+08:00,210.2233333,-6.5,8.0,0.5555555555555556,0.1323,True,False,1.0,False,False,False
2020-02-28T03:00:00+08:00,214.96,-6.2,8.3,0.588888888888889,0.20439999999999997,True,False,1.0,False,False,False
2020-02-28T04:00:00+08:00,215.75,-5.7,8.3,0.588888888888889,0.27299999999999996,True,False,1.0,False,False,False
2020-02-28T05:00:00+08:00,207.93,-5.1,7.9,0.5444444444444445,0.33459999999999995,True,False,1.0,False,False,False
2020-02-28T06:00:00+08:00,211.3966667,-4.8,8.0,0.5555555555555556,0.3773,True,False,1.0,False,False,False
2020-02-28T07:00:00+08:00,229.79,-4.4,7.3,0.47777777777777775,0.39969999999999994,True,False,1.0,False,False,False
2020-02-28T08:00:00+08:00,211.24,-4.2,5.7,0.30000000000000004,0.40319999999999995,True,False,1.0,False,False,False
2020-02-28T09:00:00+08:00,213.87,-3.7,4.8,0.19999999999999998,0.38430000000000003,True,False,1.0,False,False,False
2020-02-28T10:00:00+08:00,225.0233333,-3.1,3.1,0.01111111111111112,0.34299999999999997,True,False,1.0,False,False,False
2020-02-28T11:00:00+08:00,246.5683334,-2.1,1.8,0.0,0.28629999999999994,True,False,1.0,False,False,False
2020-02-28T12:00:00+08:00,230.79,-2.7,1.5,0.0,0.21839999999999998,True,False,1.0,False,False,False
2020-02-28T13:00:00+08:00,213.49,-3.5,3.6,0.06666666666666668,0.1435,True,False,1.0,False,False,False
2020-02-28T14:00:00+08:00,208.85,-3.8,6.6,0.39999999999999997,0.0721,True,False,1.0,False,False,False
2020-02-28T15:00:00+08:00,209.99,-3.6,8.9,0.6555555555555556,0.018199999999999997,True,False,1.0,False,False,False
2020-02-28T16:00:00+08:00,218.58,-3.4,7.7,0.5222222222222223,0.0021,True,False,1.0,False,False,False
2020-02-28T17:00:00+08:00,220.91,-2.9,10.2,0.7999999999999999,0.0,True,False,1.0,False,False,False
2020-02-28T18:00:00+08:00,205.95,-2.1,7.0,0.4444444444444444,0.0,True,False,1.0,False,False,False
2020-02-28T19:00:00+08:00,205.21,-3.3,9.1,0.6777777777777777,0.0,True,False,1.0,False,False,False
2020-02-28T20:00:00+08:00,210.95,-2.7,12.8,1.0,0.0,True,False,1.0,False,False,False
2020-02-28T21:00:00+08:00,211.12,-3.2,17.3,1.0,0.0,False,True,0.5,True,True,False
2020-02-28T22:00:00+08:00,213.97,-3.0,16.4,1.0,0.0,False,True,0.5,True,True,False
2020-02-28T23:00:00+08:00,213.13,-3.4,17.7,1.0,0.0021,False,True,0.5,True,True,False
2020-02-29T00:00:00+08:00,215.12,-3.4,16.2,1.0,0.0112,False,True,0.5,True,True,False
2020-02-29T01:00:00+08:00,216.8,-2.9,9.6,0.7333333333333333,0.030099999999999995,True,True,0.5,True,False,False
2020-02-29T02:00:00+08:00,208.41,-2.6,7.4,0.48888888888888893,0.08399999999999999,True,True,0.5,True,False,False
2020-02-29T03:00:00+08:00,218.3,-2.1,12.3,1.0,0.16799999999999998,True,True,0.5,True,False,False
2020-02-29T04:00:00+08:00,211.44,-2.0,14.5,1.0,0.196,True,True,0.5,True,False,False
2020-02-29T05:00:00+08:00,206.82,-1.6,14.6,1.0,0.3227,True,True,0.5,True,False,False
2020-02-29T06:00:00+08:00,219.36,-1.0,14.6,1.0,0.3745,True,True,0.5,True,False,False
2020-02-29T07:00:00+08:00,247.16,-0.5,13.2,1.0,0.35,True,True,0.5,True,False,False
2020-02-29T08:00:00+08:00,218.75,0.1,11.3,0.9222222222222223,0.2541,True,True,0.5,True,False,False
2020-02-29T09:00:00+08:00,211.22,1.0,10.9,0.8777777777777778,0.2667,True,True,0.5,True,False,False
2020-02-29T10:00:00+08:00,206.88,0.9,5.9,0.32222222222222224,0.2716,True,True,0.5,True,False,False
2020-02-29T11:00:00+08:00,223.56,0.8,3.2,0.02222222222222224,0.2387,True,True,0.5,True,False,False
2020-02-29T12:00:00+08:00,200.91,0.9,3.3,0.03333333333333331,0.19739999999999996,True,True,0.5,True,False,False
2020-02-29T13:00:00+08:00,205.51,0.4,1.3,0.0,0.1309,True,False,1.0,False,False,False
2020-02-29T14:00:00+08:00,207.03,0.3,0.4,0.0,0.055999999999999994,True,False,1.0,False,False,False
2020-02-29T15:00:00+08:00,208.59,0.1,0.5,0.0,0.0119,True,False,1.0,False,False,False
2020-02-29T16:00:00+08:00,216.5,-0.2,2.7,0.0,0.0021,True,False,1.0,False,False,False
2020-02-29T17:00:00+08:00,225.67,-1.9,5.7,0.30000000000000004,0.0,True,False,1.0,False,False,False
2020-02-29T18:00:00+08:00,216.16,-4.1,5.5,0.2777777777777778,0.0,True,False,1.0,False,False,False
2020-02-29T19:00:00+08:00,213.64,-4.9,7.0,0.4444444444444444,0.0,True,False,1.0,False,False,False
2020-02-29T20:00:00+08:00,216.3966667,-5.3,7.3,0.47777777777777775,0.0,True,False,1.0,False,False,False
2020-02-29T21:00:00+08:00,209.5533333,-5.5,7.4,0.48888888888888893,0.0,True,False,1.0,False,False,False
2020-02-29T22:00:00+08:00,210.1433333,-6.1,7.2,0.4666666666666667,0.0,True,False,1.0,False,False,False
2020-02-29T23:00:00+08:00,210.0366667,-6.1,6.0,0.3333333333333333,0.0007,True,False,1.0,False,False,False
2020-03-01T00:00:00+08:00,213.59,-6.1,5.3,0.25555555555555554,0.0056,True,False,1.0,False,False,False
2020-03-01T01:00:00+08:00,205.38,-5.8,5.3,0.25555555555555554,0.0315,True,False,1.0,False,False,False
2020-03-01T02:00:00+08:00,206.01,-5.0,5.1,0.23333333333333328,0.063,True,False,1.0,False,False,False
2020-03-01T03:00:00+08:00,202.61,-4.4,5.0,0.2222222222222222,0.09939999999999999,True,False,1.0,False,False,False
2020-03-01T04:00:00+08:00,206.24,-3.6,3.9,0.09999999999999999,0.16449999999999998,True,False,1.0,False,False,False
2020-03-01T05:00:00+08:00,211.99,-2.9,5.8,0.3111111111111111,0.2352,True,False,1.0,False,False,False
2020-03-01T06:00:00+08:00,212.82,-2.3,5.8,0.3111111111111111,0.3626,True,False,1.0,False,False,False
2020-03-01T07:00:00+08:00,223.34,-2.2,5.1,0.23333333333333328,0.40879999999999994,True,False,1.0,False,False,False
2020-03-01T08:00:00+08:00,215.98,-2.4,4.9,0.21111111111111114,0.38780000000000003,True,False,1.0,False,False,False
2020-03-01T09:00:00+08:00,214.45,-2.0,7.0,0.4444444444444444,0.36819999999999997,True,False,1.0,False,False,False
2020-03-01T10:00:00+08:00,213.37,-2.1,7.8,0.5333333333333333,0.3227,True,False,1.0,False,False,False
2020-03-01T11:00:00+08:00,213.93,-2.3,7.2,0.4666666666666667,0.20159999999999997,True,False,1.0,False,False,False
2020-03-01T12:00:00+08:00,211.56,-2.8,6.8,0.4222222222222222,0.1477,True,False,1.0,False,False,False
2020-03-01T13:00:00+08:00,215.09,-2.4,7.5,0.5,0.0882,True,False,1.0,False,False,False
2020-03-01T14:00:00+08:00,216.22,-2.5,6.5,0.3888888888888889,0.0406,True,False,1.0,False,False,False
2020-03-01T15:00:00+08:00,208.83,-2.3,4.7,0.1888888888888889,0.009099999999999999,True,False,1.0,False,False,False
2020-03-01T16:00:00+08:00,210.29,-2.3,3.8,0.08888888888888886,0.0007,True,False,1.0,False,False,False
2020-03-01T17:00:00+08:00,225.21,-1.8,9.1,0.6777777777777777,0.0,True,False,1.0,False,False,False
2020-03-01T18:00:00+08:00,213.42,-1.9,10.4,0.8222222222222223,0.0,True,False,1.0,False,False,False
2020-03-01T19:00:00+08:00,209.18,-2.2,13.0,1.0,0.0,True,False,1.0,False,False,False
2020-03-01T20:00:00+08:00,207.43,-2.4,9.0,0.6666666666666666,0.0,True,False,1.0,False,False,False
2020-03-01T21:00:00+08:00,208.3016667,-3.1,10.7,0.8555555555555555,0.0,True,False,1.0,False,False,False
2020-03-01T22:00:00+08:00,207.6466667,-2.6,12.2,1.0,0.0,True,False,1.0,False,False,False
2020-03-01T23:00:00+08:00,215.0833333,-2.7,15.1,1.0,0.0007,False,True,0.5,True,True,False
2020-03-02T00:00:00+08:00,211.75,-2.3,15.4,1.0,0.007699999999999999,False,True,0.5,True,True,False
2020-03-02T01:00:00+08:00,211.4666667,-2.6,9.6,0.7333333333333333,0.0385,True,True,0.5,True,False,False
2020-03-02T02:00:00+08:00,226.5766667,-2.0,13.7,1.0,0.08679999999999999,True,True,0.5,True,False,False
2020-03-02T03:00:00+08:00,226.7466667,-1.6,8.4,0.6000000000000001,0.12389999999999998,True,True,0.5,True,False,False
2020-03-02T04:00:00+08:00,217.8666667,-1.4,7.7,0.5222222222222223,0.1855,True,True,0.5,True,False,False
2020-03-02T05:00:00+08:00,203.0,-1.7,11.1,0.8999999999999999,0.2338,True,True,0.5,True,False,False
2020-03-02T06:00:00+08:00,215.2233333,-0.8,14.3,1.0,0.2786,True,True,0.5,True,False,False
2020-03-02T07:00:00+08:00,227.07,-1.2,13.2,1.0,0.24849999999999997,True,True,0.5,True,False,False
2020-03-02T08:00:00+08:00,211.6466667,-1.0,15.3,1.0,0.301,False,True,0.5,True,True,False
2020-03-02T09:00:00+08:00,217.8733333,-1.1,14.9,1.0,0.25689999999999996,True,True,0.5,True,False,False
2020-03-02T10:00:00+08:00,225.2166667,-1.1,10.9,0.8777777777777778,0.2268,True,True,0.5,True,False,False
2020-03-02T11:00:00+08:00,233.9933333,-0.8,3.0,0.0,0.1848,True,True,0.5,True,False,False
2020-03-02T12:00:00+08:00,210.3466667,-0.8,0.7,0.0,0.1316,True,True,0.5,True,False,False
2020-03-02T13:00:00+08:00,211.12,-1.8,3.7,0.07777777777777779,0.07279999999999999,True,True,0.5,True,False,False
2020-03-02T14:00:00+08:00,203.7616667,-1.9,1.9,0.0,0.049,True,True,0.5,True,False,False
2020-03-02T15:00:00+08:00,210.48,-2.4,5.1,0.23333333333333328,0.013999999999999999,True,True,0.5,True,False,False
2020-03-02T16:00:00+08:00,220.24,-2.4,4.0,0.1111111111111111,0.0,True,True,0.5,True,False,False
2020-03-02T17:00:00+08:00,222.7,-2.3,8.8,0.6444444444444445,0.0,True,True,0.5,True,False,False
2020-03-02T18:00:00+08:00,217.24,-2.3,8.1,0.5666666666666667,0.0,True,True,0.5,True,False,False
2020-03-02T19:00:00+08:00,221.41,-2.5,14.1,1.0,0.0,True,True,0.5,True,False,False
2020-03-02T20:00:00+08:00,211.25,-2.5,14.7,1.0,0.0,True,True,0.5,True,False,False
2020-03-02T21:00:00+08:00,205.38,-2.4,17.8,1.0,0.0,False,True,0.5,True,True,False
2020-03-02T22:00:00+08:00,211.55,-2.3,17.4,1.0,0.0,False,True,0.5,True,True,False
2020-03-02T23:00:00+08:00,209.98,-2.3,15.4,1.0,0.0,False,True,0.5,True,True,False
2020-03-03T00:00:00+08:00,204.64,-2.2,11.7,0.9666666666666666,0.006299999999999999,True,True,0.5,True,False,False
2020-03-03T01:00:00+08:00,207.86,-2.5,11.0,0.8888888888888888,0.0385,True,True,0.5,True,False,False
2020-03-03T02:00:00+08:00,209.33,-1.9,12.4,1.0,0.098,True,True,0.5,True,False,False
2020-03-03T03:00:00+08:00,209.9,-2.0,11.6,0.9555555555555555,0.175,True,True,0.5,True,False,False
2020-03-03T04:00:00+08:00,211.52,-2.0,9.9,0.7666666666666667,0.24639999999999998,True,True,0.5,True,False,False
2020-03-03T05:00:00+08:00,206.76,-1.2,12.8,1.0,0.3059,True,True,0.5,True,False,False
2020-03-03T06:00:00+08:00,223.18,-1.4,12.1,1.0,0.3535,True,True,0.5,True,False,False
2020-03-03T07:00:00+08:00,237.31,-1.1,11.3,0.9222222222222223,0.3815,True,True,0.5,True,False,False
2020-03-03T08:00:00+08:00,214.19,-1.2,10.1,0.7888888888888889,0.3752,True,True,0.5,True,False,False
2020-03-03T09:00:00+08:00,206.12,-1.2,11.3,0.9222222222222223,0.3633,True,True,0.5,True,False,False
2020-03-03T10:00:00+08:00,221.66,-1.0,11.4,0.9333333333333333,0.26249999999999996,True,True,0.5,True,False,False
2020-03-03T11:00:00+08:00,221.88,-1.0,10.7,0.8555555555555555,0.1883,True,True,0.5,True,False,False
2020-03-03T12:00:00+08:00,221.56,-0.9,13.6,1.0,0.16729999999999998,True,False,1.0,False,False,False
2020-03-03T13:00:00+08:00,226.75,-1.2,13.4,1.0,0.126,True,False,1.0,False,False,False
2020-03-03T14:00:00+08:00,232.12,-1.9,13.8,1.0,0.0476,True,False,1.0,False,False,False
2020-03-03T15:00:00+08:00,206.45,-2.5,15.2,1.0,0.006999999999999999,False,True,0.5,True,True,False
2020-03-03T16:00:00+08:00,222.8,-2.9,14.2,1.0,0.0,True,True,0.5,True,False,False
2020-03-03T17:00:00+08:00,227.13,-2.9,14.5,1.0,0.0,True,True,0.5,True,False,False
2020-03-03T18:00:00+08:00,216.74,-3.5,12.3,1.0,0.0,True,True,0.5,True,False,False
2020-03-03T19:00:00+08:00,212.56,-3.2,13.4,1.0,0.0,True,True,0.5,True,False,False
2020-03-03T20:00:00+08:00,222.0,-3.9,12.3,1.0,0.0,True,True,0.5,True,False,False
2020-03-03T21:00:00+08:00,211.78,-4.0,12.3,1.0,0.0,True,True,0.5,True,False,False
2020-03-03T22:00:00+08:00,217.24,-4.3,13.6,1.0,0.0,True,True,0.5,True,False,False
2020-03-03T23:00:00+08:00,210.455,-4.6,13.9,1.0,0.0,True,True,0.5,True,False,False
2020-03-04T00:00:00+08:00,208.0566667,-5.0,13.0,1.0,0.006999999999999999,True,True,0.5,True,False,False
2020-03-04T01:00:00+08:00,211.1833333,-4.9,13.6,1.0,0.037099999999999994,True,True,0.5,True,False,False
2020-03-04T02:00:00+08:00,203.8533333,-5.2,11.5,0.9444444444444444,0.0945,True,True,0.5,True,False,False
2020-03-04T03:00:00+08:00,217.3766667,-5.6,11.8,0.9777777777777779,0.1792,True,True,0.5,True,False,False
2020-03-04T04:00:00+08:00,219.5466667,-5.3,11.3,0.9222222222222223,0.2527,True,False,1.0,False,False,False
2020-03-04T05:00:00+08:00,214.67,-5.3,10.5,0.8333333333333334,0.31429999999999997,True,False,1.0,False,False,False
2020-03-04T06:00:00+08:00,215.1633333,-5.1,9.0,0.6666666666666666,0.3563,True,False,1.0,False,False,False
2020-03-04T07:00:00+08:00,233.16,-4.5,8.8,0.6444444444444445,0.3794,True,False,1.0,False,False,False
2020-03-04T08:00:00+08:00,217.6466667,-4.4,8.4,0.6000000000000001,0.3815,True,False,1.0,False,False,False
2020-03-04T09:00:00+08:00,219.2533333,-3.9,7.5,0.5,0.35769999999999996,True,False,1.0,False,False,False
2020-03-04T10:00:00+08:00,220.3166667,-4.1,7.3,0.47777777777777775,0.3206,True,False,1.0,False,False,False
2020-03-04T11:00:00+08:00,226.14,-3.7,5.6,0.28888888888888886,0.26249999999999996,True,False,1.0,False,False,False
2020-03-04T12:00:00+08:00,213.8766667,-4.1,6.0,0.3333333333333333,0.1911,True,False,1.0,False,False,False
2020-03-04T13:00:00+08:00,211.5866667,-5.2,7.0,0.4444444444444444,0.1148,True,False,1.0,False,False,False
2020-03-04T14:00:00+08:00,207.08,-5.9,6.8,0.4222222222222222,0.0455,True,False,1.0,False,False,False
2020-03-04T15:00:00+08:00,207.4066667,-6.4,8.1,0.5666666666666667,0.006299999999999999,True,False,1.0,False,False,False
2020-03-04T16:00:00+08:00,228.7183333,-6.7,8.1,0.5666666666666667,0.0,True,False,1.0,False,False,False
2020-03-04T17:00:00+08:00,247.22,-6.7,7.9,0.5444444444444445,0.0,True,False,1.0,False,False,False
2020-03-04T18:00:00+08:00,244.02,-7.0,7.4,0.48888888888888893,0.0,True,False,1.0,False,False,False
2020-03-04T19:00:00+08:00,222.08,-7.0,7.0,0.4444444444444444,0.0,True,False,1.0,False,False,False
2020-03-04T20:00:00+08:00,206.01,-7.2,7.9,0.5444444444444445,0.0,True,False,1.0,False,False,False
2020-03-04T21:00:00+08:00,215.88,-7.0,6.9,0.43333333333333335,0.0,True,False,1.0,False,False,False
2020-03-04T22:00:00+08:00,217.4,-6.7,6.9,0.43333333333333335,0.0,True,False,1.0,False,False,False
2020-03-04T23:00:00+08:00,211.19,-6.9,8.5,0.6111111111111112,0.0,True,False,1.0,False,False,False
2020-03-05T00:00:00+08:00,209.2,-6.9,6.8,0.4222222222222222,0.0056,True,False,1.0,False,False,False
2020-03-05T01:00:00+08:00,215.94,-6.8,7.4,0.48888888888888893,0.0378,True,False,1.0,False,False,False
2020-03-05T02:00:00+08:00,209.63,-6.8,9.2,0.6888888888888888,0.10289999999999999,True,False,1.0,False,False,False
2020-03-05T03:00:00+08:00,214.92,-7.0,9.9,0.7666666666666667,0.1764,True,False,1.0,False,False,False
2020-03-05T04:00:00+08:00,221.51,-7.1,11.0,0.8888888888888888,0.24499999999999997,True,False,1.0,False,False,False
2020-03-05T05:00:00+08:00,212.23,-6.9,10.6,0.8444444444444444,0.3045,True,False,1.0,False,False,False
2020-03-05T06:00:00+08:00,213.83,-6.8,9.1,0.6777777777777777,0.34859999999999997,True,False,1.0,False,False,False
2020-03-05T07:00:00+08:00,239.93,-6.7,8.3,0.588888888888889,0.371,True,False,1.0,False,False,False
2020-03-05T08:00:00+08:00,213.98,-6.7,10.2,0.7999999999999999,0.3731,True,False,1.0,False,False,False
2020-03-05T09:00:00+08:00,207.8,-6.5,7.8,0.5333333333333333,0.3528,True,False,1.0,False,False,False
2020-03-05T10:00:00+08:00,222.94,-6.1,7.7,0.5222222222222223,0.3122,True,False,1.0,False,False,False
2020-03-05T11:00:00+08:00,224.17,-6.1,7.1,0.4555555555555555,0.2541,True,False,1.0,False,False,False
2020-03-05T12:00:00+08:00,206.09,-6.4,8.6,0.6222222222222222,0.1834,True,False,1.0,False,False,False
2020-03-05T13:00:00+08:00,208.93,-6.5,7.4,0.48888888888888893,0.10779999999999999,True,False,1.0,False,False,False
2020-03-05T14:00:00+08:00,217.22,-6.9,8.7,0.6333333333333333,0.037099999999999994,True,False,1.0,False,False,False
2020-03-05T15:00:00+08:00,211.76,-7.3,9.4,0.7111111111111111,0.0042,True,False,1.0,False,False,False
2020-03-05T16:00:00+08:00,221.54,-7.6,9.8,0.7555555555555556,0.0,True,False,1.0,False,False,False
2020-03-05T17:00:00+08:00,213.18,-7.9,9.8,0.7555555555555556,0.0,True,False,1.0,False,False,False
2020-03-05T18:00:00+08:00,209.77,-8.3,10.1,0.7888888888888889,0.0,True,False,1.0,False,False,False
2020-03-05T19:00:00+08:00,219.48,-8.3,11.6,0.9555555555555555,0.0,True,False,1.0,False,False,False
2020-03-05T20:00:00+08:00,203.99,-8.4,9.7,0.7444444444444444,0.0,True,False,1.0,False,False,False
2020-03-05T21:00:00+08:00,211.11,-8.4,10.5,0.8333333333333334,0.0,True,False,1.0,False,False,False
2020-03-05T22:00:00+08:00,222.58,-8.4,10.5,0.8333333333333334,0.0,True,False,1.0,False,False,False
2020-03-05T23:00:00+08:00,227.26,-8.7,10.5,0.8333333333333334,0.0,True,False,1.0,False,False,False
2020-03-06T00:00:00+08:00,227.49,-8.8,10.7,0.8555555555555555,0.0049,True,False,1.0,False,False,False
2020-03-06T01:00:00+08:00,204.4133333,-8.4,9.7,0.7444444444444444,0.030799999999999998,True,False,1.0,False,False,False
2020-03-06T02:00:00+08:00,203.6566667,-8.5,9.9,0.7666666666666667,0.0882,True,False,1.0,False,False,False
2020-03-06T03:00:00+08:00,203.9533333,-8.2,9.0,0.6666666666666666,0.1372,True,False,1.0,False,False,False
2020-03-06T04:00:00+08:00,214.1133333,-7.9,8.7,0.6333333333333333,0.2128,True,False,1.0,False,False,False
2020-03-06T05:00:00+08:00,213.8,-7.3,8.3,0.588888888888889,0.2562,True,False,1.0,False,False,False
2020-03-06T06:00:00+08:00,211.08,-6.5,7.3,0.47777777777777775,0.2772,True,False,1.0,False,False,False
2020-03-06T07:00:00+08:00,218.3333333,-6.4,6.6,0.39999999999999997,0.3269,True,False,1.0,False,False,False
2020-03-06T08:00:00+08:00,214.7566667,-6.5,7.9,0.5444444444444445,0.2758,True,False,1.0,False,False,False
2020-03-06T09:00:00+08:00,217.46,-6.1,6.4,0.3777777777777778,0.2303,True,False,1.0,False,False,False
2020-03-06T10:00:00+08:00,211.5833333,-6.0,6.1,0.3444444444444444,0.1904,True,False,1.0,False,False,False
2020-03-06T11:00:00+08:00,210.81,-5.7,6.3,0.36666666666666664,0.14559999999999998,True,False,1.0,False,False,False
2020-03-06T12:00:00+08:00,211.3733333,-6.1,7.0,0.4444444444444444,0.098,True,False,1.0,False,False,False
2020-03-06T13:00:00+08:00,205.9833333,-6.6,6.1,0.3444444444444444,0.0532,True,False,1.0,False,False,False
2020-03-06T14:00:00+08:00,201.14,-7.4,7.7,0.5222222222222223,0.018199999999999997,True,False,1.0,False,False,False
2020-03-06T15:00:00+08:00,214.2766667,-7.9,8.5,0.6111111111111112,0.0034999999999999996,True,False,1.0,False,False,False
2020-03-06T16:00:00+08:00,218.82,-8.4,7.5,0.5,0.0,True,False,1.0,False,False,False
2020-03-06T17:00:00+08:00,225.3733333,-8.7,9.5,0.7222222222222222,0.0,True,False,1.0,False,False,False
2020-03-06T18:00:00+08:00,221.8333333,-9.3,8.7,0.6333333333333333,0.0,True,False,1.0,False,False,False
2020-03-06T19:00:00+08:00,217.29,-9.4,8.8,0.6444444444444445,0.0,True,False,1.0,False,False,False
2020-03-06T20:00:00+08:00,206.07,-9.8,7.6,0.5111111111111111,0.0,True,False,1.0,False,False,False
2020-03-06T21:00:00+08:00,209.83,-10.5,8.3,0.588888888888889,0.0,True,False,1.0,False,False,False
2020-03-06T22:00:00+08:00,213.95,-10.7,7.1,0.4555555555555555,0.0,True,False,1.0,False,False,False
2020-03-06T23:00:00+08:00,212.94,-11.1,7.0,0.4444444444444444,0.0,True,False,1.0,False,False,False
2020-03-07T00:00:00+08:00,211.18,-11.6,8.7,0.6333333333333333,0.0034999999999999996,True,False,1.0,False,False,False
2020-03-07T01:00:00+08:00,209.92,-11.7,8.4,0.6000000000000001,0.0287,True,False,1.0,False,False,False
2020-03-07T02:00:00+08:00,211.39,-11.1,8.3,0.588888888888889,0.08679999999999999,True,False,1.0,False,False,False
2020-03-07T03:00:00+08:00,208.23,-10.9,9.3,0.7000000000000001,0.1568,True,False,1.0,False,False,False
2020-03-07T04:00:00+08:00,207.91,-10.5,8.2,0.5777777777777777,0.2282,True,False,1.0,False,False,False
2020-03-07T05:00:00+08:00,206.24,-9.7,6.1,0.3444444444444444,0.2723,True,False,1.0,False,False,False
2020-03-07T06:00:00+08:00,211.47,-8.7,4.4,0.15555555555555559,0.3045,True,False,1.0,False,False,False
2020-03-07T07:00:00+08:00,227.32,-8.1,3.6,0.06666666666666668,0.3227,True,False,1.0,False,False,False
2020-03-07T08:00:00+08:00,226.5,-7.8,4.6,0.17777777777777773,0.3213,True,False,1.0,False,False,False
2020-03-07T09:00:00+08:00,209.63,-7.5,5.2,0.24444444444444446,0.30519999999999997,True,False,1.0,False,False,False
2020-03-07T10:00:00+08:00,209.86,-7.4,6.1,0.3444444444444444,0.2506,True,False,1.0,False,False,False
2020-03-07T11:00:00+08:00,234.565,-6.9,6.0,0.3333333333333333,0.21069999999999997,True,False,1.0,False,False,False
2020-03-07T12:00:00+08:00,215.95,-7.4,5.5,0.2777777777777778,0.1288,True,False,1.0,False,False,False
2020-03-07T13:00:00+08:00,208.6,-6.3,2.5,0.0,0.0532,True,False,1.0,False,False,False
2020-03-07T14:00:00+08:00,209.76,-7.5,1.6,0.0,0.018199999999999997,True,False,1.0,False,False,False
2020-03-07T15:00:00+08:00,211.39,-8.3,2.3,0.0,0.0028,True,False,1.0,False,False,False
2020-03-07T16:00:00+08:00,210.45,-8.3,0.0,0.0,0.0,True,False,1.0,False,False,False
2020-03-07T17:00:00+08:00,227.46,-8.6,5.9,0.32222222222222224,0.0,True,False,1.0,False,False,False
2020-03-07T18:00:00+08:00,240.02,-8.8,5.5,0.2777777777777778,0.0,True,False,1.0,False,False,False
2020-03-07T19:00:00+08:00,234.02,-8.6,5.7,0.30000000000000004,0.0,True,False,1.0,False,False,False
2020-03-07T20:00:00+08:00,222.9,-9.0,7.0,0.4444444444444444,0.0,True,False,1.0,False,False,False
2020-03-07T21:00:00+08:00,213.67,-8.8,7.3,0.47777777777777775,0.0,True,False,1.0,False,False,False
2020-03-07T22:00:00+08:00,212.03,-8.4,7.2,0.4666666666666667,0.0,True,False,1.0,False,False,False
2020-03-07T23:00:00+08:00,221.38,-8.0,7.1,0.4555555555555555,0.0,True,False,1.0,False,False,False
2020-03-08T00:00:00+08:00,209.29,-7.8,7.3,0.47777777777777775,0.0021,True,False,1.0,False,False,False
2020-03-08T01:00:00+08:00,210.92,-7.3,2.0,0.0,0.012599999999999998,True,False,1.0,False,False,False
2020-03-08T02:00:00+08:00,203.96,-7.2,6.3,0.36666666666666664,0.0392,True,False,1.0,False,False,False
2020-03-08T03:00:00+08:00,198.99,-6.8,7.9,0.5444444444444445,0.10779999999999999,True,False,1.0,False,False,False
2020-03-08T04:00:00+08:00,204.4716667,-6.6,6.4,0.3777777777777778,0.18409999999999999,True,False,1.0,False,False,False
2020-03-08T05:00:00+08:00,204.4366667,-6.4,5.3,0.25555555555555554,0.24499999999999997,True,False,1.0,False,False,False
2020-03-08T06:00:00+08:00,230.1133333,-6.2,4.3,0.14444444444444443,0.29679999999999995,True,False,1.0,False,False,False
2020-03-08T07:00:00+08:00,234.8166667,-6.2,5.0,0.2222222222222222,0.3171,True,False,1.0,False,False,False
2020-03-08T08:00:00+08:00,209.9166667,-6.2,4.6,0.17777777777777773,0.2884,True,False,1.0,False,False,False
2020-03-08T09:00:00+08:00,220.65,-5.3,6.0,0.3333333333333333,0.2814,True,False,1.0,False,False,False
2020-03-08T10:00:00+08:00,231.4933333,-5.6,5.7,0.30000000000000004,0.1953,True,False,1.0,False,False,False
2020-03-08T11:00:00+08:00,224.4333333,-5.7,3.4,0.04444444444444443,0.1407,True,False,1.0,False,False,False
2020-03-08T12:00:00+08:00,220.1266667,-5.7,3.4,0.04444444444444443,0.105,True,False,1.0,False,False,False
2020-03-08T13:00:00+08:00,206.53,-5.8,4.9,0.21111111111111114,0.061599999999999995,True,False,1.0,False,False,False
2020-03-08T14:00:00+08:00,215.3233333,-5.9,6.5,0.3888888888888889,0.017499999999999998,True,False,1.0,False,False,False
2020-03-08T15:00:00+08:00,216.86,-6.0,7.7,0.5222222222222223,0.0021,True,False,1.0,False,False,False
2020-03-08T16:00:00+08:00,224.89,-6.4,9.6,0.7333333333333333,0.0,True,False,1.0,False,False,False
2020-03-08T17:00:00+08:00,229.7033333,-6.5,10.9,0.8777777777777778,0.0,True,False,1.0,False,False,False
2020-03-08T18:00:00+08:00,214.0166667,-6.6,9.5,0.7222222222222222,0.0,True,False,1.0,False,False,False
2020-03-08T19:00:00+08:00,214.78,-6.4,9.9,0.7666666666666667,0.0,True,False,1.0,False,False,False
2020-03-08T20:00:00+08:00,206.6483333,-6.3,9.1,0.6777777777777777,0.0,True,False,1.0,False,False,False
2020-03-08T21:00:00+08:00,210.61,-6.0,8.5,0.6111111111111112,0.0,True,False,1.0,False,False,False
2020-03-08T22:00:00+08:00,213.24,-5.8,9.5,0.7222222222222222,0.0,True,False,1.0,False,False,False
2020-03-08T23:00:00+08:00,224.09,-5.9,9.4,0.7111111111111111,0.0,True,False,1.0,False,False,False
2020-03-09T00:00:00+08:00,225.24,-6.3,11.7,0.9666666666666666,0.0014,True,False,1.0,False,False,False
2020-03-09T01:00:00+08:00,207.13,-6.3,12.3,1.0,0.0203,True,False,1.0,False,False,False
2020-03-09T02:00:00+08:00,207.72,-5.8,10.7,0.8555555555555555,0.0707,True,False,1.0,False,False,False
2020-03-09T03:00:00+08:00,204.26,-6.0,12.9,1.0,0.147,True,False,1.0,False,False,False
2020-03-09T04:00:00+08:00,213.28,-5.9,11.5,0.9444444444444444,0.21489999999999998,True,False,1.0,False,False,False
2020-03-09T05:00:00+08:00,230.16,-5.6,10.8,0.8666666666666667,0.2261,True,False,1.0,False,False,False
2020-03-09T06:00:00+08:00,237.2,-5.9,12.7,1.0,0.3115,True,False,1.0,False,False,False
2020-03-09T07:00:00+08:00,236.91,-5.4,9.0,0.6666666666666666,0.35069999999999996,True,False,1.0,False,False,False
2020-03-09T08:00:00+08:00,218.25,-5.6,10.7,0.8555555555555555,0.3045,True,False,1.0,False,False,False
2020-03-09T09:00:00+08:00,217.7,-5.6,9.8,0.7555555555555556,0.3388,True,False,1.0,False,False,False
2020-03-09T10:00:00+08:00,221.51,-5.5,7.7,0.5222222222222223,0.301,True,False,1.0,False,False,False
2020-03-09T11:00:00+08:00,237.64,-5.0,6.9,0.43333333333333335,0.24499999999999997,True,False,1.0,False,False,False
2020-03-09T12:00:00+08:00,221.35,-5.8,5.5,0.2777777777777778,0.1687,True,False,1.0,False,False,False
2020-03-09T13:00:00+08:00,209.57,-7.1,6.0,0.3333333333333333,0.08889999999999999,True,False,1.0,False,False,False
2020-03-09T14:00:00+08:00,214.69,-8.2,7.7,0.5222222222222223,0.0238,True,False,1.0,False,False,False
2020-03-09T15:00:00+08:00,214.09,-8.6,7.7,0.5222222222222223,0.0021,True,False,1.0,False,False,False
2020-03-09T16:00:00+08:00,228.42,-8.7,7.5,0.5,0.0,True,False,1.0,False,False,False
2020-03-09T17:00:00+08:00,241.17,-8.7,6.6,0.39999999999999997,0.0,True,False,1.0,False,False,False
2020-03-09T18:00:00+08:00,223.85,-9.0,6.6,0.39999999999999997,0.0,True,False,1.0,False,False,False
2020-03-09T19:00:00+08:00,213.3,-9.5,6.8,0.4222222222222222,0.0,True,False,1.0,False,False,False
2020-03-09T20:00:00+08:00,212.88,-9.8,6.9,0.43333333333333335,0.0,True,False,1.0,False,False,False
2020-03-09T21:00:00+08:00,223.22,-10.0,7.6,0.5111111111111111,0.0,True,False,1.0,False,False,False
2020-03-09T22:00:00+08:00,220.58,-9.9,7.0,0.4444444444444444,0.0,True,False,1.0,False,False,False
2020-03-09T23:00:00+08:00,217.59,-9.5,8.4,0.6000000000000001,0.0,True,False,1.0,False,False,False
2020-03-10T00:00:00+08:00,220.79,-9.3,6.8,0.4222222222222222,0.0014,True,False,1.0,False,False,False
2020-03-10T01:00:00+08:00,222.49,-8.8,6.7,0.41111111111111115,0.0196,True,False,1.0,False,False,False
2020-03-10T02:00:00+08:00,226.54,-8.8,8.0,0.5555555555555556,0.0721,True,False,1.0,False,False,False
2020-03-10T03:00:00+08:00,227.88,-9.3,9.6,0.7333333333333333,0.1442,True,False,1.0,False,False,False
2020-03-10T04:00:00+08:00,212.37,-9.2,8.8,0.6444444444444445,0.21489999999999998,True,False,1.0,False,False,False
2020-03-10T05:00:00+08:00,210.94,-9.3,7.5,0.5,0.2758,True,False,1.0,False,False,False
2020-03-10T06:00:00+08:00,221.3083333,-9.1,7.4,0.48888888888888893,0.3192,True,False,1.0,False,False,False
2020-03-10T07:00:00+08:00,239.31,-9.2,9.6,0.7333333333333333,0.34369999999999995,True,False,1.0,False,False,False
2020-03-10T08:00:00+08:00,218.3666667,-9.1,11.1,0.8999999999999999,0.34509999999999996,True,False,1.0,False,False,False
2020-03-10T09:00:00+08:00,212.0633333,-8.0,5.5,0.2777777777777778,0.3248,True,False,1.0,False,False,False
2020-03-10T10:00:00+08:00,217.06,-8.5,7.7,0.5222222222222223,0.2835,True,False,1.0,False,False,False
2020-03-10T11:00:00+08:00,225.75,-8.5,5.6,0.28888888888888886,0.2233,True,False,1.0,False,False,False
2020-03-10T12:00:00+08:00,210.72,-8.9,7.4,0.48888888888888893,0.15259999999999999,True,False,1.0,False,False,False
2020-03-10T13:00:00+08:00,215.9833333,-9.2,7.3,0.47777777777777775,0.0791,True,False,1.0,False,False,False
2020-03-10T14:00:00+08:00,216.82,-9.6,8.9,0.6555555555555556,0.0189,True,False,1.0,False,False,False
2020-03-10T15:00:00+08:00,228.51,-9.7,9.6,0.7333333333333333,0.0014,True,False,1.0,False,False,False
2020-03-10T16:00:00+08:00,243.29,-9.5,10.9,0.8777777777777778,0.0,True,False,1.0,False,False,False
2020-03-10T17:00:00+08:00,238.3133333,-9.5,10.9,0.8777777777777778,0.0,True,False,1.0,False,False,False
2020-03-10T18:00:00+08:00,214.2033333,-9.6,9.9,0.7666666666666667,0.0,True,False,1.0,False,False,False
2020-03-10T19:00:00+08:00,211.7633333,-10.1,10.8,0.8666666666666667,0.0,True,False,1.0,False,False,False
2020-03-10T20:00:00+08:00,215.5333333,-10.6,11.4,0.9333333333333333,0.0,True,False,1.0,False,False,False
2020-03-10T21:00:00+08:00,215.8833333,-11.3,11.2,0.911111111111111,0.0,True,False,1.0,False,False,False
2020-03-10T22:00:00+08:00,216.41,-11.3,11.5,0.9444444444444444,0.0,True,False,1.0,False,False,False
2020-03-10T23:00:00+08:00,216.5016667,-11.1,11.0,0.8888888888888888,0.0,True,False,1.0,False,False,False
2020-03-11T00:00:00+08:00,210.96,-11.5,10.9,0.8777777777777778,0.0007,True,False,1.0,False,False,False
2020-03-11T01:00:00+08:00,231.69,-11.3,11.1,0.8999999999999999,0.012599999999999998,True,False,1.0,False,False,False
2020-03-11T02:00:00+08:00,242.95,-11.5,11.6,0.9555555555555555,0.049699999999999994,True,False,1.0,False,False,False
2020-03-11T03:00:00+08:00,231.05,-11.7,11.8,0.9777777777777779,0.08539999999999999,True,False,1.0,False,False,False
2020-03-11T04:00:00+08:00,213.22,-11.6,11.2,0.911111111111111,0.1379,True,False,1.0,False,False,False
2020-03-11T05:00:00+08:00,214.2,-11.2,11.2,0.911111111111111,0.20369999999999996,True,False,1.0,False,False,False
2020-03-11T06:00:00+08:00,221.97,-10.7,9.8,0.7555555555555556,0.2709,True,False,1.0,False,False,False
2020-03-11T07:00:00+08:00,242.6,-10.2,8.6,0.6222222222222222,0.30029999999999996,True,False,1.0,False,False,False
2020-03-11T08:00:00+08:00,214.38,-9.8,7.7,0.5222222222222223,0.29259999999999997,True,False,1.0,False,False,False
2020-03-11T09:00:00+08:00,212.19,-9.2,5.6,0.28888888888888886,0.24989999999999998,True,False,1.0,False,False,False
2020-03-11T10:00:00+08:00,236.85,-9.0,5.9,0.32222222222222224,0.20299999999999999,True,False,1.0,False,False,False
2020-03-11T11:00:00+08:00,232.23,-8.9,4.2,0.13333333333333336,0.1512,True,False,1.0,False,False,False
2020-03-11T12:00:00+08:00,209.74,-9.7,3.8,0.08888888888888886,0.0931,True,False,1.0,False,False,False
2020-03-11T13:00:00+08:00,212.44,-9.2,0.8,0.0,0.0406,True,False,1.0,False,False,False
2020-03-11T14:00:00+08:00,214.32,-10.7,5.0,0.2222222222222222,0.010499999999999999,True,False,1.0,False,False,False
2020-03-11T15:00:00+08:00,222.495,-11.2,5.6,0.28888888888888886,0.0007,True,False,1.0,False,False,False
2020-03-11T16:00:00+08:00,247.68,-11.3,5.5,0.2777777777777778,0.0,True,False,1.0,False,False,False
2020-03-11T17:00:00+08:00,243.28,-11.8,3.9,0.09999999999999999,0.0,True,False,1.0,False,False,False
2020-03-11T18:00:00+08:00,216.15,-11.7,4.5,0.16666666666666666,0.0,True,False,1.0,False,False,False
2020-03-11T19:00:00+08:00,222.64,-12.0,3.2,0.02222222222222224,0.0,True,False,1.0,False,False,False
2020-03-11T20:00:00+08:00,217.75,-12.5,2.6,0.0,0.0,True,False,1.0,False,False,False
2020-03-11T21:00:00+08:00,227.81,-12.4,2.2,0.0,0.0,True,False,1.0,False,False,False
2020-03-11T22:00:00+08:00,223.48,-11.3,1.9,0.0,0.0,True,False,1.0,False,False,False
2020-03-11T23:00:00+08:00,230.56,-10.6,2.0,0.0,0.0,True,False,1.0,False,False,False
2020-03-12T00:00:00+08:00,225.87,-10.3,1.8,0.0,0.0007,True,False,1.0,False,False,False
2020-03-12T01:00:00+08:00,216.43,-9.9,1.4,0.0,0.0084,True,False,1.0,False,False,False
2020-03-12T02:00:00+08:00,215.9,-9.6,2.1,0.0,0.035699999999999996,True,False,1.0,False,False,False
2020-03-12T03:00:00+08:00,215.59,-10.3,4.0,0.1111111111111111,0.0798,True,False,1.0,False,False,False
2020-03-12T04:00:00+08:00,219.71,-10.3,4.2,0.13333333333333336,0.11059999999999999,True,False,1.0,False,False,False
2020-03-12T05:00:00+08:00,223.88,-10.3,3.9,0.09999999999999999,0.1442,True,False,1.0,False,False,False
2020-03-12T06:00:00+08:00,222.54,-10.5,4.9,0.21111111111111114,0.21139999999999998,True,False,1.0,False,False,False
2020-03-12T07:00:00+08:00,227.42,-10.5,5.5,0.2777777777777778,0.2268,True,False,1.0,False,False,False
2020-03-12T08:00:00+08:00,225.21,-10.3,4.5,0.16666666666666666,0.2296,True,False,1.0,False,False,False
2020-03-12T09:00:00+08:00,259.6466667,-10.2,3.9,0.09999999999999999,0.20019999999999996,True,False,1.0,False,False,False
2020-03-12T10:00:00+08:00,270.7766667,-10.6,3.4,0.04444444444444443,0.1764,True,False,1.0,False,False,False
2020-03-12T11:00:00+08:00,238.3633334,-10.7,2.7,0.0,0.13649999999999998,True,False,1.0,False,False,False
2020-03-12T12:00:00+08:00,219.6566667,-11.1,3.1,0.01111111111111112,0.0861,True,False,1.0,False,False,False
2020-03-12T13:00:00+08:00,227.9533333,-11.0,3.3,0.03333333333333331,0.041999999999999996,True,False,1.0,False,False,False
2020-03-12T14:00:00+08:00,225.17,-11.4,3.4,0.04444444444444443,0.0098,True,False,1.0,False,False,False
2020-03-12T15:00:00+08:00,231.5633333,-11.3,1.9,0.0,0.0007,True,False,1.0,False,False,False
2020-03-12T16:00:00+08:00,254.0566667,-11.2,1.1,0.0,0.0,True,False,1.0,False,False,False
2020-03-12T17:00:00+08:00,249.2333333,-11.1,1.9,0.0,0.0,True,False,1.0,False,False,False
2020-03-12T18:00:00+08:00,214.96,-11.2,1.3,0.0,0.0,True,False,1.0,False,False,False
2020-03-12T19:00:00+08:00,216.93,-11.7,4.6,0.17777777777777773,0.0,True,False,1.0,False,False,False
2020-03-12T20:00:00+08:00,215.6933333,-12.7,4.0,0.1111111111111111,0.0,True,False,1.0,False,False,False
2020-03-12T21:00:00+08:00,218.3533333,-13.0,5.1,0.23333333333333328,0.0,True,False,1.0,False,False,False
2020-03-12T22:00:00+08:00,223.8433333,-13.3,4.5,0.16666666666666666,0.0,True,False,1.0,False,False,False
2020-03-12T23:00:00+08:00,215.2633333,-13.5,4.4,0.15555555555555559,0.0,True,False,1.0,False,False,False
2020-03-13T00:00:00+08:00,215.7733333,-13.5,5.0,0.2222222222222222,0.0007,True,False,1.0,False,False,False
2020-03-13T01:00:00+08:00,211.8983333,-13.6,5.6,0.28888888888888886,0.0098,True,False,1.0,False,False,False
2020-03-13T02:00:00+08:00,215.38,-14.1,4.8,0.19999999999999998,0.0392,True,False,1.0,False,False,False
2020-03-13T03:00:00+08:00,213.88,-14.0,4.1,0.12222222222222218,0.0784,True,False,1.0,False,False,False
2020-03-13T04:00:00+08:00,211.99,-13.4,2.8,0.0,0.1372,True,False,1.0,False,False,False
2020-03-13T05:00:00+08:00,223.9,-12.8,1.8,0.0,0.1925,True,False,1.0,False,False,False
2020-03-13T06:00:00+08:00,221.83,-11.9,0.6,0.0,0.2884,True,False,1.0,False,False,False
2020-03-13T07:00:00+08:00,225.36,-11.9,2.6,0.0,0.30379999999999996,True,False,1.0,False,False,False
2020-03-13T08:00:00+08:00,224.63,-12.0,1.4,0.0,0.29119999999999996,True,False,1.0,False,False,False
2020-03-13T09:00:00+08:00,215.12,-12.1,2.0,0.0,0.27299999999999996,True,False,1.0,False,False,False
2020-03-13T10:00:00+08:00,211.55,-12.4,2.9,0.0,0.2401,True,False,1.0,False,False,False
2020-03-13T11:00:00+08:00,214.29,-12.3,1.8,0.0,0.154,True,False,1.0,False,False,False
2020-03-13T12:00:00+08:00,210.68,-12.7,2.8,0.0,0.0791,True,False,1.0,False,False,False
2020-03-13T13:00:00+08:00,206.86,-12.9,3.8,0.08888888888888886,0.0336,True,False,1.0,False,False,False
2020-03-13T14:00:00+08:00,208.65,-13.1,3.7,0.07777777777777779,0.006999999999999999,True,False,1.0,False,False,False
2020-03-13T15:00:00+08:00,212.88,-12.5,2.8,0.0,0.0,True,False,1.0,False,False,False
2020-03-13T16:00:00+08:00,216.91,-12.3,2.0,0.0,0.0,True,False,1.0,False,False,False
2020-03-13T17:00:00+08:00,223.19,-12.3,2.8,0.0,0.0,True,False,1.0,False,False,False
2020-03-13T18:00:00+08:00,225.365,-12.3,2.8,0.0,0.0,True,False,1.0,False,False,False
2020-03-13T19:00:00+08:00,240.65,-12.7,3.3,0.03333333333333331,0.0,True,False,1.0,False,False,False
2020-03-13T20:00:00+08:00,233.07,-12.6,3.0,0.0,0.0,True,False,1.0,False,False,False
2020-03-13T21:00:00+08:00,221.7,-13.4,4.1,0.12222222222222218,0.0,True,False,1.0,False,False,False
2020-03-13T22:00:00+08:00,214.0,-13.6,3.9,0.09999999999999999,0.0,True,False,1.0,False,False,False
2020-03-13T23:00:00+08:00,214.98,-13.6,4.4,0.15555555555555559,0.0,True,False,1.0,False,False,False
2020-03-14T00:00:00+08:00,214.94,-13.6,5.0,0.2222222222222222,0.0,True,False,1.0,False,False,False
2020-03-14T01:00:00+08:00,214.07,-13.4,4.4,0.15555555555555559,0.0098,True,False,1.0,False,False,False
2020-03-14T02:00:00+08:00,210.22,-13.2,3.7,0.07777777777777779,0.041299999999999996,True,False,1.0,False,False,False
2020-03-14T03:00:00+08:00,213.06,-13.0,2.9,0.0,0.11199999999999999,True,False,1.0,False,False,False
2020-03-14T04:00:00+08:00,210.57,-12.8,2.4,0.0,0.16519999999999999,True,False,1.0,False,False,False
2020-03-14T05:00:00+08:00,213.49,-13.1,3.1,0.01111111111111112,0.2261,True,False,1.0,False,False,False
2020-03-14T06:00:00+08:00,243.21,-13.0,3.2,0.02222222222222224,0.24639999999999998,True,False,1.0,False,False,False
2020-03-14T07:00:00+08:00,240.72,-12.9,2.4,0.0,0.29469999999999996,True,False,1.0,False,False,False
2020-03-14T08:00:00+08:00,233.95,-12.6,1.1,0.0,0.2961,True,False,1.0,False,False,False
2020-03-14T09:00:00+08:00,221.88,-11.5,2.2,0.0,0.2653,True,False,1.0,False,False,False
2020-03-14T10:00:00+08:00,227.15,-12.0,2.8,0.0,0.2576,True,False,1.0,False,False,False
2020-03-14T11:00:00+08:00,225.95,-11.7,3.1,0.01111111111111112,0.18059999999999998,True,False,1.0,False,False,False
2020-03-14T12:00:00+08:00,224.1566667,-12.8,3.2,0.02222222222222224,0.10149999999999999,True,False,1.0,False,False,False
2020-03-14T13:00:00+08:00,210.9833333,-12.7,3.4,0.04444444444444443,0.049,True,False,1.0,False,False,False
2020-03-14T14:00:00+08:00,210.4666667,-12.8,5.6,0.28888888888888886,0.007699999999999999,True,False,1.0,False,False,False
2020-03-14T15:00:00+08:00,210.4433333,-12.7,4.4,0.15555555555555559,0.0,True,False,1.0,False,False,False
2020-03-14T16:00:00+08:00,229.5933333,-12.4,4.4,0.15555555555555559,0.0,True,False,1.0,False,False,False
2020-03-14T17:00:00+08:00,219.5033333,-12.4,4.3,0.14444444444444443,0.0,True,False,1.0,False,False,False
2020-03-14T18:00:00+08:00,208.4433333,-12.2,3.6,0.06666666666666668,0.0,True,False,1.0,False,False,False
2020-03-14T19:00:00+08:00,214.1866667,-12.5,2.5,0.0,0.0,True,False,1.0,False,False,False
2020-03-14T20:00:00+08:00,219.0066667,-12.7,2.9,0.0,0.0,True,False,1.0,False,False,False
2020-03-14T21:00:00+08:00,230.3833333,-12.7,3.6,0.06666666666666668,0.0,True,False,1.0,False,False,False
2020-03-14T22:00:00+08:00,238.77,-12.5,6.5,0.3888888888888889,0.0,True,False,1.0,False,False,False
2020-03-14T23:00:00+08:00,227.35,-12.3,6.5,0.3888888888888889,0.0,True,False,1.0,False,False,False
2020-03-15T00:00:00+08:00,213.1866667,-12.2,5.9,0.32222222222222224,0.0,True,False,1.0,False,False,False
2020-03-15T01:00:00+08:00,214.61,-12.1,7.3,0.47777777777777775,0.006999999999999999,True,False,1.0,False,False,False
2020-03-15T02:00:00+08:00,215.6233333,-12.3,8.5,0.6111111111111112,0.0399,True,False,1.0,False,False,False
2020-03-15T03:00:00+08:00,210.2983333,-12.2,6.7,0.41111111111111115,0.12459999999999999,True,False,1.0,False,False,False
2020-03-15T04:00:00+08:00,213.61,-11.9,7.9,0.5444444444444445,0.1876,True,False,1.0,False,False,False
2020-03-15T05:00:00+08:00,219.47,-12.0,8.7,0.6333333333333333,0.24639999999999998,True,False,1.0,False,False,False
2020-03-15T06:00:00+08:00,211.52,-11.9,8.2,0.5777777777777777,0.2884,True,False,1.0,False,False,False
2020-03-15T07:00:00+08:00,226.1,-11.5,6.8,0.4222222222222222,0.3115,True,False,1.0,False,False,False
2020-03-15T08:00:00+08:00,212.52,-11.3,6.5,0.3888888888888889,0.3101,True,False,1.0,False,False,False
2020-03-15T09:00:00+08:00,223.5,-10.8,4.6,0.17777777777777773,0.2849,True,False,1.0,False,False,False
2020-03-15T10:00:00+08:00,241.55,-10.4,3.7,0.07777777777777779,0.24499999999999997,True,False,1.0,False,False,False
2020-03-15T11:00:00+08:00,240.02,-10.5,3.6,0.06666666666666668,0.1883,True,False,1.0,False,False,False
2020-03-15T12:00:00+08:00,220.6,-11.6,3.8,0.08888888888888886,0.11199999999999999,True,False,1.0,False,False,False
2020-03-15T13:00:00+08:00,211.2,-13.2,4.1,0.12222222222222218,0.049699999999999994,True,False,1.0,False,False,False
2020-03-15T14:00:00+08:00,221.61,-14.2,4.6,0.17777777777777773,0.007699999999999999,True,False,1.0,False,False,False
2020-03-15T15:00:00+08:00,208.22,-14.9,2.8,0.0,0.0,True,False,1.0,False,False,False
2020-03-15T16:00:00+08:00,210.91,-15.1,5.4,0.2666666666666667,0.0,True,False,1.0,False,False,False
2020-03-15T17:00:00+08:00,243.42,-15.1,5.7,0.30000000000000004,0.0,True,False,1.0,False,False,False
2020-03-15T18:00:00+08:00,226.67,-15.0,4.8,0.19999999999999998,0.0,True,False,1.0,False,False,False
2020-03-15T19:00:00+08:00,217.59,-15.0,4.8,0.19999999999999998,0.0,True,False,1.0,False,False,False
2020-03-15T20:00:00+08:00,214.345,-14.9,6.9,0.43333333333333335,0.0,True,False,1.0,False,False,False
2020-03-15T21:00:00+08:00,222.19,-15.0,5.0,0.2222222222222222,0.0,True,False,1.0,False,False,False
2020-03-15T22:00:00+08:00,218.49,-15.4,2.5,0.0,0.0,True,False,1.0,False,False,False
2020-03-15T23:00:00+08:00,217.45,-14.0,4.2,0.13333333333333336,0.0,True,False,1.0,False,False,False
2020-03-16T00:00:00+08:00,219.24,-14.3,6.4,0.3777777777777778,0.0,True,False,1.0,False,False,False
2020-03-16T01:00:00+08:00,224.52,-13.8,4.1,0.12222222222222218,0.006999999999999999,True,False,1.0,False,False,False
2020-03-16T02:00:00+08:00,216.37,-12.4,6.6,0.39999999999999997,0.0392,True,False,1.0,False,False,False
2020-03-16T03:00:00+08:00,215.92,-11.4,5.2,0.24444444444444446,0.07139999999999999,True,False,1.0,False,False,False
2020-03-16T04:00:00+08:00,223.85,-10.3,6.1,0.3444444444444444,0.1127,True,False,1.0,False,False,False
2020-03-16T05:00:00+08:00,222.35,-9.4,8.1,0.5666666666666667,0.15889999999999999,True,False,1.0,False,False,False
2020-03-16T06:00:00+08:00,217.88,-8.6,7.6,0.5111111111111111,0.196,True,False,1.0,False,False,False
2020-03-16T07:00:00+08:00,236.98,-8.1,7.5,0.5,0.21139999999999998,True,False,1.0,False,False,False
2020-03-16T08:00:00+08:00,225.91,-8.0,5.7,0.30000000000000004,0.21839999999999998,True,False,1.0,False,False,False
2020-03-16T09:00:00+08:00,230.36,-7.6,2.9,0.0,0.2562,True,False,1.0,False,False,False
2020-03-16T10:00:00+08:00,217.27,-7.9,3.2,0.02222222222222224,0.238,True,False,1.0,False,False,False
2020-03-16T11:00:00+08:00,242.69,-7.8,2.9,0.0,0.1799,True,False,1.0,False,False,False
2020-03-16T12:00:00+08:00,233.75,-8.2,2.1,0.0,0.1127,True,False,1.0,False,False,False
2020-03-16T13:00:00+08:00,221.41,-8.6,5.1,0.23333333333333328,0.0448,True,False,1.0,False,False,False
2020-03-16T14:00:00+08:00,211.03,-9.3,4.1,0.12222222222222218,0.0056,True,False,1.0,False,False,False
2020-03-16T15:00:00+08:00,218.4166667,-9.2,2.8,0.0,0.0,True,False,1.0,False,False,False
2020-03-16T16:00:00+08:00,246.4533333,-9.4,3.6,0.06666666666666668,0.0,True,False,1.0,False,False,False
2020-03-16T17:00:00+08:00,243.6933333,-8.9,4.2,0.13333333333333336,0.0,True,False,1.0,False,False,False
2020-03-16T18:00:00+08:00,214.1733333,-8.7,4.2,0.13333333333333336,0.0,True,False,1.0,False,False,False
2020-03-16T19:00:00+08:00,215.4266667,-8.6,6.0,0.3333333333333333,0.0,True,False,1.0,False,False,False
2020-03-16T20:00:00+08:00,219.3166667,-8.6,6.8,0.4222222222222222,0.0,True,False,1.0,False,False,False
2020-03-16T21:00:00+08:00,223.2666667,-8.7,5.9,0.32222222222222224,0.0,True,False,1.0,False,False,False
2020-03-16T22:00:00+08:00,225.4533333,-8.9,6.6,0.39999999999999997,0.0,True,False,1.0,False,False,False
2020-03-16T23:00:00+08:00,223.0366667,-8.7,4.8,0.19999999999999998,0.0,True,False,1.0,False,False,False
2020-03-17T00:00:00+08:00,240.6633333,-8.8,4.9,0.21111111111111114,0.0,True,False,1.0,False,False,False
2020-03-17T01:00:00+08:00,233.1866667,-9.3,1.6,0.0,0.0042,True,False,1.0,False,False,False
2020-03-17T02:00:00+08:00,234.6233333,-12.1,2.4,0.0,0.0245,True,False,1.0,False,False,False
2020-03-17T03:00:00+08:00,228.7266667,-12.2,2.0,0.0,0.0581,True,False,1.0,False,False,False
2020-03-17T04:00:00+08:00,215.9266667,-10.6,1.9,0.0,0.0945,True,False,1.0,False,False,False
2020-03-17T05:00:00+08:00,214.8716667,-10.2,2.6,0.0,0.13299999999999998,True,False,1.0,False,False,False
2020-03-17T06:00:00+08:00,230.37,-10.3,3.1,0.01111111111111112,0.17429999999999998,True,False,1.0,False,False,False
2020-03-17T07:00:00+08:00,236.32,-10.2,3.7,0.07777777777777779,0.21769999999999998,True,False,1.0,False,False,False
2020-03-17T08:00:00+08:00,222.37,-11.2,5.5,0.2777777777777778,0.2611,True,False,1.0,False,False,False
2020-03-17T09:00:00+08:00,223.39,-12.4,5.3,0.25555555555555554,0.24079999999999996,True,False,1.0,False,False,False
2020-03-17T10:00:00+08:00,232.37,-13.3,5.8,0.3111111111111111,0.21419999999999997,True,False,1.0,False,False,False
2020-03-17T11:00:00+08:00,246.32,-14.0,6.5,0.3888888888888889,0.16519999999999999,True,False,1.0,False,False,False
2020-03-17T12:00:00+08:00,226.24,-15.4,7.4,0.48888888888888893,0.0784,True,False,1.0,False,False,False
2020-03-17T13:00:00+08:00,243.99,-16.4,5.9,0.32222222222222224,0.027299999999999998,True,False,1.0,False,False,False
2020-03-17T14:00:00+08:00,255.5,-17.0,4.6,0.17777777777777773,0.0042,True,False,1.0,False,False,False
2020-03-17T15:00:00+08:00,248.06,-18.0,4.7,0.1888888888888889,0.0,True,False,1.0,False,False,False
2020-03-17T16:00:00+08:00,234.64,-19.4,4.7,0.1888888888888889,0.0,True,False,1.0,False,False,False
2020-03-17T17:00:00+08:00,257.85,-19.5,3.2,0.02222222222222224,0.0,True,False,1.0,False,False,False
2020-03-17T18:00:00+08:00,229.2,-19.9,1.8,0.0,0.0,True,False,1.0,False,False,False
2020-03-17T19:00:00+08:00,224.69,-20.6,1.8,0.0,0.0,True,False,1.0,False,False,False
2020-03-17T20:00:00+08:00,221.77,-20.5,0.2,0.0,0.0,True,False,1.0,False,False,False
2020-03-17T21:00:00+08:00,224.12,-18.7,2.1,0.0,0.0,True,False,1.0,False,False,False
2020-03-17T22:00:00+08:00,226.36,-16.8,1.5,0.0,0.0,True,False,1.0,False,False,False
2020-03-17T23:00:00+08:00,226.78,-16.3,1.7,0.0,0.0,True,False,1.0,False,False,False
2020-03-18T00:00:00+08:00,224.08,-16.3,3.1,0.01111111111111112,0.0,True,False,1.0,False,False,False
2020-03-18T01:00:00+08:00,230.21,-16.1,2.2,0.0,0.0042,True,False,1.0,False,False,False
2020-03-18T02:00:00+08:00,232.42,-15.9,4.3,0.14444444444444443,0.025199999999999997,True,False,1.0,False,False,False
2020-03-18T03:00:00+08:00,227.31,-16.1,4.7,0.1888888888888889,0.0686,True,False,1.0,False,False,False
2020-03-18T04:00:00+08:00,223.61,-15.3,3.1,0.01111111111111112,0.12739999999999999,True,False,1.0,False,False,False
2020-03-18T05:00:00+08:00,230.74,-14.6,2.0,0.0,0.16799999999999998,True,False,1.0,False,False,False
2020-03-18T06:00:00+08:00,226.57,-14.3,3.2,0.02222222222222224,0.2254,True,False,1.0,False,False,False
2020-03-18T07:00:00+08:00,242.32,-14.1,2.2,0.0,0.2681,True,False,1.0,False,False,False
2020-03-18T08:00:00+08:00,231.46,-13.7,6.5,0.3888888888888889,0.28559999999999997,True,False,1.0,False,False,False
2020-03-18T09:00:00+08:00,227.32,-13.6,6.9,0.43333333333333335,0.2681,True,False,1.0,False,False,False
2020-03-18T10:00:00+08:00,245.59,-13.5,6.3,0.36666666666666664,0.217,True,False,1.0,False,False,False
2020-03-18T11:00:00+08:00,242.26,-13.4,6.1,0.3444444444444444,0.1659,True,False,1.0,False,False,False
2020-03-18T12:00:00+08:00,230.35,-13.8,6.4,0.3777777777777778,0.0791,True,False,1.0,False,False,False
2020-03-18T13:00:00+08:00,224.27,-13.8,6.2,0.35555555555555557,0.0224,True,False,1.0,False,False,False
2020-03-18T14:00:00+08:00,217.26,-13.7,3.3,0.03333333333333331,0.0034999999999999996,True,False,1.0,False,False,False
2020-03-18T15:00:00+08:00,224.455,-14.2,2.0,0.0,0.0,True,False,1.0,False,False,False
2020-03-18T16:00:00+08:00,260.1833333,-13.8,3.5,0.05555555555555555,0.0,True,False,1.0,False,False,False
2020-03-18T17:00:00+08:00,273.0333333,-13.5,5.1,0.23333333333333328,0.0,True,False,1.0,False,False,False
2020-03-18T18:00:00+08:00,242.5466667,-13.6,3.8,0.08888888888888886,0.0,True,False,1.0,False,False,False
2020-03-18T19:00:00+08:00,237.69,-14.0,3.5,0.05555555555555555,0.0,True,False,1.0,False,False,False
2020-03-18T20:00:00+08:00,237.8366667,-13.7,2.5,0.0,0.0,True,False,1.0,False,False,False
2020-03-18T21:00:00+08:00,263.0133333,-13.6,2.6,0.0,0.0,True,False,1.0,False,False,False
2020-03-18T22:00:00+08:00,263.8633334,-13.4,3.3,0.03333333333333331,0.0,True,False,1.0,False,False,False
2020-03-18T23:00:00+08:00,262.41,-13.2,1.6,0.0,0.0,True,False,1.0,False,False,False
2020-03-19T00:00:00+08:00,244.4133333,-14.2,6.8,0.4222222222222222,0.0,True,False,1.0,False,False,False
2020-03-19T01:00:00+08:00,244.1066667,-15.7,6.2,0.35555555555555557,0.0034999999999999996,True,False,1.0,False,False,False
2020-03-19T02:00:00+08:00,246.2366667,-15.8,6.0,0.3333333333333333,0.0161,True,False,1.0,False,False,False
2020-03-19T03:00:00+08:00,243.08,-16.2,3.3,0.03333333333333331,0.041299999999999996,True,False,1.0,False,False,False
2020-03-19T04:00:00+08:00,244.31,-16.5,3.9,0.09999999999999999,0.13369999999999999,True,False,1.0,False,False,False
2020-03-19T05:00:00+08:00,248.1333333,-16.6,4.2,0.13333333333333336,0.1925,True,False,1.0,False,False,False
2020-03-19T06:00:00+08:00,247.6966667,-17.2,4.1,0.12222222222222218,0.2198,True,False,1.0,False,False,False
2020-03-19T07:00:00+08:00,266.6566667,-17.0,3.1,0.01111111111111112,0.24709999999999996,True,False,1.0,False,False,False
2020-03-19T08:00:00+08:00,242.995,-17.3,5.3,0.25555555555555554,0.252,True,False,1.0,False,False,False
2020-03-19T09:00:00+08:00,235.42,-16.5,6.2,0.35555555555555557,0.2338,True,False,1.0,False,False,False
2020-03-19T10:00:00+08:00,247.32,-16.9,6.8,0.4222222222222222,0.16449999999999998,True,False,1.0,False,False,False
2020-03-19T11:00:00+08:00,243.34,-17.2,7.8,0.5333333333333333,0.1351,True,False,1.0,False,False,False
2020-03-19T12:00:00+08:00,235.06,-17.4,8.5,0.6111111111111112,0.08329999999999999,True,False,1.0,False,False,False
2020-03-19T13:00:00+08:00,227.35,-17.3,6.9,0.43333333333333335,0.027999999999999997,True,False,1.0,False,False,False
2020-03-19T14:00:00+08:00,220.88,-17.0,6.8,0.4222222222222222,0.0028,True,False,1.0,False,False,False
2020-03-19T15:00:00+08:00,238.78,-16.9,7.5,0.5,0.0,True,False,1.0,False,False,False
2020-03-19T16:00:00+08:00,249.82,-17.3,9.2,0.6888888888888888,0.0,True,False,1.0,False,False,False
2020-03-19T17:00:00+08:00,242.92,-17.2,6.3,0.36666666666666664,0.0,True,False,1.0,False,False,False
2020-03-19T18:00:00+08:00,234.18,-17.0,6.2,0.35555555555555557,0.0,True,False,1.0,False,False,False
2020-03-19T19:00:00+08:00,232.01,-17.5,3.6,0.06666666666666668,0.0,True,False,1.0,False,False,False
2020-03-19T20:00:00+08:00,240.08,-17.5,2.4,0.0,0.0,True,False,1.0,False,False,False
2020-03-19T21:00:00+08:00,237.92,-17.6,2.0,0.0,0.0,True,False,1.0,False,False,False
2020-03-19T22:00:00+08:00,230.9,-17.5,2.8,0.0,0.0,True,False,1.0,False,False,False
2020-03-19T23:00:00+08:00,246.21,-17.4,2.4,0.0,0.0,True,False,1.0,False,False,False
2020-03-20T00:00:00+08:00,246.0,-17.5,6.9,0.43333333333333335,0.0,True,False,1.0,False,False,False
2020-03-20T01:00:00+08:00,239.245,-18.0,7.7,0.5222222222222223,0.0028,True,False,1.0,False,False,False
2020-03-20T02:00:00+08:00,225.04,-17.8,3.6,0.06666666666666668,0.025199999999999997,True,False,1.0,False,False,False
2020-03-20T03:00:00+08:00,223.83,-18.0,4.5,0.16666666666666666,0.0798,True,False,1.0,False,False,False
2020-03-20T04:00:00+08:00,227.85,-18.0,2.8,0.0,0.1386,True,False,1.0,False,False,False
2020-03-20T05:00:00+08:00,227.53,-18.0,4.0,0.1111111111111111,0.1946,True,False,1.0,False,False,False
2020-03-20T06:00:00+08:00,228.01,-18.0,3.6,0.06666666666666668,0.2324,True,False,1.0,False,False,False
2020-03-20T07:00:00+08:00,232.91,-18.6,4.2,0.13333333333333336,0.25689999999999996,True,False,1.0,False,False,False
2020-03-20T08:00:00+08:00,231.61,-18.6,4.6,0.17777777777777773,0.2555,True,False,1.0,False,False,False
2020-03-20T09:00:00+08:00,226.19,-18.5,4.0,0.1111111111111111,0.2261,True,False,1.0,False,False,False
2020-03-20T10:00:00+08:00,227.3,-18.5,3.9,0.09999999999999999,0.189,True,False,1.0,False,False,False
2020-03-20T11:00:00+08:00,231.65,-18.5,4.9,0.21111111111111114,0.1344,True,False,1.0,False,False,False
2020-03-20T12:00:00+08:00,226.78,-18.8,4.1,0.12222222222222218,0.07419999999999999,True,False,1.0,False,False,False
2020-03-20T13:00:00+08:00,215.55,-18.6,4.7,0.1888888888888889,0.021699999999999997,True,False,1.0,False,False,False
2020-03-20T14:00:00+08:00,210.6,-18.9,4.9,0.21111111111111114,0.0021,True,False,1.0,False,False,False
2020-03-20T15:00:00+08:00,214.96,-19.8,4.1,0.12222222222222218,0.0,True,False,1.0,False,False,False
2020-03-20T16:00:00+08:00,240.35,-20.1,4.2,0.13333333333333336,0.0,True,False,1.0,False,False,False
2020-03-20T17:00:00+08:00,233.7183333,-20.5,1.6,0.0,0.0,True,False,1.0,False,False,False
2020-03-20T18:00:00+08:00,227.38,-22.4,2.5,0.0,0.0,True,False,1.0,False,False,False
2020-03-20T19:00:00+08:00,231.3966667,-22.3,1.4,0.0,0.0,True,False,1.0,False,False,False
2020-03-20T20:00:00+08:00,231.84,-21.5,3.2,0.02222222222222224,0.0,True,False,1.0,False,False,False
2020-03-20T21:00:00+08:00,225.0133333,-21.0,3.7,0.07777777777777779,0.0,True,False,1.0,False,False,False
2020-03-20T22:00:00+08:00,229.6833333,-20.1,3.8,0.08888888888888886,0.0,True,False,1.0,False,False,False
2020-03-20T23:00:00+08:00,234.7966667,-19.6,3.5,0.05555555555555555,0.0,True,False,1.0,False,False,False
2020-03-21T00:00:00+08:00,255.3033333,-20.0,5.1,0.23333333333333328,0.0,True,False,1.0,False,False,False
2020-03-21T01:00:00+08:00,251.0033333,-19.4,3.6,0.06666666666666668,0.0021,True,False,1.0,False,False,False
2020-03-21T02:00:00+08:00,237.01,-19.9,4.6,0.17777777777777773,0.0168,True,False,1.0,False,False,False
2020-03-21T03:00:00+08:00,232.32,-20.1,4.3,0.14444444444444443,0.054599999999999996,True,False,1.0,False,False,False
2020-03-21T04:00:00+08:00,234.06,-19.9,4.5,0.16666666666666666,0.10429999999999999,True,False,1.0,False,False,False
2020-03-21T05:00:00+08:00,236.94,-19.5,4.5,0.16666666666666666,0.1505,True,False,1.0,False,False,False
2020-03-21T06:00:00+08:00,233.1433333,-19.6,5.0,0.2222222222222222,0.189,True,False,1.0,False,False,False
2020-03-21T07:00:00+08:00,266.8,-19.6,3.7,0.07777777777777779,0.217,True,False,1.0,False,False,False
2020-03-21T08:00:00+08:00,240.8166666,-20.2,4.4,0.15555555555555559,0.2366,True,False,1.0,False,False,False
2020-03-21T09:00:00+08:00,242.7966666,-19.6,2.4,0.0,0.21769999999999998,True,False,1.0,False,False,False
2020-03-21T10:00:00+08:00,251.0133333,-19.9,3.0,0.0,0.161,True,False,1.0,False,False,False
2020-03-21T11:00:00+08:00,255.78,-20.3,2.6,0.0,0.0952,True,False,1.0,False,False,False
2020-03-21T12:00:00+08:00,253.71,-21.3,1.2,0.0,0.0686,True,False,1.0,False,False,False
2020-03-21T13:00:00+08:00,234.39,-21.5,0.7,0.0,0.0147,True,False,1.0,False,False,False
2020-03-21T14:00:00+08:00,229.52,-22.3,1.3,0.0,0.0014,True,False,1.0,False,False,False
2020-03-21T15:00:00+08:00,234.22,-19.3,3.7,0.07777777777777779,0.0,True,False,1.0,False,False,False
2020-03-21T16:00:00+08:00,231.56,-18.9,3.6,0.06666666666666668,0.0,True,False,1.0,False,False,False
2020-03-21T17:00:00+08:00,247.02,-18.4,3.4,0.04444444444444443,0.0,True,False,1.0,False,False,False
2020-03-21T18:00:00+08:00,221.86,-18.2,6.0,0.3333333333333333,0.0,True,False,1.0,False,False,False
2020-03-21T19:00:00+08:00,229.5,-18.4,6.3,0.36666666666666664,0.0,True,False,1.0,False,False,False
2020-03-21T20:00:00+08:00,232.63,-18.9,7.8,0.5333333333333333,0.0,True,False,1.0,False,False,False
2020-03-21T21:00:00+08:00,234.45,-19.7,8.4,0.6000000000000001,0.0,True,False,1.0,False,False,False
2020-03-21T22:00:00+08:00,232.59,-20.5,8.9,0.6555555555555556,0.0,True,False,1.0,False,False,False
2020-03-21T23:00:00+08:00,241.24,-20.8,9.4,0.7111111111111111,0.0,True,False,1.0,False,False,False
2020-03-22T00:00:00+08:00,235.93,-20.9,9.2,0.6888888888888888,0.0,True,False,1.0,False,False,False
2020-03-22T01:00:00+08:00,233.63,-20.7,8.8,0.6444444444444445,0.0021,True,False,1.0,False,False,False
2020-03-22T02:00:00+08:00,221.01,-20.3,8.9,0.6555555555555556,0.0168,True,False,1.0,False,False,False
2020-03-22T03:00:00+08:00,228.215,-20.2,7.9,0.5444444444444445,0.055999999999999994,True,False,1.0,False,False,False
2020-03-22T04:00:00+08:00,221.45,-19.9,6.1,0.3444444444444444,0.10359999999999998,True,False,1.0,False,False,False
2020-03-22T05:00:00+08:00,228.35,-19.2,6.4,0.3777777777777778,0.1575,True,False,1.0,False,False,False
2020-03-22T06:00:00+08:00,229.86,-18.9,6.3,0.36666666666666664,0.21839999999999998,True,False,1.0,False,False,False
2020-03-22T07:00:00+08:00,254.9,-17.7,4.1,0.12222222222222218,0.2506,True,False,1.0,False,False,False
2020-03-22T08:00:00+08:00,243.35,-15.9,3.0,0.0,0.2611,True,False,1.0,False,False,False
2020-03-22T09:00:00+08:00,236.85,-14.8,1.9,0.0,0.24219999999999997,True,False,1.0,False,False,False
2020-03-22T10:00:00+08:00,249.88,-15.7,3.9,0.09999999999999999,0.20089999999999997,True,False,1.0,False,False,False
2020-03-22T11:00:00+08:00,264.84,-16.7,8.0,0.5555555555555556,0.1393,True,False,1.0,False,False,False
2020-03-22T12:00:00+08:00,241.38,-15.6,8.1,0.5666666666666667,0.0721,True,False,1.0,False,False,False
2020-03-22T13:00:00+08:00,238.87,-15.6,8.9,0.6555555555555556,0.013999999999999999,True,False,1.0,False,False,False
2020-03-22T14:00:00+08:00,245.31,-14.9,8.9,0.6555555555555556,0.0014,True,False,1.0,False,False,False
2020-03-22T15:00:00+08:00,240.98,-12.9,5.3,0.25555555555555554,0.0,True,False,1.0,False,False,False
2020-03-22T16:00:00+08:00,249.07,-11.3,3.8,0.08888888888888886,0.0,True,False,1.0,False,False,False
2020-03-22T17:00:00+08:00,248.43,-9.4,1.4,0.0,0.0,True,False,1.0,False,False,False
2020-03-22T18:00:00+08:00,258.96,-7.2,3.8,0.08888888888888886,0.0,True,False,1.0,False,False,False
2020-03-22T19:00:00+08:00,260.41,-5.8,7.5,0.5,0.0,True,False,1.0,False,False,False
2020-03-22T20:00:00+08:00,265.4466666,-5.8,5.1,0.23333333333333328,0.0,True,False,1.0,False,False,False
2020-03-22T21:00:00+08:00,241.25,-6.1,4.3,0.14444444444444443,0.0,True,False,1.0,False,False,False
2020-03-22T22:00:00+08:00,247.7133333,-5.8,3.9,0.09999999999999999,0.0,True,False,1.0,False,False,False
2020-03-22T23:00:00+08:00,256.07,-5.5,6.4,0.3777777777777778,0.0,True,False,1.0,False,False,False
2020-03-23T00:00:00+08:00,258.2666667,-5.4,8.0,0.5555555555555556,0.0,True,False,1.0,False,False,False
2020-03-23T01:00:00+08:00,246.6133334,-5.7,6.1,0.3444444444444444,0.0007,True,False,1.0,False,False,False
2020-03-23T02:00:00+08:00,244.88,-5.5,6.7,0.41111111111111115,0.012599999999999998,True,False,1.0,False,False,False
2020-03-23T03:00:00+08:00,245.6,-5.5,4.8,0.19999999999999998,0.041999999999999996,True,False,1.0,False,False,False
2020-03-23T04:00:00+08:00,259.5666666,-6.2,9.7,0.7444444444444444,0.0784,True,False,1.0,False,False,False
2020-03-23T05:00:00+08:00,245.9533334,-6.6,8.5,0.6111111111111112,0.1169,True,False,1.0,False,False,False
2020-03-23T06:00:00+08:00,248.39,-7.5,9.2,0.6888888888888888,0.1435,True,False,1.0,False,False,False
2020-03-23T07:00:00+08:00,250.9633334,-7.9,8.2,0.5777777777777777,0.1596,True,False,1.0,False,False,False
2020-03-23T08:00:00+08:00,243.9866667,-7.8,9.3,0.7000000000000001,0.154,True,False,1.0,False,False,False
2020-03-23T09:00:00+08:00,251.0266667,-8.2,8.8,0.6444444444444445,0.1351,True,False,1.0,False,False,False
2020-03-23T10:00:00+08:00,258.4266666,-10.1,6.5,0.3888888888888889,0.10779999999999999,True,False,1.0,False,False,False
2020-03-23T11:00:00+08:00,264.39,-12.1,5.4,0.2666666666666667,0.0805,True,False,1.0,False,False,False
2020-03-23T12:00:00+08:00,253.6866666,-15.3,5.4,0.2666666666666667,0.0378,True,False,1.0,False,False,False
2020-03-23T13:00:00+08:00,241.79,-16.6,5.0,0.2222222222222222,0.0084,True,False,1.0,False,False,False
2020-03-23T14:00:00+08:00,239.67,-17.4,5.5,0.2777777777777778,0.0007,True,False,1.0,False,False,False
2020-03-23T15:00:00+08:00,244.29,-18.2,3.3,0.03333333333333331,0.0,True,False,1.0,False,False,False
2020-03-23T16:00:00+08:00,258.0,-18.1,3.0,0.0,0.0,True,False,1.0,False,False,False
2020-03-23T17:00:00+08:00,281.67,-18.0,3.8,0.08888888888888886,0.0,True,False,1.0,False,False,False
2020-03-23T18:00:00+08:00,272.26,-18.5,3.7,0.07777777777777779,0.0,True,False,1.0,False,False,False
2020-03-23T19:00:00+08:00,274.84,-19.0,3.5,0.05555555555555555,0.0,True,False,1.0,False,False,False
2020-03-23T20:00:00+08:00,269.12,-20.1,1.6,0.0,0.0,True,False,1.0,False,False,False
2020-03-23T21:00:00+08:00,254.32,-20.2,1.5,0.0,0.0,True,False,1.0,False,False,False
2020-03-23T22:00:00+08:00,255.51,-20.3,0.4,0.0,0.0,True,False,1.0,False,False,False
2020-03-23T23:00:00+08:00,258.37,-20.3,1.9,0.0,0.0,True,False,1.0,False,False,False
2020-03-24T00:00:00+08:00,250.76,-20.5,1.5,0.0,0.0,True,False,1.0,False,False,False
2020-03-24T01:00:00+08:00,248.75,-20.4,1.2,0.0,0.0007,True,False,1.0,False,False,False
2020-03-24T02:00:00+08:00,251.92,-19.8,1.2,0.0,0.013999999999999999,True,False,1.0,False,False,False
2020-03-24T03:00:00+08:00,235.93,-19.2,2.8,0.0,0.049699999999999994,True,False,1.0,False,False,False
2020-03-24T04:00:00+08:00,239.05,-19.3,3.7,0.07777777777777779,0.07769999999999999,True,False,1.0,False,False,False
2020-03-24T05:00:00+08:00,229.665,-19.2,5.2,0.24444444444444446,0.1281,True,False,1.0,False,False,False
2020-03-24T06:00:00+08:00,232.93,-18.4,6.6,0.39999999999999997,0.1512,True,False,1.0,False,False,False
2020-03-24T07:00:00+08:00,247.99,-17.6,6.3,0.36666666666666664,0.16449999999999998,True,False,1.0,False,False,False
2020-03-24T08:00:00+08:00,228.23,-16.5,4.2,0.13333333333333336,0.1659,True,False,1.0,False,False,False
2020-03-24T09:00:00+08:00,227.52,-15.7,2.0,0.0,0.147,True,False,1.0,False,False,False
2020-03-24T10:00:00+08:00,236.76,-15.8,1.6,0.0,0.126,True,False,1.0,False,False,False
2020-03-24T11:00:00+08:00,267.03,-15.3,2.0,0.0,0.08399999999999999,True,False,1.0,False,False,False
2020-03-24T12:00:00+08:00,240.4,-15.4,3.4,0.04444444444444443,0.0392,True,False,1.0,False,False,False
2020-03-24T13:00:00+08:00,231.35,-14.9,3.2,0.02222222222222224,0.0084,True,False,1.0,False,False,False
2020-03-24T14:00:00+08:00,224.61,-14.7,3.6,0.06666666666666668,0.0007,True,False,1.0,False,False,False
2020-03-24T15:00:00+08:00,221.14,-13.1,3.0,0.0,0.0,True,False,1.0,False,False,False
2020-03-24T16:00:00+08:00,228.72,-12.3,2.5,0.0,0.0,True,False,1.0,False,False,False
2020-03-24T17:00:00+08:00,239.98,-13.1,1.7,0.0,0.0,True,False,1.0,False,False,False
2020-03-24T18:00:00+08:00,234.59,-13.9,1.9,0.0,0.0,True,False,1.0,False,False,False
2020-03-24T19:00:00+08:00,246.56,-12.6,1.7,0.0,0.0,True,False,1.0,False,False,False
2020-03-24T20:00:00+08:00,241.35,-10.4,3.2,0.02222222222222224,0.0,True,False,1.0,False,False,False
2020-03-24T21:00:00+08:00,227.96,-8.3,6.3,0.36666666666666664,0.0,True,False,1.0,False,False,False
2020-03-24T22:00:00+08:00,217.52,-8.2,4.5,0.16666666666666666,0.0,True,False,1.0,False,False,False
2020-03-24T23:00:00+08:00,224.6466667,-8.7,3.9,0.09999999999999999,0.0,True,False,1.0,False,False,False
2020-03-25T00:00:00+08:00,235.0266666,-9.0,3.7,0.07777777777777779,0.0,True,False,1.0,False,False,False
2020-03-25T01:00:00+08:00,231.9166667,-9.5,9.4,0.7111111111111111,0.0007,True,False,1.0,False,False,False
2020-03-25T02:00:00+08:00,229.4666667,-9.7,11.1,0.8999999999999999,0.0133,True,False,1.0,False,False,False
2020-03-25T03:00:00+08:00,224.9333333,-10.2,11.4,0.9333333333333333,0.0525,True,False,1.0,False,False,False
2020-03-25T04:00:00+08:00,223.9933333,-10.2,10.9,0.8777777777777778,0.10569999999999999,True,False,1.0,False,False,False
2020-03-25T05:00:00+08:00,219.4866667,-10.1,11.5,0.9444444444444444,0.1603,True,False,1.0,False,False,False
2020-03-25T06:00:00+08:00,234.2533333,-10.3,10.0,0.7777777777777778,0.20019999999999996,True,False,1.0,False,False,False
2020-03-25T07:00:00+08:00,247.5933333,-9.9,9.9,0.7666666666666667,0.22119999999999998,True,False,1.0,False,False,False
2020-03-25T08:00:00+08:00,225.8966667,-9.7,8.7,0.6333333333333333,0.2254,True,False,1.0,False,False,False
2020-03-25T09:00:00+08:00,225.19,-9.4,7.9,0.5444444444444445,0.20299999999999999,True,False,1.0,False,False,False
2020-03-25T10:00:00+08:00,242.5533333,-9.4,8.3,0.588888888888889,0.1659,True,False,1.0,False,False,False
2020-03-25T11:00:00+08:00,251.24,-9.9,5.6,0.28888888888888886,0.1113,True,False,1.0,False,False,False
2020-03-25T12:00:00+08:00,234.1266667,-10.6,7.4,0.48888888888888893,0.05039999999999999,True,False,1.0,False,False,False
2020-03-25T13:00:00+08:00,231.66,-11.2,7.6,0.5111111111111111,0.009099999999999999,True,False,1.0,False,False,False
2020-03-25T14:00:00+08:00,224.25,-11.4,9.0,0.6666666666666666,0.0007,True,False,1.0,False,False,False
2020-03-25T15:00:00+08:00,238.6666667,-11.4,8.4,0.6000000000000001,0.0,True,False,1.0,False,False,False
2020-03-25T16:00:00+08:00,243.87,-13.2,7.1,0.4555555555555555,0.0,True,False,1.0,False,False,False
2020-03-25T17:00:00+08:00,250.03,-13.6,6.2,0.35555555555555557,0.0,True,False,1.0,False,False,False
2020-03-25T18:00:00+08:00,242.42,-13.7,6.4,0.3777777777777778,0.0,True,False,1.0,False,False,False
2020-03-25T19:00:00+08:00,242.37,-14.2,8.9,0.6555555555555556,0.0,True,False,1.0,False,False,False
2020-03-25T20:00:00+08:00,223.8,-13.4,6.9,0.43333333333333335,0.0,True,False,1.0,False,False,False
2020-03-25T21:00:00+08:00,225.78,-14.5,6.8,0.4222222222222222,0.0,True,False,1.0,False,False,False
2020-03-25T22:00:00+08:00,222.36,-14.7,5.2,0.24444444444444446,0.0,True,False,1.0,False,False,False
2020-03-25T23:00:00+08:00,221.51,-14.5,5.5,0.2777777777777778,0.0,True,False,1.0,False,False,False
2020-03-26T00:00:00+08:00,220.94,-15.2,7.1,0.4555555555555555,0.0,True,False,1.0,False,False,False
2020-03-26T01:00:00+08:00,232.9,-15.6,6.7,0.41111111111111115,0.0007,True,False,1.0,False,False,False
2020-03-26T02:00:00+08:00,230.02,-15.4,7.7,0.5222222222222223,0.0112,True,False,1.0,False,False,False
2020-03-26T03:00:00+08:00,225.42,-15.0,7.9,0.5444444444444445,0.049699999999999994,True,False,1.0,False,False,False
2020-03-26T04:00:00+08:00,214.51,-14.4,6.8,0.4222222222222222,0.10289999999999999,True,False,1.0,False,False,False
2020-03-26T05:00:00+08:00,211.27,-13.9,5.2,0.24444444444444446,0.15539999999999998,True,False,1.0,False,False,False
2020-03-26T06:00:00+08:00,219.46,-12.8,3.1,0.01111111111111112,0.19809999999999997,True,False,1.0,False,False,False
2020-03-26T07:00:00+08:00,226.57,-13.2,4.1,0.12222222222222218,0.2289,True,False,1.0,False,False,False
2020-03-26T08:00:00+08:00,238.65,-13.0,3.6,0.06666666666666668,0.2296,True,False,1.0,False,False,False
2020-03-26T09:00:00+08:00,221.98,-12.9,5.8,0.3111111111111111,0.20929999999999999,True,False,1.0,False,False,False
2020-03-26T10:00:00+08:00,231.47,-12.8,5.3,0.25555555555555554,0.17149999999999999,True,False,1.0,False,False,False
2020-03-26T11:00:00+08:00,249.13,-13.6,7.4,0.48888888888888893,0.1176,True,False,1.0,False,False,False
2020-03-26T12:00:00+08:00,222.82,-13.9,7.5,0.5,0.054599999999999996,True,False,1.0,False,False,False
2020-03-26T13:00:00+08:00,220.8,-14.1,7.4,0.48888888888888893,0.007699999999999999,True,False,1.0,False,False,False
2020-03-26T14:00:00+08:00,234.78,-14.3,9.9,0.7666666666666667,0.0,True,False,1.0,False,False,False
2020-03-26T15:00:00+08:00,230.88,-14.2,9.8,0.7555555555555556,0.0,True,False,1.0,False,False,False
2020-03-26T16:00:00+08:00,232.38,-14.0,10.7,0.8555555555555555,0.0,True,False,1.0,False,False,False
2020-03-26T17:00:00+08:00,242.38,-14.6,9.1,0.6777777777777777,0.0,True,False,1.0,False,False,False
2020-03-26T18:00:00+08:00,223.63,-14.5,8.7,0.6333333333333333,0.0,True,False,1.0,False,False,False
2020-03-26T19:00:00+08:00,221.62,-14.9,6.8,0.4222222222222222,0.0,True,False,1.0,False,False,False
2020-03-26T20:00:00+08:00,218.29,-15.1,5.2,0.24444444444444446,0.0,True,False,1.0,False,False,False
2020-03-26T21:00:00+08:00,213.09,-15.4,6.2,0.35555555555555557,0.0,True,False,1.0,False,False,False
2020-03-26T22:00:00+08:00,232.07,-14.9,5.9,0.32222222222222224,0.0,True,False,1.0,False,False,False
2020-03-26T23:00:00+08:00,241.68,-14.9,6.0,0.3333333333333333,0.0,True,False,1.0,False,False,False
2020-03-27T00:00:00+08:00,235.3366667,-14.7,5.7,0.30000000000000004,0.0,True,False,1.0,False,False,False
2020-03-27T01:00:00+08:00,206.2266667,-13.6,6.2,0.35555555555555557,0.0007,True,False,1.0,False,False,False
2020-03-27T02:00:00+08:00,218.8966667,-13.3,5.3,0.25555555555555554,0.010499999999999999,True,False,1.0,False,False,False
2020-03-27T03:00:00+08:00,228.3033333,-12.2,7.4,0.48888888888888893,0.05109999999999999,True,False,1.0,False,False,False
2020-03-27T04:00:00+08:00,228.6933333,-12.3,4.9,0.21111111111111114,0.1099,True,False,1.0,False,False,False
2020-03-27T05:00:00+08:00,214.6566667,-11.3,4.1,0.12222222222222218,0.16519999999999999,True,False,1.0,False,False,False
2020-03-27T06:00:00+08:00,212.8366667,-10.4,4.4,0.15555555555555559,0.20579999999999998,True,False,1.0,False,False,False
2020-03-27T07:00:00+08:00,214.1733333,-9.9,4.6,0.17777777777777773,0.2268,True,False,1.0,False,False,False
2020-03-27T08:00:00+08:00,224.8533333,-10.1,1.1,0.0,0.2261,True,False,1.0,False,False,False
2020-03-27T09:00:00+08:00,218.7733333,-10.8,2.6,0.0,0.20509999999999998,True,False,1.0,False,False,False
2020-03-27T10:00:00+08:00,228.9,-10.0,0.5,0.0,0.1659,True,False,1.0,False,False,False
2020-03-27T11:00:00+08:00,236.6866667,-11.1,0.6,0.0,0.11059999999999999,True,False,1.0,False,False,False
2020-03-27T12:00:00+08:00,218.45,-13.0,6.8,0.4222222222222222,0.05109999999999999,True,False,1.0,False,False,False
2020-03-27T13:00:00+08:00,215.6266667,-13.8,4.7,0.1888888888888889,0.007699999999999999,True,False,1.0,False,False,False
2020-03-27T14:00:00+08:00,220.7266667,-14.4,4.3,0.14444444444444443,0.0,True,False,1.0,False,False,False
2020-03-27T15:00:00+08:00,227.1866667,-14.9,2.3,0.0,0.0,True,False,1.0,False,False,False
2020-03-27T16:00:00+08:00,238.9366667,-15.0,4.8,0.19999999999999998,0.0,True,False,1.0,False,False,False
2020-03-27T17:00:00+08:00,243.1616667,-15.4,4.5,0.16666666666666666,0.0,True,False,1.0,False,False,False
2020-03-27T18:00:00+08:00,236.53,-16.1,3.8,0.08888888888888886,0.0,True,False,1.0,False,False,False
2020-03-27T19:00:00+08:00,239.74,-16.0,6.4,0.3777777777777778,0.0,True,False,1.0,False,False,False
2020-03-27T20:00:00+08:00,239.61,-15.5,5.3,0.25555555555555554,0.0,True,False,1.0,False,False,False
2020-03-27T21:00:00+08:00,235.82,-16.0,4.4,0.15555555555555559,0.0,True,False,1.0,False,False,False
2020-03-27T22:00:00+08:00,238.49,-16.5,9.0,0.6666666666666666,0.0,True,False,1.0,False,False,False
2020-03-27T23:00:00+08:00,260.57,-16.0,6.6,0.39999999999999997,0.0,True,False,1.0,False,False,False
2020-03-28T00:00:00+08:00,257.67,-16.5,9.6,0.7333333333333333,0.0,True,False,1.0,False,False,False
2020-03-28T01:00:00+08:00,241.81,-16.3,6.4,0.3777777777777778,0.0007,True,False,1.0,False,False,False
2020-03-28T02:00:00+08:00,225.96,-16.7,6.8,0.4222222222222222,0.007699999999999999,True,False,1.0,False,False,False
2020-03-28T03:00:00+08:00,229.85,-16.7,2.6,0.0,0.0406,True,False,1.0,False,False,False
2020-03-28T04:00:00+08:00,239.04,-16.6,2.4,0.0,0.0931,True,False,1.0,False,False,False
2020-03-28T05:00:00+08:00,235.57,-16.1,4.8,0.19999999999999998,0.1477,True,False,1.0,False,False,False
2020-03-28T06:00:00+08:00,241.24,-14.8,2.7,0.0,0.1904,True,False,1.0,False,False,False
2020-03-28T07:00:00+08:00,249.2,-14.7,1.0,0.0,0.20929999999999999,True,False,1.0,False,False,False
2020-03-28T08:00:00+08:00,237.54,-14.5,1.1,0.0,0.20929999999999999,True,False,1.0,False,False,False
2020-03-28T09:00:00+08:00,229.9,-14.3,1.9,0.0,0.1904,True,False,1.0,False,False,False
2020-03-28T10:00:00+08:00,232.4,-14.5,2.7,0.0,0.14629999999999999,True,False,1.0,False,False,False
2020-03-28T11:00:00+08:00,241.83,-15.2,2.3,0.0,0.0924,True,False,1.0,False,False,False
2020-03-28T12:00:00+08:00,232.25,-15.2,1.6,0.0,0.037099999999999994,True,False,1.0,False,False,False
2020-03-28T13:00:00+08:00,233.89,-16.0,4.7,0.1888888888888889,0.0049,True,False,1.0,False,False,False
2020-03-28T14:00:00+08:00,222.74,-16.1,6.6,0.39999999999999997,0.0,True,False,1.0,False,False,False
2020-03-28T15:00:00+08:00,230.6,-15.9,4.8,0.19999999999999998,0.0,True,False,1.0,False,False,False
2020-03-28T16:00:00+08:00,230.76,-16.1,8.0,0.5555555555555556,0.0,True,False,1.0,False,False,False
2020-03-28T17:00:00+08:00,249.79,-16.3,9.6,0.7333333333333333,0.0,True,False,1.0,False,False,False
2020-03-28T18:00:00+08:00,239.53,-16.4,7.6,0.5111111111111111,0.0,True,False,1.0,False,False,False
2020-03-28T19:00:00+08:00,228.41,-16.0,8.5,0.6111111111111112,0.0,True,False,1.0,False,False,False
2020-03-28T20:00:00+08:00,232.14,-15.3,8.2,0.5777777777777777,0.0,True,False,1.0,False,False,False
2020-03-28T21:00:00+08:00,232.58,-15.1,6.6,0.39999999999999997,0.0,True,False,1.0,False,False,False
2020-03-28T22:00:00+08:00,226.58,-15.4,9.9,0.7666666666666667,0.0,True,False,1.0,False,False,False
2020-03-28T23:00:00+08:00,232.29,-15.0,6.1,0.3444444444444444,0.0,True,False,1.0,False,False,False
2020-03-29T00:00:00+08:00,237.43,-15.1,7.6,0.5111111111111111,0.0,True,False,1.0,False,False,False
2020-03-29T01:00:00+08:00,225.32,-14.2,12.3,1.0,0.0,True,False,1.0,False,False,False
2020-03-29T02:00:00+08:00,229.39,-15.7,11.4,0.9333333333333333,0.006999999999999999,True,False,1.0,False,False,False
2020-03-29T03:00:00+08:00,233.18,-15.5,11.2,0.911111111111111,0.037099999999999994,True,False,1.0,False,False,False
2020-03-29T04:00:00+08:00,232.05,-13.6,7.2,0.4666666666666667,0.08539999999999999,True,False,1.0,False,False,False
2020-03-29T05:00:00+08:00,240.9133334,-12.8,11.1,0.8999999999999999,0.1386,True,False,1.0,False,False,False
2020-03-29T06:00:00+08:00,257.2533333,-12.8,12.1,1.0,0.17779999999999999,True,False,1.0,False,False,False
2020-03-29T07:00:00+08:00,272.84,-12.1,10.2,0.7999999999999999,0.20159999999999997,True,False,1.0,False,False,False
2020-03-29T08:00:00+08:00,225.55,-12.0,9.8,0.7555555555555556,0.20229999999999998,True,False,1.0,False,False,False
2020-03-29T09:00:00+08:00,222.2433333,-12.3,11.6,0.9555555555555555,0.1813,True,False,1.0,False,False,False
2020-03-29T10:00:00+08:00,225.45,-12.4,12.0,1.0,0.1435,True,False,1.0,False,False,False
2020-03-29T11:00:00+08:00,225.17,-12.9,12.4,1.0,0.0875,True,False,1.0,False,False,False
2020-03-29T12:00:00+08:00,216.8766667,-13.2,8.4,0.6000000000000001,0.0329,True,False,1.0,False,False,False
2020-03-29T13:00:00+08:00,211.67,-13.3,11.5,0.9444444444444444,0.0034999999999999996,True,False,1.0,False,False,False
2020-03-29T14:00:00+08:00,214.48,-13.5,11.9,0.9888888888888889,0.0,True,False,1.0,False,False,False
2020-03-29T15:00:00+08:00,215.33,-14.0,14.6,1.0,0.0,True,False,1.0,False,False,False
2020-03-29T16:00:00+08:00,214.5766667,-14.4,13.3,1.0,0.0,True,False,1.0,False,False,False
2020-03-29T17:00:00+08:00,237.6266667,-14.1,12.3,1.0,0.0,True,False,1.0,False,False,False
2020-03-29T18:00:00+08:00,226.05,-13.9,10.4,0.8222222222222223,0.0,True,False,1.0,False,False,False
2020-03-29T19:00:00+08:00,217.34,-13.4,8.6,0.6222222222222222,0.0,True,False,1.0,False,False,False
2020-03-29T20:00:00+08:00,230.62,-13.5,7.0,0.4444444444444444,0.0,True,False,1.0,False,False,False
2020-03-29T21:00:00+08:00,230.96,-12.8,7.6,0.5111111111111111,0.0,True,False,1.0,False,False,False
2020-03-29T22:00:00+08:00,224.78,-12.6,8.0,0.5555555555555556,0.0,True,False,1.0,False,False,False
2020-03-29T23:00:00+08:00,216.82,-12.6,6.6,0.39999999999999997,0.0,True,False,1.0,False,False,False
2020-03-30T00:00:00+08:00,214.56,-12.2,7.5,0.5,0.0,True,False,1.0,False,False,False
2020-03-30T01:00:00+08:00,217.42,-12.0,8.1,0.5666666666666667,0.0,True,False,1.0,False,False,False
2020-03-30T02:00:00+08:00,217.46,-12.0,7.7,0.5222222222222223,0.0056,True,False,1.0,False,False,False
2020-03-30T03:00:00+08:00,223.06,-11.9,7.5,0.5,0.0294,True,False,1.0,False,False,False
2020-03-30T04:00:00+08:00,216.14,-11.1,9.7,0.7444444444444444,0.0707,True,False,1.0,False,False,False
2020-03-30T05:00:00+08:00,218.42,-10.2,7.9,0.5444444444444445,0.1176,True,False,1.0,False,False,False
2020-03-30T06:00:00+08:00,226.53,-9.6,8.3,0.588888888888889,0.15189999999999998,True,False,1.0,False,False,False
2020-03-30T07:00:00+08:00,250.37,-9.4,5.9,0.32222222222222224,0.16729999999999998,True,False,1.0,False,False,False
2020-03-30T08:00:00+08:00,233.96,-9.4,3.7,0.07777777777777779,0.1694,True,False,1.0,False,False,False
2020-03-30T09:00:00+08:00,235.93,-9.4,3.3,0.03333333333333331,0.14489999999999997,True,False,1.0,False,False,False
2020-03-30T10:00:00+08:00,265.18,-8.7,4.6,0.17777777777777773,0.1162,True,False,1.0,False,False,False
2020-03-30T11:00:00+08:00,262.21,-9.1,3.7,0.07777777777777779,0.0574,True,False,1.0,False,False,False
2020-03-30T12:00:00+08:00,223.31,-9.0,5.3,0.25555555555555554,0.021699999999999997,True,False,1.0,False,False,False
2020-03-30T13:00:00+08:00,222.08,-8.7,8.5,0.6111111111111112,0.0028,True,False,1.0,False,False,False
2020-03-30T14:00:00+08:00,221.43,-8.9,8.0,0.5555555555555556,0.0,True,False,1.0,False,False,False
2020-03-30T15:00:00+08:00,230.56,-8.6,6.6,0.39999999999999997,0.0,True,False,1.0,False,False,False
2020-03-30T16:00:00+08:00,237.72,-8.4,8.8,0.6444444444444445,0.0,True,False,1.0,False,False,False
2020-03-30T17:00:00+08:00,249.9,-8.5,8.2,0.5777777777777777,0.0,True,False,1.0,False,False,False
2020-03-30T18:00:00+08:00,228.96,-8.1,7.7,0.5222222222222223,0.0,True,False,1.0,False,False,False
2020-03-30T19:00:00+08:00,232.79,-8.1,5.2,0.24444444444444446,0.0,True,False,1.0,False,False,False
2020-03-30T20:00:00+08:00,234.59,-8.4,5.4,0.2666666666666667,0.0,True,False,1.0,False,False,False
2020-03-30T21:00:00+08:00,231.35,-8.6,4.3,0.14444444444444443,0.0,True,False,1.0,False,False,False
2020-03-30T22:00:00+08:00,222.91,-7.5,4.1,0.12222222222222218,0.0,True,False,1.0,False,False,False
2020-03-30T23:00:00+08:00,224.95,-6.7,3.4,0.04444444444444443,0.0,True,False,1.0,False,False,False
2020-03-31T00:00:00+08:00,224.51,-4.9,5.9,0.32222222222222224,0.0,True,False,1.0,False,False,False
2020-03-31T01:00:00+08:00,224.81,-5.0,10.2,0.7999999999999999,0.0,True,False,1.0,False,False,False
2020-03-31T02:00:00+08:00,219.0,-4.9,9.0,0.6666666666666666,0.0042,True,False,1.0,False,False,False
2020-03-31T03:00:00+08:00,218.44,-4.8,8.7,0.6333333333333333,0.020999999999999998,True,False,1.0,False,False,False
2020-03-31T04:00:00+08:00,220.4,-4.8,9.4,0.7111111111111111,0.055999999999999994,True,False,1.0,False,False,False
2020-03-31T05:00:00+08:00,222.05,-4.9,7.0,0.4444444444444444,0.1148,True,False,1.0,False,False,False
2020-03-31T06:00:00+08:00,218.9166667,-5.2,6.4,0.3777777777777778,0.17149999999999999,True,False,1.0,False,False,False
2020-03-31T07:00:00+08:00,242.1266667,-5.4,8.8,0.6444444444444445,0.1659,True,False,1.0,False,False,False
2020-03-31T08:00:00+08:00,213.3116667,-5.4,6.5,0.3888888888888889,0.20089999999999997,True,False,1.0,False,False,False
2020-03-31T09:00:00+08:00,231.6333333,-6.0,8.7,0.6333333333333333,0.1799,True,False,1.0,False,False,False
2020-03-31T10:00:00+08:00,252.3966666,-5.9,8.0,0.5555555555555556,0.1288,True,False,1.0,False,False,False
2020-03-31T11:00:00+08:00,266.11,-6.8,7.6,0.5111111111111111,0.06369999999999999,True,False,1.0,False,False,False
2020-03-31T12:00:00+08:00,237.3833333,-7.4,9.1,0.6777777777777777,0.021699999999999997,True,False,1.0,False,False,False
2020-03-31T13:00:00+08:00,217.6866667,-7.9,11.5,0.9444444444444444,0.0028,True,False,1.0,False,False,False
2020-03-31T14:00:00+08:00,222.33,-8.4,11.6,0.9555555555555555,0.0,True,False,1.0,False,False,False
2020-03-31T15:00:00+08:00,230.76,-8.4,11.1,0.8999999999999999,0.0,True,False,1.0,False,False,False
2020-03-31T16:00:00+08:00,242.0333333,-8.7,10.7,0.8555555555555555,0.0,True,False,1.0,False,False,False
2020-03-31T17:00:00+08:00,238.5933333,-8.9,11.0,0.8888888888888888,0.0,True,False,1.0,False,False,False
2020-03-31T18:00:00+08:00,217.85,-9.0,8.8,0.6444444444444445,0.0,True,False,1.0,False,False,False
2020-03-31T19:00:00+08:00,219.0866667,-8.9,9.3,0.7000000000000001,0.0,True,False,1.0,False,False,False
2020-03-31T20:00:00+08:00,216.98,-9.0,9.0,0.6666666666666666,0.0,True,False,1.0,False,False,False
2020-03-31T21:00:00+08:00,218.6066667,-9.0,8.6,0.6222222222222222,0.0,True,False,1.0,False,False,False
2020-03-31T22:00:00+08:00,230.1,-9.1,8.9,0.6555555555555556,0.0,True,False,1.0,False,False,False
2020-03-31T23:00:00+08:00,227.72,-9.0,9.7,0.7444444444444444,0.0,True,False,1.0,False,False,False
2020-04-01T00:00:00+08:00,225.23,-8.9,9.4,0.7111111111111111,0.0,True,False,1.0,False,False,False
2020-04-01T01:00:00+08:00,219.14,-8.7,7.6,0.5111111111111111,0.0,True,False,1.0,False,False,False
2020-04-01T02:00:00+08:00,211.41,-8.4,7.9,0.5444444444444445,0.0034999999999999996,True,False,1.0,False,False,False
2020-04-01T03:00:00+08:00,213.67,-8.3,6.5,0.3888888888888889,0.025199999999999997,True,False,1.0,False,False,False
2020-04-01T04:00:00+08:00,215.0,-8.0,6.7,0.41111111111111115,0.07139999999999999,True,False,1.0,False,False,False
2020-04-01T05:00:00+08:00,222.48,-7.6,6.0,0.3333333333333333,0.126,True,False,1.0,False,False,False
2020-04-01T06:00:00+08:00,222.93,-7.5,4.7,0.1888888888888889,0.17009999999999997,True,False,1.0,False,False,False
2020-04-01T07:00:00+08:00,246.76,-7.1,4.4,0.15555555555555559,0.1925,True,False,1.0,False,False,False
2020-04-01T08:00:00+08:00,225.65,-7.0,2.9,0.0,0.20019999999999996,True,False,1.0,False,False,False
2020-04-01T09:00:00+08:00,248.58,-6.9,3.3,0.03333333333333331,0.182,True,False,1.0,False,False,False
2020-04-01T10:00:00+08:00,244.23,-6.8,3.6,0.06666666666666668,0.1344,True,False,1.0,False,False,False
2020-04-01T11:00:00+08:00,236.23,-7.0,3.1,0.01111111111111112,0.08259999999999999,True,False,1.0,False,False,False
2020-04-01T12:00:00+08:00,228.24,-7.6,3.1,0.01111111111111112,0.0224,True,False,1.0,False,False,False
2020-04-01T13:00:00+08:00,240.16,-7.8,4.1,0.12222222222222218,0.0014,True,False,1.0,False,False,False
2020-04-01T14:00:00+08:00,246.13,-8.0,3.5,0.05555555555555555,0.0,True,False,1.0,False,False,False
2020-04-01T15:00:00+08:00,228.31,-8.1,3.0,0.0,0.0,True,False,1.0,False,False,False
2020-04-01T16:00:00+08:00,245.38,-8.2,3.5,0.05555555555555555,0.0,True,False,1.0,False,False,False
2020-04-01T17:00:00+08:00,254.52,-8.4,2.8,0.0,0.0,True,False,1.0,False,False,False
2020-04-01T18:00:00+08:00,241.23,-8.4,3.7,0.07777777777777779,0.0,True,False,1.0,False,False,False
2020-04-01T19:00:00+08:00,244.75,-8.8,3.8,0.08888888888888886,0.0,True,False,1.0,False,False,False
2020-04-01T20:00:00+08:00,238.24,-8.9,5.0,0.2222222222222222,0.0,True,False,1.0,False,False,False
2020-04-01T21:00:00+08:00,236.18,-9.7,2.1,0.0,0.0,True,False,1.0,False,False,False
2020-04-01T22:00:00+08:00,240.35,-10.2,4.1,0.12222222222222218,0.0,True,False,1.0,False,False,False
2020-04-01T23:00:00+08:00,233.96,-10.8,3.8,0.08888888888888886,0.0,True,False,1.0,False,False,False
2020-04-02T00:00:00+08:00,223.64,-11.5,3.8,0.08888888888888886,0.0,True,False,1.0,False,False,False
2020-04-02T01:00:00+08:00,225.96,-11.7,3.1,0.01111111111111112,0.0,True,False,1.0,False,False,False
2020-04-02T02:00:00+08:00,231.33,-11.1,2.6,0.0,0.0028,True,False,1.0,False,False,False
2020-04-02T03:00:00+08:00,222.0,-10.2,1.6,0.0,0.0238,True,False,1.0,False,False,False
2020-04-02T04:00:00+08:00,223.79,-9.7,0.2,0.0,0.053899999999999997,True,False,1.0,False,False,False
2020-04-02T05:00:00+08:00,223.32,-9.0,2.5,0.0,0.08259999999999999,True,False,1.0,False,False,False
2020-04-02T06:00:00+08:00,223.53,-8.9,4.4,0.15555555555555559,0.1099,True,False,1.0,False,False,False
2020-04-02T07:00:00+08:00,246.2866667,-8.6,2.9,0.0,0.1435,True,False,1.0,False,False,False
2020-04-02T08:00:00+08:00,230.6466667,-8.4,3.9,0.09999999999999999,0.1323,True,False,1.0,False,False,False
2020-04-02T09:00:00+08:00,226.96,-8.7,4.7,0.1888888888888889,0.12389999999999998,True,False,1.0,False,False,False
2020-04-02T10:00:00+08:00,247.5166667,-8.6,3.4,0.04444444444444443,0.08259999999999999,True,False,1.0,False,False,False
2020-04-02T11:00:00+08:00,244.63,-8.7,3.6,0.06666666666666668,0.0532,True,False,1.0,False,False,False
2020-04-02T12:00:00+08:00,217.6633333,-8.7,2.6,0.0,0.017499999999999998,True,False,1.0,False,False,False
2020-04-02T13:00:00+08:00,213.4433333,-8.7,3.4,0.04444444444444443,0.0007,True,False,1.0,False,False,False
2020-04-02T14:00:00+08:00,221.3466667,-8.7,4.7,0.1888888888888889,0.0,True,False,1.0,False,False,False
2020-04-02T15:00:00+08:00,223.45,-8.8,5.5,0.2777777777777778,0.0,True,False,1.0,False,False,False
2020-04-02T16:00:00+08:00,238.31,-8.9,5.5,0.2777777777777778,0.0,True,False,1.0,False,False,False
2020-04-02T17:00:00+08:00,257.2266666,-8.9,5.1,0.23333333333333328,0.0,True,False,1.0,False,False,False
2020-04-02T18:00:00+08:00,245.76,-9.0,6.0,0.3333333333333333,0.0,True,False,1.0,False,False,False
2020-04-02T19:00:00+08:00,235.0966667,-8.8,5.7,0.30000000000000004,0.0,True,False,1.0,False,False,False
2020-04-02T20:00:00+08:00,227.71,-8.7,6.6,0.39999999999999997,0.0,True,False,1.0,False,False,False
2020-04-02T21:00:00+08:00,225.9833333,-8.5,5.9,0.32222222222222224,0.0,True,False,1.0,False,False,False
2020-04-02T22:00:00+08:00,224.3633333,-8.5,5.6,0.28888888888888886,0.0,True,False,1.0,False,False,False
2020-04-02T23:00:00+08:00,233.77,-8.9,6.3,0.36666666666666664,0.0,True,False,1.0,False,False,False
2020-04-03T00:00:00+08:00,226.2016667,-8.6,7.5,0.5,0.0,True,False,1.0,False,False,False
2020-04-03T01:00:00+08:00,220.65,-8.1,5.9,0.32222222222222224,0.0,True,False,1.0,False,False,False
2020-04-03T02:00:00+08:00,225.97,-8.1,6.2,0.35555555555555557,0.0021,True,False,1.0,False,False,False
2020-04-03T03:00:00+08:00,226.28,-8.3,4.8,0.19999999999999998,0.0196,True,False,1.0,False,False,False
2020-04-03T04:00:00+08:00,217.28,-8.6,4.7,0.1888888888888889,0.07629999999999999,True,False,1.0,False,False,False
2020-04-03T05:00:00+08:00,217.15,-8.7,6.0,0.3333333333333333,0.12319999999999999,True,False,1.0,False,False,False
2020-04-03T06:00:00+08:00,216.87,-8.6,5.4,0.2666666666666667,0.1638,True,False,1.0,False,False,False
2020-04-03T07:00:00+08:00,218.8,-8.3,5.3,0.25555555555555554,0.1477,True,False,1.0,False,False,False
2020-04-03T08:00:00+08:00,216.16,-8.2,5.4,0.2666666666666667,0.12389999999999998,True,False,1.0,False,False,False
2020-04-03T09:00:00+08:00,214.59,-8.2,5.0,0.2222222222222222,0.182,True,False,1.0,False,False,False
2020-04-03T10:00:00+08:00,235.03,-7.9,5.7,0.30000000000000004,0.12389999999999998,True,False,1.0,False,False,False
2020-04-03T11:00:00+08:00,250.71,-8.0,4.8,0.19999999999999998,0.041299999999999996,True,False,1.0,False,False,False
2020-04-03T12:00:00+08:00,227.72,-8.0,5.1,0.23333333333333328,0.0112,True,False,1.0,False,False,False
2020-04-03T13:00:00+08:00,214.68,-8.0,5.2,0.24444444444444446,0.0007,True,False,1.0,False,False,False
2020-04-03T14:00:00+08:00,217.97,-8.0,5.8,0.3111111111111111,0.0,True,False,1.0,False,False,False
2020-04-03T15:00:00+08:00,221.31,-8.1,6.5,0.3888888888888889,0.0,True,False,1.0,False,False,False
2020-04-03T16:00:00+08:00,242.9,-8.1,6.6,0.39999999999999997,0.0,True,False,1.0,False,False,False
2020-04-03T17:00:00+08:00,245.09,-9.7,2.3,0.0,0.0,True,False,1.0,False,False,False
2020-04-03T18:00:00+08:00,229.73,-8.8,7.0,0.4444444444444444,0.0,True,False,1.0,False,False,False
2020-04-03T19:00:00+08:00,237.55,-8.8,6.7,0.41111111111111115,0.0,True,False,1.0,False,False,False
2020-04-03T20:00:00+08:00,239.43,-8.7,7.4,0.48888888888888893,0.0,True,False,1.0,False,False,False
2020-04-03T21:00:00+08:00,224.24,-9.0,6.4,0.3777777777777778,0.0,True,False,1.0,False,False,False
2020-04-03T22:00:00+08:00,218.36,-9.0,6.2,0.35555555555555557,0.0,True,False,1.0,False,False,False
2020-04-03T23:00:00+08:00,214.97,-9.0,6.3,0.36666666666666664,0.0,True,False,1.0,False,False,False
2020-04-04T00:00:00+08:00,216.27,-9.2,6.5,0.3888888888888889,0.0,True,False,1.0,False,False,False
2020-04-04T01:00:00+08:00,217.51,-9.4,7.3,0.47777777777777775,0.0,True,False,1.0,False,False,False
2020-04-04T02:00:00+08:00,212.78,-9.3,5.7,0.30000000000000004,0.0014,True,False,1.0,False,False,False
2020-04-04T03:00:00+08:00,215.84,-9.3,6.0,0.3333333333333333,0.0119,True,False,1.0,False,False,False
2020-04-04T04:00:00+08:00,214.37,-9.4,6.7,0.41111111111111115,0.035699999999999996,True,False,1.0,False,False,False
2020-04-04T05:00:00+08:00,214.75,-9.7,7.1,0.4555555555555555,0.06369999999999999,True,False,1.0,False,False,False
2020-04-04T06:00:00+08:00,218.18,-9.8,6.0,0.3333333333333333,0.0847,True,False,1.0,False,False,False
2020-04-04T07:00:00+08:00,235.52,-10.2,6.1,0.3444444444444444,0.0917,True,False,1.0,False,False,False
2020-04-04T08:00:00+08:00,222.63,-10.2,7.0,0.4444444444444444,0.08889999999999999,True,False,1.0,False,False,False
2020-04-04T09:00:00+08:00,228.5483333,-10.5,8.8,0.6444444444444445,0.0756,True,False,1.0,False,False,False
2020-04-04T10:00:00+08:00,237.0933333,-10.3,8.1,0.5666666666666667,0.05179999999999999,True,False,1.0,False,False,False
2020-04-04T11:00:00+08:00,245.1266667,-10.6,6.3,0.36666666666666664,0.0266,True,False,1.0,False,False,False
2020-04-04T12:00:00+08:00,229.0,-11.1,5.8,0.3111111111111111,0.006999999999999999,True,False,1.0,False,False,False
2020-04-04T13:00:00+08:00,219.6666667,-11.6,3.6,0.06666666666666668,0.0007,True,False,1.0,False,False,False
2020-04-04T14:00:00+08:00,228.01,-11.7,5.0,0.2222222222222222,0.0,True,False,1.0,False,False,False
2020-04-04T15:00:00+08:00,222.1566667,-11.6,5.4,0.2666666666666667,0.0,True,False,1.0,False,False,False
2020-04-04T16:00:00+08:00,236.0866667,-11.4,4.0,0.1111111111111111,0.0,True,False,1.0,False,False,False
2020-04-04T17:00:00+08:00,248.8333334,-11.7,5.2,0.24444444444444446,0.0,True,False,1.0,False,False,False
2020-04-04T18:00:00+08:00,217.7066667,-11.6,4.6,0.17777777777777773,0.0,True,False,1.0,False,False,False
2020-04-04T19:00:00+08:00,242.04,-11.7,5.4,0.2666666666666667,0.0,True,False,1.0,False,False,False
2020-04-04T20:00:00+08:00,229.29,-11.7,4.7,0.1888888888888889,0.0,True,False,1.0,False,False,False
2020-04-04T21:00:00+08:00,221.8133333,-11.6,4.2,0.13333333333333336,0.0,True,False,1.0,False,False,False
2020-04-04T22:00:00+08:00,228.69,-11.7,4.5,0.16666666666666666,0.0,True,False,1.0,False,False,False
2020-04-04T23:00:00+08:00,235.8966666,-11.9,4.0,0.1111111111111111,0.0,True,False,1.0,False,False,False
2020-04-05T00:00:00+08:00,242.0366667,-11.9,2.6,0.0,0.0,True,False,1.0,False,False,False
2020-04-05T01:00:00+08:00,242.49,-12.2,1.7,0.0,0.0,True,False,1.0,False,False,False
2020-04-05T02:00:00+08:00,221.11,-12.5,1.3,0.0,0.0014,True,False,1.0,False,False,False
2020-04-05T03:00:00+08:00,218.15,-12.9,2.5,0.0,0.0133,True,False,1.0,False,False,False
2020-04-05T04:00:00+08:00,230.83,-13.2,2.6,0.0,0.035699999999999996,True,False,1.0,False,False,False
2020-04-05T05:00:00+08:00,224.59,-12.0,2.8,0.0,0.062299999999999994,True,False,1.0,False,False,False
2020-04-05T06:00:00+08:00,224.68,-12.2,0.2,0.0,0.0882,True,False,1.0,False,False,False
2020-04-05T07:00:00+08:00,238.89,-13.6,0.6,0.0,0.09029999999999999,True,False,1.0,False,False,False
2020-04-05T08:00:00+08:00,225.05,-13.4,0.7,0.0,0.0917,True,False,1.0,False,False,False
2020-04-05T09:00:00+08:00,220.87,-14.6,2.0,0.0,0.0735,True,False,1.0,False,False,False
2020-04-05T10:00:00+08:00,231.33,-16.5,2.4,0.0,0.049699999999999994,True,False,1.0,False,False,False
2020-04-05T11:00:00+08:00,245.75,-17.1,3.9,0.09999999999999999,0.025199999999999997,True,False,1.0,False,False,False
2020-04-05T12:00:00+08:00,224.93,-18.0,3.8,0.08888888888888886,0.006299999999999999,True,False,1.0,False,False,False
2020-04-05T13:00:00+08:00,226.0,-17.4,2.1,0.0,0.0007,True,False,1.0,False,False,False
2020-04-05T14:00:00+08:00,231.77,-18.8,2.5,0.0,0.0,True,False,1.0,False,False,False
2020-04-05T15:00:00+08:00,232.72,-19.1,2.3,0.0,0.0,True,False,1.0,False,False,False
2020-04-05T16:00:00+08:00,261.96,-17.6,2.6,0.0,0.0,True,False,1.0,False,False,False
2020-04-05T17:00:00+08:00,247.95,-18.0,1.2,0.0,0.0,True,False,1.0,False,False,False
2020-04-05T18:00:00+08:00,234.91,-18.7,2.1,0.0,0.0,True,False,1.0,False,False,False
2020-04-05T19:00:00+08:00,228.12,-16.2,0.8,0.0,0.0,True,False,1.0,False,False,False
2020-04-05T20:00:00+08:00,223.04,-15.8,0.5,0.0,0.0,True,False,1.0,False,False,False
2020-04-05T21:00:00+08:00,224.47,-15.1,0.6,0.0,0.0,True,False,1.0,False,False,False
2020-04-05T22:00:00+08:00,243.77,-13.9,0.5,0.0,0.0,True,False,1.0,False,False,False
2020-04-05T23:00:00+08:00,240.45,-11.7,2.9,0.0,0.0,True,False,1.0,False,False,False
2020-04-06T00:00:00+08:00,227.92,-11.2,3.4,0.04444444444444443,0.0,True,False,1.0,False,False,False
2020-04-06T01:00:00+08:00,221.65,-11.6,4.3,0.14444444444444443,0.0,True,False,1.0,False,False,False
2020-04-06T02:00:00+08:00,215.57,-12.2,5.3,0.25555555555555554,0.0007,True,False,1.0,False,False,False
2020-04-06T03:00:00+08:00,217.79,-13.1,5.7,0.30000000000000004,0.010499999999999999,True,False,1.0,False,False,False
2020-04-06T04:00:00+08:00,219.07,-13.5,4.6,0.17777777777777773,0.036399999999999995,True,False,1.0,False,False,False
2020-04-06T05:00:00+08:00,225.07,-14.0,4.6,0.17777777777777773,0.0595,True,False,1.0,False,False,False
2020-04-06T06:00:00+08:00,234.39,-14.2,4.1,0.12222222222222218,0.08539999999999999,True,False,1.0,False,False,False
2020-04-06T07:00:00+08:00,228.12,-14.3,4.4,0.15555555555555559,0.10779999999999999,True,False,1.0,False,False,False
2020-04-06T08:00:00+08:00,225.42,-14.0,4.2,0.13333333333333336,0.1148,True,False,1.0,False,False,False
2020-04-06T09:00:00+08:00,237.92,-15.1,5.7,0.30000000000000004,0.0917,True,False,1.0,False,False,False
2020-04-06T10:00:00+08:00,242.89,-15.5,4.9,0.21111111111111114,0.0441,True,False,1.0,False,False,False
2020-04-06T11:00:00+08:00,240.68,-15.9,5.4,0.2666666666666667,0.0231,True,False,1.0,False,False,False
2020-04-06T12:00:00+08:00,219.7633333,-16.4,5.9,0.32222222222222224,0.0049,True,False,1.0,False,False,False
2020-04-06T13:00:00+08:00,220.29,-16.6,4.9,0.21111111111111114,0.0,True,False,1.0,False,False,False
2020-04-06T14:00:00+08:00,218.79,-16.7,5.5,0.2777777777777778,0.0,True,False,1.0,False,False,False
2020-04-06T15:00:00+08:00,239.0,-17.0,4.1,0.12222222222222218,0.0,True,False,1.0,False,False,False
2020-04-06T16:00:00+08:00,241.3833333,-16.8,4.3,0.14444444444444443,0.0,True,False,1.0,False,False,False
2020-04-06T17:00:00+08:00,245.71,-16.5,3.3,0.03333333333333331,0.0,True,False,1.0,False,False,False
2020-04-06T18:00:00+08:00,241.47,-16.6,3.9,0.09999999999999999,0.0,True,False,1.0,False,False,False
2020-04-06T19:00:00+08:00,236.4466667,-16.8,4.3,0.14444444444444443,0.0,True,False,1.0,False,False,False
2020-04-06T20:00:00+08:00,229.8333333,-17.1,3.6,0.06666666666666668,0.0,True,False,1.0,False,False,False
2020-04-06T21:00:00+08:00,226.6866667,-17.0,3.9,0.09999999999999999,0.0,True,False,1.0,False,False,False
2020-04-06T22:00:00+08:00,228.5266667,-17.4,5.2,0.24444444444444446,0.0,True,False,1.0,False,False,False
2020-04-06T23:00:00+08:00,229.29,-17.4,4.5,0.16666666666666666,0.0,True,False,1.0,False,False,False
2020-04-07T00:00:00+08:00,233.8466667,-17.0,3.1,0.01111111111111112,0.0,True,False,1.0,False,False,False
2020-04-07T01:00:00+08:00,238.2766667,-16.6,2.9,0.0,0.0,True,False,1.0,False,False,False
2020-04-07T02:00:00+08:00,240.0366666,-16.4,3.3,0.03333333333333331,0.0007,True,False,1.0,False,False,False
2020-04-07T03:00:00+08:00,219.53,-16.4,1.9,0.0,0.0084,True,False,1.0,False,False,False
2020-04-07T04:00:00+08:00,220.47,-15.9,2.1,0.0,0.0294,True,False,1.0,False,False,False
2020-04-07T05:00:00+08:00,226.22,-15.7,2.6,0.0,0.0567,True,False,1.0,False,False,False
2020-04-07T06:00:00+08:00,229.27,-15.6,2.9,0.0,0.077,True,False,1.0,False,False,False
2020-04-07T07:00:00+08:00,240.43,-15.9,3.9,0.09999999999999999,0.0917,True,False,1.0,False,False,False
2020-04-07T08:00:00+08:00,223.48,-15.4,3.2,0.02222222222222224,0.10779999999999999,True,False,1.0,False,False,False
2020-04-07T09:00:00+08:00,233.65,-15.7,3.7,0.07777777777777779,0.0749,True,False,1.0,False,False,False
2020-04-07T10:00:00+08:00,254.43,-16.3,4.8,0.19999999999999998,0.0469,True,False,1.0,False,False,False
2020-04-07T11:00:00+08:00,245.61,-16.9,4.4,0.15555555555555559,0.0294,True,False,1.0,False,False,False
2020-04-07T12:00:00+08:00,229.12,-17.7,5.5,0.2777777777777778,0.0042,True,False,1.0,False,False,False
2020-04-07T13:00:00+08:00,225.2,-17.5,3.0,0.0,0.0,True,False,1.0,False,False,False
2020-04-07T14:00:00+08:00,225.8,-17.8,5.8,0.3111111111111111,0.0,True,False,1.0,False,False,False
2020-04-07T15:00:00+08:00,223.59,-17.6,3.2,0.02222222222222224,0.0,True,False,1.0,False,False,False
2020-04-07T16:00:00+08:00,239.44,-18.0,3.4,0.04444444444444443,0.0,True,False,1.0,False,False,False
2020-04-07T17:00:00+08:00,241.92,-18.4,1.3,0.0,0.0,True,False,1.0,False,False,False
2020-04-07T18:00:00+08:00,235.74,-17.2,2.5,0.0,0.0,True,False,1.0,False,False,False
2020-04-07T19:00:00+08:00,224.08,-17.0,2.5,0.0,0.0,True,False,1.0,False,False,False
2020-04-07T20:00:00+08:00,220.29,-16.0,0.6,0.0,0.0,True,False,1.0,False,False,False
2020-04-07T21:00:00+08:00,222.985,-12.4,4.3,0.14444444444444443,0.0,True,False,1.0,False,False,False
2020-04-07T22:00:00+08:00,223.41,-11.5,6.3,0.36666666666666664,0.0,True,False,1.0,False,False,False
2020-04-07T23:00:00+08:00,221.62,-11.5,4.0,0.1111111111111111,0.0,True,False,1.0,False,False,False
2020-04-08T00:00:00+08:00,225.51,-11.4,4.2,0.13333333333333336,0.0,True,False,1.0,False,False,False
2020-04-08T01:00:00+08:00,221.54,-11.4,6.3,0.36666666666666664,0.0,True,False,1.0,False,False,False
2020-04-08T02:00:00+08:00,223.94,-11.7,6.2,0.35555555555555557,0.0014,True,False,1.0,False,False,False
2020-04-08T03:00:00+08:00,219.2,-11.6,6.3,0.36666666666666664,0.0119,True,False,1.0,False,False,False
2020-04-08T04:00:00+08:00,219.01,-11.9,2.8,0.0,0.054599999999999996,True,False,1.0,False,False,False
2020-04-08T05:00:00+08:00,222.6,-11.2,3.6,0.06666666666666668,0.10149999999999999,True,False,1.0,False,False,False
2020-04-08T06:00:00+08:00,219.91,-10.9,1.4,0.0,0.14489999999999997,True,False,1.0,False,False,False
2020-04-08T07:00:00+08:00,227.0,-10.0,2.0,0.0,0.1561,True,False,1.0,False,False,False
2020-04-08T08:00:00+08:00,224.91,-10.1,1.0,0.0,0.15539999999999998,True,False,1.0,False,False,False
2020-04-08T09:00:00+08:00,221.21,-10.6,3.4,0.04444444444444443,0.12739999999999999,True,False,1.0,False,False,False
2020-04-08T10:00:00+08:00,226.99,-11.1,1.9,0.0,0.0721,True,False,1.0,False,False,False
2020-04-08T11:00:00+08:00,252.48,-12.1,2.5,0.0,0.0238,True,False,1.0,False,False,False
2020-04-08T12:00:00+08:00,242.4,-12.7,1.4,0.0,0.0042,True,False,1.0,False,False,False
2020-04-08T13:00:00+08:00,232.91,-12.6,1.7,0.0,0.0,True,False,1.0,False,False,False
2020-04-08T14:00:00+08:00,222.4666667,-13.0,1.6,0.0,0.0,True,False,1.0,False,False,False
2020-04-08T15:00:00+08:00,234.51,-12.9,0.1,0.0,0.0,True,False,1.0,False,False,False
2020-04-08T16:00:00+08:00,255.3133334,-12.9,0.1,0.0,0.0,True,False,1.0,False,False,False
2020-04-08T17:00:00+08:00,248.9666667,-13.3,1.6,0.0,0.0,True,False,1.0,False,False,False
2020-04-08T18:00:00+08:00,229.57,-12.7,3.0,0.0,0.0,True,False,1.0,False,False,False
2020-04-08T19:00:00+08:00,225.5433333,-11.4,3.8,0.08888888888888886,0.0,True,False,1.0,False,False,False
2020-04-08T20:00:00+08:00,226.5333333,-11.2,2.4,0.0,0.0,True,False,1.0,False,False,False
2020-04-08T21:00:00+08:00,227.3966667,-12.0,0.0,0.0,0.0,True,False,1.0,False,False,False
2020-04-08T22:00:00+08:00,224.64,-12.5,1.0,0.0,0.0,True,False,1.0,False,False,False
2020-04-08T23:00:00+08:00,232.12,-12.6,1.6,0.0,0.0,True,False,1.0,False,False,False
2020-04-09T00:00:00+08:00,227.6033333,-13.3,1.6,0.0,0.0,True,False,1.0,False,False,False
2020-04-09T01:00:00+08:00,220.1833333,-13.6,2.2,0.0,0.0,True,False,1.0,False,False,False
2020-04-09T02:00:00+08:00,221.3333333,-14.0,2.5,0.0,0.0,True,False,1.0,False,False,False
2020-04-09T03:00:00+08:00,216.73,-13.8,1.7,0.0,0.006299999999999999,True,False,1.0,False,False,False
2020-04-09T04:00:00+08:00,220.54,-13.5,2.2,0.0,0.049,True,False,1.0,False,False,False
2020-04-09T05:00:00+08:00,218.18,-12.1,2.9,0.0,0.09939999999999999,True,False,1.0,False,False,False
2020-04-09T06:00:00+08:00,225.8333333,-11.4,1.6,0.0,0.13649999999999998,True,False,1.0,False,False,False
2020-04-09T07:00:00+08:00,247.9466667,-10.8,3.2,0.02222222222222224,0.1547,True,False,1.0,False,False,False
2020-04-09T08:00:00+08:00,235.69,-11.4,2.6,0.0,0.15259999999999999,True,False,1.0,False,False,False
2020-04-09T09:00:00+08:00,248.46,-11.5,1.8,0.0,0.12739999999999999,True,False,1.0,False,False,False
2020-04-09T10:00:00+08:00,237.85,-12.3,2.2,0.0,0.0791,True,False,1.0,False,False,False
2020-04-09T11:00:00+08:00,254.65,-13.6,2.0,0.0,0.0406,True,False,1.0,False,False,False
2020-04-09T12:00:00+08:00,237.56,-14.5,1.3,0.0,0.0049,True,False,1.0,False,False,False
2020-04-09T13:00:00+08:00,249.93,-14.9,1.1,0.0,0.0,True,False,1.0,False,False,False
2020-04-09T14:00:00+08:00,248.13,-15.3,0.9,0.0,0.0,True,False,1.0,False,False,False
2020-04-09T15:00:00+08:00,239.43,-15.6,0.7,0.0,0.0,True,False,1.0,False,False,False
2020-04-09T16:00:00+08:00,240.47,-16.2,1.3,0.0,0.0,True,False,1.0,False,False,False
2020-04-09T17:00:00+08:00,246.4,-15.6,2.3,0.0,0.0,True,False,1.0,False,False,False
2020-04-09T18:00:00+08:00,230.82,-14.3,3.5,0.05555555555555555,0.0,True,False,1.0,False,False,False
2020-04-09T19:00:00+08:00,225.8,-14.0,3.1,0.01111111111111112,0.0,True,False,1.0,False,False,False
2020-04-09T20:00:00+08:00,225.68,-14.1,2.6,0.0,0.0,True,False,1.0,False,False,False
2020-04-09T21:00:00+08:00,237.56,-15.2,1.0,0.0,0.0,True,False,1.0,False,False,False
2020-04-09T22:00:00+08:00,230.56,-16.2,1.5,0.0,0.0,True,False,1.0,False,False,False
2020-04-09T23:00:00+08:00,228.06,-16.7,1.1,0.0,0.0,True,False,1.0,False,False,False
2020-04-10T00:00:00+08:00,228.67,-16.5,3.3,0.03333333333333331,0.0,True,False,1.0,False,False,False
2020-04-10T01:00:00+08:00,232.94,-16.9,3.1,0.01111111111111112,0.0,True,False,1.0,False,False,False
2020-04-10T02:00:00+08:00,237.99,-17.0,1.4,0.0,0.0,True,False,1.0,False,False,False
2020-04-10T03:00:00+08:00,234.97,-17.0,1.4,0.0,0.0056,True,False,1.0,False,False,False
2020-04-10T04:00:00+08:00,238.17,-16.9,1.3,0.0,0.0224,True,False,1.0,False,False,False
2020-04-10T05:00:00+08:00,240.3,-15.8,1.0,0.0,0.0595,True,False,1.0,False,False,False
2020-04-10T06:00:00+08:00,242.69,-14.7,0.0,0.0,0.10219999999999999,True,False,1.0,False,False,False
2020-04-10T07:00:00+08:00,232.79,-15.0,0.7,0.0,0.0924,True,False,1.0,False,False,False
2020-04-10T08:00:00+08:00,234.7,-15.5,1.3,0.0,0.11199999999999999,True,False,1.0,False,False,False
2020-04-10T09:00:00+08:00,240.16,-13.9,1.1,0.0,0.0693,True,False,1.0,False,False,False
2020-04-10T10:00:00+08:00,250.24,-15.5,0.6,0.0,0.036399999999999995,True,False,1.0,False,False,False
2020-04-10T11:00:00+08:00,250.21,-15.8,1.1,0.0,0.0133,True,False,1.0,False,False,False
2020-04-10T12:00:00+08:00,244.62,-17.0,0.8,0.0,0.0021,True,False,1.0,False,False,False
2020-04-10T13:00:00+08:00,235.41,-17.4,0.2,0.0,0.0,True,False,1.0,False,False,False
2020-04-10T14:00:00+08:00,264.17,-16.4,1.4,0.0,0.0,True,False,1.0,False,False,False
2020-04-10T15:00:00+08:00,265.76,-16.3,0.9,0.0,0.0,True,False,1.0,False,False,False
2020-04-10T16:00:00+08:00,273.3433334,-15.4,4.0,0.1111111111111111,0.0,True,False,1.0,False,False,False
2020-04-10T17:00:00+08:00,256.1733333,-16.2,3.1,0.01111111111111112,0.0,True,False,1.0,False,False,False
2020-04-10T18:00:00+08:00,232.8066667,-14.8,6.4,0.3777777777777778,0.0,True,False,1.0,False,False,False
2020-04-10T19:00:00+08:00,239.8766667,-14.9,7.1,0.4555555555555555,0.0,True,False,1.0,False,False,False
2020-04-10T20:00:00+08:00,248.6133333,-15.3,7.3,0.47777777777777775,0.0,True,False,1.0,False,False,False
2020-04-10T21:00:00+08:00,243.39,-15.3,7.7,0.5222222222222223,0.0,True,False,1.0,False,False,False
2020-04-10T22:00:00+08:00,239.31,-15.5,7.8,0.5333333333333333,0.0,True,False,1.0,False,False,False
2020-04-10T23:00:00+08:00,243.7566666,-15.3,7.6,0.5111111111111111,0.0,True,False,1.0,False,False,False
2020-04-11T00:00:00+08:00,246.64,-14.9,7.5,0.5,0.0,True,False,1.0,False,False,False
2020-04-11T01:00:00+08:00,247.2233333,-14.7,6.7,0.41111111111111115,0.0,True,False,1.0,False,False,False
2020-04-11T02:00:00+08:00,247.7433333,-14.2,7.2,0.4666666666666667,0.0,True,False,1.0,False,False,False
2020-04-11T03:00:00+08:00,239.8166667,-14.3,6.2,0.35555555555555557,0.0034999999999999996,True,False,1.0,False,False,False
2020-04-11T04:00:00+08:00,243.4866666,-14.2,7.1,0.4555555555555555,0.0147,True,False,1.0,False,False,False
2020-04-11T05:00:00+08:00,238.44,-14.2,6.8,0.4222222222222222,0.034999999999999996,True,False,1.0,False,False,False
2020-04-11T06:00:00+08:00,244.8266667,-13.9,6.4,0.3777777777777778,0.06089999999999999,True,False,1.0,False,False,False
2020-04-11T07:00:00+08:00,247.6133333,-14.0,9.1,0.6777777777777777,0.06649999999999999,True,False,1.0,False,False,False
2020-04-11T08:00:00+08:00,241.4966667,-14.3,7.2,0.4666666666666667,0.07279999999999999,True,False,1.0,False,False,False
2020-04-11T09:00:00+08:00,261.0683333,-14.2,8.1,0.5666666666666667,0.0686,True,False,1.0,False,False,False
2020-04-11T10:00:00+08:00,268.47,-14.2,6.0,0.3333333333333333,0.0378,True,False,1.0,False,False,False
2020-04-11T11:00:00+08:00,267.33,-13.8,7.2,0.4666666666666667,0.015399999999999999,True,False,1.0,False,False,False
2020-04-11T12:00:00+08:00,241.19,-14.0,6.1,0.3444444444444444,0.0021,True,False,1.0,False,False,False
2020-04-11T13:00:00+08:00,231.39,-14.9,5.1,0.23333333333333328,0.0,True,False,1.0,False,False,False
2020-04-11T14:00:00+08:00,237.63,-17.2,5.6,0.28888888888888886,0.0,True,False,1.0,False,False,False
2020-04-11T15:00:00+08:00,238.13,-19.6,5.8,0.3111111111111111,0.0,True,False,1.0,False,False,False
2020-04-11T16:00:00+08:00,270.35,-19.9,4.4,0.15555555555555559,0.0,True,False,1.0,False,False,False
2020-04-11T17:00:00+08:00,281.32,-19.5,4.5,0.16666666666666666,0.0,True,False,1.0,False,False,False
2020-04-11T18:00:00+08:00,251.91,-18.6,4.5,0.16666666666666666,0.0,True,False,1.0,False,False,False
2020-04-11T19:00:00+08:00,249.59,-17.4,2.0,0.0,0.0,True,False,1.0,False,False,False
2020-04-11T20:00:00+08:00,241.45,-15.6,5.0,0.2222222222222222,0.0,True,False,1.0,False,False,False
2020-04-11T21:00:00+08:00,246.44,-14.7,4.9,0.21111111111111114,0.0,True,False,1.0,False,False,False
2020-04-11T22:00:00+08:00,245.33,-14.4,8.7,0.6333333333333333,0.0,True,False,1.0,False,False,False
2020-04-11T23:00:00+08:00,248.06,-14.3,5.9,0.32222222222222224,0.0,True,False,1.0,False,False,False
2020-04-12T00:00:00+08:00,240.62,-14.8,4.0,0.1111111111111111,0.0,True,False,1.0,False,False,False
2020-04-12T01:00:00+08:00,240.68,-15.0,2.0,0.0,0.0,True,False,1.0,False,False,False
2020-04-12T02:00:00+08:00,242.59,-14.7,4.2,0.13333333333333336,0.0,True,False,1.0,False,False,False
2020-04-12T03:00:00+08:00,234.0,-14.2,5.4,0.2666666666666667,0.0049,True,False,1.0,False,False,False
2020-04-12T04:00:00+08:00,232.02,-13.9,5.0,0.2222222222222222,0.0168,True,False,1.0,False,False,False
2020-04-12T05:00:00+08:00,227.97,-13.5,5.4,0.2666666666666667,0.0525,True,False,1.0,False,False,False
2020-04-12T06:00:00+08:00,236.47,-12.9,7.6,0.5111111111111111,0.0735,True,False,1.0,False,False,False
2020-04-12T07:00:00+08:00,249.61,-12.5,3.1,0.01111111111111112,0.09029999999999999,True,False,1.0,False,False,False
2020-04-12T08:00:00+08:00,242.47,-12.3,0.5,0.0,0.1176,True,False,1.0,False,False,False
2020-04-12T09:00:00+08:00,243.82,-12.6,7.2,0.4666666666666667,0.0952,True,False,1.0,False,False,False
2020-04-12T10:00:00+08:00,251.65,-12.7,6.0,0.3333333333333333,0.06019999999999999,True,False,1.0,False,False,False
2020-04-12T11:00:00+08:00,251.55,-12.9,6.4,0.3777777777777778,0.018199999999999997,True,False,1.0,False,False,False
2020-04-12T12:00:00+08:00,244.22,-13.8,3.8,0.08888888888888886,0.0021,True,False,1.0,False,False,False
2020-04-12T13:00:00+08:00,250.14,-14.3,7.4,0.48888888888888893,0.0,True,False,1.0,False,False,False
2020-04-12T14:00:00+08:00,241.9,-14.3,9.3,0.7000000000000001,0.0,True,False,1.0,False,False,False
2020-04-12T15:00:00+08:00,243.35,-14.7,7.7,0.5222222222222223,0.0,True,False,1.0,False,False,False
2020-04-12T16:00:00+08:00,253.76,-15.4,9.2,0.6888888888888888,0.0,True,False,1.0,False,False,False
2020-04-12T17:00:00+08:00,263.89,-15.4,11.3,0.9222222222222223,0.0,True,False,1.0,False,False,False
2020-04-12T18:00:00+08:00,243.8633333,-15.6,7.5,0.5,0.0,True,False,1.0,False,False,False
2020-04-12T19:00:00+08:00,234.97,-15.7,9.1,0.6777777777777777,0.0,True,False,1.0,False,False,False
2020-04-12T20:00:00+08:00,236.9233334,-15.5,7.8,0.5333333333333333,0.0,True,False,1.0,False,False,False
2020-04-12T21:00:00+08:00,240.6866667,-16.1,3.4,0.04444444444444443,0.0,True,False,1.0,False,False,False
2020-04-12T22:00:00+08:00,257.4133334,-16.0,6.0,0.3333333333333333,0.0,True,False,1.0,False,False,False
2020-04-12T23:00:00+08:00,253.37,-15.9,6.8,0.4222222222222222,0.0,True,False,1.0,False,False,False
2020-04-13T00:00:00+08:00,254.0566667,-16.0,6.6,0.39999999999999997,0.0,True,False,1.0,False,False,False
2020-04-13T01:00:00+08:00,234.94,-15.8,11.4,0.9333333333333333,0.0,True,False,1.0,False,False,False
2020-04-13T02:00:00+08:00,227.9133333,-15.5,10.8,0.8666666666666667,0.0,True,False,1.0,False,False,False
2020-04-13T03:00:00+08:00,229.2866667,-15.3,11.9,0.9888888888888889,0.0049,True,False,1.0,False,False,False
2020-04-13T04:00:00+08:00,225.8933333,-14.8,12.4,1.0,0.025199999999999997,True,False,1.0,False,False,False
2020-04-13T05:00:00+08:00,226.02,-14.2,11.7,0.9666666666666666,0.06089999999999999,True,False,1.0,False,False,False
2020-04-13T06:00:00+08:00,226.0766667,-13.7,12.2,1.0,0.09029999999999999,True,False,1.0,False,False,False
2020-04-13T07:00:00+08:00,249.3866667,-13.5,12.6,1.0,0.1085,True,False,1.0,False,False,False
2020-04-13T08:00:00+08:00,221.4733333,-13.1,10.4,0.8222222222222223,0.10569999999999999,True,False,1.0,False,False,False
2020-04-13T09:00:00+08:00,222.6566667,-12.9,8.5,0.6111111111111112,0.08399999999999999,True,False,1.0,False,False,False
2020-04-13T10:00:00+08:00,228.18,-13.5,10.7,0.8555555555555555,0.049699999999999994,True,False,1.0,False,False,False
2020-04-13T11:00:00+08:00,242.6,-13.1,11.8,0.9777777777777779,0.015399999999999999,True,False,1.0,False,False,False
2020-04-13T12:00:00+08:00,228.8,-12.9,8.5,0.6111111111111112,0.0021,True,False,1.0,False,False,False
2020-04-13T13:00:00+08:00,228.07,-13.0,12.7,1.0,0.0,True,False,1.0,False,False,False
2020-04-13T14:00:00+08:00,232.71,-12.9,11.4,0.9333333333333333,0.0,True,False,1.0,False,False,False
2020-04-13T15:00:00+08:00,231.03,-12.8,12.2,1.0,0.0,True,False,1.0,False,False,False
2020-04-13T16:00:00+08:00,231.41,-13.3,13.6,1.0,0.0,True,False,1.0,False,False,False
2020-04-13T17:00:00+08:00,240.68,-12.8,13.7,1.0,0.0,True,False,1.0,False,False,False
2020-04-13T18:00:00+08:00,220.71,-12.4,13.7,1.0,0.0,True,False,1.0,False,False,False
2020-04-13T19:00:00+08:00,226.37,-12.8,13.7,1.0,0.0,True,False,1.0,False,False,False
2020-04-13T20:00:00+08:00,228.88,-12.5,12.9,1.0,0.0,True,False,1.0,False,False,False
2020-04-13T21:00:00+08:00,228.28,-12.5,13.9,1.0,0.0,True,False,1.0,False,False,False
2020-04-13T22:00:00+08:00,246.36,-12.7,13.8,1.0,0.0,True,False,1.0,False,False,False
2020-04-13T23:00:00+08:00,246.19,-12.3,13.3,1.0,0.0,True,False,1.0,False,False,False
2020-04-14T00:00:00+08:00,234.7,-12.0,12.1,1.0,0.0,True,False,1.0,False,False,False
2020-04-14T01:00:00+08:00,230.37,-12.0,10.9,0.8777777777777778,0.0,True,False,1.0,False,False,False
2020-04-14T02:00:00+08:00,238.8,-12.3,13.1,1.0,0.0,True,False,1.0,False,False,False
2020-04-14T03:00:00+08:00,237.73,-12.3,13.5,1.0,0.0034999999999999996,True,False,1.0,False,False,False
2020-04-14T04:00:00+08:00,228.615,-11.9,11.1,0.8999999999999999,0.0224,True,False,1.0,False,False,False
2020-04-14T05:00:00+08:00,227.36,-11.4,11.7,0.9666666666666666,0.055299999999999995,True,False,1.0,False,False,False
2020-04-14T06:00:00+08:00,215.07,-11.2,12.7,1.0,0.08539999999999999,True,False,1.0,False,False,False
2020-04-14T07:00:00+08:00,241.24,-10.5,9.2,0.6888888888888888,0.09939999999999999,True,False,1.0,False,False,False
2020-04-14T08:00:00+08:00,223.51,-10.2,11.1,0.8999999999999999,0.0959,True,False,1.0,False,False,False
2020-04-14T09:00:00+08:00,225.42,-10.0,8.2,0.5777777777777777,0.0756,True,False,1.0,False,False,False
2020-04-14T10:00:00+08:00,240.02,-10.4,6.4,0.3777777777777778,0.041999999999999996,True,False,1.0,False,False,False
2020-04-14T11:00:00+08:00,242.97,-10.7,4.8,0.19999999999999998,0.0098,True,False,1.0,False,False,False
2020-04-14T12:00:00+08:00,237.6,-10.3,3.9,0.09999999999999999,0.0007,True,False,1.0,False,False,False
2020-04-14T13:00:00+08:00,228.47,-9.6,4.8,0.19999999999999998,0.0,True,False,1.0,False,False,False
2020-04-14T14:00:00+08:00,236.14,-10.0,5.3,0.25555555555555554,0.0,True,False,1.0,False,False,False
2020-04-14T15:00:00+08:00,240.09,-9.8,3.7,0.07777777777777779,0.0,True,False,1.0,False,False,False
2020-04-14T16:00:00+08:00,266.59,-10.0,3.2,0.02222222222222224,0.0,True,False,1.0,False,False,False
2020-04-14T17:00:00+08:00,265.97,-9.5,2.9,0.0,0.0,True,False,1.0,False,False,False
2020-04-14T18:00:00+08:00,233.62,-9.1,4.0,0.1111111111111111,0.0,True,False,1.0,False,False,False
2020-04-14T19:00:00+08:00,227.29,-8.8,3.8,0.08888888888888886,0.0,True,False,1.0,False,False,False
2020-04-14T20:00:00+08:00,218.16,-8.5,4.3,0.14444444444444443,0.0,True,False,1.0,False,False,False
2020-04-14T21:00:00+08:00,223.5166667,-8.4,4.8,0.19999999999999998,0.0,True,False,1.0,False,False,False
2020-04-14T22:00:00+08:00,219.2866667,-8.3,5.5,0.2777777777777778,0.0,True,False,1.0,False,False,False
2020-04-14T23:00:00+08:00,228.3466667,-8.4,6.1,0.3444444444444444,0.0,True,False,1.0,False,False,False
2020-04-15T00:00:00+08:00,224.35,-8.6,3.0,0.0,0.0,True,False,1.0,False,False,False
2020-04-15T01:00:00+08:00,221.5033333,-9.2,2.1,0.0,0.0,True,False,1.0,False,False,False
2020-04-15T02:00:00+08:00,223.56,-8.6,5.9,0.32222222222222224,0.0,True,False,1.0,False,False,False
2020-04-15T03:00:00+08:00,218.6366667,-8.5,4.2,0.13333333333333336,0.0021,True,False,1.0,False,False,False
2020-04-15T04:00:00+08:00,230.5466667,-8.5,3.6,0.06666666666666668,0.0147,True,False,1.0,False,False,False
2020-04-15T05:00:00+08:00,227.57,-7.9,5.2,0.24444444444444446,0.025199999999999997,True,False,1.0,False,False,False
2020-04-15T06:00:00+08:00,229.6866667,-7.6,5.2,0.24444444444444446,0.0672,True,False,1.0,False,False,False
2020-04-15T07:00:00+08:00,250.5366666,-7.8,4.4,0.15555555555555559,0.1253,True,False,1.0,False,False,False
2020-04-15T08:00:00+08:00,212.8183333,-7.5,4.0,0.1111111111111111,0.08679999999999999,True,False,1.0,False,False,False
2020-04-15T09:00:00+08:00,229.65,-7.6,2.7,0.0,0.041299999999999996,True,False,1.0,False,False,False
2020-04-15T10:00:00+08:00,234.55,-7.4,3.7,0.07777777777777779,0.0455,True,False,1.0,False,False,False
2020-04-15T11:00:00+08:00,252.8266667,-6.9,4.8,0.19999999999999998,0.0133,True,False,1.0,False,False,False
2020-04-15T12:00:00+08:00,248.52,-6.8,5.3,0.25555555555555554,0.0007,True,False,1.0,False,False,False
2020-04-15T13:00:00+08:00,242.615,-6.9,4.4,0.15555555555555559,0.0,True,False,1.0,False,False,False
2020-04-15T14:00:00+08:00,241.31,-7.2,2.9,0.0,0.0,True,False,1.0,False,False,False
2020-04-15T15:00:00+08:00,236.97,-7.4,2.5,0.0,0.0,True,False,1.0,False,False,False
2020-04-15T16:00:00+08:00,255.73,-7.3,4.4,0.15555555555555559,0.0,True,False,1.0,False,False,False
2020-04-15T17:00:00+08:00,279.3,-6.9,5.6,0.28888888888888886,0.0,True,False,1.0,False,False,False
2020-04-15T18:00:00+08:00,247.44,-6.7,5.0,0.2222222222222222,0.0,True,False,1.0,False,False,False
2020-04-15T19:00:00+08:00,229.43,-6.6,5.6,0.28888888888888886,0.0,True,False,1.0,False,False,False
2020-04-15T20:00:00+08:00,236.78,-6.6,5.5,0.2777777777777778,0.0,True,False,1.0,False,False,False
2020-04-15T21:00:00+08:00,226.47,-6.4,7.3,0.47777777777777775,0.0,True,False,1.0,False,False,False
2020-04-15T22:00:00+08:00,239.62,-6.7,5.7,0.30000000000000004,0.0,True,False,1.0,False,False,False
2020-04-15T23:00:00+08:00,244.36,-7.2,4.9,0.21111111111111114,0.0,True,False,1.0,False,False,False
2020-04-16T00:00:00+08:00,240.8,-7.1,5.9,0.32222222222222224,0.0,True,False,1.0,False,False,False
2020-04-16T01:00:00+08:00,249.7,-7.0,5.2,0.24444444444444446,0.0,True,False,1.0,False,False,False
2020-04-16T02:00:00+08:00,238.1,-7.2,8.6,0.6222222222222222,0.0,True,False,1.0,False,False,False
2020-04-16T03:00:00+08:00,250.07,-7.5,7.8,0.5333333333333333,0.0021,True,False,1.0,False,False,False
2020-04-16T04:00:00+08:00,244.7566667,-7.4,7.6,0.5111111111111111,0.0133,True,False,1.0,False,False,False
2020-04-16T05:00:00+08:00,243.4066667,-7.2,3.6,0.06666666666666668,0.035699999999999996,True,False,1.0,False,False,False
2020-04-16T06:00:00+08:00,251.2833333,-7.1,5.4,0.2666666666666667,0.055999999999999994,True,False,1.0,False,False,False
2020-04-16T07:00:00+08:00,264.3233333,-7.4,4.0,0.1111111111111111,0.0924,True,False,1.0,False,False,False
2020-04-16T08:00:00+08:00,261.99,-7.0,3.4,0.04444444444444443,0.08399999999999999,True,False,1.0,False,False,False
2020-04-16T09:00:00+08:00,258.29,-7.1,1.8,0.0,0.0679,True,False,1.0,False,False,False
2020-04-16T10:00:00+08:00,258.7933334,-6.8,3.2,0.02222222222222224,0.0336,True,False,1.0,False,False,False
2020-04-16T11:00:00+08:00,271.4233334,-6.3,4.1,0.12222222222222218,0.0098,True,False,1.0,False,False,False
2020-04-16T12:00:00+08:00,256.2966666,-5.7,9.7,0.7444444444444444,0.0007,True,False,1.0,False,False,False
2020-04-16T13:00:00+08:00,254.7366666,-5.1,13.0,1.0,0.0,True,False,1.0,False,False,False
2020-04-16T14:00:00+08:00,253.36,-5.4,16.0,1.0,0.0,False,True,0.5,True,True,False
2020-04-16T15:00:00+08:00,250.1,-6.0,17.7,1.0,0.0,False,True,0.5,True,True,False
2020-04-16T16:00:00+08:00,263.7666666,-7.0,19.1,1.0,0.0,False,True,0.5,True,True,False
2020-04-16T17:00:00+08:00,267.55,-7.4,18.6,1.0,0.0,False,True,0.5,True,True,False
2020-04-16T18:00:00+08:00,256.68,-7.7,16.2,1.0,0.0,False,True,0.5,True,True,False
2020-04-16T19:00:00+08:00,256.58,-7.6,12.9,1.0,0.0,True,True,0.5,True,False,False
2020-04-16T20:00:00+08:00,254.8833333,-7.9,12.1,1.0,0.0,True,True,0.5,True,False,False
2020-04-16T21:00:00+08:00,260.135,-7.9,11.6,0.9555555555555555,0.0,True,True,0.5,True,False,False
2020-04-16T22:00:00+08:00,255.88,-7.9,11.3,0.9222222222222223,0.0,True,True,0.5,True,False,False
2020-04-16T23:00:00+08:00,257.34,-8.0,9.4,0.7111111111111111,0.0,True,True,0.5,True,False,False
2020-04-17T00:00:00+08:00,259.4,-8.0,8.2,0.5777777777777777,0.0,True,True,0.5,True,False,False
2020-04-17T01:00:00+08:00,253.74,-8.4,8.5,0.6111111111111112,0.0,True,True,0.5,True,False,False
2020-04-17T02:00:00+08:00,255.02,-8.0,9.0,0.6666666666666666,0.0,True,True,0.5,True,False,False
2020-04-17T03:00:00+08:00,251.0,-7.6,10.7,0.8555555555555555,0.0014,True,True,0.5,True,False,False
2020-04-17T04:00:00+08:00,262.08,-7.3,7.7,0.5222222222222223,0.0119,True,True,0.5,True,False,False
2020-04-17T05:00:00+08:00,280.6,-6.3,6.3,0.36666666666666664,0.0336,True,True,0.5,True,False,False
2020-04-17T06:00:00+08:00,278.51,-5.4,7.7,0.5222222222222223,0.05039999999999999,True,True,0.5,True,False,False
2020-04-17T07:00:00+08:00,273.77,-6.2,4.0,0.1111111111111111,0.042699999999999995,True,False,1.0,False,False,False
2020-04-17T08:00:00+08:00,259.17,-7.3,3.1,0.01111111111111112,0.062299999999999994,True,False,1.0,False,False,False
2020-04-17T09:00:00+08:00,264.05,-7.1,3.1,0.01111111111111112,0.055999999999999994,True,False,1.0,False,False,False
2020-04-17T10:00:00+08:00,276.09,-7.8,2.4,0.0,0.035699999999999996,True,False,1.0,False,False,False
2020-04-17T11:00:00+08:00,277.32,-7.8,5.5,0.2777777777777778,0.0119,True,False,1.0,False,False,False
2020-04-17T12:00:00+08:00,258.51,-7.9,5.5,0.2777777777777778,0.0007,True,False,1.0,False,False,False
2020-04-17T13:00:00+08:00,263.24,-7.8,3.9,0.09999999999999999,0.0,True,False,1.0,False,False,False
2020-04-17T14:00:00+08:00,260.185,-6.7,7.4,0.48888888888888893,0.0,True,False,1.0,False,False,False
2020-04-17T15:00:00+08:00,263.18,-5.9,9.3,0.7000000000000001,0.0,True,False,1.0,False,False,False
2020-04-17T16:00:00+08:00,272.26,-6.0,8.8,0.6444444444444445,0.0,True,False,1.0,False,False,False
2020-04-17T17:00:00+08:00,281.61,-6.8,5.1,0.23333333333333328,0.0,True,False,1.0,False,False,False
2020-04-17T18:00:00+08:00,262.56,-7.3,5.4,0.2666666666666667,0.0,True,False,1.0,False,False,False
2020-04-17T19:00:00+08:00,258.49,-6.7,5.9,0.32222222222222224,0.0,True,False,1.0,False,False,False
2020-04-17T20:00:00+08:00,264.76,-6.1,7.2,0.4666666666666667,0.0,True,False,1.0,False,False,False
2020-04-17T21:00:00+08:00,255.12,-5.6,9.3,0.7000000000000001,0.0,True,False,1.0,False,False,False
2020-04-17T22:00:00+08:00,256.03,-5.4,8.1,0.5666666666666667,0.0,True,False,1.0,False,False,False
2020-04-17T23:00:00+08:00,258.78,-5.7,8.3,0.588888888888889,0.0,True,False,1.0,False,False,False
2020-04-18T00:00:00+08:00,255.97,-5.8,9.8,0.7555555555555556,0.0,True,False,1.0,False,False,False
2020-04-18T01:00:00+08:00,249.14,-6.0,8.7,0.6333333333333333,0.0,True,False,1.0,False,False,False
2020-04-18T02:00:00+08:00,248.59,-6.1,8.0,0.5555555555555556,0.0,True,False,1.0,False,False,False
2020-04-18T03:00:00+08:00,247.35,-6.3,7.3,0.47777777777777775,0.0014,True,False,1.0,False,False,False
2020-04-18T04:00:00+08:00,240.79,-6.0,8.6,0.6222222222222222,0.0112,True,False,1.0,False,False,False
2020-04-18T05:00:00+08:00,246.49,-5.5,7.7,0.5222222222222223,0.0385,True,False,1.0,False,False,False
2020-04-18T06:00:00+08:00,244.46,-5.3,9.3,0.7000000000000001,0.049,True,False,1.0,False,False,False
2020-04-18T07:00:00+08:00,243.3283334,-5.1,8.5,0.6111111111111112,0.06089999999999999,True,False,1.0,False,False,False
2020-04-18T08:00:00+08:00,252.4066667,-5.0,9.1,0.6777777777777777,0.0567,True,False,1.0,False,False,False
2020-04-18T09:00:00+08:00,242.7966666,-5.6,8.7,0.6333333333333333,0.041999999999999996,True,False,1.0,False,False,False
2020-04-18T10:00:00+08:00,246.7633334,-6.0,7.5,0.5,0.020999999999999998,True,False,1.0,False,False,False
2020-04-18T11:00:00+08:00,254.48,-6.8,5.6,0.28888888888888886,0.0049,True,False,1.0,False,False,False
2020-04-18T12:00:00+08:00,253.05,-7.3,4.1,0.12222222222222218,0.0007,True,False,1.0,False,False,False
2020-04-18T13:00:00+08:00,250.01,-6.4,5.3,0.25555555555555554,0.0,True,False,1.0,False,False,False
2020-04-18T14:00:00+08:00,255.87,-5.7,8.1,0.5666666666666667,0.0,True,False,1.0,False,False,False
2020-04-18T15:00:00+08:00,251.72,-5.8,8.2,0.5777777777777777,0.0,True,False,1.0,False,False,False
2020-04-18T16:00:00+08:00,256.7966667,-6.2,9.1,0.6777777777777777,0.0,True,False,1.0,False,False,False
2020-04-18T17:00:00+08:00,274.7366667,-6.7,8.1,0.5666666666666667,0.0,True,False,1.0,False,False,False
2020-04-18T18:00:00+08:00,264.3933333,-6.7,9.5,0.7222222222222222,0.0,True,False,1.0,False,False,False
2020-04-18T19:00:00+08:00,240.5833334,-6.9,8.6,0.6222222222222222,0.0,True,False,1.0,False,False,False
2020-04-18T20:00:00+08:00,236.3733333,-7.4,7.2,0.4666666666666667,0.0,True,False,1.0,False,False,False
2020-04-18T21:00:00+08:00,236.6033333,-7.7,5.8,0.3111111111111111,0.0,True,False,1.0,False,False,False
2020-04-18T22:00:00+08:00,241.5,-8.0,4.5,0.16666666666666666,0.0,True,False,1.0,False,False,False
2020-04-18T23:00:00+08:00,247.5133334,-7.9,4.5,0.16666666666666666,0.0,True,False,1.0,False,False,False
2020-04-19T00:00:00+08:00,253.11,-6.9,6.1,0.3444444444444444,0.0,True,False,1.0,False,False,False
2020-04-19T01:00:00+08:00,242.08,-7.0,5.4,0.2666666666666667,0.0,True,False,1.0,False,False,False
2020-04-19T02:00:00+08:00,236.36,-6.9,6.3,0.36666666666666664,0.0,True,False,1.0,False,False,False
2020-04-19T03:00:00+08:00,228.11,-6.8,5.3,0.25555555555555554,0.0007,True,False,1.0,False,False,False
2020-04-19T04:00:00+08:00,226.44,-6.9,5.6,0.28888888888888886,0.009099999999999999,True,False,1.0,False,False,False
2020-04-19T05:00:00+08:00,235.18,-6.5,6.1,0.3444444444444444,0.0294,True,False,1.0,False,False,False
2020-04-19T06:00:00+08:00,240.18,-6.3,5.0,0.2222222222222222,0.0462,True,False,1.0,False,False,False
2020-04-19T07:00:00+08:00,255.28,-6.2,4.4,0.15555555555555559,0.06089999999999999,True,False,1.0,False,False,False
2020-04-19T08:00:00+08:00,243.77,-6.1,5.2,0.24444444444444446,0.0399,True,False,1.0,False,False,False
2020-04-19T09:00:00+08:00,245.34,-6.1,4.3,0.14444444444444443,0.035699999999999996,True,False,1.0,False,False,False
2020-04-19T10:00:00+08:00,248.77,-5.7,6.1,0.3444444444444444,0.0161,True,False,1.0,False,False,False
2020-04-19T11:00:00+08:00,252.22,-5.6,5.3,0.25555555555555554,0.0034999999999999996,True,False,1.0,False,False,False
2020-04-19T12:00:00+08:00,240.91,-5.6,6.2,0.35555555555555557,0.0,True,False,1.0,False,False,False
2020-04-19T13:00:00+08:00,245.28,-5.9,8.6,0.6222222222222222,0.0,True,False,1.0,False,False,False
2020-04-19T14:00:00+08:00,241.26,-6.0,7.7,0.5222222222222223,0.0,True,False,1.0,False,False,False
2020-04-19T15:00:00+08:00,235.06,-6.0,6.1,0.3444444444444444,0.0,True,False,1.0,False,False,False
2020-04-19T16:00:00+08:00,252.785,-5.9,6.8,0.4222222222222222,0.0,True,False,1.0,False,False,False
2020-04-19T17:00:00+08:00,263.29,-6.1,5.5,0.2777777777777778,0.0,True,False,1.0,False,False,False
2020-04-19T18:00:00+08:00,234.92,-6.2,4.8,0.19999999999999998,0.0,True,False,1.0,False,False,False
2020-04-19T19:00:00+08:00,236.32,-6.3,8.2,0.5777777777777777,0.0,True,False,1.0,False,False,False
2020-04-19T20:00:00+08:00,237.61,-6.5,9.8,0.7555555555555556,0.0,True,False,1.0,False,False,False
2020-04-19T21:00:00+08:00,247.47,-6.8,9.7,0.7444444444444444,0.0,True,False,1.0,False,False,False
2020-04-19T22:00:00+08:00,239.88,-6.9,9.5,0.7222222222222222,0.0,True,False,1.0,False,False,False
2020-04-19T23:00:00+08:00,240.93,-7.1,10.4,0.8222222222222223,0.0,True,False,1.0,False,False,False
2020-04-20T00:00:00+08:00,244.94,-7.1,9.0,0.6666666666666666,0.0,True,False,1.0,False,False,False
2020-04-20T01:00:00+08:00,242.3,-7.3,9.6,0.7333333333333333,0.0,True,False,1.0,False,False,False
2020-04-20T02:00:00+08:00,265.97,-7.5,9.9,0.7666666666666667,0.0,True,False,1.0,False,False,False
2020-04-20T03:00:00+08:00,257.41,-7.5,7.1,0.4555555555555555,0.0007,True,False,1.0,False,False,False
2020-04-20T04:00:00+08:00,242.78,-7.6,6.2,0.35555555555555557,0.0112,True,False,1.0,False,False,False
2020-04-20T05:00:00+08:00,237.1,-8.0,10.1,0.7888888888888889,0.035699999999999996,True,False,1.0,False,False,False
2020-04-20T06:00:00+08:00,236.42,-8.1,8.2,0.5777777777777777,0.07279999999999999,True,False,1.0,False,False,False
2020-04-20T07:00:00+08:00,246.48,-7.9,8.7,0.6333333333333333,0.0924,True,False,1.0,False,False,False
2020-04-20T08:00:00+08:00,241.21,-8.0,5.7,0.30000000000000004,0.0861,True,False,1.0,False,False,False
2020-04-20T09:00:00+08:00,243.5083334,-8.1,5.7,0.30000000000000004,0.06019999999999999,True,False,1.0,False,False,False
2020-04-20T10:00:00+08:00,255.7033334,-8.3,4.4,0.15555555555555559,0.025899999999999996,True,False,1.0,False,False,False
2020-04-20T11:00:00+08:00,255.97,-8.4,6.7,0.41111111111111115,0.0042,True,False,1.0,False,False,False
2020-04-20T12:00:00+08:00,241.5866667,-8.5,7.3,0.47777777777777775,0.0,True,False,1.0,False,False,False
2020-04-20T13:00:00+08:00,242.7266667,-8.9,9.0,0.6666666666666666,0.0,True,False,1.0,False,False,False
2020-04-20T14:00:00+08:00,240.25,-9.2,9.6,0.7333333333333333,0.0,True,False,1.0,False,False,False
2020-04-20T15:00:00+08:00,263.48,-9.4,8.3,0.588888888888889,0.0,True,False,1.0,False,False,False
2020-04-20T16:00:00+08:00,260.4766667,-9.7,9.3,0.7000000000000001,0.0,True,False,1.0,False,False,False
2020-04-20T17:00:00+08:00,274.88,-9.9,10.0,0.7777777777777778,0.0,True,False,1.0,False,False,False
2020-04-20T18:00:00+08:00,256.8033333,-9.8,7.7,0.5222222222222223,0.0,True,False,1.0,False,False,False
2020-04-20T19:00:00+08:00,247.7566667,-10.0,8.6,0.6222222222222222,0.0,True,False,1.0,False,False,False
2020-04-20T20:00:00+08:00,238.7966667,-10.0,7.4,0.48888888888888893,0.0,True,False,1.0,False,False,False
2020-04-20T21:00:00+08:00,260.52,-9.9,6.4,0.3777777777777778,0.0,True,False,1.0,False,False,False
2020-04-20T22:00:00+08:00,266.9566667,-10.0,8.4,0.6000000000000001,0.0,True,False,1.0,False,False,False
2020-04-20T23:00:00+08:00,263.6366667,-10.3,10.1,0.7888888888888889,0.0,True,False,1.0,False,False,False
2020-04-21T00:00:00+08:00,250.64,-10.8,11.1,0.8999999999999999,0.0,True,False,1.0,False,False,False
2020-04-21T01:00:00+08:00,249.0133334,-11.0,9.1,0.6777777777777777,0.0,True,False,1.0,False,False,False
2020-04-21T02:00:00+08:00,250.12,-11.6,11.0,0.8888888888888888,0.0,True,False,1.0,False,False,False
2020-04-21T03:00:00+08:00,246.07,-12.2,10.4,0.8222222222222223,0.0007,True,False,1.0,False,False,False
2020-04-21T04:00:00+08:00,256.51,-12.3,11.6,0.9555555555555555,0.007699999999999999,True,False,1.0,False,False,False
2020-04-21T05:00:00+08:00,255.29,-12.0,11.9,0.9888888888888889,0.0266,True,False,1.0,False,False,False
2020-04-21T06:00:00+08:00,255.3,-12.0,12.2,1.0,0.0448,True,False,1.0,False,False,False
2020-04-21T07:00:00+08:00,281.33,-11.9,11.6,0.9555555555555555,0.0525,True,False,1.0,False,False,False
2020-04-21T08:00:00+08:00,261.61,-11.6,7.9,0.5444444444444445,0.0476,True,False,1.0,False,False,False
2020-04-21T09:00:00+08:00,249.91,-11.5,9.3,0.7000000000000001,0.0336,True,False,1.0,False,False,False
2020-04-21T10:00:00+08:00,256.87,-11.2,9.4,0.7111111111111111,0.015399999999999999,True,False,1.0,False,False,False
2020-04-21T11:00:00+08:00,275.1,-11.3,8.6,0.6222222222222222,0.0034999999999999996,True,False,1.0,False,False,False
2020-04-21T12:00:00+08:00,238.69,-11.3,10.0,0.7777777777777778,0.0,True,False,1.0,False,False,False
2020-04-21T13:00:00+08:00,238.39,-11.5,12.8,1.0,0.0,True,False,1.0,False,False,False
2020-04-21T14:00:00+08:00,251.52,-11.5,13.4,1.0,0.0,True,False,1.0,False,False,False
2020-04-21T15:00:00+08:00,262.83,-11.4,11.4,0.9333333333333333,0.0,True,False,1.0,False,False,False
2020-04-21T16:00:00+08:00,262.56,-11.6,10.2,0.7999999999999999,0.0,True,False,1.0,False,False,False
2020-04-21T17:00:00+08:00,267.39,-11.9,8.6,0.6222222222222222,0.0,True,False,1.0,False,False,False
2020-04-21T18:00:00+08:00,238.535,-12.2,7.2,0.4666666666666667,0.0,True,False,1.0,False,False,False
2020-04-21T19:00:00+08:00,231.26,-12.0,7.9,0.5444444444444445,0.0,True,False,1.0,False,False,False
2020-04-21T20:00:00+08:00,230.1,-12.3,5.0,0.2222222222222222,0.0,True,False,1.0,False,False,False
2020-04-21T21:00:00+08:00,229.76,-12.5,3.5,0.05555555555555555,0.0,True,False,1.0,False,False,False
2020-04-21T22:00:00+08:00,228.54,-13.1,4.4,0.15555555555555559,0.0,True,False,1.0,False,False,False
2020-04-21T23:00:00+08:00,238.76,-13.6,3.2,0.02222222222222224,0.0,True,False,1.0,False,False,False
2020-04-22T00:00:00+08:00,238.9,-12.8,3.2,0.02222222222222224,0.0,True,False,1.0,False,False,False
2020-04-22T01:00:00+08:00,232.41,-13.2,4.3,0.14444444444444443,0.0,True,False,1.0,False,False,False
2020-04-22T02:00:00+08:00,237.95,-11.9,6.4,0.3777777777777778,0.0,True,False,1.0,False,False,False
2020-04-22T03:00:00+08:00,235.21,-11.8,5.7,0.30000000000000004,0.0,True,False,1.0,False,False,False
2020-04-22T04:00:00+08:00,229.3,-12.1,4.8,0.19999999999999998,0.0056,True,False,1.0,False,False,False
2020-04-22T05:00:00+08:00,238.82,-12.3,3.8,0.08888888888888886,0.018199999999999997,True,False,1.0,False,False,False
2020-04-22T06:00:00+08:00,232.46,-11.5,4.1,0.12222222222222218,0.030099999999999995,True,False,1.0,False,False,False
2020-04-22T07:00:00+08:00,239.87,-11.2,3.6,0.06666666666666668,0.037099999999999994,True,False,1.0,False,False,False
2020-04-22T08:00:00+08:00,243.73,-10.6,2.9,0.0,0.041999999999999996,True,False,1.0,False,False,False
2020-04-22T09:00:00+08:00,234.12,-11.4,2.7,0.0,0.0294,True,False,1.0,False,False,False
2020-04-22T10:00:00+08:00,233.83,-11.4,1.8,0.0,0.012599999999999998,True,False,1.0,False,False,False
2020-04-22T11:00:00+08:00,254.8316667,-10.6,1.2,0.0,0.0021,True,False,1.0,False,False,False
2020-04-22T12:00:00+08:00,237.21,-10.1,0.7,0.0,0.0,True,False,1.0,False,False,False
2020-04-22T13:00:00+08:00,227.0966667,-9.5,2.1,0.0,0.0,True,False,1.0,False,False,False
2020-04-22T14:00:00+08:00,237.9066666,-8.5,2.3,0.0,0.0,True,False,1.0,False,False,False
2020-04-22T15:00:00+08:00,250.31,-8.5,1.6,0.0,0.0,True,False,1.0,False,False,False
2020-04-22T16:00:00+08:00,248.9166666,-8.0,2.5,0.0,0.0,True,False,1.0,False,False,False
2020-04-22T17:00:00+08:00,256.7566667,-8.1,1.5,0.0,0.0,True,False,1.0,False,False,False
2020-04-22T18:00:00+08:00,235.6266666,-8.0,1.4,0.0,0.0,True,False,1.0,False,False,False
2020-04-22T19:00:00+08:00,233.7733333,-6.2,6.7,0.41111111111111115,0.0,True,False,1.0,False,False,False
2020-04-22T20:00:00+08:00,224.6066667,-5.4,7.2,0.4666666666666667,0.0,True,False,1.0,False,False,False
2020-04-22T21:00:00+08:00,229.0066667,-5.4,7.2,0.4666666666666667,0.0,True,False,1.0,False,False,False
2020-04-22T22:00:00+08:00,236.07,-6.1,7.3,0.47777777777777775,0.0,True,False,1.0,False,False,False
2020-04-22T23:00:00+08:00,232.9966667,-6.7,9.2,0.6888888888888888,0.0,True,False,1.0,False,False,False
2020-04-23T00:00:00+08:00,236.3566667,-7.9,8.9,0.6555555555555556,0.0,True,False,1.0,False,False,False
2020-04-23T01:00:00+08:00,236.8666667,-8.4,8.9,0.6555555555555556,0.0,True,False,1.0,False,False,False
2020-04-23T02:00:00+08:00,227.06,-8.3,7.3,0.47777777777777775,0.0,True,False,1.0,False,False,False
2020-04-23T03:00:00+08:00,222.61,-7.0,10.2,0.7999999999999999,0.0007,True,False,1.0,False,False,False
2020-04-23T04:00:00+08:00,221.1483333,-6.8,6.8,0.4222222222222222,0.006299999999999999,True,False,1.0,False,False,False
2020-04-23T05:00:00+08:00,228.68,-6.4,5.4,0.2666666666666667,0.0231,True,False,1.0,False,False,False
2020-04-23T06:00:00+08:00,233.28,-5.9,3.4,0.04444444444444443,0.035699999999999996,True,False,1.0,False,False,False
2020-04-23T07:00:00+08:00,253.86,-5.4,3.5,0.05555555555555555,0.0385,True,False,1.0,False,False,False
2020-04-23T08:00:00+08:00,236.43,-5.5,5.0,0.2222222222222222,0.0322,True,False,1.0,False,False,False
2020-04-23T09:00:00+08:00,243.96,-5.4,5.1,0.23333333333333328,0.020999999999999998,True,False,1.0,False,False,False
2020-04-23T10:00:00+08:00,263.02,-4.7,6.1,0.3444444444444444,0.007699999999999999,True,False,1.0,False,False,False
2020-04-23T11:00:00+08:00,257.44,-4.6,7.8,0.5333333333333333,0.0014,True,False,1.0,False,False,False
2020-04-23T12:00:00+08:00,234.28,-4.4,7.5,0.5,0.0,True,False,1.0,False,False,False
2020-04-23T13:00:00+08:00,244.17,-4.8,18.2,1.0,0.0,False,True,0.5,True,True,False
2020-04-23T14:00:00+08:00,235.57,-5.8,11.8,0.9777777777777779,0.0,True,True,0.5,True,False,False
2020-04-23T15:00:00+08:00,249.11,-6.1,6.9,0.43333333333333335,0.0,True,True,0.5,True,False,False
2020-04-23T16:00:00+08:00,248.3,-6.5,16.8,1.0,0.0,False,True,0.5,True,True,False
2020-04-23T17:00:00+08:00,261.85,-6.7,14.5,1.0,0.0,True,True,0.5,True,False,False
2020-04-23T18:00:00+08:00,246.01,-6.8,11.1,0.8999999999999999,0.0,True,True,0.5,True,False,False
2020-04-23T19:00:00+08:00,247.47,-6.2,9.2,0.6888888888888888,0.0,True,True,0.5,True,False,False
2020-04-23T20:00:00+08:00,243.73,-6.0,7.3,0.47777777777777775,0.0,True,True,0.5,True,False,False
2020-04-23T21:00:00+08:00,238.09,-6.0,8.8,0.6444444444444445,0.0,True,True,0.5,True,False,False
2020-04-23T22:00:00+08:00,241.35,-6.5,10.2,0.7999999999999999,0.0,True,True,0.5,True,False,False
2020-04-23T23:00:00+08:00,234.51,-7.1,10.9,0.8777777777777778,0.0,True,True,0.5,True,False,False
2020-04-24T00:00:00+08:00,240.02,-7.1,10.8,0.8666666666666667,0.0,True,True,0.5,True,False,False
2020-04-24T01:00:00+08:00,243.33,-7.1,9.7,0.7444444444444444,0.0,True,True,0.5,True,False,False
2020-04-24T02:00:00+08:00,255.59,-7.1,8.8,0.6444444444444445,0.0,True,True,0.5,True,False,False
2020-04-24T03:00:00+08:00,251.1,-7.3,8.3,0.588888888888889,0.0,True,True,0.5,True,False,False
2020-04-24T04:00:00+08:00,234.29,-7.3,6.8,0.4222222222222222,0.0049,True,True,0.5,True,False,False
2020-04-24T05:00:00+08:00,240.09,-7.4,5.4,0.2666666666666667,0.0147,True,False,1.0,False,False,False
2020-04-24T06:00:00+08:00,225.75,-7.5,7.0,0.4444444444444444,0.0329,True,False,1.0,False,False,False
2020-04-24T07:00:00+08:00,229.61,-7.4,7.6,0.5111111111111111,0.0343,True,False,1.0,False,False,False
2020-04-24T08:00:00+08:00,244.29,-7.4,3.1,0.01111111111111112,0.034999999999999996,True,False,1.0,False,False,False
2020-04-24T09:00:00+08:00,246.41,-7.7,3.3,0.03333333333333331,0.0224,True,False,1.0,False,False,False
2020-04-24T10:00:00+08:00,248.84,-7.6,5.2,0.24444444444444446,0.0084,True,False,1.0,False,False,False
2020-04-24T11:00:00+08:00,258.02,-7.7,4.6,0.17777777777777773,0.0007,True,False,1.0,False,False,False
2020-04-24T12:00:00+08:00,242.23,-7.9,5.2,0.24444444444444446,0.0,True,False,1.0,False,False,False
2020-04-24T13:00:00+08:00,237.545,-7.9,5.3,0.25555555555555554,0.0,True,False,1.0,False,False,False
2020-04-24T14:00:00+08:00,233.7433333,-8.4,5.7,0.30000000000000004,0.0,True,False,1.0,False,False,False
2020-04-24T15:00:00+08:00,237.1933334,-8.3,4.9,0.21111111111111114,0.0,True,False,1.0,False,False,False
2020-04-24T16:00:00+08:00,248.91,-8.9,4.3,0.14444444444444443,0.0,True,False,1.0,False,False,False
2020-04-24T17:00:00+08:00,259.4966667,-8.7,3.9,0.09999999999999999,0.0,True,False,1.0,False,False,False
2020-04-24T18:00:00+08:00,250.17,-8.5,3.8,0.08888888888888886,0.0,True,False,1.0,False,False,False
2020-04-24T19:00:00+08:00,232.7733333,-8.6,3.9,0.09999999999999999,0.0,True,False,1.0,False,False,False
2020-04-24T20:00:00+08:00,238.72,-8.2,5.0,0.2222222222222222,0.0,True,False,1.0,False,False,False
2020-04-24T21:00:00+08:00,242.5733333,-8.2,5.7,0.30000000000000004,0.0,True,False,1.0,False,False,False
2020-04-24T22:00:00+08:00,234.66,-8.4,4.8,0.19999999999999998,0.0,True,False,1.0,False,False,False
2020-04-24T23:00:00+08:00,245.3433333,-8.6,5.5,0.2777777777777778,0.0,True,False,1.0,False,False,False
2020-04-25T00:00:00+08:00,234.58,-8.8,6.5,0.3888888888888889,0.0,True,False,1.0,False,False,False
2020-04-25T01:00:00+08:00,232.5366667,-8.9,5.7,0.30000000000000004,0.0,True,False,1.0,False,False,False
2020-04-25T02:00:00+08:00,230.6966667,-9.1,6.4,0.3777777777777778,0.0,True,False,1.0,False,False,False
2020-04-25T03:00:00+08:00,232.2933333,-9.3,5.4,0.2666666666666667,0.0,True,False,1.0,False,False,False
2020-04-25T04:00:00+08:00,225.8366667,-9.3,5.7,0.30000000000000004,0.0042,True,False,1.0,False,False,False
2020-04-25T05:00:00+08:00,229.4,-9.3,5.8,0.3111111111111111,0.0287,True,False,1.0,False,False,False
2020-04-25T06:00:00+08:00,245.5083333,-9.8,3.3,0.03333333333333331,0.0448,True,False,1.0,False,False,False
2020-04-25T07:00:00+08:00,258.4,-10.0,4.0,0.1111111111111111,0.0525,True,False,1.0,False,False,False
2020-04-25T08:00:00+08:00,243.59,-10.5,4.0,0.1111111111111111,0.037099999999999994,True,False,1.0,False,False,False
2020-04-25T09:00:00+08:00,248.08,-10.7,4.6,0.17777777777777773,0.0266,True,False,1.0,False,False,False
2020-04-25T10:00:00+08:00,251.99,-10.8,6.2,0.35555555555555557,0.0112,True,False,1.0,False,False,False
2020-04-25T11:00:00+08:00,257.06,-10.8,6.6,0.39999999999999997,0.0014,True,False,1.0,False,False,False
2020-04-25T12:00:00+08:00,241.49,-11.9,4.0,0.1111111111111111,0.0,True,False,1.0,False,False,False
2020-04-25T13:00:00+08:00,230.21,-12.1,7.1,0.4555555555555555,0.0,True,False,1.0,False,False,False
2020-04-25T14:00:00+08:00,236.47,-12.4,8.0,0.5555555555555556,0.0,True,False,1.0,False,False,False
2020-04-25T15:00:00+08:00,259.31,-12.2,8.5,0.6111111111111112,0.0,True,False,1.0,False,False,False
2020-04-25T16:00:00+08:00,270.34,-12.6,7.4,0.48888888888888893,0.0,True,False,1.0,False,False,False
2020-04-25T17:00:00+08:00,268.88,-12.6,7.8,0.5333333333333333,0.0,True,False,1.0,False,False,False
2020-04-25T18:00:00+08:00,237.34,-12.4,7.2,0.4666666666666667,0.0,True,False,1.0,False,False,False
2020-04-25T19:00:00+08:00,245.38,-12.5,7.1,0.4555555555555555,0.0,True,False,1.0,False,False,False
2020-04-25T20:00:00+08:00,248.19,-12.5,6.5,0.3888888888888889,0.0,True,False,1.0,False,False,False
2020-04-25T21:00:00+08:00,258.06,-12.8,5.4,0.2666666666666667,0.0,True,False,1.0,False,False,False
2020-04-25T22:00:00+08:00,244.72,-13.4,2.3,0.0,0.0,True,False,1.0,False,False,False
2020-04-25T23:00:00+08:00,252.235,-13.9,2.7,0.0,0.0,True,False,1.0,False,False,False
2020-04-26T00:00:00+08:00,251.29,-14.3,2.8,0.0,0.0,True,False,1.0,False,False,False
2020-04-26T01:00:00+08:00,248.25,-15.9,3.4,0.04444444444444443,0.0,True,False,1.0,False,False,False
2020-04-26T02:00:00+08:00,255.56,-17.0,1.4,0.0,0.0,True,False,1.0,False,False,False
2020-04-26T03:00:00+08:00,253.05,-16.6,1.0,0.0,0.0,True,False,1.0,False,False,False
2020-04-26T04:00:00+08:00,248.93,-17.7,0.6,0.0,0.0028,True,False,1.0,False,False,False
2020-04-26T05:00:00+08:00,247.08,-18.4,1.9,0.0,0.012599999999999998,True,False,1.0,False,False,False
2020-04-26T06:00:00+08:00,247.16,-18.2,1.6,0.0,0.027299999999999998,True,False,1.0,False,False,False
2020-04-26T07:00:00+08:00,262.1,-17.9,1.4,0.0,0.0476,True,False,1.0,False,False,False
2020-04-26T08:00:00+08:00,259.01,-18.9,2.1,0.0,0.036399999999999995,True,False,1.0,False,False,False
2020-04-26T09:00:00+08:00,273.63,-19.0,0.1,0.0,0.0238,True,False,1.0,False,False,False
2020-04-26T10:00:00+08:00,276.16,-18.6,1.4,0.0,0.0056,True,False,1.0,False,False,False
2020-04-26T11:00:00+08:00,279.47,-18.9,1.6,0.0,0.0007,True,False,1.0,False,False,False
2020-04-26T12:00:00+08:00,259.94,-19.1,0.9,0.0,0.0,True,False,1.0,False,False,False
2020-04-26T13:00:00+08:00,262.39,-18.5,1.6,0.0,0.0,True,False,1.0,False,False,False
2020-04-26T14:00:00+08:00,266.59,-18.8,0.6,0.0,0.0,True,False,1.0,False,False,False
2020-04-26T15:00:00+08:00,286.88,-19.2,0.0,0.0,0.0,True,False,1.0,False,False,False
2020-04-26T16:00:00+08:00,304.4583333,-19.4,0.1,0.0,0.0,True,False,1.0,False,False,False
2020-04-26T17:00:00+08:00,293.6533334,-20.2,0.5,0.0,0.0,True,False,1.0,False,False,False
2020-04-26T18:00:00+08:00,263.3933333,-19.4,1.4,0.0,0.0,True,False,1.0,False,False,False
2020-04-26T19:00:00+08:00,265.2566667,-19.3,0.5,0.0,0.0,True,False,1.0,False,False,False
2020-04-26T20:00:00+08:00,261.3933333,-19.6,1.3,0.0,0.0,True,False,1.0,False,False,False
2020-04-26T21:00:00+08:00,259.5133334,-20.5,0.8,0.0,0.0,True,False,1.0,False,False,False
2020-04-26T22:00:00+08:00,264.9733334,-20.5,1.2,0.0,0.0,True,False,1.0,False,False,False
2020-04-26T23:00:00+08:00,263.6466666,-19.9,1.3,0.0,0.0,True,False,1.0,False,False,False
2020-04-27T00:00:00+08:00,254.2566666,-21.0,1.0,0.0,0.0,True,False,1.0,False,False,False
2020-04-27T01:00:00+08:00,259.3366667,-20.7,0.0,0.0,0.0,True,False,1.0,False,False,False
2020-04-27T02:00:00+08:00,260.29,-20.6,0.4,0.0,0.0,True,False,1.0,False,False,False
2020-04-27T03:00:00+08:00,262.99,-20.8,0.0,0.0,0.0,True,False,1.0,False,False,False
2020-04-27T04:00:00+08:00,256.4633333,-20.4,0.0,0.0,0.0028,True,False,1.0,False,False,False
2020-04-27T05:00:00+08:00,255.0033333,-20.6,1.4,0.0,0.012599999999999998,True,False,1.0,False,False,False
2020-04-27T06:00:00+08:00,260.02,-20.4,1.0,0.0,0.0343,True,False,1.0,False,False,False
2020-04-27T07:00:00+08:00,272.3033333,-20.8,1.3,0.0,0.05039999999999999,True,False,1.0,False,False,False
2020-04-27T08:00:00+08:00,253.8333333,-20.7,0.2,0.0,0.0462,True,False,1.0,False,False,False
2020-04-27T09:00:00+08:00,256.97,-20.7,1.6,0.0,0.0287,True,False,1.0,False,False,False
2020-04-27T10:00:00+08:00,284.06,-21.7,2.2,0.0,0.006999999999999999,True,False,1.0,False,False,False
2020-04-27T11:00:00+08:00,308.55,-21.3,2.2,0.0,0.0007,True,False,1.0,False,False,False
2020-04-27T12:00:00+08:00,277.11,-21.3,1.8,0.0,0.0,True,False,1.0,False,False,False
2020-04-27T13:00:00+08:00,252.9,-21.0,1.3,0.0,0.0,True,False,1.0,False,False,False
2020-04-27T14:00:00+08:00,250.24,-21.3,1.1,0.0,0.0,True,False,1.0,False,False,False
2020-04-27T15:00:00+08:00,260.98,-21.4,1.3,0.0,0.0,True,False,1.0,False,False,False
2020-04-27T16:00:00+08:00,271.05,-20.5,0.1,0.0,0.0,True,False,1.0,False,False,False
2020-04-27T17:00:00+08:00,288.14,-19.5,0.0,0.0,0.0,True,False,1.0,False,False,False
2020-04-27T18:00:00+08:00,254.35,-18.4,1.7,0.0,0.0,True,False,1.0,False,False,False
2020-04-27T19:00:00+08:00,261.15,-17.1,2.5,0.0,0.0,True,False,1.0,False,False,False
2020-04-27T20:00:00+08:00,257.98,-16.9,0.8,0.0,0.0,True,False,1.0,False,False,False
2020-04-27T21:00:00+08:00,256.73,-17.2,1.7,0.0,0.0,True,False,1.0,False,False,False
2020-04-27T22:00:00+08:00,249.96,-17.7,0.9,0.0,0.0,True,False,1.0,False,False,False
2020-04-27T23:00:00+08:00,259.38,-20.9,2.0,0.0,0.0,True,False,1.0,False,False,False
2020-04-28T00:00:00+08:00,253.67,-20.7,1.8,0.0,0.0,True,False,1.0,False,False,False
2020-04-28T01:00:00+08:00,248.405,-19.2,2.6,0.0,0.0,True,False,1.0,False,False,False
2020-04-28T02:00:00+08:00,249.26,-19.0,2.7,0.0,0.0,True,False,1.0,False,False,False
2020-04-28T03:00:00+08:00,250.69,-19.1,2.9,0.0,0.0,True,False,1.0,False,False,False
2020-04-28T04:00:00+08:00,253.58,-20.6,2.5,0.0,0.0014,True,False,1.0,False,False,False
2020-04-28T05:00:00+08:00,266.0,-19.8,0.7,0.0,0.007699999999999999,True,False,1.0,False,False,False
2020-04-28T06:00:00+08:00,274.97,-19.0,1.1,0.0,0.0147,True,False,1.0,False,False,False
2020-04-28T07:00:00+08:00,277.52,-19.2,1.1,0.0,0.0196,True,False,1.0,False,False,False
2020-04-28T08:00:00+08:00,252.01,-18.8,2.7,0.0,0.0203,True,False,1.0,False,False,False
2020-04-28T09:00:00+08:00,248.86,-18.8,1.7,0.0,0.012599999999999998,True,False,1.0,False,False,False
2020-04-28T10:00:00+08:00,265.98,-18.0,0.8,0.0,0.0042,True,False,1.0,False,False,False
2020-04-28T11:00:00+08:00,269.22,-17.2,1.1,0.0,0.0007,True,False,1.0,False,False,False
2020-04-28T12:00:00+08:00,252.37,-14.8,2.8,0.0,0.0,True,False,1.0,False,False,False
2020-04-28T13:00:00+08:00,253.2,-13.5,3.7,0.07777777777777779,0.0,True,False,1.0,False,False,False
2020-04-28T14:00:00+08:00,253.13,-13.5,5.2,0.24444444444444446,0.0,True,False,1.0,False,False,False
2020-04-28T15:00:00+08:00,264.31,-15.0,6.5,0.3888888888888889,0.0,True,False,1.0,False,False,False
2020-04-28T16:00:00+08:00,266.46,-14.9,6.9,0.43333333333333335,0.0,True,False,1.0,False,False,False
2020-04-28T17:00:00+08:00,274.21,-14.5,8.3,0.588888888888889,0.0,True,False,1.0,False,False,False
2020-04-28T18:00:00+08:00,246.4766667,-14.7,10.3,0.8111111111111112,0.0,True,False,1.0,False,False,False
2020-04-28T19:00:00+08:00,251.4666666,-13.8,13.9,1.0,0.0,True,False,1.0,False,False,False
2020-04-28T20:00:00+08:00,248.2566666,-13.5,13.7,1.0,0.0,True,False,1.0,False,False,False
2020-04-28T21:00:00+08:00,245.5933334,-13.1,7.7,0.5222222222222223,0.0,True,False,1.0,False,False,False
2020-04-28T22:00:00+08:00,240.6433334,-12.2,11.8,0.9777777777777779,0.0,True,False,1.0,False,False,False
2020-04-28T23:00:00+08:00,238.7366667,-11.6,11.6,0.9555555555555555,0.0,True,False,1.0,False,False,False
2020-04-29T00:00:00+08:00,240.94,-11.2,11.3,0.9222222222222223,0.0,True,False,1.0,False,False,False
2020-04-29T01:00:00+08:00,244.1,-10.8,9.2,0.6888888888888888,0.0,True,False,1.0,False,False,False
2020-04-29T02:00:00+08:00,247.82,-11.0,5.3,0.25555555555555554,0.0,True,False,1.0,False,False,False
2020-04-29T03:00:00+08:00,256.84,-10.3,11.1,0.8999999999999999,0.0,True,False,1.0,False,False,False
2020-04-29T04:00:00+08:00,260.8066667,-9.9,10.4,0.8222222222222223,0.0014,True,False,1.0,False,False,False
2020-04-29T05:00:00+08:00,263.4333333,-9.8,10.8,0.8666666666666667,0.007699999999999999,True,False,1.0,False,False,False
2020-04-29T06:00:00+08:00,254.0366667,-9.6,11.5,0.9444444444444444,0.018199999999999997,True,False,1.0,False,False,False
2020-04-29T07:00:00+08:00,262.5833333,-9.5,12.5,1.0,0.020999999999999998,True,False,1.0,False,False,False
2020-04-29T08:00:00+08:00,251.7866667,-9.1,12.3,1.0,0.0161,True,False,1.0,False,False,False
2020-04-29T09:00:00+08:00,264.3966666,-9.0,9.0,0.6666666666666666,0.015399999999999999,True,False,1.0,False,False,False
2020-04-29T10:00:00+08:00,293.6266667,-8.5,10.8,0.8666666666666667,0.0056,True,False,1.0,False,False,False
2020-04-29T11:00:00+08:00,280.6366667,-8.7,8.2,0.5777777777777777,0.0014,True,False,1.0,False,False,False
2020-04-29T12:00:00+08:00,270.79,-7.7,8.8,0.6444444444444445,0.0,True,False,1.0,False,False,False
2020-04-29T13:00:00+08:00,265.29,-7.6,9.6,0.7333333333333333,0.0,True,False,1.0,False,False,False
2020-04-29T14:00:00+08:00,264.19,-7.2,7.2,0.4666666666666667,0.0,True,False,1.0,False,False,False
2020-04-29T15:00:00+08:00,263.16,-7.1,6.9,0.43333333333333335,0.0,True,False,1.0,False,False,False
2020-04-29T16:00:00+08:00,277.54,-6.9,4.7,0.1888888888888889,0.0,True,False,1.0,False,False,False
2020-04-29T17:00:00+08:00,283.17,-7.0,4.1,0.12222222222222218,0.0,True,False,1.0,False,False,False
2020-04-29T18:00:00+08:00,268.38,-6.2,3.6,0.06666666666666668,0.0,True,False,1.0,False,False,False
2020-04-29T19:00:00+08:00,258.36,-5.8,9.5,0.7222222222222222,0.0,True,False,1.0,False,False,False
2020-04-29T20:00:00+08:00,247.11,-5.1,9.4,0.7111111111111111,0.0,True,False,1.0,False,False,False
2020-04-29T21:00:00+08:00,249.0,-4.5,6.9,0.43333333333333335,0.0,True,False,1.0,False,False,False
2020-04-29T22:00:00+08:00,244.69,-4.3,11.2,0.911111111111111,0.0,True,False,1.0,False,False,False
2020-04-29T23:00:00+08:00,243.57,-3.3,8.4,0.6000000000000001,0.0,True,False,1.0,False,False,False
2020-04-30T00:00:00+08:00,245.94,-3.5,11.5,0.9444444444444444,0.0,True,False,1.0,False,False,False
2020-04-30T01:00:00+08:00,243.08,-3.8,6.6,0.39999999999999997,0.0,True,False,1.0,False,False,False
2020-04-30T02:00:00+08:00,235.36,-3.4,8.5,0.6111111111111112,0.0,True,False,1.0,False,False,False
2020-04-30T03:00:00+08:00,241.125,-3.1,8.7,0.6333333333333333,0.0,True,False,1.0,False,False,False
2020-04-30T04:00:00+08:00,247.91,-3.7,7.8,0.5333333333333333,0.0007,True,False,1.0,False,False,False
2020-04-30T05:00:00+08:00,240.85,-3.7,7.4,0.48888888888888893,0.007699999999999999,True,False,1.0,False,False,False
2020-04-30T06:00:00+08:00,247.31,-4.0,11.0,0.8888888888888888,0.015399999999999999,True,False,1.0,False,False,False
2020-04-30T07:00:00+08:00,256.45,-4.8,11.3,0.9222222222222223,0.0245,True,False,1.0,False,False,False
2020-04-30T08:00:00+08:00,269.85,-4.9,10.1,0.7888888888888889,0.0231,True,False,1.0,False,False,False
2020-04-30T09:00:00+08:00,265.89,-4.8,8.9,0.6555555555555556,0.012599999999999998,True,False,1.0,False,False,False
2020-04-30T10:00:00+08:00,262.34,-5.4,7.5,0.5,0.0028,True,False,1.0,False,False,False
2020-04-30T11:00:00+08:00,251.54,-5.6,8.1,0.5666666666666667,0.0,True,False,1.0,False,False,False
2020-04-30T12:00:00+08:00,242.79,-5.7,8.9,0.6555555555555556,0.0,True,False,1.0,False,False,False
2020-04-30T13:00:00+08:00,256.32,-5.6,7.7,0.5222222222222223,0.0,True,False,1.0,False,False,False
2020-04-30T14:00:00+08:00,239.57,-5.5,7.3,0.47777777777777775,0.0,True,False,1.0,False,False,False
2020-04-30T15:00:00+08:00,242.94,-5.4,8.8,0.6444444444444445,0.0,True,False,1.0,False,False,False
2020-04-30T16:00:00+08:00,280.92,-5.7,7.9,0.5444444444444445,0.0,True,False,1.0,False,False,False
2020-04-30T17:00:00+08:00,274.49,-5.8,11.6,0.9555555555555555,0.0,True,False,1.0,False,False,False
2020-04-30T18:00:00+08:00,261.12,-7.2,12.7,1.0,0.0,True,False,1.0,False,False,False
2020-04-30T19:00:00+08:00,253.63,-8.1,11.7,0.9666666666666666,0.0,True,False,1.0,False,False,False
2020-04-30T20:00:00+08:00,251.265,-9.0,7.3,0.47777777777777775,0.0,True,False,1.0,False,False,False
2020-04-30T21:00:00+08:00,246.1566666,-9.3,9.0,0.6666666666666666,0.0,True,False,1.0,False,False,False
2020-04-30T22:00:00+08:00,236.1966666,-9.5,8.7,0.6333333333333333,0.0,True,False,1.0,False,False,False
2020-04-30T23:00:00+08:00,248.32,-9.6,7.6,0.5111111111111111,0.0,True,False,1.0,False,False,False
2020-05-01T00:00:00+08:00,240.6866667,-10.0,5.3,0.25555555555555554,0.0,True,False,1.0,False,False,False
2020-05-01T01:00:00+08:00,246.2266667,-9.8,7.7,0.5222222222222223,0.0,True,False,1.0,False,False,False
2020-05-01T02:00:00+08:00,242.28,-9.7,8.4,0.6000000000000001,0.0,True,False,1.0,False,False,False
2020-05-01T03:00:00+08:00,238.9233333,-9.6,8.3,0.588888888888889,0.0,True,False,1.0,False,False,False
2020-05-01T04:00:00+08:00,244.6533333,-9.6,8.3,0.588888888888889,0.0007,True,False,1.0,False,False,False
2020-05-01T05:00:00+08:00,242.0133333,-9.5,6.8,0.4222222222222222,0.0056,True,False,1.0,False,False,False
2020-05-01T06:00:00+08:00,248.3066667,-9.5,6.3,0.36666666666666664,0.0112,True,False,1.0,False,False,False
2020-05-01T07:00:00+08:00,270.3966666,-9.6,4.6,0.17777777777777773,0.017499999999999998,True,False,1.0,False,False,False
2020-05-01T08:00:00+08:00,260.9433333,-11.6,2.7,0.0,0.0161,True,False,1.0,False,False,False
2020-05-01T09:00:00+08:00,257.07,-10.8,1.3,0.0,0.0098,True,False,1.0,False,False,False
2020-05-01T10:00:00+08:00,257.51,-11.3,2.1,0.0,0.0049,True,False,1.0,False,False,False
2020-05-01T11:00:00+08:00,276.0133334,-11.0,3.1,0.01111111111111112,0.0,True,False,1.0,False,False,False
2020-05-01T12:00:00+08:00,269.2666667,-10.7,3.7,0.07777777777777779,0.0,True,False,1.0,False,False,False
2020-05-01T13:00:00+08:00,254.0816667,-10.2,2.6,0.0,0.0,True,False,1.0,False,False,False
2020-05-01T14:00:00+08:00,260.28,-10.2,2.2,0.0,0.0,True,False,1.0,False,False,False
2020-05-01T15:00:00+08:00,267.62,-9.1,4.0,0.1111111111111111,0.0,True,False,1.0,False,False,False
2020-05-01T16:00:00+08:00,288.86,-8.8,3.0,0.0,0.0,True,False,1.0,False,False,False
2020-05-01T17:00:00+08:00,288.53,-9.3,4.5,0.16666666666666666,0.0,True,False,1.0,False,False,False
2020-05-01T18:00:00+08:00,253.12,-8.7,2.8,0.0,0.0,True,False,1.0,False,False,False
2020-05-01T19:00:00+08:00,259.03,-9.0,1.0,0.0,0.0,True,False,1.0,False,False,False
2020-05-01T20:00:00+08:00,259.5,-9.1,1.5,0.0,0.0,True,False,1.0,False,False,False
2020-05-01T21:00:00+08:00,256.52,-9.2,2.6,0.0,0.0,True,False,1.0,False,False,False
2020-05-01T22:00:00+08:00,247.97,-9.0,0.0,0.0,0.0,True,False,1.0,False,False,False
2020-05-01T23:00:00+08:00,253.87,-8.9,1.2,0.0,0.0,True,False,1.0,False,False,False
2020-05-02T00:00:00+08:00,245.17,-9.0,0.6,0.0,0.0,True,False,1.0,False,False,False
2020-05-02T01:00:00+08:00,248.16,-9.1,1.3,0.0,0.0,True,False,1.0,False,False,False
2020-05-02T02:00:00+08:00,242.71,-9.1,0.0,0.0,0.0,True,False,1.0,False,False,False
2020-05-02T03:00:00+08:00,248.18,-9.1,0.0,0.0,0.0,True,False,1.0,False,False,False
2020-05-02T04:00:00+08:00,248.3,-9.2,0.0,0.0,0.0007,True,False,1.0,False,False,False
2020-05-02T05:00:00+08:00,250.82,-9.1,0.0,0.0,0.0049,True,False,1.0,False,False,False
2020-05-02T06:00:00+08:00,244.055,-8.7,0.0,0.0,0.0133,True,False,1.0,False,False,False
2020-05-02T07:00:00+08:00,241.58,-8.7,0.0,0.0,0.0196,True,False,1.0,False,False,False
2020-05-02T08:00:00+08:00,257.86,-10.9,2.5,0.0,0.017499999999999998,True,False,1.0,False,False,False
2020-05-02T09:00:00+08:00,260.94,-10.8,3.2,0.02222222222222224,0.010499999999999999,True,False,1.0,False,False,False
2020-05-02T10:00:00+08:00,253.82,-10.5,2.4,0.0,0.0028,True,False,1.0,False,False,False
2020-05-02T11:00:00+08:00,243.75,-11.3,3.2,0.02222222222222224,0.0,True,False,1.0,False,False,False
2020-05-02T12:00:00+08:00,248.83,-10.8,3.6,0.06666666666666668,0.0,True,False,1.0,False,False,False
2020-05-02T13:00:00+08:00,245.99,-10.0,4.4,0.15555555555555559,0.0,True,False,1.0,False,False,False
2020-05-02T14:00:00+08:00,247.67,-10.4,3.8,0.08888888888888886,0.0,True,False,1.0,False,False,False
2020-05-02T15:00:00+08:00,254.53,-10.3,1.9,0.0,0.0,True,False,1.0,False,False,False
2020-05-02T16:00:00+08:00,251.91,-10.3,0.0,0.0,0.0,True,False,1.0,False,False,False
2020-05-02T17:00:00+08:00,256.46,-11.7,3.7,0.07777777777777779,0.0,True,False,1.0,False,False,False
2020-05-02T18:00:00+08:00,270.8,-11.8,3.2,0.02222222222222224,0.0,True,False,1.0,False,False,False
2020-05-02T19:00:00+08:00,262.28,-11.8,2.6,0.0,0.0,True,False,1.0,False,False,False
2020-05-02T20:00:00+08:00,242.33,-11.3,2.3,0.0,0.0,True,False,1.0,False,False,False
2020-05-02T21:00:00+08:00,242.52,-11.5,1.2,0.0,0.0,True,False,1.0,False,False,False
2020-05-02T22:00:00+08:00,242.0066667,-11.8,1.1,0.0,0.0,True,False,1.0,False,False,False
2020-05-02T23:00:00+08:00,246.3333333,-12.1,0.8,0.0,0.0,True,False,1.0,False,False,False
2020-05-03T00:00:00+08:00,245.8433333,-12.7,1.1,0.0,0.0,True,False,1.0,False,False,False
2020-05-03T01:00:00+08:00,242.3133333,-13.0,1.2,0.0,0.0,True,False,1.0,False,False,False
2020-05-03T02:00:00+08:00,238.1633333,-13.3,1.5,0.0,0.0,True,False,1.0,False,False,False
2020-05-03T03:00:00+08:00,238.39,-14.1,1.9,0.0,0.0,True,False,1.0,False,False,False
2020-05-03T04:00:00+08:00,240.9066666,-15.8,0.0,0.0,0.0007,True,False,1.0,False,False,False
2020-05-03T05:00:00+08:00,245.29,-18.0,1.2,0.0,0.0049,True,False,1.0,False,False,False
2020-05-03T06:00:00+08:00,237.3566667,-18.6,2.4,0.0,0.010499999999999999,True,False,1.0,False,False,False
2020-05-03T07:00:00+08:00,250.7533334,-18.6,1.7,0.0,0.0161,True,False,1.0,False,False,False
2020-05-03T08:00:00+08:00,262.4,-18.1,1.8,0.0,0.0133,True,False,1.0,False,False,False
2020-05-03T09:00:00+08:00,248.4033333,-18.7,2.1,0.0,0.0112,True,False,1.0,False,False,False
2020-05-03T10:00:00+08:00,250.1466666,-19.6,1.5,0.0,0.0028,True,False,1.0,False,False,False
2020-05-03T11:00:00+08:00,264.56,-19.1,0.4,0.0,0.0014,True,False,1.0,False,False,False
2020-05-03T12:00:00+08:00,248.8133333,-18.4,1.2,0.0,0.0,True,False,1.0,False,False,False
2020-05-03T13:00:00+08:00,250.2933333,-16.0,0.0,0.0,0.0,True,False,1.0,False,False,False
2020-05-03T14:00:00+08:00,254.28,-15.3,2.2,0.0,0.0,True,False,1.0,False,False,False
2020-05-03T15:00:00+08:00,268.6316667,-12.6,3.9,0.09999999999999999,0.0,True,False,1.0,False,False,False
2020-05-03T16:00:00+08:00,270.24,-6.9,6.2,0.35555555555555557,0.0,True,False,1.0,False,False,False
2020-05-03T17:00:00+08:00,269.15,-6.1,5.5,0.2777777777777778,0.0,True,False,1.0,False,False,False
2020-05-03T18:00:00+08:00,257.69,-6.3,5.6,0.28888888888888886,0.0,True,False,1.0,False,False,False
2020-05-03T19:00:00+08:00,247.22,-7.0,6.6,0.39999999999999997,0.0,True,False,1.0,False,False,False
2020-05-03T20:00:00+08:00,245.9,-6.8,8.4,0.6000000000000001,0.0,True,False,1.0,False,False,False
2020-05-03T21:00:00+08:00,239.28,-5.6,10.0,0.7777777777777778,0.0,True,False,1.0,False,False,False
2020-05-03T22:00:00+08:00,241.64,-5.5,13.7,1.0,0.0,True,False,1.0,False,False,False
2020-05-03T23:00:00+08:00,242.73,-5.4,11.6,0.9555555555555555,0.0,True,False,1.0,False,False,False
2020-05-04T00:00:00+08:00,238.87,-5.5,15.2,1.0,0.0,False,True,0.5,True,True,False
2020-05-04T01:00:00+08:00,245.38,-5.5,14.7,1.0,0.0,True,True,0.5,True,False,False
2020-05-04T02:00:00+08:00,243.32,-5.8,12.2,1.0,0.0,True,True,0.5,True,False,False
2020-05-04T03:00:00+08:00,247.01,-6.2,14.2,1.0,0.0,True,True,0.5,True,False,False
2020-05-04T04:00:00+08:00,245.95,-5.7,12.6,1.0,0.0,True,True,0.5,True,False,False
2020-05-04T05:00:00+08:00,251.64,-5.3,11.4,0.9333333333333333,0.0028,True,True,0.5,True,False,False
2020-05-04T06:00:00+08:00,246.91,-5.6,12.4,1.0,0.0084,True,True,0.5,True,False,False
2020-05-04T07:00:00+08:00,256.18,-5.9,10.4,0.8222222222222223,0.0112,True,True,0.5,True,False,False
2020-05-04T08:00:00+08:00,255.525,-5.6,10.8,0.8666666666666667,0.0098,True,True,0.5,True,False,False
2020-05-04T09:00:00+08:00,251.89,-5.9,12.1,1.0,0.006299999999999999,True,True,0.5,True,False,False
2020-05-04T10:00:00+08:00,262.45,-6.0,8.7,0.6333333333333333,0.0014,True,True,0.5,True,False,False
2020-05-04T11:00:00+08:00,263.8,-6.0,6.7,0.41111111111111115,0.0,True,True,0.5,True,False,False
2020-05-04T12:00:00+08:00,245.89,-6.2,8.1,0.5666666666666667,0.0,True,True,0.5,True,False,False
2020-05-04T13:00:00+08:00,241.46,-6.5,6.1,0.3444444444444444,0.0,True,False,1.0,False,False,False
2020-05-04T14:00:00+08:00,247.57,-6.7,5.7,0.30000000000000004,0.0,True,False,1.0,False,False,False
2020-05-04T15:00:00+08:00,275.23,-6.9,4.3,0.14444444444444443,0.0,True,False,1.0,False,False,False
2020-05-04T16:00:00+08:00,274.26,-6.7,5.4,0.2666666666666667,0.0,True,False,1.0,False,False,False
2020-05-04T17:00:00+08:00,286.22,-7.0,9.4,0.7111111111111111,0.0,True,False,1.0,False,False,False
2020-05-04T18:00:00+08:00,256.18,-7.5,6.5,0.3888888888888889,0.0,True,False,1.0,False,False,False
2020-05-04T19:00:00+08:00,251.5,-7.0,7.2,0.4666666666666667,0.0,True,False,1.0,False,False,False
2020-05-04T20:00:00+08:00,243.86,-7.2,5.4,0.2666666666666667,0.0,True,False,1.0,False,False,False
2020-05-04T21:00:00+08:00,254.73,-7.0,5.3,0.25555555555555554,0.0,True,False,1.0,False,False,False
2020-05-04T22:00:00+08:00,247.86,-6.6,8.5,0.6111111111111112,0.0,True,False,1.0,False,False,False
2020-05-04T23:00:00+08:00,233.85,-6.6,5.9,0.32222222222222224,0.0,True,False,1.0,False,False,False
2020-05-05T00:00:00+08:00,234.75,-6.9,4.3,0.14444444444444443,0.0,True,False,1.0,False,False,False
2020-05-05T01:00:00+08:00,238.2616667,-6.9,4.1,0.12222222222222218,0.0,True,False,1.0,False,False,False
2020-05-05T02:00:00+08:00,240.9266667,-6.9,4.2,0.13333333333333336,0.0,True,False,1.0,False,False,False
2020-05-05T03:00:00+08:00,241.1066667,-7.0,4.9,0.21111111111111114,0.0,True,False,1.0,False,False,False
2020-05-05T04:00:00+08:00,239.4133334,-7.0,5.7,0.30000000000000004,0.0,True,False,1.0,False,False,False
2020-05-05T05:00:00+08:00,241.1233334,-7.1,6.3,0.36666666666666664,0.0028,True,False,1.0,False,False,False
2020-05-05T06:00:00+08:00,241.27,-7.3,4.1,0.12222222222222218,0.0084,True,False,1.0,False,False,False
2020-05-05T07:00:00+08:00,253.7266667,-7.2,5.2,0.24444444444444446,0.010499999999999999,True,False,1.0,False,False,False
2020-05-05T08:00:00+08:00,257.39,-7.2,4.0,0.1111111111111111,0.0112,True,False,1.0,False,False,False
2020-05-05T09:00:00+08:00,248.4066666,-7.6,1.8,0.0,0.007699999999999999,True,False,1.0,False,False,False
2020-05-05T10:00:00+08:00,251.6266667,-8.3,2.5,0.0,0.0014,True,False,1.0,False,False,False
2020-05-05T11:00:00+08:00,267.46,-8.5,2.2,0.0,0.0,True,False,1.0,False,False,False
2020-05-05T12:00:00+08:00,259.3033334,-8.4,1.9,0.0,0.0,True,False,1.0,False,False,False
2020-05-05T13:00:00+08:00,246.6633333,-8.7,1.2,0.0,0.0,True,False,1.0,False,False,False
2020-05-05T14:00:00+08:00,254.6733333,-8.7,3.0,0.0,0.0,True,False,1.0,False,False,False
2020-05-05T15:00:00+08:00,250.3,-9.0,2.7,0.0,0.0,True,False,1.0,False,False,False
2020-05-05T16:00:00+08:00,254.3333333,-9.3,2.3,0.0,0.0,True,False,1.0,False,False,False
2020-05-05T17:00:00+08:00,255.9,-8.1,4.4,0.15555555555555559,0.0,True,False,1.0,False,False,False
2020-05-05T18:00:00+08:00,254.83,-8.0,3.7,0.07777777777777779,0.0,True,False,1.0,False,False,False
2020-05-05T19:00:00+08:00,247.22,-8.0,2.7,0.0,0.0,True,False,1.0,False,False,False
2020-05-05T20:00:00+08:00,245.25,-8.3,3.6,0.06666666666666668,0.0,True,False,1.0,False,False,False
2020-05-05T21:00:00+08:00,244.15,-8.3,3.3,0.03333333333333331,0.0,True,False,1.0,False,False,False
2020-05-05T22:00:00+08:00,243.7,-7.8,4.9,0.21111111111111114,0.0,True,False,1.0,False,False,False
2020-05-05T23:00:00+08:00,240.37,-8.5,3.1,0.01111111111111112,0.0,True,False,1.0,False,False,False
2020-05-06T00:00:00+08:00,242.85,-8.4,2.5,0.0,0.0,True,False,1.0,False,False,False
2020-05-06T01:00:00+08:00,243.8752,-9.1,1.9,0.0,0.0,True,False,1.0,False,False,False
2020-05-06T02:00:00+08:00,234.6568,-9.1,2.5,0.0,0.0,True,False,1.0,False,False,False
2020-05-06T03:00:00+08:00,233.1946667,-8.9,2.9,0.0,0.0,True,False,1.0,False,False,False
2020-05-06T04:00:00+08:00,257.0733333,-7.9,2.4,0.0,0.0,True,False,1.0,False,False,False
2020-05-06T05:00:00+08:00,257.92,-8.1,2.0,0.0,0.0028,True,False,1.0,False,False,False
2020-05-06T06:00:00+08:00,276.1666667,-7.9,3.3,0.03333333333333331,0.007699999999999999,True,False,1.0,False,False,False
2020-05-06T07:00:00+08:00,263.8766667,-8.0,4.5,0.16666666666666666,0.0098,True,False,1.0,False,False,False
2020-05-06T08:00:00+08:00,260.5933334,-8.2,5.0,0.2222222222222222,0.009099999999999999,True,False,1.0,False,False,False
2020-05-06T09:00:00+08:00,255.2733333,-8.1,6.4,0.3777777777777778,0.0049,True,False,1.0,False,False,False
2020-05-06T10:00:00+08:00,261.66,-8.2,5.3,0.25555555555555554,0.0007,True,False,1.0,False,False,False
2020-05-06T11:00:00+08:00,269.85,-8.3,6.0,0.3333333333333333,0.0,True,False,1.0,False,False,False
2020-05-06T12:00:00+08:00,257.46,-8.3,6.7,0.41111111111111115,0.0,True,False,1.0,False,False,False
2020-05-06T13:00:00+08:00,248.83,-8.5,6.3,0.36666666666666664,0.0,True,False,1.0,False,False,False
2020-05-06T14:00:00+08:00,244.55,-8.7,6.0,0.3333333333333333,0.0,True,False,1.0,False,False,False
2020-05-06T15:00:00+08:00,252.72,-8.9,6.6,0.39999999999999997,0.0,True,False,1.0,False,False,False
2020-05-06T16:00:00+08:00,261.55,-9.1,6.2,0.35555555555555557,0.0,True,False,1.0,False,False,False
2020-05-06T17:00:00+08:00,275.61,-9.4,7.2,0.4666666666666667,0.0,True,False,1.0,False,False,False
2020-05-06T18:00:00+08:00,261.26,-9.6,7.2,0.4666666666666667,0.0,True,False,1.0,False,False,False
2020-05-06T19:00:00+08:00,258.81,-9.8,8.9,0.6555555555555556,0.0,True,False,1.0,False,False,False
2020-05-06T20:00:00+08:00,248.52,-10.7,10.3,0.8111111111111112,0.0,True,False,1.0,False,False,False
2020-05-06T21:00:00+08:00,251.63,-11.3,10.2,0.7999999999999999,0.0,True,False,1.0,False,False,False
2020-05-06T22:00:00+08:00,252.46,-12.1,10.7,0.8555555555555555,0.0,True,False,1.0,False,False,False
2020-05-06T23:00:00+08:00,259.03,-12.3,9.4,0.7111111111111111,0.0,True,False,1.0,False,False,False
2020-05-07T00:00:00+08:00,245.79,-12.5,8.2,0.5777777777777777,0.0,True,False,1.0,False,False,False
2020-05-07T01:00:00+08:00,243.71,-13.1,7.2,0.4666666666666667,0.0,True,False,1.0,False,False,False
2020-05-07T02:00:00+08:00,238.37,-13.3,6.5,0.3888888888888889,0.0,True,False,1.0,False,False,False
2020-05-07T03:00:00+08:00,239.49,-13.6,5.6,0.28888888888888886,0.0,True,False,1.0,False,False,False
2020-05-07T04:00:00+08:00,245.26,-13.5,6.7,0.41111111111111115,0.0,True,False,1.0,False,False,False
2020-05-07T05:00:00+08:00,255.07,-13.8,6.4,0.3777777777777778,0.0028,True,False,1.0,False,False,False
2020-05-07T06:00:00+08:00,246.88,-13.8,6.0,0.3333333333333333,0.007699999999999999,True,False,1.0,False,False,False
2020-05-07T07:00:00+08:00,279.6,-13.9,5.0,0.2222222222222222,0.0112,True,False,1.0,False,False,False
2020-05-07T08:00:00+08:00,254.89,-13.9,5.6,0.28888888888888886,0.009099999999999999,True,False,1.0,False,False,False
2020-05-07T09:00:00+08:00,246.87,-14.1,4.0,0.1111111111111111,0.0042,True,False,1.0,False,False,False
2020-05-07T10:00:00+08:00,262.51,-14.3,4.0,0.1111111111111111,0.0007,True,False,1.0,False,False,False
2020-05-07T11:00:00+08:00,281.52,-14.5,4.9,0.21111111111111114,0.0,True,False,1.0,False,False,False
2020-05-07T12:00:00+08:00,259.41,-14.4,4.4,0.15555555555555559,0.0,True,False,1.0,False,False,False
2020-05-07T13:00:00+08:00,259.76,-14.4,3.7,0.07777777777777779,0.0,True,False,1.0,False,False,False
2020-05-07T14:00:00+08:00,260.95,-14.7,4.5,0.16666666666666666,0.0,True,False,1.0,False,False,False
2020-05-07T15:00:00+08:00,262.9,-13.6,5.5,0.2777777777777778,0.0,True,False,1.0,False,False,False
2020-05-07T16:00:00+08:00,265.58,-13.5,4.3,0.14444444444444443,0.0,True,False,1.0,False,False,False
2020-05-07T17:00:00+08:00,289.67,-13.4,4.0,0.1111111111111111,0.0,True,False,1.0,False,False,False
2020-05-07T18:00:00+08:00,284.0783333,-13.9,5.5,0.2777777777777778,0.0,True,False,1.0,False,False,False
2020-05-07T19:00:00+08:00,281.83,-13.7,5.2,0.24444444444444446,0.0,True,False,1.0,False,False,False
2020-05-07T20:00:00+08:00,260.1466667,-13.2,4.7,0.1888888888888889,0.0,True,False,1.0,False,False,False
2020-05-07T21:00:00+08:00,247.6133333,-12.7,4.1,0.12222222222222218,0.0,True,False,1.0,False,False,False
2020-05-07T22:00:00+08:00,250.09,-11.8,4.7,0.1888888888888889,0.0,True,False,1.0,False,False,False
2020-05-07T23:00:00+08:00,254.3466666,-10.9,4.6,0.17777777777777773,0.0,True,False,1.0,False,False,False
2020-05-08T00:00:00+08:00,257.2766667,-10.5,3.8,0.08888888888888886,0.0,True,False,1.0,False,False,False
2020-05-08T01:00:00+08:00,247.3066667,-10.7,1.4,0.0,0.0,True,False,1.0,False,False,False
2020-05-08T02:00:00+08:00,243.1333334,-10.4,3.6,0.06666666666666668,0.0,True,False,1.0,False,False,False
2020-05-08T03:00:00+08:00,240.2166666,-10.7,2.4,0.0,0.0,True,False,1.0,False,False,False
2020-05-08T04:00:00+08:00,248.8166667,-10.1,4.0,0.1111111111111111,0.0,True,False,1.0,False,False,False
2020-05-08T05:00:00+08:00,258.8,-8.6,5.9,0.32222222222222224,0.0014,True,False,1.0,False,False,False
2020-05-08T06:00:00+08:00,249.16,-8.8,1.9,0.0,0.006299999999999999,True,False,1.0,False,False,False
2020-05-08T07:00:00+08:00,241.72,-8.7,3.2,0.02222222222222224,0.007699999999999999,True,False,1.0,False,False,False
2020-05-08T08:00:00+08:00,251.84,-8.3,6.0,0.3333333333333333,0.006299999999999999,True,False,1.0,False,False,False
2020-05-08T09:00:00+08:00,248.6766666,-8.4,8.9,0.6555555555555556,0.0028,True,False,1.0,False,False,False
2020-05-08T10:00:00+08:00,248.4633333,-8.1,6.8,0.4222222222222222,0.0007,True,False,1.0,False,False,False
2020-05-08T11:00:00+08:00,259.99,-8.2,4.7,0.1888888888888889,0.0,True,False,1.0,False,False,False
2020-05-08T12:00:00+08:00,273.69,-8.6,2.0,0.0,0.0,True,False,1.0,False,False,False
2020-05-08T13:00:00+08:00,251.01,-8.2,2.0,0.0,0.0,True,False,1.0,False,False,False
2020-05-08T14:00:00+08:00,254.33,-7.6,4.8,0.19999999999999998,0.0,True,False,1.0,False,False,False
2020-05-08T15:00:00+08:00,260.5,-6.4,9.1,0.6777777777777777,0.0,True,False,1.0,False,False,False
2020-05-08T16:00:00+08:00,271.21,-6.5,5.8,0.3111111111111111,0.0,True,False,1.0,False,False,False
2020-05-08T17:00:00+08:00,269.03,-6.3,4.0,0.1111111111111111,0.0,True,False,1.0,False,False,False
2020-05-08T18:00:00+08:00,250.55,-6.8,2.9,0.0,0.0,True,False,1.0,False,False,False
2020-05-08T19:00:00+08:00,258.64,-6.7,2.8,0.0,0.0,True,False,1.0,False,False,False
2020-05-08T20:00:00+08:00,260.45,-6.4,2.7,0.0,0.0,True,False,1.0,False,False,False
2020-05-08T21:00:00+08:00,256.82,-6.3,1.5,0.0,0.0,True,False,1.0,False,False,False
2020-05-08T22:00:00+08:00,252.69,-6.4,0.0,0.0,0.0,True,False,1.0,False,False,False
2020-05-08T23:00:00+08:00,247.6,-6.3,0.0,0.0,0.0,True,False,1.0,False,False,False
2020-05-09T00:00:00+08:00,257.84,-6.7,1.9,0.0,0.0,True,False,1.0,False,False,False
2020-05-09T01:00:00+08:00,249.75,-6.7,2.1,0.0,0.0,True,False,1.0,False,False,False
2020-05-09T02:00:00+08:00,248.16,-6.8,1.8,0.0,0.0,True,False,1.0,False,False,False
2020-05-09T03:00:00+08:00,250.86,-7.0,2.9,0.0,0.0,True,False,1.0,False,False,False
2020-05-09T04:00:00+08:00,254.695,-7.0,2.9,0.0,0.0,True,False,1.0,False,False,False
2020-05-09T05:00:00+08:00,258.48,-7.1,3.3,0.03333333333333331,0.0007,True,False,1.0,False,False,False
2020-05-09T06:00:00+08:00,258.21,-7.2,2.7,0.0,0.0028,True,False,1.0,False,False,False
2020-05-09T07:00:00+08:00,277.28,-7.3,2.5,0.0,0.0042,True,False,1.0,False,False,False
2020-05-09T08:00:00+08:00,264.66,-7.2,2.7,0.0,0.0034999999999999996,True,False,1.0,False,False,False
2020-05-09T09:00:00+08:00,286.19,-7.5,2.4,0.0,0.0014,True,False,1.0,False,False,False
2020-05-09T10:00:00+08:00,289.1,-7.8,3.1,0.01111111111111112,0.0,True,False,1.0,False,False,False
2020-05-09T11:00:00+08:00,307.41,-8.1,1.4,0.0,0.0,True,False,1.0,False,False,False
2020-05-09T12:00:00+08:00,295.96,-8.2,2.2,0.0,0.0,True,False,1.0,False,False,False
2020-05-09T13:00:00+08:00,295.58,-8.1,5.5,0.2777777777777778,0.0,True,False,1.0,False,False,False
2020-05-09T14:00:00+08:00,283.84,-8.4,6.1,0.3444444444444444,0.0,True,False,1.0,False,False,False
2020-05-09T15:00:00+08:00,281.61,-8.7,6.5,0.3888888888888889,0.0,True,False,1.0,False,False,False
2020-05-09T16:00:00+08:00,295.37,-8.5,6.9,0.43333333333333335,0.0,True,False,1.0,False,False,False
2020-05-09T17:00:00+08:00,304.22,-8.6,7.6,0.5111111111111111,0.0,True,False,1.0,False,False,False
2020-05-09T18:00:00+08:00,287.57,-9.0,5.5,0.2777777777777778,0.0,True,False,1.0,False,False,False
2020-05-09T19:00:00+08:00,283.75,-9.4,5.5,0.2777777777777778,0.0,True,False,1.0,False,False,False
2020-05-09T20:00:00+08:00,271.3,-9.8,6.1,0.3444444444444444,0.0,True,False,1.0,False,False,False
2020-05-09T21:00:00+08:00,280.9716666,-9.9,5.4,0.2666666666666667,0.0,True,False,1.0,False,False,False
2020-05-09T22:00:00+08:00,273.66,-10.1,5.4,0.2666666666666667,0.0,True,False,1.0,False,False,False
2020-05-09T23:00:00+08:00,277.5766667,-10.2,4.4,0.15555555555555559,0.0,True,False,1.0,False,False,False
2020-05-10T00:00:00+08:00,276.0933333,-10.7,5.0,0.2222222222222222,0.0,True,False,1.0,False,False,False
2020-05-10T01:00:00+08:00,266.62,-11.0,3.7,0.07777777777777779,0.0,True,False,1.0,False,False,False
2020-05-10T02:00:00+08:00,266.3266667,-11.2,3.0,0.0,0.0,True,False,1.0,False,False,False
2020-05-10T03:00:00+08:00,271.4833334,-11.0,2.6,0.0,0.0,True,False,1.0,False,False,False
2020-05-10T04:00:00+08:00,274.7033333,-10.8,1.2,0.0,0.0,True,False,1.0,False,False,False
2020-05-10T05:00:00+08:00,277.7566667,-10.9,0.7,0.0,0.0007,True,False,1.0,False,False,False
2020-05-10T06:00:00+08:00,288.3566667,-11.1,1.4,0.0,0.0034999999999999996,True,False,1.0,False,False,False
2020-05-10T07:00:00+08:00,284.8833333,-11.2,1.8,0.0,0.0056,True,False,1.0,False,False,False
2020-05-10T08:00:00+08:00,280.72,-11.3,2.4,0.0,0.0042,True,False,1.0,False,False,False
2020-05-10T09:00:00+08:00,278.89,-10.7,3.2,0.02222222222222224,0.0014,True,False,1.0,False,False,False
2020-05-10T10:00:00+08:00,276.2766666,-10.2,2.9,0.0,0.0,True,False,1.0,False,False,False
2020-05-10T11:00:00+08:00,292.4533334,-10.4,2.5,0.0,0.0,True,False,1.0,False,False,False
2020-05-10T12:00:00+08:00,273.57,-10.7,1.4,0.0,0.0,True,False,1.0,False,False,False
2020-05-10T13:00:00+08:00,271.9233333,-10.9,0.0,0.0,0.0,True,False,1.0,False,False,False
2020-05-10T14:00:00+08:00,273.05,-11.3,1.2,0.0,0.0,True,False,1.0,False,False,False
2020-05-10T15:00:00+08:00,282.05,-11.4,2.1,0.0,0.0,True,False,1.0,False,False,False
2020-05-10T16:00:00+08:00,303.4,-11.1,1.0,0.0,0.0,True,False,1.0,False,False,False
2020-05-10T17:00:00+08:00,308.55,-10.4,1.2,0.0,0.0,True,False,1.0,False,False,False
2020-05-10T18:00:00+08:00,266.53,-10.1,2.4,0.0,0.0,True,False,1.0,False,False,False
2020-05-10T19:00:00+08:00,269.19,-9.7,1.2,0.0,0.0,True,False,1.0,False,False,False
2020-05-10T20:00:00+08:00,263.0,-9.7,1.8,0.0,0.0,True,False,1.0,False,False,False
2020-05-10T21:00:00+08:00,270.48,-9.6,3.3,0.03333333333333331,0.0,True,False,1.0,False,False,False
2020-05-10T22:00:00+08:00,258.82,-8.0,5.9,0.32222222222222224,0.0,True,False,1.0,False,False,False
2020-05-10T23:00:00+08:00,260.22,-7.1,7.6,0.5111111111111111,0.0,True,False,1.0,False,False,False
2020-05-11T00:00:00+08:00,260.2,-7.0,5.8,0.3111111111111111,0.0,True,False,1.0,False,False,False
2020-05-11T01:00:00+08:00,252.05,-6.5,4.2,0.13333333333333336,0.0,True,False,1.0,False,False,False
2020-05-11T02:00:00+08:00,260.31,-5.5,6.3,0.36666666666666664,0.0,True,False,1.0,False,False,False
2020-05-11T03:00:00+08:00,258.91,-5.2,3.6,0.06666666666666668,0.0,True,False,1.0,False,False,False
2020-05-11T04:00:00+08:00,266.4,-4.2,9.6,0.7333333333333333,0.0,True,False,1.0,False,False,False
2020-05-11T05:00:00+08:00,254.25,-3.9,11.8,0.9777777777777779,0.0007,True,False,1.0,False,False,False
2020-05-11T06:00:00+08:00,271.88,-3.8,13.3,1.0,0.0021,True,False,1.0,False,False,False
2020-05-11T07:00:00+08:00,280.68,-4.8,19.0,1.0,0.0042,False,True,0.5,True,True,False
2020-05-11T08:00:00+08:00,264.47,-5.0,27.0,0.0,0.0034999999999999996,False,True,0.5,True,True,True
2020-05-11T09:00:00+08:00,267.55,-5.0,28.1,0.0,0.0014,False,True,0.5,True,True,True
2020-05-11T10:00:00+08:00,273.36,-4.7,30.0,0.0,0.0,False,True,0.5,True,True,True
2020-05-11T11:00:00+08:00,287.09,-4.2,26.1,0.0,0.0,False,True,0.5,True,True,True
2020-05-11T12:00:00+08:00,269.46,-4.0,18.3,1.0,0.0,False,True,0.5,True,True,False
2020-05-11T13:00:00+08:00,263.7,-4.0,17.7,1.0,0.0,False,True,0.5,True,True,False
2020-05-11T14:00:00+08:00,268.81,-4.1,18.1,1.0,0.0,False,True,0.5,True,True,False
2020-05-11T15:00:00+08:00,260.89,-4.2,15.2,1.0,0.0,False,True,0.5,True,True,False
2020-05-11T16:00:00+08:00,296.63,-4.1,15.9,1.0,0.0,False,True,0.5,True,True,False
2020-05-11T17:00:00+08:00,296.2,-4.2,16.6,1.0,0.0,False,True,0.5,True,True,False
2020-05-11T18:00:00+08:00,299.21,-4.2,16.4,1.0,0.0,False,True,0.5,True,True,False
2020-05-11T19:00:00+08:00,279.53,-4.2,16.2,1.0,0.0,False,True,0.5,True,True,False
2020-05-11T20:00:00+08:00,271.34,-4.2,12.7,1.0,0.0,True,True,0.5,True,False,False
2020-05-11T21:00:00+08:00,250.56,-4.1,12.6,1.0,0.0,True,True,0.5,True,False,False
2020-05-11T22:00:00+08:00,266.62,-4.1,13.9,1.0,0.0,True,True,0.5,True,False,False
2020-05-11T23:00:00+08:00,259.4466666,-4.3,17.0,1.0,0.0,False,True,0.5,True,True,False
2020-05-12T00:00:00+08:00,253.2633333,-4.7,14.8,1.0,0.0,True,True,0.5,True,False,False
2020-05-12T01:00:00+08:00,257.3066667,-4.8,15.5,1.0,0.0,False,True,0.5,True,True,False
2020-05-12T02:00:00+08:00,250.3133333,-4.9,14.0,1.0,0.0,True,True,0.5,True,False,False
2020-05-12T03:00:00+08:00,260.6766666,-4.9,13.8,1.0,0.0,True,True,0.5,True,False,False
2020-05-12T04:00:00+08:00,259.1266667,-4.9,12.4,1.0,0.0,True,True,0.5,True,False,False
2020-05-12T05:00:00+08:00,265.3633334,-4.8,13.6,1.0,0.0007,True,True,0.5,True,False,False
2020-05-12T06:00:00+08:00,254.9566667,-4.8,14.2,1.0,0.0021,True,True,0.5,True,False,False
2020-05-12T07:00:00+08:00,265.8033333,-4.8,14.1,1.0,0.0042,True,True,0.5,True,False,False
2020-05-12T08:00:00+08:00,260.5333334,-4.7,17.5,1.0,0.0042,False,True,0.5,True,True,False
2020-05-12T09:00:00+08:00,263.09,-5.0,15.5,1.0,0.0014,False,True,0.5,True,True,False
2020-05-12T10:00:00+08:00,265.0766667,-4.9,13.7,1.0,0.0,True,True,0.5,True,False,False
2020-05-12T11:00:00+08:00,277.54,-4.9,15.2,1.0,0.0,False,True,0.5,True,True,False
2020-05-12T12:00:00+08:00,262.02,-5.1,16.6,1.0,0.0,False,True,0.5,True,True,False
2020-05-12T13:00:00+08:00,261.36,-4.4,15.3,1.0,0.0,False,True,0.5,True,True,False
2020-05-12T14:00:00+08:00,248.19,-4.6,17.5,1.0,0.0,False,True,0.5,True,True,False
2020-05-12T15:00:00+08:00,244.93,-4.6,19.8,1.0,0.0,False,True,0.5,True,True,False
2020-05-12T16:00:00+08:00,256.6683333,-4.5,18.9,1.0,0.0,False,True,0.5,True,True,False
2020-05-12T17:00:00+08:00,253.98,-4.5,14.4,1.0,0.0,True,True,0.5,True,False,False
2020-05-12T18:00:00+08:00,282.8,-4.5,11.7,0.9666666666666666,0.0,True,True,0.5,True,False,False
2020-05-12T19:00:00+08:00,276.53,-4.1,18.9,1.0,0.0,False,True,0.5,True,True,False
2020-05-12T20:00:00+08:00,266.34,-4.2,18.1,1.0,0.0,False,True,0.5,True,True,False
2020-05-12T21:00:00+08:00,257.0,-4.4,20.3,1.0,0.0,False,True,0.5,True,True,False
2020-05-12T22:00:00+08:00,255.37,-4.8,19.2,1.0,0.0,False,True,0.5,True,True,False
2020-05-12T23:00:00+08:00,252.94,-5.0,17.0,1.0,0.0,False,True,0.5,True,True,False
2020-05-13T00:00:00+08:00,243.02,-6.6,13.7,1.0,0.0,True,True,0.5,True,False,False
2020-05-13T01:00:00+08:00,244.04,-6.2,10.9,0.8777777777777778,0.0,True,True,0.5,True,False,False
2020-05-13T02:00:00+08:00,247.54,-6.8,13.7,1.0,0.0,True,True,0.5,True,False,False
2020-05-13T03:00:00+08:00,239.18,-6.2,13.0,1.0,0.0,True,True,0.5,True,False,False
2020-05-13T04:00:00+08:00,236.32,-6.6,13.0,1.0,0.0,True,True,0.5,True,False,False
2020-05-13T05:00:00+08:00,243.09,-7.4,11.3,0.9222222222222223,0.0007,True,True,0.5,True,False,False
2020-05-13T06:00:00+08:00,255.24,-7.5,11.4,0.9333333333333333,0.0028,True,True,0.5,True,False,False
2020-05-13T07:00:00+08:00,251.76,-7.7,12.0,1.0,0.0049,True,True,0.5,True,False,False
2020-05-13T08:00:00+08:00,248.19,-7.1,10.4,0.8222222222222223,0.0034999999999999996,True,True,0.5,True,False,False
2020-05-13T09:00:00+08:00,254.07,-7.3,10.6,0.8444444444444444,0.0014,True,True,0.5,True,False,False
2020-05-13T10:00:00+08:00,255.46,-6.9,11.9,0.9888888888888889,0.0,True,True,0.5,True,False,False
2020-05-13T11:00:00+08:00,270.5,-6.6,14.4,1.0,0.0,True,True,0.5,True,False,False
2020-05-13T12:00:00+08:00,257.74,-6.8,14.3,1.0,0.0,True,False,1.0,False,False,False
2020-05-13T13:00:00+08:00,261.82,-7.1,12.0,1.0,0.0,True,False,1.0,False,False,False
2020-05-13T14:00:00+08:00,254.3,-7.2,10.8,0.8666666666666667,0.0,True,False,1.0,False,False,False
2020-05-13T15:00:00+08:00,254.45,-7.1,9.5,0.7222222222222222,0.0,True,False,1.0,False,False,False
2020-05-13T16:00:00+08:00,270.24,-7.2,14.4,1.0,0.0,True,False,1.0,False,False,False
2020-05-13T17:00:00+08:00,269.2,-7.6,10.9,0.8777777777777778,0.0,True,False,1.0,False,False,False
2020-05-13T18:00:00+08:00,248.32,-7.6,12.9,1.0,0.0,True,False,1.0,False,False,False
2020-05-13T19:00:00+08:00,243.67,-7.7,11.4,0.9333333333333333,0.0,True,False,1.0,False,False,False
2020-05-13T20:00:00+08:00,252.71,-8.0,12.7,1.0,0.0,True,False,1.0,False,False,False
2020-05-13T21:00:00+08:00,261.97,-8.3,12.7,1.0,0.0,True,False,1.0,False,False,False
2020-05-13T22:00:00+08:00,249.13,-8.5,12.1,1.0,0.0,True,False,1.0,False,False,False
2020-05-13T23:00:00+08:00,232.61,-8.5,9.6,0.7333333333333333,0.0,True,False,1.0,False,False,False
2020-05-14T00:00:00+08:00,239.14,-8.6,11.1,0.8999999999999999,0.0,True,False,1.0,False,False,False
2020-05-14T01:00:00+08:00,233.1766667,-8.7,12.3,1.0,0.0,True,False,1.0,False,False,False
2020-05-14T02:00:00+08:00,236.1,-8.9,12.9,1.0,0.0,True,False,1.0,False,False,False
2020-05-14T03:00:00+08:00,235.5166667,-9.2,11.1,0.8999999999999999,0.0,True,False,1.0,False,False,False
2020-05-14T04:00:00+08:00,234.35,-9.4,11.2,0.911111111111111,0.0,True,False,1.0,False,False,False
2020-05-14T05:00:00+08:00,233.77,-9.5,10.9,0.8777777777777778,0.0014,True,False,1.0,False,False,False
2020-05-14T06:00:00+08:00,244.0166667,-9.3,11.3,0.9222222222222223,0.0042,True,False,1.0,False,False,False
2020-05-14T07:00:00+08:00,248.8033334,-9.6,10.9,0.8777777777777778,0.0056,True,False,1.0,False,False,False
2020-05-14T08:00:00+08:00,240.4033334,-9.5,9.2,0.6888888888888888,0.0042,True,False,1.0,False,False,False
2020-05-14T09:00:00+08:00,245.5933334,-10.1,9.5,0.7222222222222222,0.0014,True,False,1.0,False,False,False
2020-05-14T10:00:00+08:00,249.2333333,-10.3,8.7,0.6333333333333333,0.0,True,False,1.0,False,False,False
2020-05-14T11:00:00+08:00,253.0566666,-10.3,8.6,0.6222222222222222,0.0,True,False,1.0,False,False,False
2020-05-14T12:00:00+08:00,247.9966667,-10.4,9.5,0.7222222222222222,0.0,True,False,1.0,False,False,False
2020-05-14T13:00:00+08:00,246.51,-10.4,9.7,0.7444444444444444,0.0,True,False,1.0,False,False,False
2020-05-14T14:00:00+08:00,243.39,-10.4,9.8,0.7555555555555556,0.0,True,False,1.0,False,False,False
2020-05-14T15:00:00+08:00,251.1466667,-11.1,7.9,0.5444444444444445,0.0,True,False,1.0,False,False,False
2020-05-14T16:00:00+08:00,251.5366667,-10.8,7.6,0.5111111111111111,0.0,True,False,1.0,False,False,False
2020-05-14T17:00:00+08:00,267.6633333,-11.1,8.7,0.6333333333333333,0.0,True,False,1.0,False,False,False
2020-05-14T18:00:00+08:00,236.2916667,-12.5,7.7,0.5222222222222223,0.0,True,False,1.0,False,False,False
2020-05-14T19:00:00+08:00,235.76,-11.3,7.8,0.5333333333333333,0.0,True,False,1.0,False,False,False
2020-05-14T20:00:00+08:00,230.8,-12.9,4.5,0.16666666666666666,0.0,True,False,1.0,False,False,False
2020-05-14T21:00:00+08:00,230.91,-13.6,2.6,0.0,0.0,True,False,1.0,False,False,False
2020-05-14T22:00:00+08:00,229.73,-14.1,3.5,0.05555555555555555,0.0,True,False,1.0,False,False,False
2020-05-14T23:00:00+08:00,243.57,-13.5,2.5,0.0,0.0,True,False,1.0,False,False,False
2020-05-15T00:00:00+08:00,253.94,-13.9,4.7,0.1888888888888889,0.0,True,False,1.0,False,False,False
2020-05-15T01:00:00+08:00,247.76,-14.0,3.5,0.05555555555555555,0.0,True,False,1.0,False,False,False
2020-05-15T02:00:00+08:00,232.06,-14.4,0.7,0.0,0.0,True,False,1.0,False,False,False
2020-05-15T03:00:00+08:00,234.9,-13.5,5.0,0.2222222222222222,0.0,True,False,1.0,False,False,False
2020-05-15T04:00:00+08:00,236.24,-13.6,3.9,0.09999999999999999,0.0,True,False,1.0,False,False,False
2020-05-15T05:00:00+08:00,231.85,-13.6,2.3,0.0,0.0007,True,False,1.0,False,False,False
2020-05-15T06:00:00+08:00,229.1,-14.4,1.7,0.0,0.0021,True,False,1.0,False,False,False
2020-05-15T07:00:00+08:00,232.44,-12.7,4.4,0.15555555555555559,0.0034999999999999996,True,False,1.0,False,False,False
2020-05-15T08:00:00+08:00,220.87,-12.3,5.7,0.30000000000000004,0.0028,True,False,1.0,False,False,False
2020-05-15T09:00:00+08:00,238.4491667,-12.1,4.6,0.17777777777777773,0.0007,True,False,1.0,False,False,False
2020-05-15T10:00:00+08:00,245.61,-12.9,2.2,0.0,0.0,True,False,1.0,False,False,False
2020-05-15T11:00:00+08:00,248.9533334,-12.7,4.0,0.1111111111111111,0.0,True,False,1.0,False,False,False
2020-05-15T12:00:00+08:00,242.5266666,-12.8,5.6,0.28888888888888886,0.0,True,False,1.0,False,False,False
2020-05-15T13:00:00+08:00,239.2633334,-13.0,8.0,0.5555555555555556,0.0,True,False,1.0,False,False,False
2020-05-15T14:00:00+08:00,247.1966667,-13.4,8.9,0.6555555555555556,0.0,True,False,1.0,False,False,False
2020-05-15T15:00:00+08:00,251.6433333,-13.8,7.3,0.47777777777777775,0.0,True,False,1.0,False,False,False
2020-05-15T16:00:00+08:00,252.3533333,-14.2,10.1,0.7888888888888889,0.0,True,False,1.0,False,False,False
2020-05-15T17:00:00+08:00,244.34,-14.8,9.8,0.7555555555555556,0.0,True,False,1.0,False,False,False
2020-05-15T18:00:00+08:00,237.7033334,-14.6,10.2,0.7999999999999999,0.0,True,False,1.0,False,False,False
2020-05-15T19:00:00+08:00,241.2533333,-15.0,10.6,0.8444444444444444,0.0,True,False,1.0,False,False,False
2020-05-15T20:00:00+08:00,235.7166666,-15.5,8.3,0.588888888888889,0.0,True,False,1.0,False,False,False
2020-05-15T21:00:00+08:00,238.2966666,-16.1,9.6,0.7333333333333333,0.0,True,False,1.0,False,False,False
2020-05-15T22:00:00+08:00,237.2133333,-16.3,8.6,0.6222222222222222,0.0,True,False,1.0,False,False,False
2020-05-15T23:00:00+08:00,237.2766666,-16.3,7.2,0.4666666666666667,0.0,True,False,1.0,False,False,False
2020-05-16T00:00:00+08:00,244.9866666,-17.5,4.0,0.1111111111111111,0.0,True,False,1.0,False,False,False
2020-05-16T01:00:00+08:00,252.565,-17.7,4.5,0.16666666666666666,0.0,True,False,1.0,False,False,False
2020-05-16T02:00:00+08:00,251.5,-19.3,5.2,0.24444444444444446,0.0,True,False,1.0,False,False,False
2020-05-16T03:00:00+08:00,253.91,-19.6,6.7,0.41111111111111115,0.0,True,False,1.0,False,False,False
2020-05-16T04:00:00+08:00,244.21,-19.7,4.6,0.17777777777777773,0.0,True,False,1.0,False,False,False
2020-05-16T05:00:00+08:00,225.48,-20.1,5.5,0.2777777777777778,0.0,True,False,1.0,False,False,False
2020-05-16T06:00:00+08:00,234.05,-20.5,5.2,0.24444444444444446,0.0014,True,False,1.0,False,False,False
2020-05-16T07:00:00+08:00,257.88,-20.5,2.0,0.0,0.0021,True,False,1.0,False,False,False
2020-05-16T08:00:00+08:00,237.73,-20.7,1.6,0.0,0.0021,True,False,1.0,False,False,False
2020-05-16T09:00:00+08:00,250.89,-21.4,4.0,0.1111111111111111,0.0007,True,False,1.0,False,False,False
2020-05-16T10:00:00+08:00,246.3,-21.5,2.8,0.0,0.0,True,False,1.0,False,False,False
2020-05-16T11:00:00+08:00,253.64,-21.7,2.0,0.0,0.0,True,False,1.0,False,False,False
2020-05-16T12:00:00+08:00,232.38,-21.8,1.3,0.0,0.0,True,False,1.0,False,False,False
2020-05-16T13:00:00+08:00,233.08,-22.1,1.7,0.0,0.0,True,False,1.0,False,False,False
2020-05-16T14:00:00+08:00,226.47,-22.0,2.5,0.0,0.0,True,False,1.0,False,False,False
2020-05-16T15:00:00+08:00,233.34,-22.3,3.4,0.04444444444444443,0.0,True,False,1.0,False,False,False
2020-05-16T16:00:00+08:00,256.32,-22.3,2.5,0.0,0.0,True,False,1.0,False,False,False
2020-05-16T17:00:00+08:00,261.85,-22.6,1.1,0.0,0.0,True,False,1.0,False,False,False
2020-05-16T18:00:00+08:00,250.92,-23.1,2.6,0.0,0.0,True,False,1.0,False,False,False
2020-05-16T19:00:00+08:00,242.67,-23.3,4.1,0.12222222222222218,0.0,True,False,1.0,False,False,False
2020-05-16T20:00:00+08:00,226.28,-22.7,4.2,0.13333333333333336,0.0,True,False,1.0,False,False,False
2020-05-16T21:00:00+08:00,234.97,-22.8,4.1,0.12222222222222218,0.0,True,False,1.0,False,False,False
2020-05-16T22:00:00+08:00,237.67,-22.5,1.5,0.0,0.0,True,False,1.0,False,False,False
2020-05-16T23:00:00+08:00,222.64,-22.8,3.1,0.01111111111111112,0.0,True,False,1.0,False,False,False
2020-05-17T00:00:00+08:00,222.81,-22.5,5.6,0.28888888888888886,0.0,True,False,1.0,False,False,False
2020-05-17T01:00:00+08:00,224.19,-22.6,4.4,0.15555555555555559,0.0,True,False,1.0,False,False,False
2020-05-17T02:00:00+08:00,227.99,-22.1,0.2,0.0,0.0,True,False,1.0,False,False,False
2020-05-17T03:00:00+08:00,230.58,-22.8,3.0,0.0,0.0,True,False,1.0,False,False,False
2020-05-17T04:00:00+08:00,225.52,-22.8,2.2,0.0,0.0,True,False,1.0,False,False,False
2020-05-17T05:00:00+08:00,247.1,-22.6,2.4,0.0,0.0,True,False,1.0,False,False,False
2020-05-17T06:00:00+08:00,240.76,-22.7,1.1,0.0,0.0014,True,False,1.0,False,False,False
2020-05-17T07:00:00+08:00,252.82,-22.1,3.4,0.04444444444444443,0.0021,True,False,1.0,False,False,False
2020-05-17T08:00:00+08:00,241.77,-21.4,1.8,0.0,0.0014,True,False,1.0,False,False,False
2020-05-17T09:00:00+08:00,240.71,-20.5,2.9,0.0,0.0007,True,False,1.0,False,False,False
2020-05-17T10:00:00+08:00,239.3,-20.5,4.1,0.12222222222222218,0.0,True,False,1.0,False,False,False
2020-05-17T11:00:00+08:00,260.1366666,-20.1,3.3,0.03333333333333331,0.0,True,False,1.0,False,False,False
2020-05-17T12:00:00+08:00,249.4866666,-19.8,2.7,0.0,0.0,True,False,1.0,False,False,False
2020-05-17T13:00:00+08:00,256.7866667,-19.8,2.5,0.0,0.0,True,False,1.0,False,False,False
2020-05-17T14:00:00+08:00,255.5866667,-19.9,2.2,0.0,0.0,True,False,1.0,False,False,False
2020-05-17T15:00:00+08:00,229.6833333,-19.9,3.7,0.07777777777777779,0.0,True,False,1.0,False,False,False
2020-05-17T16:00:00+08:00,249.24,-19.6,4.1,0.12222222222222218,0.0,True,False,1.0,False,False,False
2020-05-17T17:00:00+08:00,273.64,-19.8,3.8,0.08888888888888886,0.0,True,False,1.0,False,False,False
2020-05-17T18:00:00+08:00,247.0,-19.4,4.5,0.16666666666666666,0.0,True,False,1.0,False,False,False
2020-05-17T19:00:00+08:00,246.7,-19.3,2.6,0.0,0.0,True,False,1.0,False,False,False
2020-05-17T20:00:00+08:00,234.9666667,-19.0,2.6,0.0,0.0,True,False,1.0,False,False,False
2020-05-17T21:00:00+08:00,232.5266667,-18.8,2.8,0.0,0.0,True,False,1.0,False,False,False
2020-05-17T22:00:00+08:00,235.6,-18.6,2.2,0.0,0.0,True,False,1.0,False,False,False
2020-05-17T23:00:00+08:00,244.8,-21.5,4.9,0.21111111111111114,0.0,True,False,1.0,False,False,False
2020-05-18T00:00:00+08:00,233.0766667,-22.6,4.2,0.13333333333333336,0.0,True,False,1.0,False,False,False
2020-05-18T01:00:00+08:00,236.3066667,-22.7,2.8,0.0,0.0,True,False,1.0,False,False,False
2020-05-18T02:00:00+08:00,239.4966666,-22.6,1.2,0.0,0.0,True,False,1.0,False,False,False
2020-05-18T03:00:00+08:00,251.2966667,-23.3,1.8,0.0,0.0,True,False,1.0,False,False,False
2020-05-18T04:00:00+08:00,251.74,-24.3,2.1,0.0,0.0,True,False,1.0,False,False,False
2020-05-18T05:00:00+08:00,253.58,-25.5,1.3,0.0,0.0,True,False,1.0,False,False,False
2020-05-18T06:00:00+08:00,257.69,-26.0,1.7,0.0,0.0014,True,False,1.0,False,False,False
2020-05-18T07:00:00+08:00,275.1,-26.2,3.0,0.0,0.0014,True,False,1.0,False,False,False
2020-05-18T08:00:00+08:00,261.23,-25.7,1.7,0.0,0.0014,True,False,1.0,False,False,False
2020-05-18T09:00:00+08:00,251.55,-24.9,1.6,0.0,0.0007,True,False,1.0,False,False,False
2020-05-18T10:00:00+08:00,256.25,-24.1,0.0,0.0,0.0,True,False,1.0,False,False,False
2020-05-18T11:00:00+08:00,277.58,-23.2,0.7,0.0,0.0,True,False,1.0,False,False,False
2020-05-18T12:00:00+08:00,265.38,-22.8,1.4,0.0,0.0,True,False,1.0,False,False,False
2020-05-18T13:00:00+08:00,265.1,-22.5,1.3,0.0,0.0,True,False,1.0,False,False,False
2020-05-18T14:00:00+08:00,266.71,-20.7,5.1,0.23333333333333328,0.0,True,False,1.0,False,False,False
2020-05-18T15:00:00+08:00,265.57,-19.8,7.0,0.4444444444444444,0.0,True,False,1.0,False,False,False
2020-05-18T16:00:00+08:00,276.77,-20.3,7.1,0.4555555555555555,0.0,True,False,1.0,False,False,False
2020-05-18T17:00:00+08:00,288.43,-20.8,4.9,0.21111111111111114,0.0,True,False,1.0,False,False,False
2020-05-18T18:00:00+08:00,269.03,-21.3,5.7,0.30000000000000004,0.0,True,False,1.0,False,False,False
2020-05-18T19:00:00+08:00,261.03,-20.8,7.4,0.48888888888888893,0.0,True,False,1.0,False,False,False
2020-05-18T20:00:00+08:00,264.615,-20.8,6.6,0.39999999999999997,0.0,True,False,1.0,False,False,False
2020-05-18T21:00:00+08:00,260.92,-20.2,7.9,0.5444444444444445,0.0,True,False,1.0,False,False,False
2020-05-18T22:00:00+08:00,271.12,-20.1,6.4,0.3777777777777778,0.0,True,False,1.0,False,False,False
2020-05-18T23:00:00+08:00,281.96,-19.5,4.6,0.17777777777777773,0.0,True,False,1.0,False,False,False
2020-05-19T00:00:00+08:00,269.79,-18.9,5.0,0.2222222222222222,0.0,True,False,1.0,False,False,False
2020-05-19T01:00:00+08:00,257.63,-18.2,3.3,0.03333333333333331,0.0,True,False,1.0,False,False,False
2020-05-19T02:00:00+08:00,260.31,-17.8,4.4,0.15555555555555559,0.0,True,False,1.0,False,False,False
2020-05-19T03:00:00+08:00,252.38,-17.0,3.1,0.01111111111111112,0.0,True,False,1.0,False,False,False
2020-05-19T04:00:00+08:00,263.75,-16.5,2.9,0.0,0.0,True,False,1.0,False,False,False
2020-05-19T05:00:00+08:00,256.74,-14.9,6.2,0.35555555555555557,0.0,True,False,1.0,False,False,False
2020-05-19T06:00:00+08:00,268.5,-14.0,9.5,0.7222222222222222,0.0007,True,False,1.0,False,False,False
2020-05-19T07:00:00+08:00,270.26,-13.0,9.9,0.7666666666666667,0.0007,True,False,1.0,False,False,False
2020-05-19T08:00:00+08:00,263.44,-12.4,10.4,0.8222222222222223,0.0007,True,False,1.0,False,False,False
2020-05-19T09:00:00+08:00,268.84,-11.7,9.2,0.6888888888888888,0.0,True,False,1.0,False,False,False
2020-05-19T10:00:00+08:00,277.46,-11.6,9.5,0.7222222222222222,0.0,True,False,1.0,False,False,False
2020-05-19T11:00:00+08:00,294.96,-11.2,7.8,0.5333333333333333,0.0,True,False,1.0,False,False,False
2020-05-19T12:00:00+08:00,271.7,-10.8,6.2,0.35555555555555557,0.0,True,False,1.0,False,False,False
2020-05-19T13:00:00+08:00,265.6916667,-10.4,12.7,1.0,0.0,True,False,1.0,False,False,False
2020-05-19T14:00:00+08:00,260.9466666,-9.8,15.1,1.0,0.0,False,True,0.5,True,True,False
2020-05-19T15:00:00+08:00,261.25,-9.3,16.1,1.0,0.0,False,True,0.5,True,True,False
2020-05-19T16:00:00+08:00,257.06,-9.1,19.2,1.0,0.0,False,True,0.5,True,True,False
2020-05-19T17:00:00+08:00,280.1333333,-9.1,22.0,1.0,0.0,False,True,0.5,True,True,False
2020-05-19T18:00:00+08:00,264.3666666,-8.6,19.3,1.0,0.0,False,True,0.5,True,True,False
2020-05-19T19:00:00+08:00,269.8666667,-8.2,18.8,1.0,0.0,False,True,0.5,True,True,False
2020-05-19T20:00:00+08:00,273.38,-8.0,18.3,1.0,0.0,False,True,0.5,True,True,False
2020-05-19T21:00:00+08:00,261.8633333,-7.8,10.7,0.8555555555555555,0.0,True,True,0.5,True,False,False
2020-05-19T22:00:00+08:00,260.4333333,-8.0,5.3,0.25555555555555554,0.0,True,True,0.5,True,False,False
2020-05-19T23:00:00+08:00,261.78,-8.1,5.1,0.23333333333333328,0.0,True,True,0.5,True,False,False
2020-05-20T00:00:00+08:00,260.3266667,-8.6,4.9,0.21111111111111114,0.0,True,True,0.5,True,False,False
2020-05-20T01:00:00+08:00,264.99,-9.5,4.3,0.14444444444444443,0.0,True,True,0.5,True,False,False
2020-05-20T02:00:00+08:00,269.3533334,-10.0,1.9,0.0,0.0,True,True,0.5,True,False,False
2020-05-20T03:00:00+08:00,285.6533333,-10.1,2.1,0.0,0.0,True,True,0.5,True,False,False
2020-05-20T04:00:00+08:00,281.4533333,-9.9,3.4,0.04444444444444443,0.0,True,True,0.5,True,False,False
2020-05-20T05:00:00+08:00,266.7533333,-9.6,4.4,0.15555555555555559,0.0,True,True,0.5,True,False,False
2020-05-20T06:00:00+08:00,268.0933334,-8.6,3.7,0.07777777777777779,0.0007,True,True,0.5,True,False,False
2020-05-20T07:00:00+08:00,284.21,-8.3,3.9,0.09999999999999999,0.0007,True,True,0.5,True,False,False
2020-05-20T08:00:00+08:00,265.9,-8.2,4.0,0.1111111111111111,0.0007,True,True,0.5,True,False,False
2020-05-20T09:00:00+08:00,268.15,-8.1,4.3,0.14444444444444443,0.0,True,False,1.0,False,False,False
2020-05-20T10:00:00+08:00,272.19,-8.2,4.3,0.14444444444444443,0.0,True,False,1.0,False,False,False
2020-05-20T11:00:00+08:00,292.41,-8.2,3.8,0.08888888888888886,0.0,True,False,1.0,False,False,False
2020-05-20T12:00:00+08:00,271.09,-8.3,2.3,0.0,0.0,True,False,1.0,False,False,False
2020-05-20T13:00:00+08:00,261.61,-8.3,1.2,0.0,0.0,True,False,1.0,False,False,False
2020-05-20T14:00:00+08:00,263.45,-9.3,5.9,0.32222222222222224,0.0,True,False,1.0,False,False,False
2020-05-20T15:00:00+08:00,260.88,-9.4,5.3,0.25555555555555554,0.0,True,False,1.0,False,False,False
2020-05-20T16:00:00+08:00,268.98,-9.3,5.8,0.3111111111111111,0.0,True,False,1.0,False,False,False
2020-05-20T17:00:00+08:00,279.66,-8.0,3.3,0.03333333333333331,0.0,True,False,1.0,False,False,False
2020-05-20T18:00:00+08:00,274.8,-7.8,3.5,0.05555555555555555,0.0,True,False,1.0,False,False,False
2020-05-20T19:00:00+08:00,261.36,-7.5,3.5,0.05555555555555555,0.0,True,False,1.0,False,False,False
2020-05-20T20:00:00+08:00,263.25,-7.6,5.3,0.25555555555555554,0.0,True,False,1.0,False,False,False
2020-05-20T21:00:00+08:00,257.89,-7.7,10.0,0.7777777777777778,0.0,True,False,1.0,False,False,False
2020-05-20T22:00:00+08:00,251.21,-7.7,6.7,0.41111111111111115,0.0,True,False,1.0,False,False,False
2020-05-20T23:00:00+08:00,250.82,-7.8,7.5,0.5,0.0,True,False,1.0,False,False,False
2020-05-21T00:00:00+08:00,247.32,-7.9,4.8,0.19999999999999998,0.0,True,False,1.0,False,False,False
2020-05-21T01:00:00+08:00,252.99,-7.9,4.1,0.12222222222222218,0.0,True,False,1.0,False,False,False
2020-05-21T02:00:00+08:00,248.32,-7.8,2.9,0.0,0.0,True,False,1.0,False,False,False
2020-05-21T03:00:00+08:00,245.49,-7.8,5.3,0.25555555555555554,0.0,True,False,1.0,False,False,False
2020-05-21T04:00:00+08:00,240.95,-7.9,8.5,0.6111111111111112,0.0,True,False,1.0,False,False,False
2020-05-21T05:00:00+08:00,247.04,-8.0,9.9,0.7666666666666667,0.0,True,False,1.0,False,False,False
2020-05-21T06:00:00+08:00,254.93,-8.1,10.6,0.8444444444444444,0.0007,True,False,1.0,False,False,False
2020-05-21T07:00:00+08:00,260.9,-8.2,9.9,0.7666666666666667,0.0007,True,False,1.0,False,False,False
2020-05-21T08:00:00+08:00,255.09,-8.5,11.3,0.9222222222222223,0.0007,True,False,1.0,False,False,False
2020-05-21T09:00:00+08:00,258.99,-8.7,8.8,0.6444444444444445,0.0,True,False,1.0,False,False,False
2020-05-21T10:00:00+08:00,280.67,-8.8,8.0,0.5555555555555556,0.0,True,False,1.0,False,False,False
2020-05-21T11:00:00+08:00,297.32,-8.6,9.5,0.7222222222222222,0.0,True,False,1.0,False,False,False
2020-05-21T12:00:00+08:00,274.6,-8.7,8.4,0.6000000000000001,0.0,True,False,1.0,False,False,False
2020-05-21T13:00:00+08:00,258.35,-8.8,11.0,0.8888888888888888,0.0,True,False,1.0,False,False,False
2020-05-21T14:00:00+08:00,261.44,-8.8,10.7,0.8555555555555555,0.0,True,False,1.0,False,False,False
2020-05-21T15:00:00+08:00,268.94,-8.9,10.8,0.8666666666666667,0.0,True,False,1.0,False,False,False
2020-05-21T16:00:00+08:00,281.66,-8.9,10.7,0.8555555555555555,0.0,True,False,1.0,False,False,False
2020-05-21T17:00:00+08:00,299.1266667,-9.0,11.3,0.9222222222222223,0.0,True,False,1.0,False,False,False
2020-05-21T18:00:00+08:00,279.8866667,-9.2,9.8,0.7555555555555556,0.0,True,False,1.0,False,False,False
2020-05-21T19:00:00+08:00,262.9066667,-9.3,11.9,0.9888888888888889,0.0,True,False,1.0,False,False,False
2020-05-21T20:00:00+08:00,269.0333333,-9.5,12.7,1.0,0.0,True,False,1.0,False,False,False
2020-05-21T21:00:00+08:00,260.9566667,-9.6,11.5,0.9444444444444444,0.0,True,False,1.0,False,False,False
2020-05-21T22:00:00+08:00,256.98,-9.7,12.3,1.0,0.0,True,False,1.0,False,False,False
2020-05-21T23:00:00+08:00,270.2466666,-9.9,13.2,1.0,0.0,True,False,1.0,False,False,False
2020-05-22T00:00:00+08:00,270.9766667,-10.1,12.2,1.0,0.0,True,False,1.0,False,False,False
2020-05-22T01:00:00+08:00,263.9633333,-10.3,12.0,1.0,0.0,True,False,1.0,False,False,False
2020-05-22T02:00:00+08:00,259.2133334,-10.2,9.8,0.7555555555555556,0.0,True,False,1.0,False,False,False
2020-05-22T03:00:00+08:00,261.0966666,-10.6,8.7,0.6333333333333333,0.0,True,False,1.0,False,False,False
2020-05-22T04:00:00+08:00,263.9666667,-10.8,10.3,0.8111111111111112,0.0,True,False,1.0,False,False,False
2020-05-22T05:00:00+08:00,269.86,-10.9,10.0,0.7777777777777778,0.0,True,False,1.0,False,False,False
2020-05-22T06:00:00+08:00,269.07,-11.0,10.6,0.8444444444444444,0.0007,True,False,1.0,False,False,False
2020-05-22T07:00:00+08:00,280.34,-11.1,9.3,0.7000000000000001,0.0007,True,False,1.0,False,False,False
2020-05-22T08:00:00+08:00,284.7016667,-11.1,10.5,0.8333333333333334,0.0007,True,False,1.0,False,False,False
2020-05-22T09:00:00+08:00,280.48,-11.1,8.1,0.5666666666666667,0.0,True,False,1.0,False,False,False
2020-05-22T10:00:00+08:00,284.61,-11.1,8.8,0.6444444444444445,0.0,True,False,1.0,False,False,False
2020-05-22T11:00:00+08:00,314.46,-11.0,8.0,0.5555555555555556,0.0,True,False,1.0,False,False,False
2020-05-22T12:00:00+08:00,317.59,-10.9,8.2,0.5777777777777777,0.0,True,False,1.0,False,False,False
2020-05-22T13:00:00+08:00,310.46,-10.8,5.5,0.2777777777777778,0.0,True,False,1.0,False,False,False
2020-05-22T14:00:00+08:00,295.16,-10.5,6.5,0.3888888888888889,0.0,True,False,1.0,False,False,False
2020-05-22T15:00:00+08:00,286.25,-10.3,4.9,0.21111111111111114,0.0,True,False,1.0,False,False,False
2020-05-22T16:00:00+08:00,295.22,-10.4,5.6,0.28888888888888886,0.0,True,False,1.0,False,False,False
2020-05-22T17:00:00+08:00,306.34,-10.6,5.8,0.3111111111111111,0.0,True,False,1.0,False,False,False
2020-05-22T18:00:00+08:00,300.2,-10.2,7.8,0.5333333333333333,0.0,True,False,1.0,False,False,False
2020-05-22T19:00:00+08:00,286.49,-10.4,7.0,0.4444444444444444,0.0,True,False,1.0,False,False,False
2020-05-22T20:00:00+08:00,270.8,-10.2,6.1,0.3444444444444444,0.0,True,False,1.0,False,False,False
2020-05-22T21:00:00+08:00,275.55,-9.8,7.3,0.47777777777777775,0.0,True,False,1.0,False,False,False
2020-05-22T22:00:00+08:00,273.05,-9.3,6.2,0.35555555555555557,0.0,True,False,1.0,False,False,False
2020-05-22T23:00:00+08:00,270.36,-9.2,9.8,0.7555555555555556,0.0,True,False,1.0,False,False,False
2020-05-23T00:00:00+08:00,271.73,-9.4,7.1,0.4555555555555555,0.0,True,False,1.0,False,False,False
2020-05-23T01:00:00+08:00,265.995,-9.5,6.5,0.3888888888888889,0.0,True,False,1.0,False,False,False
2020-05-23T02:00:00+08:00,245.21,-9.8,4.9,0.21111111111111114,0.0,True,False,1.0,False,False,False
2020-05-23T03:00:00+08:00,256.27,-9.6,6.0,0.3333333333333333,0.0,True,False,1.0,False,False,False
2020-05-23T04:00:00+08:00,250.74,-10.1,5.2,0.24444444444444446,0.0,True,False,1.0,False,False,False
2020-05-23T05:00:00+08:00,252.53,-9.9,6.0,0.3333333333333333,0.0,True,False,1.0,False,False,False
2020-05-23T06:00:00+08:00,260.21,-10.5,3.4,0.04444444444444443,0.0007,True,False,1.0,False,False,False
2020-05-23T07:00:00+08:00,278.54,-10.3,8.3,0.588888888888889,0.0014,True,False,1.0,False,False,False
2020-05-23T08:00:00+08:00,272.29,-9.5,7.6,0.5111111111111111,0.0007,True,False,1.0,False,False,False
2020-05-23T09:00:00+08:00,262.25,-11.3,10.5,0.8333333333333334,0.00035,True,False,1.0,False,False,False
2020-05-23T10:00:00+08:00,258.29,-11.7,7.4,0.48888888888888893,0.0,True,False,1.0,False,False,False
2020-05-23T11:00:00+08:00,272.73,-11.3,6.5,0.3888888888888889,0.0,True,False,1.0,False,False,False
2020-05-23T12:00:00+08:00,266.88,-12.2,7.3,0.47777777777777775,0.0,True,False,1.0,False,False,False
2020-05-23T13:00:00+08:00,271.28,-12.8,10.8,0.8666666666666667,0.0,True,False,1.0,False,False,False
2020-05-23T14:00:00+08:00,268.19,-11.0,10.8,0.8666666666666667,0.0,True,False,1.0,False,False,False
2020-05-23T15:00:00+08:00,259.71,-10.6,11.4,0.9333333333333333,0.0,True,False,1.0,False,False,False
2020-05-23T16:00:00+08:00,251.33,-11.5,14.9,1.0,0.0,True,False,1.0,False,False,False
2020-05-23T17:00:00+08:00,265.26,-11.4,10.2,0.7999999999999999,0.0,True,False,1.0,False,False,False
2020-05-23T18:00:00+08:00,254.1516666,-11.7,11.3,0.9222222222222223,0.0,True,False,1.0,False,False,False
2020-05-23T19:00:00+08:00,253.0133333,-12.1,13.6,1.0,0.0,True,False,1.0,False,False,False
2020-05-23T20:00:00+08:00,235.73,-12.3,10.4,0.8222222222222223,0.0,True,False,1.0,False,False,False
2020-05-23T21:00:00+08:00,244.6933334,-12.5,12.4,1.0,0.0,True,False,1.0,False,False,False
2020-05-23T22:00:00+08:00,235.2866667,-12.9,12.3,1.0,0.0,True,False,1.0,False,False,False
2020-05-23T23:00:00+08:00,247.06,-12.9,11.0,0.8888888888888888,0.0,True,False,1.0,False,False,False
2020-05-24T00:00:00+08:00,249.7333334,-13.1,11.8,0.9777777777777779,0.0,True,False,1.0,False,False,False
2020-05-24T01:00:00+08:00,249.6633333,-12.7,10.7,0.8555555555555555,0.0,True,False,1.0,False,False,False
2020-05-24T02:00:00+08:00,235.3933334,-12.9,10.5,0.8333333333333334,0.0,True,False,1.0,False,False,False
2020-05-24T03:00:00+08:00,238.2933333,-13.0,9.1,0.6777777777777777,0.0,True,False,1.0,False,False,False
2020-05-24T04:00:00+08:00,227.8433333,-12.9,7.7,0.5222222222222223,0.0,True,False,1.0,False,False,False
2020-05-24T05:00:00+08:00,229.03,-13.3,8.6,0.6222222222222222,0.0,True,False,1.0,False,False,False
2020-05-24T06:00:00+08:00,237.24,-13.5,10.2,0.7999999999999999,0.0007,True,False,1.0,False,False,False
2020-05-24T07:00:00+08:00,236.6333333,-13.7,7.2,0.4666666666666667,0.0014,True,False,1.0,False,False,False
2020-05-24T08:00:00+08:00,259.4266667,-13.7,8.3,0.588888888888889,0.0014,True,False,1.0,False,False,False
2020-05-24T09:00:00+08:00,241.53,-13.7,7.4,0.48888888888888893,0.0,True,False,1.0,False,False,False
2020-05-24T10:00:00+08:00,248.5833333,-13.7,9.2,0.6888888888888888,0.0,True,False,1.0,False,False,False
2020-05-24T11:00:00+08:00,275.37,-13.7,8.1,0.5666666666666667,0.0,True,False,1.0,False,False,False
2020-05-24T12:00:00+08:00,281.44,-13.7,8.8,0.6444444444444445,0.0,True,False,1.0,False,False,False
2020-05-24T13:00:00+08:00,268.05,-13.7,8.9,0.6555555555555556,0.0,True,False,1.0,False,False,False
2020-05-24T14:00:00+08:00,248.48,-13.8,7.8,0.5333333333333333,0.0,True,False,1.0,False,False,False
2020-05-24T15:00:00+08:00,233.66,-14.0,9.9,0.7666666666666667,0.0,True,False,1.0,False,False,False
2020-05-24T16:00:00+08:00,247.62,-14.0,9.5,0.7222222222222222,0.0,True,False,1.0,False,False,False
2020-05-24T17:00:00+08:00,256.13,-13.9,7.9,0.5444444444444445,0.0,True,False,1.0,False,False,False
2020-05-24T18:00:00+08:00,240.31,-13.9,9.2,0.6888888888888888,0.0,True,False,1.0,False,False,False
2020-05-24T19:00:00+08:00,240.48,-14.3,8.2,0.5777777777777777,0.0,True,False,1.0,False,False,False
2020-05-24T20:00:00+08:00,242.78,-15.0,7.7,0.5222222222222223,0.0,True,False,1.0,False,False,False
2020-05-24T21:00:00+08:00,241.0,-14.8,7.2,0.4666666666666667,0.0,True,False,1.0,False,False,False
2020-05-24T22:00:00+08:00,237.75,-14.9,7.7,0.5222222222222223,0.0,True,False,1.0,False,False,False
2020-05-24T23:00:00+08:00,234.24,-14.9,9.2,0.6888888888888888,0.0,True,False,1.0,False,False,False
2020-05-25T00:00:00+08:00,231.19,-15.3,8.9,0.6555555555555556,0.0,True,False,1.0,False,False,False
2020-05-25T01:00:00+08:00,229.9,-15.7,10.6,0.8444444444444444,0.0,True,False,1.0,False,False,False
2020-05-25T02:00:00+08:00,239.25,-15.9,10.4,0.8222222222222223,0.0,True,False,1.0,False,False,False
2020-05-25T03:00:00+08:00,237.715,-15.5,9.4,0.7111111111111111,0.0,True,False,1.0,False,False,False
2020-05-25T04:00:00+08:00,237.35,-14.8,8.3,0.588888888888889,0.0,True,False,1.0,False,False,False
2020-05-25T05:00:00+08:00,235.47,-14.4,8.2,0.5777777777777777,0.0,True,False,1.0,False,False,False
2020-05-25T06:00:00+08:00,237.38,-14.3,8.1,0.5666666666666667,0.0,True,False,1.0,False,False,False
2020-05-25T07:00:00+08:00,261.93,-14.1,7.4,0.48888888888888893,0.0007,True,False,1.0,False,False,False
2020-05-25T08:00:00+08:00,284.87,-14.1,5.8,0.3111111111111111,0.0007,True,False,1.0,False,False,False
2020-05-25T09:00:00+08:00,269.63,-14.3,5.4,0.2666666666666667,0.0,True,False,1.0,False,False,False
2020-05-25T10:00:00+08:00,247.89,-14.2,4.4,0.15555555555555559,0.0,True,False,1.0,False,False,False
2020-05-25T11:00:00+08:00,246.16,-14.9,2.5,0.0,0.0,True,False,1.0,False,False,False
2020-05-25T12:00:00+08:00,262.66,-15.8,2.0,0.0,0.0,True,False,1.0,False,False,False
2020-05-25T13:00:00+08:00,249.27,-15.9,2.0,0.0,0.0,True,False,1.0,False,False,False
2020-05-25T14:00:00+08:00,239.62,-15.9,2.5,0.0,0.0,True,False,1.0,False,False,False
2020-05-25T15:00:00+08:00,248.38,-16.1,1.3,0.0,0.0,True,False,1.0,False,False,False
2020-05-25T16:00:00+08:00,248.75,-16.4,2.3,0.0,0.0,True,False,1.0,False,False,False
2020-05-25T17:00:00+08:00,256.66,-16.0,6.4,0.3777777777777778,0.0,True,False,1.0,False,False,False
2020-05-25T18:00:00+08:00,253.92,-17.3,5.5,0.2777777777777778,0.0,True,False,1.0,False,False,False
2020-05-25T19:00:00+08:00,246.87,-18.6,3.4,0.04444444444444443,0.0,True,False,1.0,False,False,False
2020-05-25T20:00:00+08:00,235.035,-18.8,3.2,0.02222222222222224,0.0,True,False,1.0,False,False,False
2020-05-25T21:00:00+08:00,244.6666667,-19.3,2.5,0.0,0.0,True,False,1.0,False,False,False
2020-05-25T22:00:00+08:00,247.5566667,-19.2,0.6,0.0,0.0,True,False,1.0,False,False,False
2020-05-25T23:00:00+08:00,241.71,-20.0,1.3,0.0,0.0,True,False,1.0,False,False,False
2020-05-26T00:00:00+08:00,240.1033334,-19.0,3.4,0.04444444444444443,0.0,True,False,1.0,False,False,False
2020-05-26T01:00:00+08:00,232.7933333,-18.8,3.8,0.08888888888888886,0.0,True,False,1.0,False,False,False
2020-05-26T02:00:00+08:00,229.4733333,-18.9,2.9,0.0,0.0,True,False,1.0,False,False,False
2020-05-26T03:00:00+08:00,233.76,-18.6,4.1,0.12222222222222218,0.0,True,False,1.0,False,False,False
2020-05-26T04:00:00+08:00,240.1533333,-19.2,3.0,0.0,0.0,True,False,1.0,False,False,False
2020-05-26T05:00:00+08:00,235.1666667,-19.7,2.7,0.0,0.0,True,False,1.0,False,False,False
2020-05-26T06:00:00+08:00,234.7966667,-20.5,1.7,0.0,0.0,True,False,1.0,False,False,False
2020-05-26T07:00:00+08:00,235.9166667,-19.9,3.8,0.08888888888888886,0.0007,True,False,1.0,False,False,False
2020-05-26T08:00:00+08:00,251.2,-20.6,3.7,0.07777777777777779,0.0007,True,False,1.0,False,False,False
2020-05-26T09:00:00+08:00,256.5766667,-19.0,1.4,0.0,0.0,True,False,1.0,False,False,False
2020-05-26T10:00:00+08:00,245.5266666,-17.9,3.8,0.08888888888888886,0.0,True,False,1.0,False,False,False
2020-05-26T11:00:00+08:00,253.99,-17.8,2.8,0.0,0.0,True,False,1.0,False,False,False
2020-05-26T12:00:00+08:00,282.275,-18.1,1.0,0.0,0.0,True,False,1.0,False,False,False
2020-05-26T13:00:00+08:00,279.84,-18.3,2.1,0.0,0.0,True,False,1.0,False,False,False
2020-05-26T14:00:00+08:00,259.1,-18.5,1.4,0.0,0.0,True,False,1.0,False,False,False
2020-05-26T15:00:00+08:00,248.04,-18.9,0.8,0.0,0.0,True,False,1.0,False,False,False
2020-05-26T16:00:00+08:00,250.54,-19.3,0.0,0.0,0.0,True,False,1.0,False,False,False
2020-05-26T17:00:00+08:00,262.44,-19.6,0.0,0.0,0.0,True,False,1.0,False,False,False
2020-05-26T18:00:00+08:00,258.06,-19.9,1.5,0.0,0.0,True,False,1.0,False,False,False
2020-05-26T19:00:00+08:00,257.57,-20.1,0.6,0.0,0.0,True,False,1.0,False,False,False
2020-05-26T20:00:00+08:00,247.02,-21.4,0.0,0.0,0.0,True,False,1.0,False,False,False
2020-05-26T21:00:00+08:00,243.78,-21.1,1.9,0.0,0.0,True,False,1.0,False,False,False
2020-05-26T22:00:00+08:00,252.03,-21.4,2.0,0.0,0.0,True,False,1.0,False,False,False
2020-05-26T23:00:00+08:00,256.36,-21.0,1.4,0.0,0.0,True,False,1.0,False,False,False
2020-05-27T00:00:00+08:00,257.1,-21.2,1.6,0.0,0.0,True,False,1.0,False,False,False
2020-05-27T01:00:00+08:00,258.86,-22.0,2.1,0.0,0.0,True,False,1.0,False,False,False
2020-05-27T02:00:00+08:00,253.38,-21.9,2.4,0.0,0.0,True,False,1.0,False,False,False
2020-05-27T03:00:00+08:00,265.14,-21.5,1.5,0.0,0.0,True,False,1.0,False,False,False
2020-05-27T04:00:00+08:00,257.56,-21.5,1.0,0.0,0.0,True,False,1.0,False,False,False
2020-05-27T05:00:00+08:00,251.955,-21.1,1.6,0.0,0.0,True,False,1.0,False,False,False
2020-05-27T06:00:00+08:00,258.31,-21.1,1.3,0.0,0.0007,True,False,1.0,False,False,False
2020-05-27T07:00:00+08:00,253.31,-20.8,0.0,0.0,0.0007,True,False,1.0,False,False,False
2020-05-27T08:00:00+08:00,274.58,-20.3,0.1,0.0,0.0007,True,False,1.0,False,False,False
2020-05-27T09:00:00+08:00,273.53,-20.7,0.4,0.0,0.0,True,False,1.0,False,False,False
2020-05-27T10:00:00+08:00,279.68,-21.5,1.6,0.0,0.0,True,False,1.0,False,False,False
2020-05-27T11:00:00+08:00,282.48,-20.5,6.4,0.3777777777777778,0.0,True,False,1.0,False,False,False
2020-05-27T12:00:00+08:00,296.59,-20.4,6.9,0.43333333333333335,0.0,True,False,1.0,False,False,False
2020-05-27T13:00:00+08:00,278.81,-20.5,7.8,0.5333333333333333,0.0,True,False,1.0,False,False,False
2020-05-27T14:00:00+08:00,273.35,-20.3,8.1,0.5666666666666667,0.0,True,False,1.0,False,False,False
2020-05-27T15:00:00+08:00,267.71,-20.1,9.6,0.7333333333333333,0.0,True,False,1.0,False,False,False
2020-05-27T16:00:00+08:00,273.65,-19.7,10.2,0.7999999999999999,0.0,True,False,1.0,False,False,False
2020-05-27T17:00:00+08:00,274.42,-19.4,8.9,0.6555555555555556,0.0,True,False,1.0,False,False,False
2020-05-27T18:00:00+08:00,278.19,-19.3,7.8,0.5333333333333333,0.0,True,False,1.0,False,False,False
2020-05-27T19:00:00+08:00,272.95,-19.2,5.8,0.3111111111111111,0.0,True,False,1.0,False,False,False
2020-05-27T20:00:00+08:00,269.45,-20.0,5.0,0.2222222222222222,0.0,True,False,1.0,False,False,False
2020-05-27T21:00:00+08:00,271.24,-20.6,2.1,0.0,0.0,True,False,1.0,False,False,False
2020-05-27T22:00:00+08:00,266.4383333,-22.3,2.5,0.0,0.0,True,False,1.0,False,False,False
2020-05-27T23:00:00+08:00,273.0433334,-23.3,2.5,0.0,0.0,True,False,1.0,False,False,False
2020-05-28T00:00:00+08:00,273.5733333,-23.0,0.9,0.0,0.0,True,False,1.0,False,False,False
2020-05-28T01:00:00+08:00,276.1133333,-23.3,1.5,0.0,0.0,True,False,1.0,False,False,False
2020-05-28T02:00:00+08:00,274.1166666,-24.3,2.0,0.0,0.0,True,False,1.0,False,False,False
2020-05-28T03:00:00+08:00,277.66,-25.5,1.3,0.0,0.0,True,False,1.0,False,False,False
2020-05-28T04:00:00+08:00,297.62,-25.6,0.2,0.0,0.0,True,False,1.0,False,False,False
2020-05-28T05:00:00+08:00,294.5166666,-22.2,1.5,0.0,0.0,True,False,1.0,False,False,False
2020-05-28T06:00:00+08:00,282.0233333,-20.9,2.8,0.0,0.0,True,False,1.0,False,False,False
2020-05-28T07:00:00+08:00,272.9566667,-15.9,7.8,0.5333333333333333,0.0007,True,False,1.0,False,False,False
2020-05-28T08:00:00+08:00,289.31,-14.1,14.6,1.0,0.0007,True,False,1.0,False,False,False
2020-05-28T09:00:00+08:00,280.72,-13.9,15.2,1.0,0.0,False,True,0.5,True,True,False
2020-05-28T10:00:00+08:00,276.2033333,-13.8,14.5,1.0,0.0,True,True,0.5,True,False,False
2020-05-28T11:00:00+08:00,273.0133334,-13.8,14.2,1.0,0.0,True,True,0.5,True,False,False
2020-05-28T12:00:00+08:00,288.67,-13.8,12.6,1.0,0.0,True,True,0.5,True,False,False
2020-05-28T13:00:00+08:00,276.8366667,-13.3,14.1,1.0,0.0,True,True,0.5,True,False,False
2020-05-28T14:00:00+08:00,281.5466667,-13.8,14.6,1.0,0.0,True,True,0.5,True,False,False
2020-05-28T15:00:00+08:00,273.2833334,-13.5,11.8,0.9777777777777779,0.0,True,True,0.5,True,False,False
2020-05-28T16:00:00+08:00,280.75,-13.6,10.6,0.8444444444444444,0.0,True,True,0.5,True,False,False
2020-05-28T17:00:00+08:00,272.83,-14.0,12.9,1.0,0.0,True,True,0.5,True,False,False
2020-05-28T18:00:00+08:00,279.7,-14.2,9.8,0.7555555555555556,0.0,True,True,0.5,True,False,False
2020-05-28T19:00:00+08:00,277.18,-14.2,11.8,0.9777777777777779,0.0,True,True,0.5,True,False,False
2020-05-28T20:00:00+08:00,272.17,-14.1,9.7,0.7444444444444444,0.0,True,True,0.5,True,False,False
2020-05-28T21:00:00+08:00,279.79,-14.2,6.8,0.4222222222222222,0.0,True,True,0.5,True,False,False
2020-05-28T22:00:00+08:00,274.96,-14.0,6.8,0.4222222222222222,0.0,True,False,1.0,False,False,False
2020-05-28T23:00:00+08:00,271.04,-13.7,8.0,0.5555555555555556,0.0,True,False,1.0,False,False,False
2020-05-29T00:00:00+08:00,264.01,-13.5,6.6,0.39999999999999997,0.0,True,False,1.0,False,False,False
2020-05-29T01:00:00+08:00,269.48,-13.0,9.0,0.6666666666666666,0.0,True,False,1.0,False,False,False
2020-05-29T02:00:00+08:00,265.99,-13.1,8.0,0.5555555555555556,0.0,True,False,1.0,False,False,False
2020-05-29T03:00:00+08:00,259.66,-13.0,10.7,0.8555555555555555,0.0,True,False,1.0,False,False,False
2020-05-29T04:00:00+08:00,253.26,-12.8,8.1,0.5666666666666667,0.0,True,False,1.0,False,False,False
2020-05-29T05:00:00+08:00,248.63,-12.4,8.6,0.6222222222222222,0.0,True,False,1.0,False,False,False
2020-05-29T06:00:00+08:00,256.82,-12.8,7.1,0.4555555555555555,0.0,True,False,1.0,False,False,False
2020-05-29T07:00:00+08:00,263.86,-12.6,8.7,0.6333333333333333,0.0007,True,False,1.0,False,False,False
2020-05-29T08:00:00+08:00,270.99,-12.4,9.6,0.7333333333333333,0.0007,True,False,1.0,False,False,False
2020-05-29T09:00:00+08:00,262.79,-12.3,9.2,0.6888888888888888,0.0,True,False,1.0,False,False,False
2020-05-29T10:00:00+08:00,253.55,-12.5,6.0,0.3333333333333333,0.0,True,False,1.0,False,False,False
2020-05-29T11:00:00+08:00,270.29,-12.3,7.1,0.4555555555555555,0.0,True,False,1.0,False,False,False
2020-05-29T12:00:00+08:00,256.0,-11.7,6.1,0.3444444444444444,0.0,True,False,1.0,False,False,False
2020-05-29T13:00:00+08:00,258.52,-11.6,10.3,0.8111111111111112,0.0,True,False,1.0,False,False,False
2020-05-29T14:00:00+08:00,268.61,-11.2,11.3,0.9222222222222223,0.0,True,False,1.0,False,False,False
2020-05-29T15:00:00+08:00,271.62,-11.0,13.3,1.0,0.0,True,False,1.0,False,False,False
2020-05-29T16:00:00+08:00,276.15,-11.8,14.4,1.0,0.0,True,False,1.0,False,False,False
2020-05-29T17:00:00+08:00,263.74,-12.3,13.3,1.0,0.0,True,False,1.0,False,False,False
2020-05-29T18:00:00+08:00,264.16,-12.8,13.9,1.0,0.0,True,False,1.0,False,False,False
2020-05-29T19:00:00+08:00,256.7,-10.5,10.2,0.7999999999999999,0.0,True,False,1.0,False,False,False
2020-05-29T20:00:00+08:00,255.68,-10.7,9.7,0.7444444444444444,0.0,True,False,1.0,False,False,False
2020-05-29T21:00:00+08:00,259.4,-12.2,10.4,0.8222222222222223,0.0,True,False,1.0,False,False,False
2020-05-29T22:00:00+08:00,248.91,-11.3,10.6,0.8444444444444444,0.0,True,False,1.0,False,False,False
2020-05-29T23:00:00+08:00,257.13,-12.7,9.0,0.6666666666666666,0.0,True,False,1.0,False,False,False
2020-05-30T00:00:00+08:00,252.7316667,-13.2,11.8,0.9777777777777779,0.0,True,False,1.0,False,False,False
2020-05-30T01:00:00+08:00,249.4,-14.6,12.9,1.0,0.0,True,False,1.0,False,False,False
2020-05-30T02:00:00+08:00,246.17,-15.1,9.9,0.7666666666666667,0.0,True,False,1.0,False,False,False
2020-05-30T03:00:00+08:00,242.9566667,-16.4,6.9,0.43333333333333335,0.0,True,False,1.0,False,False,False
2020-05-30T04:00:00+08:00,251.8266666,-16.7,10.4,0.8222222222222223,0.0,True,False,1.0,False,False,False
2020-05-30T05:00:00+08:00,245.1333333,-17.6,13.0,1.0,0.0,True,False,1.0,False,False,False
2020-05-30T06:00:00+08:00,248.01,-18.5,13.2,1.0,0.0,True,False,1.0,False,False,False
2020-05-30T07:00:00+08:00,254.9233334,-18.9,12.6,1.0,0.0007,True,False,1.0,False,False,False
2020-05-30T08:00:00+08:00,285.5033333,-19.3,12.8,1.0,0.0007,True,False,1.0,False,False,False
2020-05-30T09:00:00+08:00,273.0733334,-19.7,13.6,1.0,0.0,True,False,1.0,False,False,False
2020-05-30T10:00:00+08:00,253.8633333,-20.0,12.4,1.0,0.0,True,False,1.0,False,False,False
2020-05-30T11:00:00+08:00,266.0466666,-19.8,12.4,1.0,0.0,True,False,1.0,False,False,False
2020-05-30T12:00:00+08:00,267.4266666,-19.4,10.6,0.8444444444444444,0.0,True,False,1.0,False,False,False
2020-05-30T13:00:00+08:00,247.46,-18.8,6.0,0.3333333333333333,0.0,True,False,1.0,False,False,False
2020-05-30T14:00:00+08:00,247.87,-18.3,6.0,0.3333333333333333,0.0,True,False,1.0,False,False,False
2020-05-30T15:00:00+08:00,242.0433333,-17.4,9.3,0.7000000000000001,0.0,True,False,1.0,False,False,False
2020-05-30T16:00:00+08:00,252.32,-16.6,9.6,0.7333333333333333,0.0,True,False,1.0,False,False,False
2020-05-30T17:00:00+08:00,248.8666667,-16.6,11.6,0.9555555555555555,0.0,True,False,1.0,False,False,False
2020-05-30T18:00:00+08:00,275.53,-16.4,11.6,0.9555555555555555,0.0,True,False,1.0,False,False,False
2020-05-30T19:00:00+08:00,257.74,-16.7,14.9,1.0,0.0,True,False,1.0,False,False,False
2020-05-30T20:00:00+08:00,247.71,-16.9,15.8,1.0,0.0,False,True,0.5,True,True,False
2020-05-30T21:00:00+08:00,250.65,-17.4,17.7,1.0,0.0,False,True,0.5,True,True,False
2020-05-30T22:00:00+08:00,243.56,-17.6,15.9,1.0,0.0,False,True,0.5,True,True,False
2020-05-30T23:00:00+08:00,242.36,-17.4,15.7,1.0,0.0,False,True,0.5,True,True,False
2020-05-31T00:00:00+08:00,232.46,-17.4,13.4,1.0,0.0,True,True,0.5,True,False,False
2020-05-31T01:00:00+08:00,235.9,-17.3,14.2,1.0,0.0,True,True,0.5,True,False,False
2020-05-31T02:00:00+08:00,229.98,-17.0,15.3,1.0,0.0,False,True,0.5,True,True,False
2020-05-31T03:00:00+08:00,229.11,-16.6,15.3,1.0,0.0,False,True,0.5,True,True,False
2020-05-31T04:00:00+08:00,238.0,-16.7,14.9,1.0,0.0,True,True,0.5,True,False,False
2020-05-31T05:00:00+08:00,250.19,-16.1,12.4,1.0,0.0,True,True,0.5,True,False,False
2020-05-31T06:00:00+08:00,263.84,-15.8,11.4,0.9333333333333333,0.0,True,True,0.5,True,False,False
2020-05-31T07:00:00+08:00,264.02,-15.8,12.3,1.0,0.0007,True,True,0.5,True,False,False
2020-05-31T08:00:00+08:00,246.06,-15.7,13.3,1.0,0.0,True,True,0.5,True,False,False
2020-05-31T09:00:00+08:00,244.46,-15.6,14.0,1.0,0.0,True,True,0.5,True,False,False
2020-05-31T10:00:00+08:00,236.805,-15.8,14.9,1.0,0.0,True,True,0.5,True,False,False
2020-05-31T11:00:00+08:00,255.1,-15.8,14.9,1.0,0.0,True,True,0.5,True,False,False
2020-05-31T12:00:00+08:00,249.09,-15.8,15.0,1.0,0.0,False,True,0.5,True,True,False
2020-05-31T13:00:00+08:00,233.86,-15.7,14.3,1.0,0.0,True,True,0.5,True,False,False
2020-05-31T14:00:00+08:00,237.55,-15.8,14.5,1.0,0.0,True,True,0.5,True,False,False
2020-05-31T15:00:00+08:00,245.67,-15.9,15.2,1.0,0.0,False,True,0.5,True,True,False
2020-05-31T16:00:00+08:00,239.98,-15.8,14.4,1.0,0.0,True,True,0.5,True,False,False
2020-05-31T17:00:00+08:00,250.53,-15.8,14.1,1.0,0.0,True,True,0.5,True,False,False
2020-05-31T18:00:00+08:00,259.46,-15.8,14.0,1.0,0.0,True,True,0.5,True,False,False
2020-05-31T19:00:00+08:00,254.98,-15.6,12.0,1.0,0.0,True,True,0.5,True,False,False
2020-05-31T20:00:00+08:00,255.22,-15.5,11.4,0.9333333333333333,0.0,True,True,0.5,True,False,False
2020-05-31T21:00:00+08:00,253.6,-15.5,10.4,0.8222222222222223,0.0,True,True,0.5,True,False,False
2020-05-31T22:00:00+08:00,243.93,-15.8,11.5,0.9444444444444444,0.0,True,True,0.5,True,False,False
2020-05-31T23:00:00+08:00,237.77,-15.9,10.8,0.8666666666666667,0.0,True,True,0.5,True,False,False
2020-06-01T00:00:00+08:00,236.48,-15.8,10.5,0.8333333333333334,0.0,True,True,0.5,True,False,False
2020-06-01T01:00:00+08:00,234.82,-16.1,10.6,0.8444444444444444,0.0,True,True,0.5,True,False,False
2020-06-01T02:00:00+08:00,243.38,-16.3,9.3,0.7000000000000001,0.0,True,True,0.5,True,False,False
2020-06-01T03:00:00+08:00,233.045,-16.5,6.8,0.4222222222222222,0.0,True,True,0.5,True,False,False
2020-06-01T04:00:00+08:00,236.4366666,-16.6,9.2,0.6888888888888888,0.0,True,False,1.0,False,False,False
2020-06-01T05:00:00+08:00,231.31,-16.8,7.2,0.4666666666666667,0.0,True,False,1.0,False,False,False
2020-06-01T06:00:00+08:00,240.5733333,-16.9,5.9,0.32222222222222224,0.0,True,False,1.0,False,False,False
2020-06-01T07:00:00+08:00,240.5566667,-16.6,8.0,0.5555555555555556,0.0,True,False,1.0,False,False,False
2020-06-01T08:00:00+08:00,279.6266667,-16.4,7.5,0.5,0.0,True,False,1.0,False,False,False
2020-06-01T09:00:00+08:00,279.5366667,-16.1,6.0,0.3333333333333333,0.0,True,False,1.0,False,False,False
2020-06-01T10:00:00+08:00,267.47,-16.6,6.5,0.3888888888888889,0.0,True,False,1.0,False,False,False
2020-06-01T11:00:00+08:00,257.6533334,-16.2,4.4,0.15555555555555559,0.0,True,False,1.0,False,False,False
2020-06-01T12:00:00+08:00,260.0766666,-15.6,2.8,0.0,0.0,True,False,1.0,False,False,False
2020-06-01T13:00:00+08:00,248.4833333,-15.5,2.1,0.0,0.0,True,False,1.0,False,False,False
2020-06-01T14:00:00+08:00,244.6,-15.1,4.1,0.12222222222222218,0.0,True,False,1.0,False,False,False
2020-06-01T15:00:00+08:00,245.7966666,-14.7,4.4,0.15555555555555559,0.0,True,False,1.0,False,False,False
2020-06-01T16:00:00+08:00,244.3433333,-14.7,2.9,0.0,0.0,True,False,1.0,False,False,False
2020-06-01T17:00:00+08:00,256.1333333,-14.8,2.8,0.0,0.0,True,False,1.0,False,False,False
2020-06-01T18:00:00+08:00,258.7966667,-14.8,2.8,0.0,0.0,True,False,1.0,False,False,False
2020-06-01T19:00:00+08:00,251.1966666,-14.6,4.6,0.17777777777777773,0.0,True,False,1.0,False,False,False
2020-06-01T20:00:00+08:00,252.81,-14.4,5.8,0.3111111111111111,0.0,True,False,1.0,False,False,False
2020-06-01T21:00:00+08:00,248.08,-14.2,6.1,0.3444444444444444,0.0,True,False,1.0,False,False,False
2020-06-01T22:00:00+08:00,246.99,-14.2,5.4,0.2666666666666667,0.0,True,False,1.0,False,False,False
2020-06-01T23:00:00+08:00,248.13,-14.2,6.4,0.3777777777777778,0.0,True,False,1.0,False,False,False
2020-06-02T00:00:00+08:00,240.93,-14.6,5.4,0.2666666666666667,0.0,True,False,1.0,False,False,False
2020-06-02T01:00:00+08:00,238.66,-14.4,4.8,0.19999999999999998,0.0,True,False,1.0,False,False,False
2020-06-02T02:00:00+08:00,239.8,-14.3,4.3,0.14444444444444443,0.0,True,False,1.0,False,False,False
2020-06-02T03:00:00+08:00,239.83,-14.7,6.8,0.4222222222222222,0.0,True,False,1.0,False,False,False
2020-06-02T04:00:00+08:00,247.6,-14.8,6.7,0.41111111111111115,0.0,True,False,1.0,False,False,False
2020-06-02T05:00:00+08:00,249.89,-14.6,5.4,0.2666666666666667,0.0,True,False,1.0,False,False,False
2020-06-02T06:00:00+08:00,242.97,-14.7,4.9,0.21111111111111114,0.0,True,False,1.0,False,False,False
2020-06-02T07:00:00+08:00,241.82,-14.5,4.8,0.19999999999999998,0.0,True,False,1.0,False,False,False
2020-06-02T08:00:00+08:00,272.15,-14.7,6.0,0.3333333333333333,0.0,True,False,1.0,False,False,False
2020-06-02T09:00:00+08:00,251.32,-14.8,5.0,0.2222222222222222,0.0,True,False,1.0,False,False,False
2020-06-02T10:00:00+08:00,248.68,-15.0,4.8,0.19999999999999998,0.0,True,False,1.0,False,False,False
2020-06-02T11:00:00+08:00,255.4,-16.7,2.6,0.0,0.0,True,False,1.0,False,False,False
2020-06-02T12:00:00+08:00,267.04,-17.9,3.4,0.04444444444444443,0.0,True,False,1.0,False,False,False
2020-06-02T13:00:00+08:00,257.69,-18.6,3.0,0.0,0.0,True,False,1.0,False,False,False
2020-06-02T14:00:00+08:00,250.83,-19.0,3.3,0.03333333333333331,0.0,True,False,1.0,False,False,False
2020-06-02T15:00:00+08:00,249.37,-19.1,3.8,0.08888888888888886,0.0,True,False,1.0,False,False,False
2020-06-02T16:00:00+08:00,256.48,-19.9,3.0,0.0,0.0,True,False,1.0,False,False,False
2020-06-02T17:00:00+08:00,264.88,-20.5,3.0,0.0,0.0,True,False,1.0,False,False,False
2020-06-02T18:00:00+08:00,277.58,-21.4,3.6,0.06666666666666668,0.0,True,False,1.0,False,False,False
2020-06-02T19:00:00+08:00,273.32,-22.3,2.3,0.0,0.0,True,False,1.0,False,False,False
2020-06-02T20:00:00+08:00,253.77,-20.5,3.0,0.0,0.0,True,False,1.0,False,False,False
2020-06-02T21:00:00+08:00,241.06,-18.9,2.7,0.0,0.0,True,False,1.0,False,False,False
2020-06-02T22:00:00+08:00,241.79,-15.9,8.0,0.5555555555555556,0.0,True,False,1.0,False,False,False
2020-06-02T23:00:00+08:00,242.82,-16.2,4.5,0.16666666666666666,0.0,True,False,1.0,False,False,False
2020-06-03T00:00:00+08:00,243.37,-14.6,11.4,0.9333333333333333,0.0,True,False,1.0,False,False,False
2020-06-03T01:00:00+08:00,247.02,-14.5,14.3,1.0,0.0,True,False,1.0,False,False,False
2020-06-03T02:00:00+08:00,247.19,-13.4,14.9,1.0,0.0,True,False,1.0,False,False,False
2020-06-03T03:00:00+08:00,241.03,-12.9,13.9,1.0,0.0,True,False,1.0,False,False,False
2020-06-03T04:00:00+08:00,243.63,-12.0,11.5,0.9444444444444444,0.0,True,False,1.0,False,False,False
2020-06-03T05:00:00+08:00,236.6033333,-11.1,13.5,1.0,0.0,True,False,1.0,False,False,False
2020-06-03T06:00:00+08:00,246.7733333,-10.7,13.7,1.0,0.0,True,False,1.0,False,False,False
2020-06-03T07:00:00+08:00,247.53,-10.4,13.0,1.0,0.0,True,False,1.0,False,False,False
2020-06-03T08:00:00+08:00,255.3566667,-10.8,15.3,1.0,0.0,False,True,0.5,True,True,False
2020-06-03T09:00:00+08:00,258.0233333,-11.2,16.4,1.0,0.0,False,True,0.5,True,True,False
2020-06-03T10:00:00+08:00,253.1333333,-10.8,15.5,1.0,0.0,False,True,0.5,True,True,False
2020-06-03T11:00:00+08:00,263.5666667,-10.6,17.1,1.0,0.0,False,True,0.5,True,True,False
2020-06-03T12:00:00+08:00,272.3166666,-10.0,17.1,1.0,0.0,False,True,0.5,True,True,False
2020-06-03T13:00:00+08:00,249.1533333,-9.9,17.7,1.0,0.0,False,True,0.5,True,True,False
2020-06-03T14:00:00+08:00,262.1866667,-9.5,15.7,1.0,0.0,False,True,0.5,True,True,False
2020-06-03T15:00:00+08:00,251.0033333,-9.6,7.2,0.4666666666666667,0.0,True,True,0.5,True,False,False
2020-06-03T16:00:00+08:00,255.2733333,-10.0,8.1,0.5666666666666667,0.0,True,True,0.5,True,False,False
2020-06-03T17:00:00+08:00,255.8633333,-10.6,8.4,0.6000000000000001,0.0,True,True,0.5,True,False,False
2020-06-03T18:00:00+08:00,262.95,-11.2,7.4,0.48888888888888893,0.0,True,True,0.5,True,False,False
2020-06-03T19:00:00+08:00,254.2733333,-11.3,6.9,0.43333333333333335,0.0,True,True,0.5,True,False,False
2020-06-03T20:00:00+08:00,241.7066667,-11.7,7.5,0.5,0.0,True,True,0.5,True,False,False
2020-06-03T21:00:00+08:00,252.9566667,-11.6,3.4,0.04444444444444443,0.0,True,True,0.5,True,False,False
2020-06-03T22:00:00+08:00,245.32,-11.6,6.8,0.4222222222222222,0.0,True,True,0.5,True,False,False
2020-06-03T23:00:00+08:00,250.64,-11.8,6.3,0.36666666666666664,0.0,True,True,0.5,True,False,False
2020-06-04T00:00:00+08:00,245.61,-11.9,2.0,0.0,0.0,True,True,0.5,True,False,False
2020-06-04T01:00:00+08:00,267.55,-12.7,3.3,0.03333333333333331,0.0,True,True,0.5,True,False,False
2020-06-04T02:00:00+08:00,261.58,-12.9,5.3,0.25555555555555554,0.0,True,True,0.5,True,False,False
2020-06-04T03:00:00+08:00,256.94,-13.0,4.7,0.1888888888888889,0.0,True,False,1.0,False,False,False
2020-06-04T04:00:00+08:00,242.76,-13.2,3.3,0.03333333333333331,0.0,True,False,1.0,False,False,False
2020-06-04T05:00:00+08:00,247.46,-13.7,2.1,0.0,0.0,True,False,1.0,False,False,False
2020-06-04T06:00:00+08:00,250.24,-13.9,1.7,0.0,0.0,True,False,1.0,False,False,False
2020-06-04T07:00:00+08:00,250.24,-14.0,4.0,0.1111111111111111,0.0,True,False,1.0,False,False,False
2020-06-04T08:00:00+08:00,270.38,-13.8,5.3,0.25555555555555554,0.0,True,False,1.0,False,False,False
2020-06-04T09:00:00+08:00,266.43,-14.0,8.3,0.588888888888889,0.0,True,False,1.0,False,False,False
2020-06-04T10:00:00+08:00,254.43,-14.5,9.7,0.7444444444444444,0.0,True,False,1.0,False,False,False
2020-06-04T11:00:00+08:00,257.99,-14.5,8.8,0.6444444444444445,0.0,True,False,1.0,False,False,False
2020-06-04T12:00:00+08:00,274.53,-14.6,10.5,0.8333333333333334,0.0,True,False,1.0,False,False,False
2020-06-04T13:00:00+08:00,265.04,-14.7,8.0,0.5555555555555556,0.0,True,False,1.0,False,False,False
2020-06-04T14:00:00+08:00,252.48,-14.6,5.9,0.32222222222222224,0.0,True,False,1.0,False,False,False
2020-06-04T15:00:00+08:00,252.61,-14.8,7.3,0.47777777777777775,0.0,True,False,1.0,False,False,False
2020-06-04T16:00:00+08:00,260.14,-14.8,6.3,0.36666666666666664,0.0,True,False,1.0,False,False,False
2020-06-04T17:00:00+08:00,270.84,-14.5,4.5,0.16666666666666666,0.0,True,False,1.0,False,False,False
2020-06-04T18:00:00+08:00,275.98,-14.2,1.1,0.0,0.0,True,False,1.0,False,False,False
2020-06-04T19:00:00+08:00,260.14,-14.6,3.3,0.03333333333333331,0.0,True,False,1.0,False,False,False
2020-06-04T20:00:00+08:00,254.36,-14.6,0.2,0.0,0.0,True,False,1.0,False,False,False
2020-06-04T21:00:00+08:00,257.94,-14.3,0.9,0.0,0.0,True,False,1.0,False,False,False
2020-06-04T22:00:00+08:00,249.6,-13.9,4.1,0.12222222222222218,0.0,True,False,1.0,False,False,False
2020-06-04T23:00:00+08:00,249.62,-12.5,1.7,0.0,0.0,True,False,1.0,False,False,False
2020-06-05T00:00:00+08:00,254.29,-11.4,2.4,0.0,0.0,True,False,1.0,False,False,False
2020-06-05T01:00:00+08:00,242.95,-9.5,3.1,0.01111111111111112,0.0,True,False,1.0,False,False,False
2020-06-05T02:00:00+08:00,239.07,-8.6,4.2,0.13333333333333336,0.0,True,False,1.0,False,False,False
2020-06-05T03:00:00+08:00,244.98,-8.2,3.4,0.04444444444444443,0.0,True,False,1.0,False,False,False
2020-06-05T04:00:00+08:00,248.96,-7.5,4.8,0.19999999999999998,0.0,True,False,1.0,False,False,False
2020-06-05T05:00:00+08:00,253.12,-7.2,4.4,0.15555555555555559,0.0,True,False,1.0,False,False,False
2020-06-05T06:00:00+08:00,247.22,-6.3,7.7,0.5222222222222223,0.0,True,False,1.0,False,False,False
2020-06-05T07:00:00+08:00,266.4916667,-5.7,8.5,0.6111111111111112,0.0,True,False,1.0,False,False,False
2020-06-05T08:00:00+08:00,291.1966667,-5.9,5.4,0.2666666666666667,0.0,True,False,1.0,False,False,False
2020-06-05T09:00:00+08:00,279.39,-5.6,5.4,0.2666666666666667,0.0,True,False,1.0,False,False,False
2020-06-05T10:00:00+08:00,253.2433334,-5.5,6.0,0.3333333333333333,0.0,True,False,1.0,False,False,False
2020-06-05T11:00:00+08:00,259.9866666,-5.3,4.6,0.17777777777777773,0.0,True,False,1.0,False,False,False
2020-06-05T12:00:00+08:00,267.8866667,-5.2,4.1,0.12222222222222218,0.0,True,False,1.0,False,False,False
2020-06-05T13:00:00+08:00,264.0,-5.8,4.4,0.15555555555555559,0.0,True,False,1.0,False,False,False
2020-06-05T14:00:00+08:00,259.1266667,-6.4,4.1,0.12222222222222218,0.0,True,False,1.0,False,False,False
2020-06-05T15:00:00+08:00,273.6166667,-6.6,3.6,0.06666666666666668,0.0,True,False,1.0,False,False,False
2020-06-05T16:00:00+08:00,261.88,-6.5,4.2,0.13333333333333336,0.0,True,False,1.0,False,False,False
2020-06-05T17:00:00+08:00,274.28,-6.2,3.2,0.02222222222222224,0.0,True,False,1.0,False,False,False
2020-06-05T18:00:00+08:00,267.1766667,-6.3,3.1,0.01111111111111112,0.0,True,False,1.0,False,False,False
2020-06-05T19:00:00+08:00,254.1,-6.1,4.8,0.19999999999999998,0.0,True,False,1.0,False,False,False
2020-06-05T20:00:00+08:00,248.9466666,-5.8,7.3,0.47777777777777775,0.0,True,False,1.0,False,False,False
2020-06-05T21:00:00+08:00,251.1133334,-5.5,10.3,0.8111111111111112,0.0,True,False,1.0,False,False,False
2020-06-05T22:00:00+08:00,247.4966667,-6.1,13.7,1.0,0.0,True,False,1.0,False,False,False
2020-06-05T23:00:00+08:00,253.9333334,-6.2,14.0,1.0,0.0,True,False,1.0,False,False,False
2020-06-06T00:00:00+08:00,254.985,-5.8,12.2,1.0,0.0,True,False,1.0,False,False,False
2020-06-06T01:00:00+08:00,249.54,-5.3,11.4,0.9333333333333333,0.0,True,False,1.0,False,False,False
2020-06-06T02:00:00+08:00,245.8,-5.6,13.2,1.0,0.0,True,False,1.0,False,False,False
2020-06-06T03:00:00+08:00,235.05,-6.3,11.5,0.9444444444444444,0.0,True,False,1.0,False,False,False
2020-06-06T04:00:00+08:00,245.56,-8.2,18.5,1.0,0.0,False,True,0.5,True,True,False
2020-06-06T05:00:00+08:00,238.78,-8.4,14.6,1.0,0.0,True,True,0.5,True,False,False
2020-06-06T06:00:00+08:00,247.81,-8.2,13.0,1.0,0.0,True,True,0.5,True,False,False
2020-06-06T07:00:00+08:00,252.65,-8.2,14.8,1.0,0.0,True,True,0.5,True,False,False
2020-06-06T08:00:00+08:00,252.66,-7.1,12.7,1.0,0.0,True,True,0.5,True,False,False
2020-06-06T09:00:00+08:00,249.69,-6.7,13.7,1.0,0.0,True,True,0.5,True,False,False
2020-06-06T10:00:00+08:00,243.46,-6.7,13.2,1.0,0.0,True,True,0.5,True,False,False
2020-06-06T11:00:00+08:00,256.71,-6.0,8.7,0.6333333333333333,0.0,True,True,0.5,True,False,False
2020-06-06T12:00:00+08:00,270.2,-5.9,6.3,0.36666666666666664,0.0,True,True,0.5,True,False,False
2020-06-06T13:00:00+08:00,270.77,-6.3,7.6,0.5111111111111111,0.0,True,True,0.5,True,False,False
2020-06-06T14:00:00+08:00,260.7,-6.4,7.1,0.4555555555555555,0.0,True,True,0.5,True,False,False
2020-06-06T15:00:00+08:00,244.64,-6.9,8.6,0.6222222222222222,0.0,True,True,0.5,True,False,False
2020-06-06T16:00:00+08:00,247.91,-7.6,6.9,0.43333333333333335,0.0,True,True,0.5,True,False,False
2020-06-06T17:00:00+08:00,247.025,-8.0,6.3,0.36666666666666664,0.0,True,False,1.0,False,False,False
2020-06-06T18:00:00+08:00,244.5482609,-8.3,6.6,0.39999999999999997,0.0,True,False,1.0,False,False,False
2020-06-06T19:00:00+08:00,240.7104348,-8.7,6.7,0.41111111111111115,0.0,True,False,1.0,False,False,False
2020-06-06T20:00:00+08:00,240.987971,-8.7,4.9,0.21111111111111114,0.0,True,False,1.0,False,False,False
2020-06-06T21:00:00+08:00,242.3266667,-8.5,7.0,0.4444444444444444,0.0,True,False,1.0,False,False,False
2020-06-06T22:00:00+08:00,233.1133333,-8.5,8.8,0.6444444444444445,0.0,True,False,1.0,False,False,False
2020-06-06T23:00:00+08:00,237.2433333,-8.7,9.6,0.7333333333333333,0.0,True,False,1.0,False,False,False
2020-06-07T00:00:00+08:00,243.39,-8.6,10.3,0.8111111111111112,0.0,True,False,1.0,False,False,False
2020-06-07T01:00:00+08:00,246.9,-8.6,10.6,0.8444444444444444,0.0,True,False,1.0,False,False,False
2020-06-07T02:00:00+08:00,246.16,-8.7,12.6,1.0,0.0,True,False,1.0,False,False,False
2020-06-07T03:00:00+08:00,237.2,-8.7,9.7,0.7444444444444444,0.0,True,False,1.0,False,False,False
2020-06-07T04:00:00+08:00,228.45,-8.8,10.5,0.8333333333333334,0.0,True,False,1.0,False,False,False
2020-06-07T05:00:00+08:00,233.02,-8.6,9.5,0.7222222222222222,0.0,True,False,1.0,False,False,False
2020-06-07T06:00:00+08:00,240.0,-8.8,7.8,0.5333333333333333,0.0,True,False,1.0,False,False,False
2020-06-07T07:00:00+08:00,244.64,-8.8,7.9,0.5444444444444445,0.0,True,False,1.0,False,False,False
2020-06-07T08:00:00+08:00,254.71,-8.8,7.8,0.5333333333333333,0.0,True,False,1.0,False,False,False
2020-06-07T09:00:00+08:00,249.49,-8.8,8.9,0.6555555555555556,0.0,True,False,1.0,False,False,False
2020-06-07T10:00:00+08:00,246.53,-8.7,7.6,0.5111111111111111,0.0,True,False,1.0,False,False,False
2020-06-07T11:00:00+08:00,276.97,-8.6,6.9,0.43333333333333335,0.0,True,False,1.0,False,False,False
2020-06-07T12:00:00+08:00,270.78,-8.6,6.4,0.3777777777777778,0.0,True,False,1.0,False,False,False
2020-06-07T13:00:00+08:00,255.56,-8.5,6.5,0.3888888888888889,0.0,True,False,1.0,False,False,False
2020-06-07T14:00:00+08:00,241.41,-8.6,5.9,0.32222222222222224,0.0,True,False,1.0,False,False,False
2020-06-07T15:00:00+08:00,250.07,-8.7,4.4,0.15555555555555559,0.0,True,False,1.0,False,False,False
2020-06-07T16:00:00+08:00,246.31,-8.7,4.6,0.17777777777777773,0.0,True,False,1.0,False,False,False
2020-06-07T17:00:00+08:00,245.25,-8.9,5.7,0.30000000000000004,0.0,True,False,1.0,False,False,False
2020-06-07T18:00:00+08:00,265.33,-8.9,4.4,0.15555555555555559,0.0,True,False,1.0,False,False,False
2020-06-07T19:00:00+08:00,256.63,-9.0,4.0,0.1111111111111111,0.0,True,False,1.0,False,False,False
2020-06-07T20:00:00+08:00,241.46,-8.8,3.8,0.08888888888888886,0.0,True,False,1.0,False,False,False
2020-06-07T21:00:00+08:00,237.54,-8.6,4.5,0.16666666666666666,0.0,True,False,1.0,False,False,False
2020-06-07T22:00:00+08:00,236.55,-8.9,3.2,0.02222222222222224,0.0,True,False,1.0,False,False,False
2020-06-07T23:00:00+08:00,248.64,-9.1,4.1,0.12222222222222218,0.0,True,False,1.0,False,False,False
2020-06-08T00:00:00+08:00,240.68,-9.3,1.8,0.0,0.0,True,False,1.0,False,False,False
2020-06-08T01:00:00+08:00,233.8,-9.5,4.0,0.1111111111111111,0.0,True,False,1.0,False,False,False
2020-06-08T02:00:00+08:00,239.69,-9.2,3.4,0.04444444444444443,0.0,True,False,1.0,False,False,False
2020-06-08T03:00:00+08:00,237.07,-9.4,2.3,0.0,0.0,True,False,1.0,False,False,False
2020-06-08T04:00:00+08:00,236.55,-9.6,3.3,0.03333333333333331,0.0,True,False,1.0,False,False,False
2020-06-08T05:00:00+08:00,237.71,-9.3,3.7,0.07777777777777779,0.0,True,False,1.0,False,False,False
2020-06-08T06:00:00+08:00,236.75,-9.7,4.4,0.15555555555555559,0.0,True,False,1.0,False,False,False
2020-06-08T07:00:00+08:00,233.47,-9.7,4.8,0.19999999999999998,0.0,True,False,1.0,False,False,False
2020-06-08T08:00:00+08:00,255.1916667,-10.0,6.9,0.43333333333333335,0.0,True,False,1.0,False,False,False
2020-06-08T09:00:00+08:00,252.7333334,-10.2,6.1,0.3444444444444444,0.0,True,False,1.0,False,False,False
2020-06-08T10:00:00+08:00,266.4666666,-11.0,6.0,0.3333333333333333,0.0,True,False,1.0,False,False,False
2020-06-08T11:00:00+08:00,263.6033333,-11.5,2.9,0.0,0.0,True,False,1.0,False,False,False
2020-06-08T12:00:00+08:00,253.3566666,-11.5,0.7,0.0,0.0,True,False,1.0,False,False,False
2020-06-08T13:00:00+08:00,246.82,-11.3,2.3,0.0,0.0,True,False,1.0,False,False,False
2020-06-08T14:00:00+08:00,247.91,-10.4,2.1,0.0,0.0,True,False,1.0,False,False,False
2020-06-08T15:00:00+08:00,247.91,-10.3,1.2,0.0,0.0,True,False,1.0,False,False,False
2020-06-08T16:00:00+08:00,254.2,-10.1,0.0,0.0,0.0,True,False,1.0,False,False,False
2020-06-08T17:00:00+08:00,255.4333334,-10.0,2.4,0.0,0.0,True,False,1.0,False,False,False
2020-06-08T18:00:00+08:00,275.99,-7.3,7.9,0.5444444444444445,0.0,True,False,1.0,False,False,False
2020-06-08T19:00:00+08:00,257.04,-6.7,9.1,0.6777777777777777,0.0,True,False,1.0,False,False,False
2020-06-08T20:00:00+08:00,247.4433333,-6.8,7.2,0.4666666666666667,0.0,True,False,1.0,False,False,False
2020-06-08T21:00:00+08:00,251.9166666,-6.8,6.9,0.43333333333333335,0.0,True,False,1.0,False,False,False
2020-06-08T22:00:00+08:00,241.8133334,-6.3,6.1,0.3444444444444444,0.0,True,False,1.0,False,False,False
2020-06-08T23:00:00+08:00,246.49,-6.1,7.5,0.5,0.0,True,False,1.0,False,False,False
2020-06-09T00:00:00+08:00,251.44,-6.2,5.9,0.32222222222222224,0.0,True,False,1.0,False,False,False
2020-06-09T01:00:00+08:00,242.3616666,-6.8,3.4,0.04444444444444443,0.0,True,False,1.0,False,False,False
2020-06-09T02:00:00+08:00,244.76,-7.0,0.8,0.0,0.0,True,False,1.0,False,False,False
2020-06-09T03:00:00+08:00,245.0,-7.0,2.8,0.0,0.0,True,False,1.0,False,False,False
2020-06-09T04:00:00+08:00,254.01,-6.7,1.7,0.0,0.0,True,False,1.0,False,False,False
2020-06-09T05:00:00+08:00,254.72,-6.7,3.1,0.01111111111111112,0.0,True,False,1.0,False,False,False
2020-06-09T06:00:00+08:00,263.57,-6.7,1.8,0.0,0.0,True,False,1.0,False,False,False
2020-06-09T07:00:00+08:00,248.57,-6.5,3.4,0.04444444444444443,0.0,True,False,1.0,False,False,False
2020-06-09T08:00:00+08:00,260.69,-6.7,4.1,0.12222222222222218,0.0,True,False,1.0,False,False,False
2020-06-09T09:00:00+08:00,266.37,-6.9,4.0,0.1111111111111111,0.0,True,False,1.0,False,False,False
2020-06-09T10:00:00+08:00,280.64,-6.9,3.7,0.07777777777777779,0.0,True,False,1.0,False,False,False
2020-06-09T11:00:00+08:00,279.37,-8.4,5.0,0.2222222222222222,0.0,True,False,1.0,False,False,False
2020-06-09T12:00:00+08:00,280.69,-8.8,2.6,0.0,0.0,True,False,1.0,False,False,False
2020-06-09T13:00:00+08:00,251.87,-9.2,4.7,0.1888888888888889,0.0,True,False,1.0,False,False,False
2020-06-09T14:00:00+08:00,260.53,-9.8,3.4,0.04444444444444443,0.0,True,False,1.0,False,False,False
2020-06-09T15:00:00+08:00,252.74,-10.2,4.7,0.1888888888888889,0.0,True,False,1.0,False,False,False
2020-06-09T16:00:00+08:00,254.6,-10.6,4.5,0.16666666666666666,0.0,True,False,1.0,False,False,False
2020-06-09T17:00:00+08:00,262.3,-10.8,5.0,0.2222222222222222,0.0,True,False,1.0,False,False,False
2020-06-09T18:00:00+08:00,259.815,-11.0,4.8,0.19999999999999998,0.0,True,False,1.0,False,False,False
2020-06-09T19:00:00+08:00,263.8,-11.3,4.1,0.12222222222222218,0.0,True,False,1.0,False,False,False
2020-06-09T20:00:00+08:00,259.76,-11.8,3.8,0.08888888888888886,0.0,True,False,1.0,False,False,False
2020-06-09T21:00:00+08:00,256.37,-13.2,2.6,0.0,0.0,True,False,1.0,False,False,False
2020-06-09T22:00:00+08:00,262.74,-12.9,2.2,0.0,0.0,True,False,1.0,False,False,False
2020-06-09T23:00:00+08:00,257.35,-13.5,1.0,0.0,0.0,True,False,1.0,False,False,False
2020-06-10T00:00:00+08:00,256.84,-13.6,1.2,0.0,0.0,True,False,1.0,False,False,False
2020-06-10T01:00:00+08:00,259.7,-13.6,1.7,0.0,0.0,True,False,1.0,False,False,False
2020-06-10T02:00:00+08:00,260.29,-14.3,3.8,0.08888888888888886,0.0,True,False,1.0,False,False,False
2020-06-10T03:00:00+08:00,254.02,-15.9,3.0,0.0,0.0,True,False,1.0,False,False,False
2020-06-10T04:00:00+08:00,269.01,-15.6,2.4,0.0,0.0,True,False,1.0,False,False,False
2020-06-10T05:00:00+08:00,264.27,-13.2,4.8,0.19999999999999998,0.0,True,False,1.0,False,False,False
2020-06-10T06:00:00+08:00,262.35,-12.5,3.4,0.04444444444444443,0.0,True,False,1.0,False,False,False
2020-06-10T07:00:00+08:00,252.96,-12.0,3.7,0.07777777777777779,0.0,True,False,1.0,False,False,False
2020-06-10T08:00:00+08:00,283.51,-11.1,2.1,0.0,0.0,True,False,1.0,False,False,False
2020-06-10T09:00:00+08:00,287.5,-10.1,1.4,0.0,0.0,True,False,1.0,False,False,False
2020-06-10T10:00:00+08:00,286.51,-7.6,5.7,0.30000000000000004,0.0,True,False,1.0,False,False,False
2020-06-10T11:00:00+08:00,287.53,-8.1,5.0,0.2222222222222222,0.0,True,False,1.0,False,False,False
2020-06-10T12:00:00+08:00,266.8766667,-8.3,4.5,0.16666666666666666,0.0,True,False,1.0,False,False,False
2020-06-10T13:00:00+08:00,275.4333333,-8.7,3.7,0.07777777777777779,0.0,True,False,1.0,False,False,False
2020-06-10T14:00:00+08:00,259.75,-8.6,5.2,0.24444444444444446,0.0,True,False,1.0,False,False,False
2020-06-10T15:00:00+08:00,252.19,-8.9,7.5,0.5,0.0,True,False,1.0,False,False,False
2020-06-10T16:00:00+08:00,254.2466667,-9.2,6.3,0.36666666666666664,0.0,True,False,1.0,False,False,False
2020-06-10T17:00:00+08:00,270.6566667,-9.5,6.5,0.3888888888888889,0.0,True,False,1.0,False,False,False
2020-06-10T18:00:00+08:00,268.14,-9.1,6.3,0.36666666666666664,0.0,True,False,1.0,False,False,False
2020-06-10T19:00:00+08:00,259.3033334,-9.8,8.4,0.6000000000000001,0.0,True,False,1.0,False,False,False
2020-06-10T20:00:00+08:00,250.96,-10.4,8.7,0.6333333333333333,0.0,True,False,1.0,False,False,False
2020-06-10T21:00:00+08:00,251.62,-10.6,9.6,0.7333333333333333,0.0,True,False,1.0,False,False,False
2020-06-10T22:00:00+08:00,250.1466666,-10.4,8.4,0.6000000000000001,0.0,True,False,1.0,False,False,False
2020-06-10T23:00:00+08:00,246.28,-10.3,8.1,0.5666666666666667,0.0,True,False,1.0,False,False,False
2020-06-11T00:00:00+08:00,247.7366667,-10.3,6.1,0.3444444444444444,0.0,True,False,1.0,False,False,False
2020-06-11T01:00:00+08:00,260.9866667,-9.8,7.3,0.47777777777777775,0.0,True,False,1.0,False,False,False
2020-06-11T02:00:00+08:00,266.0066667,-9.6,6.1,0.3444444444444444,0.0,True,False,1.0,False,False,False
2020-06-11T03:00:00+08:00,249.0816666,-9.6,5.4,0.2666666666666667,0.0,True,False,1.0,False,False,False
2020-06-11T04:00:00+08:00,243.77,-9.3,6.7,0.41111111111111115,0.0,True,False,1.0,False,False,False
2020-06-11T05:00:00+08:00,244.15,-8.8,6.3,0.36666666666666664,0.0,True,False,1.0,False,False,False
2020-06-11T06:00:00+08:00,239.02,-9.0,5.0,0.2222222222222222,0.0,True,False,1.0,False,False,False
2020-06-11T07:00:00+08:00,241.18,-9.4,5.8,0.3111111111111111,0.0,True,False,1.0,False,False,False
2020-06-11T08:00:00+08:00,265.95,-9.7,3.6,0.06666666666666668,0.0,True,False,1.0,False,False,False
2020-06-11T09:00:00+08:00,254.07,-9.3,5.2,0.24444444444444446,0.0,True,False,1.0,False,False,False
2020-06-11T10:00:00+08:00,254.29,-9.2,5.6,0.28888888888888886,0.0,True,False,1.0,False,False,False
2020-06-11T11:00:00+08:00,260.78,-9.0,7.5,0.5,0.0,True,False,1.0,False,False,False
2020-06-11T12:00:00+08:00,276.86,-9.3,6.6,0.39999999999999997,0.0,True,False,1.0,False,False,False
2020-06-11T13:00:00+08:00,263.64,-9.4,7.6,0.5111111111111111,0.0,True,False,1.0,False,False,False
2020-06-11T14:00:00+08:00,257.79,-9.3,4.7,0.1888888888888889,0.0,True,False,1.0,False,False,False
2020-06-11T15:00:00+08:00,258.27,-9.4,1.9,0.0,0.0,True,False,1.0,False,False,False
2020-06-11T16:00:00+08:00,279.03,-9.7,2.7,0.0,0.0,True,False,1.0,False,False,False
2020-06-11T17:00:00+08:00,294.66,-9.8,3.5,0.05555555555555555,0.0,True,False,1.0,False,False,False
2020-06-11T18:00:00+08:00,297.16,-10.4,1.0,0.0,0.0,True,False,1.0,False,False,False
2020-06-11T19:00:00+08:00,266.7,-10.8,2.2,0.0,0.0,True,False,1.0,False,False,False
2020-06-11T20:00:00+08:00,261.49,-11.9,2.0,0.0,0.0,True,False,1.0,False,False,False
2020-06-11T21:00:00+08:00,263.15,-11.4,6.9,0.43333333333333335,0.0,True,False,1.0,False,False,False
2020-06-11T22:00:00+08:00,259.63,-11.4,6.5,0.3888888888888889,0.0,True,False,1.0,False,False,False
2020-06-11T23:00:00+08:00,261.44,-11.6,6.4,0.3777777777777778,0.0,True,False,1.0,False,False,False
2020-06-12T00:00:00+08:00,261.23,-11.7,7.4,0.48888888888888893,0.0,True,False,1.0,False,False,False
2020-06-12T01:00:00+08:00,269.06,-11.8,6.9,0.43333333333333335,0.0,True,False,1.0,False,False,False
2020-06-12T02:00:00+08:00,260.27,-12.1,5.2,0.24444444444444446,0.0,True,False,1.0,False,False,False
2020-06-12T03:00:00+08:00,262.57,-12.0,5.5,0.2777777777777778,0.0,True,False,1.0,False,False,False
2020-06-12T04:00:00+08:00,274.57,-11.1,5.5,0.2777777777777778,0.0,True,False,1.0,False,False,False
2020-06-12T05:00:00+08:00,277.98,-11.2,4.8,0.19999999999999998,0.0,True,False,1.0,False,False,False
2020-06-12T06:00:00+08:00,294.03,-10.6,4.9,0.21111111111111114,0.0,True,False,1.0,False,False,False
2020-06-12T07:00:00+08:00,296.84,-10.2,4.6,0.17777777777777773,0.0,True,False,1.0,False,False,False
2020-06-12T08:00:00+08:00,280.2,-9.9,4.5,0.16666666666666666,0.0,True,False,1.0,False,False,False
2020-06-12T09:00:00+08:00,263.2,-10.2,3.9,0.09999999999999999,0.0,True,False,1.0,False,False,False
2020-06-12T10:00:00+08:00,272.87,-9.5,3.9,0.09999999999999999,0.0,True,False,1.0,False,False,False
2020-06-12T11:00:00+08:00,273.19,-9.3,3.5,0.05555555555555555,0.0,True,False,1.0,False,False,False
2020-06-12T12:00:00+08:00,281.68,-8.8,4.3,0.14444444444444443,0.0,True,False,1.0,False,False,False
2020-06-12T13:00:00+08:00,283.7133333,-8.8,4.3,0.14444444444444443,0.0,True,False,1.0,False,False,False
2020-06-12T14:00:00+08:00,275.79,-8.5,5.3,0.25555555555555554,0.0,True,False,1.0,False,False,False
2020-06-12T15:00:00+08:00,273.9633333,-8.4,6.7,0.41111111111111115,0.0,True,False,1.0,False,False,False
2020-06-12T16:00:00+08:00,277.7433333,-8.3,7.9,0.5444444444444445,0.0,True,False,1.0,False,False,False
2020-06-12T17:00:00+08:00,290.9266667,-8.4,5.2,0.24444444444444446,0.0,True,False,1.0,False,False,False
2020-06-12T18:00:00+08:00,302.5166667,-9.0,10.5,0.8333333333333334,0.0,True,False,1.0,False,False,False
2020-06-12T19:00:00+08:00,294.33,-8.7,7.9,0.5444444444444445,0.0,True,False,1.0,False,False,False
2020-06-12T20:00:00+08:00,299.27,-9.1,6.7,0.41111111111111115,0.0,True,False,1.0,False,False,False
2020-06-12T21:00:00+08:00,270.01,-9.0,9.4,0.7111111111111111,0.0,True,False,1.0,False,False,False
2020-06-12T22:00:00+08:00,267.7666667,-9.4,9.1,0.6777777777777777,0.0,True,False,1.0,False,False,False
2020-06-12T23:00:00+08:00,265.56,-9.2,6.4,0.3777777777777778,0.0,True,False,1.0,False,False,False
2020-06-13T00:00:00+08:00,268.64,-9.7,6.0,0.3333333333333333,0.0,True,False,1.0,False,False,False
2020-06-13T01:00:00+08:00,268.6266666,-10.0,4.9,0.21111111111111114,0.0,True,False,1.0,False,False,False
2020-06-13T02:00:00+08:00,272.1133334,-10.5,5.5,0.2777777777777778,0.0,True,False,1.0,False,False,False
2020-06-13T03:00:00+08:00,275.7933333,-10.5,5.0,0.2222222222222222,0.0,True,False,1.0,False,False,False
2020-06-13T04:00:00+08:00,262.2933333,-11.0,6.1,0.3444444444444444,0.0,True,False,1.0,False,False,False
2020-06-13T05:00:00+08:00,275.5483334,-12.2,2.6,0.0,0.0,True,False,1.0,False,False,False
2020-06-13T06:00:00+08:00,267.78,-13.2,3.7,0.07777777777777779,0.0,True,False,1.0,False,False,False
2020-06-13T07:00:00+08:00,269.34,-12.8,6.6,0.39999999999999997,0.0,True,False,1.0,False,False,False
2020-06-13T08:00:00+08:00,291.37,-13.4,5.4,0.2666666666666667,0.0,True,False,1.0,False,False,False
2020-06-13T09:00:00+08:00,282.39,-13.0,6.5,0.3888888888888889,0.0,True,False,1.0,False,False,False
2020-06-13T10:00:00+08:00,295.15,-13.1,4.7,0.1888888888888889,0.0,True,False,1.0,False,False,False
2020-06-13T11:00:00+08:00,305.76,-13.7,5.6,0.28888888888888886,0.0,True,False,1.0,False,False,False
2020-06-13T12:00:00+08:00,304.82,-14.2,6.4,0.3777777777777778,0.0,True,False,1.0,False,False,False
2020-06-13T13:00:00+08:00,275.75,-14.7,5.8,0.3111111111111111,0.0,True,False,1.0,False,False,False
2020-06-13T14:00:00+08:00,277.22,-14.9,5.6,0.28888888888888886,0.0,True,False,1.0,False,False,False
2020-06-13T15:00:00+08:00,278.32,-15.1,5.6,0.28888888888888886,0.0,True,False,1.0,False,False,False
2020-06-13T16:00:00+08:00,275.81,-14.7,7.0,0.4444444444444444,0.0,True,False,1.0,False,False,False
2020-06-13T17:00:00+08:00,276.45,-14.6,8.4,0.6000000000000001,0.0,True,False,1.0,False,False,False
2020-06-13T18:00:00+08:00,290.99,-15.1,6.2,0.35555555555555557,0.0,True,False,1.0,False,False,False
2020-06-13T19:00:00+08:00,278.13,-15.2,5.5,0.2777777777777778,0.0,True,False,1.0,False,False,False
2020-06-13T20:00:00+08:00,266.94,-15.9,4.6,0.17777777777777773,0.0,True,False,1.0,False,False,False
2020-06-13T21:00:00+08:00,265.3,-16.4,4.1,0.12222222222222218,0.0,True,False,1.0,False,False,False
2020-06-13T22:00:00+08:00,265.59,-17.4,3.9,0.09999999999999999,0.0,True,False,1.0,False,False,False
2020-06-13T23:00:00+08:00,268.28,-16.4,5.2,0.24444444444444446,0.0,True,False,1.0,False,False,False
2020-06-14T00:00:00+08:00,283.25,-16.4,5.8,0.3111111111111111,0.0,True,False,1.0,False,False,False
2020-06-14T01:00:00+08:00,277.66,-16.5,4.1,0.12222222222222218,0.0,True,False,1.0,False,False,False
2020-06-14T02:00:00+08:00,267.25,-16.6,4.1,0.12222222222222218,0.0,True,False,1.0,False,False,False
2020-06-14T03:00:00+08:00,262.65,-17.8,2.6,0.0,0.0,True,False,1.0,False,False,False
2020-06-14T04:00:00+08:00,260.72,-18.8,0.7,0.0,0.0,True,False,1.0,False,False,False
2020-06-14T05:00:00+08:00,261.32,-19.8,0.4,0.0,0.0,True,False,1.0,False,False,False
2020-06-14T06:00:00+08:00,266.5,-19.8,0.4,0.0,0.0,True,False,1.0,False,False,False
2020-06-14T07:00:00+08:00,251.09,-20.3,0.7,0.0,0.0,True,False,1.0,False,False,False
2020-06-14T08:00:00+08:00,266.95,-20.7,0.2,0.0,0.0,True,False,1.0,False,False,False
2020-06-14T09:00:00+08:00,254.25,-20.8,0.0,0.0,0.0,True,False,1.0,False,False,False
2020-06-14T10:00:00+08:00,249.7,-21.4,0.4,0.0,0.0,True,False,1.0,False,False,False
2020-06-14T11:00:00+08:00,260.48,-22.0,1.2,0.0,0.0,True,False,1.0,False,False,False
2020-06-14T12:00:00+08:00,265.83,-22.0,0.1,0.0,0.0,True,False,1.0,False,False,False
2020-06-14T13:00:00+08:00,256.64,-22.5,0.6,0.0,0.0,True,False,1.0,False,False,False
2020-06-14T14:00:00+08:00,265.36,-22.4,0.7,0.0,0.0,True,False,1.0,False,False,False
2020-06-14T15:00:00+08:00,268.575,-22.8,0.5,0.0,0.0,True,False,1.0,False,False,False
2020-06-14T16:00:00+08:00,255.5233334,-24.0,0.7,0.0,0.0,True,False,1.0,False,False,False
2020-06-14T17:00:00+08:00,256.0266666,-24.8,0.6,0.0,0.0,True,False,1.0,False,False,False
2020-06-14T18:00:00+08:00,271.33,-25.1,0.4,0.0,0.0,True,False,1.0,False,False,False
2020-06-14T19:00:00+08:00,247.8033333,-24.3,0.0,0.0,0.0,True,False,1.0,False,False,False
2020-06-14T20:00:00+08:00,251.8133333,-25.1,0.9,0.0,0.0,True,False,1.0,False,False,False
2020-06-14T21:00:00+08:00,242.8833333,-25.4,0.2,0.0,0.0,True,False,1.0,False,False,False
2020-06-14T22:00:00+08:00,239.6633333,-27.9,0.9,0.0,0.0,True,False,1.0,False,False,False
2020-06-14T23:00:00+08:00,248.9,-26.7,0.9,0.0,0.0,True,False,1.0,False,False,False
2020-06-15T00:00:00+08:00,251.5266666,-27.7,0.8,0.0,0.0,True,False,1.0,False,False,False
2020-06-15T01:00:00+08:00,238.52,-25.6,1.0,0.0,0.0,True,False,1.0,False,False,False
2020-06-15T02:00:00+08:00,236.3633333,-27.2,1.5,0.0,0.0,True,False,1.0,False,False,False
2020-06-15T03:00:00+08:00,244.6533333,-30.7,2.7,0.0,0.0,True,False,1.0,False,False,False
2020-06-15T04:00:00+08:00,276.1066667,-31.4,2.8,0.0,0.0,True,False,1.0,False,False,False
2020-06-15T05:00:00+08:00,277.1233334,-32.4,1.7,0.0,0.0,True,False,1.0,False,False,False
2020-06-15T06:00:00+08:00,262.06,-32.2,3.3,0.03333333333333331,0.0,True,False,1.0,False,False,False
2020-06-15T07:00:00+08:00,258.3233333,-31.9,2.0,0.0,0.0007,True,False,1.0,False,False,False
2020-06-15T08:00:00+08:00,286.355,-30.9,1.7,0.0,0.0007,True,False,1.0,False,False,False
2020-06-15T09:00:00+08:00,260.84,-28.7,1.5,0.0,0.0,True,False,1.0,False,False,False
2020-06-15T10:00:00+08:00,257.85,-30.5,2.5,0.0,0.0,True,False,1.0,False,False,False
2020-06-15T11:00:00+08:00,279.33,-30.2,1.0,0.0,0.0,True,False,1.0,False,False,False
2020-06-15T12:00:00+08:00,281.83,-28.8,0.7,0.0,0.0,True,False,1.0,False,False,False
2020-06-15T13:00:00+08:00,259.52,-30.6,3.8,0.08888888888888886,0.0,True,False,1.0,False,False,False
2020-06-15T14:00:00+08:00,271.08,-29.4,1.0,0.0,0.0,True,False,1.0,False,False,False
2020-06-15T15:00:00+08:00,264.03,-30.3,1.0,0.0,0.0,True,False,1.0,False,False,False
2020-06-15T16:00:00+08:00,262.65,-30.6,2.6,0.0,0.0,True,False,1.0,False,False,False
2020-06-15T17:00:00+08:00,276.94,-29.7,0.7,0.0,0.0,True,False,1.0,False,False,False
2020-06-15T18:00:00+08:00,308.41,-29.4,0.9,0.0,0.0,True,False,1.0,False,False,False
2020-06-15T19:00:00+08:00,287.82,-29.1,2.1,0.0,0.0,True,False,1.0,False,False,False
2020-06-15T20:00:00+08:00,261.15,-26.4,1.0,0.0,0.0,True,False,1.0,False,False,False
2020-06-15T21:00:00+08:00,262.94,-26.8,1.7,0.0,0.0,True,False,1.0,False,False,False
2020-06-15T22:00:00+08:00,269.39,-26.1,4.4,0.15555555555555559,0.0,True,False,1.0,False,False,False
2020-06-15T23:00:00+08:00,256.35,-26.2,0.9,0.0,0.0,True,False,1.0,False,False,False
2020-06-16T00:00:00+08:00,253.9,-25.1,4.0,0.1111111111111111,0.0,True,False,1.0,False,False,False
2020-06-16T01:00:00+08:00,262.965,-23.2,3.9,0.09999999999999999,0.0,True,False,1.0,False,False,False
2020-06-16T02:00:00+08:00,257.3,-23.4,2.7,0.0,0.0,True,False,1.0,False,False,False
2020-06-16T03:00:00+08:00,248.81,-22.2,2.3,0.0,0.0,True,False,1.0,False,False,False
2020-06-16T04:00:00+08:00,253.82,-22.9,3.5,0.05555555555555555,0.0,True,False,1.0,False,False,False
2020-06-16T05:00:00+08:00,251.54,-24.4,3.2,0.02222222222222224,0.0,True,False,1.0,False,False,False
2020-06-16T06:00:00+08:00,255.9,-23.9,2.3,0.0,0.0,True,False,1.0,False,False,False
2020-06-16T07:00:00+08:00,254.33,-21.3,3.2,0.02222222222222224,0.0,True,False,1.0,False,False,False
2020-06-16T08:00:00+08:00,275.11,-22.5,4.8,0.19999999999999998,0.0,True,False,1.0,False,False,False
2020-06-16T09:00:00+08:00,284.64,-20.9,3.1,0.01111111111111112,0.0,True,False,1.0,False,False,False
2020-06-16T10:00:00+08:00,274.64,-18.4,2.9,0.0,0.0,True,False,1.0,False,False,False
2020-06-16T11:00:00+08:00,268.91,-17.8,7.0,0.4444444444444444,0.0,True,False,1.0,False,False,False
2020-06-16T12:00:00+08:00,268.31,-17.1,12.5,1.0,0.0,True,False,1.0,False,False,False
2020-06-16T13:00:00+08:00,260.57,-17.1,13.2,1.0,0.0,True,False,1.0,False,False,False
2020-06-16T14:00:00+08:00,256.39,-17.4,11.0,0.8888888888888888,0.0,True,False,1.0,False,False,False
2020-06-16T15:00:00+08:00,249.69,-17.2,9.3,0.7000000000000001,0.0,True,False,1.0,False,False,False
2020-06-16T16:00:00+08:00,264.06,-17.6,9.4,0.7111111111111111,0.0,True,False,1.0,False,False,False
2020-06-16T17:00:00+08:00,271.8833333,-17.9,11.8,0.9777777777777779,0.0,True,False,1.0,False,False,False
2020-06-16T18:00:00+08:00,279.1233333,-17.4,12.3,1.0,0.0,True,False,1.0,False,False,False
2020-06-16T19:00:00+08:00,267.69,-17.8,11.8,0.9777777777777779,0.0,True,False,1.0,False,False,False
2020-06-16T20:00:00+08:00,260.3533334,-18.1,9.4,0.7111111111111111,0.0,True,False,1.0,False,False,False
2020-06-16T21:00:00+08:00,279.6433334,-18.2,9.7,0.7444444444444444,0.0,True,False,1.0,False,False,False
2020-06-16T22:00:00+08:00,278.1466667,-18.8,6.3,0.36666666666666664,0.0,True,False,1.0,False,False,False
2020-06-16T23:00:00+08:00,258.3233333,-18.4,9.6,0.7333333333333333,0.0,True,False,1.0,False,False,False
2020-06-17T00:00:00+08:00,252.6,-18.8,8.1,0.5666666666666667,0.0,True,False,1.0,False,False,False
2020-06-17T01:00:00+08:00,247.55,-18.8,5.6,0.28888888888888886,0.0,True,False,1.0,False,False,False
2020-06-17T02:00:00+08:00,230.2766667,-19.0,8.3,0.588888888888889,0.0,True,False,1.0,False,False,False
2020-06-17T03:00:00+08:00,234.3666667,-20.3,5.0,0.2222222222222222,0.0,True,False,1.0,False,False,False
2020-06-17T04:00:00+08:00,233.8466667,-21.1,3.3,0.03333333333333331,0.0,True,False,1.0,False,False,False
2020-06-17T05:00:00+08:00,236.64,-21.7,3.0,0.0,0.0,True,False,1.0,False,False,False
2020-06-17T06:00:00+08:00,252.1533333,-21.3,2.4,0.0,0.0,True,False,1.0,False,False,False
2020-06-17T07:00:00+08:00,255.72,-22.1,1.7,0.0,0.0,True,False,1.0,False,False,False
2020-06-17T08:00:00+08:00,271.9766667,-22.6,0.9,0.0,0.0,True,False,1.0,False,False,False
2020-06-17T09:00:00+08:00,265.4633333,-22.8,0.0,0.0,0.0,True,False,1.0,False,False,False
2020-06-17T10:00:00+08:00,258.0133334,-23.4,1.8,0.0,0.0,True,False,1.0,False,False,False
2020-06-17T11:00:00+08:00,274.34,-23.4,2.0,0.0,0.0,True,False,1.0,False,False,False
2020-06-17T12:00:00+08:00,286.18,-22.5,2.2,0.0,0.0,True,False,1.0,False,False,False
2020-06-17T13:00:00+08:00,284.78,-23.0,2.0,0.0,0.0,True,False,1.0,False,False,False
2020-06-17T14:00:00+08:00,269.39,-23.3,1.4,0.0,0.0,True,False,1.0,False,False,False
2020-06-17T15:00:00+08:00,254.44,-23.0,1.4,0.0,0.0,True,False,1.0,False,False,False
2020-06-17T16:00:00+08:00,276.97,-22.9,1.7,0.0,0.0,True,False,1.0,False,False,False
2020-06-17T17:00:00+08:00,275.97,-22.6,1.5,0.0,0.0,True,False,1.0,False,False,False
2020-06-17T18:00:00+08:00,268.18,-22.9,0.5,0.0,0.0,True,False,1.0,False,False,False
2020-06-17T19:00:00+08:00,262.42,-21.6,2.5,0.0,0.0,True,False,1.0,False,False,False
2020-06-17T20:00:00+08:00,256.9,-22.5,2.7,0.0,0.0,True,False,1.0,False,False,False
2020-06-17T21:00:00+08:00,249.98,-22.5,3.6,0.06666666666666668,0.0,True,False,1.0,False,False,False
2020-06-17T22:00:00+08:00,247.31,-22.7,1.0,0.0,0.0,True,False,1.0,False,False,False
2020-06-17T23:00:00+08:00,254.01,-23.6,2.3,0.0,0.0,True,False,1.0,False,False,False
2020-06-18T00:00:00+08:00,249.08,-23.8,3.0,0.0,0.0,True,False,1.0,False,False,False
2020-06-18T01:00:00+08:00,245.02,-23.3,1.8,0.0,0.0,True,False,1.0,False,False,False
2020-06-18T02:00:00+08:00,250.42,-23.1,2.0,0.0,0.0,True,False,1.0,False,False,False
2020-06-18T03:00:00+08:00,260.045,-23.1,2.2,0.0,0.0,True,False,1.0,False,False,False
2020-06-18T04:00:00+08:00,265.31,-21.8,4.1,0.12222222222222218,0.0,True,False,1.0,False,False,False
2020-06-18T05:00:00+08:00,275.07,-21.8,4.1,0.12222222222222218,0.0,True,False,1.0,False,False,False
2020-06-18T06:00:00+08:00,259.23,-22.0,3.1,0.01111111111111112,0.0,True,False,1.0,False,False,False
2020-06-18T07:00:00+08:00,254.38,-22.0,1.7,0.0,0.0,True,False,1.0,False,False,False
2020-06-18T08:00:00+08:00,263.81,-21.5,3.6,0.06666666666666668,0.0,True,False,1.0,False,False,False
2020-06-18T09:00:00+08:00,247.89,-20.4,4.6,0.17777777777777773,0.0,True,False,1.0,False,False,False
2020-06-18T10:00:00+08:00,241.8,-19.8,4.2,0.13333333333333336,0.0,True,False,1.0,False,False,False
2020-06-18T11:00:00+08:00,254.24,-21.6,3.1,0.01111111111111112,0.0,True,False,1.0,False,False,False
2020-06-18T12:00:00+08:00,254.98,-19.7,3.8,0.08888888888888886,0.0,True,False,1.0,False,False,False
2020-06-18T13:00:00+08:00,243.22,-18.7,4.9,0.21111111111111114,0.0,True,False,1.0,False,False,False
2020-06-18T14:00:00+08:00,241.67,-18.5,3.8,0.08888888888888886,0.0,True,False,1.0,False,False,False
2020-06-18T15:00:00+08:00,249.62,-18.1,6.2,0.35555555555555557,0.0,True,False,1.0,False,False,False
2020-06-18T16:00:00+08:00,244.33,-17.8,6.4,0.3777777777777778,0.0,True,False,1.0,False,False,False
2020-06-18T17:00:00+08:00,268.48,-16.8,7.9,0.5444444444444445,0.0,True,False,1.0,False,False,False
2020-06-18T18:00:00+08:00,275.44,-19.1,3.0,0.0,0.0,True,False,1.0,False,False,False
2020-06-18T19:00:00+08:00,263.5,-16.7,5.3,0.25555555555555554,0.0,True,False,1.0,False,False,False
2020-06-18T20:00:00+08:00,265.3433333,-14.9,9.8,0.7555555555555556,0.0,True,False,1.0,False,False,False
2020-06-18T21:00:00+08:00,237.62,-20.3,2.4,0.0,0.0,True,False,1.0,False,False,False
2020-06-18T22:00:00+08:00,244.97,-19.1,1.7,0.0,0.0,True,False,1.0,False,False,False
2020-06-18T23:00:00+08:00,240.2066667,-20.3,0.2,0.0,0.0,True,False,1.0,False,False,False
2020-06-19T00:00:00+08:00,242.3933333,-22.6,2.7,0.0,0.0,True,False,1.0,False,False,False
2020-06-19T01:00:00+08:00,237.4833333,-24.4,2.9,0.0,0.0,True,False,1.0,False,False,False
2020-06-19T02:00:00+08:00,235.8266667,-22.7,1.6,0.0,0.0,True,False,1.0,False,False,False
2020-06-19T03:00:00+08:00,231.84,-17.9,2.3,0.0,0.0,True,False,1.0,False,False,False
2020-06-19T04:00:00+08:00,240.7166667,-22.5,1.3,0.0,0.0,True,False,1.0,False,False,False
2020-06-19T05:00:00+08:00,232.69,-23.4,0.1,0.0,0.0,True,False,1.0,False,False,False
2020-06-19T06:00:00+08:00,232.9433333,-24.1,0.1,0.0,0.0,True,False,1.0,False,False,False
2020-06-19T07:00:00+08:00,236.61,-23.4,1.5,0.0,0.0,True,False,1.0,False,False,False
2020-06-19T08:00:00+08:00,245.17,-21.4,0.6,0.0,0.0,True,False,1.0,False,False,False
2020-06-19T09:00:00+08:00,243.8266667,-21.0,1.1,0.0,0.0,True,False,1.0,False,False,False
2020-06-19T10:00:00+08:00,229.8066667,-19.9,1.4,0.0,0.0,True,False,1.0,False,False,False
2020-06-19T11:00:00+08:00,249.17,-19.9,1.9,0.0,0.0,True,False,1.0,False,False,False
2020-06-19T12:00:00+08:00,253.3583333,-21.9,3.2,0.02222222222222224,0.0,True,False,1.0,False,False,False
2020-06-19T13:00:00+08:00,258.83,-20.7,2.0,0.0,0.0,True,False,1.0,False,False,False
2020-06-19T14:00:00+08:00,226.64,-19.5,0.9,0.0,0.0,True,False,1.0,False,False,False
2020-06-19T15:00:00+08:00,240.47,-18.5,2.4,0.0,0.0,True,False,1.0,False,False,False
2020-06-19T16:00:00+08:00,233.21,-18.1,1.7,0.0,0.0,True,False,1.0,False,False,False
2020-06-19T17:00:00+08:00,237.02,-13.1,6.0,0.3333333333333333,0.0,True,False,1.0,False,False,False
2020-06-19T18:00:00+08:00,244.87,-10.5,7.0,0.4444444444444444,0.0,True,False,1.0,False,False,False
2020-06-19T19:00:00+08:00,244.19,-10.3,10.4,0.8222222222222223,0.0,True,False,1.0,False,False,False
2020-06-19T20:00:00+08:00,238.11,-10.2,10.1,0.7888888888888889,0.0,True,False,1.0,False,False,False
2020-06-19T21:00:00+08:00,235.3,-17.8,2.0,0.0,0.0,True,False,1.0,False,False,False
2020-06-19T22:00:00+08:00,233.68,-17.6,1.9,0.0,0.0,True,False,1.0,False,False,False
2020-06-19T23:00:00+08:00,235.83,-16.3,4.6,0.17777777777777773,0.0,True,False,1.0,False,False,False
2020-06-20T00:00:00+08:00,232.05,-14.5,11.9,0.9888888888888889,0.0,True,False,1.0,False,False,False
2020-06-20T01:00:00+08:00,252.59,-15.0,10.4,0.8222222222222223,0.0,True,False,1.0,False,False,False
2020-06-20T02:00:00+08:00,248.67,-15.7,9.6,0.7333333333333333,0.0,True,False,1.0,False,False,False
2020-06-20T03:00:00+08:00,244.12,-16.0,14.0,1.0,0.0,True,False,1.0,False,False,False
2020-06-20T04:00:00+08:00,232.8,-17.4,12.7,1.0,0.0,True,False,1.0,False,False,False
2020-06-20T05:00:00+08:00,228.37,-18.3,7.1,0.4555555555555555,0.0,True,False,1.0,False,False,False
2020-06-20T06:00:00+08:00,227.69,-17.5,6.3,0.36666666666666664,0.0,True,False,1.0,False,False,False
2020-06-20T07:00:00+08:00,236.41,-16.5,6.3,0.36666666666666664,0.0,True,False,1.0,False,False,False
2020-06-20T08:00:00+08:00,244.0,-15.8,6.0,0.3333333333333333,0.0,True,False,1.0,False,False,False
2020-06-20T09:00:00+08:00,240.13,-14.2,9.2,0.6888888888888888,0.0,True,False,1.0,False,False,False
2020-06-20T10:00:00+08:00,245.17,-13.7,8.6,0.6222222222222222,0.0,True,False,1.0,False,False,False
2020-06-20T11:00:00+08:00,243.16,-13.2,8.6,0.6222222222222222,0.0,True,False,1.0,False,False,False
2020-06-20T12:00:00+08:00,247.15,-13.2,7.0,0.4444444444444444,0.0,True,False,1.0,False,False,False
2020-06-20T13:00:00+08:00,231.68,-13.6,7.0,0.4444444444444444,0.0,True,False,1.0,False,False,False
2020-06-20T14:00:00+08:00,245.19,-13.9,4.3,0.14444444444444443,0.0,True,False,1.0,False,False,False
2020-06-20T15:00:00+08:00,237.55,-12.9,5.3,0.25555555555555554,0.0,True,False,1.0,False,False,False
2020-06-20T16:00:00+08:00,255.0,-12.5,6.2,0.35555555555555557,0.0,True,False,1.0,False,False,False
2020-06-20T17:00:00+08:00,275.53,-12.3,5.5,0.2777777777777778,0.0,True,False,1.0,False,False,False
2020-06-20T18:00:00+08:00,256.98,-11.7,5.6,0.28888888888888886,0.0,True,False,1.0,False,False,False
2020-06-20T19:00:00+08:00,239.12,-10.2,8.2,0.5777777777777777,0.0,True,False,1.0,False,False,False
2020-06-20T20:00:00+08:00,240.96,-11.0,2.9,0.0,0.0,True,False,1.0,False,False,False
2020-06-20T21:00:00+08:00,235.72,-9.7,3.8,0.08888888888888886,0.0,True,False,1.0,False,False,False
2020-06-20T22:00:00+08:00,244.445,-7.7,9.9,0.7666666666666667,0.0,True,False,1.0,False,False,False
2020-06-20T23:00:00+08:00,242.2266666,-7.2,15.3,1.0,0.0,False,True,0.5,True,True,False
2020-06-21T00:00:00+08:00,229.9266667,-7.0,13.9,1.0,0.0,True,True,0.5,True,False,False
2020-06-21T01:00:00+08:00,228.68,-6.7,13.8,1.0,0.0,True,True,0.5,True,False,False
2020-06-21T02:00:00+08:00,228.5466667,-6.0,13.3,1.0,0.0,True,True,0.5,True,False,False
2020-06-21T03:00:00+08:00,234.4466667,-5.6,10.7,0.8555555555555555,0.0,True,True,0.5,True,False,False
2020-06-21T04:00:00+08:00,232.66,-5.8,7.5,0.5,0.0,True,True,0.5,True,False,False
2020-06-21T05:00:00+08:00,225.6933333,-5.3,10.1,0.7888888888888889,0.0,True,True,0.5,True,False,False
2020-06-21T06:00:00+08:00,237.8066667,-5.6,10.4,0.8222222222222223,0.0,True,True,0.5,True,False,False
2020-06-21T07:00:00+08:00,234.3666667,-5.8,6.8,0.4222222222222222,0.0,True,True,0.5,True,False,False
2020-06-21T08:00:00+08:00,255.42,-6.4,4.6,0.17777777777777773,0.0,True,True,0.5,True,False,False
2020-06-21T09:00:00+08:00,263.8933334,-6.1,11.6,0.9555555555555555,0.0,True,True,0.5,True,False,False
2020-06-21T10:00:00+08:00,270.49,-6.1,11.6,0.9555555555555555,0.0,True,True,0.5,True,False,False
2020-06-21T11:00:00+08:00,261.6933333,-5.9,11.5,0.9444444444444444,0.0,True,True,0.5,True,False,False
2020-06-21T12:00:00+08:00,235.7833334,-5.9,10.7,0.8555555555555555,0.0,True,False,1.0,False,False,False
2020-06-21T13:00:00+08:00,236.33,-6.3,9.5,0.7222222222222222,0.0,True,False,1.0,False,False,False
2020-06-21T14:00:00+08:00,237.9733334,-6.5,9.1,0.6777777777777777,0.0,True,False,1.0,False,False,False
2020-06-21T15:00:00+08:00,237.1133333,-6.8,11.0,0.8888888888888888,0.0,True,False,1.0,False,False,False
2020-06-21T16:00:00+08:00,238.68,-6.9,11.8,0.9777777777777779,0.0,True,False,1.0,False,False,False
2020-06-21T17:00:00+08:00,228.93,-7.2,8.8,0.6444444444444445,0.0,True,False,1.0,False,False,False
2020-06-21T18:00:00+08:00,230.99,-7.2,7.4,0.48888888888888893,0.0,True,False,1.0,False,False,False
2020-06-21T19:00:00+08:00,247.24,-8.4,3.1,0.01111111111111112,0.0,True,False,1.0,False,False,False
2020-06-21T20:00:00+08:00,230.34,-8.3,1.8,0.0,0.0,True,False,1.0,False,False,False
2020-06-21T21:00:00+08:00,241.05,-7.8,2.0,0.0,0.0,True,False,1.0,False,False,False
2020-06-21T22:00:00+08:00,240.35,-7.8,3.4,0.04444444444444443,0.0,True,False,1.0,False,False,False
2020-06-21T23:00:00+08:00,238.2,-6.6,4.1,0.12222222222222218,0.0,True,False,1.0,False,False,False
2020-06-22T00:00:00+08:00,233.76,-6.1,8.0,0.5555555555555556,0.0,True,False,1.0,False,False,False
2020-06-22T01:00:00+08:00,246.47,-6.1,7.2,0.4666666666666667,0.0,True,False,1.0,False,False,False
2020-06-22T02:00:00+08:00,255.98,-6.3,7.0,0.4444444444444444,0.0,True,False,1.0,False,False,False
2020-06-22T03:00:00+08:00,249.58,-6.8,5.6,0.28888888888888886,0.0,True,False,1.0,False,False,False
2020-06-22T04:00:00+08:00,230.64,-7.2,8.2,0.5777777777777777,0.0,True,False,1.0,False,False,False
2020-06-22T05:00:00+08:00,233.43,-7.7,10.1,0.7888888888888889,0.0,True,False,1.0,False,False,False
2020-06-22T06:00:00+08:00,241.89,-8.1,10.4,0.8222222222222223,0.0,True,False,1.0,False,False,False
2020-06-22T07:00:00+08:00,247.985,-8.5,9.6,0.7333333333333333,0.0,True,False,1.0,False,False,False
2020-06-22T08:00:00+08:00,258.88,-8.4,9.8,0.7555555555555556,0.0,True,False,1.0,False,False,False
2020-06-22T09:00:00+08:00,248.68,-8.8,9.9,0.7666666666666667,0.0,True,False,1.0,False,False,False
2020-06-22T10:00:00+08:00,247.13,-9.3,9.8,0.7555555555555556,0.0,True,False,1.0,False,False,False
2020-06-22T11:00:00+08:00,247.86,-9.7,10.9,0.8777777777777778,0.0,True,False,1.0,False,False,False
2020-06-22T12:00:00+08:00,253.28,-9.8,9.3,0.7000000000000001,0.0,True,False,1.0,False,False,False
2020-06-22T13:00:00+08:00,243.9,-10.0,8.7,0.6333333333333333,0.0,True,False,1.0,False,False,False
2020-06-22T14:00:00+08:00,243.54,-10.3,8.6,0.6222222222222222,0.0,True,False,1.0,False,False,False
2020-06-22T15:00:00+08:00,243.15,-10.4,9.5,0.7222222222222222,0.0,True,False,1.0,False,False,False
2020-06-22T16:00:00+08:00,260.14,-10.4,9.4,0.7111111111111111,0.0,True,False,1.0,False,False,False
2020-06-22T17:00:00+08:00,272.13,-10.5,10.0,0.7777777777777778,0.0,True,False,1.0,False,False,False
2020-06-22T18:00:00+08:00,292.72,-10.4,9.2,0.6888888888888888,0.0,True,False,1.0,False,False,False
2020-06-22T19:00:00+08:00,251.1,-10.7,9.2,0.6888888888888888,0.0,True,False,1.0,False,False,False
2020-06-22T20:00:00+08:00,247.04,-10.7,8.0,0.5555555555555556,0.0,True,False,1.0,False,False,False
2020-06-22T21:00:00+08:00,245.9,-10.9,7.6,0.5111111111111111,0.0,True,False,1.0,False,False,False
2020-06-22T22:00:00+08:00,244.62,-10.7,9.3,0.7000000000000001,0.0,True,False,1.0,False,False,False
2020-06-22T23:00:00+08:00,248.19,-11.2,6.6,0.39999999999999997,0.0,True,False,1.0,False,False,False
2020-06-23T00:00:00+08:00,245.7633333,-11.1,9.8,0.7555555555555556,0.0,True,False,1.0,False,False,False
2020-06-23T01:00:00+08:00,245.5533333,-11.1,7.8,0.5333333333333333,0.0,True,False,1.0,False,False,False
2020-06-23T02:00:00+08:00,234.4966667,-11.0,10.3,0.8111111111111112,0.0,True,False,1.0,False,False,False
2020-06-23T03:00:00+08:00,240.9733334,-11.1,10.3,0.8111111111111112,0.0,True,False,1.0,False,False,False
2020-06-23T04:00:00+08:00,238.4566667,-11.2,9.3,0.7000000000000001,0.0,True,False,1.0,False,False,False
2020-06-23T05:00:00+08:00,235.6766667,-11.4,10.2,0.7999999999999999,0.0,True,False,1.0,False,False,False
2020-06-23T06:00:00+08:00,246.3833333,-10.9,10.8,0.8666666666666667,0.0,True,False,1.0,False,False,False
2020-06-23T07:00:00+08:00,247.1266667,-10.2,11.2,0.911111111111111,0.0,True,False,1.0,False,False,False
2020-06-23T08:00:00+08:00,280.2666666,-10.5,9.6,0.7333333333333333,0.0,True,False,1.0,False,False,False
2020-06-23T09:00:00+08:00,269.0866667,-10.5,9.5,0.7222222222222222,0.0,True,False,1.0,False,False,False
2020-06-23T10:00:00+08:00,284.9366667,-10.5,6.6,0.39999999999999997,0.0,True,False,1.0,False,False,False
2020-06-23T11:00:00+08:00,307.8133334,-10.5,5.8,0.3111111111111111,0.0,True,False,1.0,False,False,False
2020-06-23T12:00:00+08:00,278.9966667,-10.7,6.1,0.3444444444444444,0.0,True,False,1.0,False,False,False
2020-06-23T13:00:00+08:00,261.9466667,-10.6,3.6,0.06666666666666668,0.0,True,False,1.0,False,False,False
2020-06-23T14:00:00+08:00,261.31,-11.4,0.8,0.0,0.0,True,False,1.0,False,False,False
2020-06-23T15:00:00+08:00,263.69,-12.1,1.9,0.0,0.0,True,False,1.0,False,False,False
2020-06-23T16:00:00+08:00,262.6966667,-12.3,0.8,0.0,0.0,True,False,1.0,False,False,False
2020-06-23T17:00:00+08:00,258.9616667,-11.9,0.8,0.0,0.0,True,False,1.0,False,False,False
2020-06-23T18:00:00+08:00,263.51,-11.9,1.6,0.0,0.0,True,False,1.0,False,False,False
2020-06-23T19:00:00+08:00,252.9,-12.0,0.0,0.0,0.0,True,False,1.0,False,False,False
2020-06-23T20:00:00+08:00,260.34,-12.4,1.0,0.0,0.0,True,False,1.0,False,False,False
2020-06-23T21:00:00+08:00,249.64,-12.5,0.8,0.0,0.0,True,False,1.0,False,False,False
2020-06-23T22:00:00+08:00,257.15,-12.7,1.0,0.0,0.0,True,False,1.0,False,False,False
2020-06-23T23:00:00+08:00,253.89,-12.7,3.0,0.0,0.0,True,False,1.0,False,False,False
2020-06-24T00:00:00+08:00,250.99,-10.4,4.2,0.13333333333333336,0.0,True,False,1.0,False,False,False
2020-06-24T01:00:00+08:00,252.51,-10.1,3.7,0.07777777777777779,0.0,True,False,1.0,False,False,False
2020-06-24T02:00:00+08:00,265.42,-10.5,2.8,0.0,0.0,True,False,1.0,False,False,False
2020-06-24T03:00:00+08:00,269.42,-9.9,3.7,0.07777777777777779,0.0,True,False,1.0,False,False,False
2020-06-24T04:00:00+08:00,268.45,-10.0,4.8,0.19999999999999998,0.0,True,False,1.0,False,False,False
2020-06-24T05:00:00+08:00,256.36,-9.8,5.2,0.24444444444444446,0.0,True,False,1.0,False,False,False
2020-06-24T06:00:00+08:00,249.28,-9.9,6.0,0.3333333333333333,0.0,True,False,1.0,False,False,False
2020-06-24T07:00:00+08:00,255.42,-9.8,6.2,0.35555555555555557,0.0,True,False,1.0,False,False,False
2020-06-24T08:00:00+08:00,269.25,-9.5,6.1,0.3444444444444444,0.0,True,False,1.0,False,False,False
2020-06-24T09:00:00+08:00,258.81,-9.5,5.5,0.2777777777777778,0.0,True,False,1.0,False,False,False
2020-06-24T10:00:00+08:00,257.785,-9.4,4.6,0.17777777777777773,0.0,True,False,1.0,False,False,False
2020-06-24T11:00:00+08:00,271.95,-9.4,2.8,0.0,0.0,True,False,1.0,False,False,False
2020-06-24T12:00:00+08:00,259.92,-9.7,1.9,0.0,0.0,True,False,1.0,False,False,False
2020-06-24T13:00:00+08:00,252.99,-9.6,1.4,0.0,0.0,True,False,1.0,False,False,False
2020-06-24T14:00:00+08:00,246.39,-9.8,2.2,0.0,0.0,True,False,1.0,False,False,False
2020-06-24T15:00:00+08:00,255.26,-10.2,2.1,0.0,0.0,True,False,1.0,False,False,False
2020-06-24T16:00:00+08:00,261.45,-10.6,1.6,0.0,0.0,True,False,1.0,False,False,False
2020-06-24T17:00:00+08:00,282.88,-10.9,1.5,0.0,0.0,True,False,1.0,False,False,False
2020-06-24T18:00:00+08:00,304.68,-10.9,1.4,0.0,0.0,True,False,1.0,False,False,False
2020-06-24T19:00:00+08:00,279.46,-10.5,1.4,0.0,0.0,True,False,1.0,False,False,False
2020-06-24T20:00:00+08:00,273.7,-10.5,1.2,0.0,0.0,True,False,1.0,False,False,False
2020-06-24T21:00:00+08:00,257.66,-9.9,2.4,0.0,0.0,True,False,1.0,False,False,False
2020-06-24T22:00:00+08:00,260.41,-10.3,0.0,0.0,0.0,True,False,1.0,False,False,False
2020-06-24T23:00:00+08:00,262.22,-10.8,1.9,0.0,0.0,True,False,1.0,False,False,False
2020-06-25T00:00:00+08:00,254.16,-11.3,2.6,0.0,0.0,True,False,1.0,False,False,False
2020-06-25T01:00:00+08:00,255.43,-8.5,5.7,0.30000000000000004,0.0,True,False,1.0,False,False,False
2020-06-25T02:00:00+08:00,251.53,-7.1,7.6,0.5111111111111111,0.0,True,False,1.0,False,False,False
2020-06-25T03:00:00+08:00,241.69,-7.1,6.9,0.43333333333333335,0.0,True,False,1.0,False,False,False
2020-06-25T04:00:00+08:00,247.2233333,-7.4,7.1,0.4555555555555555,0.0,True,False,1.0,False,False,False
2020-06-25T05:00:00+08:00,248.3733333,-7.2,8.3,0.588888888888889,0.0,True,False,1.0,False,False,False
2020-06-25T06:00:00+08:00,256.2866667,-7.0,8.8,0.6444444444444445,0.0,True,False,1.0,False,False,False
2020-06-25T07:00:00+08:00,259.1933333,-7.0,9.8,0.7555555555555556,0.0,True,False,1.0,False,False,False
2020-06-25T08:00:00+08:00,292.5533333,-7.0,9.5,0.7222222222222222,0.0,True,False,1.0,False,False,False
2020-06-25T09:00:00+08:00,260.3366667,-7.0,8.6,0.6222222222222222,0.0,True,False,1.0,False,False,False
2020-06-25T10:00:00+08:00,259.2266667,-7.5,7.0,0.4444444444444444,0.0,True,False,1.0,False,False,False
2020-06-25T11:00:00+08:00,263.8766667,-7.2,8.3,0.588888888888889,0.0,True,False,1.0,False,False,False
2020-06-25T12:00:00+08:00,272.7233333,-7.7,6.4,0.3777777777777778,0.0,True,False,1.0,False,False,False
2020-06-25T13:00:00+08:00,261.7666667,-7.4,6.4,0.3777777777777778,0.0,True,False,1.0,False,False,False
2020-06-25T14:00:00+08:00,252.18,-6.4,7.5,0.5,0.0,True,False,1.0,False,False,False
2020-06-25T15:00:00+08:00,257.9633333,-6.2,7.9,0.5444444444444445,0.0,True,False,1.0,False,False,False
2020-06-25T16:00:00+08:00,252.8333333,-5.7,8.8,0.6444444444444445,0.0,True,False,1.0,False,False,False
2020-06-25T17:00:00+08:00,256.0166667,-5.7,10.5,0.8333333333333334,0.0,True,False,1.0,False,False,False
2020-06-25T18:00:00+08:00,266.1633333,-5.6,10.2,0.7999999999999999,0.0,True,False,1.0,False,False,False
2020-06-25T19:00:00+08:00,265.4983334,-5.6,10.8,0.8666666666666667,0.0,True,False,1.0,False,False,False
2020-06-25T20:00:00+08:00,271.1,-5.6,10.2,0.7999999999999999,0.0,True,False,1.0,False,False,False
2020-06-25T21:00:00+08:00,272.96,-5.8,10.3,0.8111111111111112,0.0,True,False,1.0,False,False,False
2020-06-25T22:00:00+08:00,260.23,-5.9,10.1,0.7888888888888889,0.0,True,False,1.0,False,False,False
2020-06-25T23:00:00+08:00,246.91,-6.1,8.6,0.6222222222222222,0.0,True,False,1.0,False,False,False
2020-06-26T00:00:00+08:00,252.78,-7.0,7.2,0.4666666666666667,0.0,True,False,1.0,False,False,False
2020-06-26T01:00:00+08:00,250.33,-7.8,8.0,0.5555555555555556,0.0,True,False,1.0,False,False,False
2020-06-26T02:00:00+08:00,253.82,-8.0,9.8,0.7555555555555556,0.0,True,False,1.0,False,False,False
2020-06-26T03:00:00+08:00,251.6,-7.7,11.1,0.8999999999999999,0.0,True,False,1.0,False,False,False
2020-06-26T04:00:00+08:00,256.17,-7.3,11.8,0.9777777777777779,0.0,True,False,1.0,False,False,False
2020-06-26T05:00:00+08:00,246.8,-8.4,6.7,0.41111111111111115,0.0,True,False,1.0,False,False,False
2020-06-26T06:00:00+08:00,242.61,-8.4,6.6,0.39999999999999997,0.0,True,False,1.0,False,False,False
2020-06-26T07:00:00+08:00,243.84,-8.6,7.5,0.5,0.0,True,False,1.0,False,False,False
2020-06-26T08:00:00+08:00,247.01,-7.4,8.7,0.6333333333333333,0.0,True,False,1.0,False,False,False
2020-06-26T09:00:00+08:00,253.48,-7.8,8.8,0.6444444444444445,0.0,True,False,1.0,False,False,False
2020-06-26T10:00:00+08:00,281.54,-7.8,10.0,0.7777777777777778,0.0,True,False,1.0,False,False,False
2020-06-26T11:00:00+08:00,286.96,-7.9,10.0,0.7777777777777778,0.0,True,False,1.0,False,False,False
2020-06-26T12:00:00+08:00,280.68,-7.8,9.6,0.7333333333333333,0.0,True,False,1.0,False,False,False
2020-06-26T13:00:00+08:00,255.98,-7.7,9.6,0.7333333333333333,0.0,True,False,1.0,False,False,False
2020-06-26T14:00:00+08:00,262.29,-7.8,10.0,0.7777777777777778,0.0,True,False,1.0,False,False,False
2020-06-26T15:00:00+08:00,254.04,-8.0,10.1,0.7888888888888889,0.0,True,False,1.0,False,False,False
2020-06-26T16:00:00+08:00,259.89,-8.0,10.8,0.8666666666666667,0.0,True,False,1.0,False,False,False
2020-06-26T17:00:00+08:00,255.55,-8.2,10.9,0.8777777777777778,0.0,True,False,1.0,False,False,False
2020-06-26T18:00:00+08:00,261.95,-7.8,10.3,0.8111111111111112,0.0,True,False,1.0,False,False,False
2020-06-26T19:00:00+08:00,271.57,-8.2,10.6,0.8444444444444444,0.0,True,False,1.0,False,False,False
2020-06-26T20:00:00+08:00,264.67,-9.3,11.1,0.8999999999999999,0.0,True,False,1.0,False,False,False
2020-06-26T21:00:00+08:00,255.74,-8.6,9.9,0.7666666666666667,0.0,True,False,1.0,False,False,False
2020-06-26T22:00:00+08:00,260.76,-9.6,9.1,0.6777777777777777,0.0,True,False,1.0,False,False,False
2020-06-26T23:00:00+08:00,257.47,-10.5,12.3,1.0,0.0,True,False,1.0,False,False,False
2020-06-27T00:00:00+08:00,276.43,-10.1,11.5,0.9444444444444444,0.0,True,False,1.0,False,False,False
2020-06-27T01:00:00+08:00,277.47,-11.0,12.1,1.0,0.0,True,False,1.0,False,False,False
2020-06-27T02:00:00+08:00,268.47,-11.3,13.7,1.0,0.0,True,False,1.0,False,False,False
2020-06-27T03:00:00+08:00,253.37,-10.9,13.5,1.0,0.0,True,False,1.0,False,False,False
2020-06-27T04:00:00+08:00,249.11,-12.3,14.9,1.0,0.0,True,False,1.0,False,False,False
2020-06-27T05:00:00+08:00,253.6183334,-11.7,15.5,1.0,0.0,False,True,0.5,True,True,False
2020-06-27T06:00:00+08:00,257.09,-12.3,17.2,1.0,0.0,False,True,0.5,True,True,False
2020-06-27T07:00:00+08:00,249.3933333,-13.1,15.3,1.0,0.0007,False,True,0.5,True,True,False
2020-06-27T08:00:00+08:00,263.4133334,-12.4,15.1,1.0,0.0,False,True,0.5,True,True,False
2020-06-27T09:00:00+08:00,258.2333333,-13.5,13.1,1.0,0.0,True,True,0.5,True,False,False
2020-06-27T10:00:00+08:00,258.9966666,-15.8,13.8,1.0,0.0,True,True,0.5,True,False,False
2020-06-27T11:00:00+08:00,266.8966667,-17.4,14.8,1.0,0.0,True,True,0.5,True,False,False
2020-06-27T12:00:00+08:00,280.7566667,-17.6,15.9,1.0,0.0,False,True,0.5,True,True,False
2020-06-27T13:00:00+08:00,271.5766667,-16.8,12.9,1.0,0.0,True,True,0.5,True,False,False
2020-06-27T14:00:00+08:00,276.33,-16.7,14.7,1.0,0.0,True,True,0.5,True,False,False
2020-06-27T15:00:00+08:00,284.67,-16.6,16.0,1.0,0.0,False,True,0.5,True,True,False
2020-06-27T16:00:00+08:00,283.5666666,-16.2,9.6,0.7333333333333333,0.0,True,True,0.5,True,False,False
2020-06-27T17:00:00+08:00,273.18,-17.3,3.5,0.05555555555555555,0.0,True,True,0.5,True,False,False
2020-06-27T18:00:00+08:00,281.1,-16.8,4.3,0.14444444444444443,0.0,True,True,0.5,True,False,False
2020-06-27T19:00:00+08:00,267.2,-13.5,6.6,0.39999999999999997,0.0,True,True,0.5,True,False,False
2020-06-27T20:00:00+08:00,266.8933334,-12.2,6.7,0.41111111111111115,0.0,True,True,0.5,True,False,False
2020-06-27T21:00:00+08:00,266.725,-11.6,8.7,0.6333333333333333,0.0,True,True,0.5,True,False,False
2020-06-27T22:00:00+08:00,256.71,-11.3,7.5,0.5,0.0,True,True,0.5,True,False,False
2020-06-27T23:00:00+08:00,262.27,-11.3,3.2,0.02222222222222224,0.0,True,True,0.5,True,False,False
2020-06-28T00:00:00+08:00,255.34,-13.1,5.1,0.23333333333333328,0.0,True,True,0.5,True,False,False
2020-06-28T01:00:00+08:00,248.44,-14.7,3.7,0.07777777777777779,0.0,True,True,0.5,True,False,False
2020-06-28T02:00:00+08:00,263.22,-14.8,3.5,0.05555555555555555,0.0,True,True,0.5,True,False,False
2020-06-28T03:00:00+08:00,258.5,-14.6,3.6,0.06666666666666668,0.0,True,True,0.5,True,False,False
2020-06-28T04:00:00+08:00,262.42,-14.0,5.0,0.2222222222222222,0.0,True,False,1.0,False,False,False
2020-06-28T05:00:00+08:00,245.98,-13.0,5.9,0.32222222222222224,0.0,True,False,1.0,False,False,False
2020-06-28T06:00:00+08:00,254.88,-12.9,5.7,0.30000000000000004,0.0,True,False,1.0,False,False,False
2020-06-28T07:00:00+08:00,252.43,-12.8,4.4,0.15555555555555559,0.0,True,False,1.0,False,False,False
2020-06-28T08:00:00+08:00,283.37,-12.6,2.0,0.0,0.0,True,False,1.0,False,False,False
2020-06-28T09:00:00+08:00,283.79,-12.5,0.9,0.0,0.0,True,False,1.0,False,False,False
2020-06-28T10:00:00+08:00,293.77,-12.2,2.2,0.0,0.0,True,False,1.0,False,False,False
2020-06-28T11:00:00+08:00,274.16,-11.7,2.4,0.0,0.0,True,False,1.0,False,False,False
2020-06-28T12:00:00+08:00,270.78,-11.3,0.5,0.0,0.0,True,False,1.0,False,False,False
2020-06-28T13:00:00+08:00,274.3,-10.6,2.6,0.0,0.0,True,False,1.0,False,False,False
2020-06-28T14:00:00+08:00,270.115,-8.7,4.3,0.14444444444444443,0.0,True,False,1.0,False,False,False
2020-06-28T15:00:00+08:00,270.76,-7.4,7.6,0.5111111111111111,0.0,True,False,1.0,False,False,False
2020-06-28T16:00:00+08:00,273.29,-7.4,6.1,0.3444444444444444,0.0,True,False,1.0,False,False,False
2020-06-28T17:00:00+08:00,282.99,-7.5,5.0,0.2222222222222222,0.0,True,False,1.0,False,False,False
2020-06-28T18:00:00+08:00,279.01,-7.2,7.9,0.5444444444444445,0.0,True,False,1.0,False,False,False
2020-06-28T19:00:00+08:00,270.92,-7.3,9.3,0.7000000000000001,0.0,True,False,1.0,False,False,False
2020-06-28T20:00:00+08:00,272.67,-7.4,8.7,0.6333333333333333,0.0,True,False,1.0,False,False,False
2020-06-28T21:00:00+08:00,266.95,-7.6,10.3,0.8111111111111112,0.0,True,False,1.0,False,False,False
2020-06-28T22:00:00+08:00,282.13,-8.9,13.0,1.0,0.0,True,False,1.0,False,False,False
2020-06-28T23:00:00+08:00,284.53,-9.2,13.2,1.0,0.0,True,False,1.0,False,False,False
2020-06-29T00:00:00+08:00,280.73,-9.5,12.3,1.0,0.0,True,False,1.0,False,False,False
2020-06-29T01:00:00+08:00,262.16,-9.3,11.2,0.911111111111111,0.0,True,False,1.0,False,False,False
2020-06-29T02:00:00+08:00,260.12,-9.5,11.7,0.9666666666666666,0.0,True,False,1.0,False,False,False
2020-06-29T03:00:00+08:00,259.58,-10.0,11.8,0.9777777777777779,0.0,True,False,1.0,False,False,False
2020-06-29T04:00:00+08:00,256.5,-10.4,12.0,1.0,0.0,True,False,1.0,False,False,False
2020-06-29T05:00:00+08:00,252.67,-10.9,11.9,0.9888888888888889,0.0,True,False,1.0,False,False,False
2020-06-29T06:00:00+08:00,256.22,-11.0,12.1,1.0,0.0,True,False,1.0,False,False,False
2020-06-29T07:00:00+08:00,260.905,-11.5,10.6,0.8444444444444444,0.0,True,False,1.0,False,False,False
2020-06-29T08:00:00+08:00,284.34,-11.9,8.5,0.6111111111111112,0.0,True,False,1.0,False,False,False
2020-06-29T09:00:00+08:00,263.51,-11.8,10.0,0.7777777777777778,0.0,True,False,1.0,False,False,False
2020-06-29T10:00:00+08:00,268.8566667,-11.1,10.9,0.8777777777777778,0.0,True,False,1.0,False,False,False
2020-06-29T11:00:00+08:00,275.2266666,-11.5,11.3,0.9222222222222223,0.0,True,False,1.0,False,False,False
2020-06-29T12:00:00+08:00,271.3166667,-11.6,8.9,0.6555555555555556,0.0,True,False,1.0,False,False,False
2020-06-29T13:00:00+08:00,270.7333334,-11.4,10.7,0.8555555555555555,0.0,True,False,1.0,False,False,False
2020-06-29T14:00:00+08:00,280.1366667,-11.5,9.9,0.7666666666666667,0.0,True,False,1.0,False,False,False
2020-06-29T15:00:00+08:00,297.15,-11.4,9.7,0.7444444444444444,0.0,True,False,1.0,False,False,False
2020-06-29T16:00:00+08:00,298.95,-11.2,7.5,0.5,0.0,True,False,1.0,False,False,False
2020-06-29T17:00:00+08:00,281.2266666,-11.6,11.1,0.8999999999999999,0.0,True,False,1.0,False,False,False
2020-06-29T18:00:00+08:00,286.5733334,-11.5,13.1,1.0,0.0,True,False,1.0,False,False,False
2020-06-29T19:00:00+08:00,279.47,-12.3,11.6,0.9555555555555555,0.0,True,False,1.0,False,False,False
2020-06-29T20:00:00+08:00,271.96,-12.4,11.4,0.9333333333333333,0.0,True,False,1.0,False,False,False
2020-06-29T21:00:00+08:00,283.4333333,-12.4,10.7,0.8555555555555555,0.0,True,False,1.0,False,False,False
2020-06-29T22:00:00+08:00,280.0766667,-12.4,10.7,0.8555555555555555,0.0,True,False,1.0,False,False,False
2020-06-29T23:00:00+08:00,278.91,-12.4,9.5,0.7222222222222222,0.0,True,False,1.0,False,False,False
2020-06-30T00:00:00+08:00,274.68,-12.5,11.1,0.8999999999999999,0.0,True,False,1.0,False,False,False
2020-06-30T01:00:00+08:00,278.04,-12.7,9.3,0.7000000000000001,0.0,True,False,1.0,False,False,False
2020-06-30T02:00:00+08:00,272.98,-12.7,8.8,0.6444444444444445,0.0,True,False,1.0,False,False,False
2020-06-30T03:00:00+08:00,286.33,-13.1,8.4,0.6000000000000001,0.0,True,False,1.0,False,False,False
2020-06-30T04:00:00+08:00,302.88,-13.0,8.0,0.5555555555555556,0.0,True,False,1.0,False,False,False
2020-06-30T05:00:00+08:00,306.33,-12.9,8.3,0.588888888888889,0.0,True,False,1.0,False,False,False
2020-06-30T06:00:00+08:00,290.26,-13.0,8.5,0.6111111111111112,0.0,True,False,1.0,False,False,False
2020-06-30T07:00:00+08:00,263.86,-13.1,7.4,0.48888888888888893,0.0,True,False,1.0,False,False,False
2020-06-30T08:00:00+08:00,289.66,-13.1,7.5,0.5,0.0,True,False,1.0,False,False,False
2020-06-30T09:00:00+08:00,261.065,-13.2,7.7,0.5222222222222223,0.0,True,False,1.0,False,False,False
2020-06-30T10:00:00+08:00,268.5,-13.1,9.6,0.7333333333333333,0.0,True,False,1.0,False,False,False
2020-06-30T11:00:00+08:00,267.95,-12.9,9.8,0.7555555555555556,0.0,True,False,1.0,False,False,False
2020-06-30T12:00:00+08:00,266.52,-13.3,10.9,0.8777777777777778,0.0,True,False,1.0,False,False,False
2020-06-30T13:00:00+08:00,272.38,-13.2,9.7,0.7444444444444444,0.0,True,False,1.0,False,False,False
2020-06-30T14:00:00+08:00,263.44,-13.8,10.0,0.7777777777777778,0.0,True,False,1.0,False,False,False
2020-06-30T15:00:00+08:00,253.0,-14.2,10.4,0.8222222222222223,0.0,True,False,1.0,False,False,False
2020-06-30T16:00:00+08:00,260.7,-14.5,10.5,0.8333333333333334,0.0,True,False,1.0,False,False,False
2020-06-30T17:00:00+08:00,264.19,-15.3,11.4,0.9333333333333333,0.0,True,False,1.0,False,False,False
2020-06-30T18:00:00+08:00,294.39,-15.6,11.7,0.9666666666666666,0.0,True,False,1.0,False,False,False
2020-06-30T19:00:00+08:00,277.79,-16.8,15.5,1.0,0.0,False,True,0.5,True,True,False
2020-06-30T20:00:00+08:00,275.76,-17.5,17.2,1.0,0.0,False,True,0.5,True,True,False
2020-06-30T21:00:00+08:00,262.83,-17.9,15.3,1.0,0.0,False,True,0.5,True,True,False
2020-06-30T22:00:00+08:00,255.58,-17.5,12.6,1.0,0.0,True,True,0.5,True,False,False
2020-06-30T23:00:00+08:00,256.05,-17.2,8.8,0.6444444444444445,0.0,True,True,0.5,True,False,False
2020-07-01T00:00:00+08:00,251.71,-16.6,8.1,0.5666666666666667,0.0,True,True,0.5,True,False,False
2020-07-01T01:00:00+08:00,248.85,-16.6,10.7,0.8555555555555555,0.0,True,True,0.5,True,False,False
2020-07-01T02:00:00+08:00,251.03,-16.5,12.3,1.0,0.0,True,True,0.5,True,False,False
2020-07-01T03:00:00+08:00,246.68,-16.3,9.4,0.7111111111111111,0.0,True,True,0.5,True,False,False
2020-07-01T04:00:00+08:00,245.92,-16.5,11.1,0.8999999999999999,0.0,True,True,0.5,True,False,False
2020-07-01T05:00:00+08:00,240.84,-16.4,10.2,0.7999999999999999,0.0,True,True,0.5,True,False,False
2020-07-01T06:00:00+08:00,249.89,-16.3,12.6,1.0,0.0,True,True,0.5,True,False,False
2020-07-01T07:00:00+08:00,248.24,-16.0,12.8,1.0,0.0,True,True,0.5,True,False,False
2020-07-01T08:00:00+08:00,267.02,-15.1,9.1,0.6777777777777777,0.0,True,True,0.5,True,False,False
2020-07-01T09:00:00+08:00,265.64,-14.8,8.2,0.5777777777777777,0.0,True,True,0.5,True,False,False
2020-07-01T10:00:00+08:00,283.3933334,-14.6,6.6,0.39999999999999997,0.0,True,False,1.0,False,False,False
2020-07-01T11:00:00+08:00,286.71,-14.1,5.8,0.3111111111111111,0.0,True,False,1.0,False,False,False
2020-07-01T12:00:00+08:00,281.31,-13.5,7.2,0.4666666666666667,0.0,True,False,1.0,False,False,False
2020-07-01T13:00:00+08:00,259.17,-13.4,9.5,0.7222222222222222,0.0,True,False,1.0,False,False,False
2020-07-01T14:00:00+08:00,247.7266667,-13.4,9.8,0.7555555555555556,0.0,True,False,1.0,False,False,False
2020-07-01T15:00:00+08:00,256.7166666,-13.3,10.4,0.8222222222222223,0.0,True,False,1.0,False,False,False
2020-07-01T16:00:00+08:00,258.1866666,-13.4,9.4,0.7111111111111111,0.0,True,False,1.0,False,False,False
2020-07-01T17:00:00+08:00,256.79,-13.7,8.5,0.6111111111111112,0.0,True,False,1.0,False,False,False
2020-07-01T18:00:00+08:00,262.9533333,-13.8,6.9,0.43333333333333335,0.0,True,False,1.0,False,False,False
2020-07-01T19:00:00+08:00,258.5666667,-14.1,5.7,0.30000000000000004,0.0,True,False,1.0,False,False,False
2020-07-01T20:00:00+08:00,256.8033333,-14.2,6.4,0.3777777777777778,0.0,True,False,1.0,False,False,False
2020-07-01T21:00:00+08:00,249.1366667,-14.5,2.2,0.0,0.0,True,False,1.0,False,False,False
2020-07-01T22:00:00+08:00,254.5633334,-15.0,4.6,0.17777777777777773,0.0,True,False,1.0,False,False,False
2020-07-01T23:00:00+08:00,246.6666666,-16.0,1.0,0.0,0.0,True,False,1.0,False,False,False
2020-07-02T00:00:00+08:00,259.7733333,-17.0,0.1,0.0,0.0,True,False,1.0,False,False,False
2020-07-02T01:00:00+08:00,263.85,-17.5,0.2,0.0,0.0,True,False,1.0,False,False,False
2020-07-02T02:00:00+08:00,262.04,-17.9,5.3,0.25555555555555554,0.0,True,False,1.0,False,False,False
2020-07-02T03:00:00+08:00,240.6633333,-17.9,1.8,0.0,0.0,True,False,1.0,False,False,False
2020-07-02T04:00:00+08:00,239.13,-18.4,1.7,0.0,0.0,True,False,1.0,False,False,False
2020-07-02T05:00:00+08:00,237.84,-17.8,4.1,0.12222222222222218,0.0,True,False,1.0,False,False,False
2020-07-02T06:00:00+08:00,243.93,-16.8,6.8,0.4222222222222222,0.0,True,False,1.0,False,False,False
2020-07-02T07:00:00+08:00,242.14,-17.2,8.7,0.6333333333333333,0.0,True,False,1.0,False,False,False
2020-07-02T08:00:00+08:00,255.33,-17.5,11.0,0.8888888888888888,0.0,True,False,1.0,False,False,False
2020-07-02T09:00:00+08:00,257.6,-17.8,13.0,1.0,0.0,True,False,1.0,False,False,False
2020-07-02T10:00:00+08:00,255.29,-17.8,12.2,1.0,0.0,True,False,1.0,False,False,False
2020-07-02T11:00:00+08:00,253.08,-18.4,11.5,0.9444444444444444,0.0,True,False,1.0,False,False,False
2020-07-02T12:00:00+08:00,271.46,-18.2,11.8,0.9777777777777779,0.0,True,False,1.0,False,False,False
2020-07-02T13:00:00+08:00,275.14,-18.7,8.7,0.6333333333333333,0.0,True,False,1.0,False,False,False
2020-07-02T14:00:00+08:00,276.37,-19.0,8.4,0.6000000000000001,0.0,True,False,1.0,False,False,False
2020-07-02T15:00:00+08:00,277.91,-19.5,5.9,0.32222222222222224,0.0,True,False,1.0,False,False,False
2020-07-02T16:00:00+08:00,276.54,-19.1,7.5,0.5,0.0,True,False,1.0,False,False,False
2020-07-02T17:00:00+08:00,253.68,-19.5,5.4,0.2666666666666667,0.0,True,False,1.0,False,False,False
2020-07-02T18:00:00+08:00,248.75,-19.9,5.2,0.24444444444444446,0.0,True,False,1.0,False,False,False
2020-07-02T19:00:00+08:00,256.56,-19.9,5.1,0.23333333333333328,0.0,True,False,1.0,False,False,False
2020-07-02T20:00:00+08:00,247.22,-19.3,5.9,0.32222222222222224,0.0,True,False,1.0,False,False,False
2020-07-02T21:00:00+08:00,241.32,-19.2,6.9,0.43333333333333335,0.0,True,False,1.0,False,False,False
2020-07-02T22:00:00+08:00,237.56,-20.3,4.2,0.13333333333333336,0.0,True,False,1.0,False,False,False
2020-07-02T23:00:00+08:00,243.56,-20.0,4.8,0.19999999999999998,0.0,True,False,1.0,False,False,False
2020-07-03T00:00:00+08:00,244.76,-20.7,4.3,0.14444444444444443,0.0,True,False,1.0,False,False,False
2020-07-03T01:00:00+08:00,244.41,-20.6,5.1,0.23333333333333328,0.0,True,False,1.0,False,False,False
2020-07-03T02:00:00+08:00,241.74,-20.9,3.2,0.02222222222222224,0.0,True,False,1.0,False,False,False
2020-07-03T03:00:00+08:00,240.54,-21.4,2.3,0.0,0.0,True,False,1.0,False,False,False
2020-07-03T04:00:00+08:00,239.28,-20.9,4.5,0.16666666666666666,0.0,True,False,1.0,False,False,False
2020-07-03T05:00:00+08:00,250.61,-21.0,3.7,0.07777777777777779,0.0,True,False,1.0,False,False,False
2020-07-03T06:00:00+08:00,240.39,-21.2,2.2,0.0,0.0,True,False,1.0,False,False,False
2020-07-03T07:00:00+08:00,255.75,-21.0,2.2,0.0,0.0,True,False,1.0,False,False,False
2020-07-03T08:00:00+08:00,258.98,-21.5,1.8,0.0,0.0,True,False,1.0,False,False,False
2020-07-03T09:00:00+08:00,246.94,-21.2,2.7,0.0,0.0,True,False,1.0,False,False,False
2020-07-03T10:00:00+08:00,239.9,-21.3,1.8,0.0,0.0,True,False,1.0,False,False,False
2020-07-03T11:00:00+08:00,239.51,-21.6,1.2,0.0,0.0,True,False,1.0,False,False,False
2020-07-03T12:00:00+08:00,242.58,-21.6,2.1,0.0,0.0,True,False,1.0,False,False,False
2020-07-03T13:00:00+08:00,243.1483334,-22.1,2.8,0.0,0.0,True,False,1.0,False,False,False
2020-07-03T14:00:00+08:00,251.9066667,-23.6,0.1,0.0,0.0,True,False,1.0,False,False,False
2020-07-03T15:00:00+08:00,247.4333333,-23.8,1.5,0.0,0.0,True,False,1.0,False,False,False
2020-07-03T16:00:00+08:00,240.8266667,-26.1,0.7,0.0,0.0,True,False,1.0,False,False,False
2020-07-03T17:00:00+08:00,239.0133333,-27.4,0.7,0.0,0.0,True,False,1.0,False,False,False
2020-07-03T18:00:00+08:00,247.4,-28.6,0.2,0.0,0.0,True,False,1.0,False,False,False
2020-07-03T19:00:00+08:00,260.18,-29.2,0.0,0.0,0.0,True,False,1.0,False,False,False
2020-07-03T20:00:00+08:00,260.7133334,-29.6,0.0,0.0,0.0,True,False,1.0,False,False,False
2020-07-03T21:00:00+08:00,258.2066667,-30.5,1.1,0.0,0.0,True,False,1.0,False,False,False
2020-07-03T22:00:00+08:00,241.9233333,-30.5,0.0,0.0,0.0,True,False,1.0,False,False,False
2020-07-03T23:00:00+08:00,234.6366667,-30.7,0.1,0.0,0.0,True,False,1.0,False,False,False
2020-07-04T00:00:00+08:00,233.29,-30.6,1.6,0.0,0.0,True,False,1.0,False,False,False
2020-07-04T01:00:00+08:00,230.4333333,-30.1,2.0,0.0,0.0,True,False,1.0,False,False,False
2020-07-04T02:00:00+08:00,234.2166667,-30.0,2.3,0.0,0.0,True,False,1.0,False,False,False
2020-07-04T03:00:00+08:00,234.0466667,-29.8,2.1,0.0,0.0,True,False,1.0,False,False,False
2020-07-04T04:00:00+08:00,237.4333334,-27.9,1.8,0.0,0.0,True,False,1.0,False,False,False
2020-07-04T05:00:00+08:00,234.5816667,-26.6,2.5,0.0,0.0,True,False,1.0,False,False,False
2020-07-04T06:00:00+08:00,237.61,-25.4,2.0,0.0,0.0,True,False,1.0,False,False,False
2020-07-04T07:00:00+08:00,232.62,-25.4,4.4,0.15555555555555559,0.0,True,False,1.0,False,False,False
2020-07-04T08:00:00+08:00,243.68,-26.1,3.1,0.01111111111111112,0.0,True,False,1.0,False,False,False
2020-07-04T09:00:00+08:00,232.58,-26.3,2.0,0.0,0.0,True,False,1.0,False,False,False
2020-07-04T10:00:00+08:00,247.39,-25.8,1.9,0.0,0.0,True,False,1.0,False,False,False
2020-07-04T11:00:00+08:00,280.5,-24.7,7.1,0.4555555555555555,0.0,True,False,1.0,False,False,False
2020-07-04T12:00:00+08:00,274.41,-25.7,6.7,0.41111111111111115,0.0,True,False,1.0,False,False,False
2020-07-04T13:00:00+08:00,244.65,-26.0,3.4,0.04444444444444443,0.0,True,False,1.0,False,False,False
2020-07-04T14:00:00+08:00,244.53,-25.4,7.2,0.4666666666666667,0.0,True,False,1.0,False,False,False
2020-07-04T15:00:00+08:00,238.2,-25.8,3.6,0.06666666666666668,0.0,True,False,1.0,False,False,False
2020-07-04T16:00:00+08:00,238.64,-26.6,2.3,0.0,0.0,True,False,1.0,False,False,False
2020-07-04T17:00:00+08:00,246.94,-27.0,1.9,0.0,0.0,True,False,1.0,False,False,False
2020-07-04T18:00:00+08:00,267.1,-27.1,0.9,0.0,0.0,True,False,1.0,False,False,False
2020-07-04T19:00:00+08:00,254.33,-27.9,0.0,0.0,0.0,True,False,1.0,False,False,False
2020-07-04T20:00:00+08:00,237.78,-27.5,0.8,0.0,0.0,True,False,1.0,False,False,False
2020-07-04T21:00:00+08:00,237.44,-27.4,0.0,0.0,0.0,True,False,1.0,False,False,False
2020-07-04T22:00:00+08:00,230.945,-26.6,0.6,0.0,0.0,True,False,1.0,False,False,False
2020-07-04T23:00:00+08:00,242.37,-25.4,0.5,0.0,0.0,True,False,1.0,False,False,False
2020-07-05T00:00:00+08:00,259.5,-25.0,1.5,0.0,0.0,True,False,1.0,False,False,False
2020-07-05T01:00:00+08:00,258.89,-23.5,2.9,0.0,0.0,True,False,1.0,False,False,False
2020-07-05T02:00:00+08:00,233.01,-22.4,3.2,0.02222222222222224,0.0,True,False,1.0,False,False,False
2020-07-05T03:00:00+08:00,231.11,-21.4,2.5,0.0,0.0,True,False,1.0,False,False,False
2020-07-05T04:00:00+08:00,231.55,-21.1,1.7,0.0,0.0,True,False,1.0,False,False,False
2020-07-05T05:00:00+08:00,231.44,-21.6,2.3,0.0,0.0,True,False,1.0,False,False,False
2020-07-05T06:00:00+08:00,234.02,-21.7,3.7,0.07777777777777779,0.0,True,False,1.0,False,False,False
2020-07-05T07:00:00+08:00,237.45,-19.6,3.9,0.09999999999999999,0.0,True,False,1.0,False,False,False
2020-07-05T08:00:00+08:00,255.69,-18.1,4.0,0.1111111111111111,0.0,True,False,1.0,False,False,False
2020-07-05T09:00:00+08:00,244.29,-18.3,3.2,0.02222222222222224,0.0,True,False,1.0,False,False,False
2020-07-05T10:00:00+08:00,238.07,-17.2,4.7,0.1888888888888889,0.0,True,False,1.0,False,False,False
2020-07-05T11:00:00+08:00,242.25,-17.1,3.7,0.07777777777777779,0.0,True,False,1.0,False,False,False
2020-07-05T12:00:00+08:00,252.15,-16.7,2.6,0.0,0.0,True,False,1.0,False,False,False
2020-07-05T13:00:00+08:00,252.45,-16.3,2.8,0.0,0.0,True,False,1.0,False,False,False
2020-07-05T14:00:00+08:00,259.51,-16.9,1.0,0.0,0.0,True,False,1.0,False,False,False
2020-07-05T15:00:00+08:00,267.4233333,-17.0,1.0,0.0,0.0,True,False,1.0,False,False,False
2020-07-05T16:00:00+08:00,265.61,-17.1,1.8,0.0,0.0,True,False,1.0,False,False,False
2020-07-05T17:00:00+08:00,272.8933334,-17.2,2.1,0.0,0.0,True,False,1.0,False,False,False
2020-07-05T18:00:00+08:00,275.0833334,-17.5,2.7,0.0,0.0,True,False,1.0,False,False,False
2020-07-05T19:00:00+08:00,252.1566666,-17.2,1.9,0.0,0.0,True,False,1.0,False,False,False
2020-07-05T20:00:00+08:00,242.4866667,-17.6,0.0,0.0,0.0,True,False,1.0,False,False,False
2020-07-05T21:00:00+08:00,244.6966667,-18.6,0.1,0.0,0.0,True,False,1.0,False,False,False
2020-07-05T22:00:00+08:00,253.3033334,-18.9,0.7,0.0,0.0,True,False,1.0,False,False,False
2020-07-05T23:00:00+08:00,246.33,-19.9,1.0,0.0,0.0,True,False,1.0,False,False,False
2020-07-06T00:00:00+08:00,241.5533333,-20.6,1.0,0.0,0.0,True,False,1.0,False,False,False
2020-07-06T01:00:00+08:00,241.7133333,-21.4,0.7,0.0,0.0,True,False,1.0,False,False,False
2020-07-06T02:00:00+08:00,236.7933333,-21.8,0.4,0.0,0.0,True,False,1.0,False,False,False
2020-07-06T03:00:00+08:00,241.5266667,-23.9,1.6,0.0,0.0,True,False,1.0,False,False,False
2020-07-06T04:00:00+08:00,244.8266667,-24.4,0.6,0.0,0.0,True,False,1.0,False,False,False
2020-07-06T05:00:00+08:00,247.4566667,-25.1,0.4,0.0,0.0,True,False,1.0,False,False,False
2020-07-06T06:00:00+08:00,251.76,-26.6,0.6,0.0,0.0,True,False,1.0,False,False,False
2020-07-06T07:00:00+08:00,252.9266667,-27.5,1.5,0.0,0.0007,True,False,1.0,False,False,False
2020-07-06T08:00:00+08:00,290.345,-27.9,1.6,0.0,0.0007,True,False,1.0,False,False,False
2020-07-06T09:00:00+08:00,266.81,-31.3,2.4,0.0,0.00035,True,False,1.0,False,False,False
2020-07-06T10:00:00+08:00,254.39,-32.6,3.1,0.01111111111111112,0.0,True,False,1.0,False,False,False
2020-07-06T11:00:00+08:00,259.16,-30.5,3.1,0.01111111111111112,0.0,True,False,1.0,False,False,False
2020-07-06T12:00:00+08:00,266.79,-27.9,1.6,0.0,0.0,True,False,1.0,False,False,False
2020-07-06T13:00:00+08:00,244.7,-26.4,2.6,0.0,0.0,True,False,1.0,False,False,False
2020-07-06T14:00:00+08:00,248.72,-26.0,1.9,0.0,0.0,True,False,1.0,False,False,False
2020-07-06T15:00:00+08:00,240.69,-26.1,3.3,0.03333333333333331,0.0,True,False,1.0,False,False,False
2020-07-06T16:00:00+08:00,234.34,-26.3,5.3,0.25555555555555554,0.0,True,False,1.0,False,False,False
2020-07-06T17:00:00+08:00,237.37,-25.9,4.7,0.1888888888888889,0.0,True,False,1.0,False,False,False
2020-07-06T18:00:00+08:00,261.65,-26.2,3.9,0.09999999999999999,0.0,True,False,1.0,False,False,False
2020-07-06T19:00:00+08:00,246.66,-25.4,3.7,0.07777777777777779,0.0,True,False,1.0,False,False,False
2020-07-06T20:00:00+08:00,241.47,-26.6,2.1,0.0,0.0,True,False,1.0,False,False,False
2020-07-06T21:00:00+08:00,245.28,-26.5,2.0,0.0,0.0,True,False,1.0,False,False,False
2020-07-06T22:00:00+08:00,232.9,-27.2,4.0,0.1111111111111111,0.0,True,False,1.0,False,False,False
2020-07-06T23:00:00+08:00,233.9,-24.7,3.5,0.05555555555555555,0.0,True,False,1.0,False,False,False
2020-07-07T00:00:00+08:00,241.08,-23.4,5.5,0.2777777777777778,0.0,True,False,1.0,False,False,False
2020-07-07T01:00:00+08:00,233.86,-22.9,6.6,0.39999999999999997,0.0,True,False,1.0,False,False,False
2020-07-07T02:00:00+08:00,230.93,-22.0,6.4,0.3777777777777778,0.0,True,False,1.0,False,False,False
2020-07-07T03:00:00+08:00,245.28,-22.0,5.1,0.23333333333333328,0.0,True,False,1.0,False,False,False
2020-07-07T04:00:00+08:00,258.74,-21.1,6.7,0.41111111111111115,0.0,True,False,1.0,False,False,False
2020-07-07T05:00:00+08:00,244.86,-20.4,4.7,0.1888888888888889,0.0,True,False,1.0,False,False,False
2020-07-07T06:00:00+08:00,246.87,-19.8,3.3,0.03333333333333331,0.0,True,False,1.0,False,False,False
2020-07-07T07:00:00+08:00,240.74,-19.6,2.8,0.0,0.0,True,False,1.0,False,False,False
2020-07-07T08:00:00+08:00,246.93,-19.7,1.7,0.0,0.0,True,False,1.0,False,False,False
2020-07-07T09:00:00+08:00,244.5,-19.8,1.2,0.0,0.0,True,False,1.0,False,False,False
2020-07-07T10:00:00+08:00,245.48,-19.7,2.1,0.0,0.0,True,False,1.0,False,False,False
2020-07-07T11:00:00+08:00,245.97,-19.3,2.4,0.0,0.0,True,False,1.0,False,False,False
2020-07-07T12:00:00+08:00,259.18,-19.5,3.3,0.03333333333333331,0.0,True,False,1.0,False,False,False
2020-07-07T13:00:00+08:00,251.06,-19.4,4.1,0.12222222222222218,0.0,True,False,1.0,False,False,False
2020-07-07T14:00:00+08:00,252.47,-18.9,4.1,0.12222222222222218,0.0,True,False,1.0,False,False,False
2020-07-07T15:00:00+08:00,251.4,-17.8,5.3,0.25555555555555554,0.0,True,False,1.0,False,False,False
2020-07-07T16:00:00+08:00,252.78,-17.2,4.0,0.1111111111111111,0.0,True,False,1.0,False,False,False
2020-07-07T17:00:00+08:00,245.5,-16.2,2.1,0.0,0.0,True,False,1.0,False,False,False
2020-07-07T18:00:00+08:00,245.47,-15.5,1.2,0.0,0.0,True,False,1.0,False,False,False
2020-07-07T19:00:00+08:00,242.7333333,-14.7,1.8,0.0,0.0,True,False,1.0,False,False,False
2020-07-07T20:00:00+08:00,246.5733333,-12.5,6.2,0.35555555555555557,0.0,True,False,1.0,False,False,False
2020-07-07T21:00:00+08:00,247.58,-12.4,5.5,0.2777777777777778,0.0,True,False,1.0,False,False,False
2020-07-07T22:00:00+08:00,246.8933333,-12.2,7.4,0.48888888888888893,0.0,True,False,1.0,False,False,False
2020-07-07T23:00:00+08:00,248.8733333,-11.9,8.5,0.6111111111111112,0.0,True,False,1.0,False,False,False
2020-07-08T00:00:00+08:00,250.1666667,-11.6,7.3,0.47777777777777775,0.0,True,False,1.0,False,False,False
2020-07-08T01:00:00+08:00,248.5033334,-11.7,7.8,0.5333333333333333,0.0,True,False,1.0,False,False,False
2020-07-08T02:00:00+08:00,237.01,-11.8,6.8,0.4222222222222222,0.0,True,False,1.0,False,False,False
2020-07-08T03:00:00+08:00,237.06,-12.2,6.8,0.4222222222222222,0.0,True,False,1.0,False,False,False
2020-07-08T04:00:00+08:00,233.71,-13.0,3.5,0.05555555555555555,0.0,True,False,1.0,False,False,False
2020-07-08T05:00:00+08:00,235.62,-13.0,3.3,0.03333333333333331,0.0,True,False,1.0,False,False,False
2020-07-08T06:00:00+08:00,235.0533333,-12.9,4.3,0.14444444444444443,0.0,True,False,1.0,False,False,False
2020-07-08T07:00:00+08:00,230.5666667,-12.8,4.5,0.16666666666666666,0.0,True,False,1.0,False,False,False
2020-07-08T08:00:00+08:00,245.3933333,-12.6,5.2,0.24444444444444446,0.0,True,False,1.0,False,False,False
2020-07-08T09:00:00+08:00,251.9166666,-12.9,3.7,0.07777777777777779,0.0,True,False,1.0,False,False,False
2020-07-08T10:00:00+08:00,267.4333334,-13.3,4.7,0.1888888888888889,0.0,True,False,1.0,False,False,False
2020-07-08T11:00:00+08:00,273.4083333,-13.7,4.1,0.12222222222222218,0.0,True,False,1.0,False,False,False
2020-07-08T12:00:00+08:00,263.42,-13.5,5.3,0.25555555555555554,0.0,True,False,1.0,False,False,False
2020-07-08T13:00:00+08:00,241.29,-14.5,2.3,0.0,0.0,True,False,1.0,False,False,False
2020-07-08T14:00:00+08:00,248.27,-15.3,1.3,0.0,0.0,True,False,1.0,False,False,False
2020-07-08T15:00:00+08:00,248.92,-15.6,1.5,0.0,0.0,True,False,1.0,False,False,False
2020-07-08T16:00:00+08:00,247.74,-14.9,1.3,0.0,0.0,True,False,1.0,False,False,False
2020-07-08T17:00:00+08:00,266.99,-11.5,7.8,0.5333333333333333,0.0,True,False,1.0,False,False,False
2020-07-08T18:00:00+08:00,264.7,-11.9,9.8,0.7555555555555556,0.0,True,False,1.0,False,False,False
2020-07-08T19:00:00+08:00,247.44,-12.7,11.1,0.8999999999999999,0.0,True,False,1.0,False,False,False
2020-07-08T20:00:00+08:00,241.41,-14.9,11.3,0.9222222222222223,0.0,True,False,1.0,False,False,False
2020-07-08T21:00:00+08:00,243.79,-14.9,9.9,0.7666666666666667,0.0,True,False,1.0,False,False,False
2020-07-08T22:00:00+08:00,234.11,-14.8,9.9,0.7666666666666667,0.0,True,False,1.0,False,False,False
2020-07-08T23:00:00+08:00,232.93,-14.1,8.2,0.5777777777777777,0.0,True,False,1.0,False,False,False
2020-07-09T00:00:00+08:00,235.92,-16.9,3.7,0.07777777777777779,0.0,True,False,1.0,False,False,False
2020-07-09T01:00:00+08:00,235.01,-18.4,2.3,0.0,0.0,True,False,1.0,False,False,False
2020-07-09T02:00:00+08:00,239.06,-17.6,2.3,0.0,0.0,True,False,1.0,False,False,False
2020-07-09T03:00:00+08:00,235.99,-14.4,11.5,0.9444444444444444,0.0,True,False,1.0,False,False,False
2020-07-09T04:00:00+08:00,231.74,-13.5,11.5,0.9444444444444444,0.0,True,False,1.0,False,False,False
2020-07-09T05:00:00+08:00,233.09,-13.7,13.0,1.0,0.0,True,False,1.0,False,False,False
2020-07-09T06:00:00+08:00,232.69,-13.8,14.1,1.0,0.0,True,False,1.0,False,False,False
2020-07-09T07:00:00+08:00,242.87,-13.4,14.6,1.0,0.0,True,False,1.0,False,False,False
2020-07-09T08:00:00+08:00,267.49,-12.2,14.0,1.0,0.0,True,False,1.0,False,False,False
2020-07-09T09:00:00+08:00,244.07,-11.2,15.4,1.0,0.0,False,True,0.5,True,True,False
2020-07-09T10:00:00+08:00,239.75,-10.6,14.6,1.0,0.0,True,True,0.5,True,False,False
2020-07-09T11:00:00+08:00,249.48,-10.3,15.7,1.0,0.0,False,True,0.5,True,True,False
2020-07-09T12:00:00+08:00,278.68,-9.6,14.5,1.0,0.0,True,True,0.5,True,False,False
2020-07-09T13:00:00+08:00,271.23,-9.0,11.9,0.9888888888888889,0.0,True,True,0.5,True,False,False
2020-07-09T14:00:00+08:00,260.49,-8.1,14.1,1.0,0.0,True,True,0.5,True,False,False
2020-07-09T15:00:00+08:00,264.64,-7.7,16.4,1.0,0.0,False,True,0.5,True,True,False
2020-07-09T16:00:00+08:00,274.06,-6.7,13.3,1.0,0.0,True,True,0.5,True,False,False
2020-07-09T17:00:00+08:00,277.92,-5.1,11.9,0.9888888888888889,0.0,True,True,0.5,True,False,False
2020-07-09T18:00:00+08:00,263.58,-4.7,12.7,1.0,0.0,True,True,0.5,True,False,False
2020-07-09T19:00:00+08:00,249.56,-5.0,14.8,1.0,0.0,True,True,0.5,True,False,False
2020-07-09T20:00:00+08:00,256.51,-4.8,15.1,1.0,0.0,False,True,0.5,True,True,False
2020-07-09T21:00:00+08:00,252.12,-4.7,14.0,1.0,0.0,True,True,0.5,True,False,False
2020-07-09T22:00:00+08:00,241.47,-5.2,13.7,1.0,0.0,True,True,0.5,True,False,False
2020-07-09T23:00:00+08:00,244.4233334,-5.3,8.7,0.6333333333333333,0.0,True,True,0.5,True,False,False
2020-07-10T00:00:00+08:00,240.3966666,-5.3,5.6,0.28888888888888886,0.0,True,True,0.5,True,False,False
2020-07-10T01:00:00+08:00,234.7866667,-4.9,12.8,1.0,0.0,True,True,0.5,True,False,False
2020-07-10T02:00:00+08:00,242.22,-4.5,12.4,1.0,0.0,True,True,0.5,True,False,False
2020-07-10T03:00:00+08:00,245.79,-4.4,14.0,1.0,0.0,True,True,0.5,True,False,False
2020-07-10T04:00:00+08:00,243.5266667,-4.2,14.2,1.0,0.0,True,True,0.5,True,False,False
2020-07-10T05:00:00+08:00,249.0933333,-4.1,15.3,1.0,0.0,False,True,0.5,True,True,False
2020-07-10T06:00:00+08:00,248.7,-3.8,14.7,1.0,0.0,True,True,0.5,True,False,False
2020-07-10T07:00:00+08:00,264.5066667,-3.9,8.8,0.6444444444444445,0.0,True,True,0.5,True,False,False
2020-07-10T08:00:00+08:00,261.7333334,-3.9,7.2,0.4666666666666667,0.0,True,True,0.5,True,False,False
2020-07-10T09:00:00+08:00,258.8533334,-3.7,6.2,0.35555555555555557,0.0,True,True,0.5,True,False,False
2020-07-10T10:00:00+08:00,257.7466667,-3.3,7.1,0.4555555555555555,0.0,True,True,0.5,True,False,False
2020-07-10T11:00:00+08:00,261.2433333,-3.5,2.8,0.0,0.0,True,True,0.5,True,False,False
2020-07-10T12:00:00+08:00,274.52,-3.4,1.4,0.0,0.0,True,True,0.5,True,False,False
2020-07-10T13:00:00+08:00,264.31,-3.6,4.4,0.15555555555555559,0.0,True,True,0.5,True,False,False
2020-07-10T14:00:00+08:00,260.28,-3.6,5.2,0.24444444444444446,0.0,True,True,0.5,True,False,False
2020-07-10T15:00:00+08:00,260.81,-3.6,5.0,0.2222222222222222,0.0,True,True,0.5,True,False,False
2020-07-10T16:00:00+08:00,262.81,-3.5,1.3,0.0,0.0,True,True,0.5,True,False,False
2020-07-10T17:00:00+08:00,269.51,-3.2,5.3,0.25555555555555554,0.0,True,True,0.5,True,False,False
2020-07-10T18:00:00+08:00,263.28,-3.3,8.2,0.5777777777777777,0.0,True,False,1.0,False,False,False
2020-07-10T19:00:00+08:00,266.97,-3.3,6.4,0.3777777777777778,0.0,True,False,1.0,False,False,False
2020-07-10T20:00:00+08:00,283.21,-3.4,7.2,0.4666666666666667,0.0,True,False,1.0,False,False,False
2020-07-10T21:00:00+08:00,270.72,-3.8,5.9,0.32222222222222224,0.0,True,False,1.0,False,False,False
2020-07-10T22:00:00+08:00,251.29,-3.8,7.4,0.48888888888888893,0.0,True,False,1.0,False,False,False
2020-07-10T23:00:00+08:00,252.27,-4.1,7.4,0.48888888888888893,0.0,True,False,1.0,False,False,False
2020-07-11T00:00:00+08:00,244.3,-5.0,15.5,1.0,0.0,False,True,0.5,True,True,False
2020-07-11T01:00:00+08:00,241.71,-5.0,13.3,1.0,0.0,True,True,0.5,True,False,False
2020-07-11T02:00:00+08:00,253.02,-5.2,9.1,0.6777777777777777,0.0,True,True,0.5,True,False,False
2020-07-11T03:00:00+08:00,254.02,-5.4,8.2,0.5777777777777777,0.0,True,True,0.5,True,False,False
2020-07-11T04:00:00+08:00,247.89,-5.2,11.0,0.8888888888888888,0.0,True,True,0.5,True,False,False
2020-07-11T05:00:00+08:00,243.93,-5.1,9.6,0.7333333333333333,0.0,True,True,0.5,True,False,False
2020-07-11T06:00:00+08:00,236.35,-5.6,8.3,0.588888888888889,0.0,True,True,0.5,True,False,False
2020-07-11T07:00:00+08:00,249.7,-5.8,12.7,1.0,0.0007,True,True,0.5,True,False,False
2020-07-11T08:00:00+08:00,269.81,-6.1,9.9,0.7666666666666667,0.0007,True,True,0.5,True,False,False
2020-07-11T09:00:00+08:00,246.82,-5.6,11.3,0.9222222222222223,0.0,True,True,0.5,True,False,False
2020-07-11T10:00:00+08:00,256.79,-6.1,13.8,1.0,0.0,True,True,0.5,True,False,False
2020-07-11T11:00:00+08:00,263.62,-6.0,12.8,1.0,0.0,True,True,0.5,True,False,False
2020-07-11T12:00:00+08:00,271.85,-6.2,14.1,1.0,0.0,True,True,0.5,True,False,False
2020-07-11T13:00:00+08:00,261.58,-7.3,14.7,1.0,0.0,True,False,1.0,False,False,False
2020-07-11T14:00:00+08:00,258.52,-7.6,14.6,1.0,0.0,True,False,1.0,False,False,False
2020-07-11T15:00:00+08:00,245.38,-8.3,15.0,1.0,0.0,False,True,0.5,True,True,False
2020-07-11T16:00:00+08:00,252.27,-8.8,14.7,1.0,0.0,True,True,0.5,True,False,False
2020-07-11T17:00:00+08:00,249.46,-9.3,16.0,1.0,0.0,False,True,0.5,True,True,False
2020-07-11T18:00:00+08:00,269.85,-9.8,16.0,1.0,0.0,False,True,0.5,True,True,False
2020-07-11T19:00:00+08:00,256.17,-10.0,15.6,1.0,0.0,False,True,0.5,True,True,False
2020-07-11T20:00:00+08:00,265.68,-10.5,17.5,1.0,0.0,False,True,0.5,True,True,False
2020-07-11T21:00:00+08:00,243.47,-10.4,14.6,1.0,0.0,True,True,0.5,True,False,False
2020-07-11T22:00:00+08:00,262.63,-10.1,15.6,1.0,0.0,False,True,0.5,True,True,False
2020-07-11T23:00:00+08:00,254.2533333,-9.1,15.5,1.0,0.0,False,True,0.5,True,True,False
2020-07-12T00:00:00+08:00,259.51,-9.4,13.6,1.0,0.0,True,True,0.5,True,False,False
2020-07-12T01:00:00+08:00,240.5833334,-9.7,9.8,0.7555555555555556,0.0,True,True,0.5,True,False,False
2020-07-12T02:00:00+08:00,235.0166667,-9.2,11.0,0.8888888888888888,0.0,True,True,0.5,True,False,False
2020-07-12T03:00:00+08:00,238.2033333,-9.4,11.3,0.9222222222222223,0.0,True,True,0.5,True,False,False
2020-07-12T04:00:00+08:00,236.7033333,-9.2,11.0,0.8888888888888888,0.0,True,True,0.5,True,False,False
2020-07-12T05:00:00+08:00,242.4,-9.1,10.4,0.8222222222222223,0.0,True,True,0.5,True,False,False
2020-07-12T06:00:00+08:00,243.8733333,-8.5,11.8,0.9777777777777779,0.0007,True,True,0.5,True,False,False
2020-07-12T07:00:00+08:00,240.7166667,-9.9,10.8,0.8666666666666667,0.0014,True,True,0.5,True,False,False
2020-07-12T08:00:00+08:00,265.79,-8.9,13.1,1.0,0.0014,True,True,0.5,True,False,False
2020-07-12T09:00:00+08:00,248.3066667,-9.0,7.8,0.5333333333333333,0.0007,True,True,0.5,True,False,False
2020-07-12T10:00:00+08:00,245.3233334,-10.9,12.5,1.0,0.0,True,True,0.5,True,False,False
2020-07-12T11:00:00+08:00,258.1133333,-10.5,9.1,0.6777777777777777,0.0,True,True,0.5,True,False,False
2020-07-12T12:00:00+08:00,271.0033334,-11.2,1.5,0.0,0.0,True,False,1.0,False,False,False
2020-07-12T13:00:00+08:00,243.4,-12.1,5.2,0.24444444444444446,0.0,True,False,1.0,False,False,False
2020-07-12T14:00:00+08:00,242.42,-13.0,16.0,1.0,0.0,False,True,0.5,True,True,False
2020-07-12T15:00:00+08:00,249.1233333,-12.0,11.4,0.9333333333333333,0.0,True,True,0.5,True,False,False
2020-07-12T16:00:00+08:00,249.115,-12.6,12.6,1.0,0.0,True,True,0.5,True,False,False
2020-07-12T17:00:00+08:00,253.88,-11.4,13.4,1.0,0.0,True,True,0.5,True,False,False
2020-07-12T18:00:00+08:00,259.28,-11.6,10.9,0.8777777777777778,0.0,True,True,0.5,True,False,False
2020-07-12T19:00:00+08:00,249.14,-10.7,15.6,1.0,0.0,False,True,0.5,True,True,False
2020-07-12T20:00:00+08:00,242.54,-12.4,18.3,1.0,0.0,False,True,0.5,True,True,False
2020-07-12T21:00:00+08:00,239.08,-12.4,20.5,1.0,0.0,False,True,0.5,True,True,False
2020-07-12T22:00:00+08:00,256.95,-11.8,17.4,1.0,0.0,False,True,0.5,True,True,False
2020-07-12T23:00:00+08:00,240.07,-11.7,14.2,1.0,0.0,True,True,0.5,True,False,False
2020-07-13T00:00:00+08:00,240.97,-10.9,13.3,1.0,0.0,True,True,0.5,True,False,False
2020-07-13T01:00:00+08:00,261.86,-12.2,14.3,1.0,0.0,True,True,0.5,True,False,False
2020-07-13T02:00:00+08:00,244.99,-12.0,14.1,1.0,0.0,True,True,0.5,True,False,False
2020-07-13T03:00:00+08:00,236.53,-12.8,14.6,1.0,0.0,True,True,0.5,True,False,False
2020-07-13T04:00:00+08:00,240.66,-12.7,16.2,1.0,0.0,False,True,0.5,True,True,False
2020-07-13T05:00:00+08:00,258.65,-13.4,13.9,1.0,0.0,True,True,0.5,True,False,False
2020-07-13T06:00:00+08:00,263.6,-13.8,18.3,1.0,0.0007,False,True,0.5,True,True,False
2020-07-13T07:00:00+08:00,260.6,-14.1,18.0,1.0,0.0007,False,True,0.5,True,True,False
2020-07-13T08:00:00+08:00,256.86,-14.5,18.0,1.0,0.0007,False,True,0.5,True,True,False
2020-07-13T09:00:00+08:00,260.79,-14.4,17.5,1.0,0.0,False,True,0.5,True,True,False
2020-07-13T10:00:00+08:00,270.04,-14.1,16.4,1.0,0.0,False,True,0.5,True,True,False
2020-07-13T11:00:00+08:00,260.91,-14.4,15.1,1.0,0.0,False,True,0.5,True,True,False
2020-07-13T12:00:00+08:00,247.67,-14.3,12.8,1.0,0.0,True,True,0.5,True,False,False
2020-07-13T13:00:00+08:00,253.06,-15.5,18.8,1.0,0.0,False,True,0.5,True,True,False
2020-07-13T14:00:00+08:00,249.89,-14.5,16.0,1.0,0.0,False,True,0.5,True,True,False
2020-07-13T15:00:00+08:00,248.01,-14.9,18.0,1.0,0.0,False,True,0.5,True,True,False
2020-07-13T16:00:00+08:00,248.93,-14.0,16.4,1.0,0.0,False,True,0.5,True,True,False
2020-07-13T17:00:00+08:00,249.03,-14.2,15.9,1.0,0.0,False,True,0.5,True,True,False
2020-07-13T18:00:00+08:00,273.54,-14.1,14.2,1.0,0.0,True,True,0.5,True,False,False
2020-07-13T19:00:00+08:00,258.84,-14.1,14.0,1.0,0.0,True,True,0.5,True,False,False
2020-07-13T20:00:00+08:00,249.56,-14.1,14.2,1.0,0.0,True,True,0.5,True,False,False
2020-07-13T21:00:00+08:00,250.39,-15.3,18.0,1.0,0.0,False,True,0.5,True,True,False
2020-07-13T22:00:00+08:00,247.45,-13.7,10.8,0.8666666666666667,0.0,True,True,0.5,True,False,False
2020-07-13T23:00:00+08:00,265.91,-14.3,14.8,1.0,0.0,True,True,0.5,True,False,False
2020-07-14T00:00:00+08:00,265.29,-14.2,16.6,1.0,0.0,False,True,0.5,True,True,False
2020-07-14T01:00:00+08:00,256.5616667,-13.6,13.4,1.0,0.0,True,True,0.5,True,False,False
2020-07-14T02:00:00+08:00,250.2833333,-13.9,15.0,1.0,0.0,False,True,0.5,True,True,False
2020-07-14T03:00:00+08:00,247.5866667,-13.9,13.8,1.0,0.0,True,True,0.5,True,False,False
2020-07-14T04:00:00+08:00,240.69,-12.9,11.9,0.9888888888888889,0.0,True,True,0.5,True,False,False
2020-07-14T05:00:00+08:00,242.2333334,-12.9,11.3,0.9222222222222223,0.0,True,True,0.5,True,False,False
2020-07-14T06:00:00+08:00,246.0833333,-12.5,14.2,1.0,0.0007,True,True,0.5,True,False,False
2020-07-14T07:00:00+08:00,241.5966666,-12.9,15.5,1.0,0.0014,False,True,0.5,True,True,False
2020-07-14T08:00:00+08:00,263.7433334,-13.1,15.2,1.0,0.0014,False,True,0.5,True,True,False
2020-07-14T09:00:00+08:00,248.68,-13.2,16.2,1.0,0.0007,False,True,0.5,True,True,False
2020-07-14T10:00:00+08:00,251.07,-13.3,14.4,1.0,0.0,True,True,0.5,True,False,False
2020-07-14T11:00:00+08:00,283.4066667,-12.9,12.1,1.0,0.0,True,True,0.5,True,False,False
2020-07-14T12:00:00+08:00,298.3866666,-12.6,10.9,0.8777777777777778,0.0,True,True,0.5,True,False,False
2020-07-14T13:00:00+08:00,269.7366666,-13.1,7.5,0.5,0.0,True,True,0.5,True,False,False
2020-07-14T14:00:00+08:00,269.24,-12.9,5.3,0.25555555555555554,0.0,True,True,0.5,True,False,False
2020-07-14T15:00:00+08:00,257.9533334,-13.5,4.7,0.1888888888888889,0.0,True,True,0.5,True,False,False
2020-07-14T16:00:00+08:00,278.3966667,-12.9,4.9,0.21111111111111114,0.0,True,True,0.5,True,False,False
2020-07-14T17:00:00+08:00,282.87,-10.9,4.8,0.19999999999999998,0.0,True,True,0.5,True,False,False
2020-07-14T18:00:00+08:00,279.8966667,-9.1,6.5,0.3888888888888889,0.0,True,True,0.5,True,False,False
2020-07-14T19:00:00+08:00,276.12,-8.3,6.5,0.3888888888888889,0.0,True,True,0.5,True,False,False
2020-07-14T20:00:00+08:00,274.64,-8.6,5.1,0.23333333333333328,0.0,True,True,0.5,True,False,False
2020-07-14T21:00:00+08:00,275.79,-8.1,8.9,0.6555555555555556,0.0,True,True,0.5,True,False,False
2020-07-14T22:00:00+08:00,269.83,-8.0,8.8,0.6444444444444445,0.0,True,False,1.0,False,False,False
2020-07-14T23:00:00+08:00,262.61,-7.7,9.7,0.7444444444444444,0.0,True,False,1.0,False,False,False
2020-07-15T00:00:00+08:00,266.66,-8.3,6.1,0.3444444444444444,0.0,True,False,1.0,False,False,False
2020-07-15T01:00:00+08:00,271.5,-8.7,8.2,0.5777777777777777,0.0,True,False,1.0,False,False,False
2020-07-15T02:00:00+08:00,273.6,-8.5,8.2,0.5777777777777777,0.0,True,False,1.0,False,False,False
2020-07-15T03:00:00+08:00,272.22,-8.2,9.1,0.6777777777777777,0.0,True,False,1.0,False,False,False
2020-07-15T04:00:00+08:00,273.12,-8.2,8.6,0.6222222222222222,0.0,True,False,1.0,False,False,False
2020-07-15T05:00:00+08:00,279.16,-7.3,11.0,0.8888888888888888,0.0,True,False,1.0,False,False,False
2020-07-15T06:00:00+08:00,274.74,-7.1,9.9,0.7666666666666667,0.0,True,False,1.0,False,False,False
2020-07-15T07:00:00+08:00,266.9,-6.8,10.6,0.8444444444444444,0.0,True,False,1.0,False,False,False
2020-07-15T08:00:00+08:00,275.54,-6.7,7.6,0.5111111111111111,0.0007,True,False,1.0,False,False,False
2020-07-15T09:00:00+08:00,252.89,-5.7,12.9,1.0,0.0,True,False,1.0,False,False,False
2020-07-15T10:00:00+08:00,286.74,-5.8,10.9,0.8777777777777778,0.0,True,False,1.0,False,False,False
2020-07-15T11:00:00+08:00,291.775,-6.0,10.1,0.7888888888888889,0.0,True,False,1.0,False,False,False
2020-07-15T12:00:00+08:00,300.48,-5.8,13.1,1.0,0.0,True,False,1.0,False,False,False
2020-07-15T13:00:00+08:00,272.5,-6.0,7.4,0.48888888888888893,0.0,True,False,1.0,False,False,False
2020-07-15T14:00:00+08:00,274.74,-6.3,10.4,0.8222222222222223,0.0,True,False,1.0,False,False,False
2020-07-15T15:00:00+08:00,279.74,-6.3,13.0,1.0,0.0,True,False,1.0,False,False,False
2020-07-15T16:00:00+08:00,270.45,-6.3,8.9,0.6555555555555556,0.0,True,False,1.0,False,False,False
2020-07-15T17:00:00+08:00,282.43,-5.4,17.6,1.0,0.0,False,True,0.5,True,True,False
2020-07-15T18:00:00+08:00,284.01,-5.3,14.9,1.0,0.0,True,True,0.5,True,False,False
2020-07-15T19:00:00+08:00,274.29,-5.3,11.4,0.9333333333333333,0.0,True,True,0.5,True,False,False
2020-07-15T20:00:00+08:00,272.52,-4.7,12.7,1.0,0.0,True,True,0.5,True,False,False
2020-07-15T21:00:00+08:00,275.89,-4.3,12.9,1.0,0.0,True,True,0.5,True,False,False
2020-07-15T22:00:00+08:00,267.87,-4.3,12.9,1.0,0.0,True,True,0.5,True,False,False
2020-07-15T23:00:00+08:00,266.0,-3.8,11.1,0.8999999999999999,0.0,True,True,0.5,True,False,False
2020-07-16T00:00:00+08:00,271.7,-3.8,14.0,1.0,0.0,True,True,0.5,True,False,False
2020-07-16T01:00:00+08:00,263.79,-3.5,12.0,1.0,0.0,True,True,0.5,True,False,False
2020-07-16T02:00:00+08:00,260.91,-3.5,9.9,0.7666666666666667,0.0,True,True,0.5,True,False,False
2020-07-16T03:00:00+08:00,254.4233333,-2.9,11.8,0.9777777777777779,0.0,True,True,0.5,True,False,False
2020-07-16T04:00:00+08:00,262.13,-2.4,13.9,1.0,0.0,True,True,0.5,True,False,False
2020-07-16T05:00:00+08:00,260.38,-2.6,15.5,1.0,0.0,False,True,0.5,True,True,False
2020-07-16T06:00:00+08:00,262.7533334,-2.1,16.3,1.0,0.0,False,True,0.5,True,True,False
2020-07-16T07:00:00+08:00,266.6333333,-2.4,15.9,1.0,0.0,False,True,0.5,True,True,False
2020-07-16T08:00:00+08:00,278.83,-2.4,10.9,0.8777777777777778,0.0007,True,True,0.5,True,False,False
2020-07-16T09:00:00+08:00,269.58,-1.9,14.4,1.0,0.0,True,True,0.5,True,False,False
2020-07-16T10:00:00+08:00,272.6,-2.1,13.3,1.0,0.0,True,True,0.5,True,False,False
2020-07-16T11:00:00+08:00,271.4966667,-2.0,17.7,1.0,0.0,False,True,0.5,True,True,False
2020-07-16T12:00:00+08:00,303.6,-3.1,17.6,1.0,0.0,False,True,0.5,True,True,False
2020-07-16T13:00:00+08:00,278.3233334,-2.9,17.8,1.0,0.0,False,True,0.5,True,True,False
2020-07-16T14:00:00+08:00,277.0133333,-3.1,15.3,1.0,0.0,False,True,0.5,True,True,False
2020-07-16T15:00:00+08:00,273.27,-3.3,12.3,1.0,0.0,True,True,0.5,True,False,False
2020-07-16T16:00:00+08:00,272.8333334,-3.0,14.4,1.0,0.0,True,True,0.5,True,False,False
2020-07-16T17:00:00+08:00,289.0833333,-3.0,14.1,1.0,0.0,True,True,0.5,True,False,False
2020-07-16T18:00:00+08:00,304.82,-3.2,14.2,1.0,0.0,True,True,0.5,True,False,False
2020-07-16T19:00:00+08:00,271.28,-3.4,12.9,1.0,0.0,True,True,0.5,True,False,False
2020-07-16T20:00:00+08:00,271.5,-3.9,11.3,0.9222222222222223,0.0,True,True,0.5,True,False,False
2020-07-16T21:00:00+08:00,278.81,-3.8,13.1,1.0,0.0,True,True,0.5,True,False,False
2020-07-16T22:00:00+08:00,283.68,-4.2,11.8,0.9777777777777779,0.0,True,True,0.5,True,False,False
2020-07-16T23:00:00+08:00,273.07,-4.7,16.0,1.0,0.0,False,True,0.5,True,True,False
2020-07-17T00:00:00+08:00,266.39,-4.7,15.8,1.0,0.0,False,True,0.5,True,True,False
2020-07-17T01:00:00+08:00,258.49,-4.8,16.1,1.0,0.0,False,True,0.5,True,True,False
2020-07-17T02:00:00+08:00,254.29,-4.9,16.2,1.0,0.0,False,True,0.5,True,True,False
2020-07-17T03:00:00+08:00,267.77,-5.0,17.4,1.0,0.0,False,True,0.5,True,True,False
2020-07-17T04:00:00+08:00,266.61,-5.4,16.4,1.0,0.0,False,True,0.5,True,True,False
2020-07-17T05:00:00+08:00,261.15,-5.9,16.5,1.0,0.0,False,True,0.5,True,True,False
2020-07-17T06:00:00+08:00,262.62,-9.2,5.9,0.32222222222222224,0.0,True,True,0.5,True,False,False
2020-07-17T07:00:00+08:00,266.32,-12.1,3.3,0.03333333333333331,0.0007,True,True,0.5,True,False,False
2020-07-17T08:00:00+08:00,252.81,-13.5,2.3,0.0,0.0007,True,True,0.5,True,False,False
2020-07-17T09:00:00+08:00,262.81,-13.6,1.9,0.0,0.0007,True,True,0.5,True,False,False
2020-07-17T10:00:00+08:00,260.66,-13.5,1.3,0.0,0.0,True,True,0.5,True,False,False
2020-07-17T11:00:00+08:00,263.98,-13.4,0.9,0.0,0.0,True,True,0.5,True,False,False
2020-07-17T12:00:00+08:00,277.03,-12.9,1.2,0.0,0.0,True,True,0.5,True,False,False
2020-07-17T13:00:00+08:00,255.96,-11.2,3.6,0.06666666666666668,0.0,True,True,0.5,True,False,False
2020-07-17T14:00:00+08:00,243.7,-8.1,4.7,0.1888888888888889,0.0,True,True,0.5,True,False,False
2020-07-17T15:00:00+08:00,247.43,-7.4,5.5,0.2777777777777778,0.0,True,True,0.5,True,False,False
2020-07-17T16:00:00+08:00,252.04,-7.2,6.3,0.36666666666666664,0.0,True,True,0.5,True,False,False
2020-07-17T17:00:00+08:00,269.68,-7.4,4.4,0.15555555555555559,0.0,True,True,0.5,True,False,False
2020-07-17T18:00:00+08:00,278.89,-7.5,4.4,0.15555555555555559,0.0,True,False,1.0,False,False,False
2020-07-17T19:00:00+08:00,270.84,-7.6,4.0,0.1111111111111111,0.0,True,False,1.0,False,False,False
2020-07-17T20:00:00+08:00,260.44,-7.4,3.7,0.07777777777777779,0.0,True,False,1.0,False,False,False
2020-07-17T21:00:00+08:00,257.39,-7.4,3.1,0.01111111111111112,0.0,True,False,1.0,False,False,False
2020-07-17T22:00:00+08:00,261.59,-7.4,2.8,0.0,0.0,True,False,1.0,False,False,False
2020-07-17T23:00:00+08:00,269.95,-7.7,2.0,0.0,0.0,True,False,1.0,False,False,False
2020-07-18T00:00:00+08:00,275.16,-7.4,2.5,0.0,0.0,True,False,1.0,False,False,False
2020-07-18T01:00:00+08:00,246.54,-7.4,3.8,0.08888888888888886,0.0,True,False,1.0,False,False,False
2020-07-18T02:00:00+08:00,250.05,-6.9,5.7,0.30000000000000004,0.0,True,False,1.0,False,False,False
2020-07-18T03:00:00+08:00,242.36,-6.9,6.0,0.3333333333333333,0.0,True,False,1.0,False,False,False
2020-07-18T04:00:00+08:00,238.41,-6.7,4.8,0.19999999999999998,0.0,True,False,1.0,False,False,False
2020-07-18T05:00:00+08:00,247.2,-6.2,4.2,0.13333333333333336,0.0,True,False,1.0,False,False,False
2020-07-18T06:00:00+08:00,256.8483333,-6.3,1.0,0.0,0.0,True,False,1.0,False,False,False
2020-07-18T07:00:00+08:00,252.0533333,-6.4,2.8,0.0,0.0007,True,False,1.0,False,False,False
2020-07-18T08:00:00+08:00,270.08,-6.1,1.4,0.0,0.0007,True,False,1.0,False,False,False
2020-07-18T09:00:00+08:00,266.1833333,-5.6,3.2,0.02222222222222224,0.0,True,False,1.0,False,False,False
2020-07-18T10:00:00+08:00,249.0,-5.8,1.7,0.0,0.0,True,False,1.0,False,False,False
2020-07-18T11:00:00+08:00,266.74,-5.7,2.3,0.0,0.0,True,False,1.0,False,False,False
2020-07-18T12:00:00+08:00,280.09,-6.9,1.4,0.0,0.0,True,False,1.0,False,False,False
2020-07-18T13:00:00+08:00,254.7,-7.1,1.0,0.0,0.0,True,False,1.0,False,False,False
2020-07-18T14:00:00+08:00,252.38,-6.5,4.8,0.19999999999999998,0.0,True,False,1.0,False,False,False
2020-07-18T15:00:00+08:00,256.3866666,-4.6,5.9,0.32222222222222224,0.0,True,False,1.0,False,False,False
2020-07-18T16:00:00+08:00,253.9666667,-5.2,3.7,0.07777777777777779,0.0,True,False,1.0,False,False,False
2020-07-18T17:00:00+08:00,277.35,-5.2,6.8,0.4222222222222222,0.0,True,False,1.0,False,False,False
2020-07-18T18:00:00+08:00,282.0866667,-5.4,1.9,0.0,0.0,True,False,1.0,False,False,False
2020-07-18T19:00:00+08:00,257.0166666,-5.7,5.2,0.24444444444444446,0.0,True,False,1.0,False,False,False
2020-07-18T20:00:00+08:00,260.4466667,-5.5,1.6,0.0,0.0,True,False,1.0,False,False,False
2020-07-18T21:00:00+08:00,266.3266667,-5.6,2.3,0.0,0.0,True,False,1.0,False,False,False
2020-07-18T22:00:00+08:00,253.27,-6.1,3.0,0.0,0.0,True,False,1.0,False,False,False
2020-07-18T23:00:00+08:00,240.24,-6.3,3.0,0.0,0.0,True,False,1.0,False,False,False
2020-07-19T00:00:00+08:00,244.41,-6.2,1.5,0.0,0.0,True,False,1.0,False,False,False
2020-07-19T01:00:00+08:00,240.88,-6.5,1.8,0.0,0.0,True,False,1.0,False,False,False
2020-07-19T02:00:00+08:00,237.33,-6.6,2.3,0.0,0.0,True,False,1.0,False,False,False
2020-07-19T03:00:00+08:00,241.31,-6.7,2.2,0.0,0.0,True,False,1.0,False,False,False
2020-07-19T04:00:00+08:00,240.65,-6.7,0.8,0.0,0.0,True,False,1.0,False,False,False
2020-07-19T05:00:00+08:00,239.45,-6.6,2.5,0.0,0.0,True,False,1.0,False,False,False
2020-07-19T06:00:00+08:00,251.03,-6.5,1.4,0.0,0.0,True,False,1.0,False,False,False
2020-07-19T07:00:00+08:00,265.02,-6.8,1.9,0.0,0.0007,True,False,1.0,False,False,False
2020-07-19T08:00:00+08:00,277.12,-7.1,4.7,0.1888888888888889,0.0007,True,False,1.0,False,False,False
2020-07-19T09:00:00+08:00,253.73,-8.3,4.8,0.19999999999999998,0.0,True,False,1.0,False,False,False
2020-07-19T10:00:00+08:00,240.64,-9.0,4.8,0.19999999999999998,0.0,True,False,1.0,False,False,False
2020-07-19T11:00:00+08:00,238.51,-8.5,2.7,0.0,0.0,True,False,1.0,False,False,False
2020-07-19T12:00:00+08:00,264.78,-7.9,4.9,0.21111111111111114,0.0,True,False,1.0,False,False,False
2020-07-19T13:00:00+08:00,264.1,-7.4,4.8,0.19999999999999998,0.0,True,False,1.0,False,False,False
2020-07-19T14:00:00+08:00,256.91,-7.5,4.1,0.12222222222222218,0.0,True,False,1.0,False,False,False
2020-07-19T15:00:00+08:00,258.105,-7.7,4.9,0.21111111111111114,0.0,True,False,1.0,False,False,False
2020-07-19T16:00:00+08:00,256.21,-7.3,5.7,0.30000000000000004,0.0,True,False,1.0,False,False,False
2020-07-19T17:00:00+08:00,247.93,-7.8,6.0,0.3333333333333333,0.0,True,False,1.0,False,False,False
2020-07-19T18:00:00+08:00,280.61,-8.1,5.0,0.2222222222222222,0.0,True,False,1.0,False,False,False
2020-07-19T19:00:00+08:00,267.94,-7.6,6.7,0.41111111111111115,0.0,True,False,1.0,False,False,False
2020-07-19T20:00:00+08:00,258.01,-7.2,6.1,0.3444444444444444,0.0,True,False,1.0,False,False,False
2020-07-19T21:00:00+08:00,261.52,-7.0,5.1,0.23333333333333328,0.0,True,False,1.0,False,False,False
2020-07-19T22:00:00+08:00,242.88,-7.3,1.7,0.0,0.0,True,False,1.0,False,False,False
2020-07-19T23:00:00+08:00,249.83,-7.6,2.3,0.0,0.0,True,False,1.0,False,False,False
2020-07-20T00:00:00+08:00,254.29,-8.6,2.6,0.0,0.0,True,False,1.0,False,False,False
2020-07-20T01:00:00+08:00,243.84,-6.8,5.8,0.3111111111111111,0.0,True,False,1.0,False,False,False
2020-07-20T02:00:00+08:00,251.37,-6.5,7.0,0.4444444444444444,0.0,True,False,1.0,False,False,False
2020-07-20T03:00:00+08:00,249.68,-6.6,4.8,0.19999999999999998,0.0,True,False,1.0,False,False,False
2020-07-20T04:00:00+08:00,246.72,-5.9,7.6,0.5111111111111111,0.0,True,False,1.0,False,False,False
2020-07-20T05:00:00+08:00,247.45,-5.8,7.4,0.48888888888888893,0.0,True,False,1.0,False,False,False
2020-07-20T06:00:00+08:00,250.97,-5.1,5.6,0.28888888888888886,0.0,True,False,1.0,False,False,False
2020-07-20T07:00:00+08:00,244.97,-5.2,4.5,0.16666666666666666,0.0007,True,False,1.0,False,False,False
2020-07-20T08:00:00+08:00,268.6916667,-4.7,5.2,0.24444444444444446,0.0007,True,False,1.0,False,False,False
2020-07-20T09:00:00+08:00,273.71,-5.0,9.4,0.7111111111111111,0.0,True,False,1.0,False,False,False
2020-07-20T10:00:00+08:00,276.8866667,-5.0,8.1,0.5666666666666667,0.0,True,False,1.0,False,False,False
2020-07-20T11:00:00+08:00,272.28,-5.8,8.4,0.6000000000000001,0.0,True,False,1.0,False,False,False
2020-07-20T12:00:00+08:00,276.4033334,-6.0,7.4,0.48888888888888893,0.0,True,False,1.0,False,False,False
2020-07-20T13:00:00+08:00,260.1233333,-6.6,6.4,0.3777777777777778,0.0,True,False,1.0,False,False,False
2020-07-20T14:00:00+08:00,262.3566666,-7.3,10.8,0.8666666666666667,0.0,True,False,1.0,False,False,False
2020-07-20T15:00:00+08:00,249.3066666,-7.8,10.9,0.8777777777777778,0.0,True,False,1.0,False,False,False
2020-07-20T16:00:00+08:00,257.2233333,-8.9,14.7,1.0,0.0,True,False,1.0,False,False,False
2020-07-20T17:00:00+08:00,254.37,-9.2,14.2,1.0,0.0,True,False,1.0,False,False,False
2020-07-20T18:00:00+08:00,258.6966666,-9.6,14.3,1.0,0.0,True,False,1.0,False,False,False
2020-07-20T19:00:00+08:00,259.8333333,-9.9,13.3,1.0,0.0,True,False,1.0,False,False,False
2020-07-20T20:00:00+08:00,236.56,-9.3,9.2,0.6888888888888888,0.0,True,False,1.0,False,False,False
2020-07-20T21:00:00+08:00,247.6566666,-9.1,13.0,1.0,0.0,True,False,1.0,False,False,False
2020-07-20T22:00:00+08:00,250.3733333,-9.2,12.6,1.0,0.0,True,False,1.0,False,False,False
2020-07-20T23:00:00+08:00,243.46,-9.7,14.7,1.0,0.0,True,False,1.0,False,False,False
2020-07-21T00:00:00+08:00,244.6133333,-9.8,14.5,1.0,0.0,True,False,1.0,False,False,False
2020-07-21T01:00:00+08:00,245.1,-10.2,12.0,1.0,0.0,True,False,1.0,False,False,False
2020-07-21T02:00:00+08:00,248.88,-10.2,12.2,1.0,0.0,True,False,1.0,False,False,False
2020-07-21T03:00:00+08:00,255.56,-9.9,11.6,0.9555555555555555,0.0,True,False,1.0,False,False,False
2020-07-21T04:00:00+08:00,245.15,-9.2,7.8,0.5333333333333333,0.0,True,False,1.0,False,False,False
2020-07-21T05:00:00+08:00,245.86,-9.9,9.8,0.7555555555555556,0.0,True,False,1.0,False,False,False
2020-07-21T06:00:00+08:00,249.75,-10.9,7.5,0.5,0.0014,True,False,1.0,False,False,False
2020-07-21T07:00:00+08:00,239.84,-11.1,8.8,0.6444444444444445,0.0028,True,False,1.0,False,False,False
2020-07-21T08:00:00+08:00,251.04,-9.4,11.8,0.9777777777777779,0.0021,True,False,1.0,False,False,False
2020-07-21T09:00:00+08:00,258.1,-8.5,8.6,0.6222222222222222,0.0014,True,False,1.0,False,False,False
2020-07-21T10:00:00+08:00,262.42,-9.6,12.8,1.0,0.0,True,False,1.0,False,False,False
2020-07-21T11:00:00+08:00,256.03,-9.5,15.7,1.0,0.0,False,True,0.5,True,True,False
2020-07-21T12:00:00+08:00,266.86,-10.2,17.9,1.0,0.0,False,True,0.5,True,True,False
2020-07-21T13:00:00+08:00,251.25,-9.4,16.9,1.0,0.0,False,True,0.5,True,True,False
2020-07-21T14:00:00+08:00,267.57,-9.2,13.8,1.0,0.0,True,True,0.5,True,False,False
2020-07-21T15:00:00+08:00,268.16,-9.2,15.2,1.0,0.0,False,True,0.5,True,True,False
2020-07-21T16:00:00+08:00,258.5,-9.3,21.1,1.0,0.0,False,True,0.5,True,True,False
2020-07-21T17:00:00+08:00,253.155,-8.6,21.1,1.0,0.0,False,True,0.5,True,True,False
2020-07-21T18:00:00+08:00,257.16,-8.1,20.9,1.0,0.0,False,True,0.5,True,True,False
2020-07-21T19:00:00+08:00,245.14,-7.8,22.6,1.0,0.0,False,True,0.5,True,True,False
2020-07-21T20:00:00+08:00,251.26,-7.2,15.4,1.0,0.0,False,True,0.5,True,True,False
2020-07-21T21:00:00+08:00,244.34,-6.9,6.1,0.3444444444444444,0.0,True,True,0.5,True,False,False
2020-07-21T22:00:00+08:00,240.73,-7.1,5.5,0.2777777777777778,0.0,True,True,0.5,True,False,False
2020-07-21T23:00:00+08:00,238.88,-6.9,4.9,0.21111111111111114,0.0,True,True,0.5,True,False,False
2020-07-22T00:00:00+08:00,246.36,-6.4,6.0,0.3333333333333333,0.0,True,True,0.5,True,False,False
2020-07-22T01:00:00+08:00,244.73,-6.4,3.3,0.03333333333333331,0.0,True,True,0.5,True,False,False
2020-07-22T02:00:00+08:00,243.81,-6.1,7.7,0.5222222222222223,0.0,True,True,0.5,True,False,False
2020-07-22T03:00:00+08:00,242.55,-6.1,6.7,0.41111111111111115,0.0,True,True,0.5,True,False,False
2020-07-22T04:00:00+08:00,241.28,-6.1,5.2,0.24444444444444446,0.0,True,True,0.5,True,False,False
2020-07-22T05:00:00+08:00,245.61,-6.3,5.6,0.28888888888888886,0.0,True,True,0.5,True,False,False
2020-07-22T06:00:00+08:00,247.43,-6.0,6.2,0.35555555555555557,0.0014,True,True,0.5,True,False,False
2020-07-22T07:00:00+08:00,246.05,-5.9,5.9,0.32222222222222224,0.0028,True,True,0.5,True,False,False
2020-07-22T08:00:00+08:00,264.95,-6.0,10.5,0.8333333333333334,0.0028,True,True,0.5,True,False,False
2020-07-22T09:00:00+08:00,256.86,-5.7,7.2,0.4666666666666667,0.0014,True,False,1.0,False,False,False
2020-07-22T10:00:00+08:00,246.21,-5.7,8.1,0.5666666666666667,0.0,True,False,1.0,False,False,False
2020-07-22T11:00:00+08:00,255.61,-5.5,8.7,0.6333333333333333,0.0,True,False,1.0,False,False,False
2020-07-22T12:00:00+08:00,273.9966666,-5.7,9.0,0.6666666666666666,0.0,True,False,1.0,False,False,False
2020-07-22T13:00:00+08:00,258.0133334,-5.3,6.5,0.3888888888888889,0.0,True,False,1.0,False,False,False
2020-07-22T14:00:00+08:00,254.0833334,-5.0,7.3,0.47777777777777775,0.0,True,False,1.0,False,False,False
2020-07-22T15:00:00+08:00,245.7733334,-5.3,3.9,0.09999999999999999,0.0,True,False,1.0,False,False,False
2020-07-22T16:00:00+08:00,252.5633333,-5.7,5.7,0.30000000000000004,0.0,True,False,1.0,False,False,False
2020-07-22T17:00:00+08:00,254.4766667,-5.2,6.4,0.3777777777777778,0.0,True,False,1.0,False,False,False
2020-07-22T18:00:00+08:00,281.33,-5.3,5.5,0.2777777777777778,0.0,True,False,1.0,False,False,False
2020-07-22T19:00:00+08:00,265.2,-5.5,2.8,0.0,0.0,True,False,1.0,False,False,False
2020-07-22T20:00:00+08:00,260.6366667,-5.1,7.3,0.47777777777777775,0.0,True,False,1.0,False,False,False
2020-07-22T21:00:00+08:00,252.13,-4.9,8.0,0.5555555555555556,0.0,True,False,1.0,False,False,False
2020-07-22T22:00:00+08:00,265.1233334,-4.0,9.1,0.6777777777777777,0.0,True,False,1.0,False,False,False
2020-07-22T23:00:00+08:00,272.92,-4.2,10.2,0.7999999999999999,0.0,True,False,1.0,False,False,False
2020-07-23T00:00:00+08:00,272.26,-6.3,12.1,1.0,0.0,True,False,1.0,False,False,False
2020-07-23T01:00:00+08:00,256.7166666,-8.1,13.9,1.0,0.0,True,False,1.0,False,False,False
2020-07-23T02:00:00+08:00,257.7033333,-9.7,15.4,1.0,0.0,False,True,0.5,True,True,False
2020-07-23T03:00:00+08:00,259.9383333,-10.7,17.6,1.0,0.0,False,True,0.5,True,True,False
2020-07-23T04:00:00+08:00,258.71,-8.6,13.9,1.0,0.0,True,True,0.5,True,False,False
2020-07-23T05:00:00+08:00,257.11,-7.9,11.8,0.9777777777777779,0.0,True,True,0.5,True,False,False
2020-07-23T06:00:00+08:00,255.84,-8.5,10.3,0.8111111111111112,0.0007,True,True,0.5,True,False,False
2020-07-23T07:00:00+08:00,258.61,-8.7,6.8,0.4222222222222222,0.0021,True,True,0.5,True,False,False
2020-07-23T08:00:00+08:00,273.57,-7.9,9.8,0.7555555555555556,0.0028,True,True,0.5,True,False,False
2020-07-23T09:00:00+08:00,270.01,-7.9,7.4,0.48888888888888893,0.0014,True,True,0.5,True,False,False
2020-07-23T10:00:00+08:00,264.0,-7.4,8.3,0.588888888888889,0.0,True,True,0.5,True,False,False
2020-07-23T11:00:00+08:00,281.89,-7.5,7.4,0.48888888888888893,0.0,True,True,0.5,True,False,False
2020-07-23T12:00:00+08:00,285.84,-7.4,6.6,0.39999999999999997,0.0,True,True,0.5,True,False,False
2020-07-23T13:00:00+08:00,263.43,-10.2,1.5,0.0,0.0,True,True,0.5,True,False,False
2020-07-23T14:00:00+08:00,261.77,-9.8,2.6,0.0,0.0,True,True,0.5,True,False,False
2020-07-23T15:00:00+08:00,266.5,-9.1,4.8,0.19999999999999998,0.0,True,True,0.5,True,False,False
2020-07-23T16:00:00+08:00,288.13,-8.8,6.2,0.35555555555555557,0.0,True,False,1.0,False,False,False
2020-07-23T17:00:00+08:00,295.99,-8.4,5.6,0.28888888888888886,0.0,True,False,1.0,False,False,False
2020-07-23T18:00:00+08:00,305.4366666,-7.8,7.3,0.47777777777777775,0.0,True,False,1.0,False,False,False
2020-07-23T19:00:00+08:00,277.08,-8.4,4.9,0.21111111111111114,0.0,True,False,1.0,False,False,False
2020-07-23T20:00:00+08:00,278.6433333,-10.7,1.5,0.0,0.0,True,False,1.0,False,False,False
2020-07-23T21:00:00+08:00,270.85,-10.7,3.3,0.03333333333333331,0.0,True,False,1.0,False,False,False
2020-07-23T22:00:00+08:00,272.8033334,-10.9,4.0,0.1111111111111111,0.0,True,False,1.0,False,False,False
2020-07-23T23:00:00+08:00,271.72,-13.1,3.0,0.0,0.0,True,False,1.0,False,False,False
2020-07-24T00:00:00+08:00,273.5433333,-12.1,4.2,0.13333333333333336,0.0,True,False,1.0,False,False,False
2020-07-24T01:00:00+08:00,260.69,-12.9,4.8,0.19999999999999998,0.0,True,False,1.0,False,False,False
2020-07-24T02:00:00+08:00,265.03,-11.9,4.8,0.19999999999999998,0.0,True,False,1.0,False,False,False
2020-07-24T03:00:00+08:00,277.36,-9.0,7.5,0.5,0.0,True,False,1.0,False,False,False
2020-07-24T04:00:00+08:00,273.1333334,-8.7,9.3,0.7000000000000001,0.0,True,False,1.0,False,False,False
2020-07-24T05:00:00+08:00,260.9633333,-8.9,8.0,0.5555555555555556,0.0,True,False,1.0,False,False,False
2020-07-24T06:00:00+08:00,293.2433333,-9.2,9.8,0.7555555555555556,0.0014,True,False,1.0,False,False,False
2020-07-24T07:00:00+08:00,289.8233333,-9.5,10.4,0.8222222222222223,0.0028,True,False,1.0,False,False,False
2020-07-24T08:00:00+08:00,288.16,-10.4,10.3,0.8111111111111112,0.0021,True,False,1.0,False,False,False
2020-07-24T09:00:00+08:00,288.16,-10.9,9.4,0.7111111111111111,0.0014,True,False,1.0,False,False,False
2020-07-24T10:00:00+08:00,288.16,-11.1,8.7,0.6333333333333333,0.0,True,False,1.0,False,False,False
2020-07-24T11:00:00+08:00,283.63,-12.0,9.2,0.6888888888888888,0.0,True,False,1.0,False,False,False
2020-07-24T12:00:00+08:00,283.51,-12.3,9.4,0.7111111111111111,0.0,True,False,1.0,False,False,False
2020-07-24T13:00:00+08:00,273.32,-12.6,9.6,0.7333333333333333,0.0,True,False,1.0,False,False,False
2020-07-24T14:00:00+08:00,281.17,-12.9,10.0,0.7777777777777778,0.0,True,False,1.0,False,False,False
2020-07-24T15:00:00+08:00,266.72,-13.6,11.3,0.9222222222222223,0.0,True,False,1.0,False,False,False
2020-07-24T16:00:00+08:00,278.42,-14.1,11.8,0.9777777777777779,0.0,True,False,1.0,False,False,False
2020-07-24T17:00:00+08:00,285.14,-14.1,11.4,0.9333333333333333,0.0,True,False,1.0,False,False,False
2020-07-24T18:00:00+08:00,286.83,-14.6,11.2,0.911111111111111,0.0,True,False,1.0,False,False,False
2020-07-24T19:00:00+08:00,279.36,-14.8,11.6,0.9555555555555555,0.0,True,False,1.0,False,False,False
2020-07-24T20:00:00+08:00,273.31,-14.8,11.3,0.9222222222222223,0.0,True,False,1.0,False,False,False
2020-07-24T21:00:00+08:00,278.5366667,-14.8,11.9,0.9888888888888889,0.0,True,False,1.0,False,False,False
2020-07-24T22:00:00+08:00,274.7533334,-14.6,11.5,0.9444444444444444,0.0,True,False,1.0,False,False,False
2020-07-24T23:00:00+08:00,276.3766667,-14.1,10.4,0.8222222222222223,0.0,True,False,1.0,False,False,False
2020-07-25T00:00:00+08:00,275.4466667,-14.3,8.1,0.5666666666666667,0.0,True,False,1.0,False,False,False
2020-07-25T01:00:00+08:00,272.6733333,-14.3,7.0,0.4444444444444444,0.0,True,False,1.0,False,False,False
2020-07-25T02:00:00+08:00,271.2233333,-14.0,5.9,0.32222222222222224,0.0,True,False,1.0,False,False,False
2020-07-25T03:00:00+08:00,280.0066667,-13.5,6.3,0.36666666666666664,0.0,True,False,1.0,False,False,False
2020-07-25T04:00:00+08:00,278.9366667,-12.5,5.9,0.32222222222222224,0.0,True,False,1.0,False,False,False
2020-07-25T05:00:00+08:00,279.22,-12.3,4.7,0.1888888888888889,0.0,True,False,1.0,False,False,False
2020-07-25T06:00:00+08:00,276.0966666,-12.1,7.0,0.4444444444444444,0.0007,True,False,1.0,False,False,False
2020-07-25T07:00:00+08:00,274.3433333,-12.0,10.0,0.7777777777777778,0.0021,True,False,1.0,False,False,False
2020-07-25T08:00:00+08:00,294.9366666,-11.8,8.5,0.6111111111111112,0.0021,True,False,1.0,False,False,False
2020-07-25T09:00:00+08:00,285.36,-11.7,6.8,0.4222222222222222,0.0007,True,False,1.0,False,False,False
2020-07-25T10:00:00+08:00,304.1766666,-11.9,6.9,0.43333333333333335,0.0,True,False,1.0,False,False,False
2020-07-25T11:00:00+08:00,298.33,-11.7,6.7,0.41111111111111115,0.0,True,False,1.0,False,False,False
2020-07-25T12:00:00+08:00,317.9166666,-11.5,6.7,0.41111111111111115,0.0,True,False,1.0,False,False,False
2020-07-25T13:00:00+08:00,286.0516667,-11.3,7.0,0.4444444444444444,0.0,True,False,1.0,False,False,False
2020-07-25T14:00:00+08:00,290.0,-11.3,7.4,0.48888888888888893,0.0,True,False,1.0,False,False,False
2020-07-25T15:00:00+08:00,285.02,-11.4,7.0,0.4444444444444444,0.0,True,False,1.0,False,False,False
2020-07-25T16:00:00+08:00,277.56,-11.2,6.8,0.4222222222222222,0.0,True,False,1.0,False,False,False
2020-07-25T17:00:00+08:00,296.4,-11.3,7.5,0.5,0.0,True,False,1.0,False,False,False
2020-07-25T18:00:00+08:00,308.32,-11.4,7.2,0.4666666666666667,0.0,True,False,1.0,False,False,False
2020-07-25T19:00:00+08:00,287.63,-11.7,7.9,0.5444444444444445,0.0,True,False,1.0,False,False,False
2020-07-25T20:00:00+08:00,285.29,-11.7,9.4,0.7111111111111111,0.0,True,False,1.0,False,False,False
2020-07-25T21:00:00+08:00,282.58,-11.7,8.3,0.588888888888889,0.0,True,False,1.0,False,False,False
2020-07-25T22:00:00+08:00,278.98,-12.2,5.5,0.2777777777777778,0.0,True,False,1.0,False,False,False
2020-07-25T23:00:00+08:00,279.89,-12.9,4.6,0.17777777777777773,0.0,True,False,1.0,False,False,False
2020-07-26T00:00:00+08:00,275.75,-15.2,2.2,0.0,0.0,True,False,1.0,False,False,False
2020-07-26T01:00:00+08:00,277.83,-16.5,0.5,0.0,0.0,True,False,1.0,False,False,False
2020-07-26T02:00:00+08:00,275.15,-16.5,1.0,0.0,0.0,True,False,1.0,False,False,False
2020-07-26T03:00:00+08:00,272.01,-16.3,3.3,0.03333333333333331,0.0,True,False,1.0,False,False,False
2020-07-26T04:00:00+08:00,266.57,-19.0,2.3,0.0,0.0,True,False,1.0,False,False,False
2020-07-26T05:00:00+08:00,278.38,-19.4,1.2,0.0,0.0007,True,False,1.0,False,False,False
2020-07-26T06:00:00+08:00,272.645,-19.8,1.2,0.0,0.0021,True,False,1.0,False,False,False
2020-07-26T07:00:00+08:00,273.89,-19.6,0.2,0.0,0.0034999999999999996,True,False,1.0,False,False,False
2020-07-26T08:00:00+08:00,303.68,-19.2,1.8,0.0,0.0034999999999999996,True,False,1.0,False,False,False
2020-07-26T09:00:00+08:00,279.29,-19.0,2.6,0.0,0.0014,True,False,1.0,False,False,False
2020-07-26T10:00:00+08:00,299.58,-19.2,2.8,0.0,0.0,True,False,1.0,False,False,False
2020-07-26T11:00:00+08:00,311.22,-19.1,3.3,0.03333333333333331,0.0,True,False,1.0,False,False,False
2020-07-26T12:00:00+08:00,323.71,-19.1,2.8,0.0,0.0,True,False,1.0,False,False,False
2020-07-26T13:00:00+08:00,274.45,-19.2,2.1,0.0,0.0,True,False,1.0,False,False,False
2020-07-26T14:00:00+08:00,275.66,-18.8,2.5,0.0,0.0,True,False,1.0,False,False,False
2020-07-26T15:00:00+08:00,279.49,-18.8,2.8,0.0,0.0,True,False,1.0,False,False,False
2020-07-26T16:00:00+08:00,270.5,-19.6,1.9,0.0,0.0,True,False,1.0,False,False,False
2020-07-26T17:00:00+08:00,283.36,-19.7,1.4,0.0,0.0,True,False,1.0,False,False,False
2020-07-26T18:00:00+08:00,298.77,-19.7,0.8,0.0,0.0,True,False,1.0,False,False,False
2020-07-26T19:00:00+08:00,281.42,-19.3,1.2,0.0,0.0,True,False,1.0,False,False,False
2020-07-26T20:00:00+08:00,267.85,-19.3,1.3,0.0,0.0,True,False,1.0,False,False,False
2020-07-26T21:00:00+08:00,268.8,-19.3,1.0,0.0,0.0,True,False,1.0,False,False,False
2020-07-26T22:00:00+08:00,254.43,-19.3,2.4,0.0,0.0,True,False,1.0,False,False,False
2020-07-26T23:00:00+08:00,258.5066667,-19.0,2.8,0.0,0.0,True,False,1.0,False,False,False
2020-07-27T00:00:00+08:00,262.0033334,-18.4,2.5,0.0,0.0,True,False,1.0,False,False,False
2020-07-27T01:00:00+08:00,260.4166667,-18.0,2.4,0.0,0.0,True,False,1.0,False,False,False
2020-07-27T02:00:00+08:00,248.78,-17.9,3.0,0.0,0.0,True,False,1.0,False,False,False
2020-07-27T03:00:00+08:00,251.4466667,-17.5,2.4,0.0,0.0,True,False,1.0,False,False,False
2020-07-27T04:00:00+08:00,247.6433333,-17.2,2.6,0.0,0.0,True,False,1.0,False,False,False
2020-07-27T05:00:00+08:00,254.6266667,-16.8,3.0,0.0,0.0,True,False,1.0,False,False,False
2020-07-27T06:00:00+08:00,258.84,-16.9,3.3,0.03333333333333331,0.0014,True,False,1.0,False,False,False
2020-07-27T07:00:00+08:00,277.38,-16.9,1.5,0.0,0.0021,True,False,1.0,False,False,False
2020-07-27T08:00:00+08:00,287.61,-17.2,1.7,0.0,0.0021,True,False,1.0,False,False,False
2020-07-27T09:00:00+08:00,255.7333334,-16.8,0.9,0.0,0.0014,True,False,1.0,False,False,False
2020-07-27T10:00:00+08:00,262.7566667,-17.2,0.0,0.0,0.0,True,False,1.0,False,False,False
2020-07-27T11:00:00+08:00,259.3833333,-17.1,2.4,0.0,0.0,True,False,1.0,False,False,False
2020-07-27T12:00:00+08:00,288.21,-16.8,3.3,0.03333333333333331,0.0,True,False,1.0,False,False,False
2020-07-27T13:00:00+08:00,272.4733334,-16.6,2.6,0.0,0.0,True,False,1.0,False,False,False
2020-07-27T14:00:00+08:00,284.9433333,-16.3,2.1,0.0,0.0,True,False,1.0,False,False,False
2020-07-27T15:00:00+08:00,278.9766666,-16.9,3.1,0.01111111111111112,0.0,True,False,1.0,False,False,False
2020-07-27T16:00:00+08:00,261.8,-17.1,2.3,0.0,0.0,True,False,1.0,False,False,False
2020-07-27T17:00:00+08:00,275.85,-17.4,1.5,0.0,0.0,True,False,1.0,False,False,False
2020-07-27T18:00:00+08:00,289.01,-17.7,0.8,0.0,0.0,True,False,1.0,False,False,False
2020-07-27T19:00:00+08:00,268.2,-20.1,1.1,0.0,0.0,True,False,1.0,False,False,False
2020-07-27T20:00:00+08:00,252.41,-20.4,1.4,0.0,0.0,True,False,1.0,False,False,False
2020-07-27T21:00:00+08:00,250.77,-21.1,1.0,0.0,0.0,True,False,1.0,False,False,False
2020-07-27T22:00:00+08:00,247.04,-20.8,0.8,0.0,0.0,True,False,1.0,False,False,False
2020-07-27T23:00:00+08:00,244.02,-21.0,0.8,0.0,0.0,True,False,1.0,False,False,False
2020-07-28T00:00:00+08:00,245.74,-21.4,0.1,0.0,0.0,True,False,1.0,False,False,False
2020-07-28T01:00:00+08:00,249.28,-21.0,0.6,0.0,0.0,True,False,1.0,False,False,False
2020-07-28T02:00:00+08:00,237.7,-20.6,0.4,0.0,0.0,True,False,1.0,False,False,False
2020-07-28T03:00:00+08:00,240.72,-21.7,0.0,0.0,0.0,True,False,1.0,False,False,False
2020-07-28T04:00:00+08:00,248.23,-22.8,0.0,0.0,0.0,True,False,1.0,False,False,False
2020-07-28T05:00:00+08:00,248.39,-23.3,0.0,0.0,0.0007,True,False,1.0,False,False,False
2020-07-28T06:00:00+08:00,239.45,-23.4,0.1,0.0,0.0021,True,False,1.0,False,False,False
2020-07-28T07:00:00+08:00,244.85,-24.2,0.1,0.0,0.0042,True,False,1.0,False,False,False
2020-07-28T08:00:00+08:00,258.115,-25.1,0.4,0.0,0.0034999999999999996,True,False,1.0,False,False,False
2020-07-28T09:00:00+08:00,255.93,-26.4,0.1,0.0,0.0014,True,False,1.0,False,False,False
2020-07-28T10:00:00+08:00,252.98,-26.5,0.0,0.0,0.0,True,False,1.0,False,False,False
2020-07-28T11:00:00+08:00,258.81,-28.9,0.2,0.0,0.0,True,False,1.0,False,False,False
2020-07-28T12:00:00+08:00,269.33,-29.6,0.2,0.0,0.0,True,False,1.0,False,False,False
2020-07-28T13:00:00+08:00,254.53,-29.3,0.2,0.0,0.0,True,False,1.0,False,False,False
2020-07-28T14:00:00+08:00,259.1,-30.4,0.5,0.0,0.0,True,False,1.0,False,False,False
2020-07-28T15:00:00+08:00,257.92,-31.7,0.0,0.0,0.0,True,False,1.0,False,False,False
2020-07-28T16:00:00+08:00,263.35,-31.3,0.0,0.0,0.0,True,False,1.0,False,False,False
2020-07-28T17:00:00+08:00,263.09,-31.7,0.1,0.0,0.0,True,False,1.0,False,False,False
2020-07-28T18:00:00+08:00,272.89,-31.9,0.0,0.0,0.0,True,False,1.0,False,False,False
2020-07-28T19:00:00+08:00,253.49,-30.3,0.0,0.0,0.0,True,False,1.0,False,False,False
2020-07-28T20:00:00+08:00,247.19,-30.1,0.0,0.0,0.0,True,False,1.0,False,False,False
2020-07-28T21:00:00+08:00,242.97,-29.4,0.4,0.0,0.0,True,False,1.0,False,False,False
2020-07-28T22:00:00+08:00,267.49,-30.8,0.6,0.0,0.0,True,False,1.0,False,False,False
2020-07-28T23:00:00+08:00,272.66,-29.7,0.2,0.0,0.0,True,False,1.0,False,False,False
2020-07-29T00:00:00+08:00,256.12,-29.7,0.0,0.0,0.0,True,False,1.0,False,False,False
2020-07-29T01:00:00+08:00,244.5783333,-30.4,0.0,0.0,0.0,True,False,1.0,False,False,False
2020-07-29T02:00:00+08:00,241.2733334,-30.3,0.5,0.0,0.0,True,False,1.0,False,False,False
2020-07-29T03:00:00+08:00,238.89,-29.3,0.0,0.0,0.0,True,False,1.0,False,False,False
2020-07-29T04:00:00+08:00,243.31,-28.9,0.0,0.0,0.0,True,False,1.0,False,False,False
2020-07-29T05:00:00+08:00,239.4033333,-27.4,0.7,0.0,0.0007,True,False,1.0,False,False,False
2020-07-29T06:00:00+08:00,246.9066666,-27.1,0.0,0.0,0.0028,True,False,1.0,False,False,False
2020-07-29T07:00:00+08:00,252.7366667,-26.4,0.0,0.0,0.0049,True,False,1.0,False,False,False
2020-07-29T08:00:00+08:00,267.23,-26.7,0.0,0.0,0.0049,True,False,1.0,False,False,False
2020-07-29T09:00:00+08:00,271.5,-26.8,0.0,0.0,0.0028,True,False,1.0,False,False,False
2020-07-29T10:00:00+08:00,259.1466666,-27.8,1.0,0.0,0.0007,True,False,1.0,False,False,False
2020-07-29T11:00:00+08:00,263.6133333,-28.2,1.1,0.0,0.0,True,False,1.0,False,False,False
2020-07-29T12:00:00+08:00,281.3966667,-29.0,0.9,0.0,0.0,True,False,1.0,False,False,False
2020-07-29T13:00:00+08:00,270.5633333,-29.1,0.0,0.0,0.0,True,False,1.0,False,False,False
2020-07-29T14:00:00+08:00,264.5733333,-29.0,0.0,0.0,0.0,True,False,1.0,False,False,False
2020-07-29T15:00:00+08:00,265.02,-27.8,0.0,0.0,0.0,True,False,1.0,False,False,False
2020-07-29T16:00:00+08:00,279.3166667,-28.3,0.0,0.0,0.0,True,False,1.0,False,False,False
2020-07-29T17:00:00+08:00,299.4733334,-27.8,1.9,0.0,0.0,True,False,1.0,False,False,False
2020-07-29T18:00:00+08:00,309.5933333,-25.9,2.9,0.0,0.0,True,False,1.0,False,False,False
2020-07-29T19:00:00+08:00,274.53,-23.4,3.8,0.08888888888888886,0.0,True,False,1.0,False,False,False
2020-07-29T20:00:00+08:00,275.01,-21.9,5.3,0.25555555555555554,0.0,True,False,1.0,False,False,False
2020-07-29T21:00:00+08:00,265.91,-23.6,2.6,0.0,0.0,True,False,1.0,False,False,False
2020-07-29T22:00:00+08:00,265.67,-22.6,4.7,0.1888888888888889,0.0,True,False,1.0,False,False,False
2020-07-29T23:00:00+08:00,265.58,-23.6,1.2,0.0,0.0,True,False,1.0,False,False,False
2020-07-30T00:00:00+08:00,264.46,-24.5,1.7,0.0,0.0,True,False,1.0,False,False,False
2020-07-30T01:00:00+08:00,265.23,-24.4,0.0,0.0,0.0,True,False,1.0,False,False,False
2020-07-30T02:00:00+08:00,265.43,-24.1,0.0,0.0,0.0,True,False,1.0,False,False,False
2020-07-30T03:00:00+08:00,259.99,-23.6,0.4,0.0,0.0,True,False,1.0,False,False,False
2020-07-30T04:00:00+08:00,263.96,-23.8,1.3,0.0,0.0,True,False,1.0,False,False,False
2020-07-30T05:00:00+08:00,271.9,-24.2,3.5,0.05555555555555555,0.0007,True,False,1.0,False,False,False
2020-07-30T06:00:00+08:00,276.76,-22.0,1.1,0.0,0.0028,True,False,1.0,False,False,False
2020-07-30T07:00:00+08:00,283.5,-20.1,2.5,0.0,0.0038499999999999997,True,False,1.0,False,False,False
2020-07-30T08:00:00+08:00,300.99,-18.8,1.9,0.0,0.0049,True,False,1.0,False,False,False
2020-07-30T09:00:00+08:00,266.89,-17.6,2.3,0.0,0.0021,True,False,1.0,False,False,False
2020-07-30T10:00:00+08:00,250.83,-16.9,2.5,0.0,0.0007,True,False,1.0,False,False,False
2020-07-30T11:00:00+08:00,264.885,-17.2,1.9,0.0,0.0,True,False,1.0,False,False,False
2020-07-30T12:00:00+08:00,284.88,-17.1,2.5,0.0,0.0,True,False,1.0,False,False,False
2020-07-30T13:00:00+08:00,259.9,-15.7,1.3,0.0,0.0,True,False,1.0,False,False,False
2020-07-30T14:00:00+08:00,252.98,-15.4,2.1,0.0,0.0,True,False,1.0,False,False,False
2020-07-30T15:00:00+08:00,256.97,-14.1,3.6,0.06666666666666668,0.0,True,False,1.0,False,False,False
2020-07-30T16:00:00+08:00,262.88,-14.3,2.5,0.0,0.0,True,False,1.0,False,False,False
2020-07-30T17:00:00+08:00,280.73,-16.9,0.0,0.0,0.0,True,False,1.0,False,False,False
2020-07-30T18:00:00+08:00,280.48,-15.7,2.3,0.0,0.0,True,False,1.0,False,False,False
2020-07-30T19:00:00+08:00,268.98,-13.9,3.9,0.09999999999999999,0.0,True,False,1.0,False,False,False
2020-07-30T20:00:00+08:00,267.11,-13.8,3.7,0.07777777777777779,0.0,True,False,1.0,False,False,False
2020-07-30T21:00:00+08:00,263.5,-13.6,3.4,0.04444444444444443,0.0,True,False,1.0,False,False,False
2020-07-30T22:00:00+08:00,262.27,-13.5,4.9,0.21111111111111114,0.0,True,False,1.0,False,False,False
2020-07-30T23:00:00+08:00,267.8,-13.3,5.2,0.24444444444444446,0.0,True,False,1.0,False,False,False
2020-07-31T00:00:00+08:00,267.9,-13.1,3.7,0.07777777777777779,0.0,True,False,1.0,False,False,False
2020-07-31T01:00:00+08:00,256.34,-12.9,3.4,0.04444444444444443,0.0,True,False,1.0,False,False,False
2020-07-31T02:00:00+08:00,260.03,-13.1,2.3,0.0,0.0,True,False,1.0,False,False,False
2020-07-31T03:00:00+08:00,261.38,-13.1,0.0,0.0,0.0,True,False,1.0,False,False,False
2020-07-31T04:00:00+08:00,248.8483334,-13.3,0.0,0.0,0.0,True,False,1.0,False,False,False
2020-07-31T05:00:00+08:00,260.29,-13.3,2.0,0.0,0.0007,True,False,1.0,False,False,False
2020-07-31T06:00:00+08:00,252.72,-11.2,4.2,0.13333333333333336,0.0021,True,False,1.0,False,False,False
2020-07-31T07:00:00+08:00,231.705,-10.2,5.3,0.25555555555555554,0.0034999999999999996,True,False,1.0,False,False,False
2020-07-31T08:00:00+08:00,262.8233333,-10.0,5.6,0.28888888888888886,0.0034999999999999996,True,False,1.0,False,False,False
2020-07-31T09:00:00+08:00,264.5133333,-9.9,6.4,0.3777777777777778,0.0014,True,False,1.0,False,False,False
2020-07-31T10:00:00+08:00,275.0166666,-10.1,9.5,0.7222222222222222,0.0007,True,False,1.0,False,False,False
2020-07-31T11:00:00+08:00,300.1866666,-10.3,12.0,1.0,0.0,True,False,1.0,False,False,False
2020-07-31T12:00:00+08:00,307.9433333,-10.3,12.5,1.0,0.0,True,False,1.0,False,False,False
2020-07-31T13:00:00+08:00,264.1233333,-10.2,8.4,0.6000000000000001,0.0,True,False,1.0,False,False,False
2020-07-31T14:00:00+08:00,266.68,-10.2,6.2,0.35555555555555557,0.0,True,False,1.0,False,False,False
2020-07-31T15:00:00+08:00,261.1366667,-10.3,7.2,0.4666666666666667,0.0,True,False,1.0,False,False,False
2020-07-31T16:00:00+08:00,262.4533334,-10.3,6.5,0.3888888888888889,0.0,True,False,1.0,False,False,False
2020-07-31T17:00:00+08:00,262.7333333,-9.8,8.0,0.5555555555555556,0.0,True,False,1.0,False,False,False
2020-07-31T18:00:00+08:00,263.7,-9.5,11.5,0.9444444444444444,0.0,True,False,1.0,False,False,False
2020-07-31T19:00:00+08:00,255.4933334,-9.0,11.7,0.9666666666666666,0.0,True,False,1.0,False,False,False
2020-07-31T20:00:00+08:00,252.5833334,-9.5,17.3,1.0,0.0,False,True,0.5,True,True,False
2020-07-31T21:00:00+08:00,248.38,-8.8,10.0,0.7777777777777778,0.0,True,True,0.5,True,False,False
2020-07-31T22:00:00+08:00,243.16,-7.9,10.7,0.8555555555555555,0.0,True,True,0.5,True,False,False
2020-07-31T23:00:00+08:00,249.64,-8.3,12.6,1.0,0.0,True,True,0.5,True,False,False
2020-08-01T00:00:00+08:00,258.25,-7.6,10.6,0.8444444444444444,0.0,True,True,0.5,True,False,False
2020-08-01T01:00:00+08:00,243.24,-7.3,13.5,1.0,0.0,True,True,0.5,True,False,False
2020-08-01T02:00:00+08:00,250.6,-7.1,19.4,1.0,0.0,False,True,0.5,True,True,False
2020-08-01T03:00:00+08:00,252.58,-6.9,24.4,1.0,0.0,False,True,0.5,True,True,False
2020-08-01T04:00:00+08:00,253.08,-6.5,28.6,0.0,0.0,False,True,0.5,True,True,True
2020-08-01T05:00:00+08:00,235.62,-7.1,33.0,0.0,0.0,False,True,0.5,True,True,True
2020-08-01T06:00:00+08:00,240.37,-6.4,27.9,0.0,0.0014,False,True,0.5,True,True,True
2020-08-01T07:00:00+08:00,236.64,-6.1,21.3,1.0,0.0034999999999999996,False,True,0.5,True,True,False
2020-08-01T08:00:00+08:00,246.73,-6.1,26.4,0.0,0.0042,False,True,0.5,True,True,True
2020-08-01T09:00:00+08:00,249.69,-5.9,22.0,1.0,0.0021,False,True,0.5,True,True,False
2020-08-01T10:00:00+08:00,258.95,-6.1,23.6,1.0,0.0007,False,True,0.5,True,True,False
2020-08-01T11:00:00+08:00,290.06,-6.1,23.2,1.0,0.0,False,True,0.5,True,True,False
2020-08-01T12:00:00+08:00,284.23,-6.2,21.5,1.0,0.0,False,True,0.5,True,True,False
2020-08-01T13:00:00+08:00,293.43,-6.3,17.7,1.0,0.0,False,True,0.5,True,True,False
2020-08-01T14:00:00+08:00,270.41,-6.3,19.8,1.0,0.0,False,True,0.5,True,True,False
2020-08-01T15:00:00+08:00,263.65,-6.4,17.3,1.0,0.0,False,True,0.5,True,True,False
2020-08-01T16:00:00+08:00,269.59,-6.2,18.9,1.0,0.0,False,True,0.5,True,True,False
2020-08-01T17:00:00+08:00,278.75,-6.3,16.4,1.0,0.0,False,True,0.5,True,True,False
2020-08-01T18:00:00+08:00,268.37,-6.4,16.1,1.0,0.0,False,True,0.5,True,True,False
2020-08-01T19:00:00+08:00,271.95,-6.9,14.9,1.0,0.0,True,True,0.5,True,False,False
2020-08-01T20:00:00+08:00,270.98,-7.4,15.1,1.0,0.0,False,True,0.5,True,True,False
2020-08-01T21:00:00+08:00,266.52,-7.6,17.3,1.0,0.0,False,True,0.5,True,True,False
2020-08-01T22:00:00+08:00,257.97,-8.1,16.3,1.0,0.0,False,True,0.5,True,True,False
2020-08-01T23:00:00+08:00,258.44,-8.3,15.8,1.0,0.0,False,True,0.5,True,True,False
2020-08-02T00:00:00+08:00,263.16,-9.0,11.1,0.8999999999999999,0.0,True,True,0.5,True,False,False
2020-08-02T01:00:00+08:00,255.77,-9.7,11.6,0.9555555555555555,0.0,True,True,0.5,True,False,False
2020-08-02T02:00:00+08:00,268.09,-9.6,12.0,1.0,0.0,True,True,0.5,True,False,False
2020-08-02T03:00:00+08:00,265.1,-9.7,13.6,1.0,0.0,True,True,0.5,True,False,False
2020-08-02T04:00:00+08:00,268.52,-9.6,12.3,1.0,0.0,True,True,0.5,True,False,False
2020-08-02T05:00:00+08:00,260.55,-9.4,10.6,0.8444444444444444,0.0007,True,True,0.5,True,False,False
2020-08-02T06:00:00+08:00,257.9266667,-9.5,12.5,1.0,0.0034999999999999996,True,True,0.5,True,False,False
2020-08-02T07:00:00+08:00,255.79,-9.4,12.6,1.0,0.0056,True,True,0.5,True,False,False
2020-08-02T08:00:00+08:00,266.9233334,-9.3,11.3,0.9222222222222223,0.0049,True,True,0.5,True,False,False
2020-08-02T09:00:00+08:00,264.76,-9.2,11.9,0.9888888888888889,0.0049,True,True,0.5,True,False,False
2020-08-02T10:00:00+08:00,240.8433333,-9.2,12.0,1.0,0.0049,True,True,0.5,True,False,False
2020-08-02T11:00:00+08:00,244.3466667,-9.2,11.6,0.9555555555555555,0.0049,True,True,0.5,True,False,False
2020-08-02T12:00:00+08:00,261.4666667,-8.8,8.0,0.5555555555555556,0.0049,True,False,1.0,False,False,False
2020-08-02T13:00:00+08:00,245.7133334,-8.6,11.4,0.9333333333333333,0.0049,True,False,1.0,False,False,False
2020-08-02T14:00:00+08:00,245.2766667,-10.7,7.5,0.5,0.0049,True,False,1.0,False,False,False
2020-08-02T15:00:00+08:00,246.5333333,-11.2,5.5,0.2777777777777778,0.0049,True,False,1.0,False,False,False
2020-08-02T16:00:00+08:00,246.2733333,-11.9,6.0,0.3333333333333333,0.0049,True,False,1.0,False,False,False
2020-08-02T17:00:00+08:00,252.6066666,-11.8,7.1,0.4555555555555555,0.0049,True,False,1.0,False,False,False
2020-08-02T18:00:00+08:00,266.4833333,-11.7,7.9,0.5444444444444445,0.0049,True,False,1.0,False,False,False
2020-08-02T19:00:00+08:00,257.6033333,-12.8,7.1,0.4555555555555555,0.0049,True,False,1.0,False,False,False
2020-08-02T20:00:00+08:00,253.9666667,-13.0,5.5,0.2777777777777778,0.0049,True,False,1.0,False,False,False
2020-08-02T21:00:00+08:00,255.9,-12.8,6.4,0.3777777777777778,0.0049,True,False,1.0,False,False,False
2020-08-02T22:00:00+08:00,259.3216667,-13.1,3.8,0.08888888888888886,0.0049,True,False,1.0,False,False,False
2020-08-02T23:00:00+08:00,246.85,-13.2,5.1,0.23333333333333328,0.0049,True,False,1.0,False,False,False
2020-08-03T00:00:00+08:00,240.94,-13.3,4.6,0.17777777777777773,0.0049,True,False,1.0,False,False,False
2020-08-03T01:00:00+08:00,244.08,-13.5,3.2,0.02222222222222224,0.0049,True,False,1.0,False,False,False
2020-08-03T02:00:00+08:00,248.7,-13.4,4.0,0.1111111111111111,0.0049,True,False,1.0,False,False,False
2020-08-03T03:00:00+08:00,245.58,-12.9,4.4,0.15555555555555559,0.0049,True,False,1.0,False,False,False
2020-08-03T04:00:00+08:00,246.5,-12.4,2.8,0.0,0.0049,True,False,1.0,False,False,False
2020-08-03T05:00:00+08:00,255.21,-12.2,1.8,0.0,0.0049,True,False,1.0,False,False,False
2020-08-03T06:00:00+08:00,255.56,-11.9,1.8,0.0,0.0049,True,False,1.0,False,False,False
2020-08-03T07:00:00+08:00,251.37,-12.0,0.0,0.0,0.0049,True,False,1.0,False,False,False
2020-08-03T08:00:00+08:00,271.1,-12.0,2.4,0.0,0.0049,True,False,1.0,False,False,False
2020-08-03T09:00:00+08:00,248.9,-12.9,2.5,0.0,0.0049,True,False,1.0,False,False,False
2020-08-03T10:00:00+08:00,252.99,-13.6,0.4,0.0,0.0049,True,False,1.0,False,False,False
2020-08-03T11:00:00+08:00,254.53,-13.7,1.2,0.0,0.0049,True,False,1.0,False,False,False
2020-08-03T12:00:00+08:00,263.04,-13.9,0.4,0.0,0.0049,True,False,1.0,False,False,False
2020-08-03T13:00:00+08:00,254.45,-14.3,1.4,0.0,0.0049,True,False,1.0,False,False,False
2020-08-03T14:00:00+08:00,248.93,-14.5,1.4,0.0,0.0049,True,False,1.0,False,False,False
2020-08-03T15:00:00+08:00,250.165,-14.3,1.2,0.0,0.0049,True,False,1.0,False,False,False
2020-08-03T16:00:00+08:00,244.07,-14.9,1.4,0.0,0.0049,True,False,1.0,False,False,False
2020-08-03T17:00:00+08:00,256.47,-14.6,1.0,0.0,0.0049,True,False,1.0,False,False,False
2020-08-03T18:00:00+08:00,279.31,-12.6,3.7,0.07777777777777779,0.0049,True,False,1.0,False,False,False
2020-08-03T19:00:00+08:00,266.63,-12.9,3.3,0.03333333333333331,0.0049,True,False,1.0,False,False,False
2020-08-03T20:00:00+08:00,262.25,-12.5,2.0,0.0,0.0049,True,False,1.0,False,False,False
2020-08-03T21:00:00+08:00,246.08,-11.8,5.7,0.30000000000000004,0.0049,True,False,1.0,False,False,False
2020-08-03T22:00:00+08:00,243.86,-11.8,3.7,0.07777777777777779,0.0049,True,False,1.0,False,False,False
2020-08-03T23:00:00+08:00,243.24,-11.8,8.2,0.5777777777777777,0.0049,True,False,1.0,False,False,False
2020-08-04T00:00:00+08:00,235.51,-11.8,12.5,1.0,0.0049,True,False,1.0,False,False,False
2020-08-04T01:00:00+08:00,238.7,-12.2,8.5,0.6111111111111112,0.0049,True,False,1.0,False,False,False
2020-08-04T02:00:00+08:00,239.56,-12.2,10.2,0.7999999999999999,0.0049,True,False,1.0,False,False,False
2020-08-04T03:00:00+08:00,242.83,-11.7,11.1,0.8999999999999999,0.0049,True,False,1.0,False,False,False
2020-08-04T04:00:00+08:00,242.16,-12.5,8.3,0.588888888888889,0.0049,True,False,1.0,False,False,False
2020-08-04T05:00:00+08:00,240.89,-12.4,9.1,0.6777777777777777,0.00805,True,False,1.0,False,False,False
2020-08-04T06:00:00+08:00,239.71,-11.8,10.3,0.8111111111111112,0.0112,True,False,1.0,False,False,False
2020-08-04T07:00:00+08:00,244.97,-11.4,12.2,1.0,0.013999999999999999,True,False,1.0,False,False,False
2020-08-04T08:00:00+08:00,257.22,-12.0,9.6,0.7333333333333333,0.012599999999999998,True,False,1.0,False,False,False
2020-08-04T09:00:00+08:00,243.6166667,-12.4,10.0,0.7777777777777778,0.006299999999999999,True,False,1.0,False,False,False
2020-08-04T10:00:00+08:00,243.4666667,-12.3,10.1,0.7888888888888889,0.0014,True,False,1.0,False,False,False
2020-08-04T11:00:00+08:00,243.92,-13.2,11.7,0.9666666666666666,0.0,True,False,1.0,False,False,False
2020-08-04T12:00:00+08:00,261.8833334,-12.6,8.3,0.588888888888889,0.0,True,False,1.0,False,False,False
2020-08-04T13:00:00+08:00,253.7233334,-12.9,9.4,0.7111111111111111,0.0,True,False,1.0,False,False,False
2020-08-04T14:00:00+08:00,250.3633334,-13.1,6.6,0.39999999999999997,0.0,True,False,1.0,False,False,False
2020-08-04T15:00:00+08:00,243.17,-14.2,3.3,0.03333333333333331,0.0,True,False,1.0,False,False,False
2020-08-04T16:00:00+08:00,246.4266666,-13.9,11.5,0.9444444444444444,0.0,True,False,1.0,False,False,False
2020-08-04T17:00:00+08:00,250.2366666,-14.7,13.3,1.0,0.0,True,False,1.0,False,False,False
2020-08-04T18:00:00+08:00,270.81,-15.2,14.3,1.0,0.0,True,False,1.0,False,False,False
2020-08-04T19:00:00+08:00,254.3333333,-13.5,10.2,0.7999999999999999,0.0,True,False,1.0,False,False,False
2020-08-04T20:00:00+08:00,252.9266667,-13.6,10.2,0.7999999999999999,0.0,True,False,1.0,False,False,False
2020-08-04T21:00:00+08:00,259.3,-13.0,8.0,0.5555555555555556,0.0,True,False,1.0,False,False,False
2020-08-04T22:00:00+08:00,260.32,-12.3,5.9,0.32222222222222224,0.0,True,False,1.0,False,False,False
2020-08-04T23:00:00+08:00,250.49,-14.4,2.8,0.0,0.0,True,False,1.0,False,False,False
2020-08-05T00:00:00+08:00,258.1733333,-14.8,0.1,0.0,0.0,True,False,1.0,False,False,False
2020-08-05T01:00:00+08:00,256.435,-14.5,1.6,0.0,0.0,True,False,1.0,False,False,False
2020-08-05T02:00:00+08:00,265.54,-14.6,3.4,0.04444444444444443,0.0,True,False,1.0,False,False,False
2020-08-05T03:00:00+08:00,272.23,-17.0,1.1,0.0,0.0,True,False,1.0,False,False,False
2020-08-05T04:00:00+08:00,259.7,-18.3,2.0,0.0,0.0,True,False,1.0,False,False,False
2020-08-05T05:00:00+08:00,250.77,-12.7,10.0,0.7777777777777778,0.0,True,False,1.0,False,False,False
2020-08-05T06:00:00+08:00,249.68,-12.0,12.0,1.0,0.0,True,False,1.0,False,False,False
2020-08-05T07:00:00+08:00,248.38,-12.4,11.6,0.9555555555555555,0.0,True,False,1.0,False,False,False
2020-08-05T08:00:00+08:00,264.22,-12.2,13.1,1.0,0.0,True,False,1.0,False,False,False
2020-08-05T09:00:00+08:00,247.39,-12.3,12.7,1.0,0.0,True,False,1.0,False,False,False
2020-08-05T10:00:00+08:00,245.71,-11.9,10.5,0.8333333333333334,0.0,True,False,1.0,False,False,False
2020-08-05T11:00:00+08:00,263.14,-11.4,8.3,0.588888888888889,0.0,True,False,1.0,False,False,False
2020-08-05T12:00:00+08:00,272.86,-11.1,6.1,0.3444444444444444,0.0,True,False,1.0,False,False,False
2020-08-05T13:00:00+08:00,257.77,-10.9,4.5,0.16666666666666666,0.0,True,False,1.0,False,False,False
2020-08-05T14:00:00+08:00,246.88,-11.0,3.9,0.09999999999999999,0.0,True,False,1.0,False,False,False
2020-08-05T15:00:00+08:00,246.55,-10.3,8.6,0.6222222222222222,0.0,True,False,1.0,False,False,False
2020-08-05T16:00:00+08:00,251.71,-10.3,7.5,0.5,0.0,True,False,1.0,False,False,False
2020-08-05T17:00:00+08:00,263.54,-10.4,7.3,0.47777777777777775,0.0,True,False,1.0,False,False,False
2020-08-05T18:00:00+08:00,269.295,-10.2,5.6,0.28888888888888886,0.0,True,False,1.0,False,False,False
2020-08-05T19:00:00+08:00,261.7,-10.0,4.8,0.19999999999999998,0.0,True,False,1.0,False,False,False
2020-08-05T20:00:00+08:00,257.15,-9.7,4.7,0.1888888888888889,0.0,True,False,1.0,False,False,False
2020-08-05T21:00:00+08:00,245.97,-9.7,1.7,0.0,0.0,True,False,1.0,False,False,False
2020-08-05T22:00:00+08:00,246.7,-10.9,2.7,0.0,0.0,True,False,1.0,False,False,False
2020-08-05T23:00:00+08:00,253.74,-11.7,2.6,0.0,0.0,True,False,1.0,False,False,False
2020-08-06T00:00:00+08:00,255.57,-13.0,3.2,0.02222222222222224,0.0,True,False,1.0,False,False,False
2020-08-06T01:00:00+08:00,244.64,-16.3,2.7,0.0,0.0,True,False,1.0,False,False,False
2020-08-06T02:00:00+08:00,254.04,-17.7,3.6,0.06666666666666668,0.0,True,False,1.0,False,False,False
2020-08-06T03:00:00+08:00,246.19,-16.8,5.1,0.23333333333333328,0.0,True,False,1.0,False,False,False
2020-08-06T04:00:00+08:00,252.71,-17.5,5.5,0.2777777777777778,0.0,True,False,1.0,False,False,False
2020-08-06T05:00:00+08:00,247.63,-18.2,4.2,0.13333333333333336,0.0,True,False,1.0,False,False,False
2020-08-06T06:00:00+08:00,243.26,-19.0,5.1,0.23333333333333328,0.0,True,False,1.0,False,False,False
2020-08-06T07:00:00+08:00,240.36,-20.6,3.2,0.02222222222222224,0.0,True,False,1.0,False,False,False
2020-08-06T08:00:00+08:00,278.34,-21.2,2.6,0.0,0.0,True,False,1.0,False,False,False
2020-08-06T09:00:00+08:00,278.92,-21.4,2.7,0.0,0.0,True,False,1.0,False,False,False
2020-08-06T10:00:00+08:00,272.0716667,-21.6,2.5,0.0,0.0,True,False,1.0,False,False,False
2020-08-06T11:00:00+08:00,258.7933334,-21.5,1.5,0.0,0.0,True,False,1.0,False,False,False
2020-08-06T12:00:00+08:00,274.31,-21.5,0.8,0.0,0.0,True,False,1.0,False,False,False
2020-08-06T13:00:00+08:00,260.95,-22.1,0.5,0.0,0.0,True,False,1.0,False,False,False
2020-08-06T14:00:00+08:00,246.3566667,-22.7,1.0,0.0,0.0,True,False,1.0,False,False,False
2020-08-06T15:00:00+08:00,249.6166667,-22.7,0.6,0.0,0.0,True,False,1.0,False,False,False
2020-08-06T16:00:00+08:00,249.05,-22.6,1.2,0.0,0.0,True,False,1.0,False,False,False
2020-08-06T17:00:00+08:00,259.7633333,-23.2,1.2,0.0,0.0,True,False,1.0,False,False,False
2020-08-06T18:00:00+08:00,274.81,-22.8,1.3,0.0,0.0,True,False,1.0,False,False,False
2020-08-06T19:00:00+08:00,257.4,-23.8,1.6,0.0,0.0,True,False,1.0,False,False,False
2020-08-06T20:00:00+08:00,251.6066667,-22.6,1.5,0.0,0.0,True,False,1.0,False,False,False
2020-08-06T21:00:00+08:00,248.7333333,-23.2,2.7,0.0,0.0,True,False,1.0,False,False,False
2020-08-06T22:00:00+08:00,251.1066666,-20.6,0.4,0.0,0.0,True,False,1.0,False,False,False
2020-08-06T23:00:00+08:00,253.15,-20.0,0.2,0.0,0.0,True,False,1.0,False,False,False
2020-08-07T00:00:00+08:00,248.1066666,-17.9,3.8,0.08888888888888886,0.0,True,False,1.0,False,False,False
2020-08-07T01:00:00+08:00,248.86,-13.1,11.1,0.8999999999999999,0.0,True,False,1.0,False,False,False
2020-08-07T02:00:00+08:00,255.07,-13.5,13.6,1.0,0.0,True,False,1.0,False,False,False
2020-08-07T03:00:00+08:00,255.755,-14.2,13.1,1.0,0.0,True,False,1.0,False,False,False
2020-08-07T04:00:00+08:00,244.73,-14.0,12.5,1.0,0.0,True,False,1.0,False,False,False
2020-08-07T05:00:00+08:00,260.59,-14.0,12.2,1.0,0.0,True,False,1.0,False,False,False
2020-08-07T06:00:00+08:00,262.01,-13.8,10.7,0.8555555555555555,0.0,True,False,1.0,False,False,False
2020-08-07T07:00:00+08:00,263.27,-13.7,10.7,0.8555555555555555,0.0,True,False,1.0,False,False,False
2020-08-07T08:00:00+08:00,290.21,-13.1,11.1,0.8999999999999999,0.0,True,False,1.0,False,False,False
2020-08-07T09:00:00+08:00,262.19,-13.5,12.2,1.0,0.0,True,False,1.0,False,False,False
2020-08-07T10:00:00+08:00,269.82,-13.8,13.9,1.0,0.0,True,False,1.0,False,False,False
2020-08-07T11:00:00+08:00,265.92,-13.4,12.8,1.0,0.0,True,False,1.0,False,False,False
2020-08-07T12:00:00+08:00,275.86,-12.4,12.5,1.0,0.0,True,False,1.0,False,False,False
2020-08-07T13:00:00+08:00,244.78,-11.6,13.0,1.0,0.0,True,False,1.0,False,False,False
2020-08-07T14:00:00+08:00,249.32,-11.2,13.5,1.0,0.0,True,False,1.0,False,False,False
2020-08-07T15:00:00+08:00,236.41,-11.0,13.8,1.0,0.0,True,False,1.0,False,False,False
2020-08-07T16:00:00+08:00,238.79,-10.4,14.0,1.0,0.0,True,False,1.0,False,False,False
2020-08-07T17:00:00+08:00,245.24,-10.1,12.0,1.0,0.0,True,False,1.0,False,False,False
2020-08-07T18:00:00+08:00,260.87,-9.8,13.1,1.0,0.0,True,False,1.0,False,False,False
2020-08-07T19:00:00+08:00,255.76,-9.8,15.1,1.0,0.0,False,True,0.5,True,True,False
2020-08-07T20:00:00+08:00,247.385,-10.0,15.3,1.0,0.0,False,True,0.5,True,True,False
2020-08-07T21:00:00+08:00,246.27,-9.9,15.0,1.0,0.0,False,True,0.5,True,True,False
2020-08-07T22:00:00+08:00,252.58,-9.5,14.6,1.0,0.0,True,True,0.5,True,False,False
2020-08-07T23:00:00+08:00,245.26,-9.4,14.8,1.0,0.0,True,True,0.5,True,False,False
2020-08-08T00:00:00+08:00,246.03,-9.8,15.1,1.0,0.0,False,True,0.5,True,True,False
2020-08-08T01:00:00+08:00,252.62,-9.8,14.3,1.0,0.0,True,True,0.5,True,False,False
2020-08-08T02:00:00+08:00,250.85,-10.0,12.2,1.0,0.0,True,True,0.5,True,False,False
2020-08-08T03:00:00+08:00,250.15,-9.9,13.8,1.0,0.0,True,True,0.5,True,False,False
2020-08-08T04:00:00+08:00,246.14,-10.5,12.8,1.0,0.0,True,True,0.5,True,False,False
2020-08-08T05:00:00+08:00,243.81,-10.3,12.7,1.0,0.0,True,True,0.5,True,False,False
2020-08-08T06:00:00+08:00,255.9,-10.2,12.2,1.0,0.0,True,True,0.5,True,False,False
2020-08-08T07:00:00+08:00,270.59,-10.5,11.8,0.9777777777777779,0.0,True,True,0.5,True,False,False
2020-08-08T08:00:00+08:00,271.34,-10.2,12.2,1.0,0.0,True,True,0.5,True,False,False
2020-08-08T09:00:00+08:00,255.15,-10.5,12.3,1.0,0.0,True,True,0.5,True,False,False
2020-08-08T10:00:00+08:00,242.63,-9.9,12.3,1.0,0.0,True,True,0.5,True,False,False
2020-08-08T11:00:00+08:00,255.59,-10.2,12.2,1.0,0.0,True,True,0.5,True,False,False
2020-08-08T12:00:00+08:00,261.16,-9.9,12.1,1.0,0.0,True,True,0.5,True,False,False
2020-08-08T13:00:00+08:00,259.1183333,-10.0,11.9,0.9888888888888889,0.0,True,False,1.0,False,False,False
2020-08-08T14:00:00+08:00,261.2433333,-10.6,11.6,0.9555555555555555,0.0,True,False,1.0,False,False,False
2020-08-08T15:00:00+08:00,258.6433334,-11.5,13.5,1.0,0.0,True,False,1.0,False,False,False
2020-08-08T16:00:00+08:00,272.3866667,-11.9,14.4,1.0,0.0,True,False,1.0,False,False,False
2020-08-08T17:00:00+08:00,268.43,-11.7,13.0,1.0,0.0,True,False,1.0,False,False,False
2020-08-08T18:00:00+08:00,272.6966667,-11.2,13.0,1.0,0.0,True,False,1.0,False,False,False
2020-08-08T19:00:00+08:00,259.49,-10.2,12.2,1.0,0.0,True,False,1.0,False,False,False
2020-08-08T20:00:00+08:00,259.32,-10.1,7.6,0.5111111111111111,0.0,True,False,1.0,False,False,False
2020-08-08T21:00:00+08:00,265.1033333,-9.9,7.3,0.47777777777777775,0.0,True,False,1.0,False,False,False
2020-08-08T22:00:00+08:00,249.9766667,-9.4,10.3,0.8111111111111112,0.0,True,False,1.0,False,False,False
2020-08-08T23:00:00+08:00,252.49,-9.7,13.6,1.0,0.0,True,False,1.0,False,False,False
2020-08-09T00:00:00+08:00,241.1866667,-9.8,14.6,1.0,0.0,True,False,1.0,False,False,False
2020-08-09T01:00:00+08:00,248.63,-10.3,15.2,1.0,0.0,False,True,0.5,True,True,False
2020-08-09T02:00:00+08:00,254.3533334,-10.1,14.4,1.0,0.0,True,True,0.5,True,False,False
2020-08-09T03:00:00+08:00,253.53,-9.9,15.4,1.0,0.0,False,True,0.5,True,True,False
2020-08-09T04:00:00+08:00,252.7566666,-9.8,15.1,1.0,0.0,False,True,0.5,True,True,False
2020-08-09T05:00:00+08:00,248.515,-9.3,14.3,1.0,0.010849999999999999,True,True,0.5,True,False,False
2020-08-09T06:00:00+08:00,250.26,-9.4,14.6,1.0,0.021699999999999997,True,True,0.5,True,False,False
2020-08-09T07:00:00+08:00,246.93,-9.0,14.2,1.0,0.0266,True,True,0.5,True,False,False
2020-08-09T08:00:00+08:00,265.8,-8.8,14.3,1.0,0.025199999999999997,True,True,0.5,True,False,False
2020-08-09T09:00:00+08:00,258.95,-9.1,10.5,0.8333333333333334,0.013999999999999999,True,True,0.5,True,False,False
2020-08-09T10:00:00+08:00,256.25,-8.1,9.8,0.7555555555555556,0.0028,True,True,0.5,True,False,False
2020-08-09T11:00:00+08:00,285.14,-8.4,9.4,0.7111111111111111,0.0,True,True,0.5,True,False,False
2020-08-09T12:00:00+08:00,295.7,-9.5,9.8,0.7555555555555556,0.0,True,True,0.5,True,False,False
2020-08-09T13:00:00+08:00,268.56,-10.4,11.3,0.9222222222222223,0.0,True,True,0.5,True,False,False
2020-08-09T14:00:00+08:00,255.34,-11.1,11.7,0.9666666666666666,0.0,True,True,0.5,True,False,False
2020-08-09T15:00:00+08:00,260.93,-11.9,11.5,0.9444444444444444,0.0,True,True,0.5,True,False,False
2020-08-09T16:00:00+08:00,246.64,-12.7,10.3,0.8111111111111112,0.0,True,True,0.5,True,False,False
2020-08-09T17:00:00+08:00,257.46,-13.7,7.8,0.5333333333333333,0.0,True,False,1.0,False,False,False
2020-08-09T18:00:00+08:00,269.94,-15.0,10.3,0.8111111111111112,0.0,True,False,1.0,False,False,False
2020-08-09T19:00:00+08:00,242.33,-14.9,9.3,0.7000000000000001,0.0,True,False,1.0,False,False,False
2020-08-09T20:00:00+08:00,244.58,-15.0,9.2,0.6888888888888888,0.0,True,False,1.0,False,False,False
2020-08-09T21:00:00+08:00,265.49,-15.6,8.4,0.6000000000000001,0.0,True,False,1.0,False,False,False
2020-08-09T22:00:00+08:00,260.3,-16.0,9.8,0.7555555555555556,0.0,True,False,1.0,False,False,False
2020-08-09T23:00:00+08:00,259.72,-16.2,9.0,0.6666666666666666,0.0,True,False,1.0,False,False,False
2020-08-10T00:00:00+08:00,260.57,-17.6,11.3,0.9222222222222223,0.0,True,False,1.0,False,False,False
2020-08-10T01:00:00+08:00,256.4,-17.7,10.3,0.8111111111111112,0.0,True,False,1.0,False,False,False
2020-08-10T02:00:00+08:00,258.89,-18.3,13.3,1.0,0.0,True,False,1.0,False,False,False
2020-08-10T03:00:00+08:00,252.91,-18.3,12.8,1.0,0.0,True,False,1.0,False,False,False
2020-08-10T04:00:00+08:00,255.38,-18.4,13.1,1.0,0.0,True,False,1.0,False,False,False
2020-08-10T05:00:00+08:00,259.05,-18.4,9.5,0.7222222222222222,0.0,True,False,1.0,False,False,False
2020-08-10T06:00:00+08:00,252.01,-18.5,13.0,1.0,0.0,True,False,1.0,False,False,False
2020-08-10T07:00:00+08:00,250.05,-18.5,14.8,1.0,0.0,True,False,1.0,False,False,False
2020-08-10T08:00:00+08:00,260.63,-18.5,13.0,1.0,0.0,True,False,1.0,False,False,False
2020-08-10T09:00:00+08:00,265.62,-18.5,11.4,0.9333333333333333,0.0,True,False,1.0,False,False,False
2020-08-10T10:00:00+08:00,270.66,-18.0,10.2,0.7999999999999999,0.0,True,False,1.0,False,False,False
2020-08-10T11:00:00+08:00,280.88,-18.3,8.8,0.6444444444444445,0.0,True,False,1.0,False,False,False
2020-08-10T12:00:00+08:00,276.68,-17.9,10.8,0.8666666666666667,0.0,True,False,1.0,False,False,False
2020-08-10T13:00:00+08:00,268.14,-18.7,15.0,1.0,0.0,False,True,0.5,True,True,False
2020-08-10T14:00:00+08:00,286.07,-19.2,15.1,1.0,0.0,False,True,0.5,True,True,False
2020-08-10T15:00:00+08:00,277.93,-19.4,13.9,1.0,0.0,True,True,0.5,True,False,False
2020-08-10T16:00:00+08:00,264.2133333,-19.5,13.3,1.0,0.0,True,True,0.5,True,False,False
2020-08-10T17:00:00+08:00,277.3933334,-20.0,15.6,1.0,0.0,False,True,0.5,True,True,False
2020-08-10T18:00:00+08:00,275.2,-19.1,13.1,1.0,0.0,True,True,0.5,True,False,False
2020-08-10T19:00:00+08:00,278.5133333,-18.9,9.2,0.6888888888888888,0.0,True,True,0.5,True,False,False
2020-08-10T20:00:00+08:00,258.5366667,-19.2,10.1,0.7888888888888889,0.0,True,True,0.5,True,False,False
2020-08-10T21:00:00+08:00,265.3366667,-19.0,7.0,0.4444444444444444,0.0,True,True,0.5,True,False,False
2020-08-10T22:00:00+08:00,257.83,-18.9,4.6,0.17777777777777773,0.0,True,True,0.5,True,False,False
2020-08-10T23:00:00+08:00,276.4733333,-17.2,3.6,0.06666666666666668,0.0,True,True,0.5,True,False,False
2020-08-11T00:00:00+08:00,267.3233333,-15.9,7.5,0.5,0.0,True,True,0.5,True,False,False
2020-08-11T01:00:00+08:00,253.4066667,-14.6,2.9,0.0,0.0,True,True,0.5,True,False,False
2020-08-11T02:00:00+08:00,255.57,-13.3,2.7,0.0,0.0,True,True,0.5,True,False,False
2020-08-11T03:00:00+08:00,252.7433333,-10.2,11.0,0.8888888888888888,0.0,True,True,0.5,True,False,False
2020-08-11T04:00:00+08:00,251.74,-9.8,10.0,0.7777777777777778,0.0,True,True,0.5,True,False,False
2020-08-11T05:00:00+08:00,251.83,-9.5,9.5,0.7222222222222222,0.0,True,True,0.5,True,False,False
2020-08-11T06:00:00+08:00,271.7166666,-8.4,8.5,0.6111111111111112,0.0,True,False,1.0,False,False,False
2020-08-11T07:00:00+08:00,258.3966666,-8.9,3.8,0.08888888888888886,0.0,True,False,1.0,False,False,False
2020-08-11T08:00:00+08:00,272.2416666,-8.8,3.1,0.01111111111111112,0.0,True,False,1.0,False,False,False
2020-08-11T09:00:00+08:00,259.58,-8.8,3.2,0.02222222222222224,0.0,True,False,1.0,False,False,False
2020-08-11T10:00:00+08:00,259.18,-8.3,1.4,0.0,0.0,True,False,1.0,False,False,False
2020-08-11T11:00:00+08:00,263.77,-7.2,4.1,0.12222222222222218,0.0,True,False,1.0,False,False,False
2020-08-11T12:00:00+08:00,276.44,-6.7,6.6,0.39999999999999997,0.0,True,False,1.0,False,False,False
2020-08-11T13:00:00+08:00,266.43,-6.7,7.0,0.4444444444444444,0.0,True,False,1.0,False,False,False
2020-08-11T14:00:00+08:00,254.21,-6.2,9.1,0.6777777777777777,0.0,True,False,1.0,False,False,False
2020-08-11T15:00:00+08:00,267.88,-6.8,11.1,0.8999999999999999,0.0,True,False,1.0,False,False,False
2020-08-11T16:00:00+08:00,260.99,-7.1,11.2,0.911111111111111,0.0,True,False,1.0,False,False,False
2020-08-11T17:00:00+08:00,259.33,-7.1,14.2,1.0,0.0,True,False,1.0,False,False,False
2020-08-11T18:00:00+08:00,265.9,-7.7,13.8,1.0,0.0,True,False,1.0,False,False,False
2020-08-11T19:00:00+08:00,266.24,-7.7,11.3,0.9222222222222223,0.0,True,False,1.0,False,False,False
2020-08-11T20:00:00+08:00,283.17,-7.5,10.0,0.7777777777777778,0.0,True,False,1.0,False,False,False
2020-08-11T21:00:00+08:00,278.64,-8.1,11.3,0.9222222222222223,0.0,True,False,1.0,False,False,False
2020-08-11T22:00:00+08:00,253.54,-8.1,16.2,1.0,0.0,False,True,0.5,True,True,False
2020-08-11T23:00:00+08:00,247.23,-8.5,23.1,1.0,0.0,False,True,0.5,True,True,False
2020-08-12T00:00:00+08:00,250.87,-9.1,23.2,1.0,0.0,False,True,0.5,True,True,False
2020-08-12T01:00:00+08:00,239.15,-9.1,16.6,1.0,0.0,False,True,0.5,True,True,False
2020-08-12T02:00:00+08:00,241.79,-8.3,16.1,1.0,0.0,False,True,0.5,True,True,False
2020-08-12T03:00:00+08:00,246.55,-8.6,23.8,1.0,0.0,False,True,0.5,True,True,False
2020-08-12T04:00:00+08:00,246.65,-9.2,24.9,1.0,0.0,False,True,0.5,True,True,False
2020-08-12T05:00:00+08:00,250.9,-9.7,27.5,0.0,0.0,False,True,0.5,True,True,True
2020-08-12T06:00:00+08:00,256.63,-9.3,25.7,0.0,0.021349999999999997,False,True,0.5,True,True,True
2020-08-12T07:00:00+08:00,258.46,-9.7,24.9,1.0,0.042699999999999995,False,True,0.5,True,True,False
2020-08-12T08:00:00+08:00,274.46,-10.4,26.4,0.0,0.0399,False,True,0.5,True,True,True
2020-08-12T09:00:00+08:00,249.48,-10.5,26.6,0.0,0.0224,False,True,0.5,True,True,True
2020-08-12T10:00:00+08:00,252.49,-10.4,26.6,0.0,0.0056,False,True,0.5,True,True,True
2020-08-12T11:00:00+08:00,254.06,-11.1,24.9,1.0,0.0056,False,True,0.5,True,True,False
2020-08-12T12:00:00+08:00,275.28,-11.2,23.7,1.0,0.0056,False,True,0.5,True,True,False
2020-08-12T13:00:00+08:00,251.91,-11.8,23.4,1.0,0.0056,False,True,0.5,True,True,False
2020-08-12T14:00:00+08:00,248.82,-12.0,23.3,1.0,0.0056,False,True,0.5,True,True,False
2020-08-12T15:00:00+08:00,243.21,-12.2,20.7,1.0,0.0056,False,True,0.5,True,True,False
2020-08-12T16:00:00+08:00,243.41,-12.1,17.0,1.0,0.0056,False,True,0.5,True,True,False
2020-08-12T17:00:00+08:00,262.7833334,-12.3,16.3,1.0,0.0056,False,True,0.5,True,True,False
2020-08-12T18:00:00+08:00,265.8833333,-12.5,17.3,1.0,0.0056,False,True,0.5,True,True,False
2020-08-12T19:00:00+08:00,247.89,-12.4,15.3,1.0,0.0056,False,True,0.5,True,True,False
2020-08-12T20:00:00+08:00,247.76,-12.5,13.0,1.0,0.0056,True,True,0.5,True,False,False
2020-08-12T21:00:00+08:00,248.66,-12.5,10.9,0.8777777777777778,0.0056,True,True,0.5,True,False,False
2020-08-12T22:00:00+08:00,255.03,-13.5,12.7,1.0,0.0056,True,True,0.5,True,False,False
2020-08-12T23:00:00+08:00,263.3433333,-13.4,13.4,1.0,0.0056,True,True,0.5,True,False,False
2020-08-13T00:00:00+08:00,264.55,-13.5,11.6,0.9555555555555555,0.0056,True,True,0.5,True,False,False
2020-08-13T01:00:00+08:00,248.7866667,-13.5,8.8,0.6444444444444445,0.0056,True,True,0.5,True,False,False
2020-08-13T02:00:00+08:00,251.6566667,-13.9,13.3,1.0,0.0056,True,True,0.5,True,False,False
2020-08-13T03:00:00+08:00,242.3966667,-13.5,14.7,1.0,0.0056,True,True,0.5,True,False,False
2020-08-13T04:00:00+08:00,236.3266667,-13.2,15.1,1.0,0.0056,False,True,0.5,True,True,False
2020-08-13T05:00:00+08:00,231.59,-13.3,14.7,1.0,0.01575,True,True,0.5,True,False,False
2020-08-13T06:00:00+08:00,247.8166667,-13.3,12.6,1.0,0.025899999999999996,True,True,0.5,True,False,False
2020-08-13T07:00:00+08:00,241.6433333,-13.4,13.5,1.0,0.037099999999999994,True,True,0.5,True,False,False
2020-08-13T08:00:00+08:00,247.6866666,-13.3,13.2,1.0,0.035699999999999996,True,True,0.5,True,False,False
2020-08-13T09:00:00+08:00,245.3833334,-13.2,13.3,1.0,0.0231,True,True,0.5,True,False,False
2020-08-13T10:00:00+08:00,244.9983333,-13.0,12.1,1.0,0.007699999999999999,True,True,0.5,True,False,False
2020-08-13T11:00:00+08:00,249.79,-12.8,12.2,1.0,0.0014,True,True,0.5,True,False,False
2020-08-13T12:00:00+08:00,241.15,-12.7,10.9,0.8777777777777778,0.0,True,True,0.5,True,False,False
2020-08-13T13:00:00+08:00,236.29,-12.7,11.1,0.8999999999999999,0.0,True,True,0.5,True,False,False
2020-08-13T14:00:00+08:00,243.71,-12.9,12.0,1.0,0.0,True,True,0.5,True,False,False
2020-08-13T15:00:00+08:00,243.03,-12.6,12.0,1.0,0.0,True,True,0.5,True,False,False
2020-08-13T16:00:00+08:00,250.88,-12.7,11.4,0.9333333333333333,0.0,True,True,0.5,True,False,False
2020-08-13T17:00:00+08:00,256.58,-13.1,13.0,1.0,0.0,True,False,1.0,False,False,False
2020-08-13T18:00:00+08:00,256.79,-13.1,10.9,0.8777777777777778,0.0,True,False,1.0,False,False,False
2020-08-13T19:00:00+08:00,252.12,-13.4,9.8,0.7555555555555556,0.0,True,False,1.0,False,False,False
2020-08-13T20:00:00+08:00,244.09,-13.5,9.8,0.7555555555555556,0.0,True,False,1.0,False,False,False
2020-08-13T21:00:00+08:00,248.47,-14.1,10.2,0.7999999999999999,0.0,True,False,1.0,False,False,False
2020-08-13T22:00:00+08:00,239.43,-15.0,7.9,0.5444444444444445,0.0,True,False,1.0,False,False,False
2020-08-13T23:00:00+08:00,239.32,-14.9,9.0,0.6666666666666666,0.0,True,False,1.0,False,False,False
2020-08-14T00:00:00+08:00,254.1,-16.7,8.4,0.6000000000000001,0.0,True,False,1.0,False,False,False
2020-08-14T01:00:00+08:00,262.19,-17.0,8.7,0.6333333333333333,0.0,True,False,1.0,False,False,False
2020-08-14T02:00:00+08:00,249.1,-18.1,6.8,0.4222222222222222,0.0,True,False,1.0,False,False,False
2020-08-14T03:00:00+08:00,247.93,-18.7,9.4,0.7111111111111111,0.0,True,False,1.0,False,False,False
2020-08-14T04:00:00+08:00,238.87,-19.1,9.0,0.6666666666666666,0.0021,True,False,1.0,False,False,False
2020-08-14T05:00:00+08:00,240.44,-18.8,11.4,0.9333333333333333,0.0098,True,False,1.0,False,False,False
2020-08-14T06:00:00+08:00,241.32,-19.3,12.3,1.0,0.0224,True,False,1.0,False,False,False
2020-08-14T07:00:00+08:00,238.74,-20.1,12.2,1.0,0.030799999999999998,True,False,1.0,False,False,False
2020-08-14T08:00:00+08:00,246.75,-19.8,10.3,0.8111111111111112,0.0315,True,False,1.0,False,False,False
2020-08-14T09:00:00+08:00,249.55,-19.1,11.5,0.9444444444444444,0.021699999999999997,True,False,1.0,False,False,False
2020-08-14T10:00:00+08:00,238.33,-19.9,11.0,0.8888888888888888,0.007699999999999999,True,False,1.0,False,False,False
2020-08-14T11:00:00+08:00,236.24,-19.8,9.8,0.7555555555555556,0.0014,True,False,1.0,False,False,False
2020-08-14T12:00:00+08:00,249.93,-19.9,8.8,0.6444444444444445,0.0,True,False,1.0,False,False,False
2020-08-14T13:00:00+08:00,242.06,-19.5,8.5,0.6111111111111112,0.0,True,False,1.0,False,False,False
2020-08-14T14:00:00+08:00,227.87,-19.9,10.4,0.8222222222222223,0.0,True,False,1.0,False,False,False
2020-08-14T15:00:00+08:00,230.02,-20.3,11.1,0.8999999999999999,0.0,True,False,1.0,False,False,False
2020-08-14T16:00:00+08:00,241.49,-20.7,11.2,0.911111111111111,0.0,True,False,1.0,False,False,False
2020-08-14T17:00:00+08:00,256.64,-20.5,10.8,0.8666666666666667,0.0,True,False,1.0,False,False,False
2020-08-14T18:00:00+08:00,243.13,-20.7,11.4,0.9333333333333333,0.0,True,False,1.0,False,False,False
2020-08-14T19:00:00+08:00,246.3683333,-20.9,11.5,0.9444444444444444,0.0,True,False,1.0,False,False,False
2020-08-14T20:00:00+08:00,252.5666667,-21.2,10.0,0.7777777777777778,0.0,True,False,1.0,False,False,False
2020-08-14T21:00:00+08:00,246.2133333,-21.3,11.6,0.9555555555555555,0.0,True,False,1.0,False,False,False
2020-08-14T22:00:00+08:00,241.3633334,-20.2,8.3,0.588888888888889,0.0,True,False,1.0,False,False,False
2020-08-14T23:00:00+08:00,254.2833333,-19.4,9.8,0.7555555555555556,0.0,True,False,1.0,False,False,False
2020-08-15T00:00:00+08:00,239.8866666,-18.9,10.4,0.8222222222222223,0.0,True,False,1.0,False,False,False
2020-08-15T01:00:00+08:00,239.9133333,-18.4,8.2,0.5777777777777777,0.0,True,False,1.0,False,False,False
2020-08-15T02:00:00+08:00,240.01,-17.9,8.6,0.6222222222222222,0.0,True,False,1.0,False,False,False
2020-08-15T03:00:00+08:00,236.5933334,-17.1,8.8,0.6444444444444445,0.0,True,False,1.0,False,False,False
2020-08-15T04:00:00+08:00,242.6466666,-16.7,10.0,0.7777777777777778,0.0,True,False,1.0,False,False,False
2020-08-15T05:00:00+08:00,243.6266667,-16.5,9.2,0.6888888888888888,0.0161,True,False,1.0,False,False,False
2020-08-15T06:00:00+08:00,243.67,-15.9,8.5,0.6111111111111112,0.0322,True,False,1.0,False,False,False
2020-08-15T07:00:00+08:00,251.4166667,-15.3,9.7,0.7444444444444444,0.0406,True,False,1.0,False,False,False
2020-08-15T08:00:00+08:00,262.8433334,-15.2,10.5,0.8333333333333334,0.041299999999999996,True,False,1.0,False,False,False
2020-08-15T09:00:00+08:00,276.8566667,-15.0,12.5,1.0,0.025899999999999996,True,False,1.0,False,False,False
2020-08-15T10:00:00+08:00,264.6666666,-15.1,14.2,1.0,0.0084,True,False,1.0,False,False,False
2020-08-15T11:00:00+08:00,255.47,-14.9,13.4,1.0,0.0014,True,False,1.0,False,False,False
2020-08-15T12:00:00+08:00,263.72,-14.8,13.5,1.0,0.0,True,False,1.0,False,False,False
2020-08-15T13:00:00+08:00,256.98,-15.1,13.5,1.0,0.0,True,False,1.0,False,False,False
2020-08-15T14:00:00+08:00,245.56,-15.0,10.6,0.8444444444444444,0.0,True,False,1.0,False,False,False
2020-08-15T15:00:00+08:00,256.45,-14.5,9.4,0.7111111111111111,0.0,True,False,1.0,False,False,False
2020-08-15T16:00:00+08:00,254.69,-13.6,8.4,0.6000000000000001,0.0,True,False,1.0,False,False,False
2020-08-15T17:00:00+08:00,262.69,-13.5,7.5,0.5,0.0,True,False,1.0,False,False,False
2020-08-15T18:00:00+08:00,274.91,-13.0,10.4,0.8222222222222223,0.0,True,False,1.0,False,False,False
2020-08-15T19:00:00+08:00,244.43,-12.2,12.8,1.0,0.0,True,False,1.0,False,False,False
2020-08-15T20:00:00+08:00,239.23,-11.7,9.6,0.7333333333333333,0.0,True,False,1.0,False,False,False
2020-08-15T21:00:00+08:00,243.48,-11.7,11.3,0.9222222222222223,0.0,True,False,1.0,False,False,False
2020-08-15T22:00:00+08:00,255.98,-11.1,11.3,0.9222222222222223,0.0,True,False,1.0,False,False,False
2020-08-15T23:00:00+08:00,252.76,-10.3,10.9,0.8777777777777778,0.0,True,False,1.0,False,False,False
2020-08-16T00:00:00+08:00,258.97,-9.8,13.4,1.0,0.0,True,False,1.0,False,False,False
2020-08-16T01:00:00+08:00,259.79,-10.3,12.8,1.0,0.0,True,False,1.0,False,False,False
2020-08-16T02:00:00+08:00,248.15,-10.6,10.5,0.8333333333333334,0.0,True,False,1.0,False,False,False
2020-08-16T03:00:00+08:00,259.17,-9.3,16.9,1.0,0.0,False,True,0.5,True,True,False
2020-08-16T04:00:00+08:00,260.93,-9.2,16.7,1.0,0.0014,False,True,0.5,True,True,False
2020-08-16T05:00:00+08:00,242.885,-8.9,16.1,1.0,0.009099999999999999,False,True,0.5,True,True,False
2020-08-16T06:00:00+08:00,248.78,-7.7,15.2,1.0,0.018199999999999997,False,True,0.5,True,True,False
2020-08-16T07:00:00+08:00,245.02,-7.8,10.5,0.8333333333333334,0.027299999999999998,True,True,0.5,True,False,False
2020-08-16T08:00:00+08:00,261.92,-7.4,8.7,0.6333333333333333,0.027999999999999997,True,True,0.5,True,False,False
2020-08-16T09:00:00+08:00,232.11,-7.2,11.4,0.9333333333333333,0.0189,True,True,0.5,True,False,False
2020-08-16T10:00:00+08:00,245.2,-6.7,19.2,1.0,0.007699999999999999,False,True,0.5,True,True,False
2020-08-16T11:00:00+08:00,285.83,-5.9,17.0,1.0,0.0007,False,True,0.5,True,True,False
2020-08-16T12:00:00+08:00,278.55,-5.7,18.2,1.0,0.0,False,True,0.5,True,True,False
2020-08-16T13:00:00+08:00,281.7,-5.7,19.6,1.0,0.0,False,True,0.5,True,True,False
2020-08-16T14:00:00+08:00,245.07,-6.1,22.8,1.0,0.0,False,True,0.5,True,True,False
2020-08-16T15:00:00+08:00,242.17,-6.6,22.4,1.0,0.0,False,True,0.5,True,True,False
2020-08-16T16:00:00+08:00,238.74,-6.6,16.7,1.0,0.0,False,True,0.5,True,True,False
2020-08-16T17:00:00+08:00,251.29,-6.8,11.1,0.8999999999999999,0.0,True,True,0.5,True,False,False
2020-08-16T18:00:00+08:00,265.59,-6.8,5.2,0.24444444444444446,0.0,True,True,0.5,True,False,False
2020-08-16T19:00:00+08:00,235.89,-6.8,4.6,0.17777777777777773,0.0,True,True,0.5,True,False,False
2020-08-16T20:00:00+08:00,235.51,-6.7,4.1,0.12222222222222218,0.0,True,True,0.5,True,False,False
2020-08-16T21:00:00+08:00,234.77,-6.8,6.7,0.41111111111111115,0.0,True,True,0.5,True,False,False
2020-08-16T22:00:00+08:00,239.7,-7.0,5.8,0.3111111111111111,0.0,True,True,0.5,True,False,False
2020-08-16T23:00:00+08:00,239.68,-7.1,10.6,0.8444444444444444,0.0,True,True,0.5,True,False,False
2020-08-17T00:00:00+08:00,243.0866667,-7.3,17.3,1.0,0.0,False,True,0.5,True,True,False
2020-08-17T01:00:00+08:00,239.2066667,-7.7,23.0,1.0,0.0,False,True,0.5,True,True,False
2020-08-17T02:00:00+08:00,238.4833334,-7.8,19.3,1.0,0.0,False,True,0.5,True,True,False
2020-08-17T03:00:00+08:00,243.85,-8.0,17.8,1.0,0.0,False,True,0.5,True,True,False
2020-08-17T04:00:00+08:00,248.12,-8.0,17.3,1.0,0.0,False,True,0.5,True,True,False
2020-08-17T05:00:00+08:00,242.4666666,-7.7,14.3,1.0,0.0,True,True,0.5,True,False,False
2020-08-17T06:00:00+08:00,244.02,-7.1,10.3,0.8111111111111112,0.0,True,True,0.5,True,False,False
2020-08-17T07:00:00+08:00,253.9433333,-6.5,11.2,0.911111111111111,0.0,True,True,0.5,True,False,False
2020-08-17T08:00:00+08:00,250.6,-6.0,18.1,1.0,0.0,False,True,0.5,True,True,False
2020-08-17T09:00:00+08:00,234.72,-5.7,11.8,0.9777777777777779,0.0,True,True,0.5,True,False,False
2020-08-17T10:00:00+08:00,247.5966666,-5.3,11.5,0.9444444444444444,0.0,True,True,0.5,True,False,False
2020-08-17T11:00:00+08:00,245.28,-5.3,9.6,0.7333333333333333,0.0,True,True,0.5,True,False,False
2020-08-17T12:00:00+08:00,275.9833334,-5.2,10.1,0.7888888888888889,0.0,True,True,0.5,True,False,False
2020-08-17T13:00:00+08:00,239.23,-4.5,13.8,1.0,0.0,True,True,0.5,True,False,False
2020-08-17T14:00:00+08:00,249.7883333,-3.7,11.5,0.9444444444444444,0.0,True,True,0.5,True,False,False
2020-08-17T15:00:00+08:00,246.22,-3.8,10.4,0.8222222222222223,0.0,True,True,0.5,True,False,False
2020-08-17T16:00:00+08:00,245.45,-3.6,13.2,1.0,0.0,True,True,0.5,True,False,False
2020-08-17T17:00:00+08:00,263.6,-3.7,13.7,1.0,0.0,True,True,0.5,True,False,False
2020-08-17T18:00:00+08:00,258.05,-4.1,13.8,1.0,0.0,True,True,0.5,True,False,False
2020-08-17T19:00:00+08:00,242.34,-3.8,14.8,1.0,0.0,True,True,0.5,True,False,False
2020-08-17T20:00:00+08:00,248.86,-4.1,14.8,1.0,0.0,True,True,0.5,True,False,False
2020-08-17T21:00:00+08:00,240.0,-3.9,15.6,1.0,0.0,False,True,0.5,True,True,False
2020-08-17T22:00:00+08:00,232.94,-3.9,14.2,1.0,0.0,True,True,0.5,True,False,False
2020-08-17T23:00:00+08:00,244.42,-4.0,15.2,1.0,0.0,False,True,0.5,True,True,False
2020-08-18T00:00:00+08:00,234.65,-3.9,16.6,1.0,0.0,False,True,0.5,True,True,False
2020-08-18T01:00:00+08:00,230.97,-4.0,13.4,1.0,0.0,True,True,0.5,True,False,False
2020-08-18T02:00:00+08:00,236.87,-4.1,11.1,0.8999999999999999,0.0,True,True,0.5,True,False,False
2020-08-18T03:00:00+08:00,233.54,-4.3,10.8,0.8666666666666667,0.0,True,True,0.5,True,False,False
2020-08-18T04:00:00+08:00,236.0,-4.5,10.2,0.7999999999999999,0.0,True,True,0.5,True,False,False
2020-08-18T05:00:00+08:00,233.94,-4.5,9.4,0.7111111111111111,0.0,True,True,0.5,True,False,False
2020-08-18T06:00:00+08:00,227.75,-4.9,10.6,0.8444444444444444,0.0,True,True,0.5,True,False,False
2020-08-18T07:00:00+08:00,234.125,-4.6,10.3,0.8111111111111112,0.018549999999999997,True,True,0.5,True,False,False
2020-08-18T08:00:00+08:00,240.6,-4.9,7.5,0.5,0.037099999999999994,True,True,0.5,True,False,False
2020-08-18T09:00:00+08:00,250.71,-5.5,5.7,0.30000000000000004,0.0294,True,True,0.5,True,False,False
2020-08-18T10:00:00+08:00,245.49,-5.6,4.5,0.16666666666666666,0.0294,True,True,0.5,True,False,False
2020-08-18T11:00:00+08:00,246.65,-5.7,2.1,0.0,0.0294,True,True,0.5,True,False,False
2020-08-18T12:00:00+08:00,263.8,-6.1,1.9,0.0,0.0294,True,True,0.5,True,False,False
2020-08-18T13:00:00+08:00,248.9,-7.0,1.9,0.0,0.0294,True,False,1.0,False,False,False
2020-08-18T14:00:00+08:00,238.44,-8.0,2.3,0.0,0.0294,True,False,1.0,False,False,False
2020-08-18T15:00:00+08:00,245.73,-8.4,2.2,0.0,0.0294,True,False,1.0,False,False,False
2020-08-18T16:00:00+08:00,240.74,-7.4,6.0,0.3333333333333333,0.0294,True,False,1.0,False,False,False
2020-08-18T17:00:00+08:00,251.42,-7.1,6.8,0.4222222222222222,0.0294,True,False,1.0,False,False,False
2020-08-18T18:00:00+08:00,257.51,-7.1,7.7,0.5222222222222223,0.0294,True,False,1.0,False,False,False
2020-08-18T19:00:00+08:00,233.54,-7.7,5.5,0.2777777777777778,0.0294,True,False,1.0,False,False,False
2020-08-18T20:00:00+08:00,227.02,-8.0,6.1,0.3444444444444444,0.0294,True,False,1.0,False,False,False
2020-08-18T21:00:00+08:00,230.75,-8.2,8.5,0.6111111111111112,0.0294,True,False,1.0,False,False,False
2020-08-18T22:00:00+08:00,226.0,-8.5,8.5,0.6111111111111112,0.0294,True,False,1.0,False,False,False
2020-08-18T23:00:00+08:00,233.12,-8.4,9.4,0.7111111111111111,0.0294,True,False,1.0,False,False,False
2020-08-19T00:00:00+08:00,227.365,-8.9,6.3,0.36666666666666664,0.0294,True,False,1.0,False,False,False
2020-08-19T01:00:00+08:00,229.07,-8.7,5.6,0.28888888888888886,0.0294,True,False,1.0,False,False,False
2020-08-19T02:00:00+08:00,231.92,-9.2,8.0,0.5555555555555556,0.0294,True,False,1.0,False,False,False
2020-08-19T03:00:00+08:00,230.1566667,-8.7,10.0,0.7777777777777778,0.0294,True,False,1.0,False,False,False
2020-08-19T04:00:00+08:00,231.9566667,-8.3,9.8,0.7555555555555556,0.02905,True,False,1.0,False,False,False
2020-08-19T05:00:00+08:00,238.4266667,-8.2,9.8,0.7555555555555556,0.0287,True,False,1.0,False,False,False
2020-08-19T06:00:00+08:00,240.6533333,-7.8,11.2,0.911111111111111,0.0392,True,False,1.0,False,False,False
2020-08-19T07:00:00+08:00,233.4433333,-7.7,4.1,0.12222222222222218,0.0476,True,False,1.0,False,False,False
2020-08-19T08:00:00+08:00,229.9133333,-7.5,8.3,0.588888888888889,0.0469,True,False,1.0,False,False,False
2020-08-19T09:00:00+08:00,241.9233333,-7.1,14.6,1.0,0.0231,True,False,1.0,False,False,False
2020-08-19T10:00:00+08:00,244.1166666,-6.0,13.3,1.0,0.0098,True,False,1.0,False,False,False
2020-08-19T11:00:00+08:00,237.3366666,-6.4,13.0,1.0,0.0042,True,False,1.0,False,False,False
2020-08-19T12:00:00+08:00,259.7766666,-5.9,12.9,1.0,0.0,True,False,1.0,False,False,False
2020-08-19T13:00:00+08:00,240.7766667,-6.5,7.8,0.5333333333333333,0.0,True,False,1.0,False,False,False
2020-08-19T14:00:00+08:00,261.61,-5.7,12.3,1.0,0.0,True,False,1.0,False,False,False
2020-08-19T15:00:00+08:00,258.6666666,-6.3,11.0,0.8888888888888888,0.0,True,False,1.0,False,False,False
2020-08-19T16:00:00+08:00,263.33,-6.5,10.9,0.8777777777777778,0.0,True,False,1.0,False,False,False
2020-08-19T17:00:00+08:00,245.0283333,-6.7,6.3,0.36666666666666664,0.0,True,False,1.0,False,False,False
2020-08-19T18:00:00+08:00,259.28,-6.7,3.3,0.03333333333333331,0.0,True,False,1.0,False,False,False
2020-08-19T19:00:00+08:00,243.53,-6.6,4.1,0.12222222222222218,0.0,True,False,1.0,False,False,False
2020-08-19T20:00:00+08:00,238.01,-6.7,0.2,0.0,0.0,True,False,1.0,False,False,False
2020-08-19T21:00:00+08:00,240.65,-7.1,3.7,0.07777777777777779,0.0,True,False,1.0,False,False,False
2020-08-19T22:00:00+08:00,247.33,-7.0,2.0,0.0,0.0,True,False,1.0,False,False,False
2020-08-19T23:00:00+08:00,242.58,-6.8,5.1,0.23333333333333328,0.0,True,False,1.0,False,False,False
2020-08-20T00:00:00+08:00,229.15,-6.5,5.3,0.25555555555555554,0.0,True,False,1.0,False,False,False
2020-08-20T01:00:00+08:00,225.0,-6.2,3.7,0.07777777777777779,0.0,True,False,1.0,False,False,False
2020-08-20T02:00:00+08:00,237.84,-5.8,3.9,0.09999999999999999,0.0,True,False,1.0,False,False,False
2020-08-20T03:00:00+08:00,228.85,-5.5,10.5,0.8333333333333334,0.0,True,False,1.0,False,False,False
2020-08-20T04:00:00+08:00,235.18,-5.2,11.6,0.9555555555555555,0.0,True,False,1.0,False,False,False
2020-08-20T05:00:00+08:00,234.69,-5.2,12.1,1.0,0.0161,True,False,1.0,False,False,False
2020-08-20T06:00:00+08:00,235.39,-5.8,11.8,0.9777777777777779,0.0322,True,False,1.0,False,False,False
2020-08-20T07:00:00+08:00,237.36,-6.0,10.3,0.8111111111111112,0.036399999999999995,True,False,1.0,False,False,False
2020-08-20T08:00:00+08:00,252.85,-6.8,5.3,0.25555555555555554,0.035699999999999996,True,False,1.0,False,False,False
2020-08-20T09:00:00+08:00,243.145,-7.3,7.1,0.4555555555555555,0.0441,True,False,1.0,False,False,False
2020-08-20T10:00:00+08:00,238.63,-7.0,9.2,0.6888888888888888,0.0189,True,False,1.0,False,False,False
2020-08-20T11:00:00+08:00,244.72,-8.1,6.6,0.39999999999999997,0.0034999999999999996,True,False,1.0,False,False,False
2020-08-20T12:00:00+08:00,258.32,-8.2,8.3,0.588888888888889,0.0,True,False,1.0,False,False,False
2020-08-20T13:00:00+08:00,242.17,-8.7,8.8,0.6444444444444445,0.0,True,False,1.0,False,False,False
2020-08-20T14:00:00+08:00,241.89,-9.1,11.4,0.9333333333333333,0.0,True,False,1.0,False,False,False
2020-08-20T15:00:00+08:00,233.09,-9.3,11.5,0.9444444444444444,0.0,True,False,1.0,False,False,False
2020-08-20T16:00:00+08:00,240.57,-8.1,13.5,1.0,0.0,True,False,1.0,False,False,False
2020-08-20T17:00:00+08:00,255.91,-7.7,13.5,1.0,0.0,True,False,1.0,False,False,False
2020-08-20T18:00:00+08:00,253.64,-7.8,11.8,0.9777777777777779,0.0,True,False,1.0,False,False,False
2020-08-20T19:00:00+08:00,243.4,-8.0,13.1,1.0,0.0,True,False,1.0,False,False,False
2020-08-20T20:00:00+08:00,249.65,-8.2,11.8,0.9777777777777779,0.0,True,False,1.0,False,False,False
2020-08-20T21:00:00+08:00,256.17,-8.2,10.9,0.8777777777777778,0.0,True,False,1.0,False,False,False
2020-08-20T22:00:00+08:00,254.68,-8.1,11.4,0.9333333333333333,0.0,True,False,1.0,False,False,False
2020-08-20T23:00:00+08:00,239.13,-8.0,10.6,0.8444444444444444,0.0,True,False,1.0,False,False,False
2020-08-21T00:00:00+08:00,237.71,-8.4,8.8,0.6444444444444445,0.0,True,False,1.0,False,False,False
2020-08-21T01:00:00+08:00,234.79,-9.4,6.2,0.35555555555555557,0.0,True,False,1.0,False,False,False
2020-08-21T02:00:00+08:00,236.46,-10.3,3.4,0.04444444444444443,0.0,True,False,1.0,False,False,False
2020-08-21T03:00:00+08:00,252.5466666,-11.0,2.1,0.0,0.0,True,False,1.0,False,False,False
2020-08-21T04:00:00+08:00,258.25,-11.2,0.9,0.0,0.0,True,False,1.0,False,False,False
2020-08-21T05:00:00+08:00,257.0966667,-11.4,1.8,0.0,0.01645,True,False,1.0,False,False,False
2020-08-21T06:00:00+08:00,230.25,-10.5,1.2,0.0,0.0329,True,False,1.0,False,False,False
2020-08-21T07:00:00+08:00,234.7466667,-10.2,0.2,0.0,0.0392,True,False,1.0,False,False,False
2020-08-21T08:00:00+08:00,252.61,-10.3,0.7,0.0,0.036399999999999995,True,False,1.0,False,False,False
2020-08-21T09:00:00+08:00,248.8033334,-12.0,1.6,0.0,0.027299999999999998,True,False,1.0,False,False,False
2020-08-21T10:00:00+08:00,240.8,-15.5,1.0,0.0,0.0147,True,False,1.0,False,False,False
2020-08-21T11:00:00+08:00,250.5166667,-17.7,2.0,0.0,0.0034999999999999996,True,False,1.0,False,False,False
2020-08-21T12:00:00+08:00,239.0,-18.3,2.7,0.0,0.0,True,False,1.0,False,False,False
2020-08-21T13:00:00+08:00,235.4366667,-19.5,1.9,0.0,0.0,True,False,1.0,False,False,False
2020-08-21T14:00:00+08:00,235.7633333,-20.2,2.4,0.0,0.0,True,False,1.0,False,False,False
2020-08-21T15:00:00+08:00,225.5566667,-21.5,1.4,0.0,0.0,True,False,1.0,False,False,False
2020-08-21T16:00:00+08:00,248.2633334,-22.3,1.4,0.0,0.0,True,False,1.0,False,False,False
2020-08-21T17:00:00+08:00,254.15,-22.7,2.2,0.0,0.0,True,False,1.0,False,False,False
2020-08-21T18:00:00+08:00,258.1266666,-23.4,1.8,0.0,0.0,True,False,1.0,False,False,False
2020-08-21T19:00:00+08:00,252.7883333,-26.7,2.1,0.0,0.0,True,False,1.0,False,False,False
2020-08-21T20:00:00+08:00,244.28,-28.1,2.4,0.0,0.0,True,False,1.0,False,False,False
2020-08-21T21:00:00+08:00,246.04,-29.1,1.2,0.0,0.0,True,False,1.0,False,False,False
2020-08-21T22:00:00+08:00,250.95,-30.5,1.9,0.0,0.0,True,False,1.0,False,False,False
2020-08-21T23:00:00+08:00,243.72,-30.5,0.2,0.0,0.0,True,False,1.0,False,False,False
2020-08-22T00:00:00+08:00,234.5,-30.9,2.0,0.0,0.0,True,False,1.0,False,False,False
2020-08-22T01:00:00+08:00,234.53,-29.6,0.2,0.0,0.0,True,False,1.0,False,False,False
2020-08-22T02:00:00+08:00,230.67,-27.5,1.2,0.0,0.0,True,False,1.0,False,False,False
2020-08-22T03:00:00+08:00,224.88,-27.1,1.9,0.0,0.0,True,False,1.0,False,False,False
2020-08-22T04:00:00+08:00,226.87,-25.7,0.7,0.0,0.015399999999999999,True,False,1.0,False,False,False
2020-08-22T05:00:00+08:00,225.45,-25.1,1.2,0.0,0.030799999999999998,True,False,1.0,False,False,False
2020-08-22T06:00:00+08:00,229.68,-26.7,1.5,0.0,0.0469,True,False,1.0,False,False,False
2020-08-22T07:00:00+08:00,248.9,-28.3,0.8,0.0,0.06509999999999999,True,False,1.0,False,False,False
2020-08-22T08:00:00+08:00,241.15,-29.0,3.0,0.0,0.0644,True,False,1.0,False,False,False
2020-08-22T09:00:00+08:00,244.11,-28.4,1.4,0.0,0.049699999999999994,True,False,1.0,False,False,False
2020-08-22T10:00:00+08:00,249.42,-29.5,0.5,0.0,0.025899999999999996,True,False,1.0,False,False,False
2020-08-22T11:00:00+08:00,243.6,-31.5,3.1,0.01111111111111112,0.0056,True,False,1.0,False,False,False
2020-08-22T12:00:00+08:00,269.56,-30.4,2.4,0.0,0.0,True,False,1.0,False,False,False
2020-08-22T13:00:00+08:00,246.75,-31.4,2.2,0.0,0.0,True,False,1.0,False,False,False
2020-08-22T14:00:00+08:00,239.85,-32.3,2.1,0.0,0.0,True,False,1.0,False,False,False
2020-08-22T15:00:00+08:00,243.12,-31.7,0.0,0.0,0.0,True,False,1.0,False,False,False
2020-08-22T16:00:00+08:00,238.54,-30.3,1.9,0.0,0.0,True,False,1.0,False,False,False
2020-08-22T17:00:00+08:00,255.06,-33.1,0.5,0.0,0.0,True,False,1.0,False,False,False
2020-08-22T18:00:00+08:00,271.08,-33.6,1.8,0.0,0.0,True,False,1.0,False,False,False
2020-08-22T19:00:00+08:00,271.86,-33.4,1.8,0.0,0.0,True,False,1.0,False,False,False
2020-08-22T20:00:00+08:00,262.81,-30.2,2.4,0.0,0.0,True,False,1.0,False,False,False
2020-08-22T21:00:00+08:00,250.73,-19.4,7.7,0.5222222222222223,0.0,True,False,1.0,False,False,False
2020-08-22T22:00:00+08:00,231.9,-19.3,7.2,0.4666666666666667,0.0,True,False,1.0,False,False,False
2020-08-22T23:00:00+08:00,248.3,-19.3,6.6,0.39999999999999997,0.0,True,False,1.0,False,False,False
2020-08-23T00:00:00+08:00,236.51,-17.5,8.2,0.5777777777777777,0.0,True,False,1.0,False,False,False
2020-08-23T01:00:00+08:00,240.86,-16.9,10.3,0.8111111111111112,0.0,True,False,1.0,False,False,False
2020-08-23T02:00:00+08:00,235.73,-16.7,7.8,0.5333333333333333,0.0,True,False,1.0,False,False,False
2020-08-23T03:00:00+08:00,230.86,-17.3,6.2,0.35555555555555557,0.0014,True,False,1.0,False,False,False
2020-08-23T04:00:00+08:00,229.83,-16.1,10.4,0.8222222222222223,0.0119,True,False,1.0,False,False,False
2020-08-23T05:00:00+08:00,238.24,-15.3,8.9,0.6555555555555556,0.0336,True,False,1.0,False,False,False
2020-08-23T06:00:00+08:00,224.6166667,-14.9,8.0,0.5555555555555556,0.0567,True,False,1.0,False,False,False
2020-08-23T07:00:00+08:00,237.92,-14.4,6.5,0.3888888888888889,0.06999999999999999,True,False,1.0,False,False,False
2020-08-23T08:00:00+08:00,249.5166666,-14.9,3.8,0.08888888888888886,0.0693,True,False,1.0,False,False,False
2020-08-23T09:00:00+08:00,243.5633333,-15.2,4.7,0.1888888888888889,0.054599999999999996,True,False,1.0,False,False,False
2020-08-23T10:00:00+08:00,241.4033333,-14.8,6.4,0.3777777777777778,0.0294,True,False,1.0,False,False,False
2020-08-23T11:00:00+08:00,240.5166666,-15.1,7.6,0.5111111111111111,0.0056,True,False,1.0,False,False,False
2020-08-23T12:00:00+08:00,260.13,-14.8,10.2,0.7999999999999999,0.0,True,False,1.0,False,False,False
2020-08-23T13:00:00+08:00,237.23,-15.3,8.2,0.5777777777777777,0.0,True,False,1.0,False,False,False
2020-08-23T14:00:00+08:00,243.2333333,-14.7,7.7,0.5222222222222223,0.0,True,False,1.0,False,False,False
2020-08-23T15:00:00+08:00,245.0266667,-14.9,9.7,0.7444444444444444,0.0,True,False,1.0,False,False,False
2020-08-23T16:00:00+08:00,235.81,-15.1,6.9,0.43333333333333335,0.0,True,False,1.0,False,False,False
2020-08-23T17:00:00+08:00,261.3633333,-14.7,7.8,0.5333333333333333,0.0,True,False,1.0,False,False,False
2020-08-23T18:00:00+08:00,275.9166666,-15.2,6.7,0.41111111111111115,0.0,True,False,1.0,False,False,False
2020-08-23T19:00:00+08:00,256.7033333,-14.5,5.5,0.2777777777777778,0.0,True,False,1.0,False,False,False
2020-08-23T20:00:00+08:00,256.6366667,-15.2,5.7,0.30000000000000004,0.0,True,False,1.0,False,False,False
2020-08-23T21:00:00+08:00,250.1366667,-14.6,6.0,0.3333333333333333,0.0,True,False,1.0,False,False,False
2020-08-23T22:00:00+08:00,246.5516667,-17.3,2.1,0.0,0.0,True,False,1.0,False,False,False
2020-08-23T23:00:00+08:00,245.53,-19.9,2.8,0.0,0.0,True,False,1.0,False,False,False
2020-08-24T00:00:00+08:00,236.9,-21.7,3.5,0.05555555555555555,0.0,True,False,1.0,False,False,False
2020-08-24T01:00:00+08:00,244.68,-19.9,1.8,0.0,0.0,True,False,1.0,False,False,False
2020-08-24T02:00:00+08:00,245.05,-21.1,1.7,0.0,0.0,True,False,1.0,False,False,False
2020-08-24T03:00:00+08:00,250.39,-21.5,1.3,0.0,0.0014,True,False,1.0,False,False,False
2020-08-24T04:00:00+08:00,252.27,-20.4,3.4,0.04444444444444443,0.0112,True,False,1.0,False,False,False
2020-08-24T05:00:00+08:00,257.09,-19.0,5.2,0.24444444444444446,0.027299999999999998,True,False,1.0,False,False,False
2020-08-24T06:00:00+08:00,266.35,-20.0,9.6,0.7333333333333333,0.043399999999999994,True,False,1.0,False,False,False
2020-08-24T07:00:00+08:00,267.08,-20.8,11.1,0.8999999999999999,0.0574,True,False,1.0,False,False,False
2020-08-24T08:00:00+08:00,272.63,-21.9,12.5,1.0,0.0469,True,False,1.0,False,False,False
2020-08-24T09:00:00+08:00,262.86,-22.4,13.9,1.0,0.042699999999999995,True,False,1.0,False,False,False
2020-08-24T10:00:00+08:00,243.6,-22.3,12.9,1.0,0.0231,True,False,1.0,False,False,False
2020-08-24T11:00:00+08:00,250.35,-21.9,17.1,1.0,0.006299999999999999,False,True,0.5,True,True,False
2020-08-24T12:00:00+08:00,263.21,-21.6,12.4,1.0,0.0007,True,True,0.5,True,False,False
2020-08-24T13:00:00+08:00,243.3,-21.7,13.9,1.0,0.0,True,True,0.5,True,False,False
2020-08-24T14:00:00+08:00,234.81,-21.4,12.0,1.0,0.0,True,True,0.5,True,False,False
2020-08-24T15:00:00+08:00,235.755,-22.6,12.7,1.0,0.0,True,True,0.5,True,False,False
2020-08-24T16:00:00+08:00,239.64,-22.1,12.4,1.0,0.0,True,True,0.5,True,False,False
2020-08-24T17:00:00+08:00,247.38,-22.6,11.9,0.9888888888888889,0.0,True,True,0.5,True,False,False
2020-08-24T18:00:00+08:00,255.46,-22.8,11.5,0.9444444444444444,0.0,True,True,0.5,True,False,False
2020-08-24T19:00:00+08:00,257.66,-22.8,11.3,0.9222222222222223,0.0,True,True,0.5,True,False,False
2020-08-24T20:00:00+08:00,237.5,-23.1,9.4,0.7111111111111111,0.0,True,True,0.5,True,False,False
2020-08-24T21:00:00+08:00,234.5,-22.7,9.0,0.6666666666666666,0.0,True,True,0.5,True,False,False
2020-08-24T22:00:00+08:00,231.75,-22.3,9.6,0.7333333333333333,0.0,True,True,0.5,True,False,False
2020-08-24T23:00:00+08:00,233.26,-22.6,9.1,0.6777777777777777,0.0,True,True,0.5,True,False,False
2020-08-25T00:00:00+08:00,233.67,-22.4,9.5,0.7222222222222222,0.0,True,False,1.0,False,False,False
2020-08-25T01:00:00+08:00,233.87,-22.8,9.6,0.7333333333333333,0.0,True,False,1.0,False,False,False
2020-08-25T02:00:00+08:00,238.81,-22.8,9.3,0.7000000000000001,0.0,True,False,1.0,False,False,False
2020-08-25T03:00:00+08:00,233.2,-22.7,8.5,0.6111111111111112,0.0014,True,False,1.0,False,False,False
2020-08-25T04:00:00+08:00,231.59,-22.4,8.8,0.6444444444444445,0.0112,True,False,1.0,False,False,False
2020-08-25T05:00:00+08:00,229.96,-21.8,8.3,0.588888888888889,0.030099999999999995,True,False,1.0,False,False,False
2020-08-25T06:00:00+08:00,227.75,-21.4,7.5,0.5,0.0483,True,False,1.0,False,False,False
2020-08-25T07:00:00+08:00,233.09,-20.8,9.6,0.7333333333333333,0.0595,True,False,1.0,False,False,False
2020-08-25T08:00:00+08:00,238.52,-20.3,9.6,0.7333333333333333,0.0574,True,False,1.0,False,False,False
2020-08-25T09:00:00+08:00,235.72,-19.9,9.1,0.6777777777777777,0.0455,True,False,1.0,False,False,False
2020-08-25T10:00:00+08:00,236.0433333,-18.8,6.8,0.4222222222222222,0.025899999999999996,True,False,1.0,False,False,False
2020-08-25T11:00:00+08:00,246.2033333,-18.3,5.1,0.23333333333333328,0.007699999999999999,True,False,1.0,False,False,False
2020-08-25T12:00:00+08:00,260.3033333,-18.1,5.2,0.24444444444444446,0.0007,True,False,1.0,False,False,False
2020-08-25T13:00:00+08:00,256.33,-17.3,5.9,0.32222222222222224,0.0,True,False,1.0,False,False,False
2020-08-25T14:00:00+08:00,251.8933334,-16.7,5.8,0.3111111111111111,0.0,True,False,1.0,False,False,False
2020-08-25T15:00:00+08:00,237.1666667,-15.9,5.8,0.3111111111111111,0.0,True,False,1.0,False,False,False
2020-08-25T16:00:00+08:00,228.7766667,-15.6,5.0,0.2222222222222222,0.0,True,False,1.0,False,False,False
2020-08-25T17:00:00+08:00,242.2766667,-15.3,5.2,0.24444444444444446,0.0,True,False,1.0,False,False,False
2020-08-25T18:00:00+08:00,263.0566667,-14.5,4.5,0.16666666666666666,0.0,True,False,1.0,False,False,False
2020-08-25T19:00:00+08:00,265.32,-13.6,6.0,0.3333333333333333,0.0,True,False,1.0,False,False,False
2020-08-25T20:00:00+08:00,247.4433333,-13.0,5.3,0.25555555555555554,0.0,True,False,1.0,False,False,False
2020-08-25T21:00:00+08:00,239.9033333,-12.6,5.0,0.2222222222222222,0.0,True,False,1.0,False,False,False
2020-08-25T22:00:00+08:00,233.3366667,-12.6,4.5,0.16666666666666666,0.0,True,False,1.0,False,False,False
2020-08-25T23:00:00+08:00,240.3433334,-12.4,4.5,0.16666666666666666,0.0,True,False,1.0,False,False,False
2020-08-26T00:00:00+08:00,231.3366667,-12.1,3.8,0.08888888888888886,0.0,True,False,1.0,False,False,False
2020-08-26T01:00:00+08:00,238.4166666,-12.8,0.8,0.0,0.0,True,False,1.0,False,False,False
2020-08-26T02:00:00+08:00,231.7,-13.1,0.7,0.0,0.0,True,False,1.0,False,False,False
2020-08-26T03:00:00+08:00,239.22,-12.5,3.1,0.01111111111111112,0.0014,True,False,1.0,False,False,False
2020-08-26T04:00:00+08:00,228.06,-12.1,5.8,0.3111111111111111,0.0098,True,False,1.0,False,False,False
2020-08-26T05:00:00+08:00,232.06,-12.0,5.6,0.28888888888888886,0.0315,True,False,1.0,False,False,False
2020-08-26T06:00:00+08:00,238.92,-12.1,5.0,0.2222222222222222,0.0476,True,False,1.0,False,False,False
2020-08-26T07:00:00+08:00,241.13,-12.1,5.8,0.3111111111111111,0.0672,True,False,1.0,False,False,False
2020-08-26T08:00:00+08:00,250.93,-12.1,6.8,0.4222222222222222,0.0532,True,False,1.0,False,False,False
2020-08-26T09:00:00+08:00,240.06,-12.5,9.8,0.7555555555555556,0.041999999999999996,True,False,1.0,False,False,False
2020-08-26T10:00:00+08:00,228.51,-13.1,9.8,0.7555555555555556,0.0245,True,False,1.0,False,False,False
2020-08-26T11:00:00+08:00,239.28,-13.5,9.7,0.7444444444444444,0.007699999999999999,True,False,1.0,False,False,False
2020-08-26T12:00:00+08:00,251.34,-13.9,9.5,0.7222222222222222,0.0007,True,False,1.0,False,False,False
2020-08-26T13:00:00+08:00,236.31,-13.9,9.8,0.7555555555555556,0.0,True,False,1.0,False,False,False
2020-08-26T14:00:00+08:00,229.46,-14.2,9.1,0.6777777777777777,0.0,True,False,1.0,False,False,False
2020-08-26T15:00:00+08:00,240.65,-14.5,8.7,0.6333333333333333,0.0,True,False,1.0,False,False,False
2020-08-26T16:00:00+08:00,241.33,-14.5,7.1,0.4555555555555555,0.0,True,False,1.0,False,False,False
2020-08-26T17:00:00+08:00,248.56,-14.8,6.1,0.3444444444444444,0.0,True,False,1.0,False,False,False
2020-08-26T18:00:00+08:00,263.24,-15.3,5.1,0.23333333333333328,0.0,True,False,1.0,False,False,False
2020-08-26T19:00:00+08:00,243.1,-15.2,4.9,0.21111111111111114,0.0,True,False,1.0,False,False,False
2020-08-26T20:00:00+08:00,242.8,-14.9,7.0,0.4444444444444444,0.0,True,False,1.0,False,False,False
2020-08-26T21:00:00+08:00,244.52,-14.9,6.2,0.35555555555555557,0.0,True,False,1.0,False,False,False
2020-08-26T22:00:00+08:00,251.34,-15.2,5.4,0.2666666666666667,0.0,True,False,1.0,False,False,False
2020-08-26T23:00:00+08:00,250.58,-15.4,7.1,0.4555555555555555,0.0,True,False,1.0,False,False,False
2020-08-27T00:00:00+08:00,251.46,-15.8,7.2,0.4666666666666667,0.0,True,False,1.0,False,False,False
2020-08-27T01:00:00+08:00,232.44,-16.4,5.2,0.24444444444444446,0.0,True,False,1.0,False,False,False
2020-08-27T02:00:00+08:00,226.71,-16.8,4.0,0.1111111111111111,0.0,True,False,1.0,False,False,False
2020-08-27T03:00:00+08:00,228.55,-16.5,6.5,0.3888888888888889,0.0034999999999999996,True,False,1.0,False,False,False
2020-08-27T04:00:00+08:00,228.97,-16.4,5.8,0.3111111111111111,0.0238,True,False,1.0,False,False,False
2020-08-27T05:00:00+08:00,224.76,-16.0,6.5,0.3888888888888889,0.0595,True,False,1.0,False,False,False
2020-08-27T06:00:00+08:00,234.79,-15.7,6.7,0.41111111111111115,0.08889999999999999,True,False,1.0,False,False,False
2020-08-27T07:00:00+08:00,233.03,-15.5,6.0,0.3333333333333333,0.10149999999999999,True,False,1.0,False,False,False
2020-08-27T08:00:00+08:00,254.08,-15.5,3.8,0.08888888888888886,0.098,True,False,1.0,False,False,False
2020-08-27T09:00:00+08:00,247.69,-15.6,3.2,0.02222222222222224,0.07419999999999999,True,False,1.0,False,False,False
2020-08-27T10:00:00+08:00,245.24,-16.6,2.6,0.0,0.034999999999999996,True,False,1.0,False,False,False
2020-08-27T11:00:00+08:00,241.2,-17.4,2.0,0.0,0.009099999999999999,True,False,1.0,False,False,False
2020-08-27T12:00:00+08:00,250.9516667,-17.9,2.2,0.0,0.0007,True,False,1.0,False,False,False
2020-08-27T13:00:00+08:00,238.8466667,-18.5,0.2,0.0,0.0,True,False,1.0,False,False,False
2020-08-27T14:00:00+08:00,236.07,-19.2,1.9,0.0,0.0,True,False,1.0,False,False,False
2020-08-27T15:00:00+08:00,232.5,-18.8,1.8,0.0,0.0,True,False,1.0,False,False,False
2020-08-27T16:00:00+08:00,232.7,-18.1,1.9,0.0,0.0,True,False,1.0,False,False,False
2020-08-27T17:00:00+08:00,237.6733334,-17.8,3.3,0.03333333333333331,0.0,True,False,1.0,False,False,False
2020-08-27T18:00:00+08:00,257.85,-16.3,6.0,0.3333333333333333,0.0,True,False,1.0,False,False,False
2020-08-27T19:00:00+08:00,243.62,-15.9,6.2,0.35555555555555557,0.0,True,False,1.0,False,False,False
2020-08-27T20:00:00+08:00,237.4333334,-16.2,5.1,0.23333333333333328,0.0,True,False,1.0,False,False,False
2020-08-27T21:00:00+08:00,234.73,-16.5,5.5,0.2777777777777778,0.0,True,False,1.0,False,False,False
2020-08-27T22:00:00+08:00,239.3033333,-16.2,4.6,0.17777777777777773,0.0,True,False,1.0,False,False,False
2020-08-27T23:00:00+08:00,229.7633333,-17.6,2.8,0.0,0.0,True,False,1.0,False,False,False
2020-08-28T00:00:00+08:00,234.64,-17.6,0.5,0.0,0.0,True,False,1.0,False,False,False
2020-08-28T01:00:00+08:00,239.3533334,-17.6,3.3,0.03333333333333331,0.0,True,False,1.0,False,False,False
2020-08-28T02:00:00+08:00,233.0533333,-18.5,2.2,0.0,0.0,True,False,1.0,False,False,False
2020-08-28T03:00:00+08:00,241.36,-19.7,2.5,0.0,0.0034999999999999996,True,False,1.0,False,False,False
2020-08-28T04:00:00+08:00,224.7033333,-18.9,1.3,0.0,0.021699999999999997,True,False,1.0,False,False,False
2020-08-28T05:00:00+08:00,232.1633333,-18.0,1.5,0.0,0.05039999999999999,True,False,1.0,False,False,False
2020-08-28T06:00:00+08:00,232.36,-17.8,2.5,0.0,0.0686,True,False,1.0,False,False,False
2020-08-28T07:00:00+08:00,240.55,-17.1,2.0,0.0,0.0875,True,False,1.0,False,False,False
2020-08-28T08:00:00+08:00,261.49,-16.7,1.1,0.0,0.1141,True,False,1.0,False,False,False
2020-08-28T09:00:00+08:00,258.03,-16.9,2.2,0.0,0.08889999999999999,True,False,1.0,False,False,False
2020-08-28T10:00:00+08:00,243.75,-17.3,2.9,0.0,0.043399999999999994,True,False,1.0,False,False,False
2020-08-28T11:00:00+08:00,254.07,-17.6,4.0,0.1111111111111111,0.0112,True,False,1.0,False,False,False
2020-08-28T12:00:00+08:00,239.47,-17.8,2.0,0.0,0.0007,True,False,1.0,False,False,False
2020-08-28T13:00:00+08:00,249.74,-17.8,1.3,0.0,0.0,True,False,1.0,False,False,False
2020-08-28T14:00:00+08:00,273.83,-17.5,4.2,0.13333333333333336,0.0,True,False,1.0,False,False,False
2020-08-28T15:00:00+08:00,266.37,-17.4,1.8,0.0,0.0,True,False,1.0,False,False,False
2020-08-28T16:00:00+08:00,259.84,-17.7,1.4,0.0,0.0,True,False,1.0,False,False,False
2020-08-28T17:00:00+08:00,264.84,-18.0,3.0,0.0,0.0,True,False,1.0,False,False,False
2020-08-28T18:00:00+08:00,247.51,-16.5,4.7,0.1888888888888889,0.0,True,False,1.0,False,False,False
2020-08-28T19:00:00+08:00,265.06,-17.3,4.3,0.14444444444444443,0.0,True,False,1.0,False,False,False
2020-08-28T20:00:00+08:00,239.12,-16.3,4.9,0.21111111111111114,0.0,True,False,1.0,False,False,False
2020-08-28T21:00:00+08:00,239.295,-17.3,4.8,0.19999999999999998,0.0,True,False,1.0,False,False,False
2020-08-28T22:00:00+08:00,247.4,-18.1,4.3,0.14444444444444443,0.0,True,False,1.0,False,False,False
2020-08-28T23:00:00+08:00,238.95,-18.0,3.9,0.09999999999999999,0.0,True,False,1.0,False,False,False
2020-08-29T00:00:00+08:00,245.71,-18.7,3.9,0.09999999999999999,0.0,True,False,1.0,False,False,False
2020-08-29T01:00:00+08:00,237.68,-19.2,3.2,0.02222222222222224,0.0,True,False,1.0,False,False,False
2020-08-29T02:00:00+08:00,242.61,-19.8,3.7,0.07777777777777779,0.0,True,False,1.0,False,False,False
2020-08-29T03:00:00+08:00,250.55,-18.1,3.7,0.07777777777777779,0.0034999999999999996,True,False,1.0,False,False,False
2020-08-29T04:00:00+08:00,235.47,-18.0,2.4,0.0,0.025199999999999997,True,False,1.0,False,False,False
2020-08-29T05:00:00+08:00,237.85,-17.7,3.7,0.07777777777777779,0.062299999999999994,True,False,1.0,False,False,False
2020-08-29T06:00:00+08:00,243.31,-17.5,3.0,0.0,0.0819,True,False,1.0,False,False,False
2020-08-29T07:00:00+08:00,235.18,-16.9,4.0,0.1111111111111111,0.0931,True,False,1.0,False,False,False
2020-08-29T08:00:00+08:00,256.51,-17.0,3.5,0.05555555555555555,0.119,True,False,1.0,False,False,False
2020-08-29T09:00:00+08:00,238.12,-17.9,3.4,0.04444444444444443,0.08259999999999999,True,False,1.0,False,False,False
2020-08-29T10:00:00+08:00,236.29,-18.9,2.3,0.0,0.0595,True,False,1.0,False,False,False
2020-08-29T11:00:00+08:00,241.99,-17.9,3.6,0.06666666666666668,0.013999999999999999,True,False,1.0,False,False,False
2020-08-29T12:00:00+08:00,259.91,-16.9,3.0,0.0,0.0014,True,False,1.0,False,False,False
2020-08-29T13:00:00+08:00,241.79,-16.2,3.5,0.05555555555555555,0.0,True,False,1.0,False,False,False
2020-08-29T14:00:00+08:00,228.155,-16.0,3.6,0.06666666666666668,0.0,True,False,1.0,False,False,False
2020-08-29T15:00:00+08:00,234.3233333,-15.6,3.1,0.01111111111111112,0.0,True,False,1.0,False,False,False
2020-08-29T16:00:00+08:00,237.3366666,-15.5,2.0,0.0,0.0,True,False,1.0,False,False,False
2020-08-29T17:00:00+08:00,243.99,-15.7,1.9,0.0,0.0,True,False,1.0,False,False,False
2020-08-29T18:00:00+08:00,255.3566667,-16.1,1.6,0.0,0.0,True,False,1.0,False,False,False
2020-08-29T19:00:00+08:00,254.4333333,-16.1,1.5,0.0,0.0,True,False,1.0,False,False,False
2020-08-29T20:00:00+08:00,241.7666667,-16.0,0.0,0.0,0.0,True,False,1.0,False,False,False
2020-08-29T21:00:00+08:00,233.2666667,-15.7,1.9,0.0,0.0,True,False,1.0,False,False,False
2020-08-29T22:00:00+08:00,239.3666667,-14.6,2.0,0.0,0.0,True,False,1.0,False,False,False
2020-08-29T23:00:00+08:00,228.2066667,-13.6,4.0,0.1111111111111111,0.0,True,False,1.0,False,False,False
2020-08-30T00:00:00+08:00,223.4633333,-11.3,6.6,0.39999999999999997,0.0,True,False,1.0,False,False,False
2020-08-30T01:00:00+08:00,234.96,-12.2,4.8,0.19999999999999998,0.0,True,False,1.0,False,False,False
2020-08-30T02:00:00+08:00,233.5833333,-12.0,5.2,0.24444444444444446,0.0,True,False,1.0,False,False,False
2020-08-30T03:00:00+08:00,226.5033333,-11.5,6.2,0.35555555555555557,0.0028,True,False,1.0,False,False,False
2020-08-30T04:00:00+08:00,241.6966667,-10.3,7.5,0.5,0.0196,True,False,1.0,False,False,False
2020-08-30T05:00:00+08:00,241.16,-9.8,7.0,0.4444444444444444,0.0441,True,False,1.0,False,False,False
2020-08-30T06:00:00+08:00,253.84,-9.2,6.7,0.41111111111111115,0.063,True,False,1.0,False,False,False
2020-08-30T07:00:00+08:00,257.3016666,-8.7,7.1,0.4555555555555555,0.0672,True,False,1.0,False,False,False
2020-08-30T08:00:00+08:00,251.14,-7.7,10.8,0.8666666666666667,0.06509999999999999,True,False,1.0,False,False,False
2020-08-30T09:00:00+08:00,240.25,-7.3,9.6,0.7333333333333333,0.0532,True,False,1.0,False,False,False
2020-08-30T10:00:00+08:00,242.76,-7.4,11.0,0.8888888888888888,0.0322,True,False,1.0,False,False,False
2020-08-30T11:00:00+08:00,254.56,-7.3,10.1,0.7888888888888889,0.0119,True,False,1.0,False,False,False
2020-08-30T12:00:00+08:00,272.31,-7.3,13.7,1.0,0.0007,True,False,1.0,False,False,False
2020-08-30T13:00:00+08:00,239.03,-7.6,16.3,1.0,0.0,False,True,0.5,True,True,False
2020-08-30T14:00:00+08:00,239.51,-7.6,16.2,1.0,0.0,False,True,0.5,True,True,False
2020-08-30T15:00:00+08:00,241.61,-7.4,12.4,1.0,0.0,True,True,0.5,True,False,False
2020-08-30T16:00:00+08:00,240.49,-7.3,11.4,0.9333333333333333,0.0,True,True,0.5,True,False,False
2020-08-30T17:00:00+08:00,263.61,-7.6,11.2,0.911111111111111,0.0,True,True,0.5,True,False,False
2020-08-30T18:00:00+08:00,268.86,-8.0,7.7,0.5222222222222223,0.0,True,True,0.5,True,False,False
2020-08-30T19:00:00+08:00,240.46,-8.0,9.4,0.7111111111111111,0.0,True,True,0.5,True,False,False
2020-08-30T20:00:00+08:00,238.15,-8.3,5.9,0.32222222222222224,0.0,True,True,0.5,True,False,False
2020-08-30T21:00:00+08:00,236.46,-8.5,6.6,0.39999999999999997,0.0,True,True,0.5,True,False,False
2020-08-30T22:00:00+08:00,234.22,-8.7,5.9,0.32222222222222224,0.0,True,True,0.5,True,False,False
2020-08-30T23:00:00+08:00,230.81,-8.8,5.1,0.23333333333333328,0.0,True,True,0.5,True,False,False
2020-08-31T00:00:00+08:00,228.62,-8.9,5.7,0.30000000000000004,0.0,True,True,0.5,True,False,False
2020-08-31T01:00:00+08:00,241.22,-9.2,2.1,0.0,0.0,True,True,0.5,True,False,False
2020-08-31T02:00:00+08:00,228.11,-9.5,1.6,0.0,0.0,True,True,0.5,True,False,False
2020-08-31T03:00:00+08:00,238.41,-9.7,0.1,0.0,0.0034999999999999996,True,False,1.0,False,False,False
2020-08-31T04:00:00+08:00,228.52,-9.6,1.2,0.0,0.0238,True,False,1.0,False,False,False
2020-08-31T05:00:00+08:00,242.56,-9.5,1.3,0.0,0.05039999999999999,True,False,1.0,False,False,False
2020-08-31T06:00:00+08:00,234.27,-9.2,0.8,0.0,0.06999999999999999,True,False,1.0,False,False,False
2020-08-31T07:00:00+08:00,234.54,-9.8,1.2,0.0,0.0805,True,False,1.0,False,False,False
2020-08-31T08:00:00+08:00,245.84,-10.3,2.4,0.0,0.07419999999999999,True,False,1.0,False,False,False
2020-08-31T09:00:00+08:00,216.085,-10.6,5.8,0.3111111111111111,0.061599999999999995,True,False,1.0,False,False,False
2020-08-31T10:00:00+08:00,227.21,-10.6,4.4,0.15555555555555559,0.041299999999999996,True,False,1.0,False,False,False
2020-08-31T11:00:00+08:00,242.53,-10.7,5.1,0.23333333333333328,0.0161,True,False,1.0,False,False,False
2020-08-31T12:00:00+08:00,245.45,-12.4,2.1,0.0,0.0021,True,False,1.0,False,False,False
2020-08-31T13:00:00+08:00,231.98,-12.1,2.9,0.0,0.0,True,False,1.0,False,False,False
2020-08-31T14:00:00+08:00,229.08,-11.6,3.5,0.05555555555555555,0.0,True,False,1.0,False,False,False
2020-08-31T15:00:00+08:00,255.84,-11.1,6.1,0.3444444444444444,0.0,True,False,1.0,False,False,False
2020-08-31T16:00:00+08:00,253.94,-11.4,9.0,0.6666666666666666,0.0,True,False,1.0,False,False,False
2020-08-31T17:00:00+08:00,264.7,-12.0,11.3,0.9222222222222223,0.0,True,False,1.0,False,False,False
2020-08-31T18:00:00+08:00,265.3066667,-13.0,12.7,1.0,0.0,True,False,1.0,False,False,False
2020-08-31T19:00:00+08:00,255.91,-13.7,12.0,1.0,0.0,True,False,1.0,False,False,False
2020-08-31T20:00:00+08:00,255.9666666,-13.9,11.5,0.9444444444444444,0.0,True,False,1.0,False,False,False
2020-08-31T21:00:00+08:00,259.8433334,-14.6,13.0,1.0,0.0,True,False,1.0,False,False,False
2020-08-31T22:00:00+08:00,260.8566666,-14.9,13.9,1.0,0.0,True,False,1.0,False,False,False
2020-08-31T23:00:00+08:00,250.7166666,-15.2,11.3,0.9222222222222223,0.0,True,False,1.0,False,False,False
2020-09-01T00:00:00+08:00,245.7466667,-15.3,14.7,1.0,0.0,True,False,1.0,False,False,False
2020-09-01T01:00:00+08:00,239.9833334,-15.4,11.3,0.9222222222222223,0.0,True,False,1.0,False,False,False
2020-09-01T02:00:00+08:00,239.2866666,-15.9,9.8,0.7555555555555556,0.0007,True,False,1.0,False,False,False
2020-09-01T03:00:00+08:00,240.64,-15.5,10.3,0.8111111111111112,0.009099999999999999,True,False,1.0,False,False,False
2020-09-01T04:00:00+08:00,245.78,-15.7,8.0,0.5555555555555556,0.0378,True,False,1.0,False,False,False
2020-09-01T05:00:00+08:00,238.0266666,-15.4,9.7,0.7444444444444444,0.0721,True,False,1.0,False,False,False
2020-09-01T06:00:00+08:00,242.7733334,-15.2,8.0,0.5555555555555556,0.0952,True,False,1.0,False,False,False
2020-09-01T07:00:00+08:00,253.5633333,-15.1,8.7,0.6333333333333333,0.1134,True,False,1.0,False,False,False
2020-09-01T08:00:00+08:00,246.2533334,-14.8,7.1,0.4555555555555555,0.1099,True,False,1.0,False,False,False
2020-09-01T09:00:00+08:00,240.5466666,-15.0,9.8,0.7555555555555556,0.0917,True,False,1.0,False,False,False
2020-09-01T10:00:00+08:00,242.98,-15.5,10.7,0.8555555555555555,0.0574,True,False,1.0,False,False,False
2020-09-01T11:00:00+08:00,257.89,-15.5,11.4,0.9333333333333333,0.021699999999999997,True,False,1.0,False,False,False
2020-09-01T12:00:00+08:00,247.89,-15.9,11.8,0.9777777777777779,0.0034999999999999996,True,False,1.0,False,False,False
2020-09-01T13:00:00+08:00,245.75,-16.2,10.1,0.7888888888888889,0.0,True,False,1.0,False,False,False
2020-09-01T14:00:00+08:00,235.31,-16.5,10.8,0.8666666666666667,0.0,True,False,1.0,False,False,False
2020-09-01T15:00:00+08:00,241.71,-16.7,10.4,0.8222222222222223,0.0,True,False,1.0,False,False,False
2020-09-01T16:00:00+08:00,249.21,-16.8,8.8,0.6444444444444445,0.0,True,False,1.0,False,False,False
2020-09-01T17:00:00+08:00,271.45,-17.0,6.5,0.3888888888888889,0.0,True,False,1.0,False,False,False
2020-09-01T18:00:00+08:00,262.3,-16.4,9.6,0.7333333333333333,0.0,True,False,1.0,False,False,False
2020-09-01T19:00:00+08:00,261.97,-16.8,8.3,0.588888888888889,0.0,True,False,1.0,False,False,False
2020-09-01T20:00:00+08:00,236.03,-16.7,8.1,0.5666666666666667,0.0,True,False,1.0,False,False,False
2020-09-01T21:00:00+08:00,229.95,-16.6,8.9,0.6555555555555556,0.0,True,False,1.0,False,False,False
2020-09-01T22:00:00+08:00,231.04,-17.5,6.7,0.41111111111111115,0.0,True,False,1.0,False,False,False
2020-09-01T23:00:00+08:00,221.27,-17.8,6.0,0.3333333333333333,0.0,True,False,1.0,False,False,False
2020-09-02T00:00:00+08:00,225.93,-17.9,7.2,0.4666666666666667,0.0,True,False,1.0,False,False,False
2020-09-02T01:00:00+08:00,223.68,-18.9,3.7,0.07777777777777779,0.0,True,False,1.0,False,False,False
2020-09-02T02:00:00+08:00,228.435,-20.4,4.4,0.15555555555555559,0.0007,True,False,1.0,False,False,False
2020-09-02T03:00:00+08:00,222.69,-18.6,6.8,0.4222222222222222,0.0084,True,False,1.0,False,False,False
2020-09-02T04:00:00+08:00,229.44,-17.1,9.7,0.7444444444444444,0.0336,True,False,1.0,False,False,False
2020-09-02T05:00:00+08:00,223.73,-17.1,9.1,0.6777777777777777,0.063,True,False,1.0,False,False,False
2020-09-02T06:00:00+08:00,222.53,-17.1,6.7,0.41111111111111115,0.08539999999999999,True,False,1.0,False,False,False
2020-09-02T07:00:00+08:00,232.43,-17.5,3.4,0.04444444444444443,0.0945,True,False,1.0,False,False,False
2020-09-02T08:00:00+08:00,226.03,-19.8,1.7,0.0,0.09029999999999999,True,False,1.0,False,False,False
2020-09-02T09:00:00+08:00,232.66,-19.5,1.6,0.0,0.077,True,False,1.0,False,False,False
2020-09-02T10:00:00+08:00,255.12,-21.5,1.6,0.0,0.034999999999999996,True,False,1.0,False,False,False
2020-09-02T11:00:00+08:00,248.195,-19.7,5.4,0.2666666666666667,0.0147,True,False,1.0,False,False,False
2020-09-02T12:00:00+08:00,227.14,-18.1,11.3,0.9222222222222223,0.0034999999999999996,True,False,1.0,False,False,False
2020-09-02T13:00:00+08:00,231.915,-18.7,8.1,0.5666666666666667,0.0,True,False,1.0,False,False,False
2020-09-02T14:00:00+08:00,231.12,-19.2,6.5,0.3888888888888889,0.0,True,False,1.0,False,False,False
2020-09-02T15:00:00+08:00,223.91,-19.1,8.1,0.5666666666666667,0.0,True,False,1.0,False,False,False
2020-09-02T16:00:00+08:00,231.015,-19.3,8.6,0.6222222222222222,0.0,True,False,1.0,False,False,False
2020-09-02T17:00:00+08:00,258.4,-19.3,9.3,0.7000000000000001,0.0,True,False,1.0,False,False,False
2020-09-02T18:00:00+08:00,249.57,-18.7,10.5,0.8333333333333334,0.0,True,False,1.0,False,False,False
2020-09-02T19:00:00+08:00,250.615,-18.3,8.1,0.5666666666666667,0.0,True,False,1.0,False,False,False
2020-09-02T20:00:00+08:00,231.765,-17.1,6.5,0.3888888888888889,0.0,True,False,1.0,False,False,False
2020-09-02T21:00:00+08:00,230.6983333,-16.0,6.5,0.3888888888888889,0.0,True,False,1.0,False,False,False
2020-09-02T22:00:00+08:00,240.4983333,-15.5,10.0,0.7777777777777778,0.0,True,False,1.0,False,False,False
2020-09-02T23:00:00+08:00,251.065,-14.6,10.5,0.8333333333333334,0.0,True,False,1.0,False,False,False
2020-09-03T00:00:00+08:00,236.4033333,-13.6,10.5,0.8333333333333334,0.0,True,False,1.0,False,False,False
2020-09-03T01:00:00+08:00,235.6366667,-13.5,13.1,1.0,0.0,True,False,1.0,False,False,False
2020-09-03T02:00:00+08:00,228.2933333,-13.1,11.2,0.911111111111111,0.0007,True,False,1.0,False,False,False
2020-09-03T03:00:00+08:00,236.4233333,-12.7,6.3,0.36666666666666664,0.0098,True,False,1.0,False,False,False
2020-09-03T04:00:00+08:00,221.6933333,-12.3,5.9,0.32222222222222224,0.036399999999999995,True,False,1.0,False,False,False
2020-09-03T05:00:00+08:00,233.6,-11.1,8.0,0.5555555555555556,0.07279999999999999,True,False,1.0,False,False,False
2020-09-03T06:00:00+08:00,224.8666667,-10.4,6.1,0.3444444444444444,0.08329999999999999,True,False,1.0,False,False,False
2020-09-03T07:00:00+08:00,264.9416667,-9.9,6.7,0.41111111111111115,0.0973,True,False,1.0,False,False,False
2020-09-03T08:00:00+08:00,248.1216666,-9.4,8.6,0.6222222222222222,0.0917,True,False,1.0,False,False,False
2020-09-03T09:00:00+08:00,235.5366666,-9.4,5.7,0.30000000000000004,0.08679999999999999,True,False,1.0,False,False,False
2020-09-03T10:00:00+08:00,245.1983333,-9.7,11.0,0.8888888888888888,0.0392,True,False,1.0,False,False,False
2020-09-03T11:00:00+08:00,244.6353333,-9.7,9.1,0.6777777777777777,0.0189,True,False,1.0,False,False,False
2020-09-03T12:00:00+08:00,241.453,-9.4,10.5,0.8333333333333334,0.0034999999999999996,True,False,1.0,False,False,False
2020-09-03T13:00:00+08:00,232.555,-9.4,11.0,0.8888888888888888,0.0,True,False,1.0,False,False,False
2020-09-03T14:00:00+08:00,222.85,-9.2,11.4,0.9333333333333333,0.0,True,False,1.0,False,False,False
2020-09-03T15:00:00+08:00,235.715,-9.1,9.4,0.7111111111111111,0.0,True,False,1.0,False,False,False
2020-09-03T16:00:00+08:00,259.2,-8.7,10.8,0.8666666666666667,0.0,True,False,1.0,False,False,False
2020-09-03T17:00:00+08:00,271.165,-8.6,10.9,0.8777777777777778,0.0,True,False,1.0,False,False,False
2020-09-03T18:00:00+08:00,261.395,-8.7,10.7,0.8555555555555555,0.0,True,False,1.0,False,False,False
2020-09-03T19:00:00+08:00,254.515,-8.7,10.4,0.8222222222222223,0.0,True,False,1.0,False,False,False
2020-09-03T20:00:00+08:00,244.425,-8.5,11.1,0.8999999999999999,0.0,True,False,1.0,False,False,False
2020-09-03T21:00:00+08:00,227.475,-8.5,11.4,0.9333333333333333,0.0,True,False,1.0,False,False,False
2020-09-03T22:00:00+08:00,233.68,-8.4,10.2,0.7999999999999999,0.0,True,False,1.0,False,False,False
2020-09-03T23:00:00+08:00,228.93,-8.1,11.3,0.9222222222222223,0.0,True,False,1.0,False,False,False
2020-09-04T00:00:00+08:00,230.53,-8.1,8.9,0.6555555555555556,0.0,True,False,1.0,False,False,False
2020-09-04T01:00:00+08:00,230.485,-7.5,9.5,0.7222222222222222,0.0,True,False,1.0,False,False,False
2020-09-04T02:00:00+08:00,233.735,-7.3,8.2,0.5777777777777777,0.0007,True,False,1.0,False,False,False
2020-09-04T03:00:00+08:00,236.7,-7.7,8.2,0.5777777777777777,0.0112,True,False,1.0,False,False,False
2020-09-04T04:00:00+08:00,232.36,-7.2,7.9,0.5444444444444445,0.0448,True,False,1.0,False,False,False
2020-09-04T05:00:00+08:00,233.61,-7.1,8.3,0.588888888888889,0.0805,True,False,1.0,False,False,False
2020-09-04T06:00:00+08:00,225.195,-6.9,6.8,0.4222222222222222,0.10919999999999999,True,False,1.0,False,False,False
2020-09-04T07:00:00+08:00,231.745,-6.8,4.4,0.15555555555555559,0.1197,True,False,1.0,False,False,False
2020-09-04T08:00:00+08:00,233.185,-6.9,4.6,0.17777777777777773,0.12179999999999998,True,False,1.0,False,False,False
2020-09-04T09:00:00+08:00,237.245,-7.0,3.1,0.01111111111111112,0.0882,True,False,1.0,False,False,False
2020-09-04T10:00:00+08:00,227.64,-7.8,2.5,0.0,0.07279999999999999,True,False,1.0,False,False,False
2020-09-04T11:00:00+08:00,257.84,-8.9,4.6,0.17777777777777773,0.0343,True,False,1.0,False,False,False
2020-09-04T12:00:00+08:00,248.53,-9.9,6.6,0.39999999999999997,0.0056,True,False,1.0,False,False,False
2020-09-04T13:00:00+08:00,231.375,-11.2,5.8,0.3111111111111111,0.0,True,False,1.0,False,False,False
2020-09-04T14:00:00+08:00,234.275,-12.1,5.3,0.25555555555555554,0.0,True,False,1.0,False,False,False
2020-09-04T15:00:00+08:00,230.665,-12.4,5.5,0.2777777777777778,0.0,True,False,1.0,False,False,False
2020-09-04T16:00:00+08:00,243.665,-12.5,6.0,0.3333333333333333,0.0,True,False,1.0,False,False,False
2020-09-04T17:00:00+08:00,245.56,-12.9,4.5,0.16666666666666666,0.0,True,False,1.0,False,False,False
2020-09-04T18:00:00+08:00,239.97,-12.8,2.2,0.0,0.0,True,False,1.0,False,False,False
2020-09-04T19:00:00+08:00,229.545,-12.8,0.5,0.0,0.0,True,False,1.0,False,False,False
2020-09-04T20:00:00+08:00,250.695,-12.9,2.0,0.0,0.0,True,False,1.0,False,False,False
2020-09-04T21:00:00+08:00,264.315,-13.8,3.3,0.03333333333333331,0.0,True,False,1.0,False,False,False
2020-09-04T22:00:00+08:00,252.53,-13.5,4.1,0.12222222222222218,0.0,True,False,1.0,False,False,False
2020-09-04T23:00:00+08:00,228.7333333,-14.7,1.3,0.0,0.0,True,False,1.0,False,False,False
2020-09-05T00:00:00+08:00,242.01,-15.2,1.3,0.0,0.0,True,False,1.0,False,False,False
2020-09-05T01:00:00+08:00,228.87,-16.0,1.1,0.0,0.0,True,False,1.0,False,False,False
2020-09-05T02:00:00+08:00,235.205,-16.2,0.9,0.0,0.0014,True,False,1.0,False,False,False
2020-09-05T03:00:00+08:00,237.32,-15.6,2.2,0.0,0.018199999999999997,True,False,1.0,False,False,False
2020-09-05T04:00:00+08:00,237.8266667,-16.2,1.8,0.0,0.06019999999999999,True,False,1.0,False,False,False
2020-09-05T05:00:00+08:00,226.99,-16.5,2.6,0.0,0.10289999999999999,True,False,1.0,False,False,False
2020-09-05T06:00:00+08:00,230.4866667,-16.3,2.1,0.0,0.13369999999999999,True,False,1.0,False,False,False
2020-09-05T07:00:00+08:00,257.9483333,-16.1,2.9,0.0,0.147,True,False,1.0,False,False,False
2020-09-05T08:00:00+08:00,238.66,-15.9,2.9,0.0,0.1421,True,False,1.0,False,False,False
2020-09-05T09:00:00+08:00,232.985,-16.2,1.7,0.0,0.119,True,False,1.0,False,False,False
2020-09-05T10:00:00+08:00,252.6883334,-17.1,2.8,0.0,0.0805,True,False,1.0,False,False,False
2020-09-05T11:00:00+08:00,267.685,-16.7,2.9,0.0,0.036399999999999995,True,False,1.0,False,False,False
2020-09-05T12:00:00+08:00,243.295,-17.5,3.6,0.06666666666666668,0.006999999999999999,True,False,1.0,False,False,False
2020-09-05T13:00:00+08:00,237.6783333,-14.9,8.3,0.588888888888889,0.0,True,False,1.0,False,False,False
2020-09-05T14:00:00+08:00,227.6583333,-15.0,10.3,0.8111111111111112,0.0,True,False,1.0,False,False,False
2020-09-05T15:00:00+08:00,233.065,-15.2,12.1,1.0,0.0,True,False,1.0,False,False,False
2020-09-05T16:00:00+08:00,238.05,-15.7,11.7,0.9666666666666666,0.0,True,False,1.0,False,False,False
2020-09-05T17:00:00+08:00,273.6,-15.7,10.9,0.8777777777777778,0.0,True,False,1.0,False,False,False
2020-09-05T18:00:00+08:00,254.725,-16.3,12.6,1.0,0.0,True,False,1.0,False,False,False
2020-09-05T19:00:00+08:00,246.5,-16.9,12.5,1.0,0.0,True,False,1.0,False,False,False
2020-09-05T20:00:00+08:00,254.415,-17.2,10.2,0.7999999999999999,0.0,True,False,1.0,False,False,False
2020-09-05T21:00:00+08:00,256.51,-17.3,11.1,0.8999999999999999,0.0,True,False,1.0,False,False,False
2020-09-05T22:00:00+08:00,238.33,-17.5,11.4,0.9333333333333333,0.0,True,False,1.0,False,False,False
2020-09-05T23:00:00+08:00,231.82,-17.5,11.7,0.9666666666666666,0.0,True,False,1.0,False,False,False
2020-09-06T00:00:00+08:00,237.645,-17.9,12.7,1.0,0.0,True,False,1.0,False,False,False
2020-09-06T01:00:00+08:00,243.815,-18.2,10.1,0.7888888888888889,0.0,True,False,1.0,False,False,False
2020-09-06T02:00:00+08:00,227.955,-18.8,11.1,0.8999999999999999,0.0021,True,False,1.0,False,False,False
2020-09-06T03:00:00+08:00,232.655,-19.1,10.6,0.8444444444444444,0.0189,True,False,1.0,False,False,False
2020-09-06T04:00:00+08:00,229.125,-19.1,10.7,0.8555555555555555,0.061599999999999995,True,False,1.0,False,False,False
2020-09-06T05:00:00+08:00,234.31,-18.8,10.4,0.8222222222222223,0.10709999999999999,True,False,1.0,False,False,False
2020-09-06T06:00:00+08:00,235.035,-18.8,8.5,0.6111111111111112,0.13999999999999999,True,False,1.0,False,False,False
2020-09-06T07:00:00+08:00,259.47,-18.6,7.5,0.5,0.1561,True,False,1.0,False,False,False
2020-09-06T08:00:00+08:00,248.415,-18.5,9.4,0.7111111111111111,0.1533,True,False,1.0,False,False,False
2020-09-06T09:00:00+08:00,246.235,-18.5,7.6,0.5111111111111111,0.1316,True,False,1.0,False,False,False
2020-09-06T10:00:00+08:00,239.63,-18.9,8.6,0.6222222222222222,0.0917,True,False,1.0,False,False,False
2020-09-06T11:00:00+08:00,247.26,-18.5,10.3,0.8111111111111112,0.0441,True,False,1.0,False,False,False
2020-09-06T12:00:00+08:00,251.195,-18.7,12.1,1.0,0.0084,True,False,1.0,False,False,False
2020-09-06T13:00:00+08:00,252.39,-19.0,12.1,1.0,0.0,True,False,1.0,False,False,False
2020-09-06T14:00:00+08:00,250.08,-19.2,10.9,0.8777777777777778,0.0,True,False,1.0,False,False,False
2020-09-06T15:00:00+08:00,236.09,-19.4,11.7,0.9666666666666666,0.0,True,False,1.0,False,False,False
2020-09-06T16:00:00+08:00,250.23,-20.3,12.7,1.0,0.0,True,False,1.0,False,False,False
2020-09-06T17:00:00+08:00,266.71,-20.5,13.8,1.0,0.0,True,False,1.0,False,False,False
2020-09-06T18:00:00+08:00,241.67,-21.0,15.0,1.0,0.0,False,True,0.5,True,True,False
2020-09-06T19:00:00+08:00,261.675,-21.3,13.7,1.0,0.0,True,True,0.5,True,False,False
2020-09-06T20:00:00+08:00,253.59,-21.5,13.2,1.0,0.0,True,True,0.5,True,False,False
2020-09-06T21:00:00+08:00,258.205,-21.0,12.9,1.0,0.0,True,True,0.5,True,False,False
2020-09-06T22:00:00+08:00,262.73,-21.1,11.0,0.8888888888888888,0.0,True,True,0.5,True,False,False
2020-09-06T23:00:00+08:00,256.8433334,-21.0,9.4,0.7111111111111111,0.0,True,True,0.5,True,False,False
2020-09-07T00:00:00+08:00,269.8866666,-20.6,9.4,0.7111111111111111,0.0,True,True,0.5,True,False,False
2020-09-07T01:00:00+08:00,276.375,-21.1,8.3,0.588888888888889,0.0,True,True,0.5,True,False,False
2020-09-07T02:00:00+08:00,255.6766667,-20.9,9.6,0.7333333333333333,0.0021,True,True,0.5,True,False,False
2020-09-07T03:00:00+08:00,251.0416667,-21.1,10.4,0.8222222222222223,0.0189,True,True,0.5,True,False,False
2020-09-07T04:00:00+08:00,247.6666667,-20.2,9.6,0.7333333333333333,0.0567,True,True,0.5,True,False,False
2020-09-07T05:00:00+08:00,265.235,-20.5,8.8,0.6444444444444445,0.0973,True,True,0.5,True,False,False
2020-09-07T06:00:00+08:00,252.7283333,-19.8,7.5,0.5,0.1288,True,True,0.5,True,False,False
2020-09-07T07:00:00+08:00,265.9316667,-19.4,5.3,0.25555555555555554,0.1421,True,False,1.0,False,False,False
2020-09-07T08:00:00+08:00,257.7066666,-19.5,2.8,0.0,0.1386,True,False,1.0,False,False,False
2020-09-07T09:00:00+08:00,253.9316667,-19.1,2.8,0.0,0.1141,True,False,1.0,False,False,False
2020-09-07T10:00:00+08:00,254.5566666,-19.5,0.8,0.0,0.0812,True,False,1.0,False,False,False
2020-09-07T11:00:00+08:00,246.8816667,-21.0,0.9,0.0,0.0399,True,False,1.0,False,False,False
2020-09-07T12:00:00+08:00,255.8666667,-22.2,3.5,0.05555555555555555,0.009099999999999999,True,False,1.0,False,False,False
2020-09-07T13:00:00+08:00,249.6633333,-22.5,1.7,0.0,0.0007,True,False,1.0,False,False,False
2020-09-07T14:00:00+08:00,255.9183333,-23.1,1.8,0.0,0.0,True,False,1.0,False,False,False
2020-09-07T15:00:00+08:00,260.5483334,-22.5,3.9,0.09999999999999999,0.0,True,False,1.0,False,False,False
2020-09-07T16:00:00+08:00,265.4116667,-21.1,4.5,0.16666666666666666,0.0,True,False,1.0,False,False,False
2020-09-07T17:00:00+08:00,265.725,-20.5,6.3,0.36666666666666664,0.0,True,False,1.0,False,False,False
2020-09-07T18:00:00+08:00,260.865,-20.3,7.6,0.5111111111111111,0.0,True,False,1.0,False,False,False
2020-09-07T19:00:00+08:00,254.88,-20.6,7.4,0.48888888888888893,0.0,True,False,1.0,False,False,False
2020-09-07T20:00:00+08:00,262.91,-20.5,6.9,0.43333333333333335,0.0,True,False,1.0,False,False,False
2020-09-07T21:00:00+08:00,253.83,-20.9,7.6,0.5111111111111111,0.0,True,False,1.0,False,False,False
2020-09-07T22:00:00+08:00,248.325,-21.2,4.7,0.1888888888888889,0.0,True,False,1.0,False,False,False
2020-09-07T23:00:00+08:00,251.73,-21.6,4.5,0.16666666666666666,0.0,True,False,1.0,False,False,False
2020-09-08T00:00:00+08:00,238.56,-22.9,2.9,0.0,0.0,True,False,1.0,False,False,False
2020-09-08T01:00:00+08:00,238.35,-23.3,2.4,0.0,0.0,True,False,1.0,False,False,False
2020-09-08T02:00:00+08:00,244.13,-23.6,2.4,0.0,0.0028,True,False,1.0,False,False,False
2020-09-08T03:00:00+08:00,266.5,-23.7,2.6,0.0,0.021699999999999997,True,False,1.0,False,False,False
2020-09-08T04:00:00+08:00,271.845,-23.8,1.9,0.0,0.06369999999999999,True,False,1.0,False,False,False
2020-09-08T05:00:00+08:00,251.635,-22.9,1.7,0.0,0.10779999999999999,True,False,1.0,False,False,False
2020-09-08T06:00:00+08:00,244.395,-22.0,1.7,0.0,0.1435,True,False,1.0,False,False,False
2020-09-08T07:00:00+08:00,260.425,-21.4,1.3,0.0,0.15889999999999999,True,False,1.0,False,False,False
2020-09-08T08:00:00+08:00,253.61,-22.1,1.3,0.0,0.1568,True,False,1.0,False,False,False
2020-09-08T09:00:00+08:00,251.0,-22.2,1.2,0.0,0.1358,True,False,1.0,False,False,False
2020-09-08T10:00:00+08:00,255.995,-21.9,1.2,0.0,0.0917,True,False,1.0,False,False,False
2020-09-08T11:00:00+08:00,266.615,-22.5,0.7,0.0,0.0441,True,False,1.0,False,False,False
2020-09-08T12:00:00+08:00,235.33,-23.0,0.2,0.0,0.0112,True,False,1.0,False,False,False
2020-09-08T13:00:00+08:00,222.45,-23.2,1.5,0.0,0.0007,True,False,1.0,False,False,False
2020-09-08T14:00:00+08:00,228.83,-23.4,1.3,0.0,0.0,True,False,1.0,False,False,False
2020-09-08T15:00:00+08:00,231.555,-23.2,1.4,0.0,0.0,True,False,1.0,False,False,False
2020-09-08T16:00:00+08:00,267.595,-23.2,1.7,0.0,0.0,True,False,1.0,False,False,False
2020-09-08T17:00:00+08:00,283.425,-23.9,0.4,0.0,0.0,True,False,1.0,False,False,False
2020-09-08T18:00:00+08:00,254.99,-23.8,0.0,0.0,0.0,True,False,1.0,False,False,False
2020-09-08T19:00:00+08:00,251.985,-23.5,0.0,0.0,0.0,True,False,1.0,False,False,False
2020-09-08T20:00:00+08:00,252.15,-24.9,0.5,0.0,0.0,True,False,1.0,False,False,False
2020-09-08T21:00:00+08:00,242.905,-23.6,2.2,0.0,0.0,True,False,1.0,False,False,False
2020-09-08T22:00:00+08:00,245.17,-23.7,1.9,0.0,0.0,True,False,1.0,False,False,False
2020-09-08T23:00:00+08:00,249.845,-23.6,0.6,0.0,0.0,True,False,1.0,False,False,False
2020-09-09T00:00:00+08:00,243.415,-21.3,2.7,0.0,0.0,True,False,1.0,False,False,False
2020-09-09T01:00:00+08:00,245.302,-15.8,4.3,0.14444444444444443,0.0,True,False,1.0,False,False,False
2020-09-09T02:00:00+08:00,243.3846666,-12.7,10.1,0.7888888888888889,0.0034999999999999996,True,False,1.0,False,False,False
2020-09-09T03:00:00+08:00,240.845,-12.9,10.0,0.7777777777777778,0.025199999999999997,True,False,1.0,False,False,False
2020-09-09T04:00:00+08:00,245.7683333,-12.9,6.3,0.36666666666666664,0.063,True,False,1.0,False,False,False
2020-09-09T05:00:00+08:00,244.1,-11.6,13.0,1.0,0.10709999999999999,True,False,1.0,False,False,False
2020-09-09T06:00:00+08:00,249.4016667,-11.2,11.1,0.8999999999999999,0.1372,True,False,1.0,False,False,False
2020-09-09T07:00:00+08:00,266.525,-11.2,9.6,0.7333333333333333,0.14909999999999998,True,False,1.0,False,False,False
2020-09-09T08:00:00+08:00,260.095,-10.8,9.8,0.7555555555555556,0.15259999999999999,True,False,1.0,False,False,False
2020-09-09T09:00:00+08:00,251.1266667,-11.2,10.1,0.7888888888888889,0.1407,True,False,1.0,False,False,False
2020-09-09T10:00:00+08:00,272.2266666,-11.4,9.3,0.7000000000000001,0.10359999999999998,True,False,1.0,False,False,False
2020-09-09T11:00:00+08:00,266.6283333,-12.3,7.7,0.5222222222222223,0.055999999999999994,True,False,1.0,False,False,False
2020-09-09T12:00:00+08:00,247.2116667,-12.4,9.5,0.7222222222222222,0.0161,True,False,1.0,False,False,False
2020-09-09T13:00:00+08:00,256.5483333,-13.0,9.6,0.7333333333333333,0.0014,True,False,1.0,False,False,False
2020-09-09T14:00:00+08:00,245.935,-13.0,8.5,0.6111111111111112,0.0,True,False,1.0,False,False,False
2020-09-09T15:00:00+08:00,252.8316666,-13.0,10.0,0.7777777777777778,0.0,True,False,1.0,False,False,False
2020-09-09T16:00:00+08:00,262.5566667,-14.0,7.8,0.5333333333333333,0.0,True,False,1.0,False,False,False
2020-09-09T17:00:00+08:00,272.2116666,-14.3,8.3,0.588888888888889,0.0,True,False,1.0,False,False,False
2020-09-09T18:00:00+08:00,266.2666667,-13.1,8.0,0.5555555555555556,0.0,True,False,1.0,False,False,False
2020-09-09T19:00:00+08:00,267.895,-13.0,5.9,0.32222222222222224,0.0,True,False,1.0,False,False,False
2020-09-09T20:00:00+08:00,259.535,-13.8,8.3,0.588888888888889,0.0,True,False,1.0,False,False,False
2020-09-09T21:00:00+08:00,263.33,-13.8,7.6,0.5111111111111111,0.0,True,False,1.0,False,False,False
2020-09-09T22:00:00+08:00,254.43,-15.3,2.9,0.0,0.0,True,False,1.0,False,False,False
2020-09-09T23:00:00+08:00,254.395,-16.2,1.8,0.0,0.0,True,False,1.0,False,False,False
2020-09-10T00:00:00+08:00,259.28,-13.6,9.6,0.7333333333333333,0.0,True,False,1.0,False,False,False
2020-09-10T01:00:00+08:00,249.085,-13.1,8.2,0.5777777777777777,0.0,True,False,1.0,False,False,False
2020-09-10T02:00:00+08:00,241.62,-12.8,9.6,0.7333333333333333,0.0042,True,False,1.0,False,False,False
2020-09-10T03:00:00+08:00,235.345,-12.6,8.1,0.5666666666666667,0.025899999999999996,True,False,1.0,False,False,False
2020-09-10T04:00:00+08:00,248.585,-11.8,8.4,0.6000000000000001,0.0644,True,False,1.0,False,False,False
2020-09-10T05:00:00+08:00,244.27,-11.5,8.1,0.5666666666666667,0.1099,True,False,1.0,False,False,False
2020-09-10T06:00:00+08:00,239.485,-11.3,4.7,0.1888888888888889,0.14489999999999997,True,False,1.0,False,False,False
2020-09-10T07:00:00+08:00,251.295,-10.8,3.7,0.07777777777777779,0.1624,True,False,1.0,False,False,False
2020-09-10T08:00:00+08:00,235.45,-12.0,1.6,0.0,0.1729,True,False,1.0,False,False,False
2020-09-10T09:00:00+08:00,248.97,-11.1,1.0,0.0,0.16449999999999998,True,False,1.0,False,False,False
2020-09-10T10:00:00+08:00,257.97,-10.8,1.3,0.0,0.12319999999999999,True,False,1.0,False,False,False
2020-09-10T11:00:00+08:00,267.345,-11.7,1.6,0.0,0.0686,True,False,1.0,False,False,False
2020-09-10T12:00:00+08:00,242.925,-11.7,4.7,0.1888888888888889,0.018199999999999997,True,False,1.0,False,False,False
2020-09-10T13:00:00+08:00,245.02,-10.7,10.3,0.8111111111111112,0.0014,True,False,1.0,False,False,False
2020-09-10T14:00:00+08:00,244.48,-10.3,12.6,1.0,0.0,True,False,1.0,False,False,False
2020-09-10T15:00:00+08:00,247.42,-10.7,14.1,1.0,0.0,True,False,1.0,False,False,False
2020-09-10T16:00:00+08:00,271.37,-10.7,14.0,1.0,0.0,True,False,1.0,False,False,False
2020-09-10T17:00:00+08:00,265.35,-10.9,13.6,1.0,0.0,True,False,1.0,False,False,False
2020-09-10T18:00:00+08:00,241.1275,-10.8,14.0,1.0,0.0,True,False,1.0,False,False,False
2020-09-10T19:00:00+08:00,239.1475,-11.7,12.8,1.0,0.0,True,False,1.0,False,False,False
2020-09-10T20:00:00+08:00,235.9716666,-11.3,11.5,0.9444444444444444,0.0,True,False,1.0,False,False,False
2020-09-10T21:00:00+08:00,236.8333334,-12.1,7.7,0.5222222222222223,0.0,True,False,1.0,False,False,False
2020-09-10T22:00:00+08:00,229.4933333,-11.8,8.4,0.6000000000000001,0.0,True,False,1.0,False,False,False
2020-09-10T23:00:00+08:00,245.1,-11.2,6.6,0.39999999999999997,0.0,True,False,1.0,False,False,False
2020-09-11T00:00:00+08:00,235.5666666,-10.8,7.4,0.48888888888888893,0.0,True,False,1.0,False,False,False
2020-09-11T01:00:00+08:00,237.0133334,-11.3,5.8,0.3111111111111111,0.0,True,False,1.0,False,False,False
2020-09-11T02:00:00+08:00,235.1533334,-9.5,6.6,0.39999999999999997,0.0028,True,False,1.0,False,False,False
2020-09-11T03:00:00+08:00,230.9366667,-7.3,10.7,0.8555555555555555,0.0133,True,False,1.0,False,False,False
2020-09-11T04:00:00+08:00,237.7233333,-7.4,9.6,0.7333333333333333,0.0469,True,False,1.0,False,False,False
2020-09-11T05:00:00+08:00,237.0633333,-7.5,9.1,0.6777777777777777,0.077,True,False,1.0,False,False,False
2020-09-11T06:00:00+08:00,234.67,-7.4,9.8,0.7555555555555556,0.12179999999999998,True,False,1.0,False,False,False
2020-09-11T07:00:00+08:00,240.1266666,-7.1,9.5,0.7222222222222222,0.14839999999999998,True,False,1.0,False,False,False
2020-09-11T08:00:00+08:00,235.6466667,-7.3,8.3,0.588888888888889,0.15259999999999999,True,False,1.0,False,False,False
2020-09-11T09:00:00+08:00,239.8966667,-7.6,6.1,0.3444444444444444,0.1141,True,False,1.0,False,False,False
2020-09-11T10:00:00+08:00,257.6866667,-6.9,5.7,0.30000000000000004,0.0798,True,False,1.0,False,False,False
2020-09-11T11:00:00+08:00,276.07,-6.5,7.5,0.5,0.0448,True,False,1.0,False,False,False
2020-09-11T12:00:00+08:00,263.1233333,-6.7,9.0,0.6666666666666666,0.018199999999999997,True,False,1.0,False,False,False
2020-09-11T13:00:00+08:00,259.46,-6.7,9.4,0.7111111111111111,0.0014,True,False,1.0,False,False,False
2020-09-11T14:00:00+08:00,256.11,-7.2,8.0,0.5555555555555556,0.0,True,False,1.0,False,False,False
2020-09-11T15:00:00+08:00,247.04,-7.5,9.3,0.7000000000000001,0.0,True,False,1.0,False,False,False
2020-09-11T16:00:00+08:00,249.31,-7.7,7.5,0.5,0.0,True,False,1.0,False,False,False
2020-09-11T17:00:00+08:00,263.65,-8.9,3.3,0.03333333333333331,0.0,True,False,1.0,False,False,False
2020-09-11T18:00:00+08:00,242.38,-9.9,7.3,0.47777777777777775,0.0,True,False,1.0,False,False,False
2020-09-11T19:00:00+08:00,246.37,-10.5,5.0,0.2222222222222222,0.0,True,False,1.0,False,False,False
2020-09-11T20:00:00+08:00,248.46,-11.1,4.1,0.12222222222222218,0.0,True,False,1.0,False,False,False
2020-09-11T21:00:00+08:00,232.75,-12.0,1.9,0.0,0.0,True,False,1.0,False,False,False
2020-09-11T22:00:00+08:00,239.96,-12.6,2.8,0.0,0.0,True,False,1.0,False,False,False
2020-09-11T23:00:00+08:00,235.6,-11.4,1.1,0.0,0.0,True,False,1.0,False,False,False
2020-09-12T00:00:00+08:00,243.15,-8.1,7.3,0.47777777777777775,0.0,True,False,1.0,False,False,False
2020-09-12T01:00:00+08:00,246.94,-7.0,8.3,0.588888888888889,0.0,True,False,1.0,False,False,False
2020-09-12T02:00:00+08:00,251.85,-6.7,8.2,0.5777777777777777,0.007699999999999999,True,False,1.0,False,False,False
2020-09-12T03:00:00+08:00,244.51,-6.4,9.2,0.6888888888888888,0.0525,True,False,1.0,False,False,False
2020-09-12T04:00:00+08:00,233.08,-6.1,8.5,0.6111111111111112,0.08889999999999999,True,False,1.0,False,False,False
2020-09-12T05:00:00+08:00,230.075,-5.2,11.9,0.9888888888888889,0.1085,True,False,1.0,False,False,False
2020-09-12T06:00:00+08:00,235.28,-5.4,8.0,0.5555555555555556,0.15539999999999998,True,False,1.0,False,False,False
2020-09-12T07:00:00+08:00,239.85,-5.4,8.3,0.588888888888889,0.15505,True,False,1.0,False,False,False
2020-09-12T08:00:00+08:00,233.12,-5.5,8.8,0.6444444444444445,0.1547,True,False,1.0,False,False,False
2020-09-12T09:00:00+08:00,234.92,-5.5,9.3,0.7000000000000001,0.1309,True,False,1.0,False,False,False
2020-09-12T10:00:00+08:00,258.85,-5.3,7.4,0.48888888888888893,0.10359999999999998,True,False,1.0,False,False,False
2020-09-12T11:00:00+08:00,280.95,-5.4,6.6,0.39999999999999997,0.061599999999999995,True,False,1.0,False,False,False
2020-09-12T12:00:00+08:00,254.48,-5.4,7.8,0.5333333333333333,0.031849999999999996,True,False,1.0,False,False,False
2020-09-12T13:00:00+08:00,241.97,-5.7,7.3,0.47777777777777775,0.0021,True,False,1.0,False,False,False
2020-09-12T14:00:00+08:00,242.94,-5.8,8.3,0.588888888888889,0.0,True,False,1.0,False,False,False
2020-09-12T15:00:00+08:00,248.61,-6.2,5.9,0.32222222222222224,0.0,True,False,1.0,False,False,False
2020-09-12T16:00:00+08:00,277.06,-6.3,6.5,0.3888888888888889,0.0,True,False,1.0,False,False,False
2020-09-12T17:00:00+08:00,283.62,-6.3,7.1,0.4555555555555555,0.0,True,False,1.0,False,False,False
2020-09-12T18:00:00+08:00,259.96,-6.3,4.9,0.21111111111111114,0.0,True,False,1.0,False,False,False
2020-09-12T19:00:00+08:00,254.66,-6.5,7.4,0.48888888888888893,0.0,True,False,1.0,False,False,False
2020-09-12T20:00:00+08:00,241.77,-6.6,9.0,0.6666666666666666,0.0,True,False,1.0,False,False,False
2020-09-12T21:00:00+08:00,252.6,-7.0,6.5,0.3888888888888889,0.0,True,False,1.0,False,False,False
2020-09-12T22:00:00+08:00,258.29,-7.1,7.8,0.5333333333333333,0.0,True,False,1.0,False,False,False
2020-09-12T23:00:00+08:00,256.01,-7.5,7.3,0.47777777777777775,0.0,True,False,1.0,False,False,False
2020-09-13T00:00:00+08:00,255.6933333,-7.6,6.9,0.43333333333333335,0.0,True,False,1.0,False,False,False
2020-09-13T01:00:00+08:00,251.86,-8.1,8.1,0.5666666666666667,0.0,True,False,1.0,False,False,False
2020-09-13T02:00:00+08:00,252.9233333,-8.2,8.9,0.6555555555555556,0.006299999999999999,True,False,1.0,False,False,False
2020-09-13T03:00:00+08:00,247.2866667,-8.5,7.1,0.4555555555555555,0.0336,True,False,1.0,False,False,False
2020-09-13T04:00:00+08:00,249.1033334,-8.6,5.9,0.32222222222222224,0.077,True,False,1.0,False,False,False
2020-09-13T05:00:00+08:00,238.7433333,-8.7,7.5,0.5,0.1183,True,False,1.0,False,False,False
2020-09-13T06:00:00+08:00,230.86,-8.6,5.7,0.30000000000000004,0.1379,True,False,1.0,False,False,False
2020-09-13T07:00:00+08:00,248.55,-8.5,5.8,0.3111111111111111,0.1561,True,False,1.0,False,False,False
2020-09-13T08:00:00+08:00,244.8333333,-8.6,4.5,0.16666666666666666,0.1582,True,False,1.0,False,False,False
2020-09-13T09:00:00+08:00,238.4866667,-8.9,4.4,0.15555555555555559,0.14559999999999998,True,False,1.0,False,False,False
2020-09-13T10:00:00+08:00,247.36,-9.3,3.6,0.06666666666666668,0.10289999999999999,True,False,1.0,False,False,False
2020-09-13T11:00:00+08:00,246.97,-9.8,3.8,0.08888888888888886,0.0525,True,False,1.0,False,False,False
2020-09-13T12:00:00+08:00,232.7766667,-10.3,3.6,0.06666666666666668,0.0189,True,False,1.0,False,False,False
2020-09-13T13:00:00+08:00,231.4066667,-10.7,3.6,0.06666666666666668,0.0021,True,False,1.0,False,False,False
2020-09-13T14:00:00+08:00,223.9216667,-11.0,4.1,0.12222222222222218,0.0,True,False,1.0,False,False,False
2020-09-13T15:00:00+08:00,234.79,-11.2,5.5,0.2777777777777778,0.0,True,False,1.0,False,False,False
2020-09-13T16:00:00+08:00,254.44,-11.3,4.0,0.1111111111111111,0.0,True,False,1.0,False,False,False
2020-09-13T17:00:00+08:00,266.05,-11.7,4.7,0.1888888888888889,0.0,True,False,1.0,False,False,False
2020-09-13T18:00:00+08:00,249.82,-12.1,4.3,0.14444444444444443,0.0,True,False,1.0,False,False,False
2020-09-13T19:00:00+08:00,240.6,-12.3,4.9,0.21111111111111114,0.0,True,False,1.0,False,False,False
2020-09-13T20:00:00+08:00,251.51,-12.6,6.4,0.3777777777777778,0.0,True,False,1.0,False,False,False
2020-09-13T21:00:00+08:00,248.19,-12.8,7.2,0.4666666666666667,0.0,True,False,1.0,False,False,False
2020-09-13T22:00:00+08:00,236.69,-13.8,11.8,0.9777777777777779,0.0,True,False,1.0,False,False,False
2020-09-13T23:00:00+08:00,229.95,-13.9,11.2,0.911111111111111,0.0,True,False,1.0,False,False,False
2020-09-14T00:00:00+08:00,232.02,-14.1,10.9,0.8777777777777778,0.0,True,False,1.0,False,False,False
2020-09-14T01:00:00+08:00,253.58,-14.7,11.0,0.8888888888888888,0.0014,True,False,1.0,False,False,False
2020-09-14T02:00:00+08:00,253.17,-14.7,12.4,1.0,0.015399999999999999,True,False,1.0,False,False,False
2020-09-14T03:00:00+08:00,231.17,-15.1,12.2,1.0,0.0574,True,False,1.0,False,False,False
2020-09-14T04:00:00+08:00,234.23,-15.0,10.2,0.7999999999999999,0.12249999999999998,True,False,1.0,False,False,False
2020-09-14T05:00:00+08:00,241.0,-14.5,8.4,0.6000000000000001,0.1687,True,False,1.0,False,False,False
2020-09-14T06:00:00+08:00,251.77,-14.9,11.3,0.9222222222222223,0.20579999999999998,True,False,1.0,False,False,False
2020-09-14T07:00:00+08:00,255.455,-14.8,8.3,0.588888888888889,0.21419999999999997,True,False,1.0,False,False,False
2020-09-14T08:00:00+08:00,240.06,-15.2,12.3,1.0,0.20929999999999999,True,False,1.0,False,False,False
2020-09-14T09:00:00+08:00,238.52,-15.1,8.6,0.6222222222222222,0.1855,True,False,1.0,False,False,False
2020-09-14T10:00:00+08:00,238.43,-15.9,12.0,1.0,0.14279999999999998,True,False,1.0,False,False,False
2020-09-14T11:00:00+08:00,244.65,-16.7,11.2,0.911111111111111,0.08259999999999999,True,False,1.0,False,False,False
2020-09-14T12:00:00+08:00,237.91,-17.8,14.1,1.0,0.027999999999999997,True,False,1.0,False,False,False
2020-09-14T13:00:00+08:00,230.68,-18.7,13.6,1.0,0.0034999999999999996,True,False,1.0,False,False,False
2020-09-14T14:00:00+08:00,229.53,-18.9,13.7,1.0,0.0,True,False,1.0,False,False,False
2020-09-14T15:00:00+08:00,230.2,-19.5,15.0,1.0,0.0,False,True,0.5,True,True,False
2020-09-14T16:00:00+08:00,226.47,-19.8,16.0,1.0,0.0,False,True,0.5,True,True,False
2020-09-14T17:00:00+08:00,254.95,-20.1,14.2,1.0,0.0,True,True,0.5,True,False,False
2020-09-14T18:00:00+08:00,236.92,-20.2,13.1,1.0,0.0,True,True,0.5,True,False,False
2020-09-14T19:00:00+08:00,244.65,-20.2,10.5,0.8333333333333334,0.0,True,True,0.5,True,False,False
2020-09-14T20:00:00+08:00,246.77,-20.2,10.6,0.8444444444444444,0.0,True,True,0.5,True,False,False
2020-09-14T21:00:00+08:00,234.78,-20.3,9.5,0.7222222222222222,0.0,True,True,0.5,True,False,False
2020-09-14T22:00:00+08:00,237.76,-19.7,10.1,0.7888888888888889,0.0,True,True,0.5,True,False,False
2020-09-14T23:00:00+08:00,235.09,-19.5,9.5,0.7222222222222222,0.0,True,True,0.5,True,False,False
2020-09-15T00:00:00+08:00,229.575,-19.1,9.5,0.7222222222222222,0.0,True,True,0.5,True,False,False
2020-09-15T01:00:00+08:00,225.89,-18.2,9.4,0.7111111111111111,0.0007,True,True,0.5,True,False,False
2020-09-15T02:00:00+08:00,231.93,-17.7,10.5,0.8333333333333334,0.0112,True,True,0.5,True,False,False
2020-09-15T03:00:00+08:00,231.8533333,-16.7,8.4,0.6000000000000001,0.041999999999999996,True,True,0.5,True,False,False
2020-09-15T04:00:00+08:00,244.8566667,-14.7,7.5,0.5,0.08399999999999999,True,True,0.5,True,False,False
2020-09-15T05:00:00+08:00,243.7433333,-12.6,7.4,0.48888888888888893,0.126,True,False,1.0,False,False,False
2020-09-15T06:00:00+08:00,245.7966666,-11.4,11.3,0.9222222222222223,0.1575,True,False,1.0,False,False,False
2020-09-15T07:00:00+08:00,258.82,-10.4,12.9,1.0,0.175,True,False,1.0,False,False,False
2020-09-15T08:00:00+08:00,241.5266667,-10.1,14.4,1.0,0.16799999999999998,True,False,1.0,False,False,False
2020-09-15T09:00:00+08:00,251.02,-9.3,15.1,1.0,0.1393,False,True,0.5,True,True,False
2020-09-15T10:00:00+08:00,262.7333333,-8.9,16.9,1.0,0.10569999999999999,False,True,0.5,True,True,False
2020-09-15T11:00:00+08:00,252.4733333,-8.5,14.3,1.0,0.0588,True,True,0.5,True,False,False
2020-09-15T12:00:00+08:00,221.19,-7.9,9.6,0.7333333333333333,0.0231,True,True,0.5,True,False,False
2020-09-15T13:00:00+08:00,224.6266667,-8.8,9.1,0.6777777777777777,0.0042,True,True,0.5,True,False,False
2020-09-15T14:00:00+08:00,234.5366667,-8.8,7.6,0.5111111111111111,0.0,True,True,0.5,True,False,False
2020-09-15T15:00:00+08:00,227.8133333,-9.0,11.4,0.9333333333333333,0.0,True,True,0.5,True,False,False
2020-09-15T16:00:00+08:00,257.2633334,-9.2,16.7,1.0,0.0,False,True,0.5,True,True,False
2020-09-15T17:00:00+08:00,269.8466667,-9.8,19.1,1.0,0.0,False,True,0.5,True,True,False
2020-09-15T18:00:00+08:00,246.61,-9.7,15.7,1.0,0.0,False,True,0.5,True,True,False
2020-09-15T19:00:00+08:00,252.88,-9.4,17.4,1.0,0.0,False,True,0.5,True,True,False
2020-09-15T20:00:00+08:00,235.06,-9.6,12.1,1.0,0.0,True,True,0.5,True,False,False
2020-09-15T21:00:00+08:00,243.83,-9.7,12.5,1.0,0.0,True,True,0.5,True,False,False
2020-09-15T22:00:00+08:00,243.75,-9.7,6.9,0.43333333333333335,0.0,True,True,0.5,True,False,False
2020-09-15T23:00:00+08:00,233.39,-9.7,8.0,0.5555555555555556,0.0,True,True,0.5,True,False,False
2020-09-16T00:00:00+08:00,221.38,-9.5,6.8,0.4222222222222222,0.0,True,True,0.5,True,False,False
2020-09-16T01:00:00+08:00,227.32,-9.5,7.2,0.4666666666666667,0.0007,True,True,0.5,True,False,False
2020-09-16T02:00:00+08:00,224.55,-9.5,6.0,0.3333333333333333,0.0112,True,True,0.5,True,False,False
2020-09-16T03:00:00+08:00,224.57,-9.7,6.8,0.4222222222222222,0.034999999999999996,True,True,0.5,True,False,False
2020-09-16T04:00:00+08:00,224.15,-9.7,7.0,0.4444444444444444,0.0735,True,True,0.5,True,False,False
2020-09-16T05:00:00+08:00,227.9,-10.0,12.7,1.0,0.10219999999999999,True,True,0.5,True,False,False
2020-09-16T06:00:00+08:00,225.67,-9.4,10.5,0.8333333333333334,0.12109999999999999,True,True,0.5,True,False,False
2020-09-16T07:00:00+08:00,240.05,-9.3,9.4,0.7111111111111111,0.17359999999999998,True,True,0.5,True,False,False
2020-09-16T08:00:00+08:00,242.8,-9.4,7.4,0.48888888888888893,0.1575,True,False,1.0,False,False,False
2020-09-16T09:00:00+08:00,241.68,-9.6,11.6,0.9555555555555555,0.1393,True,False,1.0,False,False,False
2020-09-16T10:00:00+08:00,252.61,-9.6,10.8,0.8666666666666667,0.10709999999999999,True,False,1.0,False,False,False
2020-09-16T11:00:00+08:00,258.97,-10.1,10.9,0.8777777777777778,0.06369999999999999,True,False,1.0,False,False,False
2020-09-16T12:00:00+08:00,230.48,-10.9,12.4,1.0,0.025199999999999997,True,False,1.0,False,False,False
2020-09-16T13:00:00+08:00,229.69,-11.1,12.5,1.0,0.0034999999999999996,True,False,1.0,False,False,False
2020-09-16T14:00:00+08:00,216.17,-11.4,12.0,1.0,0.0,True,False,1.0,False,False,False
2020-09-16T15:00:00+08:00,225.59,-11.8,11.2,0.911111111111111,0.0,True,False,1.0,False,False,False
2020-09-16T16:00:00+08:00,244.97,-11.9,8.9,0.6555555555555556,0.0,True,False,1.0,False,False,False
2020-09-16T17:00:00+08:00,251.28,-11.9,9.1,0.6777777777777777,0.0,True,False,1.0,False,False,False
2020-09-16T18:00:00+08:00,233.89,-11.5,6.5,0.3888888888888889,0.0,True,False,1.0,False,False,False
2020-09-16T19:00:00+08:00,232.38,-11.4,9.5,0.7222222222222222,0.0,True,False,1.0,False,False,False
2020-09-16T20:00:00+08:00,232.93,-11.5,7.6,0.5111111111111111,0.0,True,False,1.0,False,False,False
2020-09-16T21:00:00+08:00,230.65,-11.8,7.9,0.5444444444444445,0.0,True,False,1.0,False,False,False
2020-09-16T22:00:00+08:00,227.17,-12.4,7.0,0.4444444444444444,0.0,True,False,1.0,False,False,False
2020-09-16T23:00:00+08:00,224.24,-12.2,8.7,0.6333333333333333,0.0,True,False,1.0,False,False,False
2020-09-17T00:00:00+08:00,222.7,-12.1,9.1,0.6777777777777777,0.0,True,False,1.0,False,False,False
2020-09-17T01:00:00+08:00,226.48,-12.3,8.3,0.588888888888889,0.0014,True,False,1.0,False,False,False
2020-09-17T02:00:00+08:00,232.0683333,-11.9,9.1,0.6777777777777777,0.0119,True,False,1.0,False,False,False
2020-09-17T03:00:00+08:00,231.8233333,-11.8,9.5,0.7222222222222222,0.0581,True,False,1.0,False,False,False
2020-09-17T04:00:00+08:00,248.3033333,-11.9,10.0,0.7777777777777778,0.1281,True,False,1.0,False,False,False
2020-09-17T05:00:00+08:00,249.6333333,-11.7,11.1,0.8999999999999999,0.1575,True,False,1.0,False,False,False
2020-09-17T06:00:00+08:00,240.2433333,-11.4,9.5,0.7222222222222222,0.20299999999999999,True,False,1.0,False,False,False
2020-09-17T07:00:00+08:00,244.4366667,-11.1,9.6,0.7333333333333333,0.21,True,False,1.0,False,False,False
2020-09-17T08:00:00+08:00,237.77,-11.1,9.3,0.7000000000000001,0.20859999999999998,True,False,1.0,False,False,False
2020-09-17T09:00:00+08:00,240.2233334,-11.2,9.4,0.7111111111111111,0.1897,True,False,1.0,False,False,False
2020-09-17T10:00:00+08:00,243.32,-11.3,8.9,0.6555555555555556,0.1498,True,False,1.0,False,False,False
2020-09-17T11:00:00+08:00,260.51,-11.6,7.9,0.5444444444444445,0.1113,True,False,1.0,False,False,False
2020-09-17T12:00:00+08:00,230.7533333,-11.5,7.8,0.5333333333333333,0.0567,True,False,1.0,False,False,False
2020-09-17T13:00:00+08:00,229.6233333,-11.6,8.1,0.5666666666666667,0.006999999999999999,True,False,1.0,False,False,False
2020-09-17T14:00:00+08:00,225.53,-11.7,6.2,0.35555555555555557,0.0,True,False,1.0,False,False,False
2020-09-17T15:00:00+08:00,225.9966667,-11.8,6.9,0.43333333333333335,0.0,True,False,1.0,False,False,False
2020-09-17T16:00:00+08:00,237.2133333,-12.1,9.2,0.6888888888888888,0.0,True,False,1.0,False,False,False
2020-09-17T17:00:00+08:00,255.4533333,-12.4,7.8,0.5333333333333333,0.0,True,False,1.0,False,False,False
2020-09-17T18:00:00+08:00,238.3033334,-12.4,8.9,0.6555555555555556,0.0,True,False,1.0,False,False,False
2020-09-17T19:00:00+08:00,234.985,-12.5,8.7,0.6333333333333333,0.0,True,False,1.0,False,False,False
2020-09-17T20:00:00+08:00,225.37,-12.7,9.1,0.6777777777777777,0.0,True,False,1.0,False,False,False
2020-09-17T21:00:00+08:00,225.44,-12.9,8.3,0.588888888888889,0.0,True,False,1.0,False,False,False
2020-09-17T22:00:00+08:00,229.73,-13.1,8.6,0.6222222222222222,0.0,True,False,1.0,False,False,False
2020-09-17T23:00:00+08:00,238.93,-13.6,9.3,0.7000000000000001,0.0,True,False,1.0,False,False,False
2020-09-18T00:00:00+08:00,239.67,-14.2,11.0,0.8888888888888888,0.0,True,False,1.0,False,False,False
2020-09-18T01:00:00+08:00,239.45,-14.4,9.5,0.7222222222222222,0.0021,True,False,1.0,False,False,False
2020-09-18T02:00:00+08:00,229.11,-14.6,8.2,0.5777777777777777,0.025199999999999997,True,False,1.0,False,False,False
2020-09-18T03:00:00+08:00,238.77,-15.4,10.3,0.8111111111111112,0.0798,True,False,1.0,False,False,False
2020-09-18T04:00:00+08:00,229.28,-15.2,9.0,0.6666666666666666,0.1372,True,False,1.0,False,False,False
2020-09-18T05:00:00+08:00,231.71,-15.6,8.0,0.5555555555555556,0.1827,True,False,1.0,False,False,False
2020-09-18T06:00:00+08:00,233.44,-15.2,5.2,0.24444444444444446,0.2128,True,False,1.0,False,False,False
2020-09-18T07:00:00+08:00,232.82,-15.4,7.3,0.47777777777777775,0.2268,True,False,1.0,False,False,False
2020-09-18T08:00:00+08:00,245.81,-15.6,6.9,0.43333333333333335,0.22119999999999998,True,False,1.0,False,False,False
2020-09-18T09:00:00+08:00,236.12,-15.5,6.1,0.3444444444444444,0.19739999999999996,True,False,1.0,False,False,False
2020-09-18T10:00:00+08:00,233.95,-15.6,5.6,0.28888888888888886,0.1582,True,False,1.0,False,False,False
2020-09-18T11:00:00+08:00,237.95,-16.4,8.2,0.5777777777777777,0.1064,True,False,1.0,False,False,False
2020-09-18T12:00:00+08:00,235.17,-17.2,8.7,0.6333333333333333,0.049699999999999994,True,False,1.0,False,False,False
2020-09-18T13:00:00+08:00,241.56,-17.3,8.4,0.6000000000000001,0.0084,True,False,1.0,False,False,False
2020-09-18T14:00:00+08:00,232.81,-17.2,8.0,0.5555555555555556,0.0007,True,False,1.0,False,False,False
2020-09-18T15:00:00+08:00,228.8,-17.6,6.3,0.36666666666666664,0.0,True,False,1.0,False,False,False
2020-09-18T16:00:00+08:00,231.09,-17.2,6.4,0.3777777777777778,0.0,True,False,1.0,False,False,False
2020-09-18T17:00:00+08:00,254.86,-17.0,6.5,0.3888888888888889,0.0,True,False,1.0,False,False,False
2020-09-18T18:00:00+08:00,243.57,-16.9,6.0,0.3333333333333333,0.0,True,False,1.0,False,False,False
2020-09-18T19:00:00+08:00,247.75,-16.4,7.5,0.5,0.0,True,False,1.0,False,False,False
2020-09-18T20:00:00+08:00,236.56,-16.1,8.3,0.588888888888889,0.0,True,False,1.0,False,False,False
2020-09-18T21:00:00+08:00,230.38,-15.9,7.8,0.5333333333333333,0.0,True,False,1.0,False,False,False
2020-09-18T22:00:00+08:00,239.05,-16.2,7.1,0.4555555555555555,0.0,True,False,1.0,False,False,False
2020-09-18T23:00:00+08:00,233.96,-17.5,11.2,0.911111111111111,0.0,True,False,1.0,False,False,False
2020-09-19T00:00:00+08:00,231.47,-19.2,12.2,1.0,0.0,True,False,1.0,False,False,False
2020-09-19T01:00:00+08:00,255.75,-20.2,11.5,0.9444444444444444,0.0021,True,False,1.0,False,False,False
2020-09-19T02:00:00+08:00,253.48,-19.1,6.9,0.43333333333333335,0.018199999999999997,True,False,1.0,False,False,False
2020-09-19T03:00:00+08:00,246.42,-17.1,7.6,0.5111111111111111,0.055299999999999995,True,False,1.0,False,False,False
2020-09-19T04:00:00+08:00,229.83,-16.0,8.9,0.6555555555555556,0.10219999999999999,True,False,1.0,False,False,False
2020-09-19T05:00:00+08:00,231.3683333,-15.2,6.5,0.3888888888888889,0.1505,True,False,1.0,False,False,False
2020-09-19T06:00:00+08:00,246.3533333,-14.0,7.1,0.4555555555555555,0.18409999999999999,True,False,1.0,False,False,False
2020-09-19T07:00:00+08:00,254.9566667,-13.6,12.6,1.0,0.20439999999999997,True,False,1.0,False,False,False
2020-09-19T08:00:00+08:00,240.9766667,-13.2,9.4,0.7111111111111111,0.20369999999999996,True,False,1.0,False,False,False
2020-09-19T09:00:00+08:00,236.96,-12.6,8.2,0.5777777777777777,0.18409999999999999,True,False,1.0,False,False,False
2020-09-19T10:00:00+08:00,241.2966666,-12.6,0.5,0.0,0.13369999999999999,True,False,1.0,False,False,False
2020-09-19T11:00:00+08:00,249.15,-11.9,1.1,0.0,0.06019999999999999,True,False,1.0,False,False,False
2020-09-19T12:00:00+08:00,237.4433333,-12.5,2.0,0.0,0.0322,True,False,1.0,False,False,False
2020-09-19T13:00:00+08:00,235.7466666,-12.0,0.4,0.0,0.006299999999999999,True,False,1.0,False,False,False
2020-09-19T14:00:00+08:00,237.4433333,-11.3,0.0,0.0,0.0,True,False,1.0,False,False,False
2020-09-19T15:00:00+08:00,232.38,-10.9,2.4,0.0,0.0,True,False,1.0,False,False,False
2020-09-19T16:00:00+08:00,254.06,-9.8,2.3,0.0,0.0,True,False,1.0,False,False,False
2020-09-19T17:00:00+08:00,270.9533333,-8.6,3.8,0.08888888888888886,0.0,True,False,1.0,False,False,False
2020-09-19T18:00:00+08:00,252.72,-7.9,3.4,0.04444444444444443,0.0,True,False,1.0,False,False,False
2020-09-19T19:00:00+08:00,252.0433334,-7.7,4.0,0.1111111111111111,0.0,True,False,1.0,False,False,False
2020-09-19T20:00:00+08:00,252.9933333,-6.9,5.9,0.32222222222222224,0.0,True,False,1.0,False,False,False
2020-09-19T21:00:00+08:00,246.015,-6.6,19.8,1.0,0.0,False,True,0.5,True,True,False
2020-09-19T22:00:00+08:00,255.03,-6.4,23.2,1.0,0.0,False,True,0.5,True,True,False
2020-09-19T23:00:00+08:00,256.05,-5.9,21.2,1.0,0.0,False,True,0.5,True,True,False
2020-09-20T00:00:00+08:00,255.89,-6.0,22.3,1.0,0.0,False,True,0.5,True,True,False
2020-09-20T01:00:00+08:00,255.07,-5.9,20.3,1.0,0.0014,False,True,0.5,True,True,False
2020-09-20T02:00:00+08:00,257.47,-5.9,16.8,1.0,0.0189,False,True,0.5,True,True,False
2020-09-20T03:00:00+08:00,247.71,-5.7,15.6,1.0,0.0567,False,True,0.5,True,True,False
2020-09-20T04:00:00+08:00,253.82,-5.4,20.1,1.0,0.0896,False,True,0.5,True,True,False
2020-09-20T05:00:00+08:00,248.07,-5.1,22.1,1.0,0.10569999999999999,False,True,0.5,True,True,False
2020-09-20T06:00:00+08:00,248.53,-5.2,27.7,0.0,0.13019999999999998,False,True,0.5,True,True,True
2020-09-20T07:00:00+08:00,247.86,-5.1,21.7,1.0,0.14909999999999998,False,True,0.5,True,True,False
2020-09-20T08:00:00+08:00,236.54,-4.8,20.8,1.0,0.1372,False,True,0.5,True,True,False
2020-09-20T09:00:00+08:00,234.41,-5.0,26.2,0.0,0.12249999999999998,False,True,0.5,True,True,True
2020-09-20T10:00:00+08:00,264.19,-4.9,17.0,1.0,0.0973,False,True,0.5,True,True,False
2020-09-20T11:00:00+08:00,279.4,-5.0,17.1,1.0,0.061599999999999995,False,True,0.5,True,True,False
2020-09-20T12:00:00+08:00,250.05,-4.8,19.4,1.0,0.0294,False,True,0.5,True,True,False
2020-09-20T13:00:00+08:00,226.2,-4.8,26.7,0.0,0.0056,False,True,0.5,True,True,True
2020-09-20T14:00:00+08:00,227.385,-5.0,27.5,0.0,0.0,False,True,0.5,True,True,True
2020-09-20T15:00:00+08:00,230.11,-5.2,27.7,0.0,0.0,False,True,0.5,True,True,True
2020-09-20T16:00:00+08:00,236.98,-5.5,27.2,0.0,0.0,False,True,0.5,True,True,True
2020-09-20T17:00:00+08:00,251.97,-5.7,32.1,0.0,0.0,False,True,0.5,True,True,True
2020-09-20T18:00:00+08:00,253.49,-5.5,33.3,0.0,0.0,False,True,0.5,True,True,True
2020-09-20T19:00:00+08:00,251.81,-5.8,28.7,0.0,0.0,False,True,0.5,True,True,True
2020-09-20T20:00:00+08:00,261.15,-6.3,29.4,0.0,0.0,False,True,0.5,True,True,True
2020-09-20T21:00:00+08:00,266.39,-6.4,28.2,0.0,0.0,False,True,0.5,True,True,True
2020-09-20T22:00:00+08:00,254.56,-6.5,25.8,0.0,0.0,False,True,0.5,True,True,True
2020-09-20T23:00:00+08:00,266.22,-6.4,25.8,0.0,0.0,False,True,0.5,True,True,True
2020-09-21T00:00:00+08:00,251.74,-6.7,20.5,1.0,0.0,False,True,0.5,True,True,False
2020-09-21T01:00:00+08:00,263.25,-6.8,21.3,1.0,0.0028,False,True,0.5,True,True,False
2020-09-21T02:00:00+08:00,260.06,-6.5,19.3,1.0,0.0203,False,True,0.5,True,True,False
2020-09-21T03:00:00+08:00,255.18,-6.6,20.9,1.0,0.049,False,True,0.5,True,True,False
2020-09-21T04:00:00+08:00,255.41,-6.0,15.8,1.0,0.0917,False,True,0.5,True,True,False
2020-09-21T05:00:00+08:00,255.69,-5.9,16.1,1.0,0.13299999999999998,False,True,0.5,True,True,False
2020-09-21T06:00:00+08:00,251.4,-5.5,16.4,1.0,0.17009999999999997,False,True,0.5,True,True,False
2020-09-21T07:00:00+08:00,272.1183333,-5.4,14.7,1.0,0.1876,True,True,0.5,True,False,False
2020-09-21T08:00:00+08:00,256.0033334,-5.3,16.6,1.0,0.20789999999999997,False,True,0.5,True,True,False
2020-09-21T09:00:00+08:00,243.12,-5.3,17.0,1.0,0.20579999999999998,False,True,0.5,True,True,False
2020-09-21T10:00:00+08:00,241.5833333,-5.5,11.7,0.9666666666666666,0.1148,True,True,0.5,True,False,False
2020-09-21T11:00:00+08:00,244.6433333,-5.5,11.2,0.911111111111111,0.08399999999999999,True,True,0.5,True,False,False
2020-09-21T12:00:00+08:00,223.5666667,-5.5,11.6,0.9555555555555555,0.0392,True,True,0.5,True,False,False
2020-09-21T13:00:00+08:00,227.3166667,-5.6,13.2,1.0,0.0098,True,True,0.5,True,False,False
2020-09-21T14:00:00+08:00,239.4566667,-5.6,10.2,0.7999999999999999,0.0007,True,True,0.5,True,False,False
2020-09-21T15:00:00+08:00,247.2566667,-5.5,8.8,0.6444444444444445,0.0,True,True,0.5,True,False,False
2020-09-21T16:00:00+08:00,245.5,-5.5,11.6,0.9555555555555555,0.0,True,True,0.5,True,False,False
2020-09-21T17:00:00+08:00,239.7333333,-5.7,10.1,0.7888888888888889,0.0,True,True,0.5,True,False,False
2020-09-21T18:00:00+08:00,254.89,-5.8,8.9,0.6555555555555556,0.0,True,True,0.5,True,False,False
2020-09-21T19:00:00+08:00,252.5766666,-5.9,11.5,0.9444444444444444,0.0,True,True,0.5,True,False,False
2020-09-21T20:00:00+08:00,253.6033334,-6.2,8.4,0.6000000000000001,0.0,True,True,0.5,True,False,False
2020-09-21T21:00:00+08:00,241.2233333,-6.5,9.0,0.6666666666666666,0.0,True,True,0.5,True,False,False
2020-09-21T22:00:00+08:00,248.52,-6.8,12.3,1.0,0.0,True,False,1.0,False,False,False
2020-09-21T23:00:00+08:00,249.5766666,-6.8,13.7,1.0,0.0,True,False,1.0,False,False,False
2020-09-22T00:00:00+08:00,245.2716666,-6.8,12.9,1.0,0.0,True,False,1.0,False,False,False
2020-09-22T01:00:00+08:00,255.32,-6.9,13.5,1.0,0.0042,True,False,1.0,False,False,False
2020-09-22T02:00:00+08:00,255.36,-7.1,12.2,1.0,0.0287,True,False,1.0,False,False,False
2020-09-22T03:00:00+08:00,261.86,-7.2,13.0,1.0,0.06369999999999999,True,False,1.0,False,False,False
2020-09-22T04:00:00+08:00,253.66,-7.1,14.0,1.0,0.10359999999999998,True,False,1.0,False,False,False
2020-09-22T05:00:00+08:00,248.63,-7.1,8.3,0.588888888888889,0.1414,True,False,1.0,False,False,False
2020-09-22T06:00:00+08:00,248.73,-7.1,7.7,0.5222222222222223,0.1785,True,False,1.0,False,False,False
2020-09-22T07:00:00+08:00,277.79,-7.1,9.1,0.6777777777777777,0.1953,True,False,1.0,False,False,False
2020-09-22T08:00:00+08:00,276.69,-6.8,7.4,0.48888888888888893,0.182,True,False,1.0,False,False,False
2020-09-22T09:00:00+08:00,258.82,-7.0,7.7,0.5222222222222223,0.1624,True,False,1.0,False,False,False
2020-09-22T10:00:00+08:00,261.35,-7.1,7.6,0.5111111111111111,0.1316,True,False,1.0,False,False,False
2020-09-22T11:00:00+08:00,264.08,-7.0,9.2,0.6888888888888888,0.0805,True,False,1.0,False,False,False
2020-09-22T12:00:00+08:00,244.5,-7.1,8.0,0.5555555555555556,0.05109999999999999,True,False,1.0,False,False,False
2020-09-22T13:00:00+08:00,249.4,-7.0,8.3,0.588888888888889,0.013999999999999999,True,False,1.0,False,False,False
2020-09-22T14:00:00+08:00,245.31,-6.9,9.7,0.7444444444444444,0.0007,True,False,1.0,False,False,False
2020-09-22T15:00:00+08:00,242.99,-7.0,6.2,0.35555555555555557,0.0,True,False,1.0,False,False,False
2020-09-22T16:00:00+08:00,260.44,-7.0,5.5,0.2777777777777778,0.0,True,False,1.0,False,False,False
2020-09-22T17:00:00+08:00,280.1,-7.3,3.6,0.06666666666666668,0.0,True,False,1.0,False,False,False
2020-09-22T18:00:00+08:00,268.03,-7.0,5.7,0.30000000000000004,0.0,True,False,1.0,False,False,False
2020-09-22T19:00:00+08:00,260.07,-6.8,9.4,0.7111111111111111,0.0,True,False,1.0,False,False,False
2020-09-22T20:00:00+08:00,267.87,-7.5,5.7,0.30000000000000004,0.0,True,False,1.0,False,False,False
2020-09-22T21:00:00+08:00,260.46,-7.2,3.9,0.09999999999999999,0.0,True,False,1.0,False,False,False
2020-09-22T22:00:00+08:00,260.95,-6.8,3.5,0.05555555555555555,0.0,True,False,1.0,False,False,False
2020-09-22T23:00:00+08:00,263.4,-6.2,5.0,0.2222222222222222,0.0,True,False,1.0,False,False,False
2020-09-23T00:00:00+08:00,253.08,-4.8,8.0,0.5555555555555556,0.0,True,False,1.0,False,False,False
2020-09-23T01:00:00+08:00,250.67,-4.3,8.4,0.6000000000000001,0.0042,True,False,1.0,False,False,False
2020-09-23T02:00:00+08:00,250.12,-4.5,16.2,1.0,0.0245,False,True,0.5,True,True,False
2020-09-23T03:00:00+08:00,247.98,-4.4,23.5,1.0,0.06089999999999999,False,True,0.5,True,True,False
2020-09-23T04:00:00+08:00,248.76,-3.5,25.1,0.0,0.0959,False,True,0.5,True,True,True
2020-09-23T05:00:00+08:00,246.29,-3.2,23.3,1.0,0.1281,False,True,0.5,True,True,False
2020-09-23T06:00:00+08:00,246.52,-2.8,22.4,1.0,0.1631,False,True,0.5,True,True,False
2020-09-23T07:00:00+08:00,256.46,-2.7,26.5,0.0,0.1792,False,True,0.5,True,True,True
2020-09-23T08:00:00+08:00,242.64,-2.5,25.6,0.0,0.1848,False,True,0.5,True,True,True
2020-09-23T09:00:00+08:00,236.845,-2.7,24.2,1.0,0.1568,False,True,0.5,True,True,False
2020-09-23T10:00:00+08:00,248.54,-2.5,28.0,0.0,0.119,False,True,0.5,True,True,True
2020-09-23T11:00:00+08:00,258.4833333,-2.1,27.6,0.0,0.08539999999999999,False,True,0.5,True,True,True
2020-09-23T12:00:00+08:00,246.4766667,-3.0,15.2,1.0,0.042699999999999995,False,True,0.5,True,True,False
2020-09-23T13:00:00+08:00,241.6966667,-3.5,18.2,1.0,0.010499999999999999,False,True,0.5,True,True,False
2020-09-23T14:00:00+08:00,234.4266667,-3.3,20.7,1.0,0.0007,False,True,0.5,True,True,False
2020-09-23T15:00:00+08:00,250.87,-3.1,20.8,1.0,0.0,False,True,0.5,True,True,False
2020-09-23T16:00:00+08:00,248.4066666,-3.1,21.4,1.0,0.0,False,True,0.5,True,True,False
2020-09-23T17:00:00+08:00,260.6133333,-3.2,20.8,1.0,0.0,False,True,0.5,True,True,False
2020-09-23T18:00:00+08:00,253.8033333,-2.9,20.7,1.0,0.0,False,True,0.5,True,True,False
2020-09-23T19:00:00+08:00,256.5366666,-2.7,15.5,1.0,0.0,False,True,0.5,True,True,False
2020-09-23T20:00:00+08:00,244.1566667,-2.9,16.5,1.0,0.0,False,True,0.5,True,True,False
2020-09-23T21:00:00+08:00,243.4866666,-2.8,21.4,1.0,0.0,False,True,0.5,True,True,False
2020-09-23T22:00:00+08:00,237.0433334,-3.6,20.3,1.0,0.0,False,True,0.5,True,True,False
2020-09-23T23:00:00+08:00,249.88,-4.2,12.6,1.0,0.0,True,True,0.5,True,False,False
2020-09-24T00:00:00+08:00,258.2633333,-4.7,17.5,1.0,0.0,False,True,0.5,True,True,False
2020-09-24T01:00:00+08:00,250.64,-5.0,14.0,1.0,0.0042,True,True,0.5,True,False,False
2020-09-24T02:00:00+08:00,235.9816667,-5.4,16.4,1.0,0.0266,False,True,0.5,True,True,False
2020-09-24T03:00:00+08:00,238.83,-5.4,15.8,1.0,0.0693,False,True,0.5,True,True,False
2020-09-24T04:00:00+08:00,228.85,-5.7,14.8,1.0,0.0952,True,True,0.5,True,False,False
2020-09-24T05:00:00+08:00,226.7,-6.3,14.4,1.0,0.15889999999999999,True,True,0.5,True,False,False
2020-09-24T06:00:00+08:00,236.91,-6.8,15.3,1.0,0.21419999999999997,False,True,0.5,True,True,False
2020-09-24T07:00:00+08:00,245.01,-6.8,15.4,1.0,0.2128,False,True,0.5,True,True,False
2020-09-24T08:00:00+08:00,240.0,-6.9,12.7,1.0,0.21069999999999997,True,True,0.5,True,False,False
2020-09-24T09:00:00+08:00,238.03,-7.3,13.8,1.0,0.20929999999999999,True,True,0.5,True,False,False
2020-09-24T10:00:00+08:00,238.65,-7.9,13.1,1.0,0.1855,True,True,0.5,True,False,False
2020-09-24T11:00:00+08:00,248.37,-8.1,15.6,1.0,0.0847,False,True,0.5,True,True,False
2020-09-24T12:00:00+08:00,231.9,-8.0,15.2,1.0,0.0658,False,True,0.5,True,True,False
2020-09-24T13:00:00+08:00,236.65,-8.1,14.6,1.0,0.010499999999999999,True,True,0.5,True,False,False
2020-09-24T14:00:00+08:00,233.63,-8.2,12.7,1.0,0.0014,True,True,0.5,True,False,False
2020-09-24T15:00:00+08:00,229.87,-8.5,10.6,0.8444444444444444,0.0,True,True,0.5,True,False,False
2020-09-24T16:00:00+08:00,242.36,-8.2,8.9,0.6555555555555556,0.0,True,True,0.5,True,False,False
2020-09-24T17:00:00+08:00,258.86,-8.0,8.2,0.5777777777777777,0.0,True,True,0.5,True,False,False
2020-09-24T18:00:00+08:00,246.67,-7.9,7.4,0.48888888888888893,0.0,True,True,0.5,True,False,False
2020-09-24T19:00:00+08:00,243.35,-8.0,6.6,0.39999999999999997,0.0,True,True,0.5,True,False,False
2020-09-24T20:00:00+08:00,238.84,-7.9,6.1,0.3444444444444444,0.0,True,True,0.5,True,False,False
2020-09-24T21:00:00+08:00,247.17,-7.9,4.0,0.1111111111111111,0.0,True,True,0.5,True,False,False
2020-09-24T22:00:00+08:00,244.4,-8.0,2.8,0.0,0.0,True,True,0.5,True,False,False
2020-09-24T23:00:00+08:00,250.29,-8.4,2.4,0.0,0.0,True,True,0.5,True,False,False
2020-09-25T00:00:00+08:00,243.89,-9.1,2.6,0.0,0.0007,True,True,0.5,True,False,False
2020-09-25T01:00:00+08:00,246.6,-8.9,4.0,0.1111111111111111,0.0112,True,False,1.0,False,False,False
2020-09-25T02:00:00+08:00,264.57,-9.4,2.9,0.0,0.054599999999999996,True,False,1.0,False,False,False
2020-09-25T03:00:00+08:00,266.98,-9.2,3.5,0.05555555555555555,0.1281,True,False,1.0,False,False,False
2020-09-25T04:00:00+08:00,238.78,-8.9,2.7,0.0,0.1862,True,False,1.0,False,False,False
2020-09-25T05:00:00+08:00,241.28,-8.3,1.7,0.0,0.2324,True,False,1.0,False,False,False
2020-09-25T06:00:00+08:00,239.97,-8.1,2.4,0.0,0.26249999999999996,True,False,1.0,False,False,False
2020-09-25T07:00:00+08:00,232.08,-7.5,2.7,0.0,0.2751,True,False,1.0,False,False,False
2020-09-25T08:00:00+08:00,246.36,-6.8,1.1,0.0,0.2723,True,False,1.0,False,False,False
2020-09-25T09:00:00+08:00,261.7,-7.2,3.3,0.03333333333333331,0.2373,True,False,1.0,False,False,False
2020-09-25T10:00:00+08:00,254.54,-7.8,4.0,0.1111111111111111,0.1911,True,False,1.0,False,False,False
2020-09-25T11:00:00+08:00,251.86,-8.3,2.4,0.0,0.1358,True,False,1.0,False,False,False
2020-09-25T12:00:00+08:00,239.8766667,-9.5,2.5,0.0,0.0798,True,False,1.0,False,False,False
2020-09-25T13:00:00+08:00,230.02,-10.6,1.6,0.0,0.0238,True,False,1.0,False,False,False
2020-09-25T14:00:00+08:00,236.3,-12.2,2.8,0.0,0.0021,True,False,1.0,False,False,False
2020-09-25T15:00:00+08:00,245.2633334,-12.6,2.9,0.0,0.0,True,False,1.0,False,False,False
2020-09-25T16:00:00+08:00,260.5833333,-10.8,6.8,0.4222222222222222,0.0,True,False,1.0,False,False,False
2020-09-25T17:00:00+08:00,261.6566667,-11.2,8.6,0.6222222222222222,0.0,True,False,1.0,False,False,False
2020-09-25T18:00:00+08:00,248.1166667,-10.3,7.9,0.5444444444444445,0.0,True,False,1.0,False,False,False
2020-09-25T19:00:00+08:00,243.76,-8.9,12.4,1.0,0.0,True,False,1.0,False,False,False
2020-09-25T20:00:00+08:00,243.5766666,-8.2,10.5,0.8333333333333334,0.0,True,False,1.0,False,False,False
2020-09-25T21:00:00+08:00,229.1733333,-8.2,9.6,0.7333333333333333,0.0,True,False,1.0,False,False,False
2020-09-25T22:00:00+08:00,238.48,-9.3,8.2,0.5777777777777777,0.0,True,False,1.0,False,False,False
2020-09-25T23:00:00+08:00,237.03,-9.6,9.3,0.7000000000000001,0.0,True,False,1.0,False,False,False
2020-09-26T00:00:00+08:00,242.7,-10.4,11.3,0.9222222222222223,0.0007,True,False,1.0,False,False,False
2020-09-26T01:00:00+08:00,235.64,-10.2,12.5,1.0,0.012599999999999998,True,False,1.0,False,False,False
2020-09-26T02:00:00+08:00,244.38,-8.8,12.1,1.0,0.0581,True,False,1.0,False,False,False
2020-09-26T03:00:00+08:00,255.46,-9.1,13.7,1.0,0.1197,True,False,1.0,False,False,False
2020-09-26T04:00:00+08:00,242.7183333,-9.3,12.8,1.0,0.17079999999999998,True,False,1.0,False,False,False
2020-09-26T05:00:00+08:00,233.47,-9.5,13.5,1.0,0.22119999999999998,True,False,1.0,False,False,False
2020-09-26T06:00:00+08:00,247.55,-9.0,11.5,0.9444444444444444,0.2646,True,False,1.0,False,False,False
2020-09-26T07:00:00+08:00,270.47,-8.5,9.6,0.7333333333333333,0.2814,True,False,1.0,False,False,False
2020-09-26T08:00:00+08:00,249.5,-8.5,8.7,0.6333333333333333,0.2681,True,False,1.0,False,False,False
2020-09-26T09:00:00+08:00,239.56,-8.6,10.4,0.8222222222222223,0.2394,True,False,1.0,False,False,False
2020-09-26T10:00:00+08:00,241.63,-9.1,11.1,0.8999999999999999,0.19809999999999997,True,False,1.0,False,False,False
2020-09-26T11:00:00+08:00,249.35,-9.1,8.9,0.6555555555555556,0.13649999999999998,True,False,1.0,False,False,False
2020-09-26T12:00:00+08:00,234.64,-8.5,11.9,0.9888888888888889,0.0735,True,False,1.0,False,False,False
2020-09-26T13:00:00+08:00,223.66,-9.5,12.1,1.0,0.0224,True,False,1.0,False,False,False
2020-09-26T14:00:00+08:00,222.85,-9.7,13.1,1.0,0.0028,True,False,1.0,False,False,False
2020-09-26T15:00:00+08:00,234.53,-10.4,11.5,0.9444444444444444,0.0,True,False,1.0,False,False,False
2020-09-26T16:00:00+08:00,256.02,-10.5,11.3,0.9222222222222223,0.0,True,False,1.0,False,False,False
2020-09-26T17:00:00+08:00,249.0,-10.1,11.3,0.9222222222222223,0.0,True,False,1.0,False,False,False
2020-09-26T18:00:00+08:00,239.43,-10.2,12.5,1.0,0.0,True,False,1.0,False,False,False
2020-09-26T19:00:00+08:00,232.09,-10.0,10.2,0.7999999999999999,0.0,True,False,1.0,False,False,False
2020-09-26T20:00:00+08:00,230.14,-10.0,10.7,0.8555555555555555,0.0,True,False,1.0,False,False,False
2020-09-26T21:00:00+08:00,239.49,-10.0,8.7,0.6333333333333333,0.0,True,False,1.0,False,False,False
2020-09-26T22:00:00+08:00,240.33,-10.0,7.3,0.47777777777777775,0.0,True,False,1.0,False,False,False
2020-09-26T23:00:00+08:00,231.24,-9.0,5.5,0.2777777777777778,0.0,True,False,1.0,False,False,False
2020-09-27T00:00:00+08:00,239.81,-11.6,1.9,0.0,0.0007,True,False,1.0,False,False,False
2020-09-27T01:00:00+08:00,230.19,-12.1,0.4,0.0,0.0084,True,False,1.0,False,False,False
2020-09-27T02:00:00+08:00,230.22,-11.4,3.0,0.0,0.035699999999999996,True,False,1.0,False,False,False
2020-09-27T03:00:00+08:00,241.09,-11.0,1.0,0.0,0.0693,True,False,1.0,False,False,False
2020-09-27T04:00:00+08:00,242.1133334,-13.1,2.3,0.0,0.11199999999999999,True,False,1.0,False,False,False
2020-09-27T05:00:00+08:00,235.2133334,-11.2,0.8,0.0,0.15539999999999998,True,False,1.0,False,False,False
2020-09-27T06:00:00+08:00,244.9733333,-9.9,0.7,0.0,0.17709999999999998,True,False,1.0,False,False,False
2020-09-27T07:00:00+08:00,253.3833333,-10.0,2.2,0.0,0.1862,True,False,1.0,False,False,False
2020-09-27T08:00:00+08:00,235.9533333,-10.6,4.1,0.12222222222222218,0.18059999999999998,True,False,1.0,False,False,False
2020-09-27T09:00:00+08:00,239.3166666,-10.4,2.7,0.0,0.154,True,False,1.0,False,False,False
2020-09-27T10:00:00+08:00,265.82,-9.7,2.7,0.0,0.1316,True,False,1.0,False,False,False
2020-09-27T11:00:00+08:00,268.5066666,-12.2,2.2,0.0,0.0952,True,False,1.0,False,False,False
2020-09-27T12:00:00+08:00,240.3866667,-12.7,1.2,0.0,0.049699999999999994,True,False,1.0,False,False,False
2020-09-27T13:00:00+08:00,225.4533333,-12.6,1.4,0.0,0.0196,True,False,1.0,False,False,False
2020-09-27T14:00:00+08:00,221.87,-12.8,0.6,0.0,0.0021,True,False,1.0,False,False,False
2020-09-27T15:00:00+08:00,231.67,-15.4,3.6,0.06666666666666668,0.0,True,False,1.0,False,False,False
2020-09-27T16:00:00+08:00,235.1333333,-16.0,2.2,0.0,0.0,True,False,1.0,False,False,False
2020-09-27T17:00:00+08:00,256.6433333,-15.6,1.5,0.0,0.0,True,False,1.0,False,False,False
2020-09-27T18:00:00+08:00,231.8066667,-14.3,1.1,0.0,0.0,True,False,1.0,False,False,False
2020-09-27T19:00:00+08:00,244.1666667,-12.9,2.6,0.0,0.0,True,False,1.0,False,False,False
2020-09-27T20:00:00+08:00,241.83,-11.2,1.3,0.0,0.0,True,False,1.0,False,False,False
2020-09-27T21:00:00+08:00,232.52,-9.8,1.9,0.0,0.0,True,False,1.0,False,False,False
2020-09-27T22:00:00+08:00,230.06,-9.5,1.4,0.0,0.0,True,False,1.0,False,False,False
2020-09-27T23:00:00+08:00,236.31,-8.8,0.9,0.0,0.0,True,False,1.0,False,False,False
2020-09-28T00:00:00+08:00,237.77,-8.4,1.2,0.0,0.0007,True,False,1.0,False,False,False
2020-09-28T01:00:00+08:00,229.38,-7.6,1.3,0.0,0.0112,True,False,1.0,False,False,False
2020-09-28T02:00:00+08:00,229.53,-7.4,1.1,0.0,0.041299999999999996,True,False,1.0,False,False,False
2020-09-28T03:00:00+08:00,229.61,-7.0,1.9,0.0,0.08539999999999999,True,False,1.0,False,False,False
2020-09-28T04:00:00+08:00,230.23,-6.2,0.7,0.0,0.1309,True,False,1.0,False,False,False
2020-09-28T05:00:00+08:00,232.88,-5.4,2.2,0.0,0.17009999999999997,True,False,1.0,False,False,False
2020-09-28T06:00:00+08:00,238.89,-5.0,3.7,0.07777777777777779,0.20579999999999998,True,False,1.0,False,False,False
2020-09-28T07:00:00+08:00,249.55,-4.6,4.7,0.1888888888888889,0.2198,True,False,1.0,False,False,False
2020-09-28T08:00:00+08:00,242.57,-4.6,5.4,0.2666666666666667,0.2191,True,False,1.0,False,False,False
2020-09-28T09:00:00+08:00,237.66,-4.4,5.0,0.2222222222222222,0.22469999999999998,True,False,1.0,False,False,False
2020-09-28T10:00:00+08:00,241.53,-4.5,4.6,0.17777777777777773,0.2065,True,False,1.0,False,False,False
2020-09-28T11:00:00+08:00,256.31,-4.8,6.0,0.3333333333333333,0.12669999999999998,True,False,1.0,False,False,False
2020-09-28T12:00:00+08:00,228.13,-4.9,3.9,0.09999999999999999,0.0847,True,False,1.0,False,False,False
2020-09-28T13:00:00+08:00,232.88,-5.0,3.4,0.04444444444444443,0.0245,True,False,1.0,False,False,False
2020-09-28T14:00:00+08:00,224.15,-4.8,5.5,0.2777777777777778,0.0028,True,False,1.0,False,False,False
2020-09-28T15:00:00+08:00,220.97,-4.7,5.7,0.30000000000000004,0.0,True,False,1.0,False,False,False
2020-09-28T16:00:00+08:00,240.45,-4.7,7.0,0.4444444444444444,0.0,True,False,1.0,False,False,False
2020-09-28T17:00:00+08:00,246.4,-4.8,7.5,0.5,0.0,True,False,1.0,False,False,False
2020-09-28T18:00:00+08:00,228.09,-4.9,5.1,0.23333333333333328,0.0,True,False,1.0,False,False,False
2020-09-28T19:00:00+08:00,246.16,-4.7,6.2,0.35555555555555557,0.0,True,False,1.0,False,False,False
2020-09-28T20:00:00+08:00,260.15,-4.7,5.2,0.24444444444444446,0.0,True,False,1.0,False,False,False
2020-09-28T21:00:00+08:00,250.12,-4.7,3.2,0.02222222222222224,0.0,True,False,1.0,False,False,False
2020-09-28T22:00:00+08:00,232.41,-4.6,4.7,0.1888888888888889,0.0,True,False,1.0,False,False,False
2020-09-28T23:00:00+08:00,235.33,-4.2,5.0,0.2222222222222222,0.0,True,False,1.0,False,False,False
2020-09-29T00:00:00+08:00,239.94,-4.3,4.0,0.1111111111111111,0.0014,True,False,1.0,False,False,False
2020-09-29T01:00:00+08:00,239.73,-3.9,5.3,0.25555555555555554,0.017499999999999998,True,False,1.0,False,False,False
2020-09-29T02:00:00+08:00,234.51,-3.8,5.5,0.2777777777777778,0.055299999999999995,True,False,1.0,False,False,False
2020-09-29T03:00:00+08:00,230.22,-3.5,6.1,0.3444444444444444,0.10429999999999999,True,False,1.0,False,False,False
2020-09-29T04:00:00+08:00,233.31,-3.8,7.3,0.47777777777777775,0.16519999999999999,True,False,1.0,False,False,False
2020-09-29T05:00:00+08:00,224.9583333,-4.0,12.8,1.0,0.1953,True,False,1.0,False,False,False
2020-09-29T06:00:00+08:00,227.8366667,-4.6,9.5,0.7222222222222222,0.2373,True,False,1.0,False,False,False
2020-09-29T07:00:00+08:00,240.76,-4.4,8.3,0.588888888888889,0.23099999999999998,True,False,1.0,False,False,False
2020-09-29T08:00:00+08:00,231.79,-4.5,6.9,0.43333333333333335,0.25479999999999997,True,False,1.0,False,False,False
2020-09-29T09:00:00+08:00,242.65,-4.6,10.3,0.8111111111111112,0.2387,True,False,1.0,False,False,False
2020-09-29T10:00:00+08:00,253.9733333,-5.4,9.8,0.7555555555555556,0.1596,True,False,1.0,False,False,False
2020-09-29T11:00:00+08:00,266.7233333,-5.7,10.8,0.8666666666666667,0.10779999999999999,True,False,1.0,False,False,False
2020-09-29T12:00:00+08:00,228.7,-5.9,9.5,0.7222222222222222,0.0658,True,False,1.0,False,False,False
2020-09-29T13:00:00+08:00,229.96,-5.9,8.2,0.5777777777777777,0.0224,True,False,1.0,False,False,False
2020-09-29T14:00:00+08:00,231.3533333,-6.1,8.3,0.588888888888889,0.0028,True,False,1.0,False,False,False
2020-09-29T15:00:00+08:00,235.9633334,-6.2,7.9,0.5444444444444445,0.0,True,False,1.0,False,False,False
2020-09-29T16:00:00+08:00,243.57,-6.3,8.7,0.6333333333333333,0.0,True,False,1.0,False,False,False
2020-09-29T17:00:00+08:00,269.6833334,-6.3,7.0,0.4444444444444444,0.0,True,False,1.0,False,False,False
2020-09-29T18:00:00+08:00,244.84,-6.3,7.2,0.4666666666666667,0.0,True,False,1.0,False,False,False
2020-09-29T19:00:00+08:00,244.5,-6.4,6.8,0.4222222222222222,0.0,True,False,1.0,False,False,False
2020-09-29T20:00:00+08:00,243.6766667,-6.4,7.6,0.5111111111111111,0.0,True,False,1.0,False,False,False
2020-09-29T21:00:00+08:00,239.0366667,-6.3,7.7,0.5222222222222223,0.0,True,False,1.0,False,False,False
2020-09-29T22:00:00+08:00,241.655,-6.2,8.0,0.5555555555555556,0.0,True,False,1.0,False,False,False
2020-09-29T23:00:00+08:00,241.73,-6.2,7.8,0.5333333333333333,0.0,True,False,1.0,False,False,False
2020-09-30T00:00:00+08:00,253.88,-6.4,7.2,0.4666666666666667,0.0014,True,False,1.0,False,False,False
2020-09-30T01:00:00+08:00,262.64,-6.3,8.1,0.5666666666666667,0.0161,True,False,1.0,False,False,False
2020-09-30T02:00:00+08:00,247.65,-6.4,7.6,0.5111111111111111,0.049699999999999994,True,False,1.0,False,False,False
2020-09-30T03:00:00+08:00,234.56,-6.3,8.2,0.5777777777777777,0.10009999999999998,True,False,1.0,False,False,False
2020-09-30T04:00:00+08:00,237.92,-8.5,8.1,0.5666666666666667,0.1477,True,False,1.0,False,False,False
2020-09-30T05:00:00+08:00,232.34,-9.9,11.1,0.8999999999999999,0.20509999999999998,True,False,1.0,False,False,False
2020-09-30T06:00:00+08:00,237.86,-11.5,11.2,0.911111111111111,0.25339999999999996,True,False,1.0,False,False,False
2020-09-30T07:00:00+08:00,252.13,-11.9,10.4,0.8222222222222223,0.2576,True,False,1.0,False,False,False
2020-09-30T08:00:00+08:00,222.705,-12.1,12.4,1.0,0.2618,True,False,1.0,False,False,False
2020-09-30T09:00:00+08:00,240.37,-12.0,9.0,0.6666666666666666,0.19809999999999997,True,False,1.0,False,False,False
2020-09-30T10:00:00+08:00,242.48,-11.8,8.3,0.588888888888889,0.2401,True,False,1.0,False,False,False
2020-09-30T11:00:00+08:00,252.72,-12.0,6.5,0.3888888888888889,0.1687,True,False,1.0,False,False,False
2020-09-30T12:00:00+08:00,228.94,-12.1,4.5,0.16666666666666666,0.0693,True,False,1.0,False,False,False
2020-09-30T13:00:00+08:00,224.54,-12.9,5.2,0.24444444444444446,0.041299999999999996,True,False,1.0,False,False,False
2020-09-30T14:00:00+08:00,222.77,-14.0,3.0,0.0,0.012599999999999998,True,False,1.0,False,False,False
2020-09-30T15:00:00+08:00,221.045,-14.0,3.7,0.07777777777777779,0.0,True,False,1.0,False,False,False
2020-09-30T16:00:00+08:00,245.24,-14.2,2.9,0.0,0.0,True,False,1.0,False,False,False
2020-09-30T17:00:00+08:00,256.53,-14.2,4.6,0.17777777777777773,0.0,True,False,1.0,False,False,False
2020-09-30T18:00:00+08:00,244.77,-14.1,4.3,0.14444444444444443,0.0,True,False,1.0,False,False,False
2020-09-30T19:00:00+08:00,228.64,-14.0,4.6,0.17777777777777773,0.0,True,False,1.0,False,False,False
2020-09-30T20:00:00+08:00,236.31,-13.9,4.0,0.1111111111111111,0.0,True,False,1.0,False,False,False
2020-09-30T21:00:00+08:00,229.24,-14.9,3.7,0.07777777777777779,0.0,True,False,1.0,False,False,False
2020-09-30T22:00:00+08:00,226.64,-15.8,4.0,0.1111111111111111,0.0,True,False,1.0,False,False,False
2020-09-30T23:00:00+08:00,226.43,-14.9,6.2,0.35555555555555557,0.0,True,False,1.0,False,False,False
2020-10-01T00:00:00+08:00,228.88,-14.5,6.6,0.39999999999999997,0.0021,True,False,1.0,False,False,False
2020-10-01T01:00:00+08:00,232.63,-14.2,7.4,0.48888888888888893,0.025199999999999997,True,False,1.0,False,False,False
2020-10-01T02:00:00+08:00,230.61,-13.9,5.7,0.30000000000000004,0.0707,True,False,1.0,False,False,False
2020-10-01T03:00:00+08:00,222.77,-13.8,5.3,0.25555555555555554,0.1183,True,False,1.0,False,False,False
2020-10-01T04:00:00+08:00,250.76,-13.2,6.1,0.3444444444444444,0.15889999999999999,True,False,1.0,False,False,False
2020-10-01T05:00:00+08:00,272.9,-12.5,5.0,0.2222222222222222,0.24499999999999997,True,False,1.0,False,False,False
2020-10-01T06:00:00+08:00,254.46,-12.1,6.0,0.3333333333333333,0.2506,True,False,1.0,False,False,False
2020-10-01T07:00:00+08:00,235.66,-11.8,5.8,0.3111111111111111,0.2702,True,False,1.0,False,False,False
2020-10-01T08:00:00+08:00,228.7516667,-11.8,4.7,0.1888888888888889,0.2835,True,False,1.0,False,False,False
2020-10-01T09:00:00+08:00,235.5233333,-11.8,4.2,0.13333333333333336,0.21559999999999999,True,False,1.0,False,False,False
2020-10-01T10:00:00+08:00,257.7666666,-12.2,4.2,0.13333333333333336,0.175,True,False,1.0,False,False,False
2020-10-01T11:00:00+08:00,266.2766667,-12.4,3.1,0.01111111111111112,0.14839999999999998,True,False,1.0,False,False,False
2020-10-01T12:00:00+08:00,224.1366667,-12.6,3.4,0.04444444444444443,0.09869999999999998,True,False,1.0,False,False,False
2020-10-01T13:00:00+08:00,232.18,-13.1,2.6,0.0,0.0322,True,False,1.0,False,False,False
2020-10-01T14:00:00+08:00,228.8733333,-13.6,2.5,0.0,0.0049,True,False,1.0,False,False,False
2020-10-01T15:00:00+08:00,219.82,-13.3,5.0,0.2222222222222222,0.0,True,False,1.0,False,False,False
2020-10-01T16:00:00+08:00,226.7466667,-13.4,5.9,0.32222222222222224,0.0,True,False,1.0,False,False,False
2020-10-01T17:00:00+08:00,244.1833334,-13.6,6.4,0.3777777777777778,0.0,True,False,1.0,False,False,False
2020-10-01T18:00:00+08:00,242.0933333,-14.3,5.8,0.3111111111111111,0.0,True,False,1.0,False,False,False
2020-10-01T19:00:00+08:00,251.0533334,-15.7,3.1,0.01111111111111112,0.0,True,False,1.0,False,False,False
2020-10-01T20:00:00+08:00,235.8233333,-16.5,1.8,0.0,0.0,True,False,1.0,False,False,False
2020-10-01T21:00:00+08:00,229.38,-17.2,1.4,0.0,0.0,True,False,1.0,False,False,False
2020-10-01T22:00:00+08:00,231.7666667,-17.7,1.1,0.0,0.0,True,False,1.0,False,False,False
2020-10-01T23:00:00+08:00,226.4433333,-18.5,2.4,0.0,0.0,True,False,1.0,False,False,False
2020-10-02T00:00:00+08:00,227.6716667,-19.1,1.6,0.0,0.0028,True,False,1.0,False,False,False
2020-10-02T01:00:00+08:00,235.8,-18.4,2.0,0.0,0.027999999999999997,True,False,1.0,False,False,False
2020-10-02T02:00:00+08:00,236.08,-17.6,0.6,0.0,0.0805,True,False,1.0,False,False,False
2020-10-02T03:00:00+08:00,239.91,-16.9,0.2,0.0,0.13649999999999998,True,False,1.0,False,False,False
2020-10-02T04:00:00+08:00,226.42,-17.6,1.1,0.0,0.21069999999999997,True,False,1.0,False,False,False
2020-10-02T05:00:00+08:00,230.88,-17.2,1.0,0.0,0.259,True,False,1.0,False,False,False
2020-10-02T06:00:00+08:00,237.33,-16.0,0.0,0.0,0.2989,True,False,1.0,False,False,False
2020-10-02T07:00:00+08:00,241.57,-18.0,3.0,0.0,0.3213,True,False,1.0,False,False,False
2020-10-02T08:00:00+08:00,249.76,-18.0,2.3,0.0,0.31429999999999997,True,False,1.0,False,False,False
2020-10-02T09:00:00+08:00,242.17,-18.7,2.9,0.0,0.2954,True,False,1.0,False,False,False
2020-10-02T10:00:00+08:00,246.45,-19.0,1.6,0.0,0.24289999999999998,True,False,1.0,False,False,False
2020-10-02T11:00:00+08:00,233.49,-19.4,2.6,0.0,0.1904,True,False,1.0,False,False,False
2020-10-02T12:00:00+08:00,227.33,-20.7,1.8,0.0,0.1197,True,False,1.0,False,False,False
2020-10-02T13:00:00+08:00,215.12,-22.9,2.7,0.0,0.0581,True,False,1.0,False,False,False
2020-10-02T14:00:00+08:00,218.49,-23.3,0.1,0.0,0.009099999999999999,True,False,1.0,False,False,False
2020-10-02T15:00:00+08:00,219.44,-24.5,0.7,0.0,0.0,True,False,1.0,False,False,False
2020-10-02T16:00:00+08:00,227.4,-25.8,1.7,0.0,0.0,True,False,1.0,False,False,False
2020-10-02T17:00:00+08:00,246.625,-25.9,0.4,0.0,0.0,True,False,1.0,False,False,False
2020-10-02T18:00:00+08:00,222.16,-25.0,1.5,0.0,0.0,True,False,1.0,False,False,False
2020-10-02T19:00:00+08:00,219.42,-25.7,0.1,0.0,0.0,True,False,1.0,False,False,False
2020-10-02T20:00:00+08:00,228.9,-25.4,0.9,0.0,0.0,True,False,1.0,False,False,False
2020-10-02T21:00:00+08:00,230.02,-25.5,0.8,0.0,0.0,True,False,1.0,False,False,False
2020-10-02T22:00:00+08:00,234.07,-25.5,0.0,0.0,0.0,True,False,1.0,False,False,False
2020-10-02T23:00:00+08:00,223.14,-27.6,0.7,0.0,0.0,True,False,1.0,False,False,False
2020-10-03T00:00:00+08:00,227.71,-27.3,0.0,0.0,0.0034999999999999996,True,False,1.0,False,False,False
2020-10-03T01:00:00+08:00,226.99,-27.9,1.7,0.0,0.0238,True,False,1.0,False,False,False
2020-10-03T02:00:00+08:00,227.51,-26.3,1.7,0.0,0.07139999999999999,True,False,1.0,False,False,False
2020-10-03T03:00:00+08:00,228.25,-25.7,0.0,0.0,0.1477,True,False,1.0,False,False,False
2020-10-03T04:00:00+08:00,228.21,-24.2,1.2,0.0,0.2163,True,False,1.0,False,False,False
2020-10-03T05:00:00+08:00,230.97,-23.3,1.6,0.0,0.29679999999999995,True,False,1.0,False,False,False
2020-10-03T06:00:00+08:00,232.17,-24.3,4.2,0.13333333333333336,0.3199,True,False,1.0,False,False,False
2020-10-03T07:00:00+08:00,234.07,-22.4,2.5,0.0,0.33249999999999996,True,False,1.0,False,False,False
2020-10-03T08:00:00+08:00,228.84,-20.3,2.6,0.0,0.31815,True,False,1.0,False,False,False
2020-10-03T09:00:00+08:00,234.38,-21.9,4.2,0.13333333333333336,0.30379999999999996,True,False,1.0,False,False,False
2020-10-03T10:00:00+08:00,233.2616667,-22.0,3.3,0.03333333333333331,0.2562,True,False,1.0,False,False,False
2020-10-03T11:00:00+08:00,246.86,-20.6,1.2,0.0,0.196,True,False,1.0,False,False,False
2020-10-03T12:00:00+08:00,236.24,-22.6,1.5,0.0,0.1281,True,False,1.0,False,False,False
2020-10-03T13:00:00+08:00,239.33,-23.4,2.3,0.0,0.06089999999999999,True,False,1.0,False,False,False
2020-10-03T14:00:00+08:00,236.7466667,-24.1,1.4,0.0,0.0119,True,False,1.0,False,False,False
2020-10-03T15:00:00+08:00,257.9766666,-23.5,1.0,0.0,0.0007,True,False,1.0,False,False,False
2020-10-03T16:00:00+08:00,237.0933333,-22.7,0.5,0.0,0.0,True,False,1.0,False,False,False
2020-10-03T17:00:00+08:00,228.85,-22.0,1.9,0.0,0.0,True,False,1.0,False,False,False
2020-10-03T18:00:00+08:00,232.8066667,-19.6,3.1,0.01111111111111112,0.0,True,False,1.0,False,False,False
2020-10-03T19:00:00+08:00,240.0433334,-19.5,0.8,0.0,0.0,True,False,1.0,False,False,False
2020-10-03T20:00:00+08:00,243.2366667,-19.2,1.1,0.0,0.0,True,False,1.0,False,False,False
2020-10-03T21:00:00+08:00,245.7866667,-16.7,3.9,0.09999999999999999,0.0,True,False,1.0,False,False,False
2020-10-03T22:00:00+08:00,235.5133334,-16.5,5.1,0.23333333333333328,0.0,True,False,1.0,False,False,False
2020-10-03T23:00:00+08:00,247.5233333,-15.9,4.7,0.1888888888888889,0.0,True,False,1.0,False,False,False
2020-10-04T00:00:00+08:00,242.5766667,-16.3,3.3,0.03333333333333331,0.007699999999999999,True,False,1.0,False,False,False
2020-10-04T01:00:00+08:00,239.12,-14.7,7.2,0.4666666666666667,0.049,True,False,1.0,False,False,False
2020-10-04T02:00:00+08:00,239.925,-13.8,6.2,0.35555555555555557,0.1162,True,False,1.0,False,False,False
2020-10-04T03:00:00+08:00,235.12,-13.3,5.0,0.2222222222222222,0.1848,True,False,1.0,False,False,False
2020-10-04T04:00:00+08:00,237.94,-11.9,4.2,0.13333333333333336,0.24919999999999998,True,False,1.0,False,False,False
2020-10-04T05:00:00+08:00,230.28,-11.7,2.5,0.0,0.29679999999999995,True,False,1.0,False,False,False
2020-10-04T06:00:00+08:00,238.58,-11.0,0.2,0.0,0.29329999999999995,True,False,1.0,False,False,False
2020-10-04T07:00:00+08:00,246.98,-10.2,1.0,0.0,0.3269,True,False,1.0,False,False,False
2020-10-04T08:00:00+08:00,237.01,-10.8,1.9,0.0,0.33459999999999995,True,False,1.0,False,False,False
2020-10-04T09:00:00+08:00,232.17,-10.5,2.6,0.0,0.3066,True,False,1.0,False,False,False
2020-10-04T10:00:00+08:00,236.43,-9.4,0.6,0.0,0.2618,True,False,1.0,False,False,False
2020-10-04T11:00:00+08:00,251.9,-11.2,0.9,0.0,0.19774999999999998,True,False,1.0,False,False,False
2020-10-04T12:00:00+08:00,225.45,-11.7,1.0,0.0,0.13369999999999999,True,False,1.0,False,False,False
2020-10-04T13:00:00+08:00,243.01,-11.8,2.2,0.0,0.0658,True,False,1.0,False,False,False
2020-10-04T14:00:00+08:00,232.33,-12.5,1.3,0.0,0.013999999999999999,True,False,1.0,False,False,False
2020-10-04T15:00:00+08:00,233.88,-12.5,3.7,0.07777777777777779,0.0007,True,False,1.0,False,False,False
2020-10-04T16:00:00+08:00,244.92,-11.8,3.3,0.03333333333333331,0.0,True,False,1.0,False,False,False
2020-10-04T17:00:00+08:00,272.33,-12.5,2.9,0.0,0.0,True,False,1.0,False,False,False
2020-10-04T18:00:00+08:00,239.58,-13.4,1.1,0.0,0.0,True,False,1.0,False,False,False
2020-10-04T19:00:00+08:00,235.355,-13.6,2.1,0.0,0.0,True,False,1.0,False,False,False
2020-10-04T20:00:00+08:00,241.56,-13.3,0.5,0.0,0.0,True,False,1.0,False,False,False
2020-10-04T21:00:00+08:00,238.59,-11.4,6.3,0.36666666666666664,0.0,True,False,1.0,False,False,False
2020-10-04T22:00:00+08:00,227.64,-12.8,2.5,0.0,0.0,True,False,1.0,False,False,False
2020-10-04T23:00:00+08:00,225.31,-13.5,2.7,0.0,0.0007,True,False,1.0,False,False,False
2020-10-05T00:00:00+08:00,240.27,-13.7,5.6,0.28888888888888886,0.0098,True,False,1.0,False,False,False
2020-10-05T01:00:00+08:00,235.43,-12.6,5.9,0.32222222222222224,0.054599999999999996,True,False,1.0,False,False,False
2020-10-05T02:00:00+08:00,230.43,-12.0,5.0,0.2222222222222222,0.12179999999999998,True,False,1.0,False,False,False
2020-10-05T03:00:00+08:00,238.91,-10.9,6.3,0.36666666666666664,0.1904,True,False,1.0,False,False,False
2020-10-05T04:00:00+08:00,226.93,-10.1,2.4,0.0,0.25129999999999997,True,False,1.0,False,False,False
2020-10-05T05:00:00+08:00,230.26,-9.7,0.7,0.0,0.30029999999999996,True,False,1.0,False,False,False
2020-10-05T06:00:00+08:00,243.24,-9.8,0.5,0.0,0.33249999999999996,True,False,1.0,False,False,False
2020-10-05T07:00:00+08:00,247.37,-8.4,2.1,0.0,0.34509999999999996,True,False,1.0,False,False,False
2020-10-05T08:00:00+08:00,224.45,-7.8,1.8,0.0,0.33669999999999994,True,False,1.0,False,False,False
2020-10-05T09:00:00+08:00,224.75,-6.6,1.4,0.0,0.3094,True,False,1.0,False,False,False
2020-10-05T10:00:00+08:00,223.36,-7.2,0.7,0.0,0.26599999999999996,True,False,1.0,False,False,False
2020-10-05T11:00:00+08:00,273.84,-7.5,0.8,0.0,0.19809999999999997,True,False,1.0,False,False,False
2020-10-05T12:00:00+08:00,256.595,-10.0,4.4,0.15555555555555559,0.10079999999999999,True,False,1.0,False,False,False
2020-10-05T13:00:00+08:00,238.55,-10.6,3.9,0.09999999999999999,0.05039999999999999,True,False,1.0,False,False,False
2020-10-05T14:00:00+08:00,233.6066667,-12.0,1.8,0.0,0.012599999999999998,True,False,1.0,False,False,False
2020-10-05T15:00:00+08:00,233.2,-13.5,3.0,0.0,0.0007,True,False,1.0,False,False,False
2020-10-05T16:00:00+08:00,251.4033333,-14.2,4.6,0.17777777777777773,0.0,True,False,1.0,False,False,False
2020-10-05T17:00:00+08:00,252.4466667,-10.6,8.8,0.6444444444444445,0.0,True,False,1.0,False,False,False
2020-10-05T18:00:00+08:00,234.0366667,-10.7,9.5,0.7222222222222222,0.0,True,False,1.0,False,False,False
2020-10-05T19:00:00+08:00,229.1133333,-10.8,10.4,0.8222222222222223,0.0,True,False,1.0,False,False,False
2020-10-05T20:00:00+08:00,233.6066667,-10.7,9.3,0.7000000000000001,0.0,True,False,1.0,False,False,False
2020-10-05T21:00:00+08:00,224.2033333,-11.0,10.5,0.8333333333333334,0.0,True,False,1.0,False,False,False
2020-10-05T22:00:00+08:00,222.6233333,-11.2,9.8,0.7555555555555556,0.0,True,False,1.0,False,False,False
2020-10-05T23:00:00+08:00,226.88,-12.2,7.8,0.5333333333333333,0.0007,True,False,1.0,False,False,False
2020-10-06T00:00:00+08:00,230.3533333,-11.1,10.5,0.8333333333333334,0.007699999999999999,True,False,1.0,False,False,False
2020-10-06T01:00:00+08:00,234.69,-10.6,11.2,0.911111111111111,0.0343,True,False,1.0,False,False,False
2020-10-06T02:00:00+08:00,219.9766667,-10.2,9.9,0.7666666666666667,0.077,True,False,1.0,False,False,False
2020-10-06T03:00:00+08:00,225.5966667,-9.8,10.4,0.8222222222222223,0.12739999999999999,True,False,1.0,False,False,False
2020-10-06T04:00:00+08:00,218.3133333,-9.5,10.5,0.8333333333333334,0.17359999999999998,True,False,1.0,False,False,False
2020-10-06T05:00:00+08:00,223.685,-9.2,9.3,0.7000000000000001,0.2254,True,False,1.0,False,False,False
2020-10-06T06:00:00+08:00,215.43,-8.5,8.8,0.6444444444444445,0.2653,True,False,1.0,False,False,False
2020-10-06T07:00:00+08:00,247.05,-8.4,9.3,0.7000000000000001,0.2681,True,False,1.0,False,False,False
2020-10-06T08:00:00+08:00,228.45,-8.1,8.9,0.6555555555555556,0.25339999999999996,True,False,1.0,False,False,False
2020-10-06T09:00:00+08:00,222.01,-7.8,4.4,0.15555555555555559,0.2338,True,False,1.0,False,False,False
2020-10-06T10:00:00+08:00,228.47,-7.7,3.0,0.0,0.1946,True,False,1.0,False,False,False
2020-10-06T11:00:00+08:00,264.71,-7.8,5.3,0.25555555555555554,0.13999999999999999,True,False,1.0,False,False,False
2020-10-06T12:00:00+08:00,235.81,-7.7,5.8,0.3111111111111111,0.0875,True,False,1.0,False,False,False
2020-10-06T13:00:00+08:00,233.86,-8.1,1.3,0.0,0.041999999999999996,True,False,1.0,False,False,False
2020-10-06T14:00:00+08:00,225.1,-8.4,0.0,0.0,0.010499999999999999,True,False,1.0,False,False,False
2020-10-06T15:00:00+08:00,236.15,-8.7,2.1,0.0,0.0007,True,False,1.0,False,False,False
2020-10-06T16:00:00+08:00,238.45,-8.8,5.5,0.2777777777777778,0.0,True,False,1.0,False,False,False
2020-10-06T17:00:00+08:00,228.01,-8.3,8.5,0.6111111111111112,0.0,True,False,1.0,False,False,False
2020-10-06T18:00:00+08:00,240.5,-8.3,9.9,0.7666666666666667,0.0,True,False,1.0,False,False,False
2020-10-06T19:00:00+08:00,230.37,-8.6,10.1,0.7888888888888889,0.0,True,False,1.0,False,False,False
2020-10-06T20:00:00+08:00,225.45,-9.1,12.3,1.0,0.0,True,False,1.0,False,False,False
2020-10-06T21:00:00+08:00,224.69,-9.5,12.4,1.0,0.0,True,False,1.0,False,False,False
2020-10-06T22:00:00+08:00,225.105,-9.3,10.1,0.7888888888888889,0.0,True,False,1.0,False,False,False
2020-10-06T23:00:00+08:00,231.44,-10.1,10.2,0.7999999999999999,0.0,True,False,1.0,False,False,False
2020-10-07T00:00:00+08:00,250.13,-10.5,10.7,0.8555555555555555,0.006999999999999999,True,False,1.0,False,False,False
2020-10-07T01:00:00+08:00,251.76,-10.8,13.3,1.0,0.042699999999999995,True,False,1.0,False,False,False
2020-10-07T02:00:00+08:00,242.07,-11.1,13.4,1.0,0.0924,True,False,1.0,False,False,False
2020-10-07T03:00:00+08:00,237.04,-10.9,11.8,0.9777777777777779,0.1848,True,False,1.0,False,False,False
2020-10-07T04:00:00+08:00,231.82,-10.8,10.7,0.8555555555555555,0.20019999999999996,True,False,1.0,False,False,False
2020-10-07T05:00:00+08:00,232.56,-10.3,8.7,0.6333333333333333,0.24429999999999996,True,False,1.0,False,False,False
2020-10-07T06:00:00+08:00,225.48,-9.5,5.8,0.3111111111111111,0.2975,True,False,1.0,False,False,False
2020-10-07T07:00:00+08:00,239.07,-9.2,3.7,0.07777777777777779,0.3353,True,False,1.0,False,False,False
2020-10-07T08:00:00+08:00,222.7,-8.9,4.1,0.12222222222222218,0.308,True,False,1.0,False,False,False
2020-10-07T09:00:00+08:00,222.26,-9.1,3.8,0.08888888888888886,0.30519999999999997,True,False,1.0,False,False,False
2020-10-07T10:00:00+08:00,234.26,-8.7,2.1,0.0,0.27299999999999996,True,False,1.0,False,False,False
2020-10-07T11:00:00+08:00,249.68,-8.2,0.6,0.0,0.1869,True,False,1.0,False,False,False
2020-10-07T12:00:00+08:00,226.16,-9.4,1.4,0.0,0.13299999999999998,True,False,1.0,False,False,False
2020-10-07T13:00:00+08:00,221.41,-9.9,4.9,0.21111111111111114,0.0567,True,False,1.0,False,False,False
2020-10-07T14:00:00+08:00,217.8133333,-10.5,13.1,1.0,0.0168,True,False,1.0,False,False,False
2020-10-07T15:00:00+08:00,229.4033333,-10.8,13.0,1.0,0.0014,True,False,1.0,False,False,False
2020-10-07T16:00:00+08:00,250.7266667,-11.2,13.9,1.0,0.0,True,False,1.0,False,False,False
2020-10-07T17:00:00+08:00,258.0633333,-11.5,12.2,1.0,0.0,True,False,1.0,False,False,False
2020-10-07T18:00:00+08:00,239.4733334,-11.9,11.8,0.9777777777777779,0.0,True,False,1.0,False,False,False
2020-10-07T19:00:00+08:00,244.7366667,-12.2,11.6,0.9555555555555555,0.0,True,False,1.0,False,False,False
2020-10-07T20:00:00+08:00,234.4933333,-12.7,9.7,0.7444444444444444,0.0,True,False,1.0,False,False,False
2020-10-07T21:00:00+08:00,229.3533333,-13.0,11.6,0.9555555555555555,0.0,True,False,1.0,False,False,False
2020-10-07T22:00:00+08:00,217.5833333,-13.4,11.0,0.8888888888888888,0.0,True,False,1.0,False,False,False
2020-10-07T23:00:00+08:00,227.21,-13.6,9.1,0.6777777777777777,0.0007,True,False,1.0,False,False,False
2020-10-08T00:00:00+08:00,223.5166667,-13.4,11.0,0.8888888888888888,0.012599999999999998,True,False,1.0,False,False,False
2020-10-08T01:00:00+08:00,221.66,-13.3,8.9,0.6555555555555556,0.0476,True,False,1.0,False,False,False
2020-10-08T02:00:00+08:00,226.0033333,-13.2,6.4,0.3777777777777778,0.09869999999999998,True,False,1.0,False,False,False
2020-10-08T03:00:00+08:00,219.0233333,-13.0,5.0,0.2222222222222222,0.1624,True,False,1.0,False,False,False
2020-10-08T04:00:00+08:00,228.0133333,-12.6,4.1,0.12222222222222218,0.19879999999999998,True,False,1.0,False,False,False
2020-10-08T05:00:00+08:00,253.6,-11.8,3.3,0.03333333333333331,0.23099999999999998,True,False,1.0,False,False,False
2020-10-08T06:00:00+08:00,246.35,-11.1,3.1,0.01111111111111112,0.2779,True,False,1.0,False,False,False
2020-10-08T07:00:00+08:00,256.2416667,-10.5,1.5,0.0,0.31779999999999997,True,False,1.0,False,False,False
2020-10-08T08:00:00+08:00,219.98,-10.6,2.2,0.0,0.2919,True,False,1.0,False,False,False
2020-10-08T09:00:00+08:00,223.52,-9.7,1.3,0.0,0.2562,True,False,1.0,False,False,False
2020-10-08T10:00:00+08:00,232.19,-10.0,0.7,0.0,0.21839999999999998,True,False,1.0,False,False,False
2020-10-08T11:00:00+08:00,248.38,-10.2,0.5,0.0,0.1407,True,False,1.0,False,False,False
2020-10-08T12:00:00+08:00,224.84,-10.3,0.2,0.0,0.09869999999999998,True,False,1.0,False,False,False
2020-10-08T13:00:00+08:00,217.89,-11.6,0.6,0.0,0.035699999999999996,True,False,1.0,False,False,False
2020-10-08T14:00:00+08:00,226.08,-11.8,0.0,0.0,0.0112,True,False,1.0,False,False,False
2020-10-08T15:00:00+08:00,222.93,-12.1,0.0,0.0,0.0014,True,False,1.0,False,False,False
2020-10-08T16:00:00+08:00,235.53,-12.4,0.7,0.0,0.0,True,False,1.0,False,False,False
2020-10-08T17:00:00+08:00,248.43,-12.8,1.0,0.0,0.0,True,False,1.0,False,False,False
2020-10-08T18:00:00+08:00,235.64,-12.7,1.9,0.0,0.0,True,False,1.0,False,False,False
2020-10-08T19:00:00+08:00,225.1,-13.5,2.1,0.0,0.0,True,False,1.0,False,False,False
2020-10-08T20:00:00+08:00,229.01,-13.5,0.4,0.0,0.0,True,False,1.0,False,False,False
2020-10-08T21:00:00+08:00,218.46,-13.6,1.1,0.0,0.0,True,False,1.0,False,False,False
2020-10-08T22:00:00+08:00,226.01,-14.0,5.2,0.24444444444444446,0.0,True,False,1.0,False,False,False
2020-10-08T23:00:00+08:00,225.36,-14.4,9.0,0.6666666666666666,0.0014,True,False,1.0,False,False,False
2020-10-09T00:00:00+08:00,223.02,-14.6,8.2,0.5777777777777777,0.009099999999999999,True,False,1.0,False,False,False
2020-10-09T01:00:00+08:00,224.62,-14.4,6.2,0.35555555555555557,0.0406,True,False,1.0,False,False,False
2020-10-09T02:00:00+08:00,218.21,-14.0,5.8,0.3111111111111111,0.08889999999999999,True,False,1.0,False,False,False
2020-10-09T03:00:00+08:00,239.88,-13.7,5.7,0.30000000000000004,0.1498,True,False,1.0,False,False,False
2020-10-09T04:00:00+08:00,225.1,-13.4,5.7,0.30000000000000004,0.20159999999999997,True,False,1.0,False,False,False
2020-10-09T05:00:00+08:00,226.68,-13.4,6.2,0.35555555555555557,0.2562,True,False,1.0,False,False,False
2020-10-09T06:00:00+08:00,240.77,-13.4,6.6,0.39999999999999997,0.2821,True,False,1.0,False,False,False
2020-10-09T07:00:00+08:00,238.64,-13.1,7.8,0.5333333333333333,0.29329999999999995,True,False,1.0,False,False,False
2020-10-09T08:00:00+08:00,228.06,-13.1,8.7,0.6333333333333333,0.29469999999999996,True,False,1.0,False,False,False
2020-10-09T09:00:00+08:00,221.38,-12.8,7.2,0.4666666666666667,0.2401,True,False,1.0,False,False,False
2020-10-09T10:00:00+08:00,216.59,-12.7,8.7,0.6333333333333333,0.217,True,False,1.0,False,False,False
2020-10-09T11:00:00+08:00,216.85,-12.8,7.9,0.5444444444444445,0.1687,True,False,1.0,False,False,False
2020-10-09T12:00:00+08:00,213.59,-12.7,6.4,0.3777777777777778,0.10919999999999999,True,False,1.0,False,False,False
2020-10-09T13:00:00+08:00,214.94,-12.9,7.7,0.5222222222222223,0.0581,True,False,1.0,False,False,False
2020-10-09T14:00:00+08:00,209.6,-12.9,7.0,0.4444444444444444,0.013999999999999999,True,False,1.0,False,False,False
2020-10-09T15:00:00+08:00,216.63,-12.5,8.4,0.6000000000000001,0.0014,True,False,1.0,False,False,False
2020-10-09T16:00:00+08:00,227.9,-12.1,8.3,0.588888888888889,0.0,True,False,1.0,False,False,False
2020-10-09T17:00:00+08:00,220.1333333,-12.4,10.0,0.7777777777777778,0.0,True,False,1.0,False,False,False
2020-10-09T18:00:00+08:00,232.83,-12.7,8.0,0.5555555555555556,0.0,True,False,1.0,False,False,False
2020-10-09T19:00:00+08:00,227.6833333,-12.9,8.2,0.5777777777777777,0.0,True,False,1.0,False,False,False
2020-10-09T20:00:00+08:00,231.7666667,-12.8,8.1,0.5666666666666667,0.0,True,False,1.0,False,False,False
2020-10-09T21:00:00+08:00,232.4366667,-13.1,11.6,0.9555555555555555,0.0,True,False,1.0,False,False,False
2020-10-09T22:00:00+08:00,231.25,-13.5,11.2,0.911111111111111,0.0,True,False,1.0,False,False,False
2020-10-09T23:00:00+08:00,248.9066667,-13.5,11.6,0.9555555555555555,0.0014,True,False,1.0,False,False,False
2020-10-10T00:00:00+08:00,254.7033333,-13.7,10.5,0.8333333333333334,0.0245,True,False,1.0,False,False,False
2020-10-10T01:00:00+08:00,234.59,-13.6,9.2,0.6888888888888888,0.0798,True,False,1.0,False,False,False
2020-10-10T02:00:00+08:00,230.57,-13.4,8.3,0.588888888888889,0.1512,True,False,1.0,False,False,False
2020-10-10T03:00:00+08:00,227.85,-12.8,6.4,0.3777777777777778,0.22119999999999998,True,False,1.0,False,False,False
2020-10-10T04:00:00+08:00,223.5133333,-12.2,10.4,0.8222222222222223,0.2835,True,False,1.0,False,False,False
2020-10-10T05:00:00+08:00,224.11,-12.2,12.6,1.0,0.33459999999999995,True,False,1.0,False,False,False
2020-10-10T06:00:00+08:00,220.1166667,-11.3,14.2,1.0,0.364,True,False,1.0,False,False,False
2020-10-10T07:00:00+08:00,226.7366667,-10.7,10.6,0.8444444444444444,0.3591,True,False,1.0,False,False,False
2020-10-10T08:00:00+08:00,226.7566667,-9.7,8.3,0.588888888888889,0.3619,True,False,1.0,False,False,False
2020-10-10T09:00:00+08:00,231.7666667,-8.9,9.4,0.7111111111111111,0.33459999999999995,True,False,1.0,False,False,False
2020-10-10T10:00:00+08:00,235.77,-8.8,13.8,1.0,0.29119999999999996,True,False,1.0,False,False,False
2020-10-10T11:00:00+08:00,230.96,-8.1,11.8,0.9777777777777779,0.2226,True,False,1.0,False,False,False
2020-10-10T12:00:00+08:00,222.18,-7.8,12.7,1.0,0.1561,True,False,1.0,False,False,False
2020-10-10T13:00:00+08:00,215.29,-8.8,5.8,0.3111111111111111,0.0784,True,False,1.0,False,False,False
2020-10-10T14:00:00+08:00,216.55,-10.8,10.5,0.8333333333333334,0.0245,True,False,1.0,False,False,False
2020-10-10T15:00:00+08:00,222.81,-12.2,13.4,1.0,0.0034999999999999996,True,False,1.0,False,False,False
2020-10-10T16:00:00+08:00,224.34,-13.1,11.8,0.9777777777777779,0.0,True,False,1.0,False,False,False
2020-10-10T17:00:00+08:00,245.72,-14.2,10.9,0.8777777777777778,0.0,True,False,1.0,False,False,False
2020-10-10T18:00:00+08:00,228.28,-14.4,13.4,1.0,0.0,True,False,1.0,False,False,False
2020-10-10T19:00:00+08:00,232.45,-15.0,13.4,1.0,0.0,True,False,1.0,False,False,False
2020-10-10T20:00:00+08:00,230.99,-15.4,11.2,0.911111111111111,0.0,True,False,1.0,False,False,False
2020-10-10T21:00:00+08:00,235.94,-15.6,13.0,1.0,0.0,True,False,1.0,False,False,False
2020-10-10T22:00:00+08:00,235.02,-15.9,11.4,0.9333333333333333,0.0,True,False,1.0,False,False,False
2020-10-10T23:00:00+08:00,233.29,-15.7,11.7,0.9666666666666666,0.0014,True,False,1.0,False,False,False
2020-10-11T00:00:00+08:00,230.58,-15.8,11.9,0.9888888888888889,0.015399999999999999,True,False,1.0,False,False,False
2020-10-11T01:00:00+08:00,231.43,-16.0,12.1,1.0,0.05039999999999999,True,False,1.0,False,False,False
2020-10-11T02:00:00+08:00,238.14,-15.3,9.5,0.7222222222222222,0.12459999999999999,True,False,1.0,False,False,False
2020-10-11T03:00:00+08:00,235.02,-14.5,8.5,0.6111111111111112,0.19739999999999996,True,False,1.0,False,False,False
2020-10-11T04:00:00+08:00,239.7,-13.9,7.2,0.4666666666666667,0.25339999999999996,True,False,1.0,False,False,False
2020-10-11T05:00:00+08:00,227.17,-13.5,6.4,0.3777777777777778,0.3129,True,False,1.0,False,False,False
2020-10-11T06:00:00+08:00,226.82,-13.1,6.0,0.3333333333333333,0.3528,True,False,1.0,False,False,False
2020-10-11T07:00:00+08:00,240.39,-12.6,5.6,0.28888888888888886,0.3752,True,False,1.0,False,False,False
2020-10-11T08:00:00+08:00,224.28,-12.2,8.6,0.6222222222222222,0.3528,True,False,1.0,False,False,False
2020-10-11T09:00:00+08:00,224.87,-11.3,3.7,0.07777777777777779,0.3605,True,False,1.0,False,False,False
2020-10-11T10:00:00+08:00,242.87,-12.0,3.4,0.04444444444444443,0.2506,True,False,1.0,False,False,False
2020-10-11T11:00:00+08:00,243.67,-10.4,4.5,0.16666666666666666,0.20369999999999996,True,False,1.0,False,False,False
2020-10-11T12:00:00+08:00,218.71,-11.6,2.7,0.0,0.16519999999999999,True,False,1.0,False,False,False
2020-10-11T13:00:00+08:00,219.73,-12.2,3.3,0.03333333333333331,0.0896,True,False,1.0,False,False,False
2020-10-11T14:00:00+08:00,218.2,-14.1,6.0,0.3333333333333333,0.0287,True,False,1.0,False,False,False
2020-10-11T15:00:00+08:00,222.57,-15.4,4.3,0.14444444444444443,0.0042,True,False,1.0,False,False,False
2020-10-11T16:00:00+08:00,227.91,-15.9,2.7,0.0,0.0,True,False,1.0,False,False,False
2020-10-11T17:00:00+08:00,257.03,-16.6,2.8,0.0,0.0,True,False,1.0,False,False,False
2020-10-11T18:00:00+08:00,234.9,-17.0,2.8,0.0,0.0,True,False,1.0,False,False,False
2020-10-11T19:00:00+08:00,237.6733334,-17.5,1.8,0.0,0.0,True,False,1.0,False,False,False
2020-10-11T20:00:00+08:00,240.0233333,-18.1,1.8,0.0,0.0,True,False,1.0,False,False,False
2020-10-11T21:00:00+08:00,238.2233333,-16.3,5.4,0.2666666666666667,0.0,True,False,1.0,False,False,False
2020-10-11T22:00:00+08:00,248.9133333,-15.9,5.1,0.23333333333333328,0.0,True,False,1.0,False,False,False
2020-10-11T23:00:00+08:00,243.9766667,-16.7,2.7,0.0,0.0021,True,False,1.0,False,False,False
2020-10-12T00:00:00+08:00,239.52,-16.7,3.2,0.02222222222222224,0.027299999999999998,True,False,1.0,False,False,False
2020-10-12T01:00:00+08:00,221.15,-13.7,4.2,0.13333333333333336,0.0784,True,False,1.0,False,False,False
2020-10-12T02:00:00+08:00,230.8966667,-11.2,9.3,0.7000000000000001,0.1617,True,False,1.0,False,False,False
2020-10-12T03:00:00+08:00,225.9933333,-10.7,9.6,0.7333333333333333,0.2191,True,False,1.0,False,False,False
2020-10-12T04:00:00+08:00,229.7066667,-10.2,7.3,0.47777777777777775,0.2317,True,False,1.0,False,False,False
2020-10-12T05:00:00+08:00,222.7833333,-9.6,5.5,0.2777777777777778,0.2583,True,False,1.0,False,False,False
2020-10-12T06:00:00+08:00,215.9866667,-9.1,4.1,0.12222222222222218,0.33599999999999997,True,False,1.0,False,False,False
2020-10-12T07:00:00+08:00,242.55,-8.6,3.5,0.05555555555555555,0.34159999999999996,True,False,1.0,False,False,False
2020-10-12T08:00:00+08:00,220.65,-7.6,1.0,0.0,0.3227,True,False,1.0,False,False,False
2020-10-12T09:00:00+08:00,227.0666667,-7.6,1.1,0.0,0.28629999999999994,True,False,1.0,False,False,False
2020-10-12T10:00:00+08:00,243.37,-8.3,2.8,0.0,0.23099999999999998,True,False,1.0,False,False,False
2020-10-12T11:00:00+08:00,233.4266667,-9.2,4.6,0.17777777777777773,0.1757,True,False,1.0,False,False,False
2020-10-12T12:00:00+08:00,227.62,-9.8,2.3,0.0,0.12319999999999999,True,False,1.0,False,False,False
2020-10-12T13:00:00+08:00,219.24,-10.5,4.8,0.19999999999999998,0.0707,True,False,1.0,False,False,False
2020-10-12T14:00:00+08:00,225.39,-11.1,5.7,0.30000000000000004,0.025899999999999996,True,False,1.0,False,False,False
2020-10-12T15:00:00+08:00,235.28,-11.4,5.1,0.23333333333333328,0.0034999999999999996,True,False,1.0,False,False,False
2020-10-12T16:00:00+08:00,238.4,-10.7,8.6,0.6222222222222222,0.0,True,False,1.0,False,False,False
2020-10-12T17:00:00+08:00,243.32,-11.0,10.8,0.8666666666666667,0.0,True,False,1.0,False,False,False
2020-10-12T18:00:00+08:00,228.88,-11.4,9.5,0.7222222222222222,0.0,True,False,1.0,False,False,False
2020-10-12T19:00:00+08:00,223.57,-11.5,11.6,0.9555555555555555,0.0,True,False,1.0,False,False,False
2020-10-12T20:00:00+08:00,216.55,-12.1,9.6,0.7333333333333333,0.0,True,False,1.0,False,False,False
2020-10-12T21:00:00+08:00,214.13,-12.4,11.5,0.9444444444444444,0.0,True,False,1.0,False,False,False
2020-10-12T22:00:00+08:00,226.29,-12.7,9.5,0.7222222222222222,0.0,True,False,1.0,False,False,False
2020-10-12T23:00:00+08:00,238.01,-13.2,12.3,1.0,0.0056,True,False,1.0,False,False,False
2020-10-13T00:00:00+08:00,236.54,-13.0,9.2,0.6888888888888888,0.0448,True,False,1.0,False,False,False
2020-10-13T01:00:00+08:00,215.59,-12.7,10.4,0.8222222222222223,0.10219999999999999,True,False,1.0,False,False,False
2020-10-13T02:00:00+08:00,219.98,-13.0,8.8,0.6444444444444445,0.17009999999999997,True,False,1.0,False,False,False
2020-10-13T03:00:00+08:00,215.63,-12.6,8.9,0.6555555555555556,0.2352,True,False,1.0,False,False,False
2020-10-13T04:00:00+08:00,219.24,-12.3,8.3,0.588888888888889,0.2975,True,False,1.0,False,False,False
2020-10-13T05:00:00+08:00,222.78,-11.9,8.1,0.5666666666666667,0.34369999999999995,True,False,1.0,False,False,False
2020-10-13T06:00:00+08:00,229.04,-11.4,6.3,0.36666666666666664,0.378,True,False,1.0,False,False,False
2020-10-13T07:00:00+08:00,237.18,-11.2,4.8,0.19999999999999998,0.3906,True,False,1.0,False,False,False
2020-10-13T08:00:00+08:00,231.37,-10.9,3.3,0.03333333333333331,0.3339,True,False,1.0,False,False,False
2020-10-13T09:00:00+08:00,224.38,-10.5,3.3,0.03333333333333331,0.35,True,False,1.0,False,False,False
2020-10-13T10:00:00+08:00,241.78,-10.6,3.5,0.05555555555555555,0.2996,True,False,1.0,False,False,False
2020-10-13T11:00:00+08:00,254.16,-10.9,2.5,0.0,0.2723,True,False,1.0,False,False,False
2020-10-13T12:00:00+08:00,233.47,-10.9,1.0,0.0,0.0861,True,False,1.0,False,False,False
2020-10-13T13:00:00+08:00,223.42,-11.1,1.6,0.0,0.08889999999999999,True,False,1.0,False,False,False
2020-10-13T14:00:00+08:00,229.4,-11.5,3.1,0.01111111111111112,0.027999999999999997,True,False,1.0,False,False,False
2020-10-13T15:00:00+08:00,224.4,-11.3,3.3,0.03333333333333331,0.0049,True,False,1.0,False,False,False
2020-10-13T16:00:00+08:00,228.29,-10.8,5.3,0.25555555555555554,0.0,True,False,1.0,False,False,False
2020-10-13T17:00:00+08:00,238.74,-10.8,6.9,0.43333333333333335,0.0,True,False,1.0,False,False,False
2020-10-13T18:00:00+08:00,209.3,-10.8,4.8,0.19999999999999998,0.0,True,False,1.0,False,False,False
2020-10-13T19:00:00+08:00,214.61,-10.5,4.1,0.12222222222222218,0.0,True,False,1.0,False,False,False
2020-10-13T20:00:00+08:00,211.28,-10.5,4.3,0.14444444444444443,0.0,True,False,1.0,False,False,False
2020-10-13T21:00:00+08:00,215.815,-10.2,5.5,0.2777777777777778,0.0,True,False,1.0,False,False,False
2020-10-13T22:00:00+08:00,213.21,-10.4,6.2,0.35555555555555557,0.0,True,False,1.0,False,False,False
2020-10-13T23:00:00+08:00,213.49,-10.2,12.0,1.0,0.0042,True,False,1.0,False,False,False
2020-10-14T00:00:00+08:00,217.4766667,-9.9,12.5,1.0,0.027999999999999997,True,False,1.0,False,False,False
2020-10-14T01:00:00+08:00,211.6166667,-9.6,10.9,0.8777777777777778,0.07419999999999999,True,False,1.0,False,False,False
2020-10-14T02:00:00+08:00,223.5466667,-9.5,11.5,0.9444444444444444,0.1281,True,False,1.0,False,False,False
2020-10-14T03:00:00+08:00,221.0333333,-9.0,10.8,0.8666666666666667,0.21489999999999998,True,False,1.0,False,False,False
2020-10-14T04:00:00+08:00,232.29,-8.9,13.2,1.0,0.2632,True,False,1.0,False,False,False
2020-10-14T05:00:00+08:00,219.7466667,-8.9,13.2,1.0,0.3045,True,False,1.0,False,False,False
2020-10-14T06:00:00+08:00,224.7233333,-8.2,13.0,1.0,0.3535,True,False,1.0,False,False,False
2020-10-14T07:00:00+08:00,221.58,-8.2,14.1,1.0,0.3514,True,False,1.0,False,False,False
2020-10-14T08:00:00+08:00,209.0533333,-7.9,14.3,1.0,0.35769999999999996,True,False,1.0,False,False,False
2020-10-14T09:00:00+08:00,212.08,-7.4,11.7,0.9666666666666666,0.3388,True,False,1.0,False,False,False
2020-10-14T10:00:00+08:00,218.4933333,-7.3,11.7,0.9666666666666666,0.2779,True,False,1.0,False,False,False
2020-10-14T11:00:00+08:00,250.7266667,-7.6,10.2,0.7999999999999999,0.2338,True,False,1.0,False,False,False
2020-10-14T12:00:00+08:00,237.49,-7.6,9.7,0.7444444444444444,0.1799,True,False,1.0,False,False,False
2020-10-14T13:00:00+08:00,222.3066667,-7.3,11.2,0.911111111111111,0.0973,True,False,1.0,False,False,False
2020-10-14T14:00:00+08:00,230.4866667,-7.6,9.6,0.7333333333333333,0.027999999999999997,True,False,1.0,False,False,False
2020-10-14T15:00:00+08:00,237.28,-7.9,9.4,0.7111111111111111,0.0056,True,False,1.0,False,False,False
2020-10-14T16:00:00+08:00,270.09,-8.3,5.2,0.24444444444444446,0.0,True,False,1.0,False,False,False
2020-10-14T17:00:00+08:00,239.77,-8.1,7.3,0.47777777777777775,0.0,True,False,1.0,False,False,False
2020-10-14T18:00:00+08:00,233.84,-8.3,5.8,0.3111111111111111,0.0,True,False,1.0,False,False,False
2020-10-14T19:00:00+08:00,217.0,-8.3,5.3,0.25555555555555554,0.0,True,False,1.0,False,False,False
2020-10-14T20:00:00+08:00,221.31,-8.5,3.1,0.01111111111111112,0.0,True,False,1.0,False,False,False
2020-10-14T21:00:00+08:00,219.82,-8.6,4.5,0.16666666666666666,0.0,True,False,1.0,False,False,False
2020-10-14T22:00:00+08:00,221.58,-8.6,4.7,0.1888888888888889,0.0,True,False,1.0,False,False,False
2020-10-14T23:00:00+08:00,222.02,-9.0,0.4,0.0,0.0034999999999999996,True,False,1.0,False,False,False
2020-10-15T00:00:00+08:00,225.54,-9.1,1.2,0.0,0.027999999999999997,True,False,1.0,False,False,False
2020-10-15T01:00:00+08:00,231.85,-9.1,2.7,0.0,0.0588,True,False,1.0,False,False,False
2020-10-15T02:00:00+08:00,223.88,-8.7,4.0,0.1111111111111111,0.17149999999999999,True,False,1.0,False,False,False
2020-10-15T03:00:00+08:00,229.64,-8.4,4.9,0.21111111111111114,0.1862,True,False,1.0,False,False,False
2020-10-15T04:00:00+08:00,226.69,-8.2,5.3,0.25555555555555554,0.2366,True,False,1.0,False,False,False
2020-10-15T05:00:00+08:00,230.21,-7.5,4.4,0.15555555555555559,0.2828,True,False,1.0,False,False,False
2020-10-15T06:00:00+08:00,233.09,-7.9,5.6,0.28888888888888886,0.3122,True,False,1.0,False,False,False
2020-10-15T07:00:00+08:00,228.81,-7.7,4.7,0.1888888888888889,0.31429999999999997,True,False,1.0,False,False,False
2020-10-15T08:00:00+08:00,201.655,-7.6,4.9,0.21111111111111114,0.34159999999999996,True,False,1.0,False,False,False
2020-10-15T09:00:00+08:00,212.99,-7.9,10.0,0.7777777777777778,0.3241,True,False,1.0,False,False,False
2020-10-15T10:00:00+08:00,212.55,-8.1,9.0,0.6666666666666666,0.25479999999999997,True,False,1.0,False,False,False
2020-10-15T11:00:00+08:00,209.01,-8.4,9.6,0.7333333333333333,0.17149999999999999,True,False,1.0,False,False,False
2020-10-15T12:00:00+08:00,206.84,-8.8,10.4,0.8222222222222223,0.1764,True,False,1.0,False,False,False
2020-10-15T13:00:00+08:00,209.0,-8.9,9.2,0.6888888888888888,0.08259999999999999,True,False,1.0,False,False,False
2020-10-15T14:00:00+08:00,210.91,-9.2,9.8,0.7555555555555556,0.0294,True,False,1.0,False,False,False
2020-10-15T15:00:00+08:00,213.45,-10.4,12.0,1.0,0.0056,True,False,1.0,False,False,False
2020-10-15T16:00:00+08:00,220.53,-11.2,7.7,0.5222222222222223,0.0007,True,False,1.0,False,False,False
2020-10-15T17:00:00+08:00,221.84,-11.6,9.8,0.7555555555555556,0.0,True,False,1.0,False,False,False
2020-10-15T18:00:00+08:00,227.58,-11.7,7.7,0.5222222222222223,0.0,True,False,1.0,False,False,False
2020-10-15T19:00:00+08:00,223.2,-12.0,7.5,0.5,0.0,True,False,1.0,False,False,False
2020-10-15T20:00:00+08:00,216.61,-11.9,7.4,0.48888888888888893,0.0,True,False,1.0,False,False,False
2020-10-15T21:00:00+08:00,218.67,-11.1,7.3,0.47777777777777775,0.0,True,False,1.0,False,False,False
2020-10-15T22:00:00+08:00,239.12,-10.7,8.4,0.6000000000000001,0.0,True,False,1.0,False,False,False
2020-10-15T23:00:00+08:00,244.43,-10.5,5.7,0.30000000000000004,0.006299999999999999,True,False,1.0,False,False,False
2020-10-16T00:00:00+08:00,242.0133333,-9.9,6.6,0.39999999999999997,0.035699999999999996,True,False,1.0,False,False,False
2020-10-16T01:00:00+08:00,230.83,-9.7,6.9,0.43333333333333335,0.09939999999999999,True,False,1.0,False,False,False
2020-10-16T02:00:00+08:00,222.4666667,-9.7,5.1,0.23333333333333328,0.18059999999999998,True,False,1.0,False,False,False
2020-10-16T03:00:00+08:00,228.5433333,-9.4,7.6,0.5111111111111111,0.25129999999999997,True,False,1.0,False,False,False
2020-10-16T04:00:00+08:00,224.3266667,-9.2,7.2,0.4666666666666667,0.308,True,False,1.0,False,False,False
2020-10-16T05:00:00+08:00,226.6433333,-8.8,10.2,0.7999999999999999,0.3738,True,False,1.0,False,False,False
2020-10-16T06:00:00+08:00,219.05,-9.0,12.4,1.0,0.3801,True,False,1.0,False,False,False
2020-10-16T07:00:00+08:00,226.1633333,-8.3,9.8,0.7555555555555556,0.40179999999999993,True,False,1.0,False,False,False
2020-10-16T08:00:00+08:00,216.2866667,-7.8,8.7,0.6333333333333333,0.39759999999999995,True,False,1.0,False,False,False
2020-10-16T09:00:00+08:00,215.13,-7.3,9.3,0.7000000000000001,0.3668,True,False,1.0,False,False,False
2020-10-16T10:00:00+08:00,215.2566667,-7.5,9.5,0.7222222222222222,0.3206,True,False,1.0,False,False,False
2020-10-16T11:00:00+08:00,231.6966667,-7.1,9.7,0.7444444444444444,0.25479999999999997,True,False,1.0,False,False,False
2020-10-16T12:00:00+08:00,215.0066667,-6.7,5.5,0.2777777777777778,0.1799,True,False,1.0,False,False,False
2020-10-16T13:00:00+08:00,210.8266667,-6.7,6.2,0.35555555555555557,0.1113,True,False,1.0,False,False,False
2020-10-16T14:00:00+08:00,212.47,-7.1,3.4,0.04444444444444443,0.0567,True,False,1.0,False,False,False
2020-10-16T15:00:00+08:00,230.4666667,-7.2,3.3,0.03333333333333331,0.013999999999999999,True,False,1.0,False,False,False
2020-10-16T16:00:00+08:00,240.5583333,-6.9,4.3,0.14444444444444443,0.0007,True,False,1.0,False,False,False
2020-10-16T17:00:00+08:00,224.43,-6.5,5.9,0.32222222222222224,0.0,True,False,1.0,False,False,False
2020-10-16T18:00:00+08:00,214.34,-6.8,8.9,0.6555555555555556,0.0,True,False,1.0,False,False,False
2020-10-16T19:00:00+08:00,214.15,-6.6,7.6,0.5111111111111111,0.0,True,False,1.0,False,False,False
2020-10-16T20:00:00+08:00,229.1,-6.1,9.0,0.6666666666666666,0.0,True,False,1.0,False,False,False
2020-10-16T21:00:00+08:00,225.79,-6.0,9.0,0.6666666666666666,0.0,True,False,1.0,False,False,False
2020-10-16T22:00:00+08:00,226.09,-6.2,10.0,0.7777777777777778,0.0,True,False,1.0,False,False,False
2020-10-16T23:00:00+08:00,225.85,-6.3,10.7,0.8555555555555555,0.006299999999999999,True,False,1.0,False,False,False
2020-10-17T00:00:00+08:00,215.23,-6.3,9.9,0.7666666666666667,0.030099999999999995,True,False,1.0,False,False,False
2020-10-17T01:00:00+08:00,206.78,-6.5,8.6,0.6222222222222222,0.0679,True,False,1.0,False,False,False
2020-10-17T02:00:00+08:00,215.39,-6.3,7.0,0.4444444444444444,0.1197,True,False,1.0,False,False,False
2020-10-17T03:00:00+08:00,216.62,-5.9,4.9,0.21111111111111114,0.20019999999999996,True,False,1.0,False,False,False
2020-10-17T04:00:00+08:00,223.5,-5.6,5.2,0.24444444444444446,0.2219,True,False,1.0,False,False,False
2020-10-17T05:00:00+08:00,241.43,-5.5,6.6,0.39999999999999997,0.27999999999999997,True,False,1.0,False,False,False
2020-10-17T06:00:00+08:00,234.27,-5.6,6.4,0.3777777777777778,0.3066,True,False,1.0,False,False,False
2020-10-17T07:00:00+08:00,222.43,-5.3,3.1,0.01111111111111112,0.3262,True,False,1.0,False,False,False
2020-10-17T08:00:00+08:00,210.84,-5.5,4.3,0.14444444444444443,0.33319999999999994,True,False,1.0,False,False,False
2020-10-17T09:00:00+08:00,212.22,-5.9,5.8,0.3111111111111111,0.3213,True,False,1.0,False,False,False
2020-10-17T10:00:00+08:00,219.04,-6.0,5.8,0.3111111111111111,0.22749999999999998,True,False,1.0,False,False,False
2020-10-17T11:00:00+08:00,219.71,-6.3,6.3,0.36666666666666664,0.17009999999999997,True,False,1.0,False,False,False
2020-10-17T12:00:00+08:00,210.18,-7.4,11.0,0.8888888888888888,0.12039999999999998,True,False,1.0,False,False,False
2020-10-17T13:00:00+08:00,209.97,-7.5,11.3,0.9222222222222223,0.0707,True,False,1.0,False,False,False
2020-10-17T14:00:00+08:00,204.52,-7.7,11.4,0.9333333333333333,0.0322,True,False,1.0,False,False,False
2020-10-17T15:00:00+08:00,205.92,-7.9,13.7,1.0,0.006999999999999999,True,False,1.0,False,False,False
2020-10-17T16:00:00+08:00,223.74,-7.9,20.1,1.0,0.0007,False,True,0.5,True,True,False
2020-10-17T17:00:00+08:00,227.66,-8.0,19.2,1.0,0.0,False,True,0.5,True,True,False
2020-10-17T18:00:00+08:00,221.6,-8.2,18.6,1.0,0.0,False,True,0.5,True,True,False
2020-10-17T19:00:00+08:00,214.61,-8.3,15.4,1.0,0.0,False,True,0.5,True,True,False
2020-10-17T20:00:00+08:00,215.71,-8.4,14.7,1.0,0.0,True,True,0.5,True,False,False
2020-10-17T21:00:00+08:00,210.21,-8.4,14.3,1.0,0.0,True,True,0.5,True,False,False
2020-10-17T22:00:00+08:00,216.15,-8.5,13.7,1.0,0.0007,True,True,0.5,True,False,False
2020-10-17T23:00:00+08:00,215.24,-8.5,14.4,1.0,0.0056,True,True,0.5,True,False,False
2020-10-18T00:00:00+08:00,212.61,-8.6,14.5,1.0,0.0315,True,True,0.5,True,False,False
2020-10-18T01:00:00+08:00,220.8,-8.7,14.7,1.0,0.0756,True,True,0.5,True,False,False
2020-10-18T02:00:00+08:00,210.1733333,-8.7,13.6,1.0,0.1176,True,True,0.5,True,False,False
2020-10-18T03:00:00+08:00,211.3733333,-8.8,11.9,0.9888888888888889,0.1904,True,True,0.5,True,False,False
2020-10-18T04:00:00+08:00,210.4833333,-8.9,12.3,1.0,0.2359,True,True,0.5,True,False,False
2020-10-18T05:00:00+08:00,217.2133333,-9.0,12.3,1.0,0.35559999999999997,True,True,0.5,True,False,False
2020-10-18T06:00:00+08:00,208.1066667,-8.9,11.4,0.9333333333333333,0.28629999999999994,True,True,0.5,True,False,False
2020-10-18T07:00:00+08:00,223.8866667,-8.9,12.2,1.0,0.32899999999999996,True,True,0.5,True,False,False
2020-10-18T08:00:00+08:00,211.9333333,-8.7,9.3,0.7000000000000001,0.35559999999999997,True,False,1.0,False,False,False
2020-10-18T09:00:00+08:00,217.9966667,-8.6,8.8,0.6444444444444445,0.33669999999999994,True,False,1.0,False,False,False
2020-10-18T10:00:00+08:00,223.67,-8.6,7.8,0.5333333333333333,0.2324,True,False,1.0,False,False,False
2020-10-18T11:00:00+08:00,231.2333333,-8.6,7.9,0.5444444444444445,0.20299999999999999,True,False,1.0,False,False,False
2020-10-18T12:00:00+08:00,214.2466667,-8.7,7.9,0.5444444444444445,0.182,True,False,1.0,False,False,False
2020-10-18T13:00:00+08:00,212.3233333,-8.8,7.5,0.5,0.13369999999999999,True,False,1.0,False,False,False
2020-10-18T14:00:00+08:00,206.32,-8.8,6.9,0.43333333333333335,0.05109999999999999,True,False,1.0,False,False,False
2020-10-18T15:00:00+08:00,202.9866667,-8.9,7.4,0.48888888888888893,0.010499999999999999,True,False,1.0,False,False,False
2020-10-18T16:00:00+08:00,210.4233333,-8.7,7.2,0.4666666666666667,0.0014,True,False,1.0,False,False,False
2020-10-18T17:00:00+08:00,230.08,-8.7,6.6,0.39999999999999997,0.0,True,False,1.0,False,False,False
2020-10-18T18:00:00+08:00,211.55,-8.6,6.3,0.36666666666666664,0.0,True,False,1.0,False,False,False
2020-10-18T19:00:00+08:00,226.69,-8.5,6.2,0.35555555555555557,0.0,True,False,1.0,False,False,False
2020-10-18T20:00:00+08:00,230.76,-8.8,2.6,0.0,0.0,True,False,1.0,False,False,False
2020-10-18T21:00:00+08:00,247.14,-8.5,5.0,0.2222222222222222,0.0,True,False,1.0,False,False,False
2020-10-18T22:00:00+08:00,232.93,-8.4,5.4,0.2666666666666667,0.0007,True,False,1.0,False,False,False
2020-10-18T23:00:00+08:00,221.78,-8.4,6.1,0.3444444444444444,0.006299999999999999,True,False,1.0,False,False,False
2020-10-19T00:00:00+08:00,220.71,-8.1,6.4,0.3777777777777778,0.0385,True,False,1.0,False,False,False
2020-10-19T01:00:00+08:00,221.45,-7.8,6.6,0.39999999999999997,0.08259999999999999,True,False,1.0,False,False,False
2020-10-19T02:00:00+08:00,215.43,-7.9,6.1,0.3444444444444444,0.12319999999999999,True,False,1.0,False,False,False
2020-10-19T03:00:00+08:00,215.72,-7.6,6.8,0.4222222222222222,0.16799999999999998,True,False,1.0,False,False,False
2020-10-19T04:00:00+08:00,207.47,-7.4,5.2,0.24444444444444446,0.2359,True,False,1.0,False,False,False
2020-10-19T05:00:00+08:00,221.1,-7.3,5.5,0.2777777777777778,0.2807,True,False,1.0,False,False,False
2020-10-19T06:00:00+08:00,217.9,-7.2,5.7,0.30000000000000004,0.3129,True,False,1.0,False,False,False
2020-10-19T07:00:00+08:00,237.36,-7.1,5.3,0.25555555555555554,0.31079999999999997,True,False,1.0,False,False,False
2020-10-19T08:00:00+08:00,217.71,-6.8,3.8,0.08888888888888886,0.308,True,False,1.0,False,False,False
2020-10-19T09:00:00+08:00,215.21,-6.7,3.4,0.04444444444444443,0.28979999999999995,True,False,1.0,False,False,False
2020-10-19T10:00:00+08:00,234.62,-6.6,2.7,0.0,0.27649999999999997,True,False,1.0,False,False,False
2020-10-19T11:00:00+08:00,239.55,-6.5,2.6,0.0,0.22469999999999998,True,False,1.0,False,False,False
2020-10-19T12:00:00+08:00,211.92,-6.5,2.5,0.0,0.196,True,False,1.0,False,False,False
2020-10-19T13:00:00+08:00,216.63,-6.7,2.1,0.0,0.10289999999999999,True,False,1.0,False,False,False
2020-10-19T14:00:00+08:00,215.8,-7.1,2.7,0.0,0.0385,True,False,1.0,False,False,False
2020-10-19T15:00:00+08:00,220.1,-7.1,2.6,0.0,0.015399999999999999,True,False,1.0,False,False,False
2020-10-19T16:00:00+08:00,229.36,-7.1,4.1,0.12222222222222218,0.0014,True,False,1.0,False,False,False
2020-10-19T17:00:00+08:00,227.72,-7.0,2.7,0.0,0.0,True,False,1.0,False,False,False
2020-10-19T18:00:00+08:00,216.76,-7.4,3.0,0.0,0.0,True,False,1.0,False,False,False
2020-10-19T19:00:00+08:00,229.01,-7.6,1.6,0.0,0.0,True,False,1.0,False,False,False
2020-10-19T20:00:00+08:00,220.66,-7.8,0.4,0.0,0.0,True,False,1.0,False,False,False
2020-10-19T21:00:00+08:00,217.22,-8.0,1.3,0.0,0.0,True,False,1.0,False,False,False
2020-10-19T22:00:00+08:00,217.69,-8.0,1.4,0.0,0.0014,True,False,1.0,False,False,False
2020-10-19T23:00:00+08:00,218.89,-7.4,2.3,0.0,0.013999999999999999,True,False,1.0,False,False,False
2020-10-20T00:00:00+08:00,214.1,-7.6,1.4,0.0,0.0735,True,False,1.0,False,False,False
2020-10-20T01:00:00+08:00,229.19,-7.3,1.0,0.0,0.1393,True,False,1.0,False,False,False
2020-10-20T02:00:00+08:00,232.79,-6.9,1.8,0.0,0.16729999999999998,True,False,1.0,False,False,False
2020-10-20T03:00:00+08:00,220.25,-6.3,2.0,0.0,0.26949999999999996,True,False,1.0,False,False,False
2020-10-20T04:00:00+08:00,216.5633333,-5.7,1.5,0.0,0.34369999999999995,True,False,1.0,False,False,False
2020-10-20T05:00:00+08:00,217.68,-4.7,0.9,0.0,0.40109999999999996,True,False,1.0,False,False,False
2020-10-20T06:00:00+08:00,210.87,-3.8,0.2,0.0,0.43119999999999997,True,False,1.0,False,False,False
2020-10-20T07:00:00+08:00,221.13,-5.3,1.6,0.0,0.41789999999999994,True,False,1.0,False,False,False
2020-10-20T08:00:00+08:00,217.5533333,-5.9,1.4,0.0,0.3465,True,False,1.0,False,False,False
2020-10-20T09:00:00+08:00,224.8433333,-6.2,2.3,0.0,0.3059,True,False,1.0,False,False,False
2020-10-20T10:00:00+08:00,227.9266667,-6.7,2.5,0.0,0.2576,True,False,1.0,False,False,False
2020-10-20T11:00:00+08:00,258.2266667,-8.3,3.1,0.01111111111111112,0.1932,True,False,1.0,False,False,False
2020-10-20T12:00:00+08:00,202.83,-8.7,3.6,0.06666666666666668,0.13019999999999998,True,False,1.0,False,False,False
2020-10-20T13:00:00+08:00,206.5966667,-9.7,3.8,0.08888888888888886,0.0819,True,False,1.0,False,False,False
2020-10-20T14:00:00+08:00,214.3466667,-10.3,3.5,0.05555555555555555,0.041299999999999996,True,False,1.0,False,False,False
2020-10-20T15:00:00+08:00,223.82,-10.9,2.8,0.0,0.013999999999999999,True,False,1.0,False,False,False
2020-10-20T16:00:00+08:00,203.47,-11.1,2.7,0.0,0.0021,True,False,1.0,False,False,False
2020-10-20T17:00:00+08:00,227.12,-11.2,2.0,0.0,0.0,True,False,1.0,False,False,False
2020-10-20T18:00:00+08:00,215.6766667,-12.2,3.2,0.02222222222222224,0.0,True,False,1.0,False,False,False
2020-10-20T19:00:00+08:00,215.7533333,-12.4,0.7,0.0,0.0,True,False,1.0,False,False,False
2020-10-20T20:00:00+08:00,210.85,-12.5,1.0,0.0,0.0,True,False,1.0,False,False,False
2020-10-20T21:00:00+08:00,222.9983333,-13.2,1.5,0.0,0.0,True,False,1.0,False,False,False
2020-10-20T22:00:00+08:00,216.89,-13.2,1.4,0.0,0.0028,True,False,1.0,False,False,False
2020-10-20T23:00:00+08:00,221.39,-12.8,0.2,0.0,0.0245,True,False,1.0,False,False,False
2020-10-21T00:00:00+08:00,213.87,-12.8,1.4,0.0,0.0819,True,False,1.0,False,False,False
2020-10-21T01:00:00+08:00,211.64,-12.5,0.0,0.0,0.1575,True,False,1.0,False,False,False
2020-10-21T02:00:00+08:00,215.38,-12.2,0.2,0.0,0.20929999999999999,True,False,1.0,False,False,False
2020-10-21T03:00:00+08:00,220.64,-11.5,0.0,0.0,0.2828,True,False,1.0,False,False,False
2020-10-21T04:00:00+08:00,221.92,-10.6,0.7,0.0,0.3598,True,False,1.0,False,False,False
2020-10-21T05:00:00+08:00,212.75,-11.2,0.5,0.0,0.4095,True,False,1.0,False,False,False
2020-10-21T06:00:00+08:00,223.31,-10.7,0.0,0.0,0.4347,True,False,1.0,False,False,False
2020-10-21T07:00:00+08:00,235.43,-10.6,1.0,0.0,0.4648,True,False,1.0,False,False,False
2020-10-21T08:00:00+08:00,214.78,-10.9,0.9,0.0,0.43539999999999995,True,False,1.0,False,False,False
2020-10-21T09:00:00+08:00,226.82,-10.2,1.9,0.0,0.39969999999999994,True,False,1.0,False,False,False
2020-10-21T10:00:00+08:00,229.97,-9.8,0.7,0.0,0.33249999999999996,True,False,1.0,False,False,False
2020-10-21T11:00:00+08:00,211.78,-11.6,1.4,0.0,0.2254,True,False,1.0,False,False,False
2020-10-21T12:00:00+08:00,207.15,-12.2,0.4,0.0,0.1925,True,False,1.0,False,False,False
2020-10-21T13:00:00+08:00,204.9,-13.5,0.0,0.0,0.1932,True,False,1.0,False,False,False
2020-10-21T14:00:00+08:00,216.23,-14.9,0.8,0.0,0.08329999999999999,True,False,1.0,False,False,False
2020-10-21T15:00:00+08:00,215.79,-16.5,2.3,0.0,0.025899999999999996,True,False,1.0,False,False,False
2020-10-21T16:00:00+08:00,221.18,-16.6,1.0,0.0,0.0049,True,False,1.0,False,False,False
2020-10-21T17:00:00+08:00,228.84,-17.0,0.7,0.0,0.0,True,False,1.0,False,False,False
2020-10-21T18:00:00+08:00,221.92,-17.2,1.0,0.0,0.0,True,False,1.0,False,False,False
2020-10-21T19:00:00+08:00,230.09,-17.4,0.4,0.0,0.0,True,False,1.0,False,False,False
2020-10-21T20:00:00+08:00,231.09,-17.2,0.2,0.0,0.0,True,False,1.0,False,False,False
2020-10-21T21:00:00+08:00,249.47,-16.8,0.0,0.0,0.0007,True,False,1.0,False,False,False
2020-10-21T22:00:00+08:00,249.71,-15.1,0.0,0.0,0.0049,True,False,1.0,False,False,False
2020-10-21T23:00:00+08:00,245.24,-15.0,0.2,0.0,0.0231,True,False,1.0,False,False,False
2020-10-22T00:00:00+08:00,226.52,-14.1,2.1,0.0,0.05109999999999999,True,False,1.0,False,False,False
2020-10-22T01:00:00+08:00,223.32,-11.7,2.7,0.0,0.10009999999999998,True,False,1.0,False,False,False
2020-10-22T02:00:00+08:00,227.4,-10.7,3.9,0.09999999999999999,0.1603,True,False,1.0,False,False,False
2020-10-22T03:00:00+08:00,230.89,-8.2,5.2,0.24444444444444446,0.20859999999999998,True,False,1.0,False,False,False
2020-10-22T04:00:00+08:00,231.0,-8.1,4.7,0.1888888888888889,0.2751,True,False,1.0,False,False,False
2020-10-22T05:00:00+08:00,231.33,-8.9,3.0,0.0,0.3458,True,False,1.0,False,False,False
2020-10-22T06:00:00+08:00,232.71,-7.6,3.7,0.07777777777777779,0.357,True,False,1.0,False,False,False
2020-10-22T07:00:00+08:00,243.9433334,-6.0,7.8,0.5333333333333333,0.3234,True,False,1.0,False,False,False
2020-10-22T08:00:00+08:00,220.88,-5.7,6.8,0.4222222222222222,0.3234,True,False,1.0,False,False,False
2020-10-22T09:00:00+08:00,214.1166667,-6.7,5.6,0.28888888888888886,0.3129,True,False,1.0,False,False,False
2020-10-22T10:00:00+08:00,233.6966667,-5.7,11.5,0.9444444444444444,0.2744,True,False,1.0,False,False,False
2020-10-22T11:00:00+08:00,240.4833333,-5.9,11.1,0.8999999999999999,0.19739999999999996,True,False,1.0,False,False,False
2020-10-22T12:00:00+08:00,218.1266667,-6.1,13.6,1.0,0.147,True,False,1.0,False,False,False
2020-10-22T13:00:00+08:00,211.1533333,-6.3,12.6,1.0,0.0861,True,False,1.0,False,False,False
2020-10-22T14:00:00+08:00,217.53,-6.2,11.7,0.9666666666666666,0.0469,True,False,1.0,False,False,False
2020-10-22T15:00:00+08:00,215.5866667,-5.9,13.0,1.0,0.0147,True,False,1.0,False,False,False
2020-10-22T16:00:00+08:00,238.4133333,-6.0,12.6,1.0,0.0021,True,False,1.0,False,False,False
2020-10-22T17:00:00+08:00,245.46,-5.8,13.3,1.0,0.0,True,False,1.0,False,False,False
2020-10-22T18:00:00+08:00,219.8166667,-5.8,13.8,1.0,0.0,True,False,1.0,False,False,False
2020-10-22T19:00:00+08:00,208.6966667,-5.9,13.3,1.0,0.0,True,False,1.0,False,False,False
2020-10-22T20:00:00+08:00,213.1266667,-6.0,11.9,0.9888888888888889,0.0,True,False,1.0,False,False,False
2020-10-22T21:00:00+08:00,208.36,-6.1,14.0,1.0,0.0,True,False,1.0,False,False,False
2020-10-22T22:00:00+08:00,205.8533333,-6.3,15.1,1.0,0.0021,False,True,0.5,True,True,False
2020-10-22T23:00:00+08:00,216.0466667,-6.2,15.7,1.0,0.0224,False,True,0.5,True,True,False
2020-10-23T00:00:00+08:00,217.68,-6.1,13.8,1.0,0.0791,True,True,0.5,True,False,False
2020-10-23T01:00:00+08:00,227.94,-6.2,15.1,1.0,0.11199999999999999,False,True,0.5,True,True,False
2020-10-23T02:00:00+08:00,235.86,-6.1,14.5,1.0,0.20019999999999996,True,True,0.5,True,False,False
2020-10-23T03:00:00+08:00,215.52,-5.7,13.3,1.0,0.20789999999999997,True,True,0.5,True,False,False
2020-10-23T04:00:00+08:00,213.31,-5.8,13.9,1.0,0.3528,True,True,0.5,True,False,False
2020-10-23T05:00:00+08:00,213.85,-5.2,14.1,1.0,0.34299999999999997,True,True,0.5,True,False,False
2020-10-23T06:00:00+08:00,215.03,-4.6,12.9,1.0,0.41229999999999994,True,True,0.5,True,False,False
2020-10-23T07:00:00+08:00,223.41,-4.2,11.2,0.911111111111111,0.4871999999999999,True,True,0.5,True,False,False
2020-10-23T08:00:00+08:00,215.71,-3.9,8.2,0.5777777777777777,0.4501,True,True,0.5,True,False,False
2020-10-23T09:00:00+08:00,210.7,-3.4,5.6,0.28888888888888886,0.3703,True,True,0.5,True,False,False
2020-10-23T10:00:00+08:00,219.83,-3.4,6.0,0.3333333333333333,0.31429999999999997,True,True,0.5,True,False,False
2020-10-23T11:00:00+08:00,222.21,-3.3,1.9,0.0,0.2282,True,True,0.5,True,False,False
2020-10-23T12:00:00+08:00,208.68,-3.6,3.9,0.09999999999999999,0.24919999999999998,True,True,0.5,True,False,False
2020-10-23T13:00:00+08:00,214.22,-3.9,4.3,0.14444444444444443,0.1134,True,True,0.5,True,False,False
2020-10-23T14:00:00+08:00,212.12,-4.1,5.4,0.2666666666666667,0.049,True,False,1.0,False,False,False
2020-10-23T15:00:00+08:00,220.22,-4.2,6.1,0.3444444444444444,0.0224,True,False,1.0,False,False,False
2020-10-23T16:00:00+08:00,221.59,-4.5,5.8,0.3111111111111111,0.0028,True,False,1.0,False,False,False
2020-10-23T17:00:00+08:00,216.01,-4.4,6.0,0.3333333333333333,0.0,True,False,1.0,False,False,False
2020-10-23T18:00:00+08:00,216.79,-4.2,8.1,0.5666666666666667,0.0,True,False,1.0,False,False,False
2020-10-23T19:00:00+08:00,240.46,-4.2,9.2,0.6888888888888888,0.0,True,False,1.0,False,False,False
2020-10-23T20:00:00+08:00,218.5,-4.2,11.0,0.8888888888888888,0.0,True,False,1.0,False,False,False
2020-10-23T21:00:00+08:00,228.4,-4.1,8.4,0.6000000000000001,0.0,True,False,1.0,False,False,False
2020-10-23T22:00:00+08:00,224.2,-3.9,8.2,0.5777777777777777,0.0021,True,False,1.0,False,False,False
2020-10-23T23:00:00+08:00,226.56,-3.6,10.9,0.8777777777777778,0.0161,True,False,1.0,False,False,False
2020-10-24T00:00:00+08:00,218.75,-3.8,9.2,0.6888888888888888,0.054599999999999996,True,False,1.0,False,False,False
2020-10-24T01:00:00+08:00,238.44,-3.8,7.3,0.47777777777777775,0.10009999999999998,True,False,1.0,False,False,False
2020-10-24T02:00:00+08:00,229.01,-3.7,5.6,0.28888888888888886,0.16799999999999998,True,False,1.0,False,False,False
2020-10-24T03:00:00+08:00,220.0,-3.9,8.7,0.6333333333333333,0.2191,True,False,1.0,False,False,False
2020-10-24T04:00:00+08:00,214.59,-4.0,9.1,0.6777777777777777,0.24499999999999997,True,False,1.0,False,False,False
2020-10-24T05:00:00+08:00,216.23,-3.8,9.7,0.7444444444444444,0.3269,True,False,1.0,False,False,False
2020-10-24T06:00:00+08:00,214.61,-3.7,6.6,0.39999999999999997,0.3458,True,False,1.0,False,False,False
2020-10-24T07:00:00+08:00,214.23,-3.5,7.3,0.47777777777777775,0.41019999999999995,True,False,1.0,False,False,False
2020-10-24T08:00:00+08:00,215.15,-3.5,4.0,0.1111111111111111,0.3423,True,False,1.0,False,False,False
2020-10-24T09:00:00+08:00,211.425,-3.3,3.2,0.02222222222222224,0.29259999999999997,True,False,1.0,False,False,False
2020-10-24T10:00:00+08:00,223.1333333,-3.1,4.0,0.1111111111111111,0.2597,True,False,1.0,False,False,False
2020-10-24T11:00:00+08:00,229.22,-3.3,6.0,0.3333333333333333,0.2611,True,False,1.0,False,False,False
2020-10-24T12:00:00+08:00,211.0366667,-3.4,4.6,0.17777777777777773,0.1687,True,False,1.0,False,False,False
2020-10-24T13:00:00+08:00,214.6666667,-3.4,4.8,0.19999999999999998,0.10359999999999998,True,False,1.0,False,False,False
2020-10-24T14:00:00+08:00,211.0,-3.6,5.6,0.28888888888888886,0.049,True,False,1.0,False,False,False
2020-10-24T15:00:00+08:00,203.17,-3.7,5.3,0.25555555555555554,0.017499999999999998,True,False,1.0,False,False,False
2020-10-24T16:00:00+08:00,222.7133333,-4.0,3.7,0.07777777777777779,0.0042,True,False,1.0,False,False,False
2020-10-24T17:00:00+08:00,244.4966667,-3.9,4.2,0.13333333333333336,0.0007,True,False,1.0,False,False,False
2020-10-24T18:00:00+08:00,230.8766667,-3.5,7.6,0.5111111111111111,0.0,True,False,1.0,False,False,False
2020-10-24T19:00:00+08:00,224.6733333,-3.6,6.7,0.41111111111111115,0.0,True,False,1.0,False,False,False
2020-10-24T20:00:00+08:00,228.4266667,-3.8,7.4,0.48888888888888893,0.0,True,False,1.0,False,False,False
2020-10-24T21:00:00+08:00,217.7766667,-3.9,7.5,0.5,0.0007,True,False,1.0,False,False,False
2020-10-24T22:00:00+08:00,230.0433333,-4.1,6.8,0.4222222222222222,0.0049,True,False,1.0,False,False,False
2020-10-24T23:00:00+08:00,238.49,-4.2,6.4,0.3777777777777778,0.0224,True,False,1.0,False,False,False
2020-10-25T00:00:00+08:00,232.3666667,-4.3,4.8,0.19999999999999998,0.06089999999999999,True,False,1.0,False,False,False
2020-10-25T01:00:00+08:00,218.02,-4.8,1.5,0.0,0.12389999999999998,True,False,1.0,False,False,False
2020-10-25T02:00:00+08:00,211.54,-5.9,2.7,0.0,0.2191,True,False,1.0,False,False,False
2020-10-25T03:00:00+08:00,219.06,-5.0,4.5,0.16666666666666666,0.29329999999999995,True,False,1.0,False,False,False
2020-10-25T04:00:00+08:00,217.01,-5.0,5.5,0.2777777777777778,0.3885,True,False,1.0,False,False,False
2020-10-25T05:00:00+08:00,214.8,-4.6,5.2,0.24444444444444446,0.41509999999999997,True,False,1.0,False,False,False
2020-10-25T06:00:00+08:00,210.72,-4.4,5.0,0.2222222222222222,0.4697,True,False,1.0,False,False,False
2020-10-25T07:00:00+08:00,225.38,-4.4,5.3,0.25555555555555554,0.4571,True,False,1.0,False,False,False
2020-10-25T08:00:00+08:00,219.37,-3.7,2.7,0.0,0.43329999999999996,True,False,1.0,False,False,False
2020-10-25T09:00:00+08:00,223.76,-3.7,2.0,0.0,0.39479999999999993,True,False,1.0,False,False,False
2020-10-25T10:00:00+08:00,238.15,-3.8,1.8,0.0,0.2905,True,False,1.0,False,False,False
2020-10-25T11:00:00+08:00,239.67,-2.5,0.0,0.0,0.2723,True,False,1.0,False,False,False
2020-10-25T12:00:00+08:00,222.19,-2.9,0.9,0.0,0.25129999999999997,True,False,1.0,False,False,False
2020-10-25T13:00:00+08:00,223.02,-3.3,0.4,0.0,0.17009999999999997,True,False,1.0,False,False,False
2020-10-25T14:00:00+08:00,209.63,-3.9,4.9,0.21111111111111114,0.0945,True,False,1.0,False,False,False
2020-10-25T15:00:00+08:00,215.85,-4.1,8.6,0.6222222222222222,0.034999999999999996,True,False,1.0,False,False,False
2020-10-25T16:00:00+08:00,229.61,-4.3,9.2,0.6888888888888888,0.006299999999999999,True,False,1.0,False,False,False
2020-10-25T17:00:00+08:00,245.96,-5.6,9.7,0.7444444444444444,0.0007,True,False,1.0,False,False,False
2020-10-25T18:00:00+08:00,220.04,-5.7,10.2,0.7999999999999999,0.0,True,False,1.0,False,False,False
2020-10-25T19:00:00+08:00,226.83,-5.6,12.3,1.0,0.0,True,False,1.0,False,False,False
2020-10-25T20:00:00+08:00,237.96,-6.1,13.0,1.0,0.0,True,False,1.0,False,False,False
2020-10-25T21:00:00+08:00,225.44,-6.6,13.2,1.0,0.0021,True,False,1.0,False,False,False
2020-10-25T22:00:00+08:00,216.38,-6.7,13.4,1.0,0.010499999999999999,True,False,1.0,False,False,False
2020-10-25T23:00:00+08:00,219.09,-6.4,12.8,1.0,0.041999999999999996,True,False,1.0,False,False,False
2020-10-26T00:00:00+08:00,218.69,-6.9,13.4,1.0,0.0896,True,False,1.0,False,False,False
2020-10-26T01:00:00+08:00,224.15,-7.2,15.8,1.0,0.16799999999999998,False,True,0.5,True,True,False
2020-10-26T02:00:00+08:00,212.02,-6.3,13.6,1.0,0.24289999999999998,True,True,0.5,True,False,False
2020-10-26T03:00:00+08:00,208.8,-5.4,10.1,0.7888888888888889,0.3199,True,True,0.5,True,False,False
2020-10-26T04:00:00+08:00,202.92,-5.0,11.2,0.911111111111111,0.39619999999999994,True,True,0.5,True,False,False
2020-10-26T05:00:00+08:00,207.32,-4.6,10.4,0.8222222222222223,0.4452,True,True,0.5,True,False,False
2020-10-26T06:00:00+08:00,201.99,-3.7,6.3,0.36666666666666664,0.4648,True,True,0.5,True,False,False
2020-10-26T07:00:00+08:00,225.17,-3.8,8.5,0.6111111111111112,0.48299999999999993,True,True,0.5,True,False,False
2020-10-26T08:00:00+08:00,213.52,-3.5,6.5,0.3888888888888889,0.4669,True,True,0.5,True,False,False
2020-10-26T09:00:00+08:00,212.63,-3.5,12.8,1.0,0.43189999999999995,True,True,0.5,True,False,False
2020-10-26T10:00:00+08:00,218.14,-3.9,12.9,1.0,0.392,True,True,0.5,True,False,False
2020-10-26T11:00:00+08:00,224.4716667,-4.1,12.6,1.0,0.33599999999999997,True,True,0.5,True,False,False
2020-10-26T12:00:00+08:00,214.6066667,-4.6,13.3,1.0,0.2506,True,True,0.5,True,False,False
2020-10-26T13:00:00+08:00,212.6,-5.0,13.3,1.0,0.16799999999999998,True,True,0.5,True,False,False
2020-10-26T14:00:00+08:00,209.3733333,-6.0,14.7,1.0,0.09029999999999999,True,False,1.0,False,False,False
2020-10-26T15:00:00+08:00,214.49,-6.6,15.2,1.0,0.0322,False,True,0.5,True,True,False
2020-10-26T16:00:00+08:00,227.2733333,-7.1,14.2,1.0,0.006999999999999999,True,True,0.5,True,False,False
2020-10-26T17:00:00+08:00,240.1833333,-7.9,15.1,1.0,0.0007,False,True,0.5,True,True,False
2020-10-26T18:00:00+08:00,224.2933333,-8.4,16.0,1.0,0.0,False,True,0.5,True,True,False
2020-10-26T19:00:00+08:00,234.5,-9.1,14.9,1.0,0.0,True,True,0.5,True,False,False
2020-10-26T20:00:00+08:00,226.6533333,-9.7,15.5,1.0,0.0,False,True,0.5,True,True,False
2020-10-26T21:00:00+08:00,213.38,-10.4,15.2,1.0,0.0007,False,True,0.5,True,True,False
2020-10-26T22:00:00+08:00,213.18,-10.5,15.3,1.0,0.0084,False,True,0.5,True,True,False
2020-10-26T23:00:00+08:00,205.9433333,-10.5,18.0,1.0,0.034999999999999996,False,True,0.5,True,True,False
2020-10-27T00:00:00+08:00,214.8733333,-10.3,17.5,1.0,0.09029999999999999,False,True,0.5,True,True,False
2020-10-27T01:00:00+08:00,220.31,-9.9,17.2,1.0,0.161,False,True,0.5,True,True,False
2020-10-27T02:00:00+08:00,214.5866667,-9.3,15.6,1.0,0.22469999999999998,False,True,0.5,True,True,False
2020-10-27T03:00:00+08:00,212.3966667,-9.0,16.2,1.0,0.30519999999999997,False,True,0.5,True,True,False
2020-10-27T04:00:00+08:00,204.825,-8.6,16.6,1.0,0.3906,False,True,0.5,True,True,False
2020-10-27T05:00:00+08:00,213.2,-7.8,15.0,1.0,0.41579999999999995,False,True,0.5,True,True,False
2020-10-27T06:00:00+08:00,213.38,-7.1,14.8,1.0,0.4697,True,True,0.5,True,False,False
2020-10-27T07:00:00+08:00,217.67,-6.8,15.0,1.0,0.46549999999999997,False,True,0.5,True,True,False
2020-10-27T08:00:00+08:00,207.49,-6.4,13.5,1.0,0.4592,True,True,0.5,True,False,False
2020-10-27T09:00:00+08:00,208.05,-5.7,10.0,0.7777777777777778,0.4361,True,True,0.5,True,False,False
2020-10-27T10:00:00+08:00,230.58,-5.8,13.5,1.0,0.385,True,True,0.5,True,False,False
2020-10-27T11:00:00+08:00,223.82,-5.9,15.1,1.0,0.3087,False,True,0.5,True,True,False
2020-10-27T12:00:00+08:00,205.03,-5.9,15.0,1.0,0.2331,False,True,0.5,True,True,False
2020-10-27T13:00:00+08:00,204.56,-6.6,14.4,1.0,0.147,True,True,0.5,True,False,False
2020-10-27T14:00:00+08:00,212.16,-7.6,15.3,1.0,0.0847,False,True,0.5,True,True,False
2020-10-27T15:00:00+08:00,209.92,-8.5,17.8,1.0,0.0343,False,True,0.5,True,True,False
2020-10-27T16:00:00+08:00,227.2,-9.0,16.1,1.0,0.0084,False,True,0.5,True,True,False
2020-10-27T17:00:00+08:00,226.28,-9.3,15.3,1.0,0.0014,False,True,0.5,True,True,False
2020-10-27T18:00:00+08:00,212.9,-10.2,15.3,1.0,0.0,False,True,0.5,True,True,False
2020-10-27T19:00:00+08:00,205.62,-10.9,14.7,1.0,0.0,True,True,0.5,True,False,False
2020-10-27T20:00:00+08:00,219.875,-12.0,12.6,1.0,0.0,True,True,0.5,True,False,False
2020-10-27T21:00:00+08:00,225.75,-12.7,12.8,1.0,0.0028,True,True,0.5,True,False,False
2020-10-27T22:00:00+08:00,234.63,-13.2,16.8,1.0,0.0119,False,True,0.5,True,True,False
2020-10-27T23:00:00+08:00,212.59,-12.7,14.7,1.0,0.0399,True,True,0.5,True,False,False
2020-10-28T00:00:00+08:00,215.13,-12.2,13.0,1.0,0.0875,True,True,0.5,True,False,False
2020-10-28T01:00:00+08:00,207.63,-11.6,11.6,0.9555555555555555,0.1596,True,True,0.5,True,False,False
2020-10-28T02:00:00+08:00,213.77,-11.5,12.9,1.0,0.2352,True,True,0.5,True,False,False
2020-10-28T03:00:00+08:00,216.5,-9.9,8.7,0.6333333333333333,0.3185,True,True,0.5,True,False,False
2020-10-28T04:00:00+08:00,227.73,-9.3,7.6,0.5111111111111111,0.39549999999999996,True,True,0.5,True,False,False
2020-10-28T05:00:00+08:00,213.72,-8.0,3.5,0.05555555555555555,0.4417,True,True,0.5,True,False,False
2020-10-28T06:00:00+08:00,221.01,-7.6,2.4,0.0,0.49139999999999995,True,True,0.5,True,False,False
2020-10-28T07:00:00+08:00,212.25,-6.3,0.7,0.0,0.49629999999999996,True,True,0.5,True,False,False
2020-10-28T08:00:00+08:00,203.22,-5.9,1.5,0.0,0.5018999999999999,True,True,0.5,True,False,False
2020-10-28T09:00:00+08:00,206.45,-5.8,0.6,0.0,0.4627,True,True,0.5,True,False,False
2020-10-28T10:00:00+08:00,218.0,-4.7,1.1,0.0,0.41229999999999994,True,True,0.5,True,False,False
2020-10-28T11:00:00+08:00,224.96,-4.3,0.6,0.0,0.34719999999999995,True,False,1.0,False,False,False
2020-10-28T12:00:00+08:00,213.43,-3.8,0.7,0.0,0.2716,True,False,1.0,False,False,False
2020-10-28T13:00:00+08:00,206.3033333,-6.7,1.4,0.0,0.1911,True,False,1.0,False,False,False
2020-10-28T14:00:00+08:00,205.8833333,-8.1,1.1,0.0,0.1134,True,False,1.0,False,False,False
2020-10-28T15:00:00+08:00,207.74,-10.0,0.1,0.0,0.05109999999999999,True,False,1.0,False,False,False
2020-10-28T16:00:00+08:00,234.9833333,-12.1,0.0,0.0,0.0133,True,False,1.0,False,False,False
2020-10-28T17:00:00+08:00,228.1633333,-13.0,1.2,0.0,0.0021,True,False,1.0,False,False,False
2020-10-28T18:00:00+08:00,212.21,-14.4,2.1,0.0,0.0,True,False,1.0,False,False,False
2020-10-28T19:00:00+08:00,212.0066667,-14.4,2.2,0.0,0.0,True,False,1.0,False,False,False
2020-10-28T20:00:00+08:00,208.8466667,-14.4,4.1,0.12222222222222218,0.0,True,False,1.0,False,False,False
2020-10-28T21:00:00+08:00,204.5566667,-14.4,4.6,0.17777777777777773,0.0014,True,False,1.0,False,False,False
2020-10-28T22:00:00+08:00,215.0733333,-15.2,2.6,0.0,0.0112,True,False,1.0,False,False,False
2020-10-28T23:00:00+08:00,231.06,-16.9,2.0,0.0,0.05039999999999999,True,False,1.0,False,False,False
2020-10-29T00:00:00+08:00,248.1066666,-17.6,1.7,0.0,0.11199999999999999,True,False,1.0,False,False,False
2020-10-29T01:00:00+08:00,233.8433333,-16.1,4.9,0.21111111111111114,0.1848,True,False,1.0,False,False,False
2020-10-29T02:00:00+08:00,216.8333333,-15.4,1.6,0.0,0.2576,True,False,1.0,False,False,False
2020-10-29T03:00:00+08:00,210.6933333,-14.0,5.0,0.2222222222222222,0.2989,True,False,1.0,False,False,False
2020-10-29T04:00:00+08:00,226.18,-13.6,9.2,0.6888888888888888,0.371,True,False,1.0,False,False,False
2020-10-29T05:00:00+08:00,221.0066667,-13.4,9.5,0.7222222222222222,0.44099999999999995,True,False,1.0,False,False,False
2020-10-29T06:00:00+08:00,218.745,-13.3,9.6,0.7333333333333333,0.4718,True,False,1.0,False,False,False
2020-10-29T07:00:00+08:00,224.23,-12.7,10.8,0.8666666666666667,0.4704,True,False,1.0,False,False,False
2020-10-29T08:00:00+08:00,218.22,-12.7,8.7,0.6333333333333333,0.4676,True,False,1.0,False,False,False
2020-10-29T09:00:00+08:00,217.43,-12.1,7.5,0.5,0.40109999999999996,True,False,1.0,False,False,False
2020-10-29T10:00:00+08:00,220.79,-12.0,8.2,0.5777777777777777,0.3654,True,False,1.0,False,False,False
2020-10-29T11:00:00+08:00,231.29,-12.2,7.9,0.5444444444444445,0.3024,True,False,1.0,False,False,False
2020-10-29T12:00:00+08:00,212.23,-11.4,5.2,0.24444444444444446,0.21839999999999998,True,False,1.0,False,False,False
2020-10-29T13:00:00+08:00,209.41,-11.2,3.5,0.05555555555555555,0.18059999999999998,True,False,1.0,False,False,False
2020-10-29T14:00:00+08:00,214.81,-11.5,3.2,0.02222222222222224,0.1386,True,False,1.0,False,False,False
2020-10-29T15:00:00+08:00,208.48,-11.6,3.3,0.03333333333333331,0.06509999999999999,True,False,1.0,False,False,False
2020-10-29T16:00:00+08:00,231.12,-11.6,3.0,0.0,0.018199999999999997,True,False,1.0,False,False,False
2020-10-29T17:00:00+08:00,234.13,-12.0,4.1,0.12222222222222218,0.0056,True,False,1.0,False,False,False
2020-10-29T18:00:00+08:00,219.87,-13.0,4.0,0.1111111111111111,0.0007,True,False,1.0,False,False,False
2020-10-29T19:00:00+08:00,211.09,-15.0,2.4,0.0,0.0,True,False,1.0,False,False,False
2020-10-29T20:00:00+08:00,215.14,-15.9,3.3,0.03333333333333331,0.0,True,False,1.0,False,False,False
2020-10-29T21:00:00+08:00,217.92,-15.6,4.0,0.1111111111111111,0.0021,True,False,1.0,False,False,False
2020-10-29T22:00:00+08:00,228.19,-16.3,2.8,0.0,0.0084,True,False,1.0,False,False,False
2020-10-29T23:00:00+08:00,223.175,-15.9,2.1,0.0,0.0329,True,False,1.0,False,False,False
2020-10-30T00:00:00+08:00,244.26,-14.6,1.5,0.0,0.098,True,False,1.0,False,False,False
2020-10-30T01:00:00+08:00,242.43,-13.5,2.1,0.0,0.17149999999999999,True,False,1.0,False,False,False
2020-10-30T02:00:00+08:00,230.22,-11.8,2.5,0.0,0.24569999999999997,True,False,1.0,False,False,False
2020-10-30T03:00:00+08:00,215.69,-11.4,3.0,0.0,0.33039999999999997,True,False,1.0,False,False,False
2020-10-30T04:00:00+08:00,212.69,-10.7,1.5,0.0,0.39899999999999997,True,False,1.0,False,False,False
2020-10-30T05:00:00+08:00,213.68,-9.8,1.2,0.0,0.4543,True,False,1.0,False,False,False
2020-10-30T06:00:00+08:00,214.21,-9.8,1.6,0.0,0.48789999999999994,True,False,1.0,False,False,False
2020-10-30T07:00:00+08:00,220.93,-9.8,1.9,0.0,0.49139999999999995,True,False,1.0,False,False,False
2020-10-30T08:00:00+08:00,217.05,-9.6,2.1,0.0,0.4809,True,False,1.0,False,False,False
2020-10-30T09:00:00+08:00,215.2,-8.8,2.4,0.0,0.44449999999999995,True,False,1.0,False,False,False
2020-10-30T10:00:00+08:00,221.33,-8.3,1.4,0.0,0.32899999999999996,True,False,1.0,False,False,False
2020-10-30T11:00:00+08:00,218.08,-8.8,1.7,0.0,0.30029999999999996,True,False,1.0,False,False,False
2020-10-30T12:00:00+08:00,219.33,-9.4,0.0,0.0,0.20859999999999998,True,False,1.0,False,False,False
2020-10-30T13:00:00+08:00,213.52,-10.1,0.9,0.0,0.12179999999999998,True,False,1.0,False,False,False
2020-10-30T14:00:00+08:00,210.64,-10.8,1.6,0.0,0.07419999999999999,True,False,1.0,False,False,False
2020-10-30T15:00:00+08:00,209.0816667,-11.2,3.1,0.01111111111111112,0.041299999999999996,True,False,1.0,False,False,False
2020-10-30T16:00:00+08:00,216.8466667,-11.5,3.2,0.02222222222222224,0.0119,True,False,1.0,False,False,False
2020-10-30T17:00:00+08:00,214.6666667,-11.5,1.0,0.0,0.0021,True,False,1.0,False,False,False
2020-10-30T18:00:00+08:00,213.2,-11.8,1.3,0.0,0.0007,True,False,1.0,False,False,False
2020-10-30T19:00:00+08:00,218.9666667,-13.5,1.4,0.0,0.0,True,False,1.0,False,False,False
2020-10-30T20:00:00+08:00,218.4233333,-14.1,2.1,0.0,0.0007,True,False,1.0,False,False,False
2020-10-30T21:00:00+08:00,214.8066667,-13.0,2.9,0.0,0.0021,True,False,1.0,False,False,False
2020-10-30T22:00:00+08:00,217.2266667,-12.3,4.2,0.13333333333333336,0.0112,True,False,1.0,False,False,False
2020-10-30T23:00:00+08:00,208.4466667,-11.5,2.7,0.0,0.035699999999999996,True,False,1.0,False,False,False
2020-10-31T00:00:00+08:00,213.8466667,-10.8,2.3,0.0,0.0735,True,False,1.0,False,False,False
2020-10-31T01:00:00+08:00,227.62,-10.4,2.5,0.0,0.126,True,False,1.0,False,False,False
2020-10-31T02:00:00+08:00,240.1,-10.2,3.8,0.08888888888888886,0.21,True,False,1.0,False,False,False
2020-10-31T03:00:00+08:00,241.5866667,-9.9,5.2,0.24444444444444446,0.3598,True,False,1.0,False,False,False
2020-10-31T04:00:00+08:00,211.0433333,-9.5,5.8,0.3111111111111111,0.378,True,False,1.0,False,False,False
2020-10-31T05:00:00+08:00,208.2566667,-8.7,3.8,0.08888888888888886,0.4662,True,False,1.0,False,False,False
2020-10-31T06:00:00+08:00,213.73,-7.8,2.5,0.0,0.4718,True,False,1.0,False,False,False
2020-10-31T07:00:00+08:00,229.9866667,-4.8,1.3,0.0,0.4753,True,False,1.0,False,False,False
2020-10-31T08:00:00+08:00,210.415,-4.8,1.9,0.0,0.4669,True,False,1.0,False,False,False
2020-10-31T09:00:00+08:00,216.755,-3.9,0.0,0.0,0.427,True,False,1.0,False,False,False
2020-10-31T10:00:00+08:00,227.76,-5.8,2.9,0.0,0.40809999999999996,True,False,1.0,False,False,False
2020-10-31T11:00:00+08:00,247.91,-5.0,1.0,0.0,0.2597,True,False,1.0,False,False,False
2020-10-31T12:00:00+08:00,210.835,-4.8,1.4,0.0,0.20509999999999998,True,False,1.0,False,False,False
2020-10-31T13:00:00+08:00,210.94,-5.0,2.0,0.0,0.1533,True,False,1.0,False,False,False
2020-10-31T14:00:00+08:00,221.045,-5.7,3.0,0.0,0.11059999999999999,True,False,1.0,False,False,False
2020-10-31T15:00:00+08:00,219.625,-5.9,0.9,0.0,0.05109999999999999,True,False,1.0,False,False,False
2020-10-31T16:00:00+08:00,228.97,-6.6,1.8,0.0,0.0231,True,False,1.0,False,False,False
2020-10-31T17:00:00+08:00,248.18,-6.6,1.2,0.0,0.006999999999999999,True,False,1.0,False,False,False
2020-10-31T18:00:00+08:00,223.935,-5.5,4.6,0.17777777777777773,0.0007,True,False,1.0,False,False,False
2020-10-31T19:00:00+08:00,221.12,-5.8,4.9,0.21111111111111114,0.0007,True,False,1.0,False,False,False
2020-10-31T20:00:00+08:00,221.22,-5.8,2.9,0.0,0.0007,True,False,1.0,False,False,False
2020-10-31T21:00:00+08:00,223.475,-6.5,1.9,0.0,0.0034999999999999996,True,False,1.0,False,False,False
2020-10-31T22:00:00+08:00,225.045,-7.0,0.8,0.0,0.0119,True,False,1.0,False,False,False
2020-10-31T23:00:00+08:00,237.595,-6.1,4.3,0.14444444444444443,0.043399999999999994,True,False,1.0,False,False,False
2020-11-01T00:00:00+08:00,240.01,-6.2,2.7,0.0,0.10569999999999999,True,False,1.0,False,False,False
2020-11-01T01:00:00+08:00,232.3125,-5.8,4.8,0.19999999999999998,0.15889999999999999,True,False,1.0,False,False,False
2020-11-01T02:00:00+08:00,211.1325,-5.5,6.4,0.3777777777777778,0.2289,True,False,1.0,False,False,False
2020-11-01T03:00:00+08:00,212.68,-5.6,5.8,0.3111111111111111,0.33249999999999996,True,False,1.0,False,False,False
2020-11-01T04:00:00+08:00,224.255,-5.1,4.0,0.1111111111111111,0.41439999999999994,True,False,1.0,False,False,False
2020-11-01T05:00:00+08:00,222.1675,-4.3,2.0,0.0,0.44939999999999997,True,False,1.0,False,False,False
2020-11-01T06:00:00+08:00,217.77,-3.7,1.3,0.0,0.4815999999999999,True,False,1.0,False,False,False
2020-11-01T07:00:00+08:00,226.405,-4.4,1.4,0.0,0.5067999999999999,True,False,1.0,False,False,False
2020-11-01T08:00:00+08:00,218.935,-3.9,1.1,0.0,0.49629999999999996,True,False,1.0,False,False,False
2020-11-01T09:00:00+08:00,223.8425,-3.5,1.1,0.0,0.45149999999999996,True,False,1.0,False,False,False
2020-11-01T10:00:00+08:00,222.165,-3.2,1.0,0.0,0.3717,True,False,1.0,False,False,False
2020-11-01T11:00:00+08:00,233.1075,-3.4,2.4,0.0,0.308,True,False,1.0,False,False,False
2020-11-01T12:00:00+08:00,226.875,-3.6,1.9,0.0,0.24149999999999996,True,False,1.0,False,False,False
2020-11-01T13:00:00+08:00,205.17,-4.6,2.4,0.0,0.17709999999999998,True,False,1.0,False,False,False
2020-11-01T14:00:00+08:00,208.3375,-4.9,0.2,0.0,0.10569999999999999,True,False,1.0,False,False,False
2020-11-01T15:00:00+08:00,211.0825,-6.6,1.3,0.0,0.053899999999999997,True,False,1.0,False,False,False
2020-11-01T16:00:00+08:00,213.9975,-8.9,0.1,0.0,0.0189,True,False,1.0,False,False,False
2020-11-01T17:00:00+08:00,232.885,-10.4,0.4,0.0,0.0042,True,False,1.0,False,False,False
2020-11-01T18:00:00+08:00,215.3175,-11.3,0.0,0.0,0.0007,True,False,1.0,False,False,False
2020-11-01T19:00:00+08:00,211.92,-10.5,3.4,0.04444444444444443,0.0007,True,False,1.0,False,False,False
2020-11-01T20:00:00+08:00,212.675,-10.1,3.3,0.03333333333333331,0.0007,True,False,1.0,False,False,False
2020-11-01T21:00:00+08:00,221.945,-9.4,2.5,0.0,0.0034999999999999996,True,False,1.0,False,False,False
2020-11-01T22:00:00+08:00,220.415,-9.7,2.7,0.0,0.0161,True,False,1.0,False,False,False
2020-11-01T23:00:00+08:00,230.2375,-9.3,4.3,0.14444444444444443,0.036399999999999995,True,False,1.0,False,False,False
2020-11-02T00:00:00+08:00,239.44,-9.7,3.5,0.05555555555555555,0.0882,True,False,1.0,False,False,False
2020-11-02T01:00:00+08:00,247.96,-9.5,2.3,0.0,0.1694,True,False,1.0,False,False,False
2020-11-02T02:00:00+08:00,243.43,-8.9,1.6,0.0,0.29119999999999996,True,False,1.0,False,False,False
2020-11-02T03:00:00+08:00,230.49,-8.3,3.9,0.09999999999999999,0.3668,True,False,1.0,False,False,False
2020-11-02T04:00:00+08:00,219.055,-8.1,4.2,0.13333333333333336,0.4291,True,False,1.0,False,False,False
2020-11-02T05:00:00+08:00,229.355,-7.7,3.7,0.07777777777777779,0.41719999999999996,True,False,1.0,False,False,False
2020-11-02T06:00:00+08:00,215.8675,-7.5,3.8,0.08888888888888886,0.5095999999999999,True,False,1.0,False,False,False
2020-11-02T07:00:00+08:00,235.99,-7.5,3.9,0.09999999999999999,0.504,True,False,1.0,False,False,False
2020-11-02T08:00:00+08:00,219.5625,-7.4,4.1,0.12222222222222218,0.45849999999999996,True,False,1.0,False,False,False
2020-11-02T09:00:00+08:00,221.9925,-7.5,5.2,0.24444444444444446,0.4746,True,False,1.0,False,False,False
2020-11-02T10:00:00+08:00,223.0475,-7.8,4.5,0.16666666666666666,0.44939999999999997,True,False,1.0,False,False,False
2020-11-02T11:00:00+08:00,242.7,-8.0,3.9,0.09999999999999999,0.3423,True,False,1.0,False,False,False
2020-11-02T12:00:00+08:00,216.585,-8.1,4.7,0.1888888888888889,0.2758,True,False,1.0,False,False,False
2020-11-02T13:00:00+08:00,210.905,-8.1,3.6,0.06666666666666668,0.2128,True,False,1.0,False,False,False
2020-11-02T14:00:00+08:00,210.725,-8.1,1.6,0.0,0.126,True,False,1.0,False,False,False
2020-11-02T15:00:00+08:00,212.41,-8.2,1.1,0.0,0.055999999999999994,True,False,1.0,False,False,False
2020-11-02T16:00:00+08:00,231.97,-8.3,0.1,0.0,0.015399999999999999,True,False,1.0,False,False,False
2020-11-02T17:00:00+08:00,234.565,-8.6,1.3,0.0,0.0049,True,False,1.0,False,False,False
2020-11-02T18:00:00+08:00,213.4,-9.2,6.9,0.43333333333333335,0.0014,True,False,1.0,False,False,False
2020-11-02T19:00:00+08:00,220.395,-9.2,10.5,0.8333333333333334,0.0007,True,False,1.0,False,False,False
2020-11-02T20:00:00+08:00,209.025,-9.5,11.4,0.9333333333333333,0.0021,True,False,1.0,False,False,False
2020-11-02T21:00:00+08:00,213.69,-9.5,10.4,0.8222222222222223,0.0056,True,False,1.0,False,False,False
2020-11-02T22:00:00+08:00,212.73,-8.8,7.7,0.5222222222222223,0.021699999999999997,True,False,1.0,False,False,False
2020-11-02T23:00:00+08:00,215.56,-8.6,8.7,0.6333333333333333,0.0532,True,False,1.0,False,False,False
2020-11-03T00:00:00+08:00,216.77,-8.4,6.9,0.43333333333333335,0.08259999999999999,True,False,1.0,False,False,False
2020-11-03T01:00:00+08:00,228.7,-8.0,4.6,0.17777777777777773,0.1407,True,False,1.0,False,False,False
2020-11-03T02:00:00+08:00,223.76,-7.1,2.7,0.0,0.2366,True,False,1.0,False,False,False
2020-11-03T03:00:00+08:00,205.36,-6.4,4.9,0.21111111111111114,0.2884,True,False,1.0,False,False,False
2020-11-03T04:00:00+08:00,213.05,-5.6,3.0,0.0,0.3479,True,False,1.0,False,False,False
2020-11-03T05:00:00+08:00,214.0,-5.0,2.2,0.0,0.44029999999999997,True,False,1.0,False,False,False
2020-11-03T06:00:00+08:00,215.435,-4.3,2.9,0.0,0.5116999999999999,True,False,1.0,False,False,False
2020-11-03T07:00:00+08:00,215.56,-3.7,2.0,0.0,0.49349999999999994,True,False,1.0,False,False,False
2020-11-03T08:00:00+08:00,189.845,-2.7,1.2,0.0,0.49629999999999996,True,False,1.0,False,False,False
2020-11-03T09:00:00+08:00,194.895,-3.2,1.8,0.0,0.4473,True,False,1.0,False,False,False
2020-11-03T10:00:00+08:00,236.37,-3.6,2.8,0.0,0.41229999999999994,True,False,1.0,False,False,False
2020-11-03T11:00:00+08:00,230.79,-4.0,8.6,0.6222222222222222,0.3549,True,False,1.0,False,False,False
2020-11-03T12:00:00+08:00,207.43,-4.8,9.1,0.6777777777777777,0.30029999999999996,True,False,1.0,False,False,False
2020-11-03T13:00:00+08:00,217.345,-5.0,8.9,0.6555555555555556,0.2135,True,False,1.0,False,False,False
2020-11-03T14:00:00+08:00,213.97,-5.0,9.9,0.7666666666666667,0.12389999999999998,True,False,1.0,False,False,False
2020-11-03T15:00:00+08:00,208.865,-5.8,5.0,0.2222222222222222,0.0595,True,False,1.0,False,False,False
2020-11-03T16:00:00+08:00,229.09,-6.3,4.1,0.12222222222222218,0.025199999999999997,True,False,1.0,False,False,False
2020-11-03T17:00:00+08:00,225.735,-6.1,6.2,0.35555555555555557,0.0049,True,False,1.0,False,False,False
2020-11-03T18:00:00+08:00,217.92,-6.6,4.3,0.14444444444444443,0.0014,True,False,1.0,False,False,False
2020-11-03T19:00:00+08:00,220.96,-6.7,6.7,0.41111111111111115,0.0007,True,False,1.0,False,False,False
2020-11-03T20:00:00+08:00,226.125,-6.4,7.9,0.5444444444444445,0.0014,True,False,1.0,False,False,False
2020-11-03T21:00:00+08:00,237.0925,-6.3,8.6,0.6222222222222222,0.0056,True,False,1.0,False,False,False
2020-11-03T22:00:00+08:00,236.285,-6.1,9.8,0.7555555555555556,0.0231,True,False,1.0,False,False,False
2020-11-03T23:00:00+08:00,220.87,-6.3,9.0,0.6666666666666666,0.053899999999999997,True,False,1.0,False,False,False
2020-11-04T00:00:00+08:00,215.2175,-6.4,10.6,0.8444444444444444,0.1162,True,False,1.0,False,False,False
2020-11-04T01:00:00+08:00,220.4175,-6.6,11.5,0.9444444444444444,0.1925,True,False,1.0,False,False,False
2020-11-04T02:00:00+08:00,222.6675,-6.2,11.0,0.8888888888888888,0.26599999999999996,True,False,1.0,False,False,False
2020-11-04T03:00:00+08:00,217.695,-5.8,10.1,0.7888888888888889,0.35559999999999997,True,False,1.0,False,False,False
2020-11-04T04:00:00+08:00,230.27,-5.5,8.9,0.6555555555555556,0.42069999999999996,True,False,1.0,False,False,False
2020-11-04T05:00:00+08:00,217.6075,-5.0,7.5,0.5,0.4815999999999999,True,False,1.0,False,False,False
2020-11-04T06:00:00+08:00,216.6525,-4.4,4.3,0.14444444444444443,0.5158999999999999,True,False,1.0,False,False,False
2020-11-04T07:00:00+08:00,232.28,-3.2,1.4,0.0,0.5257,True,False,1.0,False,False,False
2020-11-04T08:00:00+08:00,224.865,-3.0,0.5,0.0,0.5131,True,False,1.0,False,False,False
2020-11-04T09:00:00+08:00,218.45,-1.7,0.0,0.0,0.4815999999999999,True,False,1.0,False,False,False
2020-11-04T10:00:00+08:00,217.795,-0.7,0.5,0.0,0.43889999999999996,True,False,1.0,False,False,False
2020-11-04T11:00:00+08:00,226.6725,-0.3,0.4,0.0,0.3584,True,False,1.0,False,False,False
2020-11-04T12:00:00+08:00,211.5525,-1.1,2.4,0.0,0.2842,True,False,1.0,False,False,False
2020-11-04T13:00:00+08:00,201.3075,-3.8,1.1,0.0,0.2135,True,False,1.0,False,False,False
2020-11-04T14:00:00+08:00,203.4325,-4.1,1.6,0.0,0.1414,True,False,1.0,False,False,False
2020-11-04T15:00:00+08:00,217.0275,-7.3,2.5,0.0,0.0812,True,False,1.0,False,False,False
2020-11-04T16:00:00+08:00,208.8125,-8.3,3.0,0.0,0.0315,True,False,1.0,False,False,False
2020-11-04T17:00:00+08:00,243.6425,-9.3,2.8,0.0,0.009099999999999999,True,False,1.0,False,False,False
2020-11-04T18:00:00+08:00,207.95,-8.6,6.5,0.3888888888888889,0.0028,True,False,1.0,False,False,False
2020-11-04T19:00:00+08:00,211.1475,-8.8,6.7,0.41111111111111115,0.0014,True,False,1.0,False,False,False
2020-11-04T20:00:00+08:00,223.6175,-9.1,8.3,0.588888888888889,0.0021,True,False,1.0,False,False,False
2020-11-04T21:00:00+08:00,218.31,-9.5,8.8,0.6444444444444445,0.0084,True,False,1.0,False,False,False
2020-11-04T22:00:00+08:00,214.2625,-9.8,9.5,0.7222222222222222,0.030799999999999998,True,False,1.0,False,False,False
2020-11-04T23:00:00+08:00,221.5125,-9.5,10.7,0.8555555555555555,0.0819,True,False,1.0,False,False,False
2020-11-05T00:00:00+08:00,212.465,-9.7,10.8,0.8666666666666667,0.1505,True,False,1.0,False,False,False
2020-11-05T01:00:00+08:00,212.49,-9.7,10.2,0.7999999999999999,0.2254,True,False,1.0,False,False,False
2020-11-05T02:00:00+08:00,222.3075,-9.2,10.2,0.7999999999999999,0.29819999999999997,True,False,1.0,False,False,False
2020-11-05T03:00:00+08:00,209.3675,-8.6,9.4,0.7111111111111111,0.3738,True,False,1.0,False,False,False
2020-11-05T04:00:00+08:00,214.975,-8.2,8.4,0.6000000000000001,0.44029999999999997,True,False,1.0,False,False,False
2020-11-05T05:00:00+08:00,226.555,-7.7,7.7,0.5222222222222223,0.4906999999999999,True,False,1.0,False,False,False
2020-11-05T06:00:00+08:00,233.1725,-7.1,4.4,0.15555555555555559,0.5228999999999999,True,False,1.0,False,False,False
2020-11-05T07:00:00+08:00,247.355,-6.5,3.0,0.0,0.5347999999999999,True,False,1.0,False,False,False
2020-11-05T08:00:00+08:00,232.58,-5.2,1.3,0.0,0.5249999999999999,True,False,1.0,False,False,False
2020-11-05T09:00:00+08:00,205.955,-4.8,1.4,0.0,0.4941999999999999,True,False,1.0,False,False,False
2020-11-05T10:00:00+08:00,227.85,-3.4,0.6,0.0,0.44589999999999996,True,False,1.0,False,False,False
2020-11-05T11:00:00+08:00,228.64,-3.2,0.0,0.0,0.3822,True,False,1.0,False,False,False
2020-11-05T12:00:00+08:00,217.295,-4.4,0.8,0.0,0.308,True,False,1.0,False,False,False
2020-11-05T13:00:00+08:00,209.505,-6.1,1.7,0.0,0.2289,True,False,1.0,False,False,False
2020-11-05T14:00:00+08:00,212.68,-7.4,1.4,0.0,0.1512,True,False,1.0,False,False,False
2020-11-05T15:00:00+08:00,211.57,-8.0,1.9,0.0,0.0861,True,False,1.0,False,False,False
2020-11-05T16:00:00+08:00,223.195,-10.3,5.8,0.3111111111111111,0.037099999999999994,True,False,1.0,False,False,False
2020-11-05T17:00:00+08:00,237.81,-10.1,9.2,0.6888888888888888,0.010499999999999999,True,False,1.0,False,False,False
2020-11-05T18:00:00+08:00,223.075,-10.0,11.3,0.9222222222222223,0.0042,True,False,1.0,False,False,False
2020-11-05T19:00:00+08:00,226.295,-10.2,13.1,1.0,0.0028,True,False,1.0,False,False,False
2020-11-05T20:00:00+08:00,214.44,-10.9,13.3,1.0,0.0042,True,False,1.0,False,False,False
2020-11-05T21:00:00+08:00,223.945,-11.6,12.0,1.0,0.0112,True,False,1.0,False,False,False
2020-11-05T22:00:00+08:00,220.625,-11.7,12.4,1.0,0.036399999999999995,True,False,1.0,False,False,False
2020-11-05T23:00:00+08:00,213.25,-12.0,12.8,1.0,0.0882,True,False,1.0,False,False,False
2020-11-06T00:00:00+08:00,219.89,-12.3,14.4,1.0,0.15539999999999998,True,False,1.0,False,False,False
2020-11-06T01:00:00+08:00,222.36,-12.0,12.5,1.0,0.23099999999999998,True,False,1.0,False,False,False
2020-11-06T02:00:00+08:00,213.75,-11.7,12.2,1.0,0.3066,True,False,1.0,False,False,False
2020-11-06T03:00:00+08:00,219.655,-11.2,11.2,0.911111111111111,0.3787,True,False,1.0,False,False,False
2020-11-06T04:00:00+08:00,209.735,-10.5,9.1,0.6777777777777777,0.44239999999999996,True,False,1.0,False,False,False
2020-11-06T05:00:00+08:00,209.97,-9.9,7.5,0.5,0.49349999999999994,True,False,1.0,False,False,False
2020-11-06T06:00:00+08:00,215.21,-9.1,5.3,0.25555555555555554,0.5257,True,False,1.0,False,False,False
2020-11-06T07:00:00+08:00,215.695,-8.5,4.6,0.17777777777777773,0.5368999999999999,True,False,1.0,False,False,False
2020-11-06T08:00:00+08:00,212.655,-7.8,2.6,0.0,0.5285,True,False,1.0,False,False,False
2020-11-06T09:00:00+08:00,210.05,-6.3,2.4,0.0,0.49839999999999995,True,False,1.0,False,False,False
2020-11-06T10:00:00+08:00,231.45,-5.7,1.0,0.0,0.4501,True,False,1.0,False,False,False
2020-11-06T11:00:00+08:00,247.075,-4.4,0.4,0.0,0.3857,True,False,1.0,False,False,False
2020-11-06T12:00:00+08:00,208.905,-5.1,1.0,0.0,0.3115,True,False,1.0,False,False,False
2020-11-06T13:00:00+08:00,204.62,-6.1,1.1,0.0,0.2338,True,False,1.0,False,False,False
2020-11-06T14:00:00+08:00,202.87,-8.2,2.0,0.0,0.1575,True,False,1.0,False,False,False
2020-11-06T15:00:00+08:00,205.49,-8.9,1.9,0.0,0.091,True,False,1.0,False,False,False
2020-11-06T16:00:00+08:00,201.7275,-9.5,4.1,0.12222222222222218,0.041299999999999996,True,False,1.0,False,False,False
2020-11-06T17:00:00+08:00,217.5375,-9.7,3.3,0.03333333333333331,0.0133,True,False,1.0,False,False,False
2020-11-06T18:00:00+08:00,229.0225,-10.3,5.2,0.24444444444444446,0.0049,True,False,1.0,False,False,False
2020-11-06T19:00:00+08:00,213.93,-10.5,6.5,0.3888888888888889,0.0034999999999999996,True,False,1.0,False,False,False
2020-11-06T20:00:00+08:00,207.5625,-10.6,5.3,0.25555555555555554,0.0049,True,False,1.0,False,False,False
2020-11-06T21:00:00+08:00,202.9975,-10.7,6.2,0.35555555555555557,0.012599999999999998,True,False,1.0,False,False,False
2020-11-06T22:00:00+08:00,207.3075,-10.3,7.0,0.4444444444444444,0.0406,True,False,1.0,False,False,False
2020-11-06T23:00:00+08:00,203.6425,-10.1,8.6,0.6222222222222222,0.0924,True,False,1.0,False,False,False
2020-11-07T00:00:00+08:00,202.5825,-10.1,8.7,0.6333333333333333,0.1603,True,False,1.0,False,False,False
2020-11-07T01:00:00+08:00,217.94,-10.0,10.0,0.7777777777777778,0.2359,True,False,1.0,False,False,False
2020-11-07T02:00:00+08:00,212.1275,-10.1,10.0,0.7777777777777778,0.3136,True,False,1.0,False,False,False
2020-11-07T03:00:00+08:00,211.95,-10.1,11.0,0.8888888888888888,0.3864,True,False,1.0,False,False,False
2020-11-07T04:00:00+08:00,208.3875,-9.9,10.7,0.8555555555555555,0.4501,True,False,1.0,False,False,False
2020-11-07T05:00:00+08:00,223.365,-9.6,9.9,0.7666666666666667,0.49909999999999993,True,False,1.0,False,False,False
2020-11-07T06:00:00+08:00,204.5925,-9.0,8.9,0.6555555555555556,0.5313,True,False,1.0,False,False,False
2020-11-07T07:00:00+08:00,222.695,-8.3,6.3,0.36666666666666664,0.5425,True,False,1.0,False,False,False
2020-11-07T08:00:00+08:00,221.8658333,-7.7,4.0,0.1111111111111111,0.5327,True,False,1.0,False,False,False
2020-11-07T09:00:00+08:00,208.5591667,-7.3,3.4,0.04444444444444443,0.5018999999999999,True,False,1.0,False,False,False
2020-11-07T10:00:00+08:00,220.6675,-6.0,2.2,0.0,0.4543,True,False,1.0,False,False,False
2020-11-07T11:00:00+08:00,229.915,-5.1,1.8,0.0,0.3906,True,False,1.0,False,False,False
2020-11-07T12:00:00+08:00,216.65,-4.2,0.8,0.0,0.3171,True,False,1.0,False,False,False
2020-11-07T13:00:00+08:00,201.88,-5.7,0.5,0.0,0.2394,True,False,1.0,False,False,False
2020-11-07T14:00:00+08:00,222.725,-5.6,0.5,0.0,0.1617,True,False,1.0,False,False,False
2020-11-07T15:00:00+08:00,225.31,-7.9,1.8,0.0,0.0945,True,False,1.0,False,False,False
2020-11-07T16:00:00+08:00,234.0525,-10.0,1.2,0.0,0.043399999999999994,True,False,1.0,False,False,False
2020-11-07T17:00:00+08:00,226.615,-11.7,2.6,0.0,0.013999999999999999,True,False,1.0,False,False,False
2020-11-07T18:00:00+08:00,202.0125,-11.7,6.4,0.3777777777777778,0.0056,True,False,1.0,False,False,False
2020-11-07T19:00:00+08:00,205.89,-11.5,8.1,0.5666666666666667,0.0042,True,False,1.0,False,False,False
2020-11-07T20:00:00+08:00,218.32,-11.6,9.8,0.7555555555555556,0.0056,True,False,1.0,False,False,False
2020-11-07T21:00:00+08:00,216.11,-11.7,9.0,0.6666666666666666,0.0161,True,False,1.0,False,False,False
2020-11-07T22:00:00+08:00,217.4075,-11.7,9.5,0.7222222222222222,0.0532,True,False,1.0,False,False,False
2020-11-07T23:00:00+08:00,212.8475,-11.4,9.9,0.7666666666666667,0.10709999999999999,True,False,1.0,False,False,False
2020-11-08T00:00:00+08:00,216.7275,-10.8,8.9,0.6555555555555556,0.1477,True,False,1.0,False,False,False
2020-11-08T01:00:00+08:00,209.9425,-10.4,7.5,0.5,0.2226,True,False,1.0,False,False,False
2020-11-08T02:00:00+08:00,216.93,-10.0,3.8,0.08888888888888886,0.28979999999999995,True,False,1.0,False,False,False
2020-11-08T03:00:00+08:00,204.875,-9.2,2.1,0.0,0.3654,True,False,1.0,False,False,False
2020-11-08T04:00:00+08:00,214.38,-9.0,2.2,0.0,0.42139999999999994,True,False,1.0,False,False,False
2020-11-08T05:00:00+08:00,215.005,-8.1,1.6,0.0,0.4508,True,False,1.0,False,False,False
2020-11-08T06:00:00+08:00,212.585,-7.1,1.2,0.0,0.4941999999999999,True,False,1.0,False,False,False
2020-11-08T07:00:00+08:00,223.645,-5.9,1.4,0.0,0.4941999999999999,True,False,1.0,False,False,False
2020-11-08T08:00:00+08:00,214.165,-7.3,2.2,0.0,0.48579999999999995,True,False,1.0,False,False,False
2020-11-08T09:00:00+08:00,215.43,-7.3,2.3,0.0,0.42419999999999997,True,False,1.0,False,False,False
2020-11-08T10:00:00+08:00,220.34,-7.4,1.2,0.0,0.3759,True,False,1.0,False,False,False
2020-11-08T11:00:00+08:00,248.24,-7.1,0.9,0.0,0.3136,True,False,1.0,False,False,False
2020-11-08T12:00:00+08:00,206.92,-7.5,2.0,0.0,0.2233,True,False,1.0,False,False,False
2020-11-08T13:00:00+08:00,207.37,-7.1,0.8,0.0,0.1722,True,False,1.0,False,False,False
2020-11-08T14:00:00+08:00,207.235,-7.3,0.7,0.0,0.12319999999999999,True,False,1.0,False,False,False
2020-11-08T15:00:00+08:00,204.865,-7.2,3.2,0.02222222222222224,0.061599999999999995,True,False,1.0,False,False,False
2020-11-08T16:00:00+08:00,222.37,-6.5,5.6,0.28888888888888886,0.0287,True,False,1.0,False,False,False
2020-11-08T17:00:00+08:00,228.23,-6.5,4.9,0.21111111111111114,0.010499999999999999,True,False,1.0,False,False,False
2020-11-08T18:00:00+08:00,209.15,-6.6,5.0,0.2222222222222222,0.0034999999999999996,True,False,1.0,False,False,False
2020-11-08T19:00:00+08:00,206.115,-6.2,6.2,0.35555555555555557,0.0021,True,False,1.0,False,False,False
2020-11-08T20:00:00+08:00,207.39,-6.2,5.7,0.30000000000000004,0.0034999999999999996,True,False,1.0,False,False,False
2020-11-08T21:00:00+08:00,215.585,-6.2,6.0,0.3333333333333333,0.009099999999999999,True,False,1.0,False,False,False
2020-11-08T22:00:00+08:00,216.96,-5.9,6.4,0.3777777777777778,0.0238,True,False,1.0,False,False,False
2020-11-08T23:00:00+08:00,211.75,-5.6,8.2,0.5777777777777777,0.0581,True,False,1.0,False,False,False
2020-11-09T00:00:00+08:00,210.085,-5.9,5.7,0.30000000000000004,0.12179999999999998,True,False,1.0,False,False,False
2020-11-09T01:00:00+08:00,206.105,-5.2,7.6,0.5111111111111111,0.16659999999999997,True,False,1.0,False,False,False
2020-11-09T02:00:00+08:00,215.765,-4.8,8.7,0.6333333333333333,0.25479999999999997,True,False,1.0,False,False,False
2020-11-09T03:00:00+08:00,201.515,-4.5,5.6,0.28888888888888886,0.3374,True,False,1.0,False,False,False
2020-11-09T04:00:00+08:00,207.92,-4.3,5.9,0.32222222222222224,0.41439999999999994,True,False,1.0,False,False,False
2020-11-09T05:00:00+08:00,216.65,-2.9,3.6,0.06666666666666668,0.469,True,False,1.0,False,False,False
2020-11-09T06:00:00+08:00,204.93,-2.5,3.8,0.08888888888888886,0.4795,True,False,1.0,False,False,False
2020-11-09T07:00:00+08:00,207.925,-1.5,2.1,0.0,0.4767,True,False,1.0,False,False,False
2020-11-09T08:00:00+08:00,218.32,-1.1,2.2,0.0,0.476,True,False,1.0,False,False,False
2020-11-09T09:00:00+08:00,209.955,-0.7,2.5,0.0,0.4501,True,False,1.0,False,False,False
2020-11-09T10:00:00+08:00,221.04,-1.6,4.0,0.1111111111111111,0.3465,True,False,1.0,False,False,False
2020-11-09T11:00:00+08:00,233.3475,-0.9,0.8,0.0,0.2751,True,False,1.0,False,False,False
2020-11-09T12:00:00+08:00,213.7725,-1.8,3.2,0.02222222222222224,0.252,True,False,1.0,False,False,False
2020-11-09T13:00:00+08:00,201.795,-2.4,3.3,0.03333333333333331,0.1722,True,False,1.0,False,False,False
2020-11-09T14:00:00+08:00,208.745,-2.7,3.8,0.08888888888888886,0.105,True,False,1.0,False,False,False
2020-11-09T15:00:00+08:00,207.635,-2.7,3.5,0.05555555555555555,0.0581,True,False,1.0,False,False,False
2020-11-09T16:00:00+08:00,221.83,-3.2,2.0,0.0,0.025899999999999996,True,False,1.0,False,False,False
2020-11-09T17:00:00+08:00,232.33,-3.2,3.4,0.04444444444444443,0.009099999999999999,True,False,1.0,False,False,False
2020-11-09T18:00:00+08:00,232.4925,-3.6,3.9,0.09999999999999999,0.0042,True,False,1.0,False,False,False
2020-11-09T19:00:00+08:00,211.74,-3.9,5.3,0.25555555555555554,0.0028,True,False,1.0,False,False,False
2020-11-09T20:00:00+08:00,207.515,-3.8,7.2,0.4666666666666667,0.0049,True,False,1.0,False,False,False
2020-11-09T21:00:00+08:00,213.875,-4.6,15.8,1.0,0.013999999999999999,False,True,0.5,True,True,False
2020-11-09T22:00:00+08:00,210.0975,-4.8,17.8,1.0,0.030799999999999998,False,True,0.5,True,True,False
2020-11-09T23:00:00+08:00,220.0125,-5.1,18.2,1.0,0.06649999999999999,False,True,0.5,True,True,False
2020-11-10T00:00:00+08:00,223.17,-5.4,20.4,1.0,0.12459999999999999,False,True,0.5,True,True,False
2020-11-10T01:00:00+08:00,212.4875,-5.8,21.0,1.0,0.20579999999999998,False,True,0.5,True,True,False
2020-11-10T02:00:00+08:00,210.7425,-5.3,19.2,1.0,0.25689999999999996,False,True,0.5,True,True,False
2020-11-10T03:00:00+08:00,207.3175,-4.5,17.6,1.0,0.3262,False,True,0.5,True,True,False
2020-11-10T04:00:00+08:00,212.36,-4.1,17.8,1.0,0.39829999999999993,False,True,0.5,True,True,False
2020-11-10T05:00:00+08:00,201.945,-3.5,16.4,1.0,0.4725,False,True,0.5,True,True,False
2020-11-10T06:00:00+08:00,213.81,-3.4,14.5,1.0,0.5103,True,True,0.5,True,False,False
2020-11-10T07:00:00+08:00,213.5525,-3.1,14.8,1.0,0.5313,True,True,0.5,True,False,False
2020-11-10T08:00:00+08:00,216.9225,-3.3,14.4,1.0,0.5158999999999999,True,True,0.5,True,False,False
2020-11-10T09:00:00+08:00,209.09,-3.1,10.9,0.8777777777777778,0.4662,True,True,0.5,True,False,False
2020-11-10T10:00:00+08:00,223.5975,-2.6,8.9,0.6555555555555556,0.4165,True,True,0.5,True,False,False
2020-11-10T11:00:00+08:00,231.6,-2.7,7.8,0.5333333333333333,0.3892,True,True,0.5,True,False,False
2020-11-10T12:00:00+08:00,217.685,-2.7,9.3,0.7000000000000001,0.2975,True,True,0.5,True,False,False
2020-11-10T13:00:00+08:00,207.1575,-3.0,11.2,0.911111111111111,0.1932,True,True,0.5,True,False,False
2020-11-10T14:00:00+08:00,203.7525,-3.3,16.1,1.0,0.1183,False,True,0.5,True,True,False
2020-11-10T15:00:00+08:00,212.155,-2.6,15.3,1.0,0.062299999999999994,False,True,0.5,True,True,False
2020-11-10T16:00:00+08:00,210.53,-2.0,11.0,0.8888888888888888,0.030799999999999998,True,True,0.5,True,False,False
2020-11-10T17:00:00+08:00,234.555,-2.2,9.0,0.6666666666666666,0.0147,True,True,0.5,True,False,False
2020-11-10T18:00:00+08:00,218.3225,-2.7,11.9,0.9888888888888889,0.0056,True,True,0.5,True,False,False
2020-11-10T19:00:00+08:00,211.005,-2.9,12.2,1.0,0.0034999999999999996,True,True,0.5,True,False,False
2020-11-10T20:00:00+08:00,207.505,-2.8,11.4,0.9333333333333333,0.0056,True,True,0.5,True,False,False
2020-11-10T21:00:00+08:00,203.255,-2.1,11.6,0.9555555555555555,0.0119,True,True,0.5,True,False,False
2020-11-10T22:00:00+08:00,212.04,-2.2,13.0,1.0,0.0294,True,True,0.5,True,False,False
2020-11-10T23:00:00+08:00,220.715,-1.9,13.0,1.0,0.07139999999999999,True,True,0.5,True,False,False
2020-11-11T00:00:00+08:00,208.605,-1.6,13.2,1.0,0.1134,True,True,0.5,True,False,False
2020-11-11T01:00:00+08:00,213.59,-2.7,11.3,0.9222222222222223,0.1757,True,True,0.5,True,False,False
2020-11-11T02:00:00+08:00,219.87,-2.9,13.5,1.0,0.24149999999999996,True,True,0.5,True,False,False
2020-11-11T03:00:00+08:00,206.525,-2.8,13.2,1.0,0.35419999999999996,True,True,0.5,True,False,False
2020-11-11T04:00:00+08:00,212.22,-2.3,11.0,0.8888888888888888,0.4606,True,False,1.0,False,False,False
2020-11-11T05:00:00+08:00,212.285,-2.0,9.2,0.6888888888888888,0.49909999999999993,True,False,1.0,False,False,False
2020-11-11T06:00:00+08:00,206.655,-1.6,10.0,0.7777777777777778,0.46199999999999997,True,False,1.0,False,False,False
2020-11-11T07:00:00+08:00,216.21,-2.0,10.6,0.8444444444444444,0.4347,True,False,1.0,False,False,False
2020-11-11T08:00:00+08:00,223.2,-1.2,9.5,0.7222222222222222,0.413,True,False,1.0,False,False,False
2020-11-11T09:00:00+08:00,204.92,-0.9,8.6,0.6222222222222222,0.3927,True,False,1.0,False,False,False
2020-11-11T10:00:00+08:00,217.595,-0.9,6.1,0.3444444444444444,0.35559999999999997,True,False,1.0,False,False,False
2020-11-11T11:00:00+08:00,234.57,-0.5,6.0,0.3333333333333333,0.3094,True,False,1.0,False,False,False
2020-11-11T12:00:00+08:00,224.44,-0.3,4.2,0.13333333333333336,0.2394,True,False,1.0,False,False,False
2020-11-11T13:00:00+08:00,226.855,-0.2,5.0,0.2222222222222222,0.1932,True,False,1.0,False,False,False
2020-11-11T14:00:00+08:00,211.575,-0.2,4.4,0.15555555555555559,0.1253,True,False,1.0,False,False,False
2020-11-11T15:00:00+08:00,223.335,-0.6,2.1,0.0,0.07629999999999999,True,False,1.0,False,False,False
2020-11-11T16:00:00+08:00,220.84,-0.8,4.6,0.17777777777777773,0.0329,True,False,1.0,False,False,False
2020-11-11T17:00:00+08:00,219.155,-0.2,7.3,0.47777777777777775,0.015399999999999999,True,False,1.0,False,False,False
2020-11-11T18:00:00+08:00,203.21,-0.4,6.3,0.36666666666666664,0.0098,True,False,1.0,False,False,False
2020-11-11T19:00:00+08:00,200.96,0.4,8.2,0.5777777777777777,0.006999999999999999,True,False,1.0,False,False,False
2020-11-11T20:00:00+08:00,216.695,0.3,8.2,0.5777777777777777,0.0098,True,False,1.0,False,False,False
2020-11-11T21:00:00+08:00,199.025,0.2,12.0,1.0,0.0161,True,False,1.0,False,False,False
2020-11-11T22:00:00+08:00,204.36,0.2,12.8,1.0,0.0385,True,False,1.0,False,False,False
2020-11-11T23:00:00+08:00,207.21,1.1,11.3,0.9222222222222223,0.0679,True,False,1.0,False,False,False
2020-11-12T00:00:00+08:00,210.515,1.2,10.6,0.8444444444444444,0.1323,True,False,1.0,False,False,False
2020-11-12T01:00:00+08:00,205.385,2.4,12.8,1.0,0.1932,True,False,1.0,False,False,False
2020-11-12T02:00:00+08:00,205.54,1.7,9.2,0.6888888888888888,0.2597,True,False,1.0,False,False,False
2020-11-12T03:00:00+08:00,209.745,2.1,5.4,0.2666666666666667,0.3248,True,False,1.0,False,False,False
2020-11-12T04:00:00+08:00,206.69,2.8,1.3,0.0,0.385,True,False,1.0,False,False,False
2020-11-12T05:00:00+08:00,210.715,3.5,2.5,0.0,0.4711,True,False,1.0,False,False,False
2020-11-12T06:00:00+08:00,211.8825,3.6,3.2,0.02222222222222224,0.4417,True,False,1.0,False,False,False
2020-11-12T07:00:00+08:00,230.2275,3.8,2.9,0.0,0.4941999999999999,True,False,1.0,False,False,False
2020-11-12T08:00:00+08:00,205.97,3.3,4.2,0.13333333333333336,0.42419999999999997,True,False,1.0,False,False,False
2020-11-12T09:00:00+08:00,197.7725,4.1,0.6,0.0,0.41089999999999993,True,False,1.0,False,False,False
2020-11-12T10:00:00+08:00,217.7275,4.2,3.2,0.02222222222222224,0.3724,True,False,1.0,False,False,False
2020-11-12T11:00:00+08:00,229.6725,4.3,2.6,0.0,0.29469999999999996,True,False,1.0,False,False,False
2020-11-12T12:00:00+08:00,217.615,4.4,1.3,0.0,0.24919999999999998,True,False,1.0,False,False,False
2020-11-12T13:00:00+08:00,210.1525,3.6,4.6,0.17777777777777773,0.21419999999999997,True,False,1.0,False,False,False
2020-11-12T14:00:00+08:00,207.25,3.4,5.4,0.2666666666666667,0.1316,True,False,1.0,False,False,False
2020-11-12T15:00:00+08:00,215.8775,2.7,4.9,0.21111111111111114,0.0749,True,False,1.0,False,False,False
2020-11-12T16:00:00+08:00,226.2925,2.6,3.8,0.08888888888888886,0.041999999999999996,True,False,1.0,False,False,False
2020-11-12T17:00:00+08:00,245.71,2.3,2.6,0.0,0.017499999999999998,True,False,1.0,False,False,False
2020-11-12T18:00:00+08:00,218.34,2.6,4.9,0.21111111111111114,0.006999999999999999,True,False,1.0,False,False,False
2020-11-12T19:00:00+08:00,216.4,3.7,9.3,0.7000000000000001,0.0049,True,False,1.0,False,False,False
2020-11-12T20:00:00+08:00,214.2625,4.4,12.7,1.0,0.006999999999999999,True,False,1.0,False,False,False
2020-11-12T21:00:00+08:00,200.6075,4.9,13.1,1.0,0.0168,True,False,1.0,False,False,False
2020-11-12T22:00:00+08:00,208.07,4.2,10.7,0.8555555555555555,0.0378,True,False,1.0,False,False,False
2020-11-12T23:00:00+08:00,204.1775,4.1,10.6,0.8444444444444444,0.0798,True,False,1.0,False,False,False
2020-11-13T00:00:00+08:00,203.75,4.0,9.7,0.7444444444444444,0.13369999999999999,True,False,1.0,False,False,False
2020-11-13T01:00:00+08:00,214.1175,3.3,11.5,0.9444444444444444,0.1876,True,False,1.0,False,False,False
2020-11-13T02:00:00+08:00,205.35,3.7,10.5,0.8333333333333334,0.2527,True,False,1.0,False,False,False
2020-11-13T03:00:00+08:00,217.785,3.5,7.3,0.47777777777777775,0.34299999999999997,True,False,1.0,False,False,False
2020-11-13T04:00:00+08:00,212.82,4.2,9.7,0.7444444444444444,0.44239999999999996,True,False,1.0,False,False,False
2020-11-13T05:00:00+08:00,214.15,4.7,5.5,0.2777777777777778,0.48579999999999995,True,False,1.0,False,False,False
2020-11-13T06:00:00+08:00,211.025,4.6,7.1,0.4555555555555555,0.5292,True,False,1.0,False,False,False
2020-11-13T07:00:00+08:00,207.1425,4.8,9.8,0.7555555555555556,0.5088999999999999,True,False,1.0,False,False,False
2020-11-13T08:00:00+08:00,209.44,5.2,6.0,0.3333333333333333,0.5271,True,False,1.0,False,False,False
2020-11-13T09:00:00+08:00,208.955,5.4,4.8,0.19999999999999998,0.4753,True,False,1.0,False,False,False
2020-11-13T10:00:00+08:00,217.955,5.7,5.7,0.30000000000000004,0.4487,True,False,1.0,False,False,False
2020-11-13T11:00:00+08:00,223.4475,5.2,6.4,0.3777777777777778,0.3836,True,False,1.0,False,False,False
2020-11-13T12:00:00+08:00,209.0275,4.9,5.9,0.32222222222222224,0.3122,True,False,1.0,False,False,False
2020-11-13T13:00:00+08:00,206.185,3.7,9.4,0.7111111111111111,0.2352,True,False,1.0,False,False,False
2020-11-13T14:00:00+08:00,209.085,3.5,6.7,0.41111111111111115,0.1547,True,False,1.0,False,False,False
2020-11-13T15:00:00+08:00,204.7525,2.2,7.7,0.5222222222222223,0.08539999999999999,True,False,1.0,False,False,False
2020-11-13T16:00:00+08:00,214.485,1.3,6.2,0.35555555555555557,0.042699999999999995,True,False,1.0,False,False,False
2020-11-13T17:00:00+08:00,226.725,1.8,15.2,1.0,0.020999999999999998,False,False,1.0,False,False,False
2020-11-13T18:00:00+08:00,229.65,1.3,16.5,1.0,0.0098,False,False,1.0,False,False,False
2020-11-13T19:00:00+08:00,223.905,1.1,16.8,1.0,0.006999999999999999,False,False,1.0,False,False,False
2020-11-13T20:00:00+08:00,208.405,0.7,14.7,1.0,0.010499999999999999,True,False,1.0,False,False,False
2020-11-13T21:00:00+08:00,206.125,-0.2,14.6,1.0,0.0238,True,False,1.0,False,False,False
2020-11-13T22:00:00+08:00,203.335,-0.3,13.9,1.0,0.0462,True,False,1.0,False,False,False
2020-11-13T23:00:00+08:00,213.34,-0.4,12.4,1.0,0.0861,True,False,1.0,False,False,False
2020-11-14T00:00:00+08:00,212.925,-0.1,10.6,0.8444444444444444,0.1729,True,False,1.0,False,False,False
2020-11-14T01:00:00+08:00,204.29,-0.5,9.9,0.7666666666666667,0.2597,True,False,1.0,False,False,False
2020-11-14T02:00:00+08:00,208.39,-0.2,8.9,0.6555555555555556,0.3423,True,False,1.0,False,False,False
2020-11-14T03:00:00+08:00,208.15,0.6,7.4,0.48888888888888893,0.40809999999999996,True,False,1.0,False,False,False
2020-11-14T04:00:00+08:00,212.45,1.1,7.0,0.4444444444444444,0.4683,True,False,1.0,False,False,False
2020-11-14T05:00:00+08:00,206.225,1.3,4.4,0.15555555555555559,0.5145,True,False,1.0,False,False,False
2020-11-14T06:00:00+08:00,216.895,2.6,0.6,0.0,0.5481,True,False,1.0,False,False,False
2020-11-14T07:00:00+08:00,212.255,4.7,0.7,0.0,0.5579,True,False,1.0,False,False,False
2020-11-14T08:00:00+08:00,222.745,4.1,1.8,0.0,0.5509,True,False,1.0,False,False,False
2020-11-14T09:00:00+08:00,212.73,3.5,4.5,0.16666666666666666,0.5243,True,False,1.0,False,False,False
2020-11-14T10:00:00+08:00,218.785,3.4,5.9,0.32222222222222224,0.4781,True,False,1.0,False,False,False
2020-11-14T11:00:00+08:00,228.66,3.1,8.3,0.588888888888889,0.41789999999999994,True,False,1.0,False,False,False
2020-11-14T12:00:00+08:00,209.87,3.3,8.5,0.6111111111111112,0.35,True,False,1.0,False,False,False
2020-11-14T13:00:00+08:00,208.77,2.4,7.5,0.5,0.2758,True,False,1.0,False,False,False
2020-11-14T14:00:00+08:00,209.68,1.9,9.3,0.7000000000000001,0.19879999999999998,True,False,1.0,False,False,False
2020-11-14T15:00:00+08:00,205.8,1.2,9.3,0.7000000000000001,0.13369999999999999,True,False,1.0,False,False,False
2020-11-14T16:00:00+08:00,206.37,0.8,12.4,1.0,0.07629999999999999,True,False,1.0,False,False,False
2020-11-14T17:00:00+08:00,233.46,-0.3,14.5,1.0,0.0287,True,False,1.0,False,False,False
2020-11-14T18:00:00+08:00,216.12,-1.0,13.4,1.0,0.0098,True,False,1.0,False,False,False
2020-11-14T19:00:00+08:00,211.93,-1.6,14.1,1.0,0.006999999999999999,True,False,1.0,False,False,False
2020-11-14T20:00:00+08:00,215.655,-2.1,14.3,1.0,0.009099999999999999,True,False,1.0,False,False,False
2020-11-14T21:00:00+08:00,205.96,-3.2,14.6,1.0,0.017499999999999998,True,False,1.0,False,False,False
2020-11-14T22:00:00+08:00,210.995,-3.3,15.4,1.0,0.0588,False,True,0.5,True,True,False
2020-11-14T23:00:00+08:00,199.535,-3.2,13.8,1.0,0.1309,True,True,0.5,True,False,False
2020-11-15T00:00:00+08:00,202.945,-3.1,12.5,1.0,0.1953,True,True,0.5,True,False,False
2020-11-15T01:00:00+08:00,206.67,-2.8,11.9,0.9888888888888889,0.2681,True,True,0.5,True,False,False
2020-11-15T02:00:00+08:00,202.8725,-2.4,9.0,0.6666666666666666,0.32969999999999994,True,True,0.5,True,False,False
2020-11-15T03:00:00+08:00,206.97,-2.5,5.4,0.2666666666666667,0.41089999999999993,True,True,0.5,True,False,False
2020-11-15T04:00:00+08:00,211.7625,-1.6,2.5,0.0,0.4711,True,True,0.5,True,False,False
2020-11-15T05:00:00+08:00,209.895,-0.6,2.5,0.0,0.5201,True,True,0.5,True,False,False
2020-11-15T06:00:00+08:00,211.39,0.2,1.7,0.0,0.5502,True,True,0.5,True,False,False
2020-11-15T07:00:00+08:00,218.35,-0.2,3.0,0.0,0.5607,True,True,0.5,True,False,False
2020-11-15T08:00:00+08:00,218.4625,-0.1,3.5,0.05555555555555555,0.5529999999999999,True,True,0.5,True,False,False
2020-11-15T09:00:00+08:00,215.63,0.1,5.2,0.24444444444444446,0.5264,True,True,0.5,True,False,False
2020-11-15T10:00:00+08:00,237.4275,0.6,5.4,0.2666666666666667,0.4802,True,True,0.5,True,False,False
2020-11-15T11:00:00+08:00,240.0075,1.3,4.8,0.19999999999999998,0.42069999999999996,True,False,1.0,False,False,False
2020-11-15T12:00:00+08:00,221.1675,2.3,2.8,0.0,0.35069999999999996,True,False,1.0,False,False,False
2020-11-15T13:00:00+08:00,210.0875,3.0,4.8,0.19999999999999998,0.2779,True,False,1.0,False,False,False
2020-11-15T14:00:00+08:00,202.26,2.4,3.7,0.07777777777777779,0.20369999999999996,True,False,1.0,False,False,False
2020-11-15T15:00:00+08:00,202.7525,0.7,6.8,0.4222222222222222,0.12669999999999998,True,False,1.0,False,False,False
2020-11-15T16:00:00+08:00,221.235,0.0,9.8,0.7555555555555556,0.0749,True,False,1.0,False,False,False
2020-11-15T17:00:00+08:00,223.8066667,-0.2,12.4,1.0,0.0343,True,False,1.0,False,False,False
2020-11-15T18:00:00+08:00,212.0883333,-0.6,12.2,1.0,0.012599999999999998,True,False,1.0,False,False,False
2020-11-15T19:00:00+08:00,219.375,-1.3,12.5,1.0,0.006999999999999999,True,False,1.0,False,False,False
2020-11-15T20:00:00+08:00,211.305,-2.1,14.4,1.0,0.017499999999999998,True,False,1.0,False,False,False
2020-11-15T21:00:00+08:00,229.815,-2.5,14.1,1.0,0.0441,True,False,1.0,False,False,False
2020-11-15T22:00:00+08:00,210.7025,-2.8,13.4,1.0,0.07279999999999999,True,False,1.0,False,False,False
2020-11-15T23:00:00+08:00,213.255,-3.0,14.8,1.0,0.13019999999999998,True,False,1.0,False,False,False
2020-11-16T00:00:00+08:00,209.495,-3.1,15.6,1.0,0.20159999999999997,False,True,0.5,True,True,False
2020-11-16T01:00:00+08:00,205.95,-3.0,16.5,1.0,0.2702,False,True,0.5,True,True,False
2020-11-16T02:00:00+08:00,203.2475,-3.1,17.7,1.0,0.3458,False,True,0.5,True,True,False
2020-11-16T03:00:00+08:00,204.9525,-2.7,14.6,1.0,0.4165,True,True,0.5,True,False,False
2020-11-16T04:00:00+08:00,209.42,-2.6,15.5,1.0,0.4753,False,True,0.5,True,True,False
2020-11-16T05:00:00+08:00,203.6775,-2.4,13.9,1.0,0.518,True,True,0.5,True,False,False
2020-11-16T06:00:00+08:00,203.7025,-1.5,12.1,1.0,0.5516,True,True,0.5,True,False,False
2020-11-16T07:00:00+08:00,220.125,-0.8,11.0,0.8888888888888888,0.5663,True,True,0.5,True,False,False
2020-11-16T08:00:00+08:00,206.895,-0.3,7.3,0.47777777777777775,0.5586,True,True,0.5,True,False,False
2020-11-16T09:00:00+08:00,217.6025,0.2,9.3,0.7000000000000001,0.5313,True,True,0.5,True,False,False
2020-11-16T10:00:00+08:00,224.64,0.5,8.3,0.588888888888889,0.48579999999999995,True,True,0.5,True,False,False
2020-11-16T11:00:00+08:00,225.695,0.1,13.1,1.0,0.42629999999999996,True,True,0.5,True,False,False
2020-11-16T12:00:00+08:00,199.27,-0.2,6.7,0.41111111111111115,0.357,True,True,0.5,True,False,False
2020-11-16T13:00:00+08:00,209.225,-1.1,16.1,1.0,0.2821,False,True,0.5,True,True,False
2020-11-16T14:00:00+08:00,207.13,-1.9,16.2,1.0,0.20719999999999997,False,True,0.5,True,True,False
2020-11-16T15:00:00+08:00,201.515,-2.9,17.2,1.0,0.1393,False,True,0.5,True,True,False
2020-11-16T16:00:00+08:00,214.86,-3.7,19.9,1.0,0.07769999999999999,False,True,0.5,True,True,False
2020-11-16T17:00:00+08:00,222.005,-4.2,21.7,1.0,0.021699999999999997,False,True,0.5,True,True,False
2020-11-16T18:00:00+08:00,207.56,-4.2,20.5,1.0,0.0112,False,True,0.5,True,True,False
2020-11-16T19:00:00+08:00,208.93,-3.4,18.9,1.0,0.009099999999999999,False,True,0.5,True,True,False
2020-11-16T20:00:00+08:00,214.25,-3.1,16.2,1.0,0.0119,False,True,0.5,True,True,False
2020-11-16T21:00:00+08:00,209.87,-2.2,16.0,1.0,0.0322,False,True,0.5,True,True,False
2020-11-16T22:00:00+08:00,227.195,-1.7,14.0,1.0,0.06999999999999999,True,True,0.5,True,False,False
2020-11-16T23:00:00+08:00,217.475,-1.4,14.8,1.0,0.12249999999999998,True,True,0.5,True,False,False
2020-11-17T00:00:00+08:00,206.345,-1.2,13.1,1.0,0.1897,True,True,0.5,True,False,False
2020-11-17T01:00:00+08:00,201.18,-0.8,15.2,1.0,0.2744,False,True,0.5,True,True,False
2020-11-17T02:00:00+08:00,197.885,-0.4,14.0,1.0,0.3535,True,True,0.5,True,False,False
2020-11-17T03:00:00+08:00,202.03,-0.1,14.7,1.0,0.41789999999999994,True,True,0.5,True,False,False
2020-11-17T04:00:00+08:00,202.325,0.1,13.1,1.0,0.4788,True,True,0.5,True,False,False
2020-11-17T05:00:00+08:00,198.56,0.0,14.6,1.0,0.5264,True,True,0.5,True,False,False
2020-11-17T06:00:00+08:00,208.255,0.9,12.5,1.0,0.5642,True,True,0.5,True,False,False
2020-11-17T07:00:00+08:00,214.675,0.9,10.7,0.8555555555555555,0.5761,True,True,0.5,True,False,False
2020-11-17T08:00:00+08:00,224.985,0.9,9.0,0.6666666666666666,0.5649,True,True,0.5,True,False,False
2020-11-17T09:00:00+08:00,211.685,1.2,7.7,0.5222222222222223,0.5341,True,True,0.5,True,False,False
2020-11-17T10:00:00+08:00,222.13,1.3,3.0,0.0,0.4885999999999999,True,True,0.5,True,False,False
2020-11-17T11:00:00+08:00,225.52,2.0,1.0,0.0,0.42245,True,True,0.5,True,False,False
2020-11-17T12:00:00+08:00,201.83,0.2,5.0,0.2222222222222222,0.3563,True,True,0.5,True,False,False
2020-11-17T13:00:00+08:00,205.365,-0.4,3.1,0.01111111111111112,0.27999999999999997,True,True,0.5,True,False,False
2020-11-17T14:00:00+08:00,206.595,-0.7,2.8,0.0,0.20859999999999998,True,False,1.0,False,False,False
2020-11-17T15:00:00+08:00,200.97,-0.9,2.0,0.0,0.1407,True,False,1.0,False,False,False
2020-11-17T16:00:00+08:00,223.82,-1.0,1.0,0.0,0.08539999999999999,True,False,1.0,False,False,False
2020-11-17T17:00:00+08:00,232.035,-1.3,0.0,0.0,0.0462,True,False,1.0,False,False,False
2020-11-17T18:00:00+08:00,220.935,-1.9,0.0,0.0,0.0245,True,False,1.0,False,False,False
2020-11-17T19:00:00+08:00,212.305,-2.4,1.3,0.0,0.018199999999999997,True,False,1.0,False,False,False
2020-11-17T20:00:00+08:00,217.585,-2.9,6.8,0.4222222222222222,0.0238,True,False,1.0,False,False,False
2020-11-17T21:00:00+08:00,208.2975,-2.9,5.7,0.30000000000000004,0.0441,True,False,1.0,False,False,False
2020-11-17T22:00:00+08:00,214.5725,-2.8,9.4,0.7111111111111111,0.0812,True,False,1.0,False,False,False
2020-11-17T23:00:00+08:00,220.0875,-2.7,8.4,0.6000000000000001,0.1379,True,False,1.0,False,False,False
2020-11-18T00:00:00+08:00,209.43,-2.9,7.5,0.5,0.2065,True,False,1.0,False,False,False
2020-11-18T01:00:00+08:00,203.6425,-2.9,6.9,0.43333333333333335,0.2786,True,False,1.0,False,False,False
2020-11-18T02:00:00+08:00,208.365,-2.9,7.7,0.5222222222222223,0.3528,True,False,1.0,False,False,False
2020-11-18T03:00:00+08:00,210.3975,-2.9,8.1,0.5666666666666667,0.4221,True,False,1.0,False,False,False
2020-11-18T04:00:00+08:00,204.2075,-2.9,6.7,0.41111111111111115,0.48299999999999993,True,False,1.0,False,False,False
2020-11-18T05:00:00+08:00,210.0,-3.5,6.1,0.3444444444444444,0.5249999999999999,True,False,1.0,False,False,False
2020-11-18T06:00:00+08:00,204.345,-3.2,5.0,0.2222222222222222,0.5614,True,False,1.0,False,False,False
2020-11-18T07:00:00+08:00,220.475,-2.8,6.1,0.3444444444444444,0.5529999999999999,True,False,1.0,False,False,False
2020-11-18T08:00:00+08:00,215.76,-2.3,6.1,0.3444444444444444,0.5607,True,False,1.0,False,False,False
2020-11-18T09:00:00+08:00,212.8525,-2.0,4.5,0.16666666666666666,0.5347999999999999,True,False,1.0,False,False,False
2020-11-18T10:00:00+08:00,228.51,-1.6,4.7,0.1888888888888889,0.5285,True,False,1.0,False,False,False
2020-11-18T11:00:00+08:00,235.845,-1.7,6.6,0.39999999999999997,0.39829999999999993,True,False,1.0,False,False,False
2020-11-18T12:00:00+08:00,227.2841667,-2.5,6.3,0.36666666666666664,0.3283,True,False,1.0,False,False,False
2020-11-18T13:00:00+08:00,230.3883333,-2.8,6.6,0.39999999999999997,0.24639999999999998,True,False,1.0,False,False,False
2020-11-18T14:00:00+08:00,210.715,-2.9,6.5,0.3888888888888889,0.182,True,False,1.0,False,False,False
2020-11-18T15:00:00+08:00,209.1475,-3.2,4.5,0.16666666666666666,0.11549999999999999,True,False,1.0,False,False,False
2020-11-18T16:00:00+08:00,214.875,-4.1,4.1,0.12222222222222218,0.08679999999999999,True,False,1.0,False,False,False
2020-11-18T17:00:00+08:00,220.1,-4.4,1.8,0.0,0.041299999999999996,True,False,1.0,False,False,False
2020-11-18T18:00:00+08:00,214.9875,-4.3,2.7,0.0,0.0189,True,False,1.0,False,False,False
2020-11-18T19:00:00+08:00,206.6825,-4.6,0.4,0.0,0.0098,True,False,1.0,False,False,False
2020-11-18T20:00:00+08:00,216.9525,-5.2,4.3,0.14444444444444443,0.018199999999999997,True,False,1.0,False,False,False
2020-11-18T21:00:00+08:00,223.0025,-5.3,5.0,0.2222222222222222,0.0329,True,False,1.0,False,False,False
2020-11-18T22:00:00+08:00,217.2275,-5.9,2.0,0.0,0.0567,True,False,1.0,False,False,False
2020-11-18T23:00:00+08:00,218.2275,-5.0,6.4,0.3777777777777778,0.0959,True,False,1.0,False,False,False
2020-11-19T00:00:00+08:00,214.7475,-3.9,6.0,0.3333333333333333,0.189,True,False,1.0,False,False,False
2020-11-19T01:00:00+08:00,216.575,-3.4,7.1,0.4555555555555555,0.26249999999999996,True,False,1.0,False,False,False
2020-11-19T02:00:00+08:00,203.6625,-3.1,5.6,0.28888888888888886,0.2786,True,False,1.0,False,False,False
2020-11-19T03:00:00+08:00,208.2325,-2.9,4.2,0.13333333333333336,0.4473,True,False,1.0,False,False,False
2020-11-19T04:00:00+08:00,208.4475,-1.7,3.1,0.01111111111111112,0.5243,True,False,1.0,False,False,False
2020-11-19T05:00:00+08:00,203.2425,-0.5,1.1,0.0,0.5383,True,False,1.0,False,False,False
2020-11-19T06:00:00+08:00,214.135,-0.5,1.2,0.0,0.5761,True,False,1.0,False,False,False
2020-11-19T07:00:00+08:00,223.7,-1.4,1.6,0.0,0.6013,True,False,1.0,False,False,False
2020-11-19T08:00:00+08:00,224.475,-0.2,0.6,0.0,0.5908,True,False,1.0,False,False,False
2020-11-19T09:00:00+08:00,207.905,1.7,0.6,0.0,0.5481,True,False,1.0,False,False,False
2020-11-19T10:00:00+08:00,221.825,1.6,2.1,0.0,0.49699999999999994,True,False,1.0,False,False,False
2020-11-19T11:00:00+08:00,249.69,0.0,2.3,0.0,0.4361,True,False,1.0,False,False,False
2020-11-19T12:00:00+08:00,205.82,2.2,1.0,0.0,0.3661,True,False,1.0,False,False,False
2020-11-19T13:00:00+08:00,216.405,0.4,0.9,0.0,0.28979999999999995,True,False,1.0,False,False,False
2020-11-19T14:00:00+08:00,202.285,0.4,0.2,0.0,0.21419999999999997,True,False,1.0,False,False,False
2020-11-19T15:00:00+08:00,205.815,-0.2,1.5,0.0,0.147,True,False,1.0,False,False,False
2020-11-19T16:00:00+08:00,225.685,-1.1,2.8,0.0,0.0896,True,False,1.0,False,False,False
2020-11-19T17:00:00+08:00,233.495,-1.5,4.0,0.1111111111111111,0.0595,True,False,1.0,False,False,False
2020-11-19T18:00:00+08:00,209.52,-2.1,5.7,0.30000000000000004,0.0294,True,False,1.0,False,False,False
2020-11-19T19:00:00+08:00,220.13,-1.9,6.4,0.3777777777777778,0.021699999999999997,True,False,1.0,False,False,False
2020-11-19T20:00:00+08:00,219.41,-1.7,7.5,0.5,0.027999999999999997,True,False,1.0,False,False,False
2020-11-19T21:00:00+08:00,209.785,-1.6,8.8,0.6444444444444445,0.0476,True,False,1.0,False,False,False
2020-11-19T22:00:00+08:00,204.01,-1.7,8.3,0.588888888888889,0.08889999999999999,True,False,1.0,False,False,False
2020-11-19T23:00:00+08:00,222.825,-1.5,9.0,0.6666666666666666,0.1435,True,False,1.0,False,False,False
2020-11-20T00:00:00+08:00,200.87,-0.8,8.5,0.6111111111111112,0.21,True,False,1.0,False,False,False
2020-11-20T01:00:00+08:00,206.225,-0.5,10.3,0.8111111111111112,0.24149999999999996,True,False,1.0,False,False,False
2020-11-20T02:00:00+08:00,210.36,-0.9,11.7,0.9666666666666666,0.2751,True,False,1.0,False,False,False
2020-11-20T03:00:00+08:00,197.89,-0.3,8.9,0.6555555555555556,0.3717,True,False,1.0,False,False,False
2020-11-20T04:00:00+08:00,215.79,0.5,6.4,0.3777777777777778,0.5103,True,False,1.0,False,False,False
2020-11-20T05:00:00+08:00,204.535,1.1,3.5,0.05555555555555555,0.5222,True,False,1.0,False,False,False
2020-11-20T06:00:00+08:00,205.425,2.0,1.9,0.0,0.49349999999999994,True,False,1.0,False,False,False
2020-11-20T07:00:00+08:00,206.385,2.9,0.9,0.0,0.48439999999999994,True,False,1.0,False,False,False
2020-11-20T08:00:00+08:00,211.715,4.2,0.9,0.0,0.4557,True,False,1.0,False,False,False
2020-11-20T09:00:00+08:00,205.82,3.1,1.0,0.0,0.43889999999999996,True,False,1.0,False,False,False
2020-11-20T10:00:00+08:00,224.88,2.9,3.7,0.07777777777777779,0.3906,True,False,1.0,False,False,False
2020-11-20T11:00:00+08:00,216.05,2.6,4.7,0.1888888888888889,0.44029999999999997,True,False,1.0,False,False,False
2020-11-20T12:00:00+08:00,205.955,4.0,2.2,0.0,0.36819999999999997,True,False,1.0,False,False,False
2020-11-20T13:00:00+08:00,201.46,3.1,4.4,0.15555555555555559,0.29259999999999997,True,False,1.0,False,False,False
2020-11-20T14:00:00+08:00,208.425,1.8,5.1,0.23333333333333328,0.217,True,False,1.0,False,False,False
2020-11-20T15:00:00+08:00,219.7125,0.8,8.7,0.6333333333333333,0.14909999999999998,True,False,1.0,False,False,False
2020-11-20T16:00:00+08:00,221.0175,0.1,9.4,0.7111111111111111,0.0931,True,False,1.0,False,False,False
2020-11-20T17:00:00+08:00,236.6325,-1.0,11.3,0.9222222222222223,0.053899999999999997,True,False,1.0,False,False,False
2020-11-20T18:00:00+08:00,230.24,-1.5,12.1,1.0,0.030799999999999998,True,False,1.0,False,False,False
2020-11-20T19:00:00+08:00,242.61,-1.9,12.7,1.0,0.0238,True,False,1.0,False,False,False
2020-11-20T20:00:00+08:00,220.4025,-2.3,12.7,1.0,0.0294,True,False,1.0,False,False,False
2020-11-20T21:00:00+08:00,209.685,-2.5,12.0,1.0,0.05109999999999999,True,False,1.0,False,False,False
2020-11-20T22:00:00+08:00,212.2,-2.6,12.0,1.0,0.0896,True,False,1.0,False,False,False
2020-11-20T23:00:00+08:00,218.5075,-2.8,12.2,1.0,0.14559999999999998,True,False,1.0,False,False,False
2020-11-21T00:00:00+08:00,211.18,-2.6,11.7,0.9666666666666666,0.2128,True,False,1.0,False,False,False
2020-11-21T01:00:00+08:00,218.5525,-2.3,10.8,0.8666666666666667,0.28629999999999994,True,False,1.0,False,False,False
2020-11-21T02:00:00+08:00,209.6775,-2.1,10.9,0.8777777777777778,0.36119999999999997,True,False,1.0,False,False,False
2020-11-21T03:00:00+08:00,209.2025,-1.7,9.1,0.6777777777777777,0.4326,True,False,1.0,False,False,False
2020-11-21T04:00:00+08:00,212.665,-1.0,6.5,0.3888888888888889,0.49349999999999994,True,False,1.0,False,False,False
2020-11-21T05:00:00+08:00,220.4225,-0.2,3.7,0.07777777777777779,0.5418,True,False,1.0,False,False,False
2020-11-21T06:00:00+08:00,213.2325,0.5,2.8,0.0,0.5725999999999999,True,False,1.0,False,False,False
2020-11-21T07:00:00+08:00,224.7716667,0.8,1.7,0.0,0.5844999999999999,True,False,1.0,False,False,False
2020-11-21T08:00:00+08:00,218.2558333,1.8,1.2,0.0,0.5768,True,False,1.0,False,False,False
2020-11-21T09:00:00+08:00,209.325,2.9,1.2,0.0,0.5488,True,False,1.0,False,False,False
2020-11-21T10:00:00+08:00,227.5725,3.6,1.0,0.0,0.5033,True,False,1.0,False,False,False
2020-11-21T11:00:00+08:00,245.6175,3.5,1.3,0.0,0.4431,True,False,1.0,False,False,False
2020-11-21T12:00:00+08:00,220.2225,2.5,1.6,0.0,0.3724,True,False,1.0,False,False,False
2020-11-21T13:00:00+08:00,220.87,3.3,1.1,0.0,0.29679999999999995,True,False,1.0,False,False,False
2020-11-21T14:00:00+08:00,216.6325,3.4,0.8,0.0,0.22049999999999997,True,False,1.0,False,False,False
2020-11-21T15:00:00+08:00,226.305,1.4,2.3,0.0,0.15259999999999999,True,False,1.0,False,False,False
2020-11-21T16:00:00+08:00,230.35,0.0,1.6,0.0,0.0952,True,False,1.0,False,False,False
2020-11-21T17:00:00+08:00,252.4525,-1.7,1.9,0.0,0.055299999999999995,True,False,1.0,False,False,False
2020-11-21T18:00:00+08:00,224.055,-3.0,3.3,0.03333333333333331,0.0329,True,False,1.0,False,False,False
2020-11-21T19:00:00+08:00,235.94,-3.4,5.3,0.25555555555555554,0.025899999999999996,True,False,1.0,False,False,False
2020-11-21T20:00:00+08:00,229.0525,-3.3,7.0,0.4444444444444444,0.0322,True,False,1.0,False,False,False
2020-11-21T21:00:00+08:00,232.48,-3.3,9.2,0.6888888888888888,0.053899999999999997,True,False,1.0,False,False,False
2020-11-21T22:00:00+08:00,217.4825,-3.5,10.5,0.8333333333333334,0.0931,True,False,1.0,False,False,False
2020-11-21T23:00:00+08:00,215.105,-3.8,10.5,0.8333333333333334,0.14909999999999998,True,False,1.0,False,False,False
2020-11-22T00:00:00+08:00,211.37,-3.8,10.5,0.8333333333333334,0.217,True,False,1.0,False,False,False
2020-11-22T01:00:00+08:00,225.985,-3.5,9.9,0.7666666666666667,0.29329999999999995,True,False,1.0,False,False,False
2020-11-22T02:00:00+08:00,210.57,-3.2,9.3,0.7000000000000001,0.36469999999999997,True,False,1.0,False,False,False
2020-11-22T03:00:00+08:00,211.98,-2.8,9.3,0.7000000000000001,0.4326,True,False,1.0,False,False,False
2020-11-22T04:00:00+08:00,215.975,-2.2,7.4,0.48888888888888893,0.49699999999999994,True,False,1.0,False,False,False
2020-11-22T05:00:00+08:00,219.65,-1.4,4.8,0.19999999999999998,0.5446,True,False,1.0,False,False,False
2020-11-22T06:00:00+08:00,233.67,-0.8,2.6,0.0,0.5768,True,False,1.0,False,False,False
2020-11-22T07:00:00+08:00,250.7,0.3,1.8,0.0,0.5901,True,False,1.0,False,False,False
2020-11-22T08:00:00+08:00,241.615,0.4,1.4,0.0,0.5768,True,False,1.0,False,False,False
2020-11-22T09:00:00+08:00,243.58,1.6,1.4,0.0,0.5635,True,False,1.0,False,False,False
2020-11-22T10:00:00+08:00,233.77,2.3,1.7,0.0,0.5095999999999999,True,False,1.0,False,False,False
2020-11-22T11:00:00+08:00,221.925,0.0,2.4,0.0,0.4382,True,False,1.0,False,False,False
2020-11-22T12:00:00+08:00,211.595,-0.4,3.0,0.0,0.36469999999999997,True,False,1.0,False,False,False
2020-11-22T13:00:00+08:00,216.855,-0.4,2.5,0.0,0.3024,True,False,1.0,False,False,False
2020-11-22T14:00:00+08:00,220.2,0.1,2.5,0.0,0.22399999999999998,True,False,1.0,False,False,False
2020-11-22T15:00:00+08:00,213.12,-0.1,2.2,0.0,0.15539999999999998,True,False,1.0,False,False,False
2020-11-22T16:00:00+08:00,234.345,-2.2,6.7,0.41111111111111115,0.09869999999999998,True,False,1.0,False,False,False
2020-11-22T17:00:00+08:00,223.58,-4.2,6.5,0.3888888888888889,0.0588,True,False,1.0,False,False,False
2020-11-22T18:00:00+08:00,213.5,-3.8,7.4,0.48888888888888893,0.0336,True,False,1.0,False,False,False
2020-11-22T19:00:00+08:00,203.93,-4.0,10.8,0.8666666666666667,0.0266,True,False,1.0,False,False,False
2020-11-22T20:00:00+08:00,222.59,-4.4,12.2,1.0,0.035699999999999996,True,False,1.0,False,False,False
2020-11-22T21:00:00+08:00,215.215,-5.2,12.0,1.0,0.0574,True,False,1.0,False,False,False
2020-11-22T22:00:00+08:00,222.305,-5.3,12.0,1.0,0.0973,True,False,1.0,False,False,False
2020-11-22T23:00:00+08:00,219.78,-5.4,11.5,0.9444444444444444,0.15259999999999999,True,False,1.0,False,False,False
2020-11-23T00:00:00+08:00,215.87,-5.4,11.3,0.9222222222222223,0.21839999999999998,True,False,1.0,False,False,False
2020-11-23T01:00:00+08:00,213.92,-5.3,10.9,0.8777777777777778,0.29119999999999996,True,False,1.0,False,False,False
2020-11-23T02:00:00+08:00,208.995,-5.1,9.6,0.7333333333333333,0.3661,True,False,1.0,False,False,False
2020-11-23T03:00:00+08:00,206.355,-4.7,6.8,0.4222222222222222,0.4375,True,False,1.0,False,False,False
2020-11-23T04:00:00+08:00,232.26,-4.1,8.9,0.6555555555555556,0.49909999999999993,True,False,1.0,False,False,False
2020-11-23T05:00:00+08:00,214.685,-3.4,4.1,0.12222222222222218,0.5467,True,False,1.0,False,False,False
2020-11-23T06:00:00+08:00,227.25,-1.8,1.6,0.0,0.5774999999999999,True,False,1.0,False,False,False
2020-11-23T07:00:00+08:00,216.025,-2.1,2.1,0.0,0.5901,True,False,1.0,False,False,False
2020-11-23T08:00:00+08:00,207.4,-1.9,4.2,0.13333333333333336,0.5823999999999999,True,False,1.0,False,False,False
2020-11-23T09:00:00+08:00,212.11,-1.7,3.9,0.09999999999999999,0.5544,True,False,1.0,False,False,False
2020-11-23T10:00:00+08:00,233.285,-1.6,4.8,0.19999999999999998,0.5088999999999999,True,False,1.0,False,False,False
2020-11-23T11:00:00+08:00,214.3375,-1.7,4.7,0.1888888888888889,0.4487,True,False,1.0,False,False,False
2020-11-23T12:00:00+08:00,205.1525,-1.0,3.8,0.08888888888888886,0.378,True,False,1.0,False,False,False
2020-11-23T13:00:00+08:00,205.635,-0.9,3.4,0.04444444444444443,0.3024,True,False,1.0,False,False,False
2020-11-23T14:00:00+08:00,217.7,-1.5,2.8,0.0,0.2268,True,False,1.0,False,False,False
2020-11-23T15:00:00+08:00,203.8475,-2.1,2.4,0.0,0.1582,True,False,1.0,False,False,False
2020-11-23T16:00:00+08:00,220.665,-2.6,5.3,0.25555555555555554,0.10219999999999999,True,False,1.0,False,False,False
2020-11-23T17:00:00+08:00,228.315,-3.8,8.4,0.6000000000000001,0.061599999999999995,True,False,1.0,False,False,False
2020-11-23T18:00:00+08:00,231.9175,-3.6,10.1,0.7888888888888889,0.0378,True,False,1.0,False,False,False
2020-11-23T19:00:00+08:00,215.24,-4.1,11.0,0.8888888888888888,0.030099999999999995,True,False,1.0,False,False,False
2020-11-23T20:00:00+08:00,201.805,-4.5,11.4,0.9333333333333333,0.036399999999999995,True,False,1.0,False,False,False
2020-11-23T21:00:00+08:00,208.655,-4.8,8.9,0.6555555555555556,0.0588,True,False,1.0,False,False,False
2020-11-23T22:00:00+08:00,208.855,-5.1,9.4,0.7111111111111111,0.0973,True,False,1.0,False,False,False
2020-11-23T23:00:00+08:00,210.6825,-5.1,8.0,0.5555555555555556,0.15189999999999998,True,False,1.0,False,False,False
2020-11-24T00:00:00+08:00,229.325,-5.2,9.1,0.6777777777777777,0.21839999999999998,True,False,1.0,False,False,False
2020-11-24T01:00:00+08:00,214.7975,-4.8,7.7,0.5222222222222223,0.2919,True,False,1.0,False,False,False
2020-11-24T02:00:00+08:00,209.2916667,-4.4,7.7,0.5222222222222223,0.3668,True,False,1.0,False,False,False
2020-11-24T03:00:00+08:00,213.3608333,-4.3,7.4,0.48888888888888893,0.43889999999999996,True,False,1.0,False,False,False
2020-11-24T04:00:00+08:00,210.12,-3.1,3.8,0.08888888888888886,0.49909999999999993,True,False,1.0,False,False,False
2020-11-24T05:00:00+08:00,219.7825,-3.1,3.0,0.0,0.5467,True,False,1.0,False,False,False
2020-11-24T06:00:00+08:00,228.7525,-0.9,1.8,0.0,0.5789,True,False,1.0,False,False,False
2020-11-24T07:00:00+08:00,213.1325,-0.2,1.9,0.0,0.5914999999999999,True,False,1.0,False,False,False
2020-11-24T08:00:00+08:00,200.2575,-2.7,3.2,0.02222222222222224,0.5838,True,False,1.0,False,False,False
2020-11-24T09:00:00+08:00,210.5975,-2.1,2.7,0.0,0.5565,True,False,1.0,False,False,False
2020-11-24T10:00:00+08:00,240.8875,-2.1,4.3,0.14444444444444443,0.511,True,False,1.0,False,False,False
2020-11-24T11:00:00+08:00,239.005,-1.6,3.5,0.05555555555555555,0.4522,True,False,1.0,False,False,False
2020-11-24T12:00:00+08:00,216.92,-1.7,4.0,0.1111111111111111,0.3822,True,False,1.0,False,False,False
2020-11-24T13:00:00+08:00,205.27,-2.0,3.5,0.05555555555555555,0.30729999999999996,True,False,1.0,False,False,False
2020-11-24T14:00:00+08:00,201.24,-2.5,3.5,0.05555555555555555,0.2317,True,False,1.0,False,False,False
2020-11-24T15:00:00+08:00,207.1525,-4.4,4.4,0.15555555555555559,0.1638,True,False,1.0,False,False,False
2020-11-24T16:00:00+08:00,239.195,-5.0,2.2,0.0,0.10429999999999999,True,False,1.0,False,False,False
2020-11-24T17:00:00+08:00,226.6625,-5.9,1.0,0.0,0.06649999999999999,True,False,1.0,False,False,False
2020-11-24T18:00:00+08:00,206.81,-6.7,2.9,0.0,0.030799999999999998,True,False,1.0,False,False,False
2020-11-24T19:00:00+08:00,213.4325,-6.8,4.0,0.1111111111111111,0.025899999999999996,True,False,1.0,False,False,False
2020-11-24T20:00:00+08:00,214.13,-7.2,3.7,0.07777777777777779,0.030099999999999995,True,False,1.0,False,False,False
2020-11-24T21:00:00+08:00,220.29,-5.6,5.2,0.24444444444444446,0.06369999999999999,True,False,1.0,False,False,False
2020-11-24T22:00:00+08:00,212.74,-6.3,3.0,0.0,0.13999999999999999,True,False,1.0,False,False,False
2020-11-24T23:00:00+08:00,207.585,-6.4,3.0,0.0,0.1379,True,False,1.0,False,False,False
2020-11-25T00:00:00+08:00,223.835,-6.2,2.5,0.0,0.1309,True,False,1.0,False,False,False
2020-11-25T01:00:00+08:00,218.29,-5.7,1.1,0.0,0.19809999999999997,True,False,1.0,False,False,False
2020-11-25T02:00:00+08:00,217.13,-5.4,1.7,0.0,0.2793,True,False,1.0,False,False,False
2020-11-25T03:00:00+08:00,207.755,-5.3,2.6,0.0,0.3794,True,False,1.0,False,False,False
2020-11-25T04:00:00+08:00,208.365,-4.1,1.3,0.0,0.4564,True,False,1.0,False,False,False
2020-11-25T05:00:00+08:00,222.56,-2.9,1.1,0.0,0.5145,True,False,1.0,False,False,False
2020-11-25T06:00:00+08:00,233.52,-2.8,2.3,0.0,0.6349,True,False,1.0,False,False,False
2020-11-25T07:00:00+08:00,215.83,-2.3,1.2,0.0,0.6013,True,False,1.0,False,False,False
2020-11-25T08:00:00+08:00,207.27,-1.9,1.3,0.0,0.5865999999999999,True,False,1.0,False,False,False
2020-11-25T09:00:00+08:00,215.68,-1.1,2.8,0.0,0.4976999999999999,True,False,1.0,False,False,False
2020-11-25T10:00:00+08:00,240.01,-0.6,1.9,0.0,0.4676,True,False,1.0,False,False,False
2020-11-25T11:00:00+08:00,216.185,-1.6,1.4,0.0,0.40319999999999995,True,False,1.0,False,False,False
2020-11-25T12:00:00+08:00,212.325,-1.4,1.5,0.0,0.28909999999999997,True,False,1.0,False,False,False
2020-11-25T13:00:00+08:00,211.815,-1.5,0.9,0.0,0.1953,True,False,1.0,False,False,False
2020-11-25T14:00:00+08:00,207.93,-2.9,0.5,0.0,0.1358,True,False,1.0,False,False,False
2020-11-25T15:00:00+08:00,212.39,-3.3,0.8,0.0,0.0896,True,False,1.0,False,False,False
2020-11-25T16:00:00+08:00,230.0,-3.8,0.1,0.0,0.053899999999999997,True,False,1.0,False,False,False
2020-11-25T17:00:00+08:00,222.405,-4.0,0.0,0.0,0.035699999999999996,True,False,1.0,False,False,False
2020-11-25T18:00:00+08:00,210.895,-3.9,1.8,0.0,0.0238,True,False,1.0,False,False,False
2020-11-25T19:00:00+08:00,222.82,-2.5,6.9,0.43333333333333335,0.0224,True,False,1.0,False,False,False
2020-11-25T20:00:00+08:00,219.565,-2.1,8.2,0.5777777777777777,0.0329,True,False,1.0,False,False,False
2020-11-25T21:00:00+08:00,215.295,-2.2,7.7,0.5222222222222223,0.0749,True,False,1.0,False,False,False
2020-11-25T22:00:00+08:00,209.75,-2.1,6.3,0.36666666666666664,0.08329999999999999,True,False,1.0,False,False,False
2020-11-25T23:00:00+08:00,207.225,-2.3,6.7,0.41111111111111115,0.10359999999999998,True,False,1.0,False,False,False
2020-11-26T00:00:00+08:00,211.335,-2.4,5.8,0.3111111111111111,0.20509999999999998,True,False,1.0,False,False,False
2020-11-26T01:00:00+08:00,218.905,-2.4,5.3,0.25555555555555554,0.30029999999999996,True,False,1.0,False,False,False
2020-11-26T02:00:00+08:00,205.91,-1.9,4.2,0.13333333333333336,0.315,True,False,1.0,False,False,False
2020-11-26T03:00:00+08:00,202.29,-1.5,4.6,0.17777777777777773,0.39619999999999994,True,False,1.0,False,False,False
2020-11-26T04:00:00+08:00,200.785,-1.2,4.7,0.1888888888888889,0.4375,True,False,1.0,False,False,False
2020-11-26T05:00:00+08:00,209.215,-0.6,4.1,0.12222222222222218,0.4473,True,False,1.0,False,False,False
2020-11-26T06:00:00+08:00,229.09,-0.4,6.3,0.36666666666666664,0.4683,True,False,1.0,False,False,False
2020-11-26T07:00:00+08:00,232.3075,0.1,5.3,0.25555555555555554,0.4836999999999999,True,False,1.0,False,False,False
2020-11-26T08:00:00+08:00,233.0575,0.6,4.2,0.13333333333333336,0.5061,True,False,1.0,False,False,False
2020-11-26T09:00:00+08:00,219.1325,0.2,3.8,0.08888888888888886,0.4906999999999999,True,False,1.0,False,False,False
2020-11-26T10:00:00+08:00,224.39,1.2,2.9,0.0,0.5061,True,False,1.0,False,False,False
2020-11-26T11:00:00+08:00,217.3925,1.6,1.5,0.0,0.4003999999999999,True,False,1.0,False,False,False
2020-11-26T12:00:00+08:00,205.71,1.1,0.9,0.0,0.2779,True,False,1.0,False,False,False
2020-11-26T13:00:00+08:00,206.1925,1.5,1.8,0.0,0.20929999999999999,True,False,1.0,False,False,False
2020-11-26T14:00:00+08:00,206.5925,0.7,3.7,0.07777777777777779,0.1512,True,False,1.0,False,False,False
2020-11-26T15:00:00+08:00,211.765,0.3,4.7,0.1888888888888889,0.11059999999999999,True,False,1.0,False,False,False
2020-11-26T16:00:00+08:00,224.7425,0.0,6.6,0.39999999999999997,0.0658,True,False,1.0,False,False,False
2020-11-26T17:00:00+08:00,219.7025,-0.3,6.4,0.3777777777777778,0.041999999999999996,True,False,1.0,False,False,False
2020-11-26T18:00:00+08:00,210.805,-0.1,7.7,0.5222222222222223,0.025899999999999996,True,False,1.0,False,False,False
2020-11-26T19:00:00+08:00,211.365,-0.4,7.7,0.5222222222222223,0.020999999999999998,True,False,1.0,False,False,False
2020-11-26T20:00:00+08:00,202.2225,-1.3,5.2,0.24444444444444446,0.0245,True,False,1.0,False,False,False
2020-11-26T21:00:00+08:00,210.8475,-1.2,5.2,0.24444444444444446,0.034999999999999996,True,False,1.0,False,False,False
2020-11-26T22:00:00+08:00,208.4125,-1.2,6.7,0.41111111111111115,0.06089999999999999,True,False,1.0,False,False,False
2020-11-26T23:00:00+08:00,210.58,-1.4,6.1,0.3444444444444444,0.10009999999999998,True,False,1.0,False,False,False
2020-11-27T00:00:00+08:00,198.86,-1.2,8.2,0.5777777777777777,0.16659999999999997,True,False,1.0,False,False,False
2020-11-27T01:00:00+08:00,210.89,-1.4,5.3,0.25555555555555554,0.2233,True,False,1.0,False,False,False
2020-11-27T02:00:00+08:00,209.01,-1.4,5.5,0.2777777777777778,0.308,True,False,1.0,False,False,False
2020-11-27T03:00:00+08:00,215.2175,-1.3,4.8,0.19999999999999998,0.3703,True,False,1.0,False,False,False
2020-11-27T04:00:00+08:00,208.27,-1.2,5.2,0.24444444444444446,0.4613,True,False,1.0,False,False,False
2020-11-27T05:00:00+08:00,204.745,-1.2,6.0,0.3333333333333333,0.5347999999999999,True,False,1.0,False,False,False
2020-11-27T06:00:00+08:00,218.44,-1.0,5.3,0.25555555555555554,0.5355,True,False,1.0,False,False,False
2020-11-27T07:00:00+08:00,212.8975,-0.4,5.9,0.32222222222222224,0.5523,True,False,1.0,False,False,False
2020-11-27T08:00:00+08:00,209.25,0.3,6.7,0.41111111111111115,0.5544,True,False,1.0,False,False,False
2020-11-27T09:00:00+08:00,206.1675,-0.5,8.6,0.6222222222222222,0.5033,True,False,1.0,False,False,False
2020-11-27T10:00:00+08:00,219.6825,-0.9,7.6,0.5111111111111111,0.4767,True,False,1.0,False,False,False
2020-11-27T11:00:00+08:00,214.0375,-1.2,6.3,0.36666666666666664,0.3696,True,False,1.0,False,False,False
2020-11-27T12:00:00+08:00,202.07,-1.1,4.2,0.13333333333333336,0.28629999999999994,True,False,1.0,False,False,False
2020-11-27T13:00:00+08:00,205.5325,-1.2,4.9,0.21111111111111114,0.21209999999999998,True,False,1.0,False,False,False
2020-11-27T14:00:00+08:00,199.5925,-1.9,5.0,0.2222222222222222,0.1757,True,False,1.0,False,False,False
2020-11-27T15:00:00+08:00,208.11,-2.4,5.2,0.24444444444444446,0.1281,True,False,1.0,False,False,False
2020-11-27T16:00:00+08:00,224.99,-2.8,4.7,0.1888888888888889,0.0847,True,False,1.0,False,False,False
2020-11-27T17:00:00+08:00,222.435,-3.1,4.9,0.21111111111111114,0.0581,True,False,1.0,False,False,False
2020-11-27T18:00:00+08:00,203.08,-3.5,5.0,0.2222222222222222,0.041299999999999996,True,False,1.0,False,False,False
2020-11-27T19:00:00+08:00,234.615,-3.7,4.9,0.21111111111111114,0.041299999999999996,True,False,1.0,False,False,False
2020-11-27T20:00:00+08:00,212.42,-3.9,4.9,0.21111111111111114,0.043399999999999994,True,False,1.0,False,False,False
2020-11-27T21:00:00+08:00,211.595,-4.1,4.8,0.19999999999999998,0.0644,True,False,1.0,False,False,False
2020-11-27T22:00:00+08:00,226.21,-4.4,6.4,0.3777777777777778,0.1183,True,False,1.0,False,False,False
2020-11-27T23:00:00+08:00,221.375,-4.3,6.6,0.39999999999999997,0.1862,True,False,1.0,False,False,False
2020-11-28T00:00:00+08:00,232.17,-4.4,6.6,0.39999999999999997,0.2331,True,False,1.0,False,False,False
2020-11-28T01:00:00+08:00,224.71,-4.1,5.7,0.30000000000000004,0.3087,True,False,1.0,False,False,False
2020-11-28T02:00:00+08:00,210.55,-3.9,5.0,0.2222222222222222,0.3766,True,False,1.0,False,False,False
2020-11-28T03:00:00+08:00,203.11,-3.5,4.5,0.16666666666666666,0.43539999999999995,True,False,1.0,False,False,False
2020-11-28T04:00:00+08:00,215.79,-3.1,3.6,0.06666666666666668,0.4802,True,False,1.0,False,False,False
2020-11-28T05:00:00+08:00,221.57,-3.3,4.5,0.16666666666666666,0.5467,True,False,1.0,False,False,False
2020-11-28T06:00:00+08:00,232.61,-3.0,5.5,0.2777777777777778,0.5816999999999999,True,False,1.0,False,False,False
2020-11-28T07:00:00+08:00,217.85,-3.1,7.0,0.4444444444444444,0.602,True,False,1.0,False,False,False
2020-11-28T08:00:00+08:00,209.725,-2.8,6.2,0.35555555555555557,0.5914999999999999,True,False,1.0,False,False,False
2020-11-28T09:00:00+08:00,209.025,-2.7,6.5,0.3888888888888889,0.5838,True,False,1.0,False,False,False
2020-11-28T10:00:00+08:00,224.125,-2.2,5.5,0.2777777777777778,0.469,True,False,1.0,False,False,False
2020-11-28T11:00:00+08:00,211.8,-2.0,4.6,0.17777777777777773,0.4522,True,False,1.0,False,False,False
2020-11-28T12:00:00+08:00,205.75,-2.1,4.3,0.14444444444444443,0.30029999999999996,True,False,1.0,False,False,False
2020-11-28T13:00:00+08:00,201.7,-2.1,3.4,0.04444444444444443,0.23099999999999998,True,False,1.0,False,False,False
2020-11-28T14:00:00+08:00,202.5,-2.2,2.5,0.0,0.15189999999999998,True,False,1.0,False,False,False
2020-11-28T15:00:00+08:00,203.12,-2.2,1.3,0.0,0.1183,True,False,1.0,False,False,False
2020-11-28T16:00:00+08:00,233.855,-2.4,0.7,0.0,0.0812,True,False,1.0,False,False,False
2020-11-28T17:00:00+08:00,217.36,-2.7,0.9,0.0,0.05179999999999999,True,False,1.0,False,False,False
2020-11-28T18:00:00+08:00,199.525,-3.1,1.1,0.0,0.030099999999999995,True,False,1.0,False,False,False
2020-11-28T19:00:00+08:00,206.29,-3.3,1.4,0.0,0.0203,True,False,1.0,False,False,False
2020-11-28T20:00:00+08:00,207.085,-3.5,1.1,0.0,0.0203,True,False,1.0,False,False,False
2020-11-28T21:00:00+08:00,198.955,-3.7,1.0,0.0,0.0336,True,False,1.0,False,False,False
2020-11-28T22:00:00+08:00,199.67,-3.7,0.4,0.0,0.077,True,False,1.0,False,False,False
2020-11-28T23:00:00+08:00,195.485,-3.5,0.6,0.0,0.1183,True,False,1.0,False,False,False
2020-11-29T00:00:00+08:00,207.6475,-3.0,0.2,0.0,0.20509999999999998,True,False,1.0,False,False,False
2020-11-29T01:00:00+08:00,207.63,-2.7,1.1,0.0,0.308,True,False,1.0,False,False,False
2020-11-29T02:00:00+08:00,195.94,-2.9,1.4,0.0,0.3815,True,False,1.0,False,False,False
2020-11-29T03:00:00+08:00,204.06,-2.7,1.5,0.0,0.45149999999999996,True,False,1.0,False,False,False
2020-11-29T04:00:00+08:00,198.9075,-1.8,2.0,0.0,0.5124,True,False,1.0,False,False,False
2020-11-29T05:00:00+08:00,203.0325,-1.2,1.9,0.0,0.5593,True,False,1.0,False,False,False
2020-11-29T06:00:00+08:00,226.025,-1.4,2.4,0.0,0.5893999999999999,True,False,1.0,False,False,False
2020-11-29T07:00:00+08:00,208.0,-1.7,4.1,0.12222222222222218,0.6026999999999999,True,False,1.0,False,False,False
2020-11-29T08:00:00+08:00,204.9125,-1.5,3.3,0.03333333333333331,0.5978,True,False,1.0,False,False,False
2020-11-29T09:00:00+08:00,211.06,-1.7,3.9,0.09999999999999999,0.5558,True,False,1.0,False,False,False
2020-11-29T10:00:00+08:00,226.4675,-1.7,3.0,0.0,0.5298999999999999,True,False,1.0,False,False,False
2020-11-29T11:00:00+08:00,205.32,-1.0,1.2,0.0,0.4704,True,False,1.0,False,False,False
2020-11-29T12:00:00+08:00,202.6375,-1.2,3.0,0.0,0.3892,True,False,1.0,False,False,False
2020-11-29T13:00:00+08:00,198.455,-1.4,2.9,0.0,0.29469999999999996,True,False,1.0,False,False,False
2020-11-29T14:00:00+08:00,200.5275,-2.1,3.0,0.0,0.2506,True,False,1.0,False,False,False
2020-11-29T15:00:00+08:00,207.08,-2.7,1.6,0.0,0.18059999999999998,True,False,1.0,False,False,False
2020-11-29T16:00:00+08:00,222.5458333,-3.5,1.8,0.0,0.12249999999999998,True,False,1.0,False,False,False
2020-11-29T17:00:00+08:00,212.9241667,-4.9,2.6,0.0,0.0791,True,False,1.0,False,False,False
2020-11-29T18:00:00+08:00,200.3,-5.9,3.1,0.01111111111111112,0.0532,True,False,1.0,False,False,False
2020-11-29T19:00:00+08:00,202.105,-6.7,4.2,0.13333333333333336,0.0441,True,False,1.0,False,False,False
2020-11-29T20:00:00+08:00,203.7475,-6.5,4.5,0.16666666666666666,0.05109999999999999,True,False,1.0,False,False,False
2020-11-29T21:00:00+08:00,199.36,-7.3,2.4,0.0,0.07279999999999999,True,False,1.0,False,False,False
2020-11-29T22:00:00+08:00,195.3325,-7.2,1.6,0.0,0.1127,True,False,1.0,False,False,False
2020-11-29T23:00:00+08:00,194.59,-6.3,5.7,0.30000000000000004,0.16799999999999998,True,False,1.0,False,False,False
2020-11-30T00:00:00+08:00,197.09,-6.1,6.7,0.41111111111111115,0.2345,True,False,1.0,False,False,False
2020-11-30T01:00:00+08:00,192.8375,-5.4,4.7,0.1888888888888889,0.30729999999999996,True,False,1.0,False,False,False
2020-11-30T02:00:00+08:00,202.135,-5.2,5.6,0.28888888888888886,0.3808,True,False,1.0,False,False,False
2020-11-30T03:00:00+08:00,192.3025,-4.9,3.9,0.09999999999999999,0.4501,True,False,1.0,False,False,False
2020-11-30T04:00:00+08:00,200.14,-4.0,1.7,0.0,0.511,True,False,1.0,False,False,False
2020-11-30T05:00:00+08:00,193.6225,-2.7,1.6,0.0,0.5593,True,False,1.0,False,False,False
2020-11-30T06:00:00+08:00,200.69,-1.1,1.2,0.0,0.5908,True,False,1.0,False,False,False
2020-11-30T07:00:00+08:00,194.37,-0.8,1.5,0.0,0.6033999999999999,True,False,1.0,False,False,False
2020-11-30T08:00:00+08:00,197.5625,-0.9,1.3,0.0,0.5971,True,False,1.0,False,False,False
2020-11-30T09:00:00+08:00,200.6825,-1.3,1.5,0.0,0.5711999999999999,True,False,1.0,False,False,False
2020-11-30T10:00:00+08:00,225.225,-1.4,2.7,0.0,0.5277999999999999,True,False,1.0,False,False,False
2020-11-30T11:00:00+08:00,208.68,-1.1,3.8,0.08888888888888886,0.4676,True,False,1.0,False,False,False
2020-11-30T12:00:00+08:00,193.185,-0.9,2.9,0.0,0.40739999999999993,True,False,1.0,False,False,False
2020-11-30T13:00:00+08:00,190.13,-1.1,2.6,0.0,0.3227,True,False,1.0,False,False,False
2020-11-30T14:00:00+08:00,199.52,-2.2,2.3,0.0,0.2667,True,False,1.0,False,False,False
2020-11-30T15:00:00+08:00,202.17,-2.2,2.3,0.0,0.2324,True,False,1.0,False,False,False
2020-11-30T16:00:00+08:00,218.12,-2.7,1.7,0.0,0.0805,True,False,1.0,False,False,False
2020-11-30T17:00:00+08:00,211.17,-2.8,0.6,0.0,0.07279999999999999,True,False,1.0,False,False,False
2020-11-30T18:00:00+08:00,193.49,-2.9,1.2,0.0,0.06369999999999999,True,False,1.0,False,False,False
2020-11-30T19:00:00+08:00,194.995,-2.7,3.5,0.05555555555555555,0.05179999999999999,True,False,1.0,False,False,False
2020-11-30T20:00:00+08:00,203.15,-2.7,5.1,0.23333333333333328,0.0581,True,False,1.0,False,False,False
2020-11-30T21:00:00+08:00,202.06,-3.8,2.1,0.0,0.0798,True,False,1.0,False,False,False
2020-11-30T22:00:00+08:00,199.51,-3.9,1.2,0.0,0.06509999999999999,True,False,1.0,False,False,False
2020-11-30T23:00:00+08:00,196.525,-3.3,3.1,0.01111111111111112,0.14559999999999998,True,False,1.0,False,False,False
2020-12-01T00:00:00+08:00,206.095,-2.7,3.3,0.03333333333333331,0.17429999999999998,True,False,1.0,False,False,False
2020-12-01T01:00:00+08:00,193.925,-2.0,5.5,0.2777777777777778,0.2289,True,False,1.0,False,False,False
2020-12-01T02:00:00+08:00,192.9,-1.8,6.8,0.4222222222222222,0.3115,True,False,1.0,False,False,False
2020-12-01T03:00:00+08:00,194.305,-1.7,6.9,0.43333333333333335,0.3654,True,False,1.0,False,False,False
2020-12-01T04:00:00+08:00,190.065,-1.4,7.7,0.5222222222222223,0.5103,True,False,1.0,False,False,False
2020-12-01T05:00:00+08:00,197.52,-1.3,8.1,0.5666666666666667,0.43539999999999995,True,False,1.0,False,False,False
2020-12-01T06:00:00+08:00,226.615,-0.7,5.0,0.2222222222222222,0.5523,True,False,1.0,False,False,False
2020-12-01T07:00:00+08:00,207.18,-1.0,5.2,0.24444444444444446,0.4732,True,False,1.0,False,False,False
2020-12-01T08:00:00+08:00,196.32,-1.0,4.9,0.21111111111111114,0.4976999999999999,True,False,1.0,False,False,False
2020-12-01T09:00:00+08:00,203.245,-1.3,5.4,0.2666666666666667,0.4815999999999999,True,False,1.0,False,False,False
2020-12-01T10:00:00+08:00,224.055,-1.4,3.7,0.07777777777777779,0.42489999999999994,True,False,1.0,False,False,False
2020-12-01T11:00:00+08:00,206.635,-1.5,3.9,0.09999999999999999,0.3465,True,False,1.0,False,False,False
2020-12-01T12:00:00+08:00,195.605,-1.8,3.9,0.09999999999999999,0.252,True,False,1.0,False,False,False
2020-12-01T13:00:00+08:00,205.22,-2.5,4.1,0.12222222222222218,0.2359,True,False,1.0,False,False,False
2020-12-01T14:00:00+08:00,190.725,-2.6,2.2,0.0,0.20369999999999996,True,False,1.0,False,False,False
2020-12-01T15:00:00+08:00,218.69,-1.6,7.7,0.5222222222222223,0.1176,True,False,1.0,False,False,False
2020-12-01T16:00:00+08:00,218.045,-1.7,3.4,0.04444444444444443,0.0973,True,False,1.0,False,False,False
2020-12-01T17:00:00+08:00,206.955,-2.8,2.7,0.0,0.08259999999999999,True,False,1.0,False,False,False
2020-12-01T18:00:00+08:00,195.97,-3.5,3.2,0.02222222222222224,0.042699999999999995,True,False,1.0,False,False,False
2020-12-01T19:00:00+08:00,192.74,-3.6,3.2,0.02222222222222224,0.0336,True,False,1.0,False,False,False
2020-12-01T20:00:00+08:00,191.12,-2.6,5.9,0.32222222222222224,0.043399999999999994,True,False,1.0,False,False,False
2020-12-01T21:00:00+08:00,197.555,-2.7,6.9,0.43333333333333335,0.049699999999999994,True,False,1.0,False,False,False
2020-12-01T22:00:00+08:00,203.0675,-2.9,5.5,0.2777777777777778,0.0805,True,False,1.0,False,False,False
2020-12-01T23:00:00+08:00,197.8675,-3.1,5.6,0.28888888888888886,0.1085,True,False,1.0,False,False,False
2020-12-02T00:00:00+08:00,204.87,-3.1,5.7,0.30000000000000004,0.17779999999999999,True,False,1.0,False,False,False
2020-12-02T01:00:00+08:00,193.4075,-3.0,4.4,0.15555555555555559,0.26249999999999996,True,False,1.0,False,False,False
2020-12-02T02:00:00+08:00,196.17,-2.7,6.0,0.3333333333333333,0.3318,True,False,1.0,False,False,False
2020-12-02T03:00:00+08:00,190.2925,-2.6,4.7,0.1888888888888889,0.41579999999999995,True,False,1.0,False,False,False
2020-12-02T04:00:00+08:00,200.4175,-2.7,5.2,0.24444444444444446,0.4732,True,False,1.0,False,False,False
2020-12-02T05:00:00+08:00,199.125,-2.5,4.9,0.21111111111111114,0.5257,True,False,1.0,False,False,False
2020-12-02T06:00:00+08:00,197.0475,-2.2,3.9,0.09999999999999999,0.588,True,False,1.0,False,False,False
2020-12-02T07:00:00+08:00,203.41,-1.6,4.3,0.14444444444444443,0.6111,True,False,1.0,False,False,False
2020-12-02T08:00:00+08:00,190.3325,-1.8,6.7,0.41111111111111115,0.6251,True,False,1.0,False,False,False
2020-12-02T09:00:00+08:00,194.925,-1.1,3.5,0.05555555555555555,0.5956999999999999,True,False,1.0,False,False,False
2020-12-02T10:00:00+08:00,221.33,-1.5,4.3,0.14444444444444443,0.5292,True,False,1.0,False,False,False
2020-12-02T11:00:00+08:00,207.7375,-1.9,3.9,0.09999999999999999,0.45499999999999996,True,False,1.0,False,False,False
2020-12-02T12:00:00+08:00,197.91,-2.0,3.7,0.07777777777777779,0.3493,True,False,1.0,False,False,False
2020-12-02T13:00:00+08:00,200.505,-2.0,2.8,0.0,0.2681,True,False,1.0,False,False,False
2020-12-02T14:00:00+08:00,194.945,-2.2,2.3,0.0,0.2261,True,False,1.0,False,False,False
2020-12-02T15:00:00+08:00,199.81,-2.7,2.9,0.0,0.12669999999999998,True,False,1.0,False,False,False
2020-12-02T16:00:00+08:00,223.8025,-2.9,1.2,0.0,0.08259999999999999,True,False,1.0,False,False,False
2020-12-02T17:00:00+08:00,203.535,-3.3,1.3,0.0,0.05109999999999999,True,False,1.0,False,False,False
2020-12-02T18:00:00+08:00,202.5225,-3.8,2.5,0.0,0.0392,True,False,1.0,False,False,False
2020-12-02T19:00:00+08:00,195.65,-4.1,0.5,0.0,0.0322,True,False,1.0,False,False,False
2020-12-02T20:00:00+08:00,192.015,-4.3,1.7,0.0,0.041999999999999996,True,False,1.0,False,False,False
2020-12-02T21:00:00+08:00,202.0575,-3.6,4.2,0.13333333333333336,0.0567,True,False,1.0,False,False,False
2020-12-02T22:00:00+08:00,205.6725,-3.4,5.4,0.2666666666666667,0.08329999999999999,True,False,1.0,False,False,False
2020-12-02T23:00:00+08:00,197.5225,-4.0,6.3,0.36666666666666664,0.1309,True,False,1.0,False,False,False
2020-12-03T00:00:00+08:00,208.685,-4.0,6.2,0.35555555555555557,0.22469999999999998,True,False,1.0,False,False,False
2020-12-03T01:00:00+08:00,200.3075,-3.6,11.7,0.9666666666666666,0.2975,True,False,1.0,False,False,False
2020-12-03T02:00:00+08:00,192.375,-3.2,9.3,0.7000000000000001,0.3801,True,False,1.0,False,False,False
2020-12-03T03:00:00+08:00,192.035,-2.9,10.4,0.8222222222222223,0.45849999999999996,True,False,1.0,False,False,False
2020-12-03T04:00:00+08:00,191.4875,-2.4,7.9,0.5444444444444445,0.5327,True,False,1.0,False,False,False
2020-12-03T05:00:00+08:00,196.585,-1.7,4.4,0.15555555555555559,0.5656,True,False,1.0,False,False,False
2020-12-03T06:00:00+08:00,189.1675,-0.8,1.7,0.0,0.6096999999999999,True,False,1.0,False,False,False
2020-12-03T07:00:00+08:00,199.055,0.1,1.5,0.0,0.6272,True,False,1.0,False,False,False
2020-12-03T08:00:00+08:00,192.92,0.8,1.3,0.0,0.623,True,False,1.0,False,False,False
2020-12-03T09:00:00+08:00,196.685,2.4,0.9,0.0,0.5978,True,False,1.0,False,False,False
2020-12-03T10:00:00+08:00,221.85,0.1,2.3,0.0,0.5537,True,False,1.0,False,False,False
2020-12-03T11:00:00+08:00,214.865,0.7,1.9,0.0,0.49279999999999996,True,False,1.0,False,False,False
2020-12-03T12:00:00+08:00,203.61,1.2,2.5,0.0,0.4221,True,False,1.0,False,False,False
2020-12-03T13:00:00+08:00,192.435,1.0,2.6,0.0,0.3444,True,False,1.0,False,False,False
2020-12-03T14:00:00+08:00,193.205,0.2,0.5,0.0,0.2646,True,False,1.0,False,False,False
2020-12-03T15:00:00+08:00,199.24,-0.5,0.0,0.0,0.1911,True,False,1.0,False,False,False
2020-12-03T16:00:00+08:00,237.21,-1.3,0.7,0.0,0.1281,True,False,1.0,False,False,False
2020-12-03T17:00:00+08:00,208.235,-3.8,0.9,0.0,0.0812,True,False,1.0,False,False,False
2020-12-03T18:00:00+08:00,198.795,-6.1,0.2,0.0,0.0532,True,False,1.0,False,False,False
2020-12-03T19:00:00+08:00,203.74,-6.8,3.1,0.01111111111111112,0.042699999999999995,True,False,1.0,False,False,False
2020-12-03T20:00:00+08:00,193.575,-6.5,2.8,0.0,0.0469,True,False,1.0,False,False,False
2020-12-03T21:00:00+08:00,200.755,-6.5,3.7,0.07777777777777779,0.0679,True,False,1.0,False,False,False
2020-12-03T22:00:00+08:00,188.42,-6.5,4.4,0.15555555555555559,0.1064,True,False,1.0,False,False,False
2020-12-03T23:00:00+08:00,200.25,-4.6,8.2,0.5777777777777777,0.161,True,False,1.0,False,False,False
2020-12-04T00:00:00+08:00,210.715,-3.7,8.4,0.6000000000000001,0.2296,True,False,1.0,False,False,False
2020-12-04T01:00:00+08:00,216.12,-3.7,6.6,0.39999999999999997,0.30519999999999997,True,False,1.0,False,False,False
2020-12-04T02:00:00+08:00,204.09,-3.4,5.9,0.32222222222222224,0.3836,True,False,1.0,False,False,False
2020-12-04T03:00:00+08:00,199.14,-2.6,6.6,0.39999999999999997,0.45849999999999996,True,False,1.0,False,False,False
2020-12-04T04:00:00+08:00,193.08,-2.3,2.7,0.0,0.5243,True,False,1.0,False,False,False
2020-12-04T05:00:00+08:00,189.54,-1.2,2.4,0.0,0.5768,True,False,1.0,False,False,False
2020-12-04T06:00:00+08:00,196.13,-0.6,1.5,0.0,0.6124999999999999,True,False,1.0,False,False,False
2020-12-04T07:00:00+08:00,203.715,-0.4,2.8,0.0,0.6293,True,False,1.0,False,False,False
2020-12-04T08:00:00+08:00,200.25,-0.1,2.4,0.0,0.6251,True,False,1.0,False,False,False
2020-12-04T09:00:00+08:00,189.86,0.9,2.2,0.0,0.5999,True,False,1.0,False,False,False
2020-12-04T10:00:00+08:00,217.545,2.4,1.1,0.0,0.5565,True,False,1.0,False,False,False
2020-12-04T11:00:00+08:00,203.955,1.2,2.2,0.0,0.4976999999999999,True,False,1.0,False,False,False
2020-12-04T12:00:00+08:00,193.845,-0.4,3.2,0.02222222222222224,0.4256,True,False,1.0,False,False,False
2020-12-04T13:00:00+08:00,188.72,0.5,2.8,0.0,0.3479,True,False,1.0,False,False,False
2020-12-04T14:00:00+08:00,197.08,0.7,0.2,0.0,0.2681,True,False,1.0,False,False,False
2020-12-04T15:00:00+08:00,205.1,0.6,1.4,0.0,0.19390000000000002,True,False,1.0,False,False,False
2020-12-04T16:00:00+08:00,219.6075,-1.0,1.7,0.0,0.1309,True,False,1.0,False,False,False
2020-12-04T17:00:00+08:00,206.565,-2.6,2.2,0.0,0.08399999999999999,True,False,1.0,False,False,False
2020-12-04T18:00:00+08:00,192.9525,-4.8,4.7,0.1888888888888889,0.055299999999999995,True,False,1.0,False,False,False
2020-12-04T19:00:00+08:00,188.2375,-3.6,7.8,0.5333333333333333,0.0441,True,False,1.0,False,False,False
2020-12-04T20:00:00+08:00,187.515,-4.4,8.0,0.5555555555555556,0.049,True,False,1.0,False,False,False
2020-12-04T21:00:00+08:00,193.455,-5.6,5.8,0.3111111111111111,0.06999999999999999,True,False,1.0,False,False,False
2020-12-04T22:00:00+08:00,195.805,-4.6,8.7,0.6333333333333333,0.10779999999999999,True,False,1.0,False,False,False
2020-12-04T23:00:00+08:00,187.8125,-4.5,7.5,0.5,0.1624,True,False,1.0,False,False,False
2020-12-05T00:00:00+08:00,188.695,-4.3,6.9,0.43333333333333335,0.2303,True,False,1.0,False,False,False
2020-12-05T01:00:00+08:00,198.28,-4.9,3.8,0.08888888888888886,0.3059,True,False,1.0,False,False,False
2020-12-05T02:00:00+08:00,189.36,-3.9,2.7,0.0,0.38430000000000003,True,False,1.0,False,False,False
2020-12-05T03:00:00+08:00,197.265,-3.1,1.8,0.0,0.4599,True,False,1.0,False,False,False
2020-12-05T04:00:00+08:00,195.62,-0.6,0.9,0.0,0.5257,True,False,1.0,False,False,False
2020-12-05T05:00:00+08:00,192.8925,1.1,0.5,0.0,0.5768,True,False,1.0,False,False,False
2020-12-05T06:00:00+08:00,196.9475,1.6,0.6,0.0,0.6111,True,False,1.0,False,False,False
2020-12-05T07:00:00+08:00,209.4775,2.8,1.3,0.0,0.6265,True,False,1.0,False,False,False
2020-12-05T08:00:00+08:00,188.7175,2.8,0.7,0.0,0.6223,True,False,1.0,False,False,False
2020-12-05T09:00:00+08:00,202.5375,0.9,1.7,0.0,0.5971,True,False,1.0,False,False,False
2020-12-05T10:00:00+08:00,209.9225,0.7,2.6,0.0,0.5537,True,False,1.0,False,False,False
2020-12-05T11:00:00+08:00,205.68,1.3,3.0,0.0,0.49489999999999995,True,False,1.0,False,False,False
2020-12-05T12:00:00+08:00,201.6275,1.7,2.3,0.0,0.42489999999999994,True,False,1.0,False,False,False
2020-12-05T13:00:00+08:00,188.1375,3.6,0.7,0.0,0.34859999999999997,True,False,1.0,False,False,False
2020-12-05T14:00:00+08:00,201.8775,2.2,0.8,0.0,0.26949999999999996,True,False,1.0,False,False,False
2020-12-05T15:00:00+08:00,209.07,-0.3,4.4,0.15555555555555559,0.1967,True,False,1.0,False,False,False
2020-12-05T16:00:00+08:00,223.7525,-1.1,9.1,0.6777777777777777,0.13369999999999999,True,False,1.0,False,False,False
2020-12-05T17:00:00+08:00,217.9875,-2.7,10.9,0.8777777777777778,0.08679999999999999,True,False,1.0,False,False,False
2020-12-05T18:00:00+08:00,200.125,-3.7,10.7,0.8555555555555555,0.0581,True,False,1.0,False,False,False
2020-12-05T19:00:00+08:00,205.5675,-4.3,10.9,0.8777777777777778,0.0469,True,False,1.0,False,False,False
2020-12-05T20:00:00+08:00,201.83,-4.7,10.7,0.8555555555555555,0.05109999999999999,True,False,1.0,False,False,False
2020-12-05T21:00:00+08:00,218.72,-4.8,9.5,0.7222222222222222,0.0721,True,False,1.0,False,False,False
2020-12-05T22:00:00+08:00,221.94,-4.7,10.1,0.7888888888888889,0.1085,True,False,1.0,False,False,False
2020-12-05T23:00:00+08:00,205.165,-4.8,10.5,0.8333333333333334,0.1351,True,False,1.0,False,False,False
2020-12-06T00:00:00+08:00,197.3525,-4.4,10.6,0.8444444444444444,0.23099999999999998,True,False,1.0,False,False,False
2020-12-06T01:00:00+08:00,198.5125,-4.3,10.1,0.7888888888888889,0.3087,True,False,1.0,False,False,False
2020-12-06T02:00:00+08:00,197.49,-3.8,7.2,0.4666666666666667,0.3864,True,False,1.0,False,False,False
2020-12-06T03:00:00+08:00,198.24,-2.8,4.6,0.17777777777777773,0.4599,True,False,1.0,False,False,False
2020-12-06T04:00:00+08:00,203.205,-1.8,3.8,0.08888888888888886,0.5243,True,False,1.0,False,False,False
2020-12-06T05:00:00+08:00,192.21,-1.5,3.3,0.03333333333333331,0.5690999999999999,True,False,1.0,False,False,False
2020-12-06T06:00:00+08:00,204.605,-0.3,1.3,0.0,0.588,True,False,1.0,False,False,False
2020-12-06T07:00:00+08:00,202.69,0.0,2.0,0.0,0.5607,True,False,1.0,False,False,False
2020-12-06T08:00:00+08:00,188.69,1.8,0.8,0.0,0.5523,True,False,1.0,False,False,False
2020-12-06T09:00:00+08:00,201.955,2.5,0.6,0.0,0.5663,True,False,1.0,False,False,False
2020-12-06T10:00:00+08:00,217.135,2.4,2.0,0.0,0.5516,True,False,1.0,False,False,False
2020-12-06T11:00:00+08:00,213.465,2.5,0.9,0.0,0.49559999999999993,True,False,1.0,False,False,False
2020-12-06T12:00:00+08:00,195.015,3.1,1.1,0.0,0.39130000000000004,True,False,1.0,False,False,False
2020-12-06T13:00:00+08:00,202.04,0.9,1.5,0.0,0.3423,True,False,1.0,False,False,False
2020-12-06T14:00:00+08:00,199.715,0.3,1.7,0.0,0.2653,True,False,1.0,False,False,False
2020-12-06T15:00:00+08:00,210.2,0.4,1.4,0.0,0.1848,True,False,1.0,False,False,False
2020-12-06T16:00:00+08:00,235.485,-0.7,4.0,0.1111111111111111,0.14489999999999997,True,False,1.0,False,False,False
2020-12-06T17:00:00+08:00,219.795,-0.9,1.3,0.0,0.07139999999999999,True,False,1.0,False,False,False
2020-12-06T18:00:00+08:00,215.89,-1.3,6.7,0.41111111111111115,0.0595,True,False,1.0,False,False,False
2020-12-06T19:00:00+08:00,225.71,-2.0,4.8,0.19999999999999998,0.06649999999999999,True,False,1.0,False,False,False
2020-12-06T20:00:00+08:00,214.8,-2.5,1.9,0.0,0.0476,True,False,1.0,False,False,False
2020-12-06T21:00:00+08:00,208.625,-2.6,2.1,0.0,0.077,True,False,1.0,False,False,False
2020-12-06T22:00:00+08:00,213.245,-2.7,1.5,0.0,0.105,True,False,1.0,False,False,False
2020-12-06T23:00:00+08:00,188.995,-2.2,1.1,0.0,0.1603,True,False,1.0,False,False,False
2020-12-07T00:00:00+08:00,196.43,-1.7,1.1,0.0,0.2345,True,False,1.0,False,False,False
2020-12-07T01:00:00+08:00,204.11,-2.1,3.5,0.05555555555555555,0.3087,True,False,1.0,False,False,False
2020-12-07T02:00:00+08:00,186.995,-1.2,3.7,0.07777777777777779,0.3864,True,False,1.0,False,False,False
2020-12-07T03:00:00+08:00,188.155,-0.7,6.5,0.3888888888888889,0.4599,True,False,1.0,False,False,False
2020-12-07T04:00:00+08:00,190.755,-0.5,4.6,0.17777777777777773,0.5249999999999999,True,False,1.0,False,False,False
2020-12-07T05:00:00+08:00,193.195,0.0,4.0,0.1111111111111111,0.5761,True,False,1.0,False,False,False
2020-12-07T06:00:00+08:00,205.305,0.9,2.7,0.0,0.6111,True,False,1.0,False,False,False
2020-12-07T07:00:00+08:00,219.415,1.4,2.7,0.0,0.6272,True,False,1.0,False,False,False
2020-12-07T08:00:00+08:00,195.905,2.5,1.4,0.0,0.623,True,False,1.0,False,False,False
2020-12-07T09:00:00+08:00,204.85,3.5,0.9,0.0,0.5984999999999999,True,False,1.0,False,False,False
2020-12-07T10:00:00+08:00,228.73,4.1,1.2,0.0,0.5558,True,False,1.0,False,False,False
2020-12-07T11:00:00+08:00,201.1475,4.2,0.6,0.0,0.49699999999999994,True,False,1.0,False,False,False
2020-12-07T12:00:00+08:00,192.875,4.0,0.1,0.0,0.42769999999999997,True,False,1.0,False,False,False
2020-12-07T13:00:00+08:00,197.3775,3.3,0.6,0.0,0.35069999999999996,True,False,1.0,False,False,False
2020-12-07T14:00:00+08:00,191.4325,1.0,2.5,0.0,0.2723,True,False,1.0,False,False,False
2020-12-07T15:00:00+08:00,197.34,-0.4,2.0,0.0,0.1967,True,False,1.0,False,False,False
2020-12-07T16:00:00+08:00,224.3025,-1.2,2.6,0.0,0.0861,True,False,1.0,False,False,False
2020-12-07T17:00:00+08:00,206.48,-1.9,3.5,0.05555555555555555,0.0798,True,False,1.0,False,False,False
2020-12-07T18:00:00+08:00,193.8625,-2.5,1.6,0.0,0.06999999999999999,True,False,1.0,False,False,False
2020-12-07T19:00:00+08:00,199.76,-3.0,3.2,0.02222222222222224,0.055999999999999994,True,False,1.0,False,False,False
2020-12-07T20:00:00+08:00,199.3575,-3.2,3.8,0.08888888888888886,0.0462,True,False,1.0,False,False,False
2020-12-07T21:00:00+08:00,189.97,-2.9,3.7,0.07777777777777779,0.0812,True,False,1.0,False,False,False
2020-12-07T22:00:00+08:00,197.41,-2.6,4.8,0.19999999999999998,0.1148,True,False,1.0,False,False,False
2020-12-07T23:00:00+08:00,187.7775,-2.5,7.6,0.5111111111111111,0.1659,True,False,1.0,False,False,False
2020-12-08T00:00:00+08:00,202.215,-2.5,7.6,0.5111111111111111,0.2401,True,False,1.0,False,False,False
2020-12-08T01:00:00+08:00,190.4,-1.9,6.0,0.3333333333333333,0.3101,True,False,1.0,False,False,False
2020-12-08T02:00:00+08:00,191.8225,-2.0,10.5,0.8333333333333334,0.3871,True,False,1.0,False,False,False
2020-12-08T03:00:00+08:00,204.01,-1.8,6.1,0.3444444444444444,0.46199999999999997,True,False,1.0,False,False,False
2020-12-08T04:00:00+08:00,199.23,-1.6,3.8,0.08888888888888886,0.5243,True,False,1.0,False,False,False
2020-12-08T05:00:00+08:00,193.46,-1.4,5.4,0.2666666666666667,0.5768,True,False,1.0,False,False,False
2020-12-08T06:00:00+08:00,195.65,-1.5,4.8,0.19999999999999998,0.6111,True,False,1.0,False,False,False
2020-12-08T07:00:00+08:00,199.5475,-1.4,8.8,0.6444444444444445,0.6265,True,False,1.0,False,False,False
2020-12-08T08:00:00+08:00,198.975,-0.7,6.6,0.39999999999999997,0.6215999999999999,True,False,1.0,False,False,False
2020-12-08T09:00:00+08:00,199.69,-0.5,3.2,0.02222222222222224,0.5971,True,False,1.0,False,False,False
2020-12-08T10:00:00+08:00,209.1875,0.3,3.5,0.05555555555555555,0.5551,True,False,1.0,False,False,False
2020-12-08T11:00:00+08:00,208.4475,0.6,2.2,0.0,0.4976999999999999,True,False,1.0,False,False,False
2020-12-08T12:00:00+08:00,189.9175,1.0,0.0,0.0,0.4291,True,False,1.0,False,False,False
2020-12-08T13:00:00+08:00,194.93,0.1,1.4,0.0,0.3528,True,False,1.0,False,False,False
2020-12-08T14:00:00+08:00,203.6425,0.9,1.2,0.0,0.2751,True,False,1.0,False,False,False
2020-12-08T15:00:00+08:00,206.97,-0.2,3.3,0.03333333333333331,0.20299999999999999,True,False,1.0,False,False,False
2020-12-08T16:00:00+08:00,224.515,-1.5,4.1,0.12222222222222218,0.1414,True,False,1.0,False,False,False
2020-12-08T17:00:00+08:00,201.445,-2.7,2.1,0.0,0.0945,True,False,1.0,False,False,False
2020-12-08T18:00:00+08:00,214.1775,-2.5,6.5,0.3888888888888889,0.0644,True,False,1.0,False,False,False
2020-12-08T19:00:00+08:00,194.0975,-3.0,9.2,0.6888888888888888,0.0525,True,False,1.0,False,False,False
2020-12-08T20:00:00+08:00,205.6625,-3.3,8.7,0.6333333333333333,0.0567,True,False,1.0,False,False,False
2020-12-08T21:00:00+08:00,206.555,-3.8,8.6,0.6222222222222222,0.07769999999999999,True,False,1.0,False,False,False
2020-12-08T22:00:00+08:00,196.785,-4.2,8.6,0.6222222222222222,0.1162,True,False,1.0,False,False,False
2020-12-08T23:00:00+08:00,196.395,-4.7,8.9,0.6555555555555556,0.17009999999999997,True,False,1.0,False,False,False
2020-12-09T00:00:00+08:00,198.685,-4.5,7.9,0.5444444444444445,0.2373,True,False,1.0,False,False,False
2020-12-09T01:00:00+08:00,203.08,-4.5,9.7,0.7444444444444444,0.3115,True,False,1.0,False,False,False
2020-12-09T02:00:00+08:00,188.18,-4.7,9.0,0.6666666666666666,0.3885,True,False,1.0,False,False,False
2020-12-09T03:00:00+08:00,192.415,-4.3,7.4,0.48888888888888893,0.46199999999999997,True,False,1.0,False,False,False
2020-12-09T04:00:00+08:00,195.475,-3.2,5.3,0.25555555555555554,0.5257,True,False,1.0,False,False,False
2020-12-09T05:00:00+08:00,190.7,-2.7,5.1,0.23333333333333328,0.5768,True,False,1.0,False,False,False
2020-12-09T06:00:00+08:00,218.425,-2.5,4.4,0.15555555555555559,0.6118,True,False,1.0,False,False,False
2020-12-09T07:00:00+08:00,195.785,-2.0,4.1,0.12222222222222218,0.6272,True,False,1.0,False,False,False
2020-12-09T08:00:00+08:00,196.025,-1.7,4.2,0.13333333333333336,0.623,True,False,1.0,False,False,False
2020-12-09T09:00:00+08:00,208.59,-1.2,3.6,0.06666666666666668,0.5978,True,False,1.0,False,False,False
2020-12-09T10:00:00+08:00,222.95,-0.4,3.5,0.05555555555555555,0.5558,True,False,1.0,False,False,False
2020-12-09T11:00:00+08:00,197.67,-0.4,3.7,0.07777777777777779,0.4976999999999999,True,False,1.0,False,False,False
2020-12-09T12:00:00+08:00,194.805,-0.7,3.9,0.09999999999999999,0.4291,True,False,1.0,False,False,False
2020-12-09T13:00:00+08:00,201.73,-1.7,2.3,0.0,0.35419999999999996,True,False,1.0,False,False,False
2020-12-09T14:00:00+08:00,193.355,-1.5,2.8,0.0,0.27649999999999997,True,False,1.0,False,False,False
2020-12-09T15:00:00+08:00,214.015,-2.2,3.3,0.03333333333333331,0.20509999999999998,True,False,1.0,False,False,False
2020-12-09T16:00:00+08:00,227.81,-3.7,3.6,0.06666666666666668,0.14279999999999998,True,False,1.0,False,False,False
2020-12-09T17:00:00+08:00,200.8125,-4.4,3.0,0.0,0.0952,True,False,1.0,False,False,False
2020-12-09T18:00:00+08:00,205.1125,-5.6,3.6,0.06666666666666668,0.0658,True,False,1.0,False,False,False
2020-12-09T19:00:00+08:00,192.47,-5.5,4.5,0.16666666666666666,0.053899999999999997,True,False,1.0,False,False,False
2020-12-09T20:00:00+08:00,191.9625,-6.2,2.8,0.0,0.049699999999999994,True,False,1.0,False,False,False
2020-12-09T21:00:00+08:00,198.705,-6.1,3.5,0.05555555555555555,0.0784,True,False,1.0,False,False,False
2020-12-09T22:00:00+08:00,210.54,-5.5,5.0,0.2222222222222222,0.12179999999999998,True,False,1.0,False,False,False
2020-12-09T23:00:00+08:00,192.07,-5.8,5.4,0.2666666666666667,0.10149999999999999,True,False,1.0,False,False,False
2020-12-10T00:00:00+08:00,196.5525,-5.0,3.8,0.08888888888888886,0.1757,True,False,1.0,False,False,False
2020-12-10T01:00:00+08:00,188.765,-4.1,3.4,0.04444444444444443,0.22399999999999998,True,False,1.0,False,False,False
2020-12-10T02:00:00+08:00,189.59,-3.4,3.4,0.04444444444444443,0.2723,True,False,1.0,False,False,False
2020-12-10T03:00:00+08:00,199.5175,-2.9,2.2,0.0,0.3227,True,False,1.0,False,False,False
2020-12-10T04:00:00+08:00,188.08,-1.7,4.3,0.14444444444444443,0.38430000000000003,True,False,1.0,False,False,False
2020-12-10T05:00:00+08:00,191.3125,-1.9,3.9,0.09999999999999999,0.5228999999999999,True,False,1.0,False,False,False
2020-12-10T06:00:00+08:00,209.9075,-1.1,2.3,0.0,0.602,True,False,1.0,False,False,False
2020-12-10T07:00:00+08:00,206.785,0.2,1.7,0.0,0.6026999999999999,True,False,1.0,False,False,False
2020-12-10T08:00:00+08:00,201.875,1.2,2.1,0.0,0.6139,True,False,1.0,False,False,False
2020-12-10T09:00:00+08:00,213.225,1.3,2.3,0.0,0.6202,True,False,1.0,False,False,False
2020-12-10T10:00:00+08:00,228.1525,1.7,1.9,0.0,0.5621,True,False,1.0,False,False,False
2020-12-10T11:00:00+08:00,205.305,1.2,1.8,0.0,0.49139999999999995,True,False,1.0,False,False,False
2020-12-10T12:00:00+08:00,194.65,1.8,1.3,0.0,0.42979999999999996,True,False,1.0,False,False,False
2020-12-10T13:00:00+08:00,190.4375,1.0,1.9,0.0,0.3549,True,False,1.0,False,False,False
2020-12-10T14:00:00+08:00,193.6275,-1.2,1.7,0.0,0.2772,True,False,1.0,False,False,False
2020-12-10T15:00:00+08:00,210.095,-1.8,2.3,0.0,0.20579999999999998,True,False,1.0,False,False,False
2020-12-10T16:00:00+08:00,217.295,-2.1,1.5,0.0,0.1435,True,False,1.0,False,False,False
2020-12-10T17:00:00+08:00,202.145,-2.4,0.7,0.0,0.0966,True,False,1.0,False,False,False
2020-12-10T18:00:00+08:00,201.62,-3.7,0.0,0.0,0.0679,True,False,1.0,False,False,False
2020-12-10T19:00:00+08:00,198.945,-4.8,2.6,0.0,0.055299999999999995,True,False,1.0,False,False,False
2020-12-10T20:00:00+08:00,193.33,-4.4,1.3,0.0,0.055299999999999995,True,False,1.0,False,False,False
2020-12-10T21:00:00+08:00,213.535,-4.2,1.2,0.0,0.0735,True,False,1.0,False,False,False
2020-12-10T22:00:00+08:00,207.635,-4.2,3.0,0.0,0.06369999999999999,True,False,1.0,False,False,False
2020-12-10T23:00:00+08:00,195.495,-4.1,3.0,0.0,0.1596,True,False,1.0,False,False,False
2020-12-11T00:00:00+08:00,196.82,-3.8,4.1,0.12222222222222218,0.2261,True,False,1.0,False,False,False
2020-12-11T01:00:00+08:00,188.555,-3.7,3.8,0.08888888888888886,0.3136,True,False,1.0,False,False,False
2020-12-11T02:00:00+08:00,197.865,-3.6,1.7,0.0,0.3899,True,False,1.0,False,False,False
2020-12-11T03:00:00+08:00,187.73,-3.7,3.3,0.03333333333333331,0.46199999999999997,True,False,1.0,False,False,False
2020-12-11T04:00:00+08:00,187.5,-3.6,2.8,0.0,0.5249999999999999,True,False,1.0,False,False,False
2020-12-11T05:00:00+08:00,196.37,-3.3,2.1,0.0,0.5753999999999999,True,False,1.0,False,False,False
2020-12-11T06:00:00+08:00,211.145,-2.5,2.8,0.0,0.6096999999999999,True,False,1.0,False,False,False
2020-12-11T07:00:00+08:00,200.925,-2.8,2.7,0.0,0.6251,True,False,1.0,False,False,False
2020-12-11T08:00:00+08:00,195.205,-3.2,3.9,0.09999999999999999,0.6215999999999999,True,False,1.0,False,False,False
2020-12-11T09:00:00+08:00,213.53,-3.1,5.2,0.24444444444444446,0.5978,True,False,1.0,False,False,False
2020-12-11T10:00:00+08:00,217.4,-2.9,3.0,0.0,0.5565,True,False,1.0,False,False,False
2020-12-11T11:00:00+08:00,202.23,-2.1,1.3,0.0,0.49909999999999993,True,False,1.0,False,False,False
2020-12-11T12:00:00+08:00,205.995,-0.8,1.1,0.0,0.43119999999999997,True,False,1.0,False,False,False
2020-12-11T13:00:00+08:00,199.96,-0.1,1.3,0.0,0.3563,True,False,1.0,False,False,False
2020-12-11T14:00:00+08:00,193.43,-2.4,2.7,0.0,0.2793,True,False,1.0,False,False,False
2020-12-11T15:00:00+08:00,216.49,-2.8,2.1,0.0,0.20789999999999997,True,False,1.0,False,False,False
2020-12-11T16:00:00+08:00,230.08,-3.7,3.0,0.0,0.14629999999999999,True,False,1.0,False,False,False
2020-12-11T17:00:00+08:00,212.76,-4.2,2.7,0.0,0.09869999999999998,True,False,1.0,False,False,False
2020-12-11T18:00:00+08:00,198.915,-5.5,2.2,0.0,0.0693,True,False,1.0,False,False,False
2020-12-11T19:00:00+08:00,208.015,-7.0,0.9,0.0,0.0567,True,False,1.0,False,False,False
2020-12-11T20:00:00+08:00,208.175,-8.3,1.2,0.0,0.06089999999999999,True,False,1.0,False,False,False
2020-12-11T21:00:00+08:00,195.725,-8.1,0.9,0.0,0.08259999999999999,True,False,1.0,False,False,False
2020-12-11T22:00:00+08:00,202.355,-8.2,1.2,0.0,0.12039999999999998,True,False,1.0,False,False,False
2020-12-11T23:00:00+08:00,207.685,-7.1,0.9,0.0,0.17429999999999998,True,False,1.0,False,False,False
2020-12-12T00:00:00+08:00,194.9225,-6.8,1.4,0.0,0.24079999999999996,True,False,1.0,False,False,False
2020-12-12T01:00:00+08:00,191.1625,-5.1,1.5,0.0,0.31429999999999997,True,False,1.0,False,False,False
2020-12-12T02:00:00+08:00,189.35,-5.4,1.5,0.0,0.3906,True,False,1.0,False,False,False
2020-12-12T03:00:00+08:00,187.4625,-4.1,1.4,0.0,0.4627,True,False,1.0,False,False,False
2020-12-12T04:00:00+08:00,198.7775,-3.5,1.9,0.0,0.5264,True,False,1.0,False,False,False
2020-12-12T05:00:00+08:00,208.53,-4.5,1.9,0.0,0.5768,True,False,1.0,False,False,False
2020-12-12T06:00:00+08:00,213.515,-4.2,1.9,0.0,0.6118,True,False,1.0,False,False,False
2020-12-12T07:00:00+08:00,197.475,-3.6,3.5,0.05555555555555555,0.6279,True,False,1.0,False,False,False
2020-12-12T08:00:00+08:00,194.1825,-2.6,3.1,0.01111111111111112,0.6244,True,False,1.0,False,False,False
2020-12-12T09:00:00+08:00,215.1175,-1.0,2.6,0.0,0.6005999999999999,True,False,1.0,False,False,False
2020-12-12T10:00:00+08:00,214.72,-1.2,1.6,0.0,0.5593,True,False,1.0,False,False,False
2020-12-12T11:00:00+08:00,196.705,-0.6,1.5,0.0,0.5018999999999999,True,False,1.0,False,False,False
2020-12-12T12:00:00+08:00,192.1275,-0.8,1.8,0.0,0.43329999999999996,True,False,1.0,False,False,False
2020-12-12T13:00:00+08:00,192.205,-1.3,1.8,0.0,0.3584,True,False,1.0,False,False,False
2020-12-12T14:00:00+08:00,192.17,-2.2,2.7,0.0,0.2814,True,False,1.0,False,False,False
2020-12-12T15:00:00+08:00,209.06,-3.2,4.4,0.15555555555555559,0.20929999999999999,True,False,1.0,False,False,False
2020-12-12T16:00:00+08:00,220.1175,-3.3,3.2,0.02222222222222224,0.147,True,False,1.0,False,False,False
2020-12-12T17:00:00+08:00,203.1025,-3.0,5.4,0.2666666666666667,0.09939999999999999,True,False,1.0,False,False,False
2020-12-12T18:00:00+08:00,199.95,-3.3,4.1,0.12222222222222218,0.0693,True,False,1.0,False,False,False
2020-12-12T19:00:00+08:00,200.78,-3.5,6.8,0.4222222222222222,0.0595,True,False,1.0,False,False,False
2020-12-12T20:00:00+08:00,188.515,-3.4,7.8,0.5333333333333333,0.0329,True,False,1.0,False,False,False
2020-12-12T21:00:00+08:00,194.2,-3.7,8.0,0.5555555555555556,0.0441,True,False,1.0,False,False,False
2020-12-12T22:00:00+08:00,201.57,-3.9,8.0,0.5555555555555556,0.0686,True,False,1.0,False,False,False
2020-12-12T23:00:00+08:00,190.7475,-3.9,7.9,0.5444444444444445,0.10079999999999999,True,False,1.0,False,False,False
2020-12-13T00:00:00+08:00,195.63,-3.6,8.3,0.588888888888889,0.1477,True,False,1.0,False,False,False
2020-12-13T01:00:00+08:00,187.7225,-3.4,8.7,0.6333333333333333,0.21139999999999998,True,False,1.0,False,False,False
2020-12-13T02:00:00+08:00,193.975,-3.2,9.7,0.7444444444444444,0.2751,True,False,1.0,False,False,False
2020-12-13T03:00:00+08:00,189.875,-2.6,9.7,0.7444444444444444,0.34719999999999995,True,False,1.0,False,False,False
2020-12-13T04:00:00+08:00,188.4725,-1.8,8.2,0.5777777777777777,0.4648,True,False,1.0,False,False,False
2020-12-13T05:00:00+08:00,202.32,-1.1,6.3,0.36666666666666664,0.5599999999999999,True,False,1.0,False,False,False
2020-12-13T06:00:00+08:00,211.865,-0.6,5.1,0.23333333333333328,0.6391,True,False,1.0,False,False,False
2020-12-13T07:00:00+08:00,190.7425,-0.4,4.6,0.17777777777777773,0.6419,True,False,1.0,False,False,False
2020-12-13T08:00:00+08:00,191.3625,0.0,3.3,0.03333333333333331,0.6355999999999999,True,False,1.0,False,False,False
2020-12-13T09:00:00+08:00,214.25,1.1,1.7,0.0,0.6083,True,False,1.0,False,False,False
2020-12-13T10:00:00+08:00,218.59,2.4,2.0,0.0,0.5649,True,False,1.0,False,False,False
2020-12-13T11:00:00+08:00,200.33,2.8,1.1,0.0,0.5075,True,False,1.0,False,False,False
2020-12-13T12:00:00+08:00,189.795,0.1,2.1,0.0,0.4375,True,False,1.0,False,False,False
2020-12-13T13:00:00+08:00,189.155,-0.2,2.5,0.0,0.36119999999999997,True,False,1.0,False,False,False
2020-12-13T14:00:00+08:00,200.015,-0.9,1.8,0.0,0.2835,True,False,1.0,False,False,False
2020-12-13T15:00:00+08:00,214.21,0.3,0.5,0.0,0.21069999999999997,True,False,1.0,False,False,False
2020-12-13T16:00:00+08:00,203.78,-0.4,2.0,0.0,0.14839999999999998,True,False,1.0,False,False,False
2020-12-13T17:00:00+08:00,199.05,-2.1,3.0,0.0,0.10079999999999999,True,False,1.0,False,False,False
2020-12-13T18:00:00+08:00,195.585,-3.0,1.8,0.0,0.0707,True,False,1.0,False,False,False
2020-12-13T19:00:00+08:00,200.565,-3.0,4.9,0.21111111111111114,0.0574,True,False,1.0,False,False,False
2020-12-13T20:00:00+08:00,197.81,-2.4,7.3,0.47777777777777775,0.061599999999999995,True,False,1.0,False,False,False
2020-12-13T21:00:00+08:00,202.19,-3.0,7.0,0.4444444444444444,0.08259999999999999,True,False,1.0,False,False,False
2020-12-13T22:00:00+08:00,197.835,-3.0,8.3,0.588888888888889,0.12109999999999999,True,False,1.0,False,False,False
2020-12-13T23:00:00+08:00,194.075,-2.9,9.5,0.7222222222222222,0.175,True,False,1.0,False,False,False
2020-12-14T00:00:00+08:00,190.895,-3.3,9.3,0.7000000000000001,0.24149999999999996,True,False,1.0,False,False,False
2020-12-14T01:00:00+08:00,190.28,-2.8,7.8,0.5333333333333333,0.315,True,False,1.0,False,False,False
2020-12-14T02:00:00+08:00,186.59,-2.3,7.6,0.5111111111111111,0.3906,True,False,1.0,False,False,False
2020-12-14T03:00:00+08:00,190.355,-2.2,8.2,0.5777777777777777,0.4641,True,False,1.0,False,False,False
2020-12-14T04:00:00+08:00,197.7,-1.8,8.0,0.5555555555555556,0.5271,True,False,1.0,False,False,False
2020-12-14T05:00:00+08:00,203.305,-1.2,7.2,0.4666666666666667,0.5774999999999999,True,False,1.0,False,False,False
2020-12-14T06:00:00+08:00,214.095,-1.2,5.7,0.30000000000000004,0.6124999999999999,True,False,1.0,False,False,False
2020-12-14T07:00:00+08:00,198.63,-1.0,4.0,0.1111111111111111,0.6293,True,False,1.0,False,False,False
2020-12-14T08:00:00+08:00,198.81,-0.5,4.2,0.13333333333333336,0.6258,True,False,1.0,False,False,False
2020-12-14T09:00:00+08:00,207.175,0.4,2.9,0.0,0.6026999999999999,True,False,1.0,False,False,False
2020-12-14T10:00:00+08:00,224.45,0.2,3.9,0.09999999999999999,0.5614,True,False,1.0,False,False,False
2020-12-14T11:00:00+08:00,195.34,0.2,3.2,0.02222222222222224,0.504,True,False,1.0,False,False,False
2020-12-14T12:00:00+08:00,191.945,-0.2,2.8,0.0,0.4361,True,False,1.0,False,False,False
2020-12-14T13:00:00+08:00,186.33,1.6,0.8,0.0,0.3626,True,False,1.0,False,False,False
2020-12-14T14:00:00+08:00,219.405,2.6,0.8,0.0,0.2842,True,False,1.0,False,False,False
2020-12-14T15:00:00+08:00,218.335,0.9,1.1,0.0,0.21209999999999998,True,False,1.0,False,False,False
2020-12-14T16:00:00+08:00,228.17,-0.2,2.1,0.0,0.1505,True,False,1.0,False,False,False
2020-12-14T17:00:00+08:00,202.75,-0.3,1.6,0.0,0.10219999999999999,True,False,1.0,False,False,False
2020-12-14T18:00:00+08:00,200.99,-0.6,3.4,0.04444444444444443,0.0721,True,False,1.0,False,False,False
2020-12-14T19:00:00+08:00,202.395,-1.8,1.8,0.0,0.0588,True,False,1.0,False,False,False
2020-12-14T20:00:00+08:00,207.9125,-2.2,2.4,0.0,0.063,True,False,1.0,False,False,False
2020-12-14T21:00:00+08:00,198.9425,-2.5,2.3,0.0,0.08329999999999999,True,False,1.0,False,False,False
2020-12-14T22:00:00+08:00,195.4725,-2.0,0.5,0.0,0.12109999999999999,True,False,1.0,False,False,False
2020-12-14T23:00:00+08:00,192.0425,-2.4,4.0,0.1111111111111111,0.15539999999999998,True,False,1.0,False,False,False
2020-12-15T00:00:00+08:00,186.1375,-2.8,2.0,0.0,0.24219999999999997,True,False,1.0,False,False,False
2020-12-15T01:00:00+08:00,195.045,-2.0,1.4,0.0,0.30169999999999997,True,False,1.0,False,False,False
2020-12-15T02:00:00+08:00,188.115,-1.5,1.5,0.0,0.41369999999999996,True,False,1.0,False,False,False
2020-12-15T03:00:00+08:00,187.0175,-0.9,1.9,0.0,0.4452,True,False,1.0,False,False,False
2020-12-15T04:00:00+08:00,191.85,0.1,1.1,0.0,0.5277999999999999,True,False,1.0,False,False,False
2020-12-15T05:00:00+08:00,191.465,0.3,2.2,0.0,0.5774999999999999,True,False,1.0,False,False,False
2020-12-15T06:00:00+08:00,208.34,0.8,1.5,0.0,0.6412,True,False,1.0,False,False,False
2020-12-15T07:00:00+08:00,190.90875,1.4,1.4,0.0,0.6566,True,False,1.0,False,False,False
2020-12-15T08:00:00+08:00,184.04375,1.5,1.6,0.0,0.5781999999999999,True,False,1.0,False,False,False
2020-12-15T09:00:00+08:00,222.67,1.2,1.4,0.0,0.616,True,False,1.0,False,False,False
2020-12-15T10:00:00+08:00,222.2075,1.9,1.5,0.0,0.5116999999999999,True,False,1.0,False,False,False
2020-12-15T11:00:00+08:00,196.3333333,1.6,1.0,0.0,0.4774,True,False,1.0,False,False,False
2020-12-15T12:00:00+08:00,198.4591667,1.5,1.1,0.0,0.3283,True,False,1.0,False,False,False
2020-12-15T13:00:00+08:00,188.5125,0.8,1.4,0.0,0.24919999999999998,True,False,1.0,False,False,False
2020-12-15T14:00:00+08:00,195.91,0.1,1.1,0.0,0.1848,True,False,1.0,False,False,False
2020-12-15T15:00:00+08:00,224.5225,-0.3,1.2,0.0,0.13369999999999999,True,False,1.0,False,False,False
2020-12-15T16:00:00+08:00,224.0725,-0.6,1.1,0.0,0.1617,True,False,1.0,False,False,False
2020-12-15T17:00:00+08:00,201.33,-1.2,0.6,0.0,0.06649999999999999,True,False,1.0,False,False,False
2020-12-15T18:00:00+08:00,201.5875,-2.3,1.8,0.0,0.0574,True,False,1.0,False,False,False
2020-12-15T19:00:00+08:00,188.2025,-2.8,2.4,0.0,0.06369999999999999,True,False,1.0,False,False,False
2020-12-15T20:00:00+08:00,201.8625,-3.3,2.4,0.0,0.0959,True,False,1.0,False,False,False
2020-12-15T21:00:00+08:00,199.6675,-3.6,3.0,0.0,0.063,True,False,1.0,False,False,False
2020-12-15T22:00:00+08:00,196.27,-3.2,3.3,0.03333333333333331,0.0735,True,False,1.0,False,False,False
2020-12-15T23:00:00+08:00,191.97,-3.3,3.7,0.07777777777777779,0.11059999999999999,True,False,1.0,False,False,False
2020-12-16T00:00:00+08:00,197.86,-2.8,7.5,0.5,0.21559999999999999,True,False,1.0,False,False,False
2020-12-16T01:00:00+08:00,188.39,-3.0,8.5,0.6111111111111112,0.3192,True,False,1.0,False,False,False
2020-12-16T02:00:00+08:00,189.7975,-2.3,8.2,0.5777777777777777,0.39130000000000004,True,False,1.0,False,False,False
2020-12-16T03:00:00+08:00,188.2625,-1.7,5.8,0.3111111111111111,0.4634,True,False,1.0,False,False,False
2020-12-16T04:00:00+08:00,187.76,-1.1,4.2,0.13333333333333336,0.5277999999999999,True,False,1.0,False,False,False
2020-12-16T05:00:00+08:00,202.435,-0.4,4.7,0.1888888888888889,0.5789,True,False,1.0,False,False,False
2020-12-16T06:00:00+08:00,210.085,0.3,3.2,0.02222222222222224,0.6145999999999999,True,False,1.0,False,False,False
2020-12-16T07:00:00+08:00,202.255,1.2,3.7,0.07777777777777779,0.6314,True,False,1.0,False,False,False
2020-12-16T08:00:00+08:00,193.99,1.3,3.1,0.01111111111111112,0.6285999999999999,True,False,1.0,False,False,False
2020-12-16T09:00:00+08:00,212.465,1.8,1.9,0.0,0.6048,True,False,1.0,False,False,False
2020-12-16T10:00:00+08:00,220.59,2.7,1.6,0.0,0.5635,True,False,1.0,False,False,False
2020-12-16T11:00:00+08:00,201.24,0.6,2.8,0.0,0.5082,True,False,1.0,False,False,False
2020-12-16T12:00:00+08:00,193.1,-0.1,3.0,0.0,0.4396,True,False,1.0,False,False,False
2020-12-16T13:00:00+08:00,191.71,-0.5,3.8,0.08888888888888886,0.3654,True,False,1.0,False,False,False
2020-12-16T14:00:00+08:00,200.41,0.3,1.1,0.0,0.28769999999999996,True,False,1.0,False,False,False
2020-12-16T15:00:00+08:00,214.165,0.0,6.0,0.3333333333333333,0.21559999999999999,True,False,1.0,False,False,False
2020-12-16T16:00:00+08:00,211.57,-0.2,5.6,0.28888888888888886,0.1533,True,False,1.0,False,False,False
2020-12-16T17:00:00+08:00,199.145,-0.3,5.7,0.30000000000000004,0.105,True,False,1.0,False,False,False
2020-12-16T18:00:00+08:00,194.58,-0.9,5.8,0.3111111111111111,0.07419999999999999,True,False,1.0,False,False,False
2020-12-16T19:00:00+08:00,202.385,-1.1,10.3,0.8111111111111112,0.061599999999999995,True,False,1.0,False,False,False
2020-12-16T20:00:00+08:00,187.765,-1.1,5.2,0.24444444444444446,0.06509999999999999,True,False,1.0,False,False,False
2020-12-16T21:00:00+08:00,190.965,-1.4,6.0,0.3333333333333333,0.0861,True,False,1.0,False,False,False
2020-12-16T22:00:00+08:00,187.56,-1.1,7.3,0.47777777777777775,0.12319999999999999,True,False,1.0,False,False,False
2020-12-16T23:00:00+08:00,199.915,-1.1,9.7,0.7444444444444444,0.17709999999999998,True,False,1.0,False,False,False
2020-12-17T00:00:00+08:00,182.745,-1.2,9.5,0.7222222222222222,0.24289999999999998,True,False,1.0,False,False,False
2020-12-17T01:00:00+08:00,181.54,-1.2,11.3,0.9222222222222223,0.3164,True,False,1.0,False,False,False
2020-12-17T02:00:00+08:00,181.655,-1.1,8.1,0.5666666666666667,0.392,True,False,1.0,False,False,False
2020-12-17T03:00:00+08:00,187.165,-1.1,5.7,0.30000000000000004,0.4648,True,False,1.0,False,False,False
2020-12-17T04:00:00+08:00,187.535,-0.6,5.2,0.24444444444444446,0.5285,True,False,1.0,False,False,False
2020-12-17T05:00:00+08:00,182.14,0.2,3.6,0.06666666666666668,0.5802999999999999,True,False,1.0,False,False,False
2020-12-17T06:00:00+08:00,200.805,1.7,0.9,0.0,0.6153,True,False,1.0,False,False,False
2020-12-17T07:00:00+08:00,197.36,3.3,1.0,0.0,0.6328,True,False,1.0,False,False,False
2020-12-17T08:00:00+08:00,198.01,4.3,0.6,0.0,0.63,True,False,1.0,False,False,False
2020-12-17T09:00:00+08:00,219.615,2.0,1.1,0.0,0.6069,True,False,1.0,False,False,False
2020-12-17T10:00:00+08:00,230.74,3.6,1.6,0.0,0.5656,True,False,1.0,False,False,False
2020-12-17T11:00:00+08:00,200.5,3.6,1.5,0.0,0.5088999999999999,True,False,1.0,False,False,False
2020-12-17T12:00:00+08:00,203.015,2.9,2.1,0.0,0.44099999999999995,True,False,1.0,False,False,False
2020-12-17T13:00:00+08:00,190.725,0.4,3.4,0.04444444444444443,0.3661,True,False,1.0,False,False,False
2020-12-17T14:00:00+08:00,186.995,-0.4,4.6,0.17777777777777773,0.28909999999999997,True,False,1.0,False,False,False
2020-12-17T15:00:00+08:00,212.165,-0.5,3.8,0.08888888888888886,0.2163,True,False,1.0,False,False,False
2020-12-17T16:00:00+08:00,216.0625,-0.5,4.5,0.16666666666666666,0.154,True,False,1.0,False,False,False
2020-12-17T17:00:00+08:00,206.7575,-0.9,5.1,0.23333333333333328,0.10569999999999999,True,False,1.0,False,False,False
2020-12-17T18:00:00+08:00,191.175,-0.9,4.6,0.17777777777777773,0.0749,True,False,1.0,False,False,False
2020-12-17T19:00:00+08:00,196.46,-1.0,2.9,0.0,0.061599999999999995,True,False,1.0,False,False,False
2020-12-17T20:00:00+08:00,190.4225,-1.0,2.0,0.0,0.06509999999999999,True,False,1.0,False,False,False
2020-12-17T21:00:00+08:00,212.485,-1.0,4.9,0.21111111111111114,0.08539999999999999,True,False,1.0,False,False,False
2020-12-17T22:00:00+08:00,193.25,-1.1,5.4,0.2666666666666667,0.12249999999999998,True,False,1.0,False,False,False
2020-12-17T23:00:00+08:00,189.765,-1.4,5.5,0.2777777777777778,0.1757,True,False,1.0,False,False,False
2020-12-18T00:00:00+08:00,190.0,-1.4,5.1,0.23333333333333328,0.24149999999999996,True,False,1.0,False,False,False
2020-12-18T01:00:00+08:00,182.6225,-1.0,8.3,0.588888888888889,0.315,True,False,1.0,False,False,False
2020-12-18T02:00:00+08:00,183.4775,-1.0,8.2,0.5777777777777777,0.3906,True,False,1.0,False,False,False
2020-12-18T03:00:00+08:00,186.8775,-0.8,7.7,0.5222222222222223,0.4641,True,False,1.0,False,False,False
2020-12-18T04:00:00+08:00,191.1175,-0.2,5.7,0.30000000000000004,0.5285,True,False,1.0,False,False,False
2020-12-18T05:00:00+08:00,194.0525,-0.1,4.7,0.1888888888888889,0.5802999999999999,True,False,1.0,False,False,False
2020-12-18T06:00:00+08:00,220.2666667,0.3,3.7,0.07777777777777779,0.616,True,False,1.0,False,False,False
2020-12-18T07:00:00+08:00,203.4208333,0.2,3.9,0.09999999999999999,0.6335,True,False,1.0,False,False,False
2020-12-18T08:00:00+08:00,204.025,0.5,2.8,0.0,0.6314,True,False,1.0,False,False,False
2020-12-18T09:00:00+08:00,210.1025,1.1,2.1,0.0,0.6083,True,False,1.0,False,False,False
2020-12-18T10:00:00+08:00,231.555,2.5,2.0,0.0,0.5663,True,False,1.0,False,False,False
2020-12-18T11:00:00+08:00,203.1425,3.5,1.2,0.0,0.5103,True,False,1.0,False,False,False
2020-12-18T12:00:00+08:00,188.8075,4.2,1.0,0.0,0.44239999999999996,True,False,1.0,False,False,False
2020-12-18T13:00:00+08:00,196.325,2.7,0.9,0.0,0.3675,True,False,1.0,False,False,False
2020-12-18T14:00:00+08:00,187.5875,1.3,0.7,0.0,0.2905,True,False,1.0,False,False,False
2020-12-18T15:00:00+08:00,210.07,0.3,1.3,0.0,0.21839999999999998,True,False,1.0,False,False,False
2020-12-18T16:00:00+08:00,221.4975,-0.3,0.9,0.0,0.15539999999999998,True,False,1.0,False,False,False
2020-12-18T17:00:00+08:00,199.41,-0.8,2.1,0.0,0.1064,True,False,1.0,False,False,False
2020-12-18T18:00:00+08:00,188.485,-1.1,2.0,0.0,0.0749,True,False,1.0,False,False,False
2020-12-18T19:00:00+08:00,201.0125,-1.3,1.9,0.0,0.061599999999999995,True,False,1.0,False,False,False
2020-12-18T20:00:00+08:00,203.2925,-1.6,2.7,0.0,0.0644,True,False,1.0,False,False,False
2020-12-18T21:00:00+08:00,208.3475,-1.9,2.9,0.0,0.0847,True,False,1.0,False,False,False
2020-12-18T22:00:00+08:00,206.185,-1.8,2.9,0.0,0.12179999999999998,True,False,1.0,False,False,False
2020-12-18T23:00:00+08:00,194.9475,-1.8,4.2,0.13333333333333336,0.175,True,False,1.0,False,False,False
2020-12-19T00:00:00+08:00,195.335,-1.8,3.8,0.08888888888888886,0.2219,True,False,1.0,False,False,False
2020-12-19T01:00:00+08:00,183.2,-1.7,5.0,0.2222222222222222,0.25129999999999997,True,False,1.0,False,False,False
2020-12-19T02:00:00+08:00,178.445,-1.4,4.6,0.17777777777777773,0.3045,True,False,1.0,False,False,False
2020-12-19T03:00:00+08:00,179.265,-0.7,4.0,0.1111111111111111,0.39619999999999994,True,False,1.0,False,False,False
2020-12-19T04:00:00+08:00,181.92,-0.1,4.9,0.21111111111111114,0.5025999999999999,True,False,1.0,False,False,False
2020-12-19T05:00:00+08:00,180.71,0.6,3.4,0.04444444444444443,0.5901,True,False,1.0,False,False,False
2020-12-19T06:00:00+08:00,200.465,0.3,3.9,0.09999999999999999,0.6174,True,False,1.0,False,False,False
2020-12-19T07:00:00+08:00,191.29,0.6,4.4,0.15555555555555559,0.6181,True,False,1.0,False,False,False
2020-12-19T08:00:00+08:00,190.06,0.8,4.4,0.15555555555555559,0.6062,True,False,1.0,False,False,False
2020-12-19T09:00:00+08:00,210.17,0.6,4.1,0.12222222222222218,0.5614,True,False,1.0,False,False,False
2020-12-19T10:00:00+08:00,213.44,0.1,4.5,0.16666666666666666,0.5495,True,False,1.0,False,False,False
2020-12-19T11:00:00+08:00,213.26,-0.5,2.8,0.0,0.36119999999999997,True,False,1.0,False,False,False
2020-12-19T12:00:00+08:00,207.395,0.1,1.8,0.0,0.2751,True,False,1.0,False,False,False
2020-12-19T13:00:00+08:00,193.955,0.1,0.8,0.0,0.252,True,False,1.0,False,False,False
2020-12-19T14:00:00+08:00,204.15,0.3,1.0,0.0,0.2394,True,False,1.0,False,False,False
2020-12-19T15:00:00+08:00,234.32,-0.1,1.5,0.0,0.217,True,False,1.0,False,False,False
2020-12-19T16:00:00+08:00,236.24,-0.5,0.4,0.0,0.16659999999999997,True,False,1.0,False,False,False
2020-12-19T17:00:00+08:00,208.265,-0.8,0.5,0.0,0.0707,True,False,1.0,False,False,False
2020-12-19T18:00:00+08:00,211.75,-1.1,2.5,0.0,0.0595,True,False,1.0,False,False,False
2020-12-19T19:00:00+08:00,193.55,-1.4,2.9,0.0,0.049,True,False,1.0,False,False,False
2020-12-19T20:00:00+08:00,200.5,-1.7,3.0,0.0,0.0483,True,False,1.0,False,False,False
2020-12-19T21:00:00+08:00,199.72,-1.7,2.3,0.0,0.0581,True,False,1.0,False,False,False
2020-12-19T22:00:00+08:00,198.65,-1.8,2.1,0.0,0.0791,True,False,1.0,False,False,False
2020-12-19T23:00:00+08:00,203.52,-2.4,4.0,0.1111111111111111,0.1134,True,False,1.0,False,False,False
2020-12-20T00:00:00+08:00,200.165,-2.2,2.4,0.0,0.1624,True,False,1.0,False,False,False
2020-12-20T01:00:00+08:00,197.04,-1.2,3.9,0.09999999999999999,0.2324,True,False,1.0,False,False,False
2020-12-20T02:00:00+08:00,195.39,-0.5,4.8,0.19999999999999998,0.3269,True,False,1.0,False,False,False
2020-12-20T03:00:00+08:00,188.73,0.2,4.0,0.1111111111111111,0.4662,True,False,1.0,False,False,False
2020-12-20T04:00:00+08:00,197.12,0.9,3.2,0.02222222222222224,0.5292,True,False,1.0,False,False,False
2020-12-20T05:00:00+08:00,195.615,2.1,2.8,0.0,0.5922,True,False,1.0,False,False,False
2020-12-20T06:00:00+08:00,223.295,2.1,3.6,0.06666666666666668,0.602,True,False,1.0,False,False,False
2020-12-20T07:00:00+08:00,192.56,2.8,1.4,0.0,0.6293,True,False,1.0,False,False,False
2020-12-20T08:00:00+08:00,197.475,4.5,0.9,0.0,0.5425,True,False,1.0,False,False,False
2020-12-20T09:00:00+08:00,216.2875,5.1,1.4,0.0,0.5362,True,False,1.0,False,False,False
2020-12-20T10:00:00+08:00,220.6825,4.7,2.6,0.0,0.5978,True,False,1.0,False,False,False
2020-12-20T11:00:00+08:00,203.5,3.4,2.5,0.0,0.5116999999999999,True,False,1.0,False,False,False
2020-12-20T12:00:00+08:00,199.36,4.2,3.0,0.0,0.4431,True,False,1.0,False,False,False
2020-12-20T13:00:00+08:00,209.8975,3.1,4.7,0.1888888888888889,0.3689,True,False,1.0,False,False,False
2020-12-20T14:00:00+08:00,204.5475,1.8,4.5,0.16666666666666666,0.29119999999999996,True,False,1.0,False,False,False
2020-12-20T15:00:00+08:00,222.245,0.4,4.3,0.14444444444444443,0.21839999999999998,True,False,1.0,False,False,False
2020-12-20T16:00:00+08:00,222.2575,-0.1,2.4,0.0,0.1561,True,False,1.0,False,False,False
2020-12-20T17:00:00+08:00,210.1125,0.0,1.0,0.0,0.10709999999999999,True,False,1.0,False,False,False
2020-12-20T18:00:00+08:00,191.3,0.0,0.1,0.0,0.0756,True,False,1.0,False,False,False
2020-12-20T19:00:00+08:00,190.7625,-0.3,0.9,0.0,0.061599999999999995,True,False,1.0,False,False,False
2020-12-20T20:00:00+08:00,196.4925,-0.9,1.3,0.0,0.06509999999999999,True,False,1.0,False,False,False
2020-12-20T21:00:00+08:00,198.0175,-1.1,0.2,0.0,0.0847,True,False,1.0,False,False,False
2020-12-20T22:00:00+08:00,196.4325,-1.0,3.3,0.03333333333333331,0.1197,True,False,1.0,False,False,False
2020-12-20T23:00:00+08:00,192.06,-1.5,3.4,0.04444444444444443,0.1757,True,False,1.0,False,False,False
2020-12-21T00:00:00+08:00,188.5175,-1.7,2.6,0.0,0.24149999999999996,True,False,1.0,False,False,False
2020-12-21T01:00:00+08:00,190.5041667,-1.3,1.0,0.0,0.2905,True,False,1.0,False,False,False
2020-12-21T02:00:00+08:00,197.7033333,-0.7,1.8,0.0,0.3773,True,False,1.0,False,False,False
2020-12-21T03:00:00+08:00,186.4625,0.1,2.3,0.0,0.3871,True,False,1.0,False,False,False
2020-12-21T04:00:00+08:00,192.92,0.0,3.2,0.02222222222222224,0.4753,True,False,1.0,False,False,False
2020-12-21T05:00:00+08:00,208.57,0.0,5.6,0.28888888888888886,0.5761,True,False,1.0,False,False,False
2020-12-21T06:00:00+08:00,220.3625,0.3,4.3,0.14444444444444443,0.6285999999999999,True,False,1.0,False,False,False
2020-12-21T07:00:00+08:00,192.65,0.7,2.6,0.0,0.63,True,False,1.0,False,False,False
2020-12-21T08:00:00+08:00,194.335,1.4,1.9,0.0,0.6342,True,False,1.0,False,False,False
2020-12-21T09:00:00+08:00,229.005,1.5,2.4,0.0,0.6075999999999999,True,False,1.0,False,False,False
2020-12-21T10:00:00+08:00,223.58,1.7,1.8,0.0,0.567,True,False,1.0,False,False,False
2020-12-21T11:00:00+08:00,207.14,1.4,1.1,0.0,0.5116999999999999,True,False,1.0,False,False,False
2020-12-21T12:00:00+08:00,208.0975,1.3,1.1,0.0,0.44449999999999995,True,False,1.0,False,False,False
2020-12-21T13:00:00+08:00,204.08,0.7,0.9,0.0,0.371,True,False,1.0,False,False,False
2020-12-21T14:00:00+08:00,200.8875,0.7,1.1,0.0,0.301,True,False,1.0,False,False,False
2020-12-21T15:00:00+08:00,220.2325,0.0,0.7,0.0,0.2261,True,False,1.0,False,False,False
2020-12-21T16:00:00+08:00,220.375,-0.7,1.1,0.0,0.1596,True,False,1.0,False,False,False
2020-12-21T17:00:00+08:00,209.425,-1.2,1.2,0.0,0.1183,True,False,1.0,False,False,False
2020-12-21T18:00:00+08:00,199.4375,-1.6,1.9,0.0,0.0693,True,False,1.0,False,False,False
2020-12-21T19:00:00+08:00,187.56,-2.3,2.2,0.0,0.061599999999999995,True,False,1.0,False,False,False
2020-12-21T20:00:00+08:00,187.495,-2.4,2.2,0.0,0.0595,True,False,1.0,False,False,False
2020-12-21T21:00:00+08:00,186.48,-2.3,2.8,0.0,0.0819,True,False,1.0,False,False,False
2020-12-21T22:00:00+08:00,192.98,-2.1,3.2,0.02222222222222224,0.10429999999999999,True,False,1.0,False,False,False
2020-12-21T23:00:00+08:00,189.21,-2.1,3.3,0.03333333333333331,0.1687,True,False,1.0,False,False,False
2020-12-22T00:00:00+08:00,192.82,-2.2,3.8,0.08888888888888886,0.24499999999999997,True,False,1.0,False,False,False
2020-12-22T01:00:00+08:00,194.73,-1.9,3.4,0.04444444444444443,0.3276,True,False,1.0,False,False,False
2020-12-22T02:00:00+08:00,191.705,-1.9,2.9,0.0,0.357,True,False,1.0,False,False,False
2020-12-22T03:00:00+08:00,186.435,-1.7,2.4,0.0,0.4634,True,False,1.0,False,False,False
2020-12-22T04:00:00+08:00,188.045,-1.7,2.7,0.0,0.5075,True,False,1.0,False,False,False
2020-12-22T05:00:00+08:00,199.06,-1.6,4.2,0.13333333333333336,0.574,True,False,1.0,False,False,False
2020-12-22T06:00:00+08:00,219.515,-1.3,4.0,0.1111111111111111,0.6103999999999999,True,False,1.0,False,False,False
2020-12-22T07:00:00+08:00,207.095,-1.4,4.8,0.19999999999999998,0.63,True,False,1.0,False,False,False
2020-12-22T08:00:00+08:00,201.95,-1.6,6.2,0.35555555555555557,0.6335,True,False,1.0,False,False,False
2020-12-22T09:00:00+08:00,227.615,-1.8,5.2,0.24444444444444446,0.602,True,False,1.0,False,False,False
2020-12-22T10:00:00+08:00,221.45,-1.4,4.8,0.19999999999999998,0.5607,True,False,1.0,False,False,False
2020-12-22T11:00:00+08:00,199.605,-1.3,6.1,0.3444444444444444,0.5432,True,False,1.0,False,False,False
2020-12-22T12:00:00+08:00,200.07,-1.3,5.2,0.24444444444444446,0.41579999999999995,True,False,1.0,False,False,False
2020-12-22T13:00:00+08:00,194.015,-1.3,4.5,0.16666666666666666,0.29119999999999996,True,False,1.0,False,False,False
2020-12-22T14:00:00+08:00,192.11,-1.6,4.7,0.1888888888888889,0.1799,True,False,1.0,False,False,False
2020-12-22T15:00:00+08:00,217.235,-1.9,4.1,0.12222222222222218,0.1253,True,False,1.0,False,False,False
2020-12-22T16:00:00+08:00,217.41,-2.1,4.7,0.1888888888888889,0.0819,True,False,1.0,False,False,False
2020-12-22T17:00:00+08:00,205.6,-2.2,4.6,0.17777777777777773,0.049699999999999994,True,False,1.0,False,False,False
2020-12-22T18:00:00+08:00,199.935,-2.4,4.2,0.13333333333333336,0.0336,True,False,1.0,False,False,False
2020-12-22T19:00:00+08:00,192.375,-2.6,3.5,0.05555555555555555,0.041999999999999996,True,False,1.0,False,False,False
2020-12-22T20:00:00+08:00,189.96,-2.7,4.1,0.12222222222222218,0.041299999999999996,True,False,1.0,False,False,False
2020-12-22T21:00:00+08:00,194.92,-2.4,3.4,0.04444444444444443,0.0588,True,False,1.0,False,False,False
2020-12-22T22:00:00+08:00,193.99,-2.2,3.8,0.08888888888888886,0.0819,True,False,1.0,False,False,False
2020-12-22T23:00:00+08:00,188.835,-2.3,5.8,0.3111111111111111,0.1638,True,False,1.0,False,False,False
2020-12-23T00:00:00+08:00,189.34,-2.0,5.6,0.28888888888888886,0.20929999999999999,True,False,1.0,False,False,False
2020-12-23T01:00:00+08:00,189.03,-1.7,4.2,0.13333333333333336,0.26039999999999996,True,False,1.0,False,False,False
2020-12-23T02:00:00+08:00,185.865,-1.3,4.3,0.14444444444444443,0.3423,True,False,1.0,False,False,False
2020-12-23T03:00:00+08:00,190.005,-0.4,1.8,0.0,0.4466,True,False,1.0,False,False,False
2020-12-23T04:00:00+08:00,189.615,0.6,2.1,0.0,0.5054,True,False,1.0,False,False,False
2020-12-23T05:00:00+08:00,195.9625,1.9,1.2,0.0,0.5942999999999999,True,False,1.0,False,False,False
2020-12-23T06:00:00+08:00,215.7875,1.7,2.3,0.0,0.6405,True,False,1.0,False,False,False
2020-12-23T07:00:00+08:00,217.0175,3.1,1.5,0.0,0.6236999999999999,True,False,1.0,False,False,False
2020-12-23T08:00:00+08:00,196.53,1.5,2.6,0.0,0.5628,True,False,1.0,False,False,False
2020-12-23T09:00:00+08:00,205.71,2.6,1.4,0.0,0.5054,True,False,1.0,False,False,False
2020-12-23T10:00:00+08:00,221.775,4.2,0.7,0.0,0.4871999999999999,True,False,1.0,False,False,False
2020-12-23T11:00:00+08:00,195.63,4.1,2.2,0.0,0.5264,True,False,1.0,False,False,False
2020-12-23T12:00:00+08:00,195.0475,4.2,0.8,0.0,0.43539999999999995,True,False,1.0,False,False,False
2020-12-23T13:00:00+08:00,197.74,4.3,1.6,0.0,0.3423,True,False,1.0,False,False,False
2020-12-23T14:00:00+08:00,193.31,3.1,1.1,0.0,0.2632,True,False,1.0,False,False,False
2020-12-23T15:00:00+08:00,225.2475,1.5,2.3,0.0,0.20019999999999996,True,False,1.0,False,False,False
2020-12-23T16:00:00+08:00,213.7075,1.7,2.9,0.0,0.14909999999999998,True,False,1.0,False,False,False
2020-12-23T17:00:00+08:00,199.8625,1.7,1.5,0.0,0.09869999999999998,True,False,1.0,False,False,False
2020-12-23T18:00:00+08:00,199.435,-0.6,2.7,0.0,0.053899999999999997,True,False,1.0,False,False,False
2020-12-23T19:00:00+08:00,200.89,-1.5,4.3,0.14444444444444443,0.0441,True,False,1.0,False,False,False
2020-12-23T20:00:00+08:00,196.4591667,-1.1,8.8,0.6444444444444445,0.0483,True,False,1.0,False,False,False
2020-12-23T21:00:00+08:00,194.9333333,-1.3,9.9,0.7666666666666667,0.055299999999999995,True,False,1.0,False,False,False
2020-12-23T22:00:00+08:00,194.3325,-1.1,10.0,0.7777777777777778,0.10709999999999999,True,False,1.0,False,False,False
2020-12-23T23:00:00+08:00,190.3525,-1.3,10.8,0.8666666666666667,0.17009999999999997,True,False,1.0,False,False,False
2020-12-24T00:00:00+08:00,189.7675,-1.3,11.4,0.9333333333333333,0.2366,True,False,1.0,False,False,False
2020-12-24T01:00:00+08:00,189.25,-1.5,10.6,0.8444444444444444,0.3066,True,False,1.0,False,False,False
2020-12-24T02:00:00+08:00,187.485,-1.3,10.6,0.8444444444444444,0.3822,True,False,1.0,False,False,False
2020-12-24T03:00:00+08:00,183.355,-1.1,9.4,0.7111111111111111,0.45499999999999996,True,False,1.0,False,False,False
2020-12-24T04:00:00+08:00,188.5125,-0.7,9.3,0.7000000000000001,0.5201,True,False,1.0,False,False,False
2020-12-24T05:00:00+08:00,199.065,-0.2,6.3,0.36666666666666664,0.5719,True,False,1.0,False,False,False
2020-12-24T06:00:00+08:00,207.115,0.2,4.6,0.17777777777777773,0.6083,True,False,1.0,False,False,False
2020-12-24T07:00:00+08:00,225.2975,0.9,1.7,0.0,0.6265,True,False,1.0,False,False,False
2020-12-24T08:00:00+08:00,205.4575,2.7,1.6,0.0,0.6244,True,False,1.0,False,False,False
2020-12-24T09:00:00+08:00,236.05,3.6,1.4,0.0,0.6026999999999999,True,False,1.0,False,False,False
2020-12-24T10:00:00+08:00,216.505,2.0,1.9,0.0,0.5628,True,False,1.0,False,False,False
2020-12-24T11:00:00+08:00,204.4125,1.5,3.3,0.03333333333333331,0.5075,True,False,1.0,False,False,False
2020-12-24T12:00:00+08:00,201.445,2.5,3.1,0.01111111111111112,0.44099999999999995,True,False,1.0,False,False,False
2020-12-24T13:00:00+08:00,205.7175,3.5,1.6,0.0,0.3668,True,False,1.0,False,False,False
2020-12-24T14:00:00+08:00,195.09,1.6,1.2,0.0,0.28979999999999995,True,False,1.0,False,False,False
2020-12-24T15:00:00+08:00,219.7,1.7,2.9,0.0,0.21769999999999998,True,False,1.0,False,False,False
2020-12-24T16:00:00+08:00,252.235,-0.7,4.7,0.1888888888888889,0.1547,True,False,1.0,False,False,False
2020-12-24T17:00:00+08:00,213.73,-2.0,4.3,0.14444444444444443,0.1064,True,False,1.0,False,False,False
2020-12-24T18:00:00+08:00,206.11,-3.2,4.8,0.19999999999999998,0.0749,True,False,1.0,False,False,False
2020-12-24T19:00:00+08:00,200.175,-3.9,4.1,0.12222222222222218,0.06019999999999999,True,False,1.0,False,False,False
2020-12-24T20:00:00+08:00,213.89,-4.1,4.3,0.14444444444444443,0.063,True,False,1.0,False,False,False
2020-12-24T21:00:00+08:00,226.24,-4.5,4.0,0.1111111111111111,0.0819,True,False,1.0,False,False,False
2020-12-24T22:00:00+08:00,201.32,-3.3,4.6,0.17777777777777773,0.1183,True,False,1.0,False,False,False
2020-12-24T23:00:00+08:00,197.5,-2.7,7.8,0.5333333333333333,0.17079999999999998,True,False,1.0,False,False,False
2020-12-25T00:00:00+08:00,198.945,-2.5,7.0,0.4444444444444444,0.2352,True,False,1.0,False,False,False
2020-12-25T01:00:00+08:00,197.88,-2.3,7.4,0.48888888888888893,0.308,True,False,1.0,False,False,False
2020-12-25T02:00:00+08:00,196.03,-2.0,7.0,0.4444444444444444,0.3836,True,False,1.0,False,False,False
2020-12-25T03:00:00+08:00,193.56,-2.1,5.6,0.28888888888888886,0.4564,True,False,1.0,False,False,False
2020-12-25T04:00:00+08:00,194.62,-1.2,4.1,0.12222222222222218,0.5207999999999999,True,False,1.0,False,False,False
2020-12-25T05:00:00+08:00,196.875,-0.7,3.7,0.07777777777777779,0.5725999999999999,True,False,1.0,False,False,False
2020-12-25T06:00:00+08:00,210.175,-0.1,3.4,0.04444444444444443,0.609,True,False,1.0,False,False,False
2020-12-25T07:00:00+08:00,207.865,0.8,2.2,0.0,0.6272,True,False,1.0,False,False,False
2020-12-25T08:00:00+08:00,194.23,1.1,2.7,0.0,0.6251,True,False,1.0,False,False,False
2020-12-25T09:00:00+08:00,224.69,1.7,2.5,0.0,0.6041,True,False,1.0,False,False,False
2020-12-25T10:00:00+08:00,229.035,2.6,1.8,0.0,0.5642,True,False,1.0,False,False,False
2020-12-25T11:00:00+08:00,205.95,2.9,2.1,0.0,0.5088999999999999,True,False,1.0,False,False,False
2020-12-25T12:00:00+08:00,203.49,2.8,2.1,0.0,0.44239999999999996,True,False,1.0,False,False,False
2020-12-25T13:00:00+08:00,200.095,2.6,1.7,0.0,0.3703,True,False,1.0,False,False,False
2020-12-25T14:00:00+08:00,201.99,2.6,1.4,0.0,0.29259999999999997,True,False,1.0,False,False,False
2020-12-25T15:00:00+08:00,219.175,2.4,1.0,0.0,0.2191,True,False,1.0,False,False,False
2020-12-25T16:00:00+08:00,224.49,1.5,3.0,0.0,0.15539999999999998,True,False,1.0,False,False,False
2020-12-25T17:00:00+08:00,212.58,-0.4,10.5,0.8333333333333334,0.1064,True,False,1.0,False,False,False
2020-12-25T18:00:00+08:00,207.785,-1.6,11.8,0.9777777777777779,0.07419999999999999,True,False,1.0,False,False,False
2020-12-25T19:00:00+08:00,213.775,-1.9,12.2,1.0,0.0595,True,False,1.0,False,False,False
2020-12-25T20:00:00+08:00,216.605,-2.0,12.2,1.0,0.062299999999999994,True,False,1.0,False,False,False
2020-12-25T21:00:00+08:00,218.505,-2.3,12.9,1.0,0.0812,True,False,1.0,False,False,False
2020-12-25T22:00:00+08:00,212.93,-2.3,13.7,1.0,0.1176,True,False,1.0,False,False,False
2020-12-25T23:00:00+08:00,214.9375,-2.1,12.2,1.0,0.17009999999999997,True,False,1.0,False,False,False
2020-12-26T00:00:00+08:00,197.2625,-1.6,13.7,1.0,0.2352,True,False,1.0,False,False,False
2020-12-26T01:00:00+08:00,194.115,-1.3,13.6,1.0,0.3087,True,False,1.0,False,False,False
2020-12-26T02:00:00+08:00,195.655,-0.6,12.1,1.0,0.38430000000000003,True,False,1.0,False,False,False
2020-12-26T03:00:00+08:00,191.78,0.2,11.4,0.9333333333333333,0.4571,True,False,1.0,False,False,False
2020-12-26T04:00:00+08:00,191.575,0.5,10.4,0.8222222222222223,0.5207999999999999,True,False,1.0,False,False,False
2020-12-26T05:00:00+08:00,205.01,1.0,8.4,0.6000000000000001,0.5732999999999999,True,False,1.0,False,False,False
2020-12-26T06:00:00+08:00,220.885,1.4,8.7,0.6333333333333333,0.6096999999999999,True,False,1.0,False,False,False
2020-12-26T07:00:00+08:00,208.1675,2.0,6.2,0.35555555555555557,0.6293,True,False,1.0,False,False,False
2020-12-26T08:00:00+08:00,199.175,2.9,4.1,0.12222222222222218,0.6279,True,False,1.0,False,False,False
2020-12-26T09:00:00+08:00,233.5925,3.0,5.1,0.23333333333333328,0.6054999999999999,True,False,1.0,False,False,False
2020-12-26T10:00:00+08:00,235.9225,3.3,5.3,0.25555555555555554,0.5649,True,False,1.0,False,False,False
2020-12-26T11:00:00+08:00,205.14,3.1,3.2,0.02222222222222224,0.5082,True,False,1.0,False,False,False
2020-12-26T12:00:00+08:00,201.89,3.6,2.9,0.0,0.44099999999999995,True,False,1.0,False,False,False
2020-12-26T13:00:00+08:00,200.0425,3.1,5.0,0.2222222222222222,0.3675,True,False,1.0,False,False,False
2020-12-26T14:00:00+08:00,208.58,2.9,4.5,0.16666666666666666,0.2905,True,False,1.0,False,False,False
2020-12-26T15:00:00+08:00,224.9866667,1.7,5.1,0.23333333333333328,0.2191,True,False,1.0,False,False,False
2020-12-26T16:00:00+08:00,232.2908333,1.2,6.1,0.3444444444444444,0.1561,True,False,1.0,False,False,False
2020-12-26T17:00:00+08:00,225.6625,1.1,9.2,0.6888888888888888,0.10779999999999999,True,False,1.0,False,False,False
2020-12-26T18:00:00+08:00,217.475,0.5,6.7,0.41111111111111115,0.0756,True,False,1.0,False,False,False
2020-12-26T19:00:00+08:00,203.105,0.0,4.2,0.13333333333333336,0.063,True,False,1.0,False,False,False
2020-12-26T20:00:00+08:00,199.005,0.3,1.9,0.0,0.0406,True,False,1.0,False,False,False
2020-12-26T21:00:00+08:00,213.605,0.2,2.8,0.0,0.0469,True,False,1.0,False,False,False
2020-12-26T22:00:00+08:00,206.7775,-0.3,4.8,0.19999999999999998,0.0672,True,False,1.0,False,False,False
2020-12-26T23:00:00+08:00,197.74,-0.6,3.2,0.02222222222222224,0.10569999999999999,True,False,1.0,False,False,False
2020-12-27T00:00:00+08:00,195.54,-0.5,2.8,0.0,0.14909999999999998,True,False,1.0,False,False,False
2020-12-27T01:00:00+08:00,197.9375,-0.1,5.8,0.3111111111111111,0.20719999999999997,True,False,1.0,False,False,False
2020-12-27T02:00:00+08:00,195.145,0.3,6.5,0.3888888888888889,0.27649999999999997,True,False,1.0,False,False,False
2020-12-27T03:00:00+08:00,189.97,0.8,5.5,0.2777777777777778,0.34859999999999997,True,False,1.0,False,False,False
2020-12-27T04:00:00+08:00,197.015,0.7,8.9,0.6555555555555556,0.4452,True,False,1.0,False,False,False
2020-12-27T05:00:00+08:00,205.8325,1.5,8.6,0.6222222222222222,0.5698,True,False,1.0,False,False,False
2020-12-27T06:00:00+08:00,218.9075,2.6,4.9,0.21111111111111114,0.5963999999999999,True,False,1.0,False,False,False
2020-12-27T07:00:00+08:00,198.92,1.7,6.8,0.4222222222222222,0.5838,True,False,1.0,False,False,False
2020-12-27T08:00:00+08:00,207.56,3.1,3.6,0.06666666666666668,0.5677,True,False,1.0,False,False,False
2020-12-27T09:00:00+08:00,222.95,2.7,4.9,0.21111111111111114,0.5341,True,False,1.0,False,False,False
2020-12-27T10:00:00+08:00,226.67,2.4,2.9,0.0,0.5425,True,False,1.0,False,False,False
2020-12-27T11:00:00+08:00,210.82,2.4,4.2,0.13333333333333336,0.4592,True,False,1.0,False,False,False
2020-12-27T12:00:00+08:00,216.895,1.7,4.5,0.16666666666666666,0.40599999999999997,True,False,1.0,False,False,False
2020-12-27T13:00:00+08:00,195.675,1.0,5.4,0.2666666666666667,0.3269,True,False,1.0,False,False,False
2020-12-27T14:00:00+08:00,199.665,0.7,6.1,0.3444444444444444,0.2289,True,False,1.0,False,False,False
2020-12-27T15:00:00+08:00,232.18,0.3,7.3,0.47777777777777775,0.1547,True,False,1.0,False,False,False
2020-12-27T16:00:00+08:00,231.74,0.2,6.0,0.3333333333333333,0.1099,True,False,1.0,False,False,False
2020-12-27T17:00:00+08:00,213.16,0.4,4.5,0.16666666666666666,0.0805,True,False,1.0,False,False,False
2020-12-27T18:00:00+08:00,203.945,0.1,6.9,0.43333333333333335,0.0595,True,False,1.0,False,False,False
2020-12-27T19:00:00+08:00,209.05,-0.4,6.2,0.35555555555555557,0.0343,True,False,1.0,False,False,False
2020-12-27T20:00:00+08:00,210.005,-0.3,10.4,0.8222222222222223,0.0462,True,False,1.0,False,False,False
2020-12-27T21:00:00+08:00,204.55,-0.2,10.1,0.7888888888888889,0.0581,True,False,1.0,False,False,False
2020-12-27T22:00:00+08:00,206.12,0.0,11.7,0.9666666666666666,0.08889999999999999,True,False,1.0,False,False,False
2020-12-27T23:00:00+08:00,205.81,0.4,9.1,0.6777777777777777,0.1827,True,False,1.0,False,False,False
2020-12-28T00:00:00+08:00,198.04,0.3,10.3,0.8111111111111112,0.26039999999999996,True,False,1.0,False,False,False
2020-12-28T01:00:00+08:00,199.13,0.4,8.0,0.5555555555555556,0.3199,True,False,1.0,False,False,False
2020-12-28T02:00:00+08:00,193.265,1.2,9.8,0.7555555555555556,0.33039999999999997,True,False,1.0,False,False,False
2020-12-28T03:00:00+08:00,195.18,1.0,13.2,1.0,0.44799999999999995,True,False,1.0,False,False,False
2020-12-28T04:00:00+08:00,198.745,1.0,11.9,0.9888888888888889,0.5257,True,False,1.0,False,False,False
2020-12-28T05:00:00+08:00,199.36,1.9,8.5,0.6111111111111112,0.588,True,False,1.0,False,False,False
2020-12-28T06:00:00+08:00,218.78,2.6,7.5,0.5,0.6145999999999999,True,False,1.0,False,False,False
2020-12-28T07:00:00+08:00,206.105,2.4,7.0,0.4444444444444444,0.6244,True,False,1.0,False,False,False
2020-12-28T08:00:00+08:00,199.665,2.3,7.3,0.47777777777777775,0.6194999999999999,True,False,1.0,False,False,False
2020-12-28T09:00:00+08:00,220.72,2.9,5.5,0.2777777777777778,0.5978,True,False,1.0,False,False,False
2020-12-28T10:00:00+08:00,219.695,3.2,3.9,0.09999999999999999,0.5586,True,False,1.0,False,False,False
2020-12-28T11:00:00+08:00,211.335,2.9,3.9,0.09999999999999999,0.5054,True,False,1.0,False,False,False
2020-12-28T12:00:00+08:00,205.22,2.8,3.9,0.09999999999999999,0.44029999999999997,True,False,1.0,False,False,False
2020-12-28T13:00:00+08:00,194.53,2.5,3.0,0.0,0.36819999999999997,True,False,1.0,False,False,False
2020-12-28T14:00:00+08:00,199.44,2.3,3.6,0.06666666666666668,0.2919,True,False,1.0,False,False,False
2020-12-28T15:00:00+08:00,216.165,2.7,2.2,0.0,0.2198,True,False,1.0,False,False,False
2020-12-28T16:00:00+08:00,232.78,3.7,0.9,0.0,0.1568,True,False,1.0,False,False,False
2020-12-28T17:00:00+08:00,207.82,3.5,0.0,0.0,0.10569999999999999,True,False,1.0,False,False,False
2020-12-28T18:00:00+08:00,208.7225,1.3,1.6,0.0,0.077,True,False,1.0,False,False,False
2020-12-28T19:00:00+08:00,205.7975,0.4,1.5,0.0,0.0749,True,False,1.0,False,False,False
2020-12-28T20:00:00+08:00,199.2825,0.3,1.8,0.0,0.0462,True,False,1.0,False,False,False
2020-12-28T21:00:00+08:00,203.0675,0.6,3.1,0.01111111111111112,0.05039999999999999,True,False,1.0,False,False,False
2020-12-28T22:00:00+08:00,195.6975,0.7,7.9,0.5444444444444445,0.06649999999999999,True,False,1.0,False,False,False
2020-12-28T23:00:00+08:00,197.685,0.5,8.5,0.6111111111111112,0.1505,True,False,1.0,False,False,False
2020-12-29T00:00:00+08:00,195.64,0.3,8.1,0.5666666666666667,0.2359,True,False,1.0,False,False,False
2020-12-29T01:00:00+08:00,193.925,0.3,7.5,0.5,0.30519999999999997,True,False,1.0,False,False,False
2020-12-29T02:00:00+08:00,190.695,0.4,4.9,0.21111111111111114,0.3801,True,False,1.0,False,False,False
2020-12-29T03:00:00+08:00,189.265,0.5,1.9,0.0,0.45289999999999997,True,False,1.0,False,False,False
2020-12-29T04:00:00+08:00,193.4675,2.0,1.0,0.0,0.5173,True,False,1.0,False,False,False
2020-12-29T05:00:00+08:00,200.2475,3.6,0.9,0.0,0.5690999999999999,True,False,1.0,False,False,False
2020-12-29T06:00:00+08:00,216.8225,4.8,1.3,0.0,0.6054999999999999,True,False,1.0,False,False,False
2020-12-29T07:00:00+08:00,205.62,3.5,1.1,0.0,0.6244,True,False,1.0,False,False,False
2020-12-29T08:00:00+08:00,202.7325,5.3,0.9,0.0,0.6236999999999999,True,False,1.0,False,False,False
2020-12-29T09:00:00+08:00,221.405,5.9,2.3,0.0,0.6026999999999999,True,False,1.0,False,False,False
2020-12-29T10:00:00+08:00,223.8075,6.4,1.1,0.0,0.5628,True,False,1.0,False,False,False
2020-12-29T11:00:00+08:00,209.055,5.3,1.5,0.0,0.5082,True,False,1.0,False,False,False
2020-12-29T12:00:00+08:00,197.7725,7.2,2.6,0.0,0.4417,True,False,1.0,False,False,False
2020-12-29T13:00:00+08:00,193.005,5.4,2.3,0.0,0.36819999999999997,True,False,1.0,False,False,False
2020-12-29T14:00:00+08:00,212.2575,4.2,3.3,0.03333333333333331,0.2919,True,False,1.0,False,False,False
2020-12-29T15:00:00+08:00,230.71,2.4,3.3,0.03333333333333331,0.2198,True,False,1.0,False,False,False
2020-12-29T16:00:00+08:00,218.3575,1.0,5.2,0.24444444444444446,0.1568,True,False,1.0,False,False,False
2020-12-29T17:00:00+08:00,216.775,-0.2,4.5,0.16666666666666666,0.10779999999999999,True,False,1.0,False,False,False
2020-12-29T18:00:00+08:00,199.87,-1.6,5.2,0.24444444444444446,0.0756,True,False,1.0,False,False,False
2020-12-29T19:00:00+08:00,202.2025,-1.9,6.4,0.3777777777777778,0.0644,True,False,1.0,False,False,False
2020-12-29T20:00:00+08:00,202.3975,-2.0,7.5,0.5,0.041299999999999996,True,False,1.0,False,False,False
2020-12-29T21:00:00+08:00,204.655,-2.4,7.6,0.5111111111111111,0.049,True,False,1.0,False,False,False
2020-12-29T22:00:00+08:00,196.285,-2.0,8.8,0.6444444444444445,0.08539999999999999,True,False,1.0,False,False,False
2020-12-29T23:00:00+08:00,203.385,-1.8,8.2,0.5777777777777777,0.1624,True,False,1.0,False,False,False
2020-12-30T00:00:00+08:00,196.8225,-1.9,7.4,0.48888888888888893,0.2324,True,False,1.0,False,False,False
2020-12-30T01:00:00+08:00,192.4875,-1.7,6.5,0.3888888888888889,0.3045,True,False,1.0,False,False,False
2020-12-30T02:00:00+08:00,188.1375,-1.1,5.9,0.32222222222222224,0.3857,True,False,1.0,False,False,False
2020-12-30T03:00:00+08:00,189.05,-0.2,6.2,0.35555555555555557,0.4662,True,False,1.0,False,False,False
2020-12-30T04:00:00+08:00,190.645,0.3,3.8,0.08888888888888886,0.5368999999999999,True,False,1.0,False,False,False
2020-12-30T05:00:00+08:00,205.81,1.8,1.8,0.0,0.5656,True,False,1.0,False,False,False
2020-12-30T06:00:00+08:00,216.34,2.8,1.7,0.0,0.602,True,False,1.0,False,False,False
2020-12-30T07:00:00+08:00,215.285,2.6,1.3,0.0,0.6215999999999999,True,False,1.0,False,False,False
2020-12-30T08:00:00+08:00,215.66,2.1,1.6,0.0,0.6194999999999999,True,False,1.0,False,False,False
2020-12-30T09:00:00+08:00,234.24,2.2,1.6,0.0,0.5978,True,False,1.0,False,False,False
2020-12-30T10:00:00+08:00,241.8,2.6,1.5,0.0,0.5572,True,False,1.0,False,False,False
2020-12-30T11:00:00+08:00,208.125,2.4,2.4,0.0,0.504,True,False,1.0,False,False,False
2020-12-30T12:00:00+08:00,200.415,1.4,3.2,0.02222222222222224,0.4375,True,False,1.0,False,False,False
2020-12-30T13:00:00+08:00,204.16,1.4,2.9,0.0,0.36469999999999997,True,False,1.0,False,False,False
2020-12-30T14:00:00+08:00,232.11,2.0,2.7,0.0,0.2884,True,False,1.0,False,False,False
2020-12-30T15:00:00+08:00,244.22,1.9,2.8,0.0,0.2163,True,False,1.0,False,False,False
2020-12-30T16:00:00+08:00,227.85,1.0,2.8,0.0,0.154,True,False,1.0,False,False,False
2020-12-30T17:00:00+08:00,201.34,0.7,1.5,0.0,0.10149999999999999,True,False,1.0,False,False,False
2020-12-30T18:00:00+08:00,210.445,-1.6,1.1,0.0,0.07279999999999999,True,False,1.0,False,False,False
2020-12-30T19:00:00+08:00,214.6,-2.6,0.6,0.0,0.0581,True,False,1.0,False,False,False
2020-12-30T20:00:00+08:00,206.38,-3.0,0.0,0.0,0.0532,True,False,1.0,False,False,False
2020-12-30T21:00:00+08:00,203.305,-2.9,0.8,0.0,0.0784,True,False,1.0,False,False,False
2020-12-30T22:00:00+08:00,211.11,-2.9,5.2,0.24444444444444446,0.1127,True,False,1.0,False,False,False
2020-12-30T23:00:00+08:00,205.125,-2.8,4.5,0.16666666666666666,0.1638,True,False,1.0,False,False,False
