wind_kw,pv_kw,diesel_units,battery_kwh,pcs_kw,ups_kwh,ups_kw,objective_yuan,investment_yuan,mean_operation_yuan,feasible,core_bridge_pass,required_ups_kwh,required_ups_kw,flex_adjusted_mean_kwh
0.0,0.0,0,0.0,0.0,500.0,100.0,1555652.2825396922,250000.0,1305652.2825396922,False,True,315.6920523800024,59.192259821250445,3865.8930600743543
0.0,0.0,0,0.0,0.0,500.0,150.0,1568152.2825396922,262500.0,1305652.2825396922,False,True,315.6920523800024,59.192259821250445,3865.8930600743543
0.0,0.0,0,0.0,200.0,500.0,100.0,1635652.2825396922,330000.0,1305652.2825396922,False,True,315.6920523800024,59.192259821250445,3865.8930600743543
0.0,0.0,0,0.0,0.0,700.0,100.0,1645652.2825396922,340000.0,1305652.2825396922,False,True,315.6920523800024,59.192259821250445,3865.8930600743543
0.0,0.0,0,0.0,200.0,500.0,150.0,1648152.2825396922,342500.0,1305652.2825396922,False,True,315.6920523800024,59.192259821250445,3865.8930600743543
0.0,0.0,0,0.0,0.0,700.0,150.0,1658152.2825396922,352500.0,1305652.2825396922,False,True,315.6920523800024,59.192259821250445,3865.8930600743543
0.0,0.0,0,0.0,400.0,500.0,100.0,1715652.2825396922,410000.0,1305652.2825396922,False,True,315.6920523800024,59.192259821250445,3865.8930600743543
0.0,0.0,0,0.0,200.0,700.0,100.0,1725652.2825396922,420000.0,1305652.2825396922,False,True,315.6920523800024,59.192259821250445,3865.8930600743543
0.0,0.0,0,0.0,400.0,500.0,150.0,1728152.2825396922,422500.0,1305652.2825396922,False,True,315.6920523800024,59.192259821250445,3865.8930600743543
0.0,0.0,1,0.0,0.0,500.0,100.0,1741138.5325396922,430000.0,1311138.5325396922,False,True,315.6920523800024,59.192259821250445,3865.8930600743543
0.0,0.0,0,0.0,200.0,700.0,150.0,1738152.2825396922,432500.0,1305652.2825396922,False,True,315.6920523800024,59.192259821250445,3865.8930600743543
0.0,0.0,1,0.0,0.0,500.0,150.0,1753638.5325396922,442500.0,1311138.5325396922,False,True,315.6920523800024,59.192259821250445,3865.8930600743543
0.0,200.0,0,0.0,0.0,500.0,100.0,1510071.3883408702,450000.0,1060071.3883408702,False,True,315.6920523800024,59.192259821250445,3865.8930600743543
0.0,200.0,0,0.0,0.0,500.0,150.0,1522571.3883408702,462500.0,1060071.3883408702,False,True,315.6920523800024,59.192259821250445,3865.8930600743543
0.0,0.0,0,0.0,600.0,500.0,100.0,1795652.2825396922,490000.0,1305652.2825396922,False,True,315.6920523800024,59.192259821250445,3865.8930600743543
0.0,0.0,0,0.0,400.0,700.0,100.0,1805652.2825396922,500000.0,1305652.2825396922,False,True,315.6920523800024,59.192259821250445,3865.8930600743543
0.0,0.0,0,0.0,600.0,500.0,150.0,1808152.2825396922,502500.0,1305652.2825396922,False,True,315.6920523800024,59.192259821250445,3865.8930600743543
0.0,0.0,1,0.0,200.0,500.0,100.0,1821138.5325396922,510000.0,1311138.5325396922,False,True,315.6920523800024,59.192259821250445,3865.8930600743543
0.0,0.0,0,0.0,400.0,700.0,150.0,1818152.2825396922,512500.0,1305652.2825396922,False,True,315.6920523800024,59.192259821250445,3865.8930600743543
0.0,0.0,1,0.0,0.0,700.0,100.0,1831138.5325396922,520000.0,1311138.5325396922,False,True,315.6920523800024,59.192259821250445,3865.8930600743543
0.0,0.0,1,0.0,200.0,500.0,150.0,1833638.5325396922,522500.0,1311138.5325396922,False,True,315.6920523800024,59.192259821250445,3865.8930600743543
0.0,200.0,0,0.0,200.0,500.0,100.0,1590071.3883408702,530000.0,1060071.3883408702,False,True,315.6920523800024,59.192259821250445,3865.8930600743543
0.0,0.0,1,0.0,0.0,700.0,150.0,1843638.5325396922,532500.0,1311138.5325396922,False,True,315.6920523800024,59.192259821250445,3865.8930600743543
0.0,200.0,0,0.0,0.0,700.0,100.0,1600071.3883408702,540000.0,1060071.3883408702,False,True,315.6920523800024,59.192259821250445,3865.8930600743543
0.0,200.0,0,0.0,200.0,500.0,150.0,1602571.3883408702,542500.0,1060071.3883408702,False,True,315.6920523800024,59.192259821250445,3865.8930600743543
200.0,0.0,0,0.0,0.0,500.0,100.0,1375486.276507222,550000.0,825486.2765072221,False,True,315.6920523800024,59.192259821250445,3865.8930600743543
0.0,200.0,0,0.0,0.0,700.0,150.0,1612571.3883408702,552500.0,1060071.3883408702,False,True,315.6920523800024,59.192259821250445,3865.8930600743543
200.0,0.0,0,0.0,0.0,500.0,150.0,1387986.276507222,562500.0,825486.2765072221,False,True,315.6920523800024,59.192259821250445,3865.8930600743543
0.0,0.0,0,0.0,600.0,700.0,100.0,1885652.2825396922,580000.0,1305652.2825396922,False,True,315.6920523800024,59.192259821250445,3865.8930600743543
0.0,0.0,1,0.0,400.0,500.0,100.0,1901138.5325396922,590000.0,1311138.5325396922,False,True,315.6920523800024,59.192259821250445,3865.8930600743543
0.0,0.0,0,0.0,600.0,700.0,150.0,1898152.2825396922,592500.0,1305652.2825396922,False,True,315.6920523800024,59.192259821250445,3865.8930600743543
0.0,0.0,1,0.0,200.0,700.0,100.0,1911138.5325396922,600000.0,1311138.5325396922,False,True,315.6920523800024,59.192259821250445,3865.8930600743543
0.0,0.0,1,0.0,400.0,500.0,150.0,1913638.5325396922,602500.0,1311138.5325396922,False,True,315.6920523800024,59.192259821250445,3865.8930600743543
0.0,0.0,2,0.0,0.0,500.0,100.0,1926743.5325396922,610000.0,1316743.5325396922,False,True,315.6920523800024,59.192259821250445,2297.6452851452086
0.0,200.0,0,0.0,400.0,500.0,100.0,1670071.3883408702,610000.0,1060071.3883408702,False,True,315.6920523800024,59.192259821250445,3865.8930600743543
0.0,0.0,1,0.0,200.0,700.0,150.0,1923638.5325396922,612500.0,1311138.5325396922,False,True,315.6920523800024,59.192259821250445,3865.8930600743543
0.0,200.0,0,0.0,200.0,700.0,100.0,1680071.3883408702,620000.0,1060071.3883408702,False,True,315.6920523800024,59.192259821250445,3865.8930600743543
0.0,0.0,2,0.0,0.0,500.0,150.0,1939243.5325396922,622500.0,1316743.5325396922,False,True,315.6920523800024,59.192259821250445,2297.6452851452086
0.0,200.0,0,0.0,400.0,500.0,150.0,1682571.3883408702,622500.0,1060071.3883408702,False,True,315.6920523800024,59.192259821250445,3865.8930600743543
0.0,0.0,0,1500.0,0.0,500.0,100.0,1930652.2825396922,625000.0,1305652.2825396922,False,True,315.6920523800024,59.192259821250445,3865.8930600743543
0.0,200.0,1,0.0,0.0,500.0,100.0,1695557.6383408702,630000.0,1065557.6383408702,False,True,315.6920523800024,59.192259821250445,3319.5344891366913
200.0,0.0,0,0.0,200.0,500.0,100.0,1455486.276507222,630000.0,825486.2765072221,False,True,315.6920523800024,59.192259821250445,3863.7343221433985
0.0,200.0,0,0.0,200.0,700.0,150.0,1692571.3883408702,632500.0,1060071.3883408702,False,True,315.6920523800024,59.192259821250445,3865.8930600743543
0.0,0.0,0,1500.0,0.0,500.0,150.0,1943152.2825396922,637500.0,1305652.2825396922,False,True,315.6920523800024,59.192259821250445,3865.8930600743543
200.0,0.0,0,0.0,0.0,700.0,100.0,1465486.276507222,640000.0,825486.2765072221,False,True,315.6920523800024,59.192259821250445,3865.8930600743543
0.0,200.0,1,0.0,0.0,500.0,150.0,1708057.6383408702,642500.0,1065557.6383408702,False,True,315.6920523800024,59.192259821250445,3319.5344891366913
200.0,0.0,0,0.0,200.0,500.0,150.0,1467986.276507222,642500.0,825486.2765072221,False,True,315.6920523800024,59.192259821250445,3863.7343221433985
0.0,400.0,0,0.0,0.0,500.0,100.0,1492925.245293745,650000.0,842925.2452937451,False,True,315.6920523800024,59.192259821250445,3865.8930600743543
200.0,0.0,0,0.0,0.0,700.0,150.0,1477986.276507222,652500.0,825486.2765072221,False,True,315.6920523800024,59.192259821250445,3865.8930600743543
0.0,400.0,0,0.0,0.0,500.0,150.0,1505425.245293745,662500.0,842925.2452937451,False,True,315.6920523800024,59.192259821250445,3865.8930600743543
0.0,0.0,1,0.0,600.0,500.0,100.0,1981138.5325396922,670000.0,1311138.5325396922,False,True,315.6920523800024,59.192259821250445,3865.8930600743543
0.0,0.0,1,0.0,400.0,700.0,100.0,1991138.5325396922,680000.0,1311138.5325396922,False,True,315.6920523800024,59.192259821250445,3865.8930600743543
0.0,0.0,1,0.0,600.0,500.0,150.0,1993638.5325396922,682500.0,1311138.5325396922,False,True,315.6920523800024,59.192259821250445,3865.8930600743543
0.0,0.0,2,0.0,200.0,500.0,100.0,2006743.5325396922,690000.0,1316743.5325396922,False,True,315.6920523800024,59.192259821250445,2297.6452851452086
0.0,200.0,0,0.0,600.0,500.0,100.0,1750071.3883408702,690000.0,1060071.3883408702,False,True,315.6920523800024,59.192259821250445,3865.8930600743543
0.0,0.0,1,0.0,400.0,700.0,150.0,2003638.5325396922,692500.0,1311138.5325396922,False,True,315.6920523800024,59.192259821250445,3865.8930600743543
0.0,0.0,2,0.0,0.0,700.0,100.0,2016743.5325396922,700000.0,1316743.5325396922,False,True,315.6920523800024,59.192259821250445,2297.6452851452086
0.0,200.0,0,0.0,400.0,700.0,100.0,1760071.3883408702,700000.0,1060071.3883408702,False,True,315.6920523800024,59.192259821250445,3865.8930600743543
0.0,0.0,2,0.0,200.0,500.0,150.0,2019243.5325396922,702500.0,1316743.5325396922,False,True,315.6920523800024,59.192259821250445,2297.6452851452086
0.0,200.0,0,0.0,600.0,500.0,150.0,1762571.3883408702,702500.0,1060071.3883408702,False,True,315.6920523800024,59.192259821250445,3865.8930600743543
0.0,0.0,0,1500.0,200.0,500.0,100.0,2010652.2825396922,705000.0,1305652.2825396922,False,True,315.6920523800024,59.192259821250445,3802.2120025446893
0.0,200.0,1,0.0,200.0,500.0,100.0,1775557.6383408702,710000.0,1065557.6383408702,False,True,315.6920523800024,59.192259821250445,3319.5344891366913
200.0,0.0,0,0.0,400.0,500.0,100.0,1535486.276507222,710000.0,825486.2765072221,False,True,315.6920523800024,59.192259821250445,3863.7343221433985
0.0,0.0,2,0.0,0.0,700.0,150.0,2029243.5325396922,712500.0,1316743.5325396922,False,True,315.6920523800024,59.192259821250445,2297.6452851452086
0.0,200.0,0,0.0,400.0,700.0,150.0,1772571.3883408702,712500.0,1060071.3883408702,False,True,315.6920523800024,59.192259821250445,3865.8930600743543
0.0,0.0,0,1500.0,0.0,700.0,100.0,2020652.2825396922,715000.0,1305652.2825396922,False,True,315.6920523800024,59.192259821250445,3865.8930600743543
0.0,0.0,0,1500.0,200.0,500.0,150.0,2023152.2825396922,717500.0,1305652.2825396922,False,True,315.6920523800024,59.192259821250445,3802.2120025446893
0.0,200.0,1,0.0,0.0,700.0,100.0,1785557.6383408702,720000.0,1065557.6383408702,False,True,315.6920523800024,59.192259821250445,3319.5344891366913
200.0,0.0,0,0.0,200.0,700.0,100.0,1545486.276507222,720000.0,825486.2765072221,False,True,315.6920523800024,59.192259821250445,3863.7343221433985
0.0,200.0,1,0.0,200.0,500.0,150.0,1788057.6383408702,722500.0,1065557.6383408702,False,True,315.6920523800024,59.192259821250445,3319.5344891366913
200.0,0.0,0,0.0,400.0,500.0,150.0,1547986.276507222,722500.0,825486.2765072221,False,True,315.6920523800024,59.192259821250445,3863.7343221433985
0.0,0.0,0,1500.0,0.0,700.0,150.0,2033152.2825396922,727500.0,1305652.2825396922,False,True,315.6920523800024,59.192259821250445,3865.8930600743543
0.0,400.0,0,0.0,200.0,500.0,100.0,1572925.245293745,730000.0,842925.2452937451,False,True,315.6920523800024,59.192259821250445,3226.887542458592
200.0,0.0,1,0.0,0.0,500.0,100.0,1560972.526507222,730000.0,830972.5265072221,False,True,315.6920523800024,59.192259821250445,2671.0661479499868
0.0,200.0,1,0.0,0.0,700.0,150.0,1798057.6383408702,732500.0,1065557.6383408702,False,True,315.6920523800024,59.192259821250445,3319.5344891366913
200.0,0.0,0,0.0,200.0,700.0,150.0,1557986.276507222,732500.0,825486.2765072221,False,True,315.6920523800024,59.192259821250445,3863.7343221433985
0.0,400.0,0,0.0,0.0,700.0,100.0,1582925.245293745,740000.0,842925.2452937451,False,True,315.6920523800024,59.192259821250445,3865.8930600743543
0.0,400.0,0,0.0,200.0,500.0,150.0,1585425.245293745,742500.0,842925.2452937451,False,True,315.6920523800024,59.192259821250445,3226.887542458592
200.0,0.0,1,0.0,0.0,500.0,150.0,1573472.526507222,742500.0,830972.5265072221,False,True,315.6920523800024,59.192259821250445,2671.0661479499868
200.0,200.0,0,0.0,0.0,500.0,100.0,1335172.1816036687,750000.0,585172.1816036686,False,True,315.6920523800024,59.192259821250445,3865.8930600743543
0.0,400.0,0,0.0,0.0,700.0,150.0,1595425.245293745,752500.0,842925.2452937451,False,True,315.6920523800024,59.192259821250445,3865.8930600743543
0.0,0.0,1,0.0,600.0,700.0,100.0,2071138.5325396922,760000.0,1311138.5325396922,False,True,315.6920523800024,59.192259821250445,3865.8930600743543
200.0,200.0,0,0.0,0.0,500.0,150.0,1347672.1816036687,762500.0,585172.1816036686,False,True,315.6920523800024,59.192259821250445,3865.8930600743543
0.0,0.0,2,0.0,400.0,500.0,100.0,2086743.5325396922,770000.0,1316743.5325396922,False,True,315.6920523800024,59.192259821250445,2297.6452851452086
0.0,0.0,1,0.0,600.0,700.0,150.0,2083638.5325396922,772500.0,1311138.5325396922,False,True,315.6920523800024,59.192259821250445,3865.8930600743543
0.0,0.0,2,0.0,200.0,700.0,100.0,2096743.5325396922,780000.0,1316743.5325396922,False,True,315.6920523800024,59.192259821250445,2297.6452851452086
0.0,200.0,0,0.0,600.0,700.0,100.0,1840071.3883408702,780000.0,1060071.3883408702,False,True,315.6920523800024,59.192259821250445,3865.8930600743543
0.0,0.0,2,0.0,400.0,500.0,150.0,2099243.5325396922,782500.0,1316743.5325396922,False,True,315.6920523800024,59.192259821250445,2297.6452851452086
0.0,0.0,0,1500.0,400.0,500.0,100.0,2090652.2825396922,785000.0,1305652.2825396922,False,True,315.6920523800024,59.192259821250445,3708.3402300771795
0.0,0.0,3,0.0,0.0,500.0,100.0,2107099.7825396922,790000.0,1317099.7825396922,False,True,315.6920523800024,59.192259821250445,2184.6549972265802
0.0,200.0,1,0.0,400.0,500.0,100.0,1855557.6383408702,790000.0,1065557.6383408702,False,True,315.6920523800024,59.192259821250445,3319.5344891366913
200.0,0.0,0,0.0,600.0,500.0,100.0,1615486.276507222,790000.0,825486.2765072221,False,True,315.6920523800024,59.192259821250445,3863.7343221433985
0.0,0.0,2,0.0,200.0,700.0,150.0,2109243.5325396922,792500.0,1316743.5325396922,False,True,315.6920523800024,59.192259821250445,2297.6452851452086
0.0,200.0,0,0.0,600.0,700.0,150.0,1852571.3883408702,792500.0,1060071.3883408702,False,True,315.6920523800024,59.192259821250445,3865.8930600743543
0.0,0.0,0,1500.0,200.0,700.0,100.0,2100652.2825396922,795000.0,1305652.2825396922,False,True,315.6920523800024,59.192259821250445,3802.2120025446893
0.0,0.0,0,1500.0,400.0,500.0,150.0,2103152.2825396922,797500.0,1305652.2825396922,False,True,315.6920523800024,59.192259821250445,3708.3402300771795
0.0,200.0,1,0.0,200.0,700.0,100.0,1865557.6383408702,800000.0,1065557.6383408702,False,True,315.6920523800024,59.192259821250445,3319.5344891366913
200.0,0.0,0,0.0,400.0,700.0,100.0,1625486.276507222,800000.0,825486.2765072221,False,True,315.6920523800024,59.192259821250445,3863.7343221433985
0.0,0.0,3,0.0,0.0,500.0,150.0,2119599.7825396922,802500.0,1317099.7825396922,False,True,315.6920523800024,59.192259821250445,2184.6549972265802
0.0,200.0,1,0.0,400.0,500.0,150.0,1868057.6383408702,802500.0,1065557.6383408702,False,True,315.6920523800024,59.192259821250445,3319.5344891366913
200.0,0.0,0,0.0,600.0,500.0,150.0,1627986.276507222,802500.0,825486.2765072221,False,True,315.6920523800024,59.192259821250445,3863.7343221433985
0.0,0.0,1,1500.0,0.0,500.0,100.0,2116138.5325396922,805000.0,1311138.5325396922,False,True,315.6920523800024,59.192259821250445,3865.8930600743543
0.0,0.0,0,1500.0,200.0,700.0,150.0,2113152.2825396922,807500.0,1305652.2825396922,False,True,315.6920523800024,59.192259821250445,3802.2120025446893
0.0,200.0,2,0.0,0.0,500.0,100.0,1881162.6383408702,810000.0,1071162.6383408702,False,True,315.6920523800024,59.192259821250445,1241.592425549732
0.0,400.0,0,0.0,400.0,500.0,100.0,1652925.245293745,810000.0,842925.2452937451,False,True,315.6920523800024,59.192259821250445,3226.887542458592
200.0,0.0,1,0.0,200.0,500.0,100.0,1640972.526507222,810000.0,830972.5265072221,False,True,315.6920523800024,59.192259821250445,2671.0661479499868
0.0,200.0,1,0.0,200.0,700.0,150.0,1878057.6383408702,812500.0,1065557.6383408702,False,True,315.6920523800024,59.192259821250445,3319.5344891366913
200.0,0.0,0,0.0,400.0,700.0,150.0,1637986.276507222,812500.0,825486.2765072221,False,True,315.6920523800024,59.192259821250445,3863.7343221433985
0.0,0.0,1,1500.0,0.0,500.0,150.0,2128638.5325396922,817500.0,1311138.5325396922,False,True,315.6920523800024,59.192259821250445,3865.8930600743543
0.0,400.0,0,0.0,200.0,700.0,100.0,1662925.245293745,820000.0,842925.2452937451,False,True,315.6920523800024,59.192259821250445,3226.887542458592
200.0,0.0,1,0.0,0.0,700.0,100.0,1650972.526507222,820000.0,830972.5265072221,False,True,315.6920523800024,59.192259821250445,2671.0661479499868
0.0,200.0,2,0.0,0.0,500.0,150.0,1893662.6383408702,822500.0,1071162.6383408702,False,True,315.6920523800024,59.192259821250445,1241.592425549732
0.0,400.0,0,0.0,400.0,500.0,150.0,1665425.245293745,822500.0,842925.2452937451,False,True,315.6920523800024,59.192259821250445,3226.887542458592
200.0,0.0,1,0.0,200.0,500.0,150.0,1653472.526507222,822500.0,830972.5265072221,False,True,315.6920523800024,59.192259821250445,2671.0661479499868
0.0,200.0,0,1500.0,0.0,500.0,100.0,1885071.3883408702,825000.0,1060071.3883408702,False,True,315.6920523800024,59.192259821250445,3865.8930600743543
0.0,400.0,1,0.0,0.0,500.0,100.0,1678411.495293745,830000.0,848411.4952937451,False,True,315.6920523800024,59.192259821250445,2622.2246847193433
200.0,200.0,0,0.0,200.0,500.0,100.0,1415172.1816036687,830000.0,585172.1816036686,False,True,315.6920523800024,59.192259821250445,3496.122335179715
0.0,400.0,0,0.0,200.0,700.0,150.0,1675425.245293745,832500.0,842925.2452937451,False,True,315.6920523800024,59.192259821250445,3226.887542458592
200.0,0.0,1,0.0,0.0,700.0,150.0,1663472.526507222,832500.0,830972.5265072221,False,True,315.6920523800024,59.192259821250445,2671.0661479499868
0.0,200.0,0,1500.0,0.0,500.0,150.0,1897571.3883408702,837500.0,1060071.3883408702,False,True,315.6920523800024,59.192259821250445,3865.8930600743543
200.0,200.0,0,0.0,0.0,700.0,100.0,1425172.1816036687,840000.0,585172.1816036686,False,True,315.6920523800024,59.192259821250445,3865.8930600743543
0.0,400.0,1,0.0,0.0,500.0,150.0,1690911.495293745,842500.0,848411.4952937451,False,True,315.6920523800024,59.192259821250445,2622.2246847193433
200.0,200.0,0,0.0,200.0,500.0,150.0,1427672.1816036687,842500.0,585172.1816036686,False,True,315.6920523800024,59.192259821250445,3496.122335179715
0.0,0.0,2,0.0,600.0,500.0,100.0,2166743.5325396922,850000.0,1316743.5325396922,False,True,315.6920523800024,59.192259821250445,2297.6452851452086
0.0,600.0,0,0.0,0.0,500.0,100.0,1606563.9616800814,850000.0,756563.9616800814,False,True,315.6920523800024,59.192259821250445,3865.8930600743543
400.0,0.0,0,0.0,0.0,500.0,100.0,1255463.3244380415,850000.0,405463.3244380414,False,True,315.6920523800024,59.192259821250445,3865.8930600743543
200.0,200.0,0,0.0,0.0,700.0,150.0,1437672.1816036687,852500.0,585172.1816036686,False,True,315.6920523800024,59.192259821250445,3865.8930600743543
0.0,0.0,2,0.0,400.0,700.0,100.0,2176743.5325396922,860000.0,1316743.5325396922,False,True,315.6920523800024,59.192259821250445,2297.6452851452086
0.0,0.0,2,0.0,600.0,500.0,150.0,2179243.5325396922,862500.0,1316743.5325396922,False,True,315.6920523800024,59.192259821250445,2297.6452851452086
0.0,600.0,0,0.0,0.0,500.0,150.0,1619063.9616800814,862500.0,756563.9616800814,False,True,315.6920523800024,59.192259821250445,3865.8930600743543
400.0,0.0,0,0.0,0.0,500.0,150.0,1267963.3244380415,862500.0,405463.3244380414,False,True,315.6920523800024,59.192259821250445,3865.8930600743543
0.0,0.0,0,1500.0,600.0,500.0,100.0,2170652.2825396922,865000.0,1305652.2825396922,False,True,315.6920523800024,59.192259821250445,3708.3402300771795
0.0,0.0,3,0.0,200.0,500.0,100.0,2187099.7825396922,870000.0,1317099.7825396922,False,True,315.6920523800024,59.192259821250445,2184.6549972265802
0.0,200.0,1,0.0,600.0,500.0,100.0,1935557.6383408702,870000.0,1065557.6383408702,False,True,315.6920523800024,59.192259821250445,3319.5344891366913
0.0,0.0,2,0.0,400.0,700.0,150.0,2189243.5325396922,872500.0,1316743.5325396922,False,True,315.6920523800024,59.192259821250445,2297.6452851452086
0.0,0.0,0,1500.0,400.0,700.0,100.0,2180652.2825396922,875000.0,1305652.2825396922,False,True,315.6920523800024,59.192259821250445,3708.3402300771795
0.0,0.0,0,2500.0,0.0,500.0,100.0,2180652.2825396922,875000.0,1305652.2825396922,False,True,315.6920523800024,59.192259821250445,3865.8930600743543
0.0,0.0,0,1500.0,600.0,500.0,150.0,2183152.2825396922,877500.0,1305652.2825396922,False,True,315.6920523800024,59.192259821250445,3708.3402300771795
0.0,0.0,3,0.0,0.0,700.0,100.0,2197099.7825396922,880000.0,1317099.7825396922,False,True,315.6920523800024,59.192259821250445,2184.6549972265802
0.0,200.0,1,0.0,400.0,700.0,100.0,1945557.6383408702,880000.0,1065557.6383408702,False,True,315.6920523800024,59.192259821250445,3319.5344891366913
200.0,0.0,0,0.0,600.0,700.0,100.0,1705486.276507222,880000.0,825486.2765072221,False,True,315.6920523800024,59.192259821250445,3863.7343221433985
0.0,0.0,3,0.0,200.0,500.0,150.0,2199599.7825396922,882500.0,1317099.7825396922,False,True,315.6920523800024,59.192259821250445,2184.6549972265802
0.0,200.0,1,0.0,600.0,500.0,150.0,1948057.6383408702,882500.0,1065557.6383408702,False,True,315.6920523800024,59.192259821250445,3319.5344891366913
0.0,0.0,1,1500.0,200.0,500.0,100.0,2196138.5325396922,885000.0,1311138.5325396922,False,True,315.6920523800024,59.192259821250445,3682.0445160135787
0.0,0.0,0,1500.0,400.0,700.0,150.0,2193152.2825396922,887500.0,1305652.2825396922,False,True,315.6920523800024,59.192259821250445,3708.3402300771795
0.0,0.0,0,2500.0,0.0,500.0,150.0,2193152.2825396922,887500.0,1305652.2825396922,False,True,315.6920523800024,59.192259821250445,3865.8930600743543
0.0,200.0,2,0.0,200.0,500.0,100.0,1961162.6383408702,890000.0,1071162.6383408702,False,True,315.6920523800024,59.192259821250445,1241.592425549732
0.0,400.0,0,0.0,600.0,500.0,100.0,1732925.245293745,890000.0,842925.2452937451,False,True,315.6920523800024,59.192259821250445,3226.887542458592
200.0,0.0,1,0.0,400.0,500.0,100.0,1720972.526507222,890000.0,830972.5265072221,False,True,315.6920523800024,59.192259821250445,2671.0661479499868
0.0,0.0,3,0.0,0.0,700.0,150.0,2209599.7825396922,892500.0,1317099.7825396922,False,True,315.6920523800024,59.192259821250445,2184.6549972265802
0.0,200.0,1,0.0,400.0,700.0,150.0,1958057.6383408702,892500.0,1065557.6383408702,False,True,315.6920523800024,59.192259821250445,3319.5344891366913
200.0,0.0,0,0.0,600.0,700.0,150.0,1717986.276507222,892500.0,825486.2765072221,False,True,315.6920523800024,59.192259821250445,3863.7343221433985
0.0,0.0,1,1500.0,0.0,700.0,100.0,2206138.5325396922,895000.0,1311138.5325396922,False,True,315.6920523800024,59.192259821250445,3865.8930600743543
0.0,0.0,1,1500.0,200.0,500.0,150.0,2208638.5325396922,897500.0,1311138.5325396922,False,True,315.6920523800024,59.192259821250445,3682.0445160135787
0.0,200.0,2,0.0,0.0,700.0,100.0,1971162.6383408702,900000.0,1071162.6383408702,False,True,315.6920523800024,59.192259821250445,1241.592425549732
0.0,400.0,0,0.0,400.0,700.0,100.0,1742925.245293745,900000.0,842925.2452937451,False,True,315.6920523800024,59.192259821250445,3226.887542458592
200.0,0.0,1,0.0,200.0,700.0,100.0,1730972.526507222,900000.0,830972.5265072221,False,True,315.6920523800024,59.192259821250445,2671.0661479499868
0.0,200.0,2,0.0,200.0,500.0,150.0,1973662.6383408702,902500.0,1071162.6383408702,False,True,315.6920523800024,59.192259821250445,1241.592425549732
0.0,400.0,0,0.0,600.0,500.0,150.0,1745425.245293745,902500.0,842925.2452937451,False,True,315.6920523800024,59.192259821250445,3226.887542458592
200.0,0.0,1,0.0,400.0,500.0,150.0,1733472.526507222,902500.0,830972.5265072221,False,True,315.6920523800024,59.192259821250445,2671.0661479499868
0.0,200.0,0,1500.0,200.0,500.0,100.0,1965071.3883408702,905000.0,1060071.3883408702,False,True,315.6920523800024,59.192259821250445,3678.9427360221134
0.0,0.0,1,1500.0,0.0,700.0,150.0,2218638.5325396922,907500.0,1311138.5325396922,False,True,315.6920523800024,59.192259821250445,3865.8930600743543
0.0,400.0,1,0.0,200.0,500.0,100.0,1758411.495293745,910000.0,848411.4952937451,False,True,315.6920523800024,59.192259821250445,2560.5946133827692
200.0,0.0,2,0.0,0.0,500.0,100.0,1746577.526507222,910000.0,836577.5265072221,False,True,315.6920523800024,59.192259821250445,522.0094607480587
200.0,200.0,0,0.0,400.0,500.0,100.0,1495172.1816036687,910000.0,585172.1816036686,False,True,315.6920523800024,59.192259821250445,3496.122335179715
0.0,200.0,2,0.0,0.0,700.0,150.0,1983662.6383408702,912500.0,1071162.6383408702,False,True,315.6920523800024,59.192259821250445,1241.592425549732
0.0,400.0,0,0.0,400.0,700.0,150.0,1755425.245293745,912500.0,842925.2452937451,False,True,315.6920523800024,59.192259821250445,3226.887542458592
200.0,0.0,1,0.0,200.0,700.0,150.0,1743472.526507222,912500.0,830972.5265072221,False,True,315.6920523800024,59.192259821250445,2671.0661479499868
0.0,200.0,0,1500.0,0.0,700.0,100.0,1975071.3883408702,915000.0,1060071.3883408702,False,True,315.6920523800024,59.192259821250445,3865.8930600743543
0.0,200.0,0,1500.0,200.0,500.0,150.0,1977571.3883408702,917500.0,1060071.3883408702,False,True,315.6920523800024,59.192259821250445,3678.9427360221134
0.0,400.0,1,0.0,0.0,700.0,100.0,1768411.495293745,920000.0,848411.4952937451,False,True,315.6920523800024,59.192259821250445,2622.2246847193433
200.0,200.0,0,0.0,200.0,700.0,100.0,1505172.1816036687,920000.0,585172.1816036686,False,True,315.6920523800024,59.192259821250445,3496.122335179715
0.0,400.0,1,0.0,200.0,500.0,150.0,1770911.495293745,922500.0,848411.4952937451,False,True,315.6920523800024,59.192259821250445,2560.5946133827692
200.0,0.0,2,0.0,0.0,500.0,150.0,1759077.526507222,922500.0,836577.5265072221,False,True,315.6920523800024,59.192259821250445,522.0094607480587
200.0,200.0,0,0.0,400.0,500.0,150.0,1507672.1816036687,922500.0,585172.1816036686,False,True,315.6920523800024,59.192259821250445,3496.122335179715
200.0,0.0,0,1500.0,0.0,500.0,100.0,1750486.276507222,925000.0,825486.2765072221,False,True,315.6920523800024,59.192259821250445,3865.8930600743543
0.0,200.0,0,1500.0,0.0,700.0,150.0,1987571.3883408702,927500.0,1060071.3883408702,False,True,315.6920523800024,59.192259821250445,3865.8930600743543
0.0,600.0,0,0.0,200.0,500.0,100.0,1686563.9616800814,930000.0,756563.9616800814,False,True,315.6920523800024,59.192259821250445,2746.4497414869265
200.0,200.0,1,0.0,0.0,500.0,100.0,1520658.4316036687,930000.0,590658.4316036686,False,True,315.6920523800024,59.192259821250445,1633.3761884611788
400.0,0.0,0,0.0,200.0,500.0,100.0,1335463.3244380415,930000.0,405463.3244380414,False,True,315.6920523800024,59.192259821250445,2734.897377350024
0.0,400.0,1,0.0,0.0,700.0,150.0,1780911.495293745,932500.0,848411.4952937451,False,True,315.6920523800024,59.192259821250445,2622.2246847193433
200.0,200.0,0,0.0,200.0,700.0,150.0,1517672.1816036687,932500.0,585172.1816036686,False,True,315.6920523800024,59.192259821250445,3496.122335179715
200.0,0.0,0,1500.0,0.0,500.0,150.0,1762986.276507222,937500.0,825486.2765072221,False,True,315.6920523800024,59.192259821250445,3865.8930600743543
0.0,0.0,2,0.0,600.0,700.0,100.0,2256743.5325396922,940000.0,1316743.5325396922,False,True,315.6920523800024,59.192259821250445,2297.6452851452086
0.0,600.0,0,0.0,0.0,700.0,100.0,1696563.9616800814,940000.0,756563.9616800814,False,True,315.6920523800024,59.192259821250445,3865.8930600743543
400.0,0.0,0,0.0,0.0,700.0,100.0,1345463.3244380415,940000.0,405463.3244380414,False,True,315.6920523800024,59.192259821250445,3865.8930600743543
0.0,600.0,0,0.0,200.0,500.0,150.0,1699063.9616800814,942500.0,756563.9616800814,False,True,315.6920523800024,59.192259821250445,2746.4497414869265
200.0,200.0,1,0.0,0.0,500.0,150.0,1533158.4316036687,942500.0,590658.4316036686,False,True,315.6920523800024,59.192259821250445,1633.3761884611788
400.0,0.0,0,0.0,200.0,500.0,150.0,1347963.3244380415,942500.0,405463.3244380414,False,True,315.6920523800024,59.192259821250445,2734.897377350024
0.0,0.0,3,0.0,400.0,500.0,100.0,2267099.7825396922,950000.0,1317099.7825396922,False,True,315.6920523800024,59.192259821250445,2184.6549972265802
200.0,400.0,0,0.0,0.0,500.0,100.0,1418920.8442478438,950000.0,468920.8442478438,False,True,315.6920523800024,59.192259821250445,3865.8930600743543
0.0,0.0,2,0.0,600.0,700.0,150.0,2269243.5325396922,952500.0,1316743.5325396922,False,True,315.6920523800024,59.192259821250445,2297.6452851452086
0.0,600.0,0,0.0,0.0,700.0,150.0,1709063.9616800814,952500.0,756563.9616800814,False,True,315.6920523800024,59.192259821250445,3865.8930600743543
400.0,0.0,0,0.0,0.0,700.0,150.0,1357963.3244380415,952500.0,405463.3244380414,False,True,315.6920523800024,59.192259821250445,3865.8930600743543
0.0,0.0,0,1500.0,600.0,700.0,100.0,2260652.2825396922,955000.0,1305652.2825396922,False,True,315.6920523800024,59.192259821250445,3708.3402300771795
0.0,0.0,0,2500.0,200.0,500.0,100.0,2260652.2825396922,955000.0,1305652.2825396922,False,True,315.6920523800024,59.192259821250445,3748.9606296132833
0.0,0.0,3,0.0,200.0,700.0,100.0,2277099.7825396922,960000.0,1317099.7825396922,False,True,315.6920523800024,59.192259821250445,2184.6549972265802
0.0,200.0,1,0.0,600.0,700.0,100.0,2025557.6383408702,960000.0,1065557.6383408702,False,True,315.6920523800024,59.192259821250445,3319.5344891366913
0.0,0.0,3,0.0,400.0,500.0,150.0,2279599.7825396922,962500.0,1317099.7825396922,False,True,315.6920523800024,59.192259821250445,2184.6549972265802
200.0,400.0,0,0.0,0.0,500.0,150.0,1431420.8442478438,962500.0,468920.8442478438,False,True,315.6920523800024,59.192259821250445,3865.8930600743543
0.0,0.0,0,2500.0,0.0,700.0,100.0,2270652.2825396922,965000.0,1305652.2825396922,False,True,315.6920523800024,59.192259821250445,3865.8930600743543
0.0,0.0,1,1500.0,400.0,500.0,100.0,2276138.5325396922,965000.0,1311138.5325396922,False,True,315.6920523800024,59.192259821250445,3646.08629063035
0.0,0.0,0,1500.0,600.0,700.0,150.0,2273152.2825396922,967500.0,1305652.2825396922,False,True,315.6920523800024,59.192259821250445,3708.3402300771795
0.0,0.0,0,2500.0,200.0,500.0,150.0,2273152.2825396922,967500.0,1305652.2825396922,False,True,315.6920523800024,59.192259821250445,3748.9606296132833
0.0,0.0,4,0.0,0.0,500.0,100.0,2287099.7825396922,970000.0,1317099.7825396922,False,True,315.6920523800024,59.192259821250445,2184.6549972265802
0.0,200.0,2,0.0,400.0,500.0,100.0,2041162.6383408702,970000.0,1071162.6383408702,False,True,315.6920523800024,59.192259821250445,1241.592425549732
200.0,0.0,1,0.0,600.0,500.0,100.0,1800972.526507222,970000.0,830972.5265072221,False,True,315.6920523800024,59.192259821250445,2671.0661479499868
0.0,0.0,3,0.0,200.0,700.0,150.0,2289599.7825396922,972500.0,1317099.7825396922,False,True,315.6920523800024,59.192259821250445,2184.6549972265802
0.0,200.0,1,0.0,600.0,700.0,150.0,2038057.6383408702,972500.0,1065557.6383408702,False,True,315.6920523800024,59.192259821250445,3319.5344891366913
0.0,0.0,1,1500.0,200.0,700.0,100.0,2286138.5325396922,975000.0,1311138.5325396922,False,True,315.6920523800024,59.192259821250445,3682.0445160135787
0.0,0.0,0,2500.0,0.0,700.0,150.0,2283152.2825396922,977500.0,1305652.2825396922,False,True,315.6920523800024,59.192259821250445,3865.8930600743543
0.0,0.0,1,1500.0,400.0,500.0,150.0,2288638.5325396922,977500.0,1311138.5325396922,False,True,315.6920523800024,59.192259821250445,3646.08629063035
0.0,200.0,2,0.0,200.0,700.0,100.0,2051162.6383408702,980000.0,1071162.6383408702,False,True,315.6920523800024,59.192259821250445,1241.592425549732
0.0,400.0,0,0.0,600.0,700.0,100.0,1822925.245293745,980000.0,842925.2452937451,False,True,315.6920523800024,59.192259821250445,3226.887542458592
200.0,0.0,1,0.0,400.0,700.0,100.0,1810972.526507222,980000.0,830972.5265072221,False,True,315.6920523800024,59.192259821250445,2671.0661479499868
0.0,0.0,4,0.0,0.0,500.0,150.0,2299599.7825396922,982500.0,1317099.7825396922,False,True,315.6920523800024,59.192259821250445,2184.6549972265802
0.0,200.0,2,0.0,400.0,500.0,150.0,2053662.6383408702,982500.0,1071162.6383408702,False,True,315.6920523800024,59.192259821250445,1241.592425549732
200.0,0.0,1,0.0,600.0,500.0,150.0,1813472.526507222,982500.0,830972.5265072221,False,True,315.6920523800024,59.192259821250445,2671.0661479499868
0.0,0.0,2,1500.0,0.0,500.0,100.0,2301743.5325396922,985000.0,1316743.5325396922,False,True,315.6920523800024,59.192259821250445,2297.6452851452086
0.0,200.0,0,1500.0,400.0,500.0,100.0,2045071.3883408702,985000.0,1060071.3883408702,False,True,315.6920523800024,59.192259821250445,3647.7021310864807
0.0,0.0,1,1500.0,200.0,700.0,150.0,2298638.5325396922,987500.0,1311138.5325396922,False,True,315.6920523800024,59.192259821250445,3682.0445160135787
0.0,200.0,3,0.0,0.0,500.0,100.0,2061518.8883408702,990000.0,1071518.8883408702,False,True,315.6920523800024,59.192259821250445,1113.9955955501605
0.0,400.0,1,0.0,400.0,500.0,100.0,1838411.495293745,990000.0,848411.4952937451,False,True,315.6920523800024,59.192259821250445,2560.5946133827692
200.0,0.0,2,0.0,200.0,500.0,100.0,1826577.526507222,990000.0,836577.5265072221,False,True,315.6920523800024,59.192259821250445,522.0094607480587
200.0,200.0,0,0.0,600.0,500.0,100.0,1575172.1816036687,990000.0,585172.1816036686,False,True,315.6920523800024,59.192259821250445,3496.122335179715
0.0,200.0,2,0.0,200.0,700.0,150.0,2063662.6383408702,992500.0,1071162.6383408702,False,True,315.6920523800024,59.192259821250445,1241.592425549732
0.0,400.0,0,0.0,600.0,700.0,150.0,1835425.245293745,992500.0,842925.2452937451,False,True,315.6920523800024,59.192259821250445,3226.887542458592
200.0,0.0,1,0.0,400.0,700.0,150.0,1823472.526507222,992500.0,830972.5265072221,False,True,315.6920523800024,59.192259821250445,2671.0661479499868
0.0,200.0,0,1500.0,200.0,700.0,100.0,2055071.3883408702,995000.0,1060071.3883408702,False,True,315.6920523800024,59.192259821250445,3678.9427360221134
0.0,0.0,2,1500.0,0.0,500.0,150.0,2314243.5325396922,997500.0,1316743.5325396922,False,True,315.6920523800024,59.192259821250445,2297.6452851452086
0.0,200.0,0,1500.0,400.0,500.0,150.0,2057571.3883408702,997500.0,1060071.3883408702,False,True,315.6920523800024,59.192259821250445,3647.7021310864807
0.0,400.0,1,0.0,200.0,700.0,100.0,1848411.495293745,1000000.0,848411.4952937451,False,True,315.6920523800024,59.192259821250445,2560.5946133827692
200.0,0.0,2,0.0,0.0,700.0,100.0,1836577.526507222,1000000.0,836577.5265072221,False,True,315.6920523800024,59.192259821250445,522.0094607480587
200.0,200.0,0,0.0,400.0,700.0,100.0,1585172.1816036687,1000000.0,585172.1816036686,False,True,315.6920523800024,59.192259821250445,3496.122335179715
0.0,200.0,3,0.0,0.0,500.0,150.0,2074018.8883408702,1002500.0,1071518.8883408702,False,True,315.6920523800024,59.192259821250445,1113.9955955501605
0.0,400.0,1,0.0,400.0,500.0,150.0,1850911.495293745,1002500.0,848411.4952937451,False,True,315.6920523800024,59.192259821250445,2560.5946133827692
200.0,0.0,2,0.0,200.0,500.0,150.0,1839077.526507222,1002500.0,836577.5265072221,False,True,315.6920523800024,59.192259821250445,522.0094607480587
200.0,200.0,0,0.0,600.0,500.0,150.0,1587672.1816036687,1002500.0,585172.1816036686,False,True,315.6920523800024,59.192259821250445,3496.122335179715
0.0,200.0,1,1500.0,0.0,500.0,100.0,2070557.6383408702,1005000.0,1065557.6383408702,False,True,315.6920523800024,59.192259821250445,3319.5344891366913
200.0,0.0,0,1500.0,200.0,500.0,100.0,1830486.276507222,1005000.0,825486.2765072221,False,True,315.6920523800024,59.192259821250445,3579.500840844822
0.0,200.0,0,1500.0,200.0,700.0,150.0,2067571.3883408702,1007500.0,1060071.3883408702,False,True,315.6920523800024,59.192259821250445,3678.9427360221134
0.0,400.0,2,0.0,0.0,500.0,100.0,1864016.495293745,1010000.0,854016.4952937451,False,True,315.6920523800024,59.192259821250445,1172.9897800840567
0.0,600.0,0,0.0,400.0,500.0,100.0,1766563.9616800814,1010000.0,756563.9616800814,False,True,315.6920523800024,59.192259821250445,2746.4497414869265
200.0,200.0,1,0.0,200.0,500.0,100.0,1600658.4316036687,1010000.0,590658.4316036686,False,True,315.6920523800024,59.192259821250445,1583.0392594363625
400.0,0.0,0,0.0,400.0,500.0,100.0,1415463.3244380415,1010000.0,405463.3244380414,False,True,315.6920523800024,59.192259821250445,2734.897377350024
0.0,400.0,1,0.0,200.0,700.0,150.0,1860911.495293745,1012500.0,848411.4952937451,False,True,315.6920523800024,59.192259821250445,2560.5946133827692
200.0,0.0,2,0.0,0.0,700.0,150.0,1849077.526507222,1012500.0,836577.5265072221,False,True,315.6920523800024,59.192259821250445,522.0094607480587
200.0,200.0,0,0.0,400.0,700.0,150.0,1597672.1816036687,1012500.0,585172.1816036686,False,True,315.6920523800024,59.192259821250445,3496.122335179715
200.0,0.0,0,1500.0,0.0,700.0,100.0,1840486.276507222,1015000.0,825486.2765072221,False,True,315.6920523800024,59.192259821250445,3865.8930600743543
0.0,200.0,1,1500.0,0.0,500.0,150.0,2083057.6383408702,1017500.0,1065557.6383408702,False,True,315.6920523800024,59.192259821250445,3319.5344891366913
200.0,0.0,0,1500.0,200.0,500.0,150.0,1842986.276507222,1017500.0,825486.2765072221,False,True,315.6920523800024,59.192259821250445,3579.500840844822
0.0,600.0,0,0.0,200.0,700.0,100.0,1776563.9616800814,1020000.0,756563.9616800814,False,True,315.6920523800024,59.192259821250445,2746.4497414869265
200.0,200.0,1,0.0,0.0,700.0,100.0,1610658.4316036687,1020000.0,590658.4316036686,False,True,315.6920523800024,59.192259821250445,1633.3761884611788
400.0,0.0,0,0.0,200.0,700.0,100.0,1425463.3244380415,1020000.0,405463.3244380414,False,True,315.6920523800024,59.192259821250445,2734.897377350024
0.0,400.0,2,0.0,0.0,500.0,150.0,1876516.495293745,1022500.0,854016.4952937451,False,True,315.6920523800024,59.192259821250445,1172.9897800840567
0.0,600.0,0,0.0,400.0,500.0,150.0,1779063.9616800814,1022500.0,756563.9616800814,False,True,315.6920523800024,59.192259821250445,2746.4497414869265
200.0,200.0,1,0.0,200.0,500.0,150.0,1613158.4316036687,1022500.0,590658.4316036686,False,True,315.6920523800024,59.192259821250445,1583.0392594363625
400.0,0.0,0,0.0,400.0,500.0,150.0,1427963.3244380415,1022500.0,405463.3244380414,False,True,315.6920523800024,59.192259821250445,2734.897377350024
0.0,400.0,0,1500.0,0.0,500.0,100.0,1867925.245293745,1025000.0,842925.2452937451,False,True,315.6920523800024,59.192259821250445,3865.8930600743543
200.0,0.0,0,1500.0,0.0,700.0,150.0,1852986.276507222,1027500.0,825486.2765072221,False,True,315.6920523800024,59.192259821250445,3865.8930600743543
0.0,0.0,3,0.0,600.0,500.0,100.0,2347099.7825396922,1030000.0,1317099.7825396922,False,True,315.6920523800024,59.192259821250445,2184.6549972265802
0.0,600.0,1,0.0,0.0,500.0,100.0,1792050.2116800814,1030000.0,762050.2116800814,False,True,315.6920523800024,59.192259821250445,2421.411113161629
200.0,400.0,0,0.0,200.0,500.0,100.0,1498920.8442478438,1030000.0,468920.8442478438,False,True,315.6920523800024,59.192259821250445,2674.63305943613
400.0,0.0,1,0.0,0.0,500.0,100.0,1440949.5744380415,1030000.0,410949.5744380414,False,True,315.6920523800024,59.192259821250445,943.0407887391632
0.0,600.0,0,0.0,200.0,700.0,150.0,1789063.9616800814,1032500.0,756563.9616800814,False,True,315.6920523800024,59.192259821250445,2746.4497414869265
200.0,200.0,1,0.0,0.0,700.0,150.0,1623158.4316036687,1032500.0,590658.4316036686,False,True,315.6920523800024,59.192259821250445,1633.3761884611788
400.0,0.0,0,0.0,200.0,700.0,150.0,1437963.3244380415,1032500.0,405463.3244380414,False,True,315.6920523800024,59.192259821250445,2734.897377350024
0.0,0.0,0,2500.0,400.0,500.0,100.0,2340652.2825396922,1035000.0,1305652.2825396922,False,True,315.6920523800024,59.192259821250445,3587.2611719257848
0.0,400.0,0,1500.0,0.0,500.0,150.0,1880425.245293745,1037500.0,842925.2452937451,False,True,315.6920523800024,59.192259821250445,3865.8930600743543
0.0,0.0,3,0.0,400.0,700.0,100.0,2357099.7825396922,1040000.0,1317099.7825396922,False,True,315.6920523800024,59.192259821250445,2184.6549972265802
200.0,400.0,0,0.0,0.0,700.0,100.0,1508920.8442478438,1040000.0,468920.8442478438,False,True,315.6920523800024,59.192259821250445,3865.8930600743543
0.0,0.0,3,0.0,600.0,500.0,150.0,2359599.7825396922,1042500.0,1317099.7825396922,False,True,315.6920523800024,59.192259821250445,2184.6549972265802
0.0,600.0,1,0.0,0.0,500.0,150.0,1804550.2116800814,1042500.0,762050.2116800814,False,True,315.6920523800024,59.192259821250445,2421.411113161629
200.0,400.0,0,0.0,200.0,500.0,150.0,1511420.8442478438,1042500.0,468920.8442478438,False,True,315.6920523800024,59.192259821250445,2674.63305943613
400.0,0.0,1,0.0,0.0,500.0,150.0,1453449.5744380415,1042500.0,410949.5744380414,False,True,315.6920523800024,59.192259821250445,943.0407887391632
0.0,0.0,0,2500.0,200.0,700.0,100.0,2350652.2825396922,1045000.0,1305652.2825396922,False,True,315.6920523800024,59.192259821250445,3748.9606296132833
0.0,0.0,1,1500.0,600.0,500.0,100.0,2356138.5325396922,1045000.0,1311138.5325396922,False,True,315.6920523800024,59.192259821250445,3646.08629063035
0.0,0.0,0,2500.0,400.0,500.0,150.0,2353152.2825396922,1047500.0,1305652.2825396922,False,True,315.6920523800024,59.192259821250445,3587.2611719257848
0.0,0.0,4,0.0,200.0,500.0,100.0,2367099.7825396922,1050000.0,1317099.7825396922,False,True,315.6920523800024,59.192259821250445,2184.6549972265802
0.0,200.0,2,0.0,600.0,500.0,100.0,2121162.63834087,1050000.0,1071162.6383408702,False,True,315.6920523800024,59.192259821250445,1241.592425549732
400.0,200.0,0,0.0,0.0,500.0,100.0,1306210.2720558762,1050000.0,256210.2720558762,False,True,315.6920523800024,59.192259821250445,3865.8930600743543
0.0,0.0,3,0.0,400.0,700.0,150.0,2369599.7825396922,1052500.0,1317099.7825396922,False,True,315.6920523800024,59.192259821250445,2184.6549972265802
200.0,400.0,0,0.0,0.0,700.0,150.0,1521420.8442478438,1052500.0,468920.8442478438,False,True,315.6920523800024,59.192259821250445,3865.8930600743543
0.0,0.0,1,1500.0,400.0,700.0,100.0,2366138.5325396922,1055000.0,1311138.5325396922,False,True,315.6920523800024,59.192259821250445,3646.08629063035
0.0,0.0,1,2500.0,0.0,500.0,100.0,2366138.5325396922,1055000.0,1311138.5325396922,False,True,315.6920523800024,59.192259821250445,3865.8930600743543
0.0,0.0,0,2500.0,200.0,700.0,150.0,2363152.2825396922,1057500.0,1305652.2825396922,False,True,315.6920523800024,59.192259821250445,3748.9606296132833
0.0,0.0,1,1500.0,600.0,500.0,150.0,2368638.5325396922,1057500.0,1311138.5325396922,False,True,315.6920523800024,59.192259821250445,3646.08629063035
0.0,0.0,4,0.0,0.0,700.0,100.0,2377099.7825396922,1060000.0,1317099.7825396922,False,True,315.6920523800024,59.192259821250445,2184.6549972265802
0.0,200.0,2,0.0,400.0,700.0,100.0,2131162.63834087,1060000.0,1071162.6383408702,False,True,315.6920523800024,59.192259821250445,1241.592425549732
200.0,0.0,1,0.0,600.0,700.0,100.0,1890972.526507222,1060000.0,830972.5265072221,False,True,315.6920523800024,59.192259821250445,2671.0661479499868
0.0,0.0,4,0.0,200.0,500.0,150.0,2379599.7825396922,1062500.0,1317099.7825396922,False,True,315.6920523800024,59.192259821250445,2184.6549972265802
0.0,200.0,2,0.0,600.0,500.0,150.0,2133662.63834087,1062500.0,1071162.6383408702,False,True,315.6920523800024,59.192259821250445,1241.592425549732
400.0,200.0,0,0.0,0.0,500.0,150.0,1318710.2720558762,1062500.0,256210.2720558762,False,True,315.6920523800024,59.192259821250445,3865.8930600743543
0.0,0.0,2,1500.0,200.0,500.0,100.0,2381743.5325396922,1065000.0,1316743.5325396922,False,True,315.6920523800024,59.192259821250445,1959.8187971292273
0.0,200.0,0,1500.0,600.0,500.0,100.0,2125071.38834087,1065000.0,1060071.3883408702,False,True,315.6920523800024,59.192259821250445,3647.7021310864807
0.0,0.0,1,1500.0,400.0,700.0,150.0,2378638.5325396922,1067500.0,1311138.5325396922,False,True,315.6920523800024,59.192259821250445,3646.08629063035
0.0,0.0,1,2500.0,0.0,500.0,150.0,2378638.5325396922,1067500.0,1311138.5325396922,False,True,315.6920523800024,59.192259821250445,3865.8930600743543
0.0,200.0,3,0.0,200.0,500.0,100.0,2141518.88834087,1070000.0,1071518.8883408702,False,True,315.6920523800024,59.192259821250445,1113.9955955501605
0.0,400.0,1,0.0,600.0,500.0,100.0,1918411.495293745,1070000.0,848411.4952937451,False,True,315.6920523800024,59.192259821250445,2560.5946133827692
200.0,0.0,2,0.0,400.0,500.0,100.0,1906577.526507222,1070000.0,836577.5265072221,False,True,315.6920523800024,59.192259821250445,522.0094607480587
0.0,0.0,4,0.0,0.0,700.0,150.0,2389599.7825396922,1072500.0,1317099.7825396922,False,True,315.6920523800024,59.192259821250445,2184.6549972265802
0.0,200.0,2,0.0,400.0,700.0,150.0,2143662.63834087,1072500.0,1071162.6383408702,False,True,315.6920523800024,59.192259821250445,1241.592425549732
200.0,0.0,1,0.0,600.0,700.0,150.0,1903472.526507222,1072500.0,830972.5265072221,False,True,315.6920523800024,59.192259821250445,2671.0661479499868
0.0,0.0,2,1500.0,0.0,700.0,100.0,2391743.5325396922,1075000.0,1316743.5325396922,False,True,315.6920523800024,59.192259821250445,2297.6452851452086
0.0,200.0,0,1500.0,400.0,700.0,100.0,2135071.38834087,1075000.0,1060071.3883408702,False,True,315.6920523800024,59.192259821250445,3647.7021310864807
0.0,200.0,0,2500.0,0.0,500.0,100.0,2135071.38834087,1075000.0,1060071.3883408702,False,True,315.6920523800024,59.192259821250445,3865.8930600743543
0.0,0.0,2,1500.0,200.0,500.0,150.0,2394243.5325396922,1077500.0,1316743.5325396922,False,True,315.6920523800024,59.192259821250445,1959.8187971292273
0.0,200.0,0,1500.0,600.0,500.0,150.0,2137571.38834087,1077500.0,1060071.3883408702,False,True,315.6920523800024,59.192259821250445,3647.7021310864807
0.0,200.0,3,0.0,0.0,700.0,100.0,2151518.88834087,1080000.0,1071518.8883408702,False,True,315.6920523800024,59.192259821250445,1113.9955955501605
0.0,400.0,1,0.0,400.0,700.0,100.0,1928411.495293745,1080000.0,848411.4952937451,False,True,315.6920523800024,59.192259821250445,2560.5946133827692
200.0,0.0,2,0.0,200.0,700.0,100.0,1916577.526507222,1080000.0,836577.5265072221,False,True,315.6920523800024,59.192259821250445,522.0094607480587
200.0,200.0,0,0.0,600.0,700.0,100.0,1665172.1816036687,1080000.0,585172.1816036686,False,True,315.6920523800024,59.192259821250445,3496.122335179715
0.0,200.0,3,0.0,200.0,500.0,150.0,2154018.88834087,1082500.0,1071518.8883408702,False,True,315.6920523800024,59.192259821250445,1113.9955955501605
0.0,400.0,1,0.0,600.0,500.0,150.0,1930911.495293745,1082500.0,848411.4952937451,False,True,315.6920523800024,59.192259821250445,2560.5946133827692
200.0,0.0,2,0.0,400.0,500.0,150.0,1919077.526507222,1082500.0,836577.5265072221,False,True,315.6920523800024,59.192259821250445,522.0094607480587
0.0,200.0,1,1500.0,200.0,500.0,100.0,2150557.63834087,1085000.0,1065557.6383408702,False,True,315.6920523800024,59.192259821250445,3043.278038642874
200.0,0.0,0,1500.0,400.0,500.0,100.0,1910486.276507222,1085000.0,825486.2765072221,False,True,315.6920523800024,59.192259821250445,3575.690530657883
0.0,0.0,2,1500.0,0.0,700.0,150.0,2404243.5325396922,1087500.0,1316743.5325396922,False,True,315.6920523800024,59.192259821250445,2297.6452851452086
0.0,200.0,0,1500.0,400.0,700.0,150.0,2147571.38834087,1087500.0,1060071.3883408702,False,True,315.6920523800024,59.192259821250445,3647.7021310864807
0.0,200.0,0,2500.0,0.0,500.0,150.0,2147571.38834087,1087500.0,1060071.3883408702,False,True,315.6920523800024,59.192259821250445,3865.8930600743543
0.0,400.0,2,0.0,200.0,500.0,100.0,1944016.495293745,1090000.0,854016.4952937451,False,True,315.6920523800024,59.192259821250445,1129.560163250294
0.0,600.0,0,0.0,600.0,500.0,100.0,1846563.9616800814,1090000.0,756563.9616800814,False,True,315.6920523800024,59.192259821250445,2746.4497414869265
200.0,0.0,3,0.0,0.0,500.0,100.0,1926933.776507222,1090000.0,836933.7765072221,False,True,315.6920523800024,59.192259821250445,435.7692404513767
200.0,200.0,1,0.0,400.0,500.0,100.0,1680658.4316036687,1090000.0,590658.4316036686,False,True,315.6920523800024,59.192259821250445,1583.0392594363625
400.0,0.0,0,0.0,600.0,500.0,100.0,1495463.3244380415,1090000.0,405463.3244380414,False,True,315.6920523800024,59.192259821250445,2734.897377350024
0.0,200.0,3,0.0,0.0,700.0,150.0,2164018.88834087,1092500.0,1071518.8883408702,False,True,315.6920523800024,59.192259821250445,1113.9955955501605
0.0,400.0,1,0.0,400.0,700.0,150.0,1940911.495293745,1092500.0,848411.4952937451,False,True,315.6920523800024,59.192259821250445,2560.5946133827692
200.0,0.0,2,0.0,200.0,700.0,150.0,1929077.526507222,1092500.0,836577.5265072221,False,True,315.6920523800024,59.192259821250445,522.0094607480587
200.0,200.0,0,0.0,600.0,700.0,150.0,1677672.1816036687,1092500.0,585172.1816036686,False,True,315.6920523800024,59.192259821250445,3496.122335179715
0.0,200.0,1,1500.0,0.0,700.0,100.0,2160557.63834087,1095000.0,1065557.6383408702,False,True,315.6920523800024,59.192259821250445,3319.5344891366913
200.0,0.0,0,1500.0,200.0,700.0,100.0,1920486.276507222,1095000.0,825486.2765072221,False,True,315.6920523800024,59.192259821250445,3579.500840844822
0.0,200.0,1,1500.0,200.0,500.0,150.0,2163057.63834087,1097500.0,1065557.6383408702,False,True,315.6920523800024,59.192259821250445,3043.278038642874
200.0,0.0,0,1500.0,400.0,500.0,150.0,1922986.276507222,1097500.0,825486.2765072221,False,True,315.6920523800024,59.192259821250445,3575.690530657883
0.0,400.0,2,0.0,0.0,700.0,100.0,1954016.495293745,1100000.0,854016.4952937451,False,True,315.6920523800024,59.192259821250445,1172.9897800840567
0.0,600.0,0,0.0,400.0,700.0,100.0,1856563.9616800814,1100000.0,756563.9616800814,False,True,315.6920523800024,59.192259821250445,2746.4497414869265
200.0,200.0,1,0.0,200.0,700.0,100.0,1690658.4316036687,1100000.0,590658.4316036686,False,True,315.6920523800024,59.192259821250445,1583.0392594363625
400.0,0.0,0,0.0,400.0,700.0,100.0,1505463.3244380415,1100000.0,405463.3244380414,False,True,315.6920523800024,59.192259821250445,2734.897377350024
0.0,400.0,2,0.0,200.0,500.0,150.0,1956516.495293745,1102500.0,854016.4952937451,False,True,315.6920523800024,59.192259821250445,1129.560163250294
0.0,600.0,0,0.0,600.0,500.0,150.0,1859063.9616800814,1102500.0,756563.9616800814,False,True,315.6920523800024,59.192259821250445,2746.4497414869265
200.0,0.0,3,0.0,0.0,500.0,150.0,1939433.776507222,1102500.0,836933.7765072221,False,True,315.6920523800024,59.192259821250445,435.7692404513767
200.0,200.0,1,0.0,400.0,500.0,150.0,1693158.4316036687,1102500.0,590658.4316036686,False,True,315.6920523800024,59.192259821250445,1583.0392594363625
400.0,0.0,0,0.0,600.0,500.0,150.0,1507963.3244380415,1102500.0,405463.3244380414,False,True,315.6920523800024,59.192259821250445,2734.897377350024
0.0,400.0,0,1500.0,200.0,500.0,100.0,1947925.245293745,1105000.0,842925.2452937451,False,True,315.6920523800024,59.192259821250445,2298.6387394953294
200.0,0.0,1,1500.0,0.0,500.0,100.0,1935972.526507222,1105000.0,830972.5265072221,False,True,315.6920523800024,59.192259821250445,2671.0661479499868
0.0,200.0,1,1500.0,0.0,700.0,150.0,2173057.63834087,1107500.0,1065557.6383408702,False,True,315.6920523800024,59.192259821250445,3319.5344891366913
200.0,0.0,0,1500.0,200.0,700.0,150.0,1932986.276507222,1107500.0,825486.2765072221,False,True,315.6920523800024,59.192259821250445,3579.500840844822
0.0,600.0,1,0.0,200.0,500.0,100.0,1872050.2116800814,1110000.0,762050.2116800814,False,True,315.6920523800024,59.192259821250445,2308.7366218482443
200.0,200.0,2,0.0,0.0,500.0,100.0,1706263.4316036687,1110000.0,596263.4316036686,False,True,315.6920523800024,59.192259821250445,367.0116456494003
200.0,400.0,0,0.0,400.0,500.0,100.0,1578920.8442478438,1110000.0,468920.8442478438,False,True,315.6920523800024,59.192259821250445,2674.63305943613
400.0,0.0,1,0.0,200.0,500.0,100.0,1520949.5744380415,1110000.0,410949.5744380414,False,True,315.6920523800024,59.192259821250445,762.5221662174265
0.0,400.0,2,0.0,0.0,700.0,150.0,1966516.495293745,1112500.0,854016.4952937451,False,True,315.6920523800024,59.192259821250445,1172.9897800840567
0.0,600.0,0,0.0,400.0,700.0,150.0,1869063.9616800814,1112500.0,756563.9616800814,False,True,315.6920523800024,59.192259821250445,2746.4497414869265
200.0,200.0,1,0.0,200.0,700.0,150.0,1703158.4316036687,1112500.0,590658.4316036686,False,True,315.6920523800024,59.192259821250445,1583.0392594363625
400.0,0.0,0,0.0,400.0,700.0,150.0,1517963.3244380415,1112500.0,405463.3244380414,False,True,315.6920523800024,59.192259821250445,2734.897377350024
0.0,0.0,0,2500.0,600.0,500.0,100.0,2420652.2825396922,1115000.0,1305652.2825396922,False,True,315.6920523800024,59.192259821250445,3587.2611719257848
0.0,400.0,0,1500.0,0.0,700.0,100.0,1957925.245293745,1115000.0,842925.2452937451,False,True,315.6920523800024,59.192259821250445,3865.8930600743543
0.0,400.0,0,1500.0,200.0,500.0,150.0,1960425.245293745,1117500.0,842925.2452937451,False,True,315.6920523800024,59.192259821250445,2298.6387394953294
200.0,0.0,1,1500.0,0.0,500.0,150.0,1948472.526507222,1117500.0,830972.5265072221,False,True,315.6920523800024,59.192259821250445,2671.0661479499868
0.0,0.0,3,0.0,600.0,700.0,100.0,2437099.7825396922,1120000.0,1317099.7825396922,False,True,315.6920523800024,59.192259821250445,2184.6549972265802
0.0,600.0,1,0.0,0.0,700.0,100.0,1882050.2116800814,1120000.0,762050.2116800814,False,True,315.6920523800024,59.192259821250445,2421.411113161629
200.0,400.0,0,0.0,200.0,700.0,100.0,1588920.8442478438,1120000.0,468920.8442478438,False,True,315.6920523800024,59.192259821250445,2674.63305943613
400.0,0.0,1,0.0,0.0,700.0,100.0,1530949.5744380415,1120000.0,410949.5744380414,False,True,315.6920523800024,59.192259821250445,943.0407887391632
0.0,600.0,1,0.0,200.0,500.0,150.0,1884550.2116800814,1122500.0,762050.2116800814,False,True,315.6920523800024,59.192259821250445,2308.7366218482443
200.0,200.0,2,0.0,0.0,500.0,150.0,1718763.4316036687,1122500.0,596263.4316036686,False,True,315.6920523800024,59.192259821250445,367.0116456494003
200.0,400.0,0,0.0,400.0,500.0,150.0,1591420.8442478438,1122500.0,468920.8442478438,False,True,315.6920523800024,59.192259821250445,2674.63305943613
400.0,0.0,1,0.0,200.0,500.0,150.0,1533449.5744380415,1122500.0,410949.5744380414,False,True,315.6920523800024,59.192259821250445,762.5221662174265
0.0,0.0,0,2500.0,400.0,700.0,100.0,2430652.2825396922,1125000.0,1305652.2825396922,False,True,315.6920523800024,59.192259821250445,3587.2611719257848
0.0,0.0,0,3500.0,0.0,500.0,100.0,2430652.2825396922,1125000.0,1305652.2825396922,False,True,315.6920523800024,59.192259821250445,3865.8930600743543
200.0,200.0,0,1500.0,0.0,500.0,100.0,1710172.1816036687,1125000.0,585172.1816036686,False,True,315.6920523800024,59.192259821250445,3865.8930600743543
0.0,0.0,0,2500.0,600.0,500.0,150.0,2433152.2825396922,1127500.0,1305652.2825396922,False,True,315.6920523800024,59.192259821250445,3587.2611719257848
0.0,400.0,0,1500.0,0.0,700.0,150.0,1970425.245293745,1127500.0,842925.2452937451,False,True,315.6920523800024,59.192259821250445,3865.8930600743543
0.0,0.0,4,0.0,400.0,500.0,100.0,2447099.7825396922,1130000.0,1317099.7825396922,False,True,315.6920523800024,59.192259821250445,2184.6549972265802
200.0,400.0,1,0.0,0.0,500.0,100.0,1604407.0942478438,1130000.0,474407.0942478438,False,True,315.6920523800024,59.192259821250445,1533.5593852592126
400.0,200.0,0,0.0,200.0,500.0,100.0,1386210.2720558762,1130000.0,256210.2720558762,False,True,315.6920523800024,59.192259821250445,1870.3843133601079
0.0,0.0,3,0.0,600.0,700.0,150.0,2449599.7825396922,1132500.0,1317099.7825396922,False,True,315.6920523800024,59.192259821250445,2184.6549972265802
0.0,600.0,1,0.0,0.0,700.0,150.0,1894550.2116800814,1132500.0,762050.2116800814,False,True,315.6920523800024,59.192259821250445,2421.411113161629
200.0,400.0,0,0.0,200.0,700.0,150.0,1601420.8442478438,1132500.0,468920.8442478438,False,True,315.6920523800024,59.192259821250445,2674.63305943613
400.0,0.0,1,0.0,0.0,700.0,150.0,1543449.5744380415,1132500.0,410949.5744380414,False,True,315.6920523800024,59.192259821250445,943.0407887391632
0.0,0.0,1,1500.0,600.0,700.0,100.0,2446138.5325396922,1135000.0,1311138.5325396922,False,True,315.6920523800024,59.192259821250445,3646.08629063035
0.0,0.0,1,2500.0,200.0,500.0,100.0,2446138.5325396922,1135000.0,1311138.5325396922,False,True,315.6920523800024,59.192259821250445,3503.66167669732
0.0,0.0,0,2500.0,400.0,700.0,150.0,2443152.2825396922,1137500.0,1305652.2825396922,False,True,315.6920523800024,59.192259821250445,3587.2611719257848
0.0,0.0,0,3500.0,0.0,500.0,150.0,2443152.2825396922,1137500.0,1305652.2825396922,False,True,315.6920523800024,59.192259821250445,3865.8930600743543
200.0,200.0,0,1500.0,0.0,500.0,150.0,1722672.1816036687,1137500.0,585172.1816036686,False,True,315.6920523800024,59.192259821250445,3865.8930600743543
0.0,0.0,4,0.0,200.0,700.0,100.0,2457099.7825396922,1140000.0,1317099.7825396922,False,True,315.6920523800024,59.192259821250445,2184.6549972265802
0.0,200.0,2,0.0,600.0,700.0,100.0,2211162.63834087,1140000.0,1071162.6383408702,False,True,315.6920523800024,59.192259821250445,1241.592425549732
400.0,200.0,0,0.0,0.0,700.0,100.0,1396210.2720558762,1140000.0,256210.2720558762,False,True,315.6920523800024,59.192259821250445,3865.8930600743543
0.0,0.0,4,0.0,400.0,500.0,150.0,2459599.7825396922,1142500.0,1317099.7825396922,False,True,315.6920523800024,59.192259821250445,2184.6549972265802
200.0,400.0,1,0.0,0.0,500.0,150.0,1616907.0942478438,1142500.0,474407.0942478438,False,True,315.6920523800024,59.192259821250445,1533.5593852592126
400.0,200.0,0,0.0,200.0,500.0,150.0,1398710.2720558762,1142500.0,256210.2720558762,False,True,315.6920523800024,59.192259821250445,1870.3843133601079
0.0,0.0,1,2500.0,0.0,700.0,100.0,2456138.5325396922,1145000.0,1311138.5325396922,False,True,315.6920523800024,59.192259821250445,3865.8930600743543
0.0,0.0,2,1500.0,400.0,500.0,100.0,2461743.5325396922,1145000.0,1316743.5325396922,False,True,315.6920523800024,59.192259821250445,1959.8187971292273
0.0,0.0,1,1500.0,600.0,700.0,150.0,2458638.5325396922,1147500.0,1311138.5325396922,False,True,315.6920523800024,59.192259821250445,3646.08629063035
0.0,0.0,1,2500.0,200.0,500.0,150.0,2458638.5325396922,1147500.0,1311138.5325396922,False,True,315.6920523800024,59.192259821250445,3503.66167669732
0.0,0.0,5,0.0,0.0,500.0,100.0,2467099.7825396922,1150000.0,1317099.7825396922,False,True,315.6920523800024,59.192259821250445,2184.6549972265802
0.0,200.0,3,0.0,400.0,500.0,100.0,2221518.88834087,1150000.0,1071518.8883408702,False,True,315.6920523800024,59.192259821250445,1113.9955955501605
200.0,0.0,2,0.0,600.0,500.0,100.0,1986577.526507222,1150000.0,836577.5265072221,False,True,315.6920523800024,59.192259821250445,522.0094607480587
200.0,600.0,0,0.0,0.0,500.0,100.0,1589061.5573118608,1150000.0,439061.5573118607,False,True,315.6920523800024,59.192259821250445,3865.8930600743543
600.0,0.0,0,0.0,0.0,500.0,100.0,1359533.698135132,1150000.0,209533.69813513203,False,True,315.6920523800024,59.192259821250445,3865.8930600743543
0.0,0.0,4,0.0,200.0,700.0,150.0,2469599.7825396922,1152500.0,1317099.7825396922,False,True,315.6920523800024,59.192259821250445,2184.6549972265802
0.0,200.0,2,0.0,600.0,700.0,150.0,2223662.63834087,1152500.0,1071162.6383408702,False,True,315.6920523800024,59.192259821250445,1241.592425549732
400.0,200.0,0,0.0,0.0,700.0,150.0,1408710.2720558762,1152500.0,256210.2720558762,False,True,315.6920523800024,59.192259821250445,3865.8930600743543
0.0,0.0,2,1500.0,200.0,700.0,100.0,2471743.5325396922,1155000.0,1316743.5325396922,False,True,315.6920523800024,59.192259821250445,1959.8187971292273
0.0,200.0,0,1500.0,600.0,700.0,100.0,2215071.38834087,1155000.0,1060071.3883408702,False,True,315.6920523800024,59.192259821250445,3647.7021310864807
0.0,200.0,0,2500.0,200.0,500.0,100.0,2215071.38834087,1155000.0,1060071.3883408702,False,True,315.6920523800024,59.192259821250445,3577.3039765448
0.0,0.0,1,2500.0,0.0,700.0,150.0,2468638.5325396922,1157500.0,1311138.5325396922,False,True,315.6920523800024,59.192259821250445,3865.8930600743543
0.0,0.0,2,1500.0,400.0,500.0,150.0,2474243.5325396922,1157500.0,1316743.5325396922,False,True,315.6920523800024,59.192259821250445,1959.8187971292273
0.0,200.0,3,0.0,200.0,700.0,100.0,2231518.88834087,1160000.0,1071518.8883408702,False,True,315.6920523800024,59.192259821250445,1113.9955955501605
0.0,400.0,1,0.0,600.0,700.0,100.0,2008411.495293745,1160000.0,848411.4952937451,False,True,315.6920523800024,59.192259821250445,2560.5946133827692
200.0,0.0,2,0.0,400.0,700.0,100.0,1996577.526507222,1160000.0,836577.5265072221,False,True,315.6920523800024,59.192259821250445,522.0094607480587
0.0,0.0,5,0.0,0.0,500.0,150.0,2479599.7825396922,1162500.0,1317099.7825396922,False,True,315.6920523800024,59.192259821250445,2184.6549972265802
0.0,200.0,3,0.0,400.0,500.0,150.0,2234018.88834087,1162500.0,1071518.8883408702,False,True,315.6920523800024,59.192259821250445,1113.9955955501605
200.0,0.0,2,0.0,600.0,500.0,150.0,1999077.526507222,1162500.0,836577.5265072221,False,True,315.6920523800024,59.192259821250445,522.0094607480587
200.0,600.0,0,0.0,0.0,500.0,150.0,1601561.5573118608,1162500.0,439061.5573118607,False,True,315.6920523800024,59.192259821250445,3865.8930600743543
600.0,0.0,0,0.0,0.0,500.0,150.0,1372033.698135132,1162500.0,209533.69813513203,False,True,315.6920523800024,59.192259821250445,3865.8930600743543
0.0,0.0,3,1500.0,0.0,500.0,100.0,2482099.7825396922,1165000.0,1317099.7825396922,False,True,315.6920523800024,59.192259821250445,2184.6549972265802
0.0,200.0,0,2500.0,0.0,700.0,100.0,2225071.38834087,1165000.0,1060071.3883408702,False,True,315.6920523800024,59.192259821250445,3865.8930600743543
0.0,200.0,1,1500.0,400.0,500.0,100.0,2230557.63834087,1165000.0,1065557.6383408702,False,True,315.6920523800024,59.192259821250445,3018.4149566260344
200.0,0.0,0,1500.0,600.0,500.0,100.0,1990486.276507222,1165000.0,825486.2765072221,False,True,315.6920523800024,59.192259821250445,3575.690530657883
0.0,0.0,2,1500.0,200.0,700.0,150.0,2484243.5325396922,1167500.0,1316743.5325396922,False,True,315.6920523800024,59.192259821250445,1959.8187971292273
0.0,200.0,0,1500.0,600.0,700.0,150.0,2227571.38834087,1167500.0,1060071.3883408702,False,True,315.6920523800024,59.192259821250445,3647.7021310864807
0.0,200.0,0,2500.0,200.0,500.0,150.0,2227571.38834087,1167500.0,1060071.3883408702,False,True,315.6920523800024,59.192259821250445,3577.3039765448
0.0,200.0,4,0.0,0.0,500.0,100.0,2241518.88834087,1170000.0,1071518.8883408702,False,True,315.6920523800024,59.192259821250445,1113.9955955501605
0.0,400.0,2,0.0,400.0,500.0,100.0,2024016.495293745,1170000.0,854016.4952937451,False,True,315.6920523800024,59.192259821250445,1129.560163250294
200.0,0.0,3,0.0,200.0,500.0,100.0,2006933.776507222,1170000.0,836933.7765072221,False,True,315.6920523800024,59.192259821250445,435.7692404513767
200.0,200.0,1,0.0,600.0,500.0,100.0,1760658.4316036687,1170000.0,590658.4316036686,False,True,315.6920523800024,59.192259821250445,1583.0392594363625
0.0,200.0,3,0.0,200.0,700.0,150.0,2244018.88834087,1172500.0,1071518.8883408702,False,True,315.6920523800024,59.192259821250445,1113.9955955501605
0.0,400.0,1,0.0,600.0,700.0,150.0,2020911.495293745,1172500.0,848411.4952937451,False,True,315.6920523800024,59.192259821250445,2560.5946133827692
200.0,0.0,2,0.0,400.0,700.0,150.0,2009077.526507222,1172500.0,836577.5265072221,False,True,315.6920523800024,59.192259821250445,522.0094607480587
0.0,200.0,1,1500.0,200.0,700.0,100.0,2240557.63834087,1175000.0,1065557.6383408702,False,True,315.6920523800024,59.192259821250445,3043.278038642874
200.0,0.0,0,1500.0,400.0,700.0,100.0,2000486.276507222,1175000.0,825486.2765072221,False,True,315.6920523800024,59.192259821250445,3575.690530657883
200.0,0.0,0,2500.0,0.0,500.0,100.0,2000486.276507222,1175000.0,825486.2765072221,False,True,315.6920523800024,59.192259821250445,3865.8930600743543
0.0,0.0,3,1500.0,0.0,500.0,150.0,2494599.7825396922,1177500.0,1317099.7825396922,False,True,315.6920523800024,59.192259821250445,2184.6549972265802
0.0,200.0,0,2500.0,0.0,700.0,150.0,2237571.38834087,1177500.0,1060071.3883408702,False,True,315.6920523800024,59.192259821250445,3865.8930600743543
0.0,200.0,1,1500.0,400.0,500.0,150.0,2243057.63834087,1177500.0,1065557.6383408702,False,True,315.6920523800024,59.192259821250445,3018.4149566260344
200.0,0.0,0,1500.0,600.0,500.0,150.0,2002986.276507222,1177500.0,825486.2765072221,False,True,315.6920523800024,59.192259821250445,3575.690530657883
0.0,400.0,2,0.0,200.0,700.0,100.0,2034016.495293745,1180000.0,854016.4952937451,False,True,315.6920523800024,59.192259821250445,1129.560163250294
0.0,600.0,0,0.0,600.0,700.0,100.0,1936563.9616800814,1180000.0,756563.9616800814,False,True,315.6920523800024,59.192259821250445,2746.4497414869265
200.0,0.0,3,0.0,0.0,700.0,100.0,2016933.776507222,1180000.0,836933.7765072221,False,True,315.6920523800024,59.192259821250445,435.7692404513767
200.0,200.0,1,0.0,400.0,700.0,100.0,1770658.4316036687,1180000.0,590658.4316036686,False,True,315.6920523800024,59.192259821250445,1583.0392594363625
400.0,0.0,0,0.0,600.0,700.0,100.0,1585463.3244380415,1180000.0,405463.3244380414,False,True,315.6920523800024,59.192259821250445,2734.897377350024
0.0,200.0,4,0.0,0.0,500.0,150.0,2254018.88834087,1182500.0,1071518.8883408702,False,True,315.6920523800024,59.192259821250445,1113.9955955501605
0.0,400.0,2,0.0,400.0,500.0,150.0,2036516.495293745,1182500.0,854016.4952937451,False,True,315.6920523800024,59.192259821250445,1129.560163250294
200.0,0.0,3,0.0,200.0,500.0,150.0,2019433.776507222,1182500.0,836933.7765072221,False,True,315.6920523800024,59.192259821250445,435.7692404513767
200.0,200.0,1,0.0,600.0,500.0,150.0,1773158.4316036687,1182500.0,590658.4316036686,False,True,315.6920523800024,59.192259821250445,1583.0392594363625
0.0,200.0,2,1500.0,0.0,500.0,100.0,2256162.63834087,1185000.0,1071162.6383408702,False,True,315.6920523800024,59.192259821250445,1241.592425549732
0.0,400.0,0,1500.0,400.0,500.0,100.0,2027925.245293745,1185000.0,842925.2452937451,False,True,315.6920523800024,59.192259821250445,1925.423549142716
200.0,0.0,1,1500.0,200.0,500.0,100.0,2015972.526507222,1185000.0,830972.5265072221,False,True,315.6920523800024,59.192259821250445,2227.095409546986
0.0,200.0,1,1500.0,200.0,700.0,150.0,2253057.63834087,1187500.0,1065557.6383408702,False,True,315.6920523800024,59.192259821250445,3043.278038642874
200.0,0.0,0,1500.0,400.0,700.0,150.0,2012986.276507222,1187500.0,825486.2765072221,False,True,315.6920523800024,59.192259821250445,3575.690530657883
200.0,0.0,0,2500.0,0.0,500.0,150.0,2012986.276507222,1187500.0,825486.2765072221,False,True,315.6920523800024,59.192259821250445,3865.8930600743543
0.0,400.0,3,0.0,0.0,500.0,100.0,2044372.745293745,1190000.0,854372.7452937451,False,True,315.6920523800024,59.192259821250445,1059.658765620191
0.0,600.0,1,0.0,400.0,500.0,100.0,1952050.2116800814,1190000.0,762050.2116800814,False,True,315.6920523800024,59.192259821250445,2308.7366218482443
200.0,200.0,2,0.0,200.0,500.0,100.0,1786263.4316036687,1190000.0,596263.4316036686,False,True,315.6920523800024,59.192259821250445,339.90277857250504
200.0,400.0,0,0.0,600.0,500.0,100.0,1658920.8442478438,1190000.0,468920.8442478438,False,True,315.6920523800024,59.192259821250445,2674.63305943613
400.0,0.0,1,0.0,400.0,500.0,100.0,1600949.5744380415,1190000.0,410949.5744380414,False,True,315.6920523800024,59.192259821250445,762.5221662174265
0.0,400.0,2,0.0,200.0,700.0,150.0,2046516.495293745,1192500.0,854016.4952937451,False,True,315.6920523800024,59.192259821250445,1129.560163250294
0.0,600.0,0,0.0,600.0,700.0,150.0,1949063.9616800814,1192500.0,756563.9616800814,False,True,315.6920523800024,59.192259821250445,2746.4497414869265
200.0,0.0,3,0.0,0.0,700.0,150.0,2029433.776507222,1192500.0,836933.7765072221,False,True,315.6920523800024,59.192259821250445,435.7692404513767
200.0,200.0,1,0.0,400.0,700.0,150.0,1783158.4316036687,1192500.0,590658.4316036686,False,True,315.6920523800024,59.192259821250445,1583.0392594363625
400.0,0.0,0,0.0,600.0,700.0,150.0,1597963.3244380415,1192500.0,405463.3244380414,False,True,315.6920523800024,59.192259821250445,2734.897377350024
0.0,400.0,0,1500.0,200.0,700.0,100.0,2037925.245293745,1195000.0,842925.2452937451,False,True,315.6920523800024,59.192259821250445,2298.6387394953294
200.0,0.0,1,1500.0,0.0,700.0,100.0,2025972.526507222,1195000.0,830972.5265072221,False,True,315.6920523800024,59.192259821250445,2671.0661479499868
0.0,200.0,2,1500.0,0.0,500.0,150.0,2268662.63834087,1197500.0,1071162.6383408702,False,True,315.6920523800024,59.192259821250445,1241.592425549732
0.0,400.0,0,1500.0,400.0,500.0,150.0,2040425.245293745,1197500.0,842925.2452937451,False,True,315.6920523800024,59.192259821250445,1925.423549142716
200.0,0.0,1,1500.0,200.0,500.0,150.0,2028472.526507222,1197500.0,830972.5265072221,False,True,315.6920523800024,59.192259821250445,2227.095409546986
0.0,600.0,1,0.0,200.0,700.0,100.0,1962050.2116800814,1200000.0,762050.2116800814,False,True,315.6920523800024,59.192259821250445,2308.7366218482443
200.0,200.0,2,0.0,0.0,700.0,100.0,1796263.4316036687,1200000.0,596263.4316036686,False,True,315.6920523800024,59.192259821250445,367.0116456494003
200.0,400.0,0,0.0,400.0,700.0,100.0,1668920.8442478438,1200000.0,468920.8442478438,False,True,315.6920523800024,59.192259821250445,2674.63305943613
400.0,0.0,1,0.0,200.0,700.0,100.0,1610949.5744380415,1200000.0,410949.5744380414,False,True,315.6920523800024,59.192259821250445,762.5221662174265
0.0,400.0,3,0.0,0.0,500.0,150.0,2056872.745293745,1202500.0,854372.7452937451,False,True,315.6920523800024,59.192259821250445,1059.658765620191
0.0,600.0,1,0.0,400.0,500.0,150.0,1964550.2116800814,1202500.0,762050.2116800814,False,True,315.6920523800024,59.192259821250445,2308.7366218482443
200.0,200.0,2,0.0,200.0,500.0,150.0,1798763.4316036687,1202500.0,596263.4316036686,False,True,315.6920523800024,59.192259821250445,339.90277857250504
200.0,400.0,0,0.0,600.0,500.0,150.0,1671420.8442478438,1202500.0,468920.8442478438,False,True,315.6920523800024,59.192259821250445,2674.63305943613
400.0,0.0,1,0.0,400.0,500.0,150.0,1613449.5744380415,1202500.0,410949.5744380414,False,True,315.6920523800024,59.192259821250445,762.5221662174265
0.0,0.0,0,2500.0,600.0,700.0,100.0,2510652.2825396922,1205000.0,1305652.2825396922,False,True,315.6920523800024,59.192259821250445,3587.2611719257848
0.0,0.0,0,3500.0,200.0,500.0,100.0,2510652.2825396922,1205000.0,1305652.2825396922,False,True,315.6920523800024,59.192259821250445,3690.614810116158
0.0,400.0,1,1500.0,0.0,500.0,100.0,2053411.495293745,1205000.0,848411.4952937451,False,True,315.6920523800024,59.192259821250445,2622.2246847193433
200.0,200.0,0,1500.0,200.0,500.0,100.0,1790172.1816036687,1205000.0,585172.1816036686,False,True,315.6920523800024,59.192259821250445,2006.806886994841
0.0,400.0,0,1500.0,200.0,700.0,150.0,2050425.245293745,1207500.0,842925.2452937451,False,True,315.6920523800024,59.192259821250445,2298.6387394953294
200.0,0.0,1,1500.0,0.0,700.0,150.0,2038472.526507222,1207500.0,830972.5265072221,False,True,315.6920523800024,59.192259821250445,2671.0661479499868
0.0,0.0,4,0.0,600.0,500.0,100.0,2527099.7825396922,1210000.0,1317099.7825396922,False,True,315.6920523800024,59.192259821250445,2184.6549972265802
0.0,600.0,2,0.0,0.0,500.0,100.0,1977655.2116800814,1210000.0,767655.2116800814,False,True,315.6920523800024,59.192259821250445,1162.459385986338
200.0,400.0,1,0.0,200.0,500.0,100.0,1684407.0942478438,1210000.0,474407.0942478438,False,True,315.6920523800024,59.192259821250445,1412.3444399556545
400.0,0.0,2,0.0,0.0,500.0,100.0,1626554.5744380415,1210000.0,416554.5744380414,False,True,315.6920523800024,59.192259821250445,237.92071206447474
400.0,200.0,0,0.0,400.0,500.0,100.0,1466210.2720558762,1210000.0,256210.2720558762,False,True,315.6920523800024,59.192259821250445,1870.3843133601079
0.0,600.0,1,0.0,200.0,700.0,150.0,1974550.2116800814,1212500.0,762050.2116800814,False,True,315.6920523800024,59.192259821250445,2308.7366218482443
200.0,200.0,2,0.0,0.0,700.0,150.0,1808763.4316036687,1212500.0,596263.4316036686,False,True,315.6920523800024,59.192259821250445,367.0116456494003
200.0,400.0,0,0.0,400.0,700.0,150.0,1681420.8442478438,1212500.0,468920.8442478438,False,True,315.6920523800024,59.192259821250445,2674.63305943613
400.0,0.0,1,0.0,200.0,700.0,150.0,1623449.5744380415,1212500.0,410949.5744380414,False,True,315.6920523800024,59.192259821250445,762.5221662174265
0.0,0.0,0,3500.0,0.0,700.0,100.0,2520652.2825396922,1215000.0,1305652.2825396922,False,True,315.6920523800024,59.192259821250445,3865.8930600743543
0.0,0.0,1,2500.0,400.0,500.0,100.0,2526138.5325396922,1215000.0,1311138.5325396922,False,True,315.6920523800024,59.192259821250445,3455.301232614443
200.0,200.0,0,1500.0,0.0,700.0,100.0,1800172.1816036687,1215000.0,585172.1816036686,False,True,315.6920523800024,59.192259821250445,3865.8930600743543
0.0,0.0,0,2500.0,600.0,700.0,150.0,2523152.2825396922,1217500.0,1305652.2825396922,False,True,315.6920523800024,59.192259821250445,3587.2611719257848
0.0,0.0,0,3500.0,200.0,500.0,150.0,2523152.2825396922,1217500.0,1305652.2825396922,False,True,315.6920523800024,59.192259821250445,3690.614810116158
0.0,400.0,1,1500.0,0.0,500.0,150.0,2065911.495293745,1217500.0,848411.4952937451,False,True,315.6920523800024,59.192259821250445,2622.2246847193433
200.0,200.0,0,1500.0,200.0,500.0,150.0,1802672.1816036687,1217500.0,585172.1816036686,False,True,315.6920523800024,59.192259821250445,2006.806886994841
0.0,0.0,4,0.0,400.0,700.0,100.0,2537099.7825396922,1220000.0,1317099.7825396922,False,True,315.6920523800024,59.192259821250445,2184.6549972265802
200.0,400.0,1,0.0,0.0,700.0,100.0,1694407.0942478438,1220000.0,474407.0942478438,False,True,315.6920523800024,59.192259821250445,1533.5593852592126
400.0,200.0,0,0.0,200.0,700.0,100.0,1476210.2720558762,1220000.0,256210.2720558762,False,True,315.6920523800024,59.192259821250445,1870.3843133601079
0.0,0.0,4,0.0,600.0,500.0,150.0,2539599.7825396922,1222500.0,1317099.7825396922,False,True,315.6920523800024,59.192259821250445,2184.6549972265802
0.0,600.0,2,0.0,0.0,500.0,150.0,1990155.2116800814,1222500.0,767655.2116800814,False,True,315.6920523800024,59.192259821250445,1162.459385986338
200.0,400.0,1,0.0,200.0,500.0,150.0,1696907.0942478438,1222500.0,474407.0942478438,False,True,315.6920523800024,59.192259821250445,1412.3444399556545
400.0,0.0,2,0.0,0.0,500.0,150.0,1639054.5744380415,1222500.0,416554.5744380414,False,True,315.6920523800024,59.192259821250445,237.92071206447474
400.0,200.0,0,0.0,400.0,500.0,150.0,1478710.2720558762,1222500.0,256210.2720558762,False,True,315.6920523800024,59.192259821250445,1870.3843133601079
0.0,0.0,1,2500.0,200.0,700.0,100.0,2536138.5325396922,1225000.0,1311138.5325396922,False,True,315.6920523800024,59.192259821250445,3503.66167669732
0.0,0.0,2,1500.0,600.0,500.0,100.0,2541743.5325396922,1225000.0,1316743.5325396922,False,True,315.6920523800024,59.192259821250445,1959.8187971292273
0.0,600.0,0,1500.0,0.0,500.0,100.0,1981563.9616800814,1225000.0,756563.9616800814,False,True,315.6920523800024,59.192259821250445,3865.8930600743543
400.0,0.0,0,1500.0,0.0,500.0,100.0,1630463.3244380415,1225000.0,405463.3244380414,False,True,315.6920523800024,59.192259821250445,3865.8930600743543
0.0,0.0,0,3500.0,0.0,700.0,150.0,2533152.2825396922,1227500.0,1305652.2825396922,False,True,315.6920523800024,59.192259821250445,3865.8930600743543
0.0,0.0,1,2500.0,400.0,500.0,150.0,2538638.5325396922,1227500.0,1311138.5325396922,False,True,315.6920523800024,59.192259821250445,3455.301232614443
200.0,200.0,0,1500.0,0.0,700.0,150.0,1812672.1816036687,1227500.0,585172.1816036686,False,True,315.6920523800024,59.192259821250445,3865.8930600743543
0.0,0.0,5,0.0,200.0,500.0,100.0,2547099.7825396922,1230000.0,1317099.7825396922,False,True,315.6920523800024,59.192259821250445,2184.6549972265802
0.0,200.0,3,0.0,600.0,500.0,100.0,2301518.88834087,1230000.0,1071518.8883408702,False,True,315.6920523800024,59.192259821250445,1113.9955955501605
200.0,600.0,0,0.0,200.0,500.0,100.0,1669061.5573118608,1230000.0,439061.5573118607,False,True,315.6920523800024,59.192259821250445,2458.090398340818
400.0,200.0,1,0.0,0.0,500.0,100.0,1491696.5220558762,1230000.0,261696.5220558762,False,True,315.6920523800024,59.192259821250445,662.0523842304028
600.0,0.0,0,0.0,200.0,500.0,100.0,1439533.698135132,1230000.0,209533.69813513203,False,True,315.6920523800024,59.192259821250445,1246.2904937851806
0.0,0.0,4,0.0,400.0,700.0,150.0,2549599.7825396922,1232500.0,1317099.7825396922,False,True,315.6920523800024,59.192259821250445,2184.6549972265802
200.0,400.0,1,0.0,0.0,700.0,150.0,1706907.0942478438,1232500.0,474407.0942478438,False,True,315.6920523800024,59.192259821250445,1533.5593852592126
400.0,200.0,0,0.0,200.0,700.0,150.0,1488710.2720558762,1232500.0,256210.2720558762,False,True,315.6920523800024,59.192259821250445,1870.3843133601079
0.0,0.0,2,1500.0,400.0,700.0,100.0,2551743.5325396922,1235000.0,1316743.5325396922,False,True,315.6920523800024,59.192259821250445,1959.8187971292273
0.0,0.0,2,2500.0,0.0,500.0,100.0,2551743.5325396922,1235000.0,1316743.5325396922,False,True,315.6920523800024,59.192259821250445,2297.6452851452086
0.0,200.0,0,2500.0,400.0,500.0,100.0,2295071.38834087,1235000.0,1060071.3883408702,False,True,315.6920523800024,59.192259821250445,3508.5724432813286
0.0,0.0,1,2500.0,200.0,700.0,150.0,2548638.5325396922,1237500.0,1311138.5325396922,False,True,315.6920523800024,59.192259821250445,3503.66167669732
0.0,0.0,2,1500.0,600.0,500.0,150.0,2554243.5325396922,1237500.0,1316743.5325396922,False,True,315.6920523800024,59.192259821250445,1959.8187971292273
0.0,600.0,0,1500.0,0.0,500.0,150.0,1994063.9616800814,1237500.0,756563.9616800814,False,True,315.6920523800024,59.192259821250445,3865.8930600743543
400.0,0.0,0,1500.0,0.0,500.0,150.0,1642963.3244380415,1237500.0,405463.3244380414,False,True,315.6920523800024,59.192259821250445,3865.8930600743543
0.0,0.0,5,0.0,0.0,700.0,100.0,2557099.7825396922,1240000.0,1317099.7825396922,False,True,315.6920523800024,59.192259821250445,2184.6549972265802
0.0,200.0,3,0.0,400.0,700.0,100.0,2311518.88834087,1240000.0,1071518.8883408702,False,True,315.6920523800024,59.192259821250445,1113.9955955501605
200.0,0.0,2,0.0,600.0,700.0,100.0,2076577.526507222,1240000.0,836577.5265072221,False,True,315.6920523800024,59.192259821250445,522.0094607480587
200.0,600.0,0,0.0,0.0,700.0,100.0,1679061.5573118608,1240000.0,439061.5573118607,False,True,315.6920523800024,59.192259821250445,3865.8930600743543
600.0,0.0,0,0.0,0.0,700.0,100.0,1449533.698135132,1240000.0,209533.69813513203,False,True,315.6920523800024,59.192259821250445,3865.8930600743543
0.0,0.0,5,0.0,200.0,500.0,150.0,2559599.7825396922,1242500.0,1317099.7825396922,False,True,315.6920523800024,59.192259821250445,2184.6549972265802
0.0,200.0,3,0.0,600.0,500.0,150.0,2314018.88834087,1242500.0,1071518.8883408702,False,True,315.6920523800024,59.192259821250445,1113.9955955501605
200.0,600.0,0,0.0,200.0,500.0,150.0,1681561.5573118608,1242500.0,439061.5573118607,False,True,315.6920523800024,59.192259821250445,2458.090398340818
400.0,200.0,1,0.0,0.0,500.0,150.0,1504196.5220558762,1242500.0,261696.5220558762,False,True,315.6920523800024,59.192259821250445,662.0523842304028
600.0,0.0,0,0.0,200.0,500.0,150.0,1452033.698135132,1242500.0,209533.69813513203,False,True,315.6920523800024,59.192259821250445,1246.2904937851806
0.0,0.0,3,1500.0,200.0,500.0,100.0,2562099.7825396922,1245000.0,1317099.7825396922,False,True,315.6920523800024,59.192259821250445,1846.8285092105991
0.0,200.0,0,2500.0,200.0,700.0,100.0,2305071.38834087,1245000.0,1060071.3883408702,False,True,315.6920523800024,59.192259821250445,3577.3039765448
0.0,200.0,1,1500.0,600.0,500.0,100.0,2310557.63834087,1245000.0,1065557.6383408702,False,True,315.6920523800024,59.192259821250445,3018.4149566260344
0.0,0.0,2,1500.0,400.0,700.0,150.0,2564243.5325396922,1247500.0,1316743.5325396922,False,True,315.6920523800024,59.192259821250445,1959.8187971292273
0.0,0.0,2,2500.0,0.0,500.0,150.0,2564243.5325396922,1247500.0,1316743.5325396922,False,True,315.6920523800024,59.192259821250445,2297.6452851452086
0.0,200.0,0,2500.0,400.0,500.0,150.0,2307571.38834087,1247500.0,1060071.3883408702,False,True,315.6920523800024,59.192259821250445,3508.5724432813286
0.0,200.0,4,0.0,200.0,500.0,100.0,2321518.88834087,1250000.0,1071518.8883408702,False,True,315.6920523800024,59.192259821250445,1113.9955955501605
0.0,400.0,2,0.0,600.0,500.0,100.0,2104016.495293745,1250000.0,854016.4952937451,False,True,315.6920523800024,59.192259821250445,1129.560163250294
200.0,0.0,3,0.0,400.0,500.0,100.0,2086933.776507222,1250000.0,836933.7765072221,False,True,315.6920523800024,59.192259821250445,435.7692404513767
400.0,400.0,0,0.0,0.0,500.0,100.0,1463580.5714050038,1250000.0,213580.5714050037,False,True,315.6920523800024,59.192259821250445,3865.8930600743543
0.0,0.0,5,0.0,0.0,700.0,150.0,2569599.7825396922,1252500.0,1317099.7825396922,False,True,315.6920523800024,59.192259821250445,2184.6549972265802
0.0,200.0,3,0.0,400.0,700.0,150.0,2324018.88834087,1252500.0,1071518.8883408702,False,True,315.6920523800024,59.192259821250445,1113.9955955501605
200.0,0.0,2,0.0,600.0,700.0,150.0,2089077.526507222,1252500.0,836577.5265072221,False,True,315.6920523800024,59.192259821250445,522.0094607480587
200.0,600.0,0,0.0,0.0,700.0,150.0,1691561.5573118608,1252500.0,439061.5573118607,False,True,315.6920523800024,59.192259821250445,3865.8930600743543
600.0,0.0,0,0.0,0.0,700.0,150.0,1462033.698135132,1252500.0,209533.69813513203,False,True,315.6920523800024,59.192259821250445,3865.8930600743543
0.0,0.0,3,1500.0,0.0,700.0,100.0,2572099.7825396922,1255000.0,1317099.7825396922,False,True,315.6920523800024,59.192259821250445,2184.6549972265802
0.0,200.0,1,1500.0,400.0,700.0,100.0,2320557.63834087,1255000.0,1065557.6383408702,False,True,315.6920523800024,59.192259821250445,3018.4149566260344
0.0,200.0,1,2500.0,0.0,500.0,100.0,2320557.63834087,1255000.0,1065557.6383408702,False,True,315.6920523800024,59.192259821250445,3319.5344891366913
200.0,0.0,0,1500.0,600.0,700.0,100.0,2080486.276507222,1255000.0,825486.2765072221,False,True,315.6920523800024,59.192259821250445,3575.690530657883
200.0,0.0,0,2500.0,200.0,500.0,100.0,2080486.276507222,1255000.0,825486.2765072221,False,True,315.6920523800024,59.192259821250445,3389.2872110965004
0.0,0.0,3,1500.0,200.0,500.0,150.0,2574599.7825396922,1257500.0,1317099.7825396922,False,True,315.6920523800024,59.192259821250445,1846.8285092105991
0.0,200.0,0,2500.0,200.0,700.0,150.0,2317571.38834087,1257500.0,1060071.3883408702,False,True,315.6920523800024,59.192259821250445,3577.3039765448
0.0,200.0,1,1500.0,600.0,500.0,150.0,2323057.63834087,1257500.0,1065557.6383408702,False,True,315.6920523800024,59.192259821250445,3018.4149566260344
0.0,200.0,4,0.0,0.0,700.0,100.0,2331518.88834087,1260000.0,1071518.8883408702,False,True,315.6920523800024,59.192259821250445,1113.9955955501605
0.0,400.0,2,0.0,400.0,700.0,100.0,2114016.495293745,1260000.0,854016.4952937451,False,True,315.6920523800024,59.192259821250445,1129.560163250294
200.0,0.0,3,0.0,200.0,700.0,100.0,2096933.776507222,1260000.0,836933.7765072221,False,True,315.6920523800024,59.192259821250445,435.7692404513767
200.0,200.0,1,0.0,600.0,700.0,100.0,1850658.4316036687,1260000.0,590658.4316036686,False,True,315.6920523800024,59.192259821250445,1583.0392594363625
0.0,200.0,4,0.0,200.0,500.0,150.0,2334018.88834087,1262500.0,1071518.8883408702,False,True,315.6920523800024,59.192259821250445,1113.9955955501605
0.0,400.0,2,0.0,600.0,500.0,150.0,2116516.495293745,1262500.0,854016.4952937451,False,True,315.6920523800024,59.192259821250445,1129.560163250294
200.0,0.0,3,0.0,400.0,500.0,150.0,2099433.776507222,1262500.0,836933.7765072221,False,True,315.6920523800024,59.192259821250445,435.7692404513767
400.0,400.0,0,0.0,0.0,500.0,150.0,1476080.5714050038,1262500.0,213580.5714050037,False,True,315.6920523800024,59.192259821250445,3865.8930600743543
0.0,200.0,2,1500.0,200.0,500.0,100.0,2336162.63834087,1265000.0,1071162.6383408702,False,True,315.6920523800024,59.192259821250445,843.9191139602331
0.0,400.0,0,1500.0,600.0,500.0,100.0,2107925.245293745,1265000.0,842925.2452937451,False,True,315.6920523800024,59.192259821250445,1925.423549142716
200.0,0.0,0,2500.0,0.0,700.0,100.0,2090486.276507222,1265000.0,825486.2765072221,False,True,315.6920523800024,59.192259821250445,3865.8930600743543
200.0,0.0,1,1500.0,400.0,500.0,100.0,2095972.526507222,1265000.0,830972.5265072221,False,True,315.6920523800024,59.192259821250445,2227.095409546986
0.0,0.0,3,1500.0,0.0,700.0,150.0,2584599.7825396922,1267500.0,1317099.7825396922,False,True,315.6920523800024,59.192259821250445,2184.6549972265802
0.0,200.0,1,1500.0,400.0,700.0,150.0,2333057.63834087,1267500.0,1065557.6383408702,False,True,315.6920523800024,59.192259821250445,3018.4149566260344
0.0,200.0,1,2500.0,0.0,500.0,150.0,2333057.63834087,1267500.0,1065557.6383408702,False,True,315.6920523800024,59.192259821250445,3319.5344891366913
200.0,0.0,0,1500.0,600.0,700.0,150.0,2092986.276507222,1267500.0,825486.2765072221,False,True,315.6920523800024,59.192259821250445,3575.690530657883
200.0,0.0,0,2500.0,200.0,500.0,150.0,2092986.276507222,1267500.0,825486.2765072221,False,True,315.6920523800024,59.192259821250445,3389.2872110965004
0.0,400.0,3,0.0,200.0,500.0,100.0,2124372.745293745,1270000.0,854372.7452937451,False,True,315.6920523800024,59.192259821250445,1016.2291487864281
0.0,600.0,1,0.0,600.0,500.0,100.0,2032050.2116800814,1270000.0,762050.2116800814,False,True,315.6920523800024,59.192259821250445,2308.7366218482443
200.0,0.0,4,0.0,0.0,500.0,100.0,2106933.776507222,1270000.0,836933.7765072221,False,True,315.6920523800024,59.192259821250445,435.7692404513767
200.0,200.0,2,0.0,400.0,500.0,100.0,1866263.4316036687,1270000.0,596263.4316036686,False,True,315.6920523800024,59.192259821250445,339.90277857250504
400.0,0.0,1,0.0,600.0,500.0,100.0,1680949.5744380415,1270000.0,410949.5744380414,False,True,315.6920523800024,59.192259821250445,762.5221662174265
0.0,200.0,4,0.0,0.0,700.0,150.0,2344018.88834087,1272500.0,1071518.8883408702,False,True,315.6920523800024,59.192259821250445,1113.9955955501605
0.0,400.0,2,0.0,400.0,700.0,150.0,2126516.495293745,1272500.0,854016.4952937451,False,True,315.6920523800024,59.192259821250445,1129.560163250294
200.0,0.0,3,0.0,200.0,700.0,150.0,2109433.776507222,1272500.0,836933.7765072221,False,True,315.6920523800024,59.192259821250445,435.7692404513767
200.0,200.0,1,0.0,600.0,700.0,150.0,1863158.4316036687,1272500.0,590658.4316036686,False,True,315.6920523800024,59.192259821250445,1583.0392594363625
0.0,200.0,2,1500.0,0.0,700.0,100.0,2346162.63834087,1275000.0,1071162.6383408702,False,True,315.6920523800024,59.192259821250445,1241.592425549732
0.0,400.0,0,1500.0,400.0,700.0,100.0,2117925.245293745,1275000.0,842925.2452937451,False,True,315.6920523800024,59.192259821250445,1925.423549142716
0.0,400.0,0,2500.0,0.0,500.0,100.0,2117925.245293745,1275000.0,842925.2452937451,False,True,315.6920523800024,59.192259821250445,3865.8930600743543
200.0,0.0,1,1500.0,200.0,700.0,100.0,2105972.526507222,1275000.0,830972.5265072221,False,True,315.6920523800024,59.192259821250445,2227.095409546986
0.0,200.0,2,1500.0,200.0,500.0,150.0,2348662.63834087,1277500.0,1071162.6383408702,False,True,315.6920523800024,59.192259821250445,843.9191139602331
0.0,400.0,0,1500.0,600.0,500.0,150.0,2120425.245293745,1277500.0,842925.2452937451,False,True,315.6920523800024,59.192259821250445,1925.423549142716
200.0,0.0,0,2500.0,0.0,700.0,150.0,2102986.276507222,1277500.0,825486.2765072221,False,True,315.6920523800024,59.192259821250445,3865.8930600743543
200.0,0.0,1,1500.0,400.0,500.0,150.0,2108472.526507222,1277500.0,830972.5265072221,False,True,315.6920523800024,59.192259821250445,2227.095409546986
0.0,400.0,3,0.0,0.0,700.0,100.0,2134372.745293745,1280000.0,854372.7452937451,False,True,315.6920523800024,59.192259821250445,1059.658765620191
0.0,600.0,1,0.0,400.0,700.0,100.0,2042050.2116800814,1280000.0,762050.2116800814,False,True,315.6920523800024,59.192259821250445,2308.7366218482443
200.0,200.0,2,0.0,200.0,700.0,100.0,1876263.4316036687,1280000.0,596263.4316036686,False,True,315.6920523800024,59.192259821250445,339.90277857250504
200.0,400.0,0,0.0,600.0,700.0,100.0,1748920.8442478438,1280000.0,468920.8442478438,False,True,315.6920523800024,59.192259821250445,2674.63305943613
400.0,0.0,1,0.0,400.0,700.0,100.0,1690949.5744380415,1280000.0,410949.5744380414,False,True,315.6920523800024,59.192259821250445,762.5221662174265
0.0,400.0,3,0.0,200.0,500.0,150.0,2136872.745293745,1282500.0,854372.7452937451,False,True,315.6920523800024,59.192259821250445,1016.2291487864281
0.0,600.0,1,0.0,600.0,500.0,150.0,2044550.2116800814,1282500.0,762050.2116800814,False,True,315.6920523800024,59.192259821250445,2308.7366218482443
200.0,0.0,4,0.0,0.0,500.0,150.0,2119433.776507222,1282500.0,836933.7765072221,False,True,315.6920523800024,59.192259821250445,435.7692404513767
200.0,200.0,2,0.0,400.0,500.0,150.0,1878763.4316036687,1282500.0,596263.4316036686,False,True,315.6920523800024,59.192259821250445,339.90277857250504
400.0,0.0,1,0.0,600.0,500.0,150.0,1693449.5744380415,1282500.0,410949.5744380414,False,True,315.6920523800024,59.192259821250445,762.5221662174265
0.0,0.0,0,3500.0,400.0,500.0,100.0,2590652.2825396922,1285000.0,1305652.2825396922,False,True,315.6920523800024,59.192259821250445,3468.168116464793
0.0,400.0,1,1500.0,200.0,500.0,100.0,2133411.495293745,1285000.0,848411.4952937451,False,True,315.6920523800024,59.192259821250445,1143.160384130397
200.0,0.0,2,1500.0,0.0,500.0,100.0,2121577.526507222,1285000.0,836577.5265072221,False,True,315.6920523800024,59.192259821250445,522.0094607480587
200.0,200.0,0,1500.0,400.0,500.0,100.0,1870172.1816036687,1285000.0,585172.1816036686,False,True,315.6920523800024,59.192259821250445,2002.9965768079023
0.0,200.0,2,1500.0,0.0,700.0,150.0,2358662.63834087,1287500.0,1071162.6383408702,False,True,315.6920523800024,59.192259821250445,1241.592425549732
0.0,400.0,0,1500.0,400.0,700.0,150.0,2130425.245293745,1287500.0,842925.2452937451,False,True,315.6920523800024,59.192259821250445,1925.423549142716
0.0,400.0,0,2500.0,0.0,500.0,150.0,2130425.245293745,1287500.0,842925.2452937451,False,True,315.6920523800024,59.192259821250445,3865.8930600743543
200.0,0.0,1,1500.0,200.0,700.0,150.0,2118472.526507222,1287500.0,830972.5265072221,False,True,315.6920523800024,59.192259821250445,2227.095409546986
0.0,600.0,2,0.0,200.0,500.0,100.0,2057655.2116800814,1290000.0,767655.2116800814,False,True,315.6920523800024,59.192259821250445,1097.264131742782
200.0,200.0,3,0.0,0.0,500.0,100.0,1886619.6816036687,1290000.0,596619.6816036686,False,True,315.6920523800024,59.192259821250445,293.2714019185008
200.0,400.0,1,0.0,400.0,500.0,100.0,1764407.0942478438,1290000.0,474407.0942478438,False,True,315.6920523800024,59.192259821250445,1412.3444399556545
400.0,0.0,2,0.0,200.0,500.0,100.0,1706554.5744380415,1290000.0,416554.5744380414,True,True,315.6920523800024,59.192259821250445,183.23376463798218
400.0,200.0,0,0.0,600.0,500.0,100.0,1546210.2720558762,1290000.0,256210.2720558762,False,True,315.6920523800024,59.192259821250445,1870.3843133601079
0.0,400.0,3,0.0,0.0,700.0,150.0,2146872.745293745,1292500.0,854372.7452937451,False,True,315.6920523800024,59.192259821250445,1059.658765620191
0.0,600.0,1,0.0,400.0,700.0,150.0,2054550.2116800814,1292500.0,762050.2116800814,False,True,315.6920523800024,59.192259821250445,2308.7366218482443
200.0,200.0,2,0.0,200.0,700.0,150.0,1888763.4316036687,1292500.0,596263.4316036686,False,True,315.6920523800024,59.192259821250445,339.90277857250504
200.0,400.0,0,0.0,600.0,700.0,150.0,1761420.8442478438,1292500.0,468920.8442478438,False,True,315.6920523800024,59.192259821250445,2674.63305943613
400.0,0.0,1,0.0,400.0,700.0,150.0,1703449.5744380415,1292500.0,410949.5744380414,False,True,315.6920523800024,59.192259821250445,762.5221662174265
0.0,0.0,0,3500.0,200.0,700.0,100.0,2600652.2825396922,1295000.0,1305652.2825396922,False,True,315.6920523800024,59.192259821250445,3690.614810116158
0.0,0.0,1,2500.0,600.0,500.0,100.0,2606138.5325396922,1295000.0,1311138.5325396922,False,True,315.6920523800024,59.192259821250445,3455.301232614443
0.0,400.0,1,1500.0,0.0,700.0,100.0,2143411.495293745,1295000.0,848411.4952937451,False,True,315.6920523800024,59.192259821250445,2622.2246847193433
200.0,200.0,0,1500.0,200.0,700.0,100.0,1880172.1816036687,1295000.0,585172.1816036686,False,True,315.6920523800024,59.192259821250445,2018.340782374546
0.0,0.0,0,3500.0,400.0,500.0,150.0,2603152.2825396922,1297500.0,1305652.2825396922,False,True,315.6920523800024,59.192259821250445,3468.168116464793
0.0,400.0,1,1500.0,200.0,500.0,150.0,2145911.495293745,1297500.0,848411.4952937451,False,True,315.6920523800024,59.192259821250445,1143.160384130397
200.0,0.0,2,1500.0,0.0,500.0,150.0,2134077.526507222,1297500.0,836577.5265072221,False,True,315.6920523800024,59.192259821250445,522.0094607480587
200.0,200.0,0,1500.0,400.0,500.0,150.0,1882672.1816036687,1297500.0,585172.1816036686,False,True,315.6920523800024,59.192259821250445,2002.9965768079023
0.0,0.0,4,0.0,600.0,700.0,100.0,2617099.7825396922,1300000.0,1317099.7825396922,False,True,315.6920523800024,59.192259821250445,2184.6549972265802
0.0,600.0,2,0.0,0.0,700.0,100.0,2067655.2116800814,1300000.0,767655.2116800814,False,True,315.6920523800024,59.192259821250445,1162.459385986338
200.0,400.0,1,0.0,200.0,700.0,100.0,1774407.0942478438,1300000.0,474407.0942478438,False,True,315.6920523800024,59.192259821250445,1412.3444399556545
400.0,0.0,2,0.0,0.0,700.0,100.0,1716554.5744380415,1300000.0,416554.5744380414,False,True,315.6920523800024,59.192259821250445,237.92071206447474
400.0,200.0,0,0.0,400.0,700.0,100.0,1556210.2720558762,1300000.0,256210.2720558762,False,True,315.6920523800024,59.192259821250445,1870.3843133601079
0.0,600.0,2,0.0,200.0,500.0,150.0,2070155.2116800814,1302500.0,767655.2116800814,False,True,315.6920523800024,59.192259821250445,1097.264131742782
200.0,200.0,3,0.0,0.0,500.0,150.0,1899119.6816036687,1302500.0,596619.6816036686,False,True,315.6920523800024,59.192259821250445,293.2714019185008
200.0,400.0,1,0.0,400.0,500.0,150.0,1776907.0942478438,1302500.0,474407.0942478438,False,True,315.6920523800024,59.192259821250445,1412.3444399556545
400.0,0.0,2,0.0,200.0,500.0,150.0,1719054.5744380415,1302500.0,416554.5744380414,True,True,315.6920523800024,59.192259821250445,183.23376463798218
400.0,200.0,0,0.0,600.0,500.0,150.0,1558710.2720558762,1302500.0,256210.2720558762,False,True,315.6920523800024,59.192259821250445,1870.3843133601079
0.0,0.0,1,2500.0,400.0,700.0,100.0,2616138.5325396922,1305000.0,1311138.5325396922,False,True,315.6920523800024,59.192259821250445,3455.301232614443
0.0,0.0,1,3500.0,0.0,500.0,100.0,2616138.5325396922,1305000.0,1311138.5325396922,False,True,315.6920523800024,59.192259821250445,3865.8930600743543
0.0,600.0,0,1500.0,200.0,500.0,100.0,2061563.9616800814,1305000.0,756563.9616800814,False,True,315.6920523800024,59.192259821250445,1851.277542356911
200.0,200.0,1,1500.0,0.0,500.0,100.0,1895658.4316036687,1305000.0,590658.4316036686,False,True,315.6920523800024,59.192259821250445,1633.3761884611788
400.0,0.0,0,1500.0,200.0,500.0,100.0,1710463.3244380415,1305000.0,405463.3244380414,False,True,315.6920523800024,59.192259821250445,1399.1411572080578
0.0,0.0,0,3500.0,200.0,700.0,150.0,2613152.2825396922,1307500.0,1305652.2825396922,False,True,315.6920523800024,59.192259821250445,3690.614810116158
0.0,0.0,1,2500.0,600.0,500.0,150.0,2618638.5325396922,1307500.0,1311138.5325396922,False,True,315.6920523800024,59.192259821250445,3455.301232614443
0.0,400.0,1,1500.0,0.0,700.0,150.0,2155911.495293745,1307500.0,848411.4952937451,False,True,315.6920523800024,59.192259821250445,2622.2246847193433
200.0,200.0,0,1500.0,200.0,700.0,150.0,1892672.1816036687,1307500.0,585172.1816036686,False,True,315.6920523800024,59.192259821250445,2018.340782374546
0.0,0.0,5,0.0,400.0,500.0,100.0,2627099.7825396922,1310000.0,1317099.7825396922,False,True,315.6920523800024,59.192259821250445,2184.6549972265802
200.0,400.0,2,0.0,0.0,500.0,100.0,1790012.0942478438,1310000.0,480012.0942478438,False,True,315.6920523800024,59.192259821250445,367.0116456494003
200.0,600.0,0,0.0,400.0,500.0,100.0,1749061.5573118608,1310000.0,439061.5573118607,False,True,315.6920523800024,59.192259821250445,2458.090398340818
400.0,200.0,1,0.0,200.0,500.0,100.0,1571696.5220558762,1310000.0,261696.5220558762,False,True,315.6920523800024,59.192259821250445,391.2497391126494
600.0,0.0,0,0.0,400.0,500.0,100.0,1519533.698135132,1310000.0,209533.69813513203,False,True,315.6920523800024,59.192259821250445,1246.2904937851806
0.0,0.0,4,0.0,600.0,700.0,150.0,2629599.7825396922,1312500.0,1317099.7825396922,False,True,315.6920523800024,59.192259821250445,2184.6549972265802
0.0,600.0,2,0.0,0.0,700.0,150.0,2080155.2116800814,1312500.0,767655.2116800814,False,True,315.6920523800024,59.192259821250445,1162.459385986338
200.0,400.0,1,0.0,200.0,700.0,150.0,1786907.0942478438,1312500.0,474407.0942478438,False,True,315.6920523800024,59.192259821250445,1412.3444399556545
400.0,0.0,2,0.0,0.0,700.0,150.0,1729054.5744380415,1312500.0,416554.5744380414,False,True,315.6920523800024,59.192259821250445,237.92071206447474
400.0,200.0,0,0.0,400.0,700.0,150.0,1568710.2720558762,1312500.0,256210.2720558762,False,True,315.6920523800024,59.192259821250445,1870.3843133601079
0.0,0.0,2,1500.0,600.0,700.0,100.0,2631743.5325396922,1315000.0,1316743.5325396922,False,True,315.6920523800024,59.192259821250445,1959.8187971292273
0.0,0.0,2,2500.0,200.0,500.0,100.0,2631743.5325396922,1315000.0,1316743.5325396922,False,True,315.6920523800024,59.192259821250445,1641.7297093175016
0.0,200.0,0,2500.0,600.0,500.0,100.0,2375071.38834087,1315000.0,1060071.3883408702,False,True,315.6920523800024,59.192259821250445,3508.5724432813286
0.0,600.0,0,1500.0,0.0,700.0,100.0,2071563.9616800814,1315000.0,756563.9616800814,False,True,315.6920523800024,59.192259821250445,3865.8930600743543
400.0,0.0,0,1500.0,0.0,700.0,100.0,1720463.3244380415,1315000.0,405463.3244380414,False,True,315.6920523800024,59.192259821250445,3865.8930600743543
0.0,0.0,1,2500.0,400.0,700.0,150.0,2628638.5325396922,1317500.0,1311138.5325396922,False,True,315.6920523800024,59.192259821250445,3455.301232614443
0.0,0.0,1,3500.0,0.0,500.0,150.0,2628638.5325396922,1317500.0,1311138.5325396922,False,True,315.6920523800024,59.192259821250445,3865.8930600743543
0.0,600.0,0,1500.0,200.0,500.0,150.0,2074063.9616800814,1317500.0,756563.9616800814,False,True,315.6920523800024,59.192259821250445,1851.277542356911
200.0,200.0,1,1500.0,0.0,500.0,150.0,1908158.4316036687,1317500.0,590658.4316036686,False,True,315.6920523800024,59.192259821250445,1633.3761884611788
400.0,0.0,0,1500.0,200.0,500.0,150.0,1722963.3244380415,1317500.0,405463.3244380414,False,True,315.6920523800024,59.192259821250445,1399.1411572080578
0.0,0.0,5,0.0,200.0,700.0,100.0,2637099.7825396922,1320000.0,1317099.7825396922,False,True,315.6920523800024,59.192259821250445,2184.6549972265802
0.0,200.0,3,0.0,600.0,700.0,100.0,2391518.88834087,1320000.0,1071518.8883408702,False,True,315.6920523800024,59.192259821250445,1113.9955955501605
200.0,600.0,0,0.0,200.0,700.0,100.0,1759061.5573118608,1320000.0,439061.5573118607,False,True,315.6920523800024,59.192259821250445,2458.090398340818
400.0,200.0,1,0.0,0.0,700.0,100.0,1581696.5220558762,1320000.0,261696.5220558762,False,True,315.6920523800024,59.192259821250445,662.0523842304028
600.0,0.0,0,0.0,200.0,700.0,100.0,1529533.698135132,1320000.0,209533.69813513203,False,True,315.6920523800024,59.192259821250445,1246.2904937851806
0.0,0.0,5,0.0,400.0,500.0,150.0,2639599.7825396922,1322500.0,1317099.7825396922,False,True,315.6920523800024,59.192259821250445,2184.6549972265802
200.0,400.0,2,0.0,0.0,500.0,150.0,1802512.0942478438,1322500.0,480012.0942478438,False,True,315.6920523800024,59.192259821250445,367.0116456494003
200.0,600.0,0,0.0,400.0,500.0,150.0,1761561.5573118608,1322500.0,439061.5573118607,False,True,315.6920523800024,59.192259821250445,2458.090398340818
400.0,200.0,1,0.0,200.0,500.0,150.0,1584196.5220558762,1322500.0,261696.5220558762,False,True,315.6920523800024,59.192259821250445,391.2497391126494
600.0,0.0,0,0.0,400.0,500.0,150.0,1532033.698135132,1322500.0,209533.69813513203,False,True,315.6920523800024,59.192259821250445,1246.2904937851806
0.0,0.0,2,2500.0,0.0,700.0,100.0,2641743.5325396922,1325000.0,1316743.5325396922,False,True,315.6920523800024,59.192259821250445,2297.6452851452086
0.0,0.0,3,1500.0,400.0,500.0,100.0,2642099.7825396922,1325000.0,1317099.7825396922,False,True,315.6920523800024,59.192259821250445,1846.8285092105991
0.0,200.0,0,2500.0,400.0,700.0,100.0,2385071.38834087,1325000.0,1060071.3883408702,False,True,315.6920523800024,59.192259821250445,3508.5724432813286
0.0,200.0,0,3500.0,0.0,500.0,100.0,2385071.38834087,1325000.0,1060071.3883408702,False,True,315.6920523800024,59.192259821250445,3865.8930600743543
200.0,400.0,0,1500.0,0.0,500.0,100.0,1793920.8442478438,1325000.0,468920.8442478438,False,True,315.6920523800024,59.192259821250445,3865.8930600743543
0.0,0.0,2,1500.0,600.0,700.0,150.0,2644243.5325396922,1327500.0,1316743.5325396922,False,True,315.6920523800024,59.192259821250445,1959.8187971292273
0.0,0.0,2,2500.0,200.0,500.0,150.0,2644243.5325396922,1327500.0,1316743.5325396922,False,True,315.6920523800024,59.192259821250445,1641.7297093175016
0.0,200.0,0,2500.0,600.0,500.0,150.0,2387571.38834087,1327500.0,1060071.3883408702,False,True,315.6920523800024,59.192259821250445,3508.5724432813286
0.0,600.0,0,1500.0,0.0,700.0,150.0,2084063.9616800814,1327500.0,756563.9616800814,False,True,315.6920523800024,59.192259821250445,3865.8930600743543
400.0,0.0,0,1500.0,0.0,700.0,150.0,1732963.3244380415,1327500.0,405463.3244380414,False,True,315.6920523800024,59.192259821250445,3865.8930600743543
0.0,200.0,4,0.0,400.0,500.0,100.0,2401518.88834087,1330000.0,1071518.8883408702,False,True,315.6920523800024,59.192259821250445,1113.9955955501605
200.0,0.0,3,0.0,600.0,500.0,100.0,2166933.776507222,1330000.0,836933.7765072221,False,True,315.6920523800024,59.192259821250445,435.7692404513767
200.0,600.0,1,0.0,0.0,500.0,100.0,1774547.8073118608,1330000.0,444547.8073118607,False,True,315.6920523800024,59.192259821250445,1502.6678708137956
400.0,400.0,0,0.0,200.0,500.0,100.0,1543580.5714050038,1330000.0,213580.5714050037,False,True,315.6920523800024,59.192259821250445,1618.893420021849
600.0,0.0,1,0.0,0.0,500.0,100.0,1545019.948135132,1330000.0,215019.94813513203,False,True,315.6920523800024,59.192259821250445,663.0237271296933
0.0,0.0,5,0.0,200.0,700.0,150.0,2649599.7825396922,1332500.0,1317099.7825396922,False,True,315.6920523800024,59.192259821250445,2184.6549972265802
0.0,200.0,3,0.0,600.0,700.0,150.0,2404018.88834087,1332500.0,1071518.8883408702,False,True,315.6920523800024,59.192259821250445,1113.9955955501605
200.0,600.0,0,0.0,200.0,700.0,150.0,1771561.5573118608,1332500.0,439061.5573118607,False,True,315.6920523800024,59.192259821250445,2458.090398340818
400.0,200.0,1,0.0,0.0,700.0,150.0,1594196.5220558762,1332500.0,261696.5220558762,False,True,315.6920523800024,59.192259821250445,662.0523842304028
600.0,0.0,0,0.0,200.0,700.0,150.0,1542033.698135132,1332500.0,209533.69813513203,False,True,315.6920523800024,59.192259821250445,1246.2904937851806
0.0,0.0,3,1500.0,200.0,700.0,100.0,2652099.7825396922,1335000.0,1317099.7825396922,False,True,315.6920523800024,59.192259821250445,1846.8285092105991
0.0,200.0,1,1500.0,600.0,700.0,100.0,2400557.63834087,1335000.0,1065557.6383408702,False,True,315.6920523800024,59.192259821250445,3018.4149566260344
0.0,200.0,1,2500.0,200.0,500.0,100.0,2400557.63834087,1335000.0,1065557.6383408702,False,True,315.6920523800024,59.192259821250445,2843.5265662106567
200.0,0.0,0,2500.0,400.0,500.0,100.0,2160486.276507222,1335000.0,825486.2765072221,False,True,315.6920523800024,59.192259821250445,3381.867585234568
0.0,0.0,2,2500.0,0.0,700.0,150.0,2654243.5325396922,1337500.0,1316743.5325396922,False,True,315.6920523800024,59.192259821250445,2297.6452851452086
0.0,0.0,3,1500.0,400.0,500.0,150.0,2654599.7825396922,1337500.0,1317099.7825396922,False,True,315.6920523800024,59.192259821250445,1846.8285092105991
0.0,200.0,0,2500.0,400.0,700.0,150.0,2397571.38834087,1337500.0,1060071.3883408702,False,True,315.6920523800024,59.192259821250445,3508.5724432813286
0.0,200.0,0,3500.0,0.0,500.0,150.0,2397571.38834087,1337500.0,1060071.3883408702,False,True,315.6920523800024,59.192259821250445,3865.8930600743543
200.0,400.0,0,1500.0,0.0,500.0,150.0,1806420.8442478438,1337500.0,468920.8442478438,False,True,315.6920523800024,59.192259821250445,3865.8930600743543
0.0,200.0,4,0.0,200.0,700.0,100.0,2411518.88834087,1340000.0,1071518.8883408702,False,True,315.6920523800024,59.192259821250445,1113.9955955501605
0.0,400.0,2,0.0,600.0,700.0,100.0,2194016.495293745,1340000.0,854016.4952937451,False,True,315.6920523800024,59.192259821250445,1129.560163250294
200.0,0.0,3,0.0,400.0,700.0,100.0,2176933.776507222,1340000.0,836933.7765072221,False,True,315.6920523800024,59.192259821250445,435.7692404513767
400.0,400.0,0,0.0,0.0,700.0,100.0,1553580.5714050038,1340000.0,213580.5714050037,False,True,315.6920523800024,59.192259821250445,3865.8930600743543
0.0,200.0,4,0.0,400.0,500.0,150.0,2414018.88834087,1342500.0,1071518.8883408702,False,True,315.6920523800024,59.192259821250445,1113.9955955501605
200.0,0.0,3,0.0,600.0,500.0,150.0,2179433.776507222,1342500.0,836933.7765072221,False,True,315.6920523800024,59.192259821250445,435.7692404513767
200.0,600.0,1,0.0,0.0,500.0,150.0,1787047.8073118608,1342500.0,444547.8073118607,False,True,315.6920523800024,59.192259821250445,1502.6678708137956
400.0,400.0,0,0.0,200.0,500.0,150.0,1556080.5714050038,1342500.0,213580.5714050037,False,True,315.6920523800024,59.192259821250445,1618.893420021849
600.0,0.0,1,0.0,0.0,500.0,150.0,1557519.948135132,1342500.0,215019.94813513203,False,True,315.6920523800024,59.192259821250445,663.0237271296933
0.0,0.0,4,1500.0,0.0,500.0,100.0,2662099.7825396922,1345000.0,1317099.7825396922,False,True,315.6920523800024,59.192259821250445,2184.6549972265802
0.0,200.0,1,2500.0,0.0,700.0,100.0,2410557.63834087,1345000.0,1065557.6383408702,False,True,315.6920523800024,59.192259821250445,3319.5344891366913
0.0,200.0,2,1500.0,400.0,500.0,100.0,2416162.63834087,1345000.0,1071162.6383408702,False,True,315.6920523800024,59.192259821250445,834.9568321304375
200.0,0.0,0,2500.0,200.0,700.0,100.0,2170486.276507222,1345000.0,825486.2765072221,False,True,315.6920523800024,59.192259821250445,3389.2872110965004
200.0,0.0,1,1500.0,600.0,500.0,100.0,2175972.526507222,1345000.0,830972.5265072221,False,True,315.6920523800024,59.192259821250445,2227.095409546986
0.0,0.0,3,1500.0,200.0,700.0,150.0,2664599.7825396922,1347500.0,1317099.7825396922,False,True,315.6920523800024,59.192259821250445,1846.8285092105991
0.0,200.0,1,1500.0,600.0,700.0,150.0,2413057.63834087,1347500.0,1065557.6383408702,False,True,315.6920523800024,59.192259821250445,3018.4149566260344
0.0,200.0,1,2500.0,200.0,500.0,150.0,2413057.63834087,1347500.0,1065557.6383408702,False,True,315.6920523800024,59.192259821250445,2843.5265662106567
200.0,0.0,0,2500.0,400.0,500.0,150.0,2172986.276507222,1347500.0,825486.2765072221,False,True,315.6920523800024,59.192259821250445,3381.867585234568
0.0,200.0,5,0.0,0.0,500.0,100.0,2421518.88834087,1350000.0,1071518.8883408702,False,True,315.6920523800024,59.192259821250445,1113.9955955501605
0.0,400.0,3,0.0,400.0,500.0,100.0,2204372.745293745,1350000.0,854372.7452937451,False,True,315.6920523800024,59.192259821250445,1016.2291487864281
200.0,0.0,4,0.0,200.0,500.0,100.0,2186933.776507222,1350000.0,836933.7765072221,False,True,315.6920523800024,59.192259821250445,435.7692404513767
200.0,200.0,2,0.0,600.0,500.0,100.0,1946263.4316036687,1350000.0,596263.4316036686,False,True,315.6920523800024,59.192259821250445,339.90277857250504
600.0,200.0,0,0.0,0.0,500.0,100.0,1479191.3702823014,1350000.0,129191.3702823015,False,True,315.6920523800024,59.192259821250445,3865.8930600743543
0.0,200.0,4,0.0,200.0,700.0,150.0,2424018.88834087,1352500.0,1071518.8883408702,False,True,315.6920523800024,59.192259821250445,1113.9955955501605
0.0,400.0,2,0.0,600.0,700.0,150.0,2206516.495293745,1352500.0,854016.4952937451,False,True,315.6920523800024,59.192259821250445,1129.560163250294
200.0,0.0,3,0.0,400.0,700.0,150.0,2189433.776507222,1352500.0,836933.7765072221,False,True,315.6920523800024,59.192259821250445,435.7692404513767
400.0,400.0,0,0.0,0.0,700.0,150.0,1566080.5714050038,1352500.0,213580.5714050037,False,True,315.6920523800024,59.192259821250445,3865.8930600743543
0.0,200.0,2,1500.0,200.0,700.0,100.0,2426162.63834087,1355000.0,1071162.6383408702,False,True,315.6920523800024,59.192259821250445,843.9191139602331
0.0,400.0,0,1500.0,600.0,700.0,100.0,2197925.245293745,1355000.0,842925.2452937451,False,True,315.6920523800024,59.192259821250445,1925.423549142716
0.0,400.0,0,2500.0,200.0,500.0,100.0,2197925.245293745,1355000.0,842925.2452937451,False,True,315.6920523800024,59.192259821250445,2034.2002385618962
200.0,0.0,1,1500.0,400.0,700.0,100.0,2185972.526507222,1355000.0,830972.5265072221,False,True,315.6920523800024,59.192259821250445,2227.095409546986
200.0,0.0,1,2500.0,0.0,500.0,100.0,2185972.526507222,1355000.0,830972.5265072221,False,True,315.6920523800024,59.192259821250445,2671.0661479499868
0.0,0.0,4,1500.0,0.0,500.0,150.0,2674599.7825396922,1357500.0,1317099.7825396922,False,True,315.6920523800024,59.192259821250445,2184.6549972265802
0.0,200.0,1,2500.0,0.0,700.0,150.0,2423057.63834087,1357500.0,1065557.6383408702,False,True,315.6920523800024,59.192259821250445,3319.5344891366913
0.0,200.0,2,1500.0,400.0,500.0,150.0,2428662.63834087,1357500.0,1071162.6383408702,False,True,315.6920523800024,59.192259821250445,834.9568321304375
200.0,0.0,0,2500.0,200.0,700.0,150.0,2182986.276507222,1357500.0,825486.2765072221,False,True,315.6920523800024,59.192259821250445,3389.2872110965004
200.0,0.0,1,1500.0,600.0,500.0,150.0,2188472.526507222,1357500.0,830972.5265072221,False,True,315.6920523800024,59.192259821250445,2227.095409546986
0.0,400.0,3,0.0,200.0,700.0,100.0,2214372.745293745,1360000.0,854372.7452937451,False,True,315.6920523800024,59.192259821250445,1016.2291487864281
0.0,600.0,1,0.0,600.0,700.0,100.0,2122050.2116800817,1360000.0,762050.2116800814,False,True,315.6920523800024,59.192259821250445,2308.7366218482443
200.0,0.0,4,0.0,0.0,700.0,100.0,2196933.776507222,1360000.0,836933.7765072221,False,True,315.6920523800024,59.192259821250445,435.7692404513767
200.0,200.0,2,0.0,400.0,700.0,100.0,1956263.4316036687,1360000.0,596263.4316036686,False,True,315.6920523800024,59.192259821250445,339.90277857250504
400.0,0.0,1,0.0,600.0,700.0,100.0,1770949.5744380415,1360000.0,410949.5744380414,False,True,315.6920523800024,59.192259821250445,762.5221662174265
0.0,200.0,5,0.0,0.0,500.0,150.0,2434018.88834087,1362500.0,1071518.8883408702,False,True,315.6920523800024,59.192259821250445,1113.9955955501605
0.0,400.0,3,0.0,400.0,500.0,150.0,2216872.745293745,1362500.0,854372.7452937451,False,True,315.6920523800024,59.192259821250445,1016.2291487864281
200.0,0.0,4,0.0,200.0,500.0,150.0,2199433.776507222,1362500.0,836933.7765072221,False,True,315.6920523800024,59.192259821250445,435.7692404513767
200.0,200.0,2,0.0,600.0,500.0,150.0,1958763.4316036687,1362500.0,596263.4316036686,False,True,315.6920523800024,59.192259821250445,339.90277857250504
600.0,200.0,0,0.0,0.0,500.0,150.0,1491691.3702823014,1362500.0,129191.3702823015,False,True,315.6920523800024,59.192259821250445,3865.8930600743543
0.0,0.0,0,3500.0,600.0,500.0,100.0,2670652.2825396922,1365000.0,1305652.2825396922,False,True,315.6920523800024,59.192259821250445,3468.168116464793
0.0,200.0,3,1500.0,0.0,500.0,100.0,2436518.88834087,1365000.0,1071518.8883408702,False,True,315.6920523800024,59.192259821250445,1113.9955955501605
0.0,400.0,0,2500.0,0.0,700.0,100.0,2207925.245293745,1365000.0,842925.2452937451,False,True,315.6920523800024,59.192259821250445,3865.8930600743543
0.0,400.0,1,1500.0,400.0,500.0,100.0,2213411.495293745,1365000.0,848411.4952937451,False,True,315.6920523800024,59.192259821250445,1072.0487469082962
200.0,0.0,2,1500.0,200.0,500.0,100.0,2201577.526507222,1365000.0,836577.5265072221,True,True,315.6920523800024,59.192259821250445,162.7401452831789
200.0,200.0,0,1500.0,600.0,500.0,100.0,1950172.1816036687,1365000.0,585172.1816036686,False,True,315.6920523800024,59.192259821250445,2002.9965768079023
0.0,200.0,2,1500.0,200.0,700.0,150.0,2438662.63834087,1367500.0,1071162.6383408702,False,True,315.6920523800024,59.192259821250445,843.9191139602331
0.0,400.0,0,1500.0,600.0,700.0,150.0,2210425.245293745,1367500.0,842925.2452937451,False,True,315.6920523800024,59.192259821250445,1925.423549142716
0.0,400.0,0,2500.0,200.0,500.0,150.0,2210425.245293745,1367500.0,842925.2452937451,False,True,315.6920523800024,59.192259821250445,2034.2002385618962
200.0,0.0,1,1500.0,400.0,700.0,150.0,2198472.526507222,1367500.0,830972.5265072221,False,True,315.6920523800024,59.192259821250445,2227.095409546986
200.0,0.0,1,2500.0,0.0,500.0,150.0,2198472.526507222,1367500.0,830972.5265072221,False,True,315.6920523800024,59.192259821250445,2671.0661479499868
0.0,400.0,4,0.0,0.0,500.0,100.0,2224372.745293745,1370000.0,854372.7452937451,False,True,315.6920523800024,59.192259821250445,1059.658765620191
0.0,600.0,2,0.0,400.0,500.0,100.0,2137655.2116800817,1370000.0,767655.2116800814,False,True,315.6920523800024,59.192259821250445,1097.264131742782
200.0,200.0,3,0.0,200.0,500.0,100.0,1966619.6816036687,1370000.0,596619.6816036686,False,True,315.6920523800024,59.192259821250445,266.16253484160563
200.0,400.0,1,0.0,600.0,500.0,100.0,1844407.0942478438,1370000.0,474407.0942478438,False,True,315.6920523800024,59.192259821250445,1412.3444399556545
400.0,0.0,2,0.0,400.0,500.0,100.0,1786554.5744380415,1370000.0,416554.5744380414,True,True,315.6920523800024,59.192259821250445,183.23376463798218
0.0,400.0,3,0.0,200.0,700.0,150.0,2226872.745293745,1372500.0,854372.7452937451,False,True,315.6920523800024,59.192259821250445,1016.2291487864281
0.0,600.0,1,0.0,600.0,700.0,150.0,2134550.2116800817,1372500.0,762050.2116800814,False,True,315.6920523800024,59.192259821250445,2308.7366218482443
200.0,0.0,4,0.0,0.0,700.0,150.0,2209433.776507222,1372500.0,836933.7765072221,False,True,315.6920523800024,59.192259821250445,435.7692404513767
200.0,200.0,2,0.0,400.0,700.0,150.0,1968763.4316036687,1372500.0,596263.4316036686,False,True,315.6920523800024,59.192259821250445,339.90277857250504
400.0,0.0,1,0.0,600.0,700.0,150.0,1783449.5744380415,1372500.0,410949.5744380414,False,True,315.6920523800024,59.192259821250445,762.5221662174265
0.0,0.0,0,3500.0,400.0,700.0,100.0,2680652.2825396922,1375000.0,1305652.2825396922,False,True,315.6920523800024,59.192259821250445,3468.168116464793
0.0,400.0,1,1500.0,200.0,700.0,100.0,2223411.495293745,1375000.0,848411.4952937451,False,True,315.6920523800024,59.192259821250445,1143.160384130397
200.0,0.0,2,1500.0,0.0,700.0,100.0,2211577.526507222,1375000.0,836577.5265072221,False,True,315.6920523800024,59.192259821250445,522.0094607480587
200.0,200.0,0,1500.0,400.0,700.0,100.0,1960172.1816036687,1375000.0,585172.1816036686,False,True,315.6920523800024,59.192259821250445,2014.5304721876068
200.0,200.0,0,2500.0,0.0,500.0,100.0,1960172.1816036687,1375000.0,585172.1816036686,False,True,315.6920523800024,59.192259821250445,3865.8930600743543
0.0,0.0,0,3500.0,600.0,500.0,150.0,2683152.2825396922,1377500.0,1305652.2825396922,False,True,315.6920523800024,59.192259821250445,3468.168116464793
0.0,200.0,3,1500.0,0.0,500.0,150.0,2449018.88834087,1377500.0,1071518.8883408702,False,True,315.6920523800024,59.192259821250445,1113.9955955501605
0.0,400.0,0,2500.0,0.0,700.0,150.0,2220425.245293745,1377500.0,842925.2452937451,False,True,315.6920523800024,59.192259821250445,3865.8930600743543
0.0,400.0,1,1500.0,400.0,500.0,150.0,2225911.495293745,1377500.0,848411.4952937451,False,True,315.6920523800024,59.192259821250445,1072.0487469082962
200.0,0.0,2,1500.0,200.0,500.0,150.0,2214077.526507222,1377500.0,836577.5265072221,True,True,315.6920523800024,59.192259821250445,162.7401452831789
200.0,200.0,0,1500.0,600.0,500.0,150.0,1962672.1816036687,1377500.0,585172.1816036686,False,True,315.6920523800024,59.192259821250445,2002.9965768079023
0.0,600.0,2,0.0,200.0,700.0,100.0,2147655.2116800817,1380000.0,767655.2116800814,False,True,315.6920523800024,59.192259821250445,1097.264131742782
200.0,200.0,3,0.0,0.0,700.0,100.0,1976619.6816036687,1380000.0,596619.6816036686,False,True,315.6920523800024,59.192259821250445,293.2714019185008
200.0,400.0,1,0.0,400.0,700.0,100.0,1854407.0942478438,1380000.0,474407.0942478438,False,True,315.6920523800024,59.192259821250445,1412.3444399556545
400.0,0.0,2,0.0,200.0,700.0,100.0,1796554.5744380415,1380000.0,416554.5744380414,True,True,315.6920523800024,59.192259821250445,183.23376463798218
400.0,200.0,0,0.0,600.0,700.0,100.0,1636210.2720558762,1380000.0,256210.2720558762,False,True,315.6920523800024,59.192259821250445,1870.3843133601079
0.0,400.0,4,0.0,0.0,500.0,150.0,2236872.745293745,1382500.0,854372.7452937451,False,True,315.6920523800024,59.192259821250445,1059.658765620191
0.0,600.0,2,0.0,400.0,500.0,150.0,2150155.2116800817,1382500.0,767655.2116800814,False,True,315.6920523800024,59.192259821250445,1097.264131742782
200.0,200.0,3,0.0,200.0,500.0,150.0,1979119.6816036687,1382500.0,596619.6816036686,False,True,315.6920523800024,59.192259821250445,266.16253484160563
200.0,400.0,1,0.0,600.0,500.0,150.0,1856907.0942478438,1382500.0,474407.0942478438,False,True,315.6920523800024,59.192259821250445,1412.3444399556545
400.0,0.0,2,0.0,400.0,500.0,150.0,1799054.5744380415,1382500.0,416554.5744380414,True,True,315.6920523800024,59.192259821250445,183.23376463798218
0.0,0.0,1,2500.0,600.0,700.0,100.0,2696138.5325396922,1385000.0,1311138.5325396922,False,True,315.6920523800024,59.192259821250445,3455.301232614443
0.0,0.0,1,3500.0,200.0,500.0,100.0,2696138.5325396922,1385000.0,1311138.5325396922,False,True,315.6920523800024,59.192259821250445,3325.414216749541
0.0,400.0,2,1500.0,0.0,500.0,100.0,2239016.495293745,1385000.0,854016.4952937451,False,True,315.6920523800024,59.192259821250445,1172.9897800840567
0.0,600.0,0,1500.0,400.0,500.0,100.0,2141563.9616800817,1385000.0,756563.9616800814,False,True,315.6920523800024,59.192259821250445,1425.7987337995307
200.0,200.0,1,1500.0,200.0,500.0,100.0,1975658.4316036687,1385000.0,590658.4316036686,False,True,315.6920523800024,59.192259821250445,347.7913432837088
400.0,0.0,0,1500.0,400.0,500.0,100.0,1790463.3244380415,1385000.0,405463.3244380414,False,True,315.6920523800024,59.192259821250445,1399.1411572080578
0.0,0.0,0,3500.0,400.0,700.0,150.0,2693152.2825396922,1387500.0,1305652.2825396922,False,True,315.6920523800024,59.192259821250445,3468.168116464793
0.0,400.0,1,1500.0,200.0,700.0,150.0,2235911.495293745,1387500.0,848411.4952937451,False,True,315.6920523800024,59.192259821250445,1143.160384130397
200.0,0.0,2,1500.0,0.0,700.0,150.0,2224077.526507222,1387500.0,836577.5265072221,False,True,315.6920523800024,59.192259821250445,522.0094607480587
200.0,200.0,0,1500.0,400.0,700.0,150.0,1972672.1816036687,1387500.0,585172.1816036686,False,True,315.6920523800024,59.192259821250445,2014.5304721876068
200.0,200.0,0,2500.0,0.0,500.0,150.0,1972672.1816036687,1387500.0,585172.1816036686,False,True,315.6920523800024,59.192259821250445,3865.8930600743543
0.0,0.0,5,0.0,600.0,500.0,100.0,2707099.7825396922,1390000.0,1317099.7825396922,False,True,315.6920523800024,59.192259821250445,2184.6549972265802
0.0,600.0,3,0.0,0.0,500.0,100.0,2158011.4616800817,1390000.0,768011.4616800814,False,True,315.6920523800024,59.192259821250445,1059.6587656201907
200.0,400.0,2,0.0,200.0,500.0,100.0,1870012.0942478438,1390000.0,480012.0942478438,False,True,315.6920523800024,59.192259821250445,294.14041756250055
200.0,600.0,0,0.0,600.0,500.0,100.0,1829061.5573118608,1390000.0,439061.5573118607,False,True,315.6920523800024,59.192259821250445,2458.090398340818
400.0,0.0,3,0.0,0.0,500.0,100.0,1806910.8244380415,1390000.0,416910.8244380414,False,True,315.6920523800024,59.192259821250445,234.73087114067525
400.0,200.0,1,0.0,400.0,500.0,100.0,1651696.5220558762,1390000.0,261696.5220558762,False,True,315.6920523800024,59.192259821250445,391.2497391126494
600.0,0.0,0,0.0,600.0,500.0,100.0,1599533.698135132,1390000.0,209533.69813513203,False,True,315.6920523800024,59.192259821250445,1246.2904937851806
0.0,600.0,2,0.0,200.0,700.0,150.0,2160155.2116800817,1392500.0,767655.2116800814,False,True,315.6920523800024,59.192259821250445,1097.264131742782
200.0,200.0,3,0.0,0.0,700.0,150.0,1989119.6816036687,1392500.0,596619.6816036686,False,True,315.6920523800024,59.192259821250445,293.2714019185008
200.0,400.0,1,0.0,400.0,700.0,150.0,1866907.0942478438,1392500.0,474407.0942478438,False,True,315.6920523800024,59.192259821250445,1412.3444399556545
400.0,0.0,2,0.0,200.0,700.0,150.0,1809054.5744380415,1392500.0,416554.5744380414,True,True,315.6920523800024,59.192259821250445,183.23376463798218
400.0,200.0,0,0.0,600.0,700.0,150.0,1648710.2720558762,1392500.0,256210.2720558762,False,True,315.6920523800024,59.192259821250445,1870.3843133601079
0.0,0.0,1,3500.0,0.0,700.0,100.0,2706138.5325396922,1395000.0,1311138.5325396922,False,True,315.6920523800024,59.192259821250445,3865.8930600743543
0.0,0.0,2,2500.0,400.0,500.0,100.0,2711743.5325396922,1395000.0,1316743.5325396922,False,True,315.6920523800024,59.192259821250445,1637.2897031291018
0.0,600.0,0,1500.0,200.0,700.0,100.0,2151563.9616800817,1395000.0,756563.9616800814,False,True,315.6920523800024,59.192259821250445,1851.277542356911
200.0,200.0,1,1500.0,0.0,700.0,100.0,1985658.4316036687,1395000.0,590658.4316036686,False,True,315.6920523800024,59.192259821250445,1633.3761884611788
400.0,0.0,0,1500.0,200.0,700.0,100.0,1800463.3244380415,1395000.0,405463.3244380414,False,True,315.6920523800024,59.192259821250445,1415.335594096227
0.0,0.0,1,2500.0,600.0,700.0,150.0,2708638.5325396922,1397500.0,1311138.5325396922,False,True,315.6920523800024,59.192259821250445,3455.301232614443
0.0,0.0,1,3500.0,200.0,500.0,150.0,2708638.5325396922,1397500.0,1311138.5325396922,False,True,315.6920523800024,59.192259821250445,3325.414216749541
0.0,400.0,2,1500.0,0.0,500.0,150.0,2251516.495293745,1397500.0,854016.4952937451,False,True,315.6920523800024,59.192259821250445,1172.9897800840567
0.0,600.0,0,1500.0,400.0,500.0,150.0,2154063.9616800817,1397500.0,756563.9616800814,False,True,315.6920523800024,59.192259821250445,1425.7987337995307
200.0,200.0,1,1500.0,200.0,500.0,150.0,1988158.4316036687,1397500.0,590658.4316036686,False,True,315.6920523800024,59.192259821250445,347.7913432837088
400.0,0.0,0,1500.0,400.0,500.0,150.0,1802963.3244380415,1397500.0,405463.3244380414,False,True,315.6920523800024,59.192259821250445,1399.1411572080578
0.0,0.0,5,0.0,400.0,700.0,100.0,2717099.7825396922,1400000.0,1317099.7825396922,False,True,315.6920523800024,59.192259821250445,2184.6549972265802
200.0,400.0,2,0.0,0.0,700.0,100.0,1880012.0942478438,1400000.0,480012.0942478438,False,True,315.6920523800024,59.192259821250445,367.0116456494003
200.0,600.0,0,0.0,400.0,700.0,100.0,1839061.5573118608,1400000.0,439061.5573118607,False,True,315.6920523800024,59.192259821250445,2458.090398340818
400.0,200.0,1,0.0,200.0,700.0,100.0,1661696.5220558762,1400000.0,261696.5220558762,False,True,315.6920523800024,59.192259821250445,391.2497391126494
600.0,0.0,0,0.0,400.0,700.0,100.0,1609533.698135132,1400000.0,209533.69813513203,False,True,315.6920523800024,59.192259821250445,1246.2904937851806
0.0,0.0,5,0.0,600.0,500.0,150.0,2719599.7825396922,1402500.0,1317099.7825396922,False,True,315.6920523800024,59.192259821250445,2184.6549972265802
0.0,600.0,3,0.0,0.0,500.0,150.0,2170511.4616800817,1402500.0,768011.4616800814,False,True,315.6920523800024,59.192259821250445,1059.6587656201907
200.0,400.0,2,0.0,200.0,500.0,150.0,1882512.0942478438,1402500.0,480012.0942478438,False,True,315.6920523800024,59.192259821250445,294.14041756250055
200.0,600.0,0,0.0,600.0,500.0,150.0,1841561.5573118608,1402500.0,439061.5573118607,False,True,315.6920523800024,59.192259821250445,2458.090398340818
400.0,0.0,3,0.0,0.0,500.0,150.0,1819410.8244380415,1402500.0,416910.8244380414,False,True,315.6920523800024,59.192259821250445,234.73087114067525
400.0,200.0,1,0.0,400.0,500.0,150.0,1664196.5220558762,1402500.0,261696.5220558762,False,True,315.6920523800024,59.192259821250445,391.2497391126494
600.0,0.0,0,0.0,600.0,500.0,150.0,1612033.698135132,1402500.0,209533.69813513203,False,True,315.6920523800024,59.192259821250445,1246.2904937851806
0.0,0.0,2,2500.0,200.0,700.0,100.0,2721743.5325396922,1405000.0,1316743.5325396922,False,True,315.6920523800024,59.192259821250445,1641.7297093175016
0.0,0.0,3,1500.0,600.0,500.0,100.0,2722099.7825396922,1405000.0,1317099.7825396922,False,True,315.6920523800024,59.192259821250445,1846.8285092105991
0.0,200.0,0,2500.0,600.0,700.0,100.0,2465071.38834087,1405000.0,1060071.3883408702,False,True,315.6920523800024,59.192259821250445,3508.5724432813286
0.0,200.0,0,3500.0,200.0,500.0,100.0,2465071.38834087,1405000.0,1060071.3883408702,False,True,315.6920523800024,59.192259821250445,3501.1582243147745
0.0,600.0,1,1500.0,0.0,500.0,100.0,2167050.2116800817,1405000.0,762050.2116800814,False,True,315.6920523800024,59.192259821250445,2421.411113161629
200.0,400.0,0,1500.0,200.0,500.0,100.0,1873920.8442478438,1405000.0,468920.8442478438,False,True,315.6920523800024,59.192259821250445,963.3387140467144
400.0,0.0,1,1500.0,0.0,500.0,100.0,1815949.5744380415,1405000.0,410949.5744380414,False,True,315.6920523800024,59.192259821250445,943.0407887391632
0.0,0.0,1,3500.0,0.0,700.0,150.0,2718638.5325396922,1407500.0,1311138.5325396922,False,True,315.6920523800024,59.192259821250445,3865.8930600743543
0.0,0.0,2,2500.0,400.0,500.0,150.0,2724243.5325396922,1407500.0,1316743.5325396922,False,True,315.6920523800024,59.192259821250445,1637.2897031291018
0.0,600.0,0,1500.0,200.0,700.0,150.0,2164063.9616800817,1407500.0,756563.9616800814,False,True,315.6920523800024,59.192259821250445,1851.277542356911
200.0,200.0,1,1500.0,0.0,700.0,150.0,1998158.4316036687,1407500.0,590658.4316036686,False,True,315.6920523800024,59.192259821250445,1633.3761884611788
400.0,0.0,0,1500.0,200.0,700.0,150.0,1812963.3244380415,1407500.0,405463.3244380414,False,True,315.6920523800024,59.192259821250445,1411.1891734814135
0.0,200.0,4,0.0,600.0,500.0,100.0,2481518.88834087,1410000.0,1071518.8883408702,False,True,315.6920523800024,59.192259821250445,1113.9955955501605
200.0,600.0,1,0.0,200.0,500.0,100.0,1854547.8073118608,1410000.0,444547.8073118607,False,True,315.6920523800024,59.192259821250445,1358.195930482821
400.0,200.0,2,0.0,0.0,500.0,100.0,1677301.5220558762,1410000.0,267301.5220558762,False,True,315.6920523800024,59.192259821250445,180.70944850396242
400.0,400.0,0,0.0,400.0,500.0,100.0,1623580.5714050038,1410000.0,213580.5714050037,False,True,315.6920523800024,59.192259821250445,1618.893420021849
600.0,0.0,1,0.0,200.0,500.0,100.0,1625019.948135132,1410000.0,215019.94813513203,False,True,315.6920523800024,59.192259821250445,332.3658197205492
0.0,0.0,5,0.0,400.0,700.0,150.0,2729599.7825396922,1412500.0,1317099.7825396922,False,True,315.6920523800024,59.192259821250445,2184.6549972265802
200.0,400.0,2,0.0,0.0,700.0,150.0,1892512.0942478438,1412500.0,480012.0942478438,False,True,315.6920523800024,59.192259821250445,367.0116456494003
200.0,600.0,0,0.0,400.0,700.0,150.0,1851561.5573118608,1412500.0,439061.5573118607,False,True,315.6920523800024,59.192259821250445,2458.090398340818
400.0,200.0,1,0.0,200.0,700.0,150.0,1674196.5220558762,1412500.0,261696.5220558762,False,True,315.6920523800024,59.192259821250445,391.2497391126494
600.0,0.0,0,0.0,400.0,700.0,150.0,1622033.698135132,1412500.0,209533.69813513203,False,True,315.6920523800024,59.192259821250445,1246.2904937851806
0.0,0.0,3,1500.0,400.0,700.0,100.0,2732099.7825396922,1415000.0,1317099.7825396922,False,True,315.6920523800024,59.192259821250445,1846.8285092105991
0.0,0.0,3,2500.0,0.0,500.0,100.0,2732099.7825396922,1415000.0,1317099.7825396922,False,True,315.6920523800024,59.192259821250445,2184.6549972265802
0.0,200.0,0,3500.0,0.0,700.0,100.0,2475071.38834087,1415000.0,1060071.3883408702,False,True,315.6920523800024,59.192259821250445,3865.8930600743543
0.0,200.0,1,2500.0,400.0,500.0,100.0,2480557.63834087,1415000.0,1065557.6383408702,False,True,315.6920523800024,59.192259821250445,2830.852510586579
200.0,0.0,0,2500.0,600.0,500.0,100.0,2240486.276507222,1415000.0,825486.2765072221,False,True,315.6920523800024,59.192259821250445,3381.867585234568
200.0,400.0,0,1500.0,0.0,700.0,100.0,1883920.8442478438,1415000.0,468920.8442478438,False,True,315.6920523800024,59.192259821250445,3865.8930600743543
0.0,0.0,2,2500.0,200.0,700.0,150.0,2734243.5325396922,1417500.0,1316743.5325396922,False,True,315.6920523800024,59.192259821250445,1641.7297093175016
0.0,0.0,3,1500.0,600.0,500.0,150.0,2734599.7825396922,1417500.0,1317099.7825396922,False,True,315.6920523800024,59.192259821250445,1846.8285092105991
0.0,200.0,0,2500.0,600.0,700.0,150.0,2477571.38834087,1417500.0,1060071.3883408702,False,True,315.6920523800024,59.192259821250445,3508.5724432813286
0.0,200.0,0,3500.0,200.0,500.0,150.0,2477571.38834087,1417500.0,1060071.3883408702,False,True,315.6920523800024,59.192259821250445,3501.1582243147745
0.0,600.0,1,1500.0,0.0,500.0,150.0,2179550.2116800817,1417500.0,762050.2116800814,False,True,315.6920523800024,59.192259821250445,2421.411113161629
200.0,400.0,0,1500.0,200.0,500.0,150.0,1886420.8442478438,1417500.0,468920.8442478438,False,True,315.6920523800024,59.192259821250445,963.3387140467144
400.0,0.0,1,1500.0,0.0,500.0,150.0,1828449.5744380415,1417500.0,410949.5744380414,False,True,315.6920523800024,59.192259821250445,943.0407887391632
0.0,200.0,4,0.0,400.0,700.0,100.0,2491518.88834087,1420000.0,1071518.8883408702,False,True,315.6920523800024,59.192259821250445,1113.9955955501605
200.0,0.0,3,0.0,600.0,700.0,100.0,2256933.776507222,1420000.0,836933.7765072221,False,True,315.6920523800024,59.192259821250445,435.7692404513767
200.0,600.0,1,0.0,0.0,700.0,100.0,1864547.8073118608,1420000.0,444547.8073118607,False,True,315.6920523800024,59.192259821250445,1502.6678708137956
400.0,400.0,0,0.0,200.0,700.0,100.0,1633580.5714050038,1420000.0,213580.5714050037,False,True,315.6920523800024,59.192259821250445,1618.893420021849
600.0,0.0,1,0.0,0.0,700.0,100.0,1635019.948135132,1420000.0,215019.94813513203,False,True,315.6920523800024,59.192259821250445,663.0237271296933
0.0,200.0,4,0.0,600.0,500.0,150.0,2494018.88834087,1422500.0,1071518.8883408702,False,True,315.6920523800024,59.192259821250445,1113.9955955501605
200.0,600.0,1,0.0,200.0,500.0,150.0,1867047.8073118608,1422500.0,444547.8073118607,False,True,315.6920523800024,59.192259821250445,1358.195930482821
400.0,200.0,2,0.0,0.0,500.0,150.0,1689801.5220558762,1422500.0,267301.5220558762,False,True,315.6920523800024,59.192259821250445,180.70944850396242
400.0,400.0,0,0.0,400.0,500.0,150.0,1636080.5714050038,1422500.0,213580.5714050037,False,True,315.6920523800024,59.192259821250445,1618.893420021849
600.0,0.0,1,0.0,200.0,500.0,150.0,1637519.948135132,1422500.0,215019.94813513203,False,True,315.6920523800024,59.192259821250445,332.3658197205492
0.0,0.0,4,1500.0,200.0,500.0,100.0,2742099.7825396922,1425000.0,1317099.7825396922,False,True,315.6920523800024,59.192259821250445,1846.8285092105991
0.0,200.0,1,2500.0,200.0,700.0,100.0,2490557.63834087,1425000.0,1065557.6383408702,False,True,315.6920523800024,59.192259821250445,2843.5265662106567
0.0,200.0,2,1500.0,600.0,500.0,100.0,2496162.63834087,1425000.0,1071162.6383408702,False,True,315.6920523800024,59.192259821250445,834.9568321304375
200.0,0.0,0,2500.0,400.0,700.0,100.0,2250486.276507222,1425000.0,825486.2765072221,False,True,315.6920523800024,59.192259821250445,3381.867585234568
200.0,0.0,0,3500.0,0.0,500.0,100.0,2250486.276507222,1425000.0,825486.2765072221,False,True,315.6920523800024,59.192259821250445,3865.8930600743543
400.0,200.0,0,1500.0,0.0,500.0,100.0,1681210.2720558762,1425000.0,256210.2720558762,False,True,315.6920523800024,59.192259821250445,3865.8930600743543
0.0,0.0,3,1500.0,400.0,700.0,150.0,2744599.7825396922,1427500.0,1317099.7825396922,False,True,315.6920523800024,59.192259821250445,1846.8285092105991
0.0,0.0,3,2500.0,0.0,500.0,150.0,2744599.7825396922,1427500.0,1317099.7825396922,False,True,315.6920523800024,59.192259821250445,2184.6549972265802
0.0,200.0,0,3500.0,0.0,700.0,150.0,2487571.38834087,1427500.0,1060071.3883408702,False,True,315.6920523800024,59.192259821250445,3865.8930600743543
0.0,200.0,1,2500.0,400.0,500.0,150.0,2493057.63834087,1427500.0,1065557.6383408702,False,True,315.6920523800024,59.192259821250445,2830.852510586579
200.0,0.0,0,2500.0,600.0,500.0,150.0,2252986.276507222,1427500.0,825486.2765072221,False,True,315.6920523800024,59.192259821250445,3381.867585234568
200.0,400.0,0,1500.0,0.0,700.0,150.0,1896420.8442478438,1427500.0,468920.8442478438,False,True,315.6920523800024,59.192259821250445,3865.8930600743543
0.0,200.0,5,0.0,200.0,500.0,100.0,2501518.88834087,1430000.0,1071518.8883408702,False,True,315.6920523800024,59.192259821250445,1113.9955955501605
0.0,400.0,3,0.0,600.0,500.0,100.0,2284372.745293745,1430000.0,854372.7452937451,False,True,315.6920523800024,59.192259821250445,1016.2291487864281
200.0,0.0,4,0.0,400.0,500.0,100.0,2266933.776507222,1430000.0,836933.7765072221,False,True,315.6920523800024,59.192259821250445,435.7692404513767
400.0,400.0,1,0.0,0.0,500.0,100.0,1649066.8214050038,1430000.0,219066.8214050037,False,True,315.6920523800024,59.192259821250445,640.0294767026862
600.0,200.0,0,0.0,200.0,500.0,100.0,1559191.3702823014,1430000.0,129191.3702823015,False,True,315.6920523800024,59.192259821250445,825.9902116985058
0.0,200.0,4,0.0,400.0,700.0,150.0,2504018.88834087,1432500.0,1071518.8883408702,False,True,315.6920523800024,59.192259821250445,1113.9955955501605
200.0,0.0,3,0.0,600.0,700.0,150.0,2269433.776507222,1432500.0,836933.7765072221,False,True,315.6920523800024,59.192259821250445,435.7692404513767
200.0,600.0,1,0.0,0.0,700.0,150.0,1877047.8073118608,1432500.0,444547.8073118607,False,True,315.6920523800024,59.192259821250445,1502.6678708137956
400.0,400.0,0,0.0,200.0,700.0,150.0,1646080.5714050038,1432500.0,213580.5714050037,False,True,315.6920523800024,59.192259821250445,1618.893420021849
600.0,0.0,1,0.0,0.0,700.0,150.0,1647519.948135132,1432500.0,215019.94813513203,False,True,315.6920523800024,59.192259821250445,663.0237271296933
0.0,0.0,4,1500.0,0.0,700.0,100.0,2752099.7825396922,1435000.0,1317099.7825396922,False,True,315.6920523800024,59.192259821250445,2184.6549972265802
0.0,200.0,2,1500.0,400.0,700.0,100.0,2506162.63834087,1435000.0,1071162.6383408702,False,True,315.6920523800024,59.192259821250445,834.9568321304375
0.0,200.0,2,2500.0,0.0,500.0,100.0,2506162.63834087,1435000.0,1071162.6383408702,False,True,315.6920523800024,59.192259821250445,1241.592425549732
0.0,400.0,0,2500.0,400.0,500.0,100.0,2277925.245293745,1435000.0,842925.2452937451,False,True,315.6920523800024,59.192259821250445,1511.8621706061688
200.0,0.0,1,1500.0,600.0,700.0,100.0,2265972.526507222,1435000.0,830972.5265072221,False,True,315.6920523800024,59.192259821250445,2227.095409546986
200.0,0.0,1,2500.0,200.0,500.0,100.0,2265972.526507222,1435000.0,830972.5265072221,False,True,315.6920523800024,59.192259821250445,1916.0684995396175
0.0,0.0,4,1500.0,200.0,500.0,150.0,2754599.7825396922,1437500.0,1317099.7825396922,False,True,315.6920523800024,59.192259821250445,1846.8285092105991
0.0,200.0,1,2500.0,200.0,700.0,150.0,2503057.63834087,1437500.0,1065557.6383408702,False,True,315.6920523800024,59.192259821250445,2843.5265662106567
0.0,200.0,2,1500.0,600.0,500.0,150.0,2508662.63834087,1437500.0,1071162.6383408702,False,True,315.6920523800024,59.192259821250445,834.9568321304375
200.0,0.0,0,2500.0,400.0,700.0,150.0,2262986.276507222,1437500.0,825486.2765072221,False,True,315.6920523800024,59.192259821250445,3381.867585234568
200.0,0.0,0,3500.0,0.0,500.0,150.0,2262986.276507222,1437500.0,825486.2765072221,False,True,315.6920523800024,59.192259821250445,3865.8930600743543
400.0,200.0,0,1500.0,0.0,500.0,150.0,1693710.2720558762,1437500.0,256210.2720558762,False,True,315.6920523800024,59.192259821250445,3865.8930600743543
0.0,200.0,5,0.0,0.0,700.0,100.0,2511518.88834087,1440000.0,1071518.8883408702,False,True,315.6920523800024,59.192259821250445,1113.9955955501605
0.0,400.0,3,0.0,400.0,700.0,100.0,2294372.745293745,1440000.0,854372.7452937451,False,True,315.6920523800024,59.192259821250445,1016.2291487864281
200.0,0.0,4,0.0,200.0,700.0,100.0,2276933.776507222,1440000.0,836933.7765072221,False,True,315.6920523800024,59.192259821250445,435.7692404513767
200.0,200.0,2,0.0,600.0,700.0,100.0,2036263.4316036687,1440000.0,596263.4316036686,False,True,315.6920523800024,59.192259821250445,339.90277857250504
600.0,200.0,0,0.0,0.0,700.0,100.0,1569191.3702823014,1440000.0,129191.3702823015,False,True,315.6920523800024,59.192259821250445,3865.8930600743543
0.0,200.0,5,0.0,200.0,500.0,150.0,2514018.88834087,1442500.0,1071518.8883408702,False,True,315.6920523800024,59.192259821250445,1113.9955955501605
0.0,400.0,3,0.0,600.0,500.0,150.0,2296872.745293745,1442500.0,854372.7452937451,False,True,315.6920523800024,59.192259821250445,1016.2291487864281
200.0,0.0,4,0.0,400.0,500.0,150.0,2279433.776507222,1442500.0,836933.7765072221,False,True,315.6920523800024,59.192259821250445,435.7692404513767
400.0,400.0,1,0.0,0.0,500.0,150.0,1661566.8214050038,1442500.0,219066.8214050037,False,True,315.6920523800024,59.192259821250445,640.0294767026862
600.0,200.0,0,0.0,200.0,500.0,150.0,1571691.3702823014,1442500.0,129191.3702823015,False,True,315.6920523800024,59.192259821250445,825.9902116985058
0.0,200.0,3,1500.0,200.0,500.0,100.0,2516518.88834087,1445000.0,1071518.8883408702,False,True,315.6920523800024,59.192259821250445,716.3222839606613
0.0,400.0,0,2500.0,200.0,700.0,100.0,2287925.245293745,1445000.0,842925.2452937451,False,True,315.6920523800024,59.192259821250445,2034.2002385618962
0.0,400.0,1,1500.0,600.0,500.0,100.0,2293411.495293745,1445000.0,848411.4952937451,False,True,315.6920523800024,59.192259821250445,1072.0487469082962
200.0,0.0,1,2500.0,0.0,700.0,100.0,2275972.526507222,1445000.0,830972.5265072221,False,True,315.6920523800024,59.192259821250445,2671.0661479499868
200.0,0.0,2,1500.0,400.0,500.0,100.0,2281577.526507222,1445000.0,836577.5265072221,True,True,315.6920523800024,59.192259821250445,161.66850571362082
0.0,0.0,4,1500.0,0.0,700.0,150.0,2764599.7825396922,1447500.0,1317099.7825396922,False,True,315.6920523800024,59.192259821250445,2184.6549972265802
0.0,200.0,2,1500.0,400.0,700.0,150.0,2518662.63834087,1447500.0,1071162.6383408702,False,True,315.6920523800024,59.192259821250445,834.9568321304375
0.0,200.0,2,2500.0,0.0,500.0,150.0,2518662.63834087,1447500.0,1071162.6383408702,False,True,315.6920523800024,59.192259821250445,1241.592425549732
0.0,400.0,0,2500.0,400.0,500.0,150.0,2290425.245293745,1447500.0,842925.2452937451,False,True,315.6920523800024,59.192259821250445,1511.8621706061688
200.0,0.0,1,1500.0,600.0,700.0,150.0,2278472.526507222,1447500.0,830972.5265072221,False,True,315.6920523800024,59.192259821250445,2227.095409546986
200.0,0.0,1,2500.0,200.0,500.0,150.0,2278472.526507222,1447500.0,830972.5265072221,False,True,315.6920523800024,59.192259821250445,1916.0684995396175
0.0,400.0,4,0.0,200.0,500.0,100.0,2304372.745293745,1450000.0,854372.7452937451,False,True,315.6920523800024,59.192259821250445,1016.2291487864281
0.0,600.0,2,0.0,600.0,500.0,100.0,2217655.2116800817,1450000.0,767655.2116800814,False,True,315.6920523800024,59.192259821250445,1097.264131742782
200.0,0.0,5,0.0,0.0,500.0,100.0,2286933.776507222,1450000.0,836933.7765072221,False,True,315.6920523800024,59.192259821250445,435.7692404513767
200.0,200.0,3,0.0,400.0,500.0,100.0,2046619.6816036687,1450000.0,596619.6816036686,False,True,315.6920523800024,59.192259821250445,266.16253484160563
400.0,0.0,2,0.0,600.0,500.0,100.0,1866554.5744380415,1450000.0,416554.5744380414,True,True,315.6920523800024,59.192259821250445,183.23376463798218
400.0,600.0,0,0.0,0.0,500.0,100.0,1653054.1749360964,1450000.0,203054.1749360965,False,True,315.6920523800024,59.192259821250445,3865.8930600743543
0.0,200.0,5,0.0,0.0,700.0,150.0,2524018.88834087,1452500.0,1071518.8883408702,False,True,315.6920523800024,59.192259821250445,1113.9955955501605
0.0,400.0,3,0.0,400.0,700.0,150.0,2306872.745293745,1452500.0,854372.7452937451,False,True,315.6920523800024,59.192259821250445,1016.2291487864281
200.0,0.0,4,0.0,200.0,700.0,150.0,2289433.776507222,1452500.0,836933.7765072221,False,True,315.6920523800024,59.192259821250445,435.7692404513767
200.0,200.0,2,0.0,600.0,700.0,150.0,2048763.4316036687,1452500.0,596263.4316036686,False,True,315.6920523800024,59.192259821250445,339.90277857250504
600.0,200.0,0,0.0,0.0,700.0,150.0,1581691.3702823014,1452500.0,129191.3702823015,False,True,315.6920523800024,59.192259821250445,3865.8930600743543
0.0,0.0,0,3500.0,600.0,700.0,100.0,2760652.2825396922,1455000.0,1305652.2825396922,False,True,315.6920523800024,59.192259821250445,3468.168116464793
0.0,200.0,3,1500.0,0.0,700.0,100.0,2526518.88834087,1455000.0,1071518.8883408702,False,True,315.6920523800024,59.192259821250445,1113.9955955501605
0.0,400.0,1,1500.0,400.0,700.0,100.0,2303411.495293745,1455000.0,848411.4952937451,False,True,315.6920523800024,59.192259821250445,1072.0487469082962
0.0,400.0,1,2500.0,0.0,500.0,100.0,2303411.495293745,1455000.0,848411.4952937451,False,True,315.6920523800024,59.192259821250445,2622.2246847193433
200.0,0.0,2,1500.0,200.0,700.0,100.0,2291577.526507222,1455000.0,836577.5265072221,True,True,315.6920523800024,59.192259821250445,162.7401452831789
200.0,200.0,0,1500.0,600.0,700.0,100.0,2040172.1816036687,1455000.0,585172.1816036686,False,True,315.6920523800024,59.192259821250445,2014.5304721876068
200.0,200.0,0,2500.0,200.0,500.0,100.0,2040172.1816036687,1455000.0,585172.1816036686,False,True,315.6920523800024,59.192259821250445,1531.5960100335958
0.0,200.0,3,1500.0,200.0,500.0,150.0,2529018.88834087,1457500.0,1071518.8883408702,False,True,315.6920523800024,59.192259821250445,716.3222839606613
0.0,400.0,0,2500.0,200.0,700.0,150.0,2300425.245293745,1457500.0,842925.2452937451,False,True,315.6920523800024,59.192259821250445,2034.2002385618962
0.0,400.0,1,1500.0,600.0,500.0,150.0,2305911.495293745,1457500.0,848411.4952937451,False,True,315.6920523800024,59.192259821250445,1072.0487469082962
200.0,0.0,1,2500.0,0.0,700.0,150.0,2288472.526507222,1457500.0,830972.5265072221,False,True,315.6920523800024,59.192259821250445,2671.0661479499868
200.0,0.0,2,1500.0,400.0,500.0,150.0,2294077.526507222,1457500.0,836577.5265072221,True,True,315.6920523800024,59.192259821250445,161.66850571362082
0.0,400.0,4,0.0,0.0,700.0,100.0,2314372.745293745,1460000.0,854372.7452937451,False,True,315.6920523800024,59.192259821250445,1059.658765620191
0.0,600.0,2,0.0,400.0,700.0,100.0,2227655.2116800817,1460000.0,767655.2116800814,False,True,315.6920523800024,59.192259821250445,1097.264131742782
200.0,200.0,3,0.0,200.0,700.0,100.0,2056619.6816036687,1460000.0,596619.6816036686,False,True,315.6920523800024,59.192259821250445,266.16253484160563
200.0,400.0,1,0.0,600.0,700.0,100.0,1934407.0942478438,1460000.0,474407.0942478438,False,True,315.6920523800024,59.192259821250445,1412.3444399556545
400.0,0.0,2,0.0,400.0,700.0,100.0,1876554.5744380415,1460000.0,416554.5744380414,True,True,315.6920523800024,59.192259821250445,183.23376463798218
0.0,400.0,4,0.0,200.0,500.0,150.0,2316872.745293745,1462500.0,854372.7452937451,False,True,315.6920523800024,59.192259821250445,1016.2291487864281
0.0,600.0,2,0.0,600.0,500.0,150.0,2230155.2116800817,1462500.0,767655.2116800814,False,True,315.6920523800024,59.192259821250445,1097.264131742782
200.0,0.0,5,0.0,0.0,500.0,150.0,2299433.776507222,1462500.0,836933.7765072221,False,True,315.6920523800024,59.192259821250445,435.7692404513767
200.0,200.0,3,0.0,400.0,500.0,150.0,2059119.6816036687,1462500.0,596619.6816036686,False,True,315.6920523800024,59.192259821250445,266.16253484160563
400.0,0.0,2,0.0,600.0,500.0,150.0,1879054.5744380415,1462500.0,416554.5744380414,True,True,315.6920523800024,59.192259821250445,183.23376463798218
400.0,600.0,0,0.0,0.0,500.0,150.0,1665554.1749360964,1462500.0,203054.1749360965,False,True,315.6920523800024,59.192259821250445,3865.8930600743543
0.0,0.0,1,3500.0,400.0,500.0,100.0,2776138.5325396922,1465000.0,1311138.5325396922,False,True,315.6920523800024,59.192259821250445,3258.4964860812456
0.0,400.0,2,1500.0,200.0,500.0,100.0,2319016.495293745,1465000.0,854016.4952937451,True,True,315.6920523800024,59.192259821250445,127.24165687339314
0.0,600.0,0,1500.0,600.0,500.0,100.0,2221563.9616800817,1465000.0,756563.9616800814,False,True,315.6920523800024,59.192259821250445,1425.7987337995307
200.0,0.0,3,1500.0,0.0,500.0,100.0,2301933.776507222,1465000.0,836933.7765072221,False,True,315.6920523800024,59.192259821250445,435.7692404513767
200.0,200.0,0,2500.0,0.0,700.0,100.0,2050172.1816036687,1465000.0,585172.1816036686,False,True,315.6920523800024,59.192259821250445,3865.8930600743543
200.0,200.0,1,1500.0,400.0,500.0,100.0,2055658.4316036687,1465000.0,590658.4316036686,False,True,315.6920523800024,59.192259821250445,347.7913432837088
400.0,0.0,0,1500.0,600.0,500.0,100.0,1870463.3244380415,1465000.0,405463.3244380414,False,True,315.6920523800024,59.192259821250445,1399.1411572080578
0.0,0.0,0,3500.0,600.0,700.0,150.0,2773152.2825396922,1467500.0,1305652.2825396922,False,True,315.6920523800024,59.192259821250445,3468.168116464793
0.0,200.0,3,1500.0,0.0,700.0,150.0,2539018.88834087,1467500.0,1071518.8883408702,False,True,315.6920523800024,59.192259821250445,1113.9955955501605
0.0,400.0,1,1500.0,400.0,700.0,150.0,2315911.495293745,1467500.0,848411.4952937451,False,True,315.6920523800024,59.192259821250445,1072.0487469082962
0.0,400.0,1,2500.0,0.0,500.0,150.0,2315911.495293745,1467500.0,848411.4952937451,False,True,315.6920523800024,59.192259821250445,2622.2246847193433
200.0,0.0,2,1500.0,200.0,700.0,150.0,2304077.526507222,1467500.0,836577.5265072221,True,True,315.6920523800024,59.192259821250445,162.7401452831789
200.0,200.0,0,1500.0,600.0,700.0,150.0,2052672.1816036687,1467500.0,585172.1816036686,False,True,315.6920523800024,59.192259821250445,2014.5304721876068
200.0,200.0,0,2500.0,200.0,500.0,150.0,2052672.1816036687,1467500.0,585172.1816036686,False,True,315.6920523800024,59.192259821250445,1531.5960100335958
0.0,600.0,3,0.0,200.0,500.0,100.0,2238011.4616800817,1470000.0,768011.4616800814,False,True,315.6920523800024,59.192259821250445,994.4635113766346
200.0,200.0,4,0.0,0.0,500.0,100.0,2066619.6816036687,1470000.0,596619.6816036686,False,True,315.6920523800024,59.192259821250445,293.2714019185008
200.0,400.0,2,0.0,400.0,500.0,100.0,1950012.0942478438,1470000.0,480012.0942478438,False,True,315.6920523800024,59.192259821250445,294.14041756250055
400.0,0.0,3,0.0,200.0,500.0,100.0,1886910.8244380415,1470000.0,416910.8244380414,True,True,315.6920523800024,59.192259821250445,180.04392371418265
400.0,200.0,1,0.0,600.0,500.0,100.0,1731696.5220558762,1470000.0,261696.5220558762,False,True,315.6920523800024,59.192259821250445,391.2497391126494
0.0,400.0,4,0.0,0.0,700.0,150.0,2326872.745293745,1472500.0,854372.7452937451,False,True,315.6920523800024,59.192259821250445,1059.658765620191
0.0,600.0,2,0.0,400.0,700.0,150.0,2240155.2116800817,1472500.0,767655.2116800814,False,True,315.6920523800024,59.192259821250445,1097.264131742782
200.0,200.0,3,0.0,200.0,700.0,150.0,2069119.6816036687,1472500.0,596619.6816036686,False,True,315.6920523800024,59.192259821250445,266.16253484160563
200.0,400.0,1,0.0,600.0,700.0,150.0,1946907.0942478438,1472500.0,474407.0942478438,False,True,315.6920523800024,59.192259821250445,1412.3444399556545
400.0,0.0,2,0.0,400.0,700.0,150.0,1889054.5744380415,1472500.0,416554.5744380414,True,True,315.6920523800024,59.192259821250445,183.23376463798218
0.0,0.0,1,3500.0,200.0,700.0,100.0,2786138.5325396922,1475000.0,1311138.5325396922,False,True,315.6920523800024,59.192259821250445,3325.414216749541
0.0,0.0,2,2500.0,600.0,500.0,100.0,2791743.5325396922,1475000.0,1316743.5325396922,False,True,315.6920523800024,59.192259821250445,1637.2897031291018
0.0,400.0,2,1500.0,0.0,700.0,100.0,2329016.495293745,1475000.0,854016.4952937451,False,True,315.6920523800024,59.192259821250445,1172.9897800840567
0.0,600.0,0,1500.0,400.0,700.0,100.0,2231563.9616800817,1475000.0,756563.9616800814,False,True,315.6920523800024,59.192259821250445,1425.7987337995307
0.0,600.0,0,2500.0,0.0,500.0,100.0,2231563.9616800817,1475000.0,756563.9616800814,False,True,315.6920523800024,59.192259821250445,3865.8930600743543
200.0,200.0,1,1500.0,200.0,700.0,100.0,2065658.4316036687,1475000.0,590658.4316036686,False,True,315.6920523800024,59.192259821250445,370.30485152648197
400.0,0.0,0,1500.0,400.0,700.0,100.0,1880463.3244380415,1475000.0,405463.3244380414,False,True,315.6920523800024,59.192259821250445,1415.335594096227
400.0,0.0,0,2500.0,0.0,500.0,100.0,1880463.3244380415,1475000.0,405463.3244380414,False,True,315.6920523800024,59.192259821250445,3865.8930600743543
0.0,0.0,1,3500.0,400.0,500.0,150.0,2788638.5325396922,1477500.0,1311138.5325396922,False,True,315.6920523800024,59.192259821250445,3258.4964860812456
0.0,400.0,2,1500.0,200.0,500.0,150.0,2331516.495293745,1477500.0,854016.4952937451,True,True,315.6920523800024,59.192259821250445,127.24165687339314
0.0,600.0,0,1500.0,600.0,500.0,150.0,2234063.9616800817,1477500.0,756563.9616800814,False,True,315.6920523800024,59.192259821250445,1425.7987337995307
200.0,0.0,3,1500.0,0.0,500.0,150.0,2314433.776507222,1477500.0,836933.7765072221,False,True,315.6920523800024,59.192259821250445,435.7692404513767
200.0,200.0,0,2500.0,0.0,700.0,150.0,2062672.1816036687,1477500.0,585172.1816036686,False,True,315.6920523800024,59.192259821250445,3865.8930600743543
200.0,200.0,1,1500.0,400.0,500.0,150.0,2068158.4316036687,1477500.0,590658.4316036686,False,True,315.6920523800024,59.192259821250445,347.7913432837088
400.0,0.0,0,1500.0,600.0,500.0,150.0,1882963.3244380415,1477500.0,405463.3244380414,False,True,315.6920523800024,59.192259821250445,1399.1411572080578
0.0,0.0,5,0.0,600.0,700.0,100.0,2797099.7825396922,1480000.0,1317099.7825396922,False,True,315.6920523800024,59.192259821250445,2184.6549972265802
0.0,600.0,3,0.0,0.0,700.0,100.0,2248011.4616800817,1480000.0,768011.4616800814,False,True,315.6920523800024,59.192259821250445,1059.6587656201907
200.0,400.0,2,0.0,200.0,700.0,100.0,1960012.0942478438,1480000.0,480012.0942478438,False,True,315.6920523800024,59.192259821250445,294.14041756250055
200.0,600.0,0,0.0,600.0,700.0,100.0,1919061.5573118608,1480000.0,439061.5573118607,False,True,315.6920523800024,59.192259821250445,2458.090398340818
400.0,0.0,3,0.0,0.0,700.0,100.0,1896910.8244380415,1480000.0,416910.8244380414,False,True,315.6920523800024,59.192259821250445,234.73087114067525
400.0,200.0,1,0.0,400.0,700.0,100.0,1741696.5220558762,1480000.0,261696.5220558762,False,True,315.6920523800024,59.192259821250445,391.2497391126494
600.0,0.0,0,0.0,600.0,700.0,100.0,1689533.698135132,1480000.0,209533.69813513203,False,True,315.6920523800024,59.192259821250445,1246.2904937851806
0.0,600.0,3,0.0,200.0,500.0,150.0,2250511.4616800817,1482500.0,768011.4616800814,False,True,315.6920523800024,59.192259821250445,994.4635113766346
200.0,200.0,4,0.0,0.0,500.0,150.0,2079119.6816036687,1482500.0,596619.6816036686,False,True,315.6920523800024,59.192259821250445,293.2714019185008
200.0,400.0,2,0.0,400.0,500.0,150.0,1962512.0942478438,1482500.0,480012.0942478438,False,True,315.6920523800024,59.192259821250445,294.14041756250055
400.0,0.0,3,0.0,200.0,500.0,150.0,1899410.8244380415,1482500.0,416910.8244380414,True,True,315.6920523800024,59.192259821250445,180.04392371418265
400.0,200.0,1,0.0,600.0,500.0,150.0,1744196.5220558762,1482500.0,261696.5220558762,False,True,315.6920523800024,59.192259821250445,391.2497391126494
0.0,0.0,2,2500.0,400.0,700.0,100.0,2801743.5325396922,1485000.0,1316743.5325396922,False,True,315.6920523800024,59.192259821250445,1637.2897031291018
0.0,0.0,2,3500.0,0.0,500.0,100.0,2801743.5325396922,1485000.0,1316743.5325396922,False,True,315.6920523800024,59.192259821250445,2297.6452851452086
0.0,200.0,0,3500.0,400.0,500.0,100.0,2545071.38834087,1485000.0,1060071.3883408702,False,True,315.6920523800024,59.192259821250445,3386.478773610017
0.0,600.0,1,1500.0,200.0,500.0,100.0,2247050.2116800817,1485000.0,762050.2116800814,False,True,315.6920523800024,59.192259821250445,774.8220721157935
200.0,200.0,2,1500.0,0.0,500.0,100.0,2081263.4316036687,1485000.0,596263.4316036686,False,True,315.6920523800024,59.192259821250445,367.0116456494003
200.0,400.0,0,1500.0,400.0,500.0,100.0,1953920.8442478438,1485000.0,468920.8442478438,False,True,315.6920523800024,59.192259821250445,954.0691381635885
400.0,0.0,1,1500.0,200.0,500.0,100.0,1895949.5744380415,1485000.0,410949.5744380414,True,True,315.6920523800024,59.192259821250445,29.17275138822441
0.0,0.0,1,3500.0,200.0,700.0,150.0,2798638.5325396922,1487500.0,1311138.5325396922,False,True,315.6920523800024,59.192259821250445,3325.414216749541
0.0,0.0,2,2500.0,600.0,500.0,150.0,2804243.5325396922,1487500.0,1316743.5325396922,False,True,315.6920523800024,59.192259821250445,1637.2897031291018
0.0,400.0,2,1500.0,0.0,700.0,150.0,2341516.495293745,1487500.0,854016.4952937451,False,True,315.6920523800024,59.192259821250445,1172.9897800840567
0.0,600.0,0,1500.0,400.0,700.0,150.0,2244063.9616800817,1487500.0,756563.9616800814,False,True,315.6920523800024,59.192259821250445,1425.7987337995307
0.0,600.0,0,2500.0,0.0,500.0,150.0,2244063.9616800817,1487500.0,756563.9616800814,False,True,315.6920523800024,59.192259821250445,3865.8930600743543
200.0,200.0,1,1500.0,200.0,700.0,150.0,2078158.4316036687,1487500.0,590658.4316036686,False,True,315.6920523800024,59.192259821250445,370.30485152648197
400.0,0.0,0,1500.0,400.0,700.0,150.0,1892963.3244380415,1487500.0,405463.3244380414,False,True,315.6920523800024,59.192259821250445,1411.1891734814135
400.0,0.0,0,2500.0,0.0,500.0,150.0,1892963.3244380415,1487500.0,405463.3244380414,False,True,315.6920523800024,59.192259821250445,3865.8930600743543
200.0,400.0,3,0.0,0.0,500.0,100.0,1970368.3442478438,1490000.0,480368.3442478438,False,True,315.6920523800024,59.192259821250445,293.2714019185008
200.0,600.0,1,0.0,400.0,500.0,100.0,1934547.8073118608,1490000.0,444547.8073118607,False,True,315.6920523800024,59.192259821250445,1358.195930482821
400.0,200.0,2,0.0,200.0,500.0,100.0,1757301.5220558762,1490000.0,267301.5220558762,True,True,315.6920523800024,59.192259821250445,62.05193247204173
400.0,400.0,0,0.0,600.0,500.0,100.0,1703580.5714050038,1490000.0,213580.5714050037,False,True,315.6920523800024,59.192259821250445,1618.893420021849
600.0,0.0,1,0.0,400.0,500.0,100.0,1705019.948135132,1490000.0,215019.94813513203,False,True,315.6920523800024,59.192259821250445,332.3658197205492
0.0,0.0,5,0.0,600.0,700.0,150.0,2809599.7825396922,1492500.0,1317099.7825396922,False,True,315.6920523800024,59.192259821250445,2184.6549972265802
0.0,600.0,3,0.0,0.0,700.0,150.0,2260511.4616800817,1492500.0,768011.4616800814,False,True,315.6920523800024,59.192259821250445,1059.6587656201907
200.0,400.0,2,0.0,200.0,700.0,150.0,1972512.0942478438,1492500.0,480012.0942478438,False,True,315.6920523800024,59.192259821250445,294.14041756250055
200.0,600.0,0,0.0,600.0,700.0,150.0,1931561.5573118608,1492500.0,439061.5573118607,False,True,315.6920523800024,59.192259821250445,2458.090398340818
400.0,0.0,3,0.0,0.0,700.0,150.0,1909410.8244380415,1492500.0,416910.8244380414,False,True,315.6920523800024,59.192259821250445,234.73087114067525
400.0,200.0,1,0.0,400.0,700.0,150.0,1754196.5220558762,1492500.0,261696.5220558762,False,True,315.6920523800024,59.192259821250445,391.2497391126494
600.0,0.0,0,0.0,600.0,700.0,150.0,1702033.698135132,1492500.0,209533.69813513203,False,True,315.6920523800024,59.192259821250445,1246.2904937851806
0.0,0.0,3,1500.0,600.0,700.0,100.0,2812099.7825396922,1495000.0,1317099.7825396922,False,True,315.6920523800024,59.192259821250445,1846.8285092105991
0.0,0.0,3,2500.0,200.0,500.0,100.0,2812099.7825396922,1495000.0,1317099.7825396922,False,True,315.6920523800024,59.192259821250445,1510.3249226129599
0.0,200.0,0,3500.0,200.0,700.0,100.0,2555071.38834087,1495000.0,1060071.3883408702,False,True,315.6920523800024,59.192259821250445,3501.1582243147745
0.0,200.0,1,2500.0,600.0,500.0,100.0,2560557.63834087,1495000.0,1065557.6383408702,False,True,315.6920523800024,59.192259821250445,2830.852510586579
0.0,600.0,1,1500.0,0.0,700.0,100.0,2257050.2116800817,1495000.0,762050.2116800814,False,True,315.6920523800024,59.192259821250445,2421.411113161629
200.0,400.0,0,1500.0,200.0,700.0,100.0,1963920.8442478438,1495000.0,468920.8442478438,False,True,315.6920523800024,59.192259821250445,963.3387140467144
400.0,0.0,1,1500.0,0.0,700.0,100.0,1905949.5744380415,1495000.0,410949.5744380414,False,True,315.6920523800024,59.192259821250445,943.0407887391632
0.0,0.0,2,2500.0,400.0,700.0,150.0,2814243.5325396922,1497500.0,1316743.5325396922,False,True,315.6920523800024,59.192259821250445,1637.2897031291018
0.0,0.0,2,3500.0,0.0,500.0,150.0,2814243.5325396922,1497500.0,1316743.5325396922,False,True,315.6920523800024,59.192259821250445,2297.6452851452086
0.0,200.0,0,3500.0,400.0,500.0,150.0,2557571.38834087,1497500.0,1060071.3883408702,False,True,315.6920523800024,59.192259821250445,3386.478773610017
0.0,600.0,1,1500.0,200.0,500.0,150.0,2259550.2116800817,1497500.0,762050.2116800814,False,True,315.6920523800024,59.192259821250445,774.8220721157935
200.0,200.0,2,1500.0,0.0,500.0,150.0,2093763.4316036687,1497500.0,596263.4316036686,False,True,315.6920523800024,59.192259821250445,367.0116456494003
200.0,400.0,0,1500.0,400.0,500.0,150.0,1966420.8442478438,1497500.0,468920.8442478438,False,True,315.6920523800024,59.192259821250445,954.0691381635885
400.0,0.0,1,1500.0,200.0,500.0,150.0,1908449.5744380415,1497500.0,410949.5744380414,True,True,315.6920523800024,59.192259821250445,29.17275138822441
0.0,200.0,4,0.0,600.0,700.0,100.0,2571518.88834087,1500000.0,1071518.8883408702,False,True,315.6920523800024,59.192259821250445,1113.9955955501605
200.0,600.0,1,0.0,200.0,700.0,100.0,1944547.8073118608,1500000.0,444547.8073118607,False,True,315.6920523800024,59.192259821250445,1358.195930482821
400.0,200.0,2,0.0,0.0,700.0,100.0,1767301.5220558762,1500000.0,267301.5220558762,False,True,315.6920523800024,59.192259821250445,180.70944850396242
400.0,400.0,0,0.0,400.0,700.0,100.0,1713580.5714050038,1500000.0,213580.5714050037,False,True,315.6920523800024,59.192259821250445,1618.893420021849
600.0,0.0,1,0.0,200.0,700.0,100.0,1715019.948135132,1500000.0,215019.94813513203,False,True,315.6920523800024,59.192259821250445,332.3658197205492
200.0,400.0,3,0.0,0.0,500.0,150.0,1982868.3442478438,1502500.0,480368.3442478438,False,True,315.6920523800024,59.192259821250445,293.2714019185008
200.0,600.0,1,0.0,400.0,500.0,150.0,1947047.8073118608,1502500.0,444547.8073118607,False,True,315.6920523800024,59.192259821250445,1358.195930482821
400.0,200.0,2,0.0,200.0,500.0,150.0,1769801.5220558762,1502500.0,267301.5220558762,True,True,315.6920523800024,59.192259821250445,62.05193247204173
400.0,400.0,0,0.0,600.0,500.0,150.0,1716080.5714050038,1502500.0,213580.5714050037,False,True,315.6920523800024,59.192259821250445,1618.893420021849
600.0,0.0,1,0.0,400.0,500.0,150.0,1717519.948135132,1502500.0,215019.94813513203,False,True,315.6920523800024,59.192259821250445,332.3658197205492
0.0,0.0,3,2500.0,0.0,700.0,100.0,2822099.7825396922,1505000.0,1317099.7825396922,False,True,315.6920523800024,59.192259821250445,2184.6549972265802
0.0,0.0,4,1500.0,400.0,500.0,100.0,2822099.7825396922,1505000.0,1317099.7825396922,False,True,315.6920523800024,59.192259821250445,1846.8285092105991
0.0,200.0,1,2500.0,400.0,700.0,100.0,2570557.63834087,1505000.0,1065557.6383408702,False,True,315.6920523800024,59.192259821250445,2830.852510586579
0.0,200.0,1,3500.0,0.0,500.0,100.0,2570557.63834087,1505000.0,1065557.6383408702,False,True,315.6920523800024,59.192259821250445,3319.5344891366913
200.0,0.0,0,2500.0,600.0,700.0,100.0,2330486.276507222,1505000.0,825486.2765072221,False,True,315.6920523800024,59.192259821250445,3381.867585234568
200.0,0.0,0,3500.0,200.0,500.0,100.0,2330486.276507222,1505000.0,825486.2765072221,False,True,315.6920523800024,59.192259821250445,3205.118727604669
200.0,400.0,1,1500.0,0.0,500.0,100.0,1979407.0942478438,1505000.0,474407.0942478438,False,True,315.6920523800024,59.192259821250445,1533.5593852592126
400.0,200.0,0,1500.0,200.0,500.0,100.0,1761210.2720558762,1505000.0,256210.2720558762,False,True,315.6920523800024,59.192259821250445,326.13566071419086
0.0,0.0,3,1500.0,600.0,700.0,150.0,2824599.7825396922,1507500.0,1317099.7825396922,False,True,315.6920523800024,59.192259821250445,1846.8285092105991
0.0,0.0,3,2500.0,200.0,500.0,150.0,2824599.7825396922,1507500.0,1317099.7825396922,False,True,315.6920523800024,59.192259821250445,1510.3249226129599
0.0,200.0,0,3500.0,200.0,700.0,150.0,2567571.38834087,1507500.0,1060071.3883408702,False,True,315.6920523800024,59.192259821250445,3501.1582243147745
0.0,200.0,1,2500.0,600.0,500.0,150.0,2573057.63834087,1507500.0,1065557.6383408702,False,True,315.6920523800024,59.192259821250445,2830.852510586579
0.0,600.0,1,1500.0,0.0,700.0,150.0,2269550.2116800817,1507500.0,762050.2116800814,False,True,315.6920523800024,59.192259821250445,2421.411113161629
200.0,400.0,0,1500.0,200.0,700.0,150.0,1976420.8442478438,1507500.0,468920.8442478438,False,True,315.6920523800024,59.192259821250445,963.3387140467144
400.0,0.0,1,1500.0,0.0,700.0,150.0,1918449.5744380415,1507500.0,410949.5744380414,False,True,315.6920523800024,59.192259821250445,943.0407887391632
0.0,200.0,5,0.0,400.0,500.0,100.0,2581518.88834087,1510000.0,1071518.8883408702,False,True,315.6920523800024,59.192259821250445,1113.9955955501605
200.0,0.0,4,0.0,600.0,500.0,100.0,2346933.776507222,1510000.0,836933.7765072221,False,True,315.6920523800024,59.192259821250445,435.7692404513767
200.0,600.0,2,0.0,0.0,500.0,100.0,1960152.8073118608,1510000.0,450152.8073118607,False,True,315.6920523800024,59.192259821250445,367.0116456494003
400.0,400.0,1,0.0,200.0,500.0,100.0,1729066.8214050038,1510000.0,219066.8214050037,False,True,315.6920523800024,59.192259821250445,364.2909857828308
600.0,0.0,2,0.0,0.0,500.0,100.0,1730624.948135132,1510000.0,220624.94813513203,False,True,315.6920523800024,59.192259821250445,187.13422441986188
600.0,200.0,0,0.0,400.0,500.0,100.0,1639191.3702823014,1510000.0,129191.3702823015,False,True,315.6920523800024,59.192259821250445,825.9902116985058
0.0,200.0,4,0.0,600.0,700.0,150.0,2584018.88834087,1512500.0,1071518.8883408702,False,True,315.6920523800024,59.192259821250445,1113.9955955501605
200.0,600.0,1,0.0,200.0,700.0,150.0,1957047.8073118608,1512500.0,444547.8073118607,False,True,315.6920523800024,59.192259821250445,1358.195930482821
400.0,200.0,2,0.0,0.0,700.0,150.0,1779801.5220558762,1512500.0,267301.5220558762,False,True,315.6920523800024,59.192259821250445,180.70944850396242
400.0,400.0,0,0.0,400.0,700.0,150.0,1726080.5714050038,1512500.0,213580.5714050037,False,True,315.6920523800024,59.192259821250445,1618.893420021849
600.0,0.0,1,0.0,200.0,700.0,150.0,1727519.948135132,1512500.0,215019.94813513203,False,True,315.6920523800024,59.192259821250445,332.3658197205492
0.0,0.0,4,1500.0,200.0,700.0,100.0,2832099.7825396922,1515000.0,1317099.7825396922,False,True,315.6920523800024,59.192259821250445,1846.8285092105991
0.0,200.0,2,1500.0,600.0,700.0,100.0,2586162.63834087,1515000.0,1071162.6383408702,False,True,315.6920523800024,59.192259821250445,834.9568321304375
0.0,200.0,2,2500.0,200.0,500.0,100.0,2586162.63834087,1515000.0,1071162.6383408702,False,True,315.6920523800024,59.192259821250445,537.5196646738456
0.0,400.0,0,2500.0,600.0,500.0,100.0,2357925.245293745,1515000.0,842925.2452937451,False,True,315.6920523800024,59.192259821250445,1511.8621706061688
200.0,0.0,0,3500.0,0.0,700.0,100.0,2340486.276507222,1515000.0,825486.2765072221,False,True,315.6920523800024,59.192259821250445,3865.8930600743543
200.0,0.0,1,2500.0,400.0,500.0,100.0,2345972.526507222,1515000.0,830972.5265072221,False,True,315.6920523800024,59.192259821250445,1916.0684995396175
400.0,200.0,0,1500.0,0.0,700.0,100.0,1771210.2720558762,1515000.0,256210.2720558762,False,True,315.6920523800024,59.192259821250445,3865.8930600743543
0.0,0.0,3,2500.0,0.0,700.0,150.0,2834599.7825396922,1517500.0,1317099.7825396922,False,True,315.6920523800024,59.192259821250445,2184.6549972265802
0.0,0.0,4,1500.0,400.0,500.0,150.0,2834599.7825396922,1517500.0,1317099.7825396922,False,True,315.6920523800024,59.192259821250445,1846.8285092105991
0.0,200.0,1,2500.0,400.0,700.0,150.0,2583057.63834087,1517500.0,1065557.6383408702,False,True,315.6920523800024,59.192259821250445,2830.852510586579
0.0,200.0,1,3500.0,0.0,500.0,150.0,2583057.63834087,1517500.0,1065557.6383408702,False,True,315.6920523800024,59.192259821250445,3319.5344891366913
200.0,0.0,0,2500.0,600.0,700.0,150.0,2342986.276507222,1517500.0,825486.2765072221,False,True,315.6920523800024,59.192259821250445,3381.867585234568
200.0,0.0,0,3500.0,200.0,500.0,150.0,2342986.276507222,1517500.0,825486.2765072221,False,True,315.6920523800024,59.192259821250445,3205.118727604669
200.0,400.0,1,1500.0,0.0,500.0,150.0,1991907.0942478438,1517500.0,474407.0942478438,False,True,315.6920523800024,59.192259821250445,1533.5593852592126
400.0,200.0,0,1500.0,200.0,500.0,150.0,1773710.2720558762,1517500.0,256210.2720558762,False,True,315.6920523800024,59.192259821250445,326.13566071419086
0.0,200.0,5,0.0,200.0,700.0,100.0,2591518.88834087,1520000.0,1071518.8883408702,False,True,315.6920523800024,59.192259821250445,1113.9955955501605
0.0,400.0,3,0.0,600.0,700.0,100.0,2374372.745293745,1520000.0,854372.7452937451,False,True,315.6920523800024,59.192259821250445,1016.2291487864281
200.0,0.0,4,0.0,400.0,700.0,100.0,2356933.776507222,1520000.0,836933.7765072221,False,True,315.6920523800024,59.192259821250445,435.7692404513767
400.0,400.0,1,0.0,0.0,700.0,100.0,1739066.8214050038,1520000.0,219066.8214050037,False,True,315.6920523800024,59.192259821250445,640.0294767026862
600.0,200.0,0,0.0,200.0,700.0,100.0,1649191.3702823014,1520000.0,129191.3702823015,False,True,315.6920523800024,59.192259821250445,825.9902116985058
0.0,200.0,5,0.0,400.0,500.0,150.0,2594018.88834087,1522500.0,1071518.8883408702,False,True,315.6920523800024,59.192259821250445,1113.9955955501605
200.0,0.0,4,0.0,600.0,500.0,150.0,2359433.776507222,1522500.0,836933.7765072221,False,True,315.6920523800024,59.192259821250445,435.7692404513767
200.0,600.0,2,0.0,0.0,500.0,150.0,1972652.8073118608,1522500.0,450152.8073118607,False,True,315.6920523800024,59.192259821250445,367.0116456494003
400.0,400.0,1,0.0,200.0,500.0,150.0,1741566.8214050038,1522500.0,219066.8214050037,False,True,315.6920523800024,59.192259821250445,364.2909857828308
600.0,0.0,2,0.0,0.0,500.0,150.0,1743124.948135132,1522500.0,220624.94813513203,False,True,315.6920523800024,59.192259821250445,187.13422441986188
600.0,200.0,0,0.0,400.0,500.0,150.0,1651691.3702823014,1522500.0,129191.3702823015,False,True,315.6920523800024,59.192259821250445,825.9902116985058
0.0,0.0,5,1500.0,0.0,500.0,100.0,2842099.7825396922,1525000.0,1317099.7825396922,False,True,315.6920523800024,59.192259821250445,2184.6549972265802
0.0,200.0,2,2500.0,0.0,700.0,100.0,2596162.63834087,1525000.0,1071162.6383408702,False,True,315.6920523800024,59.192259821250445,1241.592425549732
0.0,200.0,3,1500.0,400.0,500.0,100.0,2596518.88834087,1525000.0,1071518.8883408702,False,True,315.6920523800024,59.192259821250445,707.3600021308657
0.0,400.0,0,2500.0,400.0,700.0,100.0,2367925.245293745,1525000.0,842925.2452937451,False,True,315.6920523800024,59.192259821250445,1511.8621706061688
0.0,400.0,0,3500.0,0.0,500.0,100.0,2367925.245293745,1525000.0,842925.2452937451,False,True,315.6920523800024,59.192259821250445,3865.8930600743543
200.0,0.0,1,2500.0,200.0,700.0,100.0,2355972.526507222,1525000.0,830972.5265072221,False,True,315.6920523800024,59.192259821250445,1916.0684995396175
200.0,0.0,2,1500.0,600.0,500.0,100.0,2361577.526507222,1525000.0,836577.5265072221,True,True,315.6920523800024,59.192259821250445,161.66850571362082
200.0,600.0,0,1500.0,0.0,500.0,100.0,1964061.5573118608,1525000.0,439061.5573118607,False,True,315.6920523800024,59.192259821250445,3865.8930600743543
600.0,0.0,0,1500.0,0.0,500.0,100.0,1734533.698135132,1525000.0,209533.69813513203,False,True,315.6920523800024,59.192259821250445,3865.8930600743543
0.0,0.0,4,1500.0,200.0,700.0,150.0,2844599.7825396922,1527500.0,1317099.7825396922,False,True,315.6920523800024,59.192259821250445,1846.8285092105991
0.0,200.0,2,1500.0,600.0,700.0,150.0,2598662.63834087,1527500.0,1071162.6383408702,False,True,315.6920523800024,59.192259821250445,834.9568321304375
0.0,200.0,2,2500.0,200.0,500.0,150.0,2598662.63834087,1527500.0,1071162.6383408702,False,True,315.6920523800024,59.192259821250445,537.5196646738456
0.0,400.0,0,2500.0,600.0,500.0,150.0,2370425.245293745,1527500.0,842925.2452937451,False,True,315.6920523800024,59.192259821250445,1511.8621706061688
200.0,0.0,0,3500.0,0.0,700.0,150.0,2352986.276507222,1527500.0,825486.2765072221,False,True,315.6920523800024,59.192259821250445,3865.8930600743543
200.0,0.0,1,2500.0,400.0,500.0,150.0,2358472.526507222,1527500.0,830972.5265072221,False,True,315.6920523800024,59.192259821250445,1916.0684995396175
400.0,200.0,0,1500.0,0.0,700.0,150.0,1783710.2720558762,1527500.0,256210.2720558762,False,True,315.6920523800024,59.192259821250445,3865.8930600743543
0.0,400.0,4,0.0,400.0,500.0,100.0,2384372.745293745,1530000.0,854372.7452937451,False,True,315.6920523800024,59.192259821250445,1016.2291487864281
200.0,0.0,5,0.0,200.0,500.0,100.0,2366933.776507222,1530000.0,836933.7765072221,False,True,315.6920523800024,59.192259821250445,435.7692404513767
200.0,200.0,3,0.0,600.0,500.0,100.0,2126619.6816036687,1530000.0,596619.6816036686,False,True,315.6920523800024,59.192259821250445,266.16253484160563
400.0,600.0,0,0.0,200.0,500.0,100.0,1733054.1749360964,1530000.0,203054.1749360965,False,True,315.6920523800024,59.192259821250445,1563.3926590538745
600.0,200.0,1,0.0,0.0,500.0,100.0,1664677.6202823014,1530000.0,134677.6202823015,False,True,315.6920523800024,59.192259821250445,548.7594202981066
0.0,200.0,5,0.0,200.0,700.0,150.0,2604018.88834087,1532500.0,1071518.8883408702,False,True,315.6920523800024,59.192259821250445,1113.9955955501605
0.0,400.0,3,0.0,600.0,700.0,150.0,2386872.745293745,1532500.0,854372.7452937451,False,True,315.6920523800024,59.192259821250445,1016.2291487864281
200.0,0.0,4,0.0,400.0,700.0,150.0,2369433.776507222,1532500.0,836933.7765072221,False,True,315.6920523800024,59.192259821250445,435.7692404513767
400.0,400.0,1,0.0,0.0,700.0,150.0,1751566.8214050038,1532500.0,219066.8214050037,False,True,315.6920523800024,59.192259821250445,640.0294767026862
600.0,200.0,0,0.0,200.0,700.0,150.0,1661691.3702823014,1532500.0,129191.3702823015,False,True,315.6920523800024,59.192259821250445,825.9902116985058
0.0,200.0,3,1500.0,200.0,700.0,100.0,2606518.88834087,1535000.0,1071518.8883408702,False,True,315.6920523800024,59.192259821250445,716.3222839606613
0.0,400.0,1,1500.0,600.0,700.0,100.0,2383411.495293745,1535000.0,848411.4952937451,False,True,315.6920523800024,59.192259821250445,1072.0487469082962
0.0,400.0,1,2500.0,200.0,500.0,100.0,2383411.495293745,1535000.0,848411.4952937451,False,True,315.6920523800024,59.192259821250445,713.3409648650456
200.0,0.0,2,1500.0,400.0,700.0,100.0,2371577.526507222,1535000.0,836577.5265072221,True,True,315.6920523800024,59.192259821250445,161.66850571362082
200.0,0.0,2,2500.0,0.0,500.0,100.0,2371577.526507222,1535000.0,836577.5265072221,False,True,315.6920523800024,59.192259821250445,522.0094607480587
200.0,200.0,0,2500.0,400.0,500.0,100.0,2120172.1816036687,1535000.0,585172.1816036686,False,True,315.6920523800024,59.192259821250445,1525.0649339549086
0.0,0.0,5,1500.0,0.0,500.0,150.0,2854599.7825396922,1537500.0,1317099.7825396922,False,True,315.6920523800024,59.192259821250445,2184.6549972265802
0.0,200.0,2,2500.0,0.0,700.0,150.0,2608662.63834087,1537500.0,1071162.6383408702,False,True,315.6920523800024,59.192259821250445,1241.592425549732
0.0,200.0,3,1500.0,400.0,500.0,150.0,2609018.88834087,1537500.0,1071518.8883408702,False,True,315.6920523800024,59.192259821250445,707.3600021308657
0.0,400.0,0,2500.0,400.0,700.0,150.0,2380425.245293745,1537500.0,842925.2452937451,False,True,315.6920523800024,59.192259821250445,1511.8621706061688
0.0,400.0,0,3500.0,0.0,500.0,150.0,2380425.245293745,1537500.0,842925.2452937451,False,True,315.6920523800024,59.192259821250445,3865.8930600743543
200.0,0.0,1,2500.0,200.0,700.0,150.0,2368472.526507222,1537500.0,830972.5265072221,False,True,315.6920523800024,59.192259821250445,1916.0684995396175
200.0,0.0,2,1500.0,600.0,500.0,150.0,2374077.526507222,1537500.0,836577.5265072221,True,True,315.6920523800024,59.192259821250445,161.66850571362082
200.0,600.0,0,1500.0,0.0,500.0,150.0,1976561.5573118608,1537500.0,439061.5573118607,False,True,315.6920523800024,59.192259821250445,3865.8930600743543
600.0,0.0,0,1500.0,0.0,500.0,150.0,1747033.698135132,1537500.0,209533.69813513203,False,True,315.6920523800024,59.192259821250445,3865.8930600743543
0.0,400.0,4,0.0,200.0,700.0,100.0,2394372.745293745,1540000.0,854372.7452937451,False,True,315.6920523800024,59.192259821250445,1016.2291487864281
0.0,600.0,2,0.0,600.0,700.0,100.0,2307655.2116800817,1540000.0,767655.2116800814,False,True,315.6920523800024,59.192259821250445,1097.264131742782
200.0,0.0,5,0.0,0.0,700.0,100.0,2376933.776507222,1540000.0,836933.7765072221,False,True,315.6920523800024,59.192259821250445,435.7692404513767
200.0,200.0,3,0.0,400.0,700.0,100.0,2136619.6816036687,1540000.0,596619.6816036686,False,True,315.6920523800024,59.192259821250445,266.16253484160563
400.0,0.0,2,0.0,600.0,700.0,100.0,1956554.5744380415,1540000.0,416554.5744380414,True,True,315.6920523800024,59.192259821250445,183.23376463798218
400.0,600.0,0,0.0,0.0,700.0,100.0,1743054.1749360964,1540000.0,203054.1749360965,False,True,315.6920523800024,59.192259821250445,3865.8930600743543
0.0,400.0,4,0.0,400.0,500.0,150.0,2396872.745293745,1542500.0,854372.7452937451,False,True,315.6920523800024,59.192259821250445,1016.2291487864281
200.0,0.0,5,0.0,200.0,500.0,150.0,2379433.776507222,1542500.0,836933.7765072221,False,True,315.6920523800024,59.192259821250445,435.7692404513767
200.0,200.0,3,0.0,600.0,500.0,150.0,2139119.6816036687,1542500.0,596619.6816036686,False,True,315.6920523800024,59.192259821250445,266.16253484160563
400.0,600.0,0,0.0,200.0,500.0,150.0,1745554.1749360964,1542500.0,203054.1749360965,False,True,315.6920523800024,59.192259821250445,1563.3926590538745
600.0,200.0,1,0.0,0.0,500.0,150.0,1677177.6202823014,1542500.0,134677.6202823015,False,True,315.6920523800024,59.192259821250445,548.7594202981066
0.0,0.0,1,3500.0,600.0,500.0,100.0,2856138.5325396922,1545000.0,1311138.5325396922,False,True,315.6920523800024,59.192259821250445,3258.4964860812456
0.0,200.0,4,1500.0,0.0,500.0,100.0,2616518.88834087,1545000.0,1071518.8883408702,False,True,315.6920523800024,59.192259821250445,1113.9955955501605
0.0,400.0,1,2500.0,0.0,700.0,100.0,2393411.495293745,1545000.0,848411.4952937451,False,True,315.6920523800024,59.192259821250445,2622.2246847193433
0.0,400.0,2,1500.0,400.0,500.0,100.0,2399016.495293745,1545000.0,854016.4952937451,True,True,315.6920523800024,59.192259821250445,92.8869563029314
200.0,0.0,3,1500.0,200.0,500.0,100.0,2381933.776507222,1545000.0,836933.7765072221,True,True,315.6920523800024,59.192259821250445,98.60353366201917
200.0,200.0,0,2500.0,200.0,700.0,100.0,2130172.1816036687,1545000.0,585172.1816036686,False,True,315.6920523800024,59.192259821250445,1543.1299054133008
200.0,200.0,1,1500.0,600.0,500.0,100.0,2135658.4316036687,1545000.0,590658.4316036686,False,True,315.6920523800024,59.192259821250445,347.7913432837088
0.0,200.0,3,1500.0,200.0,700.0,150.0,2619018.88834087,1547500.0,1071518.8883408702,False,True,315.6920523800024,59.192259821250445,716.3222839606613
0.0,400.0,1,1500.0,600.0,700.0,150.0,2395911.495293745,1547500.0,848411.4952937451,False,True,315.6920523800024,59.192259821250445,1072.0487469082962
0.0,400.0,1,2500.0,200.0,500.0,150.0,2395911.495293745,1547500.0,848411.4952937451,False,True,315.6920523800024,59.192259821250445,713.3409648650456
200.0,0.0,2,1500.0,400.0,700.0,150.0,2384077.526507222,1547500.0,836577.5265072221,True,True,315.6920523800024,59.192259821250445,161.66850571362082
200.0,0.0,2,2500.0,0.0,500.0,150.0,2384077.526507222,1547500.0,836577.5265072221,False,True,315.6920523800024,59.192259821250445,522.0094607480587
200.0,200.0,0,2500.0,400.0,500.0,150.0,2132672.1816036687,1547500.0,585172.1816036686,False,True,315.6920523800024,59.192259821250445,1525.0649339549086
0.0,400.0,5,0.0,0.0,500.0,100.0,2404372.745293745,1550000.0,854372.7452937451,False,True,315.6920523800024,59.192259821250445,1059.658765620191
0.0,600.0,3,0.0,400.0,500.0,100.0,2318011.4616800817,1550000.0,768011.4616800814,False,True,315.6920523800024,59.192259821250445,994.4635113766346
200.0,200.0,4,0.0,200.0,500.0,100.0,2146619.6816036687,1550000.0,596619.6816036686,False,True,315.6920523800024,59.192259821250445,266.16253484160563
200.0,400.0,2,0.0,600.0,500.0,100.0,2030012.0942478438,1550000.0,480012.0942478438,False,True,315.6920523800024,59.192259821250445,294.14041756250055
400.0,0.0,3,0.0,400.0,500.0,100.0,1966910.8244380415,1550000.0,416910.8244380414,True,True,315.6920523800024,59.192259821250445,180.04392371418265
600.0,400.0,0,0.0,0.0,500.0,100.0,1659182.261022691,1550000.0,109182.26102269092,False,True,315.6920523800024,59.192259821250445,3865.8930600743543
0.0,400.0,4,0.0,200.0,700.0,150.0,2406872.745293745,1552500.0,854372.7452937451,False,True,315.6920523800024,59.192259821250445,1016.2291487864281
0.0,600.0,2,0.0,600.0,700.0,150.0,2320155.2116800817,1552500.0,767655.2116800814,False,True,315.6920523800024,59.192259821250445,1097.264131742782
200.0,0.0,5,0.0,0.0,700.0,150.0,2389433.776507222,1552500.0,836933.7765072221,False,True,315.6920523800024,59.192259821250445,435.7692404513767
200.0,200.0,3,0.0,400.0,700.0,150.0,2149119.6816036687,1552500.0,596619.6816036686,False,True,315.6920523800024,59.192259821250445,266.16253484160563
400.0,0.0,2,0.0,600.0,700.0,150.0,1969054.5744380415,1552500.0,416554.5744380414,True,True,315.6920523800024,59.192259821250445,183.23376463798218
400.0,600.0,0,0.0,0.0,700.0,150.0,1755554.1749360964,1552500.0,203054.1749360965,False,True,315.6920523800024,59.192259821250445,3865.8930600743543
0.0,0.0,1,3500.0,400.0,700.0,100.0,2866138.5325396922,1555000.0,1311138.5325396922,False,True,315.6920523800024,59.192259821250445,3258.4964860812456
0.0,400.0,2,1500.0,200.0,700.0,100.0,2409016.495293745,1555000.0,854016.4952937451,True,True,315.6920523800024,59.192259821250445,127.24165687339314
0.0,600.0,0,1500.0,600.0,700.0,100.0,2311563.9616800817,1555000.0,756563.9616800814,False,True,315.6920523800024,59.192259821250445,1425.7987337995307
0.0,600.0,0,2500.0,200.0,500.0,100.0,2311563.9616800817,1555000.0,756563.9616800814,False,True,315.6920523800024,59.192259821250445,1611.6279913860847
200.0,0.0,3,1500.0,0.0,700.0,100.0,2391933.776507222,1555000.0,836933.7765072221,False,True,315.6920523800024,59.192259821250445,435.7692404513767
200.0,200.0,1,1500.0,400.0,700.0,100.0,2145658.4316036687,1555000.0,590658.4316036686,False,True,315.6920523800024,59.192259821250445,370.30485152648197
200.0,200.0,1,2500.0,0.0,500.0,100.0,2145658.4316036687,1555000.0,590658.4316036686,False,True,315.6920523800024,59.192259821250445,1633.3761884611788
400.0,0.0,0,1500.0,600.0,700.0,100.0,1960463.3244380415,1555000.0,405463.3244380414,False,True,315.6920523800024,59.192259821250445,1415.335594096227
400.0,0.0,0,2500.0,200.0,500.0,100.0,1960463.3244380415,1555000.0,405463.3244380414,False,True,315.6920523800024,59.192259821250445,1083.7720893810583
0.0,0.0,1,3500.0,600.0,500.0,150.0,2868638.5325396922,1557500.0,1311138.5325396922,False,True,315.6920523800024,59.192259821250445,3258.4964860812456
0.0,200.0,4,1500.0,0.0,500.0,150.0,2629018.88834087,1557500.0,1071518.8883408702,False,True,315.6920523800024,59.192259821250445,1113.9955955501605
0.0,400.0,1,2500.0,0.0,700.0,150.0,2405911.495293745,1557500.0,848411.4952937451,False,True,315.6920523800024,59.192259821250445,2622.2246847193433
0.0,400.0,2,1500.0,400.0,500.0,150.0,2411516.495293745,1557500.0,854016.4952937451,True,True,315.6920523800024,59.192259821250445,92.8869563029314
200.0,0.0,3,1500.0,200.0,500.0,150.0,2394433.776507222,1557500.0,836933.7765072221,True,True,315.6920523800024,59.192259821250445,98.60353366201917
200.0,200.0,0,2500.0,200.0,700.0,150.0,2142672.1816036687,1557500.0,585172.1816036686,False,True,315.6920523800024,59.192259821250445,1543.1299054133008
200.0,200.0,1,1500.0,600.0,500.0,150.0,2148158.4316036687,1557500.0,590658.4316036686,False,True,315.6920523800024,59.192259821250445,347.7913432837088
0.0,600.0,3,0.0,200.0,700.0,100.0,2328011.4616800817,1560000.0,768011.4616800814,False,True,315.6920523800024,59.192259821250445,994.4635113766346
200.0,200.0,4,0.0,0.0,700.0,100.0,2156619.6816036687,1560000.0,596619.6816036686,False,True,315.6920523800024,59.192259821250445,293.2714019185008
200.0,400.0,2,0.0,400.0,700.0,100.0,2040012.0942478438,1560000.0,480012.0942478438,False,True,315.6920523800024,59.192259821250445,294.14041756250055
400.0,0.0,3,0.0,200.0,700.0,100.0,1976910.8244380415,1560000.0,416910.8244380414,True,True,315.6920523800024,59.192259821250445,180.04392371418265
400.0,200.0,1,0.0,600.0,700.0,100.0,1821696.5220558762,1560000.0,261696.5220558762,False,True,315.6920523800024,59.192259821250445,391.2497391126494
0.0,400.0,5,0.0,0.0,500.0,150.0,2416872.745293745,1562500.0,854372.7452937451,False,True,315.6920523800024,59.192259821250445,1059.658765620191
0.0,600.0,3,0.0,400.0,500.0,150.0,2330511.4616800817,1562500.0,768011.4616800814,False,True,315.6920523800024,59.192259821250445,994.4635113766346
200.0,200.0,4,0.0,200.0,500.0,150.0,2159119.6816036687,1562500.0,596619.6816036686,False,True,315.6920523800024,59.192259821250445,266.16253484160563
200.0,400.0,2,0.0,600.0,500.0,150.0,2042512.0942478438,1562500.0,480012.0942478438,False,True,315.6920523800024,59.192259821250445,294.14041756250055
400.0,0.0,3,0.0,400.0,500.0,150.0,1979410.8244380415,1562500.0,416910.8244380414,True,True,315.6920523800024,59.192259821250445,180.04392371418265
600.0,400.0,0,0.0,0.0,500.0,150.0,1671682.261022691,1562500.0,109182.26102269092,False,True,315.6920523800024,59.192259821250445,3865.8930600743543
0.0,0.0,2,2500.0,600.0,700.0,100.0,2881743.5325396922,1565000.0,1316743.5325396922,False,True,315.6920523800024,59.192259821250445,1637.2897031291018
0.0,0.0,2,3500.0,200.0,500.0,100.0,2881743.5325396922,1565000.0,1316743.5325396922,False,True,315.6920523800024,59.192259821250445,1250.0852210103753
0.0,200.0,0,3500.0,600.0,500.0,100.0,2625071.38834087,1565000.0,1060071.3883408702,False,True,315.6920523800024,59.192259821250445,3386.478773610017
0.0,400.0,3,1500.0,0.0,500.0,100.0,2419372.745293745,1565000.0,854372.7452937451,False,True,315.6920523800024,59.192259821250445,1059.658765620191
0.0,600.0,0,2500.0,0.0,700.0,100.0,2321563.9616800817,1565000.0,756563.9616800814,False,True,315.6920523800024,59.192259821250445,3865.8930600743543
0.0,600.0,1,1500.0,400.0,500.0,100.0,2327050.2116800817,1565000.0,762050.2116800814,False,True,315.6920523800024,59.192259821250445,710.9143152049328
200.0,200.0,2,1500.0,200.0,500.0,100.0,2161263.4316036687,1565000.0,596263.4316036686,True,True,315.6920523800024,59.192259821250445,20.06963700087584
200.0,400.0,0,1500.0,600.0,500.0,100.0,2033920.8442478438,1565000.0,468920.8442478438,False,True,315.6920523800024,59.192259821250445,954.0691381635885
400.0,0.0,0,2500.0,0.0,700.0,100.0,1970463.3244380415,1565000.0,405463.3244380414,False,True,315.6920523800024,59.192259821250445,3865.8930600743543
400.0,0.0,1,1500.0,400.0,500.0,100.0,1975949.5744380415,1565000.0,410949.5744380414,True,True,315.6920523800024,59.192259821250445,29.17275138822441
0.0,0.0,1,3500.0,400.0,700.0,150.0,2878638.5325396922,1567500.0,1311138.5325396922,False,True,315.6920523800024,59.192259821250445,3258.4964860812456
0.0,400.0,2,1500.0,200.0,700.0,150.0,2421516.495293745,1567500.0,854016.4952937451,True,True,315.6920523800024,59.192259821250445,127.24165687339314
0.0,600.0,0,1500.0,600.0,700.0,150.0,2324063.9616800817,1567500.0,756563.9616800814,False,True,315.6920523800024,59.192259821250445,1425.7987337995307
0.0,600.0,0,2500.0,200.0,500.0,150.0,2324063.9616800817,1567500.0,756563.9616800814,False,True,315.6920523800024,59.192259821250445,1611.6279913860847
200.0,0.0,3,1500.0,0.0,700.0,150.0,2404433.776507222,1567500.0,836933.7765072221,False,True,315.6920523800024,59.192259821250445,435.7692404513767
200.0,200.0,1,1500.0,400.0,700.0,150.0,2158158.4316036687,1567500.0,590658.4316036686,False,True,315.6920523800024,59.192259821250445,370.30485152648197
200.0,200.0,1,2500.0,0.0,500.0,150.0,2158158.4316036687,1567500.0,590658.4316036686,False,True,315.6920523800024,59.192259821250445,1633.3761884611788
400.0,0.0,0,1500.0,600.0,700.0,150.0,1972963.3244380415,1567500.0,405463.3244380414,False,True,315.6920523800024,59.192259821250445,1411.1891734814135
400.0,0.0,0,2500.0,200.0,500.0,150.0,1972963.3244380415,1567500.0,405463.3244380414,False,True,315.6920523800024,59.192259821250445,1083.7720893810583
0.0,600.0,4,0.0,0.0,500.0,100.0,2338011.4616800817,1570000.0,768011.4616800814,False,True,315.6920523800024,59.192259821250445,1059.6587656201907
200.0,400.0,3,0.0,200.0,500.0,100.0,2050368.3442478438,1570000.0,480368.3442478438,False,True,315.6920523800024,59.192259821250445,220.40017383160114
200.0,600.0,1,0.0,600.0,500.0,100.0,2014547.8073118608,1570000.0,444547.8073118607,False,True,315.6920523800024,59.192259821250445,1358.195930482821
400.0,0.0,4,0.0,0.0,500.0,100.0,1986910.8244380415,1570000.0,416910.8244380414,False,True,315.6920523800024,59.192259821250445,234.73087114067525
400.0,200.0,2,0.0,400.0,500.0,100.0,1837301.5220558762,1570000.0,267301.5220558762,True,True,315.6920523800024,59.192259821250445,62.05193247204173
600.0,0.0,1,0.0,600.0,500.0,100.0,1785019.948135132,1570000.0,215019.94813513203,False,True,315.6920523800024,59.192259821250445,332.3658197205492
0.0,600.0,3,0.0,200.0,700.0,150.0,2340511.4616800817,1572500.0,768011.4616800814,False,True,315.6920523800024,59.192259821250445,994.4635113766346
200.0,200.0,4,0.0,0.0,700.0,150.0,2169119.6816036687,1572500.0,596619.6816036686,False,True,315.6920523800024,59.192259821250445,293.2714019185008
200.0,400.0,2,0.0,400.0,700.0,150.0,2052512.0942478438,1572500.0,480012.0942478438,False,True,315.6920523800024,59.192259821250445,294.14041756250055
400.0,0.0,3,0.0,200.0,700.0,150.0,1989410.8244380415,1572500.0,416910.8244380414,True,True,315.6920523800024,59.192259821250445,180.04392371418265
400.0,200.0,1,0.0,600.0,700.0,150.0,1834196.5220558762,1572500.0,261696.5220558762,False,True,315.6920523800024,59.192259821250445,391.2497391126494
0.0,0.0,2,3500.0,0.0,700.0,100.0,2891743.5325396922,1575000.0,1316743.5325396922,False,True,315.6920523800024,59.192259821250445,2297.6452851452086
0.0,0.0,3,2500.0,400.0,500.0,100.0,2892099.7825396922,1575000.0,1317099.7825396922,False,True,315.6920523800024,59.192259821250445,1510.3249226129597
0.0,200.0,0,3500.0,400.0,700.0,100.0,2635071.38834087,1575000.0,1060071.3883408702,False,True,315.6920523800024,59.192259821250445,3386.478773610017
0.0,600.0,1,1500.0,200.0,700.0,100.0,2337050.2116800817,1575000.0,762050.2116800814,False,True,315.6920523800024,59.192259821250445,774.8220721157935
200.0,200.0,2,1500.0,0.0,700.0,100.0,2171263.4316036687,1575000.0,596263.4316036686,False,True,315.6920523800024,59.192259821250445,367.0116456494003
200.0,400.0,0,1500.0,400.0,700.0,100.0,2043920.8442478438,1575000.0,468920.8442478438,False,True,315.6920523800024,59.192259821250445,954.0691381635885
200.0,400.0,0,2500.0,0.0,500.0,100.0,2043920.8442478438,1575000.0,468920.8442478438,False,True,315.6920523800024,59.192259821250445,3865.8930600743543
400.0,0.0,1,1500.0,200.0,700.0,100.0,1985949.5744380415,1575000.0,410949.5744380414,True,True,315.6920523800024,59.192259821250445,29.17275138822441
0.0,0.0,2,2500.0,600.0,700.0,150.0,2894243.5325396922,1577500.0,1316743.5325396922,False,True,315.6920523800024,59.192259821250445,1637.2897031291018
0.0,0.0,2,3500.0,200.0,500.0,150.0,2894243.5325396922,1577500.0,1316743.5325396922,False,True,315.6920523800024,59.192259821250445,1250.0852210103753
0.0,200.0,0,3500.0,600.0,500.0,150.0,2637571.38834087,1577500.0,1060071.3883408702,False,True,315.6920523800024,59.192259821250445,3386.478773610017
0.0,400.0,3,1500.0,0.0,500.0,150.0,2431872.745293745,1577500.0,854372.7452937451,False,True,315.6920523800024,59.192259821250445,1059.658765620191
0.0,600.0,0,2500.0,0.0,700.0,150.0,2334063.9616800817,1577500.0,756563.9616800814,False,True,315.6920523800024,59.192259821250445,3865.8930600743543
0.0,600.0,1,1500.0,400.0,500.0,150.0,2339550.2116800817,1577500.0,762050.2116800814,False,True,315.6920523800024,59.192259821250445,710.9143152049328
200.0,200.0,2,1500.0,200.0,500.0,150.0,2173763.4316036687,1577500.0,596263.4316036686,True,True,315.6920523800024,59.192259821250445,20.06963700087584
200.0,400.0,0,1500.0,600.0,500.0,150.0,2046420.8442478438,1577500.0,468920.8442478438,False,True,315.6920523800024,59.192259821250445,954.0691381635885
400.0,0.0,0,2500.0,0.0,700.0,150.0,1982963.3244380415,1577500.0,405463.3244380414,False,True,315.6920523800024,59.192259821250445,3865.8930600743543
400.0,0.0,1,1500.0,400.0,500.0,150.0,1988449.5744380415,1577500.0,410949.5744380414,True,True,315.6920523800024,59.192259821250445,29.17275138822441
200.0,400.0,3,0.0,0.0,700.0,100.0,2060368.3442478438,1580000.0,480368.3442478438,False,True,315.6920523800024,59.192259821250445,293.2714019185008
200.0,600.0,1,0.0,400.0,700.0,100.0,2024547.8073118608,1580000.0,444547.8073118607,False,True,315.6920523800024,59.192259821250445,1358.195930482821
400.0,200.0,2,0.0,200.0,700.0,100.0,1847301.5220558762,1580000.0,267301.5220558762,True,True,315.6920523800024,59.192259821250445,62.05193247204173
400.0,400.0,0,0.0,600.0,700.0,100.0,1793580.5714050038,1580000.0,213580.5714050037,False,True,315.6920523800024,59.192259821250445,1618.893420021849
600.0,0.0,1,0.0,400.0,700.0,100.0,1795019.948135132,1580000.0,215019.94813513203,False,True,315.6920523800024,59.192259821250445,332.3658197205492
0.0,600.0,4,0.0,0.0,500.0,150.0,2350511.4616800817,1582500.0,768011.4616800814,False,True,315.6920523800024,59.192259821250445,1059.6587656201907
200.0,400.0,3,0.0,200.0,500.0,150.0,2062868.3442478438,1582500.0,480368.3442478438,False,True,315.6920523800024,59.192259821250445,220.40017383160114
200.0,600.0,1,0.0,600.0,500.0,150.0,2027047.8073118608,1582500.0,444547.8073118607,False,True,315.6920523800024,59.192259821250445,1358.195930482821
400.0,0.0,4,0.0,0.0,500.0,150.0,1999410.8244380415,1582500.0,416910.8244380414,False,True,315.6920523800024,59.192259821250445,234.73087114067525
400.0,200.0,2,0.0,400.0,500.0,150.0,1849801.5220558762,1582500.0,267301.5220558762,True,True,315.6920523800024,59.192259821250445,62.05193247204173
600.0,0.0,1,0.0,600.0,500.0,150.0,1797519.948135132,1582500.0,215019.94813513203,False,True,315.6920523800024,59.192259821250445,332.3658197205492
0.0,0.0,3,2500.0,200.0,700.0,100.0,2902099.7825396922,1585000.0,1317099.7825396922,False,True,315.6920523800024,59.192259821250445,1510.3249226129599
0.0,0.0,4,1500.0,600.0,500.0,100.0,2902099.7825396922,1585000.0,1317099.7825396922,False,True,315.6920523800024,59.192259821250445,1846.8285092105991
0.0,200.0,1,2500.0,600.0,700.0,100.0,2650557.63834087,1585000.0,1065557.6383408702,False,True,315.6920523800024,59.192259821250445,2830.852510586579
0.0,200.0,1,3500.0,200.0,500.0,100.0,2650557.63834087,1585000.0,1065557.6383408702,False,True,315.6920523800024,59.192259821250445,2674.303889810547
0.0,600.0,2,1500.0,0.0,500.0,100.0,2352655.2116800817,1585000.0,767655.2116800814,False,True,315.6920523800024,59.192259821250445,1162.459385986338
200.0,0.0,0,3500.0,400.0,500.0,100.0,2410486.276507222,1585000.0,825486.2765072221,False,True,315.6920523800024,59.192259821250445,3195.8491517215434
200.0,400.0,1,1500.0,200.0,500.0,100.0,2059407.0942478438,1585000.0,474407.0942478438,False,True,315.6920523800024,59.192259821250445,90.00355584300647
400.0,0.0,2,1500.0,0.0,500.0,100.0,2001554.5744380415,1585000.0,416554.5744380414,False,True,315.6920523800024,59.192259821250445,237.92071206447474
400.0,200.0,0,1500.0,400.0,500.0,100.0,1841210.2720558762,1585000.0,256210.2720558762,False,True,315.6920523800024,59.192259821250445,326.13566071419086
0.0,0.0,2,3500.0,0.0,700.0,150.0,2904243.5325396922,1587500.0,1316743.5325396922,False,True,315.6920523800024,59.192259821250445,2297.6452851452086
0.0,0.0,3,2500.0,400.0,500.0,150.0,2904599.7825396922,1587500.0,1317099.7825396922,False,True,315.6920523800024,59.192259821250445,1510.3249226129597
0.0,200.0,0,3500.0,400.0,700.0,150.0,2647571.38834087,1587500.0,1060071.3883408702,False,True,315.6920523800024,59.192259821250445,3386.478773610017
0.0,600.0,1,1500.0,200.0,700.0,150.0,2349550.2116800817,1587500.0,762050.2116800814,False,True,315.6920523800024,59.192259821250445,774.8220721157935
200.0,200.0,2,1500.0,0.0,700.0,150.0,2183763.4316036687,1587500.0,596263.4316036686,False,True,315.6920523800024,59.192259821250445,367.0116456494003
200.0,400.0,0,1500.0,400.0,700.0,150.0,2056420.8442478438,1587500.0,468920.8442478438,False,True,315.6920523800024,59.192259821250445,954.0691381635885
200.0,400.0,0,2500.0,0.0,500.0,150.0,2056420.8442478438,1587500.0,468920.8442478438,False,True,315.6920523800024,59.192259821250445,3865.8930600743543
400.0,0.0,1,1500.0,200.0,700.0,150.0,1998449.5744380415,1587500.0,410949.5744380414,True,True,315.6920523800024,59.192259821250445,29.17275138822441
0.0,200.0,5,0.0,600.0,500.0,100.0,2661518.88834087,1590000.0,1071518.8883408702,False,True,315.6920523800024,59.192259821250445,1113.9955955501605
200.0,600.0,2,0.0,200.0,500.0,100.0,2040152.8073118608,1590000.0,450152.8073118607,False,True,315.6920523800024,59.192259821250445,281.4138166328031
400.0,200.0,3,0.0,0.0,500.0,100.0,1857657.7720558762,1590000.0,267657.7720558762,False,True,315.6920523800024,59.192259821250445,177.51960758016293
400.0,400.0,1,0.0,400.0,500.0,100.0,1809066.8214050038,1590000.0,219066.8214050037,False,True,315.6920523800024,59.192259821250445,364.2909857828308
600.0,0.0,2,0.0,200.0,500.0,100.0,1810624.948135132,1590000.0,220624.94813513203,True,True,315.6920523800024,59.192259821250445,65.97100544059033
600.0,200.0,0,0.0,600.0,500.0,100.0,1719191.3702823014,1590000.0,129191.3702823015,False,True,315.6920523800024,59.192259821250445,825.9902116985058
200.0,400.0,3,0.0,0.0,700.0,150.0,2072868.3442478438,1592500.0,480368.3442478438,False,True,315.6920523800024,59.192259821250445,293.2714019185008
200.0,600.0,1,0.0,400.0,700.0,150.0,2037047.8073118608,1592500.0,444547.8073118607,False,True,315.6920523800024,59.192259821250445,1358.195930482821
400.0,200.0,2,0.0,200.0,700.0,150.0,1859801.5220558762,1592500.0,267301.5220558762,True,True,315.6920523800024,59.192259821250445,62.05193247204173
400.0,400.0,0,0.0,600.0,700.0,150.0,1806080.5714050038,1592500.0,213580.5714050037,False,True,315.6920523800024,59.192259821250445,1618.893420021849
600.0,0.0,1,0.0,400.0,700.0,150.0,1807519.948135132,1592500.0,215019.94813513203,False,True,315.6920523800024,59.192259821250445,332.3658197205492
0.0,0.0,4,1500.0,400.0,700.0,100.0,2912099.7825396922,1595000.0,1317099.7825396922,False,True,315.6920523800024,59.192259821250445,1846.8285092105991
0.0,0.0,4,2500.0,0.0,500.0,100.0,2912099.7825396922,1595000.0,1317099.7825396922,False,True,315.6920523800024,59.192259821250445,2184.6549972265802
0.0,200.0,1,3500.0,0.0,700.0,100.0,2660557.63834087,1595000.0,1065557.6383408702,False,True,315.6920523800024,59.192259821250445,3319.5344891366913
0.0,200.0,2,2500.0,400.0,500.0,100.0,2666162.63834087,1595000.0,1071162.6383408702,False,True,315.6920523800024,59.192259821250445,530.6814947215609
200.0,0.0,0,3500.0,200.0,700.0,100.0,2420486.276507222,1595000.0,825486.2765072221,False,True,315.6920523800024,59.192259821250445,3205.118727604669
200.0,0.0,1,2500.0,600.0,500.0,100.0,2425972.526507222,1595000.0,830972.5265072221,False,True,315.6920523800024,59.192259821250445,1916.0684995396175
200.0,400.0,1,1500.0,0.0,700.0,100.0,2069407.0942478438,1595000.0,474407.0942478438,False,True,315.6920523800024,59.192259821250445,1533.5593852592126
400.0,200.0,0,1500.0,200.0,700.0,100.0,1851210.2720558762,1595000.0,256210.2720558762,False,True,315.6920523800024,59.192259821250445,326.13566071419086
0.0,0.0,3,2500.0,200.0,700.0,150.0,2914599.7825396922,1597500.0,1317099.7825396922,False,True,315.6920523800024,59.192259821250445,1510.3249226129599
0.0,0.0,4,1500.0,600.0,500.0,150.0,2914599.7825396922,1597500.0,1317099.7825396922,False,True,315.6920523800024,59.192259821250445,1846.8285092105991
0.0,200.0,1,2500.0,600.0,700.0,150.0,2663057.63834087,1597500.0,1065557.6383408702,False,True,315.6920523800024,59.192259821250445,2830.852510586579
0.0,200.0,1,3500.0,200.0,500.0,150.0,2663057.63834087,1597500.0,1065557.6383408702,False,True,315.6920523800024,59.192259821250445,2674.303889810547
0.0,600.0,2,1500.0,0.0,500.0,150.0,2365155.2116800817,1597500.0,767655.2116800814,False,True,315.6920523800024,59.192259821250445,1162.459385986338
200.0,0.0,0,3500.0,400.0,500.0,150.0,2422986.276507222,1597500.0,825486.2765072221,False,True,315.6920523800024,59.192259821250445,3195.8491517215434
200.0,400.0,1,1500.0,200.0,500.0,150.0,2071907.0942478438,1597500.0,474407.0942478438,False,True,315.6920523800024,59.192259821250445,90.00355584300647
400.0,0.0,2,1500.0,0.0,500.0,150.0,2014054.5744380415,1597500.0,416554.5744380414,False,True,315.6920523800024,59.192259821250445,237.92071206447474
400.0,200.0,0,1500.0,400.0,500.0,150.0,1853710.2720558762,1597500.0,256210.2720558762,False,True,315.6920523800024,59.192259821250445,326.13566071419086
0.0,200.0,5,0.0,400.0,700.0,100.0,2671518.88834087,1600000.0,1071518.8883408702,False,True,315.6920523800024,59.192259821250445,1113.9955955501605
200.0,0.0,4,0.0,600.0,700.0,100.0,2436933.776507222,1600000.0,836933.7765072221,False,True,315.6920523800024,59.192259821250445,435.7692404513767
200.0,600.0,2,0.0,0.0,700.0,100.0,2050152.8073118608,1600000.0,450152.8073118607,False,True,315.6920523800024,59.192259821250445,367.0116456494003
400.0,400.0,1,0.0,200.0,700.0,100.0,1819066.8214050038,1600000.0,219066.8214050037,False,True,315.6920523800024,59.192259821250445,364.2909857828308
600.0,0.0,2,0.0,0.0,700.0,100.0,1820624.948135132,1600000.0,220624.94813513203,False,True,315.6920523800024,59.192259821250445,187.13422441986188
600.0,200.0,0,0.0,400.0,700.0,100.0,1729191.3702823014,1600000.0,129191.3702823015,False,True,315.6920523800024,59.192259821250445,825.9902116985058
0.0,200.0,5,0.0,600.0,500.0,150.0,2674018.88834087,1602500.0,1071518.8883408702,False,True,315.6920523800024,59.192259821250445,1113.9955955501605
200.0,600.0,2,0.0,200.0,500.0,150.0,2052652.8073118608,1602500.0,450152.8073118607,False,True,315.6920523800024,59.192259821250445,281.4138166328031
400.0,200.0,3,0.0,0.0,500.0,150.0,1870157.7720558762,1602500.0,267657.7720558762,False,True,315.6920523800024,59.192259821250445,177.51960758016293
400.0,400.0,1,0.0,400.0,500.0,150.0,1821566.8214050038,1602500.0,219066.8214050037,False,True,315.6920523800024,59.192259821250445,364.2909857828308
600.0,0.0,2,0.0,200.0,500.0,150.0,1823124.948135132,1602500.0,220624.94813513203,True,True,315.6920523800024,59.192259821250445,65.97100544059033
600.0,200.0,0,0.0,600.0,500.0,150.0,1731691.3702823014,1602500.0,129191.3702823015,False,True,315.6920523800024,59.192259821250445,825.9902116985058
0.0,0.0,5,1500.0,200.0,500.0,100.0,2922099.7825396922,1605000.0,1317099.7825396922,False,True,315.6920523800024,59.192259821250445,1846.8285092105991
0.0,200.0,2,2500.0,200.0,700.0,100.0,2676162.63834087,1605000.0,1071162.6383408702,False,True,315.6920523800024,59.192259821250445,537.5196646738456
0.0,200.0,3,1500.0,600.0,500.0,100.0,2676518.88834087,1605000.0,1071518.8883408702,False,True,315.6920523800024,59.192259821250445,707.3600021308657
0.0,400.0,0,2500.0,600.0,700.0,100.0,2447925.245293745,1605000.0,842925.2452937451,False,True,315.6920523800024,59.192259821250445,1511.8621706061688
0.0,400.0,0,3500.0,200.0,500.0,100.0,2447925.245293745,1605000.0,842925.2452937451,False,True,315.6920523800024,59.192259821250445,1825.0596216448816
200.0,0.0,1,2500.0,400.0,700.0,100.0,2435972.526507222,1605000.0,830972.5265072221,False,True,315.6920523800024,59.192259821250445,1916.0684995396175
200.0,0.0,1,3500.0,0.0,500.0,100.0,2435972.526507222,1605000.0,830972.5265072221,False,True,315.6920523800024,59.192259821250445,2671.0661479499868
200.0,600.0,0,1500.0,200.0,500.0,100.0,2044061.5573118608,1605000.0,439061.5573118607,False,True,315.6920523800024,59.192259821250445,772.5323521221864
400.0,200.0,1,1500.0,0.0,500.0,100.0,1866696.5220558762,1605000.0,261696.5220558762,False,True,315.6920523800024,59.192259821250445,662.0523842304028
600.0,0.0,0,1500.0,200.0,500.0,100.0,1814533.698135132,1605000.0,209533.69813513203,False,True,315.6920523800024,59.192259821250445,212.33894878175747
0.0,0.0,4,1500.0,400.0,700.0,150.0,2924599.7825396922,1607500.0,1317099.7825396922,False,True,315.6920523800024,59.192259821250445,1846.8285092105991
0.0,0.0,4,2500.0,0.0,500.0,150.0,2924599.7825396922,1607500.0,1317099.7825396922,False,True,315.6920523800024,59.192259821250445,2184.6549972265802
0.0,200.0,1,3500.0,0.0,700.0,150.0,2673057.63834087,1607500.0,1065557.6383408702,False,True,315.6920523800024,59.192259821250445,3319.5344891366913
0.0,200.0,2,2500.0,400.0,500.0,150.0,2678662.63834087,1607500.0,1071162.6383408702,False,True,315.6920523800024,59.192259821250445,530.6814947215609
200.0,0.0,0,3500.0,200.0,700.0,150.0,2432986.276507222,1607500.0,825486.2765072221,False,True,315.6920523800024,59.192259821250445,3205.118727604669
200.0,0.0,1,2500.0,600.0,500.0,150.0,2438472.526507222,1607500.0,830972.5265072221,False,True,315.6920523800024,59.192259821250445,1916.0684995396175
200.0,400.0,1,1500.0,0.0,700.0,150.0,2081907.0942478438,1607500.0,474407.0942478438,False,True,315.6920523800024,59.192259821250445,1533.5593852592126
400.0,200.0,0,1500.0,200.0,700.0,150.0,1863710.2720558762,1607500.0,256210.2720558762,False,True,315.6920523800024,59.192259821250445,326.13566071419086
0.0,400.0,4,0.0,600.0,500.0,100.0,2464372.745293745,1610000.0,854372.7452937451,False,True,315.6920523800024,59.192259821250445,1016.2291487864281
200.0,0.0,5,0.0,400.0,500.0,100.0,2446933.776507222,1610000.0,836933.7765072221,False,True,315.6920523800024,59.192259821250445,435.7692404513767
400.0,400.0,2,0.0,0.0,500.0,100.0,1834671.8214050038,1610000.0,224671.8214050037,False,True,315.6920523800024,59.192259821250445,180.70944850396242
400.0,600.0,0,0.0,400.0,500.0,100.0,1813054.1749360964,1610000.0,203054.1749360965,False,True,315.6920523800024,59.192259821250445,1563.3926590538745
600.0,200.0,1,0.0,200.0,500.0,100.0,1744677.6202823014,1610000.0,134677.6202823015,False,True,315.6920523800024,59.192259821250445,200.19983956239594
0.0,200.0,5,0.0,400.0,700.0,150.0,2684018.88834087,1612500.0,1071518.8883408702,False,True,315.6920523800024,59.192259821250445,1113.9955955501605
200.0,0.0,4,0.0,600.0,700.0,150.0,2449433.776507222,1612500.0,836933.7765072221,False,True,315.6920523800024,59.192259821250445,435.7692404513767
200.0,600.0,2,0.0,0.0,700.0,150.0,2062652.8073118608,1612500.0,450152.8073118607,False,True,315.6920523800024,59.192259821250445,367.0116456494003
400.0,400.0,1,0.0,200.0,700.0,150.0,1831566.8214050038,1612500.0,219066.8214050037,False,True,315.6920523800024,59.192259821250445,364.2909857828308
600.0,0.0,2,0.0,0.0,700.0,150.0,1833124.948135132,1612500.0,220624.94813513203,False,True,315.6920523800024,59.192259821250445,187.13422441986188
600.0,200.0,0,0.0,400.0,700.0,150.0,1741691.3702823014,1612500.0,129191.3702823015,False,True,315.6920523800024,59.192259821250445,825.9902116985058
0.0,0.0,5,1500.0,0.0,700.0,100.0,2932099.7825396922,1615000.0,1317099.7825396922,False,True,315.6920523800024,59.192259821250445,2184.6549972265802
0.0,200.0,3,1500.0,400.0,700.0,100.0,2686518.88834087,1615000.0,1071518.8883408702,False,True,315.6920523800024,59.192259821250445,707.3600021308657
0.0,200.0,3,2500.0,0.0,500.0,100.0,2686518.88834087,1615000.0,1071518.8883408702,False,True,315.6920523800024,59.192259821250445,1113.9955955501605
0.0,400.0,0,3500.0,0.0,700.0,100.0,2457925.245293745,1615000.0,842925.2452937451,False,True,315.6920523800024,59.192259821250445,3865.8930600743543
0.0,400.0,1,2500.0,400.0,500.0,100.0,2463411.495293745,1615000.0,848411.4952937451,False,True,315.6920523800024,59.192259821250445,623.8989746169542
200.0,0.0,2,1500.0,600.0,700.0,100.0,2451577.526507222,1615000.0,836577.5265072221,True,True,315.6920523800024,59.192259821250445,161.66850571362082
200.0,0.0,2,2500.0,200.0,500.0,100.0,2451577.526507222,1615000.0,836577.5265072221,True,True,315.6920523800024,59.192259821250445,20.06963700087584
200.0,200.0,0,2500.0,600.0,500.0,100.0,2200172.1816036687,1615000.0,585172.1816036686,False,True,315.6920523800024,59.192259821250445,1525.0649339549086
200.0,600.0,0,1500.0,0.0,700.0,100.0,2054061.5573118608,1615000.0,439061.5573118607,False,True,315.6920523800024,59.192259821250445,3865.8930600743543
600.0,0.0,0,1500.0,0.0,700.0,100.0,1824533.698135132,1615000.0,209533.69813513203,False,True,315.6920523800024,59.192259821250445,3865.8930600743543
0.0,0.0,5,1500.0,200.0,500.0,150.0,2934599.7825396922,1617500.0,1317099.7825396922,False,True,315.6920523800024,59.192259821250445,1846.8285092105991
0.0,200.0,2,2500.0,200.0,700.0,150.0,2688662.63834087,1617500.0,1071162.6383408702,False,True,315.6920523800024,59.192259821250445,537.5196646738456
0.0,200.0,3,1500.0,600.0,500.0,150.0,2689018.88834087,1617500.0,1071518.8883408702,False,True,315.6920523800024,59.192259821250445,707.3600021308657
0.0,400.0,0,2500.0,600.0,700.0,150.0,2460425.245293745,1617500.0,842925.2452937451,False,True,315.6920523800024,59.192259821250445,1511.8621706061688
0.0,400.0,0,3500.0,200.0,500.0,150.0,2460425.245293745,1617500.0,842925.2452937451,False,True,315.6920523800024,59.192259821250445,1825.0596216448816
200.0,0.0,1,2500.0,400.0,700.0,150.0,2448472.526507222,1617500.0,830972.5265072221,False,True,315.6920523800024,59.192259821250445,1916.0684995396175
200.0,0.0,1,3500.0,0.0,500.0,150.0,2448472.526507222,1617500.0,830972.5265072221,False,True,315.6920523800024,59.192259821250445,2671.0661479499868
200.0,600.0,0,1500.0,200.0,500.0,150.0,2056561.5573118608,1617500.0,439061.5573118607,False,True,315.6920523800024,59.192259821250445,772.5323521221864
400.0,200.0,1,1500.0,0.0,500.0,150.0,1879196.5220558762,1617500.0,261696.5220558762,False,True,315.6920523800024,59.192259821250445,662.0523842304028
600.0,0.0,0,1500.0,200.0,500.0,150.0,1827033.698135132,1617500.0,209533.69813513203,False,True,315.6920523800024,59.192259821250445,212.33894878175747
0.0,400.0,4,0.0,400.0,700.0,100.0,2474372.745293745,1620000.0,854372.7452937451,False,True,315.6920523800024,59.192259821250445,1016.2291487864281
200.0,0.0,5,0.0,200.0,700.0,100.0,2456933.776507222,1620000.0,836933.7765072221,False,True,315.6920523800024,59.192259821250445,435.7692404513767
200.0,200.0,3,0.0,600.0,700.0,100.0,2216619.6816036687,1620000.0,596619.6816036686,False,True,315.6920523800024,59.192259821250445,266.16253484160563
400.0,600.0,0,0.0,200.0,700.0,100.0,1823054.1749360964,1620000.0,203054.1749360965,False,True,315.6920523800024,59.192259821250445,1563.3926590538745
600.0,200.0,1,0.0,0.0,700.0,100.0,1754677.6202823014,1620000.0,134677.6202823015,False,True,315.6920523800024,59.192259821250445,548.7594202981066
0.0,400.0,4,0.0,600.0,500.0,150.0,2476872.745293745,1622500.0,854372.7452937451,False,True,315.6920523800024,59.192259821250445,1016.2291487864281
200.0,0.0,5,0.0,400.0,500.0,150.0,2459433.776507222,1622500.0,836933.7765072221,False,True,315.6920523800024,59.192259821250445,435.7692404513767
400.0,400.0,2,0.0,0.0,500.0,150.0,1847171.8214050038,1622500.0,224671.8214050037,False,True,315.6920523800024,59.192259821250445,180.70944850396242
400.0,600.0,0,0.0,400.0,500.0,150.0,1825554.1749360964,1622500.0,203054.1749360965,False,True,315.6920523800024,59.192259821250445,1563.3926590538745
600.0,200.0,1,0.0,200.0,500.0,150.0,1757177.6202823014,1622500.0,134677.6202823015,False,True,315.6920523800024,59.192259821250445,200.19983956239594
0.0,200.0,4,1500.0,200.0,500.0,100.0,2696518.88834087,1625000.0,1071518.8883408702,False,True,315.6920523800024,59.192259821250445,716.3222839606613
0.0,400.0,1,2500.0,200.0,700.0,100.0,2473411.495293745,1625000.0,848411.4952937451,False,True,315.6920523800024,59.192259821250445,713.3409648650456
0.0,400.0,2,1500.0,600.0,500.0,100.0,2479016.495293745,1625000.0,854016.4952937451,True,True,315.6920523800024,59.192259821250445,92.8869563029314
200.0,0.0,2,2500.0,0.0,700.0,100.0,2461577.526507222,1625000.0,836577.5265072221,False,True,315.6920523800024,59.192259821250445,522.0094607480587
200.0,0.0,3,1500.0,400.0,500.0,100.0,2461933.776507222,1625000.0,836933.7765072221,True,True,315.6920523800024,59.192259821250445,97.53189409246109
200.0,200.0,0,2500.0,400.0,700.0,100.0,2210172.1816036687,1625000.0,585172.1816036686,False,True,315.6920523800024,59.192259821250445,1536.5988293346136
200.0,200.0,0,3500.0,0.0,500.0,100.0,2210172.1816036687,1625000.0,585172.1816036686,False,True,315.6920523800024,59.192259821250445,3865.8930600743543
400.0,400.0,0,1500.0,0.0,500.0,100.0,1838580.5714050038,1625000.0,213580.5714050037,False,True,315.6920523800024,59.192259821250445,3865.8930600743543
0.0,0.0,5,1500.0,0.0,700.0,150.0,2944599.7825396922,1627500.0,1317099.7825396922,False,True,315.6920523800024,59.192259821250445,2184.6549972265802
0.0,200.0,3,1500.0,400.0,700.0,150.0,2699018.88834087,1627500.0,1071518.8883408702,False,True,315.6920523800024,59.192259821250445,707.3600021308657
0.0,200.0,3,2500.0,0.0,500.0,150.0,2699018.88834087,1627500.0,1071518.8883408702,False,True,315.6920523800024,59.192259821250445,1113.9955955501605
0.0,400.0,0,3500.0,0.0,700.0,150.0,2470425.245293745,1627500.0,842925.2452937451,False,True,315.6920523800024,59.192259821250445,3865.8930600743543
0.0,400.0,1,2500.0,400.0,500.0,150.0,2475911.495293745,1627500.0,848411.4952937451,False,True,315.6920523800024,59.192259821250445,623.8989746169542
200.0,0.0,2,1500.0,600.0,700.0,150.0,2464077.526507222,1627500.0,836577.5265072221,True,True,315.6920523800024,59.192259821250445,161.66850571362082
200.0,0.0,2,2500.0,200.0,500.0,150.0,2464077.526507222,1627500.0,836577.5265072221,True,True,315.6920523800024,59.192259821250445,20.06963700087584
200.0,200.0,0,2500.0,600.0,500.0,150.0,2212672.1816036687,1627500.0,585172.1816036686,False,True,315.6920523800024,59.192259821250445,1525.0649339549086
200.0,600.0,0,1500.0,0.0,700.0,150.0,2066561.5573118608,1627500.0,439061.5573118607,False,True,315.6920523800024,59.192259821250445,3865.8930600743543
600.0,0.0,0,1500.0,0.0,700.0,150.0,1837033.698135132,1627500.0,209533.69813513203,False,True,315.6920523800024,59.192259821250445,3865.8930600743543
0.0,400.0,5,0.0,200.0,500.0,100.0,2484372.745293745,1630000.0,854372.7452937451,False,True,315.6920523800024,59.192259821250445,1016.2291487864281
0.0,600.0,3,0.0,600.0,500.0,100.0,2398011.4616800817,1630000.0,768011.4616800814,False,True,315.6920523800024,59.192259821250445,994.4635113766346
200.0,200.0,4,0.0,400.0,500.0,100.0,2226619.6816036687,1630000.0,596619.6816036686,False,True,315.6920523800024,59.192259821250445,266.16253484160563
400.0,0.0,3,0.0,600.0,500.0,100.0,2046910.8244380415,1630000.0,416910.8244380414,True,True,315.6920523800024,59.192259821250445,180.04392371418265
400.0,600.0,1,0.0,0.0,500.0,100.0,1838540.4249360964,1630000.0,208540.4249360965,False,True,315.6920523800024,59.192259821250445,622.1095255556158
600.0,400.0,0,0.0,200.0,500.0,100.0,1739182.261022691,1630000.0,109182.26102269092,False,True,315.6920523800024,59.192259821250445,754.9356799321268
0.0,400.0,4,0.0,400.0,700.0,150.0,2486872.745293745,1632500.0,854372.7452937451,False,True,315.6920523800024,59.192259821250445,1016.2291487864281
200.0,0.0,5,0.0,200.0,700.0,150.0,2469433.776507222,1632500.0,836933.7765072221,False,True,315.6920523800024,59.192259821250445,435.7692404513767
200.0,200.0,3,0.0,600.0,700.0,150.0,2229119.6816036687,1632500.0,596619.6816036686,False,True,315.6920523800024,59.192259821250445,266.16253484160563
400.0,600.0,0,0.0,200.0,700.0,150.0,1835554.1749360964,1632500.0,203054.1749360965,False,True,315.6920523800024,59.192259821250445,1563.3926590538745
600.0,200.0,1,0.0,0.0,700.0,150.0,1767177.6202823014,1632500.0,134677.6202823015,False,True,315.6920523800024,59.192259821250445,548.7594202981066
0.0,0.0,1,3500.0,600.0,700.0,100.0,2946138.5325396922,1635000.0,1311138.5325396922,False,True,315.6920523800024,59.192259821250445,3258.4964860812456
0.0,200.0,4,1500.0,0.0,700.0,100.0,2706518.88834087,1635000.0,1071518.8883408702,False,True,315.6920523800024,59.192259821250445,1113.9955955501605
0.0,400.0,2,1500.0,400.0,700.0,100.0,2489016.495293745,1635000.0,854016.4952937451,True,True,315.6920523800024,59.192259821250445,92.8869563029314
0.0,400.0,2,2500.0,0.0,500.0,100.0,2489016.495293745,1635000.0,854016.4952937451,False,True,315.6920523800024,59.192259821250445,1172.9897800840567
0.0,600.0,0,2500.0,400.0,500.0,100.0,2391563.9616800817,1635000.0,756563.9616800814,False,True,315.6920523800024,59.192259821250445,1054.4471065812372
200.0,0.0,3,1500.0,200.0,700.0,100.0,2471933.776507222,1635000.0,836933.7765072221,True,True,315.6920523800024,59.192259821250445,98.60353366201917
200.0,200.0,1,1500.0,600.0,700.0,100.0,2225658.4316036687,1635000.0,590658.4316036686,False,True,315.6920523800024,59.192259821250445,370.30485152648197
200.0,200.0,1,2500.0,200.0,500.0,100.0,2225658.4316036687,1635000.0,590658.4316036686,True,True,315.6920523800024,59.192259821250445,106.05174816255294
400.0,0.0,0,2500.0,400.0,500.0,100.0,2040463.3244380415,1635000.0,405463.3244380414,False,True,315.6920523800024,59.192259821250445,1080.6346124522995
0.0,200.0,4,1500.0,200.0,500.0,150.0,2709018.88834087,1637500.0,1071518.8883408702,False,True,315.6920523800024,59.192259821250445,716.3222839606613
0.0,400.0,1,2500.0,200.0,700.0,150.0,2485911.495293745,1637500.0,848411.4952937451,False,True,315.6920523800024,59.192259821250445,713.3409648650456
0.0,400.0,2,1500.0,600.0,500.0,150.0,2491516.495293745,1637500.0,854016.4952937451,True,True,315.6920523800024,59.192259821250445,92.8869563029314
200.0,0.0,2,2500.0,0.0,700.0,150.0,2474077.526507222,1637500.0,836577.5265072221,False,True,315.6920523800024,59.192259821250445,522.0094607480587
200.0,0.0,3,1500.0,400.0,500.0,150.0,2474433.776507222,1637500.0,836933.7765072221,True,True,315.6920523800024,59.192259821250445,97.53189409246109
200.0,200.0,0,2500.0,400.0,700.0,150.0,2222672.1816036687,1637500.0,585172.1816036686,False,True,315.6920523800024,59.192259821250445,1536.5988293346136
200.0,200.0,0,3500.0,0.0,500.0,150.0,2222672.1816036687,1637500.0,585172.1816036686,False,True,315.6920523800024,59.192259821250445,3865.8930600743543
400.0,400.0,0,1500.0,0.0,500.0,150.0,1851080.5714050038,1637500.0,213580.5714050037,False,True,315.6920523800024,59.192259821250445,3865.8930600743543
0.0,400.0,5,0.0,0.0,700.0,100.0,2494372.745293745,1640000.0,854372.7452937451,False,True,315.6920523800024,59.192259821250445,1059.658765620191
0.0,600.0,3,0.0,400.0,700.0,100.0,2408011.4616800817,1640000.0,768011.4616800814,False,True,315.6920523800024,59.192259821250445,994.4635113766346
200.0,200.0,4,0.0,200.0,700.0,100.0,2236619.6816036687,1640000.0,596619.6816036686,False,True,315.6920523800024,59.192259821250445,266.16253484160563
200.0,400.0,2,0.0,600.0,700.0,100.0,2120012.0942478436,1640000.0,480012.0942478438,False,True,315.6920523800024,59.192259821250445,294.14041756250055
400.0,0.0,3,0.0,400.0,700.0,100.0,2056910.8244380415,1640000.0,416910.8244380414,True,True,315.6920523800024,59.192259821250445,180.04392371418265
600.0,400.0,0,0.0,0.0,700.0,100.0,1749182.261022691,1640000.0,109182.26102269092,False,True,315.6920523800024,59.192259821250445,3865.8930600743543
0.0,400.0,5,0.0,200.0,500.0,150.0,2496872.745293745,1642500.0,854372.7452937451,False,True,315.6920523800024,59.192259821250445,1016.2291487864281
0.0,600.0,3,0.0,600.0,500.0,150.0,2410511.4616800817,1642500.0,768011.4616800814,False,True,315.6920523800024,59.192259821250445,994.4635113766346
200.0,200.0,4,0.0,400.0,500.0,150.0,2239119.6816036687,1642500.0,596619.6816036686,False,True,315.6920523800024,59.192259821250445,266.16253484160563
400.0,0.0,3,0.0,600.0,500.0,150.0,2059410.8244380415,1642500.0,416910.8244380414,True,True,315.6920523800024,59.192259821250445,180.04392371418265
400.0,600.0,1,0.0,0.0,500.0,150.0,1851040.4249360964,1642500.0,208540.4249360965,False,True,315.6920523800024,59.192259821250445,622.1095255556158
600.0,400.0,0,0.0,200.0,500.0,150.0,1751682.261022691,1642500.0,109182.26102269092,False,True,315.6920523800024,59.192259821250445,754.9356799321268
0.0,0.0,2,3500.0,400.0,500.0,100.0,2961743.5325396922,1645000.0,1316743.5325396922,False,True,315.6920523800024,59.192259821250445,1238.6923038639559
0.0,400.0,3,1500.0,200.0,500.0,100.0,2499372.745293745,1645000.0,854372.7452937451,True,True,315.6920523800024,59.192259821250445,75.2146983911701
0.0,600.0,0,2500.0,200.0,700.0,100.0,2401563.9616800817,1645000.0,756563.9616800814,False,True,315.6920523800024,59.192259821250445,1611.6279913860847
0.0,600.0,1,1500.0,600.0,500.0,100.0,2407050.2116800817,1645000.0,762050.2116800814,False,True,315.6920523800024,59.192259821250445,710.9143152049328
200.0,0.0,4,1500.0,0.0,500.0,100.0,2481933.776507222,1645000.0,836933.7765072221,False,True,315.6920523800024,59.192259821250445,435.7692404513767
200.0,200.0,1,2500.0,0.0,700.0,100.0,2235658.4316036687,1645000.0,590658.4316036686,False,True,315.6920523800024,59.192259821250445,1633.3761884611788
200.0,200.0,2,1500.0,400.0,500.0,100.0,2241263.4316036687,1645000.0,596263.4316036686,True,True,315.6920523800024,59.192259821250445,16.259326813936898
400.0,0.0,0,2500.0,200.0,700.0,100.0,2050463.3244380415,1645000.0,405463.3244380414,False,True,315.6920523800024,59.192259821250445,1099.9665262692274
400.0,0.0,1,1500.0,600.0,500.0,100.0,2055949.5744380415,1645000.0,410949.5744380414,True,True,315.6920523800024,59.192259821250445,29.17275138822441
0.0,0.0,1,3500.0,600.0,700.0,150.0,2958638.5325396922,1647500.0,1311138.5325396922,False,True,315.6920523800024,59.192259821250445,3258.4964860812456
0.0,200.0,4,1500.0,0.0,700.0,150.0,2719018.88834087,1647500.0,1071518.8883408702,False,True,315.6920523800024,59.192259821250445,1113.9955955501605
0.0,400.0,2,1500.0,400.0,700.0,150.0,2501516.495293745,1647500.0,854016.4952937451,True,True,315.6920523800024,59.192259821250445,92.8869563029314
0.0,400.0,2,2500.0,0.0,500.0,150.0,2501516.495293745,1647500.0,854016.4952937451,False,True,315.6920523800024,59.192259821250445,1172.9897800840567
0.0,600.0,0,2500.0,400.0,500.0,150.0,2404063.9616800817,1647500.0,756563.9616800814,False,True,315.6920523800024,59.192259821250445,1054.4471065812372
200.0,0.0,3,1500.0,200.0,700.0,150.0,2484433.776507222,1647500.0,836933.7765072221,True,True,315.6920523800024,59.192259821250445,98.60353366201917
200.0,200.0,1,1500.0,600.0,700.0,150.0,2238158.4316036687,1647500.0,590658.4316036686,False,True,315.6920523800024,59.192259821250445,370.30485152648197
200.0,200.0,1,2500.0,200.0,500.0,150.0,2238158.4316036687,1647500.0,590658.4316036686,True,True,315.6920523800024,59.192259821250445,106.05174816255294
400.0,0.0,0,2500.0,400.0,500.0,150.0,2052963.3244380415,1647500.0,405463.3244380414,False,True,315.6920523800024,59.192259821250445,1080.6346124522995
0.0,600.0,4,0.0,200.0,500.0,100.0,2418011.4616800817,1650000.0,768011.4616800814,False,True,315.6920523800024,59.192259821250445,994.4635113766346
200.0,200.0,5,0.0,0.0,500.0,100.0,2246619.6816036687,1650000.0,596619.6816036686,False,True,315.6920523800024,59.192259821250445,293.2714019185008
200.0,400.0,3,0.0,400.0,500.0,100.0,2130368.3442478436,1650000.0,480368.3442478438,False,True,315.6920523800024,59.192259821250445,220.40017383160114
400.0,0.0,4,0.0,200.0,500.0,100.0,2066910.8244380415,1650000.0,416910.8244380414,True,True,315.6920523800024,59.192259821250445,180.04392371418265
400.0,200.0,2,0.0,600.0,500.0,100.0,1917301.5220558762,1650000.0,267301.5220558762,True,True,315.6920523800024,59.192259821250445,62.05193247204173
0.0,400.0,5,0.0,0.0,700.0,150.0,2506872.745293745,1652500.0,854372.7452937451,False,True,315.6920523800024,59.192259821250445,1059.658765620191
0.0,600.0,3,0.0,400.0,700.0,150.0,2420511.4616800817,1652500.0,768011.4616800814,False,True,315.6920523800024,59.192259821250445,994.4635113766346
200.0,200.0,4,0.0,200.0,700.0,150.0,2249119.6816036687,1652500.0,596619.6816036686,False,True,315.6920523800024,59.192259821250445,266.16253484160563
200.0,400.0,2,0.0,600.0,700.0,150.0,2132512.0942478436,1652500.0,480012.0942478438,False,True,315.6920523800024,59.192259821250445,294.14041756250055
400.0,0.0,3,0.0,400.0,700.0,150.0,2069410.8244380415,1652500.0,416910.8244380414,True,True,315.6920523800024,59.192259821250445,180.04392371418265
600.0,400.0,0,0.0,0.0,700.0,150.0,1761682.261022691,1652500.0,109182.26102269092,False,True,315.6920523800024,59.192259821250445,3865.8930600743543
0.0,0.0,2,3500.0,200.0,700.0,100.0,2971743.5325396922,1655000.0,1316743.5325396922,False,True,315.6920523800024,59.192259821250445,1250.0852210103753
0.0,0.0,3,2500.0,600.0,500.0,100.0,2972099.7825396922,1655000.0,1317099.7825396922,False,True,315.6920523800024,59.192259821250445,1510.3249226129597
0.0,200.0,0,3500.0,600.0,700.0,100.0,2715071.38834087,1655000.0,1060071.3883408702,False,True,315.6920523800024,59.192259821250445,3386.478773610017
0.0,400.0,3,1500.0,0.0,700.0,100.0,2509372.745293745,1655000.0,854372.7452937451,False,True,315.6920523800024,59.192259821250445,1059.658765620191
0.0,600.0,1,1500.0,400.0,700.0,100.0,2417050.2116800817,1655000.0,762050.2116800814,False,True,315.6920523800024,59.192259821250445,710.9143152049328
0.0,600.0,1,2500.0,0.0,500.0,100.0,2417050.2116800817,1655000.0,762050.2116800814,False,True,315.6920523800024,59.192259821250445,2421.411113161629
200.0,200.0,2,1500.0,200.0,700.0,100.0,2251263.4316036687,1655000.0,596263.4316036686,True,True,315.6920523800024,59.192259821250445,20.06963700087584
200.0,400.0,0,1500.0,600.0,700.0,100.0,2123920.8442478436,1655000.0,468920.8442478438,False,True,315.6920523800024,59.192259821250445,954.0691381635885
200.0,400.0,0,2500.0,200.0,500.0,100.0,2123920.8442478436,1655000.0,468920.8442478438,False,True,315.6920523800024,59.192259821250445,539.1348251377851
400.0,0.0,1,1500.0,400.0,700.0,100.0,2065949.5744380415,1655000.0,410949.5744380414,True,True,315.6920523800024,59.192259821250445,29.17275138822441
400.0,0.0,1,2500.0,0.0,500.0,100.0,2065949.5744380415,1655000.0,410949.5744380414,False,True,315.6920523800024,59.192259821250445,943.0407887391632
0.0,0.0,2,3500.0,400.0,500.0,150.0,2974243.5325396922,1657500.0,1316743.5325396922,False,True,315.6920523800024,59.192259821250445,1238.6923038639559
0.0,400.0,3,1500.0,200.0,500.0,150.0,2511872.745293745,1657500.0,854372.7452937451,True,True,315.6920523800024,59.192259821250445,75.2146983911701
0.0,600.0,0,2500.0,200.0,700.0,150.0,2414063.9616800817,1657500.0,756563.9616800814,False,True,315.6920523800024,59.192259821250445,1611.6279913860847
0.0,600.0,1,1500.0,600.0,500.0,150.0,2419550.2116800817,1657500.0,762050.2116800814,False,True,315.6920523800024,59.192259821250445,710.9143152049328
200.0,0.0,4,1500.0,0.0,500.0,150.0,2494433.776507222,1657500.0,836933.7765072221,False,True,315.6920523800024,59.192259821250445,435.7692404513767
200.0,200.0,1,2500.0,0.0,700.0,150.0,2248158.4316036687,1657500.0,590658.4316036686,False,True,315.6920523800024,59.192259821250445,1633.3761884611788
200.0,200.0,2,1500.0,400.0,500.0,150.0,2253763.4316036687,1657500.0,596263.4316036686,True,True,315.6920523800024,59.192259821250445,16.259326813936898
400.0,0.0,0,2500.0,200.0,700.0,150.0,2062963.3244380415,1657500.0,405463.3244380414,False,True,315.6920523800024,59.192259821250445,1095.820105654414
400.0,0.0,1,1500.0,600.0,500.0,150.0,2068449.5744380415,1657500.0,410949.5744380414,True,True,315.6920523800024,59.192259821250445,29.17275138822441
0.0,600.0,4,0.0,0.0,700.0,100.0,2428011.4616800817,1660000.0,768011.4616800814,False,True,315.6920523800024,59.192259821250445,1059.6587656201907
200.0,400.0,3,0.0,200.0,700.0,100.0,2140368.3442478436,1660000.0,480368.3442478438,False,True,315.6920523800024,59.192259821250445,220.40017383160114
200.0,600.0,1,0.0,600.0,700.0,100.0,2104547.807311861,1660000.0,444547.8073118607,False,True,315.6920523800024,59.192259821250445,1358.195930482821
400.0,0.0,4,0.0,0.0,700.0,100.0,2076910.8244380415,1660000.0,416910.8244380414,False,True,315.6920523800024,59.192259821250445,234.73087114067525
400.0,200.0,2,0.0,400.0,700.0,100.0,1927301.5220558762,1660000.0,267301.5220558762,True,True,315.6920523800024,59.192259821250445,62.05193247204173
600.0,0.0,1,0.0,600.0,700.0,100.0,1875019.948135132,1660000.0,215019.94813513203,False,True,315.6920523800024,59.192259821250445,332.3658197205492
0.0,600.0,4,0.0,200.0,500.0,150.0,2430511.4616800817,1662500.0,768011.4616800814,False,True,315.6920523800024,59.192259821250445,994.4635113766346
200.0,200.0,5,0.0,0.0,500.0,150.0,2259119.6816036687,1662500.0,596619.6816036686,False,True,315.6920523800024,59.192259821250445,293.2714019185008
200.0,400.0,3,0.0,400.0,500.0,150.0,2142868.3442478436,1662500.0,480368.3442478438,False,True,315.6920523800024,59.192259821250445,220.40017383160114
400.0,0.0,4,0.0,200.0,500.0,150.0,2079410.8244380415,1662500.0,416910.8244380414,True,True,315.6920523800024,59.192259821250445,180.04392371418265
400.0,200.0,2,0.0,600.0,500.0,150.0,1929801.5220558762,1662500.0,267301.5220558762,True,True,315.6920523800024,59.192259821250445,62.05193247204173
0.0,0.0,3,2500.0,400.0,700.0,100.0,2982099.7825396922,1665000.0,1317099.7825396922,False,True,315.6920523800024,59.192259821250445,1510.3249226129597
0.0,0.0,3,3500.0,0.0,500.0,100.0,2982099.7825396922,1665000.0,1317099.7825396922,False,True,315.6920523800024,59.192259821250445,2184.6549972265802
0.0,200.0,1,3500.0,400.0,500.0,100.0,2730557.63834087,1665000.0,1065557.6383408702,False,True,315.6920523800024,59.192259821250445,2648.6433969328637
0.0,600.0,2,1500.0,200.0,500.0,100.0,2432655.2116800817,1665000.0,767655.2116800814,True,True,315.6920523800024,59.192259821250445,116.71126277567457
200.0,0.0,0,3500.0,600.0,500.0,100.0,2490486.276507222,1665000.0,825486.2765072221,False,True,315.6920523800024,59.192259821250445,3195.8491517215434
200.0,200.0,3,1500.0,0.0,500.0,100.0,2261619.6816036687,1665000.0,596619.6816036686,False,True,315.6920523800024,59.192259821250445,293.2714019185008
200.0,400.0,0,2500.0,0.0,700.0,100.0,2133920.8442478436,1665000.0,468920.8442478438,False,True,315.6920523800024,59.192259821250445,3865.8930600743543
200.0,400.0,1,1500.0,400.0,500.0,100.0,2139407.0942478436,1665000.0,474407.0942478438,False,True,315.6920523800024,59.192259821250445,86.19324565606752
400.0,0.0,2,1500.0,200.0,500.0,100.0,2081554.5744380415,1665000.0,416554.5744380414,True,True,315.6920523800024,59.192259821250445,0.0
400.0,200.0,0,1500.0,600.0,500.0,100.0,1921210.2720558762,1665000.0,256210.2720558762,False,True,315.6920523800024,59.192259821250445,326.13566071419086
0.0,0.0,2,3500.0,200.0,700.0,150.0,2984243.5325396922,1667500.0,1316743.5325396922,False,True,315.6920523800024,59.192259821250445,1250.0852210103753
0.0,0.0,3,2500.0,600.0,500.0,150.0,2984599.7825396922,1667500.0,1317099.7825396922,False,True,315.6920523800024,59.192259821250445,1510.3249226129597
0.0,200.0,0,3500.0,600.0,700.0,150.0,2727571.38834087,1667500.0,1060071.3883408702,False,True,315.6920523800024,59.192259821250445,3386.478773610017
0.0,400.0,3,1500.0,0.0,700.0,150.0,2521872.745293745,1667500.0,854372.7452937451,False,True,315.6920523800024,59.192259821250445,1059.658765620191
0.0,600.0,1,1500.0,400.0,700.0,150.0,2429550.2116800817,1667500.0,762050.2116800814,False,True,315.6920523800024,59.192259821250445,710.9143152049328
0.0,600.0,1,2500.0,0.0,500.0,150.0,2429550.2116800817,1667500.0,762050.2116800814,False,True,315.6920523800024,59.192259821250445,2421.411113161629
200.0,200.0,2,1500.0,200.0,700.0,150.0,2263763.4316036687,1667500.0,596263.4316036686,True,True,315.6920523800024,59.192259821250445,20.06963700087584
200.0,400.0,0,1500.0,600.0,700.0,150.0,2136420.8442478436,1667500.0,468920.8442478438,False,True,315.6920523800024,59.192259821250445,954.0691381635885
200.0,400.0,0,2500.0,200.0,500.0,150.0,2136420.8442478436,1667500.0,468920.8442478438,False,True,315.6920523800024,59.192259821250445,539.1348251377851
400.0,0.0,1,1500.0,400.0,700.0,150.0,2078449.5744380415,1667500.0,410949.5744380414,True,True,315.6920523800024,59.192259821250445,29.17275138822441
400.0,0.0,1,2500.0,0.0,500.0,150.0,2078449.5744380415,1667500.0,410949.5744380414,False,True,315.6920523800024,59.192259821250445,943.0407887391632
200.0,400.0,4,0.0,0.0,500.0,100.0,2150368.3442478436,1670000.0,480368.3442478438,False,True,315.6920523800024,59.192259821250445,293.2714019185008
200.0,600.0,2,0.0,400.0,500.0,100.0,2120152.807311861,1670000.0,450152.8073118607,False,True,315.6920523800024,59.192259821250445,281.4138166328031
400.0,200.0,3,0.0,200.0,500.0,100.0,1937657.7720558762,1670000.0,267657.7720558762,True,True,315.6920523800024,59.192259821250445,58.86209154824223
400.0,400.0,1,0.0,600.0,500.0,100.0,1889066.8214050038,1670000.0,219066.8214050037,False,True,315.6920523800024,59.192259821250445,364.2909857828308
600.0,0.0,2,0.0,400.0,500.0,100.0,1890624.948135132,1670000.0,220624.94813513203,True,True,315.6920523800024,59.192259821250445,65.97100544059033
0.0,600.0,4,0.0,0.0,700.0,150.0,2440511.4616800817,1672500.0,768011.4616800814,False,True,315.6920523800024,59.192259821250445,1059.6587656201907
200.0,400.0,3,0.0,200.0,700.0,150.0,2152868.3442478436,1672500.0,480368.3442478438,False,True,315.6920523800024,59.192259821250445,220.40017383160114
200.0,600.0,1,0.0,600.0,700.0,150.0,2117047.807311861,1672500.0,444547.8073118607,False,True,315.6920523800024,59.192259821250445,1358.195930482821
400.0,0.0,4,0.0,0.0,700.0,150.0,2089410.8244380415,1672500.0,416910.8244380414,False,True,315.6920523800024,59.192259821250445,234.73087114067525
400.0,200.0,2,0.0,400.0,700.0,150.0,1939801.5220558762,1672500.0,267301.5220558762,True,True,315.6920523800024,59.192259821250445,62.05193247204173
600.0,0.0,1,0.0,600.0,700.0,150.0,1887519.948135132,1672500.0,215019.94813513203,False,True,315.6920523800024,59.192259821250445,332.3658197205492
0.0,0.0,4,1500.0,600.0,700.0,100.0,2992099.7825396922,1675000.0,1317099.7825396922,False,True,315.6920523800024,59.192259821250445,1846.8285092105991
0.0,0.0,4,2500.0,200.0,500.0,100.0,2992099.7825396922,1675000.0,1317099.7825396922,False,True,315.6920523800024,59.192259821250445,1510.3249226129599
0.0,200.0,1,3500.0,200.0,700.0,100.0,2740557.63834087,1675000.0,1065557.6383408702,False,True,315.6920523800024,59.192259821250445,2674.303889810547
0.0,200.0,2,2500.0,600.0,500.0,100.0,2746162.63834087,1675000.0,1071162.6383408702,False,True,315.6920523800024,59.192259821250445,530.6814947215609
0.0,600.0,2,1500.0,0.0,700.0,100.0,2442655.2116800817,1675000.0,767655.2116800814,False,True,315.6920523800024,59.192259821250445,1162.459385986338
200.0,0.0,0,3500.0,400.0,700.0,100.0,2500486.276507222,1675000.0,825486.2765072221,False,True,315.6920523800024,59.192259821250445,3195.8491517215434
200.0,400.0,1,1500.0,200.0,700.0,100.0,2149407.0942478436,1675000.0,474407.0942478438,False,True,315.6920523800024,59.192259821250445,90.00355584300647
400.0,0.0,2,1500.0,0.0,700.0,100.0,2091554.5744380415,1675000.0,416554.5744380414,False,True,315.6920523800024,59.192259821250445,237.92071206447474
400.0,200.0,0,1500.0,400.0,700.0,100.0,1931210.2720558762,1675000.0,256210.2720558762,False,True,315.6920523800024,59.192259821250445,326.13566071419086
400.0,200.0,0,2500.0,0.0,500.0,100.0,1931210.2720558762,1675000.0,256210.2720558762,False,True,315.6920523800024,59.192259821250445,3865.8930600743543
0.0,0.0,3,2500.0,400.0,700.0,150.0,2994599.7825396922,1677500.0,1317099.7825396922,False,True,315.6920523800024,59.192259821250445,1510.3249226129597
0.0,0.0,3,3500.0,0.0,500.0,150.0,2994599.7825396922,1677500.0,1317099.7825396922,False,True,315.6920523800024,59.192259821250445,2184.6549972265802
0.0,200.0,1,3500.0,400.0,500.0,150.0,2743057.63834087,1677500.0,1065557.6383408702,False,True,315.6920523800024,59.192259821250445,2648.6433969328637
0.0,600.0,2,1500.0,200.0,500.0,150.0,2445155.2116800817,1677500.0,767655.2116800814,True,True,315.6920523800024,59.192259821250445,116.71126277567457
200.0,0.0,0,3500.0,600.0,500.0,150.0,2502986.276507222,1677500.0,825486.2765072221,False,True,315.6920523800024,59.192259821250445,3195.8491517215434
200.0,200.0,3,1500.0,0.0,500.0,150.0,2274119.6816036687,1677500.0,596619.6816036686,False,True,315.6920523800024,59.192259821250445,293.2714019185008
200.0,400.0,0,2500.0,0.0,700.0,150.0,2146420.8442478436,1677500.0,468920.8442478438,False,True,315.6920523800024,59.192259821250445,3865.8930600743543
200.0,400.0,1,1500.0,400.0,500.0,150.0,2151907.0942478436,1677500.0,474407.0942478438,False,True,315.6920523800024,59.192259821250445,86.19324565606752
400.0,0.0,2,1500.0,200.0,500.0,150.0,2094054.5744380415,1677500.0,416554.5744380414,True,True,315.6920523800024,59.192259821250445,0.0
400.0,200.0,0,1500.0,600.0,500.0,150.0,1933710.2720558762,1677500.0,256210.2720558762,False,True,315.6920523800024,59.192259821250445,326.13566071419086
0.0,200.0,5,0.0,600.0,700.0,100.0,2751518.88834087,1680000.0,1071518.8883408702,False,True,315.6920523800024,59.192259821250445,1113.9955955501605
200.0,600.0,2,0.0,200.0,700.0,100.0,2130152.807311861,1680000.0,450152.8073118607,False,True,315.6920523800024,59.192259821250445,281.4138166328031
400.0,200.0,3,0.0,0.0,700.0,100.0,1947657.7720558762,1680000.0,267657.7720558762,False,True,315.6920523800024,59.192259821250445,177.51960758016293
400.0,400.0,1,0.0,400.0,700.0,100.0,1899066.8214050038,1680000.0,219066.8214050037,False,True,315.6920523800024,59.192259821250445,364.2909857828308
600.0,0.0,2,0.0,200.0,700.0,100.0,1900624.948135132,1680000.0,220624.94813513203,True,True,315.6920523800024,59.192259821250445,65.97100544059033
600.0,200.0,0,0.0,600.0,700.0,100.0,1809191.3702823014,1680000.0,129191.3702823015,False,True,315.6920523800024,59.192259821250445,825.9902116985058
200.0,400.0,4,0.0,0.0,500.0,150.0,2162868.3442478436,1682500.0,480368.3442478438,False,True,315.6920523800024,59.192259821250445,293.2714019185008
200.0,600.0,2,0.0,400.0,500.0,150.0,2132652.807311861,1682500.0,450152.8073118607,False,True,315.6920523800024,59.192259821250445,281.4138166328031
400.0,200.0,3,0.0,200.0,500.0,150.0,1950157.7720558762,1682500.0,267657.7720558762,True,True,315.6920523800024,59.192259821250445,58.86209154824223
400.0,400.0,1,0.0,600.0,500.0,150.0,1901566.8214050038,1682500.0,219066.8214050037,False,True,315.6920523800024,59.192259821250445,364.2909857828308
600.0,0.0,2,0.0,400.0,500.0,150.0,1903124.948135132,1682500.0,220624.94813513203,True,True,315.6920523800024,59.192259821250445,65.97100544059033
0.0,0.0,4,2500.0,0.0,700.0,100.0,3002099.7825396922,1685000.0,1317099.7825396922,False,True,315.6920523800024,59.192259821250445,2184.6549972265802
0.0,0.0,5,1500.0,400.0,500.0,100.0,3002099.7825396922,1685000.0,1317099.7825396922,False,True,315.6920523800024,59.192259821250445,1846.8285092105991
0.0,200.0,2,2500.0,400.0,700.0,100.0,2756162.63834087,1685000.0,1071162.6383408702,False,True,315.6920523800024,59.192259821250445,530.6814947215609
0.0,200.0,2,3500.0,0.0,500.0,100.0,2756162.63834087,1685000.0,1071162.6383408702,False,True,315.6920523800024,59.192259821250445,1241.592425549732
0.0,400.0,0,3500.0,400.0,500.0,100.0,2527925.245293745,1685000.0,842925.2452937451,False,True,315.6920523800024,59.192259821250445,1220.46885535542
200.0,0.0,1,2500.0,600.0,700.0,100.0,2515972.526507222,1685000.0,830972.5265072221,False,True,315.6920523800024,59.192259821250445,1916.0684995396175
200.0,0.0,1,3500.0,200.0,500.0,100.0,2515972.526507222,1685000.0,830972.5265072221,False,True,315.6920523800024,59.192259821250445,1586.6886737102304
200.0,400.0,2,1500.0,0.0,500.0,100.0,2165012.0942478436,1685000.0,480012.0942478438,False,True,315.6920523800024,59.192259821250445,367.0116456494003
200.0,600.0,0,1500.0,400.0,500.0,100.0,2124061.557311861,1685000.0,439061.5573118607,False,True,315.6920523800024,59.192259821250445,768.7220419352474
400.0,200.0,1,1500.0,200.0,500.0,100.0,1946696.5220558762,1685000.0,261696.5220558762,True,True,315.6920523800024,59.192259821250445,29.17275138822441
600.0,0.0,0,1500.0,400.0,500.0,100.0,1894533.698135132,1685000.0,209533.69813513203,False,True,315.6920523800024,59.192259821250445,207.32236792952818
0.0,0.0,4,1500.0,600.0,700.0,150.0,3004599.7825396922,1687500.0,1317099.7825396922,False,True,315.6920523800024,59.192259821250445,1846.8285092105991
0.0,0.0,4,2500.0,200.0,500.0,150.0,3004599.7825396922,1687500.0,1317099.7825396922,False,True,315.6920523800024,59.192259821250445,1510.3249226129599
0.0,200.0,1,3500.0,200.0,700.0,150.0,2753057.63834087,1687500.0,1065557.6383408702,False,True,315.6920523800024,59.192259821250445,2674.303889810547
0.0,200.0,2,2500.0,600.0,500.0,150.0,2758662.63834087,1687500.0,1071162.6383408702,False,True,315.6920523800024,59.192259821250445,530.6814947215609
0.0,600.0,2,1500.0,0.0,700.0,150.0,2455155.2116800817,1687500.0,767655.2116800814,False,True,315.6920523800024,59.192259821250445,1162.459385986338
200.0,0.0,0,3500.0,400.0,700.0,150.0,2512986.276507222,1687500.0,825486.2765072221,False,True,315.6920523800024,59.192259821250445,3195.8491517215434
200.0,400.0,1,1500.0,200.0,700.0,150.0,2161907.0942478436,1687500.0,474407.0942478438,False,True,315.6920523800024,59.192259821250445,90.00355584300647
400.0,0.0,2,1500.0,0.0,700.0,150.0,2104054.5744380415,1687500.0,416554.5744380414,False,True,315.6920523800024,59.192259821250445,237.92071206447474
400.0,200.0,0,1500.0,400.0,700.0,150.0,1943710.2720558762,1687500.0,256210.2720558762,False,True,315.6920523800024,59.192259821250445,326.13566071419086
400.0,200.0,0,2500.0,0.0,500.0,150.0,1943710.2720558762,1687500.0,256210.2720558762,False,True,315.6920523800024,59.192259821250445,3865.8930600743543
200.0,0.0,5,0.0,600.0,500.0,100.0,2526933.776507222,1690000.0,836933.7765072221,False,True,315.6920523800024,59.192259821250445,435.7692404513767
200.0,600.0,3,0.0,0.0,500.0,100.0,2140509.057311861,1690000.0,450509.0573118607,False,True,315.6920523800024,59.192259821250445,293.2714019185008
400.0,400.0,2,0.0,200.0,500.0,100.0,1914671.8214050038,1690000.0,224671.8214050037,True,True,315.6920523800024,59.192259821250445,57.11608666993962
400.0,600.0,0,0.0,600.0,500.0,100.0,1893054.1749360964,1690000.0,203054.1749360965,False,True,315.6920523800024,59.192259821250445,1563.3926590538745
600.0,0.0,3,0.0,0.0,500.0,100.0,1910981.198135132,1690000.0,220981.19813513203,False,True,315.6920523800024,59.192259821250445,187.13422441986188
600.0,200.0,1,0.0,400.0,500.0,100.0,1824677.6202823014,1690000.0,134677.6202823015,False,True,315.6920523800024,59.192259821250445,200.19983956239594
0.0,200.0,5,0.0,600.0,700.0,150.0,2764018.88834087,1692500.0,1071518.8883408702,False,True,315.6920523800024,59.192259821250445,1113.9955955501605
200.0,600.0,2,0.0,200.0,700.0,150.0,2142652.807311861,1692500.0,450152.8073118607,False,True,315.6920523800024,59.192259821250445,281.4138166328031
400.0,200.0,3,0.0,0.0,700.0,150.0,1960157.7720558762,1692500.0,267657.7720558762,False,True,315.6920523800024,59.192259821250445,177.51960758016293
400.0,400.0,1,0.0,400.0,700.0,150.0,1911566.8214050038,1692500.0,219066.8214050037,False,True,315.6920523800024,59.192259821250445,364.2909857828308
600.0,0.0,2,0.0,200.0,700.0,150.0,1913124.948135132,1692500.0,220624.94813513203,True,True,315.6920523800024,59.192259821250445,65.97100544059033
600.0,200.0,0,0.0,600.0,700.0,150.0,1821691.3702823014,1692500.0,129191.3702823015,False,True,315.6920523800024,59.192259821250445,825.9902116985058
0.0,0.0,5,1500.0,200.0,700.0,100.0,3012099.7825396922,1695000.0,1317099.7825396922,False,True,315.6920523800024,59.192259821250445,1846.8285092105991
0.0,200.0,3,1500.0,600.0,700.0,100.0,2766518.88834087,1695000.0,1071518.8883408702,False,True,315.6920523800024,59.192259821250445,707.3600021308657
0.0,200.0,3,2500.0,200.0,500.0,100.0,2766518.88834087,1695000.0,1071518.8883408702,False,True,315.6920523800024,59.192259821250445,350.9374932408443
0.0,400.0,0,3500.0,200.0,700.0,100.0,2537925.245293745,1695000.0,842925.2452937451,False,True,315.6920523800024,59.192259821250445,1825.0596216448816
0.0,400.0,1,2500.0,600.0,500.0,100.0,2543411.495293745,1695000.0,848411.4952937451,False,True,315.6920523800024,59.192259821250445,623.8989746169542
200.0,0.0,1,3500.0,0.0,700.0,100.0,2525972.526507222,1695000.0,830972.5265072221,False,True,315.6920523800024,59.192259821250445,2671.0661479499868
200.0,0.0,2,2500.0,400.0,500.0,100.0,2531577.526507222,1695000.0,836577.5265072221,True,True,315.6920523800024,59.192259821250445,16.259326813936898
200.0,600.0,0,1500.0,200.0,700.0,100.0,2134061.557311861,1695000.0,439061.5573118607,False,True,315.6920523800024,59.192259821250445,772.5323521221864
400.0,200.0,1,1500.0,0.0,700.0,100.0,1956696.5220558762,1695000.0,261696.5220558762,False,True,315.6920523800024,59.192259821250445,662.0523842304028
600.0,0.0,0,1500.0,200.0,700.0,100.0,1904533.698135132,1695000.0,209533.69813513203,False,True,315.6920523800024,59.192259821250445,212.33894878175747
0.0,0.0,4,2500.0,0.0,700.0,150.0,3014599.7825396922,1697500.0,1317099.7825396922,False,True,315.6920523800024,59.192259821250445,2184.6549972265802
0.0,0.0,5,1500.0,400.0,500.0,150.0,3014599.7825396922,1697500.0,1317099.7825396922,False,True,315.6920523800024,59.192259821250445,1846.8285092105991
0.0,200.0,2,2500.0,400.0,700.0,150.0,2768662.63834087,1697500.0,1071162.6383408702,False,True,315.6920523800024,59.192259821250445,530.6814947215609
0.0,200.0,2,3500.0,0.0,500.0,150.0,2768662.63834087,1697500.0,1071162.6383408702,False,True,315.6920523800024,59.192259821250445,1241.592425549732
0.0,400.0,0,3500.0,400.0,500.0,150.0,2540425.245293745,1697500.0,842925.2452937451,False,True,315.6920523800024,59.192259821250445,1220.46885535542
200.0,0.0,1,2500.0,600.0,700.0,150.0,2528472.526507222,1697500.0,830972.5265072221,False,True,315.6920523800024,59.192259821250445,1916.0684995396175
200.0,0.0,1,3500.0,200.0,500.0,150.0,2528472.526507222,1697500.0,830972.5265072221,False,True,315.6920523800024,59.192259821250445,1586.6886737102304
200.0,400.0,2,1500.0,0.0,500.0,150.0,2177512.0942478436,1697500.0,480012.0942478438,False,True,315.6920523800024,59.192259821250445,367.0116456494003
200.0,600.0,0,1500.0,400.0,500.0,150.0,2136561.557311861,1697500.0,439061.5573118607,False,True,315.6920523800024,59.192259821250445,768.7220419352474
400.0,200.0,1,1500.0,200.0,500.0,150.0,1959196.5220558762,1697500.0,261696.5220558762,True,True,315.6920523800024,59.192259821250445,29.17275138822441
600.0,0.0,0,1500.0,400.0,500.0,150.0,1907033.698135132,1697500.0,209533.69813513203,False,True,315.6920523800024,59.192259821250445,207.32236792952818
0.0,400.0,4,0.0,600.0,700.0,100.0,2554372.745293745,1700000.0,854372.7452937451,False,True,315.6920523800024,59.192259821250445,1016.2291487864281
200.0,0.0,5,0.0,400.0,700.0,100.0,2536933.776507222,1700000.0,836933.7765072221,False,True,315.6920523800024,59.192259821250445,435.7692404513767
400.0,400.0,2,0.0,0.0,700.0,100.0,1924671.8214050038,1700000.0,224671.8214050037,False,True,315.6920523800024,59.192259821250445,180.70944850396242
400.0,600.0,0,0.0,400.0,700.0,100.0,1903054.1749360964,1700000.0,203054.1749360965,False,True,315.6920523800024,59.192259821250445,1563.3926590538745
600.0,200.0,1,0.0,200.0,700.0,100.0,1834677.6202823014,1700000.0,134677.6202823015,False,True,315.6920523800024,59.192259821250445,200.19983956239594
200.0,0.0,5,0.0,600.0,500.0,150.0,2539433.776507222,1702500.0,836933.7765072221,False,True,315.6920523800024,59.192259821250445,435.7692404513767
200.0,600.0,3,0.0,0.0,500.0,150.0,2153009.057311861,1702500.0,450509.0573118607,False,True,315.6920523800024,59.192259821250445,293.2714019185008
400.0,400.0,2,0.0,200.0,500.0,150.0,1927171.8214050038,1702500.0,224671.8214050037,True,True,315.6920523800024,59.192259821250445,57.11608666993962
400.0,600.0,0,0.0,600.0,500.0,150.0,1905554.1749360964,1702500.0,203054.1749360965,False,True,315.6920523800024,59.192259821250445,1563.3926590538745
600.0,0.0,3,0.0,0.0,500.0,150.0,1923481.198135132,1702500.0,220981.19813513203,False,True,315.6920523800024,59.192259821250445,187.13422441986188
600.0,200.0,1,0.0,400.0,500.0,150.0,1837177.6202823014,1702500.0,134677.6202823015,False,True,315.6920523800024,59.192259821250445,200.19983956239594
0.0,200.0,3,2500.0,0.0,700.0,100.0,2776518.88834087,1705000.0,1071518.8883408702,False,True,315.6920523800024,59.192259821250445,1113.9955955501605
0.0,200.0,4,1500.0,400.0,500.0,100.0,2776518.88834087,1705000.0,1071518.8883408702,False,True,315.6920523800024,59.192259821250445,707.3600021308657
0.0,400.0,1,2500.0,400.0,700.0,100.0,2553411.495293745,1705000.0,848411.4952937451,False,True,315.6920523800024,59.192259821250445,623.8989746169542
0.0,400.0,1,3500.0,0.0,500.0,100.0,2553411.495293745,1705000.0,848411.4952937451,False,True,315.6920523800024,59.192259821250445,2622.2246847193433
200.0,0.0,2,2500.0,200.0,700.0,100.0,2541577.526507222,1705000.0,836577.5265072221,True,True,315.6920523800024,59.192259821250445,20.06963700087584
200.0,0.0,3,1500.0,600.0,500.0,100.0,2541933.776507222,1705000.0,836933.7765072221,True,True,315.6920523800024,59.192259821250445,97.53189409246109
200.0,200.0,0,2500.0,600.0,700.0,100.0,2290172.1816036687,1705000.0,585172.1816036686,False,True,315.6920523800024,59.192259821250445,1536.5988293346136
200.0,200.0,0,3500.0,200.0,500.0,100.0,2290172.1816036687,1705000.0,585172.1816036686,False,True,315.6920523800024,59.192259821250445,1329.95704020171
200.0,600.0,1,1500.0,0.0,500.0,100.0,2149547.807311861,1705000.0,444547.8073118607,False,True,315.6920523800024,59.192259821250445,1502.6678708137956
400.0,400.0,0,1500.0,200.0,500.0,100.0,1918580.5714050038,1705000.0,213580.5714050037,False,True,315.6920523800024,59.192259821250445,250.59325203025153
600.0,0.0,1,1500.0,0.0,500.0,100.0,1920019.948135132,1705000.0,215019.94813513203,False,True,315.6920523800024,59.192259821250445,663.0237271296933
