wind_kw,pv_kw,diesel_units,battery_kwh,pcs_kw,ups_kwh,ups_kw,objective_yuan,investment_yuan,mean_operation_yuan,feasible,core_bridge_pass,required_ups_kwh,required_ups_kw,flex_adjusted_mean_kwh
0.0,0.0,0,0.0,0.0,600.0,100.0,1605339.6176404187,295000.0,1310339.6176404187,False,True,585.6995405936965,59.192259821250445,2076.313871506615
0.0,0.0,0,0.0,0.0,600.0,150.0,1617839.6176404187,307500.0,1310339.6176404187,False,True,585.6995405936965,59.192259821250445,2076.313871506615
0.0,0.0,0,0.0,0.0,900.0,100.0,1740419.2094771534,430000.0,1310419.2094771534,False,True,585.6995405936965,59.192259821250445,2076.313871506615
0.0,0.0,0,0.0,0.0,900.0,150.0,1752919.2094771534,442500.0,1310419.2094771534,False,True,585.6995405936965,59.192259821250445,2076.313871506615
0.0,0.0,1,0.0,0.0,600.0,100.0,1379417.7426404173,475000.0,904417.7426404173,False,True,585.6995405936965,59.192259821250445,2076.313871506615
0.0,0.0,1,0.0,0.0,600.0,150.0,1391917.7426404173,487500.0,904417.7426404173,False,True,585.6995405936965,59.192259821250445,2076.313871506615
0.0,200.0,0,0.0,0.0,600.0,100.0,1559638.8881320232,495000.0,1064638.8881320232,False,True,585.6995405936965,59.192259821250445,2076.313871506615
0.0,200.0,0,0.0,0.0,600.0,150.0,1572138.8881320232,507500.0,1064638.8881320232,False,True,585.6995405936965,59.192259821250445,2076.313871506615
0.0,0.0,0,0.0,0.0,1200.0,100.0,1875498.8013138883,565000.0,1310498.8013138883,False,True,585.6995405936965,59.192259821250445,2076.313871506615
0.0,0.0,0,0.0,0.0,1200.0,150.0,1887998.8013138883,577500.0,1310498.8013138883,False,True,585.6995405936965,59.192259821250445,2076.313871506615
200.0,0.0,0,0.0,0.0,600.0,100.0,1423857.8490817107,595000.0,828857.8490817107,False,True,585.6995405936965,59.192259821250445,2076.313871506615
200.0,0.0,0,0.0,0.0,600.0,150.0,1436357.8490817107,607500.0,828857.8490817107,False,True,585.6995405936965,59.192259821250445,2076.313871506615
0.0,0.0,1,0.0,0.0,900.0,100.0,1514497.334477152,610000.0,904497.334477152,False,True,585.6995405936965,59.192259821250445,2076.313871506615
0.0,0.0,1,0.0,0.0,900.0,150.0,1526997.334477152,622500.0,904497.334477152,False,True,585.6995405936965,59.192259821250445,2076.313871506615
0.0,200.0,0,0.0,0.0,900.0,100.0,1694718.4799687578,630000.0,1064718.4799687578,False,True,585.6995405936965,59.192259821250445,2076.313871506615
0.0,200.0,0,0.0,0.0,900.0,150.0,1707218.4799687578,642500.0,1064718.4799687578,False,True,585.6995405936965,59.192259821250445,2076.313871506615
0.0,0.0,2,0.0,0.0,600.0,100.0,1371488.183107196,655000.0,716488.1831071959,False,True,585.6995405936965,59.192259821250445,1189.694398610327
0.0,0.0,2,0.0,0.0,600.0,150.0,1383988.183107196,667500.0,716488.1831071959,False,True,585.6995405936965,59.192259821250445,1189.694398610327
0.0,0.0,0,1500.0,0.0,600.0,100.0,1980339.6176404187,670000.0,1310339.6176404187,False,True,585.6995405936965,59.192259821250445,2076.313871506615
0.0,200.0,1,0.0,0.0,600.0,100.0,1334997.334271546,675000.0,659997.334271546,False,True,585.6995405936965,59.192259821250445,1815.1591224382312
0.0,0.0,0,1500.0,0.0,600.0,150.0,1992839.6176404187,682500.0,1310339.6176404187,False,True,585.6995405936965,59.192259821250445,2076.313871506615
0.0,200.0,1,0.0,0.0,600.0,150.0,1347497.334271546,687500.0,659997.334271546,False,True,585.6995405936965,59.192259821250445,1815.1591224382312
0.0,400.0,0,0.0,0.0,600.0,100.0,1542337.3881155348,695000.0,847337.3881155348,False,True,585.6995405936965,59.192259821250445,2076.313871506615
0.0,400.0,0,0.0,0.0,600.0,150.0,1554837.3881155348,707500.0,847337.3881155348,False,True,585.6995405936965,59.192259821250445,2076.313871506615
200.0,0.0,0,0.0,0.0,900.0,100.0,1558937.4409184451,730000.0,828937.4409184452,False,True,585.6995405936965,59.192259821250445,2076.313871506615
200.0,0.0,0,0.0,0.0,900.0,150.0,1571437.4409184451,742500.0,828937.4409184452,False,True,585.6995405936965,59.192259821250445,2076.313871506615
0.0,0.0,1,0.0,0.0,1200.0,100.0,1649576.9263138867,745000.0,904576.9263138867,False,True,585.6995405936965,59.192259821250445,2076.313871506615
0.0,0.0,0,1500.0,200.0,600.0,100.0,2060339.6176404187,750000.0,1310339.6176404187,False,True,585.6995405936965,59.192259821250445,2025.3670999252442
0.0,0.0,1,0.0,0.0,1200.0,150.0,1662076.9263138867,757500.0,904576.9263138867,False,True,585.6995405936965,59.192259821250445,2076.313871506615
0.0,0.0,0,1500.0,200.0,600.0,150.0,2072839.6176404187,762500.0,1310339.6176404187,False,True,585.6995405936965,59.192259821250445,2025.3670999252442
0.0,200.0,0,0.0,0.0,1200.0,100.0,1829798.0718054925,765000.0,1064798.0718054925,False,True,585.6995405936965,59.192259821250445,2076.313871506615
200.0,0.0,1,0.0,0.0,600.0,100.0,1211360.185687797,775000.0,436360.1856877969,False,True,585.6995405936965,59.192259821250445,1399.7405429916018
0.0,200.0,0,0.0,0.0,1200.0,150.0,1842298.0718054925,777500.0,1064798.0718054925,False,True,585.6995405936965,59.192259821250445,2076.313871506615
200.0,0.0,1,0.0,0.0,600.0,150.0,1223860.185687797,787500.0,436360.1856877969,False,True,585.6995405936965,59.192259821250445,1399.7405429916018
0.0,0.0,2,0.0,0.0,900.0,100.0,1506567.7749439306,790000.0,716567.7749439306,False,True,585.6995405936965,59.192259821250445,1189.694398610327
200.0,200.0,0,0.0,0.0,600.0,100.0,1383322.4897126278,795000.0,588322.4897126278,False,True,585.6995405936965,59.192259821250445,2076.313871506615
0.0,0.0,2,0.0,0.0,900.0,150.0,1519067.7749439306,802500.0,716567.7749439306,False,True,585.6995405936965,59.192259821250445,1189.694398610327
0.0,0.0,0,1500.0,0.0,900.0,100.0,2115419.2094771536,805000.0,1310419.2094771534,False,True,585.6995405936965,59.192259821250445,2076.313871506615
200.0,200.0,0,0.0,0.0,600.0,150.0,1395822.4897126278,807500.0,588322.4897126278,False,True,585.6995405936965,59.192259821250445,2076.313871506615
0.0,200.0,1,0.0,0.0,900.0,100.0,1470076.9261082807,810000.0,660076.9261082807,False,True,585.6995405936965,59.192259821250445,1815.1591224382312
0.0,0.0,0,1500.0,0.0,900.0,150.0,2127919.2094771536,817500.0,1310419.2094771534,False,True,585.6995405936965,59.192259821250445,2076.313871506615
0.0,200.0,1,0.0,0.0,900.0,150.0,1482576.9261082807,822500.0,660076.9261082807,False,True,585.6995405936965,59.192259821250445,1815.1591224382312
0.0,0.0,0,1500.0,400.0,600.0,100.0,2140339.617640419,830000.0,1310339.6176404187,False,True,585.6995405936965,59.192259821250445,1953.0956711229485
0.0,400.0,0,0.0,0.0,900.0,100.0,1677357.2860747185,830000.0,847357.2860747186,False,True,585.6995405936965,59.192259821250445,2076.313871506615
0.0,0.0,3,0.0,0.0,600.0,100.0,1543753.183107196,835000.0,708753.1831071959,False,True,585.6995405936965,59.192259821250445,1189.694398610327
0.0,0.0,0,1500.0,400.0,600.0,150.0,2152839.617640419,842500.0,1310339.6176404187,False,True,585.6995405936965,59.192259821250445,1953.0956711229485
0.0,400.0,0,0.0,0.0,900.0,150.0,1689857.2860747185,842500.0,847357.2860747186,False,True,585.6995405936965,59.192259821250445,2076.313871506615
0.0,0.0,3,0.0,0.0,600.0,150.0,1556253.183107196,847500.0,708753.1831071959,False,True,585.6995405936965,59.192259821250445,1189.694398610327
0.0,0.0,1,1500.0,0.0,600.0,100.0,1754417.7426404173,850000.0,904417.7426404173,False,True,585.6995405936965,59.192259821250445,2076.313871506615
0.0,200.0,2,0.0,0.0,600.0,100.0,1359723.3683472085,855000.0,504723.3683472084,False,True,585.6995405936965,59.192259821250445,630.6724125908027
0.0,0.0,1,1500.0,0.0,600.0,150.0,1766917.7426404173,862500.0,904417.7426404173,False,True,585.6995405936965,59.192259821250445,2076.313871506615
200.0,0.0,0,0.0,0.0,1200.0,100.0,1694017.03275518,865000.0,829017.03275518,False,True,585.6995405936965,59.192259821250445,2076.313871506615
0.0,200.0,2,0.0,0.0,600.0,150.0,1372223.3683472085,867500.0,504723.3683472084,False,True,585.6995405936965,59.192259821250445,630.6724125908027
0.0,200.0,0,1500.0,0.0,600.0,100.0,1934638.8881320232,870000.0,1064638.8881320232,False,True,585.6995405936965,59.192259821250445,2076.313871506615
0.0,400.0,1,0.0,0.0,600.0,100.0,1407755.254571349,875000.0,532755.2545713489,False,True,585.6995405936965,59.192259821250445,1418.200235193855
200.0,0.0,0,0.0,0.0,1200.0,150.0,1706517.03275518,877500.0,829017.03275518,False,True,585.6995405936965,59.192259821250445,2076.313871506615
0.0,200.0,0,1500.0,0.0,600.0,150.0,1947138.8881320232,882500.0,1064638.8881320232,False,True,585.6995405936965,59.192259821250445,2076.313871506615
0.0,0.0,0,1500.0,200.0,900.0,100.0,2195419.2094771536,885000.0,1310419.2094771534,False,True,585.6995405936965,59.192259821250445,2025.3670999252442
0.0,400.0,1,0.0,0.0,600.0,150.0,1420255.254571349,887500.0,532755.2545713489,False,True,585.6995405936965,59.192259821250445,1418.200235193855
0.0,600.0,0,0.0,0.0,600.0,100.0,1656125.3518955573,895000.0,761125.3518955574,False,True,585.6995405936965,59.192259821250445,2076.313871506615
400.0,0.0,0,0.0,0.0,600.0,100.0,1302720.6375228404,895000.0,407720.63752284046,False,True,585.6995405936965,59.192259821250445,2076.313871506615
0.0,0.0,0,1500.0,200.0,900.0,150.0,2207919.2094771536,897500.0,1310419.2094771534,False,True,585.6995405936965,59.192259821250445,2025.3670999252442
0.0,600.0,0,0.0,0.0,600.0,150.0,1668625.3518955573,907500.0,761125.3518955574,False,True,585.6995405936965,59.192259821250445,2076.313871506615
400.0,0.0,0,0.0,0.0,600.0,150.0,1315220.6375228404,907500.0,407720.63752284046,False,True,585.6995405936965,59.192259821250445,2076.313871506615
0.0,0.0,0,1500.0,600.0,600.0,100.0,2220339.617640419,910000.0,1310339.6176404187,False,True,585.6995405936965,59.192259821250445,1953.0956711229485
200.0,0.0,1,0.0,0.0,900.0,100.0,1346439.7775245316,910000.0,436439.7775245315,False,True,585.6995405936965,59.192259821250445,1399.7405429916018
0.0,0.0,0,2500.0,0.0,600.0,100.0,2230339.617640419,920000.0,1310339.6176404187,False,True,585.6995405936965,59.192259821250445,2076.313871506615
0.0,0.0,0,1500.0,600.0,600.0,150.0,2232839.617640419,922500.0,1310339.6176404187,False,True,585.6995405936965,59.192259821250445,1953.0956711229485
200.0,0.0,1,0.0,0.0,900.0,150.0,1358939.7775245316,922500.0,436439.7775245315,False,True,585.6995405936965,59.192259821250445,1399.7405429916018
0.0,0.0,2,0.0,0.0,1200.0,100.0,1641647.3667806652,925000.0,716647.3667806652,False,True,585.6995405936965,59.192259821250445,1189.694398610327
0.0,0.0,1,1500.0,200.0,600.0,100.0,1834417.7426404173,930000.0,904417.7426404173,False,True,585.6995405936965,59.192259821250445,1895.6862419302943
200.0,200.0,0,0.0,0.0,900.0,100.0,1518342.3876718115,930000.0,588342.3876718115,False,True,585.6995405936965,59.192259821250445,2076.313871506615
0.0,0.0,0,2500.0,0.0,600.0,150.0,2242839.617640419,932500.0,1310339.6176404187,False,True,585.6995405936965,59.192259821250445,2076.313871506615
0.0,0.0,2,0.0,0.0,1200.0,150.0,1654147.3667806652,937500.0,716647.3667806652,False,True,585.6995405936965,59.192259821250445,1189.694398610327
0.0,0.0,0,1500.0,0.0,1200.0,100.0,2250498.8013138883,940000.0,1310498.8013138883,False,True,585.6995405936965,59.192259821250445,2076.313871506615
0.0,0.0,1,1500.0,200.0,600.0,150.0,1846917.7426404173,942500.0,904417.7426404173,False,True,585.6995405936965,59.192259821250445,1895.6862419302943
200.0,200.0,0,0.0,0.0,900.0,150.0,1530842.3876718115,942500.0,588342.3876718115,False,True,585.6995405936965,59.192259821250445,2076.313871506615
0.0,200.0,1,0.0,0.0,1200.0,100.0,1605156.5179450153,945000.0,660156.5179450155,False,True,585.6995405936965,59.192259821250445,1815.1591224382312
0.0,200.0,0,1500.0,200.0,600.0,100.0,2014638.8881320232,950000.0,1064638.8881320232,False,True,585.6995405936965,59.192259821250445,1944.5941471343615
0.0,0.0,0,1500.0,0.0,1200.0,150.0,2262998.8013138883,952500.0,1310498.8013138883,False,True,585.6995405936965,59.192259821250445,2076.313871506615
200.0,0.0,2,0.0,0.0,600.0,100.0,1282676.8021327376,955000.0,327676.8021327376,False,True,585.6995405936965,59.192259821250445,266.6618445097679
0.0,200.0,1,0.0,0.0,1200.0,150.0,1617656.5179450153,957500.0,660156.5179450155,False,True,585.6995405936965,59.192259821250445,1815.1591224382312
0.0,200.0,0,1500.0,200.0,600.0,150.0,2027138.8881320232,962500.0,1064638.8881320232,False,True,585.6995405936965,59.192259821250445,1944.5941471343615
0.0,0.0,0,1500.0,400.0,900.0,100.0,2275419.2094771536,965000.0,1310419.2094771534,False,True,585.6995405936965,59.192259821250445,1953.0956711229485
0.0,400.0,0,0.0,0.0,1200.0,100.0,1812377.1840339024,965000.0,847377.1840339022,False,True,585.6995405936965,59.192259821250445,2076.313871506615
200.0,0.0,2,0.0,0.0,600.0,150.0,1295176.8021327376,967500.0,327676.8021327376,False,True,585.6995405936965,59.192259821250445,266.6618445097679
0.0,0.0,3,0.0,0.0,900.0,100.0,1678832.7749439306,970000.0,708832.7749439306,False,True,585.6995405936965,59.192259821250445,1189.694398610327
200.0,0.0,0,1500.0,0.0,600.0,100.0,1798857.8490817107,970000.0,828857.8490817107,False,True,585.6995405936965,59.192259821250445,2076.313871506615
200.0,200.0,1,0.0,0.0,600.0,100.0,1245456.9578317495,975000.0,270456.95783174946,False,True,585.6995405936965,59.192259821250445,894.7762779243718
0.0,0.0,0,1500.0,400.0,900.0,150.0,2287919.2094771536,977500.0,1310419.2094771534,False,True,585.6995405936965,59.192259821250445,1953.0956711229485
0.0,400.0,0,0.0,0.0,1200.0,150.0,1824877.1840339024,977500.0,847377.1840339022,False,True,585.6995405936965,59.192259821250445,2076.313871506615
0.0,0.0,3,0.0,0.0,900.0,150.0,1691332.7749439306,982500.0,708832.7749439306,False,True,585.6995405936965,59.192259821250445,1189.694398610327
200.0,0.0,0,1500.0,0.0,600.0,150.0,1811357.8490817107,982500.0,828857.8490817107,False,True,585.6995405936965,59.192259821250445,2076.313871506615
0.0,0.0,1,1500.0,0.0,900.0,100.0,1889497.334477152,985000.0,904497.334477152,False,True,585.6995405936965,59.192259821250445,2076.313871506615
200.0,200.0,1,0.0,0.0,600.0,150.0,1257956.9578317495,987500.0,270456.95783174946,False,True,585.6995405936965,59.192259821250445,894.7762779243718
0.0,200.0,2,0.0,0.0,900.0,100.0,1494802.9601839432,990000.0,504802.96018394316,False,True,585.6995405936965,59.192259821250445,630.6724125908027
200.0,400.0,0,0.0,0.0,600.0,100.0,1467337.317971133,995000.0,472337.317971133,False,True,585.6995405936965,59.192259821250445,2076.313871506615
0.0,0.0,1,1500.0,0.0,900.0,150.0,1901997.334477152,997500.0,904497.334477152,False,True,585.6995405936965,59.192259821250445,2076.313871506615
0.0,0.0,0,2500.0,200.0,600.0,100.0,2310339.617640419,1000000.0,1310339.6176404187,False,True,585.6995405936965,59.192259821250445,1978.4963977462473
0.0,200.0,2,0.0,0.0,900.0,150.0,1507302.9601839432,1002500.0,504802.96018394316,False,True,585.6995405936965,59.192259821250445,630.6724125908027
0.0,200.0,0,1500.0,0.0,900.0,100.0,2069718.4799687578,1005000.0,1064718.4799687578,False,True,585.6995405936965,59.192259821250445,2076.313871506615
200.0,400.0,0,0.0,0.0,600.0,150.0,1479837.317971133,1007500.0,472337.317971133,False,True,585.6995405936965,59.192259821250445,2076.313871506615
0.0,0.0,1,1500.0,400.0,600.0,100.0,1914417.7426404173,1010000.0,904417.7426404173,False,True,585.6995405936965,59.192259821250445,1880.3438389687103
0.0,400.0,1,0.0,0.0,900.0,100.0,1542775.1525305326,1010000.0,532775.1525305326,False,True,585.6995405936965,59.192259821250445,1418.200235193855
0.0,0.0,0,2500.0,200.0,600.0,150.0,2322839.617640419,1012500.0,1310339.6176404187,False,True,585.6995405936965,59.192259821250445,1978.4963977462473
0.0,0.0,4,0.0,0.0,600.0,100.0,1723753.183107196,1015000.0,708753.1831071959,False,True,585.6995405936965,59.192259821250445,1189.694398610327
0.0,200.0,0,1500.0,0.0,900.0,150.0,2082218.4799687578,1017500.0,1064718.4799687578,False,True,585.6995405936965,59.192259821250445,2076.313871506615
0.0,0.0,0,1500.0,200.0,1200.0,100.0,2330498.8013138883,1020000.0,1310498.8013138883,False,True,585.6995405936965,59.192259821250445,2025.3670999252442
0.0,0.0,1,1500.0,400.0,600.0,150.0,1926917.7426404173,1022500.0,904417.7426404173,False,True,585.6995405936965,59.192259821250445,1880.3438389687103
0.0,400.0,1,0.0,0.0,900.0,150.0,1555275.1525305326,1022500.0,532775.1525305326,False,True,585.6995405936965,59.192259821250445,1418.200235193855
0.0,0.0,4,0.0,0.0,600.0,150.0,1736253.183107196,1027500.0,708753.1831071959,False,True,585.6995405936965,59.192259821250445,1189.694398610327
0.0,0.0,2,1500.0,0.0,600.0,100.0,1746488.183107196,1030000.0,716488.1831071959,False,True,585.6995405936965,59.192259821250445,1189.694398610327
0.0,200.0,0,1500.0,400.0,600.0,100.0,2094638.8881320232,1030000.0,1064638.8881320232,False,True,585.6995405936965,59.192259821250445,1912.0146468315484
0.0,600.0,0,0.0,0.0,900.0,100.0,1791145.2498547412,1030000.0,761145.249854741,False,True,585.6995405936965,59.192259821250445,2076.313871506615
400.0,0.0,0,0.0,0.0,900.0,100.0,1437740.5354820243,1030000.0,407740.5354820242,False,True,585.6995405936965,59.192259821250445,2076.313871506615
0.0,0.0,0,1500.0,200.0,1200.0,150.0,2342998.8013138883,1032500.0,1310498.8013138883,False,True,585.6995405936965,59.192259821250445,2025.3670999252442
0.0,200.0,3,0.0,0.0,600.0,100.0,1534163.9139042918,1035000.0,499163.9139042918,False,True,585.6995405936965,59.192259821250445,630.6724125908027
0.0,0.0,2,1500.0,0.0,600.0,150.0,1758988.183107196,1042500.0,716488.1831071959,False,True,585.6995405936965,59.192259821250445,1189.694398610327
0.0,200.0,0,1500.0,400.0,600.0,150.0,2107138.888132023,1042500.0,1064638.8881320232,False,True,585.6995405936965,59.192259821250445,1912.0146468315484
0.0,600.0,0,0.0,0.0,900.0,150.0,1803645.2498547412,1042500.0,761145.249854741,False,True,585.6995405936965,59.192259821250445,2076.313871506615
400.0,0.0,0,0.0,0.0,900.0,150.0,1450240.5354820243,1042500.0,407740.5354820242,False,True,585.6995405936965,59.192259821250445,2076.313871506615
0.0,0.0,0,1500.0,600.0,900.0,100.0,2355419.2094771536,1045000.0,1310419.2094771534,False,True,585.6995405936965,59.192259821250445,1953.0956711229485
200.0,0.0,1,0.0,0.0,1200.0,100.0,1481519.3693612663,1045000.0,436519.36936126626,False,True,585.6995405936965,59.192259821250445,1399.7405429916018
0.0,200.0,3,0.0,0.0,600.0,150.0,1546663.9139042918,1047500.0,499163.9139042918,False,True,585.6995405936965,59.192259821250445,630.6724125908027
0.0,200.0,1,1500.0,0.0,600.0,100.0,1709997.334271546,1050000.0,659997.334271546,False,True,585.6995405936965,59.192259821250445,1815.1591224382312
200.0,0.0,0,1500.0,200.0,600.0,100.0,1878857.8490817107,1050000.0,828857.8490817107,False,True,585.6995405936965,59.192259821250445,1848.9766718585502
0.0,0.0,0,2500.0,0.0,900.0,100.0,2365419.2094771536,1055000.0,1310419.2094771534,False,True,585.6995405936965,59.192259821250445,2076.313871506615
0.0,400.0,2,0.0,0.0,600.0,100.0,1466108.4497062014,1055000.0,411108.4497062013,False,True,585.6995405936965,59.192259821250445,575.7625913699095
0.0,0.0,0,1500.0,600.0,900.0,150.0,2367919.2094771536,1057500.0,1310419.2094771534,False,True,585.6995405936965,59.192259821250445,1953.0956711229485
200.0,0.0,1,0.0,0.0,1200.0,150.0,1494019.3693612663,1057500.0,436519.36936126626,False,True,585.6995405936965,59.192259821250445,1399.7405429916018
0.0,200.0,1,1500.0,0.0,600.0,150.0,1722497.334271546,1062500.0,659997.334271546,False,True,585.6995405936965,59.192259821250445,1815.1591224382312
200.0,0.0,0,1500.0,200.0,600.0,150.0,1891357.8490817107,1062500.0,828857.8490817107,False,True,585.6995405936965,59.192259821250445,1848.9766718585502
0.0,0.0,1,1500.0,200.0,900.0,100.0,1969497.334477152,1065000.0,904497.334477152,False,True,585.6995405936965,59.192259821250445,1895.6862419302943
200.0,200.0,0,0.0,0.0,1200.0,100.0,1653362.2856309952,1065000.0,588362.2856309952,False,True,585.6995405936965,59.192259821250445,2076.313871506615
0.0,0.0,0,2500.0,0.0,900.0,150.0,2377919.2094771536,1067500.0,1310419.2094771534,False,True,585.6995405936965,59.192259821250445,2076.313871506615
0.0,400.0,2,0.0,0.0,600.0,150.0,1478608.4497062014,1067500.0,411108.4497062013,False,True,585.6995405936965,59.192259821250445,575.7625913699095
0.0,400.0,0,1500.0,0.0,600.0,100.0,1917337.3881155348,1070000.0,847337.3881155348,False,True,585.6995405936965,59.192259821250445,2076.313871506615
0.0,600.0,1,0.0,0.0,600.0,100.0,1568481.3781170237,1075000.0,493481.3781170238,False,True,585.6995405936965,59.192259821250445,1308.2284602919071
400.0,0.0,1,0.0,0.0,600.0,100.0,1262305.6760887348,1075000.0,187305.67608873482,False,True,585.6995405936965,59.192259821250445,486.9142318326683
0.0,0.0,1,1500.0,200.0,900.0,150.0,1981997.334477152,1077500.0,904497.334477152,False,True,585.6995405936965,59.192259821250445,1895.6862419302943
200.0,200.0,0,0.0,0.0,1200.0,150.0,1665862.2856309952,1077500.0,588362.2856309952,False,True,585.6995405936965,59.192259821250445,2076.313871506615
0.0,0.0,0,2500.0,400.0,600.0,100.0,2390339.617640419,1080000.0,1310339.6176404187,False,True,585.6995405936965,59.192259821250445,1865.7300662586674
0.0,400.0,0,1500.0,0.0,600.0,150.0,1929837.3881155348,1082500.0,847337.3881155348,False,True,585.6995405936965,59.192259821250445,2076.313871506615
0.0,200.0,0,1500.0,200.0,900.0,100.0,2149718.479968758,1085000.0,1064718.4799687578,False,True,585.6995405936965,59.192259821250445,1944.5941471343615
0.0,600.0,1,0.0,0.0,600.0,150.0,1580981.3781170237,1087500.0,493481.3781170238,False,True,585.6995405936965,59.192259821250445,1308.2284602919071
400.0,0.0,1,0.0,0.0,600.0,150.0,1274805.6760887348,1087500.0,187305.67608873482,False,True,585.6995405936965,59.192259821250445,486.9142318326683
0.0,0.0,1,1500.0,600.0,600.0,100.0,1994417.7426404173,1090000.0,904417.7426404173,False,True,585.6995405936965,59.192259821250445,1880.3438389687103
200.0,0.0,2,0.0,0.0,900.0,100.0,1417756.3939694723,1090000.0,327756.39396947226,False,True,585.6995405936965,59.192259821250445,266.6618445097679
0.0,0.0,0,2500.0,400.0,600.0,150.0,2402839.617640419,1092500.0,1310339.6176404187,False,True,585.6995405936965,59.192259821250445,1865.7300662586674
400.0,200.0,0,0.0,0.0,600.0,100.0,1353702.0054567046,1095000.0,258702.0054567047,False,True,585.6995405936965,59.192259821250445,2076.313871506615
0.0,200.0,0,1500.0,200.0,900.0,150.0,2162218.479968758,1097500.0,1064718.4799687578,False,True,585.6995405936965,59.192259821250445,1944.5941471343615
0.0,0.0,0,1500.0,400.0,1200.0,100.0,2410498.8013138883,1100000.0,1310498.8013138883,False,True,585.6995405936965,59.192259821250445,1953.0956711229485
0.0,0.0,1,2500.0,0.0,600.0,100.0,2004417.7426404173,1100000.0,904417.7426404173,False,True,585.6995405936965,59.192259821250445,2076.313871506615
0.0,0.0,1,1500.0,600.0,600.0,150.0,2006917.7426404173,1102500.0,904417.7426404173,False,True,585.6995405936965,59.192259821250445,1880.3438389687103
200.0,0.0,2,0.0,0.0,900.0,150.0,1430256.3939694723,1102500.0,327756.39396947226,False,True,585.6995405936965,59.192259821250445,266.6618445097679
0.0,0.0,3,0.0,0.0,1200.0,100.0,1813912.3667806652,1105000.0,708912.3667806652,False,True,585.6995405936965,59.192259821250445,1189.694398610327
200.0,0.0,0,1500.0,0.0,900.0,100.0,1933937.4409184451,1105000.0,828937.4409184452,False,True,585.6995405936965,59.192259821250445,2076.313871506615
400.0,200.0,0,0.0,0.0,600.0,150.0,1366202.0054567046,1107500.0,258702.0054567047,False,True,585.6995405936965,59.192259821250445,2076.313871506615
0.0,0.0,2,1500.0,200.0,600.0,100.0,1826488.183107196,1110000.0,716488.1831071959,False,True,585.6995405936965,59.192259821250445,886.0578465384465
0.0,200.0,0,1500.0,600.0,600.0,100.0,2174638.888132023,1110000.0,1064638.8881320232,False,True,585.6995405936965,59.192259821250445,1912.0146468315484
200.0,200.0,1,0.0,0.0,900.0,100.0,1380476.8557909331,1110000.0,270476.8557909331,False,True,585.6995405936965,59.192259821250445,894.7762779243718
0.0,0.0,0,1500.0,400.0,1200.0,150.0,2422998.8013138883,1112500.0,1310498.8013138883,False,True,585.6995405936965,59.192259821250445,1953.0956711229485
0.0,0.0,1,2500.0,0.0,600.0,150.0,2016917.7426404173,1112500.0,904417.7426404173,False,True,585.6995405936965,59.192259821250445,2076.313871506615
0.0,0.0,3,0.0,0.0,1200.0,150.0,1826412.3667806652,1117500.0,708912.3667806652,False,True,585.6995405936965,59.192259821250445,1189.694398610327
200.0,0.0,0,1500.0,0.0,900.0,150.0,1946437.4409184451,1117500.0,828937.4409184452,False,True,585.6995405936965,59.192259821250445,2076.313871506615
0.0,0.0,1,1500.0,0.0,1200.0,100.0,2024576.9263138867,1120000.0,904576.9263138867,False,True,585.6995405936965,59.192259821250445,2076.313871506615
0.0,200.0,0,2500.0,0.0,600.0,100.0,2184638.888132023,1120000.0,1064638.8881320232,False,True,585.6995405936965,59.192259821250445,2076.313871506615
0.0,0.0,2,1500.0,200.0,600.0,150.0,1838988.183107196,1122500.0,716488.1831071959,False,True,585.6995405936965,59.192259821250445,886.0578465384465
0.0,200.0,0,1500.0,600.0,600.0,150.0,2187138.888132023,1122500.0,1064638.8881320232,False,True,585.6995405936965,59.192259821250445,1912.0146468315484
200.0,200.0,1,0.0,0.0,900.0,150.0,1392976.8557909331,1122500.0,270476.8557909331,False,True,585.6995405936965,59.192259821250445,894.7762779243718
0.0,200.0,2,0.0,0.0,1200.0,100.0,1629882.5520206778,1125000.0,504882.55202067783,False,True,585.6995405936965,59.192259821250445,630.6724125908027
0.0,200.0,1,1500.0,200.0,600.0,100.0,1789997.334271546,1130000.0,659997.334271546,False,True,585.6995405936965,59.192259821250445,1550.3503772849933
200.0,0.0,0,1500.0,400.0,600.0,100.0,1958857.8490817107,1130000.0,828857.8490817107,False,True,585.6995405936965,59.192259821250445,1847.2764452299766
200.0,400.0,0,0.0,0.0,900.0,100.0,1602357.2159303166,1130000.0,472357.21593031666,False,True,585.6995405936965,59.192259821250445,2076.313871506615
0.0,0.0,1,1500.0,0.0,1200.0,150.0,2037076.9263138867,1132500.0,904576.9263138867,False,True,585.6995405936965,59.192259821250445,2076.313871506615
0.0,200.0,0,2500.0,0.0,600.0,150.0,2197138.888132023,1132500.0,1064638.8881320232,False,True,585.6995405936965,59.192259821250445,2076.313871506615
0.0,0.0,0,2500.0,200.0,900.0,100.0,2445419.2094771536,1135000.0,1310419.2094771534,False,True,585.6995405936965,59.192259821250445,1978.4963977462473
200.0,0.0,3,0.0,0.0,600.0,100.0,1456491.2487699378,1135000.0,321491.24876993784,False,True,585.6995405936965,59.192259821250445,266.6618445097679
0.0,200.0,2,0.0,0.0,1200.0,150.0,1642382.5520206778,1137500.0,504882.55202067783,False,True,585.6995405936965,59.192259821250445,630.6724125908027
0.0,200.0,0,1500.0,0.0,1200.0,100.0,2204798.0718054925,1140000.0,1064798.0718054925,False,True,585.6995405936965,59.192259821250445,2076.313871506615
0.0,200.0,1,1500.0,200.0,600.0,150.0,1802497.334271546,1142500.0,659997.334271546,False,True,585.6995405936965,59.192259821250445,1550.3503772849933
200.0,0.0,0,1500.0,400.0,600.0,150.0,1971357.8490817107,1142500.0,828857.8490817107,False,True,585.6995405936965,59.192259821250445,1847.2764452299766
200.0,400.0,0,0.0,0.0,900.0,150.0,1614857.2159303166,1142500.0,472357.21593031666,False,True,585.6995405936965,59.192259821250445,2076.313871506615
0.0,0.0,1,1500.0,400.0,900.0,100.0,2049497.334477152,1145000.0,904497.334477152,False,True,585.6995405936965,59.192259821250445,1880.3438389687103
0.0,400.0,1,0.0,0.0,1200.0,100.0,1677795.0504897162,1145000.0,532795.0504897162,False,True,585.6995405936965,59.192259821250445,1418.200235193855
0.0,0.0,0,2500.0,200.0,900.0,150.0,2457919.2094771536,1147500.0,1310419.2094771534,False,True,585.6995405936965,59.192259821250445,1978.4963977462473
200.0,0.0,3,0.0,0.0,600.0,150.0,1468991.2487699378,1147500.0,321491.24876993784,False,True,585.6995405936965,59.192259821250445,266.6618445097679
0.0,0.0,4,0.0,0.0,900.0,100.0,1858832.7749439306,1150000.0,708832.7749439306,False,True,585.6995405936965,59.192259821250445,1189.694398610327
0.0,400.0,0,1500.0,200.0,600.0,100.0,1997337.3881155348,1150000.0,847337.3881155348,False,True,585.6995405936965,59.192259821250445,1208.658883468471
200.0,0.0,1,1500.0,0.0,600.0,100.0,1586360.185687797,1150000.0,436360.1856877969,False,True,585.6995405936965,59.192259821250445,1399.7405429916018
0.0,200.0,0,1500.0,0.0,1200.0,150.0,2217298.0718054925,1152500.0,1064798.0718054925,False,True,585.6995405936965,59.192259821250445,2076.313871506615
200.0,200.0,2,0.0,0.0,600.0,100.0,1357367.691641095,1155000.0,202367.6916410952,False,True,585.6995405936965,59.192259821250445,178.27071712020143
0.0,0.0,1,1500.0,400.0,900.0,150.0,2061997.334477152,1157500.0,904497.334477152,False,True,585.6995405936965,59.192259821250445,1880.3438389687103
0.0,400.0,1,0.0,0.0,1200.0,150.0,1690295.0504897162,1157500.0,532795.0504897162,False,True,585.6995405936965,59.192259821250445,1418.200235193855
0.0,0.0,0,2500.0,600.0,600.0,100.0,2470339.617640419,1160000.0,1310339.6176404187,False,True,585.6995405936965,59.192259821250445,1865.7300662586674
0.0,0.0,4,0.0,0.0,900.0,150.0,1871332.7749439306,1162500.0,708832.7749439306,False,True,585.6995405936965,59.192259821250445,1189.694398610327
0.0,400.0,0,1500.0,200.0,600.0,150.0,2009837.3881155348,1162500.0,847337.3881155348,False,True,585.6995405936965,59.192259821250445,1208.658883468471
200.0,0.0,1,1500.0,0.0,600.0,150.0,1598860.185687797,1162500.0,436360.1856877969,False,True,585.6995405936965,59.192259821250445,1399.7405429916018
0.0,0.0,2,1500.0,0.0,900.0,100.0,1881567.7749439306,1165000.0,716567.7749439306,False,True,585.6995405936965,59.192259821250445,1189.694398610327
0.0,200.0,0,1500.0,400.0,900.0,100.0,2229718.479968758,1165000.0,1064718.4799687578,False,True,585.6995405936965,59.192259821250445,1912.0146468315484
0.0,600.0,0,0.0,0.0,1200.0,100.0,1926165.1478139246,1165000.0,761165.1478139247,False,True,585.6995405936965,59.192259821250445,2076.313871506615
400.0,0.0,0,0.0,0.0,1200.0,100.0,1572760.4334412077,1165000.0,407760.43344120786,False,True,585.6995405936965,59.192259821250445,2076.313871506615
200.0,200.0,2,0.0,0.0,600.0,150.0,1369867.691641095,1167500.0,202367.6916410952,False,True,585.6995405936965,59.192259821250445,178.27071712020143
0.0,0.0,0,3500.0,0.0,600.0,100.0,2480339.617640419,1170000.0,1310339.6176404187,False,True,585.6995405936965,59.192259821250445,2076.313871506615
0.0,200.0,3,0.0,0.0,900.0,100.0,1669243.5057410267,1170000.0,499243.5057410266,False,True,585.6995405936965,59.192259821250445,630.6724125908027
200.0,200.0,0,1500.0,0.0,600.0,100.0,1758322.4897126278,1170000.0,588322.4897126278,False,True,585.6995405936965,59.192259821250445,2076.313871506615
0.0,0.0,0,2500.0,600.0,600.0,150.0,2482839.617640419,1172500.0,1310339.6176404187,False,True,585.6995405936965,59.192259821250445,1865.7300662586674
200.0,400.0,1,0.0,0.0,600.0,100.0,1402532.9236125029,1175000.0,227532.923612503,False,True,585.6995405936965,59.192259821250445,826.0672356405564
0.0,0.0,2,1500.0,0.0,900.0,150.0,1894067.7749439306,1177500.0,716567.7749439306,False,True,585.6995405936965,59.192259821250445,1189.694398610327
0.0,200.0,0,1500.0,400.0,900.0,150.0,2242218.479968758,1177500.0,1064718.4799687578,False,True,585.6995405936965,59.192259821250445,1912.0146468315484
0.0,600.0,0,0.0,0.0,1200.0,150.0,1938665.1478139246,1177500.0,761165.1478139247,False,True,585.6995405936965,59.192259821250445,2076.313871506615
400.0,0.0,0,0.0,0.0,1200.0,150.0,1585260.4334412077,1177500.0,407760.43344120786,False,True,585.6995405936965,59.192259821250445,2076.313871506615
0.0,0.0,0,1500.0,600.0,1200.0,100.0,2490498.8013138883,1180000.0,1310498.8013138883,False,True,585.6995405936965,59.192259821250445,1953.0956711229485
0.0,0.0,1,2500.0,200.0,600.0,100.0,2084417.7426404173,1180000.0,904417.7426404173,False,True,585.6995405936965,59.192259821250445,1745.8238856119874
0.0,0.0,0,3500.0,0.0,600.0,150.0,2492839.617640419,1182500.0,1310339.6176404187,False,True,585.6995405936965,59.192259821250445,2076.313871506615
0.0,200.0,3,0.0,0.0,900.0,150.0,1681743.5057410267,1182500.0,499243.5057410266,False,True,585.6995405936965,59.192259821250445,630.6724125908027
200.0,200.0,0,1500.0,0.0,600.0,150.0,1770822.4897126278,1182500.0,588322.4897126278,False,True,585.6995405936965,59.192259821250445,2076.313871506615
0.0,200.0,1,1500.0,0.0,900.0,100.0,1845076.9261082807,1185000.0,660076.9261082807,False,True,585.6995405936965,59.192259821250445,1815.1591224382312
200.0,0.0,0,1500.0,200.0,900.0,100.0,2013937.4409184451,1185000.0,828937.4409184452,False,True,585.6995405936965,59.192259821250445,1848.9766718585502
200.0,400.0,1,0.0,0.0,600.0,150.0,1415032.9236125029,1187500.0,227532.923612503,False,True,585.6995405936965,59.192259821250445,826.0672356405564
0.0,0.0,0,2500.0,0.0,1200.0,100.0,2500498.8013138883,1190000.0,1310498.8013138883,False,True,585.6995405936965,59.192259821250445,2076.313871506615
0.0,0.0,2,1500.0,400.0,600.0,100.0,1906488.183107196,1190000.0,716488.1831071959,False,True,585.6995405936965,59.192259821250445,880.2785147267587
0.0,400.0,2,0.0,0.0,900.0,100.0,1601128.347665385,1190000.0,411128.34766538505,False,True,585.6995405936965,59.192259821250445,575.7625913699095
0.0,0.0,0,1500.0,600.0,1200.0,150.0,2502998.8013138883,1192500.0,1310498.8013138883,False,True,585.6995405936965,59.192259821250445,1953.0956711229485
0.0,0.0,1,2500.0,200.0,600.0,150.0,2096917.7426404173,1192500.0,904417.7426404173,False,True,585.6995405936965,59.192259821250445,1745.8238856119874
0.0,0.0,5,0.0,0.0,600.0,100.0,1903753.183107196,1195000.0,708753.1831071959,False,True,585.6995405936965,59.192259821250445,1189.694398610327
200.0,600.0,0,0.0,0.0,600.0,100.0,1637602.7943713125,1195000.0,442602.79437131237,False,True,585.6995405936965,59.192259821250445,2076.313871506615
600.0,0.0,0,0.0,0.0,600.0,100.0,1407139.0881761005,1195000.0,212139.08817610046,False,True,585.6995405936965,59.192259821250445,2076.313871506615
0.0,200.0,1,1500.0,0.0,900.0,150.0,1857576.9261082807,1197500.0,660076.9261082807,False,True,585.6995405936965,59.192259821250445,1815.1591224382312
200.0,0.0,0,1500.0,200.0,900.0,150.0,2026437.4409184451,1197500.0,828937.4409184452,False,True,585.6995405936965,59.192259821250445,1848.9766718585502
0.0,0.0,1,1500.0,200.0,1200.0,100.0,2104576.9263138864,1200000.0,904576.9263138867,False,True,585.6995405936965,59.192259821250445,1895.6862419302943
0.0,200.0,0,2500.0,200.0,600.0,100.0,2264638.888132023,1200000.0,1064638.8881320232,False,True,585.6995405936965,59.192259821250445,1855.9860190919858
0.0,0.0,0,2500.0,0.0,1200.0,150.0,2512998.8013138883,1202500.0,1310498.8013138883,False,True,585.6995405936965,59.192259821250445,2076.313871506615
0.0,0.0,2,1500.0,400.0,600.0,150.0,1918988.183107196,1202500.0,716488.1831071959,False,True,585.6995405936965,59.192259821250445,880.2785147267587
0.0,400.0,2,0.0,0.0,900.0,150.0,1613628.347665385,1202500.0,411128.34766538505,False,True,585.6995405936965,59.192259821250445,575.7625913699095
0.0,400.0,0,1500.0,0.0,900.0,100.0,2052357.2860747185,1205000.0,847357.2860747186,False,True,585.6995405936965,59.192259821250445,2076.313871506615
0.0,0.0,5,0.0,0.0,600.0,150.0,1916253.183107196,1207500.0,708753.1831071959,False,True,585.6995405936965,59.192259821250445,1189.694398610327
200.0,600.0,0,0.0,0.0,600.0,150.0,1650102.7943713125,1207500.0,442602.79437131237,False,True,585.6995405936965,59.192259821250445,2076.313871506615
600.0,0.0,0,0.0,0.0,600.0,150.0,1419639.0881761005,1207500.0,212139.08817610046,False,True,585.6995405936965,59.192259821250445,2076.313871506615
0.0,0.0,3,1500.0,0.0,600.0,100.0,1918753.183107196,1210000.0,708753.1831071959,False,True,585.6995405936965,59.192259821250445,1189.694398610327
0.0,200.0,1,1500.0,400.0,600.0,100.0,1869997.334271546,1210000.0,659997.334271546,False,True,585.6995405936965,59.192259821250445,1543.4495073284913
0.0,600.0,1,0.0,0.0,900.0,100.0,1703501.2760762074,1210000.0,493501.27607620746,False,True,585.6995405936965,59.192259821250445,1308.2284602919071
200.0,0.0,0,1500.0,600.0,600.0,100.0,2038857.8490817107,1210000.0,828857.8490817107,False,True,585.6995405936965,59.192259821250445,1847.2764452299766
400.0,0.0,1,0.0,0.0,900.0,100.0,1397325.5740479184,1210000.0,187325.5740479185,False,True,585.6995405936965,59.192259821250445,486.9142318326683
0.0,0.0,1,1500.0,200.0,1200.0,150.0,2117076.9263138864,1212500.0,904576.9263138867,False,True,585.6995405936965,59.192259821250445,1895.6862419302943
0.0,200.0,0,2500.0,200.0,600.0,150.0,2277138.888132023,1212500.0,1064638.8881320232,False,True,585.6995405936965,59.192259821250445,1855.9860190919858
0.0,0.0,0,2500.0,400.0,900.0,100.0,2525419.2094771536,1215000.0,1310419.2094771534,False,True,585.6995405936965,59.192259821250445,1865.7300662586674
0.0,200.0,4,0.0,0.0,600.0,100.0,1714163.9139042918,1215000.0,499163.9139042918,False,True,585.6995405936965,59.192259821250445,630.6724125908027
0.0,400.0,0,1500.0,0.0,900.0,150.0,2064857.2860747185,1217500.0,847357.2860747186,False,True,585.6995405936965,59.192259821250445,2076.313871506615
0.0,200.0,0,1500.0,200.0,1200.0,100.0,2284798.0718054925,1220000.0,1064798.0718054925,False,True,585.6995405936965,59.192259821250445,1944.5941471343615
200.0,0.0,0,2500.0,0.0,600.0,100.0,2048857.8490817107,1220000.0,828857.8490817107,False,True,585.6995405936965,59.192259821250445,2076.313871506615
0.0,0.0,3,1500.0,0.0,600.0,150.0,1931253.183107196,1222500.0,708753.1831071959,False,True,585.6995405936965,59.192259821250445,1189.694398610327
0.0,200.0,1,1500.0,400.0,600.0,150.0,1882497.334271546,1222500.0,659997.334271546,False,True,585.6995405936965,59.192259821250445,1543.4495073284913
0.0,600.0,1,0.0,0.0,900.0,150.0,1716001.2760762074,1222500.0,493501.27607620746,False,True,585.6995405936965,59.192259821250445,1308.2284602919071
200.0,0.0,0,1500.0,600.0,600.0,150.0,2051357.8490817107,1222500.0,828857.8490817107,False,True,585.6995405936965,59.192259821250445,1847.2764452299766
400.0,0.0,1,0.0,0.0,900.0,150.0,1409825.5740479184,1222500.0,187325.5740479185,False,True,585.6995405936965,59.192259821250445,486.9142318326683
0.0,0.0,1,1500.0,600.0,900.0,100.0,2129497.3344771517,1225000.0,904497.334477152,False,True,585.6995405936965,59.192259821250445,1880.3438389687103
200.0,0.0,2,0.0,0.0,1200.0,100.0,1552835.9858062072,1225000.0,327835.98580620706,False,True,585.6995405936965,59.192259821250445,266.6618445097679
0.0,0.0,0,2500.0,400.0,900.0,150.0,2537919.2094771536,1227500.0,1310419.2094771534,False,True,585.6995405936965,59.192259821250445,1865.7300662586674
0.0,200.0,4,0.0,0.0,600.0,150.0,1726663.9139042918,1227500.0,499163.9139042918,False,True,585.6995405936965,59.192259821250445,630.6724125908027
0.0,200.0,2,1500.0,0.0,600.0,100.0,1734723.3683472085,1230000.0,504723.3683472084,False,True,585.6995405936965,59.192259821250445,630.6724125908027
0.0,400.0,0,1500.0,400.0,600.0,100.0,2077337.3881155348,1230000.0,847337.3881155348,False,True,585.6995405936965,59.192259821250445,1017.3877028427497
200.0,0.0,1,1500.0,200.0,600.0,100.0,1666360.185687797,1230000.0,436360.1856877969,False,True,585.6995405936965,59.192259821250445,1056.2356450613192
400.0,200.0,0,0.0,0.0,900.0,100.0,1488721.9034158883,1230000.0,258721.90341588837,False,True,585.6995405936965,59.192259821250445,2076.313871506615
0.0,200.0,0,1500.0,200.0,1200.0,150.0,2297298.0718054925,1232500.0,1064798.0718054925,False,True,585.6995405936965,59.192259821250445,1944.5941471343615
200.0,0.0,0,2500.0,0.0,600.0,150.0,2061357.8490817107,1232500.0,828857.8490817107,False,True,585.6995405936965,59.192259821250445,2076.313871506615
0.0,0.0,1,2500.0,0.0,900.0,100.0,2139497.3344771517,1235000.0,904497.334477152,False,True,585.6995405936965,59.192259821250445,2076.313871506615
0.0,400.0,3,0.0,0.0,600.0,100.0,1641537.7359915674,1235000.0,406537.7359915674,False,True,585.6995405936965,59.192259821250445,575.7625913699095
0.0,0.0,1,1500.0,600.0,900.0,150.0,2141997.3344771517,1237500.0,904497.334477152,False,True,585.6995405936965,59.192259821250445,1880.3438389687103
200.0,0.0,2,0.0,0.0,1200.0,150.0,1565335.9858062072,1237500.0,327835.98580620706,False,True,585.6995405936965,59.192259821250445,266.6618445097679
200.0,0.0,0,1500.0,0.0,1200.0,100.0,2069017.03275518,1240000.0,829017.03275518,False,True,585.6995405936965,59.192259821250445,2076.313871506615
0.0,200.0,2,1500.0,0.0,600.0,150.0,1747223.3683472085,1242500.0,504723.3683472084,False,True,585.6995405936965,59.192259821250445,630.6724125908027
0.0,400.0,0,1500.0,400.0,600.0,150.0,2089837.3881155348,1242500.0,847337.3881155348,False,True,585.6995405936965,59.192259821250445,1017.3877028427497
200.0,0.0,1,1500.0,200.0,600.0,150.0,1678860.185687797,1242500.0,436360.1856877969,False,True,585.6995405936965,59.192259821250445,1056.2356450613192
400.0,200.0,0,0.0,0.0,900.0,150.0,1501221.9034158883,1242500.0,258721.90341588837,False,True,585.6995405936965,59.192259821250445,2076.313871506615
0.0,0.0,2,1500.0,200.0,900.0,100.0,1961567.7749439306,1245000.0,716567.7749439306,False,True,585.6995405936965,59.192259821250445,886.0578465384465
0.0,200.0,0,1500.0,600.0,900.0,100.0,2309718.479968758,1245000.0,1064718.4799687578,False,True,585.6995405936965,59.192259821250445,1912.0146468315484
200.0,200.0,1,0.0,0.0,1200.0,100.0,1515496.7537501168,1245000.0,270496.7537501168,False,True,585.6995405936965,59.192259821250445,894.7762779243718
0.0,0.0,1,2500.0,0.0,900.0,150.0,2151997.3344771517,1247500.0,904497.334477152,False,True,585.6995405936965,59.192259821250445,2076.313871506615
0.0,400.0,3,0.0,0.0,600.0,150.0,1654037.7359915674,1247500.0,406537.7359915674,False,True,585.6995405936965,59.192259821250445,575.7625913699095
0.0,0.0,0,3500.0,200.0,600.0,100.0,2560339.617640419,1250000.0,1310339.6176404187,False,True,585.6995405936965,59.192259821250445,1931.7734907303852
0.0,400.0,1,1500.0,0.0,600.0,100.0,1782755.254571349,1250000.0,532755.2545713489,False,True,585.6995405936965,59.192259821250445,1418.200235193855
200.0,200.0,0,1500.0,200.0,600.0,100.0,1838322.4897126278,1250000.0,588322.4897126278,False,True,585.6995405936965,59.192259821250445,979.6444833217504
200.0,0.0,0,1500.0,0.0,1200.0,150.0,2081517.03275518,1252500.0,829017.03275518,False,True,585.6995405936965,59.192259821250445,2076.313871506615
0.0,200.0,0,2500.0,0.0,900.0,100.0,2319718.479968758,1255000.0,1064718.4799687578,False,True,585.6995405936965,59.192259821250445,2076.313871506615
0.0,600.0,2,0.0,0.0,600.0,100.0,1638175.95730898,1255000.0,383175.95730898,False,True,585.6995405936965,59.192259821250445,573.0166715033324
400.0,0.0,2,0.0,0.0,600.0,100.0,1400381.638590457,1255000.0,145381.63859045692,False,True,585.6995405936965,59.192259821250445,133.07053115867245
0.0,0.0,2,1500.0,200.0,900.0,150.0,1974067.7749439306,1257500.0,716567.7749439306,False,True,585.6995405936965,59.192259821250445,886.0578465384465
0.0,200.0,0,1500.0,600.0,900.0,150.0,2322218.479968758,1257500.0,1064718.4799687578,False,True,585.6995405936965,59.192259821250445,1912.0146468315484
200.0,200.0,1,0.0,0.0,1200.0,150.0,1527996.7537501168,1257500.0,270496.7537501168,False,True,585.6995405936965,59.192259821250445,894.7762779243718
0.0,0.0,1,2500.0,400.0,600.0,100.0,2164417.742640417,1260000.0,904417.7426404173,False,True,585.6995405936965,59.192259821250445,1728.4909932884723
0.0,0.0,0,3500.0,200.0,600.0,150.0,2572839.617640419,1262500.0,1310339.6176404187,False,True,585.6995405936965,59.192259821250445,1931.7734907303852
0.0,400.0,1,1500.0,0.0,600.0,150.0,1795255.254571349,1262500.0,532755.2545713489,False,True,585.6995405936965,59.192259821250445,1418.200235193855
200.0,200.0,0,1500.0,200.0,600.0,150.0,1850822.4897126278,1262500.0,588322.4897126278,False,True,585.6995405936965,59.192259821250445,979.6444833217504
0.0,200.0,1,1500.0,200.0,900.0,100.0,1925076.9261082807,1265000.0,660076.9261082807,False,True,585.6995405936965,59.192259821250445,1550.3503772849933
200.0,0.0,0,1500.0,400.0,900.0,100.0,2093937.4409184451,1265000.0,828937.4409184452,False,True,585.6995405936965,59.192259821250445,1847.2764452299766
200.0,400.0,0,0.0,0.0,1200.0,100.0,1737377.1138895003,1265000.0,472377.1138895003,False,True,585.6995405936965,59.192259821250445,2076.313871506615
0.0,200.0,0,2500.0,0.0,900.0,150.0,2332218.479968758,1267500.0,1064718.4799687578,False,True,585.6995405936965,59.192259821250445,2076.313871506615
0.0,600.0,2,0.0,0.0,600.0,150.0,1650675.95730898,1267500.0,383175.95730898,False,True,585.6995405936965,59.192259821250445,573.0166715033324
400.0,0.0,2,0.0,0.0,600.0,150.0,1412881.638590457,1267500.0,145381.63859045692,False,True,585.6995405936965,59.192259821250445,133.07053115867245
0.0,0.0,0,2500.0,200.0,1200.0,100.0,2580498.8013138883,1270000.0,1310498.8013138883,False,True,585.6995405936965,59.192259821250445,1978.4963977462473
0.0,0.0,2,1500.0,600.0,600.0,100.0,1986488.183107196,1270000.0,716488.1831071959,False,True,585.6995405936965,59.192259821250445,880.2785147267587
0.0,600.0,0,1500.0,0.0,600.0,100.0,2031125.3518955573,1270000.0,761125.3518955574,False,True,585.6995405936965,59.192259821250445,2076.313871506615
200.0,0.0,3,0.0,0.0,900.0,100.0,1591570.8406066727,1270000.0,321570.8406066726,False,True,585.6995405936965,59.192259821250445,266.6618445097679
400.0,0.0,0,1500.0,0.0,600.0,100.0,1677720.6375228404,1270000.0,407720.63752284046,False,True,585.6995405936965,59.192259821250445,2076.313871506615
0.0,0.0,1,2500.0,400.0,600.0,150.0,2176917.742640417,1272500.0,904417.7426404173,False,True,585.6995405936965,59.192259821250445,1728.4909932884723
400.0,200.0,1,0.0,0.0,600.0,100.0,1385132.1412485081,1275000.0,110132.14124850804,False,True,585.6995405936965,59.192259821250445,350.56553980187266
0.0,200.0,1,1500.0,200.0,900.0,150.0,1937576.9261082807,1277500.0,660076.9261082807,False,True,585.6995405936965,59.192259821250445,1550.3503772849933
200.0,0.0,0,1500.0,400.0,900.0,150.0,2106437.440918445,1277500.0,828937.4409184452,False,True,585.6995405936965,59.192259821250445,1847.2764452299766
200.0,400.0,0,0.0,0.0,1200.0,150.0,1749877.1138895003,1277500.0,472377.1138895003,False,True,585.6995405936965,59.192259821250445,2076.313871506615
0.0,0.0,1,1500.0,400.0,1200.0,100.0,2184576.9263138864,1280000.0,904576.9263138867,False,True,585.6995405936965,59.192259821250445,1880.3438389687103
0.0,0.0,2,2500.0,0.0,600.0,100.0,1996488.183107196,1280000.0,716488.1831071959,False,True,585.6995405936965,59.192259821250445,1189.694398610327
0.0,200.0,0,2500.0,400.0,600.0,100.0,2344638.888132023,1280000.0,1064638.8881320232,False,True,585.6995405936965,59.192259821250445,1806.0675957862647
0.0,0.0,0,2500.0,200.0,1200.0,150.0,2592998.8013138883,1282500.0,1310498.8013138883,False,True,585.6995405936965,59.192259821250445,1978.4963977462473
0.0,0.0,2,1500.0,600.0,600.0,150.0,1998988.183107196,1282500.0,716488.1831071959,False,True,585.6995405936965,59.192259821250445,880.2785147267587
0.0,600.0,0,1500.0,0.0,600.0,150.0,2043625.3518955573,1282500.0,761125.3518955574,False,True,585.6995405936965,59.192259821250445,2076.313871506615
200.0,0.0,3,0.0,0.0,900.0,150.0,1604070.8406066727,1282500.0,321570.8406066726,False,True,585.6995405936965,59.192259821250445,266.6618445097679
400.0,0.0,0,1500.0,0.0,600.0,150.0,1690220.6375228404,1282500.0,407720.63752284046,False,True,585.6995405936965,59.192259821250445,2076.313871506615
0.0,0.0,4,0.0,0.0,1200.0,100.0,1993912.3667806652,1285000.0,708912.3667806652,False,True,585.6995405936965,59.192259821250445,1189.694398610327
0.0,400.0,0,1500.0,200.0,900.0,100.0,2132357.2860747185,1285000.0,847357.2860747186,False,True,585.6995405936965,59.192259821250445,1208.658883468471
200.0,0.0,1,1500.0,0.0,900.0,100.0,1721439.7775245316,1285000.0,436439.7775245315,False,True,585.6995405936965,59.192259821250445,1399.7405429916018
400.0,200.0,1,0.0,0.0,600.0,150.0,1397632.1412485081,1287500.0,110132.14124850804,False,True,585.6995405936965,59.192259821250445,350.56553980187266
0.0,0.0,3,1500.0,200.0,600.0,100.0,1998753.183107196,1290000.0,708753.1831071959,False,True,585.6995405936965,59.192259821250445,886.0578465384465
0.0,200.0,1,1500.0,600.0,600.0,100.0,1949997.334271546,1290000.0,659997.334271546,False,True,585.6995405936965,59.192259821250445,1543.4495073284913
200.0,200.0,2,0.0,0.0,900.0,100.0,1492387.589600279,1290000.0,202387.58960027888,False,True,585.6995405936965,59.192259821250445,178.27071712020143
0.0,0.0,1,1500.0,400.0,1200.0,150.0,2197076.9263138864,1292500.0,904576.9263138867,False,True,585.6995405936965,59.192259821250445,1880.3438389687103
0.0,0.0,2,2500.0,0.0,600.0,150.0,2008988.183107196,1292500.0,716488.1831071959,False,True,585.6995405936965,59.192259821250445,1189.694398610327
0.0,200.0,0,2500.0,400.0,600.0,150.0,2357138.888132023,1292500.0,1064638.8881320232,False,True,585.6995405936965,59.192259821250445,1806.0675957862647
0.0,0.0,0,2500.0,600.0,900.0,100.0,2605419.2094771536,1295000.0,1310419.2094771534,False,True,585.6995405936965,59.192259821250445,1865.7300662586674
400.0,400.0,0,0.0,0.0,600.0,100.0,1511372.9716510798,1295000.0,216372.9716510799,False,True,585.6995405936965,59.192259821250445,2076.313871506615
0.0,0.0,4,0.0,0.0,1200.0,150.0,2006412.3667806652,1297500.0,708912.3667806652,False,True,585.6995405936965,59.192259821250445,1189.694398610327
0.0,400.0,0,1500.0,200.0,900.0,150.0,2144857.2860747185,1297500.0,847357.2860747186,False,True,585.6995405936965,59.192259821250445,1208.658883468471
200.0,0.0,1,1500.0,0.0,900.0,150.0,1733939.7775245316,1297500.0,436439.7775245315,False,True,585.6995405936965,59.192259821250445,1399.7405429916018
0.0,0.0,2,1500.0,0.0,1200.0,100.0,2016647.3667806652,1300000.0,716647.3667806652,False,True,585.6995405936965,59.192259821250445,1189.694398610327
0.0,200.0,0,1500.0,400.0,1200.0,100.0,2364798.0718054925,1300000.0,1064798.0718054925,False,True,585.6995405936965,59.192259821250445,1912.0146468315484
0.0,200.0,1,2500.0,0.0,600.0,100.0,1959997.334271546,1300000.0,659997.334271546,False,True,585.6995405936965,59.192259821250445,1815.1591224382312
200.0,0.0,0,2500.0,200.0,600.0,100.0,2128857.849081711,1300000.0,828857.8490817107,False,True,585.6995405936965,59.192259821250445,1684.637862429296
0.0,0.0,3,1500.0,200.0,600.0,150.0,2011253.183107196,1302500.0,708753.1831071959,False,True,585.6995405936965,59.192259821250445,886.0578465384465
0.0,200.0,1,1500.0,600.0,600.0,150.0,1962497.334271546,1302500.0,659997.334271546,False,True,585.6995405936965,59.192259821250445,1543.4495073284913
200.0,200.0,2,0.0,0.0,900.0,150.0,1504887.589600279,1302500.0,202387.58960027888,False,True,585.6995405936965,59.192259821250445,178.27071712020143
0.0,0.0,0,3500.0,0.0,900.0,100.0,2615419.2094771536,1305000.0,1310419.2094771534,False,True,585.6995405936965,59.192259821250445,2076.313871506615
0.0,200.0,3,0.0,0.0,1200.0,100.0,1804323.0975777614,1305000.0,499323.0975777613,False,True,585.6995405936965,59.192259821250445,630.6724125908027
200.0,200.0,0,1500.0,0.0,900.0,100.0,1893342.3876718115,1305000.0,588342.3876718115,False,True,585.6995405936965,59.192259821250445,2076.313871506615
0.0,0.0,0,2500.0,600.0,900.0,150.0,2617919.2094771536,1307500.0,1310419.2094771534,False,True,585.6995405936965,59.192259821250445,1865.7300662586674
400.0,400.0,0,0.0,0.0,600.0,150.0,1523872.9716510798,1307500.0,216372.9716510799,False,True,585.6995405936965,59.192259821250445,2076.313871506615
0.0,200.0,2,1500.0,200.0,600.0,100.0,1814723.3683472085,1310000.0,504723.3683472084,False,True,585.6995405936965,59.192259821250445,317.0882110663333
0.0,400.0,0,1500.0,600.0,600.0,100.0,2157337.3881155346,1310000.0,847337.3881155348,False,True,585.6995405936965,59.192259821250445,1017.3877028427497
200.0,0.0,1,1500.0,400.0,600.0,100.0,1746360.185687797,1310000.0,436360.1856877969,False,True,585.6995405936965,59.192259821250445,1055.1642060159227
200.0,400.0,1,0.0,0.0,900.0,100.0,1537552.8215716868,1310000.0,227552.82157168665,False,True,585.6995405936965,59.192259821250445,826.0672356405564
0.0,0.0,2,1500.0,0.0,1200.0,150.0,2029147.3667806652,1312500.0,716647.3667806652,False,True,585.6995405936965,59.192259821250445,1189.694398610327
0.0,200.0,0,1500.0,400.0,1200.0,150.0,2377298.0718054925,1312500.0,1064798.0718054925,False,True,585.6995405936965,59.192259821250445,1912.0146468315484
0.0,200.0,1,2500.0,0.0,600.0,150.0,1972497.334271546,1312500.0,659997.334271546,False,True,585.6995405936965,59.192259821250445,1815.1591224382312
200.0,0.0,0,2500.0,200.0,600.0,150.0,2141357.849081711,1312500.0,828857.8490817107,False,True,585.6995405936965,59.192259821250445,1684.637862429296
0.0,0.0,1,2500.0,200.0,900.0,100.0,2219497.3344771517,1315000.0,904497.334477152,False,True,585.6995405936965,59.192259821250445,1745.8238856119874
200.0,0.0,4,0.0,0.0,600.0,100.0,1636491.2487699378,1315000.0,321491.24876993784,False,True,585.6995405936965,59.192259821250445,266.6618445097679
0.0,0.0,0,3500.0,0.0,900.0,150.0,2627919.2094771536,1317500.0,1310419.2094771534,False,True,585.6995405936965,59.192259821250445,2076.313871506615
0.0,200.0,3,0.0,0.0,1200.0,150.0,1816823.0975777614,1317500.0,499323.0975777613,False,True,585.6995405936965,59.192259821250445,630.6724125908027
200.0,200.0,0,1500.0,0.0,900.0,150.0,1905842.3876718115,1317500.0,588342.3876718115,False,True,585.6995405936965,59.192259821250445,2076.313871506615
0.0,200.0,1,1500.0,0.0,1200.0,100.0,1980156.5179450153,1320000.0,660156.5179450155,False,True,585.6995405936965,59.192259821250445,1815.1591224382312
0.0,400.0,0,2500.0,0.0,600.0,100.0,2167337.3881155346,1320000.0,847337.3881155348,False,True,585.6995405936965,59.192259821250445,2076.313871506615
200.0,0.0,0,1500.0,200.0,1200.0,100.0,2149017.0327551803,1320000.0,829017.03275518,False,True,585.6995405936965,59.192259821250445,1848.9766718585502
0.0,200.0,2,1500.0,200.0,600.0,150.0,1827223.3683472085,1322500.0,504723.3683472084,False,True,585.6995405936965,59.192259821250445,317.0882110663333
0.0,400.0,0,1500.0,600.0,600.0,150.0,2169837.3881155346,1322500.0,847337.3881155348,False,True,585.6995405936965,59.192259821250445,1017.3877028427497
200.0,0.0,1,1500.0,400.0,600.0,150.0,1758860.185687797,1322500.0,436360.1856877969,False,True,585.6995405936965,59.192259821250445,1055.1642060159227
200.0,400.0,1,0.0,0.0,900.0,150.0,1550052.8215716868,1322500.0,227552.82157168665,False,True,585.6995405936965,59.192259821250445,826.0672356405564
0.0,0.0,2,1500.0,400.0,900.0,100.0,2041567.7749439306,1325000.0,716567.7749439306,False,True,585.6995405936965,59.192259821250445,880.2785147267587
0.0,400.0,2,0.0,0.0,1200.0,100.0,1736148.2456245688,1325000.0,411148.2456245687,False,True,585.6995405936965,59.192259821250445,575.7625913699095
0.0,0.0,1,2500.0,200.0,900.0,150.0,2231997.3344771517,1327500.0,904497.334477152,False,True,585.6995405936965,59.192259821250445,1745.8238856119874
200.0,0.0,4,0.0,0.0,600.0,150.0,1648991.2487699378,1327500.0,321491.24876993784,False,True,585.6995405936965,59.192259821250445,266.6618445097679
0.0,0.0,0,3500.0,400.0,600.0,100.0,2640339.617640419,1330000.0,1310339.6176404187,False,True,585.6995405936965,59.192259821250445,1776.2823415005319
0.0,0.0,5,0.0,0.0,900.0,100.0,2038832.7749439306,1330000.0,708832.7749439306,False,True,585.6995405936965,59.192259821250445,1189.694398610327
0.0,400.0,1,1500.0,200.0,600.0,100.0,1862755.254571349,1330000.0,532755.2545713489,False,True,585.6995405936965,59.192259821250445,456.76257366996276
200.0,0.0,2,1500.0,0.0,600.0,100.0,1657676.8021327376,1330000.0,327676.8021327376,False,True,585.6995405936965,59.192259821250445,266.6618445097679
200.0,200.0,0,1500.0,400.0,600.0,100.0,1918322.4897126278,1330000.0,588322.4897126278,False,True,585.6995405936965,59.192259821250445,970.6823866463737
200.0,600.0,0,0.0,0.0,900.0,100.0,1772622.692330496,1330000.0,442622.69233049604,False,True,585.6995405936965,59.192259821250445,2076.313871506615
600.0,0.0,0,0.0,0.0,900.0,100.0,1542158.9861352842,1330000.0,212158.98613528413,False,True,585.6995405936965,59.192259821250445,2076.313871506615
0.0,200.0,1,1500.0,0.0,1200.0,150.0,1992656.5179450153,1332500.0,660156.5179450155,False,True,585.6995405936965,59.192259821250445,1815.1591224382312
0.0,400.0,0,2500.0,0.0,600.0,150.0,2179837.3881155346,1332500.0,847337.3881155348,False,True,585.6995405936965,59.192259821250445,2076.313871506615
200.0,0.0,0,1500.0,200.0,1200.0,150.0,2161517.0327551803,1332500.0,829017.03275518,False,True,585.6995405936965,59.192259821250445,1848.9766718585502
0.0,200.0,0,2500.0,200.0,900.0,100.0,2399718.479968758,1335000.0,1064718.4799687578,False,True,585.6995405936965,59.192259821250445,1855.9860190919858
200.0,200.0,3,0.0,0.0,600.0,100.0,1533862.9188798051,1335000.0,198862.9188798052,False,True,585.6995405936965,59.192259821250445,178.27071712020143
0.0,0.0,2,1500.0,400.0,900.0,150.0,2054067.7749439306,1337500.0,716567.7749439306,False,True,585.6995405936965,59.192259821250445,880.2785147267587
0.0,400.0,2,0.0,0.0,1200.0,150.0,1748648.2456245688,1337500.0,411148.2456245687,False,True,585.6995405936965,59.192259821250445,575.7625913699095
0.0,0.0,1,2500.0,600.0,600.0,100.0,2244417.742640417,1340000.0,904417.7426404173,False,True,585.6995405936965,59.192259821250445,1728.4909932884723
0.0,400.0,0,1500.0,0.0,1200.0,100.0,2187377.1840339024,1340000.0,847377.1840339022,False,True,585.6995405936965,59.192259821250445,2076.313871506615
0.0,0.0,0,3500.0,400.0,600.0,150.0,2652839.617640419,1342500.0,1310339.6176404187,False,True,585.6995405936965,59.192259821250445,1776.2823415005319
0.0,0.0,5,0.0,0.0,900.0,150.0,2051332.7749439306,1342500.0,708832.7749439306,False,True,585.6995405936965,59.192259821250445,1189.694398610327
0.0,400.0,1,1500.0,200.0,600.0,150.0,1875255.254571349,1342500.0,532755.2545713489,False,True,585.6995405936965,59.192259821250445,456.76257366996276
200.0,0.0,2,1500.0,0.0,600.0,150.0,1670176.8021327376,1342500.0,327676.8021327376,False,True,585.6995405936965,59.192259821250445,266.6618445097679
200.0,200.0,0,1500.0,400.0,600.0,150.0,1930822.4897126278,1342500.0,588322.4897126278,False,True,585.6995405936965,59.192259821250445,970.6823866463737
200.0,600.0,0,0.0,0.0,900.0,150.0,1785122.692330496,1342500.0,442622.69233049604,False,True,585.6995405936965,59.192259821250445,2076.313871506615
600.0,0.0,0,0.0,0.0,900.0,150.0,1554658.9861352842,1342500.0,212158.98613528413,False,True,585.6995405936965,59.192259821250445,2076.313871506615
0.0,0.0,3,1500.0,0.0,900.0,100.0,2053832.7749439306,1345000.0,708832.7749439306,False,True,585.6995405936965,59.192259821250445,1189.694398610327
0.0,200.0,1,1500.0,400.0,900.0,100.0,2005076.9261082807,1345000.0,660076.9261082807,False,True,585.6995405936965,59.192259821250445,1543.4495073284913
0.0,600.0,1,0.0,0.0,1200.0,100.0,1838521.1740353913,1345000.0,493521.1740353912,False,True,585.6995405936965,59.192259821250445,1308.2284602919071
200.0,0.0,0,1500.0,600.0,900.0,100.0,2173937.440918445,1345000.0,828937.4409184452,False,True,585.6995405936965,59.192259821250445,1847.2764452299766
400.0,0.0,1,0.0,0.0,1200.0,100.0,1532345.472007102,1345000.0,187345.47200710216,False,True,585.6995405936965,59.192259821250445,486.9142318326683
0.0,200.0,0,2500.0,200.0,900.0,150.0,2412218.479968758,1347500.0,1064718.4799687578,False,True,585.6995405936965,59.192259821250445,1855.9860190919858
200.0,200.0,3,0.0,0.0,600.0,150.0,1546362.9188798051,1347500.0,198862.9188798052,False,True,585.6995405936965,59.192259821250445,178.27071712020143
0.0,0.0,0,2500.0,400.0,1200.0,100.0,2660498.8013138883,1350000.0,1310498.8013138883,False,True,585.6995405936965,59.192259821250445,1865.7300662586674
0.0,0.0,1,3500.0,0.0,600.0,100.0,2254417.742640417,1350000.0,904417.7426404173,False,True,585.6995405936965,59.192259821250445,2076.313871506615
0.0,200.0,4,0.0,0.0,900.0,100.0,1849243.5057410267,1350000.0,499243.5057410266,False,True,585.6995405936965,59.192259821250445,630.6724125908027
0.0,600.0,0,1500.0,200.0,600.0,100.0,2111125.3518955573,1350000.0,761125.3518955574,False,True,585.6995405936965,59.192259821250445,1051.9495113236337
200.0,200.0,1,1500.0,0.0,600.0,100.0,1620456.9578317495,1350000.0,270456.95783174946,False,True,585.6995405936965,59.192259821250445,894.7762779243718
400.0,0.0,0,1500.0,200.0,600.0,100.0,1757720.6375228404,1350000.0,407720.63752284046,False,True,585.6995405936965,59.192259821250445,634.8711789970941
0.0,0.0,1,2500.0,600.0,600.0,150.0,2256917.742640417,1352500.0,904417.7426404173,False,True,585.6995405936965,59.192259821250445,1728.4909932884723
0.0,400.0,0,1500.0,0.0,1200.0,150.0,2199877.1840339024,1352500.0,847377.1840339022,False,True,585.6995405936965,59.192259821250445,2076.313871506615
200.0,0.0,0,2500.0,0.0,900.0,100.0,2183937.440918445,1355000.0,828937.4409184452,False,True,585.6995405936965,59.192259821250445,2076.313871506615
200.0,400.0,2,0.0,0.0,600.0,100.0,1526477.1213748257,1355000.0,171477.12137482569,False,True,585.6995405936965,59.192259821250445,174.32568998756835
0.0,0.0,3,1500.0,0.0,900.0,150.0,2066332.7749439306,1357500.0,708832.7749439306,False,True,585.6995405936965,59.192259821250445,1189.694398610327
0.0,200.0,1,1500.0,400.0,900.0,150.0,2017576.9261082807,1357500.0,660076.9261082807,False,True,585.6995405936965,59.192259821250445,1543.4495073284913
0.0,600.0,1,0.0,0.0,1200.0,150.0,1851021.1740353913,1357500.0,493521.1740353912,False,True,585.6995405936965,59.192259821250445,1308.2284602919071
200.0,0.0,0,1500.0,600.0,900.0,150.0,2186437.440918445,1357500.0,828937.4409184452,False,True,585.6995405936965,59.192259821250445,1847.2764452299766
400.0,0.0,1,0.0,0.0,1200.0,150.0,1544845.472007102,1357500.0,187345.47200710216,False,True,585.6995405936965,59.192259821250445,486.9142318326683
0.0,0.0,1,1500.0,600.0,1200.0,100.0,2264576.9263138864,1360000.0,904576.9263138867,False,True,585.6995405936965,59.192259821250445,1880.3438389687103
0.0,0.0,2,2500.0,200.0,600.0,100.0,2076488.183107196,1360000.0,716488.1831071959,False,True,585.6995405936965,59.192259821250445,659.8041600828567
0.0,200.0,0,2500.0,600.0,600.0,100.0,2424638.888132023,1360000.0,1064638.8881320232,False,True,585.6995405936965,59.192259821250445,1806.0675957862647
0.0,0.0,0,2500.0,400.0,1200.0,150.0,2672998.8013138883,1362500.0,1310498.8013138883,False,True,585.6995405936965,59.192259821250445,1865.7300662586674
0.0,0.0,1,3500.0,0.0,600.0,150.0,2266917.742640417,1362500.0,904417.7426404173,False,True,585.6995405936965,59.192259821250445,2076.313871506615
0.0,200.0,4,0.0,0.0,900.0,150.0,1861743.5057410267,1362500.0,499243.5057410266,False,True,585.6995405936965,59.192259821250445,630.6724125908027
0.0,600.0,0,1500.0,200.0,600.0,150.0,2123625.3518955573,1362500.0,761125.3518955574,False,True,585.6995405936965,59.192259821250445,1051.9495113236337
200.0,200.0,1,1500.0,0.0,600.0,150.0,1632956.9578317495,1362500.0,270456.95783174946,False,True,585.6995405936965,59.192259821250445,894.7762779243718
400.0,0.0,0,1500.0,200.0,600.0,150.0,1770220.6375228404,1362500.0,407720.63752284046,False,True,585.6995405936965,59.192259821250445,634.8711789970941
0.0,200.0,2,1500.0,0.0,900.0,100.0,1869802.9601839432,1365000.0,504802.96018394316,False,True,585.6995405936965,59.192259821250445,630.6724125908027
0.0,400.0,0,1500.0,400.0,900.0,100.0,2212357.2860747185,1365000.0,847357.2860747186,False,True,585.6995405936965,59.192259821250445,1017.3877028427497
200.0,0.0,1,1500.0,200.0,900.0,100.0,1801439.7775245316,1365000.0,436439.7775245315,False,True,585.6995405936965,59.192259821250445,1056.2356450613192
400.0,200.0,0,0.0,0.0,1200.0,100.0,1623741.801375072,1365000.0,258741.80137507207,False,True,585.6995405936965,59.192259821250445,2076.313871506615
200.0,0.0,0,2500.0,0.0,900.0,150.0,2196437.440918445,1367500.0,828937.4409184452,False,True,585.6995405936965,59.192259821250445,2076.313871506615
200.0,400.0,2,0.0,0.0,600.0,150.0,1538977.1213748257,1367500.0,171477.12137482569,False,True,585.6995405936965,59.192259821250445,174.32568998756835
0.0,0.0,1,2500.0,0.0,1200.0,100.0,2274576.9263138864,1370000.0,904576.9263138867,False,True,585.6995405936965,59.192259821250445,2076.313871506615
0.0,0.0,3,1500.0,400.0,600.0,100.0,2078753.183107196,1370000.0,708753.1831071959,False,True,585.6995405936965,59.192259821250445,880.2785147267587
0.0,200.0,0,3500.0,0.0,600.0,100.0,2434638.888132023,1370000.0,1064638.8881320232,False,True,585.6995405936965,59.192259821250445,2076.313871506615
0.0,400.0,3,0.0,0.0,900.0,100.0,1776557.633950751,1370000.0,406557.63395075104,False,True,585.6995405936965,59.192259821250445,575.7625913699095
200.0,400.0,0,1500.0,0.0,600.0,100.0,1842337.317971133,1370000.0,472337.317971133,False,True,585.6995405936965,59.192259821250445,2076.313871506615
0.0,0.0,1,1500.0,600.0,1200.0,150.0,2277076.9263138864,1372500.0,904576.9263138867,False,True,585.6995405936965,59.192259821250445,1880.3438389687103
0.0,0.0,2,2500.0,200.0,600.0,150.0,2088988.183107196,1372500.0,716488.1831071959,False,True,585.6995405936965,59.192259821250445,659.8041600828567
0.0,200.0,0,2500.0,600.0,600.0,150.0,2437138.888132023,1372500.0,1064638.8881320232,False,True,585.6995405936965,59.192259821250445,1806.0675957862647
0.0,0.0,6,0.0,0.0,600.0,100.0,2083753.183107196,1375000.0,708753.1831071959,False,True,585.6995405936965,59.192259821250445,1189.694398610327
200.0,600.0,1,0.0,0.0,600.0,100.0,1592521.0939254349,1375000.0,217521.09392543486,False,True,585.6995405936965,59.192259821250445,810.6281258323335
600.0,0.0,1,0.0,0.0,600.0,100.0,1474032.6602378425,1375000.0,99032.66023784256,False,True,585.6995405936965,59.192259821250445,310.6759773696418
0.0,200.0,2,1500.0,0.0,900.0,150.0,1882302.9601839432,1377500.0,504802.96018394316,False,True,585.6995405936965,59.192259821250445,630.6724125908027
0.0,400.0,0,1500.0,400.0,900.0,150.0,2224857.2860747185,1377500.0,847357.2860747186,False,True,585.6995405936965,59.192259821250445,1017.3877028427497
200.0,0.0,1,1500.0,200.0,900.0,150.0,1813939.7775245316,1377500.0,436439.7775245315,False,True,585.6995405936965,59.192259821250445,1056.2356450613192
400.0,200.0,0,0.0,0.0,1200.0,150.0,1636241.801375072,1377500.0,258741.80137507207,False,True,585.6995405936965,59.192259821250445,2076.313871506615
0.0,0.0,2,1500.0,200.0,1200.0,100.0,2096647.3667806652,1380000.0,716647.3667806652,False,True,585.6995405936965,59.192259821250445,886.0578465384465
0.0,200.0,0,1500.0,600.0,1200.0,100.0,2444798.0718054925,1380000.0,1064798.0718054925,False,True,585.6995405936965,59.192259821250445,1912.0146468315484
0.0,200.0,1,2500.0,200.0,600.0,100.0,2039997.334271546,1380000.0,659997.334271546,False,True,585.6995405936965,59.192259821250445,1382.4627201178596
200.0,0.0,0,2500.0,400.0,600.0,100.0,2208857.849081711,1380000.0,828857.8490817107,False,True,585.6995405936965,59.192259821250445,1681.093225187325
0.0,0.0,1,2500.0,0.0,1200.0,150.0,2287076.9263138864,1382500.0,904576.9263138867,False,True,585.6995405936965,59.192259821250445,2076.313871506615
0.0,0.0,3,1500.0,400.0,600.0,150.0,2091253.183107196,1382500.0,708753.1831071959,False,True,585.6995405936965,59.192259821250445,880.2785147267587
0.0,200.0,0,3500.0,0.0,600.0,150.0,2447138.888132023,1382500.0,1064638.8881320232,False,True,585.6995405936965,59.192259821250445,2076.313871506615
0.0,400.0,3,0.0,0.0,900.0,150.0,1789057.633950751,1382500.0,406557.63395075104,False,True,585.6995405936965,59.192259821250445,575.7625913699095
200.0,400.0,0,1500.0,0.0,600.0,150.0,1854837.317971133,1382500.0,472337.317971133,False,True,585.6995405936965,59.192259821250445,2076.313871506615
0.0,0.0,0,3500.0,200.0,900.0,100.0,2695419.2094771536,1385000.0,1310419.2094771534,False,True,585.6995405936965,59.192259821250445,1931.7734907303852
0.0,400.0,1,1500.0,0.0,900.0,100.0,1917775.1525305326,1385000.0,532775.1525305326,False,True,585.6995405936965,59.192259821250445,1418.200235193855
200.0,200.0,0,1500.0,200.0,900.0,100.0,1973342.3876718115,1385000.0,588342.3876718115,False,True,585.6995405936965,59.192259821250445,986.2933759017981
0.0,0.0,6,0.0,0.0,600.0,150.0,2096253.183107196,1387500.0,708753.1831071959,False,True,585.6995405936965,59.192259821250445,1189.694398610327
200.0,600.0,1,0.0,0.0,600.0,150.0,1605021.0939254349,1387500.0,217521.09392543486,False,True,585.6995405936965,59.192259821250445,810.6281258323335
600.0,0.0,1,0.0,0.0,600.0,150.0,1486532.6602378425,1387500.0,99032.66023784256,False,True,585.6995405936965,59.192259821250445,310.6759773696418
0.0,0.0,4,1500.0,0.0,600.0,100.0,2098753.183107196,1390000.0,708753.1831071959,False,True,585.6995405936965,59.192259821250445,1189.694398610327
0.0,200.0,0,2500.0,0.0,1200.0,100.0,2454798.0718054925,1390000.0,1064798.0718054925,False,True,585.6995405936965,59.192259821250445,2076.313871506615
0.0,200.0,2,1500.0,400.0,600.0,100.0,1894723.3683472085,1390000.0,504723.3683472084,False,True,585.6995405936965,59.192259821250445,313.8544619169638
0.0,600.0,2,0.0,0.0,900.0,100.0,1773195.8552681636,1390000.0,383195.85526816366,False,True,585.6995405936965,59.192259821250445,573.0166715033324
200.0,0.0,1,1500.0,600.0,600.0,100.0,1826360.185687797,1390000.0,436360.1856877969,False,True,585.6995405936965,59.192259821250445,1055.1642060159227
400.0,0.0,2,0.0,0.0,900.0,100.0,1535401.5365496406,1390000.0,145401.5365496406,False,True,585.6995405936965,59.192259821250445,133.07053115867245
0.0,0.0,2,1500.0,200.0,1200.0,150.0,2109147.3667806652,1392500.0,716647.3667806652,False,True,585.6995405936965,59.192259821250445,886.0578465384465
0.0,200.0,0,1500.0,600.0,1200.0,150.0,2457298.0718054925,1392500.0,1064798.0718054925,False,True,585.6995405936965,59.192259821250445,1912.0146468315484
0.0,200.0,1,2500.0,200.0,600.0,150.0,2052497.334271546,1392500.0,659997.334271546,False,True,585.6995405936965,59.192259821250445,1382.4627201178596
200.0,0.0,0,2500.0,400.0,600.0,150.0,2221357.849081711,1392500.0,828857.8490817107,False,True,585.6995405936965,59.192259821250445,1681.093225187325
0.0,0.0,1,2500.0,400.0,900.0,100.0,2299497.3344771517,1395000.0,904497.334477152,False,True,585.6995405936965,59.192259821250445,1728.4909932884723
0.0,200.0,5,0.0,0.0,600.0,100.0,1894163.9139042918,1395000.0,499163.9139042918,False,True,585.6995405936965,59.192259821250445,630.6724125908027
600.0,200.0,0,0.0,0.0,600.0,100.0,1527155.3607189606,1395000.0,132155.36071896055,False,True,585.6995405936965,59.192259821250445,2076.313871506615
0.0,0.0,0,3500.0,200.0,900.0,150.0,2707919.2094771536,1397500.0,1310419.2094771534,False,True,585.6995405936965,59.192259821250445,1931.7734907303852
0.0,400.0,1,1500.0,0.0,900.0,150.0,1930275.1525305326,1397500.0,532775.1525305326,False,True,585.6995405936965,59.192259821250445,1418.200235193855
200.0,200.0,0,1500.0,200.0,900.0,150.0,1985842.3876718115,1397500.0,588342.3876718115,False,True,585.6995405936965,59.192259821250445,986.2933759017981
0.0,200.0,1,1500.0,200.0,1200.0,100.0,2060156.5179450153,1400000.0,660156.5179450155,False,True,585.6995405936965,59.192259821250445,1550.3503772849933
0.0,400.0,0,2500.0,200.0,600.0,100.0,2247337.3881155346,1400000.0,847337.3881155348,False,True,585.6995405936965,59.192259821250445,1016.9500391940073
200.0,0.0,0,1500.0,400.0,1200.0,100.0,2229017.0327551803,1400000.0,829017.03275518,False,True,585.6995405936965,59.192259821250445,1847.2764452299766
200.0,0.0,1,2500.0,0.0,600.0,100.0,1836360.185687797,1400000.0,436360.1856877969,False,True,585.6995405936965,59.192259821250445,1399.7405429916018
0.0,0.0,4,1500.0,0.0,600.0,150.0,2111253.183107196,1402500.0,708753.1831071959,False,True,585.6995405936965,59.192259821250445,1189.694398610327
0.0,200.0,0,2500.0,0.0,1200.0,150.0,2467298.0718054925,1402500.0,1064798.0718054925,False,True,585.6995405936965,59.192259821250445,2076.313871506615
0.0,200.0,2,1500.0,400.0,600.0,150.0,1907223.3683472085,1402500.0,504723.3683472084,False,True,585.6995405936965,59.192259821250445,313.8544619169638
0.0,600.0,2,0.0,0.0,900.0,150.0,1785695.8552681636,1402500.0,383195.85526816366,False,True,585.6995405936965,59.192259821250445,573.0166715033324
200.0,0.0,1,1500.0,600.0,600.0,150.0,1838860.185687797,1402500.0,436360.1856877969,False,True,585.6995405936965,59.192259821250445,1055.1642060159227
400.0,0.0,2,0.0,0.0,900.0,150.0,1547901.5365496406,1402500.0,145401.5365496406,False,True,585.6995405936965,59.192259821250445,133.07053115867245
0.0,0.0,2,1500.0,600.0,900.0,100.0,2121567.7749439306,1405000.0,716567.7749439306,False,True,585.6995405936965,59.192259821250445,880.2785147267587
0.0,600.0,0,1500.0,0.0,900.0,100.0,2166145.249854741,1405000.0,761145.249854741,False,True,585.6995405936965,59.192259821250445,2076.313871506615
200.0,0.0,3,0.0,0.0,1200.0,100.0,1726650.4324434074,1405000.0,321650.43244340725,False,True,585.6995405936965,59.192259821250445,266.6618445097679
400.0,0.0,0,1500.0,0.0,900.0,100.0,1812740.5354820243,1405000.0,407740.5354820242,False,True,585.6995405936965,59.192259821250445,2076.313871506615
0.0,0.0,1,2500.0,400.0,900.0,150.0,2311997.3344771517,1407500.0,904497.334477152,False,True,585.6995405936965,59.192259821250445,1728.4909932884723
0.0,200.0,5,0.0,0.0,600.0,150.0,1906663.9139042918,1407500.0,499163.9139042918,False,True,585.6995405936965,59.192259821250445,630.6724125908027
600.0,200.0,0,0.0,0.0,600.0,150.0,1539655.3607189606,1407500.0,132155.36071896055,False,True,585.6995405936965,59.192259821250445,2076.313871506615
0.0,0.0,0,3500.0,600.0,600.0,100.0,2720339.617640419,1410000.0,1310339.6176404187,False,True,585.6995405936965,59.192259821250445,1776.2823415005319
0.0,200.0,3,1500.0,0.0,600.0,100.0,1909163.9139042918,1410000.0,499163.9139042918,False,True,585.6995405936965,59.192259821250445,630.6724125908027
0.0,400.0,1,1500.0,400.0,600.0,100.0,1942755.254571349,1410000.0,532755.2545713489,False,True,585.6995405936965,59.192259821250445,429.6921155124479
200.0,0.0,2,1500.0,200.0,600.0,100.0,1737676.8021327376,1410000.0,327676.8021327376,True,True,585.6995405936965,59.192259821250445,47.13839406595409
200.0,200.0,0,1500.0,600.0,600.0,100.0,1998322.4897126278,1410000.0,588322.4897126278,False,True,585.6995405936965,59.192259821250445,970.6823866463737
400.0,200.0,1,0.0,0.0,900.0,100.0,1520152.0392076918,1410000.0,110152.0392076917,False,True,585.6995405936965,59.192259821250445,350.56553980187266
0.0,200.0,1,1500.0,200.0,1200.0,150.0,2072656.5179450153,1412500.0,660156.5179450155,False,True,585.6995405936965,59.192259821250445,1550.3503772849933
0.0,400.0,0,2500.0,200.0,600.0,150.0,2259837.3881155346,1412500.0,847337.3881155348,False,True,585.6995405936965,59.192259821250445,1016.9500391940073
200.0,0.0,0,1500.0,400.0,1200.0,150.0,2241517.0327551803,1412500.0,829017.03275518,False,True,585.6995405936965,59.192259821250445,1847.2764452299766
200.0,0.0,1,2500.0,0.0,600.0,150.0,1848860.185687797,1412500.0,436360.1856877969,False,True,585.6995405936965,59.192259821250445,1399.7405429916018
0.0,0.0,2,2500.0,0.0,900.0,100.0,2131567.7749439306,1415000.0,716567.7749439306,False,True,585.6995405936965,59.192259821250445,1189.694398610327
0.0,200.0,0,2500.0,400.0,900.0,100.0,2479718.479968758,1415000.0,1064718.4799687578,False,True,585.6995405936965,59.192259821250445,1806.0675957862647
0.0,400.0,4,0.0,0.0,600.0,100.0,1821537.7359915674,1415000.0,406537.7359915674,False,True,585.6995405936965,59.192259821250445,575.7625913699095
0.0,0.0,2,1500.0,600.0,900.0,150.0,2134067.7749439306,1417500.0,716567.7749439306,False,True,585.6995405936965,59.192259821250445,880.2785147267587
0.0,600.0,0,1500.0,0.0,900.0,150.0,2178645.249854741,1417500.0,761145.249854741,False,True,585.6995405936965,59.192259821250445,2076.313871506615
200.0,0.0,3,0.0,0.0,1200.0,150.0,1739150.4324434074,1417500.0,321650.43244340725,False,True,585.6995405936965,59.192259821250445,266.6618445097679
400.0,0.0,0,1500.0,0.0,900.0,150.0,1825240.5354820243,1417500.0,407740.5354820242,False,True,585.6995405936965,59.192259821250445,2076.313871506615
0.0,400.0,0,1500.0,200.0,1200.0,100.0,2267377.1840339024,1420000.0,847377.1840339022,False,True,585.6995405936965,59.192259821250445,1208.658883468471
200.0,0.0,1,1500.0,0.0,1200.0,100.0,1856519.3693612663,1420000.0,436519.36936126626,False,True,585.6995405936965,59.192259821250445,1399.7405429916018
200.0,200.0,0,2500.0,0.0,600.0,100.0,2008322.4897126278,1420000.0,588322.4897126278,False,True,585.6995405936965,59.192259821250445,2076.313871506615
0.0,0.0,0,3500.0,600.0,600.0,150.0,2732839.617640419,1422500.0,1310339.6176404187,False,True,585.6995405936965,59.192259821250445,1776.2823415005319
0.0,200.0,3,1500.0,0.0,600.0,150.0,1921663.9139042918,1422500.0,499163.9139042918,False,True,585.6995405936965,59.192259821250445,630.6724125908027
0.0,400.0,1,1500.0,400.0,600.0,150.0,1955255.254571349,1422500.0,532755.2545713489,False,True,585.6995405936965,59.192259821250445,429.6921155124479
200.0,0.0,2,1500.0,200.0,600.0,150.0,1750176.8021327376,1422500.0,327676.8021327376,True,True,585.6995405936965,59.192259821250445,47.13839406595409
200.0,200.0,0,1500.0,600.0,600.0,150.0,2010822.4897126278,1422500.0,588322.4897126278,False,True,585.6995405936965,59.192259821250445,970.6823866463737
400.0,200.0,1,0.0,0.0,900.0,150.0,1532652.0392076918,1422500.0,110152.0392076917,False,True,585.6995405936965,59.192259821250445,350.56553980187266
0.0,0.0,3,1500.0,200.0,900.0,100.0,2133832.7749439306,1425000.0,708832.7749439306,False,True,585.6995405936965,59.192259821250445,886.0578465384465
0.0,200.0,1,1500.0,600.0,900.0,100.0,2085076.9261082807,1425000.0,660076.9261082807,False,True,585.6995405936965,59.192259821250445,1543.4495073284913
200.0,200.0,2,0.0,0.0,1200.0,100.0,1627407.4875594624,1425000.0,202407.48755946255,False,True,585.6995405936965,59.192259821250445,178.27071712020143
0.0,0.0,2,2500.0,0.0,900.0,150.0,2144067.7749439306,1427500.0,716567.7749439306,False,True,585.6995405936965,59.192259821250445,1189.694398610327
0.0,200.0,0,2500.0,400.0,900.0,150.0,2492218.479968758,1427500.0,1064718.4799687578,False,True,585.6995405936965,59.192259821250445,1806.0675957862647
0.0,400.0,4,0.0,0.0,600.0,150.0,1834037.7359915674,1427500.0,406537.7359915674,False,True,585.6995405936965,59.192259821250445,575.7625913699095
0.0,0.0,0,2500.0,600.0,1200.0,100.0,2740498.8013138883,1430000.0,1310498.8013138883,False,True,585.6995405936965,59.192259821250445,1865.7300662586674
0.0,0.0,1,3500.0,200.0,600.0,100.0,2334417.742640417,1430000.0,904417.7426404173,False,True,585.6995405936965,59.192259821250445,1591.4299599499625
0.0,400.0,2,1500.0,0.0,600.0,100.0,1841108.4497062014,1430000.0,411108.4497062013,False,True,585.6995405936965,59.192259821250445,575.7625913699095
0.0,600.0,0,1500.0,400.0,600.0,100.0,2191125.3518955573,1430000.0,761125.3518955574,False,True,585.6995405936965,59.192259821250445,811.138453524077
200.0,200.0,1,1500.0,200.0,600.0,100.0,1700456.9578317495,1430000.0,270456.95783174946,True,True,585.6995405936965,59.192259821250445,128.95364214917967
400.0,0.0,0,1500.0,400.0,600.0,100.0,1837720.6375228404,1430000.0,407720.63752284046,False,True,585.6995405936965,59.192259821250445,619.4651073804534
400.0,400.0,0,0.0,0.0,900.0,100.0,1646392.8696102635,1430000.0,216392.86961026356,False,True,585.6995405936965,59.192259821250445,2076.313871506615
0.0,400.0,0,1500.0,200.0,1200.0,150.0,2279877.1840339024,1432500.0,847377.1840339022,False,True,585.6995405936965,59.192259821250445,1208.658883468471
200.0,0.0,1,1500.0,0.0,1200.0,150.0,1869019.3693612663,1432500.0,436519.36936126626,False,True,585.6995405936965,59.192259821250445,1399.7405429916018
200.0,200.0,0,2500.0,0.0,600.0,150.0,2020822.4897126278,1432500.0,588322.4897126278,False,True,585.6995405936965,59.192259821250445,2076.313871506615
0.0,200.0,1,2500.0,0.0,900.0,100.0,2095076.9261082807,1435000.0,660076.9261082807,False,True,585.6995405936965,59.192259821250445,1815.1591224382312
0.0,600.0,3,0.0,0.0,600.0,100.0,1813889.722674221,1435000.0,378889.72267422103,False,True,585.6995405936965,59.192259821250445,573.0166715033324
200.0,0.0,0,2500.0,200.0,900.0,100.0,2263937.440918445,1435000.0,828937.4409184452,False,True,585.6995405936965,59.192259821250445,1684.637862429296
400.0,0.0,3,0.0,0.0,600.0,100.0,1577331.6828717156,1435000.0,142331.68287171566,False,True,585.6995405936965,59.192259821250445,133.07053115867245
0.0,0.0,3,1500.0,200.0,900.0,150.0,2146332.7749439306,1437500.0,708832.7749439306,False,True,585.6995405936965,59.192259821250445,886.0578465384465
0.0,200.0,1,1500.0,600.0,900.0,150.0,2097576.9261082807,1437500.0,660076.9261082807,False,True,585.6995405936965,59.192259821250445,1543.4495073284913
200.0,200.0,2,0.0,0.0,1200.0,150.0,1639907.4875594624,1437500.0,202407.48755946255,False,True,585.6995405936965,59.192259821250445,178.27071712020143
0.0,0.0,0,3500.0,0.0,1200.0,100.0,2750498.8013138883,1440000.0,1310498.8013138883,False,True,585.6995405936965,59.192259821250445,2076.313871506615
0.0,0.0,2,2500.0,400.0,600.0,100.0,2156488.183107196,1440000.0,716488.1831071959,False,True,585.6995405936965,59.192259821250445,651.6581585848899
200.0,200.0,0,1500.0,0.0,1200.0,100.0,2028362.2856309952,1440000.0,588362.2856309952,False,True,585.6995405936965,59.192259821250445,2076.313871506615
0.0,0.0,0,2500.0,600.0,1200.0,150.0,2752998.8013138883,1442500.0,1310498.8013138883,False,True,585.6995405936965,59.192259821250445,1865.7300662586674
0.0,0.0,1,3500.0,200.0,600.0,150.0,2346917.742640417,1442500.0,904417.7426404173,False,True,585.6995405936965,59.192259821250445,1591.4299599499625
0.0,400.0,2,1500.0,0.0,600.0,150.0,1853608.4497062014,1442500.0,411108.4497062013,False,True,585.6995405936965,59.192259821250445,575.7625913699095
0.0,600.0,0,1500.0,400.0,600.0,150.0,2203625.3518955573,1442500.0,761125.3518955574,False,True,585.6995405936965,59.192259821250445,811.138453524077
200.0,200.0,1,1500.0,200.0,600.0,150.0,1712956.9578317495,1442500.0,270456.95783174946,True,True,585.6995405936965,59.192259821250445,128.95364214917967
400.0,0.0,0,1500.0,400.0,600.0,150.0,1850220.6375228404,1442500.0,407720.63752284046,False,True,585.6995405936965,59.192259821250445,619.4651073804534
400.0,400.0,0,0.0,0.0,900.0,150.0,1658892.8696102635,1442500.0,216392.86961026356,False,True,585.6995405936965,59.192259821250445,2076.313871506615
0.0,200.0,2,1500.0,200.0,900.0,100.0,1949802.9601839432,1445000.0,504802.96018394316,False,True,585.6995405936965,59.192259821250445,317.0882110663333
0.0,400.0,0,1500.0,600.0,900.0,100.0,2292357.2860747185,1445000.0,847357.2860747186,False,True,585.6995405936965,59.192259821250445,1017.3877028427497
200.0,0.0,1,1500.0,400.0,900.0,100.0,1881439.7775245316,1445000.0,436439.7775245315,False,True,585.6995405936965,59.192259821250445,1055.1642060159227
200.0,400.0,1,0.0,0.0,1200.0,100.0,1672572.7195308702,1445000.0,227572.71953087032,False,True,585.6995405936965,59.192259821250445,826.0672356405564
0.0,200.0,1,2500.0,0.0,900.0,150.0,2107576.9261082807,1447500.0,660076.9261082807,False,True,585.6995405936965,59.192259821250445,1815.1591224382312
0.0,600.0,3,0.0,0.0,600.0,150.0,1826389.722674221,1447500.0,378889.72267422103,False,True,585.6995405936965,59.192259821250445,573.0166715033324
200.0,0.0,0,2500.0,200.0,900.0,150.0,2276437.440918445,1447500.0,828937.4409184452,False,True,585.6995405936965,59.192259821250445,1684.637862429296
400.0,0.0,3,0.0,0.0,600.0,150.0,1589831.6828717156,1447500.0,142331.68287171566,False,True,585.6995405936965,59.192259821250445,133.07053115867245
0.0,0.0,1,2500.0,200.0,1200.0,100.0,2354576.9263138864,1450000.0,904576.9263138867,False,True,585.6995405936965,59.192259821250445,1745.8238856119874
0.0,0.0,3,1500.0,600.0,600.0,100.0,2158753.183107196,1450000.0,708753.1831071959,False,True,585.6995405936965,59.192259821250445,880.2785147267587
0.0,200.0,0,3500.0,200.0,600.0,100.0,2514638.888132023,1450000.0,1064638.8881320232,False,True,585.6995405936965,59.192259821250445,1769.3783448255813
0.0,600.0,1,1500.0,0.0,600.0,100.0,1943481.3781170237,1450000.0,493481.3781170238,False,True,585.6995405936965,59.192259821250445,1308.2284602919071
200.0,0.0,4,0.0,0.0,900.0,100.0,1771570.8406066727,1450000.0,321570.8406066726,False,True,585.6995405936965,59.192259821250445,266.6618445097679
200.0,400.0,0,1500.0,200.0,600.0,100.0,1922337.317971133,1450000.0,472337.317971133,False,True,585.6995405936965,59.192259821250445,550.3735955856105
400.0,0.0,1,1500.0,0.0,600.0,100.0,1637305.6760887348,1450000.0,187305.67608873482,False,True,585.6995405936965,59.192259821250445,486.9142318326683
0.0,0.0,0,3500.0,0.0,1200.0,150.0,2762998.8013138883,1452500.0,1310498.8013138883,False,True,585.6995405936965,59.192259821250445,2076.313871506615
0.0,0.0,2,2500.0,400.0,600.0,150.0,2168988.183107196,1452500.0,716488.1831071959,False,True,585.6995405936965,59.192259821250445,651.6581585848899
200.0,200.0,0,1500.0,0.0,1200.0,150.0,2040862.2856309952,1452500.0,588362.2856309952,False,True,585.6995405936965,59.192259821250445,2076.313871506615
0.0,400.0,0,2500.0,0.0,900.0,100.0,2302357.2860747185,1455000.0,847357.2860747186,False,True,585.6995405936965,59.192259821250445,2076.313871506615
400.0,200.0,2,0.0,0.0,600.0,100.0,1541813.513701181,1455000.0,86813.51370118101,False,True,585.6995405936965,59.192259821250445,106.29518040292189
0.0,200.0,2,1500.0,200.0,900.0,150.0,1962302.9601839432,1457500.0,504802.96018394316,False,True,585.6995405936965,59.192259821250445,317.0882110663333
0.0,400.0,0,1500.0,600.0,900.0,150.0,2304857.2860747185,1457500.0,847357.2860747186,False,True,585.6995405936965,59.192259821250445,1017.3877028427497
200.0,0.0,1,1500.0,400.0,900.0,150.0,1893939.7775245316,1457500.0,436439.7775245315,False,True,585.6995405936965,59.192259821250445,1055.1642060159227
200.0,400.0,1,0.0,0.0,1200.0,150.0,1685072.7195308702,1457500.0,227572.71953087032,False,True,585.6995405936965,59.192259821250445,826.0672356405564
0.0,0.0,2,1500.0,400.0,1200.0,100.0,2176647.3667806652,1460000.0,716647.3667806652,False,True,585.6995405936965,59.192259821250445,880.2785147267587
0.0,0.0,3,2500.0,0.0,600.0,100.0,2168753.183107196,1460000.0,708753.1831071959,False,True,585.6995405936965,59.192259821250445,1189.694398610327
0.0,200.0,1,2500.0,400.0,600.0,100.0,2119997.334271546,1460000.0,659997.334271546,False,True,585.6995405936965,59.192259821250445,1376.614830451074
200.0,0.0,0,2500.0,600.0,600.0,100.0,2288857.849081711,1460000.0,828857.8490817107,False,True,585.6995405936965,59.192259821250445,1681.093225187325
0.0,0.0,1,2500.0,200.0,1200.0,150.0,2367076.9263138864,1462500.0,904576.9263138867,False,True,585.6995405936965,59.192259821250445,1745.8238856119874
0.0,0.0,3,1500.0,600.0,600.0,150.0,2171253.183107196,1462500.0,708753.1831071959,False,True,585.6995405936965,59.192259821250445,880.2785147267587
0.0,200.0,0,3500.0,200.0,600.0,150.0,2527138.888132023,1462500.0,1064638.8881320232,False,True,585.6995405936965,59.192259821250445,1769.3783448255813
0.0,600.0,1,1500.0,0.0,600.0,150.0,1955981.3781170237,1462500.0,493481.3781170238,False,True,585.6995405936965,59.192259821250445,1308.2284602919071
200.0,0.0,4,0.0,0.0,900.0,150.0,1784070.8406066727,1462500.0,321570.8406066726,False,True,585.6995405936965,59.192259821250445,266.6618445097679
200.0,400.0,0,1500.0,200.0,600.0,150.0,1934837.317971133,1462500.0,472337.317971133,False,True,585.6995405936965,59.192259821250445,550.3735955856105
400.0,0.0,1,1500.0,0.0,600.0,150.0,1649805.6760887348,1462500.0,187305.67608873482,False,True,585.6995405936965,59.192259821250445,486.9142318326683
0.0,0.0,0,3500.0,400.0,900.0,100.0,2775419.2094771536,1465000.0,1310419.2094771534,False,True,585.6995405936965,59.192259821250445,1776.2823415005319
0.0,0.0,5,0.0,0.0,1200.0,100.0,2173912.3667806652,1465000.0,708912.3667806652,False,True,585.6995405936965,59.192259821250445,1189.694398610327
0.0,400.0,1,1500.0,200.0,900.0,100.0,1997775.1525305326,1465000.0,532775.1525305326,False,True,585.6995405936965,59.192259821250445,456.76257366996276
200.0,0.0,2,1500.0,0.0,900.0,100.0,1792756.3939694723,1465000.0,327756.39396947226,False,True,585.6995405936965,59.192259821250445,266.6618445097679
200.0,200.0,0,1500.0,400.0,900.0,100.0,2053342.3876718115,1465000.0,588342.3876718115,False,True,585.6995405936965,59.192259821250445,977.8711342648511
200.0,600.0,0,0.0,0.0,1200.0,100.0,1907642.5902896798,1465000.0,442642.5902896797,False,True,585.6995405936965,59.192259821250445,2076.313871506615
600.0,0.0,0,0.0,0.0,1200.0,100.0,1677174.9878662704,1465000.0,212174.98786627047,False,True,585.6995405936965,59.192259821250445,2076.313871506615
0.0,400.0,0,2500.0,0.0,900.0,150.0,2314857.2860747185,1467500.0,847357.2860747186,False,True,585.6995405936965,59.192259821250445,2076.313871506615
400.0,200.0,2,0.0,0.0,600.0,150.0,1554313.513701181,1467500.0,86813.51370118101,False,True,585.6995405936965,59.192259821250445,106.29518040292189
0.0,0.0,4,1500.0,200.0,600.0,100.0,2178753.183107196,1470000.0,708753.1831071959,False,True,585.6995405936965,59.192259821250445,886.0578465384465
0.0,200.0,0,2500.0,200.0,1200.0,100.0,2534798.0718054925,1470000.0,1064798.0718054925,False,True,585.6995405936965,59.192259821250445,1855.9860190919858
0.0,200.0,2,1500.0,600.0,600.0,100.0,1974723.3683472085,1470000.0,504723.3683472084,False,True,585.6995405936965,59.192259821250445,313.8544619169638
200.0,0.0,0,3500.0,0.0,600.0,100.0,2298857.849081711,1470000.0,828857.8490817107,False,True,585.6995405936965,59.192259821250445,2076.313871506615
200.0,200.0,3,0.0,0.0,900.0,100.0,1668882.8168389888,1470000.0,198882.81683898886,False,True,585.6995405936965,59.192259821250445,178.27071712020143
400.0,200.0,0,1500.0,0.0,600.0,100.0,1728702.0054567046,1470000.0,258702.0054567047,False,True,585.6995405936965,59.192259821250445,2076.313871506615
0.0,0.0,2,1500.0,400.0,1200.0,150.0,2189147.3667806652,1472500.0,716647.3667806652,False,True,585.6995405936965,59.192259821250445,880.2785147267587
0.0,0.0,3,2500.0,0.0,600.0,150.0,2181253.183107196,1472500.0,708753.1831071959,False,True,585.6995405936965,59.192259821250445,1189.694398610327
0.0,200.0,1,2500.0,400.0,600.0,150.0,2132497.334271546,1472500.0,659997.334271546,False,True,585.6995405936965,59.192259821250445,1376.614830451074
200.0,0.0,0,2500.0,600.0,600.0,150.0,2301357.849081711,1472500.0,828857.8490817107,False,True,585.6995405936965,59.192259821250445,1681.093225187325
0.0,0.0,1,2500.0,600.0,900.0,100.0,2379497.3344771517,1475000.0,904497.334477152,False,True,585.6995405936965,59.192259821250445,1728.4909932884723
400.0,400.0,1,0.0,0.0,600.0,100.0,1570800.2311128664,1475000.0,95800.23111286653,False,True,585.6995405936965,59.192259821250445,333.5561681445984
0.0,0.0,0,3500.0,400.0,900.0,150.0,2787919.2094771536,1477500.0,1310419.2094771534,False,True,585.6995405936965,59.192259821250445,1776.2823415005319
0.0,0.0,5,0.0,0.0,1200.0,150.0,2186412.3667806652,1477500.0,708912.3667806652,False,True,585.6995405936965,59.192259821250445,1189.694398610327
0.0,400.0,1,1500.0,200.0,900.0,150.0,2010275.1525305326,1477500.0,532775.1525305326,False,True,585.6995405936965,59.192259821250445,456.76257366996276
200.0,0.0,2,1500.0,0.0,900.0,150.0,1805256.3939694723,1477500.0,327756.39396947226,False,True,585.6995405936965,59.192259821250445,266.6618445097679
200.0,200.0,0,1500.0,400.0,900.0,150.0,2065842.3876718115,1477500.0,588342.3876718115,False,True,585.6995405936965,59.192259821250445,977.8711342648511
200.0,600.0,0,0.0,0.0,1200.0,150.0,1920142.5902896798,1477500.0,442642.5902896797,False,True,585.6995405936965,59.192259821250445,2076.313871506615
600.0,0.0,0,0.0,0.0,1200.0,150.0,1689678.8840944679,1477500.0,212178.8840944678,False,True,585.6995405936965,59.192259821250445,2076.313871506615
0.0,0.0,3,1500.0,0.0,1200.0,100.0,2188912.3667806652,1480000.0,708912.3667806652,False,True,585.6995405936965,59.192259821250445,1189.694398610327
0.0,200.0,1,1500.0,400.0,1200.0,100.0,2140156.5179450153,1480000.0,660156.5179450155,False,True,585.6995405936965,59.192259821250445,1543.4495073284913
0.0,200.0,2,2500.0,0.0,600.0,100.0,1984723.3683472085,1480000.0,504723.3683472084,False,True,585.6995405936965,59.192259821250445,630.6724125908027
0.0,400.0,0,2500.0,400.0,600.0,100.0,2327337.3881155346,1480000.0,847337.3881155348,False,True,585.6995405936965,59.192259821250445,740.7013488973696
200.0,0.0,0,1500.0,600.0,1200.0,100.0,2309017.0327551803,1480000.0,829017.03275518,False,True,585.6995405936965,59.192259821250445,1847.2764452299766
200.0,0.0,1,2500.0,200.0,600.0,100.0,1916360.185687797,1480000.0,436360.1856877969,False,True,585.6995405936965,59.192259821250445,816.0134564553746
0.0,0.0,4,1500.0,200.0,600.0,150.0,2191253.183107196,1482500.0,708753.1831071959,False,True,585.6995405936965,59.192259821250445,886.0578465384465
0.0,200.0,0,2500.0,200.0,1200.0,150.0,2547298.0718054925,1482500.0,1064798.0718054925,False,True,585.6995405936965,59.192259821250445,1855.9860190919858
0.0,200.0,2,1500.0,600.0,600.0,150.0,1987223.3683472085,1482500.0,504723.3683472084,False,True,585.6995405936965,59.192259821250445,313.8544619169638
200.0,0.0,0,3500.0,0.0,600.0,150.0,2311357.849081711,1482500.0,828857.8490817107,False,True,585.6995405936965,59.192259821250445,2076.313871506615
200.0,200.0,3,0.0,0.0,900.0,150.0,1681382.8168389888,1482500.0,198882.81683898886,False,True,585.6995405936965,59.192259821250445,178.27071712020143
400.0,200.0,0,1500.0,0.0,600.0,150.0,1741202.0054567046,1482500.0,258702.0054567047,False,True,585.6995405936965,59.192259821250445,2076.313871506615
0.0,0.0,1,3500.0,0.0,900.0,100.0,2389497.3344771517,1485000.0,904497.334477152,False,True,585.6995405936965,59.192259821250445,2076.313871506615
0.0,200.0,4,0.0,0.0,1200.0,100.0,1984323.0975777614,1485000.0,499323.0975777613,False,True,585.6995405936965,59.192259821250445,630.6724125908027
0.0,600.0,0,1500.0,200.0,900.0,100.0,2246145.249854741,1485000.0,761145.249854741,False,True,585.6995405936965,59.192259821250445,1051.9495113236337
200.0,200.0,1,1500.0,0.0,900.0,100.0,1755476.8557909331,1485000.0,270476.8557909331,False,True,585.6995405936965,59.192259821250445,894.7762779243718
400.0,0.0,0,1500.0,200.0,900.0,100.0,1892740.5354820243,1485000.0,407740.5354820242,False,True,585.6995405936965,59.192259821250445,640.646510157912
0.0,0.0,1,2500.0,600.0,900.0,150.0,2391997.3344771517,1487500.0,904497.334477152,False,True,585.6995405936965,59.192259821250445,1728.4909932884723
400.0,400.0,1,0.0,0.0,600.0,150.0,1583300.2311128664,1487500.0,95800.23111286653,False,True,585.6995405936965,59.192259821250445,333.5561681445984
0.0,200.0,3,1500.0,200.0,600.0,100.0,1989163.9139042918,1490000.0,499163.9139042918,False,True,585.6995405936965,59.192259821250445,317.0882110663333
0.0,400.0,1,1500.0,600.0,600.0,100.0,2022755.254571349,1490000.0,532755.2545713489,False,True,585.6995405936965,59.192259821250445,429.6921155124479
200.0,0.0,0,2500.0,0.0,1200.0,100.0,2319017.0327551803,1490000.0,829017.03275518,False,True,585.6995405936965,59.192259821250445,2076.313871506615
200.0,0.0,2,1500.0,400.0,600.0,100.0,1817676.8021327376,1490000.0,327676.8021327376,True,True,585.6995405936965,59.192259821250445,42.46676644426594
200.0,400.0,2,0.0,0.0,900.0,100.0,1661497.0193340094,1490000.0,171497.01933400935,False,True,585.6995405936965,59.192259821250445,174.32568998756835
0.0,0.0,3,1500.0,0.0,1200.0,150.0,2201412.3667806652,1492500.0,708912.3667806652,False,True,585.6995405936965,59.192259821250445,1189.694398610327
0.0,200.0,1,1500.0,400.0,1200.0,150.0,2152656.5179450153,1492500.0,660156.5179450155,False,True,585.6995405936965,59.192259821250445,1543.4495073284913
0.0,200.0,2,2500.0,0.0,600.0,150.0,1997223.3683472085,1492500.0,504723.3683472084,False,True,585.6995405936965,59.192259821250445,630.6724125908027
0.0,400.0,0,2500.0,400.0,600.0,150.0,2339837.3881155346,1492500.0,847337.3881155348,False,True,585.6995405936965,59.192259821250445,740.7013488973696
200.0,0.0,0,1500.0,600.0,1200.0,150.0,2321517.0327551803,1492500.0,829017.03275518,False,True,585.6995405936965,59.192259821250445,1847.2764452299766
200.0,0.0,1,2500.0,200.0,600.0,150.0,1928860.185687797,1492500.0,436360.1856877969,False,True,585.6995405936965,59.192259821250445,816.0134564553746
0.0,0.0,2,2500.0,200.0,900.0,100.0,2211567.7749439306,1495000.0,716567.7749439306,False,True,585.6995405936965,59.192259821250445,659.8041600828567
0.0,200.0,0,2500.0,600.0,900.0,100.0,2559718.479968758,1495000.0,1064718.4799687578,False,True,585.6995405936965,59.192259821250445,1806.0675957862647
200.0,0.0,5,0.0,0.0,600.0,100.0,1816491.2487699378,1495000.0,321491.24876993784,False,True,585.6995405936965,59.192259821250445,266.6618445097679
400.0,600.0,0,0.0,0.0,600.0,100.0,1700904.6751464729,1495000.0,205904.67514647287,False,True,585.6995405936965,59.192259821250445,2076.313871506615
0.0,0.0,1,3500.0,0.0,900.0,150.0,2401997.3344771517,1497500.0,904497.334477152,False,True,585.6995405936965,59.192259821250445,2076.313871506615
0.0,200.0,4,0.0,0.0,1200.0,150.0,1996823.0975777614,1497500.0,499323.0975777613,False,True,585.6995405936965,59.192259821250445,630.6724125908027
0.0,600.0,0,1500.0,200.0,900.0,150.0,2258645.249854741,1497500.0,761145.249854741,False,True,585.6995405936965,59.192259821250445,1051.9495113236337
200.0,200.0,1,1500.0,0.0,900.0,150.0,1767976.8557909331,1497500.0,270476.8557909331,False,True,585.6995405936965,59.192259821250445,894.7762779243718
400.0,0.0,0,1500.0,200.0,900.0,150.0,1905240.5354820243,1497500.0,407740.5354820242,False,True,585.6995405936965,59.192259821250445,642.8621362366388
0.0,200.0,2,1500.0,0.0,1200.0,100.0,2004882.5520206778,1500000.0,504882.55202067783,False,True,585.6995405936965,59.192259821250445,630.6724125908027
0.0,400.0,0,1500.0,400.0,1200.0,100.0,2347377.1840339024,1500000.0,847377.1840339022,False,True,585.6995405936965,59.192259821250445,1017.3877028427497
0.0,400.0,1,2500.0,0.0,600.0,100.0,2032755.254571349,1500000.0,532755.2545713489,False,True,585.6995405936965,59.192259821250445,1418.200235193855
200.0,0.0,1,1500.0,200.0,1200.0,100.0,1936519.3693612663,1500000.0,436519.36936126626,False,True,585.6995405936965,59.192259821250445,1056.2356450613192
200.0,200.0,0,2500.0,200.0,600.0,100.0,2088322.4897126278,1500000.0,588322.4897126278,False,True,585.6995405936965,59.192259821250445,700.8962608483864
0.0,200.0,3,1500.0,200.0,600.0,150.0,2001663.9139042918,1502500.0,499163.9139042918,False,True,585.6995405936965,59.192259821250445,317.0882110663333
0.0,400.0,1,1500.0,600.0,600.0,150.0,2035255.254571349,1502500.0,532755.2545713489,False,True,585.6995405936965,59.192259821250445,429.6921155124479
200.0,0.0,0,2500.0,0.0,1200.0,150.0,2331517.0327551803,1502500.0,829017.03275518,False,True,585.6995405936965,59.192259821250445,2076.313871506615
200.0,0.0,2,1500.0,400.0,600.0,150.0,1830176.8021327376,1502500.0,327676.8021327376,True,True,585.6995405936965,59.192259821250445,42.46676644426594
200.0,400.0,2,0.0,0.0,900.0,150.0,1673997.0193340094,1502500.0,171497.01933400935,False,True,585.6995405936965,59.192259821250445,174.32568998756835
0.0,0.0,3,1500.0,400.0,900.0,100.0,2213832.7749439306,1505000.0,708832.7749439306,False,True,585.6995405936965,59.192259821250445,880.2785147267587
0.0,200.0,0,3500.0,0.0,900.0,100.0,2569718.479968758,1505000.0,1064718.4799687578,False,True,585.6995405936965,59.192259821250445,2076.313871506615
0.0,400.0,3,0.0,0.0,1200.0,100.0,1911577.5319099347,1505000.0,406577.5319099347,False,True,585.6995405936965,59.192259821250445,575.7625913699095
200.0,400.0,0,1500.0,0.0,900.0,100.0,1977357.2159303166,1505000.0,472357.21593031666,False,True,585.6995405936965,59.192259821250445,2076.313871506615
0.0,0.0,2,2500.0,200.0,900.0,150.0,2224067.7749439306,1507500.0,716567.7749439306,False,True,585.6995405936965,59.192259821250445,659.8041600828567
0.0,200.0,0,2500.0,600.0,900.0,150.0,2572218.479968758,1507500.0,1064718.4799687578,False,True,585.6995405936965,59.192259821250445,1806.0675957862647
200.0,0.0,5,0.0,0.0,600.0,150.0,1828991.2487699378,1507500.0,321491.24876993784,False,True,585.6995405936965,59.192259821250445,266.6618445097679
400.0,600.0,0,0.0,0.0,600.0,150.0,1713404.6751464729,1507500.0,205904.67514647287,False,True,585.6995405936965,59.192259821250445,2076.313871506615
0.0,0.0,1,3500.0,400.0,600.0,100.0,2414417.742640417,1510000.0,904417.7426404173,False,True,585.6995405936965,59.192259821250445,1571.7296271333694
0.0,0.0,6,0.0,0.0,900.0,100.0,2218832.7749439306,1510000.0,708832.7749439306,False,True,585.6995405936965,59.192259821250445,1189.694398610327
0.0,400.0,2,1500.0,200.0,600.0,100.0,1921108.4497062014,1510000.0,411108.4497062013,True,True,585.6995405936965,59.192259821250445,22.306810097728025
0.0,600.0,0,1500.0,600.0,600.0,100.0,2271125.3518955573,1510000.0,761125.3518955574,False,True,585.6995405936965,59.192259821250445,811.138453524077
200.0,0.0,3,1500.0,0.0,600.0,100.0,1831491.2487699378,1510000.0,321491.24876993784,False,True,585.6995405936965,59.192259821250445,266.6618445097679
200.0,200.0,1,1500.0,400.0,600.0,100.0,1780456.9578317495,1510000.0,270456.95783174946,True,True,585.6995405936965,59.192259821250445,127.15082160646016
200.0,600.0,1,0.0,0.0,900.0,100.0,1727540.9918846185,1510000.0,217540.99188461853,False,True,585.6995405936965,59.192259821250445,810.6281258323335
400.0,0.0,0,1500.0,600.0,600.0,100.0,1917720.6375228404,1510000.0,407720.63752284046,False,True,585.6995405936965,59.192259821250445,619.4651073804534
600.0,0.0,1,0.0,0.0,900.0,100.0,1609052.5581970261,1510000.0,99052.55819702623,False,True,585.6995405936965,59.192259821250445,310.6759773696418
0.0,200.0,2,1500.0,0.0,1200.0,150.0,2017382.5520206778,1512500.0,504882.55202067783,False,True,585.6995405936965,59.192259821250445,630.6724125908027
0.0,400.0,0,1500.0,400.0,1200.0,150.0,2359877.1840339024,1512500.0,847377.1840339022,False,True,585.6995405936965,59.192259821250445,1017.3877028427497
0.0,400.0,1,2500.0,0.0,600.0,150.0,2045255.254571349,1512500.0,532755.2545713489,False,True,585.6995405936965,59.192259821250445,1418.200235193855
200.0,0.0,1,1500.0,200.0,1200.0,150.0,1949019.3693612663,1512500.0,436519.36936126626,False,True,585.6995405936965,59.192259821250445,1056.2356450613192
200.0,200.0,0,2500.0,200.0,600.0,150.0,2100822.4897126276,1512500.0,588322.4897126278,False,True,585.6995405936965,59.192259821250445,700.8962608483864
0.0,200.0,1,2500.0,200.0,900.0,100.0,2175076.9261082807,1515000.0,660076.9261082807,False,True,585.6995405936965,59.192259821250445,1382.4627201178596
200.0,0.0,0,2500.0,400.0,900.0,100.0,2343937.440918445,1515000.0,828937.4409184452,False,True,585.6995405936965,59.192259821250445,1681.093225187325
200.0,200.0,4,0.0,0.0,600.0,100.0,1713862.9188798051,1515000.0,198862.9188798052,False,True,585.6995405936965,59.192259821250445,178.27071712020143
0.0,0.0,3,1500.0,400.0,900.0,150.0,2226332.7749439306,1517500.0,708832.7749439306,False,True,585.6995405936965,59.192259821250445,880.2785147267587
0.0,200.0,0,3500.0,0.0,900.0,150.0,2582218.479968758,1517500.0,1064718.4799687578,False,True,585.6995405936965,59.192259821250445,2076.313871506615
0.0,400.0,3,0.0,0.0,1200.0,150.0,1924077.5319099347,1517500.0,406577.5319099347,False,True,585.6995405936965,59.192259821250445,575.7625913699095
200.0,400.0,0,1500.0,0.0,900.0,150.0,1989857.2159303166,1517500.0,472357.21593031666,False,True,585.6995405936965,59.192259821250445,2076.313871506615
0.0,0.0,0,3500.0,200.0,1200.0,100.0,2830498.8013138883,1520000.0,1310498.8013138883,False,True,585.6995405936965,59.192259821250445,1931.7734907303852
0.0,0.0,2,2500.0,600.0,600.0,100.0,2236488.183107196,1520000.0,716488.1831071959,False,True,585.6995405936965,59.192259821250445,651.6581585848899
0.0,400.0,1,1500.0,0.0,1200.0,100.0,2052795.0504897162,1520000.0,532795.0504897162,False,True,585.6995405936965,59.192259821250445,1418.200235193855
0.0,600.0,0,2500.0,0.0,600.0,100.0,2281125.3518955573,1520000.0,761125.3518955574,False,True,585.6995405936965,59.192259821250445,2076.313871506615
200.0,200.0,0,1500.0,200.0,1200.0,100.0,2108362.2856309954,1520000.0,588362.2856309952,False,True,585.6995405936965,59.192259821250445,991.7574239733758
400.0,0.0,0,2500.0,0.0,600.0,100.0,1927720.6375228404,1520000.0,407720.63752284046,False,True,585.6995405936965,59.192259821250445,2076.313871506615
0.0,0.0,1,3500.0,400.0,600.0,150.0,2426917.742640417,1522500.0,904417.7426404173,False,True,585.6995405936965,59.192259821250445,1571.7296271333694
0.0,0.0,6,0.0,0.0,900.0,150.0,2231332.7749439306,1522500.0,708832.7749439306,False,True,585.6995405936965,59.192259821250445,1189.694398610327
0.0,400.0,2,1500.0,200.0,600.0,150.0,1933608.4497062014,1522500.0,411108.4497062013,True,True,585.6995405936965,59.192259821250445,22.306810097728025
0.0,600.0,0,1500.0,600.0,600.0,150.0,2283625.3518955573,1522500.0,761125.3518955574,False,True,585.6995405936965,59.192259821250445,811.138453524077
200.0,0.0,3,1500.0,0.0,600.0,150.0,1843991.2487699378,1522500.0,321491.24876993784,False,True,585.6995405936965,59.192259821250445,266.6618445097679
200.0,200.0,1,1500.0,400.0,600.0,150.0,1792956.9578317495,1522500.0,270456.95783174946,True,True,585.6995405936965,59.192259821250445,127.15082160646016
200.0,600.0,1,0.0,0.0,900.0,150.0,1740040.9918846185,1522500.0,217540.99188461853,False,True,585.6995405936965,59.192259821250445,810.6281258323335
400.0,0.0,0,1500.0,600.0,600.0,150.0,1930220.6375228404,1522500.0,407720.63752284046,False,True,585.6995405936965,59.192259821250445,619.4651073804534
600.0,0.0,1,0.0,0.0,900.0,150.0,1621552.5581970261,1522500.0,99052.55819702623,False,True,585.6995405936965,59.192259821250445,310.6759773696418
0.0,0.0,4,1500.0,0.0,900.0,100.0,2233832.7749439306,1525000.0,708832.7749439306,False,True,585.6995405936965,59.192259821250445,1189.694398610327
0.0,200.0,2,1500.0,400.0,900.0,100.0,2029802.9601839432,1525000.0,504802.96018394316,False,True,585.6995405936965,59.192259821250445,313.8544619169638
0.0,600.0,2,0.0,0.0,1200.0,100.0,1908215.7532273475,1525000.0,383215.7532273474,False,True,585.6995405936965,59.192259821250445,573.0166715033324
200.0,0.0,1,1500.0,600.0,900.0,100.0,1961439.7775245316,1525000.0,436439.7775245315,False,True,585.6995405936965,59.192259821250445,1055.1642060159227
400.0,0.0,2,0.0,0.0,1200.0,100.0,1670421.4345088243,1525000.0,145421.43450882426,False,True,585.6995405936965,59.192259821250445,133.07053115867245
0.0,200.0,1,2500.0,200.0,900.0,150.0,2187576.9261082807,1527500.0,660076.9261082807,False,True,585.6995405936965,59.192259821250445,1382.4627201178596
200.0,0.0,0,2500.0,400.0,900.0,150.0,2356437.440918445,1527500.0,828937.4409184452,False,True,585.6995405936965,59.192259821250445,1681.093225187325
200.0,200.0,4,0.0,0.0,600.0,150.0,1726362.9188798051,1527500.0,198862.9188798052,False,True,585.6995405936965,59.192259821250445,178.27071712020143
0.0,0.0,1,2500.0,400.0,1200.0,100.0,2434576.9263138864,1530000.0,904576.9263138867,False,True,585.6995405936965,59.192259821250445,1728.4909932884723
0.0,0.0,2,3500.0,0.0,600.0,100.0,2246488.183107196,1530000.0,716488.1831071959,False,True,585.6995405936965,59.192259821250445,1189.694398610327
0.0,200.0,0,3500.0,400.0,600.0,100.0,2594638.888132023,1530000.0,1064638.8881320232,False,True,585.6995405936965,59.192259821250445,1694.690766260882
0.0,200.0,5,0.0,0.0,900.0,100.0,2029243.5057410267,1530000.0,499243.5057410266,False,True,585.6995405936965,59.192259821250445,630.6724125908027
0.0,600.0,1,1500.0,200.0,600.0,100.0,2023481.3781170237,1530000.0,493481.3781170238,False,True,585.6995405936965,59.192259821250445,279.7872930831399
200.0,200.0,2,1500.0,0.0,600.0,100.0,1732367.691641095,1530000.0,202367.6916410952,False,True,585.6995405936965,59.192259821250445,178.27071712020143
200.0,400.0,0,1500.0,400.0,600.0,100.0,2002337.317971133,1530000.0,472337.317971133,False,True,585.6995405936965,59.192259821250445,532.8771056845338
400.0,0.0,1,1500.0,200.0,600.0,100.0,1717305.6760887348,1530000.0,187305.67608873482,True,True,585.6995405936965,59.192259821250445,6.732546765397307
600.0,200.0,0,0.0,0.0,900.0,100.0,1662175.2586781443,1530000.0,132175.25867814425,False,True,585.6995405936965,59.192259821250445,2076.313871506615
0.0,0.0,0,3500.0,200.0,1200.0,150.0,2842998.8013138883,1532500.0,1310498.8013138883,False,True,585.6995405936965,59.192259821250445,1931.7734907303852
0.0,0.0,2,2500.0,600.0,600.0,150.0,2248988.183107196,1532500.0,716488.1831071959,False,True,585.6995405936965,59.192259821250445,651.6581585848899
0.0,400.0,1,1500.0,0.0,1200.0,150.0,2065295.0504897162,1532500.0,532795.0504897162,False,True,585.6995405936965,59.192259821250445,1418.200235193855
0.0,600.0,0,2500.0,0.0,600.0,150.0,2293625.3518955573,1532500.0,761125.3518955574,False,True,585.6995405936965,59.192259821250445,2076.313871506615
200.0,200.0,0,1500.0,200.0,1200.0,150.0,2120862.2856309954,1532500.0,588362.2856309952,False,True,585.6995405936965,59.192259821250445,991.7574239733758
400.0,0.0,0,2500.0,0.0,600.0,150.0,1940220.6375228404,1532500.0,407720.63752284046,False,True,585.6995405936965,59.192259821250445,2076.313871506615
0.0,400.0,0,2500.0,200.0,900.0,100.0,2382357.2860747185,1535000.0,847357.2860747186,False,True,585.6995405936965,59.192259821250445,1016.9500391940073
200.0,0.0,1,2500.0,0.0,900.0,100.0,1971439.7775245316,1535000.0,436439.7775245315,False,True,585.6995405936965,59.192259821250445,1399.7405429916018
200.0,400.0,3,0.0,0.0,600.0,100.0,1703346.600727567,1535000.0,168346.60072756704,False,True,585.6995405936965,59.192259821250445,174.32568998756835
0.0,0.0,4,1500.0,0.0,900.0,150.0,2246332.7749439306,1537500.0,708832.7749439306,False,True,585.6995405936965,59.192259821250445,1189.694398610327
0.0,200.0,2,1500.0,400.0,900.0,150.0,2042302.9601839432,1537500.0,504802.96018394316,False,True,585.6995405936965,59.192259821250445,313.8544619169638
0.0,600.0,2,0.0,0.0,1200.0,150.0,1920715.7532273475,1537500.0,383215.7532273474,False,True,585.6995405936965,59.192259821250445,573.0166715033324
200.0,0.0,1,1500.0,600.0,900.0,150.0,1973939.7775245316,1537500.0,436439.7775245315,False,True,585.6995405936965,59.192259821250445,1055.1642060159227
400.0,0.0,2,0.0,0.0,1200.0,150.0,1682921.4345088243,1537500.0,145421.43450882426,False,True,585.6995405936965,59.192259821250445,133.07053115867245
0.0,0.0,2,1500.0,600.0,1200.0,100.0,2256647.3667806652,1540000.0,716647.3667806652,False,True,585.6995405936965,59.192259821250445,880.2785147267587
0.0,0.0,3,2500.0,200.0,600.0,100.0,2248753.183107196,1540000.0,708753.1831071959,False,True,585.6995405936965,59.192259821250445,659.8041600828567
0.0,200.0,1,2500.0,600.0,600.0,100.0,2199997.334271546,1540000.0,659997.334271546,False,True,585.6995405936965,59.192259821250445,1376.614830451074
0.0,600.0,0,1500.0,0.0,1200.0,100.0,2301165.1478139246,1540000.0,761165.1478139247,False,True,585.6995405936965,59.192259821250445,2076.313871506615
400.0,0.0,0,1500.0,0.0,1200.0,100.0,1947760.4334412077,1540000.0,407760.43344120786,False,True,585.6995405936965,59.192259821250445,2076.313871506615
0.0,0.0,1,2500.0,400.0,1200.0,150.0,2447076.9263138864,1542500.0,904576.9263138867,False,True,585.6995405936965,59.192259821250445,1728.4909932884723
0.0,0.0,2,3500.0,0.0,600.0,150.0,2258988.183107196,1542500.0,716488.1831071959,False,True,585.6995405936965,59.192259821250445,1189.694398610327
0.0,200.0,0,3500.0,400.0,600.0,150.0,2607138.888132023,1542500.0,1064638.8881320232,False,True,585.6995405936965,59.192259821250445,1694.690766260882
0.0,200.0,5,0.0,0.0,900.0,150.0,2041743.5057410267,1542500.0,499243.5057410266,False,True,585.6995405936965,59.192259821250445,630.6724125908027
0.0,600.0,1,1500.0,200.0,600.0,150.0,2035981.3781170237,1542500.0,493481.3781170238,False,True,585.6995405936965,59.192259821250445,279.7872930831399
200.0,200.0,2,1500.0,0.0,600.0,150.0,1744867.691641095,1542500.0,202367.6916410952,False,True,585.6995405936965,59.192259821250445,178.27071712020143
200.0,400.0,0,1500.0,400.0,600.0,150.0,2014837.317971133,1542500.0,472337.317971133,False,True,585.6995405936965,59.192259821250445,532.8771056845338
400.0,0.0,1,1500.0,200.0,600.0,150.0,1729805.6760887348,1542500.0,187305.67608873482,True,True,585.6995405936965,59.192259821250445,6.732546765397307
600.0,200.0,0,0.0,0.0,900.0,150.0,1674675.2586781443,1542500.0,132175.25867814425,False,True,585.6995405936965,59.192259821250445,2076.313871506615
0.0,0.0,0,3500.0,600.0,900.0,100.0,2855419.2094771536,1545000.0,1310419.2094771534,False,True,585.6995405936965,59.192259821250445,1776.2823415005319
0.0,200.0,3,1500.0,0.0,900.0,100.0,2044243.5057410267,1545000.0,499243.5057410266,False,True,585.6995405936965,59.192259821250445,630.6724125908027
0.0,400.0,1,1500.0,400.0,900.0,100.0,2077775.1525305326,1545000.0,532775.1525305326,False,True,585.6995405936965,59.192259821250445,429.6921155124479
200.0,0.0,2,1500.0,200.0,900.0,100.0,1872756.3939694723,1545000.0,327756.39396947226,True,True,585.6995405936965,59.192259821250445,47.13839406595409
200.0,200.0,0,1500.0,600.0,900.0,100.0,2133342.3876718115,1545000.0,588342.3876718115,False,True,585.6995405936965,59.192259821250445,977.8711342648511
400.0,200.0,1,0.0,0.0,1200.0,100.0,1655171.9371668755,1545000.0,110171.93716687539,False,True,585.6995405936965,59.192259821250445,350.56553980187266
0.0,400.0,0,2500.0,200.0,900.0,150.0,2394857.2860747185,1547500.0,847357.2860747186,False,True,585.6995405936965,59.192259821250445,1016.9500391940073
200.0,0.0,1,2500.0,0.0,900.0,150.0,1983939.7775245316,1547500.0,436439.7775245315,False,True,585.6995405936965,59.192259821250445,1399.7405429916018
200.0,400.0,3,0.0,0.0,600.0,150.0,1715846.600727567,1547500.0,168346.60072756704,False,True,585.6995405936965,59.192259821250445,174.32568998756835
0.0,0.0,2,2500.0,0.0,1200.0,100.0,2266647.3667806652,1550000.0,716647.3667806652,False,True,585.6995405936965,59.192259821250445,1189.694398610327
0.0,0.0,4,1500.0,400.0,600.0,100.0,2258753.183107196,1550000.0,708753.1831071959,False,True,585.6995405936965,59.192259821250445,880.2785147267587
0.0,200.0,0,2500.0,400.0,1200.0,100.0,2614798.0718054925,1550000.0,1064798.0718054925,False,True,585.6995405936965,59.192259821250445,1806.0675957862647
0.0,200.0,1,3500.0,0.0,600.0,100.0,2209997.334271546,1550000.0,659997.334271546,False,True,585.6995405936965,59.192259821250445,1815.1591224382312
0.0,400.0,4,0.0,0.0,900.0,100.0,1956557.633950751,1550000.0,406557.63395075104,False,True,585.6995405936965,59.192259821250445,575.7625913699095
200.0,0.0,0,3500.0,200.0,600.0,100.0,2378857.849081711,1550000.0,828857.8490817107,False,True,585.6995405936965,59.192259821250445,1546.346742363763
200.0,400.0,1,1500.0,0.0,600.0,100.0,1777532.9236125029,1550000.0,227532.923612503,False,True,585.6995405936965,59.192259821250445,826.0672356405564
400.0,200.0,0,1500.0,200.0,600.0,100.0,1808702.0054567046,1550000.0,258702.0054567047,False,True,585.6995405936965,59.192259821250445,255.87661706346347
0.0,0.0,2,1500.0,600.0,1200.0,150.0,2269147.3667806652,1552500.0,716647.3667806652,False,True,585.6995405936965,59.192259821250445,880.2785147267587
0.0,0.0,3,2500.0,200.0,600.0,150.0,2261253.183107196,1552500.0,708753.1831071959,False,True,585.6995405936965,59.192259821250445,659.8041600828567
0.0,200.0,1,2500.0,600.0,600.0,150.0,2212497.334271546,1552500.0,659997.334271546,False,True,585.6995405936965,59.192259821250445,1376.614830451074
0.0,600.0,0,1500.0,0.0,1200.0,150.0,2313665.1478139246,1552500.0,761165.1478139247,False,True,585.6995405936965,59.192259821250445,2076.313871506615
400.0,0.0,0,1500.0,0.0,1200.0,150.0,1960260.4334412077,1552500.0,407760.43344120786,False,True,585.6995405936965,59.192259821250445,2076.313871506615
0.0,0.0,7,0.0,0.0,600.0,100.0,2263753.183107196,1555000.0,708753.1831071959,False,True,585.6995405936965,59.192259821250445,1189.694398610327
200.0,200.0,0,2500.0,0.0,900.0,100.0,2143342.3876718115,1555000.0,588342.3876718115,False,True,585.6995405936965,59.192259821250445,2076.313871506615
200.0,600.0,2,0.0,0.0,600.0,100.0,1719393.6113836518,1555000.0,164393.61138365176,False,True,585.6995405936965,59.192259821250445,173.14129509402034
600.0,0.0,2,0.0,0.0,600.0,100.0,1634695.686278355,1555000.0,79695.68627835518,False,True,585.6995405936965,59.192259821250445,107.11814363637254
0.0,0.0,0,3500.0,600.0,900.0,150.0,2867919.2094771536,1557500.0,1310419.2094771534,False,True,585.6995405936965,59.192259821250445,1776.2823415005319
0.0,200.0,3,1500.0,0.0,900.0,150.0,2056743.5057410267,1557500.0,499243.5057410266,False,True,585.6995405936965,59.192259821250445,630.6724125908027
0.0,400.0,1,1500.0,400.0,900.0,150.0,2090275.1525305326,1557500.0,532775.1525305326,False,True,585.6995405936965,59.192259821250445,429.6921155124479
200.0,0.0,2,1500.0,200.0,900.0,150.0,1885256.3939694723,1557500.0,327756.39396947226,True,True,585.6995405936965,59.192259821250445,47.13839406595409
200.0,200.0,0,1500.0,600.0,900.0,150.0,2145842.3876718115,1557500.0,588342.3876718115,False,True,585.6995405936965,59.192259821250445,977.8711342648511
400.0,200.0,1,0.0,0.0,1200.0,150.0,1667671.9371668755,1557500.0,110171.93716687539,False,True,585.6995405936965,59.192259821250445,350.56553980187266
0.0,0.0,3,1500.0,200.0,1200.0,100.0,2268912.3667806652,1560000.0,708912.3667806652,False,True,585.6995405936965,59.192259821250445,886.0578465384465
0.0,200.0,1,1500.0,600.0,1200.0,100.0,2220156.5179450153,1560000.0,660156.5179450155,False,True,585.6995405936965,59.192259821250445,1543.4495073284913
0.0,200.0,2,2500.0,200.0,600.0,100.0,2064723.3683472085,1560000.0,504723.3683472084,True,True,585.6995405936965,59.192259821250445,149.26975285309234
0.0,400.0,0,2500.0,600.0,600.0,100.0,2407337.3881155346,1560000.0,847337.3881155348,False,True,585.6995405936965,59.192259821250445,740.7013488973696
200.0,0.0,1,2500.0,400.0,600.0,100.0,1996360.185687797,1560000.0,436360.1856877969,False,True,585.6995405936965,59.192259821250445,814.867822128218
0.0,0.0,2,2500.0,0.0,1200.0,150.0,2279147.3667806652,1562500.0,716647.3667806652,False,True,585.6995405936965,59.192259821250445,1189.694398610327
0.0,0.0,4,1500.0,400.0,600.0,150.0,2271253.183107196,1562500.0,708753.1831071959,False,True,585.6995405936965,59.192259821250445,880.2785147267587
0.0,200.0,0,2500.0,400.0,1200.0,150.0,2627298.0718054925,1562500.0,1064798.0718054925,False,True,585.6995405936965,59.192259821250445,1806.0675957862647
0.0,200.0,1,3500.0,0.0,600.0,150.0,2222497.334271546,1562500.0,659997.334271546,False,True,585.6995405936965,59.192259821250445,1815.1591224382312
0.0,400.0,4,0.0,0.0,900.0,150.0,1969057.633950751,1562500.0,406557.63395075104,False,True,585.6995405936965,59.192259821250445,575.7625913699095
200.0,0.0,0,3500.0,200.0,600.0,150.0,2391357.849081711,1562500.0,828857.8490817107,False,True,585.6995405936965,59.192259821250445,1546.346742363763
200.0,400.0,1,1500.0,0.0,600.0,150.0,1790032.9236125029,1562500.0,227532.923612503,False,True,585.6995405936965,59.192259821250445,826.0672356405564
400.0,200.0,0,1500.0,200.0,600.0,150.0,1821202.0054567046,1562500.0,258702.0054567047,False,True,585.6995405936965,59.192259821250445,255.87661706346347
0.0,0.0,1,3500.0,200.0,900.0,100.0,2469497.3344771517,1565000.0,904497.334477152,False,True,585.6995405936965,59.192259821250445,1591.4299599499625
0.0,400.0,2,1500.0,0.0,900.0,100.0,1976128.347665385,1565000.0,411128.34766538505,False,True,585.6995405936965,59.192259821250445,575.7625913699095
0.0,600.0,0,1500.0,400.0,900.0,100.0,2326145.249854741,1565000.0,761145.249854741,False,True,585.6995405936965,59.192259821250445,811.138453524077
200.0,200.0,1,1500.0,200.0,900.0,100.0,1835476.8557909331,1565000.0,270476.8557909331,True,True,585.6995405936965,59.192259821250445,137.64135152902665
400.0,0.0,0,1500.0,400.0,900.0,100.0,1972740.5354820243,1565000.0,407740.5354820242,False,True,585.6995405936965,59.192259821250445,625.2404385412713
400.0,400.0,0,0.0,0.0,1200.0,100.0,1781412.7675694472,1565000.0,216412.76756944723,False,True,585.6995405936965,59.192259821250445,2076.313871506615
0.0,0.0,7,0.0,0.0,600.0,150.0,2276253.183107196,1567500.0,708753.1831071959,False,True,585.6995405936965,59.192259821250445,1189.694398610327
200.0,200.0,0,2500.0,0.0,900.0,150.0,2155842.3876718115,1567500.0,588342.3876718115,False,True,585.6995405936965,59.192259821250445,2076.313871506615
200.0,600.0,2,0.0,0.0,600.0,150.0,1731893.6113836518,1567500.0,164393.61138365176,False,True,585.6995405936965,59.192259821250445,173.14129509402034
600.0,0.0,2,0.0,0.0,600.0,150.0,1647195.686278355,1567500.0,79695.68627835518,False,True,585.6995405936965,59.192259821250445,107.11814363637254
0.0,0.0,5,1500.0,0.0,600.0,100.0,2278753.183107196,1570000.0,708753.1831071959,False,True,585.6995405936965,59.192259821250445,1189.694398610327
0.0,200.0,1,2500.0,0.0,1200.0,100.0,2230156.5179450153,1570000.0,660156.5179450155,False,True,585.6995405936965,59.192259821250445,1815.1591224382312
0.0,200.0,3,1500.0,400.0,600.0,100.0,2069163.9139042918,1570000.0,499163.9139042918,False,True,585.6995405936965,59.192259821250445,313.8544619169638
0.0,400.0,0,3500.0,0.0,600.0,100.0,2417337.3881155346,1570000.0,847337.3881155348,False,True,585.6995405936965,59.192259821250445,2076.313871506615
0.0,600.0,3,0.0,0.0,900.0,100.0,1948909.6206334047,1570000.0,378909.6206334047,False,True,585.6995405936965,59.192259821250445,573.0166715033324
200.0,0.0,0,2500.0,200.0,1200.0,100.0,2399017.0327551803,1570000.0,829017.03275518,False,True,585.6995405936965,59.192259821250445,1684.637862429296
200.0,0.0,2,1500.0,600.0,600.0,100.0,1897676.8021327376,1570000.0,327676.8021327376,True,True,585.6995405936965,59.192259821250445,42.46676644426594
200.0,600.0,0,1500.0,0.0,600.0,100.0,2012602.7943713125,1570000.0,442602.79437131237,False,True,585.6995405936965,59.192259821250445,2076.313871506615
400.0,0.0,3,0.0,0.0,900.0,100.0,1712351.5808308993,1570000.0,142351.58083089933,False,True,585.6995405936965,59.192259821250445,133.07053115867245
600.0,0.0,0,1500.0,0.0,600.0,100.0,1782139.0881761005,1570000.0,212139.08817610046,False,True,585.6995405936965,59.192259821250445,2076.313871506615
0.0,0.0,3,1500.0,200.0,1200.0,150.0,2281412.3667806652,1572500.0,708912.3667806652,False,True,585.6995405936965,59.192259821250445,886.0578465384465
0.0,200.0,1,1500.0,600.0,1200.0,150.0,2232656.5179450153,1572500.0,660156.5179450155,False,True,585.6995405936965,59.192259821250445,1543.4495073284913
0.0,200.0,2,2500.0,200.0,600.0,150.0,2077223.3683472085,1572500.0,504723.3683472084,True,True,585.6995405936965,59.192259821250445,149.26975285309234
0.0,400.0,0,2500.0,600.0,600.0,150.0,2419837.3881155346,1572500.0,847337.3881155348,False,True,585.6995405936965,59.192259821250445,740.7013488973696
200.0,0.0,1,2500.0,400.0,600.0,150.0,2008860.185687797,1572500.0,436360.1856877969,False,True,585.6995405936965,59.192259821250445,814.867822128218
0.0,0.0,2,2500.0,400.0,900.0,100.0,2291567.7749439306,1575000.0,716567.7749439306,False,True,585.6995405936965,59.192259821250445,651.6581585848899
0.0,200.0,6,0.0,0.0,600.0,100.0,2074163.9139042918,1575000.0,499163.9139042918,False,True,585.6995405936965,59.192259821250445,630.6724125908027
600.0,200.0,1,0.0,0.0,600.0,100.0,1634344.5069754522,1575000.0,59344.50697545215,False,True,585.6995405936965,59.192259821250445,258.5812715477723
0.0,0.0,1,3500.0,200.0,900.0,150.0,2481997.3344771517,1577500.0,904497.334477152,False,True,585.6995405936965,59.192259821250445,1591.4299599499625
0.0,400.0,2,1500.0,0.0,900.0,150.0,1988628.347665385,1577500.0,411128.34766538505,False,True,585.6995405936965,59.192259821250445,575.7625913699095
0.0,600.0,0,1500.0,400.0,900.0,150.0,2338645.249854741,1577500.0,761145.249854741,False,True,585.6995405936965,59.192259821250445,811.138453524077
200.0,200.0,1,1500.0,200.0,900.0,150.0,1847976.8557909331,1577500.0,270476.8557909331,True,True,585.6995405936965,59.192259821250445,137.64135152902665
400.0,0.0,0,1500.0,400.0,900.0,150.0,1985240.5354820243,1577500.0,407740.5354820242,False,True,585.6995405936965,59.192259821250445,627.456064619998
400.0,400.0,0,0.0,0.0,1200.0,150.0,1793912.7675694472,1577500.0,216412.76756944723,False,True,585.6995405936965,59.192259821250445,2076.313871506615
0.0,200.0,2,1500.0,200.0,1200.0,100.0,2084882.5520206778,1580000.0,504882.55202067783,False,True,585.6995405936965,59.192259821250445,317.0882110663333
0.0,400.0,0,1500.0,600.0,1200.0,100.0,2427377.1840339024,1580000.0,847377.1840339022,False,True,585.6995405936965,59.192259821250445,1017.3877028427497
0.0,400.0,1,2500.0,200.0,600.0,100.0,2112755.254571349,1580000.0,532755.2545713489,False,True,585.6995405936965,59.192259821250445,212.75318527501187
200.0,0.0,1,1500.0,400.0,1200.0,100.0,2016519.3693612663,1580000.0,436519.36936126626,False,True,585.6995405936965,59.192259821250445,1055.1642060159227
200.0,0.0,2,2500.0,0.0,600.0,100.0,1907676.8021327376,1580000.0,327676.8021327376,False,True,585.6995405936965,59.192259821250445,266.6618445097679
200.0,200.0,0,2500.0,400.0,600.0,100.0,2168322.4897126276,1580000.0,588322.4897126278,False,True,585.6995405936965,59.192259821250445,688.1630419124212
0.0,0.0,5,1500.0,0.0,600.0,150.0,2291253.183107196,1582500.0,708753.1831071959,False,True,585.6995405936965,59.192259821250445,1189.694398610327
0.0,200.0,1,2500.0,0.0,1200.0,150.0,2242656.5179450153,1582500.0,660156.5179450155,False,True,585.6995405936965,59.192259821250445,1815.1591224382312
0.0,200.0,3,1500.0,400.0,600.0,150.0,2081663.9139042918,1582500.0,499163.9139042918,False,True,585.6995405936965,59.192259821250445,313.8544619169638
0.0,400.0,0,3500.0,0.0,600.0,150.0,2429837.3881155346,1582500.0,847337.3881155348,False,True,585.6995405936965,59.192259821250445,2076.313871506615
0.0,600.0,3,0.0,0.0,900.0,150.0,1961409.6206334047,1582500.0,378909.6206334047,False,True,585.6995405936965,59.192259821250445,573.0166715033324
200.0,0.0,0,2500.0,200.0,1200.0,150.0,2411517.0327551803,1582500.0,829017.03275518,False,True,585.6995405936965,59.192259821250445,1684.637862429296
200.0,0.0,2,1500.0,600.0,600.0,150.0,1910176.8021327376,1582500.0,327676.8021327376,True,True,585.6995405936965,59.192259821250445,42.46676644426594
200.0,600.0,0,1500.0,0.0,600.0,150.0,2025102.7943713125,1582500.0,442602.79437131237,False,True,585.6995405936965,59.192259821250445,2076.313871506615
400.0,0.0,3,0.0,0.0,900.0,150.0,1724851.5808308993,1582500.0,142351.58083089933,False,True,585.6995405936965,59.192259821250445,133.07053115867245
600.0,0.0,0,1500.0,0.0,600.0,150.0,1794639.0881761005,1582500.0,212139.08817610046,False,True,585.6995405936965,59.192259821250445,2076.313871506615
0.0,0.0,3,1500.0,600.0,900.0,100.0,2293832.7749439306,1585000.0,708832.7749439306,False,True,585.6995405936965,59.192259821250445,880.2785147267587
0.0,200.0,0,3500.0,200.0,900.0,100.0,2649718.479968758,1585000.0,1064718.4799687578,False,True,585.6995405936965,59.192259821250445,1769.3783448255813
0.0,600.0,1,1500.0,0.0,900.0,100.0,2078501.2760762074,1585000.0,493501.27607620746,False,True,585.6995405936965,59.192259821250445,1308.2284602919071
200.0,0.0,4,0.0,0.0,1200.0,100.0,1906650.4324434074,1585000.0,321650.43244340725,False,True,585.6995405936965,59.192259821250445,266.6618445097679
200.0,400.0,0,1500.0,200.0,900.0,100.0,2057357.2159303166,1585000.0,472357.21593031666,False,True,585.6995405936965,59.192259821250445,550.3735955856105
400.0,0.0,1,1500.0,0.0,900.0,100.0,1772325.5740479184,1585000.0,187325.5740479185,False,True,585.6995405936965,59.192259821250445,486.9142318326683
0.0,0.0,2,2500.0,400.0,900.0,150.0,2304067.7749439306,1587500.0,716567.7749439306,False,True,585.6995405936965,59.192259821250445,651.6581585848899
0.0,200.0,6,0.0,0.0,600.0,150.0,2086663.9139042918,1587500.0,499163.9139042918,False,True,585.6995405936965,59.192259821250445,630.6724125908027
600.0,200.0,1,0.0,0.0,600.0,150.0,1646844.5069754522,1587500.0,59344.50697545215,False,True,585.6995405936965,59.192259821250445,258.5812715477723
0.0,0.0,1,3500.0,600.0,600.0,100.0,2494417.742640417,1590000.0,904417.7426404173,False,True,585.6995405936965,59.192259821250445,1571.7296271333694
0.0,200.0,4,1500.0,0.0,600.0,100.0,2089163.9139042918,1590000.0,499163.9139042918,False,True,585.6995405936965,59.192259821250445,630.6724125908027
0.0,400.0,0,2500.0,0.0,1200.0,100.0,2437377.1840339024,1590000.0,847377.1840339022,False,True,585.6995405936965,59.192259821250445,2076.313871506615
0.0,400.0,2,1500.0,400.0,600.0,100.0,2001108.4497062014,1590000.0,411108.4497062013,True,True,585.6995405936965,59.192259821250445,1.0746958878371515e-13
200.0,0.0,3,1500.0,200.0,600.0,100.0,1911491.2487699378,1590000.0,321491.24876993784,True,True,585.6995405936965,59.192259821250445,47.13839406595409
200.0,200.0,1,1500.0,600.0,600.0,100.0,1860456.9578317495,1590000.0,270456.95783174946,True,True,585.6995405936965,59.192259821250445,127.15082160646016
400.0,200.0,2,0.0,0.0,900.0,100.0,1676833.4116603646,1590000.0,86833.4116603647,False,True,585.6995405936965,59.192259821250445,106.29518040292189
0.0,200.0,2,1500.0,200.0,1200.0,150.0,2097382.552020678,1592500.0,504882.55202067783,False,True,585.6995405936965,59.192259821250445,317.0882110663333
0.0,400.0,0,1500.0,600.0,1200.0,150.0,2439877.1840339024,1592500.0,847377.1840339022,False,True,585.6995405936965,59.192259821250445,1017.3877028427497
0.0,400.0,1,2500.0,200.0,600.0,150.0,2125255.254571349,1592500.0,532755.2545713489,False,True,585.6995405936965,59.192259821250445,212.75318527501187
200.0,0.0,1,1500.0,400.0,1200.0,150.0,2029019.3693612663,1592500.0,436519.36936126626,False,True,585.6995405936965,59.192259821250445,1055.1642060159227
200.0,0.0,2,2500.0,0.0,600.0,150.0,1920176.8021327376,1592500.0,327676.8021327376,False,True,585.6995405936965,59.192259821250445,266.6618445097679
200.0,200.0,0,2500.0,400.0,600.0,150.0,2180822.4897126276,1592500.0,588322.4897126278,False,True,585.6995405936965,59.192259821250445,688.1630419124212
0.0,0.0,3,2500.0,0.0,900.0,100.0,2303832.7749439306,1595000.0,708832.7749439306,False,True,585.6995405936965,59.192259821250445,1189.694398610327
0.0,200.0,1,2500.0,400.0,900.0,100.0,2255076.9261082807,1595000.0,660076.9261082807,False,True,585.6995405936965,59.192259821250445,1376.614830451074
0.0,400.0,5,0.0,0.0,600.0,100.0,2001537.7359915674,1595000.0,406537.7359915674,False,True,585.6995405936965,59.192259821250445,575.7625913699095
200.0,0.0,0,2500.0,600.0,900.0,100.0,2423937.440918445,1595000.0,828937.4409184452,False,True,585.6995405936965,59.192259821250445,1681.093225187325
600.0,400.0,0,0.0,0.0,600.0,100.0,1707248.8899243427,1595000.0,112248.88992434277,False,True,585.6995405936965,59.192259821250445,2076.313871506615
0.0,0.0,3,1500.0,600.0,900.0,150.0,2306332.7749439306,1597500.0,708832.7749439306,False,True,585.6995405936965,59.192259821250445,880.2785147267587
0.0,200.0,0,3500.0,200.0,900.0,150.0,2662218.479968758,1597500.0,1064718.4799687578,False,True,585.6995405936965,59.192259821250445,1769.3783448255813
0.0,600.0,1,1500.0,0.0,900.0,150.0,2091001.2760762074,1597500.0,493501.27607620746,False,True,585.6995405936965,59.192259821250445,1308.2284602919071
200.0,0.0,4,0.0,0.0,1200.0,150.0,1919150.4324434074,1597500.0,321650.43244340725,False,True,585.6995405936965,59.192259821250445,266.6618445097679
200.0,400.0,0,1500.0,200.0,900.0,150.0,2069857.2159303166,1597500.0,472357.21593031666,False,True,585.6995405936965,59.192259821250445,550.3735955856105
400.0,0.0,1,1500.0,0.0,900.0,150.0,1784825.5740479184,1597500.0,187325.5740479185,False,True,585.6995405936965,59.192259821250445,486.9142318326683
0.0,0.0,0,3500.0,400.0,1200.0,100.0,2910498.8013138883,1600000.0,1310498.8013138883,False,True,585.6995405936965,59.192259821250445,1776.2823415005319
0.0,400.0,1,1500.0,200.0,1200.0,100.0,2132795.050489716,1600000.0,532795.0504897162,False,True,585.6995405936965,59.192259821250445,456.76257366996276
0.0,600.0,0,2500.0,200.0,600.0,100.0,2361125.3518955573,1600000.0,761125.3518955574,False,True,585.6995405936965,59.192259821250445,898.9670190751058
200.0,0.0,2,1500.0,0.0,1200.0,100.0,1927835.9858062072,1600000.0,327835.98580620706,False,True,585.6995405936965,59.192259821250445,266.6618445097679
200.0,200.0,0,1500.0,400.0,1200.0,100.0,2188362.2856309954,1600000.0,588362.2856309952,False,True,585.6995405936965,59.192259821250445,983.3351823364288
200.0,200.0,1,2500.0,0.0,600.0,100.0,1870456.9578317495,1600000.0,270456.95783174946,False,True,585.6995405936965,59.192259821250445,894.7762779243718
400.0,0.0,0,2500.0,200.0,600.0,100.0,2007720.6375228404,1600000.0,407720.63752284046,False,True,585.6995405936965,59.192259821250445,461.8123443279678
0.0,0.0,1,3500.0,600.0,600.0,150.0,2506917.742640417,1602500.0,904417.7426404173,False,True,585.6995405936965,59.192259821250445,1571.7296271333694
0.0,200.0,4,1500.0,0.0,600.0,150.0,2101663.9139042916,1602500.0,499163.9139042918,False,True,585.6995405936965,59.192259821250445,630.6724125908027
0.0,400.0,0,2500.0,0.0,1200.0,150.0,2449877.1840339024,1602500.0,847377.1840339022,False,True,585.6995405936965,59.192259821250445,2076.313871506615
0.0,400.0,2,1500.0,400.0,600.0,150.0,2013608.4497062014,1602500.0,411108.4497062013,True,True,585.6995405936965,59.192259821250445,1.0746958878371515e-13
200.0,0.0,3,1500.0,200.0,600.0,150.0,1923991.2487699378,1602500.0,321491.24876993784,True,True,585.6995405936965,59.192259821250445,47.13839406595409
200.0,200.0,1,1500.0,600.0,600.0,150.0,1872956.9578317495,1602500.0,270456.95783174946,True,True,585.6995405936965,59.192259821250445,127.15082160646016
400.0,200.0,2,0.0,0.0,900.0,150.0,1689333.4116603646,1602500.0,86833.4116603647,False,True,585.6995405936965,59.192259821250445,106.29518040292189
0.0,0.0,4,1500.0,200.0,900.0,100.0,2313832.7749439306,1605000.0,708832.7749439306,False,True,585.6995405936965,59.192259821250445,886.0578465384465
0.0,200.0,2,1500.0,600.0,900.0,100.0,2109802.960183943,1605000.0,504802.96018394316,False,True,585.6995405936965,59.192259821250445,313.8544619169638
200.0,0.0,0,3500.0,0.0,900.0,100.0,2433937.440918445,1605000.0,828937.4409184452,False,True,585.6995405936965,59.192259821250445,2076.313871506615
200.0,200.0,3,0.0,0.0,1200.0,100.0,1803902.7147981725,1605000.0,198902.71479817253,False,True,585.6995405936965,59.192259821250445,178.27071712020143
400.0,200.0,0,1500.0,0.0,900.0,100.0,1863721.9034158883,1605000.0,258721.90341588837,False,True,585.6995405936965,59.192259821250445,2076.313871506615
0.0,0.0,3,2500.0,0.0,900.0,150.0,2316332.7749439306,1607500.0,708832.7749439306,False,True,585.6995405936965,59.192259821250445,1189.694398610327
0.0,200.0,1,2500.0,400.0,900.0,150.0,2267576.9261082807,1607500.0,660076.9261082807,False,True,585.6995405936965,59.192259821250445,1376.614830451074
0.0,400.0,5,0.0,0.0,600.0,150.0,2014037.7359915674,1607500.0,406537.7359915674,False,True,585.6995405936965,59.192259821250445,575.7625913699095
200.0,0.0,0,2500.0,600.0,900.0,150.0,2436437.440918445,1607500.0,828937.4409184452,False,True,585.6995405936965,59.192259821250445,1681.093225187325
600.0,400.0,0,0.0,0.0,600.0,150.0,1719748.8899243427,1607500.0,112248.88992434277,False,True,585.6995405936965,59.192259821250445,2076.313871506615
0.0,0.0,1,2500.0,600.0,1200.0,100.0,2514576.9263138864,1610000.0,904576.9263138867,False,True,585.6995405936965,59.192259821250445,1728.4909932884723
0.0,0.0,2,3500.0,200.0,600.0,100.0,2326488.183107196,1610000.0,716488.1831071959,False,True,585.6995405936965,59.192259821250445,395.29286201881473
0.0,200.0,0,3500.0,600.0,600.0,100.0,2674638.888132023,1610000.0,1064638.8881320232,False,True,585.6995405936965,59.192259821250445,1694.690766260882
0.0,400.0,3,1500.0,0.0,600.0,100.0,2016537.7359915674,1610000.0,406537.7359915674,False,True,585.6995405936965,59.192259821250445,575.7625913699095
0.0,600.0,1,1500.0,400.0,600.0,100.0,2103481.378117024,1610000.0,493481.3781170238,False,True,585.6995405936965,59.192259821250445,253.50733851003054
200.0,200.0,2,1500.0,200.0,600.0,100.0,1812367.691641095,1610000.0,202367.6916410952,True,True,585.6995405936965,59.192259821250445,5.15059738492793
200.0,400.0,0,1500.0,600.0,600.0,100.0,2082337.317971133,1610000.0,472337.317971133,False,True,585.6995405936965,59.192259821250445,532.8771056845338
400.0,0.0,1,1500.0,400.0,600.0,100.0,1797305.6760887348,1610000.0,187305.67608873482,True,True,585.6995405936965,59.192259821250445,5.291119783365848
400.0,400.0,1,0.0,0.0,900.0,100.0,1705820.12907205,1610000.0,95820.1290720502,False,True,585.6995405936965,59.192259821250445,333.5561681445984
0.0,0.0,0,3500.0,400.0,1200.0,150.0,2922998.8013138883,1612500.0,1310498.8013138883,False,True,585.6995405936965,59.192259821250445,1776.2823415005319
0.0,400.0,1,1500.0,200.0,1200.0,150.0,2145295.050489716,1612500.0,532795.0504897162,False,True,585.6995405936965,59.192259821250445,456.76257366996276
0.0,600.0,0,2500.0,200.0,600.0,150.0,2373625.3518955573,1612500.0,761125.3518955574,False,True,585.6995405936965,59.192259821250445,898.9670190751058
200.0,0.0,2,1500.0,0.0,1200.0,150.0,1940335.9858062072,1612500.0,327835.98580620706,False,True,585.6995405936965,59.192259821250445,266.6618445097679
200.0,200.0,0,1500.0,400.0,1200.0,150.0,2200862.2856309954,1612500.0,588362.2856309952,False,True,585.6995405936965,59.192259821250445,983.3351823364288
200.0,200.0,1,2500.0,0.0,600.0,150.0,1882956.9578317495,1612500.0,270456.95783174946,False,True,585.6995405936965,59.192259821250445,894.7762779243718
400.0,0.0,0,2500.0,200.0,600.0,150.0,2020220.6375228404,1612500.0,407720.63752284046,False,True,585.6995405936965,59.192259821250445,461.8123443279678
0.0,200.0,2,2500.0,0.0,900.0,100.0,2119802.960183943,1615000.0,504802.96018394316,False,True,585.6995405936965,59.192259821250445,630.6724125908027
0.0,400.0,0,2500.0,400.0,900.0,100.0,2462357.2860747185,1615000.0,847357.2860747186,False,True,585.6995405936965,59.192259821250445,740.7013488973696
0.0,600.0,4,0.0,0.0,600.0,100.0,1993889.722674221,1615000.0,378889.72267422103,False,True,585.6995405936965,59.192259821250445,573.0166715033324
200.0,0.0,1,2500.0,200.0,900.0,100.0,2051439.7775245316,1615000.0,436439.7775245315,False,True,585.6995405936965,59.192259821250445,816.0134564553746
400.0,0.0,4,0.0,0.0,600.0,100.0,1757331.6828717156,1615000.0,142331.68287171566,False,True,585.6995405936965,59.192259821250445,133.07053115867245
0.0,0.0,4,1500.0,200.0,900.0,150.0,2326332.7749439306,1617500.0,708832.7749439306,False,True,585.6995405936965,59.192259821250445,886.0578465384465
0.0,200.0,2,1500.0,600.0,900.0,150.0,2122302.960183943,1617500.0,504802.96018394316,False,True,585.6995405936965,59.192259821250445,313.8544619169638
200.0,0.0,0,3500.0,0.0,900.0,150.0,2446437.440918445,1617500.0,828937.4409184452,False,True,585.6995405936965,59.192259821250445,2076.313871506615
200.0,200.0,3,0.0,0.0,1200.0,150.0,1816402.7147981725,1617500.0,198902.71479817253,False,True,585.6995405936965,59.192259821250445,178.27071712020143
400.0,200.0,0,1500.0,0.0,900.0,150.0,1876221.9034158883,1617500.0,258721.90341588837,False,True,585.6995405936965,59.192259821250445,2076.313871506615
0.0,0.0,1,3500.0,0.0,1200.0,100.0,2524576.9263138864,1620000.0,904576.9263138867,False,True,585.6995405936965,59.192259821250445,2076.313871506615
0.0,0.0,3,2500.0,400.0,600.0,100.0,2328753.183107196,1620000.0,708753.1831071959,False,True,585.6995405936965,59.192259821250445,651.6581585848899
0.0,600.0,0,1500.0,200.0,1200.0,100.0,2381165.1478139246,1620000.0,761165.1478139247,False,True,585.6995405936965,59.192259821250445,1051.9495113236337
200.0,200.0,1,1500.0,0.0,1200.0,100.0,1890496.7537501168,1620000.0,270496.7537501168,False,True,585.6995405936965,59.192259821250445,894.7762779243718
200.0,400.0,0,2500.0,0.0,600.0,100.0,2092337.317971133,1620000.0,472337.317971133,False,True,585.6995405936965,59.192259821250445,2076.313871506615
400.0,0.0,0,1500.0,200.0,1200.0,100.0,2027760.4334412077,1620000.0,407760.43344120786,False,True,585.6995405936965,59.192259821250445,642.2570049125665
0.0,0.0,1,2500.0,600.0,1200.0,150.0,2527076.9263138864,1622500.0,904576.9263138867,False,True,585.6995405936965,59.192259821250445,1728.4909932884723
0.0,0.0,2,3500.0,200.0,600.0,150.0,2338988.183107196,1622500.0,716488.1831071959,False,True,585.6995405936965,59.192259821250445,395.29286201881473
0.0,200.0,0,3500.0,600.0,600.0,150.0,2687138.888132023,1622500.0,1064638.8881320232,False,True,585.6995405936965,59.192259821250445,1694.690766260882
0.0,400.0,3,1500.0,0.0,600.0,150.0,2029037.7359915674,1622500.0,406537.7359915674,False,True,585.6995405936965,59.192259821250445,575.7625913699095
0.0,600.0,1,1500.0,400.0,600.0,150.0,2115981.378117024,1622500.0,493481.3781170238,False,True,585.6995405936965,59.192259821250445,253.50733851003054
200.0,200.0,2,1500.0,200.0,600.0,150.0,1824867.691641095,1622500.0,202367.6916410952,True,True,585.6995405936965,59.192259821250445,5.15059738492793
200.0,400.0,0,1500.0,600.0,600.0,150.0,2094837.317971133,1622500.0,472337.317971133,False,True,585.6995405936965,59.192259821250445,532.8771056845338
400.0,0.0,1,1500.0,400.0,600.0,150.0,1809805.6760887348,1622500.0,187305.67608873482,True,True,585.6995405936965,59.192259821250445,5.291119783365848
400.0,400.0,1,0.0,0.0,900.0,150.0,1718320.12907205,1622500.0,95820.1290720502,False,True,585.6995405936965,59.192259821250445,333.5561681445984
0.0,200.0,3,1500.0,200.0,900.0,100.0,2124243.5057410267,1625000.0,499243.5057410266,False,True,585.6995405936965,59.192259821250445,317.0882110663333
0.0,400.0,1,1500.0,600.0,900.0,100.0,2157775.1525305323,1625000.0,532775.1525305326,False,True,585.6995405936965,59.192259821250445,429.6921155124479
200.0,0.0,2,1500.0,400.0,900.0,100.0,1952756.3939694723,1625000.0,327756.39396947226,True,True,585.6995405936965,59.192259821250445,42.46676644426594
200.0,400.0,2,0.0,0.0,1200.0,100.0,1796516.917293193,1625000.0,171516.91729319302,False,True,585.6995405936965,59.192259821250445,174.32568998756835
0.0,200.0,2,2500.0,0.0,900.0,150.0,2132302.960183943,1627500.0,504802.96018394316,False,True,585.6995405936965,59.192259821250445,630.6724125908027
0.0,400.0,0,2500.0,400.0,900.0,150.0,2474857.2860747185,1627500.0,847357.2860747186,False,True,585.6995405936965,59.192259821250445,740.7013488973696
0.0,600.0,4,0.0,0.0,600.0,150.0,2006389.722674221,1627500.0,378889.72267422103,False,True,585.6995405936965,59.192259821250445,573.0166715033324
200.0,0.0,1,2500.0,200.0,900.0,150.0,2063939.7775245316,1627500.0,436439.7775245315,False,True,585.6995405936965,59.192259821250445,816.0134564553746
400.0,0.0,4,0.0,0.0,600.0,150.0,1769831.6828717156,1627500.0,142331.68287171566,False,True,585.6995405936965,59.192259821250445,133.07053115867245
0.0,0.0,2,2500.0,200.0,1200.0,100.0,2346647.3667806652,1630000.0,716647.3667806652,False,True,585.6995405936965,59.192259821250445,659.8041600828567
0.0,0.0,4,1500.0,600.0,600.0,100.0,2338753.183107196,1630000.0,708753.1831071959,False,True,585.6995405936965,59.192259821250445,880.2785147267587
0.0,200.0,0,2500.0,600.0,1200.0,100.0,2694798.0718054925,1630000.0,1064798.0718054925,False,True,585.6995405936965,59.192259821250445,1806.0675957862647
0.0,200.0,1,3500.0,200.0,600.0,100.0,2289997.334271546,1630000.0,659997.334271546,False,True,585.6995405936965,59.192259821250445,1206.566191502862
0.0,600.0,2,1500.0,0.0,600.0,100.0,2013175.95730898,1630000.0,383175.95730898,False,True,585.6995405936965,59.192259821250445,573.0166715033324
200.0,0.0,0,3500.0,400.0,600.0,100.0,2458857.849081711,1630000.0,828857.8490817107,False,True,585.6995405936965,59.192259821250445,1539.8884916753157
200.0,0.0,5,0.0,0.0,900.0,100.0,1951570.8406066727,1630000.0,321570.8406066726,False,True,585.6995405936965,59.192259821250445,266.6618445097679
200.0,400.0,1,1500.0,200.0,600.0,100.0,1857532.9236125029,1630000.0,227532.923612503,True,True,585.6995405936965,59.192259821250445,8.664494320857761
400.0,0.0,2,1500.0,0.0,600.0,100.0,1775381.638590457,1630000.0,145381.63859045692,False,True,585.6995405936965,59.192259821250445,133.07053115867245
400.0,200.0,0,1500.0,400.0,600.0,100.0,1888702.0054567046,1630000.0,258702.0054567047,False,True,585.6995405936965,59.192259821250445,244.36501399012548
400.0,600.0,0,0.0,0.0,900.0,100.0,1835924.5731056565,1630000.0,205924.57310565657,False,True,585.6995405936965,59.192259821250445,2076.313871506615
0.0,0.0,1,3500.0,0.0,1200.0,150.0,2537076.9263138864,1632500.0,904576.9263138867,False,True,585.6995405936965,59.192259821250445,2076.313871506615
0.0,0.0,3,2500.0,400.0,600.0,150.0,2341253.183107196,1632500.0,708753.1831071959,False,True,585.6995405936965,59.192259821250445,651.6581585848899
0.0,600.0,0,1500.0,200.0,1200.0,150.0,2393665.1478139246,1632500.0,761165.1478139247,False,True,585.6995405936965,59.192259821250445,1051.9495113236337
200.0,200.0,1,1500.0,0.0,1200.0,150.0,1902996.7537501168,1632500.0,270496.7537501168,False,True,585.6995405936965,59.192259821250445,894.7762779243718
200.0,400.0,0,2500.0,0.0,600.0,150.0,2104837.317971133,1632500.0,472337.317971133,False,True,585.6995405936965,59.192259821250445,2076.313871506615
400.0,0.0,0,1500.0,200.0,1200.0,150.0,2040260.4334412077,1632500.0,407760.43344120786,False,True,585.6995405936965,59.192259821250445,644.4726309912933
0.0,400.0,1,2500.0,0.0,900.0,100.0,2167775.1525305323,1635000.0,532775.1525305326,False,True,585.6995405936965,59.192259821250445,1418.200235193855
200.0,200.0,0,2500.0,200.0,900.0,100.0,2223342.3876718115,1635000.0,588342.3876718115,False,True,585.6995405936965,59.192259821250445,706.4944220617318
400.0,200.0,3,0.0,0.0,600.0,100.0,1720225.319571996,1635000.0,85225.31957199602,False,True,585.6995405936965,59.192259821250445,106.29518040292189
0.0,200.0,3,1500.0,200.0,900.0,150.0,2136743.5057410267,1637500.0,499243.5057410266,False,True,585.6995405936965,59.192259821250445,317.0882110663333
0.0,400.0,1,1500.0,600.0,900.0,150.0,2170275.1525305323,1637500.0,532775.1525305326,False,True,585.6995405936965,59.192259821250445,429.6921155124479
200.0,0.0,2,1500.0,400.0,900.0,150.0,1965256.3939694723,1637500.0,327756.39396947226,True,True,585.6995405936965,59.192259821250445,42.46676644426594
200.0,400.0,2,0.0,0.0,1200.0,150.0,1809016.917293193,1637500.0,171516.91729319302,False,True,585.6995405936965,59.192259821250445,174.32568998756835
0.0,0.0,3,1500.0,400.0,1200.0,100.0,2348912.3667806652,1640000.0,708912.3667806652,False,True,585.6995405936965,59.192259821250445,880.2785147267587
0.0,0.0,4,2500.0,0.0,600.0,100.0,2348753.183107196,1640000.0,708753.1831071959,False,True,585.6995405936965,59.192259821250445,1189.694398610327
0.0,200.0,0,3500.0,0.0,1200.0,100.0,2704798.0718054925,1640000.0,1064798.0718054925,False,True,585.6995405936965,59.192259821250445,2076.313871506615
0.0,200.0,2,2500.0,400.0,600.0,100.0,2144723.3683472085,1640000.0,504723.3683472084,True,True,585.6995405936965,59.192259821250445,137.9347276145933
200.0,0.0,1,2500.0,600.0,600.0,100.0,2076360.185687797,1640000.0,436360.1856877969,False,True,585.6995405936965,59.192259821250445,814.867822128218
200.0,400.0,0,1500.0,0.0,1200.0,100.0,2112377.1138895005,1640000.0,472377.1138895003,False,True,585.6995405936965,59.192259821250445,2076.313871506615
0.0,0.0,2,2500.0,200.0,1200.0,150.0,2359147.3667806652,1642500.0,716647.3667806652,False,True,585.6995405936965,59.192259821250445,659.8041600828567
0.0,0.0,4,1500.0,600.0,600.0,150.0,2351253.183107196,1642500.0,708753.1831071959,False,True,585.6995405936965,59.192259821250445,880.2785147267587
0.0,200.0,0,2500.0,600.0,1200.0,150.0,2707298.0718054925,1642500.0,1064798.0718054925,False,True,585.6995405936965,59.192259821250445,1806.0675957862647
0.0,200.0,1,3500.0,200.0,600.0,150.0,2302497.334271546,1642500.0,659997.334271546,False,True,585.6995405936965,59.192259821250445,1206.566191502862
0.0,600.0,2,1500.0,0.0,600.0,150.0,2025675.95730898,1642500.0,383175.95730898,False,True,585.6995405936965,59.192259821250445,573.0166715033324
200.0,0.0,0,3500.0,400.0,600.0,150.0,2471357.849081711,1642500.0,828857.8490817107,False,True,585.6995405936965,59.192259821250445,1539.8884916753157
200.0,0.0,5,0.0,0.0,900.0,150.0,1964070.8406066727,1642500.0,321570.8406066726,False,True,585.6995405936965,59.192259821250445,266.6618445097679
200.0,400.0,1,1500.0,200.0,600.0,150.0,1870032.9236125029,1642500.0,227532.923612503,True,True,585.6995405936965,59.192259821250445,8.664494320857761
400.0,0.0,2,1500.0,0.0,600.0,150.0,1787881.638590457,1642500.0,145381.63859045692,False,True,585.6995405936965,59.192259821250445,133.07053115867245
400.0,200.0,0,1500.0,400.0,600.0,150.0,1901202.0054567046,1642500.0,258702.0054567047,False,True,585.6995405936965,59.192259821250445,244.36501399012548
400.0,600.0,0,0.0,0.0,900.0,150.0,1848424.5731056565,1642500.0,205924.57310565657,False,True,585.6995405936965,59.192259821250445,2076.313871506615
0.0,0.0,1,3500.0,400.0,900.0,100.0,2549497.3344771517,1645000.0,904497.334477152,False,True,585.6995405936965,59.192259821250445,1571.7296271333694
0.0,0.0,6,0.0,0.0,1200.0,100.0,2353912.3667806652,1645000.0,708912.3667806652,False,True,585.6995405936965,59.192259821250445,1189.694398610327
0.0,400.0,2,1500.0,200.0,900.0,100.0,2056128.347665385,1645000.0,411128.34766538505,True,True,585.6995405936965,59.192259821250445,22.306810097728025
0.0,600.0,0,1500.0,600.0,900.0,100.0,2406145.249854741,1645000.0,761145.249854741,False,True,585.6995405936965,59.192259821250445,811.138453524077
200.0,0.0,3,1500.0,0.0,900.0,100.0,1966570.8406066727,1645000.0,321570.8406066726,False,True,585.6995405936965,59.192259821250445,266.6618445097679
200.0,200.0,1,1500.0,400.0,900.0,100.0,1915476.8557909331,1645000.0,270476.8557909331,True,True,585.6995405936965,59.192259821250445,137.03190978290448
200.0,600.0,1,0.0,0.0,1200.0,100.0,1862560.8898438022,1645000.0,217560.88984380223,False,True,585.6995405936965,59.192259821250445,810.6281258323335
400.0,0.0,0,1500.0,600.0,900.0,100.0,2052740.5354820243,1645000.0,407740.5354820242,False,True,585.6995405936965,59.192259821250445,625.2404385412713
600.0,0.0,1,0.0,0.0,1200.0,100.0,1744068.5599280125,1645000.0,99068.5599280126,False,True,585.6995405936965,59.192259821250445,310.6759773696418
0.0,400.0,1,2500.0,0.0,900.0,150.0,2180275.1525305323,1647500.0,532775.1525305326,False,True,585.6995405936965,59.192259821250445,1418.200235193855
200.0,200.0,0,2500.0,200.0,900.0,150.0,2235842.3876718115,1647500.0,588342.3876718115,False,True,585.6995405936965,59.192259821250445,706.4944220617318
400.0,200.0,3,0.0,0.0,600.0,150.0,1732725.319571996,1647500.0,85225.31957199602,False,True,585.6995405936965,59.192259821250445,106.29518040292189
0.0,0.0,5,1500.0,200.0,600.0,100.0,2358753.183107196,1650000.0,708753.1831071959,False,True,585.6995405936965,59.192259821250445,886.0578465384465
0.0,200.0,1,2500.0,200.0,1200.0,100.0,2310156.5179450153,1650000.0,660156.5179450155,False,True,585.6995405936965,59.192259821250445,1382.4627201178596
0.0,200.0,3,1500.0,600.0,600.0,100.0,2149163.9139042916,1650000.0,499163.9139042918,False,True,585.6995405936965,59.192259821250445,313.8544619169638
0.0,400.0,0,3500.0,200.0,600.0,100.0,2497337.3881155346,1650000.0,847337.3881155348,False,True,585.6995405936965,59.192259821250445,831.3960263688391
200.0,0.0,0,2500.0,400.0,1200.0,100.0,2479017.0327551803,1650000.0,829017.03275518,False,True,585.6995405936965,59.192259821250445,1681.093225187325
200.0,0.0,1,3500.0,0.0,600.0,100.0,2086360.185687797,1650000.0,436360.1856877969,False,True,585.6995405936965,59.192259821250445,1399.7405429916018
200.0,200.0,4,0.0,0.0,900.0,100.0,1848882.8168389888,1650000.0,198882.81683898886,False,True,585.6995405936965,59.192259821250445,178.27071712020143
200.0,600.0,0,1500.0,200.0,600.0,100.0,2092602.7943713125,1650000.0,442602.79437131237,False,True,585.6995405936965,59.192259821250445,519.0987767305214
400.0,200.0,1,1500.0,0.0,600.0,100.0,1760132.1412485081,1650000.0,110132.14124850804,False,True,585.6995405936965,59.192259821250445,350.56553980187266
600.0,0.0,0,1500.0,200.0,600.0,100.0,1862139.0881761005,1650000.0,212139.08817610046,False,True,585.6995405936965,59.192259821250445,72.41122111128588
0.0,0.0,3,1500.0,400.0,1200.0,150.0,2361412.3667806652,1652500.0,708912.3667806652,False,True,585.6995405936965,59.192259821250445,880.2785147267587
0.0,0.0,4,2500.0,0.0,600.0,150.0,2361253.183107196,1652500.0,708753.1831071959,False,True,585.6995405936965,59.192259821250445,1189.694398610327
0.0,200.0,0,3500.0,0.0,1200.0,150.0,2717298.0718054925,1652500.0,1064798.0718054925,False,True,585.6995405936965,59.192259821250445,2076.313871506615
0.0,200.0,2,2500.0,400.0,600.0,150.0,2157223.3683472085,1652500.0,504723.3683472084,True,True,585.6995405936965,59.192259821250445,137.9347276145933
200.0,0.0,1,2500.0,600.0,600.0,150.0,2088860.185687797,1652500.0,436360.1856877969,False,True,585.6995405936965,59.192259821250445,814.867822128218
200.0,400.0,0,1500.0,0.0,1200.0,150.0,2124877.1138895005,1652500.0,472377.1138895003,False,True,585.6995405936965,59.192259821250445,2076.313871506615
0.0,0.0,2,2500.0,600.0,900.0,100.0,2371567.7749439306,1655000.0,716567.7749439306,False,True,585.6995405936965,59.192259821250445,651.6581585848899
0.0,600.0,0,2500.0,0.0,900.0,100.0,2416145.249854741,1655000.0,761145.249854741,False,True,585.6995405936965,59.192259821250445,2076.313871506615
400.0,0.0,0,2500.0,0.0,900.0,100.0,2062740.5354820243,1655000.0,407740.5354820242,False,True,585.6995405936965,59.192259821250445,2076.313871506615
400.0,400.0,2,0.0,0.0,600.0,100.0,1731293.8826464266,1655000.0,76293.88264642653,False,True,585.6995405936965,59.192259821250445,106.29518040292189
0.0,0.0,1,3500.0,400.0,900.0,150.0,2561997.3344771517,1657500.0,904497.334477152,False,True,585.6995405936965,59.192259821250445,1571.7296271333694
0.0,0.0,6,0.0,0.0,1200.0,150.0,2366412.3667806652,1657500.0,708912.3667806652,False,True,585.6995405936965,59.192259821250445,1189.694398610327
0.0,400.0,2,1500.0,200.0,900.0,150.0,2068628.347665385,1657500.0,411128.34766538505,True,True,585.6995405936965,59.192259821250445,22.306810097728025
0.0,600.0,0,1500.0,600.0,900.0,150.0,2418645.249854741,1657500.0,761145.249854741,False,True,585.6995405936965,59.192259821250445,811.138453524077
200.0,0.0,3,1500.0,0.0,900.0,150.0,1979070.8406066727,1657500.0,321570.8406066726,False,True,585.6995405936965,59.192259821250445,266.6618445097679
200.0,200.0,1,1500.0,400.0,900.0,150.0,1927976.8557909331,1657500.0,270476.8557909331,True,True,585.6995405936965,59.192259821250445,137.03190978290448
200.0,600.0,1,0.0,0.0,1200.0,150.0,1875060.8898438022,1657500.0,217560.88984380223,False,True,585.6995405936965,59.192259821250445,810.6281258323335
400.0,0.0,0,1500.0,600.0,900.0,150.0,2065240.5354820243,1657500.0,407740.5354820242,False,True,585.6995405936965,59.192259821250445,627.456064619998
600.0,0.0,1,0.0,0.0,1200.0,150.0,1756572.45615621,1657500.0,99072.45615620993,False,True,585.6995405936965,59.192259821250445,310.6759773696418
0.0,0.0,4,1500.0,0.0,1200.0,100.0,2368912.3667806652,1660000.0,708912.3667806652,False,True,585.6995405936965,59.192259821250445,1189.694398610327
0.0,200.0,2,1500.0,400.0,1200.0,100.0,2164882.552020678,1660000.0,504882.55202067783,False,True,585.6995405936965,59.192259821250445,313.8544619169638
0.0,200.0,3,2500.0,0.0,600.0,100.0,2159163.9139042916,1660000.0,499163.9139042918,False,True,585.6995405936965,59.192259821250445,630.6724125908027
0.0,400.0,1,2500.0,400.0,600.0,100.0,2192755.254571349,1660000.0,532755.2545713489,False,True,585.6995405936965,59.192259821250445,182.42390684278186
200.0,0.0,1,1500.0,600.0,1200.0,100.0,2096519.3693612663,1660000.0,436519.36936126626,False,True,585.6995405936965,59.192259821250445,1055.1642060159227
200.0,0.0,2,2500.0,200.0,600.0,100.0,1987676.8021327376,1660000.0,327676.8021327376,True,True,585.6995405936965,59.192259821250445,12.919557022339719
200.0,200.0,0,2500.0,600.0,600.0,100.0,2248322.4897126276,1660000.0,588322.4897126278,False,True,585.6995405936965,59.192259821250445,688.1630419124212
0.0,0.0,5,1500.0,200.0,600.0,150.0,2371253.183107196,1662500.0,708753.1831071959,False,True,585.6995405936965,59.192259821250445,886.0578465384465
0.0,200.0,1,2500.0,200.0,1200.0,150.0,2322656.5179450153,1662500.0,660156.5179450155,False,True,585.6995405936965,59.192259821250445,1382.4627201178596
0.0,200.0,3,1500.0,600.0,600.0,150.0,2161663.9139042916,1662500.0,499163.9139042918,False,True,585.6995405936965,59.192259821250445,313.8544619169638
0.0,400.0,0,3500.0,200.0,600.0,150.0,2509837.3881155346,1662500.0,847337.3881155348,False,True,585.6995405936965,59.192259821250445,831.3960263688391
200.0,0.0,0,2500.0,400.0,1200.0,150.0,2491517.0327551803,1662500.0,829017.03275518,False,True,585.6995405936965,59.192259821250445,1681.093225187325
200.0,0.0,1,3500.0,0.0,600.0,150.0,2098860.185687797,1662500.0,436360.1856877969,False,True,585.6995405936965,59.192259821250445,1399.7405429916018
200.0,200.0,4,0.0,0.0,900.0,150.0,1861382.8168389888,1662500.0,198882.81683898886,False,True,585.6995405936965,59.192259821250445,178.27071712020143
200.0,600.0,0,1500.0,200.0,600.0,150.0,2105102.7943713125,1662500.0,442602.79437131237,False,True,585.6995405936965,59.192259821250445,519.0987767305214
400.0,200.0,1,1500.0,0.0,600.0,150.0,1772632.1412485081,1662500.0,110132.14124850804,False,True,585.6995405936965,59.192259821250445,350.56553980187266
600.0,0.0,0,1500.0,200.0,600.0,150.0,1874639.0881761005,1662500.0,212139.08817610046,False,True,585.6995405936965,59.192259821250445,72.41122111128588
0.0,0.0,2,3500.0,0.0,900.0,100.0,2381567.7749439306,1665000.0,716567.7749439306,False,True,585.6995405936965,59.192259821250445,1189.694398610327
0.0,200.0,0,3500.0,400.0,900.0,100.0,2729718.479968758,1665000.0,1064718.4799687578,False,True,585.6995405936965,59.192259821250445,1694.690766260882
0.0,200.0,5,0.0,0.0,1200.0,100.0,2164323.0975777614,1665000.0,499323.0975777613,False,True,585.6995405936965,59.192259821250445,630.6724125908027
0.0,600.0,1,1500.0,200.0,900.0,100.0,2158501.2760762074,1665000.0,493501.27607620746,False,True,585.6995405936965,59.192259821250445,279.7872930831399
200.0,200.0,2,1500.0,0.0,900.0,100.0,1867387.589600279,1665000.0,202387.58960027888,False,True,585.6995405936965,59.192259821250445,178.27071712020143
200.0,400.0,0,1500.0,400.0,900.0,100.0,2137357.2159303166,1665000.0,472357.21593031666,False,True,585.6995405936965,59.192259821250445,532.8771056845338
400.0,0.0,1,1500.0,200.0,900.0,100.0,1852325.5740479184,1665000.0,187325.5740479185,True,True,585.6995405936965,59.192259821250445,6.732546765397307
600.0,200.0,0,0.0,0.0,1200.0,100.0,1797191.2604091307,1665000.0,132191.2604091306,False,True,585.6995405936965,59.192259821250445,2076.313871506615
0.0,0.0,2,2500.0,600.0,900.0,150.0,2384067.7749439306,1667500.0,716567.7749439306,False,True,585.6995405936965,59.192259821250445,651.6581585848899
0.0,600.0,0,2500.0,0.0,900.0,150.0,2428645.249854741,1667500.0,761145.249854741,False,True,585.6995405936965,59.192259821250445,2076.313871506615
400.0,0.0,0,2500.0,0.0,900.0,150.0,2075240.5354820243,1667500.0,407740.5354820242,False,True,585.6995405936965,59.192259821250445,2076.313871506615
400.0,400.0,2,0.0,0.0,600.0,150.0,1743793.8826464266,1667500.0,76293.88264642653,False,True,585.6995405936965,59.192259821250445,106.29518040292189
0.0,200.0,4,1500.0,200.0,600.0,100.0,2169163.9139042916,1670000.0,499163.9139042918,False,True,585.6995405936965,59.192259821250445,317.0882110663333
0.0,400.0,0,2500.0,200.0,1200.0,100.0,2517377.1840339024,1670000.0,847377.1840339022,False,True,585.6995405936965,59.192259821250445,1016.9500391940073
0.0,400.0,2,1500.0,600.0,600.0,100.0,2081108.4497062014,1670000.0,411108.4497062013,True,True,585.6995405936965,59.192259821250445,1.0746958878371515e-13
200.0,0.0,1,2500.0,0.0,1200.0,100.0,2106519.3693612665,1670000.0,436519.36936126626,False,True,585.6995405936965,59.192259821250445,1399.7405429916018
200.0,0.0,3,1500.0,400.0,600.0,100.0,1991491.2487699378,1670000.0,321491.24876993784,True,True,585.6995405936965,59.192259821250445,42.46676644426594
200.0,200.0,0,3500.0,0.0,600.0,100.0,2258322.4897126276,1670000.0,588322.4897126278,False,True,585.6995405936965,59.192259821250445,2076.313871506615
200.0,400.0,3,0.0,0.0,900.0,100.0,1838366.4986867507,1670000.0,168366.4986867507,False,True,585.6995405936965,59.192259821250445,174.32568998756835
400.0,400.0,0,1500.0,0.0,600.0,100.0,1886372.9716510798,1670000.0,216372.9716510799,False,True,585.6995405936965,59.192259821250445,2076.313871506615
0.0,0.0,4,1500.0,0.0,1200.0,150.0,2381412.3667806652,1672500.0,708912.3667806652,False,True,585.6995405936965,59.192259821250445,1189.694398610327
0.0,200.0,2,1500.0,400.0,1200.0,150.0,2177382.552020678,1672500.0,504882.55202067783,False,True,585.6995405936965,59.192259821250445,313.8544619169638
0.0,200.0,3,2500.0,0.0,600.0,150.0,2171663.9139042916,1672500.0,499163.9139042918,False,True,585.6995405936965,59.192259821250445,630.6724125908027
0.0,400.0,1,2500.0,400.0,600.0,150.0,2205255.254571349,1672500.0,532755.2545713489,False,True,585.6995405936965,59.192259821250445,182.42390684278186
200.0,0.0,1,1500.0,600.0,1200.0,150.0,2109019.3693612665,1672500.0,436519.36936126626,False,True,585.6995405936965,59.192259821250445,1055.1642060159227
200.0,0.0,2,2500.0,200.0,600.0,150.0,2000176.8021327376,1672500.0,327676.8021327376,True,True,585.6995405936965,59.192259821250445,12.919557022339719
200.0,200.0,0,2500.0,600.0,600.0,150.0,2260822.4897126276,1672500.0,588322.4897126278,False,True,585.6995405936965,59.192259821250445,688.1630419124212
0.0,0.0,3,2500.0,200.0,900.0,100.0,2383832.7749439306,1675000.0,708832.7749439306,False,True,585.6995405936965,59.192259821250445,659.8041600828567
0.0,200.0,1,2500.0,600.0,900.0,100.0,2335076.9261082807,1675000.0,660076.9261082807,False,True,585.6995405936965,59.192259821250445,1376.614830451074
200.0,0.0,6,0.0,0.0,600.0,100.0,1996491.2487699378,1675000.0,321491.24876993784,False,True,585.6995405936965,59.192259821250445,266.6618445097679
400.0,600.0,1,0.0,0.0,600.0,100.0,1767401.169525732,1675000.0,92401.16952573204,False,True,585.6995405936965,59.192259821250445,327.1206197621602
0.0,0.0,2,3500.0,0.0,900.0,150.0,2394067.7749439306,1677500.0,716567.7749439306,False,True,585.6995405936965,59.192259821250445,1189.694398610327
0.0,200.0,0,3500.0,400.0,900.0,150.0,2742218.479968758,1677500.0,1064718.4799687578,False,True,585.6995405936965,59.192259821250445,1694.690766260882
0.0,200.0,5,0.0,0.0,1200.0,150.0,2176823.0975777614,1677500.0,499323.0975777613,False,True,585.6995405936965,59.192259821250445,630.6724125908027
0.0,600.0,1,1500.0,200.0,900.0,150.0,2171001.2760762074,1677500.0,493501.27607620746,False,True,585.6995405936965,59.192259821250445,279.7872930831399
200.0,200.0,2,1500.0,0.0,900.0,150.0,1879887.589600279,1677500.0,202387.58960027888,False,True,585.6995405936965,59.192259821250445,178.27071712020143
200.0,400.0,0,1500.0,400.0,900.0,150.0,2149857.2159303166,1677500.0,472357.21593031666,False,True,585.6995405936965,59.192259821250445,532.8771056845338
400.0,0.0,1,1500.0,200.0,900.0,150.0,1864825.5740479184,1677500.0,187325.5740479185,True,True,585.6995405936965,59.192259821250445,6.732546765397307
600.0,200.0,0,0.0,0.0,1200.0,150.0,1809695.156637328,1677500.0,132195.15663732792,False,True,585.6995405936965,59.192259821250445,2076.313871506615
0.0,0.0,0,3500.0,600.0,1200.0,100.0,2990498.8013138883,1680000.0,1310498.8013138883,False,True,585.6995405936965,59.192259821250445,1776.2823415005319
0.0,200.0,3,1500.0,0.0,1200.0,100.0,2179323.0975777614,1680000.0,499323.0975777613,False,True,585.6995405936965,59.192259821250445,630.6724125908027
0.0,400.0,1,1500.0,400.0,1200.0,100.0,2212795.050489716,1680000.0,532795.0504897162,False,True,585.6995405936965,59.192259821250445,429.6921155124479
0.0,400.0,2,2500.0,0.0,600.0,100.0,2091108.4497062014,1680000.0,411108.4497062013,False,True,585.6995405936965,59.192259821250445,575.7625913699095
0.0,600.0,0,2500.0,400.0,600.0,100.0,2441125.3518955573,1680000.0,761125.3518955574,False,True,585.6995405936965,59.192259821250445,582.7644367719515
200.0,0.0,2,1500.0,200.0,1200.0,100.0,2007835.9858062072,1680000.0,327835.98580620706,True,True,585.6995405936965,59.192259821250445,47.13839406595409
200.0,200.0,0,1500.0,600.0,1200.0,100.0,2268362.2856309954,1680000.0,588362.2856309952,False,True,585.6995405936965,59.192259821250445,983.3351823364288
200.0,200.0,1,2500.0,200.0,600.0,100.0,1950456.9578317495,1680000.0,270456.95783174946,True,True,585.6995405936965,59.192259821250445,26.843672692662025
400.0,0.0,0,2500.0,400.0,600.0,100.0,2087720.6375228404,1680000.0,407720.63752284046,False,True,585.6995405936965,59.192259821250445,445.36848424891974
0.0,200.0,4,1500.0,200.0,600.0,150.0,2181663.9139042916,1682500.0,499163.9139042918,False,True,585.6995405936965,59.192259821250445,317.0882110663333
0.0,400.0,0,2500.0,200.0,1200.0,150.0,2529877.1840339024,1682500.0,847377.1840339022,False,True,585.6995405936965,59.192259821250445,1016.9500391940073
0.0,400.0,2,1500.0,600.0,600.0,150.0,2093608.4497062014,1682500.0,411108.4497062013,True,True,585.6995405936965,59.192259821250445,1.0746958878371515e-13
200.0,0.0,1,2500.0,0.0,1200.0,150.0,2119019.3693612665,1682500.0,436519.36936126626,False,True,585.6995405936965,59.192259821250445,1399.7405429916018
200.0,0.0,3,1500.0,400.0,600.0,150.0,2003991.2487699378,1682500.0,321491.24876993784,True,True,585.6995405936965,59.192259821250445,42.46676644426594
200.0,200.0,0,3500.0,0.0,600.0,150.0,2270822.4897126276,1682500.0,588322.4897126278,False,True,585.6995405936965,59.192259821250445,2076.313871506615
200.0,400.0,3,0.0,0.0,900.0,150.0,1850866.4986867507,1682500.0,168366.4986867507,False,True,585.6995405936965,59.192259821250445,174.32568998756835
400.0,400.0,0,1500.0,0.0,600.0,150.0,1898872.9716510798,1682500.0,216372.9716510799,False,True,585.6995405936965,59.192259821250445,2076.313871506615
0.0,0.0,4,1500.0,400.0,900.0,100.0,2393832.7749439306,1685000.0,708832.7749439306,False,True,585.6995405936965,59.192259821250445,880.2785147267587
0.0,200.0,1,3500.0,0.0,900.0,100.0,2345076.9261082807,1685000.0,660076.9261082807,False,True,585.6995405936965,59.192259821250445,1815.1591224382312
0.0,400.0,4,0.0,0.0,1200.0,100.0,2091577.5319099347,1685000.0,406577.5319099347,False,True,585.6995405936965,59.192259821250445,575.7625913699095
200.0,0.0,0,3500.0,200.0,900.0,100.0,2513937.440918445,1685000.0,828937.4409184452,False,True,585.6995405936965,59.192259821250445,1546.346742363763
200.0,400.0,1,1500.0,0.0,900.0,100.0,1912552.8215716868,1685000.0,227552.82157168665,False,True,585.6995405936965,59.192259821250445,826.0672356405564
400.0,200.0,0,1500.0,200.0,900.0,100.0,1943721.9034158883,1685000.0,258721.90341588837,False,True,585.6995405936965,59.192259821250445,255.87661706346347
0.0,0.0,3,2500.0,200.0,900.0,150.0,2396332.7749439306,1687500.0,708832.7749439306,False,True,585.6995405936965,59.192259821250445,659.8041600828567
0.0,200.0,1,2500.0,600.0,900.0,150.0,2347576.9261082807,1687500.0,660076.9261082807,False,True,585.6995405936965,59.192259821250445,1376.614830451074
200.0,0.0,6,0.0,0.0,600.0,150.0,2008991.2487699378,1687500.0,321491.24876993784,False,True,585.6995405936965,59.192259821250445,266.6618445097679
400.0,600.0,1,0.0,0.0,600.0,150.0,1779901.169525732,1687500.0,92401.16952573204,False,True,585.6995405936965,59.192259821250445,327.1206197621602
0.0,0.0,2,3500.0,400.0,600.0,100.0,2406488.183107196,1690000.0,716488.1831071959,False,True,585.6995405936965,59.192259821250445,387.03497467138266
0.0,0.0,7,0.0,0.0,900.0,100.0,2398832.7749439306,1690000.0,708832.7749439306,False,True,585.6995405936965,59.192259821250445,1189.694398610327
0.0,400.0,3,1500.0,200.0,600.0,100.0,2096537.7359915674,1690000.0,406537.7359915674,True,True,585.6995405936965,59.192259821250445,22.306810097728025
0.0,600.0,1,1500.0,600.0,600.0,100.0,2183481.378117024,1690000.0,493481.3781170238,False,True,585.6995405936965,59.192259821250445,253.50733851003054
200.0,0.0,4,1500.0,0.0,600.0,100.0,2011491.2487699378,1690000.0,321491.24876993784,False,True,585.6995405936965,59.192259821250445,266.6618445097679
200.0,200.0,0,2500.0,0.0,1200.0,100.0,2278362.2856309954,1690000.0,588362.2856309952,False,True,585.6995405936965,59.192259821250445,2076.313871506615
200.0,200.0,2,1500.0,400.0,600.0,100.0,1892367.691641095,1690000.0,202367.6916410952,True,True,585.6995405936965,59.192259821250445,2.1760371282653068e-14
200.0,600.0,2,0.0,0.0,900.0,100.0,1854413.5093428355,1690000.0,164413.50934283543,False,True,585.6995405936965,59.192259821250445,173.14129509402034
400.0,0.0,1,1500.0,600.0,600.0,100.0,1877305.6760887348,1690000.0,187305.67608873482,True,True,585.6995405936965,59.192259821250445,5.291119783365848
600.0,0.0,2,0.0,0.0,900.0,100.0,1769715.5842375387,1690000.0,79715.58423753885,False,True,585.6995405936965,59.192259821250445,107.11814363637254
0.0,0.0,0,3500.0,600.0,1200.0,150.0,3002998.8013138883,1692500.0,1310498.8013138883,False,True,585.6995405936965,59.192259821250445,1776.2823415005319
0.0,200.0,3,1500.0,0.0,1200.0,150.0,2191823.0975777614,1692500.0,499323.0975777613,False,True,585.6995405936965,59.192259821250445,630.6724125908027
0.0,400.0,1,1500.0,400.0,1200.0,150.0,2225295.050489716,1692500.0,532795.0504897162,False,True,585.6995405936965,59.192259821250445,429.6921155124479
0.0,400.0,2,2500.0,0.0,600.0,150.0,2103608.4497062014,1692500.0,411108.4497062013,False,True,585.6995405936965,59.192259821250445,575.7625913699095
0.0,600.0,0,2500.0,400.0,600.0,150.0,2453625.3518955573,1692500.0,761125.3518955574,False,True,585.6995405936965,59.192259821250445,582.7644367719515
200.0,0.0,2,1500.0,200.0,1200.0,150.0,2020335.9858062072,1692500.0,327835.98580620706,True,True,585.6995405936965,59.192259821250445,47.13839406595409
200.0,200.0,0,1500.0,600.0,1200.0,150.0,2280862.2856309954,1692500.0,588362.2856309952,False,True,585.6995405936965,59.192259821250445,983.3351823364288
200.0,200.0,1,2500.0,200.0,600.0,150.0,1962956.9578317495,1692500.0,270456.95783174946,True,True,585.6995405936965,59.192259821250445,26.843672692662025
400.0,0.0,0,2500.0,400.0,600.0,150.0,2100220.6375228404,1692500.0,407720.63752284046,False,True,585.6995405936965,59.192259821250445,445.36848424891974
0.0,200.0,2,2500.0,200.0,900.0,100.0,2199802.960183943,1695000.0,504802.96018394316,True,True,585.6995405936965,59.192259821250445,149.26975285309234
0.0,400.0,0,2500.0,600.0,900.0,100.0,2542357.2860747185,1695000.0,847357.2860747186,False,True,585.6995405936965,59.192259821250445,740.7013488973696
200.0,0.0,1,2500.0,400.0,900.0,100.0,2131439.7775245314,1695000.0,436439.7775245315,False,True,585.6995405936965,59.192259821250445,814.867822128218
200.0,200.0,5,0.0,0.0,600.0,100.0,1893862.9188798051,1695000.0,198862.9188798052,False,True,585.6995405936965,59.192259821250445,178.27071712020143
0.0,0.0,4,1500.0,400.0,900.0,150.0,2406332.7749439306,1697500.0,708832.7749439306,False,True,585.6995405936965,59.192259821250445,880.2785147267587
0.0,200.0,1,3500.0,0.0,900.0,150.0,2357576.9261082807,1697500.0,660076.9261082807,False,True,585.6995405936965,59.192259821250445,1815.1591224382312
0.0,400.0,4,0.0,0.0,1200.0,150.0,2104077.5319099347,1697500.0,406577.5319099347,False,True,585.6995405936965,59.192259821250445,575.7625913699095
200.0,0.0,0,3500.0,200.0,900.0,150.0,2526437.440918445,1697500.0,828937.4409184452,False,True,585.6995405936965,59.192259821250445,1546.346742363763
200.0,400.0,1,1500.0,0.0,900.0,150.0,1925052.8215716868,1697500.0,227552.82157168665,False,True,585.6995405936965,59.192259821250445,826.0672356405564
400.0,200.0,0,1500.0,200.0,900.0,150.0,1956221.9034158883,1697500.0,258721.90341588837,False,True,585.6995405936965,59.192259821250445,255.87661706346347
0.0,0.0,1,3500.0,200.0,1200.0,100.0,2604576.9263138864,1700000.0,904576.9263138867,False,True,585.6995405936965,59.192259821250445,1591.4299599499625
0.0,0.0,3,2500.0,600.0,600.0,100.0,2408753.183107196,1700000.0,708753.1831071959,False,True,585.6995405936965,59.192259821250445,651.6581585848899
0.0,400.0,2,1500.0,0.0,1200.0,100.0,2111148.245624569,1700000.0,411148.2456245687,False,True,585.6995405936965,59.192259821250445,575.7625913699095
0.0,600.0,0,1500.0,400.0,1200.0,100.0,2461165.1478139246,1700000.0,761165.1478139247,False,True,585.6995405936965,59.192259821250445,811.138453524077
0.0,600.0,1,2500.0,0.0,600.0,100.0,2193481.378117024,1700000.0,493481.3781170238,False,True,585.6995405936965,59.192259821250445,1308.2284602919071
200.0,200.0,1,1500.0,200.0,1200.0,100.0,1970496.7537501168,1700000.0,270496.7537501168,True,True,585.6995405936965,59.192259821250445,148.14344746775032
200.0,400.0,0,2500.0,200.0,600.0,100.0,2172337.317971133,1700000.0,472337.317971133,False,True,585.6995405936965,59.192259821250445,241.90075068251252
400.0,0.0,0,1500.0,400.0,1200.0,100.0,2107760.4334412077,1700000.0,407760.43344120786,False,True,585.6995405936965,59.192259821250445,626.8509332959256
400.0,0.0,1,2500.0,0.0,600.0,100.0,1887305.6760887348,1700000.0,187305.67608873482,False,True,585.6995405936965,59.192259821250445,486.9142318326683
