block,scenario,annual_hour,timestamp,wind,pv,battery_charge,battery_discharge,ups_charge,ups_discharge,core_main,rigid_shed,interrupt_shed,interrupt_adjust,bus_live,ups_on,diesel_kw,heater_kw,shift_served_kw,battery_energy_kwh,ups_energy_kwh
0,annual_normal,0,2026-02-03 00:00:00+08:00,108.51440491515031,0.0,0.0,79.40020678027648,0.0,0.0,33.30356092174226,0.0,0.0,14.41383992413696,1.0,0.0,0.0,0.0,0.0,450.0,522.5
0,annual_normal,1,2026-02-03 01:00:00+08:00,55.17169739177084,0.0,0.0,135.38260769626808,0.0,0.0,34.9851924310536,0.0,0.0,14.597583326460597,1.0,0.0,0.0,1.8549085109729435,0.0,366.42083496813,522.5
0,annual_normal,2,2026-02-03 02:00:00+08:00,92.7202729374894,0.0,0.0,103.54191101642233,0.0,0.0,35.257963436492076,0.0,0.0,13.838520004901463,1.0,0.0,0.0,12.0,0.0,223.91282686679523,522.5
0,annual_normal,3,2026-02-03 03:00:00+08:00,54.41325100108452,0.0,0.0,35.75013858362274,0.0,0.0,35.06409866057958,0.0,0.0,15.234174768123996,1.0,0.0,100.0,0.0,0.0,114.92134158635068,522.5
0,annual_normal,4,2026-02-03 04:00:00+08:00,112.8069905509492,0.0,0.0,0.0,0.0,0.0,36.07186067606773,0.0,0.0,16.206197998432465,1.0,0.0,100.0,0.0,15.981548648934734,77.28961676148464,522.5
0,annual_normal,5,2026-02-03 05:00:00+08:00,101.86448665033157,0.0,0.0,0.0,0.0,0.0,36.17146274555982,0.0,0.0,8.349894150211327,1.0,0.0,100.0,0.0,0.0,77.28961676148464,522.5
0,annual_normal,6,2026-02-03 06:00:00+08:00,114.65579844830572,0.0,10.723575860196442,0.0,0.0,0.0,38.084469141925474,0.0,0.0,14.826143241817357,1.0,0.0,100.0,0.0,3.8798863850394376,77.28961676148464,522.5
0,annual_normal,7,2026-02-03 07:00:00+08:00,95.83515501394001,0.0,0.0,4.418603677043581,0.0,0.0,36.918735787332466,0.0,0.0,16.958294925350778,1.0,0.0,100.0,0.0,0.0,87.47701382867126,522.5
0,annual_normal,8,2026-02-03 08:00:00+08:00,143.73236047669465,0.0,4.518290667641175,0.0,0.0,0.0,38.83594266718331,0.0,0.0,11.075964176201474,1.0,0.0,100.0,1.5752124084038772,24.0,82.82585206336223,522.5
0,annual_normal,9,2026-02-03 09:00:00+08:00,92.68657352058023,0.0,0.0,10.512316787741767,0.0,0.0,36.854614058690494,0.0,0.0,17.888010820975992,1.0,0.0,100.0,0.0,0.0,87.11822819762135,522.5
0,annual_normal,10,2026-02-03 10:00:00+08:00,65.1658774351368,0.0,0.0,0.0,0.0,0.0,37.60081594337189,0.0,0.0,0.0,1.0,0.0,200.0,0.0,37.73983480538454,76.0526315789458,522.5
0,annual_normal,11,2026-02-03 11:00:00+08:00,98.80721487684261,0.0,6.952567684025553,0.0,0.0,0.0,37.83551178184338,0.0,0.0,0.0,1.0,0.0,200.0,0.0,60.0,76.0526315789458,522.5
0,annual_normal,12,2026-02-03 12:00:00+08:00,69.98489983704188,0.0,0.0,0.0,0.0,0.0,36.08995673413924,0.0,0.0,0.0,1.0,0.0,200.0,0.0,41.6175093185212,82.65757087877009,522.5
0,annual_normal,13,2026-02-03 13:00:00+08:00,46.087883961540875,0.0,0.0,0.0,0.0,0.0,36.726679726563106,0.0,0.0,15.23541346129825,1.0,0.0,200.0,0.0,26.868462497321367,82.65757087877009,522.5
0,annual_normal,14,2026-02-03 14:00:00+08:00,65.08830486267757,0.0,0.0,0.0,0.0,0.0,36.25385653135059,0.0,0.0,0.0,1.0,0.0,197.41546203779546,0.0,29.464101615137753,82.65757087877009,522.5
0,annual_normal,15,2026-02-03 15:00:00+08:00,70.07922126515714,0.0,1.4507665259041076,0.0,0.0,0.0,34.86632199442412,0.0,0.0,0.0,1.0,0.0,200.0,0.0,42.1649511899367,82.6575708787701,522.5
0,annual_normal,16,2026-02-03 16:00:00+08:00,121.88788789313156,0.0,0.0,0.0,0.0,0.0,35.67665729589522,0.0,0.0,0.0,1.0,0.0,167.75280703564698,0.0,60.0,84.035799078379,522.5
0,annual_normal,17,2026-02-03 17:00:00+08:00,92.73249694923868,0.0,44.468599052248315,0.0,0.0,0.0,34.54723641379779,0.0,0.0,0.0,1.0,0.0,200.0,0.0,29.86370330515627,84.035799078379,522.5
0,annual_normal,18,2026-02-03 18:00:00+08:00,64.50020872834364,0.0,13.836321518367562,0.0,0.0,0.0,32.97290369232162,0.0,0.0,0.0,1.0,0.0,200.0,0.0,29.464101615137757,126.28096817801489,522.5
0,annual_normal,19,2026-02-03 19:00:00+08:00,45.68085022673801,0.0,0.0,0.0,0.0,0.0,34.77727587306803,0.0,0.0,0.0,1.0,0.0,194.42581507453306,0.0,28.82842712474619,139.42547362046406,522.5
0,annual_normal,20,2026-02-03 20:00:00+08:00,77.45361707777377,0.0,35.770240848516664,0.0,0.0,0.0,34.16521836104813,0.0,0.0,0.0,1.0,0.0,200.0,0.0,28.0,139.42547362046406,522.5
0,annual_normal,21,2026-02-03 21:00:00+08:00,93.94920309751484,0.0,0.0,0.0,0.0,0.0,34.011567813529595,0.0,0.0,0.0,1.0,0.0,142.93547318448057,0.0,27.035276180410083,173.4072024265549,522.5
0,annual_normal,22,2026-02-03 22:00:00+08:00,75.73659197499238,0.0,49.55564142842115,0.0,0.0,0.0,33.37146731752924,0.0,0.0,0.0,1.0,0.0,200.0,0.0,26.0,173.4072024265549,522.5
0,annual_normal,23,2026-02-03 23:00:00+08:00,65.8370823374407,0.0,21.58879974525028,0.0,0.0,0.0,33.035990361287475,0.0,0.0,0.0,1.0,0.0,200.0,0.0,41.101020514433664,220.48506178355498,522.5
0,annual_normal,24,2026-02-04 00:00:00+08:00,48.02796335377962,0.0,0.0,0.0,0.0,0.0,34.68843374320883,0.0,0.0,14.173067206318223,1.0,0.0,171.01112632566725,0.0,30.952674118538702,240.99442154154275,522.5
0,annual_normal,25,2026-02-04 01:00:00+08:00,83.83404685985786,0.0,33.825669873188616,0.0,0.0,0.0,34.91560103527593,0.0,0.0,5.826053475770582,1.0,0.0,200.0,0.0,60.0,240.99442154154275,522.5
0,annual_normal,26,2026-02-04 02:00:00+08:00,21.559696119386004,0.0,1.0,0.0,0.0,0.0,35.01630202299253,0.0,0.0,1.0873107133461168,1.0,0.0,200.0,0.0,22.535898384862247,273.12880792107194,522.5
0,annual_normal,27,2026-02-04 03:00:00+08:00,42.850672297273974,0.0,0.0,0.0,0.0,0.0,34.684492458268295,0.0,0.0,0.0,1.0,0.0,199.93131013233187,0.0,40.79230869466653,274.0788079210719,522.5
0,annual_normal,28,2026-02-04 04:00:00+08:00,62.88926772660992,0.0,39.340682919189085,0.0,0.0,0.0,34.72185360833212,0.0,0.0,15.226515646769798,1.0,0.0,200.0,0.0,31.554063556732608,274.0788079210719,522.5
0,annual_normal,29,2026-02-04 05:00:00+08:00,107.93968384366997,0.0,0.0,0.0,0.0,0.0,36.19632409290835,0.0,0.0,15.300996620041477,1.0,0.0,100.0,0.0,9.469917832682826,311.45245669430153,522.5
0,annual_normal,30,2026-02-04 06:00:00+08:00,42.555047365334254,0.0,0.0,60.33274958134058,0.0,0.0,36.632657084949926,0.0,0.0,15.948172976873614,1.0,0.0,100.0,0.0,0.0,311.45245669430153,522.5
0,annual_normal,31,2026-02-04 07:00:00+08:00,99.65018453972267,0.0,0.0,3.3943118193056985,0.0,0.0,36.868777429653285,0.0,0.0,16.9535732718637,1.0,0.0,100.0,0.0,0.0,247.94429924025883,522.5
0,annual_normal,32,2026-02-04 08:00:00+08:00,69.22305078005398,0.0,0.0,40.74955008855257,0.0,0.0,36.49128447861586,0.0,0.0,17.410853760727743,1.0,0.0,100.0,0.0,0.0,244.37133943046337,522.5
0,annual_normal,33,2026-02-04 09:00:00+08:00,137.8966039158273,0.0,0.0,0.0,0.0,0.0,37.099637509706646,0.0,0.0,17.945604828366278,1.0,0.0,100.0,0.0,27.66223715118968,201.47707617935538,522.5
0,annual_normal,34,2026-02-04 10:00:00+08:00,74.42599994309165,0.0,0.0,0.0,0.0,0.0,37.90792519052057,0.0,0.0,0.0,1.0,0.0,200.0,0.0,41.50684632623564,201.47707617935538,522.5
0,annual_normal,35,2026-02-04 11:00:00+08:00,57.104066697072234,0.0,1.0,0.0,0.0,0.0,36.91815880473454,0.0,0.0,4.598989301283943,1.0,0.0,200.0,0.0,30.397827245671532,201.47707617935538,522.5
0,annual_normal,36,2026-02-04 12:00:00+08:00,97.43307399625046,0.0,14.473355945830086,0.0,0.0,0.0,36.24505743567419,0.0,0.0,0.0,1.0,0.0,178.13768791370342,0.0,28.0,202.42707617935537,522.5
0,annual_normal,37,2026-02-04 13:00:00+08:00,73.9487821844907,0.0,15.062582272484036,0.0,0.0,0.0,37.35462409559097,0.0,0.0,0.0,1.0,0.0,200.0,0.0,28.82842712474619,216.17676432789395,522.5
0,annual_normal,38,2026-02-04 14:00:00+08:00,96.04667927732076,0.0,39.98731896067534,0.0,0.0,0.0,36.27669630055959,0.0,0.0,0.0,1.0,0.0,200.0,0.0,29.464101615137753,230.4862174867538,522.5
0,annual_normal,39,2026-02-04 15:00:00+08:00,84.46738167677425,0.0,25.117827665681745,0.0,0.0,0.0,35.75297225202479,0.0,0.0,0.0,1.0,0.0,200.0,0.0,29.86370330515627,268.47417049939537,522.5
0,annual_normal,40,2026-02-04 16:00:00+08:00,80.63211528197043,0.0,26.76139514164231,0.0,0.0,0.0,34.02464410588767,0.0,0.0,0.0,1.0,0.0,200.0,0.0,30.0,292.33610678179303,522.5
0,annual_normal,41,2026-02-04 17:00:00+08:00,107.66039416117357,0.0,0.0,0.0,0.0,0.0,33.984091870280785,0.0,0.0,0.0,1.0,0.0,175.69749347348153,0.0,60.0,317.75943216635324,522.5
0,annual_normal,42,2026-02-04 18:00:00+08:00,47.89177858574511,0.0,16.5205909722373,0.0,0.0,0.0,33.76466304286411,0.0,0.0,18.246141026664386,1.0,0.0,200.0,0.0,29.464101615137757,317.75943216635324,522.5
0,annual_normal,43,2026-02-04 19:00:00+08:00,92.40627275359736,0.0,0.0,0.0,0.0,0.0,34.735004235592555,0.0,0.0,15.038376815350595,1.0,0.0,139.5428063142723,0.0,28.82842712474619,333.45399358997867,522.5
0,annual_normal,44,2026-02-04 20:00:00+08:00,94.49133838480533,0.0,62.84157259795646,0.0,0.0,0.0,32.45110954148701,0.0,0.0,0.0,1.0,0.0,200.0,0.0,28.0,333.45399358997867,522.5
0,annual_normal,45,2026-02-04 21:00:00+08:00,60.241985050262386,0.0,24.587103525431257,0.0,0.0,0.0,33.75676043072038,0.0,0.0,0.0,1.0,0.0,200.0,0.0,27.035276180410083,393.1534875580373,522.5
0,annual_normal,46,2026-02-04 22:00:00+08:00,66.51638221660272,0.0,1.0,0.0,0.0,0.0,34.41959567486781,0.0,0.0,0.0,1.0,0.0,200.0,0.0,56.67064270433637,416.511235907197,522.5
0,annual_normal,47,2026-02-04 23:00:00+08:00,72.29642643886751,0.0,0.0,0.0,0.0,0.0,34.65730784212104,0.0,0.0,0.0,1.0,0.0,154.18831137935763,0.0,24.964723819589917,417.46123590719696,522.5
0,annual_normal,48,2026-02-05 00:00:00+08:00,180.46733184111906,0.0,0.0,0.0,0.0,0.0,35.1100488963602,0.0,0.0,0.0,1.0,0.0,48.30902864525487,0.0,24.0,417.46123590719696,522.5
0,annual_normal,49,2026-02-05 01:00:00+08:00,191.56026755814457,0.0,0.0,1.0,0.0,0.0,33.38215622484842,0.0,0.0,14.268283264517953,1.0,0.0,0.0,0.0,14.854717306349409,417.46123590719696,522.5
0,annual_normal,50,2026-02-05 02:00:00+08:00,182.22475206061677,0.0,0.0,3.1306992633900848,0.0,0.0,35.77247842718687,0.0,0.0,14.293435679354303,1.0,0.0,0.0,0.0,0.0,416.4086043282496,522.5
0,annual_normal,51,2026-02-05 03:00:00+08:00,200.0,0.0,0.0,1.0,0.0,0.0,36.28076794610962,0.0,0.0,14.106546137553028,1.0,0.0,0.0,0.0,15.15426924321015,413.113131419418,522.5
0,annual_normal,52,2026-02-05 04:00:00+08:00,189.07457893397302,0.0,0.0,2.9715252946122863,0.0,0.0,35.45369296349774,0.0,0.0,14.973757598743356,1.0,0.0,0.0,0.0,0.0,412.06049984047064,522.5
0,annual_normal,53,2026-02-05 05:00:00+08:00,179.12041583248967,0.0,0.0,35.09626768938665,0.0,0.0,37.42252213948602,0.0,0.0,14.558133542197654,1.0,0.0,0.0,0.0,22.136296694843725,408.9325784777208,522.5
0,annual_normal,54,2026-02-05 06:00:00+08:00,200.0,0.0,0.0,1.460187004278665,0.0,0.0,36.930027841145986,0.0,0.0,16.889920756640834,1.0,0.0,0.0,0.0,0.0,371.9891388046822,522.5
0,annual_normal,55,2026-02-05 07:00:00+08:00,191.1998460925411,0.0,0.0,21.43822074490526,0.0,0.0,37.93715091183955,0.0,0.0,16.355269730533482,1.0,0.0,0.0,0.0,11.008467213084023,370.45209985280997,522.5
0,annual_normal,56,2026-02-05 08:00:00+08:00,200.0,0.0,0.0,27.20438649112064,0.0,0.0,38.460679103982564,0.0,0.0,16.926519030144867,1.0,0.0,0.0,0.0,24.0,347.88555170027814,522.5
0,annual_normal,57,2026-02-05 09:00:00+08:00,185.62587152603334,0.0,1.2438615063987797,0.0,0.0,0.0,38.38205518538873,0.0,0.0,0.0,1.0,0.0,100.0,0.0,60.0,319.24935539383534,522.5
0,annual_normal,58,2026-02-05 10:00:00+08:00,187.19605862298565,0.0,0.0,0.0,0.0,0.0,37.56011437204766,0.0,0.0,0.0,1.0,0.0,98.70848606210477,0.0,59.99999999999999,320.4310238249142,522.5
0,annual_normal,59,2026-02-05 11:00:00+08:00,184.59058307542585,0.0,0.0,0.0,0.0,0.0,36.85251261535652,0.0,0.0,0.0,1.0,0.0,100.0,2.1157943013741733,50.03488677993451,320.4310238249142,522.5
0,annual_normal,60,2026-02-05 12:00:00+08:00,180.59625863980423,0.0,0.0,0.0,0.0,0.0,37.418626095065356,0.0,0.0,0.0,1.0,0.0,80.33806661329712,0.0,28.0,320.4310238249142,522.5
0,annual_normal,61,2026-02-05 13:00:00+08:00,179.67267404586843,0.0,0.0,0.0,0.0,0.0,36.43633984515527,0.0,0.0,0.0,1.0,0.0,87.39474012188043,0.0,28.82842712474619,320.4310238249142,522.5
0,annual_normal,62,2026-02-05 14:00:00+08:00,195.95528916048437,0.0,0.0,0.0,0.0,0.0,35.69261326080196,0.0,0.0,0.0,1.0,0.0,65.71985566158652,0.0,29.464101615137753,320.4310238249142,522.5
0,annual_normal,63,2026-02-05 15:00:00+08:00,191.41731438384105,0.0,0.0,0.0,0.0,0.0,36.02961191418321,0.0,0.0,0.0,1.0,0.0,69.5026148766969,4.511965798402203,29.86370330515627,320.4310238249142,522.5
0,annual_normal,64,2026-02-05 16:00:00+08:00,200.0,0.0,0.0,0.0,0.0,0.0,34.51720185627605,0.0,0.0,0.0,1.0,0.0,55.80930160250033,0.0,30.0,320.4310238249142,522.5
0,annual_normal,65,2026-02-05 17:00:00+08:00,183.4827387811195,0.0,0.0,0.0,0.0,0.0,33.372558631361784,0.0,0.0,0.0,1.0,0.0,67.96583285873183,0.0,29.86370330515627,320.4310238249142,522.5
0,annual_normal,66,2026-02-05 18:00:00+08:00,185.56998563635884,0.0,0.0,0.0,0.0,0.0,34.29995200360956,0.0,0.0,0.0,1.0,0.0,67.25328613428843,0.0,29.46410161513775,320.4310238249142,522.5
0,annual_normal,67,2026-02-05 19:00:00+08:00,194.81651833104362,0.0,0.0,0.0,0.0,0.0,32.847272221003365,0.0,0.0,0.0,1.0,0.0,46.79427412009757,0.0,28.82842712474619,320.4310238249142,522.5
0,annual_normal,68,2026-02-05 20:00:00+08:00,200.0,0.0,0.0,25.02734006206766,0.0,0.0,32.37127122507556,0.0,0.0,9.052323839411535,1.0,0.0,0.0,0.0,28.0,320.4310238249142,522.5
0,annual_normal,69,2026-02-05 21:00:00+08:00,189.99099870092022,0.0,0.0,23.960157168618796,0.0,0.0,33.04146854371466,0.0,0.0,13.772895541591822,1.0,0.0,0.0,0.0,27.035276180410083,294.0864553385272,522.5
0,annual_normal,70,2026-02-05 22:00:00+08:00,180.1382168641006,0.0,0.0,52.27750142167047,0.0,0.0,32.41286286695189,0.0,0.0,0.0,1.0,0.0,0.0,0.0,26.0,268.86523726629684,522.5
0,annual_normal,71,2026-02-05 23:00:00+08:00,191.08602101460522,0.0,0.0,1.0,0.0,0.0,33.36262260485225,0.0,0.0,13.685378729763332,1.0,0.0,0.0,0.0,8.29007366498737,213.83628840138059,522.5
0,annual_normal,72,2026-02-06 00:00:00+08:00,171.51986294736753,0.0,0.0,42.47437771667701,0.0,0.0,32.3906475148368,0.0,0.0,14.609861663202155,1.0,0.0,0.0,0.0,24.0,212.78365682243336,522.5
0,annual_normal,73,2026-02-06 01:00:00+08:00,180.93652867055698,0.0,0.0,25.413163614264306,0.0,0.0,35.20391380940819,0.0,0.0,13.770223480689946,1.0,0.0,0.0,0.0,21.114800211534163,168.07378554172072,522.5
0,annual_normal,74,2026-02-06 02:00:00+08:00,193.92542962777955,0.0,0.0,18.345941390863388,0.0,0.0,35.40192498691937,0.0,0.0,14.967103656615029,1.0,0.0,0.0,0.0,22.535898384862247,141.32308700038988,522.5
0,annual_normal,75,2026-02-06 03:00:00+08:00,200.0,0.0,0.0,1.0,0.0,0.0,36.113218488293626,0.0,0.0,13.257378771531773,1.0,0.0,0.0,0.0,17.673918954444463,122.01156974684946,522.5
0,annual_normal,76,2026-02-06 04:00:00+08:00,192.68493366296775,0.0,0.0,2.775607973159948,0.0,0.0,35.160222114932886,0.0,0.0,14.187500597903043,1.0,0.0,0.0,7.729769549868858,0.0,120.95893816790225,522.5
0,annual_normal,77,2026-02-06 05:00:00+08:00,192.0276167290817,0.0,0.0,0.0,0.0,0.0,35.18845284123669,0.0,0.0,0.0,1.0,0.0,77.74406581233615,0.0,60.0,118.03724556457598,522.5
0,annual_normal,78,2026-02-06 06:00:00+08:00,125.32351041740993,0.0,0.0,0.0,0.0,0.0,36.83187918698677,0.0,0.0,10.790964834628191,1.0,0.0,100.0,0.4910178142400167,22.535898384862247,118.03724556457598,522.5
0,annual_normal,79,2026-02-06 07:00:00+08:00,128.453063598412,0.0,0.0,0.0,0.0,0.0,37.41590744914075,0.0,0.0,15.286857320761486,1.0,0.0,100.0,3.1881982167191865,23.17157287525381,118.03724556457598,522.5
0,annual_normal,80,2026-02-06 08:00:00+08:00,74.15847843208888,0.0,0.0,0.0,0.0,0.0,37.09092074390488,0.0,0.0,0.0,1.0,0.0,176.79746907432605,0.0,24.0,118.03724556457598,522.5
0,annual_normal,81,2026-02-06 09:00:00+08:00,94.40346012468815,0.0,0.0,0.0,0.0,0.0,37.24650239532772,0.0,0.0,16.79812591889912,1.0,0.0,138.47735389303452,0.0,24.964723819589917,118.03724556457598,522.5
0,annual_normal,82,2026-02-06 10:00:00+08:00,35.47483390793267,0.0,0.0,0.0,0.0,0.0,37.923167947448135,0.0,0.0,19.198448243400055,1.0,0.0,200.0,0.0,23.542060625668523,118.03724556457598,522.5
0,annual_normal,83,2026-02-06 11:00:00+08:00,125.6124058870775,0.0,0.0,0.0,0.0,0.0,37.22848025960789,0.0,0.0,0.0,1.0,0.0,126.73053279273367,0.0,27.035276180410083,118.03724556457598,522.5
0,annual_normal,84,2026-02-06 12:00:00+08:00,81.79066203082705,0.0,0.0,0.0,0.0,0.0,36.88832826023798,0.0,0.0,0.0,1.0,0.0,180.02862835482466,0.0,28.0,118.03724556457598,522.5
0,annual_normal,85,2026-02-06 13:00:00+08:00,148.15442765511028,0.0,0.0,0.0,0.0,0.0,36.92364416398846,0.0,0.0,0.0,1.0,0.0,112.30666333033085,0.0,28.82842712474619,118.03724556457598,522.5
0,annual_normal,86,2026-02-06 14:00:00+08:00,105.12888335414912,0.0,0.0,0.0,0.0,0.0,35.385625879467604,0.0,0.0,0.0,1.0,0.0,153.756757837301,0.0,23.373125214311553,118.03724556457598,522.5
0,annual_normal,87,2026-02-06 15:00:00+08:00,83.47241313497469,0.0,0.0,0.0,0.0,0.0,35.900391657119926,0.0,0.0,0.0,1.0,0.0,176.98599276519937,0.0,29.86370330515627,118.03724556457598,522.5
0,annual_normal,88,2026-02-06 16:00:00+08:00,91.32963686942165,0.0,0.0,0.0,0.0,0.0,35.94250599796858,0.0,0.0,0.0,1.0,0.0,167.2547868135245,0.0,30.0,118.03724556457598,522.5
0,annual_normal,89,2026-02-06 17:00:00+08:00,95.18919505972578,0.0,0.0,0.0,0.0,0.0,33.39593366359448,0.0,0.0,0.0,1.0,0.0,155.7427991782076,0.0,29.86370330515627,118.03724556457598,522.5
0,annual_normal,90,2026-02-06 18:00:00+08:00,71.85531209776492,0.0,0.0,0.0,0.0,0.0,33.4846750067749,0.0,0.0,0.0,1.0,0.0,170.44180643238795,0.0,29.464101615137757,118.03724556457598,522.5
0,annual_normal,91,2026-02-06 19:00:00+08:00,56.27767159256493,0.0,0.0,0.0,0.0,0.0,34.644972410150345,0.0,0.0,0.0,1.0,0.0,196.25756436723748,0.0,34.065382563730395,118.03724556457598,522.5
0,annual_normal,92,2026-02-06 20:00:00+08:00,74.32291397010842,0.0,0.0,0.0,0.0,0.0,34.392915142481286,0.0,0.0,0.0,1.0,0.0,162.54301167588216,0.0,28.0,118.03724556457598,522.5
0,annual_normal,93,2026-02-06 21:00:00+08:00,65.87016034480183,0.0,0.0,0.0,0.0,0.0,31.597375263559435,0.0,0.0,0.0,1.0,0.0,157.21822808808975,0.0,17.008706882049307,118.03724556457598,522.5
0,annual_normal,94,2026-02-06 22:00:00+08:00,104.19617247844218,0.0,0.0,0.0,0.0,0.0,33.415106712196106,0.0,0.0,12.952633643371662,1.0,0.0,109.83629029718793,0.0,26.0,118.03724556457598,522.5
0,annual_normal,95,2026-02-06 23:00:00+08:00,88.04182442949815,0.0,0.0,0.0,0.0,0.0,34.67699502373474,0.0,0.0,13.98333629465205,1.0,0.0,94.80568200078403,0.5931875516848266,0.0,118.03724556457598,522.5
0,annual_normal,96,2026-02-07 00:00:00+08:00,101.89960194423338,0.0,0.0,0.0,0.0,0.0,35.0382748808001,0.0,0.0,14.948536889094617,1.0,0.0,100.0,0.0,20.80747310486946,118.03724556457598,522.5
0,annual_normal,97,2026-02-07 01:00:00+08:00,74.52915738494896,0.0,0.0,13.036814801808708,0.0,0.0,33.883431732819574,0.0,0.0,13.839693373567505,1.0,0.0,100.0,0.0,0.0,118.03724556457598,522.5
0,annual_normal,98,2026-02-07 02:00:00+08:00,127.14358986625616,0.0,0.0,0.0,0.0,0.0,35.70854927997441,0.0,0.0,2.4327669464682167,1.0,0.0,100.0,0.0,29.585878246272433,104.31428261530365,522.5
0,annual_normal,99,2026-02-07 03:00:00+08:00,94.91929409307973,0.0,0.0,0.0,0.0,0.0,34.993689268579786,0.0,0.0,12.81891602335721,1.0,0.0,100.0,0.0,9.399751527583621,104.31428261530365,522.5
0,annual_normal,100,2026-02-07 04:00:00+08:00,112.49491459297631,0.0,0.0,0.0,0.0,0.0,35.26275352718602,0.0,0.0,15.616144652099946,1.0,0.0,100.0,0.0,20.210678510455352,104.31428261530365,522.5
0,annual_normal,101,2026-02-07 05:00:00+08:00,108.50407125463174,0.0,0.0,0.0,0.0,0.0,36.96507527553688,0.0,0.0,14.96332716269295,1.0,0.0,100.0,0.0,10.745813014615292,104.31428261530365,522.5
0,annual_normal,102,2026-02-07 06:00:00+08:00,114.13157372709054,0.0,0.0,0.0,0.0,0.0,37.2202945045383,0.0,0.0,16.368996764454216,1.0,0.0,100.0,0.0,13.112187450311774,104.31428261530365,522.5
0,annual_normal,103,2026-02-07 07:00:00+08:00,86.17126628057324,0.0,0.0,18.524231683943256,0.0,0.0,36.96277699751943,0.0,0.0,17.961388634892803,1.0,0.0,100.0,0.0,0.0,104.31428261530365,522.5
0,annual_normal,104,2026-02-07 08:00:00+08:00,110.34277011028034,0.0,0.0,0.0,0.0,0.0,39.315921666083675,0.0,0.0,17.342054466012772,1.0,0.0,100.0,0.0,1.7197973726024582,84.8150913690476,522.5
0,annual_normal,105,2026-02-07 09:00:00+08:00,125.43612190007038,0.0,0.0,0.0,0.0,0.0,37.233114869986196,0.0,0.0,18.09461066158964,1.0,0.0,100.0,0.0,19.984499124422246,84.8150913690476,522.5
0,annual_normal,106,2026-02-07 10:00:00+08:00,71.932818422074,0.0,0.0,0.0,0.0,0.0,36.51561216449796,0.0,0.0,0.0,1.0,0.0,197.62718494963786,0.0,44.546685149295996,84.8150913690476,522.5
0,annual_normal,107,2026-02-07 11:00:00+08:00,45.866821086576024,0.0,0.0,0.0,0.0,0.0,37.78757939030395,0.0,0.0,15.76038621892619,1.0,0.0,200.0,0.0,27.035276180410083,84.8150913690476,522.5
0,annual_normal,108,2026-02-07 12:00:00+08:00,92.48778259976389,0.0,0.0,0.0,0.0,0.0,36.62832973131165,0.0,0.0,0.0,1.0,0.0,173.6753538526795,0.0,29.78932148954465,84.8150913690476,522.5
0,annual_normal,109,2026-02-07 13:00:00+08:00,144.7400323381028,0.0,0.0,0.0,0.0,0.0,37.278989074615886,0.0,0.0,0.0,1.0,0.0,118.05127009425863,0.0,28.82842712474619,84.8150913690476,522.5
0,annual_normal,110,2026-02-07 14:00:00+08:00,79.36741119428027,0.0,19.514672614557053,0.0,0.0,0.0,35.008125739975696,0.0,0.0,0.0,1.0,0.0,200.0,0.0,29.464101615137753,84.8150913690476,522.5
0,annual_normal,111,2026-02-07 15:00:00+08:00,75.38232821118982,0.0,0.0,0.0,0.0,0.0,36.374949092179044,0.0,0.0,0.0,1.0,0.0,188.14599098806042,0.0,29.86370330515627,103.35403035287679,522.5
0,annual_normal,112,2026-02-07 16:00:00+08:00,89.77528923044513,0.0,0.0,0.0,0.0,0.0,34.679556519602514,0.0,0.0,0.0,1.0,0.0,193.19364490544405,0.0,60.00000000000002,103.35403035287679,522.5
0,annual_normal,113,2026-02-07 17:00:00+08:00,60.64491095769185,0.0,0.0,0.0,0.0,0.0,34.26769947169956,0.0,0.0,0.0,1.0,0.0,200.0,0.0,36.12332337195466,103.35403035287679,522.5
0,annual_normal,114,2026-02-07 18:00:00+08:00,112.86114087307804,0.0,0.0,0.0,0.0,0.0,32.85277057311469,0.0,0.0,0.0,1.0,0.0,163.3175503292073,0.0,59.99999999999999,103.35403035287679,522.5
0,annual_normal,115,2026-02-07 19:00:00+08:00,98.56159866017151,0.0,0.0,0.0,0.0,0.0,34.01504725790055,0.0,0.0,0.0,1.0,0.0,167.8282172041391,0.0,48.278707357657446,103.35403035287679,522.5
0,annual_normal,116,2026-02-07 20:00:00+08:00,59.54110558869297,0.0,0.0,0.0,0.0,0.0,33.245851100693955,0.0,0.0,0.0,1.0,0.0,179.22782622596696,0.0,28.0,103.35403035287679,522.5
0,annual_normal,117,2026-02-07 21:00:00+08:00,50.9208808109935,0.0,21.123080978063104,0.0,0.0,0.0,33.30002428067267,0.0,0.0,0.0,1.0,0.0,200.0,0.0,27.035276180410083,103.35403035287679,522.5
0,annual_normal,118,2026-02-07 22:00:00+08:00,67.94541822121018,0.0,38.975757855049466,0.0,0.0,0.0,33.36146116748344,0.0,0.0,0.0,1.0,0.0,200.0,0.0,26.0,123.42095728203674,522.5
0,annual_normal,119,2026-02-07 23:00:00+08:00,84.34614600280098,0.0,0.0,0.0,0.0,0.0,33.90249806838979,0.0,0.0,0.0,1.0,0.0,142.1337765520489,0.0,24.964723819589917,160.44792724433373,522.5
0,annual_normal,120,2026-02-08 00:00:00+08:00,93.66330054009276,0.0,70.17531965025802,0.0,0.0,0.0,34.82421230206056,0.0,0.0,0.0,1.0,0.0,200.0,0.0,24.0,160.44792724433373,522.5
0,annual_normal,121,2026-02-08 01:00:00+08:00,46.16290071232092,0.0,0.0,0.0,0.0,0.0,34.33284912919009,0.0,0.0,0.0,1.0,0.0,200.0,0.0,42.42261638154896,227.11448091207885,522.5
0,annual_normal,122,2026-02-08 02:00:00+08:00,41.76412627262447,0.0,0.0,0.0,0.0,0.0,34.25982548483167,0.0,0.0,8.790865585532693,1.0,0.0,200.0,0.0,49.92148031371849,227.11448091207885,522.5
0,annual_normal,123,2026-02-08 03:00:00+08:00,76.01401468733033,0.0,0.0,11.163361804193173,0.0,0.0,34.39766027054324,0.0,0.0,13.476728978282571,1.0,0.0,100.0,0.0,0.0,227.11448091207885,522.5
0,annual_normal,124,2026-02-08 04:00:00+08:00,91.3367312637687,0.0,0.0,2.946669002619916,0.0,0.0,37.12268736786332,0.0,0.0,14.600218588087014,1.0,0.0,100.0,0.0,0.0,215.36357374977024,522.5
0,annual_normal,125,2026-02-08 05:00:00+08:00,85.89997718569542,0.0,0.0,7.260134351451292,0.0,0.0,35.55040217322248,0.0,0.0,15.623945421055817,1.0,0.0,100.0,0.0,0.0,212.26181690490716,522.5
0,annual_normal,126,2026-02-08 06:00:00+08:00,59.55787790748361,0.0,0.0,36.88756189817306,0.0,0.0,37.041497363365885,0.0,0.0,15.736508077863752,1.0,0.0,100.0,0.0,0.0,204.61957021916896,522.5
0,annual_normal,127,2026-02-08 07:00:00+08:00,22.466068612464717,0.0,0.0,0.0,0.0,0.0,37.058549126513704,0.0,0.0,17.771318124046335,1.0,0.0,200.0,0.0,20.355236684154338,165.79055769477628,522.5
0,annual_normal,128,2026-02-08 08:00:00+08:00,102.42926120162693,0.0,56.377808528173524,0.0,0.0,0.0,36.85722637612397,0.0,0.0,0.0,1.0,0.0,200.0,0.0,24.0,165.79055769477628,522.5
0,annual_normal,129,2026-02-08 09:00:00+08:00,63.467265902435834,0.0,0.0,0.0,0.0,0.0,37.60154725345499,0.0,0.0,0.0,1.0,0.0,200.0,0.0,43.313902811195966,219.34947579654113,522.5
0,annual_normal,130,2026-02-08 10:00:00+08:00,94.44212778944285,0.0,0.0,0.0,0.0,0.0,37.508860198525184,0.0,0.0,0.0,1.0,0.0,170.9542776948569,0.0,36.24946480203055,219.34947579654113,522.5
0,annual_normal,131,2026-02-08 11:00:00+08:00,38.832680519744,0.0,0.0,0.0,0.0,0.0,38.06666466918886,0.0,0.0,18.221276323069056,1.0,0.0,200.0,0.0,26.563789994518203,219.34947579654113,522.5
0,annual_normal,132,2026-02-08 12:00:00+08:00,106.18251346779695,0.0,0.0,0.0,0.0,0.0,37.344547510075095,0.0,0.0,0.0,1.0,0.0,167.29980681293247,0.0,46.397157321311994,219.34947579654113,522.5
0,annual_normal,133,2026-02-08 13:00:00+08:00,70.91376803826239,0.0,14.963472328200446,0.0,0.0,0.0,35.82356292211115,0.0,0.0,0.0,1.0,0.0,200.0,0.0,28.82842712474619,219.34947579654113,522.5
0,annual_normal,134,2026-02-08 14:00:00+08:00,72.13756195132275,0.0,0.0,0.0,0.0,0.0,35.88168301087208,0.0,0.0,0.0,1.0,0.0,200.0,0.0,44.03097300420667,233.56477450833154,522.5
0,annual_normal,135,2026-02-08 15:00:00+08:00,50.54941130861474,0.0,7.6783403118574824,0.0,0.0,0.0,35.3095777279575,0.0,0.0,18.610000331191213,1.0,0.0,200.0,0.0,29.86370330515627,233.56477450833154,522.5
0,annual_normal,136,2026-02-08 16:00:00+08:00,61.80447649133985,0.0,7.611630055189245,0.0,0.0,0.0,35.67248055606414,0.0,0.0,0.0,1.0,0.0,200.0,0.0,30.0,240.85919780459616,522.5
0,annual_normal,137,2026-02-08 17:00:00+08:00,88.75635479006546,0.0,36.42268038060784,0.0,0.0,0.0,33.61168885516073,0.0,0.0,0.0,1.0,0.0,200.0,0.0,29.86370330515627,248.09024635702593,522.5
0,annual_normal,138,2026-02-08 18:00:00+08:00,63.31175203848606,0.0,0.0,0.0,0.0,0.0,35.31713868872752,0.0,0.0,0.0,1.0,0.0,182.30251898012332,0.0,29.464101615137757,282.6917927186034,522.5
0,annual_normal,139,2026-02-08 19:00:00+08:00,88.96199642515471,0.0,49.01686443655772,0.0,0.0,0.0,34.339634059263396,0.0,0.0,0.0,1.0,0.0,200.0,0.0,28.82842712474619,282.6917927186034,522.5
0,annual_normal,140,2026-02-08 20:00:00+08:00,78.29994120168688,0.0,0.0,0.0,0.0,0.0,34.48904794050208,0.0,0.0,0.0,1.0,0.0,184.77468500182766,0.0,50.13629669484372,329.2578139333332,522.5
0,annual_normal,141,2026-02-08 21:00:00+08:00,51.60782523621698,0.0,33.911949088009436,0.0,0.0,0.0,33.723614244076714,0.0,0.0,13.695580743798287,1.0,0.0,200.0,0.0,27.035276180410083,329.2578139333332,522.5
0,annual_normal,142,2026-02-08 22:00:00+08:00,71.1663538674019,0.0,45.40135185919637,0.0,0.0,0.0,33.8903873954088,0.0,0.0,4.8321445016984335,1.0,0.0,200.0,0.0,26.0,361.47416556694213,522.5
0,annual_normal,143,2026-02-08 23:00:00+08:00,91.59817609738802,0.0,0.0,0.0,0.0,0.0,32.653499176110884,0.0,0.0,13.880444505327713,1.0,0.0,100.0,0.0,8.388346411949879,404.6054498331787,522.5
0,annual_normal,144,2026-02-09 00:00:00+08:00,65.5156217850167,0.0,0.0,16.81598884164548,0.0,0.0,33.756692886482995,0.0,0.0,13.486195913388375,1.0,0.0,100.0,0.0,0.0,404.6054498331787,522.5
0,annual_normal,145,2026-02-09 01:00:00+08:00,77.43746614674961,0.0,0.0,13.092160206534855,0.0,0.0,33.94246572806494,0.0,0.0,13.708342508986389,1.0,0.0,100.0,0.0,0.0,386.90440894723605,522.5
0,annual_normal,146,2026-02-09 02:00:00+08:00,107.14751567511018,0.0,0.0,0.0,0.0,0.0,35.03369382275385,0.0,0.0,12.59948923662252,1.0,0.0,100.0,0.0,22.535898384862247,373.1231876771994,522.5
0,annual_normal,147,2026-02-09 03:00:00+08:00,87.38630857173739,0.0,0.0,3.832789701991418,0.0,0.0,34.29469321854786,0.0,0.0,13.702930526940447,1.0,0.0,100.0,0.0,0.0,373.1231876771994,522.5
0,annual_normal,148,2026-02-09 04:00:00+08:00,81.00923908537442,0.0,0.0,9.134746662830624,0.0,0.0,37.046468082320075,0.0,0.0,15.340724869850389,1.0,0.0,100.0,0.0,0.0,369.08867220141894,522.5
0,annual_normal,149,2026-02-09 05:00:00+08:00,54.947641893970705,0.0,0.0,0.0,0.0,0.0,37.50188156232887,0.0,0.0,0.0,1.0,0.0,200.0,0.0,38.63853286927169,359.4731493984393,522.5
0,annual_normal,150,2026-02-09 06:00:00+08:00,107.45404238839623,0.0,72.30995522424061,0.0,0.0,0.0,37.07613989917645,0.0,0.0,0.0,1.0,0.0,200.0,0.0,22.535898384862247,359.4731493984393,522.5
0,annual_normal,151,2026-02-09 07:00:00+08:00,81.79463973270659,0.0,40.46617081448186,0.0,0.0,0.0,37.62568356782953,0.0,0.0,0.0,1.0,0.0,200.0,0.0,23.17157287525381,428.1676068614679,522.5
0,annual_normal,152,2026-02-09 08:00:00+08:00,43.80429347531116,0.0,0.0,0.0,0.0,0.0,38.21958424943803,0.0,0.0,1.7433269384408305,1.0,0.0,200.0,0.0,24.0,466.6104691352257,522.5
0,annual_normal,153,2026-02-09 09:00:00+08:00,46.95494656909899,0.0,0.0,0.0,0.0,0.0,36.11474319094151,0.0,0.0,2.5540355830886767,1.0,0.0,200.0,0.0,24.964723819589917,466.6104691352257,522.5
0,annual_normal,154,2026-02-09 10:00:00+08:00,129.86754481413155,0.0,0.0,0.0,0.0,0.0,36.27902600396447,0.0,0.0,3.8646770918265894,1.0,0.0,125.71526003898452,0.0,36.831592583283296,466.6104691352257,522.5
0,annual_normal,155,2026-02-09 11:00:00+08:00,94.09538683541203,0.0,0.0,0.0,0.0,0.0,37.289224091985936,0.0,0.0,0.0,1.0,0.0,200.0,0.0,59.19707780811859,466.6104691352257,522.5
0,annual_normal,156,2026-02-09 12:00:00+08:00,77.18772527228515,0.0,14.206173669075184,0.0,0.0,0.0,37.12603540195876,0.0,0.0,0.0,1.0,0.0,200.0,0.0,28.0,466.6104691352257,522.5
0,annual_normal,157,2026-02-09 13:00:00+08:00,101.14481411431534,0.0,0.0,0.0,0.0,0.0,36.883801038933264,0.0,0.0,0.0,1.0,0.0,191.08275842138823,0.0,60.0,480.1063341208471,522.5
0,annual_normal,158,2026-02-09 14:00:00+08:00,66.70847395223969,0.0,0.0,0.0,0.0,0.0,37.17300179537109,0.0,0.0,0.0,1.0,0.0,195.41253070164004,0.0,29.464101615137753,480.1063341208471,522.5
0,annual_normal,159,2026-02-09 15:00:00+08:00,84.58148138358219,0.0,31.506405589154205,0.0,0.0,0.0,35.293437233652995,0.0,0.0,0.0,1.0,0.0,200.0,0.0,29.86370330515627,480.1063341208471,522.5
0,annual_normal,160,2026-02-09 16:00:00+08:00,47.7999508374027,0.0,9.007910277873293,0.0,0.0,0.0,34.82280542860662,0.0,0.0,19.86384261706665,1.0,0.0,200.0,0.0,30.0,510.0374194305436,522.5
0,annual_normal,161,2026-02-09 17:00:00+08:00,85.70075073569878,0.0,34.31112153187077,0.0,0.0,0.0,34.952495604062,0.0,0.0,0.0,1.0,0.0,200.0,0.0,29.86370330515627,518.5949341945233,522.5
0,annual_normal,162,2026-02-09 18:00:00+08:00,51.80548055751131,0.0,0.0,0.0,0.0,0.0,34.6834570712489,0.0,0.0,9.97127488308304,1.0,0.0,200.0,0.0,51.600398309981486,551.1904996498005,522.5
0,annual_normal,163,2026-02-09 19:00:00+08:00,42.54388828759594,0.0,0.0,0.0,0.0,0.0,33.611417126239544,0.0,0.0,0.0,1.0,0.0,200.0,0.0,32.306519099646266,551.1904996498005,522.5
0,annual_normal,164,2026-02-09 20:00:00+08:00,130.22953211543725,0.0,0.0,0.0,0.0,0.0,33.77150210841065,0.0,0.0,5.803182513568672,1.0,0.0,100.0,0.0,28.0,551.1904996498005,522.5
0,annual_normal,165,2026-02-09 21:00:00+08:00,77.26579551197082,0.0,0.0,38.12193565885235,0.0,0.0,31.441780485442003,0.0,0.0,17.061332890442092,1.0,0.0,100.0,0.0,27.035276180410083,551.1904996498005,522.5
0,annual_normal,166,2026-02-09 22:00:00+08:00,76.36783949013511,0.0,0.0,41.57053172564159,0.0,0.0,34.85969489217184,0.0,0.0,14.296508230161436,1.0,0.0,100.0,0.0,26.0,511.0621463246928,522.5
0,annual_normal,167,2026-02-09 23:00:00+08:00,95.93974415798674,0.0,0.0,16.438507282817824,0.0,0.0,34.314930834335485,0.0,0.0,15.47031163485451,1.0,0.0,100.0,0.0,24.964723819589917,467.303691876649,522.5
1,w0_normal_renewable_bus,24,2026-02-04 00:00:00+08:00,48.02796335377962,0.0,0.0,0.0,0.0,0.0,34.68843374320883,0.0,0.0,14.173067206318223,1.0,0.0,171.01112632566725,0.0,30.952674118538702,240.99442154154275,522.5
1,w0_normal_renewable_bus,25,2026-02-04 01:00:00+08:00,83.83404685985786,0.0,33.825669873188616,0.0,0.0,0.0,34.91560103527593,0.0,0.0,5.826053475770582,1.0,0.0,200.0,0.0,60.0,240.99442154154275,522.5
1,w0_normal_renewable_bus,26,2026-02-04 02:00:00+08:00,21.559696119386004,0.0,1.0,0.0,0.0,0.0,35.01630202299253,0.0,0.0,1.0873107133461168,1.0,0.0,200.0,0.0,22.535898384862247,273.12880792107194,522.5
1,w0_normal_renewable_bus,27,2026-02-04 03:00:00+08:00,42.850672297273974,0.0,0.0,0.0,0.0,0.0,34.684492458268295,0.0,0.0,0.0,1.0,0.0,199.93131013233187,0.0,40.79230869466653,274.0788079210719,522.5
1,w0_normal_renewable_bus,28,2026-02-04 04:00:00+08:00,62.88926772660992,0.0,39.340682919189085,0.0,0.0,0.0,34.72185360833212,0.0,0.0,15.226515646769798,1.0,0.0,200.0,0.0,31.554063556732608,274.0788079210719,522.5
1,w0_normal_renewable_bus,29,2026-02-04 05:00:00+08:00,107.93968384366997,0.0,0.0,0.0,0.0,0.0,36.19632409290835,0.0,0.0,15.300996620041477,1.0,0.0,100.0,0.0,9.469917832682826,311.45245669430153,522.5
1,w0_normal_renewable_bus,30,2026-02-04 06:00:00+08:00,42.555047365334254,0.0,0.0,60.33274958134058,0.0,0.0,36.632657084949926,0.0,0.0,15.948172976873614,1.0,0.0,100.0,0.0,0.0,311.45245669430153,522.5
1,w0_normal_renewable_bus,31,2026-02-04 07:00:00+08:00,99.65018453972267,0.0,0.0,3.3943118193056985,0.0,0.0,36.868777429653285,0.0,0.0,16.9535732718637,1.0,0.0,100.0,0.0,0.0,247.94429924025883,522.5
1,w0_normal_renewable_bus,32,2026-02-04 08:00:00+08:00,69.22305078005398,0.0,0.0,40.74955008855257,0.0,0.0,36.49128447861586,0.0,0.0,17.410853760727743,1.0,0.0,100.0,0.0,0.0,244.37133943046337,522.5
1,w0_normal_renewable_bus,33,2026-02-04 09:00:00+08:00,137.8966039158273,0.0,0.0,0.0,0.0,0.0,37.099637509706646,0.0,0.0,17.945604828366278,1.0,0.0,100.0,0.0,27.66223715118968,201.47707617935538,522.5
1,w0_normal_renewable_bus,34,2026-02-04 10:00:00+08:00,74.42599994309165,0.0,0.0,0.0,0.0,0.0,37.90792519052057,0.0,0.0,0.0,1.0,0.0,200.0,0.0,41.50684632623564,201.47707617935538,522.5
1,w0_normal_renewable_bus,35,2026-02-04 11:00:00+08:00,57.104066697072234,0.0,1.0,0.0,0.0,0.0,36.91815880473454,0.0,0.0,4.598989301283943,1.0,0.0,200.0,0.0,30.397827245671532,201.47707617935538,522.5
1,w0_normal_renewable_bus,36,2026-02-04 12:00:00+08:00,97.43307399625046,0.0,14.473355945830086,0.0,0.0,0.0,36.24505743567419,0.0,0.0,0.0,1.0,0.0,178.13768791370342,0.0,28.0,202.42707617935537,522.5
1,w0_normal_renewable_bus,37,2026-02-04 13:00:00+08:00,73.9487821844907,0.0,15.062582272484036,0.0,0.0,0.0,37.35462409559097,0.0,0.0,0.0,1.0,0.0,200.0,0.0,28.82842712474619,216.17676432789395,522.5
1,w0_normal_renewable_bus,38,2026-02-04 14:00:00+08:00,96.04667927732076,0.0,39.98731896067534,0.0,0.0,0.0,36.27669630055959,0.0,0.0,0.0,1.0,0.0,200.0,0.0,29.464101615137753,230.4862174867538,522.5
1,w0_normal_renewable_bus,39,2026-02-04 15:00:00+08:00,84.46738167677425,0.0,25.117827665681745,0.0,0.0,0.0,35.75297225202479,0.0,0.0,0.0,1.0,0.0,200.0,0.0,29.86370330515627,268.47417049939537,522.5
1,w0_normal_renewable_bus,40,2026-02-04 16:00:00+08:00,80.63211528197043,0.0,26.76139514164231,0.0,0.0,0.0,34.02464410588767,0.0,0.0,0.0,1.0,0.0,200.0,0.0,30.0,292.33610678179303,522.5
1,w0_normal_renewable_bus,41,2026-02-04 17:00:00+08:00,107.66039416117357,0.0,0.0,0.0,0.0,0.0,33.984091870280785,0.0,0.0,0.0,1.0,0.0,175.69749347348153,0.0,60.0,317.75943216635324,522.5
1,w0_normal_renewable_bus,42,2026-02-04 18:00:00+08:00,47.89177858574511,0.0,16.5205909722373,0.0,0.0,0.0,33.76466304286411,0.0,0.0,18.246141026664386,1.0,0.0,200.0,0.0,29.464101615137757,317.75943216635324,522.5
1,w0_normal_renewable_bus,43,2026-02-04 19:00:00+08:00,92.40627275359736,0.0,0.0,0.0,0.0,0.0,34.735004235592555,0.0,0.0,15.038376815350595,1.0,0.0,139.5428063142723,0.0,28.82842712474619,333.45399358997867,522.5
1,w0_normal_renewable_bus,44,2026-02-04 20:00:00+08:00,94.49133838480533,0.0,62.84157259795646,0.0,0.0,0.0,32.45110954148701,0.0,0.0,0.0,1.0,0.0,200.0,0.0,28.0,333.45399358997867,522.5
1,w0_normal_renewable_bus,45,2026-02-04 21:00:00+08:00,60.241985050262386,0.0,24.587103525431257,0.0,0.0,0.0,33.75676043072038,0.0,0.0,0.0,1.0,0.0,200.0,0.0,27.035276180410083,393.1534875580373,522.5
1,w0_normal_renewable_bus,46,2026-02-04 22:00:00+08:00,66.51638221660272,0.0,1.0,0.0,0.0,0.0,34.41959567486781,0.0,0.0,0.0,1.0,0.0,200.0,0.0,56.67064270433637,416.511235907197,522.5
1,w0_normal_renewable_bus,47,2026-02-04 23:00:00+08:00,72.29642643886751,0.0,0.0,0.0,0.0,0.0,34.65730784212104,0.0,0.0,0.0,1.0,0.0,154.18831137935763,0.0,24.964723819589917,417.46123590719696,522.5
1,w0_normal_renewable_bus,48,2026-02-05 00:00:00+08:00,180.46733184111906,0.0,0.0,0.0,0.0,0.0,35.1100488963602,0.0,0.0,0.0,1.0,0.0,48.30902864525487,0.0,24.0,417.46123590719696,522.5
1,w0_normal_renewable_bus,49,2026-02-05 01:00:00+08:00,191.56026755814457,0.0,0.0,1.0,0.0,0.0,33.38215622484842,0.0,0.0,14.268283264517953,1.0,0.0,0.0,0.0,14.854717306349409,417.46123590719696,522.5
1,w0_normal_renewable_bus,50,2026-02-05 02:00:00+08:00,182.22475206061677,0.0,0.0,3.1306992633900848,0.0,0.0,35.77247842718687,0.0,0.0,14.293435679354303,1.0,0.0,0.0,0.0,0.0,416.4086043282496,522.5
1,w0_normal_renewable_bus,51,2026-02-05 03:00:00+08:00,200.0,0.0,0.0,1.0,0.0,0.0,36.28076794610962,0.0,0.0,14.106546137553028,1.0,0.0,0.0,0.0,15.15426924321015,413.113131419418,522.5
1,w0_normal_renewable_bus,52,2026-02-05 04:00:00+08:00,189.07457893397302,0.0,0.0,2.9715252946122863,0.0,0.0,35.45369296349774,0.0,0.0,14.973757598743356,1.0,0.0,0.0,0.0,0.0,412.06049984047064,522.5
1,w0_normal_renewable_bus,53,2026-02-05 05:00:00+08:00,179.12041583248967,0.0,0.0,35.09626768938665,0.0,0.0,37.42252213948602,0.0,0.0,14.558133542197654,1.0,0.0,0.0,0.0,22.136296694843725,408.9325784777208,522.5
1,w0_normal_renewable_bus,54,2026-02-05 06:00:00+08:00,200.0,0.0,0.0,1.460187004278665,0.0,0.0,36.930027841145986,0.0,0.0,16.889920756640834,1.0,0.0,0.0,0.0,0.0,371.9891388046822,522.5
1,w0_normal_renewable_bus,55,2026-02-05 07:00:00+08:00,191.1998460925411,0.0,0.0,21.43822074490526,0.0,0.0,37.93715091183955,0.0,0.0,16.355269730533482,1.0,0.0,0.0,0.0,11.008467213084023,370.45209985280997,522.5
1,w0_normal_renewable_bus,56,2026-02-05 08:00:00+08:00,200.0,0.0,0.0,27.20438649112064,0.0,0.0,38.460679103982564,0.0,0.0,16.926519030144867,1.0,0.0,0.0,0.0,24.0,347.88555170027814,522.5
1,w0_normal_renewable_bus,57,2026-02-05 09:00:00+08:00,185.62587152603334,0.0,1.2438615063987797,0.0,0.0,0.0,38.38205518538873,0.0,0.0,0.0,1.0,0.0,100.0,0.0,60.0,319.24935539383534,522.5
1,w0_normal_renewable_bus,58,2026-02-05 10:00:00+08:00,187.19605862298565,0.0,0.0,0.0,0.0,0.0,37.56011437204766,0.0,0.0,0.0,1.0,0.0,98.70848606210477,0.0,59.99999999999999,320.4310238249142,522.5
1,w0_normal_renewable_bus,59,2026-02-05 11:00:00+08:00,184.59058307542585,0.0,0.0,0.0,0.0,0.0,36.85251261535652,0.0,0.0,0.0,1.0,0.0,100.0,2.1157943013741733,50.03488677993451,320.4310238249142,522.5
1,w0_normal_renewable_bus,60,2026-02-05 12:00:00+08:00,0.0,0.0,0.0,32.93432525310135,0.0,0.0,37.418626095065356,0.0,0.0,0.0,1.0,0.0,200.0,0.0,0.0,320.4310238249142,522.5
1,w0_normal_renewable_bus,61,2026-02-05 13:00:00+08:00,0.0,0.0,0.0,38.238987043002666,0.0,0.0,36.43633984515527,0.0,0.0,0.0,1.0,0.0,200.0,0.0,0.0,285.7633130321759,522.5
1,w0_normal_renewable_bus,62,2026-02-05 14:00:00+08:00,0.0,0.0,0.0,32.21104320693314,0.0,0.0,35.69261326080196,0.0,0.0,0.0,1.0,0.0,200.0,0.0,0.0,245.51174772375205,522.5
1,w0_normal_renewable_bus,63,2026-02-05 15:00:00+08:00,0.0,0.0,0.0,26.544260156979476,0.0,0.0,36.02961191418321,0.0,0.0,0.0,1.0,0.0,200.0,0.0,0.0,211.60538645329612,522.5
1,w0_normal_renewable_bus,64,2026-02-05 16:00:00+08:00,0.0,0.0,0.0,9.185562334620464,0.0,0.0,34.51720185627605,0.0,0.0,16.623739267879863,1.0,0.0,200.0,0.0,0.0,183.66405997226508,522.5
1,w0_normal_renewable_bus,65,2026-02-05 17:00:00+08:00,0.0,0.0,0.0,21.584868334695074,0.0,0.0,33.372558631361784,0.0,0.0,0.0,1.0,0.0,200.0,0.0,0.0,173.99504698845405,522.5
1,w0_normal_renewable_bus,66,2026-02-05 18:00:00+08:00,0.0,0.0,0.0,23.35917015550951,0.0,0.0,34.29995200360956,0.0,0.0,0.0,1.0,0.0,200.0,0.0,0.0,151.27413295193293,522.5
1,w0_normal_renewable_bus,67,2026-02-05 19:00:00+08:00,0.0,0.0,0.0,0.0,0.0,0.0,32.847272221003365,0.0,0.0,12.782365326395002,1.0,0.0,200.0,0.0,0.0,126.6855327882387,522.5
1,w0_normal_renewable_bus,68,2026-02-05 20:00:00+08:00,0.0,0.0,0.0,6.0796639014791936,0.0,0.0,32.37127122507556,0.0,0.0,0.0,1.0,0.0,200.0,0.0,0.0,126.6855327882387,522.5
1,w0_normal_renewable_bus,69,2026-02-05 21:00:00+08:00,0.0,0.0,0.0,0.0,0.0,0.0,33.04146854371466,0.0,0.0,0.6887752307207506,1.0,0.0,200.0,0.0,0.0,120.28588657615535,522.5
1,w0_normal_renewable_bus,70,2026-02-05 22:00:00+08:00,0.0,0.0,0.0,0.0,0.0,0.0,32.41286286695189,0.0,0.0,6.415718285771071,1.0,0.0,200.0,0.0,0.0,120.28588657615535,522.5
1,w0_normal_renewable_bus,71,2026-02-05 23:00:00+08:00,0.0,0.0,0.0,0.0,0.0,0.0,33.36262260485225,0.0,0.0,0.0,1.0,0.0,200.0,0.0,2.5186739206189657,120.28588657615535,522.5
1,w0_normal_renewable_bus,72,2026-02-06 00:00:00+08:00,171.51986294736753,0.0,6.915760620120821,0.0,0.0,0.0,32.3906475148368,0.0,0.0,0.0,1.0,0.0,100.0,0.0,60.000000000000014,120.28588657615535,522.5
1,w0_normal_renewable_bus,73,2026-02-06 01:00:00+08:00,180.93652867055698,0.0,0.0,18.990743105533113,0.0,0.0,35.20391380940819,0.0,0.0,13.770223480689946,1.0,0.0,0.0,0.0,14.692379702802961,126.85585916527013,522.5
1,w0_normal_renewable_bus,74,2026-02-06 02:00:00+08:00,193.92542962777955,0.0,1.0,0.0,0.0,0.0,35.40192498691937,0.0,0.0,14.967103656615029,1.0,0.0,0.0,0.0,3.1899569939988712,106.86560326470895,522.5
1,w0_normal_renewable_bus,75,2026-02-06 03:00:00+08:00,200.0,0.0,0.0,1.0,0.0,0.0,36.113218488293626,0.0,0.0,13.257378771531773,1.0,0.0,0.0,7.548062683673678,10.1258562707709,107.81560326470894,522.5
1,w0_normal_renewable_bus,76,2026-02-06 04:00:00+08:00,192.68493366296775,0.0,0.0,1.0,0.0,0.0,35.160222114932886,0.0,0.0,14.187500597903043,1.0,0.0,0.0,0.9,5.054161576708918,106.76297168576157,522.5
1,w0_normal_renewable_bus,77,2026-02-06 05:00:00+08:00,192.0276167290817,0.0,22.255934187663847,0.0,0.0,0.0,35.18845284123669,0.0,0.0,0.0,1.0,0.0,100.0,0.0,60.0,105.7103401068142,522.5
1,w0_normal_renewable_bus,78,2026-02-06 06:00:00+08:00,125.32351041740993,0.0,0.0,0.0,0.0,0.0,36.83187918698677,0.0,0.0,13.460353208979475,1.0,0.0,100.0,0.0,25.696304573453553,126.85347758509485,522.5
1,w0_normal_renewable_bus,79,2026-02-06 07:00:00+08:00,128.453063598412,0.0,1.0,0.0,0.0,0.0,37.41590744914075,0.0,0.0,15.286857320761486,1.0,0.0,100.0,0.0,25.359771091973005,126.85347758509485,522.5
1,w0_normal_renewable_bus,80,2026-02-06 08:00:00+08:00,74.15847843208888,0.0,0.0,34.33258687087371,0.0,0.0,37.09092074390488,0.0,0.0,18.464882203452333,1.0,0.0,100.0,0.0,0.0,127.80347758509485,522.5
1,w0_normal_renewable_bus,81,2026-02-06 09:00:00+08:00,94.40346012468815,0.0,0.0,14.830716834966346,0.0,0.0,37.24650239532772,0.0,0.0,16.79812591889912,1.0,0.0,100.0,1.3180867615217684,0.0,91.66391245785937,522.5
1,w0_normal_renewable_bus,82,2026-02-06 10:00:00+08:00,35.47483390793267,0.0,0.0,0.0,0.0,0.0,37.923167947448135,0.0,0.0,19.198448243400055,1.0,0.0,200.0,0.0,23.54206062566853,76.05263157894743,522.5
1,w0_normal_renewable_bus,83,2026-02-06 11:00:00+08:00,125.6124058870775,0.0,0.0,0.0,0.0,0.0,37.22848025960789,0.0,0.0,0.0,1.0,0.0,159.6952566123236,0.0,60.0,76.05263157894743,522.5
1,w0_normal_renewable_bus,84,2026-02-06 12:00:00+08:00,81.79066203082705,0.0,0.0,0.0,0.0,0.0,36.88832826023798,0.0,0.0,2.7207587847271277,1.0,0.0,200.0,0.0,50.69213042990245,76.05263157894743,522.5
1,w0_normal_renewable_bus,85,2026-02-06 13:00:00+08:00,148.15442765511028,0.0,0.0,0.0,0.0,0.0,36.92364416398846,0.0,0.0,0.0,1.0,0.0,143.47823620558466,0.0,60.0,76.05263157894743,522.5
1,w0_normal_renewable_bus,86,2026-02-06 14:00:00+08:00,105.12888335414912,0.0,0.0,0.0,0.0,0.0,35.385625879467604,0.0,0.0,0.0,1.0,0.0,190.3836326229894,0.0,60.0,76.05263157894743,522.5
1,w0_normal_renewable_bus,87,2026-02-06 15:00:00+08:00,83.47241313497469,0.0,0.0,0.0,0.0,0.0,35.900391657119926,0.0,0.0,7.122289460043092,1.0,0.0,200.0,0.0,60.0,76.0526315789474,522.5
1,w0_normal_renewable_bus,88,2026-02-06 16:00:00+08:00,91.32963686942165,0.0,0.0,0.0,0.0,0.0,35.94250599796858,0.0,0.0,0.0,1.0,0.0,197.2547868135245,0.0,60.0,76.0526315789474,522.5
1,w0_normal_renewable_bus,89,2026-02-06 17:00:00+08:00,95.18919505972578,0.0,1.0,0.0,0.0,0.0,33.39593366359448,0.0,0.0,0.0,1.0,0.0,186.87909587305128,0.0,60.0,76.0526315789474,522.5
1,w0_normal_renewable_bus,90,2026-02-06 18:00:00+08:00,71.85531209776492,0.0,0.0,0.0,0.0,0.0,33.4846750067749,0.0,0.0,0.9777048172502063,1.0,0.0,200.0,0.0,60.0,77.0026315789474,522.5
1,w0_normal_renewable_bus,91,2026-02-06 19:00:00+08:00,56.27767159256493,0.0,0.0,0.0,0.0,0.0,34.644972410150345,0.0,0.0,0.0,1.0,0.0,200.0,0.0,37.80781819649292,77.0026315789474,522.5
1,w0_normal_renewable_bus,92,2026-02-06 20:00:00+08:00,74.32291397010842,0.0,0.0,0.0,0.0,0.0,34.392915142481286,0.0,0.0,0.0,1.0,0.0,194.54301167588216,0.0,60.0,77.0026315789474,522.5
1,w0_normal_renewable_bus,93,2026-02-06 21:00:00+08:00,65.87016034480183,0.0,0.0,0.0,0.0,0.0,31.597375263559435,0.0,0.0,0.209521206040435,1.0,0.0,200.0,0.0,60.0,77.0026315789474,522.5
1,w0_normal_renewable_bus,94,2026-02-06 22:00:00+08:00,104.19617247844218,0.0,43.194330511187985,0.0,0.0,0.0,33.415106712196106,0.0,0.0,0.0,1.0,0.0,199.98325445174757,0.0,60.0,77.0026315789474,522.5
1,w0_normal_renewable_bus,95,2026-02-06 23:00:00+08:00,88.04182442949815,0.0,0.0,0.0,0.0,0.0,34.67699502373474,0.0,0.0,9.3812867553614,1.0,0.0,100.0,1.1854560116101367,0.0,118.03724556457598,522.5
2,w0_normal_main_bus,24,2026-02-04 00:00:00+08:00,48.02796335377962,0.0,0.0,0.0,0.0,0.0,34.68843374320883,0.0,0.0,14.173067206318223,1.0,0.0,171.01112632566725,0.0,30.952674118538702,240.99442154154275,522.5
2,w0_normal_main_bus,25,2026-02-04 01:00:00+08:00,83.83404685985786,0.0,33.825669873188616,0.0,0.0,0.0,34.91560103527593,0.0,0.0,5.826053475770582,1.0,0.0,200.0,0.0,60.0,240.99442154154275,522.5
2,w0_normal_main_bus,26,2026-02-04 02:00:00+08:00,21.559696119386004,0.0,1.0,0.0,0.0,0.0,35.01630202299253,0.0,0.0,1.0873107133461168,1.0,0.0,200.0,0.0,22.535898384862247,273.12880792107194,522.5
2,w0_normal_main_bus,27,2026-02-04 03:00:00+08:00,42.850672297273974,0.0,0.0,0.0,0.0,0.0,34.684492458268295,0.0,0.0,0.0,1.0,0.0,199.93131013233187,0.0,40.79230869466653,274.0788079210719,522.5
2,w0_normal_main_bus,28,2026-02-04 04:00:00+08:00,62.88926772660992,0.0,39.340682919189085,0.0,0.0,0.0,34.72185360833212,0.0,0.0,15.226515646769798,1.0,0.0,200.0,0.0,31.554063556732608,274.0788079210719,522.5
2,w0_normal_main_bus,29,2026-02-04 05:00:00+08:00,107.93968384366997,0.0,0.0,0.0,0.0,0.0,36.19632409290835,0.0,0.0,15.300996620041477,1.0,0.0,100.0,0.0,9.469917832682826,311.45245669430153,522.5
2,w0_normal_main_bus,30,2026-02-04 06:00:00+08:00,42.555047365334254,0.0,0.0,60.33274958134058,0.0,0.0,36.632657084949926,0.0,0.0,15.948172976873614,1.0,0.0,100.0,0.0,0.0,311.45245669430153,522.5
2,w0_normal_main_bus,31,2026-02-04 07:00:00+08:00,99.65018453972267,0.0,0.0,3.3943118193056985,0.0,0.0,36.868777429653285,0.0,0.0,16.9535732718637,1.0,0.0,100.0,0.0,0.0,247.94429924025883,522.5
2,w0_normal_main_bus,32,2026-02-04 08:00:00+08:00,69.22305078005398,0.0,0.0,40.74955008855257,0.0,0.0,36.49128447861586,0.0,0.0,17.410853760727743,1.0,0.0,100.0,0.0,0.0,244.37133943046337,522.5
2,w0_normal_main_bus,33,2026-02-04 09:00:00+08:00,137.8966039158273,0.0,0.0,0.0,0.0,0.0,37.099637509706646,0.0,0.0,17.945604828366278,1.0,0.0,100.0,0.0,27.66223715118968,201.47707617935538,522.5
2,w0_normal_main_bus,34,2026-02-04 10:00:00+08:00,74.42599994309165,0.0,0.0,0.0,0.0,0.0,37.90792519052057,0.0,0.0,0.0,1.0,0.0,200.0,0.0,41.50684632623564,201.47707617935538,522.5
2,w0_normal_main_bus,35,2026-02-04 11:00:00+08:00,57.104066697072234,0.0,1.0,0.0,0.0,0.0,36.91815880473454,0.0,0.0,4.598989301283943,1.0,0.0,200.0,0.0,30.397827245671532,201.47707617935538,522.5
2,w0_normal_main_bus,36,2026-02-04 12:00:00+08:00,97.43307399625046,0.0,14.473355945830086,0.0,0.0,0.0,36.24505743567419,0.0,0.0,0.0,1.0,0.0,178.13768791370342,0.0,28.0,202.42707617935537,522.5
2,w0_normal_main_bus,37,2026-02-04 13:00:00+08:00,73.9487821844907,0.0,15.062582272484036,0.0,0.0,0.0,37.35462409559097,0.0,0.0,0.0,1.0,0.0,200.0,0.0,28.82842712474619,216.17676432789395,522.5
2,w0_normal_main_bus,38,2026-02-04 14:00:00+08:00,96.04667927732076,0.0,39.98731896067534,0.0,0.0,0.0,36.27669630055959,0.0,0.0,0.0,1.0,0.0,200.0,0.0,29.464101615137753,230.4862174867538,522.5
2,w0_normal_main_bus,39,2026-02-04 15:00:00+08:00,84.46738167677425,0.0,25.117827665681745,0.0,0.0,0.0,35.75297225202479,0.0,0.0,0.0,1.0,0.0,200.0,0.0,29.86370330515627,268.47417049939537,522.5
2,w0_normal_main_bus,40,2026-02-04 16:00:00+08:00,80.63211528197043,0.0,26.76139514164231,0.0,0.0,0.0,34.02464410588767,0.0,0.0,0.0,1.0,0.0,200.0,0.0,30.0,292.33610678179303,522.5
2,w0_normal_main_bus,41,2026-02-04 17:00:00+08:00,107.66039416117357,0.0,0.0,0.0,0.0,0.0,33.984091870280785,0.0,0.0,0.0,1.0,0.0,175.69749347348153,0.0,60.0,317.75943216635324,522.5
2,w0_normal_main_bus,42,2026-02-04 18:00:00+08:00,47.89177858574511,0.0,16.5205909722373,0.0,0.0,0.0,33.76466304286411,0.0,0.0,18.246141026664386,1.0,0.0,200.0,0.0,29.464101615137757,317.75943216635324,522.5
2,w0_normal_main_bus,43,2026-02-04 19:00:00+08:00,92.40627275359736,0.0,0.0,0.0,0.0,0.0,34.735004235592555,0.0,0.0,15.038376815350595,1.0,0.0,139.5428063142723,0.0,28.82842712474619,333.45399358997867,522.5
2,w0_normal_main_bus,44,2026-02-04 20:00:00+08:00,94.49133838480533,0.0,62.84157259795646,0.0,0.0,0.0,32.45110954148701,0.0,0.0,0.0,1.0,0.0,200.0,0.0,28.0,333.45399358997867,522.5
2,w0_normal_main_bus,45,2026-02-04 21:00:00+08:00,60.241985050262386,0.0,24.587103525431257,0.0,0.0,0.0,33.75676043072038,0.0,0.0,0.0,1.0,0.0,200.0,0.0,27.035276180410083,393.1534875580373,522.5
2,w0_normal_main_bus,46,2026-02-04 22:00:00+08:00,66.51638221660272,0.0,1.0,0.0,0.0,0.0,34.41959567486781,0.0,0.0,0.0,1.0,0.0,200.0,0.0,56.67064270433637,416.511235907197,522.5
2,w0_normal_main_bus,47,2026-02-04 23:00:00+08:00,72.29642643886751,0.0,0.0,0.0,0.0,0.0,34.65730784212104,0.0,0.0,0.0,1.0,0.0,154.18831137935763,0.0,24.964723819589917,417.46123590719696,522.5
2,w0_normal_main_bus,48,2026-02-05 00:00:00+08:00,180.46733184111906,0.0,0.0,0.0,0.0,0.0,35.1100488963602,0.0,0.0,0.0,1.0,0.0,48.30902864525487,0.0,24.0,417.46123590719696,522.5
2,w0_normal_main_bus,49,2026-02-05 01:00:00+08:00,191.56026755814457,0.0,0.0,1.0,0.0,0.0,33.38215622484842,0.0,0.0,14.268283264517953,1.0,0.0,0.0,0.0,14.854717306349409,417.46123590719696,522.5
2,w0_normal_main_bus,50,2026-02-05 02:00:00+08:00,182.22475206061677,0.0,0.0,3.1306992633900848,0.0,0.0,35.77247842718687,0.0,0.0,14.293435679354303,1.0,0.0,0.0,0.0,0.0,416.4086043282496,522.5
2,w0_normal_main_bus,51,2026-02-05 03:00:00+08:00,200.0,0.0,0.0,1.0,0.0,0.0,36.28076794610962,0.0,0.0,14.106546137553028,1.0,0.0,0.0,0.0,15.15426924321015,413.113131419418,522.5
2,w0_normal_main_bus,52,2026-02-05 04:00:00+08:00,189.07457893397302,0.0,0.0,2.9715252946122863,0.0,0.0,35.45369296349774,0.0,0.0,14.973757598743356,1.0,0.0,0.0,0.0,0.0,412.06049984047064,522.5
2,w0_normal_main_bus,53,2026-02-05 05:00:00+08:00,179.12041583248967,0.0,0.0,35.09626768938665,0.0,0.0,37.42252213948602,0.0,0.0,14.558133542197654,1.0,0.0,0.0,0.0,22.136296694843725,408.9325784777208,522.5
2,w0_normal_main_bus,54,2026-02-05 06:00:00+08:00,200.0,0.0,0.0,1.460187004278665,0.0,0.0,36.930027841145986,0.0,0.0,16.889920756640834,1.0,0.0,0.0,0.0,0.0,371.9891388046822,522.5
2,w0_normal_main_bus,55,2026-02-05 07:00:00+08:00,191.1998460925411,0.0,0.0,21.43822074490526,0.0,0.0,37.93715091183955,0.0,0.0,16.355269730533482,1.0,0.0,0.0,0.0,11.008467213084023,370.45209985280997,522.5
2,w0_normal_main_bus,56,2026-02-05 08:00:00+08:00,200.0,0.0,0.0,27.20438649112064,0.0,0.0,38.460679103982564,0.0,0.0,16.926519030144867,1.0,0.0,0.0,0.0,24.0,347.88555170027814,522.5
2,w0_normal_main_bus,57,2026-02-05 09:00:00+08:00,185.62587152603334,0.0,1.2438615063987797,0.0,0.0,0.0,38.38205518538873,0.0,0.0,0.0,1.0,0.0,100.0,0.0,60.0,319.24935539383534,522.5
2,w0_normal_main_bus,58,2026-02-05 10:00:00+08:00,187.19605862298565,0.0,0.0,0.0,0.0,0.0,37.56011437204766,0.0,0.0,0.0,1.0,0.0,98.70848606210477,0.0,59.99999999999999,320.4310238249142,522.5
2,w0_normal_main_bus,59,2026-02-05 11:00:00+08:00,184.59058307542585,0.0,0.0,0.0,0.0,0.0,36.85251261535652,0.0,0.0,0.0,1.0,0.0,100.0,2.1157943013741733,50.03488677993451,320.4310238249142,522.5
2,w0_normal_main_bus,60,2026-02-05 12:00:00+08:00,0.0,0.0,0.0,0.0,0.0,37.418626095065356,0.0,158.5852788042937,36.9304203537423,0.0,0.0,1.0,0.0,0.0,0.0,320.4310238249142,522.5
2,w0_normal_main_bus,61,2026-02-05 13:00:00+08:00,179.67267404586843,0.0,0.0,0.0,0.0,0.0,36.43633984515527,0.0,0.0,0.0,1.0,0.0,87.39474012188052,0.0,28.828427124746288,320.4310238249142,484.3177284744231
2,w0_normal_main_bus,62,2026-02-05 14:00:00+08:00,195.95528916048437,0.0,0.0,0.0,0.0,0.0,35.69261326080196,0.0,0.0,0.0,1.0,0.0,65.71985566158652,0.0,29.464101615137753,320.4310238249142,484.3177284744231
2,w0_normal_main_bus,63,2026-02-05 15:00:00+08:00,191.41731438384105,0.0,0.0,0.0,0.0,0.0,36.02961191418321,0.0,0.0,0.0,1.0,0.0,64.9906490782947,0.0,29.86370330515627,320.4310238249142,484.3177284744231
2,w0_normal_main_bus,64,2026-02-05 16:00:00+08:00,200.0,0.0,0.0,0.0,38.961501556711916,0.0,34.51720185627605,0.0,0.0,0.0,1.0,0.0,94.77080315921226,0.0,30.0,320.4310238249141,484.3177284744231
2,w0_normal_main_bus,65,2026-02-05 17:00:00+08:00,183.4827387811195,0.0,0.0,0.0,0.0,0.0,33.372558631361784,0.0,0.0,0.0,1.0,0.0,67.96583285873184,0.0,29.86370330515627,320.4310238249141,522.5
2,w0_normal_main_bus,66,2026-02-05 18:00:00+08:00,185.56998563635884,0.0,0.0,0.0,0.0,0.0,34.29995200360956,0.0,0.0,0.0,1.0,0.0,69.75218480678618,0.0,31.963000287635495,320.4310238249141,522.5
2,w0_normal_main_bus,67,2026-02-05 19:00:00+08:00,194.81651833104362,0.0,0.0,0.0,0.0,0.0,32.847272221003365,0.0,0.0,0.0,1.0,0.0,46.794274120097555,0.0,28.828427124746177,320.4310238249141,522.5
2,w0_normal_main_bus,68,2026-02-05 20:00:00+08:00,200.0,0.0,0.0,28.314553638997,0.0,0.0,32.37127122507556,0.0,0.0,5.765110262482214,1.0,0.0,0.0,0.0,28.0,320.4310238249141,522.5
2,w0_normal_main_bus,69,2026-02-05 21:00:00+08:00,189.99099870092022,0.0,0.0,1.0,0.0,0.0,33.04146854371466,0.0,0.0,9.697776529800535,1.0,0.0,0.0,0.0,0.0,290.62623052070677,522.5
2,w0_normal_main_bus,70,2026-02-05 22:00:00+08:00,180.1382168641006,0.0,0.0,10.625095167962364,0.0,0.0,32.41286286695189,0.0,0.0,15.652406253708119,1.0,0.0,0.0,0.0,0.0,289.5735989417594,522.5
2,w0_normal_main_bus,71,2026-02-05 23:00:00+08:00,191.08602101460522,0.0,0.0,1.0,0.0,0.0,33.36262260485225,0.0,0.0,5.395305064775819,1.0,0.0,0.0,0.0,0.0,278.38928823864114,522.5
2,w0_normal_main_bus,72,2026-02-06 00:00:00+08:00,171.51986294736753,0.0,0.0,18.47437771667698,0.0,0.0,32.3906475148368,0.0,0.0,14.609861663202189,1.0,0.0,0.0,0.0,0.0,277.3366566596938,522.5
2,w0_normal_main_bus,73,2026-02-06 01:00:00+08:00,180.93652867055698,0.0,0.0,27.46993627798401,0.0,0.0,35.20391380940819,0.0,0.0,13.770223480689886,1.0,0.0,0.0,0.0,23.17157287525381,257.889943273718,522.5
2,w0_normal_main_bus,74,2026-02-06 02:00:00+08:00,193.92542962777955,0.0,0.0,1.0,0.0,0.0,35.40192498691937,0.0,0.0,14.967103656615029,1.0,0.0,0.0,0.0,5.189956993998864,228.97422087584013,522.5
2,w0_normal_main_bus,75,2026-02-06 03:00:00+08:00,200.0,0.0,0.0,5.9136574308046725,0.0,0.0,36.113218488293626,0.0,0.0,13.257378771531773,1.0,0.0,0.0,7.548062683673669,15.039513701575611,227.92158929689276,522.5
2,w0_normal_main_bus,76,2026-02-06 04:00:00+08:00,192.68493366296775,0.0,0.0,16.916175676611644,0.0,0.0,35.160222114932886,0.0,0.0,14.187500597903043,1.0,0.0,0.0,0.0,21.870337253320553,221.69668673815102,522.5
2,w0_normal_main_bus,77,2026-02-06 05:00:00+08:00,192.0276167290817,0.0,0.0,0.0,0.0,0.0,35.18845284123669,0.0,0.0,0.0,1.0,0.0,57.226303898043255,0.0,39.48223808570711,203.89018602592822,522.5
2,w0_normal_main_bus,78,2026-02-06 06:00:00+08:00,125.32351041740993,0.0,0.0,0.0,0.0,0.0,36.83187918698677,0.0,0.0,10.299947020388174,1.0,0.0,100.0,0.0,22.535898384862247,203.89018602592822,522.5
2,w0_normal_main_bus,79,2026-02-06 07:00:00+08:00,128.453063598412,0.0,0.0,0.0,0.0,0.0,37.41590744914075,0.0,0.0,12.098659104042294,1.0,0.0,100.0,0.0,23.17157287525381,203.89018602592822,522.5
2,w0_normal_main_bus,80,2026-02-06 08:00:00+08:00,74.15847843208888,0.0,0.0,58.33258687087371,0.0,0.0,37.09092074390488,0.0,0.0,18.464882203452333,1.0,0.0,100.0,0.0,24.0,203.89018602592822,522.5
2,w0_normal_main_bus,81,2026-02-06 09:00:00+08:00,94.40346012468815,0.0,0.0,23.22770656741092,0.0,0.0,37.24650239532772,0.0,0.0,16.79812591889912,1.0,0.0,100.0,1.318086761521769,8.396989732444553,142.4874630039559,522.5
2,w0_normal_main_bus,82,2026-02-06 10:00:00+08:00,35.47483390793267,0.0,0.0,0.0,0.0,0.0,37.923167947448135,0.0,0.0,19.198448243400055,1.0,0.0,200.0,0.0,23.542060625668523,118.03724556457598,522.5
2,w0_normal_main_bus,83,2026-02-06 11:00:00+08:00,125.6124058870775,0.0,0.0,0.0,0.0,0.0,37.22848025960789,0.0,0.0,0.0,1.0,0.0,138.75469443229105,0.0,39.05943781996744,118.03724556457598,522.5
2,w0_normal_main_bus,84,2026-02-06 12:00:00+08:00,81.79066203082705,0.0,0.0,0.0,0.0,0.0,36.88832826023798,0.0,0.0,0.0,1.0,0.0,200.0,0.0,47.971371645175324,118.03724556457598,522.5
2,w0_normal_main_bus,85,2026-02-06 13:00:00+08:00,148.15442765511028,0.0,0.0,0.0,0.0,0.0,36.92364416398846,0.0,0.0,0.0,1.0,0.0,112.30666333033085,0.0,28.82842712474619,118.03724556457598,522.5
2,w0_normal_main_bus,86,2026-02-06 14:00:00+08:00,105.12888335414912,0.0,0.0,0.0,0.0,0.0,35.385625879467604,0.0,0.0,0.0,1.0,0.0,153.756757837301,0.0,23.373125214311553,118.03724556457598,522.5
2,w0_normal_main_bus,87,2026-02-06 15:00:00+08:00,83.47241313497469,0.0,0.0,0.0,0.0,0.0,35.900391657119926,0.0,0.0,0.0,1.0,0.0,200.0,0.0,52.87771053995692,118.03724556457598,522.5
2,w0_normal_main_bus,88,2026-02-06 16:00:00+08:00,91.32963686942165,0.0,0.0,0.0,0.0,0.0,35.94250599796858,0.0,0.0,0.0,1.0,0.0,167.2547868135245,0.0,30.0,118.03724556457598,522.5
2,w0_normal_main_bus,89,2026-02-06 17:00:00+08:00,95.18919505972578,0.0,0.0,0.0,0.0,0.0,33.39593366359448,0.0,0.0,0.0,1.0,0.0,155.74279917820755,0.0,29.86370330515627,118.03724556457598,522.5
2,w0_normal_main_bus,90,2026-02-06 18:00:00+08:00,71.85531209776492,0.0,0.0,0.0,0.0,0.0,33.4846750067749,0.0,0.0,0.0,1.0,0.0,200.0,0.0,59.02229518274979,118.03724556457598,522.5
2,w0_normal_main_bus,91,2026-02-06 19:00:00+08:00,56.27767159256493,0.0,0.0,0.0,0.0,0.0,34.644972410150345,0.0,0.0,0.0,1.0,0.0,191.02060892825327,0.0,28.82842712474619,118.03724556457598,522.5
2,w0_normal_main_bus,92,2026-02-06 20:00:00+08:00,74.32291397010842,0.0,0.0,0.0,0.0,0.0,34.392915142481286,0.0,0.0,0.0,1.0,0.0,162.54301167588216,0.0,28.0,118.03724556457598,522.5
2,w0_normal_main_bus,93,2026-02-06 21:00:00+08:00,65.87016034480183,0.0,0.0,0.0,0.0,0.0,31.597375263559435,0.0,0.0,0.0,1.0,0.0,157.21822808808975,0.0,17.008706882049307,118.03724556457598,522.5
2,w0_normal_main_bus,94,2026-02-06 22:00:00+08:00,104.19617247844218,0.0,0.0,0.0,0.0,0.0,33.415106712196106,0.0,0.0,0.0,1.0,0.0,156.78892394055958,0.0,60.0,118.03724556457598,522.5
2,w0_normal_main_bus,95,2026-02-06 23:00:00+08:00,88.04182442949815,0.0,0.0,0.0,0.0,0.0,34.67699502373474,0.0,0.0,12.150303765530627,1.0,0.0,100.0,1.3200677689105118,2.634405252868852,118.03724556457598,522.5
3,w0_normal_compound,24,2026-02-04 00:00:00+08:00,48.02796335377962,0.0,0.0,0.0,0.0,0.0,34.68843374320883,0.0,0.0,14.173067206318223,1.0,0.0,171.01112632566725,0.0,30.952674118538702,240.99442154154275,522.5
3,w0_normal_compound,25,2026-02-04 01:00:00+08:00,83.83404685985786,0.0,33.825669873188616,0.0,0.0,0.0,34.91560103527593,0.0,0.0,5.826053475770582,1.0,0.0,200.0,0.0,60.0,240.99442154154275,522.5
3,w0_normal_compound,26,2026-02-04 02:00:00+08:00,21.559696119386004,0.0,1.0,0.0,0.0,0.0,35.01630202299253,0.0,0.0,1.0873107133461168,1.0,0.0,200.0,0.0,22.535898384862247,273.12880792107194,522.5
3,w0_normal_compound,27,2026-02-04 03:00:00+08:00,42.850672297273974,0.0,0.0,0.0,0.0,0.0,34.684492458268295,0.0,0.0,0.0,1.0,0.0,199.93131013233187,0.0,40.79230869466653,274.0788079210719,522.5
3,w0_normal_compound,28,2026-02-04 04:00:00+08:00,62.88926772660992,0.0,39.340682919189085,0.0,0.0,0.0,34.72185360833212,0.0,0.0,15.226515646769798,1.0,0.0,200.0,0.0,31.554063556732608,274.0788079210719,522.5
3,w0_normal_compound,29,2026-02-04 05:00:00+08:00,107.93968384366997,0.0,0.0,0.0,0.0,0.0,36.19632409290835,0.0,0.0,15.300996620041477,1.0,0.0,100.0,0.0,9.469917832682826,311.45245669430153,522.5
3,w0_normal_compound,30,2026-02-04 06:00:00+08:00,42.555047365334254,0.0,0.0,60.33274958134058,0.0,0.0,36.632657084949926,0.0,0.0,15.948172976873614,1.0,0.0,100.0,0.0,0.0,311.45245669430153,522.5
3,w0_normal_compound,31,2026-02-04 07:00:00+08:00,99.65018453972267,0.0,0.0,3.3943118193056985,0.0,0.0,36.868777429653285,0.0,0.0,16.9535732718637,1.0,0.0,100.0,0.0,0.0,247.94429924025883,522.5
3,w0_normal_compound,32,2026-02-04 08:00:00+08:00,69.22305078005398,0.0,0.0,40.74955008855257,0.0,0.0,36.49128447861586,0.0,0.0,17.410853760727743,1.0,0.0,100.0,0.0,0.0,244.37133943046337,522.5
3,w0_normal_compound,33,2026-02-04 09:00:00+08:00,137.8966039158273,0.0,0.0,0.0,0.0,0.0,37.099637509706646,0.0,0.0,17.945604828366278,1.0,0.0,100.0,0.0,27.66223715118968,201.47707617935538,522.5
3,w0_normal_compound,34,2026-02-04 10:00:00+08:00,74.42599994309165,0.0,0.0,0.0,0.0,0.0,37.90792519052057,0.0,0.0,0.0,1.0,0.0,200.0,0.0,41.50684632623564,201.47707617935538,522.5
3,w0_normal_compound,35,2026-02-04 11:00:00+08:00,57.104066697072234,0.0,1.0,0.0,0.0,0.0,36.91815880473454,0.0,0.0,4.598989301283943,1.0,0.0,200.0,0.0,30.397827245671532,201.47707617935538,522.5
3,w0_normal_compound,36,2026-02-04 12:00:00+08:00,97.43307399625046,0.0,14.473355945830086,0.0,0.0,0.0,36.24505743567419,0.0,0.0,0.0,1.0,0.0,178.13768791370342,0.0,28.0,202.42707617935537,522.5
3,w0_normal_compound,37,2026-02-04 13:00:00+08:00,73.9487821844907,0.0,15.062582272484036,0.0,0.0,0.0,37.35462409559097,0.0,0.0,0.0,1.0,0.0,200.0,0.0,28.82842712474619,216.17676432789395,522.5
3,w0_normal_compound,38,2026-02-04 14:00:00+08:00,96.04667927732076,0.0,39.98731896067534,0.0,0.0,0.0,36.27669630055959,0.0,0.0,0.0,1.0,0.0,200.0,0.0,29.464101615137753,230.4862174867538,522.5
3,w0_normal_compound,39,2026-02-04 15:00:00+08:00,84.46738167677425,0.0,25.117827665681745,0.0,0.0,0.0,35.75297225202479,0.0,0.0,0.0,1.0,0.0,200.0,0.0,29.86370330515627,268.47417049939537,522.5
3,w0_normal_compound,40,2026-02-04 16:00:00+08:00,80.63211528197043,0.0,26.76139514164231,0.0,0.0,0.0,34.02464410588767,0.0,0.0,0.0,1.0,0.0,200.0,0.0,30.0,292.33610678179303,522.5
3,w0_normal_compound,41,2026-02-04 17:00:00+08:00,107.66039416117357,0.0,0.0,0.0,0.0,0.0,33.984091870280785,0.0,0.0,0.0,1.0,0.0,175.69749347348153,0.0,60.0,317.75943216635324,522.5
3,w0_normal_compound,42,2026-02-04 18:00:00+08:00,47.89177858574511,0.0,16.5205909722373,0.0,0.0,0.0,33.76466304286411,0.0,0.0,18.246141026664386,1.0,0.0,200.0,0.0,29.464101615137757,317.75943216635324,522.5
3,w0_normal_compound,43,2026-02-04 19:00:00+08:00,92.40627275359736,0.0,0.0,0.0,0.0,0.0,34.735004235592555,0.0,0.0,15.038376815350595,1.0,0.0,139.5428063142723,0.0,28.82842712474619,333.45399358997867,522.5
3,w0_normal_compound,44,2026-02-04 20:00:00+08:00,94.49133838480533,0.0,62.84157259795646,0.0,0.0,0.0,32.45110954148701,0.0,0.0,0.0,1.0,0.0,200.0,0.0,28.0,333.45399358997867,522.5
3,w0_normal_compound,45,2026-02-04 21:00:00+08:00,60.241985050262386,0.0,24.587103525431257,0.0,0.0,0.0,33.75676043072038,0.0,0.0,0.0,1.0,0.0,200.0,0.0,27.035276180410083,393.1534875580373,522.5
3,w0_normal_compound,46,2026-02-04 22:00:00+08:00,66.51638221660272,0.0,1.0,0.0,0.0,0.0,34.41959567486781,0.0,0.0,0.0,1.0,0.0,200.0,0.0,56.67064270433637,416.511235907197,522.5
3,w0_normal_compound,47,2026-02-04 23:00:00+08:00,72.29642643886751,0.0,0.0,0.0,0.0,0.0,34.65730784212104,0.0,0.0,0.0,1.0,0.0,154.18831137935763,0.0,24.964723819589917,417.46123590719696,522.5
3,w0_normal_compound,48,2026-02-05 00:00:00+08:00,180.46733184111906,0.0,0.0,0.0,0.0,0.0,35.1100488963602,0.0,0.0,0.0,1.0,0.0,48.30902864525487,0.0,24.0,417.46123590719696,522.5
3,w0_normal_compound,49,2026-02-05 01:00:00+08:00,191.56026755814457,0.0,0.0,1.0,0.0,0.0,33.38215622484842,0.0,0.0,14.268283264517953,1.0,0.0,0.0,0.0,14.854717306349409,417.46123590719696,522.5
3,w0_normal_compound,50,2026-02-05 02:00:00+08:00,182.22475206061677,0.0,0.0,3.1306992633900848,0.0,0.0,35.77247842718687,0.0,0.0,14.293435679354303,1.0,0.0,0.0,0.0,0.0,416.4086043282496,522.5
3,w0_normal_compound,51,2026-02-05 03:00:00+08:00,200.0,0.0,0.0,1.0,0.0,0.0,36.28076794610962,0.0,0.0,14.106546137553028,1.0,0.0,0.0,0.0,15.15426924321015,413.113131419418,522.5
3,w0_normal_compound,52,2026-02-05 04:00:00+08:00,189.07457893397302,0.0,0.0,2.9715252946122863,0.0,0.0,35.45369296349774,0.0,0.0,14.973757598743356,1.0,0.0,0.0,0.0,0.0,412.06049984047064,522.5
3,w0_normal_compound,53,2026-02-05 05:00:00+08:00,179.12041583248967,0.0,0.0,35.09626768938665,0.0,0.0,37.42252213948602,0.0,0.0,14.558133542197654,1.0,0.0,0.0,0.0,22.136296694843725,408.9325784777208,522.5
3,w0_normal_compound,54,2026-02-05 06:00:00+08:00,200.0,0.0,0.0,1.460187004278665,0.0,0.0,36.930027841145986,0.0,0.0,16.889920756640834,1.0,0.0,0.0,0.0,0.0,371.9891388046822,522.5
3,w0_normal_compound,55,2026-02-05 07:00:00+08:00,191.1998460925411,0.0,0.0,21.43822074490526,0.0,0.0,37.93715091183955,0.0,0.0,16.355269730533482,1.0,0.0,0.0,0.0,11.008467213084023,370.45209985280997,522.5
3,w0_normal_compound,56,2026-02-05 08:00:00+08:00,200.0,0.0,0.0,27.20438649112064,0.0,0.0,38.460679103982564,0.0,0.0,16.926519030144867,1.0,0.0,0.0,0.0,24.0,347.88555170027814,522.5
3,w0_normal_compound,57,2026-02-05 09:00:00+08:00,185.62587152603334,0.0,1.2438615063987797,0.0,0.0,0.0,38.38205518538873,0.0,0.0,0.0,1.0,0.0,100.0,0.0,60.0,319.24935539383534,522.5
3,w0_normal_compound,58,2026-02-05 10:00:00+08:00,187.19605862298565,0.0,0.0,0.0,0.0,0.0,37.56011437204766,0.0,0.0,0.0,1.0,0.0,98.70848606210477,0.0,59.99999999999999,320.4310238249142,522.5
3,w0_normal_compound,59,2026-02-05 11:00:00+08:00,184.59058307542585,0.0,0.0,0.0,0.0,0.0,36.85251261535652,0.0,0.0,0.0,1.0,0.0,100.0,2.1157943013741733,50.03488677993451,320.4310238249142,522.5
3,w0_normal_compound,60,2026-02-05 12:00:00+08:00,0.0,0.0,0.0,32.93432525310135,0.0,0.0,37.418626095065356,0.0,0.0,0.0,1.0,-0.0,200.0,0.0,0.0,320.4310238249142,522.5
3,w0_normal_compound,61,2026-02-05 13:00:00+08:00,0.0,0.0,0.0,38.238987043002666,0.0,0.0,36.43633984515527,0.0,0.0,0.0,1.0,-0.0,200.0,0.0,0.0,285.7633130321759,522.5
3,w0_normal_compound,62,2026-02-05 14:00:00+08:00,0.0,0.0,0.0,32.21104320693314,0.0,0.0,35.69261326080196,0.0,0.0,0.0,1.0,-0.0,200.0,0.0,0.0,245.51174772375205,522.5
3,w0_normal_compound,63,2026-02-05 15:00:00+08:00,0.0,0.0,0.0,26.544260156979476,0.0,0.0,36.02961191418321,0.0,0.0,0.0,1.0,-0.0,200.0,0.0,0.0,211.60538645329612,522.5
3,w0_normal_compound,64,2026-02-05 16:00:00+08:00,0.0,0.0,0.0,9.185562334620464,0.0,0.0,34.51720185627605,0.0,0.0,16.623739267879863,1.0,-0.0,200.0,0.0,0.0,183.66405997226508,522.5
3,w0_normal_compound,65,2026-02-05 17:00:00+08:00,0.0,0.0,0.0,21.584868334695074,0.0,0.0,33.372558631361784,0.0,0.0,0.0,1.0,-0.0,200.0,0.0,0.0,173.99504698845405,522.5
3,w0_normal_compound,66,2026-02-05 18:00:00+08:00,0.0,0.0,0.0,23.35917015550951,0.0,0.0,34.29995200360956,0.0,0.0,0.0,1.0,-0.0,200.0,0.0,0.0,151.27413295193293,522.5
3,w0_normal_compound,67,2026-02-05 19:00:00+08:00,0.0,0.0,0.0,0.0,0.0,0.0,32.847272221003365,0.0,0.0,12.782365326395002,1.0,-0.0,200.0,0.0,0.0,126.6855327882387,522.5
3,w0_normal_compound,68,2026-02-05 20:00:00+08:00,0.0,0.0,0.0,6.0796639014791936,0.0,0.0,32.37127122507556,0.0,0.0,0.0,1.0,-0.0,200.0,0.0,0.0,126.6855327882387,522.5
3,w0_normal_compound,69,2026-02-05 21:00:00+08:00,0.0,0.0,0.0,0.0,0.0,0.0,33.04146854371466,0.0,0.0,0.6887752307207506,1.0,-0.0,200.0,0.0,0.0,120.28588657615535,522.5
3,w0_normal_compound,70,2026-02-05 22:00:00+08:00,0.0,0.0,0.0,0.0,0.0,0.0,32.41286286695189,0.0,0.0,6.415718285771071,1.0,-0.0,200.0,0.0,0.0,120.28588657615535,522.5
3,w0_normal_compound,71,2026-02-05 23:00:00+08:00,0.0,0.0,0.0,0.0,0.0,0.0,33.36262260485225,0.0,0.0,0.0,1.0,-0.0,200.0,0.0,2.5186739206189657,120.28588657615535,522.5
3,w0_normal_compound,72,2026-02-06 00:00:00+08:00,171.51986294736753,0.0,6.915760620120821,0.0,0.0,0.0,32.3906475148368,0.0,0.0,0.0,1.0,0.0,100.0,0.0,60.000000000000014,120.28588657615535,522.5
3,w0_normal_compound,73,2026-02-06 01:00:00+08:00,180.93652867055698,0.0,0.0,18.990743105533113,0.0,0.0,35.20391380940819,0.0,0.0,13.770223480689946,1.0,0.0,0.0,0.0,14.692379702802961,126.85585916527013,522.5
3,w0_normal_compound,74,2026-02-06 02:00:00+08:00,193.92542962777955,0.0,1.0,0.0,0.0,0.0,35.40192498691937,0.0,0.0,14.967103656615029,1.0,0.0,0.0,0.0,3.1899569939988712,106.86560326470895,522.5
3,w0_normal_compound,75,2026-02-06 03:00:00+08:00,200.0,0.0,0.0,1.0,0.0,0.0,36.113218488293626,0.0,0.0,13.257378771531773,1.0,0.0,0.0,7.548062683673678,10.1258562707709,107.81560326470894,522.5
3,w0_normal_compound,76,2026-02-06 04:00:00+08:00,192.68493366296775,0.0,0.0,1.0,0.0,0.0,35.160222114932886,0.0,0.0,14.187500597903043,1.0,0.0,0.0,0.9,5.054161576708918,106.76297168576157,522.5
3,w0_normal_compound,77,2026-02-06 05:00:00+08:00,192.0276167290817,0.0,22.255934187663847,0.0,0.0,0.0,35.18845284123669,0.0,0.0,0.0,1.0,0.0,100.0,0.0,60.0,105.7103401068142,522.5
3,w0_normal_compound,78,2026-02-06 06:00:00+08:00,125.32351041740993,0.0,0.0,0.0,0.0,0.0,36.83187918698677,0.0,0.0,13.460353208979475,1.0,0.0,100.0,0.0,25.696304573453553,126.85347758509485,522.5
3,w0_normal_compound,79,2026-02-06 07:00:00+08:00,128.453063598412,0.0,1.0,0.0,0.0,0.0,37.41590744914075,0.0,0.0,15.286857320761486,1.0,0.0,100.0,0.0,25.359771091973005,126.85347758509485,522.5
3,w0_normal_compound,80,2026-02-06 08:00:00+08:00,74.15847843208888,0.0,0.0,34.33258687087371,0.0,0.0,37.09092074390488,0.0,0.0,18.464882203452333,1.0,0.0,100.0,0.0,0.0,127.80347758509485,522.5
3,w0_normal_compound,81,2026-02-06 09:00:00+08:00,94.40346012468815,0.0,0.0,14.830716834966346,0.0,0.0,37.24650239532772,0.0,0.0,16.79812591889912,1.0,0.0,100.0,1.3180867615217684,0.0,91.66391245785937,522.5
3,w0_normal_compound,82,2026-02-06 10:00:00+08:00,35.47483390793267,0.0,0.0,0.0,0.0,0.0,37.923167947448135,0.0,0.0,19.198448243400055,1.0,0.0,200.0,0.0,23.54206062566853,76.05263157894743,522.5
3,w0_normal_compound,83,2026-02-06 11:00:00+08:00,125.6124058870775,0.0,0.0,0.0,0.0,0.0,37.22848025960789,0.0,0.0,0.0,1.0,0.0,159.6952566123236,0.0,60.0,76.05263157894743,522.5
3,w0_normal_compound,84,2026-02-06 12:00:00+08:00,81.79066203082705,0.0,0.0,0.0,0.0,0.0,36.88832826023798,0.0,0.0,2.7207587847271277,1.0,0.0,200.0,0.0,50.69213042990245,76.05263157894743,522.5
3,w0_normal_compound,85,2026-02-06 13:00:00+08:00,148.15442765511028,0.0,0.0,0.0,0.0,0.0,36.92364416398846,0.0,0.0,0.0,1.0,0.0,143.47823620558466,0.0,60.0,76.05263157894743,522.5
3,w0_normal_compound,86,2026-02-06 14:00:00+08:00,105.12888335414912,0.0,0.0,0.0,0.0,0.0,35.385625879467604,0.0,0.0,0.0,1.0,0.0,190.3836326229894,0.0,60.0,76.05263157894743,522.5
3,w0_normal_compound,87,2026-02-06 15:00:00+08:00,83.47241313497469,0.0,0.0,0.0,0.0,0.0,35.900391657119926,0.0,0.0,7.122289460043092,1.0,0.0,200.0,0.0,60.0,76.0526315789474,522.5
3,w0_normal_compound,88,2026-02-06 16:00:00+08:00,91.32963686942165,0.0,0.0,0.0,0.0,0.0,35.94250599796858,0.0,0.0,0.0,1.0,0.0,197.2547868135245,0.0,60.0,76.0526315789474,522.5
3,w0_normal_compound,89,2026-02-06 17:00:00+08:00,95.18919505972578,0.0,1.0,0.0,0.0,0.0,33.39593366359448,0.0,0.0,0.0,1.0,0.0,186.87909587305128,0.0,60.0,76.0526315789474,522.5
3,w0_normal_compound,90,2026-02-06 18:00:00+08:00,71.85531209776492,0.0,0.0,0.0,0.0,0.0,33.4846750067749,0.0,0.0,0.9777048172502063,1.0,0.0,200.0,0.0,60.0,77.0026315789474,522.5
3,w0_normal_compound,91,2026-02-06 19:00:00+08:00,56.27767159256493,0.0,0.0,0.0,0.0,0.0,34.644972410150345,0.0,0.0,0.0,1.0,0.0,200.0,0.0,37.80781819649292,77.0026315789474,522.5
3,w0_normal_compound,92,2026-02-06 20:00:00+08:00,74.32291397010842,0.0,0.0,0.0,0.0,0.0,34.392915142481286,0.0,0.0,0.0,1.0,0.0,194.54301167588216,0.0,60.0,77.0026315789474,522.5
3,w0_normal_compound,93,2026-02-06 21:00:00+08:00,65.87016034480183,0.0,0.0,0.0,0.0,0.0,31.597375263559435,0.0,0.0,0.209521206040435,1.0,0.0,200.0,0.0,60.0,77.0026315789474,522.5
3,w0_normal_compound,94,2026-02-06 22:00:00+08:00,104.19617247844218,0.0,43.194330511187985,0.0,0.0,0.0,33.415106712196106,0.0,0.0,0.0,1.0,0.0,199.98325445174757,0.0,60.0,77.0026315789474,522.5
3,w0_normal_compound,95,2026-02-06 23:00:00+08:00,88.04182442949815,0.0,0.0,0.0,0.0,0.0,34.67699502373474,0.0,0.0,9.3812867553614,1.0,0.0,100.0,1.1854560116101367,0.0,118.03724556457598,522.5
4,w0_normal_pcs,24,2026-02-04 00:00:00+08:00,48.02796335377962,0.0,0.0,0.0,0.0,0.0,34.68843374320883,0.0,0.0,14.173067206318223,1.0,0.0,171.01112632566725,0.0,30.952674118538702,240.99442154154275,522.5
4,w0_normal_pcs,25,2026-02-04 01:00:00+08:00,83.83404685985786,0.0,33.825669873188616,0.0,0.0,0.0,34.91560103527593,0.0,0.0,5.826053475770582,1.0,0.0,200.0,0.0,60.0,240.99442154154275,522.5
4,w0_normal_pcs,26,2026-02-04 02:00:00+08:00,21.559696119386004,0.0,1.0,0.0,0.0,0.0,35.01630202299253,0.0,0.0,1.0873107133461168,1.0,0.0,200.0,0.0,22.535898384862247,273.12880792107194,522.5
4,w0_normal_pcs,27,2026-02-04 03:00:00+08:00,42.850672297273974,0.0,0.0,0.0,0.0,0.0,34.684492458268295,0.0,0.0,0.0,1.0,0.0,199.93131013233187,0.0,40.79230869466653,274.0788079210719,522.5
4,w0_normal_pcs,28,2026-02-04 04:00:00+08:00,62.88926772660992,0.0,39.340682919189085,0.0,0.0,0.0,34.72185360833212,0.0,0.0,15.226515646769798,1.0,0.0,200.0,0.0,31.554063556732608,274.0788079210719,522.5
4,w0_normal_pcs,29,2026-02-04 05:00:00+08:00,107.93968384366997,0.0,0.0,0.0,0.0,0.0,36.19632409290835,0.0,0.0,15.300996620041477,1.0,0.0,100.0,0.0,9.469917832682826,311.45245669430153,522.5
4,w0_normal_pcs,30,2026-02-04 06:00:00+08:00,42.555047365334254,0.0,0.0,60.33274958134058,0.0,0.0,36.632657084949926,0.0,0.0,15.948172976873614,1.0,0.0,100.0,0.0,0.0,311.45245669430153,522.5
4,w0_normal_pcs,31,2026-02-04 07:00:00+08:00,99.65018453972267,0.0,0.0,3.3943118193056985,0.0,0.0,36.868777429653285,0.0,0.0,16.9535732718637,1.0,0.0,100.0,0.0,0.0,247.94429924025883,522.5
4,w0_normal_pcs,32,2026-02-04 08:00:00+08:00,69.22305078005398,0.0,0.0,40.74955008855257,0.0,0.0,36.49128447861586,0.0,0.0,17.410853760727743,1.0,0.0,100.0,0.0,0.0,244.37133943046337,522.5
4,w0_normal_pcs,33,2026-02-04 09:00:00+08:00,137.8966039158273,0.0,0.0,0.0,0.0,0.0,37.099637509706646,0.0,0.0,17.945604828366278,1.0,0.0,100.0,0.0,27.66223715118968,201.47707617935538,522.5
4,w0_normal_pcs,34,2026-02-04 10:00:00+08:00,74.42599994309165,0.0,0.0,0.0,0.0,0.0,37.90792519052057,0.0,0.0,0.0,1.0,0.0,200.0,0.0,41.50684632623564,201.47707617935538,522.5
4,w0_normal_pcs,35,2026-02-04 11:00:00+08:00,57.104066697072234,0.0,1.0,0.0,0.0,0.0,36.91815880473454,0.0,0.0,4.598989301283943,1.0,0.0,200.0,0.0,30.397827245671532,201.47707617935538,522.5
4,w0_normal_pcs,36,2026-02-04 12:00:00+08:00,97.43307399625046,0.0,14.473355945830086,0.0,0.0,0.0,36.24505743567419,0.0,0.0,0.0,1.0,0.0,178.13768791370342,0.0,28.0,202.42707617935537,522.5
4,w0_normal_pcs,37,2026-02-04 13:00:00+08:00,73.9487821844907,0.0,15.062582272484036,0.0,0.0,0.0,37.35462409559097,0.0,0.0,0.0,1.0,0.0,200.0,0.0,28.82842712474619,216.17676432789395,522.5
4,w0_normal_pcs,38,2026-02-04 14:00:00+08:00,96.04667927732076,0.0,39.98731896067534,0.0,0.0,0.0,36.27669630055959,0.0,0.0,0.0,1.0,0.0,200.0,0.0,29.464101615137753,230.4862174867538,522.5
4,w0_normal_pcs,39,2026-02-04 15:00:00+08:00,84.46738167677425,0.0,25.117827665681745,0.0,0.0,0.0,35.75297225202479,0.0,0.0,0.0,1.0,0.0,200.0,0.0,29.86370330515627,268.47417049939537,522.5
4,w0_normal_pcs,40,2026-02-04 16:00:00+08:00,80.63211528197043,0.0,26.76139514164231,0.0,0.0,0.0,34.02464410588767,0.0,0.0,0.0,1.0,0.0,200.0,0.0,30.0,292.33610678179303,522.5
4,w0_normal_pcs,41,2026-02-04 17:00:00+08:00,107.66039416117357,0.0,0.0,0.0,0.0,0.0,33.984091870280785,0.0,0.0,0.0,1.0,0.0,175.69749347348153,0.0,60.0,317.75943216635324,522.5
4,w0_normal_pcs,42,2026-02-04 18:00:00+08:00,47.89177858574511,0.0,16.5205909722373,0.0,0.0,0.0,33.76466304286411,0.0,0.0,18.246141026664386,1.0,0.0,200.0,0.0,29.464101615137757,317.75943216635324,522.5
4,w0_normal_pcs,43,2026-02-04 19:00:00+08:00,92.40627275359736,0.0,0.0,0.0,0.0,0.0,34.735004235592555,0.0,0.0,15.038376815350595,1.0,0.0,139.5428063142723,0.0,28.82842712474619,333.45399358997867,522.5
4,w0_normal_pcs,44,2026-02-04 20:00:00+08:00,94.49133838480533,0.0,62.84157259795646,0.0,0.0,0.0,32.45110954148701,0.0,0.0,0.0,1.0,0.0,200.0,0.0,28.0,333.45399358997867,522.5
4,w0_normal_pcs,45,2026-02-04 21:00:00+08:00,60.241985050262386,0.0,24.587103525431257,0.0,0.0,0.0,33.75676043072038,0.0,0.0,0.0,1.0,0.0,200.0,0.0,27.035276180410083,393.1534875580373,522.5
4,w0_normal_pcs,46,2026-02-04 22:00:00+08:00,66.51638221660272,0.0,1.0,0.0,0.0,0.0,34.41959567486781,0.0,0.0,0.0,1.0,0.0,200.0,0.0,56.67064270433637,416.511235907197,522.5
4,w0_normal_pcs,47,2026-02-04 23:00:00+08:00,72.29642643886751,0.0,0.0,0.0,0.0,0.0,34.65730784212104,0.0,0.0,0.0,1.0,0.0,154.18831137935763,0.0,24.964723819589917,417.46123590719696,522.5
4,w0_normal_pcs,48,2026-02-05 00:00:00+08:00,180.46733184111906,0.0,0.0,0.0,0.0,0.0,35.1100488963602,0.0,0.0,0.0,1.0,0.0,48.30902864525487,0.0,24.0,417.46123590719696,522.5
4,w0_normal_pcs,49,2026-02-05 01:00:00+08:00,191.56026755814457,0.0,0.0,1.0,0.0,0.0,33.38215622484842,0.0,0.0,14.268283264517953,1.0,0.0,0.0,0.0,14.854717306349409,417.46123590719696,522.5
4,w0_normal_pcs,50,2026-02-05 02:00:00+08:00,182.22475206061677,0.0,0.0,3.1306992633900848,0.0,0.0,35.77247842718687,0.0,0.0,14.293435679354303,1.0,0.0,0.0,0.0,0.0,416.4086043282496,522.5
4,w0_normal_pcs,51,2026-02-05 03:00:00+08:00,200.0,0.0,0.0,1.0,0.0,0.0,36.28076794610962,0.0,0.0,14.106546137553028,1.0,0.0,0.0,0.0,15.15426924321015,413.113131419418,522.5
4,w0_normal_pcs,52,2026-02-05 04:00:00+08:00,189.07457893397302,0.0,0.0,2.9715252946122863,0.0,0.0,35.45369296349774,0.0,0.0,14.973757598743356,1.0,0.0,0.0,0.0,0.0,412.06049984047064,522.5
4,w0_normal_pcs,53,2026-02-05 05:00:00+08:00,179.12041583248967,0.0,0.0,35.09626768938665,0.0,0.0,37.42252213948602,0.0,0.0,14.558133542197654,1.0,0.0,0.0,0.0,22.136296694843725,408.9325784777208,522.5
4,w0_normal_pcs,54,2026-02-05 06:00:00+08:00,200.0,0.0,0.0,1.460187004278665,0.0,0.0,36.930027841145986,0.0,0.0,16.889920756640834,1.0,0.0,0.0,0.0,0.0,371.9891388046822,522.5
4,w0_normal_pcs,55,2026-02-05 07:00:00+08:00,191.1998460925411,0.0,0.0,21.43822074490526,0.0,0.0,37.93715091183955,0.0,0.0,16.355269730533482,1.0,0.0,0.0,0.0,11.008467213084023,370.45209985280997,522.5
4,w0_normal_pcs,56,2026-02-05 08:00:00+08:00,200.0,0.0,0.0,27.20438649112064,0.0,0.0,38.460679103982564,0.0,0.0,16.926519030144867,1.0,0.0,0.0,0.0,24.0,347.88555170027814,522.5
4,w0_normal_pcs,57,2026-02-05 09:00:00+08:00,185.62587152603334,0.0,1.2438615063987797,0.0,0.0,0.0,38.38205518538873,0.0,0.0,0.0,1.0,0.0,100.0,0.0,60.0,319.24935539383534,522.5
4,w0_normal_pcs,58,2026-02-05 10:00:00+08:00,187.19605862298565,0.0,0.0,0.0,0.0,0.0,37.56011437204766,0.0,0.0,0.0,1.0,0.0,98.70848606210477,0.0,59.99999999999999,320.4310238249142,522.5
4,w0_normal_pcs,59,2026-02-05 11:00:00+08:00,184.59058307542585,0.0,0.0,0.0,0.0,0.0,36.85251261535652,0.0,0.0,0.0,1.0,0.0,100.0,2.1157943013741733,50.03488677993451,320.4310238249142,522.5
4,w0_normal_pcs,60,2026-02-05 12:00:00+08:00,180.59625863980358,0.0,0.0,0.0,0.0,0.0,37.418626095065356,0.0,0.0,0.0,1.0,-0.0,82.8369652857955,0.0,30.498898672497738,320.4310238249142,522.5
4,w0_normal_pcs,61,2026-02-05 13:00:00+08:00,179.67267404586843,0.0,0.0,0.0,0.0,0.0,36.43633984515527,0.0,0.0,0.0,1.0,-0.0,87.3947401218804,0.0,28.82842712474619,320.4310238249142,522.5
4,w0_normal_pcs,62,2026-02-05 14:00:00+08:00,195.95528916048437,0.0,0.0,0.0,0.0,0.0,35.69261326080196,0.0,0.0,0.0,1.0,-0.0,65.71985566158652,0.0,29.464101615137753,320.4310238249142,522.5
4,w0_normal_pcs,63,2026-02-05 15:00:00+08:00,191.41731438384105,0.0,0.0,0.0,0.0,0.0,36.02961191418321,0.0,0.0,18.378174302852948,1.0,-0.0,46.612474775441754,0.0,29.86370330515627,320.4310238249142,522.5
4,w0_normal_pcs,64,2026-02-05 16:00:00+08:00,200.0,0.0,0.0,0.0,0.0,0.0,34.51720185627605,0.0,0.0,0.0,1.0,-0.0,55.80930160250035,0.0,30.0,320.4310238249142,522.5
4,w0_normal_pcs,65,2026-02-05 17:00:00+08:00,183.4827387811195,0.0,0.0,0.0,0.0,0.0,33.372558631361784,0.0,0.0,0.0,1.0,-0.0,67.96583285873183,0.0,29.86370330515627,320.4310238249142,522.5
4,w0_normal_pcs,66,2026-02-05 18:00:00+08:00,185.56998563635884,0.0,0.0,0.0,0.0,0.0,34.29995200360956,0.0,0.0,18.132423807913742,1.0,-0.0,49.12086232637469,0.0,29.464101615137757,320.4310238249142,522.5
4,w0_normal_pcs,67,2026-02-05 19:00:00+08:00,194.81651833104362,0.0,0.0,0.0,0.0,0.0,32.847272221003365,0.0,0.0,0.0,1.0,-0.0,46.79427412009756,0.0,28.82842712474619,320.4310238249142,522.5
4,w0_normal_pcs,68,2026-02-05 20:00:00+08:00,200.0,0.0,0.0,0.0,0.0,0.0,32.37127122507556,0.0,0.0,0.0,1.0,-0.0,34.079663901479194,0.0,28.0,320.4310238249142,522.5
4,w0_normal_pcs,69,2026-02-05 21:00:00+08:00,189.99099870092022,0.0,0.0,0.0,0.0,0.0,33.04146854371466,0.0,0.0,0.0,1.0,-0.0,37.73305271021061,0.0,27.035276180410083,320.4310238249142,522.5
4,w0_normal_pcs,70,2026-02-05 22:00:00+08:00,180.1382168641006,0.0,0.0,0.0,0.0,0.0,32.41286286695189,0.0,0.0,0.0,1.0,-0.0,52.27750142167047,0.0,26.0,320.4310238249142,522.5
4,w0_normal_pcs,71,2026-02-05 23:00:00+08:00,191.08602101460522,0.0,0.0,0.0,0.0,0.0,33.36262260485225,0.0,0.0,0.0,1.0,-0.0,31.36002888436573,0.0,24.964723819589917,320.4310238249142,522.5
4,w0_normal_pcs,72,2026-02-06 00:00:00+08:00,171.51986294736753,0.0,0.0,0.0,0.0,0.0,32.3906475148368,0.0,0.0,0.0,1.0,0.0,57.084239379879165,0.0,24.0,320.4310238249142,522.5
4,w0_normal_pcs,73,2026-02-06 01:00:00+08:00,180.93652867055698,0.0,0.0,27.469936277982008,0.0,0.0,35.20391380940819,0.0,0.0,13.770223480690909,1.0,0.0,0.0,0.0,23.17157287525381,320.4310238249142,522.5
4,w0_normal_pcs,74,2026-02-06 02:00:00+08:00,193.92542962777955,0.0,0.0,17.52703915818651,0.0,0.0,35.40192498691937,0.0,0.0,14.967103656615029,1.0,0.0,0.0,0.0,21.71699615218528,291.51530142703837,522.5
4,w0_normal_pcs,75,2026-02-06 03:00:00+08:00,200.0,0.0,0.0,1.0,0.0,0.0,36.113218488293626,0.0,0.0,13.257378771531773,1.0,0.0,0.0,0.0,17.673918954444463,273.0657865236842,522.5
4,w0_normal_pcs,76,2026-02-06 04:00:00+08:00,192.68493366296775,0.0,0.0,24.645945226480507,0.0,0.0,35.160222114932886,0.0,0.0,14.187500597903043,1.0,0.0,0.0,7.729769549868863,21.870337253320553,272.0131549447369,522.5
4,w0_normal_pcs,77,2026-02-06 05:00:00+08:00,192.0276167290817,0.0,0.0,23.503141159242347,0.0,0.0,35.18845284123669,0.0,0.0,16.37722134793758,1.0,0.0,0.0,0.0,22.136296694843725,246.0700547063364,522.5
4,w0_normal_pcs,78,2026-02-06 06:00:00+08:00,125.32351041740993,0.0,0.0,0.0,0.0,0.0,36.83187918698677,0.0,0.0,10.299947020388174,1.0,0.0,100.0,0.0,22.535898384862247,221.3299061176602,522.5
4,w0_normal_pcs,79,2026-02-06 07:00:00+08:00,128.453063598412,0.0,0.0,0.0,0.0,0.0,37.41590744914075,0.0,0.0,12.098659104042301,1.0,0.0,100.0,0.0,23.17157287525381,221.3299061176602,522.5
4,w0_normal_pcs,80,2026-02-06 08:00:00+08:00,74.15847843208888,0.0,0.0,58.332586870873705,0.0,0.0,37.09092074390488,0.0,0.0,18.464882203452333,1.0,0.0,100.0,0.0,24.0,221.3299061176602,522.5
4,w0_normal_pcs,81,2026-02-06 09:00:00+08:00,94.40346012468815,0.0,0.0,39.795440654556295,0.0,0.0,37.24650239532772,0.0,0.0,16.79812591889912,1.0,0.0,100.0,1.3180867615217764,24.964723819589917,159.92718309568787,522.5
4,w0_normal_pcs,82,2026-02-06 10:00:00+08:00,35.47483390793267,0.0,0.0,0.0,0.0,0.0,37.923167947448135,0.0,0.0,19.198448243400055,1.0,0.0,200.0,0.0,23.542060625668512,118.03724556457598,522.5
4,w0_normal_pcs,83,2026-02-06 11:00:00+08:00,125.6124058870775,0.0,0.0,0.0,0.0,0.0,37.22848025960789,0.0,0.0,0.0,1.0,0.0,126.73053279273368,0.0,27.035276180410083,118.03724556457598,522.5
4,w0_normal_pcs,84,2026-02-06 12:00:00+08:00,81.79066203082705,0.0,0.0,0.0,0.0,0.0,36.88832826023798,0.0,0.0,0.0,1.0,0.0,180.02862835482466,0.0,28.0,118.03724556457598,522.5
4,w0_normal_pcs,85,2026-02-06 13:00:00+08:00,148.15442765511028,0.0,0.0,0.0,0.0,0.0,36.92364416398846,0.0,0.0,0.0,1.0,0.0,112.30666333033085,0.0,28.82842712474619,118.03724556457598,522.5
4,w0_normal_pcs,86,2026-02-06 14:00:00+08:00,105.12888335414912,0.0,0.0,0.0,0.0,0.0,35.385625879467604,0.0,0.0,0.0,1.0,0.0,153.75675783730097,0.0,23.373125214311553,118.03724556457598,522.5
4,w0_normal_pcs,87,2026-02-06 15:00:00+08:00,83.47241313497469,0.0,0.0,0.0,0.0,0.0,35.900391657119926,0.0,0.0,0.0,1.0,0.0,176.98599276519968,0.0,29.86370330515627,118.03724556457598,522.5
4,w0_normal_pcs,88,2026-02-06 16:00:00+08:00,91.32963686942165,0.0,0.0,0.0,0.0,0.0,35.94250599796858,0.0,0.0,0.0,1.0,0.0,167.2547868135245,0.0,30.0,118.03724556457598,522.5
4,w0_normal_pcs,89,2026-02-06 17:00:00+08:00,95.18919505972578,0.0,0.0,0.0,0.0,0.0,33.39593366359448,0.0,0.0,0.0,1.0,0.0,155.74279917820758,0.0,29.86370330515627,118.03724556457598,522.5
4,w0_normal_pcs,90,2026-02-06 18:00:00+08:00,71.85531209776492,0.0,0.0,0.0,0.0,0.0,33.4846750067749,0.0,0.0,0.0,1.0,0.0,170.44180643238798,0.0,29.464101615137757,118.03724556457598,522.5
4,w0_normal_pcs,91,2026-02-06 19:00:00+08:00,56.27767159256493,0.0,0.0,0.0,0.0,0.0,34.644972410150345,0.0,0.0,0.0,1.0,0.0,191.02060892825327,0.0,28.82842712474619,118.03724556457598,522.5
4,w0_normal_pcs,92,2026-02-06 20:00:00+08:00,74.32291397010842,0.0,0.0,0.0,0.0,0.0,34.392915142481286,0.0,0.0,0.0,1.0,0.0,162.54301167588216,0.0,28.0,118.03724556457598,522.5
4,w0_normal_pcs,93,2026-02-06 21:00:00+08:00,65.87016034480183,0.0,0.0,0.0,0.0,0.0,31.597375263559435,0.0,0.0,0.0,1.0,0.0,157.21822808808975,0.0,17.008706882049307,118.03724556457598,522.5
4,w0_normal_pcs,94,2026-02-06 22:00:00+08:00,104.19617247844218,0.0,0.0,0.0,0.0,0.0,33.415106712196106,0.0,0.0,0.18275509275584056,1.0,0.0,122.60616884780376,0.0,26.0,118.03724556457598,522.5
4,w0_normal_pcs,95,2026-02-06 23:00:00+08:00,88.04182442949815,0.0,0.0,0.0,0.0,0.0,34.67699502373474,0.0,0.0,10.20018898803837,1.0,0.0,100.0,1.18545601161014,0.8189022326769653,118.03724556457598,522.5
5,w0_normal_ups,24,2026-02-04 00:00:00+08:00,48.02796335377962,0.0,0.0,0.0,0.0,0.0,34.68843374320883,0.0,0.0,14.173067206318223,1.0,0.0,171.01112632566725,0.0,30.952674118538702,240.99442154154275,522.5
5,w0_normal_ups,25,2026-02-04 01:00:00+08:00,83.83404685985786,0.0,33.825669873188616,0.0,0.0,0.0,34.91560103527593,0.0,0.0,5.826053475770582,1.0,0.0,200.0,0.0,60.0,240.99442154154275,522.5
5,w0_normal_ups,26,2026-02-04 02:00:00+08:00,21.559696119386004,0.0,1.0,0.0,0.0,0.0,35.01630202299253,0.0,0.0,1.0873107133461168,1.0,0.0,200.0,0.0,22.535898384862247,273.12880792107194,522.5
5,w0_normal_ups,27,2026-02-04 03:00:00+08:00,42.850672297273974,0.0,0.0,0.0,0.0,0.0,34.684492458268295,0.0,0.0,0.0,1.0,0.0,199.93131013233187,0.0,40.79230869466653,274.0788079210719,522.5
5,w0_normal_ups,28,2026-02-04 04:00:00+08:00,62.88926772660992,0.0,39.340682919189085,0.0,0.0,0.0,34.72185360833212,0.0,0.0,15.226515646769798,1.0,0.0,200.0,0.0,31.554063556732608,274.0788079210719,522.5
5,w0_normal_ups,29,2026-02-04 05:00:00+08:00,107.93968384366997,0.0,0.0,0.0,0.0,0.0,36.19632409290835,0.0,0.0,15.300996620041477,1.0,0.0,100.0,0.0,9.469917832682826,311.45245669430153,522.5
5,w0_normal_ups,30,2026-02-04 06:00:00+08:00,42.555047365334254,0.0,0.0,60.33274958134058,0.0,0.0,36.632657084949926,0.0,0.0,15.948172976873614,1.0,0.0,100.0,0.0,0.0,311.45245669430153,522.5
5,w0_normal_ups,31,2026-02-04 07:00:00+08:00,99.65018453972267,0.0,0.0,3.3943118193056985,0.0,0.0,36.868777429653285,0.0,0.0,16.9535732718637,1.0,0.0,100.0,0.0,0.0,247.94429924025883,522.5
5,w0_normal_ups,32,2026-02-04 08:00:00+08:00,69.22305078005398,0.0,0.0,40.74955008855257,0.0,0.0,36.49128447861586,0.0,0.0,17.410853760727743,1.0,0.0,100.0,0.0,0.0,244.37133943046337,522.5
5,w0_normal_ups,33,2026-02-04 09:00:00+08:00,137.8966039158273,0.0,0.0,0.0,0.0,0.0,37.099637509706646,0.0,0.0,17.945604828366278,1.0,0.0,100.0,0.0,27.66223715118968,201.47707617935538,522.5
5,w0_normal_ups,34,2026-02-04 10:00:00+08:00,74.42599994309165,0.0,0.0,0.0,0.0,0.0,37.90792519052057,0.0,0.0,0.0,1.0,0.0,200.0,0.0,41.50684632623564,201.47707617935538,522.5
5,w0_normal_ups,35,2026-02-04 11:00:00+08:00,57.104066697072234,0.0,1.0,0.0,0.0,0.0,36.91815880473454,0.0,0.0,4.598989301283943,1.0,0.0,200.0,0.0,30.397827245671532,201.47707617935538,522.5
5,w0_normal_ups,36,2026-02-04 12:00:00+08:00,97.43307399625046,0.0,14.473355945830086,0.0,0.0,0.0,36.24505743567419,0.0,0.0,0.0,1.0,0.0,178.13768791370342,0.0,28.0,202.42707617935537,522.5
5,w0_normal_ups,37,2026-02-04 13:00:00+08:00,73.9487821844907,0.0,15.062582272484036,0.0,0.0,0.0,37.35462409559097,0.0,0.0,0.0,1.0,0.0,200.0,0.0,28.82842712474619,216.17676432789395,522.5
5,w0_normal_ups,38,2026-02-04 14:00:00+08:00,96.04667927732076,0.0,39.98731896067534,0.0,0.0,0.0,36.27669630055959,0.0,0.0,0.0,1.0,0.0,200.0,0.0,29.464101615137753,230.4862174867538,522.5
5,w0_normal_ups,39,2026-02-04 15:00:00+08:00,84.46738167677425,0.0,25.117827665681745,0.0,0.0,0.0,35.75297225202479,0.0,0.0,0.0,1.0,0.0,200.0,0.0,29.86370330515627,268.47417049939537,522.5
5,w0_normal_ups,40,2026-02-04 16:00:00+08:00,80.63211528197043,0.0,26.76139514164231,0.0,0.0,0.0,34.02464410588767,0.0,0.0,0.0,1.0,0.0,200.0,0.0,30.0,292.33610678179303,522.5
5,w0_normal_ups,41,2026-02-04 17:00:00+08:00,107.66039416117357,0.0,0.0,0.0,0.0,0.0,33.984091870280785,0.0,0.0,0.0,1.0,0.0,175.69749347348153,0.0,60.0,317.75943216635324,522.5
5,w0_normal_ups,42,2026-02-04 18:00:00+08:00,47.89177858574511,0.0,16.5205909722373,0.0,0.0,0.0,33.76466304286411,0.0,0.0,18.246141026664386,1.0,0.0,200.0,0.0,29.464101615137757,317.75943216635324,522.5
5,w0_normal_ups,43,2026-02-04 19:00:00+08:00,92.40627275359736,0.0,0.0,0.0,0.0,0.0,34.735004235592555,0.0,0.0,15.038376815350595,1.0,0.0,139.5428063142723,0.0,28.82842712474619,333.45399358997867,522.5
5,w0_normal_ups,44,2026-02-04 20:00:00+08:00,94.49133838480533,0.0,62.84157259795646,0.0,0.0,0.0,32.45110954148701,0.0,0.0,0.0,1.0,0.0,200.0,0.0,28.0,333.45399358997867,522.5
5,w0_normal_ups,45,2026-02-04 21:00:00+08:00,60.241985050262386,0.0,24.587103525431257,0.0,0.0,0.0,33.75676043072038,0.0,0.0,0.0,1.0,0.0,200.0,0.0,27.035276180410083,393.1534875580373,522.5
5,w0_normal_ups,46,2026-02-04 22:00:00+08:00,66.51638221660272,0.0,1.0,0.0,0.0,0.0,34.41959567486781,0.0,0.0,0.0,1.0,0.0,200.0,0.0,56.67064270433637,416.511235907197,522.5
5,w0_normal_ups,47,2026-02-04 23:00:00+08:00,72.29642643886751,0.0,0.0,0.0,0.0,0.0,34.65730784212104,0.0,0.0,0.0,1.0,0.0,154.18831137935763,0.0,24.964723819589917,417.46123590719696,522.5
5,w0_normal_ups,48,2026-02-05 00:00:00+08:00,180.46733184111906,0.0,0.0,0.0,0.0,0.0,35.1100488963602,0.0,0.0,0.0,1.0,0.0,48.30902864525487,0.0,24.0,417.46123590719696,522.5
5,w0_normal_ups,49,2026-02-05 01:00:00+08:00,191.56026755814457,0.0,0.0,1.0,0.0,0.0,33.38215622484842,0.0,0.0,14.268283264517953,1.0,0.0,0.0,0.0,14.854717306349409,417.46123590719696,522.5
5,w0_normal_ups,50,2026-02-05 02:00:00+08:00,182.22475206061677,0.0,0.0,3.1306992633900848,0.0,0.0,35.77247842718687,0.0,0.0,14.293435679354303,1.0,0.0,0.0,0.0,0.0,416.4086043282496,522.5
5,w0_normal_ups,51,2026-02-05 03:00:00+08:00,200.0,0.0,0.0,1.0,0.0,0.0,36.28076794610962,0.0,0.0,14.106546137553028,1.0,0.0,0.0,0.0,15.15426924321015,413.113131419418,522.5
5,w0_normal_ups,52,2026-02-05 04:00:00+08:00,189.07457893397302,0.0,0.0,2.9715252946122863,0.0,0.0,35.45369296349774,0.0,0.0,14.973757598743356,1.0,0.0,0.0,0.0,0.0,412.06049984047064,522.5
5,w0_normal_ups,53,2026-02-05 05:00:00+08:00,179.12041583248967,0.0,0.0,35.09626768938665,0.0,0.0,37.42252213948602,0.0,0.0,14.558133542197654,1.0,0.0,0.0,0.0,22.136296694843725,408.9325784777208,522.5
5,w0_normal_ups,54,2026-02-05 06:00:00+08:00,200.0,0.0,0.0,1.460187004278665,0.0,0.0,36.930027841145986,0.0,0.0,16.889920756640834,1.0,0.0,0.0,0.0,0.0,371.9891388046822,522.5
5,w0_normal_ups,55,2026-02-05 07:00:00+08:00,191.1998460925411,0.0,0.0,21.43822074490526,0.0,0.0,37.93715091183955,0.0,0.0,16.355269730533482,1.0,0.0,0.0,0.0,11.008467213084023,370.45209985280997,522.5
5,w0_normal_ups,56,2026-02-05 08:00:00+08:00,200.0,0.0,0.0,27.20438649112064,0.0,0.0,38.460679103982564,0.0,0.0,16.926519030144867,1.0,0.0,0.0,0.0,24.0,347.88555170027814,522.5
5,w0_normal_ups,57,2026-02-05 09:00:00+08:00,185.62587152603334,0.0,1.2438615063987797,0.0,0.0,0.0,38.38205518538873,0.0,0.0,0.0,1.0,0.0,100.0,0.0,60.0,319.24935539383534,522.5
5,w0_normal_ups,58,2026-02-05 10:00:00+08:00,187.19605862298565,0.0,0.0,0.0,0.0,0.0,37.56011437204766,0.0,0.0,0.0,1.0,0.0,98.70848606210477,0.0,59.99999999999999,320.4310238249142,522.5
5,w0_normal_ups,59,2026-02-05 11:00:00+08:00,184.59058307542585,0.0,0.0,0.0,0.0,0.0,36.85251261535652,0.0,0.0,0.0,1.0,0.0,100.0,2.1157943013741733,50.03488677993451,320.4310238249142,522.5
5,w0_normal_ups,60,2026-02-05 12:00:00+08:00,180.59625863980358,0.0,0.0,0.0,0.0,0.0,37.418626095065356,0.0,0.0,0.0,1.0,0.0,80.33806661329777,0.0,28.0,320.4310238249142,522.5
5,w0_normal_ups,61,2026-02-05 13:00:00+08:00,179.67267404586843,0.0,0.0,0.0,0.0,0.0,36.43633984515527,0.0,0.0,0.0,1.0,0.0,87.39474012187989,0.0,28.82842712474619,320.4310238249142,522.5
5,w0_normal_ups,62,2026-02-05 14:00:00+08:00,195.95528916048437,0.0,0.0,0.0,0.0,0.0,35.69261326080196,0.0,0.0,0.0,1.0,0.0,65.71985566158652,0.0,29.464101615137753,320.4310238249142,522.5
5,w0_normal_ups,63,2026-02-05 15:00:00+08:00,191.41731438384105,0.0,0.0,0.0,0.0,0.0,36.02961191418321,0.0,0.0,0.0,1.0,0.0,64.9906490782946,0.0,29.86370330515627,320.4310238249142,522.5
5,w0_normal_ups,64,2026-02-05 16:00:00+08:00,200.0,0.0,0.0,0.0,0.0,0.0,34.51720185627605,0.0,0.0,0.0,1.0,0.0,55.80930160250034,0.0,30.0,320.4310238249142,522.5
5,w0_normal_ups,65,2026-02-05 17:00:00+08:00,183.4827387811195,0.0,0.0,0.0,0.0,0.0,33.372558631361784,0.0,0.0,0.0,1.0,0.0,70.46473153122957,0.0,32.36260197765401,320.4310238249142,522.5
5,w0_normal_ups,66,2026-02-05 18:00:00+08:00,185.56998563635884,0.0,0.0,0.0,0.0,0.0,34.29995200360956,0.0,0.0,0.0,1.0,0.0,67.25328613428843,0.0,29.464101615137757,320.4310238249142,522.5
5,w0_normal_ups,67,2026-02-05 19:00:00+08:00,194.81651833104362,0.0,0.0,29.57617064805337,0.0,0.0,32.847272221003365,0.0,0.0,17.2181034720442,1.0,0.0,0.0,0.0,28.82842712474619,320.4310238249142,522.5
5,w0_normal_ups,68,2026-02-05 20:00:00+08:00,200.0,0.0,0.0,1.0,0.0,0.0,32.37127122507556,0.0,0.0,5.079663901479364,1.0,0.0,0.0,0.0,0.0,289.29821261643696,522.5
5,w0_normal_ups,69,2026-02-05 21:00:00+08:00,189.99099870092022,0.0,0.0,1.0,0.0,0.0,33.04146854371466,0.0,0.0,13.772895541591815,1.0,0.0,0.0,0.0,4.0751190117912826,288.2455810374897,522.5
5,w0_normal_ups,70,2026-02-05 22:00:00+08:00,180.1382168641006,0.0,0.0,26.277501421670472,0.0,0.0,32.41286286695189,0.0,0.0,0.0,1.0,0.0,0.0,0.0,0.0,287.1929494585424,522.5
5,w0_normal_ups,71,2026-02-05 23:00:00+08:00,191.08602101460522,0.0,0.0,24.32499004995565,0.0,0.0,33.36262260485225,0.0,0.0,0.4399351956513087,1.0,0.0,0.0,0.0,18.36962018083115,259.53242164625766,522.5
5,w0_normal_ups,72,2026-02-06 00:00:00+08:00,171.51986294736753,0.0,0.0,18.474377716676965,0.0,0.0,32.3906475148368,0.0,0.0,14.609861663202155,1.0,0.0,0.0,0.0,0.0,233.92716896209382,522.5
5,w0_normal_ups,73,2026-02-06 01:00:00+08:00,180.93652867055698,0.0,0.0,4.298363402730206,0.0,0.0,35.20391380940819,0.0,0.0,13.770223480689882,1.0,0.0,0.0,0.0,0.0,214.48045557611806,522.5
5,w0_normal_ups,74,2026-02-06 02:00:00+08:00,193.92542962777955,0.0,0.0,1.0,0.0,0.0,35.40192498691937,0.0,0.0,14.967103656615034,1.0,0.0,0.0,0.0,5.189956993998864,209.95586252061258,522.5
5,w0_normal_ups,75,2026-02-06 03:00:00+08:00,200.0,0.0,0.0,1.0,0.0,0.0,36.113218488293626,0.0,0.0,0.8346304453735911,1.0,0.0,0.0,0.0,5.251170628286356,208.9032309416652,522.5
5,w0_normal_ups,76,2026-02-06 04:00:00+08:00,192.68493366296775,0.0,1.0,0.0,0.0,0.0,35.160222114932886,0.0,0.0,14.187500597903043,1.0,0.0,0.0,0.0,3.954161576708909,207.85059936271784,522.5
5,w0_normal_ups,77,2026-02-06 05:00:00+08:00,192.0276167290817,0.0,0.0,31.397325880757712,0.0,0.0,35.18845284123669,0.0,0.0,16.37722134793758,1.0,0.0,0.0,7.8941847215154155,22.136296694843725,208.80059936271783,522.5
5,w0_normal_ups,78,2026-02-06 06:00:00+08:00,125.32351041740993,0.0,0.0,0.0,0.0,0.0,36.83187918698677,0.0,0.0,10.299947020388146,1.0,0.0,100.0,0.0,22.535898384862247,175.75078264613077,522.5
5,w0_normal_ups,79,2026-02-06 07:00:00+08:00,128.453063598412,0.0,0.0,0.0,0.0,0.0,37.41590744914075,0.0,0.0,12.098659104042294,1.0,0.0,100.0,0.0,23.17157287525381,175.75078264613074,522.5
5,w0_normal_ups,80,2026-02-06 08:00:00+08:00,74.15847843208888,0.0,0.0,34.33258687087371,0.0,0.0,37.09092074390488,0.0,0.0,18.464882203452333,1.0,0.0,100.0,0.0,0.0,175.75078264613074,522.5
5,w0_normal_ups,81,2026-02-06 09:00:00+08:00,94.40346012468815,0.0,0.0,20.495273356603306,0.0,0.0,37.24650239532772,0.0,0.0,16.79812591889912,1.0,0.0,100.0,1.3180867615217684,5.664556521636932,139.61121751889524,522.5
5,w0_normal_ups,82,2026-02-06 10:00:00+08:00,35.47483390793267,0.0,0.0,0.0,0.0,0.0,37.923167947448135,0.0,0.0,19.198448243400055,1.0,0.0,200.0,0.0,23.542060625668523,118.03724556457598,522.5
5,w0_normal_ups,83,2026-02-06 11:00:00+08:00,125.6124058870775,0.0,0.0,0.0,0.0,0.0,37.22848025960789,0.0,0.0,0.0,1.0,0.0,133.32563643149246,0.0,33.63037981916885,118.03724556457598,522.5
5,w0_normal_ups,84,2026-02-06 12:00:00+08:00,81.79066203082705,0.0,0.0,0.0,0.0,0.0,36.88832826023798,0.0,0.0,0.0,1.0,0.0,200.0,0.0,47.971371645175324,118.03724556457598,522.5
5,w0_normal_ups,85,2026-02-06 13:00:00+08:00,148.15442765511028,0.0,0.0,0.0,0.0,0.0,36.92364416398846,0.0,0.0,0.0,1.0,0.0,143.47823620558466,0.0,60.0,118.03724556457598,522.5
5,w0_normal_ups,86,2026-02-06 14:00:00+08:00,105.12888335414912,0.0,0.0,0.0,0.0,0.0,35.385625879467604,0.0,0.0,0.0,1.0,0.0,190.3836326229894,0.0,60.0,118.03724556457598,522.5
5,w0_normal_ups,87,2026-02-06 15:00:00+08:00,83.47241313497469,0.0,0.0,0.0,0.0,0.0,35.900391657119926,0.0,0.0,0.0,1.0,0.0,176.98599276519934,0.0,29.86370330515627,118.03724556457598,522.5
5,w0_normal_ups,88,2026-02-06 16:00:00+08:00,91.32963686942165,0.0,0.0,0.0,0.0,0.0,35.94250599796858,0.0,0.0,0.0,1.0,0.0,167.2547868135245,0.0,30.0,118.03724556457598,522.5
5,w0_normal_ups,89,2026-02-06 17:00:00+08:00,95.18919505972578,0.0,0.0,0.0,0.0,0.0,33.39593366359448,0.0,0.0,0.0,1.0,0.0,179.74279917820758,0.0,53.86370330515627,118.03724556457598,522.5
5,w0_normal_ups,90,2026-02-06 18:00:00+08:00,71.85531209776492,0.0,0.0,0.0,0.0,0.0,33.4846750067749,0.0,0.0,0.0,1.0,0.0,198.44180643238798,0.0,57.46410161513776,118.03724556457598,522.5
5,w0_normal_ups,91,2026-02-06 19:00:00+08:00,56.27767159256493,0.0,0.0,0.0,0.0,0.0,34.644972410150345,0.0,0.0,0.0,1.0,0.0,200.0,0.0,37.80781819649292,118.03724556457598,522.5
5,w0_normal_ups,92,2026-02-06 20:00:00+08:00,74.32291397010842,0.0,0.0,0.0,0.0,0.0,34.392915142481286,0.0,0.0,0.0,1.0,0.0,194.54301167588216,0.0,60.0,118.03724556457598,522.5
5,w0_normal_ups,93,2026-02-06 21:00:00+08:00,65.87016034480183,0.0,0.0,0.0,0.0,0.0,31.597375263559435,0.0,0.0,0.0,1.0,0.0,175.1344037647014,0.0,34.924882558660954,118.03724556457598,522.5
5,w0_normal_ups,94,2026-02-06 22:00:00+08:00,104.19617247844218,0.0,0.0,0.0,0.0,0.0,33.415106712196106,0.0,0.0,0.0,1.0,0.0,140.38601695858455,1.1457163370421775,42.45137668098278,118.03724556457598,522.5
5,w0_normal_ups,95,2026-02-06 23:00:00+08:00,88.04182442949815,0.0,0.0,0.0,0.0,0.0,34.67699502373474,0.0,0.0,8.195830743751262,1.0,0.0,100.0,0.0,0.0,118.03724556457598,522.5
6,w0_normal_diesel_run,24,2026-02-04 00:00:00+08:00,48.02796335377962,0.0,0.0,0.0,0.0,0.0,34.68843374320883,0.0,0.0,14.173067206318223,1.0,0.0,171.01112632566725,0.0,30.952674118538702,240.99442154154275,522.5
6,w0_normal_diesel_run,25,2026-02-04 01:00:00+08:00,83.83404685985786,0.0,33.825669873188616,0.0,0.0,0.0,34.91560103527593,0.0,0.0,5.826053475770582,1.0,0.0,200.0,0.0,60.0,240.99442154154275,522.5
6,w0_normal_diesel_run,26,2026-02-04 02:00:00+08:00,21.559696119386004,0.0,1.0,0.0,0.0,0.0,35.01630202299253,0.0,0.0,1.0873107133461168,1.0,0.0,200.0,0.0,22.535898384862247,273.12880792107194,522.5
6,w0_normal_diesel_run,27,2026-02-04 03:00:00+08:00,42.850672297273974,0.0,0.0,0.0,0.0,0.0,34.684492458268295,0.0,0.0,0.0,1.0,0.0,199.93131013233187,0.0,40.79230869466653,274.0788079210719,522.5
6,w0_normal_diesel_run,28,2026-02-04 04:00:00+08:00,62.88926772660992,0.0,39.340682919189085,0.0,0.0,0.0,34.72185360833212,0.0,0.0,15.226515646769798,1.0,0.0,200.0,0.0,31.554063556732608,274.0788079210719,522.5
6,w0_normal_diesel_run,29,2026-02-04 05:00:00+08:00,107.93968384366997,0.0,0.0,0.0,0.0,0.0,36.19632409290835,0.0,0.0,15.300996620041477,1.0,0.0,100.0,0.0,9.469917832682826,311.45245669430153,522.5
6,w0_normal_diesel_run,30,2026-02-04 06:00:00+08:00,42.555047365334254,0.0,0.0,60.33274958134058,0.0,0.0,36.632657084949926,0.0,0.0,15.948172976873614,1.0,0.0,100.0,0.0,0.0,311.45245669430153,522.5
6,w0_normal_diesel_run,31,2026-02-04 07:00:00+08:00,99.65018453972267,0.0,0.0,3.3943118193056985,0.0,0.0,36.868777429653285,0.0,0.0,16.9535732718637,1.0,0.0,100.0,0.0,0.0,247.94429924025883,522.5
6,w0_normal_diesel_run,32,2026-02-04 08:00:00+08:00,69.22305078005398,0.0,0.0,40.74955008855257,0.0,0.0,36.49128447861586,0.0,0.0,17.410853760727743,1.0,0.0,100.0,0.0,0.0,244.37133943046337,522.5
6,w0_normal_diesel_run,33,2026-02-04 09:00:00+08:00,137.8966039158273,0.0,0.0,0.0,0.0,0.0,37.099637509706646,0.0,0.0,17.945604828366278,1.0,0.0,100.0,0.0,27.66223715118968,201.47707617935538,522.5
6,w0_normal_diesel_run,34,2026-02-04 10:00:00+08:00,74.42599994309165,0.0,0.0,0.0,0.0,0.0,37.90792519052057,0.0,0.0,0.0,1.0,0.0,200.0,0.0,41.50684632623564,201.47707617935538,522.5
6,w0_normal_diesel_run,35,2026-02-04 11:00:00+08:00,57.104066697072234,0.0,1.0,0.0,0.0,0.0,36.91815880473454,0.0,0.0,4.598989301283943,1.0,0.0,200.0,0.0,30.397827245671532,201.47707617935538,522.5
6,w0_normal_diesel_run,36,2026-02-04 12:00:00+08:00,97.43307399625046,0.0,14.473355945830086,0.0,0.0,0.0,36.24505743567419,0.0,0.0,0.0,1.0,0.0,178.13768791370342,0.0,28.0,202.42707617935537,522.5
6,w0_normal_diesel_run,37,2026-02-04 13:00:00+08:00,73.9487821844907,0.0,15.062582272484036,0.0,0.0,0.0,37.35462409559097,0.0,0.0,0.0,1.0,0.0,200.0,0.0,28.82842712474619,216.17676432789395,522.5
6,w0_normal_diesel_run,38,2026-02-04 14:00:00+08:00,96.04667927732076,0.0,39.98731896067534,0.0,0.0,0.0,36.27669630055959,0.0,0.0,0.0,1.0,0.0,200.0,0.0,29.464101615137753,230.4862174867538,522.5
6,w0_normal_diesel_run,39,2026-02-04 15:00:00+08:00,84.46738167677425,0.0,25.117827665681745,0.0,0.0,0.0,35.75297225202479,0.0,0.0,0.0,1.0,0.0,200.0,0.0,29.86370330515627,268.47417049939537,522.5
6,w0_normal_diesel_run,40,2026-02-04 16:00:00+08:00,80.63211528197043,0.0,26.76139514164231,0.0,0.0,0.0,34.02464410588767,0.0,0.0,0.0,1.0,0.0,200.0,0.0,30.0,292.33610678179303,522.5
6,w0_normal_diesel_run,41,2026-02-04 17:00:00+08:00,107.66039416117357,0.0,0.0,0.0,0.0,0.0,33.984091870280785,0.0,0.0,0.0,1.0,0.0,175.69749347348153,0.0,60.0,317.75943216635324,522.5
6,w0_normal_diesel_run,42,2026-02-04 18:00:00+08:00,47.89177858574511,0.0,16.5205909722373,0.0,0.0,0.0,33.76466304286411,0.0,0.0,18.246141026664386,1.0,0.0,200.0,0.0,29.464101615137757,317.75943216635324,522.5
6,w0_normal_diesel_run,43,2026-02-04 19:00:00+08:00,92.40627275359736,0.0,0.0,0.0,0.0,0.0,34.735004235592555,0.0,0.0,15.038376815350595,1.0,0.0,139.5428063142723,0.0,28.82842712474619,333.45399358997867,522.5
6,w0_normal_diesel_run,44,2026-02-04 20:00:00+08:00,94.49133838480533,0.0,62.84157259795646,0.0,0.0,0.0,32.45110954148701,0.0,0.0,0.0,1.0,0.0,200.0,0.0,28.0,333.45399358997867,522.5
6,w0_normal_diesel_run,45,2026-02-04 21:00:00+08:00,60.241985050262386,0.0,24.587103525431257,0.0,0.0,0.0,33.75676043072038,0.0,0.0,0.0,1.0,0.0,200.0,0.0,27.035276180410083,393.1534875580373,522.5
6,w0_normal_diesel_run,46,2026-02-04 22:00:00+08:00,66.51638221660272,0.0,1.0,0.0,0.0,0.0,34.41959567486781,0.0,0.0,0.0,1.0,0.0,200.0,0.0,56.67064270433637,416.511235907197,522.5
6,w0_normal_diesel_run,47,2026-02-04 23:00:00+08:00,72.29642643886751,0.0,0.0,0.0,0.0,0.0,34.65730784212104,0.0,0.0,0.0,1.0,0.0,154.18831137935763,0.0,24.964723819589917,417.46123590719696,522.5
6,w0_normal_diesel_run,48,2026-02-05 00:00:00+08:00,180.46733184111906,0.0,0.0,0.0,0.0,0.0,35.1100488963602,0.0,0.0,0.0,1.0,0.0,48.30902864525487,0.0,24.0,417.46123590719696,522.5
6,w0_normal_diesel_run,49,2026-02-05 01:00:00+08:00,191.56026755814457,0.0,0.0,1.0,0.0,0.0,33.38215622484842,0.0,0.0,14.268283264517953,1.0,0.0,0.0,0.0,14.854717306349409,417.46123590719696,522.5
6,w0_normal_diesel_run,50,2026-02-05 02:00:00+08:00,182.22475206061677,0.0,0.0,3.1306992633900848,0.0,0.0,35.77247842718687,0.0,0.0,14.293435679354303,1.0,0.0,0.0,0.0,0.0,416.4086043282496,522.5
6,w0_normal_diesel_run,51,2026-02-05 03:00:00+08:00,200.0,0.0,0.0,1.0,0.0,0.0,36.28076794610962,0.0,0.0,14.106546137553028,1.0,0.0,0.0,0.0,15.15426924321015,413.113131419418,522.5
6,w0_normal_diesel_run,52,2026-02-05 04:00:00+08:00,189.07457893397302,0.0,0.0,2.9715252946122863,0.0,0.0,35.45369296349774,0.0,0.0,14.973757598743356,1.0,0.0,0.0,0.0,0.0,412.06049984047064,522.5
6,w0_normal_diesel_run,53,2026-02-05 05:00:00+08:00,179.12041583248967,0.0,0.0,35.09626768938665,0.0,0.0,37.42252213948602,0.0,0.0,14.558133542197654,1.0,0.0,0.0,0.0,22.136296694843725,408.9325784777208,522.5
6,w0_normal_diesel_run,54,2026-02-05 06:00:00+08:00,200.0,0.0,0.0,1.460187004278665,0.0,0.0,36.930027841145986,0.0,0.0,16.889920756640834,1.0,0.0,0.0,0.0,0.0,371.9891388046822,522.5
6,w0_normal_diesel_run,55,2026-02-05 07:00:00+08:00,191.1998460925411,0.0,0.0,21.43822074490526,0.0,0.0,37.93715091183955,0.0,0.0,16.355269730533482,1.0,0.0,0.0,0.0,11.008467213084023,370.45209985280997,522.5
6,w0_normal_diesel_run,56,2026-02-05 08:00:00+08:00,200.0,0.0,0.0,27.20438649112064,0.0,0.0,38.460679103982564,0.0,0.0,16.926519030144867,1.0,0.0,0.0,0.0,24.0,347.88555170027814,522.5
6,w0_normal_diesel_run,57,2026-02-05 09:00:00+08:00,185.62587152603334,0.0,1.2438615063987797,0.0,0.0,0.0,38.38205518538873,0.0,0.0,0.0,1.0,0.0,100.0,0.0,60.0,319.24935539383534,522.5
6,w0_normal_diesel_run,58,2026-02-05 10:00:00+08:00,187.19605862298565,0.0,0.0,0.0,0.0,0.0,37.56011437204766,0.0,0.0,0.0,1.0,0.0,98.70848606210477,0.0,59.99999999999999,320.4310238249142,522.5
6,w0_normal_diesel_run,59,2026-02-05 11:00:00+08:00,184.59058307542585,0.0,0.0,0.0,0.0,0.0,36.85251261535652,0.0,0.0,0.0,1.0,0.0,100.0,2.1157943013741733,50.03488677993451,320.4310238249142,522.5
6,w0_normal_diesel_run,60,2026-02-05 12:00:00+08:00,180.59625863980358,0.0,0.0,0.0,0.0,0.0,37.418626095065356,0.0,0.0,0.0,1.0,-0.0,80.33806661329777,0.0,28.0,320.4310238249142,522.5
6,w0_normal_diesel_run,61,2026-02-05 13:00:00+08:00,179.67267404586843,0.0,0.0,0.0,0.0,0.0,36.43633984515527,0.0,0.0,0.0,1.0,-0.0,87.39474012188043,0.0,28.82842712474619,320.4310238249142,522.5
6,w0_normal_diesel_run,62,2026-02-05 14:00:00+08:00,195.95528916048437,0.0,0.0,0.0,0.0,0.0,35.69261326080196,0.0,0.0,0.0,1.0,-0.0,65.7198556615865,0.0,29.464101615137753,320.4310238249142,522.5
6,w0_normal_diesel_run,63,2026-02-05 15:00:00+08:00,191.41731438384105,0.0,0.0,0.0,0.0,0.0,36.02961191418321,0.0,0.0,0.0,1.0,-0.0,67.48954775079241,0.0,32.36260197765401,320.4310238249142,522.5
6,w0_normal_diesel_run,64,2026-02-05 16:00:00+08:00,200.0,0.0,0.0,0.0,0.0,0.0,34.51720185627605,0.0,0.0,0.0,1.0,-0.0,55.80930160250033,0.0,30.0,320.4310238249142,522.5
6,w0_normal_diesel_run,65,2026-02-05 17:00:00+08:00,183.4827387811195,0.0,0.0,0.0,0.0,0.0,33.372558631361784,0.0,0.0,0.0,1.0,-0.0,67.96583285873189,0.0,29.86370330515627,320.4310238249142,522.5
6,w0_normal_diesel_run,66,2026-02-05 18:00:00+08:00,185.56998563635884,0.0,0.0,0.0,0.0,0.0,34.29995200360956,0.0,0.0,0.0,1.0,-0.0,67.25328613428843,0.0,29.464101615137764,320.4310238249142,522.5
6,w0_normal_diesel_run,67,2026-02-05 19:00:00+08:00,194.81651833104362,0.0,0.0,17.96584699535137,0.0,0.0,32.847272221003365,0.0,0.0,0.0,1.0,-0.0,0.0,0.0,0.0,320.4310238249142,522.5
6,w0_normal_diesel_run,68,2026-02-05 20:00:00+08:00,200.0,0.0,0.0,1.0,0.0,0.0,32.37127122507556,0.0,0.0,15.310062476641377,1.0,-0.0,0.0,0.0,10.230398575161985,301.5196059350706,522.5
6,w0_normal_diesel_run,69,2026-02-05 21:00:00+08:00,189.99099870092022,0.0,0.0,5.149647149383377,0.0,0.0,33.04146854371466,0.0,0.0,5.5481293804171585,1.0,-0.0,0.0,0.0,0.0,300.46697435612344,522.5
6,w0_normal_diesel_run,70,2026-02-05 22:00:00+08:00,180.1382168641006,0.0,0.0,27.6457040962156,0.0,0.0,32.41286286695189,0.0,0.0,15.652406253708147,1.0,-0.0,0.0,0.0,17.020608928253274,295.0462931462462,522.5
6,w0_normal_diesel_run,71,2026-02-05 23:00:00+08:00,191.08602101460522,0.0,0.0,6.395305064775819,0.0,0.0,33.36262260485225,0.0,0.0,0.0,1.0,-0.0,0.0,0.0,0.0,265.9455519923351,522.5
6,w0_normal_diesel_run,72,2026-02-06 00:00:00+08:00,171.51986294736753,0.0,0.0,18.47437771667701,0.0,0.0,32.3906475148368,0.0,0.0,14.609861663202155,1.0,0.0,0.0,0.0,0.0,259.21365192415,522.5
6,w0_normal_diesel_run,73,2026-02-06 01:00:00+08:00,180.93652867055698,0.0,0.0,7.9692477536818265,0.0,0.0,35.20391380940819,0.0,0.0,10.099339129738262,1.0,0.0,0.0,0.0,0.0,239.76693853817417,522.5
6,w0_normal_diesel_run,74,2026-02-06 02:00:00+08:00,193.92542962777955,0.0,0.0,1.0,0.0,0.0,35.40192498691937,0.0,0.0,14.967103656615045,1.0,0.0,0.0,0.0,5.189956993998789,231.37825669219333,522.5
6,w0_normal_diesel_run,75,2026-02-06 03:00:00+08:00,200.0,0.0,0.0,1.0,0.0,0.0,36.113218488293626,0.0,0.0,13.25737877153163,1.0,0.0,0.0,0.0,17.673918954444463,230.32562511324605,522.5
6,w0_normal_diesel_run,76,2026-02-06 04:00:00+08:00,192.68493366296775,0.0,0.0,1.0,0.0,0.0,35.160222114932886,0.0,0.0,10.40036044228648,1.0,0.0,0.0,0.0,2.167021421092347,229.27299353429868,522.5
6,w0_normal_diesel_run,77,2026-02-06 05:00:00+08:00,192.0276167290817,0.0,0.0,31.741086498525696,0.0,0.0,35.18845284123669,0.0,0.0,16.37722134793758,1.0,0.0,0.0,8.2379453392834,22.136296694843725,228.2203619553513,522.5
6,w0_normal_diesel_run,78,2026-02-06 06:00:00+08:00,125.32351041740993,0.0,0.0,0.0,0.0,0.0,36.83187918698677,0.0,0.0,10.29994702038817,1.0,0.0,100.0,0.0,22.535898384862247,194.8086919569032,522.5
6,w0_normal_diesel_run,79,2026-02-06 07:00:00+08:00,128.453063598412,0.0,0.0,0.0,0.0,0.0,37.41590744914075,0.0,0.0,12.098659104042294,1.0,0.0,100.0,0.0,23.17157287525381,194.8086919569032,522.5
6,w0_normal_diesel_run,80,2026-02-06 08:00:00+08:00,74.15847843208888,0.0,0.0,58.33258687087371,0.0,0.0,37.09092074390488,0.0,0.0,18.464882203452333,1.0,0.0,100.0,0.0,24.0,194.8086919569032,522.5
6,w0_normal_diesel_run,81,2026-02-06 09:00:00+08:00,94.40346012468815,0.0,0.0,14.600287201837158,0.0,0.0,37.24650239532772,0.0,0.0,16.79812591889912,1.0,0.0,100.0,1.0876571283925562,0.0,133.40596893493088,522.5
6,w0_normal_diesel_run,82,2026-02-06 10:00:00+08:00,35.47483390793267,0.0,0.0,0.0,0.0,0.0,37.923167947448135,0.0,0.0,14.233724423810134,1.0,0.0,200.0,0.0,18.577336806078602,118.03724556457598,522.5
6,w0_normal_diesel_run,83,2026-02-06 11:00:00+08:00,125.6124058870775,0.0,0.0,0.0,0.0,0.0,37.22848025960789,0.0,0.0,0.0,1.0,0.0,145.23342951360385,0.0,45.53817290128027,118.03724556457598,522.5
6,w0_normal_diesel_run,84,2026-02-06 12:00:00+08:00,81.79066203082705,0.0,0.0,0.0,0.0,0.0,36.88832826023798,0.0,0.0,0.0,1.0,0.0,180.02862835482472,0.0,28.0,118.03724556457598,522.5
6,w0_normal_diesel_run,85,2026-02-06 13:00:00+08:00,148.15442765511028,0.0,0.0,0.0,0.0,0.0,36.92364416398846,0.0,0.0,0.0,1.0,0.0,112.30666333033085,0.0,28.82842712474619,118.03724556457598,522.5
6,w0_normal_diesel_run,86,2026-02-06 14:00:00+08:00,105.12888335414912,0.0,0.0,0.0,0.0,0.0,35.385625879467604,0.0,0.0,0.0,1.0,0.0,190.38363262298944,0.0,60.00000000000001,118.03724556457598,522.5
6,w0_normal_diesel_run,87,2026-02-06 15:00:00+08:00,83.47241313497469,0.0,0.0,0.0,0.0,0.0,35.900391657119926,0.0,0.0,0.0,1.0,0.0,176.98599276519934,0.0,29.86370330515627,118.03724556457598,522.5
6,w0_normal_diesel_run,88,2026-02-06 16:00:00+08:00,91.32963686942165,0.0,0.0,0.0,0.0,0.0,35.94250599796858,0.0,0.0,0.0,1.0,0.0,197.2547868135245,0.0,60.0,118.03724556457598,522.5
6,w0_normal_diesel_run,89,2026-02-06 17:00:00+08:00,95.18919505972578,0.0,0.0,0.0,0.0,0.0,33.39593366359448,0.0,0.0,0.0,1.0,0.0,185.87909587305128,0.0,60.0,118.03724556457598,522.5
6,w0_normal_diesel_run,90,2026-02-06 18:00:00+08:00,71.85531209776492,0.0,0.0,0.0,0.0,0.0,33.4846750067749,0.0,0.0,0.0,1.0,0.0,170.44180643238795,0.0,29.464101615137757,118.03724556457598,522.5
6,w0_normal_diesel_run,91,2026-02-06 19:00:00+08:00,56.27767159256493,0.0,0.0,0.0,0.0,0.0,34.644972410150345,0.0,0.0,0.0,1.0,0.0,200.0,0.0,37.80781819649292,118.03724556457598,522.5
6,w0_normal_diesel_run,92,2026-02-06 20:00:00+08:00,74.32291397010842,0.0,0.0,0.0,0.0,0.0,34.392915142481286,0.0,0.0,0.0,1.0,0.0,194.54301167588216,0.0,60.0,118.03724556457598,522.5
6,w0_normal_diesel_run,93,2026-02-06 21:00:00+08:00,65.87016034480183,0.0,0.0,0.0,0.0,0.0,31.597375263559435,0.0,0.0,0.0,1.0,0.0,197.73574235420702,0.0,57.52622114816657,118.03724556457598,522.5
6,w0_normal_diesel_run,94,2026-02-06 22:00:00+08:00,104.19617247844218,0.0,0.0,0.0,0.0,0.0,33.415106712196106,0.0,0.0,0.0,1.0,0.0,148.89936409719218,1.145716337042649,50.96472381958992,118.03724556457598,522.5
6,w0_normal_diesel_run,95,2026-02-06 23:00:00+08:00,88.04182442949815,0.0,0.0,0.0,0.0,0.0,34.67699502373474,0.0,0.0,8.195830743751262,1.0,0.0,100.0,0.0,0.0,118.03724556457598,522.5
7,w0_normal_diesel_start,24,2026-02-04 00:00:00+08:00,48.02796335377962,0.0,0.0,0.0,0.0,0.0,34.68843374320883,0.0,0.0,14.173067206318223,1.0,0.0,171.01112632566725,0.0,30.952674118538702,240.99442154154275,522.5
7,w0_normal_diesel_start,25,2026-02-04 01:00:00+08:00,83.83404685985786,0.0,33.825669873188616,0.0,0.0,0.0,34.91560103527593,0.0,0.0,5.826053475770582,1.0,0.0,200.0,0.0,60.0,240.99442154154275,522.5
7,w0_normal_diesel_start,26,2026-02-04 02:00:00+08:00,21.559696119386004,0.0,1.0,0.0,0.0,0.0,35.01630202299253,0.0,0.0,1.0873107133461168,1.0,0.0,200.0,0.0,22.535898384862247,273.12880792107194,522.5
7,w0_normal_diesel_start,27,2026-02-04 03:00:00+08:00,42.850672297273974,0.0,0.0,0.0,0.0,0.0,34.684492458268295,0.0,0.0,0.0,1.0,0.0,199.93131013233187,0.0,40.79230869466653,274.0788079210719,522.5
7,w0_normal_diesel_start,28,2026-02-04 04:00:00+08:00,62.88926772660992,0.0,39.340682919189085,0.0,0.0,0.0,34.72185360833212,0.0,0.0,15.226515646769798,1.0,0.0,200.0,0.0,31.554063556732608,274.0788079210719,522.5
7,w0_normal_diesel_start,29,2026-02-04 05:00:00+08:00,107.93968384366997,0.0,0.0,0.0,0.0,0.0,36.19632409290835,0.0,0.0,15.300996620041477,1.0,0.0,100.0,0.0,9.469917832682826,311.45245669430153,522.5
7,w0_normal_diesel_start,30,2026-02-04 06:00:00+08:00,42.555047365334254,0.0,0.0,60.33274958134058,0.0,0.0,36.632657084949926,0.0,0.0,15.948172976873614,1.0,0.0,100.0,0.0,0.0,311.45245669430153,522.5
7,w0_normal_diesel_start,31,2026-02-04 07:00:00+08:00,99.65018453972267,0.0,0.0,3.3943118193056985,0.0,0.0,36.868777429653285,0.0,0.0,16.9535732718637,1.0,0.0,100.0,0.0,0.0,247.94429924025883,522.5
7,w0_normal_diesel_start,32,2026-02-04 08:00:00+08:00,69.22305078005398,0.0,0.0,40.74955008855257,0.0,0.0,36.49128447861586,0.0,0.0,17.410853760727743,1.0,0.0,100.0,0.0,0.0,244.37133943046337,522.5
7,w0_normal_diesel_start,33,2026-02-04 09:00:00+08:00,137.8966039158273,0.0,0.0,0.0,0.0,0.0,37.099637509706646,0.0,0.0,17.945604828366278,1.0,0.0,100.0,0.0,27.66223715118968,201.47707617935538,522.5
7,w0_normal_diesel_start,34,2026-02-04 10:00:00+08:00,74.42599994309165,0.0,0.0,0.0,0.0,0.0,37.90792519052057,0.0,0.0,0.0,1.0,0.0,200.0,0.0,41.50684632623564,201.47707617935538,522.5
7,w0_normal_diesel_start,35,2026-02-04 11:00:00+08:00,57.104066697072234,0.0,1.0,0.0,0.0,0.0,36.91815880473454,0.0,0.0,4.598989301283943,1.0,0.0,200.0,0.0,30.397827245671532,201.47707617935538,522.5
7,w0_normal_diesel_start,36,2026-02-04 12:00:00+08:00,97.43307399625046,0.0,14.473355945830086,0.0,0.0,0.0,36.24505743567419,0.0,0.0,0.0,1.0,0.0,178.13768791370342,0.0,28.0,202.42707617935537,522.5
7,w0_normal_diesel_start,37,2026-02-04 13:00:00+08:00,73.9487821844907,0.0,15.062582272484036,0.0,0.0,0.0,37.35462409559097,0.0,0.0,0.0,1.0,0.0,200.0,0.0,28.82842712474619,216.17676432789395,522.5
7,w0_normal_diesel_start,38,2026-02-04 14:00:00+08:00,96.04667927732076,0.0,39.98731896067534,0.0,0.0,0.0,36.27669630055959,0.0,0.0,0.0,1.0,0.0,200.0,0.0,29.464101615137753,230.4862174867538,522.5
7,w0_normal_diesel_start,39,2026-02-04 15:00:00+08:00,84.46738167677425,0.0,25.117827665681745,0.0,0.0,0.0,35.75297225202479,0.0,0.0,0.0,1.0,0.0,200.0,0.0,29.86370330515627,268.47417049939537,522.5
7,w0_normal_diesel_start,40,2026-02-04 16:00:00+08:00,80.63211528197043,0.0,26.76139514164231,0.0,0.0,0.0,34.02464410588767,0.0,0.0,0.0,1.0,0.0,200.0,0.0,30.0,292.33610678179303,522.5
7,w0_normal_diesel_start,41,2026-02-04 17:00:00+08:00,107.66039416117357,0.0,0.0,0.0,0.0,0.0,33.984091870280785,0.0,0.0,0.0,1.0,0.0,175.69749347348153,0.0,60.0,317.75943216635324,522.5
7,w0_normal_diesel_start,42,2026-02-04 18:00:00+08:00,47.89177858574511,0.0,16.5205909722373,0.0,0.0,0.0,33.76466304286411,0.0,0.0,18.246141026664386,1.0,0.0,200.0,0.0,29.464101615137757,317.75943216635324,522.5
7,w0_normal_diesel_start,43,2026-02-04 19:00:00+08:00,92.40627275359736,0.0,0.0,0.0,0.0,0.0,34.735004235592555,0.0,0.0,15.038376815350595,1.0,0.0,139.5428063142723,0.0,28.82842712474619,333.45399358997867,522.5
7,w0_normal_diesel_start,44,2026-02-04 20:00:00+08:00,94.49133838480533,0.0,62.84157259795646,0.0,0.0,0.0,32.45110954148701,0.0,0.0,0.0,1.0,0.0,200.0,0.0,28.0,333.45399358997867,522.5
7,w0_normal_diesel_start,45,2026-02-04 21:00:00+08:00,60.241985050262386,0.0,24.587103525431257,0.0,0.0,0.0,33.75676043072038,0.0,0.0,0.0,1.0,0.0,200.0,0.0,27.035276180410083,393.1534875580373,522.5
7,w0_normal_diesel_start,46,2026-02-04 22:00:00+08:00,66.51638221660272,0.0,1.0,0.0,0.0,0.0,34.41959567486781,0.0,0.0,0.0,1.0,0.0,200.0,0.0,56.67064270433637,416.511235907197,522.5
7,w0_normal_diesel_start,47,2026-02-04 23:00:00+08:00,72.29642643886751,0.0,0.0,0.0,0.0,0.0,34.65730784212104,0.0,0.0,0.0,1.0,0.0,154.18831137935763,0.0,24.964723819589917,417.46123590719696,522.5
7,w0_normal_diesel_start,48,2026-02-05 00:00:00+08:00,180.46733184111906,0.0,0.0,0.0,0.0,0.0,35.1100488963602,0.0,0.0,0.0,1.0,0.0,48.30902864525487,0.0,24.0,417.46123590719696,522.5
7,w0_normal_diesel_start,49,2026-02-05 01:00:00+08:00,191.56026755814457,0.0,0.0,1.0,0.0,0.0,33.38215622484842,0.0,0.0,14.268283264517953,1.0,0.0,0.0,0.0,14.854717306349409,417.46123590719696,522.5
7,w0_normal_diesel_start,50,2026-02-05 02:00:00+08:00,182.22475206061677,0.0,0.0,3.1306992633900848,0.0,0.0,35.77247842718687,0.0,0.0,14.293435679354303,1.0,0.0,0.0,0.0,0.0,416.4086043282496,522.5
7,w0_normal_diesel_start,51,2026-02-05 03:00:00+08:00,200.0,0.0,0.0,1.0,0.0,0.0,36.28076794610962,0.0,0.0,14.106546137553028,1.0,0.0,0.0,0.0,15.15426924321015,413.113131419418,522.5
7,w0_normal_diesel_start,52,2026-02-05 04:00:00+08:00,189.07457893397302,0.0,0.0,2.9715252946122863,0.0,0.0,35.45369296349774,0.0,0.0,14.973757598743356,1.0,0.0,0.0,0.0,0.0,412.06049984047064,522.5
7,w0_normal_diesel_start,53,2026-02-05 05:00:00+08:00,179.12041583248967,0.0,0.0,35.09626768938665,0.0,0.0,37.42252213948602,0.0,0.0,14.558133542197654,1.0,0.0,0.0,0.0,22.136296694843725,408.9325784777208,522.5
7,w0_normal_diesel_start,54,2026-02-05 06:00:00+08:00,200.0,0.0,0.0,1.460187004278665,0.0,0.0,36.930027841145986,0.0,0.0,16.889920756640834,1.0,0.0,0.0,0.0,0.0,371.9891388046822,522.5
7,w0_normal_diesel_start,55,2026-02-05 07:00:00+08:00,191.1998460925411,0.0,0.0,21.43822074490526,0.0,0.0,37.93715091183955,0.0,0.0,16.355269730533482,1.0,0.0,0.0,0.0,11.008467213084023,370.45209985280997,522.5
7,w0_normal_diesel_start,56,2026-02-05 08:00:00+08:00,200.0,0.0,0.0,27.20438649112064,0.0,0.0,38.460679103982564,0.0,0.0,16.926519030144867,1.0,0.0,0.0,0.0,24.0,347.88555170027814,522.5
7,w0_normal_diesel_start,57,2026-02-05 09:00:00+08:00,185.62587152603334,0.0,1.2438615063987797,0.0,0.0,0.0,38.38205518538873,0.0,0.0,0.0,1.0,0.0,100.0,0.0,60.0,319.24935539383534,522.5
7,w0_normal_diesel_start,58,2026-02-05 10:00:00+08:00,187.19605862298565,0.0,0.0,0.0,0.0,0.0,37.56011437204766,0.0,0.0,0.0,1.0,0.0,98.70848606210477,0.0,59.99999999999999,320.4310238249142,522.5
7,w0_normal_diesel_start,59,2026-02-05 11:00:00+08:00,184.59058307542585,0.0,0.0,0.0,0.0,0.0,36.85251261535652,0.0,0.0,0.0,1.0,0.0,100.0,2.1157943013741733,50.03488677993451,320.4310238249142,522.5
7,w0_normal_diesel_start,60,2026-02-05 12:00:00+08:00,180.59625863980423,0.0,0.0,0.0,0.0,0.0,37.418626095065356,0.0,0.0,0.0,1.0,-0.0,80.33806661329712,0.0,28.0,320.4310238249142,522.5
7,w0_normal_diesel_start,61,2026-02-05 13:00:00+08:00,179.67267404586843,0.0,0.0,0.0,0.0,0.0,36.43633984515527,0.0,0.0,0.0,1.0,-0.0,87.39474012188043,0.0,28.82842712474619,320.4310238249142,522.5
7,w0_normal_diesel_start,62,2026-02-05 14:00:00+08:00,195.95528916048437,0.0,0.0,0.0,0.0,0.0,35.69261326080196,0.0,0.0,0.0,1.0,-0.0,65.71985566158652,0.0,29.464101615137753,320.4310238249142,522.5
7,w0_normal_diesel_start,63,2026-02-05 15:00:00+08:00,191.41731438384105,0.0,0.0,0.0,0.0,0.0,36.02961191418321,0.0,0.0,0.0,1.0,-0.0,69.50261487669654,4.511965798401829,29.86370330515627,320.4310238249142,522.5
7,w0_normal_diesel_start,64,2026-02-05 16:00:00+08:00,200.0,0.0,0.0,0.0,0.0,0.0,34.51720185627605,0.0,0.0,0.0,1.0,-0.0,55.809301602500305,0.0,30.0,320.4310238249142,522.5
7,w0_normal_diesel_start,65,2026-02-05 17:00:00+08:00,183.4827387811195,0.0,0.0,0.0,0.0,0.0,33.372558631361784,0.0,0.0,0.0,1.0,-0.0,67.96583285873184,0.0,29.86370330515628,320.4310238249142,522.5
7,w0_normal_diesel_start,66,2026-02-05 18:00:00+08:00,185.56998563635884,0.0,0.0,0.0,0.0,0.0,34.29995200360956,0.0,0.0,0.0,1.0,-0.0,67.25328613428846,0.0,29.464101615137757,320.4310238249142,522.5
7,w0_normal_diesel_start,67,2026-02-05 19:00:00+08:00,194.81651833104362,0.0,0.0,29.57617064805335,0.0,0.0,32.847272221003365,0.0,0.0,17.218103472044177,1.0,-0.0,0.0,0.0,28.82842712474619,320.4310238249142,522.5
7,w0_normal_diesel_start,68,2026-02-05 20:00:00+08:00,200.0,0.0,0.0,34.079663901479194,0.0,0.0,32.37127122507556,0.0,0.0,0.0,1.0,-0.0,0.0,0.0,28.0,289.29821261643696,522.5
7,w0_normal_diesel_start,69,2026-02-05 21:00:00+08:00,189.99099870092022,0.0,0.0,1.0,0.0,0.0,33.04146854371466,0.0,0.0,9.697776529800525,1.0,-0.0,0.0,0.0,0.0,253.4248821938273,522.5
7,w0_normal_diesel_start,70,2026-02-05 22:00:00+08:00,180.1382168641006,0.0,0.0,22.078088377524303,0.0,0.0,32.41286286695189,0.0,0.0,4.199413044146162,1.0,-0.0,0.0,0.0,0.0,252.37225061487993,522.5
7,w0_normal_diesel_start,71,2026-02-05 23:00:00+08:00,191.08602101460522,0.0,0.0,1.0,0.0,0.0,33.36262260485225,0.0,0.0,5.395305064775819,1.0,-0.0,0.0,0.0,0.0,229.13215758590698,522.5
7,w0_normal_diesel_start,72,2026-02-06 00:00:00+08:00,171.51986294736753,0.0,0.0,18.474377716677,0.0,0.0,32.3906475148368,0.0,0.0,14.609861663202155,1.0,-0.0,0.0,0.0,0.0,228.0795260069596,522.5
7,w0_normal_diesel_start,73,2026-02-06 01:00:00+08:00,180.93652867055698,0.0,0.0,4.298363402730141,0.0,0.0,35.20391380940819,0.0,0.0,13.770223480689946,1.0,-0.0,0.0,0.0,0.0,208.63281262098383,522.5
7,w0_normal_diesel_start,74,2026-02-06 02:00:00+08:00,193.92542962777955,0.0,0.0,1.0,0.0,0.0,35.40192498691937,0.0,0.0,14.967103656615029,1.0,-0.0,0.0,0.0,5.1899569939988615,204.1082195654784,522.5
7,w0_normal_diesel_start,75,2026-02-06 03:00:00+08:00,200.0,0.0,0.0,8.349944525186922,0.0,0.0,36.113218488293626,0.0,0.0,13.257378771531773,1.0,-0.0,0.0,7.548062683673674,17.475800795957852,203.05558798653104,522.5
7,w0_normal_diesel_start,76,2026-02-06 04:00:00+08:00,192.68493366296775,0.0,0.0,0.0,0.0,0.0,35.160222114932886,0.0,0.0,0.0,1.0,-0.0,31.30179443300129,0.0,22.068455411807165,194.2661726968606,522.5
7,w0_normal_diesel_start,77,2026-02-06 05:00:00+08:00,192.0276167290817,0.0,0.0,0.0,0.0,0.0,35.18845284123669,0.0,0.0,0.0,1.0,-0.0,42.37926117967763,0.0,24.63519536734149,194.2661726968606,522.5
7,w0_normal_diesel_start,78,2026-02-06 06:00:00+08:00,125.32351041740993,0.0,0.0,0.0,0.0,0.0,36.83187918698677,0.0,0.0,10.299947020388156,1.0,-0.0,100.0,0.0,22.535898384862247,194.2661726968606,522.5
7,w0_normal_diesel_start,79,2026-02-06 07:00:00+08:00,128.453063598412,0.0,0.0,0.0,0.0,0.0,37.41590744914075,0.0,0.0,12.098659104042301,1.0,-0.0,100.0,0.0,23.17157287525381,194.2661726968606,522.5
7,w0_normal_diesel_start,80,2026-02-06 08:00:00+08:00,74.15847843208888,0.0,0.0,58.332586870873705,0.0,0.0,37.09092074390488,0.0,0.0,18.464882203452333,1.0,-0.0,100.0,0.0,24.0,194.2661726968606,522.5
7,w0_normal_diesel_start,81,2026-02-06 09:00:00+08:00,94.40346012468815,0.0,0.0,14.084893904796672,0.0,0.0,37.24650239532772,0.0,0.0,16.79812591889912,1.0,-0.0,100.0,0.5722638313521073,0.0,132.86344967488827,522.5
7,w0_normal_diesel_start,82,2026-02-06 10:00:00+08:00,35.47483390793267,0.0,0.0,0.0,0.0,0.0,37.923167947448135,0.0,0.0,19.198448243400055,1.0,-0.0,200.0,0.0,23.542060625668523,118.03724556457598,522.5
7,w0_normal_diesel_start,83,2026-02-06 11:00:00+08:00,125.6124058870775,0.0,0.0,0.0,0.0,0.0,37.22848025960789,0.0,0.0,0.0,1.0,0.0,126.73053279273367,0.0,27.035276180410083,118.03724556457598,522.5
7,w0_normal_diesel_start,84,2026-02-06 12:00:00+08:00,81.79066203082705,0.0,0.0,0.0,0.0,0.0,36.88832826023798,0.0,0.0,0.0,1.0,0.0,180.02862835482466,0.0,28.0,118.03724556457598,522.5
7,w0_normal_diesel_start,85,2026-02-06 13:00:00+08:00,148.15442765511028,0.0,0.0,0.0,0.0,0.0,36.92364416398846,0.0,0.0,12.306663330330856,1.0,0.0,100.0,0.0,28.82842712474619,118.03724556457598,522.5
7,w0_normal_diesel_start,86,2026-02-06 14:00:00+08:00,105.12888335414912,0.0,0.0,0.0,0.0,0.0,35.385625879467604,0.0,0.0,0.0,1.0,0.0,153.75675783730097,0.0,23.373125214311553,118.03724556457598,522.5
7,w0_normal_diesel_start,87,2026-02-06 15:00:00+08:00,83.47241313497469,0.0,0.0,0.0,0.0,0.0,35.900391657119926,0.0,0.0,0.0,1.0,0.0,176.98599276519937,0.0,29.86370330515627,118.03724556457598,522.5
7,w0_normal_diesel_start,88,2026-02-06 16:00:00+08:00,91.32963686942165,0.0,0.0,0.0,0.0,0.0,35.94250599796858,0.0,0.0,0.0,1.0,0.0,192.21951063311442,0.0,54.96472381958992,118.03724556457598,522.5
7,w0_normal_diesel_start,89,2026-02-06 17:00:00+08:00,95.18919505972578,0.0,0.0,0.0,0.0,0.0,33.39593366359448,0.0,0.0,0.0,1.0,0.0,185.87909587305128,0.0,60.0,118.03724556457598,522.5
7,w0_normal_diesel_start,90,2026-02-06 18:00:00+08:00,71.85531209776492,0.0,0.0,0.0,0.0,0.0,33.4846750067749,0.0,0.0,0.0,1.0,0.0,200.0,0.0,59.02229518274979,118.03724556457598,522.5
7,w0_normal_diesel_start,91,2026-02-06 19:00:00+08:00,56.27767159256493,0.0,0.0,0.0,0.0,0.0,34.644972410150345,0.0,0.0,0.04780473845072919,1.0,0.0,200.0,0.0,37.855622934943646,118.03724556457598,522.5
7,w0_normal_diesel_start,92,2026-02-06 20:00:00+08:00,74.32291397010842,0.0,0.0,0.0,0.0,0.0,34.392915142481286,0.0,0.0,0.0,1.0,0.0,180.55109204609477,0.0,46.008080370212625,118.03724556457598,522.5
7,w0_normal_diesel_start,93,2026-02-06 21:00:00+08:00,65.87016034480183,0.0,0.0,0.0,0.0,0.0,31.597375263559435,0.0,0.0,0.0,1.0,0.0,174.53853812935083,0.0,34.32901692331039,118.03724556457598,522.5
7,w0_normal_diesel_start,94,2026-02-06 22:00:00+08:00,104.19617247844218,0.0,0.0,0.0,0.0,0.0,33.415106712196106,0.0,0.0,0.0,1.0,0.0,156.78892394055958,0.0,60.0,118.03724556457598,522.5
7,w0_normal_diesel_start,95,2026-02-06 23:00:00+08:00,88.04182442949815,0.0,0.0,0.0,0.0,0.0,34.67699502373474,0.0,0.0,13.98333629465205,1.0,0.0,100.0,1.3200677689105187,4.467437781990268,118.03724556457598,522.5
8,w0_storm_none,24,2026-02-04 00:00:00+08:00,48.02796335377962,0.0,0.0,0.0,0.0,0.0,34.68843374320883,0.0,0.0,5.350091469282642,1.0,0.0,200.0,0.0,51.11857205583587,240.99442154154275,522.5
8,w0_storm_none,25,2026-02-04 01:00:00+08:00,83.83404685985786,0.0,78.12047948135086,0.0,0.0,0.0,34.91560103527593,0.0,0.0,13.292435959186626,1.0,0.0,200.0,0.0,23.17157287525381,240.99442154154275,522.5
8,w0_storm_none,26,2026-02-04 02:00:00+08:00,21.559696119386004,0.0,1.0,0.0,0.0,0.0,35.01630202299253,0.0,0.0,1.0873107133461168,1.0,0.0,200.0,0.0,22.535898384862247,315.208877048826,522.5
8,w0_storm_none,27,2026-02-04 03:00:00+08:00,42.850672297273974,0.0,0.0,0.0,0.0,0.0,34.684492458268295,0.0,0.0,0.0,1.0,0.0,200.0,0.0,40.86099856233469,316.15887704882607,522.5
8,w0_storm_none,28,2026-02-04 04:00:00+08:00,62.88926772660992,0.0,33.66823082915187,0.0,0.0,0.0,34.72185360833212,0.0,0.0,0.0,1.0,0.0,200.0,0.0,22.0,316.15887704882607,522.5
8,w0_storm_none,29,2026-02-04 05:00:00+08:00,107.93968384366997,0.0,47.06790069820518,0.0,0.0,0.0,36.19632409290835,0.0,0.0,0.0,1.0,0.0,200.0,0.0,47.10102051443364,348.14369633652035,522.5
8,w0_storm_none,30,2026-02-04 06:00:00+08:00,42.555047365334254,0.0,0.0,0.0,0.0,0.0,36.632657084949926,0.0,0.0,0.0,1.0,0.0,200.0,0.0,23.719077441785807,392.85820199981526,522.5
8,w0_storm_none,31,2026-02-04 07:00:00+08:00,99.65018453972267,0.0,0.0,3.3943118193056954,0.0,0.0,36.868777429653285,0.0,0.0,16.9535732718637,1.0,0.0,100.0,0.0,0.0,392.85820199981526,522.5
8,w0_storm_none,32,2026-02-04 08:00:00+08:00,69.22305078005398,0.0,0.0,40.74955008855255,0.0,0.0,36.49128447861586,0.0,0.0,17.410853760727743,1.0,0.0,100.0,0.0,0.0,389.2852421900198,522.5
8,w0_storm_none,33,2026-02-04 09:00:00+08:00,137.8966039158273,0.0,1.0,0.0,0.0,0.0,37.099637509706646,0.0,0.0,16.248091496766506,1.0,0.0,100.0,0.0,24.964723819589917,346.39097893891187,522.5
8,w0_storm_none,34,2026-02-04 10:00:00+08:00,74.42599994309165,0.0,0.0,38.910179142183495,0.0,0.0,37.90792519052057,0.0,0.0,19.58297453158087,1.0,0.0,100.0,0.0,0.0,347.34097893891186,522.5
8,w0_storm_none,35,2026-02-04 11:00:00+08:00,57.104066697072234,0.0,1.0,0.0,0.0,0.0,36.91815880473454,0.0,0.0,1.2364382360224653,1.0,0.0,200.0,0.0,27.035276180410047,306.38289563135027,522.5
8,w0_storm_none,36,2026-02-04 12:00:00+08:00,97.43307399625046,0.0,0.0,0.0,0.0,0.0,36.24505743567419,0.0,0.0,0.0,1.0,0.0,186.83590484312714,0.0,51.17157287525381,307.33289563135025,522.5
8,w0_storm_none,37,2026-02-04 13:00:00+08:00,73.9487821844907,0.0,1.0,0.0,0.0,0.0,37.35462409559097,0.0,0.0,0.0,1.0,0.0,185.93741772751596,0.0,28.828427124746163,307.33289563135025,522.5
8,w0_storm_none,38,2026-02-04 14:00:00+08:00,96.04667927732076,0.0,57.25032739005091,0.0,0.0,0.0,36.27669630055959,0.0,0.0,17.263008429375574,1.0,0.0,200.0,0.0,29.464101615137725,308.28289563135024,522.5
8,w0_storm_none,39,2026-02-04 15:00:00+08:00,84.46738167677425,0.0,0.0,0.0,0.0,0.0,35.75297225202479,0.0,0.0,0.0,1.0,0.0,174.88217233431826,0.0,29.86370330515626,362.6707066518986,522.5
8,w0_storm_none,40,2026-02-04 16:00:00+08:00,80.63211528197043,0.0,2.761395141642332,0.0,0.0,0.0,34.02464410588767,0.0,0.0,0.0,1.0,0.0,200.0,0.0,54.0,362.6707066518986,522.5
8,w0_storm_none,41,2026-02-04 17:00:00+08:00,107.66039416117357,0.0,0.0,0.0,0.0,0.0,33.984091870280785,0.0,0.0,17.777068454611502,1.0,0.0,153.78412832402628,0.0,55.86370330515627,365.2940320364588,522.5
8,w0_storm_none,42,2026-02-04 18:00:00+08:00,47.89177858574511,0.0,1.0,0.0,0.0,0.0,33.76466304286411,0.0,0.0,2.7255500544270745,1.0,0.0,200.0,0.0,29.464101615137757,365.2940320364588,522.5
8,w0_storm_none,43,2026-02-04 19:00:00+08:00,92.40627275359736,0.0,45.41881687037717,0.0,0.0,0.0,34.735004235592555,0.0,0.0,0.0,1.0,0.0,200.0,0.0,28.828427124746216,366.2440320364588,522.5
8,w0_storm_none,44,2026-02-04 20:00:00+08:00,94.49133838480533,0.0,21.470305299193523,0.0,0.0,0.0,32.45110954148701,0.0,0.0,0.0,1.0,0.0,158.62873270123703,0.0,28.0,409.39190806331715,522.5
8,w0_storm_none,45,2026-02-04 21:00:00+08:00,60.241985050262386,0.0,39.36670968414061,0.0,0.0,0.0,33.75676043072038,0.0,0.0,14.779606158709342,1.0,0.0,200.0,0.0,27.035276180410087,429.788698097551,522.5
8,w0_storm_none,46,2026-02-04 22:00:00+08:00,66.51638221660272,0.0,0.0,0.0,0.0,0.0,34.41959567486781,0.0,0.0,0.0,1.0,0.0,168.32935729566364,0.0,26.0,467.1870722974846,522.5
8,w0_storm_none,47,2026-02-04 23:00:00+08:00,72.29642643886751,0.0,59.860341728118655,0.0,0.0,0.0,34.65730784212104,0.0,0.0,14.04865310747628,1.0,0.0,200.0,0.0,24.964723819589917,467.1870722974846,522.5
8,w0_storm_none,48,2026-02-05 00:00:00+08:00,63.16356614439167,0.0,34.38720565801748,0.0,0.0,0.0,35.1100488963602,0.0,0.0,0.0,1.0,0.0,200.0,0.0,24.0,524.0543969391973,522.5
8,w0_storm_none,49,2026-02-05 01:00:00+08:00,67.0460936453506,0.0,51.900687253783744,0.0,0.0,0.0,33.38215622484842,0.0,0.0,0.0,1.0,0.0,200.0,0.0,23.17157287525386,556.7222423143139,522.5
8,w0_storm_none,50,2026-02-05 02:00:00+08:00,63.778663221215865,0.0,0.0,0.0,0.0,0.0,35.77247842718687,0.0,0.0,0.0,1.0,0.0,158.40612216700754,0.0,22.535898384862247,606.0278952054084,522.5
8,w0_storm_none,51,2026-02-05 03:00:00+08:00,70.0,0.0,47.91142641081342,0.0,0.0,0.0,36.28076794610962,0.0,0.0,0.0,1.0,0.0,200.0,0.0,22.136296694843725,606.0278952054084,522.5
8,w0_storm_none,52,2026-02-05 04:00:00+08:00,66.17610262689055,0.0,37.1562407995619,0.0,0.0,0.0,35.45369296349774,0.0,0.0,0.0,1.0,0.0,200.0,0.0,22.0,651.5437502956812,522.5
8,w0_storm_none,53,2026-02-05 05:00:00+08:00,62.69214554137138,0.0,1.0,0.0,0.0,0.0,37.42252213948602,0.0,0.0,0.0,1.0,0.0,167.08267152270253,0.0,22.136296694843725,686.842179055265,522.5
8,w0_storm_none,54,2026-02-05 06:00:00+08:00,70.0,0.0,29.113993854218165,0.0,0.0,0.0,36.930027841145986,0.0,0.0,0.0,1.0,0.0,200.0,0.0,22.535898384862247,687.792179055265,522.5
8,w0_storm_none,55,2026-02-05 07:00:00+08:00,66.91994613238938,0.0,1.0,0.0,0.0,0.0,37.93715091183955,0.0,0.0,0.0,1.0,0.0,175.23649609776024,0.0,23.17157287525381,715.4504732167723,522.5
8,w0_storm_none,56,2026-02-05 08:00:00+08:00,70.0,0.0,1.0,0.0,0.0,0.0,38.460679103982564,0.0,0.0,0.0,1.0,0.0,175.1309055212656,0.0,24.0,716.4004732167723,522.5
8,w0_storm_none,57,2026-02-05 09:00:00+08:00,64.96905503411166,0.0,15.6223211948872,0.0,0.0,0.0,38.38205518538873,0.0,0.0,0.0,1.0,0.0,200.0,0.0,24.964723819589917,717.3504732167723,522.5
8,w0_storm_none,58,2026-02-05 10:00:00+08:00,65.51862051804498,0.0,13.614075832954569,0.0,0.0,0.0,37.56011437204766,0.0,0.0,0.0,1.0,0.0,200.0,0.0,26.0,732.1916783519151,522.5
8,w0_storm_none,59,2026-02-05 11:00:00+08:00,64.60670407639905,0.0,5.131525901871772,0.0,0.0,0.0,36.85251261535652,0.0,0.0,0.0,1.0,0.0,200.0,0.0,27.035276180410083,745.125050393222,522.5
8,w0_storm_none,60,2026-02-05 12:00:00+08:00,63.20869052393125,0.0,0.0,0.0,0.0,0.0,37.418626095065356,0.0,0.0,18.46521017687115,1.0,-0.0,179.26042455229896,0.0,28.0,750.0,522.5
8,w0_storm_none,61,2026-02-05 13:00:00+08:00,62.88543591605395,0.0,0.0,0.0,0.0,0.0,36.43633984515527,0.0,0.0,4.1819782516949005,1.0,-0.0,200.0,0.0,28.82842712474619,750.0,522.5
8,w0_storm_none,62,2026-02-05 14:00:00+08:00,68.58435120616952,0.0,0.0,0.0,0.0,0.0,35.69261326080196,0.0,0.0,4.253301568967544,1.0,-0.0,188.83749204693385,0.0,29.464101615137746,750.0,522.5
8,w0_storm_none,63,2026-02-05 15:00:00+08:00,66.99606003434437,0.0,0.0,0.0,0.0,0.0,36.02961191418321,0.0,0.0,0.0,1.0,-0.0,189.4119034277914,0.0,29.863703305156285,750.0,522.5
8,w0_storm_none,64,2026-02-05 16:00:00+08:00,70.0,0.0,0.0,0.0,0.0,0.0,34.51720185627605,0.0,0.0,18.988552935035436,1.0,-0.0,166.8207486674649,0.0,30.0,750.0,522.5
8,w0_storm_none,65,2026-02-05 17:00:00+08:00,64.21895857339183,0.0,0.0,0.0,0.0,0.0,33.372558631361784,0.0,0.0,19.222150636220476,1.0,-0.0,168.00746243023903,0.0,29.863703305156253,750.0,522.5
8,w0_storm_none,66,2026-02-05 18:00:00+08:00,64.94949497272559,0.0,0.0,0.0,0.0,0.0,34.29995200360956,0.0,0.0,18.132423807913742,1.0,-0.0,169.74135299000793,0.0,29.464101615137757,750.0,522.5
8,w0_storm_none,67,2026-02-05 19:00:00+08:00,68.18578141586526,0.0,0.0,27.37848043848551,0.0,0.0,32.847272221003365,0.0,0.0,17.218103472044223,1.0,-0.0,100.0,0.0,0.0,750.0,522.5
8,w0_storm_none,68,2026-02-05 20:00:00+08:00,70.0,0.0,0.0,48.76960142483785,0.0,0.0,32.37127122507556,0.0,0.0,15.310062476641377,1.0,-0.0,100.0,0.0,28.0,721.1805469068574,522.5
8,w0_storm_none,69,2026-02-05 21:00:00+08:00,66.49684954532208,0.0,0.0,47.45430632421691,0.0,0.0,33.04146854371466,0.0,0.0,13.772895541591822,1.0,-0.0,100.0,0.0,27.035276180410083,669.8441243543965,522.5
8,w0_storm_none,70,2026-02-05 22:00:00+08:00,63.04837590243521,0.0,0.0,53.7149361296277,0.0,0.0,32.41286286695189,0.0,0.0,15.652406253708147,1.0,-0.0,100.0,0.0,26.0,619.892222960484,522.5
8,w0_storm_none,71,2026-02-05 23:00:00+08:00,66.88010735511183,0.0,0.0,41.88056381409579,0.0,0.0,33.36262260485225,0.0,0.0,13.685378729763332,1.0,-0.0,100.0,0.0,24.964723819589917,563.3501849292969,522.5
8,w0_storm_none,72,2026-02-06 00:00:00+08:00,60.03195203157863,0.0,0.0,53.96228863246591,0.0,0.0,32.3906475148368,0.0,0.0,14.609861663202143,1.0,-0.0,100.0,0.0,24.0,519.2653809144592,522.5
8,w0_storm_none,73,2026-02-06 01:00:00+08:00,63.32778503469494,0.0,0.0,45.078679913845974,0.0,0.0,35.20391380940819,0.0,0.0,13.770223480689946,1.0,-0.0,100.0,0.0,23.17157287525381,462.462971827653,522.5
8,w0_storm_none,74,2026-02-06 02:00:00+08:00,67.87390036972283,0.0,0.0,56.82021897507834,0.0,0.0,35.40192498691937,0.0,0.0,2.5443553304567956,1.0,-0.0,100.0,0.0,22.535898384862247,415.0117298130783,522.5
8,w0_storm_none,75,2026-02-06 03:00:00+08:00,70.0,0.0,0.0,31.0,0.0,0.0,36.113218488293626,0.0,0.0,13.257378771531773,1.0,-0.0,100.0,0.0,17.673918954444463,355.2009729972064,522.5
8,w0_storm_none,76,2026-02-06 04:00:00+08:00,67.4397267820387,0.0,0.0,36.77449583225252,0.0,0.0,35.160222114932886,0.0,0.0,14.187500597903043,1.0,-0.0,100.0,0.0,16.48345052803239,322.56939404983814,522.5
8,w0_storm_none,77,2026-02-06 05:00:00+08:00,67.20966585517859,0.0,0.0,48.321092033145405,0.0,0.0,35.18845284123669,0.0,0.0,16.37722134793758,1.0,-0.0,100.0,0.0,22.136296694843725,283.85939843694075,522.5
8,w0_storm_none,78,2026-02-06 06:00:00+08:00,125.32351041740993,0.0,0.0,0.0,0.0,0.0,36.83187918698677,0.0,0.0,10.299947020388174,1.0,0.0,100.0,0.0,22.535898384862247,232.99509103362982,522.5
8,w0_storm_none,79,2026-02-06 07:00:00+08:00,128.453063598412,0.0,0.0,0.0,0.0,0.0,37.41590744914075,0.0,0.0,12.098659104042298,1.0,0.0,100.0,0.0,23.17157287525381,232.99509103362982,522.5
8,w0_storm_none,80,2026-02-06 08:00:00+08:00,74.15847843208888,0.0,0.0,58.732599302566626,0.0,0.0,37.09092074390488,0.0,0.0,18.464882203452333,1.0,0.0,100.0,0.4000124316929158,24.0,232.99509103362982,522.5
8,w0_storm_none,81,2026-02-06 09:00:00+08:00,94.40346012468815,0.0,0.0,50.47735389303452,0.0,0.0,37.24650239532772,0.0,0.0,16.79812591889912,1.0,0.0,100.0,12.0,24.964723819589917,171.171302294086,522.5
8,w0_storm_none,82,2026-02-06 10:00:00+08:00,35.47483390793267,0.0,0.0,0.0,0.0,0.0,37.923167947448135,0.0,0.0,19.198448243400055,1.0,0.0,200.0,0.0,23.542060625668523,118.03724556457598,522.5
8,w0_storm_none,83,2026-02-06 11:00:00+08:00,125.6124058870775,0.0,0.0,0.0,0.0,0.0,37.22848025960789,0.0,0.0,0.0,1.0,0.0,132.11741951802185,0.0,32.422162905698244,118.03724556457598,522.5
8,w0_storm_none,84,2026-02-06 12:00:00+08:00,81.79066203082705,0.0,0.0,0.0,0.0,0.0,36.88832826023798,0.0,0.0,0.0,1.0,0.0,180.02862835482466,0.0,28.0,118.03724556457598,522.5
8,w0_storm_none,85,2026-02-06 13:00:00+08:00,148.15442765511028,0.0,0.0,0.0,0.0,0.0,36.92364416398846,0.0,0.0,0.0,1.0,0.0,112.30666333033085,0.0,28.82842712474619,118.03724556457598,522.5
8,w0_storm_none,86,2026-02-06 14:00:00+08:00,105.12888335414912,0.0,0.0,0.0,0.0,0.0,35.385625879467604,0.0,0.0,0.0,1.0,0.0,153.75675783730097,0.0,23.373125214311553,118.03724556457598,522.5
8,w0_storm_none,87,2026-02-06 15:00:00+08:00,83.47241313497469,0.0,0.0,0.0,0.0,0.0,35.900391657119926,0.0,0.0,0.0,1.0,0.0,176.98599276519937,0.0,29.86370330515627,118.03724556457598,522.5
8,w0_storm_none,88,2026-02-06 16:00:00+08:00,91.32963686942165,0.0,0.0,0.0,0.0,0.0,35.94250599796858,0.0,0.0,0.0,1.0,0.0,167.2547868135245,0.0,30.0,118.03724556457598,522.5
8,w0_storm_none,89,2026-02-06 17:00:00+08:00,95.18919505972578,0.0,0.0,0.0,0.0,0.0,33.39593366359448,0.0,0.0,0.0,1.0,0.0,155.74279917820758,0.0,29.86370330515627,118.03724556457598,522.5
8,w0_storm_none,90,2026-02-06 18:00:00+08:00,71.85531209776492,0.0,0.0,0.0,0.0,0.0,33.4846750067749,0.0,0.0,0.0,1.0,0.0,199.27023355713416,0.0,58.29252873988395,118.03724556457598,522.5
8,w0_storm_none,91,2026-02-06 19:00:00+08:00,56.27767159256493,0.0,0.0,0.0,0.0,0.0,34.644972410150345,0.0,0.0,0.0,1.0,0.0,191.02060892825327,0.0,28.82842712474619,118.03724556457598,522.5
8,w0_storm_none,92,2026-02-06 20:00:00+08:00,74.32291397010842,0.0,0.0,0.0,0.0,0.0,34.392915142481286,0.0,0.0,0.0,1.0,0.0,162.54301167588216,0.0,28.0,118.03724556457598,522.5
8,w0_storm_none,93,2026-02-06 21:00:00+08:00,65.87016034480183,0.0,0.0,0.0,0.0,0.0,31.597375263559435,0.0,0.0,0.0,1.0,0.0,157.21822808808975,0.0,17.008706882049307,118.03724556457598,522.5
8,w0_storm_none,94,2026-02-06 22:00:00+08:00,104.19617247844218,0.0,0.0,0.0,0.0,0.0,33.415106712196106,0.0,0.0,0.0,1.0,0.0,128.45047203292376,5.6615480923641694,26.0,118.03724556457598,522.5
8,w0_storm_none,95,2026-02-06 23:00:00+08:00,88.04182442949815,0.0,0.0,0.0,0.0,0.0,34.67699502373474,0.0,0.0,8.195830743751262,1.0,0.0,100.0,0.0,0.0,118.03724556457598,522.5
9,w0_storm_renewable_bus,24,2026-02-04 00:00:00+08:00,48.02796335377962,0.0,0.0,0.0,0.0,0.0,34.68843374320883,0.0,0.0,5.350091469282642,1.0,0.0,200.0,0.0,51.11857205583587,240.99442154154275,522.5
9,w0_storm_renewable_bus,25,2026-02-04 01:00:00+08:00,83.83404685985786,0.0,78.12047948135086,0.0,0.0,0.0,34.91560103527593,0.0,0.0,13.292435959186626,1.0,0.0,200.0,0.0,23.17157287525381,240.99442154154275,522.5
9,w0_storm_renewable_bus,26,2026-02-04 02:00:00+08:00,21.559696119386004,0.0,1.0,0.0,0.0,0.0,35.01630202299253,0.0,0.0,1.0873107133461168,1.0,0.0,200.0,0.0,22.535898384862247,315.208877048826,522.5
9,w0_storm_renewable_bus,27,2026-02-04 03:00:00+08:00,42.850672297273974,0.0,0.0,0.0,0.0,0.0,34.684492458268295,0.0,0.0,0.0,1.0,0.0,200.0,0.0,40.86099856233469,316.15887704882607,522.5
9,w0_storm_renewable_bus,28,2026-02-04 04:00:00+08:00,62.88926772660992,0.0,33.66823082915187,0.0,0.0,0.0,34.72185360833212,0.0,0.0,0.0,1.0,0.0,200.0,0.0,22.0,316.15887704882607,522.5
9,w0_storm_renewable_bus,29,2026-02-04 05:00:00+08:00,107.93968384366997,0.0,47.06790069820518,0.0,0.0,0.0,36.19632409290835,0.0,0.0,0.0,1.0,0.0,200.0,0.0,47.10102051443364,348.14369633652035,522.5
9,w0_storm_renewable_bus,30,2026-02-04 06:00:00+08:00,42.555047365334254,0.0,0.0,0.0,0.0,0.0,36.632657084949926,0.0,0.0,0.0,1.0,0.0,200.0,0.0,23.719077441785807,392.85820199981526,522.5
9,w0_storm_renewable_bus,31,2026-02-04 07:00:00+08:00,99.65018453972267,0.0,0.0,3.3943118193056954,0.0,0.0,36.868777429653285,0.0,0.0,16.9535732718637,1.0,0.0,100.0,0.0,0.0,392.85820199981526,522.5
9,w0_storm_renewable_bus,32,2026-02-04 08:00:00+08:00,69.22305078005398,0.0,0.0,40.74955008855255,0.0,0.0,36.49128447861586,0.0,0.0,17.410853760727743,1.0,0.0,100.0,0.0,0.0,389.2852421900198,522.5
9,w0_storm_renewable_bus,33,2026-02-04 09:00:00+08:00,137.8966039158273,0.0,1.0,0.0,0.0,0.0,37.099637509706646,0.0,0.0,16.248091496766506,1.0,0.0,100.0,0.0,24.964723819589917,346.39097893891187,522.5
9,w0_storm_renewable_bus,34,2026-02-04 10:00:00+08:00,74.42599994309165,0.0,0.0,38.910179142183495,0.0,0.0,37.90792519052057,0.0,0.0,19.58297453158087,1.0,0.0,100.0,0.0,0.0,347.34097893891186,522.5
9,w0_storm_renewable_bus,35,2026-02-04 11:00:00+08:00,57.104066697072234,0.0,1.0,0.0,0.0,0.0,36.91815880473454,0.0,0.0,1.2364382360224653,1.0,0.0,200.0,0.0,27.035276180410047,306.38289563135027,522.5
9,w0_storm_renewable_bus,36,2026-02-04 12:00:00+08:00,97.43307399625046,0.0,0.0,0.0,0.0,0.0,36.24505743567419,0.0,0.0,0.0,1.0,0.0,186.83590484312714,0.0,51.17157287525381,307.33289563135025,522.5
9,w0_storm_renewable_bus,37,2026-02-04 13:00:00+08:00,73.9487821844907,0.0,1.0,0.0,0.0,0.0,37.35462409559097,0.0,0.0,0.0,1.0,0.0,185.93741772751596,0.0,28.828427124746163,307.33289563135025,522.5
9,w0_storm_renewable_bus,38,2026-02-04 14:00:00+08:00,96.04667927732076,0.0,57.25032739005091,0.0,0.0,0.0,36.27669630055959,0.0,0.0,17.263008429375574,1.0,0.0,200.0,0.0,29.464101615137725,308.28289563135024,522.5
9,w0_storm_renewable_bus,39,2026-02-04 15:00:00+08:00,84.46738167677425,0.0,0.0,0.0,0.0,0.0,35.75297225202479,0.0,0.0,0.0,1.0,0.0,174.88217233431826,0.0,29.86370330515626,362.6707066518986,522.5
9,w0_storm_renewable_bus,40,2026-02-04 16:00:00+08:00,80.63211528197043,0.0,2.761395141642332,0.0,0.0,0.0,34.02464410588767,0.0,0.0,0.0,1.0,0.0,200.0,0.0,54.0,362.6707066518986,522.5
9,w0_storm_renewable_bus,41,2026-02-04 17:00:00+08:00,107.66039416117357,0.0,0.0,0.0,0.0,0.0,33.984091870280785,0.0,0.0,17.777068454611502,1.0,0.0,153.78412832402628,0.0,55.86370330515627,365.2940320364588,522.5
9,w0_storm_renewable_bus,42,2026-02-04 18:00:00+08:00,47.89177858574511,0.0,1.0,0.0,0.0,0.0,33.76466304286411,0.0,0.0,2.7255500544270745,1.0,0.0,200.0,0.0,29.464101615137757,365.2940320364588,522.5
9,w0_storm_renewable_bus,43,2026-02-04 19:00:00+08:00,92.40627275359736,0.0,45.41881687037717,0.0,0.0,0.0,34.735004235592555,0.0,0.0,0.0,1.0,0.0,200.0,0.0,28.828427124746216,366.2440320364588,522.5
9,w0_storm_renewable_bus,44,2026-02-04 20:00:00+08:00,94.49133838480533,0.0,21.470305299193523,0.0,0.0,0.0,32.45110954148701,0.0,0.0,0.0,1.0,0.0,158.62873270123703,0.0,28.0,409.39190806331715,522.5
9,w0_storm_renewable_bus,45,2026-02-04 21:00:00+08:00,60.241985050262386,0.0,39.36670968414061,0.0,0.0,0.0,33.75676043072038,0.0,0.0,14.779606158709342,1.0,0.0,200.0,0.0,27.035276180410087,429.788698097551,522.5
9,w0_storm_renewable_bus,46,2026-02-04 22:00:00+08:00,66.51638221660272,0.0,0.0,0.0,0.0,0.0,34.41959567486781,0.0,0.0,0.0,1.0,0.0,168.32935729566364,0.0,26.0,467.1870722974846,522.5
9,w0_storm_renewable_bus,47,2026-02-04 23:00:00+08:00,72.29642643886751,0.0,59.860341728118655,0.0,0.0,0.0,34.65730784212104,0.0,0.0,14.04865310747628,1.0,0.0,200.0,0.0,24.964723819589917,467.1870722974846,522.5
9,w0_storm_renewable_bus,48,2026-02-05 00:00:00+08:00,63.16356614439167,0.0,34.38720565801748,0.0,0.0,0.0,35.1100488963602,0.0,0.0,0.0,1.0,0.0,200.0,0.0,24.0,524.0543969391973,522.5
9,w0_storm_renewable_bus,49,2026-02-05 01:00:00+08:00,67.0460936453506,0.0,51.900687253783744,0.0,0.0,0.0,33.38215622484842,0.0,0.0,0.0,1.0,0.0,200.0,0.0,23.17157287525386,556.7222423143139,522.5
9,w0_storm_renewable_bus,50,2026-02-05 02:00:00+08:00,63.778663221215865,0.0,0.0,0.0,0.0,0.0,35.77247842718687,0.0,0.0,0.0,1.0,0.0,158.40612216700754,0.0,22.535898384862247,606.0278952054084,522.5
9,w0_storm_renewable_bus,51,2026-02-05 03:00:00+08:00,70.0,0.0,47.91142641081342,0.0,0.0,0.0,36.28076794610962,0.0,0.0,0.0,1.0,0.0,200.0,0.0,22.136296694843725,606.0278952054084,522.5
9,w0_storm_renewable_bus,52,2026-02-05 04:00:00+08:00,66.17610262689055,0.0,37.1562407995619,0.0,0.0,0.0,35.45369296349774,0.0,0.0,0.0,1.0,0.0,200.0,0.0,22.0,651.5437502956812,522.5
9,w0_storm_renewable_bus,53,2026-02-05 05:00:00+08:00,62.69214554137138,0.0,1.0,0.0,0.0,0.0,37.42252213948602,0.0,0.0,0.0,1.0,0.0,167.08267152270253,0.0,22.136296694843725,686.842179055265,522.5
9,w0_storm_renewable_bus,54,2026-02-05 06:00:00+08:00,70.0,0.0,29.113993854218165,0.0,0.0,0.0,36.930027841145986,0.0,0.0,0.0,1.0,0.0,200.0,0.0,22.535898384862247,687.792179055265,522.5
9,w0_storm_renewable_bus,55,2026-02-05 07:00:00+08:00,66.91994613238938,0.0,1.0,0.0,0.0,0.0,37.93715091183955,0.0,0.0,0.0,1.0,0.0,175.23649609776024,0.0,23.17157287525381,715.4504732167723,522.5
9,w0_storm_renewable_bus,56,2026-02-05 08:00:00+08:00,70.0,0.0,1.0,0.0,0.0,0.0,38.460679103982564,0.0,0.0,0.0,1.0,0.0,175.1309055212656,0.0,24.0,716.4004732167723,522.5
9,w0_storm_renewable_bus,57,2026-02-05 09:00:00+08:00,64.96905503411166,0.0,15.6223211948872,0.0,0.0,0.0,38.38205518538873,0.0,0.0,0.0,1.0,0.0,200.0,0.0,24.964723819589917,717.3504732167723,522.5
9,w0_storm_renewable_bus,58,2026-02-05 10:00:00+08:00,65.51862051804498,0.0,13.614075832954569,0.0,0.0,0.0,37.56011437204766,0.0,0.0,0.0,1.0,0.0,200.0,0.0,26.0,732.1916783519151,522.5
9,w0_storm_renewable_bus,59,2026-02-05 11:00:00+08:00,64.60670407639905,0.0,5.131525901871772,0.0,0.0,0.0,36.85251261535652,0.0,0.0,0.0,1.0,0.0,200.0,0.0,27.035276180410083,745.125050393222,522.5
9,w0_storm_renewable_bus,60,2026-02-05 12:00:00+08:00,0.0,0.0,0.0,42.469115076230196,0.0,0.0,37.418626095065356,0.0,0.0,18.46521017687115,1.0,0.0,200.0,0.0,28.0,750.0,522.5
9,w0_storm_renewable_bus,61,2026-02-05 13:00:00+08:00,0.0,0.0,0.0,48.65672951639087,0.0,0.0,36.43633984515527,0.0,0.0,18.41068465135799,1.0,0.0,200.0,0.0,28.82842712474619,705.2956683408104,522.5
9,w0_storm_renewable_bus,62,2026-02-05 14:00:00+08:00,0.0,0.0,0.0,42.9131593653246,0.0,0.0,35.69261326080196,0.0,0.0,18.761985456746288,1.0,0.0,200.0,0.0,29.464101615137753,654.0780583235569,522.5
9,w0_storm_renewable_bus,63,2026-02-05 15:00:00+08:00,0.0,0.0,0.0,37.15503183139475,0.0,0.0,36.02961191418321,0.0,0.0,19.252931630740648,1.0,0.0,200.0,0.0,29.86370330515627,608.9063116232152,522.5
9,w0_storm_renewable_bus,64,2026-02-05 16:00:00+08:00,0.0,0.0,0.0,36.8207486674649,0.0,0.0,34.51720185627605,0.0,0.0,18.988552935035436,1.0,0.0,200.0,0.0,30.0,569.7957518006943,522.5
9,w0_storm_renewable_bus,65,2026-02-05 17:00:00+08:00,0.0,0.0,0.0,51.448571639851345,0.0,0.0,33.372558631361784,0.0,0.0,0.0,1.0,0.0,200.0,0.0,29.86370330515627,531.0370689928366,522.5
9,w0_storm_renewable_bus,66,2026-02-05 18:00:00+08:00,0.0,0.0,0.0,34.69084796273353,0.0,0.0,34.29995200360956,0.0,0.0,18.132423807913742,1.0,0.0,200.0,0.0,29.464101615137757,476.880677792993,522.5
9,w0_storm_renewable_bus,67,2026-02-05 19:00:00+08:00,0.0,0.0,0.0,7.214140437589965,0.0,0.0,32.847272221003365,0.0,0.0,17.218103472044223,1.0,0.0,200.0,0.0,11.64987858323919,440.36399572695774,522.5
9,w0_storm_renewable_bus,68,2026-02-05 20:00:00+08:00,0.0,0.0,0.0,6.0796639014791936,0.0,0.0,32.37127122507556,0.0,0.0,0.0,1.0,0.0,200.0,0.0,0.0,432.77016368738936,522.5
9,w0_storm_renewable_bus,69,2026-02-05 21:00:00+08:00,0.0,0.0,0.0,13.951155869539008,0.0,0.0,33.04146854371466,0.0,0.0,13.772895541591822,1.0,0.0,200.0,0.0,27.035276180410083,426.370517475306,522.5
9,w0_storm_renewable_bus,70,2026-02-05 22:00:00+08:00,0.0,0.0,0.0,16.763312032062927,0.0,0.0,32.41286286695189,0.0,0.0,15.652406253708147,1.0,0.0,200.0,0.0,26.0,411.6850902442123,522.5
9,w0_storm_renewable_bus,71,2026-02-05 23:00:00+08:00,0.0,0.0,0.0,22.218779974528267,0.0,0.0,33.36262260485225,0.0,0.0,0.22726992444269456,1.0,0.0,200.0,0.0,24.964723819589917,394.03949863151445,522.5
9,w0_storm_renewable_bus,72,2026-02-06 00:00:00+08:00,60.03195203157863,0.0,0.0,0.0,0.0,0.0,32.3906475148368,0.0,0.0,0.0,1.0,0.0,168.57215029566805,0.0,24.0,370.65130918464257,522.5
9,w0_storm_renewable_bus,73,2026-02-06 01:00:00+08:00,63.32778503469494,0.0,0.0,0.0,0.0,0.0,35.20391380940819,0.0,0.0,0.0,1.0,0.0,158.84890339453594,0.0,23.17157287525381,370.65130918464257,522.5
9,w0_storm_renewable_bus,74,2026-02-06 02:00:00+08:00,67.87390036972283,0.0,0.0,0.0,0.0,0.0,35.40192498691937,0.0,0.0,3.959895731672498,1.0,0.0,155.4046785738626,0.0,22.535898384864,370.65130918464257,522.5
9,w0_storm_renewable_bus,75,2026-02-06 03:00:00+08:00,70.0,0.0,0.0,13.326081045555389,0.0,0.0,36.113218488293626,0.0,0.0,13.257378771531773,1.0,0.0,100.0,0.0,0.0,370.65130918464257,522.5
9,w0_storm_renewable_bus,76,2026-02-06 04:00:00+08:00,67.4397267820387,0.0,0.0,20.291045304220134,0.0,0.0,35.160222114932886,0.0,0.0,14.187500597903043,1.0,0.0,100.0,0.0,0.0,356.623855452479,522.5
9,w0_storm_renewable_bus,77,2026-02-06 05:00:00+08:00,67.20966585517859,0.0,0.0,48.32109203314541,0.0,0.0,35.18845284123669,0.0,0.0,16.37722134793758,1.0,0.0,100.0,0.0,22.136296694843725,335.2648603954052,522.5
9,w0_storm_renewable_bus,78,2026-02-06 06:00:00+08:00,125.32351041740993,0.0,0.0,0.0,0.0,0.0,36.83187918698677,0.0,0.0,16.260159640619904,1.0,0.0,94.03978737976827,0.0,22.535898384862247,284.4005529920942,522.5
9,w0_storm_renewable_bus,79,2026-02-06 07:00:00+08:00,128.453063598412,0.0,0.0,0.0,0.0,0.0,37.41590744914075,0.0,0.0,15.286857320761486,1.0,0.0,96.8118017832808,0.0,23.17157287525381,284.4005529920942,522.5
9,w0_storm_renewable_bus,80,2026-02-06 08:00:00+08:00,74.15847843208888,0.0,0.0,34.33258687087371,0.0,0.0,37.09092074390488,0.0,0.0,18.464882203452333,1.0,0.0,100.0,0.0,0.0,284.4005529920942,522.5
9,w0_storm_renewable_bus,81,2026-02-06 09:00:00+08:00,94.40346012468815,0.0,0.0,13.512630073444571,0.0,0.0,37.24650239532772,0.0,0.0,16.79812591889912,1.0,0.0,100.0,0.0,0.0,248.26098786485875,522.5
9,w0_storm_renewable_bus,82,2026-02-06 10:00:00+08:00,35.47483390793267,0.0,0.0,110.19992511182404,0.0,0.0,37.923167947448135,0.0,0.0,19.198448243400055,1.0,0.0,100.0,10.199925111824045,23.542060625668523,234.0371667349171,522.5
9,w0_storm_renewable_bus,83,2026-02-06 11:00:00+08:00,125.6124058870775,0.0,0.0,0.0,0.0,0.0,37.22848025960789,0.0,0.0,0.0,1.0,0.0,126.73053279273367,0.0,27.035276180410083,118.03724556457598,522.5
9,w0_storm_renewable_bus,84,2026-02-06 12:00:00+08:00,81.79066203082705,0.0,0.0,0.0,0.0,0.0,36.88832826023798,0.0,0.0,12.028628354824676,1.0,0.0,200.0,0.0,60.0,118.03724556457598,522.5
9,w0_storm_renewable_bus,85,2026-02-06 13:00:00+08:00,148.15442765511028,0.0,0.0,0.0,0.0,0.0,36.92364416398846,0.0,0.0,0.0,1.0,0.0,112.30666333033085,0.0,28.82842712474619,118.03724556457598,522.5
9,w0_storm_renewable_bus,86,2026-02-06 14:00:00+08:00,105.12888335414912,0.0,0.0,0.0,0.0,0.0,35.385625879467604,0.0,0.0,0.0,1.0,0.0,153.75675783730097,0.0,23.373125214311553,118.03724556457598,522.5
9,w0_storm_renewable_bus,87,2026-02-06 15:00:00+08:00,83.47241313497469,0.0,0.0,0.0,0.0,0.0,35.900391657119926,0.0,0.0,0.0,1.0,0.0,194.65991171964384,0.0,47.53762225960074,118.03724556457598,522.5
9,w0_storm_renewable_bus,88,2026-02-06 16:00:00+08:00,91.32963686942165,0.0,0.0,0.0,0.0,0.0,35.94250599796858,0.0,0.0,0.0,1.0,0.0,167.2547868135245,0.0,30.0,118.03724556457598,522.5
9,w0_storm_renewable_bus,89,2026-02-06 17:00:00+08:00,95.18919505972578,0.0,0.0,0.0,0.0,0.0,33.39593366359448,0.0,0.0,0.0,1.0,0.0,183.74279917820758,0.0,57.86370330515627,118.03724556457598,522.5
9,w0_storm_renewable_bus,90,2026-02-06 18:00:00+08:00,71.85531209776492,0.0,0.0,0.0,0.0,0.0,33.4846750067749,0.0,0.0,0.0,1.0,0.0,200.0,0.0,59.0222951827498,118.03724556457598,522.5
9,w0_storm_renewable_bus,91,2026-02-06 19:00:00+08:00,56.27767159256493,0.0,0.0,0.0,0.0,0.0,34.644972410150345,0.0,0.0,0.0,1.0,0.0,191.02060892825327,0.0,28.82842712474619,118.03724556457598,522.5
9,w0_storm_renewable_bus,92,2026-02-06 20:00:00+08:00,74.32291397010842,0.0,0.0,0.0,0.0,0.0,34.392915142481286,0.0,0.0,0.0,1.0,0.0,176.4133489292027,0.0,41.87033725332056,118.03724556457598,522.5
9,w0_storm_renewable_bus,93,2026-02-06 21:00:00+08:00,65.87016034480183,0.0,0.0,0.0,0.0,0.0,31.597375263559435,0.0,0.0,0.0,1.0,0.0,169.80330688157463,0.0,29.593785675534182,118.03724556457598,522.5
9,w0_storm_renewable_bus,94,2026-02-06 22:00:00+08:00,104.19617247844218,0.0,0.0,0.0,0.0,0.0,33.415106712196106,0.0,0.0,0.0,1.0,0.0,122.78892394055958,0.0,26.0,118.03724556457598,522.5
9,w0_storm_renewable_bus,95,2026-02-06 23:00:00+08:00,88.04182442949815,0.0,0.0,0.0,0.0,0.0,34.67699502373474,0.0,0.0,13.98333629465205,1.0,0.0,99.60388953278647,5.391395083687257,0.0,118.03724556457598,522.5
10,w0_storm_main_bus,24,2026-02-04 00:00:00+08:00,48.02796335377962,0.0,0.0,0.0,0.0,0.0,34.68843374320883,0.0,0.0,5.350091469282642,1.0,0.0,200.0,0.0,51.11857205583587,240.99442154154275,522.5
10,w0_storm_main_bus,25,2026-02-04 01:00:00+08:00,83.83404685985786,0.0,78.12047948135086,0.0,0.0,0.0,34.91560103527593,0.0,0.0,13.292435959186626,1.0,0.0,200.0,0.0,23.17157287525381,240.99442154154275,522.5
10,w0_storm_main_bus,26,2026-02-04 02:00:00+08:00,21.559696119386004,0.0,1.0,0.0,0.0,0.0,35.01630202299253,0.0,0.0,1.0873107133461168,1.0,0.0,200.0,0.0,22.535898384862247,315.208877048826,522.5
10,w0_storm_main_bus,27,2026-02-04 03:00:00+08:00,42.850672297273974,0.0,0.0,0.0,0.0,0.0,34.684492458268295,0.0,0.0,0.0,1.0,0.0,200.0,0.0,40.86099856233469,316.15887704882607,522.5
10,w0_storm_main_bus,28,2026-02-04 04:00:00+08:00,62.88926772660992,0.0,33.66823082915187,0.0,0.0,0.0,34.72185360833212,0.0,0.0,0.0,1.0,0.0,200.0,0.0,22.0,316.15887704882607,522.5
10,w0_storm_main_bus,29,2026-02-04 05:00:00+08:00,107.93968384366997,0.0,47.06790069820518,0.0,0.0,0.0,36.19632409290835,0.0,0.0,0.0,1.0,0.0,200.0,0.0,47.10102051443364,348.14369633652035,522.5
10,w0_storm_main_bus,30,2026-02-04 06:00:00+08:00,42.555047365334254,0.0,0.0,0.0,0.0,0.0,36.632657084949926,0.0,0.0,0.0,1.0,0.0,200.0,0.0,23.719077441785807,392.85820199981526,522.5
10,w0_storm_main_bus,31,2026-02-04 07:00:00+08:00,99.65018453972267,0.0,0.0,3.3943118193056954,0.0,0.0,36.868777429653285,0.0,0.0,16.9535732718637,1.0,0.0,100.0,0.0,0.0,392.85820199981526,522.5
10,w0_storm_main_bus,32,2026-02-04 08:00:00+08:00,69.22305078005398,0.0,0.0,40.74955008855255,0.0,0.0,36.49128447861586,0.0,0.0,17.410853760727743,1.0,0.0,100.0,0.0,0.0,389.2852421900198,522.5
10,w0_storm_main_bus,33,2026-02-04 09:00:00+08:00,137.8966039158273,0.0,1.0,0.0,0.0,0.0,37.099637509706646,0.0,0.0,16.248091496766506,1.0,0.0,100.0,0.0,24.964723819589917,346.39097893891187,522.5
10,w0_storm_main_bus,34,2026-02-04 10:00:00+08:00,74.42599994309165,0.0,0.0,38.910179142183495,0.0,0.0,37.90792519052057,0.0,0.0,19.58297453158087,1.0,0.0,100.0,0.0,0.0,347.34097893891186,522.5
10,w0_storm_main_bus,35,2026-02-04 11:00:00+08:00,57.104066697072234,0.0,1.0,0.0,0.0,0.0,36.91815880473454,0.0,0.0,1.2364382360224653,1.0,0.0,200.0,0.0,27.035276180410047,306.38289563135027,522.5
10,w0_storm_main_bus,36,2026-02-04 12:00:00+08:00,97.43307399625046,0.0,0.0,0.0,0.0,0.0,36.24505743567419,0.0,0.0,0.0,1.0,0.0,186.83590484312714,0.0,51.17157287525381,307.33289563135025,522.5
10,w0_storm_main_bus,37,2026-02-04 13:00:00+08:00,73.9487821844907,0.0,1.0,0.0,0.0,0.0,37.35462409559097,0.0,0.0,0.0,1.0,0.0,185.93741772751596,0.0,28.828427124746163,307.33289563135025,522.5
10,w0_storm_main_bus,38,2026-02-04 14:00:00+08:00,96.04667927732076,0.0,57.25032739005091,0.0,0.0,0.0,36.27669630055959,0.0,0.0,17.263008429375574,1.0,0.0,200.0,0.0,29.464101615137725,308.28289563135024,522.5
10,w0_storm_main_bus,39,2026-02-04 15:00:00+08:00,84.46738167677425,0.0,0.0,0.0,0.0,0.0,35.75297225202479,0.0,0.0,0.0,1.0,0.0,174.88217233431826,0.0,29.86370330515626,362.6707066518986,522.5
10,w0_storm_main_bus,40,2026-02-04 16:00:00+08:00,80.63211528197043,0.0,2.761395141642332,0.0,0.0,0.0,34.02464410588767,0.0,0.0,0.0,1.0,0.0,200.0,0.0,54.0,362.6707066518986,522.5
10,w0_storm_main_bus,41,2026-02-04 17:00:00+08:00,107.66039416117357,0.0,0.0,0.0,0.0,0.0,33.984091870280785,0.0,0.0,17.777068454611502,1.0,0.0,153.78412832402628,0.0,55.86370330515627,365.2940320364588,522.5
10,w0_storm_main_bus,42,2026-02-04 18:00:00+08:00,47.89177858574511,0.0,1.0,0.0,0.0,0.0,33.76466304286411,0.0,0.0,2.7255500544270745,1.0,0.0,200.0,0.0,29.464101615137757,365.2940320364588,522.5
10,w0_storm_main_bus,43,2026-02-04 19:00:00+08:00,92.40627275359736,0.0,45.41881687037717,0.0,0.0,0.0,34.735004235592555,0.0,0.0,0.0,1.0,0.0,200.0,0.0,28.828427124746216,366.2440320364588,522.5
10,w0_storm_main_bus,44,2026-02-04 20:00:00+08:00,94.49133838480533,0.0,21.470305299193523,0.0,0.0,0.0,32.45110954148701,0.0,0.0,0.0,1.0,0.0,158.62873270123703,0.0,28.0,409.39190806331715,522.5
10,w0_storm_main_bus,45,2026-02-04 21:00:00+08:00,60.241985050262386,0.0,39.36670968414061,0.0,0.0,0.0,33.75676043072038,0.0,0.0,14.779606158709342,1.0,0.0,200.0,0.0,27.035276180410087,429.788698097551,522.5
10,w0_storm_main_bus,46,2026-02-04 22:00:00+08:00,66.51638221660272,0.0,0.0,0.0,0.0,0.0,34.41959567486781,0.0,0.0,0.0,1.0,0.0,168.32935729566364,0.0,26.0,467.1870722974846,522.5
10,w0_storm_main_bus,47,2026-02-04 23:00:00+08:00,72.29642643886751,0.0,59.860341728118655,0.0,0.0,0.0,34.65730784212104,0.0,0.0,14.04865310747628,1.0,0.0,200.0,0.0,24.964723819589917,467.1870722974846,522.5
10,w0_storm_main_bus,48,2026-02-05 00:00:00+08:00,63.16356614439167,0.0,34.38720565801748,0.0,0.0,0.0,35.1100488963602,0.0,0.0,0.0,1.0,0.0,200.0,0.0,24.0,524.0543969391973,522.5
10,w0_storm_main_bus,49,2026-02-05 01:00:00+08:00,67.0460936453506,0.0,51.900687253783744,0.0,0.0,0.0,33.38215622484842,0.0,0.0,0.0,1.0,0.0,200.0,0.0,23.17157287525386,556.7222423143139,522.5
10,w0_storm_main_bus,50,2026-02-05 02:00:00+08:00,63.778663221215865,0.0,0.0,0.0,0.0,0.0,35.77247842718687,0.0,0.0,0.0,1.0,0.0,158.40612216700754,0.0,22.535898384862247,606.0278952054084,522.5
10,w0_storm_main_bus,51,2026-02-05 03:00:00+08:00,70.0,0.0,47.91142641081342,0.0,0.0,0.0,36.28076794610962,0.0,0.0,0.0,1.0,0.0,200.0,0.0,22.136296694843725,606.0278952054084,522.5
10,w0_storm_main_bus,52,2026-02-05 04:00:00+08:00,66.17610262689055,0.0,37.1562407995619,0.0,0.0,0.0,35.45369296349774,0.0,0.0,0.0,1.0,0.0,200.0,0.0,22.0,651.5437502956812,522.5
10,w0_storm_main_bus,53,2026-02-05 05:00:00+08:00,62.69214554137138,0.0,1.0,0.0,0.0,0.0,37.42252213948602,0.0,0.0,0.0,1.0,0.0,167.08267152270253,0.0,22.136296694843725,686.842179055265,522.5
10,w0_storm_main_bus,54,2026-02-05 06:00:00+08:00,70.0,0.0,29.113993854218165,0.0,0.0,0.0,36.930027841145986,0.0,0.0,0.0,1.0,0.0,200.0,0.0,22.535898384862247,687.792179055265,522.5
10,w0_storm_main_bus,55,2026-02-05 07:00:00+08:00,66.91994613238938,0.0,1.0,0.0,0.0,0.0,37.93715091183955,0.0,0.0,0.0,1.0,0.0,175.23649609776024,0.0,23.17157287525381,715.4504732167723,522.5
10,w0_storm_main_bus,56,2026-02-05 08:00:00+08:00,70.0,0.0,1.0,0.0,0.0,0.0,38.460679103982564,0.0,0.0,0.0,1.0,0.0,175.1309055212656,0.0,24.0,716.4004732167723,522.5
10,w0_storm_main_bus,57,2026-02-05 09:00:00+08:00,64.96905503411166,0.0,15.6223211948872,0.0,0.0,0.0,38.38205518538873,0.0,0.0,0.0,1.0,0.0,200.0,0.0,24.964723819589917,717.3504732167723,522.5
10,w0_storm_main_bus,58,2026-02-05 10:00:00+08:00,65.51862051804498,0.0,13.614075832954569,0.0,0.0,0.0,37.56011437204766,0.0,0.0,0.0,1.0,0.0,200.0,0.0,26.0,732.1916783519151,522.5
10,w0_storm_main_bus,59,2026-02-05 11:00:00+08:00,64.60670407639905,0.0,5.131525901871772,0.0,0.0,0.0,36.85251261535652,0.0,0.0,0.0,1.0,0.0,200.0,0.0,27.035276180410083,745.125050393222,522.5
10,w0_storm_main_bus,60,2026-02-05 12:00:00+08:00,0.0,0.0,0.0,0.0,0.0,37.418626095065356,0.0,158.5852788042937,36.9304203537423,0.0,0.0,1.0,0.0,0.0,0.0,750.0,522.5
10,w0_storm_main_bus,61,2026-02-05 13:00:00+08:00,62.88543591605395,0.0,0.0,0.0,0.0,0.0,36.43633984515527,0.0,0.0,18.41068465135799,1.0,-0.0,185.77129360033692,0.0,28.82842712474619,750.0,484.31772847442323
10,w0_storm_main_bus,62,2026-02-05 14:00:00+08:00,68.58435120616952,0.0,0.0,1.0,0.0,0.0,35.69261326080196,0.0,0.0,18.761985456746288,1.0,-0.0,173.32880815915507,0.0,29.464101615137753,750.0,484.31772847442323
10,w0_storm_main_bus,63,2026-02-05 15:00:00+08:00,66.99606003434437,0.0,0.0,0.0,26.835278354632774,0.0,36.02961191418321,0.0,0.0,19.252931630740648,1.0,-0.0,196.9942501516835,0.0,29.86370330515627,748.9473684210524,484.31772847442323
10,w0_storm_main_bus,64,2026-02-05 16:00:00+08:00,70.0,0.0,0.0,0.0,0.0,0.0,34.51720185627605,0.0,0.0,7.595865001637867,1.0,-0.0,178.21343660086245,0.0,30.0,748.9473684210524,510.6163012619634
10,w0_storm_main_bus,65,2026-02-05 17:00:00+08:00,64.21895857339183,0.0,0.0,0.0,0.0,0.0,33.372558631361784,0.0,0.0,19.222150636220476,1.0,-0.0,168.00746243023903,0.0,29.86370330515627,748.9473684210524,510.6163012619634
10,w0_storm_main_bus,66,2026-02-05 18:00:00+08:00,64.94949497272559,0.0,0.0,0.0,12.126223202078329,0.0,34.29995200360956,0.0,0.0,0.0,1.0,-0.0,200.0,0.0,29.464101615137757,748.9473684210524,510.6163012619634
10,w0_storm_main_bus,67,2026-02-05 19:00:00+08:00,68.18578141586526,0.0,0.0,56.2069075632317,0.0,0.0,32.847272221003365,0.0,0.0,17.218103472044213,1.0,-0.0,100.0,0.0,28.82842712474619,748.9473684210524,522.5
10,w0_storm_main_bus,68,2026-02-05 20:00:00+08:00,70.0,0.0,0.0,20.769601424837855,0.0,0.0,32.37127122507556,0.0,0.0,15.31006247664135,1.0,-0.0,100.0,0.0,0.0,689.782202565019,522.5
10,w0_storm_main_bus,69,2026-02-05 21:00:00+08:00,66.49684954532208,0.0,0.0,36.91672168485817,0.0,0.0,33.04146854371466,0.0,0.0,13.772895541591838,1.0,-0.0,100.0,0.0,16.497691541051324,667.9194642230844,522.5
10,w0_storm_main_bus,70,2026-02-05 22:00:00+08:00,63.04837590243521,0.0,0.0,53.714936129627745,0.0,0.0,32.41286286695189,0.0,0.0,15.652406253708147,1.0,-0.0,100.0,0.0,26.0,629.0597571863916,522.5
10,w0_storm_main_bus,71,2026-02-05 23:00:00+08:00,66.88010735511183,0.0,0.0,41.88056381409579,0.0,0.0,33.36262260485225,0.0,0.0,13.685378729763332,1.0,-0.0,100.0,0.0,24.964723819589917,572.5177191552045,522.5
10,w0_storm_main_bus,72,2026-02-06 00:00:00+08:00,60.03195203157863,0.0,0.0,53.96228863246591,0.0,0.0,32.3906475148368,0.0,0.0,14.609861663202164,1.0,-0.0,100.0,0.0,24.0,528.4329151403668,522.5
10,w0_storm_main_bus,73,2026-02-06 01:00:00+08:00,63.32778503469494,0.0,0.0,50.07482700221425,0.0,0.0,35.20391380940819,0.0,0.0,8.774076392321696,1.0,-0.0,100.0,0.0,23.17157287525381,471.6305060535606,522.5
10,w0_storm_main_bus,74,2026-02-06 02:00:00+08:00,67.87390036972283,0.0,0.0,44.397470648920105,0.0,0.0,35.40192498691937,0.0,0.0,14.967103656615032,1.0,-0.0,100.0,0.0,22.535898384862247,418.9201618407035,522.5
10,w0_storm_main_bus,75,2026-02-06 03:00:00+08:00,70.0,0.0,0.0,13.326081045561555,0.0,0.0,36.113218488293626,0.0,0.0,13.257378771537953,1.0,-0.0,100.0,0.0,0.0,372.1859822102613,522.5
10,w0_storm_main_bus,76,2026-02-06 04:00:00+08:00,67.4397267820387,0.0,0.0,20.29104530422015,0.0,0.0,35.160222114932886,0.0,0.0,14.187500597903043,1.0,-0.0,100.0,0.0,0.0,358.1585284780912,522.5
10,w0_storm_main_bus,77,2026-02-06 05:00:00+08:00,67.20966585517859,0.0,0.0,48.32109203314542,0.0,0.0,35.18845284123669,0.0,0.0,16.377221347937578,1.0,-0.0,100.0,0.0,22.136296694843725,336.7995334210174,522.5
10,w0_storm_main_bus,78,2026-02-06 06:00:00+08:00,125.32351041740993,0.0,0.0,0.0,0.0,0.0,36.83187918698677,0.0,0.0,3.8733457825919455,1.0,0.0,100.0,0.0,16.109297147066023,285.9352260177063,522.5
10,w0_storm_main_bus,79,2026-02-06 07:00:00+08:00,128.453063598412,0.0,0.0,0.0,0.0,0.0,37.41590744914075,0.0,0.0,12.098659104042298,1.0,0.0,100.0,0.0,23.17157287525381,285.9352260177063,522.5
10,w0_storm_main_bus,80,2026-02-06 08:00:00+08:00,74.15847843208888,0.0,0.0,58.332586870873705,0.0,0.0,37.09092074390488,0.0,0.0,18.46488220345234,1.0,0.0,100.0,0.0,24.0,285.9352260177063,522.5
10,w0_storm_main_bus,81,2026-02-06 09:00:00+08:00,94.40346012468815,0.0,0.0,13.512630073444598,0.0,0.0,37.24650239532772,0.0,0.0,16.79812591889912,1.0,0.0,100.0,0.0,0.0,224.532502995734,522.5
10,w0_storm_main_bus,82,2026-02-06 10:00:00+08:00,35.47483390793267,0.0,0.0,86.65786448615555,0.0,0.0,37.923167947448135,0.0,0.0,19.198448243400055,1.0,0.0,100.0,10.199925111824054,0.0,210.30868186579232,522.5
10,w0_storm_main_bus,83,2026-02-06 11:00:00+08:00,125.6124058870775,0.0,0.0,0.0,0.0,0.0,37.22848025960789,0.0,0.0,0.0,1.0,0.0,150.2725934184022,0.0,50.577336806078605,119.08987714352335,522.5
10,w0_storm_main_bus,84,2026-02-06 12:00:00+08:00,81.79066203082705,0.0,0.0,0.0,0.0,0.0,36.88832826023798,0.0,0.0,0.0,1.0,0.0,180.02862835482466,0.0,28.0,119.08987714352335,522.5
10,w0_storm_main_bus,85,2026-02-06 13:00:00+08:00,148.15442765511028,0.0,0.0,0.0,0.0,0.0,36.92364416398846,0.0,0.0,0.0,1.0,0.0,131.56832564103755,0.0,48.09008943545288,119.08987714352335,522.5
10,w0_storm_main_bus,86,2026-02-06 14:00:00+08:00,105.12888335414912,0.0,0.0,0.0,0.0,0.0,35.385625879467604,0.0,0.0,0.0,1.0,0.0,153.75675783730097,0.0,23.373125214311553,119.08987714352335,522.5
10,w0_storm_main_bus,87,2026-02-06 15:00:00+08:00,83.47241313497469,0.0,0.0,0.0,0.0,0.0,35.900391657119926,0.0,0.0,0.0,1.0,0.0,176.98599276519937,0.0,29.86370330515627,119.08987714352335,522.5
10,w0_storm_main_bus,88,2026-02-06 16:00:00+08:00,91.32963686942165,0.0,0.0,0.0,0.0,0.0,35.94250599796858,0.0,0.0,0.0,1.0,0.0,167.2547868135245,0.0,30.0,119.08987714352335,522.5
10,w0_storm_main_bus,89,2026-02-06 17:00:00+08:00,95.18919505972578,0.0,0.0,0.0,0.0,0.0,33.39593366359448,0.0,0.0,0.0,1.0,0.0,155.74279917820755,0.0,29.86370330515627,119.08987714352335,522.5
10,w0_storm_main_bus,90,2026-02-06 18:00:00+08:00,71.85531209776492,0.0,0.0,0.0,0.0,0.0,33.4846750067749,0.0,0.0,0.0,1.0,0.0,200.0,0.0,59.022295182749794,119.08987714352335,522.5
10,w0_storm_main_bus,91,2026-02-06 19:00:00+08:00,56.27767159256493,0.0,0.0,0.0,0.0,0.0,34.644972410150345,0.0,0.0,0.0,1.0,0.0,200.0,0.0,37.80781819649292,119.08987714352335,522.5
10,w0_storm_main_bus,92,2026-02-06 20:00:00+08:00,74.32291397010842,0.0,0.0,0.0,0.0,0.0,34.392915142481286,0.0,0.0,0.0,1.0,0.0,180.21693063032663,0.0,45.67391895444446,119.08987714352335,522.5
10,w0_storm_main_bus,93,2026-02-06 21:00:00+08:00,65.87016034480183,0.0,0.0,0.0,0.0,0.0,31.597375263559435,0.0,0.0,0.0,1.0,0.0,157.21822808808975,0.0,17.008706882049307,119.08987714352335,522.5
10,w0_storm_main_bus,94,2026-02-06 22:00:00+08:00,104.19617247844218,0.0,0.0,0.0,0.0,0.0,33.415106712196106,0.0,0.0,0.0,1.0,0.0,162.74733699490668,5.958413054347062,60.0,119.08987714352335,522.5
10,w0_storm_main_bus,95,2026-02-06 23:00:00+08:00,88.04182442949815,0.0,0.0,1.0,0.0,0.0,34.67699502373474,0.0,0.0,7.195830743751262,1.0,0.0,100.0,0.0,0.0,119.08987714352335,522.5
11,w0_storm_compound,24,2026-02-04 00:00:00+08:00,48.02796335377962,0.0,0.0,0.0,0.0,0.0,34.68843374320883,0.0,0.0,5.350091469282642,1.0,0.0,200.0,0.0,51.11857205583587,240.99442154154275,522.5
11,w0_storm_compound,25,2026-02-04 01:00:00+08:00,83.83404685985786,0.0,78.12047948135086,0.0,0.0,0.0,34.91560103527593,0.0,0.0,13.292435959186626,1.0,0.0,200.0,0.0,23.17157287525381,240.99442154154275,522.5
11,w0_storm_compound,26,2026-02-04 02:00:00+08:00,21.559696119386004,0.0,1.0,0.0,0.0,0.0,35.01630202299253,0.0,0.0,1.0873107133461168,1.0,0.0,200.0,0.0,22.535898384862247,315.208877048826,522.5
11,w0_storm_compound,27,2026-02-04 03:00:00+08:00,42.850672297273974,0.0,0.0,0.0,0.0,0.0,34.684492458268295,0.0,0.0,0.0,1.0,0.0,200.0,0.0,40.86099856233469,316.15887704882607,522.5
11,w0_storm_compound,28,2026-02-04 04:00:00+08:00,62.88926772660992,0.0,33.66823082915187,0.0,0.0,0.0,34.72185360833212,0.0,0.0,0.0,1.0,0.0,200.0,0.0,22.0,316.15887704882607,522.5
11,w0_storm_compound,29,2026-02-04 05:00:00+08:00,107.93968384366997,0.0,47.06790069820518,0.0,0.0,0.0,36.19632409290835,0.0,0.0,0.0,1.0,0.0,200.0,0.0,47.10102051443364,348.14369633652035,522.5
11,w0_storm_compound,30,2026-02-04 06:00:00+08:00,42.555047365334254,0.0,0.0,0.0,0.0,0.0,36.632657084949926,0.0,0.0,0.0,1.0,0.0,200.0,0.0,23.719077441785807,392.85820199981526,522.5
11,w0_storm_compound,31,2026-02-04 07:00:00+08:00,99.65018453972267,0.0,0.0,3.3943118193056954,0.0,0.0,36.868777429653285,0.0,0.0,16.9535732718637,1.0,0.0,100.0,0.0,0.0,392.85820199981526,522.5
11,w0_storm_compound,32,2026-02-04 08:00:00+08:00,69.22305078005398,0.0,0.0,40.74955008855255,0.0,0.0,36.49128447861586,0.0,0.0,17.410853760727743,1.0,0.0,100.0,0.0,0.0,389.2852421900198,522.5
11,w0_storm_compound,33,2026-02-04 09:00:00+08:00,137.8966039158273,0.0,1.0,0.0,0.0,0.0,37.099637509706646,0.0,0.0,16.248091496766506,1.0,0.0,100.0,0.0,24.964723819589917,346.39097893891187,522.5
11,w0_storm_compound,34,2026-02-04 10:00:00+08:00,74.42599994309165,0.0,0.0,38.910179142183495,0.0,0.0,37.90792519052057,0.0,0.0,19.58297453158087,1.0,0.0,100.0,0.0,0.0,347.34097893891186,522.5
11,w0_storm_compound,35,2026-02-04 11:00:00+08:00,57.104066697072234,0.0,1.0,0.0,0.0,0.0,36.91815880473454,0.0,0.0,1.2364382360224653,1.0,0.0,200.0,0.0,27.035276180410047,306.38289563135027,522.5
11,w0_storm_compound,36,2026-02-04 12:00:00+08:00,97.43307399625046,0.0,0.0,0.0,0.0,0.0,36.24505743567419,0.0,0.0,0.0,1.0,0.0,186.83590484312714,0.0,51.17157287525381,307.33289563135025,522.5
11,w0_storm_compound,37,2026-02-04 13:00:00+08:00,73.9487821844907,0.0,1.0,0.0,0.0,0.0,37.35462409559097,0.0,0.0,0.0,1.0,0.0,185.93741772751596,0.0,28.828427124746163,307.33289563135025,522.5
11,w0_storm_compound,38,2026-02-04 14:00:00+08:00,96.04667927732076,0.0,57.25032739005091,0.0,0.0,0.0,36.27669630055959,0.0,0.0,17.263008429375574,1.0,0.0,200.0,0.0,29.464101615137725,308.28289563135024,522.5
11,w0_storm_compound,39,2026-02-04 15:00:00+08:00,84.46738167677425,0.0,0.0,0.0,0.0,0.0,35.75297225202479,0.0,0.0,0.0,1.0,0.0,174.88217233431826,0.0,29.86370330515626,362.6707066518986,522.5
11,w0_storm_compound,40,2026-02-04 16:00:00+08:00,80.63211528197043,0.0,2.761395141642332,0.0,0.0,0.0,34.02464410588767,0.0,0.0,0.0,1.0,0.0,200.0,0.0,54.0,362.6707066518986,522.5
11,w0_storm_compound,41,2026-02-04 17:00:00+08:00,107.66039416117357,0.0,0.0,0.0,0.0,0.0,33.984091870280785,0.0,0.0,17.777068454611502,1.0,0.0,153.78412832402628,0.0,55.86370330515627,365.2940320364588,522.5
11,w0_storm_compound,42,2026-02-04 18:00:00+08:00,47.89177858574511,0.0,1.0,0.0,0.0,0.0,33.76466304286411,0.0,0.0,2.7255500544270745,1.0,0.0,200.0,0.0,29.464101615137757,365.2940320364588,522.5
11,w0_storm_compound,43,2026-02-04 19:00:00+08:00,92.40627275359736,0.0,45.41881687037717,0.0,0.0,0.0,34.735004235592555,0.0,0.0,0.0,1.0,0.0,200.0,0.0,28.828427124746216,366.2440320364588,522.5
11,w0_storm_compound,44,2026-02-04 20:00:00+08:00,94.49133838480533,0.0,21.470305299193523,0.0,0.0,0.0,32.45110954148701,0.0,0.0,0.0,1.0,0.0,158.62873270123703,0.0,28.0,409.39190806331715,522.5
11,w0_storm_compound,45,2026-02-04 21:00:00+08:00,60.241985050262386,0.0,39.36670968414061,0.0,0.0,0.0,33.75676043072038,0.0,0.0,14.779606158709342,1.0,0.0,200.0,0.0,27.035276180410087,429.788698097551,522.5
11,w0_storm_compound,46,2026-02-04 22:00:00+08:00,66.51638221660272,0.0,0.0,0.0,0.0,0.0,34.41959567486781,0.0,0.0,0.0,1.0,0.0,168.32935729566364,0.0,26.0,467.1870722974846,522.5
11,w0_storm_compound,47,2026-02-04 23:00:00+08:00,72.29642643886751,0.0,59.860341728118655,0.0,0.0,0.0,34.65730784212104,0.0,0.0,14.04865310747628,1.0,0.0,200.0,0.0,24.964723819589917,467.1870722974846,522.5
11,w0_storm_compound,48,2026-02-05 00:00:00+08:00,63.16356614439167,0.0,34.38720565801748,0.0,0.0,0.0,35.1100488963602,0.0,0.0,0.0,1.0,-0.0,200.0,0.0,24.0,524.0543969391973,522.5
11,w0_storm_compound,49,2026-02-05 01:00:00+08:00,67.0460936453506,0.0,51.900687253783744,0.0,0.0,0.0,33.38215622484842,0.0,0.0,0.0,1.0,-0.0,200.0,0.0,23.17157287525386,556.7222423143139,522.5
11,w0_storm_compound,50,2026-02-05 02:00:00+08:00,63.778663221215865,0.0,0.0,0.0,0.0,0.0,35.77247842718687,0.0,0.0,0.0,1.0,-0.0,158.40612216700754,0.0,22.535898384862247,606.0278952054084,522.5
11,w0_storm_compound,51,2026-02-05 03:00:00+08:00,70.0,0.0,47.91142641081342,0.0,0.0,0.0,36.28076794610962,0.0,0.0,0.0,1.0,-0.0,200.0,0.0,22.136296694843725,606.0278952054084,522.5
11,w0_storm_compound,52,2026-02-05 04:00:00+08:00,66.17610262689055,0.0,37.1562407995619,0.0,0.0,0.0,35.45369296349774,0.0,0.0,0.0,1.0,-0.0,200.0,0.0,22.0,651.5437502956812,522.5
11,w0_storm_compound,53,2026-02-05 05:00:00+08:00,62.69214554137138,0.0,1.0,0.0,0.0,0.0,37.42252213948602,0.0,0.0,0.0,1.0,-0.0,167.08267152270253,0.0,22.136296694843725,686.842179055265,522.5
11,w0_storm_compound,54,2026-02-05 06:00:00+08:00,70.0,0.0,29.113993854218165,0.0,0.0,0.0,36.930027841145986,0.0,0.0,0.0,1.0,-0.0,200.0,0.0,22.535898384862247,687.792179055265,522.5
11,w0_storm_compound,55,2026-02-05 07:00:00+08:00,66.91994613238938,0.0,1.0,0.0,0.0,0.0,37.93715091183955,0.0,0.0,0.0,1.0,-0.0,175.23649609776024,0.0,23.17157287525381,715.4504732167723,522.5
11,w0_storm_compound,56,2026-02-05 08:00:00+08:00,70.0,0.0,1.0,0.0,0.0,0.0,38.460679103982564,0.0,0.0,0.0,1.0,-0.0,175.1309055212656,0.0,24.0,716.4004732167723,522.5
11,w0_storm_compound,57,2026-02-05 09:00:00+08:00,64.96905503411166,0.0,15.6223211948872,0.0,0.0,0.0,38.38205518538873,0.0,0.0,0.0,1.0,-0.0,200.0,0.0,24.964723819589917,717.3504732167723,522.5
11,w0_storm_compound,58,2026-02-05 10:00:00+08:00,65.51862051804498,0.0,13.614075832954569,0.0,0.0,0.0,37.56011437204766,0.0,0.0,0.0,1.0,-0.0,200.0,0.0,26.0,732.1916783519151,522.5
11,w0_storm_compound,59,2026-02-05 11:00:00+08:00,64.60670407639905,0.0,5.131525901871772,0.0,0.0,0.0,36.85251261535652,0.0,0.0,0.0,1.0,-0.0,200.0,0.0,27.035276180410083,745.125050393222,522.5
11,w0_storm_compound,60,2026-02-05 12:00:00+08:00,0.0,0.0,0.0,42.469115076230196,0.0,0.0,37.418626095065356,0.0,0.0,18.46521017687115,1.0,-0.0,200.0,0.0,28.0,750.0,522.5
11,w0_storm_compound,61,2026-02-05 13:00:00+08:00,0.0,0.0,0.0,48.65672951639087,0.0,0.0,36.43633984515527,0.0,0.0,18.41068465135799,1.0,-0.0,200.0,0.0,28.82842712474619,705.2956683408104,522.5
11,w0_storm_compound,62,2026-02-05 14:00:00+08:00,0.0,0.0,0.0,42.9131593653246,0.0,0.0,35.69261326080196,0.0,0.0,18.761985456746288,1.0,-0.0,200.0,0.0,29.464101615137753,654.0780583235569,522.5
11,w0_storm_compound,63,2026-02-05 15:00:00+08:00,0.0,0.0,0.0,37.15503183139475,0.0,0.0,36.02961191418321,0.0,0.0,19.252931630740648,1.0,-0.0,200.0,0.0,29.86370330515627,608.9063116232152,522.5
11,w0_storm_compound,64,2026-02-05 16:00:00+08:00,0.0,0.0,0.0,36.8207486674649,0.0,0.0,34.51720185627605,0.0,0.0,18.988552935035436,1.0,-0.0,200.0,0.0,30.0,569.7957518006943,522.5
11,w0_storm_compound,65,2026-02-05 17:00:00+08:00,0.0,0.0,0.0,51.448571639851345,0.0,0.0,33.372558631361784,0.0,0.0,0.0,1.0,-0.0,200.0,0.0,29.86370330515627,531.0370689928366,522.5
11,w0_storm_compound,66,2026-02-05 18:00:00+08:00,0.0,0.0,0.0,34.69084796273353,0.0,0.0,34.29995200360956,0.0,0.0,18.132423807913742,1.0,-0.0,200.0,0.0,29.464101615137757,476.880677792993,522.5
11,w0_storm_compound,67,2026-02-05 19:00:00+08:00,0.0,0.0,0.0,7.214140437589965,0.0,0.0,32.847272221003365,0.0,0.0,17.218103472044223,1.0,-0.0,200.0,0.0,11.64987858323919,440.36399572695774,522.5
11,w0_storm_compound,68,2026-02-05 20:00:00+08:00,0.0,0.0,0.0,6.0796639014791936,0.0,0.0,32.37127122507556,0.0,0.0,0.0,1.0,-0.0,200.0,0.0,0.0,432.77016368738936,522.5
11,w0_storm_compound,69,2026-02-05 21:00:00+08:00,0.0,0.0,0.0,13.951155869539008,0.0,0.0,33.04146854371466,0.0,0.0,13.772895541591822,1.0,-0.0,200.0,0.0,27.035276180410083,426.370517475306,522.5
11,w0_storm_compound,70,2026-02-05 22:00:00+08:00,0.0,0.0,0.0,16.763312032062927,0.0,0.0,32.41286286695189,0.0,0.0,15.652406253708147,1.0,-0.0,200.0,0.0,26.0,411.6850902442123,522.5
11,w0_storm_compound,71,2026-02-05 23:00:00+08:00,0.0,0.0,0.0,22.218779974528267,0.0,0.0,33.36262260485225,0.0,0.0,0.22726992444269456,1.0,-0.0,200.0,0.0,24.964723819589917,394.03949863151445,522.5
11,w0_storm_compound,72,2026-02-06 00:00:00+08:00,60.03195203157863,0.0,0.0,0.0,0.0,0.0,32.3906475148368,0.0,0.0,0.0,1.0,-0.0,168.57215029566805,0.0,24.0,370.65130918464257,522.5
11,w0_storm_compound,73,2026-02-06 01:00:00+08:00,63.32778503469494,0.0,0.0,0.0,0.0,0.0,35.20391380940819,0.0,0.0,0.0,1.0,-0.0,158.84890339453594,0.0,23.17157287525381,370.65130918464257,522.5
11,w0_storm_compound,74,2026-02-06 02:00:00+08:00,67.87390036972283,0.0,0.0,0.0,0.0,0.0,35.40192498691937,0.0,0.0,3.959895731672498,1.0,-0.0,155.4046785738626,0.0,22.535898384864,370.65130918464257,522.5
11,w0_storm_compound,75,2026-02-06 03:00:00+08:00,70.0,0.0,0.0,13.326081045555389,0.0,0.0,36.113218488293626,0.0,0.0,13.257378771531773,1.0,-0.0,100.0,0.0,0.0,370.65130918464257,522.5
11,w0_storm_compound,76,2026-02-06 04:00:00+08:00,67.4397267820387,0.0,0.0,20.291045304220134,0.0,0.0,35.160222114932886,0.0,0.0,14.187500597903043,1.0,-0.0,100.0,0.0,0.0,356.623855452479,522.5
11,w0_storm_compound,77,2026-02-06 05:00:00+08:00,67.20966585517859,0.0,0.0,48.32109203314541,0.0,0.0,35.18845284123669,0.0,0.0,16.37722134793758,1.0,-0.0,100.0,0.0,22.136296694843725,335.2648603954052,522.5
11,w0_storm_compound,78,2026-02-06 06:00:00+08:00,125.32351041740993,0.0,0.0,0.0,0.0,0.0,36.83187918698677,0.0,0.0,16.260159640619904,1.0,0.0,94.03978737976827,0.0,22.535898384862247,284.4005529920942,522.5
11,w0_storm_compound,79,2026-02-06 07:00:00+08:00,128.453063598412,0.0,0.0,0.0,0.0,0.0,37.41590744914075,0.0,0.0,15.286857320761486,1.0,0.0,96.8118017832808,0.0,23.17157287525381,284.4005529920942,522.5
11,w0_storm_compound,80,2026-02-06 08:00:00+08:00,74.15847843208888,0.0,0.0,34.33258687087371,0.0,0.0,37.09092074390488,0.0,0.0,18.464882203452333,1.0,0.0,100.0,0.0,0.0,284.4005529920942,522.5
11,w0_storm_compound,81,2026-02-06 09:00:00+08:00,94.40346012468815,0.0,0.0,13.512630073444571,0.0,0.0,37.24650239532772,0.0,0.0,16.79812591889912,1.0,0.0,100.0,0.0,0.0,248.26098786485875,522.5
11,w0_storm_compound,82,2026-02-06 10:00:00+08:00,35.47483390793267,0.0,0.0,110.19992511182404,0.0,0.0,37.923167947448135,0.0,0.0,19.198448243400055,1.0,0.0,100.0,10.199925111824045,23.542060625668523,234.0371667349171,522.5
11,w0_storm_compound,83,2026-02-06 11:00:00+08:00,125.6124058870775,0.0,0.0,0.0,0.0,0.0,37.22848025960789,0.0,0.0,0.0,1.0,0.0,126.73053279273367,0.0,27.035276180410083,118.03724556457598,522.5
11,w0_storm_compound,84,2026-02-06 12:00:00+08:00,81.79066203082705,0.0,0.0,0.0,0.0,0.0,36.88832826023798,0.0,0.0,12.028628354824676,1.0,0.0,200.0,0.0,60.0,118.03724556457598,522.5
11,w0_storm_compound,85,2026-02-06 13:00:00+08:00,148.15442765511028,0.0,0.0,0.0,0.0,0.0,36.92364416398846,0.0,0.0,0.0,1.0,0.0,112.30666333033085,0.0,28.82842712474619,118.03724556457598,522.5
11,w0_storm_compound,86,2026-02-06 14:00:00+08:00,105.12888335414912,0.0,0.0,0.0,0.0,0.0,35.385625879467604,0.0,0.0,0.0,1.0,0.0,153.75675783730097,0.0,23.373125214311553,118.03724556457598,522.5
11,w0_storm_compound,87,2026-02-06 15:00:00+08:00,83.47241313497469,0.0,0.0,0.0,0.0,0.0,35.900391657119926,0.0,0.0,0.0,1.0,0.0,194.65991171964384,0.0,47.53762225960074,118.03724556457598,522.5
11,w0_storm_compound,88,2026-02-06 16:00:00+08:00,91.32963686942165,0.0,0.0,0.0,0.0,0.0,35.94250599796858,0.0,0.0,0.0,1.0,0.0,167.2547868135245,0.0,30.0,118.03724556457598,522.5
11,w0_storm_compound,89,2026-02-06 17:00:00+08:00,95.18919505972578,0.0,0.0,0.0,0.0,0.0,33.39593366359448,0.0,0.0,0.0,1.0,0.0,183.74279917820758,0.0,57.86370330515627,118.03724556457598,522.5
11,w0_storm_compound,90,2026-02-06 18:00:00+08:00,71.85531209776492,0.0,0.0,0.0,0.0,0.0,33.4846750067749,0.0,0.0,0.0,1.0,0.0,200.0,0.0,59.0222951827498,118.03724556457598,522.5
11,w0_storm_compound,91,2026-02-06 19:00:00+08:00,56.27767159256493,0.0,0.0,0.0,0.0,0.0,34.644972410150345,0.0,0.0,0.0,1.0,0.0,191.02060892825327,0.0,28.82842712474619,118.03724556457598,522.5
11,w0_storm_compound,92,2026-02-06 20:00:00+08:00,74.32291397010842,0.0,0.0,0.0,0.0,0.0,34.392915142481286,0.0,0.0,0.0,1.0,0.0,176.4133489292027,0.0,41.87033725332056,118.03724556457598,522.5
11,w0_storm_compound,93,2026-02-06 21:00:00+08:00,65.87016034480183,0.0,0.0,0.0,0.0,0.0,31.597375263559435,0.0,0.0,0.0,1.0,0.0,169.80330688157463,0.0,29.593785675534182,118.03724556457598,522.5
11,w0_storm_compound,94,2026-02-06 22:00:00+08:00,104.19617247844218,0.0,0.0,0.0,0.0,0.0,33.415106712196106,0.0,0.0,0.0,1.0,0.0,122.78892394055958,0.0,26.0,118.03724556457598,522.5
11,w0_storm_compound,95,2026-02-06 23:00:00+08:00,88.04182442949815,0.0,0.0,0.0,0.0,0.0,34.67699502373474,0.0,0.0,13.98333629465205,1.0,0.0,99.60388953278647,5.391395083687257,0.0,118.03724556457598,522.5
12,w0_storm_pcs,24,2026-02-04 00:00:00+08:00,48.02796335377962,0.0,0.0,0.0,0.0,0.0,34.68843374320883,0.0,0.0,5.350091469282642,1.0,0.0,200.0,0.0,51.11857205583587,240.99442154154275,522.5
12,w0_storm_pcs,25,2026-02-04 01:00:00+08:00,83.83404685985786,0.0,78.12047948135086,0.0,0.0,0.0,34.91560103527593,0.0,0.0,13.292435959186626,1.0,0.0,200.0,0.0,23.17157287525381,240.99442154154275,522.5
12,w0_storm_pcs,26,2026-02-04 02:00:00+08:00,21.559696119386004,0.0,1.0,0.0,0.0,0.0,35.01630202299253,0.0,0.0,1.0873107133461168,1.0,0.0,200.0,0.0,22.535898384862247,315.208877048826,522.5
12,w0_storm_pcs,27,2026-02-04 03:00:00+08:00,42.850672297273974,0.0,0.0,0.0,0.0,0.0,34.684492458268295,0.0,0.0,0.0,1.0,0.0,200.0,0.0,40.86099856233469,316.15887704882607,522.5
12,w0_storm_pcs,28,2026-02-04 04:00:00+08:00,62.88926772660992,0.0,33.66823082915187,0.0,0.0,0.0,34.72185360833212,0.0,0.0,0.0,1.0,0.0,200.0,0.0,22.0,316.15887704882607,522.5
12,w0_storm_pcs,29,2026-02-04 05:00:00+08:00,107.93968384366997,0.0,47.06790069820518,0.0,0.0,0.0,36.19632409290835,0.0,0.0,0.0,1.0,0.0,200.0,0.0,47.10102051443364,348.14369633652035,522.5
12,w0_storm_pcs,30,2026-02-04 06:00:00+08:00,42.555047365334254,0.0,0.0,0.0,0.0,0.0,36.632657084949926,0.0,0.0,0.0,1.0,0.0,200.0,0.0,23.719077441785807,392.85820199981526,522.5
12,w0_storm_pcs,31,2026-02-04 07:00:00+08:00,99.65018453972267,0.0,0.0,3.3943118193056954,0.0,0.0,36.868777429653285,0.0,0.0,16.9535732718637,1.0,0.0,100.0,0.0,0.0,392.85820199981526,522.5
12,w0_storm_pcs,32,2026-02-04 08:00:00+08:00,69.22305078005398,0.0,0.0,40.74955008855255,0.0,0.0,36.49128447861586,0.0,0.0,17.410853760727743,1.0,0.0,100.0,0.0,0.0,389.2852421900198,522.5
12,w0_storm_pcs,33,2026-02-04 09:00:00+08:00,137.8966039158273,0.0,1.0,0.0,0.0,0.0,37.099637509706646,0.0,0.0,16.248091496766506,1.0,0.0,100.0,0.0,24.964723819589917,346.39097893891187,522.5
12,w0_storm_pcs,34,2026-02-04 10:00:00+08:00,74.42599994309165,0.0,0.0,38.910179142183495,0.0,0.0,37.90792519052057,0.0,0.0,19.58297453158087,1.0,0.0,100.0,0.0,0.0,347.34097893891186,522.5
12,w0_storm_pcs,35,2026-02-04 11:00:00+08:00,57.104066697072234,0.0,1.0,0.0,0.0,0.0,36.91815880473454,0.0,0.0,1.2364382360224653,1.0,0.0,200.0,0.0,27.035276180410047,306.38289563135027,522.5
12,w0_storm_pcs,36,2026-02-04 12:00:00+08:00,97.43307399625046,0.0,0.0,0.0,0.0,0.0,36.24505743567419,0.0,0.0,0.0,1.0,0.0,186.83590484312714,0.0,51.17157287525381,307.33289563135025,522.5
12,w0_storm_pcs,37,2026-02-04 13:00:00+08:00,73.9487821844907,0.0,1.0,0.0,0.0,0.0,37.35462409559097,0.0,0.0,0.0,1.0,0.0,185.93741772751596,0.0,28.828427124746163,307.33289563135025,522.5
12,w0_storm_pcs,38,2026-02-04 14:00:00+08:00,96.04667927732076,0.0,57.25032739005091,0.0,0.0,0.0,36.27669630055959,0.0,0.0,17.263008429375574,1.0,0.0,200.0,0.0,29.464101615137725,308.28289563135024,522.5
12,w0_storm_pcs,39,2026-02-04 15:00:00+08:00,84.46738167677425,0.0,0.0,0.0,0.0,0.0,35.75297225202479,0.0,0.0,0.0,1.0,0.0,174.88217233431826,0.0,29.86370330515626,362.6707066518986,522.5
12,w0_storm_pcs,40,2026-02-04 16:00:00+08:00,80.63211528197043,0.0,2.761395141642332,0.0,0.0,0.0,34.02464410588767,0.0,0.0,0.0,1.0,0.0,200.0,0.0,54.0,362.6707066518986,522.5
12,w0_storm_pcs,41,2026-02-04 17:00:00+08:00,107.66039416117357,0.0,0.0,0.0,0.0,0.0,33.984091870280785,0.0,0.0,17.777068454611502,1.0,0.0,153.78412832402628,0.0,55.86370330515627,365.2940320364588,522.5
12,w0_storm_pcs,42,2026-02-04 18:00:00+08:00,47.89177858574511,0.0,1.0,0.0,0.0,0.0,33.76466304286411,0.0,0.0,2.7255500544270745,1.0,0.0,200.0,0.0,29.464101615137757,365.2940320364588,522.5
12,w0_storm_pcs,43,2026-02-04 19:00:00+08:00,92.40627275359736,0.0,45.41881687037717,0.0,0.0,0.0,34.735004235592555,0.0,0.0,0.0,1.0,0.0,200.0,0.0,28.828427124746216,366.2440320364588,522.5
12,w0_storm_pcs,44,2026-02-04 20:00:00+08:00,94.49133838480533,0.0,21.470305299193523,0.0,0.0,0.0,32.45110954148701,0.0,0.0,0.0,1.0,0.0,158.62873270123703,0.0,28.0,409.39190806331715,522.5
12,w0_storm_pcs,45,2026-02-04 21:00:00+08:00,60.241985050262386,0.0,39.36670968414061,0.0,0.0,0.0,33.75676043072038,0.0,0.0,14.779606158709342,1.0,0.0,200.0,0.0,27.035276180410087,429.788698097551,522.5
12,w0_storm_pcs,46,2026-02-04 22:00:00+08:00,66.51638221660272,0.0,0.0,0.0,0.0,0.0,34.41959567486781,0.0,0.0,0.0,1.0,0.0,168.32935729566364,0.0,26.0,467.1870722974846,522.5
12,w0_storm_pcs,47,2026-02-04 23:00:00+08:00,72.29642643886751,0.0,59.860341728118655,0.0,0.0,0.0,34.65730784212104,0.0,0.0,14.04865310747628,1.0,0.0,200.0,0.0,24.964723819589917,467.1870722974846,522.5
12,w0_storm_pcs,48,2026-02-05 00:00:00+08:00,63.16356614439167,0.0,34.38720565801748,0.0,0.0,0.0,35.1100488963602,0.0,0.0,0.0,1.0,0.0,200.0,0.0,24.0,524.0543969391973,522.5
12,w0_storm_pcs,49,2026-02-05 01:00:00+08:00,67.0460936453506,0.0,51.900687253783744,0.0,0.0,0.0,33.38215622484842,0.0,0.0,0.0,1.0,0.0,200.0,0.0,23.17157287525386,556.7222423143139,522.5
12,w0_storm_pcs,50,2026-02-05 02:00:00+08:00,63.778663221215865,0.0,0.0,0.0,0.0,0.0,35.77247842718687,0.0,0.0,0.0,1.0,0.0,158.40612216700754,0.0,22.535898384862247,606.0278952054084,522.5
12,w0_storm_pcs,51,2026-02-05 03:00:00+08:00,70.0,0.0,47.91142641081342,0.0,0.0,0.0,36.28076794610962,0.0,0.0,0.0,1.0,0.0,200.0,0.0,22.136296694843725,606.0278952054084,522.5
12,w0_storm_pcs,52,2026-02-05 04:00:00+08:00,66.17610262689055,0.0,37.1562407995619,0.0,0.0,0.0,35.45369296349774,0.0,0.0,0.0,1.0,0.0,200.0,0.0,22.0,651.5437502956812,522.5
12,w0_storm_pcs,53,2026-02-05 05:00:00+08:00,62.69214554137138,0.0,1.0,0.0,0.0,0.0,37.42252213948602,0.0,0.0,0.0,1.0,0.0,167.08267152270253,0.0,22.136296694843725,686.842179055265,522.5
12,w0_storm_pcs,54,2026-02-05 06:00:00+08:00,70.0,0.0,29.113993854218165,0.0,0.0,0.0,36.930027841145986,0.0,0.0,0.0,1.0,0.0,200.0,0.0,22.535898384862247,687.792179055265,522.5
12,w0_storm_pcs,55,2026-02-05 07:00:00+08:00,66.91994613238938,0.0,1.0,0.0,0.0,0.0,37.93715091183955,0.0,0.0,0.0,1.0,0.0,175.23649609776024,0.0,23.17157287525381,715.4504732167723,522.5
12,w0_storm_pcs,56,2026-02-05 08:00:00+08:00,70.0,0.0,1.0,0.0,0.0,0.0,38.460679103982564,0.0,0.0,0.0,1.0,0.0,175.1309055212656,0.0,24.0,716.4004732167723,522.5
12,w0_storm_pcs,57,2026-02-05 09:00:00+08:00,64.96905503411166,0.0,15.6223211948872,0.0,0.0,0.0,38.38205518538873,0.0,0.0,0.0,1.0,0.0,200.0,0.0,24.964723819589917,717.3504732167723,522.5
12,w0_storm_pcs,58,2026-02-05 10:00:00+08:00,65.51862051804498,0.0,13.614075832954569,0.0,0.0,0.0,37.56011437204766,0.0,0.0,0.0,1.0,0.0,200.0,0.0,26.0,732.1916783519151,522.5
12,w0_storm_pcs,59,2026-02-05 11:00:00+08:00,64.60670407639905,0.0,5.131525901871772,0.0,0.0,0.0,36.85251261535652,0.0,0.0,0.0,1.0,0.0,200.0,0.0,27.035276180410083,745.125050393222,522.5
12,w0_storm_pcs,60,2026-02-05 12:00:00+08:00,63.20869052393125,0.0,0.0,0.0,0.0,0.0,37.418626095065356,0.0,0.0,18.46521017687115,1.0,-0.0,179.26042455229896,0.0,28.0,750.0,522.5
12,w0_storm_pcs,61,2026-02-05 13:00:00+08:00,62.88543591605395,0.0,0.0,0.0,0.0,0.0,36.43633984515527,0.0,0.0,18.41068465135799,1.0,-0.0,185.77129360033695,0.0,28.82842712474619,750.0,522.5
12,w0_storm_pcs,62,2026-02-05 14:00:00+08:00,68.58435120616952,0.0,0.0,0.0,0.0,0.0,35.69261326080196,0.0,0.0,0.0,1.0,-0.0,193.09079361590136,0.0,29.464101615137753,750.0,522.5
12,w0_storm_pcs,63,2026-02-05 15:00:00+08:00,66.99606003434437,0.0,0.0,0.0,0.0,0.0,36.02961191418321,0.0,0.0,0.0,1.0,-0.0,189.41190342779137,0.0,29.86370330515627,750.0,522.5
12,w0_storm_pcs,64,2026-02-05 16:00:00+08:00,70.0,0.0,0.0,0.0,0.0,0.0,34.51720185627605,0.0,0.0,18.988552935035436,1.0,-0.0,166.82074866746487,0.0,30.0,750.0,522.5
12,w0_storm_pcs,65,2026-02-05 17:00:00+08:00,64.21895857339183,0.0,0.0,0.0,0.0,0.0,33.372558631361784,0.0,0.0,19.222150636220476,1.0,-0.0,168.0074624302391,0.0,29.863703305156125,750.0,522.5
12,w0_storm_pcs,66,2026-02-05 18:00:00+08:00,64.94949497272559,0.0,0.0,0.0,0.0,0.0,34.29995200360956,0.0,0.0,18.132423807913742,1.0,-0.0,169.74135299000784,0.0,29.464101615137757,750.0,522.5
12,w0_storm_pcs,67,2026-02-05 19:00:00+08:00,68.18578141586526,0.0,0.0,0.0,0.0,0.0,32.847272221003365,0.0,0.0,17.218103472044223,1.0,-0.0,156.20690756323168,0.0,28.82842712474619,750.0,522.5
12,w0_storm_pcs,68,2026-02-05 20:00:00+08:00,70.0,0.0,0.0,0.0,0.0,0.0,32.37127122507556,0.0,0.0,15.310062476641377,1.0,-0.0,148.76960142483784,0.0,28.0,750.0,522.5
12,w0_storm_pcs,69,2026-02-05 21:00:00+08:00,66.49684954532208,0.0,0.0,0.0,0.0,0.0,33.04146854371466,0.0,0.0,13.772895541591822,1.0,-0.0,147.45430632421693,0.0,27.035276180410083,750.0,522.5
12,w0_storm_pcs,70,2026-02-05 22:00:00+08:00,63.04837590243521,0.0,0.0,0.0,0.0,0.0,32.41286286695189,0.0,0.0,15.652406253708147,1.0,-0.0,153.7149361296277,0.0,26.0,750.0,522.5
12,w0_storm_pcs,71,2026-02-05 23:00:00+08:00,66.88010735511183,0.0,0.0,0.0,0.0,0.0,33.36262260485225,0.0,0.0,3.70997389906778,1.0,-0.0,151.85596864479191,0.0,24.964723819589917,750.0,522.5
12,w0_storm_pcs,72,2026-02-06 00:00:00+08:00,60.03195203157863,0.0,0.0,53.9622886324659,0.0,0.0,32.3906475148368,0.0,0.0,14.609861663202155,1.0,-0.0,100.0,0.0,24.0,750.0,522.5
12,w0_storm_pcs,73,2026-02-06 01:00:00+08:00,63.32778503469494,0.0,0.0,45.078679913846,0.0,0.0,35.20391380940819,0.0,0.0,13.770223480689946,1.0,-0.0,100.0,0.0,23.17157287525381,693.197590913194,522.5
12,w0_storm_pcs,74,2026-02-06 02:00:00+08:00,67.87390036972283,0.0,0.0,44.397470648920105,0.0,0.0,35.40192498691937,0.0,0.0,14.967103656615029,1.0,-0.0,100.0,0.0,22.535898384862247,645.7463488986192,522.5
12,w0_storm_pcs,75,2026-02-06 03:00:00+08:00,70.0,0.0,0.0,31.0,0.0,0.0,36.113218488293626,0.0,0.0,13.257378771531773,1.0,-0.0,100.0,0.0,17.673918954444463,599.012169268177,522.5
12,w0_storm_pcs,76,2026-02-06 04:00:00+08:00,67.4397267820387,0.0,0.0,42.161382557540705,0.0,0.0,35.160222114932886,0.0,0.0,14.187500597903043,1.0,-0.0,100.0,0.0,21.870337253320553,566.3805903208088,522.5
12,w0_storm_pcs,77,2026-02-06 05:00:00+08:00,67.20966585517859,0.0,0.0,65.9175391394325,0.0,0.0,35.18845284123669,0.0,0.0,16.37722134793758,1.0,-0.0,82.40355289371291,0.0,22.136296694843725,522.0001876286607,522.5
12,w0_storm_pcs,78,2026-02-06 06:00:00+08:00,125.32351041740993,0.0,0.0,0.0,0.0,0.0,36.83187918698677,0.0,0.0,10.299947020388174,1.0,0.0,100.0,0.0,22.535898384862247,452.6133043239949,522.5
12,w0_storm_pcs,79,2026-02-06 07:00:00+08:00,128.453063598412,0.0,0.0,12.09865910404227,0.0,0.0,37.41590744914075,0.0,0.0,0.0,1.0,0.0,100.0,0.0,23.17157287525381,452.6133043239949,522.5
12,w0_storm_pcs,80,2026-02-06 08:00:00+08:00,74.15847843208888,0.0,0.0,58.33258687087371,0.0,0.0,37.09092074390488,0.0,0.0,18.464882203452333,1.0,0.0,100.0,0.0,24.0,439.87787368816095,522.5
12,w0_storm_pcs,81,2026-02-06 09:00:00+08:00,94.40346012468815,0.0,0.0,55.27547981193368,0.0,0.0,37.24650239532772,0.0,0.0,0.0,1.0,0.0,100.0,0.0,24.964723819589917,378.4751506661886,522.5
12,w0_storm_pcs,82,2026-02-06 10:00:00+08:00,35.47483390793267,0.0,0.0,110.20355084775552,0.0,0.0,37.923167947448135,0.0,0.0,19.198448243400055,1.0,0.0,100.0,10.203550847755507,23.542060625668523,320.29043507467946,522.5
12,w0_storm_pcs,83,2026-02-06 11:00:00+08:00,125.6124058870775,0.0,0.0,1.0,0.0,0.0,37.22848025960789,0.0,0.0,0.0,1.0,0.0,125.73053279273367,0.0,27.035276180410083,204.2866973402,522.5
12,w0_storm_pcs,84,2026-02-06 12:00:00+08:00,81.79066203082705,0.0,0.0,0.0,0.0,0.0,36.88832826023798,0.0,0.0,0.0,1.0,0.0,180.02862835482466,0.0,28.0,203.23406576125262,522.5
12,w0_storm_pcs,85,2026-02-06 13:00:00+08:00,148.15442765511028,0.0,0.0,0.0,0.0,0.0,36.92364416398846,0.0,0.0,0.0,1.0,0.0,112.30666333033085,0.0,28.82842712474619,203.23406576125262,522.5
12,w0_storm_pcs,86,2026-02-06 14:00:00+08:00,105.12888335414912,0.0,0.0,0.0,0.0,0.0,35.385625879467604,0.0,0.0,0.0,1.0,0.0,153.756757837301,0.0,23.373125214311553,203.23406576125262,522.5
12,w0_storm_pcs,87,2026-02-06 15:00:00+08:00,83.47241313497469,0.0,0.0,0.0,0.0,0.0,35.900391657119926,0.0,0.0,0.0,1.0,0.0,176.98599276519934,0.0,29.86370330515627,203.23406576125262,522.5
12,w0_storm_pcs,88,2026-02-06 16:00:00+08:00,91.32963686942165,0.0,0.0,0.0,0.0,0.0,35.94250599796858,0.0,0.0,0.0,1.0,0.0,167.2547868135245,0.0,30.0,203.23406576125262,522.5
12,w0_storm_pcs,89,2026-02-06 17:00:00+08:00,95.18919505972578,0.0,0.0,0.0,0.0,0.0,33.39593366359448,0.0,0.0,0.0,1.0,0.0,155.74279917820755,0.0,29.86370330515627,203.23406576125262,522.5
12,w0_storm_pcs,90,2026-02-06 18:00:00+08:00,71.85531209776492,0.0,0.0,1.0,0.0,0.0,33.4846750067749,0.0,0.0,0.0,1.0,0.0,169.441806432388,0.0,29.464101615137757,203.23406576125262,522.5
12,w0_storm_pcs,91,2026-02-06 19:00:00+08:00,56.27767159256493,0.0,0.0,74.005412404948,0.0,0.0,34.644972410150345,0.0,0.0,16.015196523305278,1.0,0.0,101.0,0.0,28.82842712474619,202.18143418230525,522.5
12,w0_storm_pcs,92,2026-02-06 20:00:00+08:00,74.32291397010842,0.0,0.0,1.0,0.0,0.0,34.392915142481286,0.0,0.0,0.0,1.0,0.0,161.54301167588216,0.0,28.0,124.28100007183367,522.5
12,w0_storm_pcs,93,2026-02-06 21:00:00+08:00,65.87016034480183,0.0,0.0,0.0,0.0,0.0,31.597375263559435,0.0,0.0,0.0,1.0,0.0,157.21822808808975,0.0,17.008706882049307,123.2283684928863,522.5
12,w0_storm_pcs,94,2026-02-06 22:00:00+08:00,104.19617247844218,0.0,0.0,0.0,0.0,0.0,33.415106712196106,0.0,0.0,0.0,1.0,0.0,122.7889239405596,0.0,26.0,123.2283684928863,522.5
12,w0_storm_pcs,95,2026-02-06 23:00:00+08:00,88.04182442949815,0.0,0.0,4.931566781894807,0.0,0.0,34.67699502373474,0.0,0.0,8.65467091722914,1.0,0.0,100.0,5.3904069553726845,0.0,123.2283684928863,522.5
13,w0_storm_ups,24,2026-02-04 00:00:00+08:00,48.02796335377962,0.0,0.0,0.0,0.0,0.0,34.68843374320883,0.0,0.0,5.350091469282642,1.0,0.0,200.0,0.0,51.11857205583587,240.99442154154275,522.5
13,w0_storm_ups,25,2026-02-04 01:00:00+08:00,83.83404685985786,0.0,78.12047948135086,0.0,0.0,0.0,34.91560103527593,0.0,0.0,13.292435959186626,1.0,0.0,200.0,0.0,23.17157287525381,240.99442154154275,522.5
13,w0_storm_ups,26,2026-02-04 02:00:00+08:00,21.559696119386004,0.0,1.0,0.0,0.0,0.0,35.01630202299253,0.0,0.0,1.0873107133461168,1.0,0.0,200.0,0.0,22.535898384862247,315.208877048826,522.5
13,w0_storm_ups,27,2026-02-04 03:00:00+08:00,42.850672297273974,0.0,0.0,0.0,0.0,0.0,34.684492458268295,0.0,0.0,0.0,1.0,0.0,200.0,0.0,40.86099856233469,316.15887704882607,522.5
13,w0_storm_ups,28,2026-02-04 04:00:00+08:00,62.88926772660992,0.0,33.66823082915187,0.0,0.0,0.0,34.72185360833212,0.0,0.0,0.0,1.0,0.0,200.0,0.0,22.0,316.15887704882607,522.5
13,w0_storm_ups,29,2026-02-04 05:00:00+08:00,107.93968384366997,0.0,47.06790069820518,0.0,0.0,0.0,36.19632409290835,0.0,0.0,0.0,1.0,0.0,200.0,0.0,47.10102051443364,348.14369633652035,522.5
13,w0_storm_ups,30,2026-02-04 06:00:00+08:00,42.555047365334254,0.0,0.0,0.0,0.0,0.0,36.632657084949926,0.0,0.0,0.0,1.0,0.0,200.0,0.0,23.719077441785807,392.85820199981526,522.5
13,w0_storm_ups,31,2026-02-04 07:00:00+08:00,99.65018453972267,0.0,0.0,3.3943118193056954,0.0,0.0,36.868777429653285,0.0,0.0,16.9535732718637,1.0,0.0,100.0,0.0,0.0,392.85820199981526,522.5
13,w0_storm_ups,32,2026-02-04 08:00:00+08:00,69.22305078005398,0.0,0.0,40.74955008855255,0.0,0.0,36.49128447861586,0.0,0.0,17.410853760727743,1.0,0.0,100.0,0.0,0.0,389.2852421900198,522.5
13,w0_storm_ups,33,2026-02-04 09:00:00+08:00,137.8966039158273,0.0,1.0,0.0,0.0,0.0,37.099637509706646,0.0,0.0,16.248091496766506,1.0,0.0,100.0,0.0,24.964723819589917,346.39097893891187,522.5
13,w0_storm_ups,34,2026-02-04 10:00:00+08:00,74.42599994309165,0.0,0.0,38.910179142183495,0.0,0.0,37.90792519052057,0.0,0.0,19.58297453158087,1.0,0.0,100.0,0.0,0.0,347.34097893891186,522.5
13,w0_storm_ups,35,2026-02-04 11:00:00+08:00,57.104066697072234,0.0,1.0,0.0,0.0,0.0,36.91815880473454,0.0,0.0,1.2364382360224653,1.0,0.0,200.0,0.0,27.035276180410047,306.38289563135027,522.5
13,w0_storm_ups,36,2026-02-04 12:00:00+08:00,97.43307399625046,0.0,0.0,0.0,0.0,0.0,36.24505743567419,0.0,0.0,0.0,1.0,0.0,186.83590484312714,0.0,51.17157287525381,307.33289563135025,522.5
13,w0_storm_ups,37,2026-02-04 13:00:00+08:00,73.9487821844907,0.0,1.0,0.0,0.0,0.0,37.35462409559097,0.0,0.0,0.0,1.0,0.0,185.93741772751596,0.0,28.828427124746163,307.33289563135025,522.5
13,w0_storm_ups,38,2026-02-04 14:00:00+08:00,96.04667927732076,0.0,57.25032739005091,0.0,0.0,0.0,36.27669630055959,0.0,0.0,17.263008429375574,1.0,0.0,200.0,0.0,29.464101615137725,308.28289563135024,522.5
13,w0_storm_ups,39,2026-02-04 15:00:00+08:00,84.46738167677425,0.0,0.0,0.0,0.0,0.0,35.75297225202479,0.0,0.0,0.0,1.0,0.0,174.88217233431826,0.0,29.86370330515626,362.6707066518986,522.5
13,w0_storm_ups,40,2026-02-04 16:00:00+08:00,80.63211528197043,0.0,2.761395141642332,0.0,0.0,0.0,34.02464410588767,0.0,0.0,0.0,1.0,0.0,200.0,0.0,54.0,362.6707066518986,522.5
13,w0_storm_ups,41,2026-02-04 17:00:00+08:00,107.66039416117357,0.0,0.0,0.0,0.0,0.0,33.984091870280785,0.0,0.0,17.777068454611502,1.0,0.0,153.78412832402628,0.0,55.86370330515627,365.2940320364588,522.5
13,w0_storm_ups,42,2026-02-04 18:00:00+08:00,47.89177858574511,0.0,1.0,0.0,0.0,0.0,33.76466304286411,0.0,0.0,2.7255500544270745,1.0,0.0,200.0,0.0,29.464101615137757,365.2940320364588,522.5
13,w0_storm_ups,43,2026-02-04 19:00:00+08:00,92.40627275359736,0.0,45.41881687037717,0.0,0.0,0.0,34.735004235592555,0.0,0.0,0.0,1.0,0.0,200.0,0.0,28.828427124746216,366.2440320364588,522.5
13,w0_storm_ups,44,2026-02-04 20:00:00+08:00,94.49133838480533,0.0,21.470305299193523,0.0,0.0,0.0,32.45110954148701,0.0,0.0,0.0,1.0,0.0,158.62873270123703,0.0,28.0,409.39190806331715,522.5
13,w0_storm_ups,45,2026-02-04 21:00:00+08:00,60.241985050262386,0.0,39.36670968414061,0.0,0.0,0.0,33.75676043072038,0.0,0.0,14.779606158709342,1.0,0.0,200.0,0.0,27.035276180410087,429.788698097551,522.5
13,w0_storm_ups,46,2026-02-04 22:00:00+08:00,66.51638221660272,0.0,0.0,0.0,0.0,0.0,34.41959567486781,0.0,0.0,0.0,1.0,0.0,168.32935729566364,0.0,26.0,467.1870722974846,522.5
13,w0_storm_ups,47,2026-02-04 23:00:00+08:00,72.29642643886751,0.0,59.860341728118655,0.0,0.0,0.0,34.65730784212104,0.0,0.0,14.04865310747628,1.0,0.0,200.0,0.0,24.964723819589917,467.1870722974846,522.5
13,w0_storm_ups,48,2026-02-05 00:00:00+08:00,63.16356614439167,0.0,34.38720565801748,0.0,0.0,0.0,35.1100488963602,0.0,0.0,0.0,1.0,0.0,200.0,0.0,24.0,524.0543969391973,522.5
13,w0_storm_ups,49,2026-02-05 01:00:00+08:00,67.0460936453506,0.0,51.900687253783744,0.0,0.0,0.0,33.38215622484842,0.0,0.0,0.0,1.0,0.0,200.0,0.0,23.17157287525386,556.7222423143139,522.5
13,w0_storm_ups,50,2026-02-05 02:00:00+08:00,63.778663221215865,0.0,0.0,0.0,0.0,0.0,35.77247842718687,0.0,0.0,0.0,1.0,0.0,158.40612216700754,0.0,22.535898384862247,606.0278952054084,522.5
13,w0_storm_ups,51,2026-02-05 03:00:00+08:00,70.0,0.0,47.91142641081342,0.0,0.0,0.0,36.28076794610962,0.0,0.0,0.0,1.0,0.0,200.0,0.0,22.136296694843725,606.0278952054084,522.5
13,w0_storm_ups,52,2026-02-05 04:00:00+08:00,66.17610262689055,0.0,37.1562407995619,0.0,0.0,0.0,35.45369296349774,0.0,0.0,0.0,1.0,0.0,200.0,0.0,22.0,651.5437502956812,522.5
13,w0_storm_ups,53,2026-02-05 05:00:00+08:00,62.69214554137138,0.0,1.0,0.0,0.0,0.0,37.42252213948602,0.0,0.0,0.0,1.0,0.0,167.08267152270253,0.0,22.136296694843725,686.842179055265,522.5
13,w0_storm_ups,54,2026-02-05 06:00:00+08:00,70.0,0.0,29.113993854218165,0.0,0.0,0.0,36.930027841145986,0.0,0.0,0.0,1.0,0.0,200.0,0.0,22.535898384862247,687.792179055265,522.5
13,w0_storm_ups,55,2026-02-05 07:00:00+08:00,66.91994613238938,0.0,1.0,0.0,0.0,0.0,37.93715091183955,0.0,0.0,0.0,1.0,0.0,175.23649609776024,0.0,23.17157287525381,715.4504732167723,522.5
13,w0_storm_ups,56,2026-02-05 08:00:00+08:00,70.0,0.0,1.0,0.0,0.0,0.0,38.460679103982564,0.0,0.0,0.0,1.0,0.0,175.1309055212656,0.0,24.0,716.4004732167723,522.5
13,w0_storm_ups,57,2026-02-05 09:00:00+08:00,64.96905503411166,0.0,15.6223211948872,0.0,0.0,0.0,38.38205518538873,0.0,0.0,0.0,1.0,0.0,200.0,0.0,24.964723819589917,717.3504732167723,522.5
13,w0_storm_ups,58,2026-02-05 10:00:00+08:00,65.51862051804498,0.0,13.614075832954569,0.0,0.0,0.0,37.56011437204766,0.0,0.0,0.0,1.0,0.0,200.0,0.0,26.0,732.1916783519151,522.5
13,w0_storm_ups,59,2026-02-05 11:00:00+08:00,64.60670407639905,0.0,5.131525901871772,0.0,0.0,0.0,36.85251261535652,0.0,0.0,0.0,1.0,0.0,200.0,0.0,27.035276180410083,745.125050393222,522.5
13,w0_storm_ups,60,2026-02-05 12:00:00+08:00,63.20869052393125,0.0,0.0,0.0,0.0,0.0,37.418626095065356,0.0,0.0,0.0,1.0,0.0,197.72563472917005,0.0,28.0,750.0,522.5
13,w0_storm_ups,61,2026-02-05 13:00:00+08:00,62.88543591605395,0.0,0.0,0.0,0.0,0.0,36.43633984515527,0.0,0.0,4.1819782516949005,1.0,0.0,200.0,0.0,28.82842712474619,750.0,522.5
13,w0_storm_ups,62,2026-02-05 14:00:00+08:00,68.58435120616952,0.0,0.0,0.0,0.0,0.0,35.69261326080196,0.0,0.0,18.761985456746288,1.0,0.0,174.32880815915507,0.0,29.464101615137753,750.0,522.5
13,w0_storm_ups,63,2026-02-05 15:00:00+08:00,66.99606003434437,0.0,0.0,0.0,0.0,0.0,36.02961191418321,0.0,0.0,19.252931630740648,1.0,0.0,170.1589717970507,0.0,29.86370330515627,750.0,522.5
13,w0_storm_ups,64,2026-02-05 16:00:00+08:00,70.0,0.0,0.0,0.0,0.0,0.0,34.51720185627605,0.0,0.0,18.988552935035436,1.0,0.0,166.82074866746495,0.0,30.0,750.0,522.5
13,w0_storm_ups,65,2026-02-05 17:00:00+08:00,64.21895857339183,0.0,0.0,0.0,0.0,0.0,33.372558631361784,0.0,0.0,3.9257452945722378,1.0,0.0,183.30386777188733,0.0,29.86370330515627,750.0,522.5
13,w0_storm_ups,66,2026-02-05 18:00:00+08:00,64.94949497272559,0.0,0.0,0.0,0.0,0.0,34.29995200360956,0.0,0.0,18.132423807913742,1.0,0.0,169.7413529900079,0.0,29.464101615137732,750.0,522.5
13,w0_storm_ups,67,2026-02-05 19:00:00+08:00,68.18578141586526,0.0,0.0,56.20690756323167,0.0,0.0,32.847272221003365,0.0,0.0,17.218103472044223,1.0,0.0,100.0,0.0,28.82842712474619,750.0,522.5
13,w0_storm_ups,68,2026-02-05 20:00:00+08:00,70.0,0.0,0.0,48.76960142483784,0.0,0.0,32.37127122507556,0.0,0.0,15.310062476641377,1.0,0.0,100.0,0.0,28.0,690.8348341439668,522.5
13,w0_storm_ups,69,2026-02-05 21:00:00+08:00,66.49684954532208,0.0,0.0,47.454306324216915,0.0,0.0,33.04146854371466,0.0,0.0,13.772895541591822,1.0,0.0,100.0,0.0,27.035276180410083,639.4984115915058,522.5
13,w0_storm_ups,70,2026-02-05 22:00:00+08:00,63.04837590243521,0.0,0.0,45.079261639236144,0.0,0.0,32.41286286695189,0.0,0.0,15.652406253708147,1.0,0.0,100.0,0.0,17.36432550960844,589.5465101975933,522.5
13,w0_storm_ups,71,2026-02-05 23:00:00+08:00,66.88010735511183,0.0,0.0,41.88056381409577,0.0,0.0,33.36262260485225,0.0,0.0,13.685378729763332,1.0,0.0,100.0,0.0,24.964723819589917,542.0946558405026,522.5
13,w0_storm_ups,72,2026-02-06 00:00:00+08:00,60.03195203157863,0.0,0.0,53.96228863246589,0.0,0.0,32.3906475148368,0.0,0.0,14.609861663202155,1.0,-0.0,100.0,0.0,24.0,498.0098518256649,522.5
13,w0_storm_ups,73,2026-02-06 01:00:00+08:00,63.32778503469494,0.0,0.0,56.50142824000437,0.0,0.0,35.20391380940819,0.0,0.0,2.3474751545315584,1.0,-0.0,100.0,0.0,23.17157287525381,441.20744273885884,522.5
13,w0_storm_ups,74,2026-02-06 02:00:00+08:00,67.87390036972283,0.0,0.0,21.861572264057877,0.0,0.0,35.40192498691937,0.0,0.0,14.967103656615018,1.0,-0.0,100.0,0.0,0.0,381.7322551178016,522.5
13,w0_storm_ups,75,2026-02-06 03:00:00+08:00,70.0,0.0,0.0,13.326081045555377,0.0,0.0,36.113218488293626,0.0,0.0,13.257378771531812,1.0,-0.0,100.0,0.0,0.0,358.7200737872144,522.5
13,w0_storm_ups,76,2026-02-06 04:00:00+08:00,67.4397267820387,0.0,0.0,29.631103261244167,0.0,0.0,35.160222114932886,0.0,0.0,14.187500597903059,1.0,-0.0,100.0,0.0,9.340057957024044,344.69262005505084,522.5
13,w0_storm_ups,77,2026-02-06 05:00:00+08:00,67.20966585517859,0.0,0.0,26.18479533830168,0.0,0.0,35.18845284123669,0.0,0.0,16.37722134793759,1.0,-0.0,100.0,0.0,0.0,313.50198504321486,522.5
13,w0_storm_ups,78,2026-02-06 06:00:00+08:00,125.32351041740993,0.0,0.0,0.0,0.0,0.0,36.83187918698677,0.0,0.0,10.299947020388178,1.0,0.0,100.0,0.0,22.535898384862247,285.93904258184466,522.5
13,w0_storm_ups,79,2026-02-06 07:00:00+08:00,128.453063598412,0.0,0.0,0.0,0.0,0.0,37.41590744914075,0.0,0.0,12.098659104042294,1.0,0.0,100.0,0.0,23.17157287525381,285.93904258184466,522.5
13,w0_storm_ups,80,2026-02-06 08:00:00+08:00,74.15847843208888,0.0,0.0,58.33258687087368,0.0,0.0,37.09092074390488,0.0,0.0,18.464882203452362,1.0,0.0,100.0,0.0,24.0,285.93904258184466,522.5
13,w0_storm_ups,81,2026-02-06 09:00:00+08:00,94.40346012468815,0.0,0.0,13.512630073444578,0.0,0.0,37.24650239532772,0.0,0.0,16.798125918899146,1.0,0.0,100.0,0.0,0.0,224.53631955987237,522.5
13,w0_storm_ups,82,2026-02-06 10:00:00+08:00,35.47483390793267,0.0,0.0,86.66149022208698,0.0,0.0,37.923167947448135,0.0,0.0,19.198448243400055,1.0,0.0,100.0,10.203550847755514,0.0,210.3124984299307,522.5
13,w0_storm_ups,83,2026-02-06 11:00:00+08:00,125.6124058870775,0.0,0.0,0.0,0.0,0.0,37.22848025960789,0.0,0.0,0.0,1.0,0.0,126.73053279273367,0.0,27.035276180410083,119.08987714352335,522.5
13,w0_storm_ups,84,2026-02-06 12:00:00+08:00,81.79066203082705,0.0,0.0,0.0,0.0,0.0,36.88832826023798,0.0,0.0,0.0,1.0,0.0,180.02862835482466,0.0,28.0,119.08987714352335,522.5
13,w0_storm_ups,85,2026-02-06 13:00:00+08:00,148.15442765511028,0.0,0.0,0.0,0.0,0.0,36.92364416398846,0.0,0.0,0.0,1.0,0.0,143.47823620558466,0.0,60.0,119.08987714352335,522.5
13,w0_storm_ups,86,2026-02-06 14:00:00+08:00,105.12888335414912,0.0,0.0,0.0,0.0,0.0,35.385625879467604,0.0,0.0,0.0,1.0,0.0,153.756757837301,0.0,23.373125214311553,119.08987714352335,522.5
13,w0_storm_ups,87,2026-02-06 15:00:00+08:00,83.47241313497469,0.0,0.0,0.0,0.0,0.0,35.900391657119926,0.0,0.0,0.0,1.0,0.0,176.98599276519934,0.0,29.86370330515627,119.08987714352335,522.5
13,w0_storm_ups,88,2026-02-06 16:00:00+08:00,91.32963686942165,0.0,0.0,0.0,0.0,0.0,35.94250599796858,0.0,0.0,0.0,1.0,0.0,167.2547868135245,0.0,30.0,119.08987714352335,522.5
13,w0_storm_ups,89,2026-02-06 17:00:00+08:00,95.18919505972578,0.0,0.0,0.0,0.0,0.0,33.39593366359448,0.0,0.0,0.0,1.0,0.0,155.74279917820755,0.0,29.86370330515627,119.08987714352335,522.5
13,w0_storm_ups,90,2026-02-06 18:00:00+08:00,71.85531209776492,0.0,0.0,0.0,0.0,0.0,33.4846750067749,0.0,0.0,0.0,1.0,0.0,170.44180643238798,0.0,29.464101615137757,119.08987714352335,522.5
13,w0_storm_ups,91,2026-02-06 19:00:00+08:00,56.27767159256493,0.0,0.0,0.0,0.0,0.0,34.644972410150345,0.0,0.0,0.0,1.0,0.0,191.02060892825327,0.0,28.82842712474619,119.08987714352335,522.5
13,w0_storm_ups,92,2026-02-06 20:00:00+08:00,74.32291397010842,0.0,0.0,0.0,0.0,0.0,34.392915142481286,0.0,0.0,0.0,1.0,0.0,194.54301167588216,0.0,60.0,119.08987714352335,522.5
13,w0_storm_ups,93,2026-02-06 21:00:00+08:00,65.87016034480183,0.0,0.0,0.0,0.0,0.0,31.597375263559435,0.0,0.0,0.0,1.0,0.0,192.0655074789329,0.0,51.855986272892444,119.08987714352335,522.5
13,w0_storm_ups,94,2026-02-06 22:00:00+08:00,104.19617247844218,0.0,0.0,0.0,0.0,0.0,33.415106712196106,0.0,0.0,0.0,1.0,0.0,162.74624494423017,5.957321003670582,60.0,119.08987714352335,522.5
13,w0_storm_ups,95,2026-02-06 23:00:00+08:00,88.04182442949815,0.0,0.0,1.0,0.0,0.0,34.67699502373474,0.0,0.0,7.195830743751262,1.0,0.0,100.0,0.0,0.0,119.08987714352335,522.5
14,w0_storm_diesel_run,24,2026-02-04 00:00:00+08:00,48.02796335377962,0.0,0.0,0.0,0.0,0.0,34.68843374320883,0.0,0.0,5.350091469282642,1.0,0.0,200.0,0.0,51.11857205583587,240.99442154154275,522.5
14,w0_storm_diesel_run,25,2026-02-04 01:00:00+08:00,83.83404685985786,0.0,78.12047948135086,0.0,0.0,0.0,34.91560103527593,0.0,0.0,13.292435959186626,1.0,0.0,200.0,0.0,23.17157287525381,240.99442154154275,522.5
14,w0_storm_diesel_run,26,2026-02-04 02:00:00+08:00,21.559696119386004,0.0,1.0,0.0,0.0,0.0,35.01630202299253,0.0,0.0,1.0873107133461168,1.0,0.0,200.0,0.0,22.535898384862247,315.208877048826,522.5
14,w0_storm_diesel_run,27,2026-02-04 03:00:00+08:00,42.850672297273974,0.0,0.0,0.0,0.0,0.0,34.684492458268295,0.0,0.0,0.0,1.0,0.0,200.0,0.0,40.86099856233469,316.15887704882607,522.5
14,w0_storm_diesel_run,28,2026-02-04 04:00:00+08:00,62.88926772660992,0.0,33.66823082915187,0.0,0.0,0.0,34.72185360833212,0.0,0.0,0.0,1.0,0.0,200.0,0.0,22.0,316.15887704882607,522.5
14,w0_storm_diesel_run,29,2026-02-04 05:00:00+08:00,107.93968384366997,0.0,47.06790069820518,0.0,0.0,0.0,36.19632409290835,0.0,0.0,0.0,1.0,0.0,200.0,0.0,47.10102051443364,348.14369633652035,522.5
14,w0_storm_diesel_run,30,2026-02-04 06:00:00+08:00,42.555047365334254,0.0,0.0,0.0,0.0,0.0,36.632657084949926,0.0,0.0,0.0,1.0,0.0,200.0,0.0,23.719077441785807,392.85820199981526,522.5
14,w0_storm_diesel_run,31,2026-02-04 07:00:00+08:00,99.65018453972267,0.0,0.0,3.3943118193056954,0.0,0.0,36.868777429653285,0.0,0.0,16.9535732718637,1.0,0.0,100.0,0.0,0.0,392.85820199981526,522.5
14,w0_storm_diesel_run,32,2026-02-04 08:00:00+08:00,69.22305078005398,0.0,0.0,40.74955008855255,0.0,0.0,36.49128447861586,0.0,0.0,17.410853760727743,1.0,0.0,100.0,0.0,0.0,389.2852421900198,522.5
14,w0_storm_diesel_run,33,2026-02-04 09:00:00+08:00,137.8966039158273,0.0,1.0,0.0,0.0,0.0,37.099637509706646,0.0,0.0,16.248091496766506,1.0,0.0,100.0,0.0,24.964723819589917,346.39097893891187,522.5
14,w0_storm_diesel_run,34,2026-02-04 10:00:00+08:00,74.42599994309165,0.0,0.0,38.910179142183495,0.0,0.0,37.90792519052057,0.0,0.0,19.58297453158087,1.0,0.0,100.0,0.0,0.0,347.34097893891186,522.5
14,w0_storm_diesel_run,35,2026-02-04 11:00:00+08:00,57.104066697072234,0.0,1.0,0.0,0.0,0.0,36.91815880473454,0.0,0.0,1.2364382360224653,1.0,0.0,200.0,0.0,27.035276180410047,306.38289563135027,522.5
14,w0_storm_diesel_run,36,2026-02-04 12:00:00+08:00,97.43307399625046,0.0,0.0,0.0,0.0,0.0,36.24505743567419,0.0,0.0,0.0,1.0,0.0,186.83590484312714,0.0,51.17157287525381,307.33289563135025,522.5
14,w0_storm_diesel_run,37,2026-02-04 13:00:00+08:00,73.9487821844907,0.0,1.0,0.0,0.0,0.0,37.35462409559097,0.0,0.0,0.0,1.0,0.0,185.93741772751596,0.0,28.828427124746163,307.33289563135025,522.5
14,w0_storm_diesel_run,38,2026-02-04 14:00:00+08:00,96.04667927732076,0.0,57.25032739005091,0.0,0.0,0.0,36.27669630055959,0.0,0.0,17.263008429375574,1.0,0.0,200.0,0.0,29.464101615137725,308.28289563135024,522.5
14,w0_storm_diesel_run,39,2026-02-04 15:00:00+08:00,84.46738167677425,0.0,0.0,0.0,0.0,0.0,35.75297225202479,0.0,0.0,0.0,1.0,0.0,174.88217233431826,0.0,29.86370330515626,362.6707066518986,522.5
14,w0_storm_diesel_run,40,2026-02-04 16:00:00+08:00,80.63211528197043,0.0,2.761395141642332,0.0,0.0,0.0,34.02464410588767,0.0,0.0,0.0,1.0,0.0,200.0,0.0,54.0,362.6707066518986,522.5
14,w0_storm_diesel_run,41,2026-02-04 17:00:00+08:00,107.66039416117357,0.0,0.0,0.0,0.0,0.0,33.984091870280785,0.0,0.0,17.777068454611502,1.0,0.0,153.78412832402628,0.0,55.86370330515627,365.2940320364588,522.5
14,w0_storm_diesel_run,42,2026-02-04 18:00:00+08:00,47.89177858574511,0.0,1.0,0.0,0.0,0.0,33.76466304286411,0.0,0.0,2.7255500544270745,1.0,0.0,200.0,0.0,29.464101615137757,365.2940320364588,522.5
14,w0_storm_diesel_run,43,2026-02-04 19:00:00+08:00,92.40627275359736,0.0,45.41881687037717,0.0,0.0,0.0,34.735004235592555,0.0,0.0,0.0,1.0,0.0,200.0,0.0,28.828427124746216,366.2440320364588,522.5
14,w0_storm_diesel_run,44,2026-02-04 20:00:00+08:00,94.49133838480533,0.0,21.470305299193523,0.0,0.0,0.0,32.45110954148701,0.0,0.0,0.0,1.0,0.0,158.62873270123703,0.0,28.0,409.39190806331715,522.5
14,w0_storm_diesel_run,45,2026-02-04 21:00:00+08:00,60.241985050262386,0.0,39.36670968414061,0.0,0.0,0.0,33.75676043072038,0.0,0.0,14.779606158709342,1.0,0.0,200.0,0.0,27.035276180410087,429.788698097551,522.5
14,w0_storm_diesel_run,46,2026-02-04 22:00:00+08:00,66.51638221660272,0.0,0.0,0.0,0.0,0.0,34.41959567486781,0.0,0.0,0.0,1.0,0.0,168.32935729566364,0.0,26.0,467.1870722974846,522.5
14,w0_storm_diesel_run,47,2026-02-04 23:00:00+08:00,72.29642643886751,0.0,59.860341728118655,0.0,0.0,0.0,34.65730784212104,0.0,0.0,14.04865310747628,1.0,0.0,200.0,0.0,24.964723819589917,467.1870722974846,522.5
14,w0_storm_diesel_run,48,2026-02-05 00:00:00+08:00,63.16356614439167,0.0,34.38720565801748,0.0,0.0,0.0,35.1100488963602,0.0,0.0,0.0,1.0,0.0,200.0,0.0,24.0,524.0543969391973,522.5
14,w0_storm_diesel_run,49,2026-02-05 01:00:00+08:00,67.0460936453506,0.0,51.900687253783744,0.0,0.0,0.0,33.38215622484842,0.0,0.0,0.0,1.0,0.0,200.0,0.0,23.17157287525386,556.7222423143139,522.5
14,w0_storm_diesel_run,50,2026-02-05 02:00:00+08:00,63.778663221215865,0.0,0.0,0.0,0.0,0.0,35.77247842718687,0.0,0.0,0.0,1.0,0.0,158.40612216700754,0.0,22.535898384862247,606.0278952054084,522.5
14,w0_storm_diesel_run,51,2026-02-05 03:00:00+08:00,70.0,0.0,47.91142641081342,0.0,0.0,0.0,36.28076794610962,0.0,0.0,0.0,1.0,0.0,200.0,0.0,22.136296694843725,606.0278952054084,522.5
14,w0_storm_diesel_run,52,2026-02-05 04:00:00+08:00,66.17610262689055,0.0,37.1562407995619,0.0,0.0,0.0,35.45369296349774,0.0,0.0,0.0,1.0,0.0,200.0,0.0,22.0,651.5437502956812,522.5
14,w0_storm_diesel_run,53,2026-02-05 05:00:00+08:00,62.69214554137138,0.0,1.0,0.0,0.0,0.0,37.42252213948602,0.0,0.0,0.0,1.0,0.0,167.08267152270253,0.0,22.136296694843725,686.842179055265,522.5
14,w0_storm_diesel_run,54,2026-02-05 06:00:00+08:00,70.0,0.0,29.113993854218165,0.0,0.0,0.0,36.930027841145986,0.0,0.0,0.0,1.0,0.0,200.0,0.0,22.535898384862247,687.792179055265,522.5
14,w0_storm_diesel_run,55,2026-02-05 07:00:00+08:00,66.91994613238938,0.0,1.0,0.0,0.0,0.0,37.93715091183955,0.0,0.0,0.0,1.0,0.0,175.23649609776024,0.0,23.17157287525381,715.4504732167723,522.5
14,w0_storm_diesel_run,56,2026-02-05 08:00:00+08:00,70.0,0.0,1.0,0.0,0.0,0.0,38.460679103982564,0.0,0.0,0.0,1.0,0.0,175.1309055212656,0.0,24.0,716.4004732167723,522.5
14,w0_storm_diesel_run,57,2026-02-05 09:00:00+08:00,64.96905503411166,0.0,15.6223211948872,0.0,0.0,0.0,38.38205518538873,0.0,0.0,0.0,1.0,0.0,200.0,0.0,24.964723819589917,717.3504732167723,522.5
14,w0_storm_diesel_run,58,2026-02-05 10:00:00+08:00,65.51862051804498,0.0,13.614075832954569,0.0,0.0,0.0,37.56011437204766,0.0,0.0,0.0,1.0,0.0,200.0,0.0,26.0,732.1916783519151,522.5
14,w0_storm_diesel_run,59,2026-02-05 11:00:00+08:00,64.60670407639905,0.0,5.131525901871772,0.0,0.0,0.0,36.85251261535652,0.0,0.0,0.0,1.0,0.0,200.0,0.0,27.035276180410083,745.125050393222,522.5
14,w0_storm_diesel_run,60,2026-02-05 12:00:00+08:00,63.20869052393125,0.0,0.0,51.26042455229894,0.0,0.0,37.418626095065356,0.0,0.0,18.46521017687115,1.0,-0.0,100.0,0.0,0.0,750.0,522.5
14,w0_storm_diesel_run,61,2026-02-05 13:00:00+08:00,62.88543591605395,0.0,0.0,56.942866475590726,0.0,0.0,36.43633984515527,0.0,0.0,18.41068465135799,1.0,-0.0,100.0,0.0,0.0,696.0416583660012,522.5
14,w0_storm_diesel_run,62,2026-02-05 14:00:00+08:00,68.58435120616952,0.0,0.0,44.86470654401728,0.0,0.0,35.69261326080196,0.0,0.0,18.761985456746288,1.0,-0.0,100.0,0.0,0.0,636.101798918011,522.5
14,w0_storm_diesel_run,63,2026-02-05 15:00:00+08:00,66.99606003434437,0.0,0.0,59.54820012263511,0.0,0.0,36.02961191418321,0.0,0.0,0.0,1.0,-0.0,100.0,0.0,0.0,588.8757920295718,522.5
14,w0_storm_diesel_run,64,2026-02-05 16:00:00+08:00,70.0,0.0,0.0,46.33598831868625,0.0,0.0,34.51720185627605,0.0,0.0,9.473313283814079,1.0,-0.0,100.0,0.0,0.0,526.1934761110085,522.5
14,w0_storm_diesel_run,65,2026-02-05 17:00:00+08:00,64.21895857339183,0.0,0.0,57.36590976130324,0.0,0.0,33.372558631361784,0.0,0.0,0.0,1.0,-0.0,100.0,0.0,0.0,477.418751565023,522.5
14,w0_storm_diesel_run,66,2026-02-05 18:00:00+08:00,64.94949497272559,0.0,0.0,40.27725137487016,0.0,0.0,34.29995200360956,0.0,0.0,18.132423807913742,1.0,-0.0,100.0,0.0,0.0,417.0335833952301,522.5
14,w0_storm_diesel_run,67,2026-02-05 19:00:00+08:00,68.18578141586526,0.0,0.0,27.3784804384855,0.0,0.0,32.847272221003365,0.0,0.0,17.218103472044223,1.0,-0.0,100.0,0.0,0.0,374.63647668484043,522.5
14,w0_storm_diesel_run,68,2026-02-05 20:00:00+08:00,70.0,0.0,0.0,20.769601424837816,0.0,0.0,32.37127122507556,0.0,0.0,15.310062476641377,1.0,-0.0,100.0,0.0,0.0,345.8170235916978,522.5
14,w0_storm_diesel_run,69,2026-02-05 21:00:00+08:00,66.49684954532208,0.0,0.0,20.41903014380685,0.0,0.0,33.04146854371466,0.0,0.0,13.772895541591822,1.0,-0.0,100.0,0.0,0.0,323.9542852497633,522.5
14,w0_storm_diesel_run,70,2026-02-05 22:00:00+08:00,63.04837590243521,0.0,0.0,27.714936129627727,0.0,0.0,32.41286286695189,0.0,0.0,15.652406253708147,1.0,-0.0,100.0,0.0,0.0,302.460569308914,522.5
14,w0_storm_diesel_run,71,2026-02-05 23:00:00+08:00,66.88010735511183,0.0,0.0,16.915839994505863,0.0,0.0,33.36262260485225,0.0,0.0,13.685378729763332,1.0,-0.0,100.0,0.0,0.0,273.2869523303585,522.5
14,w0_storm_diesel_run,72,2026-02-06 00:00:00+08:00,60.03195203157863,0.0,0.0,29.962288632465913,0.0,0.0,32.3906475148368,0.0,0.0,14.609861663202155,1.0,-0.0,100.0,0.0,0.0,255.48080496772073,522.5
14,w0_storm_diesel_run,73,2026-02-06 01:00:00+08:00,63.32778503469494,0.0,0.0,21.907107038592198,0.0,0.0,35.20391380940819,0.0,0.0,13.770223480689946,1.0,-0.0,100.0,0.0,0.0,223.94155377565136,522.5
14,w0_storm_diesel_run,74,2026-02-06 02:00:00+08:00,67.87390036972283,0.0,0.0,21.861572264057862,0.0,0.0,35.40192498691937,0.0,0.0,14.967103656615029,1.0,-0.0,100.0,0.0,0.0,200.88144110344905,522.5
14,w0_storm_diesel_run,75,2026-02-06 03:00:00+08:00,70.0,0.0,0.0,13.326081045555394,0.0,0.0,36.113218488293626,0.0,0.0,13.257378771531773,1.0,-0.0,100.0,0.0,0.0,177.86925977286182,522.5
14,w0_storm_diesel_run,76,2026-02-06 04:00:00+08:00,67.4397267820387,0.0,0.0,20.29104530422015,0.0,0.0,35.160222114932886,0.0,0.0,14.187500597903043,1.0,-0.0,100.0,0.0,0.0,163.84180604069826,522.5
14,w0_storm_diesel_run,77,2026-02-06 05:00:00+08:00,67.20966585517859,0.0,0.0,26.18479533830169,0.0,0.0,35.18845284123669,0.0,0.0,16.37722134793758,1.0,-0.0,100.0,0.0,0.0,142.4828109836244,522.5
14,w0_storm_diesel_run,78,2026-02-06 06:00:00+08:00,125.32351041740993,0.0,5.960212620231733,0.0,0.0,0.0,36.83187918698677,0.0,0.0,16.260159640619904,1.0,0.0,100.0,0.0,22.535898384862247,114.9198685222542,522.5
14,w0_storm_diesel_run,79,2026-02-06 07:00:00+08:00,128.453063598412,0.0,0.0,0.0,0.0,0.0,37.41590744914075,0.0,0.0,15.286857320761486,1.0,0.0,100.0,7.902039964404652,18.45773112756835,120.58207051147436,522.5
14,w0_storm_diesel_run,80,2026-02-06 08:00:00+08:00,74.15847843208888,0.0,0.0,42.30296698590061,0.0,0.0,37.09092074390488,0.0,0.0,18.464882203452333,1.0,0.0,100.0,7.970380115026899,0.0,120.58207051147436,522.5
14,w0_storm_diesel_run,81,2026-02-06 09:00:00+08:00,94.40346012468815,0.0,12.90252030115704,0.0,0.0,0.0,37.24650239532772,0.0,0.0,3.2132762935007584,1.0,0.0,200.0,0.0,60.0,76.0526315789474,522.5
14,w0_storm_diesel_run,82,2026-02-06 10:00:00+08:00,35.47483390793267,0.0,0.0,11.644524571794227,0.0,0.0,37.923167947448135,0.0,0.0,19.198448243400055,1.0,0.0,200.0,0.0,35.186585197462755,88.31002586504658,522.5
14,w0_storm_diesel_run,83,2026-02-06 11:00:00+08:00,125.6124058870775,0.0,40.30474338767641,0.0,0.0,0.0,37.22848025960789,0.0,0.0,0.0,1.0,0.0,200.0,0.0,60.0,76.0526315789474,522.5
14,w0_storm_diesel_run,84,2026-02-06 12:00:00+08:00,81.79066203082705,0.0,0.0,12.028628354824662,0.0,0.0,36.88832826023798,0.0,0.0,0.0,1.0,0.0,200.0,0.0,60.0,114.34213779723999,522.5
14,w0_storm_diesel_run,85,2026-02-06 13:00:00+08:00,148.15442765511028,0.0,56.521763794415335,0.0,0.0,0.0,36.92364416398846,0.0,0.0,0.0,1.0,0.0,200.0,0.0,60.0,101.68042373952981,522.5
14,w0_storm_diesel_run,86,2026-02-06 14:00:00+08:00,105.12888335414912,0.0,9.616367377010576,0.0,0.0,0.0,35.385625879467604,0.0,0.0,0.0,1.0,0.0,200.0,0.0,60.0,155.3760993442244,522.5
14,w0_storm_diesel_run,87,2026-02-06 15:00:00+08:00,83.47241313497469,0.0,0.0,7.122289460043078,0.0,0.0,35.900391657119926,0.0,0.0,0.0,1.0,0.0,200.0,0.0,60.0,164.51164835238444,522.5
14,w0_storm_diesel_run,88,2026-02-06 16:00:00+08:00,91.32963686942165,0.0,2.745213186475496,0.0,0.0,0.0,35.94250599796858,0.0,0.0,0.0,1.0,0.0,200.0,0.0,60.0,157.01450155233908,522.5
14,w0_storm_diesel_run,89,2026-02-06 17:00:00+08:00,95.18919505972578,0.0,14.120904126948716,0.0,0.0,0.0,33.39593366359448,0.0,0.0,0.0,1.0,0.0,200.0,0.0,60.0,159.6224540794908,522.5
14,w0_storm_diesel_run,90,2026-02-06 18:00:00+08:00,71.85531209776492,0.0,0.0,1.0,0.0,0.0,33.4846750067749,0.0,0.0,0.0,1.0,0.0,199.97770481725036,0.0,60.0,173.0373130000921,522.5
14,w0_storm_diesel_run,91,2026-02-06 19:00:00+08:00,56.27767159256493,0.0,0.0,22.192181803507083,0.0,0.0,34.644972410150345,0.0,0.0,0.0,1.0,0.0,200.0,0.0,60.0,171.98468142114487,522.5
14,w0_storm_diesel_run,92,2026-02-06 20:00:00+08:00,74.32291397010842,0.0,5.4569883241178445,0.0,0.0,0.0,34.392915142481286,0.0,0.0,0.0,1.0,0.0,200.0,0.0,60.0,148.62449004903215,522.5
14,w0_storm_diesel_run,93,2026-02-06 21:00:00+08:00,65.87016034480183,0.0,0.0,0.0,0.0,0.0,31.597375263559435,0.0,0.0,0.2095212060404421,1.0,0.0,200.0,0.0,60.0,153.80862895694412,522.5
14,w0_storm_diesel_run,94,2026-02-06 22:00:00+08:00,104.19617247844218,0.0,37.90915958005711,0.0,0.0,0.0,33.415106712196106,0.0,0.0,0.0,1.0,0.0,200.0,5.301916479383294,60.0,153.80862895694412,522.5
14,w0_storm_diesel_run,95,2026-02-06 23:00:00+08:00,88.04182442949815,0.0,0.0,68.19583074375129,0.0,0.0,34.67699502373474,0.0,0.0,0.0,1.0,0.0,100.0,0.0,60.0,189.82233055799838,522.5
15,w0_storm_diesel_start,24,2026-02-04 00:00:00+08:00,48.02796335377962,0.0,0.0,0.0,0.0,0.0,34.68843374320883,0.0,0.0,5.350091469282642,1.0,0.0,200.0,0.0,51.11857205583587,240.99442154154275,522.5
15,w0_storm_diesel_start,25,2026-02-04 01:00:00+08:00,83.83404685985786,0.0,78.12047948135086,0.0,0.0,0.0,34.91560103527593,0.0,0.0,13.292435959186626,1.0,0.0,200.0,0.0,23.17157287525381,240.99442154154275,522.5
15,w0_storm_diesel_start,26,2026-02-04 02:00:00+08:00,21.559696119386004,0.0,1.0,0.0,0.0,0.0,35.01630202299253,0.0,0.0,1.0873107133461168,1.0,0.0,200.0,0.0,22.535898384862247,315.208877048826,522.5
15,w0_storm_diesel_start,27,2026-02-04 03:00:00+08:00,42.850672297273974,0.0,0.0,0.0,0.0,0.0,34.684492458268295,0.0,0.0,0.0,1.0,0.0,200.0,0.0,40.86099856233469,316.15887704882607,522.5
15,w0_storm_diesel_start,28,2026-02-04 04:00:00+08:00,62.88926772660992,0.0,33.66823082915187,0.0,0.0,0.0,34.72185360833212,0.0,0.0,0.0,1.0,0.0,200.0,0.0,22.0,316.15887704882607,522.5
15,w0_storm_diesel_start,29,2026-02-04 05:00:00+08:00,107.93968384366997,0.0,47.06790069820518,0.0,0.0,0.0,36.19632409290835,0.0,0.0,0.0,1.0,0.0,200.0,0.0,47.10102051443364,348.14369633652035,522.5
15,w0_storm_diesel_start,30,2026-02-04 06:00:00+08:00,42.555047365334254,0.0,0.0,0.0,0.0,0.0,36.632657084949926,0.0,0.0,0.0,1.0,0.0,200.0,0.0,23.719077441785807,392.85820199981526,522.5
15,w0_storm_diesel_start,31,2026-02-04 07:00:00+08:00,99.65018453972267,0.0,0.0,3.3943118193056954,0.0,0.0,36.868777429653285,0.0,0.0,16.9535732718637,1.0,0.0,100.0,0.0,0.0,392.85820199981526,522.5
15,w0_storm_diesel_start,32,2026-02-04 08:00:00+08:00,69.22305078005398,0.0,0.0,40.74955008855255,0.0,0.0,36.49128447861586,0.0,0.0,17.410853760727743,1.0,0.0,100.0,0.0,0.0,389.2852421900198,522.5
15,w0_storm_diesel_start,33,2026-02-04 09:00:00+08:00,137.8966039158273,0.0,1.0,0.0,0.0,0.0,37.099637509706646,0.0,0.0,16.248091496766506,1.0,0.0,100.0,0.0,24.964723819589917,346.39097893891187,522.5
15,w0_storm_diesel_start,34,2026-02-04 10:00:00+08:00,74.42599994309165,0.0,0.0,38.910179142183495,0.0,0.0,37.90792519052057,0.0,0.0,19.58297453158087,1.0,0.0,100.0,0.0,0.0,347.34097893891186,522.5
15,w0_storm_diesel_start,35,2026-02-04 11:00:00+08:00,57.104066697072234,0.0,1.0,0.0,0.0,0.0,36.91815880473454,0.0,0.0,1.2364382360224653,1.0,0.0,200.0,0.0,27.035276180410047,306.38289563135027,522.5
15,w0_storm_diesel_start,36,2026-02-04 12:00:00+08:00,97.43307399625046,0.0,0.0,0.0,0.0,0.0,36.24505743567419,0.0,0.0,0.0,1.0,0.0,186.83590484312714,0.0,51.17157287525381,307.33289563135025,522.5
15,w0_storm_diesel_start,37,2026-02-04 13:00:00+08:00,73.9487821844907,0.0,1.0,0.0,0.0,0.0,37.35462409559097,0.0,0.0,0.0,1.0,0.0,185.93741772751596,0.0,28.828427124746163,307.33289563135025,522.5
15,w0_storm_diesel_start,38,2026-02-04 14:00:00+08:00,96.04667927732076,0.0,57.25032739005091,0.0,0.0,0.0,36.27669630055959,0.0,0.0,17.263008429375574,1.0,0.0,200.0,0.0,29.464101615137725,308.28289563135024,522.5
15,w0_storm_diesel_start,39,2026-02-04 15:00:00+08:00,84.46738167677425,0.0,0.0,0.0,0.0,0.0,35.75297225202479,0.0,0.0,0.0,1.0,0.0,174.88217233431826,0.0,29.86370330515626,362.6707066518986,522.5
15,w0_storm_diesel_start,40,2026-02-04 16:00:00+08:00,80.63211528197043,0.0,2.761395141642332,0.0,0.0,0.0,34.02464410588767,0.0,0.0,0.0,1.0,0.0,200.0,0.0,54.0,362.6707066518986,522.5
15,w0_storm_diesel_start,41,2026-02-04 17:00:00+08:00,107.66039416117357,0.0,0.0,0.0,0.0,0.0,33.984091870280785,0.0,0.0,17.777068454611502,1.0,0.0,153.78412832402628,0.0,55.86370330515627,365.2940320364588,522.5
15,w0_storm_diesel_start,42,2026-02-04 18:00:00+08:00,47.89177858574511,0.0,1.0,0.0,0.0,0.0,33.76466304286411,0.0,0.0,2.7255500544270745,1.0,0.0,200.0,0.0,29.464101615137757,365.2940320364588,522.5
15,w0_storm_diesel_start,43,2026-02-04 19:00:00+08:00,92.40627275359736,0.0,45.41881687037717,0.0,0.0,0.0,34.735004235592555,0.0,0.0,0.0,1.0,0.0,200.0,0.0,28.828427124746216,366.2440320364588,522.5
15,w0_storm_diesel_start,44,2026-02-04 20:00:00+08:00,94.49133838480533,0.0,21.470305299193523,0.0,0.0,0.0,32.45110954148701,0.0,0.0,0.0,1.0,0.0,158.62873270123703,0.0,28.0,409.39190806331715,522.5
15,w0_storm_diesel_start,45,2026-02-04 21:00:00+08:00,60.241985050262386,0.0,39.36670968414061,0.0,0.0,0.0,33.75676043072038,0.0,0.0,14.779606158709342,1.0,0.0,200.0,0.0,27.035276180410087,429.788698097551,522.5
15,w0_storm_diesel_start,46,2026-02-04 22:00:00+08:00,66.51638221660272,0.0,0.0,0.0,0.0,0.0,34.41959567486781,0.0,0.0,0.0,1.0,0.0,168.32935729566364,0.0,26.0,467.1870722974846,522.5
15,w0_storm_diesel_start,47,2026-02-04 23:00:00+08:00,72.29642643886751,0.0,59.860341728118655,0.0,0.0,0.0,34.65730784212104,0.0,0.0,14.04865310747628,1.0,0.0,200.0,0.0,24.964723819589917,467.1870722974846,522.5
15,w0_storm_diesel_start,48,2026-02-05 00:00:00+08:00,63.16356614439167,0.0,34.38720565801748,0.0,0.0,0.0,35.1100488963602,0.0,0.0,0.0,1.0,0.0,200.0,0.0,24.0,524.0543969391973,522.5
15,w0_storm_diesel_start,49,2026-02-05 01:00:00+08:00,67.0460936453506,0.0,51.900687253783744,0.0,0.0,0.0,33.38215622484842,0.0,0.0,0.0,1.0,0.0,200.0,0.0,23.17157287525386,556.7222423143139,522.5
15,w0_storm_diesel_start,50,2026-02-05 02:00:00+08:00,63.778663221215865,0.0,0.0,0.0,0.0,0.0,35.77247842718687,0.0,0.0,0.0,1.0,0.0,158.40612216700754,0.0,22.535898384862247,606.0278952054084,522.5
15,w0_storm_diesel_start,51,2026-02-05 03:00:00+08:00,70.0,0.0,47.91142641081342,0.0,0.0,0.0,36.28076794610962,0.0,0.0,0.0,1.0,0.0,200.0,0.0,22.136296694843725,606.0278952054084,522.5
15,w0_storm_diesel_start,52,2026-02-05 04:00:00+08:00,66.17610262689055,0.0,37.1562407995619,0.0,0.0,0.0,35.45369296349774,0.0,0.0,0.0,1.0,0.0,200.0,0.0,22.0,651.5437502956812,522.5
15,w0_storm_diesel_start,53,2026-02-05 05:00:00+08:00,62.69214554137138,0.0,1.0,0.0,0.0,0.0,37.42252213948602,0.0,0.0,0.0,1.0,0.0,167.08267152270253,0.0,22.136296694843725,686.842179055265,522.5
15,w0_storm_diesel_start,54,2026-02-05 06:00:00+08:00,70.0,0.0,29.113993854218165,0.0,0.0,0.0,36.930027841145986,0.0,0.0,0.0,1.0,0.0,200.0,0.0,22.535898384862247,687.792179055265,522.5
15,w0_storm_diesel_start,55,2026-02-05 07:00:00+08:00,66.91994613238938,0.0,1.0,0.0,0.0,0.0,37.93715091183955,0.0,0.0,0.0,1.0,0.0,175.23649609776024,0.0,23.17157287525381,715.4504732167723,522.5
15,w0_storm_diesel_start,56,2026-02-05 08:00:00+08:00,70.0,0.0,1.0,0.0,0.0,0.0,38.460679103982564,0.0,0.0,0.0,1.0,0.0,175.1309055212656,0.0,24.0,716.4004732167723,522.5
15,w0_storm_diesel_start,57,2026-02-05 09:00:00+08:00,64.96905503411166,0.0,15.6223211948872,0.0,0.0,0.0,38.38205518538873,0.0,0.0,0.0,1.0,0.0,200.0,0.0,24.964723819589917,717.3504732167723,522.5
15,w0_storm_diesel_start,58,2026-02-05 10:00:00+08:00,65.51862051804498,0.0,13.614075832954569,0.0,0.0,0.0,37.56011437204766,0.0,0.0,0.0,1.0,0.0,200.0,0.0,26.0,732.1916783519151,522.5
15,w0_storm_diesel_start,59,2026-02-05 11:00:00+08:00,64.60670407639905,0.0,5.131525901871772,0.0,0.0,0.0,36.85251261535652,0.0,0.0,0.0,1.0,0.0,200.0,0.0,27.035276180410083,745.125050393222,522.5
15,w0_storm_diesel_start,60,2026-02-05 12:00:00+08:00,63.20869052393125,0.0,0.0,0.0,0.0,0.0,37.418626095065356,0.0,0.0,18.46521017687115,1.0,-0.0,179.26042455229896,0.0,28.0,750.0,522.5
15,w0_storm_diesel_start,61,2026-02-05 13:00:00+08:00,62.88543591605395,0.0,0.0,0.0,0.0,0.0,36.43633984515527,0.0,0.0,4.1819782516949005,1.0,-0.0,200.0,0.0,28.82842712474619,750.0,522.5
15,w0_storm_diesel_start,62,2026-02-05 14:00:00+08:00,68.58435120616952,0.0,0.0,0.0,0.0,0.0,35.69261326080196,0.0,0.0,4.253301568967544,1.0,-0.0,188.83749204693385,0.0,29.464101615137746,750.0,522.5
15,w0_storm_diesel_start,63,2026-02-05 15:00:00+08:00,66.99606003434437,0.0,0.0,0.0,0.0,0.0,36.02961191418321,0.0,0.0,0.0,1.0,-0.0,189.4119034277914,0.0,29.863703305156285,750.0,522.5
15,w0_storm_diesel_start,64,2026-02-05 16:00:00+08:00,70.0,0.0,0.0,0.0,0.0,0.0,34.51720185627605,0.0,0.0,18.988552935035436,1.0,-0.0,166.8207486674649,0.0,30.0,750.0,522.5
15,w0_storm_diesel_start,65,2026-02-05 17:00:00+08:00,64.21895857339183,0.0,0.0,0.0,0.0,0.0,33.372558631361784,0.0,0.0,19.222150636220476,1.0,-0.0,168.00746243023903,0.0,29.863703305156253,750.0,522.5
15,w0_storm_diesel_start,66,2026-02-05 18:00:00+08:00,64.94949497272559,0.0,0.0,0.0,0.0,0.0,34.29995200360956,0.0,0.0,18.132423807913742,1.0,-0.0,169.74135299000793,0.0,29.464101615137757,750.0,522.5
15,w0_storm_diesel_start,67,2026-02-05 19:00:00+08:00,68.18578141586526,0.0,0.0,27.37848043848551,0.0,0.0,32.847272221003365,0.0,0.0,17.218103472044223,1.0,-0.0,100.0,0.0,0.0,750.0,522.5
15,w0_storm_diesel_start,68,2026-02-05 20:00:00+08:00,70.0,0.0,0.0,48.76960142483785,0.0,0.0,32.37127122507556,0.0,0.0,15.310062476641377,1.0,-0.0,100.0,0.0,28.0,721.1805469068574,522.5
15,w0_storm_diesel_start,69,2026-02-05 21:00:00+08:00,66.49684954532208,0.0,0.0,47.45430632421691,0.0,0.0,33.04146854371466,0.0,0.0,13.772895541591822,1.0,-0.0,100.0,0.0,27.035276180410083,669.8441243543965,522.5
15,w0_storm_diesel_start,70,2026-02-05 22:00:00+08:00,63.04837590243521,0.0,0.0,53.7149361296277,0.0,0.0,32.41286286695189,0.0,0.0,15.652406253708147,1.0,-0.0,100.0,0.0,26.0,619.892222960484,522.5
15,w0_storm_diesel_start,71,2026-02-05 23:00:00+08:00,66.88010735511183,0.0,0.0,41.88056381409579,0.0,0.0,33.36262260485225,0.0,0.0,13.685378729763332,1.0,-0.0,100.0,0.0,24.964723819589917,563.3501849292969,522.5
15,w0_storm_diesel_start,72,2026-02-06 00:00:00+08:00,60.03195203157863,0.0,0.0,53.96228863246591,0.0,0.0,32.3906475148368,0.0,0.0,14.609861663202143,1.0,-0.0,100.0,0.0,24.0,519.2653809144592,522.5
15,w0_storm_diesel_start,73,2026-02-06 01:00:00+08:00,63.32778503469494,0.0,0.0,45.078679913845974,0.0,0.0,35.20391380940819,0.0,0.0,13.770223480689946,1.0,-0.0,100.0,0.0,23.17157287525381,462.462971827653,522.5
15,w0_storm_diesel_start,74,2026-02-06 02:00:00+08:00,67.87390036972283,0.0,0.0,56.82021897507834,0.0,0.0,35.40192498691937,0.0,0.0,2.5443553304567956,1.0,-0.0,100.0,0.0,22.535898384862247,415.0117298130783,522.5
15,w0_storm_diesel_start,75,2026-02-06 03:00:00+08:00,70.0,0.0,0.0,31.0,0.0,0.0,36.113218488293626,0.0,0.0,13.257378771531773,1.0,-0.0,100.0,0.0,17.673918954444463,355.2009729972064,522.5
15,w0_storm_diesel_start,76,2026-02-06 04:00:00+08:00,67.4397267820387,0.0,0.0,36.77449583225252,0.0,0.0,35.160222114932886,0.0,0.0,14.187500597903043,1.0,-0.0,100.0,0.0,16.48345052803239,322.56939404983814,522.5
15,w0_storm_diesel_start,77,2026-02-06 05:00:00+08:00,67.20966585517859,0.0,0.0,48.321092033145405,0.0,0.0,35.18845284123669,0.0,0.0,16.37722134793758,1.0,-0.0,100.0,0.0,22.136296694843725,283.85939843694075,522.5
15,w0_storm_diesel_start,78,2026-02-06 06:00:00+08:00,125.32351041740993,0.0,0.0,0.0,0.0,0.0,36.83187918698677,0.0,0.0,10.299947020388174,1.0,-0.0,100.0,0.0,22.535898384862247,232.99509103362982,522.5
15,w0_storm_diesel_start,79,2026-02-06 07:00:00+08:00,128.453063598412,0.0,0.0,0.0,0.0,0.0,37.41590744914075,0.0,0.0,12.098659104042298,1.0,-0.0,100.0,0.0,23.17157287525381,232.99509103362982,522.5
15,w0_storm_diesel_start,80,2026-02-06 08:00:00+08:00,74.15847843208888,0.0,0.0,58.732599302566626,0.0,0.0,37.09092074390488,0.0,0.0,18.464882203452333,1.0,-0.0,100.0,0.4000124316929158,24.0,232.99509103362982,522.5
15,w0_storm_diesel_start,81,2026-02-06 09:00:00+08:00,94.40346012468815,0.0,0.0,50.47735389303452,0.0,0.0,37.24650239532772,0.0,0.0,16.79812591889912,1.0,-0.0,100.0,12.0,24.964723819589917,171.171302294086,522.5
15,w0_storm_diesel_start,82,2026-02-06 10:00:00+08:00,35.47483390793267,0.0,0.0,0.0,0.0,0.0,37.923167947448135,0.0,0.0,19.198448243400055,1.0,-0.0,200.0,0.0,23.542060625668523,118.03724556457598,522.5
15,w0_storm_diesel_start,83,2026-02-06 11:00:00+08:00,125.6124058870775,0.0,0.0,0.0,0.0,0.0,37.22848025960789,0.0,0.0,0.0,1.0,0.0,132.11741951802185,0.0,32.422162905698244,118.03724556457598,522.5
15,w0_storm_diesel_start,84,2026-02-06 12:00:00+08:00,81.79066203082705,0.0,0.0,0.0,0.0,0.0,36.88832826023798,0.0,0.0,0.0,1.0,0.0,180.02862835482466,0.0,28.0,118.03724556457598,522.5
15,w0_storm_diesel_start,85,2026-02-06 13:00:00+08:00,148.15442765511028,0.0,0.0,0.0,0.0,0.0,36.92364416398846,0.0,0.0,0.0,1.0,0.0,112.30666333033085,0.0,28.82842712474619,118.03724556457598,522.5
15,w0_storm_diesel_start,86,2026-02-06 14:00:00+08:00,105.12888335414912,0.0,0.0,0.0,0.0,0.0,35.385625879467604,0.0,0.0,0.0,1.0,0.0,153.75675783730097,0.0,23.373125214311553,118.03724556457598,522.5
15,w0_storm_diesel_start,87,2026-02-06 15:00:00+08:00,83.47241313497469,0.0,0.0,0.0,0.0,0.0,35.900391657119926,0.0,0.0,0.0,1.0,0.0,176.98599276519937,0.0,29.86370330515627,118.03724556457598,522.5
15,w0_storm_diesel_start,88,2026-02-06 16:00:00+08:00,91.32963686942165,0.0,0.0,0.0,0.0,0.0,35.94250599796858,0.0,0.0,0.0,1.0,0.0,167.2547868135245,0.0,30.0,118.03724556457598,522.5
15,w0_storm_diesel_start,89,2026-02-06 17:00:00+08:00,95.18919505972578,0.0,0.0,0.0,0.0,0.0,33.39593366359448,0.0,0.0,0.0,1.0,0.0,155.74279917820758,0.0,29.86370330515627,118.03724556457598,522.5
15,w0_storm_diesel_start,90,2026-02-06 18:00:00+08:00,71.85531209776492,0.0,0.0,0.0,0.0,0.0,33.4846750067749,0.0,0.0,0.0,1.0,0.0,199.27023355713416,0.0,58.29252873988395,118.03724556457598,522.5
15,w0_storm_diesel_start,91,2026-02-06 19:00:00+08:00,56.27767159256493,0.0,0.0,0.0,0.0,0.0,34.644972410150345,0.0,0.0,0.0,1.0,0.0,191.02060892825327,0.0,28.82842712474619,118.03724556457598,522.5
15,w0_storm_diesel_start,92,2026-02-06 20:00:00+08:00,74.32291397010842,0.0,0.0,0.0,0.0,0.0,34.392915142481286,0.0,0.0,0.0,1.0,0.0,162.54301167588216,0.0,28.0,118.03724556457598,522.5
15,w0_storm_diesel_start,93,2026-02-06 21:00:00+08:00,65.87016034480183,0.0,0.0,0.0,0.0,0.0,31.597375263559435,0.0,0.0,0.0,1.0,0.0,157.21822808808975,0.0,17.008706882049307,118.03724556457598,522.5
15,w0_storm_diesel_start,94,2026-02-06 22:00:00+08:00,104.19617247844218,0.0,0.0,0.0,0.0,0.0,33.415106712196106,0.0,0.0,0.0,1.0,0.0,128.45047203292376,5.6615480923641694,26.0,118.03724556457598,522.5
15,w0_storm_diesel_start,95,2026-02-06 23:00:00+08:00,88.04182442949815,0.0,0.0,0.0,0.0,0.0,34.67699502373474,0.0,0.0,8.195830743751262,1.0,0.0,100.0,0.0,0.0,118.03724556457598,522.5
