wind_kw,pv_kw,diesel_units,battery_kwh,pcs_kw,ups_kwh,ups_kw,objective_yuan,investment_yuan,mean_operation_yuan,feasible,core_bridge_pass,required_ups_kwh,required_ups_kw,flex_adjusted_mean_kwh
0.0,0.0,0,0.0,0.0,500.0,100.0,1555652.2825396922,250000.0,1305652.2825396922,False,True,315.6920523800024,59.192259821250445,3865.8930600743543
0.0,0.0,0,0.0,0.0,500.0,150.0,1568152.2825396922,262500.0,1305652.2825396922,False,True,315.6920523800024,59.192259821250445,3865.8930600743543
0.0,0.0,0,0.0,200.0,500.0,100.0,1635652.2825396922,330000.0,1305652.2825396922,False,True,315.6920523800024,59.192259821250445,3865.8930600743543
0.0,0.0,0,0.0,0.0,700.0,100.0,1645652.2825396922,340000.0,1305652.2825396922,False,True,315.6920523800024,59.192259821250445,3865.8930600743543
0.0,0.0,0,0.0,200.0,500.0,150.0,1648152.2825396922,342500.0,1305652.2825396922,False,True,315.6920523800024,59.192259821250445,3865.8930600743543
0.0,0.0,0,0.0,0.0,700.0,150.0,1658152.2825396922,352500.0,1305652.2825396922,False,True,315.6920523800024,59.192259821250445,3865.8930600743543
0.0,0.0,0,0.0,400.0,500.0,100.0,1715652.2825396922,410000.0,1305652.2825396922,False,True,315.6920523800024,59.192259821250445,3865.8930600743543
0.0,0.0,0,0.0,200.0,700.0,100.0,1725652.2825396922,420000.0,1305652.2825396922,False,True,315.6920523800024,59.192259821250445,3865.8930600743543
0.0,0.0,0,0.0,400.0,500.0,150.0,1728152.2825396922,422500.0,1305652.2825396922,False,True,315.6920523800024,59.192259821250445,3865.8930600743543
0.0,0.0,1,0.0,0.0,500.0,100.0,1741566.0325396922,430000.0,1311566.0325396922,False,True,315.6920523800024,59.192259821250445,3865.8930600743543
0.0,0.0,0,0.0,200.0,700.0,150.0,1738152.2825396922,432500.0,1305652.2825396922,False,True,315.6920523800024,59.192259821250445,3865.8930600743543
0.0,0.0,1,0.0,0.0,500.0,150.0,1754066.0325396922,442500.0,1311566.0325396922,False,True,315.6920523800024,59.192259821250445,3865.8930600743543
0.0,200.0,0,0.0,0.0,500.0,100.0,1510071.3883408702,450000.0,1060071.3883408702,False,True,315.6920523800024,59.192259821250445,3865.8930600743543
0.0,200.0,0,0.0,0.0,500.0,150.0,1522571.3883408702,462500.0,1060071.3883408702,False,True,315.6920523800024,59.192259821250445,3865.8930600743543
0.0,0.0,0,0.0,600.0,500.0,100.0,1795652.2825396922,490000.0,1305652.2825396922,False,True,315.6920523800024,59.192259821250445,3865.8930600743543
0.0,0.0,0,0.0,400.0,700.0,100.0,1805652.2825396922,500000.0,1305652.2825396922,False,True,315.6920523800024,59.192259821250445,3865.8930600743543
0.0,0.0,0,0.0,600.0,500.0,150.0,1808152.2825396922,502500.0,1305652.2825396922,False,True,315.6920523800024,59.192259821250445,3865.8930600743543
0.0,0.0,1,0.0,200.0,500.0,100.0,1821566.0325396922,510000.0,1311566.0325396922,False,True,315.6920523800024,59.192259821250445,3865.8930600743543
0.0,0.0,0,0.0,400.0,700.0,150.0,1818152.2825396922,512500.0,1305652.2825396922,False,True,315.6920523800024,59.192259821250445,3865.8930600743543
0.0,0.0,1,0.0,0.0,700.0,100.0,1831566.0325396922,520000.0,1311566.0325396922,False,True,315.6920523800024,59.192259821250445,3865.8930600743543
0.0,0.0,1,0.0,200.0,500.0,150.0,1834066.0325396922,522500.0,1311566.0325396922,False,True,315.6920523800024,59.192259821250445,3865.8930600743543
0.0,200.0,0,0.0,200.0,500.0,100.0,1590071.3883408702,530000.0,1060071.3883408702,False,True,315.6920523800024,59.192259821250445,3865.8930600743543
0.0,0.0,1,0.0,0.0,700.0,150.0,1844066.0325396922,532500.0,1311566.0325396922,False,True,315.6920523800024,59.192259821250445,3865.8930600743543
0.0,200.0,0,0.0,0.0,700.0,100.0,1600071.3883408702,540000.0,1060071.3883408702,False,True,315.6920523800024,59.192259821250445,3865.8930600743543
0.0,200.0,0,0.0,200.0,500.0,150.0,1602571.3883408702,542500.0,1060071.3883408702,False,True,315.6920523800024,59.192259821250445,3865.8930600743543
200.0,0.0,0,0.0,0.0,500.0,100.0,1375486.276507222,550000.0,825486.2765072221,False,True,315.6920523800024,59.192259821250445,3865.8930600743543
0.0,200.0,0,0.0,0.0,700.0,150.0,1612571.3883408702,552500.0,1060071.3883408702,False,True,315.6920523800024,59.192259821250445,3865.8930600743543
200.0,0.0,0,0.0,0.0,500.0,150.0,1387986.276507222,562500.0,825486.2765072221,False,True,315.6920523800024,59.192259821250445,3865.8930600743543
0.0,0.0,0,0.0,600.0,700.0,100.0,1885652.2825396922,580000.0,1305652.2825396922,False,True,315.6920523800024,59.192259821250445,3865.8930600743543
0.0,0.0,1,0.0,400.0,500.0,100.0,1901566.0325396922,590000.0,1311566.0325396922,False,True,315.6920523800024,59.192259821250445,3865.8930600743543
0.0,0.0,0,0.0,600.0,700.0,150.0,1898152.2825396922,592500.0,1305652.2825396922,False,True,315.6920523800024,59.192259821250445,3865.8930600743543
0.0,0.0,1,0.0,200.0,700.0,100.0,1911566.0325396922,600000.0,1311566.0325396922,False,True,315.6920523800024,59.192259821250445,3865.8930600743543
0.0,0.0,1,0.0,400.0,500.0,150.0,1914066.0325396922,602500.0,1311566.0325396922,False,True,315.6920523800024,59.192259821250445,3865.8930600743543
0.0,0.0,2,0.0,0.0,500.0,100.0,1927242.2825396922,610000.0,1317242.2825396922,False,True,315.6920523800024,59.192259821250445,2156.576628081344
0.0,200.0,0,0.0,400.0,500.0,100.0,1670071.3883408702,610000.0,1060071.3883408702,False,True,315.6920523800024,59.192259821250445,3865.8930600743543
0.0,0.0,1,0.0,200.0,700.0,150.0,1924066.0325396922,612500.0,1311566.0325396922,False,True,315.6920523800024,59.192259821250445,3865.8930600743543
0.0,200.0,0,0.0,200.0,700.0,100.0,1680071.3883408702,620000.0,1060071.3883408702,False,True,315.6920523800024,59.192259821250445,3865.8930600743543
0.0,0.0,2,0.0,0.0,500.0,150.0,1939742.2825396922,622500.0,1317242.2825396922,False,True,315.6920523800024,59.192259821250445,2156.576628081344
0.0,200.0,0,0.0,400.0,500.0,150.0,1682571.3883408702,622500.0,1060071.3883408702,False,True,315.6920523800024,59.192259821250445,3865.8930600743543
0.0,0.0,0,1500.0,0.0,500.0,100.0,1930652.2825396922,625000.0,1305652.2825396922,False,True,315.6920523800024,59.192259821250445,3865.8930600743543
0.0,200.0,1,0.0,0.0,500.0,100.0,1695985.1383408702,630000.0,1065985.1383408702,False,True,315.6920523800024,59.192259821250445,3313.276144089339
200.0,0.0,0,0.0,200.0,500.0,100.0,1455486.276507222,630000.0,825486.2765072221,False,True,315.6920523800024,59.192259821250445,3863.7343221433985
0.0,200.0,0,0.0,200.0,700.0,150.0,1692571.3883408702,632500.0,1060071.3883408702,False,True,315.6920523800024,59.192259821250445,3865.8930600743543
0.0,0.0,0,1500.0,0.0,500.0,150.0,1943152.2825396922,637500.0,1305652.2825396922,False,True,315.6920523800024,59.192259821250445,3865.8930600743543
200.0,0.0,0,0.0,0.0,700.0,100.0,1465486.276507222,640000.0,825486.2765072221,False,True,315.6920523800024,59.192259821250445,3865.8930600743543
0.0,200.0,1,0.0,0.0,500.0,150.0,1708485.1383408702,642500.0,1065985.1383408702,False,True,315.6920523800024,59.192259821250445,3313.276144089339
200.0,0.0,0,0.0,200.0,500.0,150.0,1467986.276507222,642500.0,825486.2765072221,False,True,315.6920523800024,59.192259821250445,3863.7343221433985
0.0,400.0,0,0.0,0.0,500.0,100.0,1492925.245293745,650000.0,842925.2452937451,False,True,315.6920523800024,59.192259821250445,3865.8930600743543
200.0,0.0,0,0.0,0.0,700.0,150.0,1477986.276507222,652500.0,825486.2765072221,False,True,315.6920523800024,59.192259821250445,3865.8930600743543
0.0,400.0,0,0.0,0.0,500.0,150.0,1505425.245293745,662500.0,842925.2452937451,False,True,315.6920523800024,59.192259821250445,3865.8930600743543
0.0,0.0,1,0.0,600.0,500.0,100.0,1981566.0325396922,670000.0,1311566.0325396922,False,True,315.6920523800024,59.192259821250445,3865.8930600743543
0.0,0.0,1,0.0,400.0,700.0,100.0,1991566.0325396922,680000.0,1311566.0325396922,False,True,315.6920523800024,59.192259821250445,3865.8930600743543
0.0,0.0,1,0.0,600.0,500.0,150.0,1994066.0325396922,682500.0,1311566.0325396922,False,True,315.6920523800024,59.192259821250445,3865.8930600743543
0.0,0.0,2,0.0,200.0,500.0,100.0,2007242.2825396922,690000.0,1317242.2825396922,False,True,315.6920523800024,59.192259821250445,2156.576628081344
0.0,200.0,0,0.0,600.0,500.0,100.0,1750071.3883408702,690000.0,1060071.3883408702,False,True,315.6920523800024,59.192259821250445,3865.8930600743543
0.0,0.0,1,0.0,400.0,700.0,150.0,2004066.0325396922,692500.0,1311566.0325396922,False,True,315.6920523800024,59.192259821250445,3865.8930600743543
0.0,0.0,2,0.0,0.0,700.0,100.0,2017242.2825396922,700000.0,1317242.2825396922,False,True,315.6920523800024,59.192259821250445,2156.576628081344
0.0,200.0,0,0.0,400.0,700.0,100.0,1760071.3883408702,700000.0,1060071.3883408702,False,True,315.6920523800024,59.192259821250445,3865.8930600743543
0.0,0.0,2,0.0,200.0,500.0,150.0,2019742.2825396922,702500.0,1317242.2825396922,False,True,315.6920523800024,59.192259821250445,2156.576628081344
0.0,200.0,0,0.0,600.0,500.0,150.0,1762571.3883408702,702500.0,1060071.3883408702,False,True,315.6920523800024,59.192259821250445,3865.8930600743543
0.0,0.0,0,1500.0,200.0,500.0,100.0,2010652.2825396922,705000.0,1305652.2825396922,False,True,315.6920523800024,59.192259821250445,3802.2120025446893
0.0,200.0,1,0.0,200.0,500.0,100.0,1775985.1383408702,710000.0,1065985.1383408702,False,True,315.6920523800024,59.192259821250445,3313.276144089339
200.0,0.0,0,0.0,400.0,500.0,100.0,1535486.276507222,710000.0,825486.2765072221,False,True,315.6920523800024,59.192259821250445,3863.7343221433985
0.0,0.0,2,0.0,0.0,700.0,150.0,2029742.2825396922,712500.0,1317242.2825396922,False,True,315.6920523800024,59.192259821250445,2156.576628081344
0.0,200.0,0,0.0,400.0,700.0,150.0,1772571.3883408702,712500.0,1060071.3883408702,False,True,315.6920523800024,59.192259821250445,3865.8930600743543
0.0,0.0,0,1500.0,0.0,700.0,100.0,2020652.2825396922,715000.0,1305652.2825396922,False,True,315.6920523800024,59.192259821250445,3865.8930600743543
0.0,0.0,0,1500.0,200.0,500.0,150.0,2023152.2825396922,717500.0,1305652.2825396922,False,True,315.6920523800024,59.192259821250445,3802.2120025446893
0.0,200.0,1,0.0,0.0,700.0,100.0,1785985.1383408702,720000.0,1065985.1383408702,False,True,315.6920523800024,59.192259821250445,3313.276144089339
200.0,0.0,0,0.0,200.0,700.0,100.0,1545486.276507222,720000.0,825486.2765072221,False,True,315.6920523800024,59.192259821250445,3863.7343221433985
0.0,200.0,1,0.0,200.0,500.0,150.0,1788485.1383408702,722500.0,1065985.1383408702,False,True,315.6920523800024,59.192259821250445,3313.276144089339
200.0,0.0,0,0.0,400.0,500.0,150.0,1547986.276507222,722500.0,825486.2765072221,False,True,315.6920523800024,59.192259821250445,3863.7343221433985
0.0,0.0,0,1500.0,0.0,700.0,150.0,2033152.2825396922,727500.0,1305652.2825396922,False,True,315.6920523800024,59.192259821250445,3865.8930600743543
0.0,400.0,0,0.0,200.0,500.0,100.0,1572925.245293745,730000.0,842925.2452937451,False,True,315.6920523800024,59.192259821250445,3195.9518871433934
200.0,0.0,1,0.0,0.0,500.0,100.0,1561400.026507222,730000.0,831400.0265072221,False,True,315.6920523800024,59.192259821250445,2562.771352790423
0.0,200.0,1,0.0,0.0,700.0,150.0,1798485.1383408702,732500.0,1065985.1383408702,False,True,315.6920523800024,59.192259821250445,3313.276144089339
200.0,0.0,0,0.0,200.0,700.0,150.0,1557986.276507222,732500.0,825486.2765072221,False,True,315.6920523800024,59.192259821250445,3863.7343221433985
0.0,400.0,0,0.0,0.0,700.0,100.0,1582925.245293745,740000.0,842925.2452937451,False,True,315.6920523800024,59.192259821250445,3865.8930600743543
0.0,400.0,0,0.0,200.0,500.0,150.0,1585425.245293745,742500.0,842925.2452937451,False,True,315.6920523800024,59.192259821250445,3195.9518871433934
200.0,0.0,1,0.0,0.0,500.0,150.0,1573900.026507222,742500.0,831400.0265072221,False,True,315.6920523800024,59.192259821250445,2562.771352790423
200.0,200.0,0,0.0,0.0,500.0,100.0,1335172.1816036687,750000.0,585172.1816036686,False,True,315.6920523800024,59.192259821250445,3865.8930600743543
0.0,400.0,0,0.0,0.0,700.0,150.0,1595425.245293745,752500.0,842925.2452937451,False,True,315.6920523800024,59.192259821250445,3865.8930600743543
0.0,0.0,1,0.0,600.0,700.0,100.0,2071566.0325396922,760000.0,1311566.0325396922,False,True,315.6920523800024,59.192259821250445,3865.8930600743543
200.0,200.0,0,0.0,0.0,500.0,150.0,1347672.1816036687,762500.0,585172.1816036686,False,True,315.6920523800024,59.192259821250445,3865.8930600743543
0.0,0.0,2,0.0,400.0,500.0,100.0,2087242.2825396922,770000.0,1317242.2825396922,False,True,315.6920523800024,59.192259821250445,2156.576628081344
0.0,0.0,1,0.0,600.0,700.0,150.0,2084066.0325396922,772500.0,1311566.0325396922,False,True,315.6920523800024,59.192259821250445,3865.8930600743543
0.0,0.0,2,0.0,200.0,700.0,100.0,2097242.2825396922,780000.0,1317242.2825396922,False,True,315.6920523800024,59.192259821250445,2156.576628081344
0.0,200.0,0,0.0,600.0,700.0,100.0,1840071.3883408702,780000.0,1060071.3883408702,False,True,315.6920523800024,59.192259821250445,3865.8930600743543
0.0,0.0,2,0.0,400.0,500.0,150.0,2099742.2825396922,782500.0,1317242.2825396922,False,True,315.6920523800024,59.192259821250445,2156.576628081344
0.0,0.0,0,1500.0,400.0,500.0,100.0,2090652.2825396922,785000.0,1305652.2825396922,False,True,315.6920523800024,59.192259821250445,3708.3402300771795
0.0,0.0,3,0.0,0.0,500.0,100.0,2107242.2825396922,790000.0,1317242.2825396922,False,True,315.6920523800024,59.192259821250445,2156.576628081344
0.0,200.0,1,0.0,400.0,500.0,100.0,1855985.1383408702,790000.0,1065985.1383408702,False,True,315.6920523800024,59.192259821250445,3313.276144089339
200.0,0.0,0,0.0,600.0,500.0,100.0,1615486.276507222,790000.0,825486.2765072221,False,True,315.6920523800024,59.192259821250445,3863.7343221433985
0.0,0.0,2,0.0,200.0,700.0,150.0,2109742.2825396922,792500.0,1317242.2825396922,False,True,315.6920523800024,59.192259821250445,2156.576628081344
0.0,200.0,0,0.0,600.0,700.0,150.0,1852571.3883408702,792500.0,1060071.3883408702,False,True,315.6920523800024,59.192259821250445,3865.8930600743543
0.0,0.0,0,1500.0,200.0,700.0,100.0,2100652.2825396922,795000.0,1305652.2825396922,False,True,315.6920523800024,59.192259821250445,3802.2120025446893
0.0,0.0,0,1500.0,400.0,500.0,150.0,2103152.2825396922,797500.0,1305652.2825396922,False,True,315.6920523800024,59.192259821250445,3708.3402300771795
0.0,200.0,1,0.0,200.0,700.0,100.0,1865985.1383408702,800000.0,1065985.1383408702,False,True,315.6920523800024,59.192259821250445,3313.276144089339
200.0,0.0,0,0.0,400.0,700.0,100.0,1625486.276507222,800000.0,825486.2765072221,False,True,315.6920523800024,59.192259821250445,3863.7343221433985
0.0,0.0,3,0.0,0.0,500.0,150.0,2119742.2825396922,802500.0,1317242.2825396922,False,True,315.6920523800024,59.192259821250445,2156.576628081344
0.0,200.0,1,0.0,400.0,500.0,150.0,1868485.1383408702,802500.0,1065985.1383408702,False,True,315.6920523800024,59.192259821250445,3313.276144089339
200.0,0.0,0,0.0,600.0,500.0,150.0,1627986.276507222,802500.0,825486.2765072221,False,True,315.6920523800024,59.192259821250445,3863.7343221433985
0.0,0.0,1,1500.0,0.0,500.0,100.0,2116566.0325396922,805000.0,1311566.0325396922,False,True,315.6920523800024,59.192259821250445,3865.8930600743543
0.0,0.0,0,1500.0,200.0,700.0,150.0,2113152.2825396922,807500.0,1305652.2825396922,False,True,315.6920523800024,59.192259821250445,3802.2120025446893
0.0,200.0,2,0.0,0.0,500.0,100.0,1881661.3883408702,810000.0,1071661.3883408702,False,True,315.6920523800024,59.192259821250445,1051.7114471702214
0.0,400.0,0,0.0,400.0,500.0,100.0,1652925.245293745,810000.0,842925.2452937451,False,True,315.6920523800024,59.192259821250445,3195.9518871433934
200.0,0.0,1,0.0,200.0,500.0,100.0,1641400.026507222,810000.0,831400.0265072221,False,True,315.6920523800024,59.192259821250445,2562.771352790423
0.0,200.0,1,0.0,200.0,700.0,150.0,1878485.1383408702,812500.0,1065985.1383408702,False,True,315.6920523800024,59.192259821250445,3313.276144089339
200.0,0.0,0,0.0,400.0,700.0,150.0,1637986.276507222,812500.0,825486.2765072221,False,True,315.6920523800024,59.192259821250445,3863.7343221433985
0.0,0.0,1,1500.0,0.0,500.0,150.0,2129066.0325396922,817500.0,1311566.0325396922,False,True,315.6920523800024,59.192259821250445,3865.8930600743543
0.0,400.0,0,0.0,200.0,700.0,100.0,1662925.245293745,820000.0,842925.2452937451,False,True,315.6920523800024,59.192259821250445,3195.9518871433934
200.0,0.0,1,0.0,0.0,700.0,100.0,1651400.026507222,820000.0,831400.0265072221,False,True,315.6920523800024,59.192259821250445,2562.771352790423
0.0,200.0,2,0.0,0.0,500.0,150.0,1894161.3883408702,822500.0,1071661.3883408702,False,True,315.6920523800024,59.192259821250445,1051.7114471702214
0.0,400.0,0,0.0,400.0,500.0,150.0,1665425.245293745,822500.0,842925.2452937451,False,True,315.6920523800024,59.192259821250445,3195.9518871433934
200.0,0.0,1,0.0,200.0,500.0,150.0,1653900.026507222,822500.0,831400.0265072221,False,True,315.6920523800024,59.192259821250445,2562.771352790423
0.0,200.0,0,1500.0,0.0,500.0,100.0,1885071.3883408702,825000.0,1060071.3883408702,False,True,315.6920523800024,59.192259821250445,3865.8930600743543
0.0,400.0,1,0.0,0.0,500.0,100.0,1678838.995293745,830000.0,848838.9952937451,False,True,315.6920523800024,59.192259821250445,2563.51871475447
200.0,200.0,0,0.0,200.0,500.0,100.0,1415172.1816036687,830000.0,585172.1816036686,False,True,315.6920523800024,59.192259821250445,3431.479952018347
0.0,400.0,0,0.0,200.0,700.0,150.0,1675425.245293745,832500.0,842925.2452937451,False,True,315.6920523800024,59.192259821250445,3195.9518871433934
200.0,0.0,1,0.0,0.0,700.0,150.0,1663900.026507222,832500.0,831400.0265072221,False,True,315.6920523800024,59.192259821250445,2562.771352790423
0.0,200.0,0,1500.0,0.0,500.0,150.0,1897571.3883408702,837500.0,1060071.3883408702,False,True,315.6920523800024,59.192259821250445,3865.8930600743543
200.0,200.0,0,0.0,0.0,700.0,100.0,1425172.1816036687,840000.0,585172.1816036686,False,True,315.6920523800024,59.192259821250445,3865.8930600743543
0.0,400.0,1,0.0,0.0,500.0,150.0,1691338.995293745,842500.0,848838.9952937451,False,True,315.6920523800024,59.192259821250445,2563.51871475447
200.0,200.0,0,0.0,200.0,500.0,150.0,1427672.1816036687,842500.0,585172.1816036686,False,True,315.6920523800024,59.192259821250445,3431.479952018347
0.0,0.0,2,0.0,600.0,500.0,100.0,2167242.2825396922,850000.0,1317242.2825396922,False,True,315.6920523800024,59.192259821250445,2156.576628081344
0.0,600.0,0,0.0,0.0,500.0,100.0,1606563.9616800814,850000.0,756563.9616800814,False,True,315.6920523800024,59.192259821250445,3865.8930600743543
400.0,0.0,0,0.0,0.0,500.0,100.0,1255463.3244380415,850000.0,405463.3244380414,False,True,315.6920523800024,59.192259821250445,3865.8930600743543
200.0,200.0,0,0.0,0.0,700.0,150.0,1437672.1816036687,852500.0,585172.1816036686,False,True,315.6920523800024,59.192259821250445,3865.8930600743543
0.0,0.0,2,0.0,400.0,700.0,100.0,2177242.2825396922,860000.0,1317242.2825396922,False,True,315.6920523800024,59.192259821250445,2156.576628081344
0.0,0.0,2,0.0,600.0,500.0,150.0,2179742.2825396922,862500.0,1317242.2825396922,False,True,315.6920523800024,59.192259821250445,2156.576628081344
0.0,600.0,0,0.0,0.0,500.0,150.0,1619063.9616800814,862500.0,756563.9616800814,False,True,315.6920523800024,59.192259821250445,3865.8930600743543
400.0,0.0,0,0.0,0.0,500.0,150.0,1267963.3244380415,862500.0,405463.3244380414,False,True,315.6920523800024,59.192259821250445,3865.8930600743543
0.0,0.0,0,1500.0,600.0,500.0,100.0,2170652.2825396922,865000.0,1305652.2825396922,False,True,315.6920523800024,59.192259821250445,3708.3402300771795
0.0,0.0,3,0.0,200.0,500.0,100.0,2187242.2825396922,870000.0,1317242.2825396922,False,True,315.6920523800024,59.192259821250445,2156.576628081344
0.0,200.0,1,0.0,600.0,500.0,100.0,1935985.1383408702,870000.0,1065985.1383408702,False,True,315.6920523800024,59.192259821250445,3313.276144089339
0.0,0.0,2,0.0,400.0,700.0,150.0,2189742.2825396922,872500.0,1317242.2825396922,False,True,315.6920523800024,59.192259821250445,2156.576628081344
0.0,0.0,0,1500.0,400.0,700.0,100.0,2180652.2825396922,875000.0,1305652.2825396922,False,True,315.6920523800024,59.192259821250445,3708.3402300771795
0.0,0.0,0,2500.0,0.0,500.0,100.0,2180652.2825396922,875000.0,1305652.2825396922,False,True,315.6920523800024,59.192259821250445,3865.8930600743543
0.0,0.0,0,1500.0,600.0,500.0,150.0,2183152.2825396922,877500.0,1305652.2825396922,False,True,315.6920523800024,59.192259821250445,3708.3402300771795
0.0,0.0,3,0.0,0.0,700.0,100.0,2197242.2825396922,880000.0,1317242.2825396922,False,True,315.6920523800024,59.192259821250445,2156.576628081344
0.0,200.0,1,0.0,400.0,700.0,100.0,1945985.1383408702,880000.0,1065985.1383408702,False,True,315.6920523800024,59.192259821250445,3313.276144089339
200.0,0.0,0,0.0,600.0,700.0,100.0,1705486.276507222,880000.0,825486.2765072221,False,True,315.6920523800024,59.192259821250445,3863.7343221433985
0.0,0.0,3,0.0,200.0,500.0,150.0,2199742.2825396922,882500.0,1317242.2825396922,False,True,315.6920523800024,59.192259821250445,2156.576628081344
0.0,200.0,1,0.0,600.0,500.0,150.0,1948485.1383408702,882500.0,1065985.1383408702,False,True,315.6920523800024,59.192259821250445,3313.276144089339
0.0,0.0,1,1500.0,200.0,500.0,100.0,2196566.0325396922,885000.0,1311566.0325396922,False,True,315.6920523800024,59.192259821250445,3641.986733175723
0.0,0.0,0,1500.0,400.0,700.0,150.0,2193152.2825396922,887500.0,1305652.2825396922,False,True,315.6920523800024,59.192259821250445,3708.3402300771795
0.0,0.0,0,2500.0,0.0,500.0,150.0,2193152.2825396922,887500.0,1305652.2825396922,False,True,315.6920523800024,59.192259821250445,3865.8930600743543
0.0,200.0,2,0.0,200.0,500.0,100.0,1961661.3883408702,890000.0,1071661.3883408702,False,True,315.6920523800024,59.192259821250445,1051.7114471702214
0.0,400.0,0,0.0,600.0,500.0,100.0,1732925.245293745,890000.0,842925.2452937451,False,True,315.6920523800024,59.192259821250445,3195.9518871433934
200.0,0.0,1,0.0,400.0,500.0,100.0,1721400.026507222,890000.0,831400.0265072221,False,True,315.6920523800024,59.192259821250445,2562.771352790423
0.0,0.0,3,0.0,0.0,700.0,150.0,2209742.2825396922,892500.0,1317242.2825396922,False,True,315.6920523800024,59.192259821250445,2156.576628081344
0.0,200.0,1,0.0,400.0,700.0,150.0,1958485.1383408702,892500.0,1065985.1383408702,False,True,315.6920523800024,59.192259821250445,3313.276144089339
200.0,0.0,0,0.0,600.0,700.0,150.0,1717986.276507222,892500.0,825486.2765072221,False,True,315.6920523800024,59.192259821250445,3863.7343221433985
0.0,0.0,1,1500.0,0.0,700.0,100.0,2206566.0325396922,895000.0,1311566.0325396922,False,True,315.6920523800024,59.192259821250445,3865.8930600743543
0.0,0.0,1,1500.0,200.0,500.0,150.0,2209066.0325396922,897500.0,1311566.0325396922,False,True,315.6920523800024,59.192259821250445,3641.986733175723
0.0,200.0,2,0.0,0.0,700.0,100.0,1971661.3883408702,900000.0,1071661.3883408702,False,True,315.6920523800024,59.192259821250445,1051.7114471702214
0.0,400.0,0,0.0,400.0,700.0,100.0,1742925.245293745,900000.0,842925.2452937451,False,True,315.6920523800024,59.192259821250445,3195.9518871433934
200.0,0.0,1,0.0,200.0,700.0,100.0,1731400.026507222,900000.0,831400.0265072221,False,True,315.6920523800024,59.192259821250445,2562.771352790423
0.0,200.0,2,0.0,200.0,500.0,150.0,1974161.3883408702,902500.0,1071661.3883408702,False,True,315.6920523800024,59.192259821250445,1051.7114471702214
0.0,400.0,0,0.0,600.0,500.0,150.0,1745425.245293745,902500.0,842925.2452937451,False,True,315.6920523800024,59.192259821250445,3195.9518871433934
200.0,0.0,1,0.0,400.0,500.0,150.0,1733900.026507222,902500.0,831400.0265072221,False,True,315.6920523800024,59.192259821250445,2562.771352790423
0.0,200.0,0,1500.0,200.0,500.0,100.0,1965071.3883408702,905000.0,1060071.3883408702,False,True,315.6920523800024,59.192259821250445,3678.9427360221134
0.0,0.0,1,1500.0,0.0,700.0,150.0,2219066.0325396922,907500.0,1311566.0325396922,False,True,315.6920523800024,59.192259821250445,3865.8930600743543
0.0,400.0,1,0.0,200.0,500.0,100.0,1758838.995293745,910000.0,848838.9952937451,False,True,315.6920523800024,59.192259821250445,2513.7098293627223
200.0,0.0,2,0.0,0.0,500.0,100.0,1747076.276507222,910000.0,837076.2765072221,False,True,315.6920523800024,59.192259821250445,405.87444545289327
200.0,200.0,0,0.0,400.0,500.0,100.0,1495172.1816036687,910000.0,585172.1816036686,False,True,315.6920523800024,59.192259821250445,3431.479952018347
0.0,200.0,2,0.0,0.0,700.0,150.0,1984161.3883408702,912500.0,1071661.3883408702,False,True,315.6920523800024,59.192259821250445,1051.7114471702214
0.0,400.0,0,0.0,400.0,700.0,150.0,1755425.245293745,912500.0,842925.2452937451,False,True,315.6920523800024,59.192259821250445,3195.9518871433934
200.0,0.0,1,0.0,200.0,700.0,150.0,1743900.026507222,912500.0,831400.0265072221,False,True,315.6920523800024,59.192259821250445,2562.771352790423
0.0,200.0,0,1500.0,0.0,700.0,100.0,1975071.3883408702,915000.0,1060071.3883408702,False,True,315.6920523800024,59.192259821250445,3865.8930600743543
0.0,200.0,0,1500.0,200.0,500.0,150.0,1977571.3883408702,917500.0,1060071.3883408702,False,True,315.6920523800024,59.192259821250445,3678.9427360221134
0.0,400.0,1,0.0,0.0,700.0,100.0,1768838.995293745,920000.0,848838.9952937451,False,True,315.6920523800024,59.192259821250445,2563.51871475447
200.0,200.0,0,0.0,200.0,700.0,100.0,1505172.1816036687,920000.0,585172.1816036686,False,True,315.6920523800024,59.192259821250445,3431.479952018347
0.0,400.0,1,0.0,200.0,500.0,150.0,1771338.995293745,922500.0,848838.9952937451,False,True,315.6920523800024,59.192259821250445,2513.7098293627223
200.0,0.0,2,0.0,0.0,500.0,150.0,1759576.276507222,922500.0,837076.2765072221,False,True,315.6920523800024,59.192259821250445,405.87444545289327
200.0,200.0,0,0.0,400.0,500.0,150.0,1507672.1816036687,922500.0,585172.1816036686,False,True,315.6920523800024,59.192259821250445,3431.479952018347
200.0,0.0,0,1500.0,0.0,500.0,100.0,1750486.276507222,925000.0,825486.2765072221,False,True,315.6920523800024,59.192259821250445,3865.8930600743543
0.0,200.0,0,1500.0,0.0,700.0,150.0,1987571.3883408702,927500.0,1060071.3883408702,False,True,315.6920523800024,59.192259821250445,3865.8930600743543
0.0,600.0,0,0.0,200.0,500.0,100.0,1686563.9616800814,930000.0,756563.9616800814,False,True,315.6920523800024,59.192259821250445,2649.4167270363273
200.0,200.0,1,0.0,0.0,500.0,100.0,1521085.9316036687,930000.0,591085.9316036686,False,True,315.6920523800024,59.192259821250445,1486.5406080481362
400.0,0.0,0,0.0,200.0,500.0,100.0,1335463.3244380415,930000.0,405463.3244380414,False,True,315.6920523800024,59.192259821250445,2595.9332940343993
0.0,400.0,1,0.0,0.0,700.0,150.0,1781338.995293745,932500.0,848838.9952937451,False,True,315.6920523800024,59.192259821250445,2563.51871475447
200.0,200.0,0,0.0,200.0,700.0,150.0,1517672.1816036687,932500.0,585172.1816036686,False,True,315.6920523800024,59.192259821250445,3431.479952018347
200.0,0.0,0,1500.0,0.0,500.0,150.0,1762986.276507222,937500.0,825486.2765072221,False,True,315.6920523800024,59.192259821250445,3865.8930600743543
0.0,0.0,2,0.0,600.0,700.0,100.0,2257242.2825396922,940000.0,1317242.2825396922,False,True,315.6920523800024,59.192259821250445,2156.576628081344
0.0,600.0,0,0.0,0.0,700.0,100.0,1696563.9616800814,940000.0,756563.9616800814,False,True,315.6920523800024,59.192259821250445,3865.8930600743543
400.0,0.0,0,0.0,0.0,700.0,100.0,1345463.3244380415,940000.0,405463.3244380414,False,True,315.6920523800024,59.192259821250445,3865.8930600743543
0.0,600.0,0,0.0,200.0,500.0,150.0,1699063.9616800814,942500.0,756563.9616800814,False,True,315.6920523800024,59.192259821250445,2649.4167270363273
200.0,200.0,1,0.0,0.0,500.0,150.0,1533585.9316036687,942500.0,591085.9316036686,False,True,315.6920523800024,59.192259821250445,1486.5406080481362
400.0,0.0,0,0.0,200.0,500.0,150.0,1347963.3244380415,942500.0,405463.3244380414,False,True,315.6920523800024,59.192259821250445,2595.9332940343993
0.0,0.0,3,0.0,400.0,500.0,100.0,2267242.2825396922,950000.0,1317242.2825396922,False,True,315.6920523800024,59.192259821250445,2156.576628081344
200.0,400.0,0,0.0,0.0,500.0,100.0,1418920.8442478438,950000.0,468920.8442478438,False,True,315.6920523800024,59.192259821250445,3865.8930600743543
0.0,0.0,2,0.0,600.0,700.0,150.0,2269742.2825396922,952500.0,1317242.2825396922,False,True,315.6920523800024,59.192259821250445,2156.576628081344
0.0,600.0,0,0.0,0.0,700.0,150.0,1709063.9616800814,952500.0,756563.9616800814,False,True,315.6920523800024,59.192259821250445,3865.8930600743543
400.0,0.0,0,0.0,0.0,700.0,150.0,1357963.3244380415,952500.0,405463.3244380414,False,True,315.6920523800024,59.192259821250445,3865.8930600743543
0.0,0.0,0,1500.0,600.0,700.0,100.0,2260652.2825396922,955000.0,1305652.2825396922,False,True,315.6920523800024,59.192259821250445,3708.3402300771795
0.0,0.0,0,2500.0,200.0,500.0,100.0,2260652.2825396922,955000.0,1305652.2825396922,False,True,315.6920523800024,59.192259821250445,3748.9606296132833
0.0,0.0,3,0.0,200.0,700.0,100.0,2277242.2825396922,960000.0,1317242.2825396922,False,True,315.6920523800024,59.192259821250445,2156.576628081344
0.0,200.0,1,0.0,600.0,700.0,100.0,2025985.1383408702,960000.0,1065985.1383408702,False,True,315.6920523800024,59.192259821250445,3313.276144089339
0.0,0.0,3,0.0,400.0,500.0,150.0,2279742.2825396922,962500.0,1317242.2825396922,False,True,315.6920523800024,59.192259821250445,2156.576628081344
200.0,400.0,0,0.0,0.0,500.0,150.0,1431420.8442478438,962500.0,468920.8442478438,False,True,315.6920523800024,59.192259821250445,3865.8930600743543
0.0,0.0,0,2500.0,0.0,700.0,100.0,2270652.2825396922,965000.0,1305652.2825396922,False,True,315.6920523800024,59.192259821250445,3865.8930600743543
0.0,0.0,1,1500.0,400.0,500.0,100.0,2276566.0325396922,965000.0,1311566.0325396922,False,True,315.6920523800024,59.192259821250445,3612.7401825512634
0.0,0.0,0,1500.0,600.0,700.0,150.0,2273152.2825396922,967500.0,1305652.2825396922,False,True,315.6920523800024,59.192259821250445,3708.3402300771795
0.0,0.0,0,2500.0,200.0,500.0,150.0,2273152.2825396922,967500.0,1305652.2825396922,False,True,315.6920523800024,59.192259821250445,3748.9606296132833
0.0,0.0,4,0.0,0.0,500.0,100.0,2287242.2825396922,970000.0,1317242.2825396922,False,True,315.6920523800024,59.192259821250445,2156.576628081344
0.0,200.0,2,0.0,400.0,500.0,100.0,2041661.3883408702,970000.0,1071661.3883408702,False,True,315.6920523800024,59.192259821250445,1051.7114471702214
200.0,0.0,1,0.0,600.0,500.0,100.0,1801400.026507222,970000.0,831400.0265072221,False,True,315.6920523800024,59.192259821250445,2562.771352790423
0.0,0.0,3,0.0,200.0,700.0,150.0,2289742.2825396922,972500.0,1317242.2825396922,False,True,315.6920523800024,59.192259821250445,2156.576628081344
0.0,200.0,1,0.0,600.0,700.0,150.0,2038485.1383408702,972500.0,1065985.1383408702,False,True,315.6920523800024,59.192259821250445,3313.276144089339
0.0,0.0,1,1500.0,200.0,700.0,100.0,2286566.0325396922,975000.0,1311566.0325396922,False,True,315.6920523800024,59.192259821250445,3641.986733175723
0.0,0.0,0,2500.0,0.0,700.0,150.0,2283152.2825396922,977500.0,1305652.2825396922,False,True,315.6920523800024,59.192259821250445,3865.8930600743543
0.0,0.0,1,1500.0,400.0,500.0,150.0,2289066.0325396922,977500.0,1311566.0325396922,False,True,315.6920523800024,59.192259821250445,3612.7401825512634
0.0,200.0,2,0.0,200.0,700.0,100.0,2051661.3883408702,980000.0,1071661.3883408702,False,True,315.6920523800024,59.192259821250445,1051.7114471702214
0.0,400.0,0,0.0,600.0,700.0,100.0,1822925.245293745,980000.0,842925.2452937451,False,True,315.6920523800024,59.192259821250445,3195.9518871433934
200.0,0.0,1,0.0,400.0,700.0,100.0,1811400.026507222,980000.0,831400.0265072221,False,True,315.6920523800024,59.192259821250445,2562.771352790423
0.0,0.0,4,0.0,0.0,500.0,150.0,2299742.2825396922,982500.0,1317242.2825396922,False,True,315.6920523800024,59.192259821250445,2156.576628081344
0.0,200.0,2,0.0,400.0,500.0,150.0,2054161.3883408702,982500.0,1071661.3883408702,False,True,315.6920523800024,59.192259821250445,1051.7114471702214
200.0,0.0,1,0.0,600.0,500.0,150.0,1813900.026507222,982500.0,831400.0265072221,False,True,315.6920523800024,59.192259821250445,2562.771352790423
0.0,0.0,2,1500.0,0.0,500.0,100.0,2302242.2825396922,985000.0,1317242.2825396922,False,True,315.6920523800024,59.192259821250445,2156.576628081344
0.0,200.0,0,1500.0,400.0,500.0,100.0,2045071.3883408702,985000.0,1060071.3883408702,False,True,315.6920523800024,59.192259821250445,3647.7021310864807
0.0,0.0,1,1500.0,200.0,700.0,150.0,2299066.0325396922,987500.0,1311566.0325396922,False,True,315.6920523800024,59.192259821250445,3641.986733175723
0.0,200.0,3,0.0,0.0,500.0,100.0,2061661.3883408702,990000.0,1071661.3883408702,False,True,315.6920523800024,59.192259821250445,1051.7114471702214
0.0,400.0,1,0.0,400.0,500.0,100.0,1838838.995293745,990000.0,848838.9952937451,False,True,315.6920523800024,59.192259821250445,2513.7098293627223
200.0,0.0,2,0.0,200.0,500.0,100.0,1827076.276507222,990000.0,837076.2765072221,False,True,315.6920523800024,59.192259821250445,405.87444545289327
200.0,200.0,0,0.0,600.0,500.0,100.0,1575172.1816036687,990000.0,585172.1816036686,False,True,315.6920523800024,59.192259821250445,3431.479952018347
0.0,200.0,2,0.0,200.0,700.0,150.0,2064161.3883408702,992500.0,1071661.3883408702,False,True,315.6920523800024,59.192259821250445,1051.7114471702214
0.0,400.0,0,0.0,600.0,700.0,150.0,1835425.245293745,992500.0,842925.2452937451,False,True,315.6920523800024,59.192259821250445,3195.9518871433934
200.0,0.0,1,0.0,400.0,700.0,150.0,1823900.026507222,992500.0,831400.0265072221,False,True,315.6920523800024,59.192259821250445,2562.771352790423
0.0,200.0,0,1500.0,200.0,700.0,100.0,2055071.3883408702,995000.0,1060071.3883408702,False,True,315.6920523800024,59.192259821250445,3678.9427360221134
0.0,0.0,2,1500.0,0.0,500.0,150.0,2314742.2825396922,997500.0,1317242.2825396922,False,True,315.6920523800024,59.192259821250445,2156.576628081344
0.0,200.0,0,1500.0,400.0,500.0,150.0,2057571.3883408702,997500.0,1060071.3883408702,False,True,315.6920523800024,59.192259821250445,3647.7021310864807
0.0,400.0,1,0.0,200.0,700.0,100.0,1848838.995293745,1000000.0,848838.9952937451,False,True,315.6920523800024,59.192259821250445,2513.7098293627223
200.0,0.0,2,0.0,0.0,700.0,100.0,1837076.276507222,1000000.0,837076.2765072221,False,True,315.6920523800024,59.192259821250445,405.87444545289327
200.0,200.0,0,0.0,400.0,700.0,100.0,1585172.1816036687,1000000.0,585172.1816036686,False,True,315.6920523800024,59.192259821250445,3431.479952018347
0.0,200.0,3,0.0,0.0,500.0,150.0,2074161.3883408702,1002500.0,1071661.3883408702,False,True,315.6920523800024,59.192259821250445,1051.7114471702214
0.0,400.0,1,0.0,400.0,500.0,150.0,1851338.995293745,1002500.0,848838.9952937451,False,True,315.6920523800024,59.192259821250445,2513.7098293627223
200.0,0.0,2,0.0,200.0,500.0,150.0,1839576.276507222,1002500.0,837076.2765072221,False,True,315.6920523800024,59.192259821250445,405.87444545289327
200.0,200.0,0,0.0,600.0,500.0,150.0,1587672.1816036687,1002500.0,585172.1816036686,False,True,315.6920523800024,59.192259821250445,3431.479952018347
0.0,200.0,1,1500.0,0.0,500.0,100.0,2070985.1383408702,1005000.0,1065985.1383408702,False,True,315.6920523800024,59.192259821250445,3313.276144089339
200.0,0.0,0,1500.0,200.0,500.0,100.0,1830486.276507222,1005000.0,825486.2765072221,False,True,315.6920523800024,59.192259821250445,3579.500840844822
0.0,200.0,0,1500.0,200.0,700.0,150.0,2067571.3883408702,1007500.0,1060071.3883408702,False,True,315.6920523800024,59.192259821250445,3678.9427360221134
0.0,400.0,2,0.0,0.0,500.0,100.0,1864515.245293745,1010000.0,854515.2452937451,False,True,315.6920523800024,59.192259821250445,995.7744347909112
0.0,600.0,0,0.0,400.0,500.0,100.0,1766563.9616800814,1010000.0,756563.9616800814,False,True,315.6920523800024,59.192259821250445,2649.4167270363273
200.0,200.0,1,0.0,200.0,500.0,100.0,1601085.9316036687,1010000.0,591085.9316036686,False,True,315.6920523800024,59.192259821250445,1468.2385147972495
400.0,0.0,0,0.0,400.0,500.0,100.0,1415463.3244380415,1010000.0,405463.3244380414,False,True,315.6920523800024,59.192259821250445,2595.9332940343993
0.0,400.0,1,0.0,200.0,700.0,150.0,1861338.995293745,1012500.0,848838.9952937451,False,True,315.6920523800024,59.192259821250445,2513.7098293627223
200.0,0.0,2,0.0,0.0,700.0,150.0,1849576.276507222,1012500.0,837076.2765072221,False,True,315.6920523800024,59.192259821250445,405.87444545289327
200.0,200.0,0,0.0,400.0,700.0,150.0,1597672.1816036687,1012500.0,585172.1816036686,False,True,315.6920523800024,59.192259821250445,3431.479952018347
200.0,0.0,0,1500.0,0.0,700.0,100.0,1840486.276507222,1015000.0,825486.2765072221,False,True,315.6920523800024,59.192259821250445,3865.8930600743543
0.0,200.0,1,1500.0,0.0,500.0,150.0,2083485.1383408702,1017500.0,1065985.1383408702,False,True,315.6920523800024,59.192259821250445,3313.276144089339
200.0,0.0,0,1500.0,200.0,500.0,150.0,1842986.276507222,1017500.0,825486.2765072221,False,True,315.6920523800024,59.192259821250445,3579.500840844822
0.0,600.0,0,0.0,200.0,700.0,100.0,1776563.9616800814,1020000.0,756563.9616800814,False,True,315.6920523800024,59.192259821250445,2649.4167270363273
200.0,200.0,1,0.0,0.0,700.0,100.0,1611085.9316036687,1020000.0,591085.9316036686,False,True,315.6920523800024,59.192259821250445,1486.5406080481362
400.0,0.0,0,0.0,200.0,700.0,100.0,1425463.3244380415,1020000.0,405463.3244380414,False,True,315.6920523800024,59.192259821250445,2595.9332940343993
0.0,400.0,2,0.0,0.0,500.0,150.0,1877015.245293745,1022500.0,854515.2452937451,False,True,315.6920523800024,59.192259821250445,995.7744347909112
0.0,600.0,0,0.0,400.0,500.0,150.0,1779063.9616800814,1022500.0,756563.9616800814,False,True,315.6920523800024,59.192259821250445,2649.4167270363273
200.0,200.0,1,0.0,200.0,500.0,150.0,1613585.9316036687,1022500.0,591085.9316036686,False,True,315.6920523800024,59.192259821250445,1468.2385147972495
400.0,0.0,0,0.0,400.0,500.0,150.0,1427963.3244380415,1022500.0,405463.3244380414,False,True,315.6920523800024,59.192259821250445,2595.9332940343993
0.0,400.0,0,1500.0,0.0,500.0,100.0,1867925.245293745,1025000.0,842925.2452937451,False,True,315.6920523800024,59.192259821250445,3865.8930600743543
200.0,0.0,0,1500.0,0.0,700.0,150.0,1852986.276507222,1027500.0,825486.2765072221,False,True,315.6920523800024,59.192259821250445,3865.8930600743543
0.0,0.0,3,0.0,600.0,500.0,100.0,2347242.2825396922,1030000.0,1317242.2825396922,False,True,315.6920523800024,59.192259821250445,2156.576628081344
0.0,600.0,1,0.0,0.0,500.0,100.0,1792477.7116800814,1030000.0,762477.7116800814,False,True,315.6920523800024,59.192259821250445,2342.9730285659334
200.0,400.0,0,0.0,200.0,500.0,100.0,1498920.8442478438,1030000.0,468920.8442478438,False,True,315.6920523800024,59.192259821250445,2573.69823332226
400.0,0.0,1,0.0,0.0,500.0,100.0,1441377.0744380415,1030000.0,411377.0744380414,False,True,315.6920523800024,59.192259821250445,688.8512009355181
0.0,600.0,0,0.0,200.0,700.0,150.0,1789063.9616800814,1032500.0,756563.9616800814,False,True,315.6920523800024,59.192259821250445,2649.4167270363273
200.0,200.0,1,0.0,0.0,700.0,150.0,1623585.9316036687,1032500.0,591085.9316036686,False,True,315.6920523800024,59.192259821250445,1486.5406080481362
400.0,0.0,0,0.0,200.0,700.0,150.0,1437963.3244380415,1032500.0,405463.3244380414,False,True,315.6920523800024,59.192259821250445,2595.9332940343993
0.0,0.0,0,2500.0,400.0,500.0,100.0,2340652.2825396922,1035000.0,1305652.2825396922,False,True,315.6920523800024,59.192259821250445,3587.2611719257848
0.0,400.0,0,1500.0,0.0,500.0,150.0,1880425.245293745,1037500.0,842925.2452937451,False,True,315.6920523800024,59.192259821250445,3865.8930600743543
0.0,0.0,3,0.0,400.0,700.0,100.0,2357242.2825396922,1040000.0,1317242.2825396922,False,True,315.6920523800024,59.192259821250445,2156.576628081344
200.0,400.0,0,0.0,0.0,700.0,100.0,1508920.8442478438,1040000.0,468920.8442478438,False,True,315.6920523800024,59.192259821250445,3865.8930600743543
0.0,0.0,3,0.0,600.0,500.0,150.0,2359742.2825396922,1042500.0,1317242.2825396922,False,True,315.6920523800024,59.192259821250445,2156.576628081344
0.0,600.0,1,0.0,0.0,500.0,150.0,1804977.7116800814,1042500.0,762477.7116800814,False,True,315.6920523800024,59.192259821250445,2342.9730285659334
200.0,400.0,0,0.0,200.0,500.0,150.0,1511420.8442478438,1042500.0,468920.8442478438,False,True,315.6920523800024,59.192259821250445,2573.69823332226
400.0,0.0,1,0.0,0.0,500.0,150.0,1453877.0744380415,1042500.0,411377.0744380414,False,True,315.6920523800024,59.192259821250445,688.8512009355181
0.0,0.0,0,2500.0,200.0,700.0,100.0,2350652.2825396922,1045000.0,1305652.2825396922,False,True,315.6920523800024,59.192259821250445,3748.9606296132833
0.0,0.0,1,1500.0,600.0,500.0,100.0,2356566.0325396922,1045000.0,1311566.0325396922,False,True,315.6920523800024,59.192259821250445,3612.7401825512634
0.0,0.0,0,2500.0,400.0,500.0,150.0,2353152.2825396922,1047500.0,1305652.2825396922,False,True,315.6920523800024,59.192259821250445,3587.2611719257848
0.0,0.0,4,0.0,200.0,500.0,100.0,2367242.2825396922,1050000.0,1317242.2825396922,False,True,315.6920523800024,59.192259821250445,2156.576628081344
0.0,200.0,2,0.0,600.0,500.0,100.0,2121661.38834087,1050000.0,1071661.3883408702,False,True,315.6920523800024,59.192259821250445,1051.7114471702214
400.0,200.0,0,0.0,0.0,500.0,100.0,1306210.2720558762,1050000.0,256210.2720558762,False,True,315.6920523800024,59.192259821250445,3865.8930600743543
0.0,0.0,3,0.0,400.0,700.0,150.0,2369742.2825396922,1052500.0,1317242.2825396922,False,True,315.6920523800024,59.192259821250445,2156.576628081344
200.0,400.0,0,0.0,0.0,700.0,150.0,1521420.8442478438,1052500.0,468920.8442478438,False,True,315.6920523800024,59.192259821250445,3865.8930600743543
0.0,0.0,1,1500.0,400.0,700.0,100.0,2366566.0325396922,1055000.0,1311566.0325396922,False,True,315.6920523800024,59.192259821250445,3612.7401825512634
0.0,0.0,1,2500.0,0.0,500.0,100.0,2366566.0325396922,1055000.0,1311566.0325396922,False,True,315.6920523800024,59.192259821250445,3865.8930600743543
0.0,0.0,0,2500.0,200.0,700.0,150.0,2363152.2825396922,1057500.0,1305652.2825396922,False,True,315.6920523800024,59.192259821250445,3748.9606296132833
0.0,0.0,1,1500.0,600.0,500.0,150.0,2369066.0325396922,1057500.0,1311566.0325396922,False,True,315.6920523800024,59.192259821250445,3612.7401825512634
0.0,0.0,4,0.0,0.0,700.0,100.0,2377242.2825396922,1060000.0,1317242.2825396922,False,True,315.6920523800024,59.192259821250445,2156.576628081344
0.0,200.0,2,0.0,400.0,700.0,100.0,2131661.38834087,1060000.0,1071661.3883408702,False,True,315.6920523800024,59.192259821250445,1051.7114471702214
200.0,0.0,1,0.0,600.0,700.0,100.0,1891400.026507222,1060000.0,831400.0265072221,False,True,315.6920523800024,59.192259821250445,2562.771352790423
0.0,0.0,4,0.0,200.0,500.0,150.0,2379742.2825396922,1062500.0,1317242.2825396922,False,True,315.6920523800024,59.192259821250445,2156.576628081344
0.0,200.0,2,0.0,600.0,500.0,150.0,2134161.38834087,1062500.0,1071661.3883408702,False,True,315.6920523800024,59.192259821250445,1051.7114471702214
400.0,200.0,0,0.0,0.0,500.0,150.0,1318710.2720558762,1062500.0,256210.2720558762,False,True,315.6920523800024,59.192259821250445,3865.8930600743543
0.0,0.0,2,1500.0,200.0,500.0,100.0,2382242.2825396922,1065000.0,1317242.2825396922,False,True,315.6920523800024,59.192259821250445,1747.5609944868013
0.0,200.0,0,1500.0,600.0,500.0,100.0,2125071.38834087,1065000.0,1060071.3883408702,False,True,315.6920523800024,59.192259821250445,3647.7021310864807
0.0,0.0,1,1500.0,400.0,700.0,150.0,2379066.0325396922,1067500.0,1311566.0325396922,False,True,315.6920523800024,59.192259821250445,3612.7401825512634
0.0,0.0,1,2500.0,0.0,500.0,150.0,2379066.0325396922,1067500.0,1311566.0325396922,False,True,315.6920523800024,59.192259821250445,3865.8930600743543
0.0,200.0,3,0.0,200.0,500.0,100.0,2141661.38834087,1070000.0,1071661.3883408702,False,True,315.6920523800024,59.192259821250445,1051.7114471702214
0.0,400.0,1,0.0,600.0,500.0,100.0,1918838.995293745,1070000.0,848838.9952937451,False,True,315.6920523800024,59.192259821250445,2513.7098293627223
200.0,0.0,2,0.0,400.0,500.0,100.0,1907076.276507222,1070000.0,837076.2765072221,False,True,315.6920523800024,59.192259821250445,405.87444545289327
0.0,0.0,4,0.0,0.0,700.0,150.0,2389742.2825396922,1072500.0,1317242.2825396922,False,True,315.6920523800024,59.192259821250445,2156.576628081344
0.0,200.0,2,0.0,400.0,700.0,150.0,2144161.38834087,1072500.0,1071661.3883408702,False,True,315.6920523800024,59.192259821250445,1051.7114471702214
200.0,0.0,1,0.0,600.0,700.0,150.0,1903900.026507222,1072500.0,831400.0265072221,False,True,315.6920523800024,59.192259821250445,2562.771352790423
0.0,0.0,2,1500.0,0.0,700.0,100.0,2392242.2825396922,1075000.0,1317242.2825396922,False,True,315.6920523800024,59.192259821250445,2156.576628081344
0.0,200.0,0,1500.0,400.0,700.0,100.0,2135071.38834087,1075000.0,1060071.3883408702,False,True,315.6920523800024,59.192259821250445,3647.7021310864807
0.0,200.0,0,2500.0,0.0,500.0,100.0,2135071.38834087,1075000.0,1060071.3883408702,False,True,315.6920523800024,59.192259821250445,3865.8930600743543
0.0,0.0,2,1500.0,200.0,500.0,150.0,2394742.2825396922,1077500.0,1317242.2825396922,False,True,315.6920523800024,59.192259821250445,1747.5609944868013
0.0,200.0,0,1500.0,600.0,500.0,150.0,2137571.38834087,1077500.0,1060071.3883408702,False,True,315.6920523800024,59.192259821250445,3647.7021310864807
0.0,200.0,3,0.0,0.0,700.0,100.0,2151661.38834087,1080000.0,1071661.3883408702,False,True,315.6920523800024,59.192259821250445,1051.7114471702214
0.0,400.0,1,0.0,400.0,700.0,100.0,1928838.995293745,1080000.0,848838.9952937451,False,True,315.6920523800024,59.192259821250445,2513.7098293627223
200.0,0.0,2,0.0,200.0,700.0,100.0,1917076.276507222,1080000.0,837076.2765072221,False,True,315.6920523800024,59.192259821250445,405.87444545289327
200.0,200.0,0,0.0,600.0,700.0,100.0,1665172.1816036687,1080000.0,585172.1816036686,False,True,315.6920523800024,59.192259821250445,3431.479952018347
0.0,200.0,3,0.0,200.0,500.0,150.0,2154161.38834087,1082500.0,1071661.3883408702,False,True,315.6920523800024,59.192259821250445,1051.7114471702214
0.0,400.0,1,0.0,600.0,500.0,150.0,1931338.995293745,1082500.0,848838.9952937451,False,True,315.6920523800024,59.192259821250445,2513.7098293627223
200.0,0.0,2,0.0,400.0,500.0,150.0,1919576.276507222,1082500.0,837076.2765072221,False,True,315.6920523800024,59.192259821250445,405.87444545289327
0.0,200.0,1,1500.0,200.0,500.0,100.0,2150985.13834087,1085000.0,1065985.1383408702,False,True,315.6920523800024,59.192259821250445,2986.8880172546897
200.0,0.0,0,1500.0,400.0,500.0,100.0,1910486.276507222,1085000.0,825486.2765072221,False,True,315.6920523800024,59.192259821250445,3575.690530657883
0.0,0.0,2,1500.0,0.0,700.0,150.0,2404742.2825396922,1087500.0,1317242.2825396922,False,True,315.6920523800024,59.192259821250445,2156.576628081344
0.0,200.0,0,1500.0,400.0,700.0,150.0,2147571.38834087,1087500.0,1060071.3883408702,False,True,315.6920523800024,59.192259821250445,3647.7021310864807
0.0,200.0,0,2500.0,0.0,500.0,150.0,2147571.38834087,1087500.0,1060071.3883408702,False,True,315.6920523800024,59.192259821250445,3865.8930600743543
0.0,400.0,2,0.0,200.0,500.0,100.0,1944515.245293745,1090000.0,854515.2452937451,False,True,315.6920523800024,59.192259821250445,978.5720635857999
0.0,600.0,0,0.0,600.0,500.0,100.0,1846563.9616800814,1090000.0,756563.9616800814,False,True,315.6920523800024,59.192259821250445,2649.4167270363273
200.0,0.0,3,0.0,0.0,500.0,100.0,1927076.276507222,1090000.0,837076.2765072221,False,True,315.6920523800024,59.192259821250445,405.87444545289327
200.0,200.0,1,0.0,400.0,500.0,100.0,1681085.9316036687,1090000.0,591085.9316036686,False,True,315.6920523800024,59.192259821250445,1468.2385147972495
400.0,0.0,0,0.0,600.0,500.0,100.0,1495463.3244380415,1090000.0,405463.3244380414,False,True,315.6920523800024,59.192259821250445,2595.9332940343993
0.0,200.0,3,0.0,0.0,700.0,150.0,2164161.38834087,1092500.0,1071661.3883408702,False,True,315.6920523800024,59.192259821250445,1051.7114471702214
0.0,400.0,1,0.0,400.0,700.0,150.0,1941338.995293745,1092500.0,848838.9952937451,False,True,315.6920523800024,59.192259821250445,2513.7098293627223
200.0,0.0,2,0.0,200.0,700.0,150.0,1929576.276507222,1092500.0,837076.2765072221,False,True,315.6920523800024,59.192259821250445,405.87444545289327
200.0,200.0,0,0.0,600.0,700.0,150.0,1677672.1816036687,1092500.0,585172.1816036686,False,True,315.6920523800024,59.192259821250445,3431.479952018347
0.0,200.0,1,1500.0,0.0,700.0,100.0,2160985.13834087,1095000.0,1065985.1383408702,False,True,315.6920523800024,59.192259821250445,3313.276144089339
200.0,0.0,0,1500.0,200.0,700.0,100.0,1920486.276507222,1095000.0,825486.2765072221,False,True,315.6920523800024,59.192259821250445,3579.500840844822
0.0,200.0,1,1500.0,200.0,500.0,150.0,2163485.13834087,1097500.0,1065985.1383408702,False,True,315.6920523800024,59.192259821250445,2986.8880172546897
200.0,0.0,0,1500.0,400.0,500.0,150.0,1922986.276507222,1097500.0,825486.2765072221,False,True,315.6920523800024,59.192259821250445,3575.690530657883
0.0,400.0,2,0.0,0.0,700.0,100.0,1954515.245293745,1100000.0,854515.2452937451,False,True,315.6920523800024,59.192259821250445,995.7744347909112
0.0,600.0,0,0.0,400.0,700.0,100.0,1856563.9616800814,1100000.0,756563.9616800814,False,True,315.6920523800024,59.192259821250445,2649.4167270363273
200.0,200.0,1,0.0,200.0,700.0,100.0,1691085.9316036687,1100000.0,591085.9316036686,False,True,315.6920523800024,59.192259821250445,1468.2385147972495
400.0,0.0,0,0.0,400.0,700.0,100.0,1505463.3244380415,1100000.0,405463.3244380414,False,True,315.6920523800024,59.192259821250445,2595.9332940343993
0.0,400.0,2,0.0,200.0,500.0,150.0,1957015.245293745,1102500.0,854515.2452937451,False,True,315.6920523800024,59.192259821250445,978.5720635857999
0.0,600.0,0,0.0,600.0,500.0,150.0,1859063.9616800814,1102500.0,756563.9616800814,False,True,315.6920523800024,59.192259821250445,2649.4167270363273
200.0,0.0,3,0.0,0.0,500.0,150.0,1939576.276507222,1102500.0,837076.2765072221,False,True,315.6920523800024,59.192259821250445,405.87444545289327
200.0,200.0,1,0.0,400.0,500.0,150.0,1693585.9316036687,1102500.0,591085.9316036686,False,True,315.6920523800024,59.192259821250445,1468.2385147972495
400.0,0.0,0,0.0,600.0,500.0,150.0,1507963.3244380415,1102500.0,405463.3244380414,False,True,315.6920523800024,59.192259821250445,2595.9332940343993
0.0,400.0,0,1500.0,200.0,500.0,100.0,1947925.245293745,1105000.0,842925.2452937451,False,True,315.6920523800024,59.192259821250445,2267.7030841801306
200.0,0.0,1,1500.0,0.0,500.0,100.0,1936400.026507222,1105000.0,831400.0265072221,False,True,315.6920523800024,59.192259821250445,2562.771352790423
0.0,200.0,1,1500.0,0.0,700.0,150.0,2173485.13834087,1107500.0,1065985.1383408702,False,True,315.6920523800024,59.192259821250445,3313.276144089339
200.0,0.0,0,1500.0,200.0,700.0,150.0,1932986.276507222,1107500.0,825486.2765072221,False,True,315.6920523800024,59.192259821250445,3579.500840844822
0.0,600.0,1,0.0,200.0,500.0,100.0,1872477.7116800814,1110000.0,762477.7116800814,False,True,315.6920523800024,59.192259821250445,2276.7357025351007
200.0,200.0,2,0.0,0.0,500.0,100.0,1706762.1816036687,1110000.0,596762.1816036686,False,True,315.6920523800024,59.192259821250445,263.37660692001737
200.0,400.0,0,0.0,400.0,500.0,100.0,1578920.8442478438,1110000.0,468920.8442478438,False,True,315.6920523800024,59.192259821250445,2573.69823332226
400.0,0.0,1,0.0,200.0,500.0,100.0,1521377.0744380415,1110000.0,411377.0744380414,False,True,315.6920523800024,59.192259821250445,612.475726325742
0.0,400.0,2,0.0,0.0,700.0,150.0,1967015.245293745,1112500.0,854515.2452937451,False,True,315.6920523800024,59.192259821250445,995.7744347909112
0.0,600.0,0,0.0,400.0,700.0,150.0,1869063.9616800814,1112500.0,756563.9616800814,False,True,315.6920523800024,59.192259821250445,2649.4167270363273
200.0,200.0,1,0.0,200.0,700.0,150.0,1703585.9316036687,1112500.0,591085.9316036686,False,True,315.6920523800024,59.192259821250445,1468.2385147972495
400.0,0.0,0,0.0,400.0,700.0,150.0,1517963.3244380415,1112500.0,405463.3244380414,False,True,315.6920523800024,59.192259821250445,2595.9332940343993
0.0,0.0,0,2500.0,600.0,500.0,100.0,2420652.2825396922,1115000.0,1305652.2825396922,False,True,315.6920523800024,59.192259821250445,3587.2611719257848
0.0,400.0,0,1500.0,0.0,700.0,100.0,1957925.245293745,1115000.0,842925.2452937451,False,True,315.6920523800024,59.192259821250445,3865.8930600743543
0.0,400.0,0,1500.0,200.0,500.0,150.0,1960425.245293745,1117500.0,842925.2452937451,False,True,315.6920523800024,59.192259821250445,2267.7030841801306
200.0,0.0,1,1500.0,0.0,500.0,150.0,1948900.026507222,1117500.0,831400.0265072221,False,True,315.6920523800024,59.192259821250445,2562.771352790423
0.0,0.0,3,0.0,600.0,700.0,100.0,2437242.2825396922,1120000.0,1317242.2825396922,False,True,315.6920523800024,59.192259821250445,2156.576628081344
0.0,600.0,1,0.0,0.0,700.0,100.0,1882477.7116800814,1120000.0,762477.7116800814,False,True,315.6920523800024,59.192259821250445,2342.9730285659334
200.0,400.0,0,0.0,200.0,700.0,100.0,1588920.8442478438,1120000.0,468920.8442478438,False,True,315.6920523800024,59.192259821250445,2573.69823332226
400.0,0.0,1,0.0,0.0,700.0,100.0,1531377.0744380415,1120000.0,411377.0744380414,False,True,315.6920523800024,59.192259821250445,688.8512009355181
0.0,600.0,1,0.0,200.0,500.0,150.0,1884977.7116800814,1122500.0,762477.7116800814,False,True,315.6920523800024,59.192259821250445,2276.7357025351007
200.0,200.0,2,0.0,0.0,500.0,150.0,1719262.1816036687,1122500.0,596762.1816036686,False,True,315.6920523800024,59.192259821250445,263.37660692001737
200.0,400.0,0,0.0,400.0,500.0,150.0,1591420.8442478438,1122500.0,468920.8442478438,False,True,315.6920523800024,59.192259821250445,2573.69823332226
400.0,0.0,1,0.0,200.0,500.0,150.0,1533877.0744380415,1122500.0,411377.0744380414,False,True,315.6920523800024,59.192259821250445,612.475726325742
0.0,0.0,0,2500.0,400.0,700.0,100.0,2430652.2825396922,1125000.0,1305652.2825396922,False,True,315.6920523800024,59.192259821250445,3587.2611719257848
0.0,0.0,0,3500.0,0.0,500.0,100.0,2430652.2825396922,1125000.0,1305652.2825396922,False,True,315.6920523800024,59.192259821250445,3865.8930600743543
200.0,200.0,0,1500.0,0.0,500.0,100.0,1710172.1816036687,1125000.0,585172.1816036686,False,True,315.6920523800024,59.192259821250445,3865.8930600743543
0.0,0.0,0,2500.0,600.0,500.0,150.0,2433152.2825396922,1127500.0,1305652.2825396922,False,True,315.6920523800024,59.192259821250445,3587.2611719257848
0.0,400.0,0,1500.0,0.0,700.0,150.0,1970425.245293745,1127500.0,842925.2452937451,False,True,315.6920523800024,59.192259821250445,3865.8930600743543
0.0,0.0,4,0.0,400.0,500.0,100.0,2447242.2825396922,1130000.0,1317242.2825396922,False,True,315.6920523800024,59.192259821250445,2156.576628081344
200.0,400.0,1,0.0,0.0,500.0,100.0,1604834.5942478438,1130000.0,474834.5942478438,False,True,315.6920523800024,59.192259821250445,1385.2425272275434
400.0,200.0,0,0.0,200.0,500.0,100.0,1386210.2720558762,1130000.0,256210.2720558762,False,True,315.6920523800024,59.192259821250445,1698.6056490856342
0.0,0.0,3,0.0,600.0,700.0,150.0,2449742.2825396922,1132500.0,1317242.2825396922,False,True,315.6920523800024,59.192259821250445,2156.576628081344
0.0,600.0,1,0.0,0.0,700.0,150.0,1894977.7116800814,1132500.0,762477.7116800814,False,True,315.6920523800024,59.192259821250445,2342.9730285659334
200.0,400.0,0,0.0,200.0,700.0,150.0,1601420.8442478438,1132500.0,468920.8442478438,False,True,315.6920523800024,59.192259821250445,2573.69823332226
400.0,0.0,1,0.0,0.0,700.0,150.0,1543877.0744380415,1132500.0,411377.0744380414,False,True,315.6920523800024,59.192259821250445,688.8512009355181
0.0,0.0,1,1500.0,600.0,700.0,100.0,2446566.0325396922,1135000.0,1311566.0325396922,False,True,315.6920523800024,59.192259821250445,3612.7401825512634
0.0,0.0,1,2500.0,200.0,500.0,100.0,2446566.0325396922,1135000.0,1311566.0325396922,False,True,315.6920523800024,59.192259821250445,3441.574065438045
0.0,0.0,0,2500.0,400.0,700.0,150.0,2443152.2825396922,1137500.0,1305652.2825396922,False,True,315.6920523800024,59.192259821250445,3587.2611719257848
0.0,0.0,0,3500.0,0.0,500.0,150.0,2443152.2825396922,1137500.0,1305652.2825396922,False,True,315.6920523800024,59.192259821250445,3865.8930600743543
200.0,200.0,0,1500.0,0.0,500.0,150.0,1722672.1816036687,1137500.0,585172.1816036686,False,True,315.6920523800024,59.192259821250445,3865.8930600743543
0.0,0.0,4,0.0,200.0,700.0,100.0,2457242.2825396922,1140000.0,1317242.2825396922,False,True,315.6920523800024,59.192259821250445,2156.576628081344
0.0,200.0,2,0.0,600.0,700.0,100.0,2211661.38834087,1140000.0,1071661.3883408702,False,True,315.6920523800024,59.192259821250445,1051.7114471702214
400.0,200.0,0,0.0,0.0,700.0,100.0,1396210.2720558762,1140000.0,256210.2720558762,False,True,315.6920523800024,59.192259821250445,3865.8930600743543
0.0,0.0,4,0.0,400.0,500.0,150.0,2459742.2825396922,1142500.0,1317242.2825396922,False,True,315.6920523800024,59.192259821250445,2156.576628081344
200.0,400.0,1,0.0,0.0,500.0,150.0,1617334.5942478438,1142500.0,474834.5942478438,False,True,315.6920523800024,59.192259821250445,1385.2425272275434
400.0,200.0,0,0.0,200.0,500.0,150.0,1398710.2720558762,1142500.0,256210.2720558762,False,True,315.6920523800024,59.192259821250445,1698.6056490856342
0.0,0.0,1,2500.0,0.0,700.0,100.0,2456566.0325396922,1145000.0,1311566.0325396922,False,True,315.6920523800024,59.192259821250445,3865.8930600743543
0.0,0.0,2,1500.0,400.0,500.0,100.0,2462242.2825396922,1145000.0,1317242.2825396922,False,True,315.6920523800024,59.192259821250445,1747.5609944868013
0.0,0.0,1,1500.0,600.0,700.0,150.0,2459066.0325396922,1147500.0,1311566.0325396922,False,True,315.6920523800024,59.192259821250445,3612.7401825512634
0.0,0.0,1,2500.0,200.0,500.0,150.0,2459066.0325396922,1147500.0,1311566.0325396922,False,True,315.6920523800024,59.192259821250445,3441.574065438045
0.0,0.0,5,0.0,0.0,500.0,100.0,2467242.2825396922,1150000.0,1317242.2825396922,False,True,315.6920523800024,59.192259821250445,2156.576628081344
0.0,200.0,3,0.0,400.0,500.0,100.0,2221661.38834087,1150000.0,1071661.3883408702,False,True,315.6920523800024,59.192259821250445,1051.7114471702214
200.0,0.0,2,0.0,600.0,500.0,100.0,1987076.276507222,1150000.0,837076.2765072221,False,True,315.6920523800024,59.192259821250445,405.87444545289327
200.0,600.0,0,0.0,0.0,500.0,100.0,1589061.5573118608,1150000.0,439061.5573118607,False,True,315.6920523800024,59.192259821250445,3865.8930600743543
600.0,0.0,0,0.0,0.0,500.0,100.0,1359533.698135132,1150000.0,209533.69813513203,False,True,315.6920523800024,59.192259821250445,3865.8930600743543
0.0,0.0,4,0.0,200.0,700.0,150.0,2469742.2825396922,1152500.0,1317242.2825396922,False,True,315.6920523800024,59.192259821250445,2156.576628081344
0.0,200.0,2,0.0,600.0,700.0,150.0,2224161.38834087,1152500.0,1071661.3883408702,False,True,315.6920523800024,59.192259821250445,1051.7114471702214
400.0,200.0,0,0.0,0.0,700.0,150.0,1408710.2720558762,1152500.0,256210.2720558762,False,True,315.6920523800024,59.192259821250445,3865.8930600743543
0.0,0.0,2,1500.0,200.0,700.0,100.0,2472242.2825396922,1155000.0,1317242.2825396922,False,True,315.6920523800024,59.192259821250445,1747.5609944868013
0.0,200.0,0,1500.0,600.0,700.0,100.0,2215071.38834087,1155000.0,1060071.3883408702,False,True,315.6920523800024,59.192259821250445,3647.7021310864807
0.0,200.0,0,2500.0,200.0,500.0,100.0,2215071.38834087,1155000.0,1060071.3883408702,False,True,315.6920523800024,59.192259821250445,3577.3039765448
0.0,0.0,1,2500.0,0.0,700.0,150.0,2469066.0325396922,1157500.0,1311566.0325396922,False,True,315.6920523800024,59.192259821250445,3865.8930600743543
0.0,0.0,2,1500.0,400.0,500.0,150.0,2474742.2825396922,1157500.0,1317242.2825396922,False,True,315.6920523800024,59.192259821250445,1747.5609944868013
0.0,200.0,3,0.0,200.0,700.0,100.0,2231661.38834087,1160000.0,1071661.3883408702,False,True,315.6920523800024,59.192259821250445,1051.7114471702214
0.0,400.0,1,0.0,600.0,700.0,100.0,2008838.995293745,1160000.0,848838.9952937451,False,True,315.6920523800024,59.192259821250445,2513.7098293627223
200.0,0.0,2,0.0,400.0,700.0,100.0,1997076.276507222,1160000.0,837076.2765072221,False,True,315.6920523800024,59.192259821250445,405.87444545289327
0.0,0.0,5,0.0,0.0,500.0,150.0,2479742.2825396922,1162500.0,1317242.2825396922,False,True,315.6920523800024,59.192259821250445,2156.576628081344
0.0,200.0,3,0.0,400.0,500.0,150.0,2234161.38834087,1162500.0,1071661.3883408702,False,True,315.6920523800024,59.192259821250445,1051.7114471702214
200.0,0.0,2,0.0,600.0,500.0,150.0,1999576.276507222,1162500.0,837076.2765072221,False,True,315.6920523800024,59.192259821250445,405.87444545289327
200.0,600.0,0,0.0,0.0,500.0,150.0,1601561.5573118608,1162500.0,439061.5573118607,False,True,315.6920523800024,59.192259821250445,3865.8930600743543
600.0,0.0,0,0.0,0.0,500.0,150.0,1372033.698135132,1162500.0,209533.69813513203,False,True,315.6920523800024,59.192259821250445,3865.8930600743543
0.0,0.0,3,1500.0,0.0,500.0,100.0,2482242.2825396922,1165000.0,1317242.2825396922,False,True,315.6920523800024,59.192259821250445,2156.576628081344
0.0,200.0,0,2500.0,0.0,700.0,100.0,2225071.38834087,1165000.0,1060071.3883408702,False,True,315.6920523800024,59.192259821250445,3865.8930600743543
0.0,200.0,1,1500.0,400.0,500.0,100.0,2230985.13834087,1165000.0,1065985.1383408702,False,True,315.6920523800024,59.192259821250445,2970.9872170676454
200.0,0.0,0,1500.0,600.0,500.0,100.0,1990486.276507222,1165000.0,825486.2765072221,False,True,315.6920523800024,59.192259821250445,3575.690530657883
0.0,0.0,2,1500.0,200.0,700.0,150.0,2484742.2825396922,1167500.0,1317242.2825396922,False,True,315.6920523800024,59.192259821250445,1747.5609944868013
0.0,200.0,0,1500.0,600.0,700.0,150.0,2227571.38834087,1167500.0,1060071.3883408702,False,True,315.6920523800024,59.192259821250445,3647.7021310864807
0.0,200.0,0,2500.0,200.0,500.0,150.0,2227571.38834087,1167500.0,1060071.3883408702,False,True,315.6920523800024,59.192259821250445,3577.3039765448
0.0,200.0,4,0.0,0.0,500.0,100.0,2241661.38834087,1170000.0,1071661.3883408702,False,True,315.6920523800024,59.192259821250445,1051.7114471702214
0.0,400.0,2,0.0,400.0,500.0,100.0,2024515.245293745,1170000.0,854515.2452937451,False,True,315.6920523800024,59.192259821250445,978.5720635857999
200.0,0.0,3,0.0,200.0,500.0,100.0,2007076.276507222,1170000.0,837076.2765072221,False,True,315.6920523800024,59.192259821250445,405.87444545289327
200.0,200.0,1,0.0,600.0,500.0,100.0,1761085.9316036687,1170000.0,591085.9316036686,False,True,315.6920523800024,59.192259821250445,1468.2385147972495
0.0,200.0,3,0.0,200.0,700.0,150.0,2244161.38834087,1172500.0,1071661.3883408702,False,True,315.6920523800024,59.192259821250445,1051.7114471702214
0.0,400.0,1,0.0,600.0,700.0,150.0,2021338.995293745,1172500.0,848838.9952937451,False,True,315.6920523800024,59.192259821250445,2513.7098293627223
200.0,0.0,2,0.0,400.0,700.0,150.0,2009576.276507222,1172500.0,837076.2765072221,False,True,315.6920523800024,59.192259821250445,405.87444545289327
0.0,200.0,1,1500.0,200.0,700.0,100.0,2240985.13834087,1175000.0,1065985.1383408702,False,True,315.6920523800024,59.192259821250445,2986.8880172546897
200.0,0.0,0,1500.0,400.0,700.0,100.0,2000486.276507222,1175000.0,825486.2765072221,False,True,315.6920523800024,59.192259821250445,3575.690530657883
200.0,0.0,0,2500.0,0.0,500.0,100.0,2000486.276507222,1175000.0,825486.2765072221,False,True,315.6920523800024,59.192259821250445,3865.8930600743543
0.0,0.0,3,1500.0,0.0,500.0,150.0,2494742.2825396922,1177500.0,1317242.2825396922,False,True,315.6920523800024,59.192259821250445,2156.576628081344
0.0,200.0,0,2500.0,0.0,700.0,150.0,2237571.38834087,1177500.0,1060071.3883408702,False,True,315.6920523800024,59.192259821250445,3865.8930600743543
0.0,200.0,1,1500.0,400.0,500.0,150.0,2243485.13834087,1177500.0,1065985.1383408702,False,True,315.6920523800024,59.192259821250445,2970.9872170676454
200.0,0.0,0,1500.0,600.0,500.0,150.0,2002986.276507222,1177500.0,825486.2765072221,False,True,315.6920523800024,59.192259821250445,3575.690530657883
0.0,400.0,2,0.0,200.0,700.0,100.0,2034515.245293745,1180000.0,854515.2452937451,False,True,315.6920523800024,59.192259821250445,978.5720635857999
0.0,600.0,0,0.0,600.0,700.0,100.0,1936563.9616800814,1180000.0,756563.9616800814,False,True,315.6920523800024,59.192259821250445,2649.4167270363273
200.0,0.0,3,0.0,0.0,700.0,100.0,2017076.276507222,1180000.0,837076.2765072221,False,True,315.6920523800024,59.192259821250445,405.87444545289327
200.0,200.0,1,0.0,400.0,700.0,100.0,1771085.9316036687,1180000.0,591085.9316036686,False,True,315.6920523800024,59.192259821250445,1468.2385147972495
400.0,0.0,0,0.0,600.0,700.0,100.0,1585463.3244380415,1180000.0,405463.3244380414,False,True,315.6920523800024,59.192259821250445,2595.9332940343993
0.0,200.0,4,0.0,0.0,500.0,150.0,2254161.38834087,1182500.0,1071661.3883408702,False,True,315.6920523800024,59.192259821250445,1051.7114471702214
0.0,400.0,2,0.0,400.0,500.0,150.0,2037015.245293745,1182500.0,854515.2452937451,False,True,315.6920523800024,59.192259821250445,978.5720635857999
200.0,0.0,3,0.0,200.0,500.0,150.0,2019576.276507222,1182500.0,837076.2765072221,False,True,315.6920523800024,59.192259821250445,405.87444545289327
200.0,200.0,1,0.0,600.0,500.0,150.0,1773585.9316036687,1182500.0,591085.9316036686,False,True,315.6920523800024,59.192259821250445,1468.2385147972495
0.0,200.0,2,1500.0,0.0,500.0,100.0,2256661.38834087,1185000.0,1071661.3883408702,False,True,315.6920523800024,59.192259821250445,1051.7114471702214
0.0,400.0,0,1500.0,400.0,500.0,100.0,2027925.245293745,1185000.0,842925.2452937451,False,True,315.6920523800024,59.192259821250445,1894.4878938275172
200.0,0.0,1,1500.0,200.0,500.0,100.0,2016400.026507222,1185000.0,831400.0265072221,False,True,315.6920523800024,59.192259821250445,2003.0873124299087
0.0,200.0,1,1500.0,200.0,700.0,150.0,2253485.13834087,1187500.0,1065985.1383408702,False,True,315.6920523800024,59.192259821250445,2986.8880172546897
200.0,0.0,0,1500.0,400.0,700.0,150.0,2012986.276507222,1187500.0,825486.2765072221,False,True,315.6920523800024,59.192259821250445,3575.690530657883
200.0,0.0,0,2500.0,0.0,500.0,150.0,2012986.276507222,1187500.0,825486.2765072221,False,True,315.6920523800024,59.192259821250445,3865.8930600743543
0.0,400.0,3,0.0,0.0,500.0,100.0,2044515.245293745,1190000.0,854515.2452937451,False,True,315.6920523800024,59.192259821250445,995.7744347909112
0.0,600.0,1,0.0,400.0,500.0,100.0,1952477.7116800814,1190000.0,762477.7116800814,False,True,315.6920523800024,59.192259821250445,2276.7357025351007
200.0,200.0,2,0.0,200.0,500.0,100.0,1786762.1816036687,1190000.0,596762.1816036686,False,True,315.6920523800024,59.192259821250445,251.89696355931326
200.0,400.0,0,0.0,600.0,500.0,100.0,1658920.8442478438,1190000.0,468920.8442478438,False,True,315.6920523800024,59.192259821250445,2573.69823332226
400.0,0.0,1,0.0,400.0,500.0,100.0,1601377.0744380415,1190000.0,411377.0744380414,False,True,315.6920523800024,59.192259821250445,612.475726325742
0.0,400.0,2,0.0,200.0,700.0,150.0,2047015.245293745,1192500.0,854515.2452937451,False,True,315.6920523800024,59.192259821250445,978.5720635857999
0.0,600.0,0,0.0,600.0,700.0,150.0,1949063.9616800814,1192500.0,756563.9616800814,False,True,315.6920523800024,59.192259821250445,2649.4167270363273
200.0,0.0,3,0.0,0.0,700.0,150.0,2029576.276507222,1192500.0,837076.2765072221,False,True,315.6920523800024,59.192259821250445,405.87444545289327
200.0,200.0,1,0.0,400.0,700.0,150.0,1783585.9316036687,1192500.0,591085.9316036686,False,True,315.6920523800024,59.192259821250445,1468.2385147972495
400.0,0.0,0,0.0,600.0,700.0,150.0,1597963.3244380415,1192500.0,405463.3244380414,False,True,315.6920523800024,59.192259821250445,2595.9332940343993
0.0,400.0,0,1500.0,200.0,700.0,100.0,2037925.245293745,1195000.0,842925.2452937451,False,True,315.6920523800024,59.192259821250445,2267.7030841801306
200.0,0.0,1,1500.0,0.0,700.0,100.0,2026400.026507222,1195000.0,831400.0265072221,False,True,315.6920523800024,59.192259821250445,2562.771352790423
0.0,200.0,2,1500.0,0.0,500.0,150.0,2269161.38834087,1197500.0,1071661.3883408702,False,True,315.6920523800024,59.192259821250445,1051.7114471702214
0.0,400.0,0,1500.0,400.0,500.0,150.0,2040425.245293745,1197500.0,842925.2452937451,False,True,315.6920523800024,59.192259821250445,1894.4878938275172
200.0,0.0,1,1500.0,200.0,500.0,150.0,2028900.026507222,1197500.0,831400.0265072221,False,True,315.6920523800024,59.192259821250445,2003.0873124299087
0.0,600.0,1,0.0,200.0,700.0,100.0,1962477.7116800814,1200000.0,762477.7116800814,False,True,315.6920523800024,59.192259821250445,2276.7357025351007
200.0,200.0,2,0.0,0.0,700.0,100.0,1796762.1816036687,1200000.0,596762.1816036686,False,True,315.6920523800024,59.192259821250445,263.37660692001737
200.0,400.0,0,0.0,400.0,700.0,100.0,1668920.8442478438,1200000.0,468920.8442478438,False,True,315.6920523800024,59.192259821250445,2573.69823332226
400.0,0.0,1,0.0,200.0,700.0,100.0,1611377.0744380415,1200000.0,411377.0744380414,False,True,315.6920523800024,59.192259821250445,612.475726325742
0.0,400.0,3,0.0,0.0,500.0,150.0,2057015.245293745,1202500.0,854515.2452937451,False,True,315.6920523800024,59.192259821250445,995.7744347909112
0.0,600.0,1,0.0,400.0,500.0,150.0,1964977.7116800814,1202500.0,762477.7116800814,False,True,315.6920523800024,59.192259821250445,2276.7357025351007
200.0,200.0,2,0.0,200.0,500.0,150.0,1799262.1816036687,1202500.0,596762.1816036686,False,True,315.6920523800024,59.192259821250445,251.89696355931326
200.0,400.0,0,0.0,600.0,500.0,150.0,1671420.8442478438,1202500.0,468920.8442478438,False,True,315.6920523800024,59.192259821250445,2573.69823332226
400.0,0.0,1,0.0,400.0,500.0,150.0,1613877.0744380415,1202500.0,411377.0744380414,False,True,315.6920523800024,59.192259821250445,612.475726325742
0.0,0.0,0,2500.0,600.0,700.0,100.0,2510652.2825396922,1205000.0,1305652.2825396922,False,True,315.6920523800024,59.192259821250445,3587.2611719257848
0.0,0.0,0,3500.0,200.0,500.0,100.0,2510652.2825396922,1205000.0,1305652.2825396922,False,True,315.6920523800024,59.192259821250445,3690.614810116158
0.0,400.0,1,1500.0,0.0,500.0,100.0,2053838.995293745,1205000.0,848838.9952937451,False,True,315.6920523800024,59.192259821250445,2563.51871475447
200.0,200.0,0,1500.0,200.0,500.0,100.0,1790172.1816036687,1205000.0,585172.1816036686,False,True,315.6920523800024,59.192259821250445,1938.6004697231501
0.0,400.0,0,1500.0,200.0,700.0,150.0,2050425.245293745,1207500.0,842925.2452937451,False,True,315.6920523800024,59.192259821250445,2267.7030841801306
200.0,0.0,1,1500.0,0.0,700.0,150.0,2038900.026507222,1207500.0,831400.0265072221,False,True,315.6920523800024,59.192259821250445,2562.771352790423
0.0,0.0,4,0.0,600.0,500.0,100.0,2527242.2825396922,1210000.0,1317242.2825396922,False,True,315.6920523800024,59.192259821250445,2156.576628081344
0.0,600.0,2,0.0,0.0,500.0,100.0,1978153.9616800814,1210000.0,768153.9616800814,False,True,315.6920523800024,59.192259821250445,995.774434790911
200.0,400.0,1,0.0,200.0,500.0,100.0,1684834.5942478438,1210000.0,474834.5942478438,False,True,315.6920523800024,59.192259821250445,1318.5669258487553
400.0,0.0,2,0.0,0.0,500.0,100.0,1627053.3244380415,1210000.0,417053.3244380414,False,True,315.6920523800024,59.192259821250445,182.57732989113134
400.0,200.0,0,0.0,400.0,500.0,100.0,1466210.2720558762,1210000.0,256210.2720558762,False,True,315.6920523800024,59.192259821250445,1698.6056490856342
0.0,600.0,1,0.0,200.0,700.0,150.0,1974977.7116800814,1212500.0,762477.7116800814,False,True,315.6920523800024,59.192259821250445,2276.7357025351007
200.0,200.0,2,0.0,0.0,700.0,150.0,1809262.1816036687,1212500.0,596762.1816036686,False,True,315.6920523800024,59.192259821250445,263.37660692001737
200.0,400.0,0,0.0,400.0,700.0,150.0,1681420.8442478438,1212500.0,468920.8442478438,False,True,315.6920523800024,59.192259821250445,2573.69823332226
400.0,0.0,1,0.0,200.0,700.0,150.0,1623877.0744380415,1212500.0,411377.0744380414,False,True,315.6920523800024,59.192259821250445,612.475726325742
0.0,0.0,0,3500.0,0.0,700.0,100.0,2520652.2825396922,1215000.0,1305652.2825396922,False,True,315.6920523800024,59.192259821250445,3865.8930600743543
0.0,0.0,1,2500.0,400.0,500.0,100.0,2526566.0325396922,1215000.0,1311566.0325396922,False,True,315.6920523800024,59.192259821250445,3412.6383503822058
200.0,200.0,0,1500.0,0.0,700.0,100.0,1800172.1816036687,1215000.0,585172.1816036686,False,True,315.6920523800024,59.192259821250445,3865.8930600743543
0.0,0.0,0,2500.0,600.0,700.0,150.0,2523152.2825396922,1217500.0,1305652.2825396922,False,True,315.6920523800024,59.192259821250445,3587.2611719257848
0.0,0.0,0,3500.0,200.0,500.0,150.0,2523152.2825396922,1217500.0,1305652.2825396922,False,True,315.6920523800024,59.192259821250445,3690.614810116158
0.0,400.0,1,1500.0,0.0,500.0,150.0,2066338.995293745,1217500.0,848838.9952937451,False,True,315.6920523800024,59.192259821250445,2563.51871475447
200.0,200.0,0,1500.0,200.0,500.0,150.0,1802672.1816036687,1217500.0,585172.1816036686,False,True,315.6920523800024,59.192259821250445,1938.6004697231501
0.0,0.0,4,0.0,400.0,700.0,100.0,2537242.2825396922,1220000.0,1317242.2825396922,False,True,315.6920523800024,59.192259821250445,2156.576628081344
200.0,400.0,1,0.0,0.0,700.0,100.0,1694834.5942478438,1220000.0,474834.5942478438,False,True,315.6920523800024,59.192259821250445,1385.2425272275434
400.0,200.0,0,0.0,200.0,700.0,100.0,1476210.2720558762,1220000.0,256210.2720558762,False,True,315.6920523800024,59.192259821250445,1698.6056490856342
0.0,0.0,4,0.0,600.0,500.0,150.0,2539742.2825396922,1222500.0,1317242.2825396922,False,True,315.6920523800024,59.192259821250445,2156.576628081344
0.0,600.0,2,0.0,0.0,500.0,150.0,1990653.9616800814,1222500.0,768153.9616800814,False,True,315.6920523800024,59.192259821250445,995.774434790911
200.0,400.0,1,0.0,200.0,500.0,150.0,1697334.5942478438,1222500.0,474834.5942478438,False,True,315.6920523800024,59.192259821250445,1318.5669258487553
400.0,0.0,2,0.0,0.0,500.0,150.0,1639553.3244380415,1222500.0,417053.3244380414,False,True,315.6920523800024,59.192259821250445,182.57732989113134
400.0,200.0,0,0.0,400.0,500.0,150.0,1478710.2720558762,1222500.0,256210.2720558762,False,True,315.6920523800024,59.192259821250445,1698.6056490856342
0.0,0.0,1,2500.0,200.0,700.0,100.0,2536566.0325396922,1225000.0,1311566.0325396922,False,True,315.6920523800024,59.192259821250445,3441.574065438045
0.0,0.0,2,1500.0,600.0,500.0,100.0,2542242.2825396922,1225000.0,1317242.2825396922,False,True,315.6920523800024,59.192259821250445,1747.5609944868013
0.0,600.0,0,1500.0,0.0,500.0,100.0,1981563.9616800814,1225000.0,756563.9616800814,False,True,315.6920523800024,59.192259821250445,3865.8930600743543
400.0,0.0,0,1500.0,0.0,500.0,100.0,1630463.3244380415,1225000.0,405463.3244380414,False,True,315.6920523800024,59.192259821250445,3865.8930600743543
0.0,0.0,0,3500.0,0.0,700.0,150.0,2533152.2825396922,1227500.0,1305652.2825396922,False,True,315.6920523800024,59.192259821250445,3865.8930600743543
0.0,0.0,1,2500.0,400.0,500.0,150.0,2539066.0325396922,1227500.0,1311566.0325396922,False,True,315.6920523800024,59.192259821250445,3412.6383503822058
200.0,200.0,0,1500.0,0.0,700.0,150.0,1812672.1816036687,1227500.0,585172.1816036686,False,True,315.6920523800024,59.192259821250445,3865.8930600743543
0.0,0.0,5,0.0,200.0,500.0,100.0,2547242.2825396922,1230000.0,1317242.2825396922,False,True,315.6920523800024,59.192259821250445,2156.576628081344
0.0,200.0,3,0.0,600.0,500.0,100.0,2301661.38834087,1230000.0,1071661.3883408702,False,True,315.6920523800024,59.192259821250445,1051.7114471702214
200.0,600.0,0,0.0,200.0,500.0,100.0,1669061.5573118608,1230000.0,439061.5573118607,False,True,315.6920523800024,59.192259821250445,2345.995722798581
400.0,200.0,1,0.0,0.0,500.0,100.0,1492124.0220558762,1230000.0,262124.0220558762,False,True,315.6920523800024,59.192259821250445,422.0757658063585
600.0,0.0,0,0.0,200.0,500.0,100.0,1439533.698135132,1230000.0,209533.69813513203,False,True,315.6920523800024,59.192259821250445,1046.8994933870501
0.0,0.0,4,0.0,400.0,700.0,150.0,2549742.2825396922,1232500.0,1317242.2825396922,False,True,315.6920523800024,59.192259821250445,2156.576628081344
200.0,400.0,1,0.0,0.0,700.0,150.0,1707334.5942478438,1232500.0,474834.5942478438,False,True,315.6920523800024,59.192259821250445,1385.2425272275434
400.0,200.0,0,0.0,200.0,700.0,150.0,1488710.2720558762,1232500.0,256210.2720558762,False,True,315.6920523800024,59.192259821250445,1698.6056490856342
0.0,0.0,2,1500.0,400.0,700.0,100.0,2552242.2825396922,1235000.0,1317242.2825396922,False,True,315.6920523800024,59.192259821250445,1747.5609944868013
0.0,0.0,2,2500.0,0.0,500.0,100.0,2552242.2825396922,1235000.0,1317242.2825396922,False,True,315.6920523800024,59.192259821250445,2156.576628081344
0.0,200.0,0,2500.0,400.0,500.0,100.0,2295071.38834087,1235000.0,1060071.3883408702,False,True,315.6920523800024,59.192259821250445,3508.5724432813286
0.0,0.0,1,2500.0,200.0,700.0,150.0,2549066.0325396922,1237500.0,1311566.0325396922,False,True,315.6920523800024,59.192259821250445,3441.574065438045
0.0,0.0,2,1500.0,600.0,500.0,150.0,2554742.2825396922,1237500.0,1317242.2825396922,False,True,315.6920523800024,59.192259821250445,1747.5609944868013
0.0,600.0,0,1500.0,0.0,500.0,150.0,1994063.9616800814,1237500.0,756563.9616800814,False,True,315.6920523800024,59.192259821250445,3865.8930600743543
400.0,0.0,0,1500.0,0.0,500.0,150.0,1642963.3244380415,1237500.0,405463.3244380414,False,True,315.6920523800024,59.192259821250445,3865.8930600743543
0.0,0.0,5,0.0,0.0,700.0,100.0,2557242.2825396922,1240000.0,1317242.2825396922,False,True,315.6920523800024,59.192259821250445,2156.576628081344
0.0,200.0,3,0.0,400.0,700.0,100.0,2311661.38834087,1240000.0,1071661.3883408702,False,True,315.6920523800024,59.192259821250445,1051.7114471702214
200.0,0.0,2,0.0,600.0,700.0,100.0,2077076.276507222,1240000.0,837076.2765072221,False,True,315.6920523800024,59.192259821250445,405.87444545289327
200.0,600.0,0,0.0,0.0,700.0,100.0,1679061.5573118608,1240000.0,439061.5573118607,False,True,315.6920523800024,59.192259821250445,3865.8930600743543
600.0,0.0,0,0.0,0.0,700.0,100.0,1449533.698135132,1240000.0,209533.69813513203,False,True,315.6920523800024,59.192259821250445,3865.8930600743543
0.0,0.0,5,0.0,200.0,500.0,150.0,2559742.2825396922,1242500.0,1317242.2825396922,False,True,315.6920523800024,59.192259821250445,2156.576628081344
0.0,200.0,3,0.0,600.0,500.0,150.0,2314161.38834087,1242500.0,1071661.3883408702,False,True,315.6920523800024,59.192259821250445,1051.7114471702214
200.0,600.0,0,0.0,200.0,500.0,150.0,1681561.5573118608,1242500.0,439061.5573118607,False,True,315.6920523800024,59.192259821250445,2345.995722798581
400.0,200.0,1,0.0,0.0,500.0,150.0,1504624.0220558762,1242500.0,262124.0220558762,False,True,315.6920523800024,59.192259821250445,422.0757658063585
600.0,0.0,0,0.0,200.0,500.0,150.0,1452033.698135132,1242500.0,209533.69813513203,False,True,315.6920523800024,59.192259821250445,1046.8994933870501
0.0,0.0,3,1500.0,200.0,500.0,100.0,2562242.2825396922,1245000.0,1317242.2825396922,False,True,315.6920523800024,59.192259821250445,1747.5609944868013
0.0,200.0,0,2500.0,200.0,700.0,100.0,2305071.38834087,1245000.0,1060071.3883408702,False,True,315.6920523800024,59.192259821250445,3577.3039765448
0.0,200.0,1,1500.0,600.0,500.0,100.0,2310985.13834087,1245000.0,1065985.1383408702,False,True,315.6920523800024,59.192259821250445,2970.9872170676454
0.0,0.0,2,1500.0,400.0,700.0,150.0,2564742.2825396922,1247500.0,1317242.2825396922,False,True,315.6920523800024,59.192259821250445,1747.5609944868013
0.0,0.0,2,2500.0,0.0,500.0,150.0,2564742.2825396922,1247500.0,1317242.2825396922,False,True,315.6920523800024,59.192259821250445,2156.576628081344
0.0,200.0,0,2500.0,400.0,500.0,150.0,2307571.38834087,1247500.0,1060071.3883408702,False,True,315.6920523800024,59.192259821250445,3508.5724432813286
0.0,200.0,4,0.0,200.0,500.0,100.0,2321661.38834087,1250000.0,1071661.3883408702,False,True,315.6920523800024,59.192259821250445,1051.7114471702214
0.0,400.0,2,0.0,600.0,500.0,100.0,2104515.245293745,1250000.0,854515.2452937451,False,True,315.6920523800024,59.192259821250445,978.5720635857999
200.0,0.0,3,0.0,400.0,500.0,100.0,2087076.276507222,1250000.0,837076.2765072221,False,True,315.6920523800024,59.192259821250445,405.87444545289327
400.0,400.0,0,0.0,0.0,500.0,100.0,1463580.5714050038,1250000.0,213580.5714050037,False,True,315.6920523800024,59.192259821250445,3865.8930600743543
0.0,0.0,5,0.0,0.0,700.0,150.0,2569742.2825396922,1252500.0,1317242.2825396922,False,True,315.6920523800024,59.192259821250445,2156.576628081344
0.0,200.0,3,0.0,400.0,700.0,150.0,2324161.38834087,1252500.0,1071661.3883408702,False,True,315.6920523800024,59.192259821250445,1051.7114471702214
200.0,0.0,2,0.0,600.0,700.0,150.0,2089576.276507222,1252500.0,837076.2765072221,False,True,315.6920523800024,59.192259821250445,405.87444545289327
200.0,600.0,0,0.0,0.0,700.0,150.0,1691561.5573118608,1252500.0,439061.5573118607,False,True,315.6920523800024,59.192259821250445,3865.8930600743543
600.0,0.0,0,0.0,0.0,700.0,150.0,1462033.698135132,1252500.0,209533.69813513203,False,True,315.6920523800024,59.192259821250445,3865.8930600743543
0.0,0.0,3,1500.0,0.0,700.0,100.0,2572242.2825396922,1255000.0,1317242.2825396922,False,True,315.6920523800024,59.192259821250445,2156.576628081344
0.0,200.0,1,1500.0,400.0,700.0,100.0,2320985.13834087,1255000.0,1065985.1383408702,False,True,315.6920523800024,59.192259821250445,2970.9872170676454
0.0,200.0,1,2500.0,0.0,500.0,100.0,2320985.13834087,1255000.0,1065985.1383408702,False,True,315.6920523800024,59.192259821250445,3313.276144089339
200.0,0.0,0,1500.0,600.0,700.0,100.0,2080486.276507222,1255000.0,825486.2765072221,False,True,315.6920523800024,59.192259821250445,3575.690530657883
200.0,0.0,0,2500.0,200.0,500.0,100.0,2080486.276507222,1255000.0,825486.2765072221,False,True,315.6920523800024,59.192259821250445,3389.2872110965004
0.0,0.0,3,1500.0,200.0,500.0,150.0,2574742.2825396922,1257500.0,1317242.2825396922,False,True,315.6920523800024,59.192259821250445,1747.5609944868013
0.0,200.0,0,2500.0,200.0,700.0,150.0,2317571.38834087,1257500.0,1060071.3883408702,False,True,315.6920523800024,59.192259821250445,3577.3039765448
0.0,200.0,1,1500.0,600.0,500.0,150.0,2323485.13834087,1257500.0,1065985.1383408702,False,True,315.6920523800024,59.192259821250445,2970.9872170676454
0.0,200.0,4,0.0,0.0,700.0,100.0,2331661.38834087,1260000.0,1071661.3883408702,False,True,315.6920523800024,59.192259821250445,1051.7114471702214
0.0,400.0,2,0.0,400.0,700.0,100.0,2114515.245293745,1260000.0,854515.2452937451,False,True,315.6920523800024,59.192259821250445,978.5720635857999
200.0,0.0,3,0.0,200.0,700.0,100.0,2097076.276507222,1260000.0,837076.2765072221,False,True,315.6920523800024,59.192259821250445,405.87444545289327
200.0,200.0,1,0.0,600.0,700.0,100.0,1851085.9316036687,1260000.0,591085.9316036686,False,True,315.6920523800024,59.192259821250445,1468.2385147972495
0.0,200.0,4,0.0,200.0,500.0,150.0,2334161.38834087,1262500.0,1071661.3883408702,False,True,315.6920523800024,59.192259821250445,1051.7114471702214
0.0,400.0,2,0.0,600.0,500.0,150.0,2117015.245293745,1262500.0,854515.2452937451,False,True,315.6920523800024,59.192259821250445,978.5720635857999
200.0,0.0,3,0.0,400.0,500.0,150.0,2099576.276507222,1262500.0,837076.2765072221,False,True,315.6920523800024,59.192259821250445,405.87444545289327
400.0,400.0,0,0.0,0.0,500.0,150.0,1476080.5714050038,1262500.0,213580.5714050037,False,True,315.6920523800024,59.192259821250445,3865.8930600743543
0.0,200.0,2,1500.0,200.0,500.0,100.0,2336661.38834087,1265000.0,1071661.3883408702,False,True,315.6920523800024,59.192259821250445,549.635040747302
0.0,400.0,0,1500.0,600.0,500.0,100.0,2107925.245293745,1265000.0,842925.2452937451,False,True,315.6920523800024,59.192259821250445,1894.4878938275172
200.0,0.0,0,2500.0,0.0,700.0,100.0,2090486.276507222,1265000.0,825486.2765072221,False,True,315.6920523800024,59.192259821250445,3865.8930600743543
200.0,0.0,1,1500.0,400.0,500.0,100.0,2096400.026507222,1265000.0,831400.0265072221,False,True,315.6920523800024,59.192259821250445,2003.0873124299087
0.0,0.0,3,1500.0,0.0,700.0,150.0,2584742.2825396922,1267500.0,1317242.2825396922,False,True,315.6920523800024,59.192259821250445,2156.576628081344
0.0,200.0,1,1500.0,400.0,700.0,150.0,2333485.13834087,1267500.0,1065985.1383408702,False,True,315.6920523800024,59.192259821250445,2970.9872170676454
0.0,200.0,1,2500.0,0.0,500.0,150.0,2333485.13834087,1267500.0,1065985.1383408702,False,True,315.6920523800024,59.192259821250445,3313.276144089339
200.0,0.0,0,1500.0,600.0,700.0,150.0,2092986.276507222,1267500.0,825486.2765072221,False,True,315.6920523800024,59.192259821250445,3575.690530657883
200.0,0.0,0,2500.0,200.0,500.0,150.0,2092986.276507222,1267500.0,825486.2765072221,False,True,315.6920523800024,59.192259821250445,3389.2872110965004
0.0,400.0,3,0.0,200.0,500.0,100.0,2124515.245293745,1270000.0,854515.2452937451,False,True,315.6920523800024,59.192259821250445,978.5720635857999
0.0,600.0,1,0.0,600.0,500.0,100.0,2032477.7116800814,1270000.0,762477.7116800814,False,True,315.6920523800024,59.192259821250445,2276.7357025351007
200.0,0.0,4,0.0,0.0,500.0,100.0,2107076.276507222,1270000.0,837076.2765072221,False,True,315.6920523800024,59.192259821250445,405.87444545289327
200.0,200.0,2,0.0,400.0,500.0,100.0,1866762.1816036687,1270000.0,596762.1816036686,False,True,315.6920523800024,59.192259821250445,251.89696355931326
400.0,0.0,1,0.0,600.0,500.0,100.0,1681377.0744380415,1270000.0,411377.0744380414,False,True,315.6920523800024,59.192259821250445,612.475726325742
0.0,200.0,4,0.0,0.0,700.0,150.0,2344161.38834087,1272500.0,1071661.3883408702,False,True,315.6920523800024,59.192259821250445,1051.7114471702214
0.0,400.0,2,0.0,400.0,700.0,150.0,2127015.245293745,1272500.0,854515.2452937451,False,True,315.6920523800024,59.192259821250445,978.5720635857999
200.0,0.0,3,0.0,200.0,700.0,150.0,2109576.276507222,1272500.0,837076.2765072221,False,True,315.6920523800024,59.192259821250445,405.87444545289327
200.0,200.0,1,0.0,600.0,700.0,150.0,1863585.9316036687,1272500.0,591085.9316036686,False,True,315.6920523800024,59.192259821250445,1468.2385147972495
0.0,200.0,2,1500.0,0.0,700.0,100.0,2346661.38834087,1275000.0,1071661.3883408702,False,True,315.6920523800024,59.192259821250445,1051.7114471702214
0.0,400.0,0,1500.0,400.0,700.0,100.0,2117925.245293745,1275000.0,842925.2452937451,False,True,315.6920523800024,59.192259821250445,1894.4878938275172
0.0,400.0,0,2500.0,0.0,500.0,100.0,2117925.245293745,1275000.0,842925.2452937451,False,True,315.6920523800024,59.192259821250445,3865.8930600743543
200.0,0.0,1,1500.0,200.0,700.0,100.0,2106400.026507222,1275000.0,831400.0265072221,False,True,315.6920523800024,59.192259821250445,2003.0873124299087
0.0,200.0,2,1500.0,200.0,500.0,150.0,2349161.38834087,1277500.0,1071661.3883408702,False,True,315.6920523800024,59.192259821250445,549.635040747302
0.0,400.0,0,1500.0,600.0,500.0,150.0,2120425.245293745,1277500.0,842925.2452937451,False,True,315.6920523800024,59.192259821250445,1894.4878938275172
200.0,0.0,0,2500.0,0.0,700.0,150.0,2102986.276507222,1277500.0,825486.2765072221,False,True,315.6920523800024,59.192259821250445,3865.8930600743543
200.0,0.0,1,1500.0,400.0,500.0,150.0,2108900.026507222,1277500.0,831400.0265072221,False,True,315.6920523800024,59.192259821250445,2003.0873124299087
0.0,400.0,3,0.0,0.0,700.0,100.0,2134515.245293745,1280000.0,854515.2452937451,False,True,315.6920523800024,59.192259821250445,995.7744347909112
0.0,600.0,1,0.0,400.0,700.0,100.0,2042477.7116800814,1280000.0,762477.7116800814,False,True,315.6920523800024,59.192259821250445,2276.7357025351007
200.0,200.0,2,0.0,200.0,700.0,100.0,1876762.1816036687,1280000.0,596762.1816036686,False,True,315.6920523800024,59.192259821250445,251.89696355931326
200.0,400.0,0,0.0,600.0,700.0,100.0,1748920.8442478438,1280000.0,468920.8442478438,False,True,315.6920523800024,59.192259821250445,2573.69823332226
400.0,0.0,1,0.0,400.0,700.0,100.0,1691377.0744380415,1280000.0,411377.0744380414,False,True,315.6920523800024,59.192259821250445,612.475726325742
0.0,400.0,3,0.0,200.0,500.0,150.0,2137015.245293745,1282500.0,854515.2452937451,False,True,315.6920523800024,59.192259821250445,978.5720635857999
0.0,600.0,1,0.0,600.0,500.0,150.0,2044977.7116800814,1282500.0,762477.7116800814,False,True,315.6920523800024,59.192259821250445,2276.7357025351007
200.0,0.0,4,0.0,0.0,500.0,150.0,2119576.276507222,1282500.0,837076.2765072221,False,True,315.6920523800024,59.192259821250445,405.87444545289327
200.0,200.0,2,0.0,400.0,500.0,150.0,1879262.1816036687,1282500.0,596762.1816036686,False,True,315.6920523800024,59.192259821250445,251.89696355931326
400.0,0.0,1,0.0,600.0,500.0,150.0,1693877.0744380415,1282500.0,411377.0744380414,False,True,315.6920523800024,59.192259821250445,612.475726325742
0.0,0.0,0,3500.0,400.0,500.0,100.0,2590652.2825396922,1285000.0,1305652.2825396922,False,True,315.6920523800024,59.192259821250445,3468.168116464793
0.0,400.0,1,1500.0,200.0,500.0,100.0,2133838.995293745,1285000.0,848838.9952937451,False,True,315.6920523800024,59.192259821250445,1045.3707136293415
200.0,0.0,2,1500.0,0.0,500.0,100.0,2122076.276507222,1285000.0,837076.2765072221,False,True,315.6920523800024,59.192259821250445,405.87444545289327
200.0,200.0,0,1500.0,400.0,500.0,100.0,1870172.1816036687,1285000.0,585172.1816036686,False,True,315.6920523800024,59.192259821250445,1934.7901595362114
0.0,200.0,2,1500.0,0.0,700.0,150.0,2359161.38834087,1287500.0,1071661.3883408702,False,True,315.6920523800024,59.192259821250445,1051.7114471702214
0.0,400.0,0,1500.0,400.0,700.0,150.0,2130425.245293745,1287500.0,842925.2452937451,False,True,315.6920523800024,59.192259821250445,1894.4878938275172
0.0,400.0,0,2500.0,0.0,500.0,150.0,2130425.245293745,1287500.0,842925.2452937451,False,True,315.6920523800024,59.192259821250445,3865.8930600743543
200.0,0.0,1,1500.0,200.0,700.0,150.0,2118900.026507222,1287500.0,831400.0265072221,False,True,315.6920523800024,59.192259821250445,2003.0873124299087
0.0,600.0,2,0.0,200.0,500.0,100.0,2058153.9616800814,1290000.0,768153.9616800814,False,True,315.6920523800024,59.192259821250445,962.1436229467142
200.0,200.0,3,0.0,0.0,500.0,100.0,1886762.1816036687,1290000.0,596762.1816036686,False,True,315.6920523800024,59.192259821250445,263.37660692001737
200.0,400.0,1,0.0,400.0,500.0,100.0,1764834.5942478438,1290000.0,474834.5942478438,False,True,315.6920523800024,59.192259821250445,1318.5669258487553
400.0,0.0,2,0.0,200.0,500.0,100.0,1707053.3244380415,1290000.0,417053.3244380414,True,True,315.6920523800024,59.192259821250445,146.53124172277154
400.0,200.0,0,0.0,600.0,500.0,100.0,1546210.2720558762,1290000.0,256210.2720558762,False,True,315.6920523800024,59.192259821250445,1698.6056490856342
0.0,400.0,3,0.0,0.0,700.0,150.0,2147015.245293745,1292500.0,854515.2452937451,False,True,315.6920523800024,59.192259821250445,995.7744347909112
0.0,600.0,1,0.0,400.0,700.0,150.0,2054977.7116800814,1292500.0,762477.7116800814,False,True,315.6920523800024,59.192259821250445,2276.7357025351007
200.0,200.0,2,0.0,200.0,700.0,150.0,1889262.1816036687,1292500.0,596762.1816036686,False,True,315.6920523800024,59.192259821250445,251.89696355931326
200.0,400.0,0,0.0,600.0,700.0,150.0,1761420.8442478438,1292500.0,468920.8442478438,False,True,315.6920523800024,59.192259821250445,2573.69823332226
400.0,0.0,1,0.0,400.0,700.0,150.0,1703877.0744380415,1292500.0,411377.0744380414,False,True,315.6920523800024,59.192259821250445,612.475726325742
0.0,0.0,0,3500.0,200.0,700.0,100.0,2600652.2825396922,1295000.0,1305652.2825396922,False,True,315.6920523800024,59.192259821250445,3690.614810116158
0.0,0.0,1,2500.0,600.0,500.0,100.0,2606566.0325396922,1295000.0,1311566.0325396922,False,True,315.6920523800024,59.192259821250445,3412.6383503822058
0.0,400.0,1,1500.0,0.0,700.0,100.0,2143838.995293745,1295000.0,848838.9952937451,False,True,315.6920523800024,59.192259821250445,2563.51871475447
200.0,200.0,0,1500.0,200.0,700.0,100.0,1880172.1816036687,1295000.0,585172.1816036686,False,True,315.6920523800024,59.192259821250445,1950.134365102855
0.0,0.0,0,3500.0,400.0,500.0,150.0,2603152.2825396922,1297500.0,1305652.2825396922,False,True,315.6920523800024,59.192259821250445,3468.168116464793
0.0,400.0,1,1500.0,200.0,500.0,150.0,2146338.995293745,1297500.0,848838.9952937451,False,True,315.6920523800024,59.192259821250445,1045.3707136293415
200.0,0.0,2,1500.0,0.0,500.0,150.0,2134576.276507222,1297500.0,837076.2765072221,False,True,315.6920523800024,59.192259821250445,405.87444545289327
200.0,200.0,0,1500.0,400.0,500.0,150.0,1882672.1816036687,1297500.0,585172.1816036686,False,True,315.6920523800024,59.192259821250445,1934.7901595362114
0.0,0.0,4,0.0,600.0,700.0,100.0,2617242.2825396922,1300000.0,1317242.2825396922,False,True,315.6920523800024,59.192259821250445,2156.576628081344
0.0,600.0,2,0.0,0.0,700.0,100.0,2068153.9616800814,1300000.0,768153.9616800814,False,True,315.6920523800024,59.192259821250445,995.774434790911
200.0,400.0,1,0.0,200.0,700.0,100.0,1774834.5942478438,1300000.0,474834.5942478438,False,True,315.6920523800024,59.192259821250445,1318.5669258487553
400.0,0.0,2,0.0,0.0,700.0,100.0,1717053.3244380415,1300000.0,417053.3244380414,False,True,315.6920523800024,59.192259821250445,182.57732989113134
400.0,200.0,0,0.0,400.0,700.0,100.0,1556210.2720558762,1300000.0,256210.2720558762,False,True,315.6920523800024,59.192259821250445,1698.6056490856342
0.0,600.0,2,0.0,200.0,500.0,150.0,2070653.9616800814,1302500.0,768153.9616800814,False,True,315.6920523800024,59.192259821250445,962.1436229467142
200.0,200.0,3,0.0,0.0,500.0,150.0,1899262.1816036687,1302500.0,596762.1816036686,False,True,315.6920523800024,59.192259821250445,263.37660692001737
200.0,400.0,1,0.0,400.0,500.0,150.0,1777334.5942478438,1302500.0,474834.5942478438,False,True,315.6920523800024,59.192259821250445,1318.5669258487553
400.0,0.0,2,0.0,200.0,500.0,150.0,1719553.3244380415,1302500.0,417053.3244380414,True,True,315.6920523800024,59.192259821250445,146.53124172277154
400.0,200.0,0,0.0,600.0,500.0,150.0,1558710.2720558762,1302500.0,256210.2720558762,False,True,315.6920523800024,59.192259821250445,1698.6056490856342
0.0,0.0,1,2500.0,400.0,700.0,100.0,2616566.0325396922,1305000.0,1311566.0325396922,False,True,315.6920523800024,59.192259821250445,3412.6383503822058
0.0,0.0,1,3500.0,0.0,500.0,100.0,2616566.0325396922,1305000.0,1311566.0325396922,False,True,315.6920523800024,59.192259821250445,3865.8930600743543
0.0,600.0,0,1500.0,200.0,500.0,100.0,2061563.9616800814,1305000.0,756563.9616800814,False,True,315.6920523800024,59.192259821250445,1733.1449628419696
200.0,200.0,1,1500.0,0.0,500.0,100.0,1896085.9316036687,1305000.0,591085.9316036686,False,True,315.6920523800024,59.192259821250445,1486.5406080481362
400.0,0.0,0,1500.0,200.0,500.0,100.0,1710463.3244380415,1305000.0,405463.3244380414,False,True,315.6920523800024,59.192259821250445,1191.8187892785297
0.0,0.0,0,3500.0,200.0,700.0,150.0,2613152.2825396922,1307500.0,1305652.2825396922,False,True,315.6920523800024,59.192259821250445,3690.614810116158
0.0,0.0,1,2500.0,600.0,500.0,150.0,2619066.0325396922,1307500.0,1311566.0325396922,False,True,315.6920523800024,59.192259821250445,3412.6383503822058
0.0,400.0,1,1500.0,0.0,700.0,150.0,2156338.995293745,1307500.0,848838.9952937451,False,True,315.6920523800024,59.192259821250445,2563.51871475447
200.0,200.0,0,1500.0,200.0,700.0,150.0,1892672.1816036687,1307500.0,585172.1816036686,False,True,315.6920523800024,59.192259821250445,1950.134365102855
0.0,0.0,5,0.0,400.0,500.0,100.0,2627242.2825396922,1310000.0,1317242.2825396922,False,True,315.6920523800024,59.192259821250445,2156.576628081344
200.0,400.0,2,0.0,0.0,500.0,100.0,1790510.8442478438,1310000.0,480510.8442478438,False,True,315.6920523800024,59.192259821250445,263.37660692001737
200.0,600.0,0,0.0,400.0,500.0,100.0,1749061.5573118608,1310000.0,439061.5573118607,False,True,315.6920523800024,59.192259821250445,2345.995722798581
400.0,200.0,1,0.0,200.0,500.0,100.0,1572124.0220558762,1310000.0,262124.0220558762,False,True,315.6920523800024,59.192259821250445,292.69344270120627
600.0,0.0,0,0.0,400.0,500.0,100.0,1519533.698135132,1310000.0,209533.69813513203,False,True,315.6920523800024,59.192259821250445,1046.8994933870501
0.0,0.0,4,0.0,600.0,700.0,150.0,2629742.2825396922,1312500.0,1317242.2825396922,False,True,315.6920523800024,59.192259821250445,2156.576628081344
0.0,600.0,2,0.0,0.0,700.0,150.0,2080653.9616800814,1312500.0,768153.9616800814,False,True,315.6920523800024,59.192259821250445,995.774434790911
200.0,400.0,1,0.0,200.0,700.0,150.0,1787334.5942478438,1312500.0,474834.5942478438,False,True,315.6920523800024,59.192259821250445,1318.5669258487553
400.0,0.0,2,0.0,0.0,700.0,150.0,1729553.3244380415,1312500.0,417053.3244380414,False,True,315.6920523800024,59.192259821250445,182.57732989113134
400.0,200.0,0,0.0,400.0,700.0,150.0,1568710.2720558762,1312500.0,256210.2720558762,False,True,315.6920523800024,59.192259821250445,1698.6056490856342
0.0,0.0,2,1500.0,600.0,700.0,100.0,2632242.2825396922,1315000.0,1317242.2825396922,False,True,315.6920523800024,59.192259821250445,1747.5609944868013
0.0,0.0,2,2500.0,200.0,500.0,100.0,2632242.2825396922,1315000.0,1317242.2825396922,False,True,315.6920523800024,59.192259821250445,1318.6840589658518
0.0,200.0,0,2500.0,600.0,500.0,100.0,2375071.38834087,1315000.0,1060071.3883408702,False,True,315.6920523800024,59.192259821250445,3508.5724432813286
0.0,600.0,0,1500.0,0.0,700.0,100.0,2071563.9616800814,1315000.0,756563.9616800814,False,True,315.6920523800024,59.192259821250445,3865.8930600743543
400.0,0.0,0,1500.0,0.0,700.0,100.0,1720463.3244380415,1315000.0,405463.3244380414,False,True,315.6920523800024,59.192259821250445,3865.8930600743543
0.0,0.0,1,2500.0,400.0,700.0,150.0,2629066.0325396922,1317500.0,1311566.0325396922,False,True,315.6920523800024,59.192259821250445,3412.6383503822058
0.0,0.0,1,3500.0,0.0,500.0,150.0,2629066.0325396922,1317500.0,1311566.0325396922,False,True,315.6920523800024,59.192259821250445,3865.8930600743543
0.0,600.0,0,1500.0,200.0,500.0,150.0,2074063.9616800814,1317500.0,756563.9616800814,False,True,315.6920523800024,59.192259821250445,1733.1449628419696
200.0,200.0,1,1500.0,0.0,500.0,150.0,1908585.9316036687,1317500.0,591085.9316036686,False,True,315.6920523800024,59.192259821250445,1486.5406080481362
400.0,0.0,0,1500.0,200.0,500.0,150.0,1722963.3244380415,1317500.0,405463.3244380414,False,True,315.6920523800024,59.192259821250445,1191.8187892785297
0.0,0.0,5,0.0,200.0,700.0,100.0,2637242.2825396922,1320000.0,1317242.2825396922,False,True,315.6920523800024,59.192259821250445,2156.576628081344
0.0,200.0,3,0.0,600.0,700.0,100.0,2391661.38834087,1320000.0,1071661.3883408702,False,True,315.6920523800024,59.192259821250445,1051.7114471702214
200.0,600.0,0,0.0,200.0,700.0,100.0,1759061.5573118608,1320000.0,439061.5573118607,False,True,315.6920523800024,59.192259821250445,2345.995722798581
400.0,200.0,1,0.0,0.0,700.0,100.0,1582124.0220558762,1320000.0,262124.0220558762,False,True,315.6920523800024,59.192259821250445,422.0757658063585
600.0,0.0,0,0.0,200.0,700.0,100.0,1529533.698135132,1320000.0,209533.69813513203,False,True,315.6920523800024,59.192259821250445,1046.8994933870501
0.0,0.0,5,0.0,400.0,500.0,150.0,2639742.2825396922,1322500.0,1317242.2825396922,False,True,315.6920523800024,59.192259821250445,2156.576628081344
200.0,400.0,2,0.0,0.0,500.0,150.0,1803010.8442478438,1322500.0,480510.8442478438,False,True,315.6920523800024,59.192259821250445,263.37660692001737
200.0,600.0,0,0.0,400.0,500.0,150.0,1761561.5573118608,1322500.0,439061.5573118607,False,True,315.6920523800024,59.192259821250445,2345.995722798581
400.0,200.0,1,0.0,200.0,500.0,150.0,1584624.0220558762,1322500.0,262124.0220558762,False,True,315.6920523800024,59.192259821250445,292.69344270120627
600.0,0.0,0,0.0,400.0,500.0,150.0,1532033.698135132,1322500.0,209533.69813513203,False,True,315.6920523800024,59.192259821250445,1046.8994933870501
0.0,0.0,2,2500.0,0.0,700.0,100.0,2642242.2825396922,1325000.0,1317242.2825396922,False,True,315.6920523800024,59.192259821250445,2156.576628081344
0.0,0.0,3,1500.0,400.0,500.0,100.0,2642242.2825396922,1325000.0,1317242.2825396922,False,True,315.6920523800024,59.192259821250445,1747.5609944868013
0.0,200.0,0,2500.0,400.0,700.0,100.0,2385071.38834087,1325000.0,1060071.3883408702,False,True,315.6920523800024,59.192259821250445,3508.5724432813286
0.0,200.0,0,3500.0,0.0,500.0,100.0,2385071.38834087,1325000.0,1060071.3883408702,False,True,315.6920523800024,59.192259821250445,3865.8930600743543
200.0,400.0,0,1500.0,0.0,500.0,100.0,1793920.8442478438,1325000.0,468920.8442478438,False,True,315.6920523800024,59.192259821250445,3865.8930600743543
0.0,0.0,2,1500.0,600.0,700.0,150.0,2644742.2825396922,1327500.0,1317242.2825396922,False,True,315.6920523800024,59.192259821250445,1747.5609944868013
0.0,0.0,2,2500.0,200.0,500.0,150.0,2644742.2825396922,1327500.0,1317242.2825396922,False,True,315.6920523800024,59.192259821250445,1318.6840589658518
0.0,200.0,0,2500.0,600.0,500.0,150.0,2387571.38834087,1327500.0,1060071.3883408702,False,True,315.6920523800024,59.192259821250445,3508.5724432813286
0.0,600.0,0,1500.0,0.0,700.0,150.0,2084063.9616800814,1327500.0,756563.9616800814,False,True,315.6920523800024,59.192259821250445,3865.8930600743543
400.0,0.0,0,1500.0,0.0,700.0,150.0,1732963.3244380415,1327500.0,405463.3244380414,False,True,315.6920523800024,59.192259821250445,3865.8930600743543
0.0,0.0,6,0.0,0.0,500.0,100.0,2647242.2825396922,1330000.0,1317242.2825396922,False,True,315.6920523800024,59.192259821250445,2156.576628081344
0.0,200.0,4,0.0,400.0,500.0,100.0,2401661.38834087,1330000.0,1071661.3883408702,False,True,315.6920523800024,59.192259821250445,1051.7114471702214
200.0,0.0,3,0.0,600.0,500.0,100.0,2167076.276507222,1330000.0,837076.2765072221,False,True,315.6920523800024,59.192259821250445,405.87444545289327
200.0,600.0,1,0.0,0.0,500.0,100.0,1774975.3073118608,1330000.0,444975.3073118607,False,True,315.6920523800024,59.192259821250445,1354.3510127821262
400.0,400.0,0,0.0,200.0,500.0,100.0,1543580.5714050038,1330000.0,213580.5714050037,False,True,315.6920523800024,59.192259821250445,1435.7453478949262
600.0,0.0,1,0.0,0.0,500.0,100.0,1545447.448135132,1330000.0,215447.44813513203,False,True,315.6920523800024,59.192259821250445,408.47820531449446
0.0,0.0,5,0.0,200.0,700.0,150.0,2649742.2825396922,1332500.0,1317242.2825396922,False,True,315.6920523800024,59.192259821250445,2156.576628081344
0.0,200.0,3,0.0,600.0,700.0,150.0,2404161.38834087,1332500.0,1071661.3883408702,False,True,315.6920523800024,59.192259821250445,1051.7114471702214
200.0,600.0,0,0.0,200.0,700.0,150.0,1771561.5573118608,1332500.0,439061.5573118607,False,True,315.6920523800024,59.192259821250445,2345.995722798581
400.0,200.0,1,0.0,0.0,700.0,150.0,1594624.0220558762,1332500.0,262124.0220558762,False,True,315.6920523800024,59.192259821250445,422.0757658063585
600.0,0.0,0,0.0,200.0,700.0,150.0,1542033.698135132,1332500.0,209533.69813513203,False,True,315.6920523800024,59.192259821250445,1046.8994933870501
0.0,0.0,3,1500.0,200.0,700.0,100.0,2652242.2825396922,1335000.0,1317242.2825396922,False,True,315.6920523800024,59.192259821250445,1747.5609944868013
0.0,200.0,1,1500.0,600.0,700.0,100.0,2400985.13834087,1335000.0,1065985.1383408702,False,True,315.6920523800024,59.192259821250445,2970.9872170676454
0.0,200.0,1,2500.0,200.0,500.0,100.0,2400985.13834087,1335000.0,1065985.1383408702,False,True,315.6920523800024,59.192259821250445,2769.8560626721087
200.0,0.0,0,2500.0,400.0,500.0,100.0,2160486.276507222,1335000.0,825486.2765072221,False,True,315.6920523800024,59.192259821250445,3381.867585234568
0.0,0.0,2,2500.0,0.0,700.0,150.0,2654742.2825396922,1337500.0,1317242.2825396922,False,True,315.6920523800024,59.192259821250445,2156.576628081344
0.0,0.0,3,1500.0,400.0,500.0,150.0,2654742.2825396922,1337500.0,1317242.2825396922,False,True,315.6920523800024,59.192259821250445,1747.5609944868013
0.0,200.0,0,2500.0,400.0,700.0,150.0,2397571.38834087,1337500.0,1060071.3883408702,False,True,315.6920523800024,59.192259821250445,3508.5724432813286
0.0,200.0,0,3500.0,0.0,500.0,150.0,2397571.38834087,1337500.0,1060071.3883408702,False,True,315.6920523800024,59.192259821250445,3865.8930600743543
200.0,400.0,0,1500.0,0.0,500.0,150.0,1806420.8442478438,1337500.0,468920.8442478438,False,True,315.6920523800024,59.192259821250445,3865.8930600743543
0.0,200.0,4,0.0,200.0,700.0,100.0,2411661.38834087,1340000.0,1071661.3883408702,False,True,315.6920523800024,59.192259821250445,1051.7114471702214
0.0,400.0,2,0.0,600.0,700.0,100.0,2194515.245293745,1340000.0,854515.2452937451,False,True,315.6920523800024,59.192259821250445,978.5720635857999
200.0,0.0,3,0.0,400.0,700.0,100.0,2177076.276507222,1340000.0,837076.2765072221,False,True,315.6920523800024,59.192259821250445,405.87444545289327
400.0,400.0,0,0.0,0.0,700.0,100.0,1553580.5714050038,1340000.0,213580.5714050037,False,True,315.6920523800024,59.192259821250445,3865.8930600743543
0.0,0.0,6,0.0,0.0,500.0,150.0,2659742.2825396922,1342500.0,1317242.2825396922,False,True,315.6920523800024,59.192259821250445,2156.576628081344
0.0,200.0,4,0.0,400.0,500.0,150.0,2414161.38834087,1342500.0,1071661.3883408702,False,True,315.6920523800024,59.192259821250445,1051.7114471702214
200.0,0.0,3,0.0,600.0,500.0,150.0,2179576.276507222,1342500.0,837076.2765072221,False,True,315.6920523800024,59.192259821250445,405.87444545289327
200.0,600.0,1,0.0,0.0,500.0,150.0,1787475.3073118608,1342500.0,444975.3073118607,False,True,315.6920523800024,59.192259821250445,1354.3510127821262
400.0,400.0,0,0.0,200.0,500.0,150.0,1556080.5714050038,1342500.0,213580.5714050037,False,True,315.6920523800024,59.192259821250445,1435.7453478949262
600.0,0.0,1,0.0,0.0,500.0,150.0,1557947.448135132,1342500.0,215447.44813513203,False,True,315.6920523800024,59.192259821250445,408.47820531449446
0.0,0.0,4,1500.0,0.0,500.0,100.0,2662242.2825396922,1345000.0,1317242.2825396922,False,True,315.6920523800024,59.192259821250445,2156.576628081344
0.0,200.0,1,2500.0,0.0,700.0,100.0,2410985.13834087,1345000.0,1065985.1383408702,False,True,315.6920523800024,59.192259821250445,3313.276144089339
0.0,200.0,2,1500.0,400.0,500.0,100.0,2416661.38834087,1345000.0,1071661.3883408702,False,True,315.6920523800024,59.192259821250445,549.6350407473019
200.0,0.0,0,2500.0,200.0,700.0,100.0,2170486.276507222,1345000.0,825486.2765072221,False,True,315.6920523800024,59.192259821250445,3389.2872110965004
200.0,0.0,1,1500.0,600.0,500.0,100.0,2176400.026507222,1345000.0,831400.0265072221,False,True,315.6920523800024,59.192259821250445,2003.0873124299087
0.0,0.0,3,1500.0,200.0,700.0,150.0,2664742.2825396922,1347500.0,1317242.2825396922,False,True,315.6920523800024,59.192259821250445,1747.5609944868013
0.0,200.0,1,1500.0,600.0,700.0,150.0,2413485.13834087,1347500.0,1065985.1383408702,False,True,315.6920523800024,59.192259821250445,2970.9872170676454
0.0,200.0,1,2500.0,200.0,500.0,150.0,2413485.13834087,1347500.0,1065985.1383408702,False,True,315.6920523800024,59.192259821250445,2769.8560626721087
200.0,0.0,0,2500.0,400.0,500.0,150.0,2172986.276507222,1347500.0,825486.2765072221,False,True,315.6920523800024,59.192259821250445,3381.867585234568
0.0,200.0,5,0.0,0.0,500.0,100.0,2421661.38834087,1350000.0,1071661.3883408702,False,True,315.6920523800024,59.192259821250445,1051.7114471702214
0.0,400.0,3,0.0,400.0,500.0,100.0,2204515.245293745,1350000.0,854515.2452937451,False,True,315.6920523800024,59.192259821250445,978.5720635857999
200.0,0.0,4,0.0,200.0,500.0,100.0,2187076.276507222,1350000.0,837076.2765072221,False,True,315.6920523800024,59.192259821250445,405.87444545289327
200.0,200.0,2,0.0,600.0,500.0,100.0,1946762.1816036687,1350000.0,596762.1816036686,False,True,315.6920523800024,59.192259821250445,251.89696355931326
600.0,200.0,0,0.0,0.0,500.0,100.0,1479191.3702823014,1350000.0,129191.3702823015,False,True,315.6920523800024,59.192259821250445,3865.8930600743543
0.0,200.0,4,0.0,200.0,700.0,150.0,2424161.38834087,1352500.0,1071661.3883408702,False,True,315.6920523800024,59.192259821250445,1051.7114471702214
0.0,400.0,2,0.0,600.0,700.0,150.0,2207015.245293745,1352500.0,854515.2452937451,False,True,315.6920523800024,59.192259821250445,978.5720635857999
200.0,0.0,3,0.0,400.0,700.0,150.0,2189576.276507222,1352500.0,837076.2765072221,False,True,315.6920523800024,59.192259821250445,405.87444545289327
400.0,400.0,0,0.0,0.0,700.0,150.0,1566080.5714050038,1352500.0,213580.5714050037,False,True,315.6920523800024,59.192259821250445,3865.8930600743543
0.0,200.0,2,1500.0,200.0,700.0,100.0,2426661.38834087,1355000.0,1071661.3883408702,False,True,315.6920523800024,59.192259821250445,549.635040747302
0.0,400.0,0,1500.0,600.0,700.0,100.0,2197925.245293745,1355000.0,842925.2452937451,False,True,315.6920523800024,59.192259821250445,1894.4878938275172
0.0,400.0,0,2500.0,200.0,500.0,100.0,2197925.245293745,1355000.0,842925.2452937451,False,True,315.6920523800024,59.192259821250445,2030.235334801414
200.0,0.0,1,1500.0,400.0,700.0,100.0,2186400.026507222,1355000.0,831400.0265072221,False,True,315.6920523800024,59.192259821250445,2003.0873124299087
200.0,0.0,1,2500.0,0.0,500.0,100.0,2186400.026507222,1355000.0,831400.0265072221,False,True,315.6920523800024,59.192259821250445,2562.771352790423
0.0,0.0,4,1500.0,0.0,500.0,150.0,2674742.2825396922,1357500.0,1317242.2825396922,False,True,315.6920523800024,59.192259821250445,2156.576628081344
0.0,200.0,1,2500.0,0.0,700.0,150.0,2423485.13834087,1357500.0,1065985.1383408702,False,True,315.6920523800024,59.192259821250445,3313.276144089339
0.0,200.0,2,1500.0,400.0,500.0,150.0,2429161.38834087,1357500.0,1071661.3883408702,False,True,315.6920523800024,59.192259821250445,549.6350407473019
200.0,0.0,0,2500.0,200.0,700.0,150.0,2182986.276507222,1357500.0,825486.2765072221,False,True,315.6920523800024,59.192259821250445,3389.2872110965004
200.0,0.0,1,1500.0,600.0,500.0,150.0,2188900.026507222,1357500.0,831400.0265072221,False,True,315.6920523800024,59.192259821250445,2003.0873124299087
0.0,400.0,3,0.0,200.0,700.0,100.0,2214515.245293745,1360000.0,854515.2452937451,False,True,315.6920523800024,59.192259821250445,978.5720635857999
0.0,600.0,1,0.0,600.0,700.0,100.0,2122477.7116800817,1360000.0,762477.7116800814,False,True,315.6920523800024,59.192259821250445,2276.7357025351007
200.0,0.0,4,0.0,0.0,700.0,100.0,2197076.276507222,1360000.0,837076.2765072221,False,True,315.6920523800024,59.192259821250445,405.87444545289327
200.0,200.0,2,0.0,400.0,700.0,100.0,1956762.1816036687,1360000.0,596762.1816036686,False,True,315.6920523800024,59.192259821250445,251.89696355931326
400.0,0.0,1,0.0,600.0,700.0,100.0,1771377.0744380415,1360000.0,411377.0744380414,False,True,315.6920523800024,59.192259821250445,612.475726325742
0.0,200.0,5,0.0,0.0,500.0,150.0,2434161.38834087,1362500.0,1071661.3883408702,False,True,315.6920523800024,59.192259821250445,1051.7114471702214
0.0,400.0,3,0.0,400.0,500.0,150.0,2217015.245293745,1362500.0,854515.2452937451,False,True,315.6920523800024,59.192259821250445,978.5720635857999
200.0,0.0,4,0.0,200.0,500.0,150.0,2199576.276507222,1362500.0,837076.2765072221,False,True,315.6920523800024,59.192259821250445,405.87444545289327
200.0,200.0,2,0.0,600.0,500.0,150.0,1959262.1816036687,1362500.0,596762.1816036686,False,True,315.6920523800024,59.192259821250445,251.89696355931326
600.0,200.0,0,0.0,0.0,500.0,150.0,1491691.3702823014,1362500.0,129191.3702823015,False,True,315.6920523800024,59.192259821250445,3865.8930600743543
0.0,0.0,0,3500.0,600.0,500.0,100.0,2670652.2825396922,1365000.0,1305652.2825396922,False,True,315.6920523800024,59.192259821250445,3468.168116464793
0.0,200.0,3,1500.0,0.0,500.0,100.0,2436661.38834087,1365000.0,1071661.3883408702,False,True,315.6920523800024,59.192259821250445,1051.7114471702214
0.0,400.0,0,2500.0,0.0,700.0,100.0,2207925.245293745,1365000.0,842925.2452937451,False,True,315.6920523800024,59.192259821250445,3865.8930600743543
0.0,400.0,1,1500.0,400.0,500.0,100.0,2213838.995293745,1365000.0,848838.9952937451,False,True,315.6920523800024,59.192259821250445,983.826414293135
200.0,0.0,2,1500.0,200.0,500.0,100.0,2202076.276507222,1365000.0,837076.2765072221,True,True,315.6920523800024,59.192259821250445,101.02246366695096
200.0,200.0,0,1500.0,600.0,500.0,100.0,1950172.1816036687,1365000.0,585172.1816036686,False,True,315.6920523800024,59.192259821250445,1934.7901595362114
0.0,200.0,2,1500.0,200.0,700.0,150.0,2439161.38834087,1367500.0,1071661.3883408702,False,True,315.6920523800024,59.192259821250445,549.635040747302
0.0,400.0,0,1500.0,600.0,700.0,150.0,2210425.245293745,1367500.0,842925.2452937451,False,True,315.6920523800024,59.192259821250445,1894.4878938275172
0.0,400.0,0,2500.0,200.0,500.0,150.0,2210425.245293745,1367500.0,842925.2452937451,False,True,315.6920523800024,59.192259821250445,2030.235334801414
200.0,0.0,1,1500.0,400.0,700.0,150.0,2198900.026507222,1367500.0,831400.0265072221,False,True,315.6920523800024,59.192259821250445,2003.0873124299087
200.0,0.0,1,2500.0,0.0,500.0,150.0,2198900.026507222,1367500.0,831400.0265072221,False,True,315.6920523800024,59.192259821250445,2562.771352790423
0.0,400.0,4,0.0,0.0,500.0,100.0,2224515.245293745,1370000.0,854515.2452937451,False,True,315.6920523800024,59.192259821250445,995.7744347909112
0.0,600.0,2,0.0,400.0,500.0,100.0,2138153.9616800817,1370000.0,768153.9616800814,False,True,315.6920523800024,59.192259821250445,962.1436229467142
200.0,200.0,3,0.0,200.0,500.0,100.0,1966762.1816036687,1370000.0,596762.1816036686,False,True,315.6920523800024,59.192259821250445,251.89696355931326
200.0,400.0,1,0.0,600.0,500.0,100.0,1844834.5942478438,1370000.0,474834.5942478438,False,True,315.6920523800024,59.192259821250445,1318.5669258487553
400.0,0.0,2,0.0,400.0,500.0,100.0,1787053.3244380415,1370000.0,417053.3244380414,True,True,315.6920523800024,59.192259821250445,146.53124172277154
0.0,400.0,3,0.0,200.0,700.0,150.0,2227015.245293745,1372500.0,854515.2452937451,False,True,315.6920523800024,59.192259821250445,978.5720635857999
0.0,600.0,1,0.0,600.0,700.0,150.0,2134977.7116800817,1372500.0,762477.7116800814,False,True,315.6920523800024,59.192259821250445,2276.7357025351007
200.0,0.0,4,0.0,0.0,700.0,150.0,2209576.276507222,1372500.0,837076.2765072221,False,True,315.6920523800024,59.192259821250445,405.87444545289327
200.0,200.0,2,0.0,400.0,700.0,150.0,1969262.1816036687,1372500.0,596762.1816036686,False,True,315.6920523800024,59.192259821250445,251.89696355931326
400.0,0.0,1,0.0,600.0,700.0,150.0,1783877.0744380415,1372500.0,411377.0744380414,False,True,315.6920523800024,59.192259821250445,612.475726325742
0.0,0.0,0,3500.0,400.0,700.0,100.0,2680652.2825396922,1375000.0,1305652.2825396922,False,True,315.6920523800024,59.192259821250445,3468.168116464793
0.0,400.0,1,1500.0,200.0,700.0,100.0,2223838.995293745,1375000.0,848838.9952937451,False,True,315.6920523800024,59.192259821250445,1045.3707136293415
200.0,0.0,2,1500.0,0.0,700.0,100.0,2212076.276507222,1375000.0,837076.2765072221,False,True,315.6920523800024,59.192259821250445,405.87444545289327
200.0,200.0,0,1500.0,400.0,700.0,100.0,1960172.1816036687,1375000.0,585172.1816036686,False,True,315.6920523800024,59.192259821250445,1946.3240549159163
200.0,200.0,0,2500.0,0.0,500.0,100.0,1960172.1816036687,1375000.0,585172.1816036686,False,True,315.6920523800024,59.192259821250445,3865.8930600743543
0.0,0.0,0,3500.0,600.0,500.0,150.0,2683152.2825396922,1377500.0,1305652.2825396922,False,True,315.6920523800024,59.192259821250445,3468.168116464793
0.0,200.0,3,1500.0,0.0,500.0,150.0,2449161.38834087,1377500.0,1071661.3883408702,False,True,315.6920523800024,59.192259821250445,1051.7114471702214
0.0,400.0,0,2500.0,0.0,700.0,150.0,2220425.245293745,1377500.0,842925.2452937451,False,True,315.6920523800024,59.192259821250445,3865.8930600743543
0.0,400.0,1,1500.0,400.0,500.0,150.0,2226338.995293745,1377500.0,848838.9952937451,False,True,315.6920523800024,59.192259821250445,983.826414293135
200.0,0.0,2,1500.0,200.0,500.0,150.0,2214576.276507222,1377500.0,837076.2765072221,True,True,315.6920523800024,59.192259821250445,101.02246366695096
200.0,200.0,0,1500.0,600.0,500.0,150.0,1962672.1816036687,1377500.0,585172.1816036686,False,True,315.6920523800024,59.192259821250445,1934.7901595362114
0.0,600.0,2,0.0,200.0,700.0,100.0,2148153.9616800817,1380000.0,768153.9616800814,False,True,315.6920523800024,59.192259821250445,962.1436229467142
200.0,200.0,3,0.0,0.0,700.0,100.0,1976762.1816036687,1380000.0,596762.1816036686,False,True,315.6920523800024,59.192259821250445,263.37660692001737
200.0,400.0,1,0.0,400.0,700.0,100.0,1854834.5942478438,1380000.0,474834.5942478438,False,True,315.6920523800024,59.192259821250445,1318.5669258487553
400.0,0.0,2,0.0,200.0,700.0,100.0,1797053.3244380415,1380000.0,417053.3244380414,True,True,315.6920523800024,59.192259821250445,146.53124172277154
400.0,200.0,0,0.0,600.0,700.0,100.0,1636210.2720558762,1380000.0,256210.2720558762,False,True,315.6920523800024,59.192259821250445,1698.6056490856342
0.0,400.0,4,0.0,0.0,500.0,150.0,2237015.245293745,1382500.0,854515.2452937451,False,True,315.6920523800024,59.192259821250445,995.7744347909112
0.0,600.0,2,0.0,400.0,500.0,150.0,2150653.9616800817,1382500.0,768153.9616800814,False,True,315.6920523800024,59.192259821250445,962.1436229467142
200.0,200.0,3,0.0,200.0,500.0,150.0,1979262.1816036687,1382500.0,596762.1816036686,False,True,315.6920523800024,59.192259821250445,251.89696355931326
200.0,400.0,1,0.0,600.0,500.0,150.0,1857334.5942478438,1382500.0,474834.5942478438,False,True,315.6920523800024,59.192259821250445,1318.5669258487553
400.0,0.0,2,0.0,400.0,500.0,150.0,1799553.3244380415,1382500.0,417053.3244380414,True,True,315.6920523800024,59.192259821250445,146.53124172277154
0.0,0.0,1,2500.0,600.0,700.0,100.0,2696566.0325396922,1385000.0,1311566.0325396922,False,True,315.6920523800024,59.192259821250445,3412.6383503822058
0.0,0.0,1,3500.0,200.0,500.0,100.0,2696566.0325396922,1385000.0,1311566.0325396922,False,True,315.6920523800024,59.192259821250445,3228.453676833731
0.0,400.0,2,1500.0,0.0,500.0,100.0,2239515.245293745,1385000.0,854515.2452937451,False,True,315.6920523800024,59.192259821250445,995.7744347909112
0.0,600.0,0,1500.0,400.0,500.0,100.0,2141563.9616800817,1385000.0,756563.9616800814,False,True,315.6920523800024,59.192259821250445,1299.592967960707
200.0,200.0,1,1500.0,200.0,500.0,100.0,1976085.9316036687,1385000.0,591085.9316036686,True,True,315.6920523800024,59.192259821250445,197.2480295420172
400.0,0.0,0,1500.0,400.0,500.0,100.0,1790463.3244380415,1385000.0,405463.3244380414,False,True,315.6920523800024,59.192259821250445,1191.8187892785297
0.0,0.0,0,3500.0,400.0,700.0,150.0,2693152.2825396922,1387500.0,1305652.2825396922,False,True,315.6920523800024,59.192259821250445,3468.168116464793
0.0,400.0,1,1500.0,200.0,700.0,150.0,2236338.995293745,1387500.0,848838.9952937451,False,True,315.6920523800024,59.192259821250445,1045.3707136293415
200.0,0.0,2,1500.0,0.0,700.0,150.0,2224576.276507222,1387500.0,837076.2765072221,False,True,315.6920523800024,59.192259821250445,405.87444545289327
200.0,200.0,0,1500.0,400.0,700.0,150.0,1972672.1816036687,1387500.0,585172.1816036686,False,True,315.6920523800024,59.192259821250445,1946.3240549159163
200.0,200.0,0,2500.0,0.0,500.0,150.0,1972672.1816036687,1387500.0,585172.1816036686,False,True,315.6920523800024,59.192259821250445,3865.8930600743543
0.0,0.0,5,0.0,600.0,500.0,100.0,2707242.2825396922,1390000.0,1317242.2825396922,False,True,315.6920523800024,59.192259821250445,2156.576628081344
0.0,600.0,3,0.0,0.0,500.0,100.0,2158153.9616800817,1390000.0,768153.9616800814,False,True,315.6920523800024,59.192259821250445,995.774434790911
200.0,400.0,2,0.0,200.0,500.0,100.0,1870510.8442478438,1390000.0,480510.8442478438,False,True,315.6920523800024,59.192259821250445,229.30751972786555
200.0,600.0,0,0.0,600.0,500.0,100.0,1829061.5573118608,1390000.0,439061.5573118607,False,True,315.6920523800024,59.192259821250445,2345.995722798581
400.0,0.0,3,0.0,0.0,500.0,100.0,1807053.3244380415,1390000.0,417053.3244380414,False,True,315.6920523800024,59.192259821250445,182.57732989113134
400.0,200.0,1,0.0,400.0,500.0,100.0,1652124.0220558762,1390000.0,262124.0220558762,False,True,315.6920523800024,59.192259821250445,292.69344270120627
600.0,0.0,0,0.0,600.0,500.0,100.0,1599533.698135132,1390000.0,209533.69813513203,False,True,315.6920523800024,59.192259821250445,1046.8994933870501
0.0,600.0,2,0.0,200.0,700.0,150.0,2160653.9616800817,1392500.0,768153.9616800814,False,True,315.6920523800024,59.192259821250445,962.1436229467142
200.0,200.0,3,0.0,0.0,700.0,150.0,1989262.1816036687,1392500.0,596762.1816036686,False,True,315.6920523800024,59.192259821250445,263.37660692001737
200.0,400.0,1,0.0,400.0,700.0,150.0,1867334.5942478438,1392500.0,474834.5942478438,False,True,315.6920523800024,59.192259821250445,1318.5669258487553
400.0,0.0,2,0.0,200.0,700.0,150.0,1809553.3244380415,1392500.0,417053.3244380414,True,True,315.6920523800024,59.192259821250445,146.53124172277154
400.0,200.0,0,0.0,600.0,700.0,150.0,1648710.2720558762,1392500.0,256210.2720558762,False,True,315.6920523800024,59.192259821250445,1698.6056490856342
0.0,0.0,1,3500.0,0.0,700.0,100.0,2706566.0325396922,1395000.0,1311566.0325396922,False,True,315.6920523800024,59.192259821250445,3865.8930600743543
0.0,0.0,2,2500.0,400.0,500.0,100.0,2712242.2825396922,1395000.0,1317242.2825396922,False,True,315.6920523800024,59.192259821250445,1309.8189207233233
0.0,600.0,0,1500.0,200.0,700.0,100.0,2151563.9616800817,1395000.0,756563.9616800814,False,True,315.6920523800024,59.192259821250445,1733.1449628419696
200.0,200.0,1,1500.0,0.0,700.0,100.0,1986085.9316036687,1395000.0,591085.9316036686,False,True,315.6920523800024,59.192259821250445,1486.5406080481362
400.0,0.0,0,1500.0,200.0,700.0,100.0,1800463.3244380415,1395000.0,405463.3244380414,False,True,315.6920523800024,59.192259821250445,1208.0132261666988
0.0,0.0,1,2500.0,600.0,700.0,150.0,2709066.0325396922,1397500.0,1311566.0325396922,False,True,315.6920523800024,59.192259821250445,3412.6383503822058
0.0,0.0,1,3500.0,200.0,500.0,150.0,2709066.0325396922,1397500.0,1311566.0325396922,False,True,315.6920523800024,59.192259821250445,3228.453676833731
0.0,400.0,2,1500.0,0.0,500.0,150.0,2252015.245293745,1397500.0,854515.2452937451,False,True,315.6920523800024,59.192259821250445,995.7744347909112
0.0,600.0,0,1500.0,400.0,500.0,150.0,2154063.9616800817,1397500.0,756563.9616800814,False,True,315.6920523800024,59.192259821250445,1299.592967960707
200.0,200.0,1,1500.0,200.0,500.0,150.0,1988585.9316036687,1397500.0,591085.9316036686,True,True,315.6920523800024,59.192259821250445,197.2480295420172
400.0,0.0,0,1500.0,400.0,500.0,150.0,1802963.3244380415,1397500.0,405463.3244380414,False,True,315.6920523800024,59.192259821250445,1191.8187892785297
0.0,0.0,5,0.0,400.0,700.0,100.0,2717242.2825396922,1400000.0,1317242.2825396922,False,True,315.6920523800024,59.192259821250445,2156.576628081344
200.0,400.0,2,0.0,0.0,700.0,100.0,1880510.8442478438,1400000.0,480510.8442478438,False,True,315.6920523800024,59.192259821250445,263.37660692001737
200.0,600.0,0,0.0,400.0,700.0,100.0,1839061.5573118608,1400000.0,439061.5573118607,False,True,315.6920523800024,59.192259821250445,2345.995722798581
400.0,200.0,1,0.0,200.0,700.0,100.0,1662124.0220558762,1400000.0,262124.0220558762,False,True,315.6920523800024,59.192259821250445,292.69344270120627
600.0,0.0,0,0.0,400.0,700.0,100.0,1609533.698135132,1400000.0,209533.69813513203,False,True,315.6920523800024,59.192259821250445,1046.8994933870501
0.0,0.0,5,0.0,600.0,500.0,150.0,2719742.2825396922,1402500.0,1317242.2825396922,False,True,315.6920523800024,59.192259821250445,2156.576628081344
0.0,600.0,3,0.0,0.0,500.0,150.0,2170653.9616800817,1402500.0,768153.9616800814,False,True,315.6920523800024,59.192259821250445,995.774434790911
200.0,400.0,2,0.0,200.0,500.0,150.0,1883010.8442478438,1402500.0,480510.8442478438,False,True,315.6920523800024,59.192259821250445,229.30751972786555
200.0,600.0,0,0.0,600.0,500.0,150.0,1841561.5573118608,1402500.0,439061.5573118607,False,True,315.6920523800024,59.192259821250445,2345.995722798581
400.0,0.0,3,0.0,0.0,500.0,150.0,1819553.3244380415,1402500.0,417053.3244380414,False,True,315.6920523800024,59.192259821250445,182.57732989113134
400.0,200.0,1,0.0,400.0,500.0,150.0,1664624.0220558762,1402500.0,262124.0220558762,False,True,315.6920523800024,59.192259821250445,292.69344270120627
600.0,0.0,0,0.0,600.0,500.0,150.0,1612033.698135132,1402500.0,209533.69813513203,False,True,315.6920523800024,59.192259821250445,1046.8994933870501
0.0,0.0,2,2500.0,200.0,700.0,100.0,2722242.2825396922,1405000.0,1317242.2825396922,False,True,315.6920523800024,59.192259821250445,1318.6840589658518
0.0,0.0,3,1500.0,600.0,500.0,100.0,2722242.2825396922,1405000.0,1317242.2825396922,False,True,315.6920523800024,59.192259821250445,1747.5609944868013
0.0,200.0,0,2500.0,600.0,700.0,100.0,2465071.38834087,1405000.0,1060071.3883408702,False,True,315.6920523800024,59.192259821250445,3508.5724432813286
0.0,200.0,0,3500.0,200.0,500.0,100.0,2465071.38834087,1405000.0,1060071.3883408702,False,True,315.6920523800024,59.192259821250445,3501.1582243147745
0.0,600.0,1,1500.0,0.0,500.0,100.0,2167477.7116800817,1405000.0,762477.7116800814,False,True,315.6920523800024,59.192259821250445,2342.9730285659334
200.0,400.0,0,1500.0,200.0,500.0,100.0,1873920.8442478438,1405000.0,468920.8442478438,False,True,315.6920523800024,59.192259821250445,828.0544132701297
400.0,0.0,1,1500.0,0.0,500.0,100.0,1816377.0744380415,1405000.0,411377.0744380414,False,True,315.6920523800024,59.192259821250445,688.8512009355181
0.0,0.0,1,3500.0,0.0,700.0,150.0,2719066.0325396922,1407500.0,1311566.0325396922,False,True,315.6920523800024,59.192259821250445,3865.8930600743543
0.0,0.0,2,2500.0,400.0,500.0,150.0,2724742.2825396922,1407500.0,1317242.2825396922,False,True,315.6920523800024,59.192259821250445,1309.8189207233233
0.0,600.0,0,1500.0,200.0,700.0,150.0,2164063.9616800817,1407500.0,756563.9616800814,False,True,315.6920523800024,59.192259821250445,1733.1449628419696
200.0,200.0,1,1500.0,0.0,700.0,150.0,1998585.9316036687,1407500.0,591085.9316036686,False,True,315.6920523800024,59.192259821250445,1486.5406080481362
400.0,0.0,0,1500.0,200.0,700.0,150.0,1812963.3244380415,1407500.0,405463.3244380414,False,True,315.6920523800024,59.192259821250445,1203.8668055518854
0.0,0.0,6,0.0,200.0,500.0,100.0,2727242.2825396922,1410000.0,1317242.2825396922,False,True,315.6920523800024,59.192259821250445,2156.576628081344
0.0,200.0,4,0.0,600.0,500.0,100.0,2481661.38834087,1410000.0,1071661.3883408702,False,True,315.6920523800024,59.192259821250445,1051.7114471702214
200.0,600.0,1,0.0,200.0,500.0,100.0,1854975.3073118608,1410000.0,444975.3073118607,False,True,315.6920523800024,59.192259821250445,1287.675411403338
400.0,200.0,2,0.0,0.0,500.0,100.0,1677800.2720558762,1410000.0,267800.2720558762,False,True,315.6920523800024,59.192259821250445,125.366066330619
400.0,400.0,0,0.0,400.0,500.0,100.0,1623580.5714050038,1410000.0,213580.5714050037,False,True,315.6920523800024,59.192259821250445,1435.7453478949262
600.0,0.0,1,0.0,200.0,500.0,100.0,1625447.448135132,1410000.0,215447.44813513203,True,True,315.6920523800024,59.192259821250445,270.5639499698863
0.0,0.0,5,0.0,400.0,700.0,150.0,2729742.2825396922,1412500.0,1317242.2825396922,False,True,315.6920523800024,59.192259821250445,2156.576628081344
200.0,400.0,2,0.0,0.0,700.0,150.0,1893010.8442478438,1412500.0,480510.8442478438,False,True,315.6920523800024,59.192259821250445,263.37660692001737
200.0,600.0,0,0.0,400.0,700.0,150.0,1851561.5573118608,1412500.0,439061.5573118607,False,True,315.6920523800024,59.192259821250445,2345.995722798581
400.0,200.0,1,0.0,200.0,700.0,150.0,1674624.0220558762,1412500.0,262124.0220558762,False,True,315.6920523800024,59.192259821250445,292.69344270120627
600.0,0.0,0,0.0,400.0,700.0,150.0,1622033.698135132,1412500.0,209533.69813513203,False,True,315.6920523800024,59.192259821250445,1046.8994933870501
0.0,0.0,3,1500.0,400.0,700.0,100.0,2732242.2825396922,1415000.0,1317242.2825396922,False,True,315.6920523800024,59.192259821250445,1747.5609944868013
0.0,0.0,3,2500.0,0.0,500.0,100.0,2732242.2825396922,1415000.0,1317242.2825396922,False,True,315.6920523800024,59.192259821250445,2156.576628081344
0.0,200.0,0,3500.0,0.0,700.0,100.0,2475071.38834087,1415000.0,1060071.3883408702,False,True,315.6920523800024,59.192259821250445,3865.8930600743543
0.0,200.0,1,2500.0,400.0,500.0,100.0,2480985.13834087,1415000.0,1065985.1383408702,False,True,315.6920523800024,59.192259821250445,2761.1062584645456
200.0,0.0,0,2500.0,600.0,500.0,100.0,2240486.276507222,1415000.0,825486.2765072221,False,True,315.6920523800024,59.192259821250445,3381.867585234568
200.0,400.0,0,1500.0,0.0,700.0,100.0,1883920.8442478438,1415000.0,468920.8442478438,False,True,315.6920523800024,59.192259821250445,3865.8930600743543
0.0,0.0,2,2500.0,200.0,700.0,150.0,2734742.2825396922,1417500.0,1317242.2825396922,False,True,315.6920523800024,59.192259821250445,1318.6840589658518
0.0,0.0,3,1500.0,600.0,500.0,150.0,2734742.2825396922,1417500.0,1317242.2825396922,False,True,315.6920523800024,59.192259821250445,1747.5609944868013
0.0,200.0,0,2500.0,600.0,700.0,150.0,2477571.38834087,1417500.0,1060071.3883408702,False,True,315.6920523800024,59.192259821250445,3508.5724432813286
0.0,200.0,0,3500.0,200.0,500.0,150.0,2477571.38834087,1417500.0,1060071.3883408702,False,True,315.6920523800024,59.192259821250445,3501.1582243147745
0.0,600.0,1,1500.0,0.0,500.0,150.0,2179977.7116800817,1417500.0,762477.7116800814,False,True,315.6920523800024,59.192259821250445,2342.9730285659334
200.0,400.0,0,1500.0,200.0,500.0,150.0,1886420.8442478438,1417500.0,468920.8442478438,False,True,315.6920523800024,59.192259821250445,828.0544132701297
400.0,0.0,1,1500.0,0.0,500.0,150.0,1828877.0744380415,1417500.0,411377.0744380414,False,True,315.6920523800024,59.192259821250445,688.8512009355181
0.0,0.0,6,0.0,0.0,700.0,100.0,2737242.2825396922,1420000.0,1317242.2825396922,False,True,315.6920523800024,59.192259821250445,2156.576628081344
0.0,200.0,4,0.0,400.0,700.0,100.0,2491661.38834087,1420000.0,1071661.3883408702,False,True,315.6920523800024,59.192259821250445,1051.7114471702214
200.0,0.0,3,0.0,600.0,700.0,100.0,2257076.276507222,1420000.0,837076.2765072221,False,True,315.6920523800024,59.192259821250445,405.87444545289327
200.0,600.0,1,0.0,0.0,700.0,100.0,1864975.3073118608,1420000.0,444975.3073118607,False,True,315.6920523800024,59.192259821250445,1354.3510127821262
400.0,400.0,0,0.0,200.0,700.0,100.0,1633580.5714050038,1420000.0,213580.5714050037,False,True,315.6920523800024,59.192259821250445,1435.7453478949262
600.0,0.0,1,0.0,0.0,700.0,100.0,1635447.448135132,1420000.0,215447.44813513203,False,True,315.6920523800024,59.192259821250445,408.47820531449446
0.0,0.0,6,0.0,200.0,500.0,150.0,2739742.2825396922,1422500.0,1317242.2825396922,False,True,315.6920523800024,59.192259821250445,2156.576628081344
0.0,200.0,4,0.0,600.0,500.0,150.0,2494161.38834087,1422500.0,1071661.3883408702,False,True,315.6920523800024,59.192259821250445,1051.7114471702214
200.0,600.0,1,0.0,200.0,500.0,150.0,1867475.3073118608,1422500.0,444975.3073118607,False,True,315.6920523800024,59.192259821250445,1287.675411403338
400.0,200.0,2,0.0,0.0,500.0,150.0,1690300.2720558762,1422500.0,267800.2720558762,False,True,315.6920523800024,59.192259821250445,125.366066330619
400.0,400.0,0,0.0,400.0,500.0,150.0,1636080.5714050038,1422500.0,213580.5714050037,False,True,315.6920523800024,59.192259821250445,1435.7453478949262
600.0,0.0,1,0.0,200.0,500.0,150.0,1637947.448135132,1422500.0,215447.44813513203,True,True,315.6920523800024,59.192259821250445,270.5639499698863
0.0,0.0,4,1500.0,200.0,500.0,100.0,2742242.2825396922,1425000.0,1317242.2825396922,False,True,315.6920523800024,59.192259821250445,1747.5609944868013
0.0,200.0,1,2500.0,200.0,700.0,100.0,2490985.13834087,1425000.0,1065985.1383408702,False,True,315.6920523800024,59.192259821250445,2769.8560626721087
0.0,200.0,2,1500.0,600.0,500.0,100.0,2496661.38834087,1425000.0,1071661.3883408702,False,True,315.6920523800024,59.192259821250445,549.6350407473019
200.0,0.0,0,2500.0,400.0,700.0,100.0,2250486.276507222,1425000.0,825486.2765072221,False,True,315.6920523800024,59.192259821250445,3381.867585234568
200.0,0.0,0,3500.0,0.0,500.0,100.0,2250486.276507222,1425000.0,825486.2765072221,False,True,315.6920523800024,59.192259821250445,3865.8930600743543
400.0,200.0,0,1500.0,0.0,500.0,100.0,1681210.2720558762,1425000.0,256210.2720558762,False,True,315.6920523800024,59.192259821250445,3865.8930600743543
0.0,0.0,3,1500.0,400.0,700.0,150.0,2744742.2825396922,1427500.0,1317242.2825396922,False,True,315.6920523800024,59.192259821250445,1747.5609944868013
0.0,0.0,3,2500.0,0.0,500.0,150.0,2744742.2825396922,1427500.0,1317242.2825396922,False,True,315.6920523800024,59.192259821250445,2156.576628081344
0.0,200.0,0,3500.0,0.0,700.0,150.0,2487571.38834087,1427500.0,1060071.3883408702,False,True,315.6920523800024,59.192259821250445,3865.8930600743543
0.0,200.0,1,2500.0,400.0,500.0,150.0,2493485.13834087,1427500.0,1065985.1383408702,False,True,315.6920523800024,59.192259821250445,2761.1062584645456
200.0,0.0,0,2500.0,600.0,500.0,150.0,2252986.276507222,1427500.0,825486.2765072221,False,True,315.6920523800024,59.192259821250445,3381.867585234568
200.0,400.0,0,1500.0,0.0,700.0,150.0,1896420.8442478438,1427500.0,468920.8442478438,False,True,315.6920523800024,59.192259821250445,3865.8930600743543
0.0,200.0,5,0.0,200.0,500.0,100.0,2501661.38834087,1430000.0,1071661.3883408702,False,True,315.6920523800024,59.192259821250445,1051.7114471702214
0.0,400.0,3,0.0,600.0,500.0,100.0,2284515.245293745,1430000.0,854515.2452937451,False,True,315.6920523800024,59.192259821250445,978.5720635857999
200.0,0.0,4,0.0,400.0,500.0,100.0,2267076.276507222,1430000.0,837076.2765072221,False,True,315.6920523800024,59.192259821250445,405.87444545289327
400.0,400.0,1,0.0,0.0,500.0,100.0,1649494.3214050038,1430000.0,219494.3214050037,False,True,315.6920523800024,59.192259821250445,400.0528582786419
600.0,200.0,0,0.0,200.0,500.0,100.0,1559191.3702823014,1430000.0,129191.3702823015,False,True,315.6920523800024,59.192259821250445,625.5755042706378
0.0,0.0,6,0.0,0.0,700.0,150.0,2749742.2825396922,1432500.0,1317242.2825396922,False,True,315.6920523800024,59.192259821250445,2156.576628081344
0.0,200.0,4,0.0,400.0,700.0,150.0,2504161.38834087,1432500.0,1071661.3883408702,False,True,315.6920523800024,59.192259821250445,1051.7114471702214
200.0,0.0,3,0.0,600.0,700.0,150.0,2269576.276507222,1432500.0,837076.2765072221,False,True,315.6920523800024,59.192259821250445,405.87444545289327
200.0,600.0,1,0.0,0.0,700.0,150.0,1877475.3073118608,1432500.0,444975.3073118607,False,True,315.6920523800024,59.192259821250445,1354.3510127821262
400.0,400.0,0,0.0,200.0,700.0,150.0,1646080.5714050038,1432500.0,213580.5714050037,False,True,315.6920523800024,59.192259821250445,1435.7453478949262
600.0,0.0,1,0.0,0.0,700.0,150.0,1647947.448135132,1432500.0,215447.44813513203,False,True,315.6920523800024,59.192259821250445,408.47820531449446
0.0,0.0,4,1500.0,0.0,700.0,100.0,2752242.2825396922,1435000.0,1317242.2825396922,False,True,315.6920523800024,59.192259821250445,2156.576628081344
0.0,200.0,2,1500.0,400.0,700.0,100.0,2506661.38834087,1435000.0,1071661.3883408702,False,True,315.6920523800024,59.192259821250445,549.6350407473019
0.0,200.0,2,2500.0,0.0,500.0,100.0,2506661.38834087,1435000.0,1071661.3883408702,False,True,315.6920523800024,59.192259821250445,1051.7114471702214
0.0,400.0,0,2500.0,400.0,500.0,100.0,2277925.245293745,1435000.0,842925.2452937451,False,True,315.6920523800024,59.192259821250445,1505.0162580100243
200.0,0.0,1,1500.0,600.0,700.0,100.0,2266400.026507222,1435000.0,831400.0265072221,False,True,315.6920523800024,59.192259821250445,2003.0873124299087
200.0,0.0,1,2500.0,200.0,500.0,100.0,2266400.026507222,1435000.0,831400.0265072221,False,True,315.6920523800024,59.192259821250445,1626.0881048658466
0.0,0.0,4,1500.0,200.0,500.0,150.0,2754742.2825396922,1437500.0,1317242.2825396922,False,True,315.6920523800024,59.192259821250445,1747.5609944868013
0.0,200.0,1,2500.0,200.0,700.0,150.0,2503485.13834087,1437500.0,1065985.1383408702,False,True,315.6920523800024,59.192259821250445,2769.8560626721087
0.0,200.0,2,1500.0,600.0,500.0,150.0,2509161.38834087,1437500.0,1071661.3883408702,False,True,315.6920523800024,59.192259821250445,549.6350407473019
200.0,0.0,0,2500.0,400.0,700.0,150.0,2262986.276507222,1437500.0,825486.2765072221,False,True,315.6920523800024,59.192259821250445,3381.867585234568
200.0,0.0,0,3500.0,0.0,500.0,150.0,2262986.276507222,1437500.0,825486.2765072221,False,True,315.6920523800024,59.192259821250445,3865.8930600743543
400.0,200.0,0,1500.0,0.0,500.0,150.0,1693710.2720558762,1437500.0,256210.2720558762,False,True,315.6920523800024,59.192259821250445,3865.8930600743543
0.0,200.0,5,0.0,0.0,700.0,100.0,2511661.38834087,1440000.0,1071661.3883408702,False,True,315.6920523800024,59.192259821250445,1051.7114471702214
0.0,400.0,3,0.0,400.0,700.0,100.0,2294515.245293745,1440000.0,854515.2452937451,False,True,315.6920523800024,59.192259821250445,978.5720635857999
200.0,0.0,4,0.0,200.0,700.0,100.0,2277076.276507222,1440000.0,837076.2765072221,False,True,315.6920523800024,59.192259821250445,405.87444545289327
200.0,200.0,2,0.0,600.0,700.0,100.0,2036762.1816036687,1440000.0,596762.1816036686,False,True,315.6920523800024,59.192259821250445,251.89696355931326
600.0,200.0,0,0.0,0.0,700.0,100.0,1569191.3702823014,1440000.0,129191.3702823015,False,True,315.6920523800024,59.192259821250445,3865.8930600743543
0.0,200.0,5,0.0,200.0,500.0,150.0,2514161.38834087,1442500.0,1071661.3883408702,False,True,315.6920523800024,59.192259821250445,1051.7114471702214
0.0,400.0,3,0.0,600.0,500.0,150.0,2297015.245293745,1442500.0,854515.2452937451,False,True,315.6920523800024,59.192259821250445,978.5720635857999
200.0,0.0,4,0.0,400.0,500.0,150.0,2279576.276507222,1442500.0,837076.2765072221,False,True,315.6920523800024,59.192259821250445,405.87444545289327
400.0,400.0,1,0.0,0.0,500.0,150.0,1661994.3214050038,1442500.0,219494.3214050037,False,True,315.6920523800024,59.192259821250445,400.0528582786419
600.0,200.0,0,0.0,200.0,500.0,150.0,1571691.3702823014,1442500.0,129191.3702823015,False,True,315.6920523800024,59.192259821250445,625.5755042706378
0.0,200.0,3,1500.0,200.0,500.0,100.0,2516661.38834087,1445000.0,1071661.3883408702,False,True,315.6920523800024,59.192259821250445,549.635040747302
0.0,400.0,0,2500.0,200.0,700.0,100.0,2287925.245293745,1445000.0,842925.2452937451,False,True,315.6920523800024,59.192259821250445,2030.235334801414
0.0,400.0,1,1500.0,600.0,500.0,100.0,2293838.995293745,1445000.0,848838.9952937451,False,True,315.6920523800024,59.192259821250445,983.826414293135
200.0,0.0,1,2500.0,0.0,700.0,100.0,2276400.026507222,1445000.0,831400.0265072221,False,True,315.6920523800024,59.192259821250445,2562.771352790423
200.0,0.0,2,1500.0,400.0,500.0,100.0,2282076.276507222,1445000.0,837076.2765072221,True,True,315.6920523800024,59.192259821250445,100.93922260924094
0.0,0.0,4,1500.0,0.0,700.0,150.0,2764742.2825396922,1447500.0,1317242.2825396922,False,True,315.6920523800024,59.192259821250445,2156.576628081344
0.0,200.0,2,1500.0,400.0,700.0,150.0,2519161.38834087,1447500.0,1071661.3883408702,False,True,315.6920523800024,59.192259821250445,549.6350407473019
0.0,200.0,2,2500.0,0.0,500.0,150.0,2519161.38834087,1447500.0,1071661.3883408702,False,True,315.6920523800024,59.192259821250445,1051.7114471702214
0.0,400.0,0,2500.0,400.0,500.0,150.0,2290425.245293745,1447500.0,842925.2452937451,False,True,315.6920523800024,59.192259821250445,1505.0162580100243
200.0,0.0,1,1500.0,600.0,700.0,150.0,2278900.026507222,1447500.0,831400.0265072221,False,True,315.6920523800024,59.192259821250445,2003.0873124299087
200.0,0.0,1,2500.0,200.0,500.0,150.0,2278900.026507222,1447500.0,831400.0265072221,False,True,315.6920523800024,59.192259821250445,1626.0881048658466
0.0,400.0,4,0.0,200.0,500.0,100.0,2304515.245293745,1450000.0,854515.2452937451,False,True,315.6920523800024,59.192259821250445,978.5720635857999
0.0,600.0,2,0.0,600.0,500.0,100.0,2218153.9616800817,1450000.0,768153.9616800814,False,True,315.6920523800024,59.192259821250445,962.1436229467142
200.0,0.0,5,0.0,0.0,500.0,100.0,2287076.276507222,1450000.0,837076.2765072221,False,True,315.6920523800024,59.192259821250445,405.87444545289327
200.0,200.0,3,0.0,400.0,500.0,100.0,2046762.1816036687,1450000.0,596762.1816036686,False,True,315.6920523800024,59.192259821250445,251.89696355931326
400.0,0.0,2,0.0,600.0,500.0,100.0,1867053.3244380415,1450000.0,417053.3244380414,True,True,315.6920523800024,59.192259821250445,146.53124172277154
400.0,600.0,0,0.0,0.0,500.0,100.0,1653054.1749360964,1450000.0,203054.1749360965,False,True,315.6920523800024,59.192259821250445,3865.8930600743543
0.0,200.0,5,0.0,0.0,700.0,150.0,2524161.38834087,1452500.0,1071661.3883408702,False,True,315.6920523800024,59.192259821250445,1051.7114471702214
0.0,400.0,3,0.0,400.0,700.0,150.0,2307015.245293745,1452500.0,854515.2452937451,False,True,315.6920523800024,59.192259821250445,978.5720635857999
200.0,0.0,4,0.0,200.0,700.0,150.0,2289576.276507222,1452500.0,837076.2765072221,False,True,315.6920523800024,59.192259821250445,405.87444545289327
200.0,200.0,2,0.0,600.0,700.0,150.0,2049262.1816036687,1452500.0,596762.1816036686,False,True,315.6920523800024,59.192259821250445,251.89696355931326
600.0,200.0,0,0.0,0.0,700.0,150.0,1581691.3702823014,1452500.0,129191.3702823015,False,True,315.6920523800024,59.192259821250445,3865.8930600743543
0.0,0.0,0,3500.0,600.0,700.0,100.0,2760652.2825396922,1455000.0,1305652.2825396922,False,True,315.6920523800024,59.192259821250445,3468.168116464793
0.0,200.0,3,1500.0,0.0,700.0,100.0,2526661.38834087,1455000.0,1071661.3883408702,False,True,315.6920523800024,59.192259821250445,1051.7114471702214
0.0,400.0,1,1500.0,400.0,700.0,100.0,2303838.995293745,1455000.0,848838.9952937451,False,True,315.6920523800024,59.192259821250445,983.826414293135
0.0,400.0,1,2500.0,0.0,500.0,100.0,2303838.995293745,1455000.0,848838.9952937451,False,True,315.6920523800024,59.192259821250445,2563.51871475447
200.0,0.0,2,1500.0,200.0,700.0,100.0,2292076.276507222,1455000.0,837076.2765072221,True,True,315.6920523800024,59.192259821250445,101.02246366695096
200.0,200.0,0,1500.0,600.0,700.0,100.0,2040172.1816036687,1455000.0,585172.1816036686,False,True,315.6920523800024,59.192259821250445,1946.3240549159163
200.0,200.0,0,2500.0,200.0,500.0,100.0,2040172.1816036687,1455000.0,585172.1816036686,False,True,315.6920523800024,59.192259821250445,1384.5981257944236
0.0,200.0,3,1500.0,200.0,500.0,150.0,2529161.38834087,1457500.0,1071661.3883408702,False,True,315.6920523800024,59.192259821250445,549.635040747302
0.0,400.0,0,2500.0,200.0,700.0,150.0,2300425.245293745,1457500.0,842925.2452937451,False,True,315.6920523800024,59.192259821250445,2030.235334801414
0.0,400.0,1,1500.0,600.0,500.0,150.0,2306338.995293745,1457500.0,848838.9952937451,False,True,315.6920523800024,59.192259821250445,983.826414293135
200.0,0.0,1,2500.0,0.0,700.0,150.0,2288900.026507222,1457500.0,831400.0265072221,False,True,315.6920523800024,59.192259821250445,2562.771352790423
200.0,0.0,2,1500.0,400.0,500.0,150.0,2294576.276507222,1457500.0,837076.2765072221,True,True,315.6920523800024,59.192259821250445,100.93922260924094
0.0,400.0,4,0.0,0.0,700.0,100.0,2314515.245293745,1460000.0,854515.2452937451,False,True,315.6920523800024,59.192259821250445,995.7744347909112
0.0,600.0,2,0.0,400.0,700.0,100.0,2228153.9616800817,1460000.0,768153.9616800814,False,True,315.6920523800024,59.192259821250445,962.1436229467142
200.0,200.0,3,0.0,200.0,700.0,100.0,2056762.1816036687,1460000.0,596762.1816036686,False,True,315.6920523800024,59.192259821250445,251.89696355931326
200.0,400.0,1,0.0,600.0,700.0,100.0,1934834.5942478438,1460000.0,474834.5942478438,False,True,315.6920523800024,59.192259821250445,1318.5669258487553
400.0,0.0,2,0.0,400.0,700.0,100.0,1877053.3244380415,1460000.0,417053.3244380414,True,True,315.6920523800024,59.192259821250445,146.53124172277154
0.0,400.0,4,0.0,200.0,500.0,150.0,2317015.245293745,1462500.0,854515.2452937451,False,True,315.6920523800024,59.192259821250445,978.5720635857999
0.0,600.0,2,0.0,600.0,500.0,150.0,2230653.9616800817,1462500.0,768153.9616800814,False,True,315.6920523800024,59.192259821250445,962.1436229467142
200.0,0.0,5,0.0,0.0,500.0,150.0,2299576.276507222,1462500.0,837076.2765072221,False,True,315.6920523800024,59.192259821250445,405.87444545289327
200.0,200.0,3,0.0,400.0,500.0,150.0,2059262.1816036687,1462500.0,596762.1816036686,False,True,315.6920523800024,59.192259821250445,251.89696355931326
400.0,0.0,2,0.0,600.0,500.0,150.0,1879553.3244380415,1462500.0,417053.3244380414,True,True,315.6920523800024,59.192259821250445,146.53124172277154
400.0,600.0,0,0.0,0.0,500.0,150.0,1665554.1749360964,1462500.0,203054.1749360965,False,True,315.6920523800024,59.192259821250445,3865.8930600743543
0.0,0.0,1,3500.0,400.0,500.0,100.0,2776566.0325396922,1465000.0,1311566.0325396922,False,True,315.6920523800024,59.192259821250445,3200.8097687181403
0.0,400.0,2,1500.0,200.0,500.0,100.0,2319515.245293745,1465000.0,854515.2452937451,True,True,315.6920523800024,59.192259821250445,37.12010825109288
0.0,600.0,0,1500.0,600.0,500.0,100.0,2221563.9616800817,1465000.0,756563.9616800814,False,True,315.6920523800024,59.192259821250445,1299.592967960707
200.0,0.0,3,1500.0,0.0,500.0,100.0,2302076.276507222,1465000.0,837076.2765072221,False,True,315.6920523800024,59.192259821250445,405.87444545289327
200.0,200.0,0,2500.0,0.0,700.0,100.0,2050172.1816036687,1465000.0,585172.1816036686,False,True,315.6920523800024,59.192259821250445,3865.8930600743543
200.0,200.0,1,1500.0,400.0,500.0,100.0,2056085.9316036687,1465000.0,591085.9316036686,True,True,315.6920523800024,59.192259821250445,197.24802954201718
400.0,0.0,0,1500.0,600.0,500.0,100.0,1870463.3244380415,1465000.0,405463.3244380414,False,True,315.6920523800024,59.192259821250445,1191.8187892785297
0.0,0.0,0,3500.0,600.0,700.0,150.0,2773152.2825396922,1467500.0,1305652.2825396922,False,True,315.6920523800024,59.192259821250445,3468.168116464793
0.0,200.0,3,1500.0,0.0,700.0,150.0,2539161.38834087,1467500.0,1071661.3883408702,False,True,315.6920523800024,59.192259821250445,1051.7114471702214
0.0,400.0,1,1500.0,400.0,700.0,150.0,2316338.995293745,1467500.0,848838.9952937451,False,True,315.6920523800024,59.192259821250445,983.826414293135
0.0,400.0,1,2500.0,0.0,500.0,150.0,2316338.995293745,1467500.0,848838.9952937451,False,True,315.6920523800024,59.192259821250445,2563.51871475447
200.0,0.0,2,1500.0,200.0,700.0,150.0,2304576.276507222,1467500.0,837076.2765072221,True,True,315.6920523800024,59.192259821250445,101.02246366695096
200.0,200.0,0,1500.0,600.0,700.0,150.0,2052672.1816036687,1467500.0,585172.1816036686,False,True,315.6920523800024,59.192259821250445,1946.3240549159163
200.0,200.0,0,2500.0,200.0,500.0,150.0,2052672.1816036687,1467500.0,585172.1816036686,False,True,315.6920523800024,59.192259821250445,1384.5981257944236
0.0,600.0,3,0.0,200.0,500.0,100.0,2238153.9616800817,1470000.0,768153.9616800814,False,True,315.6920523800024,59.192259821250445,962.1436229467142
200.0,200.0,4,0.0,0.0,500.0,100.0,2066762.1816036687,1470000.0,596762.1816036686,False,True,315.6920523800024,59.192259821250445,263.37660692001737
200.0,400.0,2,0.0,400.0,500.0,100.0,1950510.8442478438,1470000.0,480510.8442478438,False,True,315.6920523800024,59.192259821250445,229.30751972786555
400.0,0.0,3,0.0,200.0,500.0,100.0,1887053.3244380415,1470000.0,417053.3244380414,True,True,315.6920523800024,59.192259821250445,146.53124172277154
400.0,200.0,1,0.0,600.0,500.0,100.0,1732124.0220558762,1470000.0,262124.0220558762,False,True,315.6920523800024,59.192259821250445,292.69344270120627
0.0,400.0,4,0.0,0.0,700.0,150.0,2327015.245293745,1472500.0,854515.2452937451,False,True,315.6920523800024,59.192259821250445,995.7744347909112
0.0,600.0,2,0.0,400.0,700.0,150.0,2240653.9616800817,1472500.0,768153.9616800814,False,True,315.6920523800024,59.192259821250445,962.1436229467142
200.0,200.0,3,0.0,200.0,700.0,150.0,2069262.1816036687,1472500.0,596762.1816036686,False,True,315.6920523800024,59.192259821250445,251.89696355931326
200.0,400.0,1,0.0,600.0,700.0,150.0,1947334.5942478438,1472500.0,474834.5942478438,False,True,315.6920523800024,59.192259821250445,1318.5669258487553
400.0,0.0,2,0.0,400.0,700.0,150.0,1889553.3244380415,1472500.0,417053.3244380414,True,True,315.6920523800024,59.192259821250445,146.53124172277154
0.0,0.0,1,3500.0,200.0,700.0,100.0,2786566.0325396922,1475000.0,1311566.0325396922,False,True,315.6920523800024,59.192259821250445,3228.453676833731
0.0,0.0,2,2500.0,600.0,500.0,100.0,2792242.2825396922,1475000.0,1317242.2825396922,False,True,315.6920523800024,59.192259821250445,1309.8189207233233
0.0,400.0,2,1500.0,0.0,700.0,100.0,2329515.245293745,1475000.0,854515.2452937451,False,True,315.6920523800024,59.192259821250445,995.7744347909112
0.0,600.0,0,1500.0,400.0,700.0,100.0,2231563.9616800817,1475000.0,756563.9616800814,False,True,315.6920523800024,59.192259821250445,1299.592967960707
0.0,600.0,0,2500.0,0.0,500.0,100.0,2231563.9616800817,1475000.0,756563.9616800814,False,True,315.6920523800024,59.192259821250445,3865.8930600743543
200.0,200.0,1,1500.0,200.0,700.0,100.0,2066085.9316036687,1475000.0,591085.9316036686,True,True,315.6920523800024,59.192259821250445,219.7615377847904
400.0,0.0,0,1500.0,400.0,700.0,100.0,1880463.3244380415,1475000.0,405463.3244380414,False,True,315.6920523800024,59.192259821250445,1208.0132261666988
400.0,0.0,0,2500.0,0.0,500.0,100.0,1880463.3244380415,1475000.0,405463.3244380414,False,True,315.6920523800024,59.192259821250445,3865.8930600743543
0.0,0.0,1,3500.0,400.0,500.0,150.0,2789066.0325396922,1477500.0,1311566.0325396922,False,True,315.6920523800024,59.192259821250445,3200.8097687181403
0.0,400.0,2,1500.0,200.0,500.0,150.0,2332015.245293745,1477500.0,854515.2452937451,True,True,315.6920523800024,59.192259821250445,37.12010825109288
0.0,600.0,0,1500.0,600.0,500.0,150.0,2234063.9616800817,1477500.0,756563.9616800814,False,True,315.6920523800024,59.192259821250445,1299.592967960707
200.0,0.0,3,1500.0,0.0,500.0,150.0,2314576.276507222,1477500.0,837076.2765072221,False,True,315.6920523800024,59.192259821250445,405.87444545289327
200.0,200.0,0,2500.0,0.0,700.0,150.0,2062672.1816036687,1477500.0,585172.1816036686,False,True,315.6920523800024,59.192259821250445,3865.8930600743543
200.0,200.0,1,1500.0,400.0,500.0,150.0,2068585.9316036687,1477500.0,591085.9316036686,True,True,315.6920523800024,59.192259821250445,197.24802954201718
400.0,0.0,0,1500.0,600.0,500.0,150.0,1882963.3244380415,1477500.0,405463.3244380414,False,True,315.6920523800024,59.192259821250445,1191.8187892785297
0.0,0.0,5,0.0,600.0,700.0,100.0,2797242.2825396922,1480000.0,1317242.2825396922,False,True,315.6920523800024,59.192259821250445,2156.576628081344
0.0,600.0,3,0.0,0.0,700.0,100.0,2248153.9616800817,1480000.0,768153.9616800814,False,True,315.6920523800024,59.192259821250445,995.774434790911
200.0,400.0,2,0.0,200.0,700.0,100.0,1960510.8442478438,1480000.0,480510.8442478438,False,True,315.6920523800024,59.192259821250445,229.30751972786555
200.0,600.0,0,0.0,600.0,700.0,100.0,1919061.5573118608,1480000.0,439061.5573118607,False,True,315.6920523800024,59.192259821250445,2345.995722798581
400.0,0.0,3,0.0,0.0,700.0,100.0,1897053.3244380415,1480000.0,417053.3244380414,False,True,315.6920523800024,59.192259821250445,182.57732989113134
400.0,200.0,1,0.0,400.0,700.0,100.0,1742124.0220558762,1480000.0,262124.0220558762,False,True,315.6920523800024,59.192259821250445,292.69344270120627
600.0,0.0,0,0.0,600.0,700.0,100.0,1689533.698135132,1480000.0,209533.69813513203,False,True,315.6920523800024,59.192259821250445,1046.8994933870501
0.0,600.0,3,0.0,200.0,500.0,150.0,2250653.9616800817,1482500.0,768153.9616800814,False,True,315.6920523800024,59.192259821250445,962.1436229467142
200.0,200.0,4,0.0,0.0,500.0,150.0,2079262.1816036687,1482500.0,596762.1816036686,False,True,315.6920523800024,59.192259821250445,263.37660692001737
200.0,400.0,2,0.0,400.0,500.0,150.0,1963010.8442478438,1482500.0,480510.8442478438,False,True,315.6920523800024,59.192259821250445,229.30751972786555
400.0,0.0,3,0.0,200.0,500.0,150.0,1899553.3244380415,1482500.0,417053.3244380414,True,True,315.6920523800024,59.192259821250445,146.53124172277154
400.0,200.0,1,0.0,600.0,500.0,150.0,1744624.0220558762,1482500.0,262124.0220558762,False,True,315.6920523800024,59.192259821250445,292.69344270120627
0.0,0.0,2,2500.0,400.0,700.0,100.0,2802242.2825396922,1485000.0,1317242.2825396922,False,True,315.6920523800024,59.192259821250445,1309.8189207233233
0.0,0.0,2,3500.0,0.0,500.0,100.0,2802242.2825396922,1485000.0,1317242.2825396922,False,True,315.6920523800024,59.192259821250445,2156.576628081344
0.0,200.0,0,3500.0,400.0,500.0,100.0,2545071.38834087,1485000.0,1060071.3883408702,False,True,315.6920523800024,59.192259821250445,3386.478773610017
0.0,600.0,1,1500.0,200.0,500.0,100.0,2247477.7116800817,1485000.0,762477.7116800814,False,True,315.6920523800024,59.192259821250445,659.2432264959729
200.0,200.0,2,1500.0,0.0,500.0,100.0,2081762.1816036687,1485000.0,596762.1816036686,False,True,315.6920523800024,59.192259821250445,263.37660692001737
200.0,400.0,0,1500.0,400.0,500.0,100.0,1953920.8442478438,1485000.0,468920.8442478438,False,True,315.6920523800024,59.192259821250445,818.7848373870038
400.0,0.0,1,1500.0,200.0,500.0,100.0,1896377.0744380415,1485000.0,411377.0744380414,True,True,315.6920523800024,59.192259821250445,0.0
0.0,0.0,1,3500.0,200.0,700.0,150.0,2799066.0325396922,1487500.0,1311566.0325396922,False,True,315.6920523800024,59.192259821250445,3228.453676833731
0.0,0.0,2,2500.0,600.0,500.0,150.0,2804742.2825396922,1487500.0,1317242.2825396922,False,True,315.6920523800024,59.192259821250445,1309.8189207233233
0.0,400.0,2,1500.0,0.0,700.0,150.0,2342015.245293745,1487500.0,854515.2452937451,False,True,315.6920523800024,59.192259821250445,995.7744347909112
0.0,600.0,0,1500.0,400.0,700.0,150.0,2244063.9616800817,1487500.0,756563.9616800814,False,True,315.6920523800024,59.192259821250445,1299.592967960707
0.0,600.0,0,2500.0,0.0,500.0,150.0,2244063.9616800817,1487500.0,756563.9616800814,False,True,315.6920523800024,59.192259821250445,3865.8930600743543
200.0,200.0,1,1500.0,200.0,700.0,150.0,2078585.9316036687,1487500.0,591085.9316036686,True,True,315.6920523800024,59.192259821250445,219.7615377847904
400.0,0.0,0,1500.0,400.0,700.0,150.0,1892963.3244380415,1487500.0,405463.3244380414,False,True,315.6920523800024,59.192259821250445,1203.8668055518854
400.0,0.0,0,2500.0,0.0,500.0,150.0,1892963.3244380415,1487500.0,405463.3244380414,False,True,315.6920523800024,59.192259821250445,3865.8930600743543
0.0,0.0,6,0.0,400.0,500.0,100.0,2807242.2825396922,1490000.0,1317242.2825396922,False,True,315.6920523800024,59.192259821250445,2156.576628081344
200.0,400.0,3,0.0,0.0,500.0,100.0,1970510.8442478438,1490000.0,480510.8442478438,False,True,315.6920523800024,59.192259821250445,263.37660692001737
200.0,600.0,1,0.0,400.0,500.0,100.0,1934975.3073118608,1490000.0,444975.3073118607,False,True,315.6920523800024,59.192259821250445,1287.675411403338
400.0,200.0,2,0.0,200.0,500.0,100.0,1757800.2720558762,1490000.0,267800.2720558762,True,True,315.6920523800024,59.192259821250445,60.540543674228225
400.0,400.0,0,0.0,600.0,500.0,100.0,1703580.5714050038,1490000.0,213580.5714050037,False,True,315.6920523800024,59.192259821250445,1435.7453478949262
600.0,0.0,1,0.0,400.0,500.0,100.0,1705447.448135132,1490000.0,215447.44813513203,True,True,315.6920523800024,59.192259821250445,270.5639499698863
0.0,0.0,5,0.0,600.0,700.0,150.0,2809742.2825396922,1492500.0,1317242.2825396922,False,True,315.6920523800024,59.192259821250445,2156.576628081344
0.0,600.0,3,0.0,0.0,700.0,150.0,2260653.9616800817,1492500.0,768153.9616800814,False,True,315.6920523800024,59.192259821250445,995.774434790911
200.0,400.0,2,0.0,200.0,700.0,150.0,1973010.8442478438,1492500.0,480510.8442478438,False,True,315.6920523800024,59.192259821250445,229.30751972786555
200.0,600.0,0,0.0,600.0,700.0,150.0,1931561.5573118608,1492500.0,439061.5573118607,False,True,315.6920523800024,59.192259821250445,2345.995722798581
400.0,0.0,3,0.0,0.0,700.0,150.0,1909553.3244380415,1492500.0,417053.3244380414,False,True,315.6920523800024,59.192259821250445,182.57732989113134
400.0,200.0,1,0.0,400.0,700.0,150.0,1754624.0220558762,1492500.0,262124.0220558762,False,True,315.6920523800024,59.192259821250445,292.69344270120627
600.0,0.0,0,0.0,600.0,700.0,150.0,1702033.698135132,1492500.0,209533.69813513203,False,True,315.6920523800024,59.192259821250445,1046.8994933870501
0.0,0.0,3,1500.0,600.0,700.0,100.0,2812242.2825396922,1495000.0,1317242.2825396922,False,True,315.6920523800024,59.192259821250445,1747.5609944868013
0.0,0.0,3,2500.0,200.0,500.0,100.0,2812242.2825396922,1495000.0,1317242.2825396922,False,True,315.6920523800024,59.192259821250445,1318.6840589658518
0.0,200.0,0,3500.0,200.0,700.0,100.0,2555071.38834087,1495000.0,1060071.3883408702,False,True,315.6920523800024,59.192259821250445,3501.1582243147745
0.0,200.0,1,2500.0,600.0,500.0,100.0,2560985.13834087,1495000.0,1065985.1383408702,False,True,315.6920523800024,59.192259821250445,2761.1062584645456
0.0,600.0,1,1500.0,0.0,700.0,100.0,2257477.7116800817,1495000.0,762477.7116800814,False,True,315.6920523800024,59.192259821250445,2342.9730285659334
200.0,400.0,0,1500.0,200.0,700.0,100.0,1963920.8442478438,1495000.0,468920.8442478438,False,True,315.6920523800024,59.192259821250445,828.0544132701297
400.0,0.0,1,1500.0,0.0,700.0,100.0,1906377.0744380415,1495000.0,411377.0744380414,False,True,315.6920523800024,59.192259821250445,688.8512009355181
0.0,0.0,2,2500.0,400.0,700.0,150.0,2814742.2825396922,1497500.0,1317242.2825396922,False,True,315.6920523800024,59.192259821250445,1309.8189207233233
0.0,0.0,2,3500.0,0.0,500.0,150.0,2814742.2825396922,1497500.0,1317242.2825396922,False,True,315.6920523800024,59.192259821250445,2156.576628081344
0.0,200.0,0,3500.0,400.0,500.0,150.0,2557571.38834087,1497500.0,1060071.3883408702,False,True,315.6920523800024,59.192259821250445,3386.478773610017
0.0,600.0,1,1500.0,200.0,500.0,150.0,2259977.7116800817,1497500.0,762477.7116800814,False,True,315.6920523800024,59.192259821250445,659.2432264959729
200.0,200.0,2,1500.0,0.0,500.0,150.0,2094262.1816036687,1497500.0,596762.1816036686,False,True,315.6920523800024,59.192259821250445,263.37660692001737
200.0,400.0,0,1500.0,400.0,500.0,150.0,1966420.8442478438,1497500.0,468920.8442478438,False,True,315.6920523800024,59.192259821250445,818.7848373870038
400.0,0.0,1,1500.0,200.0,500.0,150.0,1908877.0744380415,1497500.0,411377.0744380414,True,True,315.6920523800024,59.192259821250445,0.0
0.0,0.0,6,0.0,200.0,700.0,100.0,2817242.2825396922,1500000.0,1317242.2825396922,False,True,315.6920523800024,59.192259821250445,2156.576628081344
0.0,200.0,4,0.0,600.0,700.0,100.0,2571661.38834087,1500000.0,1071661.3883408702,False,True,315.6920523800024,59.192259821250445,1051.7114471702214
200.0,600.0,1,0.0,200.0,700.0,100.0,1944975.3073118608,1500000.0,444975.3073118607,False,True,315.6920523800024,59.192259821250445,1287.675411403338
400.0,200.0,2,0.0,0.0,700.0,100.0,1767800.2720558762,1500000.0,267800.2720558762,False,True,315.6920523800024,59.192259821250445,125.366066330619
400.0,400.0,0,0.0,400.0,700.0,100.0,1713580.5714050038,1500000.0,213580.5714050037,False,True,315.6920523800024,59.192259821250445,1435.7453478949262
600.0,0.0,1,0.0,200.0,700.0,100.0,1715447.448135132,1500000.0,215447.44813513203,True,True,315.6920523800024,59.192259821250445,270.5639499698863
0.0,0.0,6,0.0,400.0,500.0,150.0,2819742.2825396922,1502500.0,1317242.2825396922,False,True,315.6920523800024,59.192259821250445,2156.576628081344
200.0,400.0,3,0.0,0.0,500.0,150.0,1983010.8442478438,1502500.0,480510.8442478438,False,True,315.6920523800024,59.192259821250445,263.37660692001737
200.0,600.0,1,0.0,400.0,500.0,150.0,1947475.3073118608,1502500.0,444975.3073118607,False,True,315.6920523800024,59.192259821250445,1287.675411403338
400.0,200.0,2,0.0,200.0,500.0,150.0,1770300.2720558762,1502500.0,267800.2720558762,True,True,315.6920523800024,59.192259821250445,60.540543674228225
400.0,400.0,0,0.0,600.0,500.0,150.0,1716080.5714050038,1502500.0,213580.5714050037,False,True,315.6920523800024,59.192259821250445,1435.7453478949262
600.0,0.0,1,0.0,400.0,500.0,150.0,1717947.448135132,1502500.0,215447.44813513203,True,True,315.6920523800024,59.192259821250445,270.5639499698863
0.0,0.0,3,2500.0,0.0,700.0,100.0,2822242.2825396922,1505000.0,1317242.2825396922,False,True,315.6920523800024,59.192259821250445,2156.576628081344
0.0,0.0,4,1500.0,400.0,500.0,100.0,2822242.2825396922,1505000.0,1317242.2825396922,False,True,315.6920523800024,59.192259821250445,1747.5609944868013
0.0,200.0,1,2500.0,400.0,700.0,100.0,2570985.13834087,1505000.0,1065985.1383408702,False,True,315.6920523800024,59.192259821250445,2761.1062584645456
0.0,200.0,1,3500.0,0.0,500.0,100.0,2570985.13834087,1505000.0,1065985.1383408702,False,True,315.6920523800024,59.192259821250445,3313.276144089339
200.0,0.0,0,2500.0,600.0,700.0,100.0,2330486.276507222,1505000.0,825486.2765072221,False,True,315.6920523800024,59.192259821250445,3381.867585234568
200.0,0.0,0,3500.0,200.0,500.0,100.0,2330486.276507222,1505000.0,825486.2765072221,False,True,315.6920523800024,59.192259821250445,3205.118727604669
200.0,400.0,1,1500.0,0.0,500.0,100.0,1979834.5942478438,1505000.0,474834.5942478438,False,True,315.6920523800024,59.192259821250445,1385.2425272275434
400.0,200.0,0,1500.0,200.0,500.0,100.0,1761210.2720558762,1505000.0,256210.2720558762,True,True,315.6920523800024,59.192259821250445,118.81329278466268
0.0,0.0,3,1500.0,600.0,700.0,150.0,2824742.2825396922,1507500.0,1317242.2825396922,False,True,315.6920523800024,59.192259821250445,1747.5609944868013
0.0,0.0,3,2500.0,200.0,500.0,150.0,2824742.2825396922,1507500.0,1317242.2825396922,False,True,315.6920523800024,59.192259821250445,1318.6840589658518
0.0,200.0,0,3500.0,200.0,700.0,150.0,2567571.38834087,1507500.0,1060071.3883408702,False,True,315.6920523800024,59.192259821250445,3501.1582243147745
0.0,200.0,1,2500.0,600.0,500.0,150.0,2573485.13834087,1507500.0,1065985.1383408702,False,True,315.6920523800024,59.192259821250445,2761.1062584645456
0.0,600.0,1,1500.0,0.0,700.0,150.0,2269977.7116800817,1507500.0,762477.7116800814,False,True,315.6920523800024,59.192259821250445,2342.9730285659334
200.0,400.0,0,1500.0,200.0,700.0,150.0,1976420.8442478438,1507500.0,468920.8442478438,False,True,315.6920523800024,59.192259821250445,828.0544132701297
400.0,0.0,1,1500.0,0.0,700.0,150.0,1918877.0744380415,1507500.0,411377.0744380414,False,True,315.6920523800024,59.192259821250445,688.8512009355181
0.0,0.0,7,0.0,0.0,500.0,100.0,2827242.2825396922,1510000.0,1317242.2825396922,False,True,315.6920523800024,59.192259821250445,2156.576628081344
0.0,200.0,5,0.0,400.0,500.0,100.0,2581661.38834087,1510000.0,1071661.3883408702,False,True,315.6920523800024,59.192259821250445,1051.7114471702214
200.0,0.0,4,0.0,600.0,500.0,100.0,2347076.276507222,1510000.0,837076.2765072221,False,True,315.6920523800024,59.192259821250445,405.87444545289327
200.0,600.0,2,0.0,0.0,500.0,100.0,1960651.5573118608,1510000.0,450651.5573118607,False,True,315.6920523800024,59.192259821250445,263.37660692001737
400.0,400.0,1,0.0,200.0,500.0,100.0,1729494.3214050038,1510000.0,219494.3214050037,True,True,315.6920523800024,59.192259821250445,262.29143499419854
600.0,0.0,2,0.0,0.0,500.0,100.0,1731123.698135132,1510000.0,221123.69813513203,False,True,315.6920523800024,59.192259821250445,129.8946002450333
600.0,200.0,0,0.0,400.0,500.0,100.0,1639191.3702823014,1510000.0,129191.3702823015,False,True,315.6920523800024,59.192259821250445,625.5755042706378
0.0,0.0,6,0.0,200.0,700.0,150.0,2829742.2825396922,1512500.0,1317242.2825396922,False,True,315.6920523800024,59.192259821250445,2156.576628081344
0.0,200.0,4,0.0,600.0,700.0,150.0,2584161.38834087,1512500.0,1071661.3883408702,False,True,315.6920523800024,59.192259821250445,1051.7114471702214
200.0,600.0,1,0.0,200.0,700.0,150.0,1957475.3073118608,1512500.0,444975.3073118607,False,True,315.6920523800024,59.192259821250445,1287.675411403338
400.0,200.0,2,0.0,0.0,700.0,150.0,1780300.2720558762,1512500.0,267800.2720558762,False,True,315.6920523800024,59.192259821250445,125.366066330619
400.0,400.0,0,0.0,400.0,700.0,150.0,1726080.5714050038,1512500.0,213580.5714050037,False,True,315.6920523800024,59.192259821250445,1435.7453478949262
600.0,0.0,1,0.0,200.0,700.0,150.0,1727947.448135132,1512500.0,215447.44813513203,True,True,315.6920523800024,59.192259821250445,270.5639499698863
0.0,0.0,4,1500.0,200.0,700.0,100.0,2832242.2825396922,1515000.0,1317242.2825396922,False,True,315.6920523800024,59.192259821250445,1747.5609944868013
0.0,200.0,2,1500.0,600.0,700.0,100.0,2586661.38834087,1515000.0,1071661.3883408702,False,True,315.6920523800024,59.192259821250445,549.6350407473019
0.0,200.0,2,2500.0,200.0,500.0,100.0,2586661.38834087,1515000.0,1071661.3883408702,False,True,315.6920523800024,59.192259821250445,342.2827968184649
0.0,400.0,0,2500.0,600.0,500.0,100.0,2357925.245293745,1515000.0,842925.2452937451,False,True,315.6920523800024,59.192259821250445,1505.0162580100243
200.0,0.0,0,3500.0,0.0,700.0,100.0,2340486.276507222,1515000.0,825486.2765072221,False,True,315.6920523800024,59.192259821250445,3865.8930600743543
200.0,0.0,1,2500.0,400.0,500.0,100.0,2346400.026507222,1515000.0,831400.0265072221,False,True,315.6920523800024,59.192259821250445,1626.0881048658466
400.0,200.0,0,1500.0,0.0,700.0,100.0,1771210.2720558762,1515000.0,256210.2720558762,False,True,315.6920523800024,59.192259821250445,3865.8930600743543
0.0,0.0,3,2500.0,0.0,700.0,150.0,2834742.2825396922,1517500.0,1317242.2825396922,False,True,315.6920523800024,59.192259821250445,2156.576628081344
0.0,0.0,4,1500.0,400.0,500.0,150.0,2834742.2825396922,1517500.0,1317242.2825396922,False,True,315.6920523800024,59.192259821250445,1747.5609944868013
0.0,200.0,1,2500.0,400.0,700.0,150.0,2583485.13834087,1517500.0,1065985.1383408702,False,True,315.6920523800024,59.192259821250445,2761.1062584645456
0.0,200.0,1,3500.0,0.0,500.0,150.0,2583485.13834087,1517500.0,1065985.1383408702,False,True,315.6920523800024,59.192259821250445,3313.276144089339
200.0,0.0,0,2500.0,600.0,700.0,150.0,2342986.276507222,1517500.0,825486.2765072221,False,True,315.6920523800024,59.192259821250445,3381.867585234568
200.0,0.0,0,3500.0,200.0,500.0,150.0,2342986.276507222,1517500.0,825486.2765072221,False,True,315.6920523800024,59.192259821250445,3205.118727604669
200.0,400.0,1,1500.0,0.0,500.0,150.0,1992334.5942478438,1517500.0,474834.5942478438,False,True,315.6920523800024,59.192259821250445,1385.2425272275434
400.0,200.0,0,1500.0,200.0,500.0,150.0,1773710.2720558762,1517500.0,256210.2720558762,True,True,315.6920523800024,59.192259821250445,118.81329278466268
0.0,200.0,5,0.0,200.0,700.0,100.0,2591661.38834087,1520000.0,1071661.3883408702,False,True,315.6920523800024,59.192259821250445,1051.7114471702214
0.0,400.0,3,0.0,600.0,700.0,100.0,2374515.245293745,1520000.0,854515.2452937451,False,True,315.6920523800024,59.192259821250445,978.5720635857999
200.0,0.0,4,0.0,400.0,700.0,100.0,2357076.276507222,1520000.0,837076.2765072221,False,True,315.6920523800024,59.192259821250445,405.87444545289327
400.0,400.0,1,0.0,0.0,700.0,100.0,1739494.3214050038,1520000.0,219494.3214050037,False,True,315.6920523800024,59.192259821250445,400.0528582786419
600.0,200.0,0,0.0,200.0,700.0,100.0,1649191.3702823014,1520000.0,129191.3702823015,False,True,315.6920523800024,59.192259821250445,625.5755042706378
0.0,0.0,7,0.0,0.0,500.0,150.0,2839742.2825396922,1522500.0,1317242.2825396922,False,True,315.6920523800024,59.192259821250445,2156.576628081344
0.0,200.0,5,0.0,400.0,500.0,150.0,2594161.38834087,1522500.0,1071661.3883408702,False,True,315.6920523800024,59.192259821250445,1051.7114471702214
200.0,0.0,4,0.0,600.0,500.0,150.0,2359576.276507222,1522500.0,837076.2765072221,False,True,315.6920523800024,59.192259821250445,405.87444545289327
200.0,600.0,2,0.0,0.0,500.0,150.0,1973151.5573118608,1522500.0,450651.5573118607,False,True,315.6920523800024,59.192259821250445,263.37660692001737
400.0,400.0,1,0.0,200.0,500.0,150.0,1741994.3214050038,1522500.0,219494.3214050037,True,True,315.6920523800024,59.192259821250445,262.29143499419854
600.0,0.0,2,0.0,0.0,500.0,150.0,1743623.698135132,1522500.0,221123.69813513203,False,True,315.6920523800024,59.192259821250445,129.8946002450333
600.0,200.0,0,0.0,400.0,500.0,150.0,1651691.3702823014,1522500.0,129191.3702823015,False,True,315.6920523800024,59.192259821250445,625.5755042706378
0.0,0.0,5,1500.0,0.0,500.0,100.0,2842242.2825396922,1525000.0,1317242.2825396922,False,True,315.6920523800024,59.192259821250445,2156.576628081344
0.0,200.0,2,2500.0,0.0,700.0,100.0,2596661.38834087,1525000.0,1071661.3883408702,False,True,315.6920523800024,59.192259821250445,1051.7114471702214
0.0,200.0,3,1500.0,400.0,500.0,100.0,2596661.38834087,1525000.0,1071661.3883408702,False,True,315.6920523800024,59.192259821250445,549.6350407473019
0.0,400.0,0,2500.0,400.0,700.0,100.0,2367925.245293745,1525000.0,842925.2452937451,False,True,315.6920523800024,59.192259821250445,1505.0162580100243
0.0,400.0,0,3500.0,0.0,500.0,100.0,2367925.245293745,1525000.0,842925.2452937451,False,True,315.6920523800024,59.192259821250445,3865.8930600743543
200.0,0.0,1,2500.0,200.0,700.0,100.0,2356400.026507222,1525000.0,831400.0265072221,False,True,315.6920523800024,59.192259821250445,1626.0881048658466
200.0,0.0,2,1500.0,600.0,500.0,100.0,2362076.276507222,1525000.0,837076.2765072221,True,True,315.6920523800024,59.192259821250445,100.93922260924094
200.0,600.0,0,1500.0,0.0,500.0,100.0,1964061.5573118608,1525000.0,439061.5573118607,False,True,315.6920523800024,59.192259821250445,3865.8930600743543
600.0,0.0,0,1500.0,0.0,500.0,100.0,1734533.698135132,1525000.0,209533.69813513203,False,True,315.6920523800024,59.192259821250445,3865.8930600743543
0.0,0.0,4,1500.0,200.0,700.0,150.0,2844742.2825396922,1527500.0,1317242.2825396922,False,True,315.6920523800024,59.192259821250445,1747.5609944868013
0.0,200.0,2,1500.0,600.0,700.0,150.0,2599161.38834087,1527500.0,1071661.3883408702,False,True,315.6920523800024,59.192259821250445,549.6350407473019
0.0,200.0,2,2500.0,200.0,500.0,150.0,2599161.38834087,1527500.0,1071661.3883408702,False,True,315.6920523800024,59.192259821250445,342.2827968184649
0.0,400.0,0,2500.0,600.0,500.0,150.0,2370425.245293745,1527500.0,842925.2452937451,False,True,315.6920523800024,59.192259821250445,1505.0162580100243
200.0,0.0,0,3500.0,0.0,700.0,150.0,2352986.276507222,1527500.0,825486.2765072221,False,True,315.6920523800024,59.192259821250445,3865.8930600743543
200.0,0.0,1,2500.0,400.0,500.0,150.0,2358900.026507222,1527500.0,831400.0265072221,False,True,315.6920523800024,59.192259821250445,1626.0881048658466
400.0,200.0,0,1500.0,0.0,700.0,150.0,1783710.2720558762,1527500.0,256210.2720558762,False,True,315.6920523800024,59.192259821250445,3865.8930600743543
0.0,200.0,6,0.0,0.0,500.0,100.0,2601661.38834087,1530000.0,1071661.3883408702,False,True,315.6920523800024,59.192259821250445,1051.7114471702214
0.0,400.0,4,0.0,400.0,500.0,100.0,2384515.245293745,1530000.0,854515.2452937451,False,True,315.6920523800024,59.192259821250445,978.5720635857999
200.0,0.0,5,0.0,200.0,500.0,100.0,2367076.276507222,1530000.0,837076.2765072221,False,True,315.6920523800024,59.192259821250445,405.87444545289327
200.0,200.0,3,0.0,600.0,500.0,100.0,2126762.1816036687,1530000.0,596762.1816036686,False,True,315.6920523800024,59.192259821250445,251.89696355931326
400.0,600.0,0,0.0,200.0,500.0,100.0,1733054.1749360964,1530000.0,203054.1749360965,False,True,315.6920523800024,59.192259821250445,1375.9790625019477
600.0,200.0,1,0.0,0.0,500.0,100.0,1665105.1202823014,1530000.0,135105.1202823015,False,True,315.6920523800024,59.192259821250445,300.92946083661326
0.0,200.0,5,0.0,200.0,700.0,150.0,2604161.38834087,1532500.0,1071661.3883408702,False,True,315.6920523800024,59.192259821250445,1051.7114471702214
0.0,400.0,3,0.0,600.0,700.0,150.0,2387015.245293745,1532500.0,854515.2452937451,False,True,315.6920523800024,59.192259821250445,978.5720635857999
200.0,0.0,4,0.0,400.0,700.0,150.0,2369576.276507222,1532500.0,837076.2765072221,False,True,315.6920523800024,59.192259821250445,405.87444545289327
400.0,400.0,1,0.0,0.0,700.0,150.0,1751994.3214050038,1532500.0,219494.3214050037,False,True,315.6920523800024,59.192259821250445,400.0528582786419
600.0,200.0,0,0.0,200.0,700.0,150.0,1661691.3702823014,1532500.0,129191.3702823015,False,True,315.6920523800024,59.192259821250445,625.5755042706378
0.0,200.0,3,1500.0,200.0,700.0,100.0,2606661.38834087,1535000.0,1071661.3883408702,False,True,315.6920523800024,59.192259821250445,549.635040747302
0.0,400.0,1,1500.0,600.0,700.0,100.0,2383838.995293745,1535000.0,848838.9952937451,False,True,315.6920523800024,59.192259821250445,983.826414293135
0.0,400.0,1,2500.0,200.0,500.0,100.0,2383838.995293745,1535000.0,848838.9952937451,False,True,315.6920523800024,59.192259821250445,548.398201791321
200.0,0.0,2,1500.0,400.0,700.0,100.0,2372076.276507222,1535000.0,837076.2765072221,True,True,315.6920523800024,59.192259821250445,100.93922260924094
200.0,0.0,2,2500.0,0.0,500.0,100.0,2372076.276507222,1535000.0,837076.2765072221,False,True,315.6920523800024,59.192259821250445,405.87444545289327
200.0,200.0,0,2500.0,400.0,500.0,100.0,2120172.1816036687,1535000.0,585172.1816036686,False,True,315.6920523800024,59.192259821250445,1378.0670497157362
0.0,0.0,5,1500.0,0.0,500.0,150.0,2854742.2825396922,1537500.0,1317242.2825396922,False,True,315.6920523800024,59.192259821250445,2156.576628081344
0.0,200.0,2,2500.0,0.0,700.0,150.0,2609161.38834087,1537500.0,1071661.3883408702,False,True,315.6920523800024,59.192259821250445,1051.7114471702214
0.0,200.0,3,1500.0,400.0,500.0,150.0,2609161.38834087,1537500.0,1071661.3883408702,False,True,315.6920523800024,59.192259821250445,549.6350407473019
0.0,400.0,0,2500.0,400.0,700.0,150.0,2380425.245293745,1537500.0,842925.2452937451,False,True,315.6920523800024,59.192259821250445,1505.0162580100243
0.0,400.0,0,3500.0,0.0,500.0,150.0,2380425.245293745,1537500.0,842925.2452937451,False,True,315.6920523800024,59.192259821250445,3865.8930600743543
200.0,0.0,1,2500.0,200.0,700.0,150.0,2368900.026507222,1537500.0,831400.0265072221,False,True,315.6920523800024,59.192259821250445,1626.0881048658466
200.0,0.0,2,1500.0,600.0,500.0,150.0,2374576.276507222,1537500.0,837076.2765072221,True,True,315.6920523800024,59.192259821250445,100.93922260924094
200.0,600.0,0,1500.0,0.0,500.0,150.0,1976561.5573118608,1537500.0,439061.5573118607,False,True,315.6920523800024,59.192259821250445,3865.8930600743543
600.0,0.0,0,1500.0,0.0,500.0,150.0,1747033.698135132,1537500.0,209533.69813513203,False,True,315.6920523800024,59.192259821250445,3865.8930600743543
0.0,400.0,4,0.0,200.0,700.0,100.0,2394515.245293745,1540000.0,854515.2452937451,False,True,315.6920523800024,59.192259821250445,978.5720635857999
0.0,600.0,2,0.0,600.0,700.0,100.0,2308153.9616800817,1540000.0,768153.9616800814,False,True,315.6920523800024,59.192259821250445,962.1436229467142
200.0,0.0,5,0.0,0.0,700.0,100.0,2377076.276507222,1540000.0,837076.2765072221,False,True,315.6920523800024,59.192259821250445,405.87444545289327
200.0,200.0,3,0.0,400.0,700.0,100.0,2136762.1816036687,1540000.0,596762.1816036686,False,True,315.6920523800024,59.192259821250445,251.89696355931326
400.0,0.0,2,0.0,600.0,700.0,100.0,1957053.3244380415,1540000.0,417053.3244380414,True,True,315.6920523800024,59.192259821250445,146.53124172277154
400.0,600.0,0,0.0,0.0,700.0,100.0,1743054.1749360964,1540000.0,203054.1749360965,False,True,315.6920523800024,59.192259821250445,3865.8930600743543
0.0,200.0,6,0.0,0.0,500.0,150.0,2614161.38834087,1542500.0,1071661.3883408702,False,True,315.6920523800024,59.192259821250445,1051.7114471702214
0.0,400.0,4,0.0,400.0,500.0,150.0,2397015.245293745,1542500.0,854515.2452937451,False,True,315.6920523800024,59.192259821250445,978.5720635857999
200.0,0.0,5,0.0,200.0,500.0,150.0,2379576.276507222,1542500.0,837076.2765072221,False,True,315.6920523800024,59.192259821250445,405.87444545289327
200.0,200.0,3,0.0,600.0,500.0,150.0,2139262.1816036687,1542500.0,596762.1816036686,False,True,315.6920523800024,59.192259821250445,251.89696355931326
400.0,600.0,0,0.0,200.0,500.0,150.0,1745554.1749360964,1542500.0,203054.1749360965,False,True,315.6920523800024,59.192259821250445,1375.9790625019477
600.0,200.0,1,0.0,0.0,500.0,150.0,1677605.1202823014,1542500.0,135105.1202823015,False,True,315.6920523800024,59.192259821250445,300.92946083661326
0.0,0.0,1,3500.0,600.0,500.0,100.0,2856566.0325396922,1545000.0,1311566.0325396922,False,True,315.6920523800024,59.192259821250445,3200.8097687181403
0.0,200.0,4,1500.0,0.0,500.0,100.0,2616661.38834087,1545000.0,1071661.3883408702,False,True,315.6920523800024,59.192259821250445,1051.7114471702214
0.0,400.0,1,2500.0,0.0,700.0,100.0,2393838.995293745,1545000.0,848838.9952937451,False,True,315.6920523800024,59.192259821250445,2563.51871475447
0.0,400.0,2,1500.0,400.0,500.0,100.0,2399515.245293745,1545000.0,854515.2452937451,True,True,315.6920523800024,59.192259821250445,0.0
200.0,0.0,3,1500.0,200.0,500.0,100.0,2382076.276507222,1545000.0,837076.2765072221,True,True,315.6920523800024,59.192259821250445,101.02246366695096
200.0,200.0,0,2500.0,200.0,700.0,100.0,2130172.1816036687,1545000.0,585172.1816036686,False,True,315.6920523800024,59.192259821250445,1396.1320211741286
200.0,200.0,1,1500.0,600.0,500.0,100.0,2136085.9316036687,1545000.0,591085.9316036686,True,True,315.6920523800024,59.192259821250445,197.24802954201718
0.0,200.0,3,1500.0,200.0,700.0,150.0,2619161.38834087,1547500.0,1071661.3883408702,False,True,315.6920523800024,59.192259821250445,549.635040747302
0.0,400.0,1,1500.0,600.0,700.0,150.0,2396338.995293745,1547500.0,848838.9952937451,False,True,315.6920523800024,59.192259821250445,983.826414293135
0.0,400.0,1,2500.0,200.0,500.0,150.0,2396338.995293745,1547500.0,848838.9952937451,False,True,315.6920523800024,59.192259821250445,548.398201791321
200.0,0.0,2,1500.0,400.0,700.0,150.0,2384576.276507222,1547500.0,837076.2765072221,True,True,315.6920523800024,59.192259821250445,100.93922260924094
200.0,0.0,2,2500.0,0.0,500.0,150.0,2384576.276507222,1547500.0,837076.2765072221,False,True,315.6920523800024,59.192259821250445,405.87444545289327
200.0,200.0,0,2500.0,400.0,500.0,150.0,2132672.1816036687,1547500.0,585172.1816036686,False,True,315.6920523800024,59.192259821250445,1378.0670497157362
0.0,400.0,5,0.0,0.0,500.0,100.0,2404515.245293745,1550000.0,854515.2452937451,False,True,315.6920523800024,59.192259821250445,995.7744347909112
0.0,600.0,3,0.0,400.0,500.0,100.0,2318153.9616800817,1550000.0,768153.9616800814,False,True,315.6920523800024,59.192259821250445,962.1436229467142
200.0,200.0,4,0.0,200.0,500.0,100.0,2146762.1816036687,1550000.0,596762.1816036686,False,True,315.6920523800024,59.192259821250445,251.89696355931326
200.0,400.0,2,0.0,600.0,500.0,100.0,2030510.8442478438,1550000.0,480510.8442478438,False,True,315.6920523800024,59.192259821250445,229.30751972786555
400.0,0.0,3,0.0,400.0,500.0,100.0,1967053.3244380415,1550000.0,417053.3244380414,True,True,315.6920523800024,59.192259821250445,146.53124172277154
600.0,400.0,0,0.0,0.0,500.0,100.0,1659182.261022691,1550000.0,109182.26102269092,False,True,315.6920523800024,59.192259821250445,3865.8930600743543
0.0,400.0,4,0.0,200.0,700.0,150.0,2407015.245293745,1552500.0,854515.2452937451,False,True,315.6920523800024,59.192259821250445,978.5720635857999
0.0,600.0,2,0.0,600.0,700.0,150.0,2320653.9616800817,1552500.0,768153.9616800814,False,True,315.6920523800024,59.192259821250445,962.1436229467142
200.0,0.0,5,0.0,0.0,700.0,150.0,2389576.276507222,1552500.0,837076.2765072221,False,True,315.6920523800024,59.192259821250445,405.87444545289327
200.0,200.0,3,0.0,400.0,700.0,150.0,2149262.1816036687,1552500.0,596762.1816036686,False,True,315.6920523800024,59.192259821250445,251.89696355931326
400.0,0.0,2,0.0,600.0,700.0,150.0,1969553.3244380415,1552500.0,417053.3244380414,True,True,315.6920523800024,59.192259821250445,146.53124172277154
400.0,600.0,0,0.0,0.0,700.0,150.0,1755554.1749360964,1552500.0,203054.1749360965,False,True,315.6920523800024,59.192259821250445,3865.8930600743543
0.0,0.0,1,3500.0,400.0,700.0,100.0,2866566.0325396922,1555000.0,1311566.0325396922,False,True,315.6920523800024,59.192259821250445,3200.8097687181403
0.0,400.0,2,1500.0,200.0,700.0,100.0,2409515.245293745,1555000.0,854515.2452937451,True,True,315.6920523800024,59.192259821250445,37.12010825109288
0.0,600.0,0,1500.0,600.0,700.0,100.0,2311563.9616800817,1555000.0,756563.9616800814,False,True,315.6920523800024,59.192259821250445,1299.592967960707
0.0,600.0,0,2500.0,200.0,500.0,100.0,2311563.9616800817,1555000.0,756563.9616800814,False,True,315.6920523800024,59.192259821250445,1510.5504507020173
200.0,0.0,3,1500.0,0.0,700.0,100.0,2392076.276507222,1555000.0,837076.2765072221,False,True,315.6920523800024,59.192259821250445,405.87444545289327
200.0,200.0,1,1500.0,400.0,700.0,100.0,2146085.9316036687,1555000.0,591085.9316036686,True,True,315.6920523800024,59.192259821250445,219.7615377847904
200.0,200.0,1,2500.0,0.0,500.0,100.0,2146085.9316036687,1555000.0,591085.9316036686,False,True,315.6920523800024,59.192259821250445,1486.5406080481362
400.0,0.0,0,1500.0,600.0,700.0,100.0,1960463.3244380415,1555000.0,405463.3244380414,False,True,315.6920523800024,59.192259821250445,1208.0132261666988
400.0,0.0,0,2500.0,200.0,500.0,100.0,1960463.3244380415,1555000.0,405463.3244380414,False,True,315.6920523800024,59.192259821250445,876.4497214515302
0.0,0.0,1,3500.0,600.0,500.0,150.0,2869066.0325396922,1557500.0,1311566.0325396922,False,True,315.6920523800024,59.192259821250445,3200.8097687181403
0.0,200.0,4,1500.0,0.0,500.0,150.0,2629161.38834087,1557500.0,1071661.3883408702,False,True,315.6920523800024,59.192259821250445,1051.7114471702214
0.0,400.0,1,2500.0,0.0,700.0,150.0,2406338.995293745,1557500.0,848838.9952937451,False,True,315.6920523800024,59.192259821250445,2563.51871475447
0.0,400.0,2,1500.0,400.0,500.0,150.0,2412015.245293745,1557500.0,854515.2452937451,True,True,315.6920523800024,59.192259821250445,0.0
200.0,0.0,3,1500.0,200.0,500.0,150.0,2394576.276507222,1557500.0,837076.2765072221,True,True,315.6920523800024,59.192259821250445,101.02246366695096
200.0,200.0,0,2500.0,200.0,700.0,150.0,2142672.1816036687,1557500.0,585172.1816036686,False,True,315.6920523800024,59.192259821250445,1396.1320211741286
200.0,200.0,1,1500.0,600.0,500.0,150.0,2148585.9316036687,1557500.0,591085.9316036686,True,True,315.6920523800024,59.192259821250445,197.24802954201718
0.0,600.0,3,0.0,200.0,700.0,100.0,2328153.9616800817,1560000.0,768153.9616800814,False,True,315.6920523800024,59.192259821250445,962.1436229467142
200.0,200.0,4,0.0,0.0,700.0,100.0,2156762.1816036687,1560000.0,596762.1816036686,False,True,315.6920523800024,59.192259821250445,263.37660692001737
200.0,400.0,2,0.0,400.0,700.0,100.0,2040510.8442478438,1560000.0,480510.8442478438,False,True,315.6920523800024,59.192259821250445,229.30751972786555
400.0,0.0,3,0.0,200.0,700.0,100.0,1977053.3244380415,1560000.0,417053.3244380414,True,True,315.6920523800024,59.192259821250445,146.53124172277154
400.0,200.0,1,0.0,600.0,700.0,100.0,1822124.0220558762,1560000.0,262124.0220558762,False,True,315.6920523800024,59.192259821250445,292.69344270120627
0.0,400.0,5,0.0,0.0,500.0,150.0,2417015.245293745,1562500.0,854515.2452937451,False,True,315.6920523800024,59.192259821250445,995.7744347909112
0.0,600.0,3,0.0,400.0,500.0,150.0,2330653.9616800817,1562500.0,768153.9616800814,False,True,315.6920523800024,59.192259821250445,962.1436229467142
200.0,200.0,4,0.0,200.0,500.0,150.0,2159262.1816036687,1562500.0,596762.1816036686,False,True,315.6920523800024,59.192259821250445,251.89696355931326
200.0,400.0,2,0.0,600.0,500.0,150.0,2043010.8442478438,1562500.0,480510.8442478438,False,True,315.6920523800024,59.192259821250445,229.30751972786555
400.0,0.0,3,0.0,400.0,500.0,150.0,1979553.3244380415,1562500.0,417053.3244380414,True,True,315.6920523800024,59.192259821250445,146.53124172277154
600.0,400.0,0,0.0,0.0,500.0,150.0,1671682.261022691,1562500.0,109182.26102269092,False,True,315.6920523800024,59.192259821250445,3865.8930600743543
0.0,0.0,2,2500.0,600.0,700.0,100.0,2882242.2825396922,1565000.0,1317242.2825396922,False,True,315.6920523800024,59.192259821250445,1309.8189207233233
0.0,0.0,2,3500.0,200.0,500.0,100.0,2882242.2825396922,1565000.0,1317242.2825396922,False,True,315.6920523800024,59.192259821250445,890.1933796233764
0.0,200.0,0,3500.0,600.0,500.0,100.0,2625071.38834087,1565000.0,1060071.3883408702,False,True,315.6920523800024,59.192259821250445,3386.478773610017
0.0,400.0,3,1500.0,0.0,500.0,100.0,2419515.245293745,1565000.0,854515.2452937451,False,True,315.6920523800024,59.192259821250445,995.7744347909112
0.0,600.0,0,2500.0,0.0,700.0,100.0,2321563.9616800817,1565000.0,756563.9616800814,False,True,315.6920523800024,59.192259821250445,3865.8930600743543
0.0,600.0,1,1500.0,400.0,500.0,100.0,2327477.7116800817,1565000.0,762477.7116800814,False,True,315.6920523800024,59.192259821250445,597.6989271597665
200.0,200.0,2,1500.0,200.0,500.0,100.0,2161762.1816036687,1565000.0,596762.1816036686,True,True,315.6920523800024,59.192259821250445,3.810310186938942
200.0,400.0,0,1500.0,600.0,500.0,100.0,2033920.8442478438,1565000.0,468920.8442478438,False,True,315.6920523800024,59.192259821250445,818.7848373870038
400.0,0.0,0,2500.0,0.0,700.0,100.0,1970463.3244380415,1565000.0,405463.3244380414,False,True,315.6920523800024,59.192259821250445,3865.8930600743543
400.0,0.0,1,1500.0,400.0,500.0,100.0,1976377.0744380415,1565000.0,411377.0744380414,True,True,315.6920523800024,59.192259821250445,0.0
0.0,0.0,1,3500.0,400.0,700.0,150.0,2879066.0325396922,1567500.0,1311566.0325396922,False,True,315.6920523800024,59.192259821250445,3200.8097687181403
0.0,400.0,2,1500.0,200.0,700.0,150.0,2422015.245293745,1567500.0,854515.2452937451,True,True,315.6920523800024,59.192259821250445,37.12010825109288
0.0,600.0,0,1500.0,600.0,700.0,150.0,2324063.9616800817,1567500.0,756563.9616800814,False,True,315.6920523800024,59.192259821250445,1299.592967960707
0.0,600.0,0,2500.0,200.0,500.0,150.0,2324063.9616800817,1567500.0,756563.9616800814,False,True,315.6920523800024,59.192259821250445,1510.5504507020173
200.0,0.0,3,1500.0,0.0,700.0,150.0,2404576.276507222,1567500.0,837076.2765072221,False,True,315.6920523800024,59.192259821250445,405.87444545289327
200.0,200.0,1,1500.0,400.0,700.0,150.0,2158585.9316036687,1567500.0,591085.9316036686,True,True,315.6920523800024,59.192259821250445,219.7615377847904
200.0,200.0,1,2500.0,0.0,500.0,150.0,2158585.9316036687,1567500.0,591085.9316036686,False,True,315.6920523800024,59.192259821250445,1486.5406080481362
400.0,0.0,0,1500.0,600.0,700.0,150.0,1972963.3244380415,1567500.0,405463.3244380414,False,True,315.6920523800024,59.192259821250445,1203.8668055518854
400.0,0.0,0,2500.0,200.0,500.0,150.0,1972963.3244380415,1567500.0,405463.3244380414,False,True,315.6920523800024,59.192259821250445,876.4497214515302
0.0,0.0,6,0.0,600.0,500.0,100.0,2887242.2825396922,1570000.0,1317242.2825396922,False,True,315.6920523800024,59.192259821250445,2156.576628081344
0.0,600.0,4,0.0,0.0,500.0,100.0,2338153.9616800817,1570000.0,768153.9616800814,False,True,315.6920523800024,59.192259821250445,995.774434790911
200.0,400.0,3,0.0,200.0,500.0,100.0,2050510.8442478438,1570000.0,480510.8442478438,False,True,315.6920523800024,59.192259821250445,229.30751972786555
200.0,600.0,1,0.0,600.0,500.0,100.0,2014975.3073118608,1570000.0,444975.3073118607,False,True,315.6920523800024,59.192259821250445,1287.675411403338
400.0,0.0,4,0.0,0.0,500.0,100.0,1987053.3244380415,1570000.0,417053.3244380414,False,True,315.6920523800024,59.192259821250445,182.57732989113134
400.0,200.0,2,0.0,400.0,500.0,100.0,1837800.2720558762,1570000.0,267800.2720558762,True,True,315.6920523800024,59.192259821250445,60.540543674228225
600.0,0.0,1,0.0,600.0,500.0,100.0,1785447.448135132,1570000.0,215447.44813513203,True,True,315.6920523800024,59.192259821250445,270.5639499698863
0.0,600.0,3,0.0,200.0,700.0,150.0,2340653.9616800817,1572500.0,768153.9616800814,False,True,315.6920523800024,59.192259821250445,962.1436229467142
200.0,200.0,4,0.0,0.0,700.0,150.0,2169262.1816036687,1572500.0,596762.1816036686,False,True,315.6920523800024,59.192259821250445,263.37660692001737
200.0,400.0,2,0.0,400.0,700.0,150.0,2053010.8442478438,1572500.0,480510.8442478438,False,True,315.6920523800024,59.192259821250445,229.30751972786555
400.0,0.0,3,0.0,200.0,700.0,150.0,1989553.3244380415,1572500.0,417053.3244380414,True,True,315.6920523800024,59.192259821250445,146.53124172277154
400.0,200.0,1,0.0,600.0,700.0,150.0,1834624.0220558762,1572500.0,262124.0220558762,False,True,315.6920523800024,59.192259821250445,292.69344270120627
0.0,0.0,2,3500.0,0.0,700.0,100.0,2892242.2825396922,1575000.0,1317242.2825396922,False,True,315.6920523800024,59.192259821250445,2156.576628081344
0.0,0.0,3,2500.0,400.0,500.0,100.0,2892242.2825396922,1575000.0,1317242.2825396922,False,True,315.6920523800024,59.192259821250445,1309.8189207233233
0.0,200.0,0,3500.0,400.0,700.0,100.0,2635071.38834087,1575000.0,1060071.3883408702,False,True,315.6920523800024,59.192259821250445,3386.478773610017
0.0,600.0,1,1500.0,200.0,700.0,100.0,2337477.7116800817,1575000.0,762477.7116800814,False,True,315.6920523800024,59.192259821250445,659.2432264959729
200.0,200.0,2,1500.0,0.0,700.0,100.0,2171762.1816036687,1575000.0,596762.1816036686,False,True,315.6920523800024,59.192259821250445,263.37660692001737
200.0,400.0,0,1500.0,400.0,700.0,100.0,2043920.8442478438,1575000.0,468920.8442478438,False,True,315.6920523800024,59.192259821250445,818.7848373870038
200.0,400.0,0,2500.0,0.0,500.0,100.0,2043920.8442478438,1575000.0,468920.8442478438,False,True,315.6920523800024,59.192259821250445,3865.8930600743543
400.0,0.0,1,1500.0,200.0,700.0,100.0,1986377.0744380415,1575000.0,411377.0744380414,True,True,315.6920523800024,59.192259821250445,0.0
0.0,0.0,2,2500.0,600.0,700.0,150.0,2894742.2825396922,1577500.0,1317242.2825396922,False,True,315.6920523800024,59.192259821250445,1309.8189207233233
0.0,0.0,2,3500.0,200.0,500.0,150.0,2894742.2825396922,1577500.0,1317242.2825396922,False,True,315.6920523800024,59.192259821250445,890.1933796233764
0.0,200.0,0,3500.0,600.0,500.0,150.0,2637571.38834087,1577500.0,1060071.3883408702,False,True,315.6920523800024,59.192259821250445,3386.478773610017
0.0,400.0,3,1500.0,0.0,500.0,150.0,2432015.245293745,1577500.0,854515.2452937451,False,True,315.6920523800024,59.192259821250445,995.7744347909112
0.0,600.0,0,2500.0,0.0,700.0,150.0,2334063.9616800817,1577500.0,756563.9616800814,False,True,315.6920523800024,59.192259821250445,3865.8930600743543
0.0,600.0,1,1500.0,400.0,500.0,150.0,2339977.7116800817,1577500.0,762477.7116800814,False,True,315.6920523800024,59.192259821250445,597.6989271597665
200.0,200.0,2,1500.0,200.0,500.0,150.0,2174262.1816036687,1577500.0,596762.1816036686,True,True,315.6920523800024,59.192259821250445,3.810310186938942
200.0,400.0,0,1500.0,600.0,500.0,150.0,2046420.8442478438,1577500.0,468920.8442478438,False,True,315.6920523800024,59.192259821250445,818.7848373870038
400.0,0.0,0,2500.0,0.0,700.0,150.0,1982963.3244380415,1577500.0,405463.3244380414,False,True,315.6920523800024,59.192259821250445,3865.8930600743543
400.0,0.0,1,1500.0,400.0,500.0,150.0,1988877.0744380415,1577500.0,411377.0744380414,True,True,315.6920523800024,59.192259821250445,0.0
0.0,0.0,6,0.0,400.0,700.0,100.0,2897242.2825396922,1580000.0,1317242.2825396922,False,True,315.6920523800024,59.192259821250445,2156.576628081344
200.0,400.0,3,0.0,0.0,700.0,100.0,2060510.8442478438,1580000.0,480510.8442478438,False,True,315.6920523800024,59.192259821250445,263.37660692001737
200.0,600.0,1,0.0,400.0,700.0,100.0,2024975.3073118608,1580000.0,444975.3073118607,False,True,315.6920523800024,59.192259821250445,1287.675411403338
400.0,200.0,2,0.0,200.0,700.0,100.0,1847800.2720558762,1580000.0,267800.2720558762,True,True,315.6920523800024,59.192259821250445,60.540543674228225
400.0,400.0,0,0.0,600.0,700.0,100.0,1793580.5714050038,1580000.0,213580.5714050037,False,True,315.6920523800024,59.192259821250445,1435.7453478949262
600.0,0.0,1,0.0,400.0,700.0,100.0,1795447.448135132,1580000.0,215447.44813513203,True,True,315.6920523800024,59.192259821250445,270.5639499698863
0.0,0.0,6,0.0,600.0,500.0,150.0,2899742.2825396922,1582500.0,1317242.2825396922,False,True,315.6920523800024,59.192259821250445,2156.576628081344
0.0,600.0,4,0.0,0.0,500.0,150.0,2350653.9616800817,1582500.0,768153.9616800814,False,True,315.6920523800024,59.192259821250445,995.774434790911
200.0,400.0,3,0.0,200.0,500.0,150.0,2063010.8442478438,1582500.0,480510.8442478438,False,True,315.6920523800024,59.192259821250445,229.30751972786555
200.0,600.0,1,0.0,600.0,500.0,150.0,2027475.3073118608,1582500.0,444975.3073118607,False,True,315.6920523800024,59.192259821250445,1287.675411403338
400.0,0.0,4,0.0,0.0,500.0,150.0,1999553.3244380415,1582500.0,417053.3244380414,False,True,315.6920523800024,59.192259821250445,182.57732989113134
400.0,200.0,2,0.0,400.0,500.0,150.0,1850300.2720558762,1582500.0,267800.2720558762,True,True,315.6920523800024,59.192259821250445,60.540543674228225
600.0,0.0,1,0.0,600.0,500.0,150.0,1797947.448135132,1582500.0,215447.44813513203,True,True,315.6920523800024,59.192259821250445,270.5639499698863
0.0,0.0,3,2500.0,200.0,700.0,100.0,2902242.2825396922,1585000.0,1317242.2825396922,False,True,315.6920523800024,59.192259821250445,1318.6840589658518
0.0,0.0,4,1500.0,600.0,500.0,100.0,2902242.2825396922,1585000.0,1317242.2825396922,False,True,315.6920523800024,59.192259821250445,1747.5609944868013
0.0,200.0,1,2500.0,600.0,700.0,100.0,2650985.13834087,1585000.0,1065985.1383408702,False,True,315.6920523800024,59.192259821250445,2761.1062584645456
0.0,200.0,1,3500.0,200.0,500.0,100.0,2650985.13834087,1585000.0,1065985.1383408702,False,True,315.6920523800024,59.192259821250445,2552.6030100571015
0.0,600.0,2,1500.0,0.0,500.0,100.0,2353153.9616800817,1585000.0,768153.9616800814,False,True,315.6920523800024,59.192259821250445,995.774434790911
200.0,0.0,0,3500.0,400.0,500.0,100.0,2410486.276507222,1585000.0,825486.2765072221,False,True,315.6920523800024,59.192259821250445,3195.8491517215434
200.0,400.0,1,1500.0,200.0,500.0,100.0,2059834.5942478438,1585000.0,474834.5942478438,True,True,315.6920523800024,59.192259821250445,3.810310186938942
400.0,0.0,2,1500.0,0.0,500.0,100.0,2002053.3244380415,1585000.0,417053.3244380414,False,True,315.6920523800024,59.192259821250445,182.57732989113134
400.0,200.0,0,1500.0,400.0,500.0,100.0,1841210.2720558762,1585000.0,256210.2720558762,True,True,315.6920523800024,59.192259821250445,118.81329278466268
0.0,0.0,2,3500.0,0.0,700.0,150.0,2904742.2825396922,1587500.0,1317242.2825396922,False,True,315.6920523800024,59.192259821250445,2156.576628081344
0.0,0.0,3,2500.0,400.0,500.0,150.0,2904742.2825396922,1587500.0,1317242.2825396922,False,True,315.6920523800024,59.192259821250445,1309.8189207233233
0.0,200.0,0,3500.0,400.0,700.0,150.0,2647571.38834087,1587500.0,1060071.3883408702,False,True,315.6920523800024,59.192259821250445,3386.478773610017
0.0,600.0,1,1500.0,200.0,700.0,150.0,2349977.7116800817,1587500.0,762477.7116800814,False,True,315.6920523800024,59.192259821250445,659.2432264959729
200.0,200.0,2,1500.0,0.0,700.0,150.0,2184262.1816036687,1587500.0,596762.1816036686,False,True,315.6920523800024,59.192259821250445,263.37660692001737
200.0,400.0,0,1500.0,400.0,700.0,150.0,2056420.8442478438,1587500.0,468920.8442478438,False,True,315.6920523800024,59.192259821250445,818.7848373870038
200.0,400.0,0,2500.0,0.0,500.0,150.0,2056420.8442478438,1587500.0,468920.8442478438,False,True,315.6920523800024,59.192259821250445,3865.8930600743543
400.0,0.0,1,1500.0,200.0,700.0,150.0,1998877.0744380415,1587500.0,411377.0744380414,True,True,315.6920523800024,59.192259821250445,0.0
0.0,0.0,7,0.0,200.0,500.0,100.0,2907242.2825396922,1590000.0,1317242.2825396922,False,True,315.6920523800024,59.192259821250445,2156.576628081344
0.0,200.0,5,0.0,600.0,500.0,100.0,2661661.38834087,1590000.0,1071661.3883408702,False,True,315.6920523800024,59.192259821250445,1051.7114471702214
200.0,600.0,2,0.0,200.0,500.0,100.0,2040651.5573118608,1590000.0,450651.5573118607,False,True,315.6920523800024,59.192259821250445,229.30751972786555
400.0,200.0,3,0.0,0.0,500.0,100.0,1857800.2720558762,1590000.0,267800.2720558762,False,True,315.6920523800024,59.192259821250445,125.366066330619
400.0,400.0,1,0.0,400.0,500.0,100.0,1809494.3214050038,1590000.0,219494.3214050037,True,True,315.6920523800024,59.192259821250445,262.29143499419854
600.0,0.0,2,0.0,200.0,500.0,100.0,1811123.698135132,1590000.0,221123.69813513203,True,True,315.6920523800024,59.192259821250445,44.92045041218677
600.0,200.0,0,0.0,600.0,500.0,100.0,1719191.3702823014,1590000.0,129191.3702823015,False,True,315.6920523800024,59.192259821250445,625.5755042706378
0.0,0.0,6,0.0,400.0,700.0,150.0,2909742.2825396922,1592500.0,1317242.2825396922,False,True,315.6920523800024,59.192259821250445,2156.576628081344
200.0,400.0,3,0.0,0.0,700.0,150.0,2073010.8442478438,1592500.0,480510.8442478438,False,True,315.6920523800024,59.192259821250445,263.37660692001737
200.0,600.0,1,0.0,400.0,700.0,150.0,2037475.3073118608,1592500.0,444975.3073118607,False,True,315.6920523800024,59.192259821250445,1287.675411403338
400.0,200.0,2,0.0,200.0,700.0,150.0,1860300.2720558762,1592500.0,267800.2720558762,True,True,315.6920523800024,59.192259821250445,60.540543674228225
400.0,400.0,0,0.0,600.0,700.0,150.0,1806080.5714050038,1592500.0,213580.5714050037,False,True,315.6920523800024,59.192259821250445,1435.7453478949262
600.0,0.0,1,0.0,400.0,700.0,150.0,1807947.448135132,1592500.0,215447.44813513203,True,True,315.6920523800024,59.192259821250445,270.5639499698863
0.0,0.0,4,1500.0,400.0,700.0,100.0,2912242.2825396922,1595000.0,1317242.2825396922,False,True,315.6920523800024,59.192259821250445,1747.5609944868013
0.0,0.0,4,2500.0,0.0,500.0,100.0,2912242.2825396922,1595000.0,1317242.2825396922,False,True,315.6920523800024,59.192259821250445,2156.576628081344
0.0,200.0,1,3500.0,0.0,700.0,100.0,2660985.13834087,1595000.0,1065985.1383408702,False,True,315.6920523800024,59.192259821250445,3313.276144089339
0.0,200.0,2,2500.0,400.0,500.0,100.0,2666661.38834087,1595000.0,1071661.3883408702,False,True,315.6920523800024,59.192259821250445,323.848823027607
200.0,0.0,0,3500.0,200.0,700.0,100.0,2420486.276507222,1595000.0,825486.2765072221,False,True,315.6920523800024,59.192259821250445,3205.118727604669
200.0,0.0,1,2500.0,600.0,500.0,100.0,2426400.026507222,1595000.0,831400.0265072221,False,True,315.6920523800024,59.192259821250445,1626.0881048658466
200.0,400.0,1,1500.0,0.0,700.0,100.0,2069834.5942478438,1595000.0,474834.5942478438,False,True,315.6920523800024,59.192259821250445,1385.2425272275434
400.0,200.0,0,1500.0,200.0,700.0,100.0,1851210.2720558762,1595000.0,256210.2720558762,True,True,315.6920523800024,59.192259821250445,118.81329278466268
0.0,0.0,3,2500.0,200.0,700.0,150.0,2914742.2825396922,1597500.0,1317242.2825396922,False,True,315.6920523800024,59.192259821250445,1318.6840589658518
0.0,0.0,4,1500.0,600.0,500.0,150.0,2914742.2825396922,1597500.0,1317242.2825396922,False,True,315.6920523800024,59.192259821250445,1747.5609944868013
0.0,200.0,1,2500.0,600.0,700.0,150.0,2663485.13834087,1597500.0,1065985.1383408702,False,True,315.6920523800024,59.192259821250445,2761.1062584645456
0.0,200.0,1,3500.0,200.0,500.0,150.0,2663485.13834087,1597500.0,1065985.1383408702,False,True,315.6920523800024,59.192259821250445,2552.6030100571015
0.0,600.0,2,1500.0,0.0,500.0,150.0,2365653.9616800817,1597500.0,768153.9616800814,False,True,315.6920523800024,59.192259821250445,995.774434790911
200.0,0.0,0,3500.0,400.0,500.0,150.0,2422986.276507222,1597500.0,825486.2765072221,False,True,315.6920523800024,59.192259821250445,3195.8491517215434
200.0,400.0,1,1500.0,200.0,500.0,150.0,2072334.5942478438,1597500.0,474834.5942478438,True,True,315.6920523800024,59.192259821250445,3.810310186938942
400.0,0.0,2,1500.0,0.0,500.0,150.0,2014553.3244380415,1597500.0,417053.3244380414,False,True,315.6920523800024,59.192259821250445,182.57732989113134
400.0,200.0,0,1500.0,400.0,500.0,150.0,1853710.2720558762,1597500.0,256210.2720558762,True,True,315.6920523800024,59.192259821250445,118.81329278466268
0.0,0.0,7,0.0,0.0,700.0,100.0,2917242.2825396922,1600000.0,1317242.2825396922,False,True,315.6920523800024,59.192259821250445,2156.576628081344
0.0,200.0,5,0.0,400.0,700.0,100.0,2671661.38834087,1600000.0,1071661.3883408702,False,True,315.6920523800024,59.192259821250445,1051.7114471702214
200.0,0.0,4,0.0,600.0,700.0,100.0,2437076.276507222,1600000.0,837076.2765072221,False,True,315.6920523800024,59.192259821250445,405.87444545289327
200.0,600.0,2,0.0,0.0,700.0,100.0,2050651.5573118608,1600000.0,450651.5573118607,False,True,315.6920523800024,59.192259821250445,263.37660692001737
400.0,400.0,1,0.0,200.0,700.0,100.0,1819494.3214050038,1600000.0,219494.3214050037,True,True,315.6920523800024,59.192259821250445,262.29143499419854
600.0,0.0,2,0.0,0.0,700.0,100.0,1821123.698135132,1600000.0,221123.69813513203,False,True,315.6920523800024,59.192259821250445,129.8946002450333
600.0,200.0,0,0.0,400.0,700.0,100.0,1729191.3702823014,1600000.0,129191.3702823015,False,True,315.6920523800024,59.192259821250445,625.5755042706378
0.0,0.0,7,0.0,200.0,500.0,150.0,2919742.2825396922,1602500.0,1317242.2825396922,False,True,315.6920523800024,59.192259821250445,2156.576628081344
0.0,200.0,5,0.0,600.0,500.0,150.0,2674161.38834087,1602500.0,1071661.3883408702,False,True,315.6920523800024,59.192259821250445,1051.7114471702214
200.0,600.0,2,0.0,200.0,500.0,150.0,2053151.5573118608,1602500.0,450651.5573118607,False,True,315.6920523800024,59.192259821250445,229.30751972786555
400.0,200.0,3,0.0,0.0,500.0,150.0,1870300.2720558762,1602500.0,267800.2720558762,False,True,315.6920523800024,59.192259821250445,125.366066330619
400.0,400.0,1,0.0,400.0,500.0,150.0,1821994.3214050038,1602500.0,219494.3214050037,True,True,315.6920523800024,59.192259821250445,262.29143499419854
600.0,0.0,2,0.0,200.0,500.0,150.0,1823623.698135132,1602500.0,221123.69813513203,True,True,315.6920523800024,59.192259821250445,44.92045041218677
600.0,200.0,0,0.0,600.0,500.0,150.0,1731691.3702823014,1602500.0,129191.3702823015,False,True,315.6920523800024,59.192259821250445,625.5755042706378
0.0,0.0,5,1500.0,200.0,500.0,100.0,2922242.2825396922,1605000.0,1317242.2825396922,False,True,315.6920523800024,59.192259821250445,1747.5609944868013
0.0,200.0,2,2500.0,200.0,700.0,100.0,2676661.38834087,1605000.0,1071661.3883408702,False,True,315.6920523800024,59.192259821250445,342.2827968184649
0.0,200.0,3,1500.0,600.0,500.0,100.0,2676661.38834087,1605000.0,1071661.3883408702,False,True,315.6920523800024,59.192259821250445,549.6350407473019
0.0,400.0,0,2500.0,600.0,700.0,100.0,2447925.245293745,1605000.0,842925.2452937451,False,True,315.6920523800024,59.192259821250445,1505.0162580100243
0.0,400.0,0,3500.0,200.0,500.0,100.0,2447925.245293745,1605000.0,842925.2452937451,False,True,315.6920523800024,59.192259821250445,1750.292132025338
200.0,0.0,1,2500.0,400.0,700.0,100.0,2436400.026507222,1605000.0,831400.0265072221,False,True,315.6920523800024,59.192259821250445,1626.0881048658466
200.0,0.0,1,3500.0,0.0,500.0,100.0,2436400.026507222,1605000.0,831400.0265072221,False,True,315.6920523800024,59.192259821250445,2562.771352790423
200.0,600.0,0,1500.0,200.0,500.0,100.0,2044061.5573118608,1605000.0,439061.5573118607,False,True,315.6920523800024,59.192259821250445,632.3820986996922
400.0,200.0,1,1500.0,0.0,500.0,100.0,1867124.0220558762,1605000.0,262124.0220558762,False,True,315.6920523800024,59.192259821250445,422.0757658063585
600.0,0.0,0,1500.0,200.0,500.0,100.0,1814533.698135132,1605000.0,209533.69813513203,True,True,315.6920523800024,59.192259821250445,5.016580852229291
0.0,0.0,4,1500.0,400.0,700.0,150.0,2924742.2825396922,1607500.0,1317242.2825396922,False,True,315.6920523800024,59.192259821250445,1747.5609944868013
0.0,0.0,4,2500.0,0.0,500.0,150.0,2924742.2825396922,1607500.0,1317242.2825396922,False,True,315.6920523800024,59.192259821250445,2156.576628081344
0.0,200.0,1,3500.0,0.0,700.0,150.0,2673485.13834087,1607500.0,1065985.1383408702,False,True,315.6920523800024,59.192259821250445,3313.276144089339
0.0,200.0,2,2500.0,400.0,500.0,150.0,2679161.38834087,1607500.0,1071661.3883408702,False,True,315.6920523800024,59.192259821250445,323.848823027607
200.0,0.0,0,3500.0,200.0,700.0,150.0,2432986.276507222,1607500.0,825486.2765072221,False,True,315.6920523800024,59.192259821250445,3205.118727604669
200.0,0.0,1,2500.0,600.0,500.0,150.0,2438900.026507222,1607500.0,831400.0265072221,False,True,315.6920523800024,59.192259821250445,1626.0881048658466
200.0,400.0,1,1500.0,0.0,700.0,150.0,2082334.5942478438,1607500.0,474834.5942478438,False,True,315.6920523800024,59.192259821250445,1385.2425272275434
400.0,200.0,0,1500.0,200.0,700.0,150.0,1863710.2720558762,1607500.0,256210.2720558762,True,True,315.6920523800024,59.192259821250445,118.81329278466268
0.0,200.0,6,0.0,200.0,500.0,100.0,2681661.38834087,1610000.0,1071661.3883408702,False,True,315.6920523800024,59.192259821250445,1051.7114471702214
0.0,400.0,4,0.0,600.0,500.0,100.0,2464515.245293745,1610000.0,854515.2452937451,False,True,315.6920523800024,59.192259821250445,978.5720635857999
200.0,0.0,5,0.0,400.0,500.0,100.0,2447076.276507222,1610000.0,837076.2765072221,False,True,315.6920523800024,59.192259821250445,405.87444545289327
400.0,400.0,2,0.0,0.0,500.0,100.0,1835170.5714050038,1610000.0,225170.5714050037,False,True,315.6920523800024,59.192259821250445,125.366066330619
400.0,600.0,0,0.0,400.0,500.0,100.0,1813054.1749360964,1610000.0,203054.1749360965,False,True,315.6920523800024,59.192259821250445,1375.9790625019477
600.0,200.0,1,0.0,200.0,500.0,100.0,1745105.1202823014,1610000.0,135105.1202823015,True,True,315.6920523800024,59.192259821250445,136.76859622687834
0.0,0.0,7,0.0,0.0,700.0,150.0,2929742.2825396922,1612500.0,1317242.2825396922,False,True,315.6920523800024,59.192259821250445,2156.576628081344
0.0,200.0,5,0.0,400.0,700.0,150.0,2684161.38834087,1612500.0,1071661.3883408702,False,True,315.6920523800024,59.192259821250445,1051.7114471702214
200.0,0.0,4,0.0,600.0,700.0,150.0,2449576.276507222,1612500.0,837076.2765072221,False,True,315.6920523800024,59.192259821250445,405.87444545289327
200.0,600.0,2,0.0,0.0,700.0,150.0,2063151.5573118608,1612500.0,450651.5573118607,False,True,315.6920523800024,59.192259821250445,263.37660692001737
400.0,400.0,1,0.0,200.0,700.0,150.0,1831994.3214050038,1612500.0,219494.3214050037,True,True,315.6920523800024,59.192259821250445,262.29143499419854
600.0,0.0,2,0.0,0.0,700.0,150.0,1833623.698135132,1612500.0,221123.69813513203,False,True,315.6920523800024,59.192259821250445,129.8946002450333
600.0,200.0,0,0.0,400.0,700.0,150.0,1741691.3702823014,1612500.0,129191.3702823015,False,True,315.6920523800024,59.192259821250445,625.5755042706378
0.0,0.0,5,1500.0,0.0,700.0,100.0,2932242.2825396922,1615000.0,1317242.2825396922,False,True,315.6920523800024,59.192259821250445,2156.576628081344
0.0,200.0,3,1500.0,400.0,700.0,100.0,2686661.38834087,1615000.0,1071661.3883408702,False,True,315.6920523800024,59.192259821250445,549.6350407473019
0.0,200.0,3,2500.0,0.0,500.0,100.0,2686661.38834087,1615000.0,1071661.3883408702,False,True,315.6920523800024,59.192259821250445,1051.7114471702214
0.0,400.0,0,3500.0,0.0,700.0,100.0,2457925.245293745,1615000.0,842925.2452937451,False,True,315.6920523800024,59.192259821250445,3865.8930600743543
0.0,400.0,1,2500.0,400.0,500.0,100.0,2463838.995293745,1615000.0,848838.9952937451,False,True,315.6920523800024,59.192259821250445,474.57422411424625
200.0,0.0,2,1500.0,600.0,700.0,100.0,2452076.276507222,1615000.0,837076.2765072221,True,True,315.6920523800024,59.192259821250445,100.93922260924094
200.0,0.0,2,2500.0,200.0,500.0,100.0,2452076.276507222,1615000.0,837076.2765072221,True,True,315.6920523800024,59.192259821250445,25.08164497187311
200.0,200.0,0,2500.0,600.0,500.0,100.0,2200172.1816036687,1615000.0,585172.1816036686,False,True,315.6920523800024,59.192259821250445,1378.0670497157362
200.0,600.0,0,1500.0,0.0,700.0,100.0,2054061.5573118608,1615000.0,439061.5573118607,False,True,315.6920523800024,59.192259821250445,3865.8930600743543
600.0,0.0,0,1500.0,0.0,700.0,100.0,1824533.698135132,1615000.0,209533.69813513203,False,True,315.6920523800024,59.192259821250445,3865.8930600743543
0.0,0.0,5,1500.0,200.0,500.0,150.0,2934742.2825396922,1617500.0,1317242.2825396922,False,True,315.6920523800024,59.192259821250445,1747.5609944868013
0.0,200.0,2,2500.0,200.0,700.0,150.0,2689161.38834087,1617500.0,1071661.3883408702,False,True,315.6920523800024,59.192259821250445,342.2827968184649
0.0,200.0,3,1500.0,600.0,500.0,150.0,2689161.38834087,1617500.0,1071661.3883408702,False,True,315.6920523800024,59.192259821250445,549.6350407473019
0.0,400.0,0,2500.0,600.0,700.0,150.0,2460425.245293745,1617500.0,842925.2452937451,False,True,315.6920523800024,59.192259821250445,1505.0162580100243
0.0,400.0,0,3500.0,200.0,500.0,150.0,2460425.245293745,1617500.0,842925.2452937451,False,True,315.6920523800024,59.192259821250445,1750.292132025338
200.0,0.0,1,2500.0,400.0,700.0,150.0,2448900.026507222,1617500.0,831400.0265072221,False,True,315.6920523800024,59.192259821250445,1626.0881048658466
200.0,0.0,1,3500.0,0.0,500.0,150.0,2448900.026507222,1617500.0,831400.0265072221,False,True,315.6920523800024,59.192259821250445,2562.771352790423
200.0,600.0,0,1500.0,200.0,500.0,150.0,2056561.5573118608,1617500.0,439061.5573118607,False,True,315.6920523800024,59.192259821250445,632.3820986996922
400.0,200.0,1,1500.0,0.0,500.0,150.0,1879624.0220558762,1617500.0,262124.0220558762,False,True,315.6920523800024,59.192259821250445,422.0757658063585
600.0,0.0,0,1500.0,200.0,500.0,150.0,1827033.698135132,1617500.0,209533.69813513203,True,True,315.6920523800024,59.192259821250445,5.016580852229291
0.0,200.0,6,0.0,0.0,700.0,100.0,2691661.38834087,1620000.0,1071661.3883408702,False,True,315.6920523800024,59.192259821250445,1051.7114471702214
0.0,400.0,4,0.0,400.0,700.0,100.0,2474515.245293745,1620000.0,854515.2452937451,False,True,315.6920523800024,59.192259821250445,978.5720635857999
200.0,0.0,5,0.0,200.0,700.0,100.0,2457076.276507222,1620000.0,837076.2765072221,False,True,315.6920523800024,59.192259821250445,405.87444545289327
200.0,200.0,3,0.0,600.0,700.0,100.0,2216762.1816036687,1620000.0,596762.1816036686,False,True,315.6920523800024,59.192259821250445,251.89696355931326
400.0,600.0,0,0.0,200.0,700.0,100.0,1823054.1749360964,1620000.0,203054.1749360965,False,True,315.6920523800024,59.192259821250445,1375.9790625019477
600.0,200.0,1,0.0,0.0,700.0,100.0,1755105.1202823014,1620000.0,135105.1202823015,False,True,315.6920523800024,59.192259821250445,300.92946083661326
0.0,200.0,6,0.0,200.0,500.0,150.0,2694161.38834087,1622500.0,1071661.3883408702,False,True,315.6920523800024,59.192259821250445,1051.7114471702214
0.0,400.0,4,0.0,600.0,500.0,150.0,2477015.245293745,1622500.0,854515.2452937451,False,True,315.6920523800024,59.192259821250445,978.5720635857999
200.0,0.0,5,0.0,400.0,500.0,150.0,2459576.276507222,1622500.0,837076.2765072221,False,True,315.6920523800024,59.192259821250445,405.87444545289327
400.0,400.0,2,0.0,0.0,500.0,150.0,1847670.5714050038,1622500.0,225170.5714050037,False,True,315.6920523800024,59.192259821250445,125.366066330619
400.0,600.0,0,0.0,400.0,500.0,150.0,1825554.1749360964,1622500.0,203054.1749360965,False,True,315.6920523800024,59.192259821250445,1375.9790625019477
600.0,200.0,1,0.0,200.0,500.0,150.0,1757605.1202823014,1622500.0,135105.1202823015,True,True,315.6920523800024,59.192259821250445,136.76859622687834
0.0,200.0,4,1500.0,200.0,500.0,100.0,2696661.38834087,1625000.0,1071661.3883408702,False,True,315.6920523800024,59.192259821250445,549.635040747302
0.0,400.0,1,2500.0,200.0,700.0,100.0,2473838.995293745,1625000.0,848838.9952937451,False,True,315.6920523800024,59.192259821250445,548.398201791321
0.0,400.0,2,1500.0,600.0,500.0,100.0,2479515.245293745,1625000.0,854515.2452937451,True,True,315.6920523800024,59.192259821250445,0.0
200.0,0.0,2,2500.0,0.0,700.0,100.0,2462076.276507222,1625000.0,837076.2765072221,False,True,315.6920523800024,59.192259821250445,405.87444545289327
200.0,0.0,3,1500.0,400.0,500.0,100.0,2462076.276507222,1625000.0,837076.2765072221,True,True,315.6920523800024,59.192259821250445,100.93922260924094
200.0,200.0,0,2500.0,400.0,700.0,100.0,2210172.1816036687,1625000.0,585172.1816036686,False,True,315.6920523800024,59.192259821250445,1389.6009450954414
200.0,200.0,0,3500.0,0.0,500.0,100.0,2210172.1816036687,1625000.0,585172.1816036686,False,True,315.6920523800024,59.192259821250445,3865.8930600743543
400.0,400.0,0,1500.0,0.0,500.0,100.0,1838580.5714050038,1625000.0,213580.5714050037,False,True,315.6920523800024,59.192259821250445,3865.8930600743543
