sample_role,scenario,probability,loss_kwh
training,0,0.0005,0.0
training,1,0.0005,0.0
training,2,0.0005,0.0
training,3,0.0005,0.0
training,4,0.0005,0.0
training,5,0.0005,0.0
training,6,0.0005,0.0
training,7,0.0005,0.0
training,8,0.0005,0.0
training,9,0.0005,0.0
training,10,0.0005,0.0
training,11,0.0005,0.0
training,12,0.0005,0.0
training,13,0.0005,0.0
training,14,0.0005,0.0
training,15,0.0005,0.0
training,16,0.0005,0.0
training,17,0.0005,0.0
training,18,0.0005,0.0
training,19,0.0005,0.0
training,20,0.0005,0.0
training,21,0.0005,0.0
training,22,0.0005,0.0
training,23,0.0005,0.0
training,24,0.0005,0.0
training,25,0.0005,0.0
training,26,0.0005,0.0
training,27,0.0005,0.0
training,28,0.0005,0.0
training,29,0.0005,0.0
training,30,0.0005,0.0
training,31,0.0005,0.0
training,32,0.0005,0.0
training,33,0.0005,0.0
training,34,0.0005,0.0
training,35,0.0005,0.0
training,36,0.0005,0.0
training,37,0.0005,0.0
training,38,0.0005,0.0
training,39,0.0005,0.0
training,40,0.0005,0.0
training,41,0.0005,0.0
training,42,0.0005,0.0
training,43,0.0005,0.0
training,44,0.0005,0.0
training,45,0.0005,0.0
training,46,0.0005,0.0
training,47,0.0005,0.0
training,48,0.0005,0.0
training,49,0.0005,0.0
training,50,0.0005,0.0
training,51,0.0005,0.0
training,52,0.0005,0.0
training,53,0.0005,0.0
training,54,0.0005,0.0
training,55,0.0005,0.0
training,56,0.0005,0.0
training,57,0.0005,0.0
training,58,0.0005,0.0
training,59,0.0005,0.0
training,60,0.0005,0.0
training,61,0.0005,0.0
training,62,0.0005,0.0
training,63,0.0005,0.0
training,64,0.0005,0.0
training,65,0.0005,0.0
training,66,0.0005,0.0
training,67,0.0005,0.0
training,68,0.0005,0.0
training,69,0.0005,0.0
training,70,0.0005,0.0
training,71,0.0005,0.0
training,72,0.0005,0.0
training,73,0.0005,0.0
training,74,0.0005,0.0
training,75,0.0005,0.0
training,76,0.0005,0.0
training,77,0.0005,0.0
training,78,0.0005,0.0
training,79,0.0005,0.0
training,80,0.0005,0.0
training,81,0.0005,0.0
training,82,0.0005,0.0
training,83,0.0005,0.0
training,84,0.0005,0.0
training,85,0.0005,0.0
training,86,0.0005,0.0
training,87,0.0005,0.0
training,88,0.0005,0.0
training,89,0.0005,0.0
training,90,0.0005,0.0
training,91,0.0005,0.0
training,92,0.0005,0.0
training,93,0.0005,0.0
training,94,0.0005,0.0
training,95,0.0005,0.0
training,96,0.0005,0.0
training,97,0.0005,0.0
training,98,0.0005,0.0
training,99,0.0005,0.0
training,100,0.0005,0.0
training,101,0.0005,0.0
training,102,0.0005,0.0
training,103,0.0005,0.0
training,104,0.0005,0.0
training,105,0.0005,0.0
training,106,0.0005,0.0
training,107,0.0005,0.0
training,108,0.0005,0.0
training,109,0.0005,0.0
training,110,0.0005,0.0
training,111,0.0005,0.0
training,112,0.0005,0.0
training,113,0.0005,0.0
training,114,0.0005,0.0
training,115,0.0005,0.0
training,116,0.0005,0.0
training,117,0.0005,0.0
training,118,0.0005,0.0
training,119,0.0005,0.0
training,120,0.0005,0.0
training,121,0.0005,0.0
training,122,0.0005,0.0
training,123,0.0005,0.0
training,124,0.0005,0.0
training,125,0.0005,0.0
training,126,0.0005,0.0
training,127,0.0005,0.0
training,128,0.0005,0.0
training,129,0.0005,0.0
training,130,0.0005,0.0
training,131,0.0005,0.0
training,132,0.0005,0.0
training,133,0.0005,0.0
training,134,0.0005,0.0
training,135,0.0005,0.0
training,136,0.0005,0.0
training,137,0.0005,0.0
training,138,0.0005,0.0
training,139,0.0005,0.0
training,140,0.0005,0.0
training,141,0.0005,0.0
training,142,0.0005,0.0
training,143,0.0005,0.0
training,144,0.0005,0.0
training,145,0.0005,0.0
training,146,0.0005,0.0
training,147,0.0005,0.0
training,148,0.0005,0.0
training,149,0.0005,0.0
training,150,0.0005,0.0
training,151,0.0005,0.0
training,152,0.0005,0.0
training,153,0.0005,0.0
training,154,0.0005,0.0
training,155,0.0005,0.0
training,156,0.0005,0.0
training,157,0.0005,0.0
training,158,0.0005,0.0
training,159,0.0005,0.0
training,160,0.0005,0.0
training,161,0.0005,0.0
training,162,0.0005,0.0
training,163,0.0005,0.0
training,164,0.0005,0.0
training,165,0.0005,0.0
training,166,0.0005,0.0
training,167,0.0005,0.0
training,168,0.0005,0.0
training,169,0.0005,0.0
training,170,0.0005,0.0
training,171,0.0005,0.0
training,172,0.0005,0.0
training,173,0.0005,0.0
training,174,0.0005,0.0
training,175,0.0005,0.0
training,176,0.0005,0.0
training,177,0.0005,0.0
training,178,0.0005,0.0
training,179,0.0005,0.0
training,180,0.0005,0.0
training,181,0.0005,0.0
training,182,0.0005,0.0
training,183,0.0005,0.0
training,184,0.0005,0.0
training,185,0.0005,0.0
training,186,0.0005,1077.9816666666668
training,187,0.0005,0.0
training,188,0.0005,0.0
training,189,0.0005,0.0
training,190,0.0005,0.0
training,191,0.0005,0.0
training,192,0.0005,0.0
training,193,0.0005,0.0
training,194,0.0005,0.0
training,195,0.0005,0.0
training,196,0.0005,0.0
training,197,0.0005,0.0
training,198,0.0005,0.0
training,199,0.0005,0.0
training,200,0.0005,0.0
training,201,0.0005,0.0
training,202,0.0005,0.0
training,203,0.0005,0.0
training,204,0.0005,0.0
training,205,0.0005,0.0
training,206,0.0005,0.0
training,207,0.0005,0.0
training,208,0.0005,0.0
training,209,0.0005,0.0
training,210,0.0005,0.0
training,211,0.0005,0.0
training,212,0.0005,0.0
training,213,0.0005,0.0
training,214,0.0005,0.0
training,215,0.0005,0.0
training,216,0.0005,0.0
training,217,0.0005,0.0
training,218,0.0005,0.0
training,219,0.0005,0.0
training,220,0.0005,0.0
training,221,0.0005,0.0
training,222,0.0005,0.0
training,223,0.0005,0.0
training,224,0.0005,0.0
training,225,0.0005,0.0
training,226,0.0005,0.0
training,227,0.0005,0.0
training,228,0.0005,0.0
training,229,0.0005,0.0
training,230,0.0005,0.0
training,231,0.0005,0.0
training,232,0.0005,0.0
training,233,0.0005,0.0
training,234,0.0005,0.0
training,235,0.0005,0.0
training,236,0.0005,0.0
training,237,0.0005,0.0
training,238,0.0005,0.0
training,239,0.0005,0.0
training,240,0.0005,0.0
training,241,0.0005,0.0
training,242,0.0005,0.0
training,243,0.0005,0.0
training,244,0.0005,0.0
training,245,0.0005,0.0
training,246,0.0005,0.0
training,247,0.0005,0.0
training,248,0.0005,0.0
training,249,0.0005,0.0
training,250,0.0005,0.0
training,251,0.0005,0.0
training,252,0.0005,0.0
training,253,0.0005,0.0
training,254,0.0005,0.0
training,255,0.0005,0.0
training,256,0.0005,0.0
training,257,0.0005,0.0
training,258,0.0005,0.0
training,259,0.0005,0.0
training,260,0.0005,0.0
training,261,0.0005,0.0
training,262,0.0005,0.0
training,263,0.0005,0.0
training,264,0.0005,0.0
training,265,0.0005,0.0
training,266,0.0005,0.0
training,267,0.0005,0.0
training,268,0.0005,0.0
training,269,0.0005,0.0
training,270,0.0005,0.0
training,271,0.0005,0.0
training,272,0.0005,0.0
training,273,0.0005,0.0
training,274,0.0005,0.0
training,275,0.0005,0.0
training,276,0.0005,0.0
training,277,0.0005,970.4772221888888
training,278,0.0005,0.0
training,279,0.0005,0.0
training,280,0.0005,0.0
training,281,0.0005,0.0
training,282,0.0005,0.0
training,283,0.0005,0.0
training,284,0.0005,0.0
training,285,0.0005,0.0
training,286,0.0005,0.0
training,287,0.0005,0.0
training,288,0.0005,0.0
training,289,0.0005,0.0
training,290,0.0005,0.0
training,291,0.0005,0.0
training,292,0.0005,0.0
training,293,0.0005,0.0
training,294,0.0005,0.0
training,295,0.0005,0.0
training,296,0.0005,0.0
training,297,0.0005,0.0
training,298,0.0005,0.0
training,299,0.0005,0.0
training,300,0.0005,0.0
training,301,0.0005,0.0
training,302,0.0005,0.0
training,303,0.0005,0.0
training,304,0.0005,0.0
training,305,0.0005,0.0
training,306,0.0005,0.0
training,307,0.0005,0.0
training,308,0.0005,0.0
training,309,0.0005,0.0
training,310,0.0005,0.0
training,311,0.0005,0.0
training,312,0.0005,0.0
training,313,0.0005,0.0
training,314,0.0005,0.0
training,315,0.0005,0.0
training,316,0.0005,0.0
training,317,0.0005,0.0
training,318,0.0005,0.0
training,319,0.0005,0.0
training,320,0.0005,0.0
training,321,0.0005,0.0
training,322,0.0005,0.0
training,323,0.0005,0.0
training,324,0.0005,0.0
training,325,0.0005,0.0
training,326,0.0005,0.0
training,327,0.0005,0.0
training,328,0.0005,0.0
training,329,0.0005,0.0
training,330,0.0005,0.0
training,331,0.0005,0.0
training,332,0.0005,0.0
training,333,0.0005,0.0
training,334,0.0005,0.0
training,335,0.0005,0.0
training,336,0.0005,0.0
training,337,0.0005,0.0
training,338,0.0005,0.0
training,339,0.0005,0.0
training,340,0.0005,0.0
training,341,0.0005,0.0
training,342,0.0005,0.0
training,343,0.0005,0.0
training,344,0.0005,0.0
training,345,0.0005,0.0
training,346,0.0005,0.0
training,347,0.0005,0.0
training,348,0.0005,0.0
training,349,0.0005,0.0
training,350,0.0005,0.0
training,351,0.0005,0.0
training,352,0.0005,0.0
training,353,0.0005,0.0
training,354,0.0005,0.0
training,355,0.0005,0.0
training,356,0.0005,0.0
training,357,0.0005,0.0
training,358,0.0005,0.0
training,359,0.0005,0.0
training,360,0.0005,0.0
training,361,0.0005,0.0
training,362,0.0005,0.0
training,363,0.0005,0.0
training,364,0.0005,0.0
training,365,0.0005,0.0
training,366,0.0005,0.0
training,367,0.0005,0.0
training,368,0.0005,0.0
training,369,0.0005,0.0
training,370,0.0005,0.0
training,371,0.0005,0.0
training,372,0.0005,0.0
training,373,0.0005,0.0
training,374,0.0005,0.0
training,375,0.0005,0.0
training,376,0.0005,0.0
training,377,0.0005,0.0
training,378,0.0005,0.0
training,379,0.0005,0.0
training,380,0.0005,0.0
training,381,0.0005,0.0
training,382,0.0005,0.0
training,383,0.0005,0.0
training,384,0.0005,0.0
training,385,0.0005,0.0
training,386,0.0005,0.0
training,387,0.0005,0.0
training,388,0.0005,0.0
training,389,0.0005,0.0
training,390,0.0005,0.0
training,391,0.0005,0.0
training,392,0.0005,0.0
training,393,0.0005,0.0
training,394,0.0005,0.0
training,395,0.0005,0.0
training,396,0.0005,0.0
training,397,0.0005,0.0
training,398,0.0005,0.0
training,399,0.0005,0.0
training,400,0.0005,0.0
training,401,0.0005,0.0
training,402,0.0005,0.0
training,403,0.0005,0.0
training,404,0.0005,0.0
training,405,0.0005,0.0
training,406,0.0005,0.0
training,407,0.0005,0.0
training,408,0.0005,0.0
training,409,0.0005,0.0
training,410,0.0005,0.0
training,411,0.0005,0.0
training,412,0.0005,0.0
training,413,0.0005,0.0
training,414,0.0005,0.0
training,415,0.0005,0.0
training,416,0.0005,0.0
training,417,0.0005,0.0
training,418,0.0005,0.0
training,419,0.0005,0.0
training,420,0.0005,0.0
training,421,0.0005,0.0
training,422,0.0005,0.0
training,423,0.0005,0.0
training,424,0.0005,0.0
training,425,0.0005,0.0
training,426,0.0005,0.0
training,427,0.0005,0.0
training,428,0.0005,0.0
training,429,0.0005,0.0
training,430,0.0005,0.0
training,431,0.0005,0.0
training,432,0.0005,0.0
training,433,0.0005,0.0
training,434,0.0005,0.0
training,435,0.0005,0.0
training,436,0.0005,0.0
training,437,0.0005,0.0
training,438,0.0005,0.0
training,439,0.0005,0.0
training,440,0.0005,0.0
training,441,0.0005,0.0
training,442,0.0005,0.0
training,443,0.0005,0.0
training,444,0.0005,0.0
training,445,0.0005,0.0
training,446,0.0005,0.0
training,447,0.0005,0.0
training,448,0.0005,0.0
training,449,0.0005,0.0
training,450,0.0005,0.0
training,451,0.0005,0.0
training,452,0.0005,0.0
training,453,0.0005,0.0
training,454,0.0005,0.0
training,455,0.0005,0.0
training,456,0.0005,0.0
training,457,0.0005,0.0
training,458,0.0005,0.0
training,459,0.0005,0.0
training,460,0.0005,0.0
training,461,0.0005,0.0
training,462,0.0005,0.0
training,463,0.0005,0.0
training,464,0.0005,0.0
training,465,0.0005,0.0
training,466,0.0005,0.0
training,467,0.0005,0.0
training,468,0.0005,0.0
training,469,0.0005,0.0
training,470,0.0005,0.0
training,471,0.0005,0.0
training,472,0.0005,0.0
training,473,0.0005,0.0
training,474,0.0005,0.0
training,475,0.0005,0.0
training,476,0.0005,0.0
training,477,0.0005,0.0
training,478,0.0005,0.0
training,479,0.0005,0.0
training,480,0.0005,0.0
training,481,0.0005,0.0
training,482,0.0005,0.0
training,483,0.0005,0.0
training,484,0.0005,0.0
training,485,0.0005,0.0
training,486,0.0005,0.0
training,487,0.0005,0.0
training,488,0.0005,0.0
training,489,0.0005,0.0
training,490,0.0005,0.0
training,491,0.0005,0.0
training,492,0.0005,0.0
training,493,0.0005,0.0
training,494,0.0005,0.0
training,495,0.0005,0.0
training,496,0.0005,0.0
training,497,0.0005,0.0
training,498,0.0005,0.0
training,499,0.0005,0.0
training,500,0.0005,0.0
training,501,0.0005,0.0
training,502,0.0005,0.0
training,503,0.0005,0.0
training,504,0.0005,0.0
training,505,0.0005,0.0
training,506,0.0005,0.0
training,507,0.0005,0.0
training,508,0.0005,0.0
training,509,0.0005,0.0
training,510,0.0005,0.0
training,511,0.0005,0.0
training,512,0.0005,0.0
training,513,0.0005,0.0
training,514,0.0005,0.0
training,515,0.0005,0.0
training,516,0.0005,0.0
training,517,0.0005,0.0
training,518,0.0005,0.0
training,519,0.0005,0.0
training,520,0.0005,0.0
training,521,0.0005,0.0
training,522,0.0005,0.0
training,523,0.0005,0.0
training,524,0.0005,0.0
training,525,0.0005,0.0
training,526,0.0005,0.0
training,527,0.0005,0.0
training,528,0.0005,0.0
training,529,0.0005,0.0
training,530,0.0005,0.0
training,531,0.0005,0.0
training,532,0.0005,0.0
training,533,0.0005,0.0
training,534,0.0005,0.0
training,535,0.0005,0.0
training,536,0.0005,0.0
training,537,0.0005,0.0
training,538,0.0005,0.0
training,539,0.0005,0.0
training,540,0.0005,0.0
training,541,0.0005,0.0
training,542,0.0005,0.0
training,543,0.0005,0.0
training,544,0.0005,0.0
training,545,0.0005,0.0
training,546,0.0005,0.0
training,547,0.0005,0.0
training,548,0.0005,0.0
training,549,0.0005,0.0
training,550,0.0005,0.0
training,551,0.0005,0.0
training,552,0.0005,0.0
training,553,0.0005,0.0
training,554,0.0005,0.0
training,555,0.0005,0.0
training,556,0.0005,0.0
training,557,0.0005,0.0
training,558,0.0005,0.0
training,559,0.0005,0.0
training,560,0.0005,0.0
training,561,0.0005,0.0
training,562,0.0005,0.0
training,563,0.0005,0.0
training,564,0.0005,0.0
training,565,0.0005,0.0
training,566,0.0005,0.0
training,567,0.0005,0.0
training,568,0.0005,0.0
training,569,0.0005,0.0
training,570,0.0005,0.0
training,571,0.0005,0.0
training,572,0.0005,0.0
training,573,0.0005,0.0
training,574,0.0005,0.0
training,575,0.0005,0.0
training,576,0.0005,0.0
training,577,0.0005,0.0
training,578,0.0005,0.0
training,579,0.0005,0.0
training,580,0.0005,0.0
training,581,0.0005,0.0
training,582,0.0005,0.0
training,583,0.0005,0.0
training,584,0.0005,0.0
training,585,0.0005,0.0
training,586,0.0005,0.0
training,587,0.0005,0.0
training,588,0.0005,0.0
training,589,0.0005,0.0
training,590,0.0005,0.0
training,591,0.0005,0.0
training,592,0.0005,0.0
training,593,0.0005,0.0
training,594,0.0005,0.0
training,595,0.0005,0.0
training,596,0.0005,0.0
training,597,0.0005,0.0
training,598,0.0005,0.0
training,599,0.0005,0.0
training,600,0.0005,0.0
training,601,0.0005,0.0
training,602,0.0005,0.0
training,603,0.0005,0.0
training,604,0.0005,0.0
training,605,0.0005,0.0
training,606,0.0005,0.0
training,607,0.0005,0.0
training,608,0.0005,0.0
training,609,0.0005,0.0
training,610,0.0005,0.0
training,611,0.0005,0.0
training,612,0.0005,0.0
training,613,0.0005,0.0
training,614,0.0005,0.0
training,615,0.0005,0.0
training,616,0.0005,0.0
training,617,0.0005,0.0
training,618,0.0005,0.0
training,619,0.0005,0.0
training,620,0.0005,0.0
training,621,0.0005,0.0
training,622,0.0005,0.0
training,623,0.0005,0.0
training,624,0.0005,0.0
training,625,0.0005,0.0
training,626,0.0005,0.0
training,627,0.0005,0.0
training,628,0.0005,0.0
training,629,0.0005,0.0
training,630,0.0005,0.0
training,631,0.0005,0.0
training,632,0.0005,0.0
training,633,0.0005,0.0
training,634,0.0005,0.0
training,635,0.0005,0.0
training,636,0.0005,0.0
training,637,0.0005,0.0
training,638,0.0005,0.0
training,639,0.0005,0.0
training,640,0.0005,0.0
training,641,0.0005,0.0
training,642,0.0005,0.0
training,643,0.0005,0.0
training,644,0.0005,0.0
training,645,0.0005,0.0
training,646,0.0005,0.0
training,647,0.0005,0.0
training,648,0.0005,0.0
training,649,0.0005,0.0
training,650,0.0005,0.0
training,651,0.0005,0.0
training,652,0.0005,0.0
training,653,0.0005,0.0
training,654,0.0005,0.0
training,655,0.0005,0.0
training,656,0.0005,0.0
training,657,0.0005,0.0
training,658,0.0005,0.0
training,659,0.0005,0.0
training,660,0.0005,0.0
training,661,0.0005,0.0
training,662,0.0005,0.0
training,663,0.0005,0.0
training,664,0.0005,0.0
training,665,0.0005,0.0
training,666,0.0005,0.0
training,667,0.0005,0.0
training,668,0.0005,0.0
training,669,0.0005,0.0
training,670,0.0005,0.0
training,671,0.0005,0.0
training,672,0.0005,0.0
training,673,0.0005,0.0
training,674,0.0005,0.0
training,675,0.0005,0.0
training,676,0.0005,0.0
training,677,0.0005,0.0
training,678,0.0005,0.0
training,679,0.0005,0.0
training,680,0.0005,0.0
training,681,0.0005,0.0
training,682,0.0005,0.0
training,683,0.0005,0.0
training,684,0.0005,0.0
training,685,0.0005,0.0
training,686,0.0005,0.0
training,687,0.0005,0.0
training,688,0.0005,0.0
training,689,0.0005,0.0
training,690,0.0005,0.0
training,691,0.0005,0.0
training,692,0.0005,0.0
training,693,0.0005,0.0
training,694,0.0005,0.0
training,695,0.0005,0.0
training,696,0.0005,0.0
training,697,0.0005,0.0
training,698,0.0005,0.0
training,699,0.0005,0.0
training,700,0.0005,0.0
training,701,0.0005,0.0
training,702,0.0005,0.0
training,703,0.0005,0.0
training,704,0.0005,0.0
training,705,0.0005,0.0
training,706,0.0005,0.0
training,707,0.0005,0.0
training,708,0.0005,0.0
training,709,0.0005,0.0
training,710,0.0005,0.0
training,711,0.0005,0.0
training,712,0.0005,0.0
training,713,0.0005,0.0
training,714,0.0005,0.0
training,715,0.0005,0.0
training,716,0.0005,0.0
training,717,0.0005,0.0
training,718,0.0005,0.0
training,719,0.0005,0.0
training,720,0.0005,0.0
training,721,0.0005,0.0
training,722,0.0005,0.0
training,723,0.0005,0.0
training,724,0.0005,0.0
training,725,0.0005,0.0
training,726,0.0005,0.0
training,727,0.0005,0.0
training,728,0.0005,0.0
training,729,0.0005,0.0
training,730,0.0005,0.0
training,731,0.0005,0.0
training,732,0.0005,0.0
training,733,0.0005,0.0
training,734,0.0005,0.0
training,735,0.0005,0.0
training,736,0.0005,0.0
training,737,0.0005,0.0
training,738,0.0005,0.0
training,739,0.0005,0.0
training,740,0.0005,0.0
training,741,0.0005,0.0
training,742,0.0005,0.0
training,743,0.0005,0.0
training,744,0.0005,0.0
training,745,0.0005,0.0
training,746,0.0005,0.0
training,747,0.0005,0.0
training,748,0.0005,0.0
training,749,0.0005,0.0
training,750,0.0005,0.0
training,751,0.0005,0.0
training,752,0.0005,0.0
training,753,0.0005,0.0
training,754,0.0005,0.0
training,755,0.0005,0.0
training,756,0.0005,0.0
training,757,0.0005,0.0
training,758,0.0005,0.0
training,759,0.0005,787.815
training,760,0.0005,0.0
training,761,0.0005,0.0
training,762,0.0005,0.0
training,763,0.0005,0.0
training,764,0.0005,0.0
training,765,0.0005,0.0
training,766,0.0005,0.0
training,767,0.0005,0.0
training,768,0.0005,0.0
training,769,0.0005,0.0
training,770,0.0005,0.0
training,771,0.0005,0.0
training,772,0.0005,0.0
training,773,0.0005,0.0
training,774,0.0005,0.0
training,775,0.0005,0.0
training,776,0.0005,0.0
training,777,0.0005,0.0
training,778,0.0005,0.0
training,779,0.0005,0.0
training,780,0.0005,0.0
training,781,0.0005,0.0
training,782,0.0005,0.0
training,783,0.0005,0.0
training,784,0.0005,0.0
training,785,0.0005,0.0
training,786,0.0005,0.0
training,787,0.0005,0.0
training,788,0.0005,0.0
training,789,0.0005,0.0
training,790,0.0005,0.0
training,791,0.0005,0.0
training,792,0.0005,0.0
training,793,0.0005,0.0
training,794,0.0005,0.0
training,795,0.0005,0.0
training,796,0.0005,0.0
training,797,0.0005,0.0
training,798,0.0005,0.0
training,799,0.0005,0.0
training,800,0.0005,0.0
training,801,0.0005,0.0
training,802,0.0005,0.0
training,803,0.0005,0.0
training,804,0.0005,0.0
training,805,0.0005,0.0
training,806,0.0005,0.0
training,807,0.0005,0.0
training,808,0.0005,0.0
training,809,0.0005,0.0
training,810,0.0005,0.0
training,811,0.0005,0.0
training,812,0.0005,0.0
training,813,0.0005,0.0
training,814,0.0005,0.0
training,815,0.0005,0.0
training,816,0.0005,0.0
training,817,0.0005,0.0
training,818,0.0005,0.0
training,819,0.0005,0.0
training,820,0.0005,0.0
training,821,0.0005,0.0
training,822,0.0005,0.0
training,823,0.0005,0.0
training,824,0.0005,0.0
training,825,0.0005,0.0
training,826,0.0005,0.0
training,827,0.0005,0.0
training,828,0.0005,0.0
training,829,0.0005,0.0
training,830,0.0005,0.0
training,831,0.0005,0.0
training,832,0.0005,0.0
training,833,0.0005,0.0
training,834,0.0005,0.0
training,835,0.0005,0.0
training,836,0.0005,0.0
training,837,0.0005,0.0
training,838,0.0005,0.0
training,839,0.0005,0.0
training,840,0.0005,0.0
training,841,0.0005,0.0
training,842,0.0005,0.0
training,843,0.0005,0.0
training,844,0.0005,0.0
training,845,0.0005,0.0
training,846,0.0005,0.0
training,847,0.0005,0.0
training,848,0.0005,0.0
training,849,0.0005,0.0
training,850,0.0005,0.0
training,851,0.0005,0.0
training,852,0.0005,0.0
training,853,0.0005,0.0
training,854,0.0005,0.0
training,855,0.0005,0.0
training,856,0.0005,0.0
training,857,0.0005,0.0
training,858,0.0005,0.0
training,859,0.0005,0.0
training,860,0.0005,0.0
training,861,0.0005,0.0
training,862,0.0005,0.0
training,863,0.0005,0.0
training,864,0.0005,0.0
training,865,0.0005,0.0
training,866,0.0005,0.0
training,867,0.0005,0.0
training,868,0.0005,0.0
training,869,0.0005,0.0
training,870,0.0005,0.0
training,871,0.0005,0.0
training,872,0.0005,0.0
training,873,0.0005,0.0
training,874,0.0005,0.0
training,875,0.0005,0.0
training,876,0.0005,0.0
training,877,0.0005,0.0
training,878,0.0005,0.0
training,879,0.0005,0.0
training,880,0.0005,0.0
training,881,0.0005,0.0
training,882,0.0005,0.0
training,883,0.0005,0.0
training,884,0.0005,0.0
training,885,0.0005,0.0
training,886,0.0005,0.0
training,887,0.0005,0.0
training,888,0.0005,0.0
training,889,0.0005,0.0
training,890,0.0005,0.0
training,891,0.0005,0.0
training,892,0.0005,0.0
training,893,0.0005,0.0
training,894,0.0005,0.0
training,895,0.0005,0.0
training,896,0.0005,0.0
training,897,0.0005,0.0
training,898,0.0005,0.0
training,899,0.0005,0.0
training,900,0.0005,0.0
training,901,0.0005,0.0
training,902,0.0005,0.0
training,903,0.0005,0.0
training,904,0.0005,0.0
training,905,0.0005,0.0
training,906,0.0005,0.0
training,907,0.0005,0.0
training,908,0.0005,0.0
training,909,0.0005,0.0
training,910,0.0005,0.0
training,911,0.0005,0.0
training,912,0.0005,0.0
training,913,0.0005,0.0
training,914,0.0005,0.0
training,915,0.0005,0.0
training,916,0.0005,0.0
training,917,0.0005,0.0
training,918,0.0005,0.0
training,919,0.0005,0.0
training,920,0.0005,0.0
training,921,0.0005,0.0
training,922,0.0005,0.0
training,923,0.0005,0.0
training,924,0.0005,0.0
training,925,0.0005,0.0
training,926,0.0005,0.0
training,927,0.0005,0.0
training,928,0.0005,0.0
training,929,0.0005,0.0
training,930,0.0005,0.0
training,931,0.0005,382.8177777444446
training,932,0.0005,0.0
training,933,0.0005,0.0
training,934,0.0005,0.0
training,935,0.0005,0.0
training,936,0.0005,0.0
training,937,0.0005,0.0
training,938,0.0005,0.0
training,939,0.0005,0.0
training,940,0.0005,0.0
training,941,0.0005,0.0
training,942,0.0005,0.0
training,943,0.0005,0.0
training,944,0.0005,0.0
training,945,0.0005,0.0
training,946,0.0005,0.0
training,947,0.0005,0.0
training,948,0.0005,0.0
training,949,0.0005,0.0
training,950,0.0005,0.0
training,951,0.0005,0.0
training,952,0.0005,0.0
training,953,0.0005,0.0
training,954,0.0005,0.0
training,955,0.0005,0.0
training,956,0.0005,0.0
training,957,0.0005,0.0
training,958,0.0005,0.0
training,959,0.0005,0.0
training,960,0.0005,0.0
training,961,0.0005,0.0
training,962,0.0005,0.0
training,963,0.0005,0.0
training,964,0.0005,0.0
training,965,0.0005,0.0
training,966,0.0005,0.0
training,967,0.0005,0.0
training,968,0.0005,0.0
training,969,0.0005,0.0
training,970,0.0005,0.0
training,971,0.0005,0.0
training,972,0.0005,0.0
training,973,0.0005,0.0
training,974,0.0005,0.0
training,975,0.0005,0.0
training,976,0.0005,0.0
training,977,0.0005,0.0
training,978,0.0005,0.0
training,979,0.0005,0.0
training,980,0.0005,0.0
training,981,0.0005,0.0
training,982,0.0005,0.0
training,983,0.0005,0.0
training,984,0.0005,0.0
training,985,0.0005,0.0
training,986,0.0005,0.0
training,987,0.0005,0.0
training,988,0.0005,0.0
training,989,0.0005,0.0
training,990,0.0005,1396.117777777778
training,991,0.0005,0.0
training,992,0.0005,0.0
training,993,0.0005,0.0
training,994,0.0005,0.0
training,995,0.0005,0.0
training,996,0.0005,0.0
training,997,0.0005,0.0
training,998,0.0005,0.0
training,999,0.0005,0.0
training,1000,0.0005,0.0
training,1001,0.0005,0.0
training,1002,0.0005,0.0
training,1003,0.0005,0.0
training,1004,0.0005,0.0
training,1005,0.0005,0.0
training,1006,0.0005,0.0
training,1007,0.0005,0.0
training,1008,0.0005,0.0
training,1009,0.0005,0.0
training,1010,0.0005,0.0
training,1011,0.0005,0.0
training,1012,0.0005,0.0
training,1013,0.0005,0.0
training,1014,0.0005,0.0
training,1015,0.0005,0.0
training,1016,0.0005,0.0
training,1017,0.0005,0.0
training,1018,0.0005,0.0
training,1019,0.0005,0.0
training,1020,0.0005,0.0
training,1021,0.0005,0.0
training,1022,0.0005,0.0
training,1023,0.0005,0.0
training,1024,0.0005,0.0
training,1025,0.0005,0.0
training,1026,0.0005,0.0
training,1027,0.0005,0.0
training,1028,0.0005,0.0
training,1029,0.0005,0.0
training,1030,0.0005,0.0
training,1031,0.0005,0.0
training,1032,0.0005,0.0
training,1033,0.0005,0.0
training,1034,0.0005,0.0
training,1035,0.0005,0.0
training,1036,0.0005,0.0
training,1037,0.0005,0.0
training,1038,0.0005,0.0
training,1039,0.0005,0.0
training,1040,0.0005,0.0
training,1041,0.0005,0.0
training,1042,0.0005,0.0
training,1043,0.0005,0.0
training,1044,0.0005,0.0
training,1045,0.0005,0.0
training,1046,0.0005,0.0
training,1047,0.0005,0.0
training,1048,0.0005,0.0
training,1049,0.0005,0.0
training,1050,0.0005,0.0
training,1051,0.0005,0.0
training,1052,0.0005,0.0
training,1053,0.0005,0.0
training,1054,0.0005,0.0
training,1055,0.0005,0.0
training,1056,0.0005,0.0
training,1057,0.0005,0.0
training,1058,0.0005,0.0
training,1059,0.0005,0.0
training,1060,0.0005,0.0
training,1061,0.0005,0.0
training,1062,0.0005,0.0
training,1063,0.0005,0.0
training,1064,0.0005,0.0
training,1065,0.0005,0.0
training,1066,0.0005,0.0
training,1067,0.0005,0.0
training,1068,0.0005,0.0
training,1069,0.0005,0.0
training,1070,0.0005,0.0
training,1071,0.0005,0.0
training,1072,0.0005,0.0
training,1073,0.0005,0.0
training,1074,0.0005,0.0
training,1075,0.0005,0.0
training,1076,0.0005,0.0
training,1077,0.0005,0.0
training,1078,0.0005,0.0
training,1079,0.0005,0.0
training,1080,0.0005,0.0
training,1081,0.0005,0.0
training,1082,0.0005,0.0
training,1083,0.0005,0.0
training,1084,0.0005,0.0
training,1085,0.0005,0.0
training,1086,0.0005,0.0
training,1087,0.0005,0.0
training,1088,0.0005,0.0
training,1089,0.0005,0.0
training,1090,0.0005,0.0
training,1091,0.0005,0.0
training,1092,0.0005,0.0
training,1093,0.0005,0.0
training,1094,0.0005,0.0
training,1095,0.0005,0.0
training,1096,0.0005,0.0
training,1097,0.0005,0.0
training,1098,0.0005,0.0
training,1099,0.0005,0.0
training,1100,0.0005,0.0
training,1101,0.0005,0.0
training,1102,0.0005,0.0
training,1103,0.0005,0.0
training,1104,0.0005,0.0
training,1105,0.0005,0.0
training,1106,0.0005,0.0
training,1107,0.0005,0.0
training,1108,0.0005,0.0
training,1109,0.0005,0.0
training,1110,0.0005,0.0
training,1111,0.0005,0.0
training,1112,0.0005,0.0
training,1113,0.0005,0.0
training,1114,0.0005,0.0
training,1115,0.0005,0.0
training,1116,0.0005,0.0
training,1117,0.0005,0.0
training,1118,0.0005,0.0
training,1119,0.0005,0.0
training,1120,0.0005,0.0
training,1121,0.0005,0.0
training,1122,0.0005,0.0
training,1123,0.0005,0.0
training,1124,0.0005,0.0
training,1125,0.0005,0.0
training,1126,0.0005,0.0
training,1127,0.0005,0.0
training,1128,0.0005,0.0
training,1129,0.0005,0.0
training,1130,0.0005,0.0
training,1131,0.0005,0.0
training,1132,0.0005,0.0
training,1133,0.0005,0.0
training,1134,0.0005,0.0
training,1135,0.0005,0.0
training,1136,0.0005,0.0
training,1137,0.0005,0.0
training,1138,0.0005,0.0
training,1139,0.0005,0.0
training,1140,0.0005,0.0
training,1141,0.0005,0.0
training,1142,0.0005,0.0
training,1143,0.0005,0.0
training,1144,0.0005,0.0
training,1145,0.0005,0.0
training,1146,0.0005,0.0
training,1147,0.0005,0.0
training,1148,0.0005,0.0
training,1149,0.0005,0.0
training,1150,0.0005,0.0
training,1151,0.0005,0.0
training,1152,0.0005,0.0
training,1153,0.0005,0.0
training,1154,0.0005,0.0
training,1155,0.0005,0.0
training,1156,0.0005,0.0
training,1157,0.0005,0.0
training,1158,0.0005,0.0
training,1159,0.0005,0.0
training,1160,0.0005,0.0
training,1161,0.0005,0.0
training,1162,0.0005,0.0
training,1163,0.0005,0.0
training,1164,0.0005,0.0
training,1165,0.0005,0.0
training,1166,0.0005,0.0
training,1167,0.0005,0.0
training,1168,0.0005,0.0
training,1169,0.0005,0.0
training,1170,0.0005,0.0
training,1171,0.0005,0.0
training,1172,0.0005,0.0
training,1173,0.0005,0.0
training,1174,0.0005,713.2288888888893
training,1175,0.0005,0.0
training,1176,0.0005,0.0
training,1177,0.0005,0.0
training,1178,0.0005,0.0
training,1179,0.0005,0.0
training,1180,0.0005,0.0
training,1181,0.0005,0.0
training,1182,0.0005,0.0
training,1183,0.0005,0.0
training,1184,0.0005,0.0
training,1185,0.0005,0.0
training,1186,0.0005,0.0
training,1187,0.0005,0.0
training,1188,0.0005,0.0
training,1189,0.0005,0.0
training,1190,0.0005,0.0
training,1191,0.0005,0.0
training,1192,0.0005,0.0
training,1193,0.0005,0.0
training,1194,0.0005,0.0
training,1195,0.0005,0.0
training,1196,0.0005,0.0
training,1197,0.0005,0.0
training,1198,0.0005,0.0
training,1199,0.0005,0.0
training,1200,0.0005,0.0
training,1201,0.0005,0.0
training,1202,0.0005,0.0
training,1203,0.0005,0.0
training,1204,0.0005,0.0
training,1205,0.0005,0.0
training,1206,0.0005,0.0
training,1207,0.0005,0.0
training,1208,0.0005,0.0
training,1209,0.0005,0.0
training,1210,0.0005,0.0
training,1211,0.0005,0.0
training,1212,0.0005,0.0
training,1213,0.0005,0.0
training,1214,0.0005,0.0
training,1215,0.0005,0.0
training,1216,0.0005,0.0
training,1217,0.0005,0.0
training,1218,0.0005,0.0
training,1219,0.0005,0.0
training,1220,0.0005,0.0
training,1221,0.0005,0.0
training,1222,0.0005,1058.9222222222224
training,1223,0.0005,0.0
training,1224,0.0005,0.0
training,1225,0.0005,0.0
training,1226,0.0005,0.0
training,1227,0.0005,0.0
training,1228,0.0005,0.0
training,1229,0.0005,0.0
training,1230,0.0005,0.0
training,1231,0.0005,0.0
training,1232,0.0005,0.0
training,1233,0.0005,0.0
training,1234,0.0005,0.0
training,1235,0.0005,0.0
training,1236,0.0005,0.0
training,1237,0.0005,0.0
training,1238,0.0005,0.0
training,1239,0.0005,0.0
training,1240,0.0005,0.0
training,1241,0.0005,0.0
training,1242,0.0005,0.0
training,1243,0.0005,0.0
training,1244,0.0005,0.0
training,1245,0.0005,0.0
training,1246,0.0005,0.0
training,1247,0.0005,0.0
training,1248,0.0005,0.0
training,1249,0.0005,0.0
training,1250,0.0005,0.0
training,1251,0.0005,0.0
training,1252,0.0005,0.0
training,1253,0.0005,0.0
training,1254,0.0005,0.0
training,1255,0.0005,0.0
training,1256,0.0005,0.0
training,1257,0.0005,0.0
training,1258,0.0005,0.0
training,1259,0.0005,0.0
training,1260,0.0005,0.0
training,1261,0.0005,0.0
training,1262,0.0005,0.0
training,1263,0.0005,0.0
training,1264,0.0005,0.0
training,1265,0.0005,0.0
training,1266,0.0005,0.0
training,1267,0.0005,0.0
training,1268,0.0005,0.0
training,1269,0.0005,0.0
training,1270,0.0005,0.0
training,1271,0.0005,0.0
training,1272,0.0005,0.0
training,1273,0.0005,0.0
training,1274,0.0005,0.0
training,1275,0.0005,0.0
training,1276,0.0005,0.0
training,1277,0.0005,0.0
training,1278,0.0005,0.0
training,1279,0.0005,0.0
training,1280,0.0005,0.0
training,1281,0.0005,0.0
training,1282,0.0005,0.0
training,1283,0.0005,0.0
training,1284,0.0005,0.0
training,1285,0.0005,0.0
training,1286,0.0005,0.0
training,1287,0.0005,0.0
training,1288,0.0005,0.0
training,1289,0.0005,0.0
training,1290,0.0005,0.0
training,1291,0.0005,0.0
training,1292,0.0005,0.0
training,1293,0.0005,0.0
training,1294,0.0005,0.0
training,1295,0.0005,0.0
training,1296,0.0005,0.0
training,1297,0.0005,0.0
training,1298,0.0005,0.0
training,1299,0.0005,0.0
training,1300,0.0005,0.0
training,1301,0.0005,0.0
training,1302,0.0005,0.0
training,1303,0.0005,0.0
training,1304,0.0005,0.0
training,1305,0.0005,0.0
training,1306,0.0005,0.0
training,1307,0.0005,0.0
training,1308,0.0005,0.0
training,1309,0.0005,0.0
training,1310,0.0005,0.0
training,1311,0.0005,0.0
training,1312,0.0005,0.0
training,1313,0.0005,0.0
training,1314,0.0005,0.0
training,1315,0.0005,0.0
training,1316,0.0005,0.0
training,1317,0.0005,0.0
training,1318,0.0005,0.0
training,1319,0.0005,0.0
training,1320,0.0005,0.0
training,1321,0.0005,0.0
training,1322,0.0005,0.0
training,1323,0.0005,0.0
training,1324,0.0005,0.0
training,1325,0.0005,0.0
training,1326,0.0005,0.0
training,1327,0.0005,0.0
training,1328,0.0005,0.0
training,1329,0.0005,0.0
training,1330,0.0005,0.0
training,1331,0.0005,0.0
training,1332,0.0005,0.0
training,1333,0.0005,0.0
training,1334,0.0005,0.0
training,1335,0.0005,0.0
training,1336,0.0005,0.0
training,1337,0.0005,0.0
training,1338,0.0005,0.0
training,1339,0.0005,2499.7666666
training,1340,0.0005,0.0
training,1341,0.0005,0.0
training,1342,0.0005,0.0
training,1343,0.0005,0.0
training,1344,0.0005,0.0
training,1345,0.0005,0.0
training,1346,0.0005,0.0
training,1347,0.0005,0.0
training,1348,0.0005,0.0
training,1349,0.0005,0.0
training,1350,0.0005,0.0
training,1351,0.0005,0.0
training,1352,0.0005,0.0
training,1353,0.0005,0.0
training,1354,0.0005,0.0
training,1355,0.0005,0.0
training,1356,0.0005,0.0
training,1357,0.0005,0.0
training,1358,0.0005,0.0
training,1359,0.0005,0.0
training,1360,0.0005,0.0
training,1361,0.0005,0.0
training,1362,0.0005,0.0
training,1363,0.0005,0.0
training,1364,0.0005,0.0
training,1365,0.0005,0.0
training,1366,0.0005,0.0
training,1367,0.0005,0.0
training,1368,0.0005,0.0
training,1369,0.0005,0.0
training,1370,0.0005,0.0
training,1371,0.0005,0.0
training,1372,0.0005,0.0
training,1373,0.0005,0.0
training,1374,0.0005,0.0
training,1375,0.0005,0.0
training,1376,0.0005,0.0
training,1377,0.0005,0.0
training,1378,0.0005,0.0
training,1379,0.0005,0.0
training,1380,0.0005,0.0
training,1381,0.0005,0.0
training,1382,0.0005,0.0
training,1383,0.0005,0.0
training,1384,0.0005,0.0
training,1385,0.0005,0.0
training,1386,0.0005,0.0
training,1387,0.0005,0.0
training,1388,0.0005,0.0
training,1389,0.0005,0.0
training,1390,0.0005,0.0
training,1391,0.0005,0.0
training,1392,0.0005,0.0
training,1393,0.0005,0.0
training,1394,0.0005,0.0
training,1395,0.0005,0.0
training,1396,0.0005,0.0
training,1397,0.0005,0.0
training,1398,0.0005,0.0
training,1399,0.0005,0.0
training,1400,0.0005,0.0
training,1401,0.0005,0.0
training,1402,0.0005,0.0
training,1403,0.0005,0.0
training,1404,0.0005,0.0
training,1405,0.0005,0.0
training,1406,0.0005,0.0
training,1407,0.0005,0.0
training,1408,0.0005,0.0
training,1409,0.0005,0.0
training,1410,0.0005,0.0
training,1411,0.0005,0.0
training,1412,0.0005,0.0
training,1413,0.0005,0.0
training,1414,0.0005,0.0
training,1415,0.0005,0.0
training,1416,0.0005,0.0
training,1417,0.0005,0.0
training,1418,0.0005,0.0
training,1419,0.0005,0.0
training,1420,0.0005,0.0
training,1421,0.0005,0.0
training,1422,0.0005,0.0
training,1423,0.0005,0.0
training,1424,0.0005,0.0
training,1425,0.0005,0.0
training,1426,0.0005,0.0
training,1427,0.0005,0.0
training,1428,0.0005,0.0
training,1429,0.0005,0.0
training,1430,0.0005,0.0
training,1431,0.0005,0.0
training,1432,0.0005,0.0
training,1433,0.0005,0.0
training,1434,0.0005,0.0
training,1435,0.0005,0.0
training,1436,0.0005,0.0
training,1437,0.0005,0.0
training,1438,0.0005,0.0
training,1439,0.0005,0.0
training,1440,0.0005,0.0
training,1441,0.0005,0.0
training,1442,0.0005,0.0
training,1443,0.0005,0.0
training,1444,0.0005,0.0
training,1445,0.0005,0.0
training,1446,0.0005,0.0
training,1447,0.0005,0.0
training,1448,0.0005,0.0
training,1449,0.0005,0.0
training,1450,0.0005,0.0
training,1451,0.0005,0.0
training,1452,0.0005,0.0
training,1453,0.0005,0.0
training,1454,0.0005,0.0
training,1455,0.0005,0.0
training,1456,0.0005,0.0
training,1457,0.0005,0.0
training,1458,0.0005,0.0
training,1459,0.0005,0.0
training,1460,0.0005,0.0
training,1461,0.0005,0.0
training,1462,0.0005,0.0
training,1463,0.0005,0.0
training,1464,0.0005,0.0
training,1465,0.0005,0.0
training,1466,0.0005,0.0
training,1467,0.0005,0.0
training,1468,0.0005,0.0
training,1469,0.0005,0.0
training,1470,0.0005,0.0
training,1471,0.0005,0.0
training,1472,0.0005,0.0
training,1473,0.0005,0.0
training,1474,0.0005,0.0
training,1475,0.0005,0.0
training,1476,0.0005,0.0
training,1477,0.0005,0.0
training,1478,0.0005,0.0
training,1479,0.0005,0.0
training,1480,0.0005,0.0
training,1481,0.0005,0.0
training,1482,0.0005,0.0
training,1483,0.0005,0.0
training,1484,0.0005,0.0
training,1485,0.0005,0.0
training,1486,0.0005,0.0
training,1487,0.0005,0.0
training,1488,0.0005,0.0
training,1489,0.0005,0.0
training,1490,0.0005,0.0
training,1491,0.0005,0.0
training,1492,0.0005,0.0
training,1493,0.0005,0.0
training,1494,0.0005,0.0
training,1495,0.0005,0.0
training,1496,0.0005,0.0
training,1497,0.0005,0.0
training,1498,0.0005,0.0
training,1499,0.0005,0.0
training,1500,0.0005,0.0
training,1501,0.0005,0.0
training,1502,0.0005,0.0
training,1503,0.0005,0.0
training,1504,0.0005,0.0
training,1505,0.0005,0.0
training,1506,0.0005,0.0
training,1507,0.0005,0.0
training,1508,0.0005,0.0
training,1509,0.0005,0.0
training,1510,0.0005,0.0
training,1511,0.0005,0.0
training,1512,0.0005,0.0
training,1513,0.0005,0.0
training,1514,0.0005,0.0
training,1515,0.0005,0.0
training,1516,0.0005,235.41111111111107
training,1517,0.0005,0.0
training,1518,0.0005,0.0
training,1519,0.0005,0.0
training,1520,0.0005,0.0
training,1521,0.0005,0.0
training,1522,0.0005,0.0
training,1523,0.0005,0.0
training,1524,0.0005,0.0
training,1525,0.0005,0.0
training,1526,0.0005,0.0
training,1527,0.0005,0.0
training,1528,0.0005,0.0
training,1529,0.0005,0.0
training,1530,0.0005,0.0
training,1531,0.0005,0.0
training,1532,0.0005,0.0
training,1533,0.0005,0.0
training,1534,0.0005,0.0
training,1535,0.0005,0.0
training,1536,0.0005,0.0
training,1537,0.0005,0.0
training,1538,0.0005,0.0
training,1539,0.0005,0.0
training,1540,0.0005,0.0
training,1541,0.0005,0.0
training,1542,0.0005,0.0
training,1543,0.0005,0.0
training,1544,0.0005,0.0
training,1545,0.0005,0.0
training,1546,0.0005,0.0
training,1547,0.0005,0.0
training,1548,0.0005,0.0
training,1549,0.0005,0.0
training,1550,0.0005,0.0
training,1551,0.0005,0.0
training,1552,0.0005,0.0
training,1553,0.0005,0.0
training,1554,0.0005,0.0
training,1555,0.0005,0.0
training,1556,0.0005,0.0
training,1557,0.0005,0.0
training,1558,0.0005,0.0
training,1559,0.0005,0.0
training,1560,0.0005,0.0
training,1561,0.0005,0.0
training,1562,0.0005,0.0
training,1563,0.0005,0.0
training,1564,0.0005,0.0
training,1565,0.0005,0.0
training,1566,0.0005,0.0
training,1567,0.0005,0.0
training,1568,0.0005,0.0
training,1569,0.0005,0.0
training,1570,0.0005,0.0
training,1571,0.0005,0.0
training,1572,0.0005,0.0
training,1573,0.0005,0.0
training,1574,0.0005,0.0
training,1575,0.0005,0.0
training,1576,0.0005,0.0
training,1577,0.0005,0.0
training,1578,0.0005,0.0
training,1579,0.0005,0.0
training,1580,0.0005,0.0
training,1581,0.0005,0.0
training,1582,0.0005,0.0
training,1583,0.0005,0.0
training,1584,0.0005,0.0
training,1585,0.0005,0.0
training,1586,0.0005,0.0
training,1587,0.0005,0.0
training,1588,0.0005,0.0
training,1589,0.0005,0.0
training,1590,0.0005,0.0
training,1591,0.0005,0.0
training,1592,0.0005,0.0
training,1593,0.0005,0.0
training,1594,0.0005,0.0
training,1595,0.0005,0.0
training,1596,0.0005,0.0
training,1597,0.0005,0.0
training,1598,0.0005,0.0
training,1599,0.0005,0.0
training,1600,0.0005,0.0
training,1601,0.0005,0.0
training,1602,0.0005,0.0
training,1603,0.0005,0.0
training,1604,0.0005,0.0
training,1605,0.0005,0.0
training,1606,0.0005,0.0
training,1607,0.0005,0.0
training,1608,0.0005,0.0
training,1609,0.0005,0.0
training,1610,0.0005,0.0
training,1611,0.0005,0.0
training,1612,0.0005,0.0
training,1613,0.0005,0.0
training,1614,0.0005,0.0
training,1615,0.0005,0.0
training,1616,0.0005,0.0
training,1617,0.0005,0.0
training,1618,0.0005,0.0
training,1619,0.0005,0.0
training,1620,0.0005,0.0
training,1621,0.0005,0.0
training,1622,0.0005,0.0
training,1623,0.0005,0.0
training,1624,0.0005,0.0
training,1625,0.0005,0.0
training,1626,0.0005,0.0
training,1627,0.0005,0.0
training,1628,0.0005,0.0
training,1629,0.0005,0.0
training,1630,0.0005,0.0
training,1631,0.0005,0.0
training,1632,0.0005,0.0
training,1633,0.0005,0.0
training,1634,0.0005,0.0
training,1635,0.0005,0.0
training,1636,0.0005,0.0
training,1637,0.0005,0.0
training,1638,0.0005,0.0
training,1639,0.0005,0.0
training,1640,0.0005,0.0
training,1641,0.0005,0.0
training,1642,0.0005,0.0
training,1643,0.0005,0.0
training,1644,0.0005,0.0
training,1645,0.0005,0.0
training,1646,0.0005,0.0
training,1647,0.0005,0.0
training,1648,0.0005,0.0
training,1649,0.0005,0.0
training,1650,0.0005,0.0
training,1651,0.0005,0.0
training,1652,0.0005,0.0
training,1653,0.0005,0.0
training,1654,0.0005,0.0
training,1655,0.0005,0.0
training,1656,0.0005,0.0
training,1657,0.0005,0.0
training,1658,0.0005,0.0
training,1659,0.0005,0.0
training,1660,0.0005,0.0
training,1661,0.0005,0.0
training,1662,0.0005,0.0
training,1663,0.0005,0.0
training,1664,0.0005,0.0
training,1665,0.0005,0.0
training,1666,0.0005,0.0
training,1667,0.0005,0.0
training,1668,0.0005,0.0
training,1669,0.0005,0.0
training,1670,0.0005,0.0
training,1671,0.0005,0.0
training,1672,0.0005,0.0
training,1673,0.0005,0.0
training,1674,0.0005,0.0
training,1675,0.0005,0.0
training,1676,0.0005,0.0
training,1677,0.0005,0.0
training,1678,0.0005,4464.638333299999
training,1679,0.0005,0.0
training,1680,0.0005,0.0
training,1681,0.0005,0.0
training,1682,0.0005,0.0
training,1683,0.0005,0.0
training,1684,0.0005,0.0
training,1685,0.0005,0.0
training,1686,0.0005,0.0
training,1687,0.0005,0.0
training,1688,0.0005,0.0
training,1689,0.0005,0.0
training,1690,0.0005,0.0
training,1691,0.0005,0.0
training,1692,0.0005,0.0
training,1693,0.0005,0.0
training,1694,0.0005,0.0
training,1695,0.0005,0.0
training,1696,0.0005,0.0
training,1697,0.0005,0.0
training,1698,0.0005,0.0
training,1699,0.0005,0.0
training,1700,0.0005,0.0
training,1701,0.0005,0.0
training,1702,0.0005,0.0
training,1703,0.0005,0.0
training,1704,0.0005,0.0
training,1705,0.0005,0.0
training,1706,0.0005,0.0
training,1707,0.0005,0.0
training,1708,0.0005,0.0
training,1709,0.0005,0.0
training,1710,0.0005,0.0
training,1711,0.0005,0.0
training,1712,0.0005,0.0
training,1713,0.0005,0.0
training,1714,0.0005,0.0
training,1715,0.0005,0.0
training,1716,0.0005,0.0
training,1717,0.0005,0.0
training,1718,0.0005,0.0
training,1719,0.0005,0.0
training,1720,0.0005,0.0
training,1721,0.0005,0.0
training,1722,0.0005,0.0
training,1723,0.0005,0.0
training,1724,0.0005,0.0
training,1725,0.0005,0.0
training,1726,0.0005,0.0
training,1727,0.0005,0.0
training,1728,0.0005,0.0
training,1729,0.0005,0.0
training,1730,0.0005,0.0
training,1731,0.0005,0.0
training,1732,0.0005,0.0
training,1733,0.0005,0.0
training,1734,0.0005,0.0
training,1735,0.0005,0.0
training,1736,0.0005,0.0
training,1737,0.0005,0.0
training,1738,0.0005,0.0
training,1739,0.0005,0.0
training,1740,0.0005,0.0
training,1741,0.0005,0.0
training,1742,0.0005,0.0
training,1743,0.0005,0.0
training,1744,0.0005,0.0
training,1745,0.0005,0.0
training,1746,0.0005,0.0
training,1747,0.0005,0.0
training,1748,0.0005,0.0
training,1749,0.0005,0.0
training,1750,0.0005,0.0
training,1751,0.0005,0.0
training,1752,0.0005,0.0
training,1753,0.0005,0.0
training,1754,0.0005,0.0
training,1755,0.0005,0.0
training,1756,0.0005,0.0
training,1757,0.0005,0.0
training,1758,0.0005,0.0
training,1759,0.0005,0.0
training,1760,0.0005,0.0
training,1761,0.0005,0.0
training,1762,0.0005,0.0
training,1763,0.0005,0.0
training,1764,0.0005,0.0
training,1765,0.0005,0.0
training,1766,0.0005,0.0
training,1767,0.0005,0.0
training,1768,0.0005,0.0
training,1769,0.0005,0.0
training,1770,0.0005,0.0
training,1771,0.0005,0.0
training,1772,0.0005,0.0
training,1773,0.0005,0.0
training,1774,0.0005,0.0
training,1775,0.0005,0.0
training,1776,0.0005,0.0
training,1777,0.0005,0.0
training,1778,0.0005,0.0
training,1779,0.0005,0.0
training,1780,0.0005,0.0
training,1781,0.0005,0.0
training,1782,0.0005,0.0
training,1783,0.0005,0.0
training,1784,0.0005,0.0
training,1785,0.0005,0.0
training,1786,0.0005,0.0
training,1787,0.0005,0.0
training,1788,0.0005,0.0
training,1789,0.0005,0.0
training,1790,0.0005,0.0
training,1791,0.0005,0.0
training,1792,0.0005,0.0
training,1793,0.0005,0.0
training,1794,0.0005,0.0
training,1795,0.0005,0.0
training,1796,0.0005,0.0
training,1797,0.0005,0.0
training,1798,0.0005,0.0
training,1799,0.0005,0.0
training,1800,0.0005,0.0
training,1801,0.0005,0.0
training,1802,0.0005,0.0
training,1803,0.0005,0.0
training,1804,0.0005,0.0
training,1805,0.0005,0.0
training,1806,0.0005,0.0
training,1807,0.0005,0.0
training,1808,0.0005,0.0
training,1809,0.0005,0.0
training,1810,0.0005,0.0
training,1811,0.0005,0.0
training,1812,0.0005,0.0
training,1813,0.0005,0.0
training,1814,0.0005,0.0
training,1815,0.0005,0.0
training,1816,0.0005,0.0
training,1817,0.0005,0.0
training,1818,0.0005,0.0
training,1819,0.0005,0.0
training,1820,0.0005,0.0
training,1821,0.0005,0.0
training,1822,0.0005,0.0
training,1823,0.0005,0.0
training,1824,0.0005,0.0
training,1825,0.0005,0.0
training,1826,0.0005,0.0
training,1827,0.0005,0.0
training,1828,0.0005,0.0
training,1829,0.0005,0.0
training,1830,0.0005,0.0
training,1831,0.0005,0.0
training,1832,0.0005,0.0
training,1833,0.0005,0.0
training,1834,0.0005,0.0
training,1835,0.0005,0.0
training,1836,0.0005,0.0
training,1837,0.0005,0.0
training,1838,0.0005,0.0
training,1839,0.0005,0.0
training,1840,0.0005,0.0
training,1841,0.0005,0.0
training,1842,0.0005,0.0
training,1843,0.0005,0.0
training,1844,0.0005,0.0
training,1845,0.0005,0.0
training,1846,0.0005,0.0
training,1847,0.0005,0.0
training,1848,0.0005,0.0
training,1849,0.0005,0.0
training,1850,0.0005,0.0
training,1851,0.0005,0.0
training,1852,0.0005,0.0
training,1853,0.0005,0.0
training,1854,0.0005,0.0
training,1855,0.0005,0.0
training,1856,0.0005,0.0
training,1857,0.0005,0.0
training,1858,0.0005,0.0
training,1859,0.0005,0.0
training,1860,0.0005,0.0
training,1861,0.0005,0.0
training,1862,0.0005,0.0
training,1863,0.0005,0.0
training,1864,0.0005,0.0
training,1865,0.0005,0.0
training,1866,0.0005,0.0
training,1867,0.0005,0.0
training,1868,0.0005,0.0
training,1869,0.0005,0.0
training,1870,0.0005,0.0
training,1871,0.0005,0.0
training,1872,0.0005,0.0
training,1873,0.0005,0.0
training,1874,0.0005,0.0
training,1875,0.0005,0.0
training,1876,0.0005,0.0
training,1877,0.0005,0.0
training,1878,0.0005,0.0
training,1879,0.0005,0.0
training,1880,0.0005,0.0
training,1881,0.0005,0.0
training,1882,0.0005,0.0
training,1883,0.0005,0.0
training,1884,0.0005,0.0
training,1885,0.0005,0.0
training,1886,0.0005,0.0
training,1887,0.0005,0.0
training,1888,0.0005,0.0
training,1889,0.0005,0.0
training,1890,0.0005,0.0
training,1891,0.0005,0.0
training,1892,0.0005,0.0
training,1893,0.0005,0.0
training,1894,0.0005,0.0
training,1895,0.0005,0.0
training,1896,0.0005,0.0
training,1897,0.0005,0.0
training,1898,0.0005,0.0
training,1899,0.0005,0.0
training,1900,0.0005,0.0
training,1901,0.0005,0.0
training,1902,0.0005,0.0
training,1903,0.0005,0.0
training,1904,0.0005,0.0
training,1905,0.0005,0.0
training,1906,0.0005,0.0
training,1907,0.0005,0.0
training,1908,0.0005,0.0
training,1909,0.0005,0.0
training,1910,0.0005,0.0
training,1911,0.0005,0.0
training,1912,0.0005,6152.600623655556
training,1913,0.0005,0.0
training,1914,0.0005,0.0
training,1915,0.0005,0.0
training,1916,0.0005,0.0
training,1917,0.0005,0.0
training,1918,0.0005,0.0
training,1919,0.0005,0.0
training,1920,0.0005,0.0
training,1921,0.0005,0.0
training,1922,0.0005,0.0
training,1923,0.0005,0.0
training,1924,0.0005,0.0
training,1925,0.0005,0.0
training,1926,0.0005,0.0
training,1927,0.0005,0.0
training,1928,0.0005,0.0
training,1929,0.0005,0.0
training,1930,0.0005,0.0
training,1931,0.0005,0.0
training,1932,0.0005,0.0
training,1933,0.0005,0.0
training,1934,0.0005,0.0
training,1935,0.0005,0.0
training,1936,0.0005,0.0
training,1937,0.0005,0.0
training,1938,0.0005,0.0
training,1939,0.0005,0.0
training,1940,0.0005,0.0
training,1941,0.0005,0.0
training,1942,0.0005,0.0
training,1943,0.0005,0.0
training,1944,0.0005,0.0
training,1945,0.0005,0.0
training,1946,0.0005,0.0
training,1947,0.0005,0.0
training,1948,0.0005,0.0
training,1949,0.0005,0.0
training,1950,0.0005,0.0
training,1951,0.0005,0.0
training,1952,0.0005,0.0
training,1953,0.0005,0.0
training,1954,0.0005,0.0
training,1955,0.0005,0.0
training,1956,0.0005,0.0
training,1957,0.0005,0.0
training,1958,0.0005,0.0
training,1959,0.0005,0.0
training,1960,0.0005,0.0
training,1961,0.0005,0.0
training,1962,0.0005,0.0
training,1963,0.0005,0.0
training,1964,0.0005,0.0
training,1965,0.0005,0.0
training,1966,0.0005,0.0
training,1967,0.0005,0.0
training,1968,0.0005,0.0
training,1969,0.0005,0.0
training,1970,0.0005,0.0
training,1971,0.0005,0.0
training,1972,0.0005,0.0
training,1973,0.0005,0.0
training,1974,0.0005,0.0
training,1975,0.0005,0.0
training,1976,0.0005,0.0
training,1977,0.0005,0.0
training,1978,0.0005,0.0
training,1979,0.0005,0.0
training,1980,0.0005,0.0
training,1981,0.0005,0.0
training,1982,0.0005,0.0
training,1983,0.0005,0.0
training,1984,0.0005,0.0
training,1985,0.0005,0.0
training,1986,0.0005,0.0
training,1987,0.0005,0.0
training,1988,0.0005,0.0
training,1989,0.0005,0.0
training,1990,0.0005,0.0
training,1991,0.0005,0.0
training,1992,0.0005,0.0
training,1993,0.0005,0.0
training,1994,0.0005,0.0
training,1995,0.0005,0.0
training,1996,0.0005,0.0
training,1997,0.0005,0.0
training,1998,0.0005,0.0
training,1999,0.0005,0.0
independent_holdout,0,0.0001,0.0
independent_holdout,1,0.0001,0.0
independent_holdout,2,0.0001,0.0
independent_holdout,3,0.0001,0.0
independent_holdout,4,0.0001,0.0
independent_holdout,5,0.0001,0.0
independent_holdout,6,0.0001,0.0
independent_holdout,7,0.0001,0.0
independent_holdout,8,0.0001,0.0
independent_holdout,9,0.0001,0.0
independent_holdout,10,0.0001,0.0
independent_holdout,11,0.0001,0.0
independent_holdout,12,0.0001,0.0
independent_holdout,13,0.0001,0.0
independent_holdout,14,0.0001,0.0
independent_holdout,15,0.0001,0.0
independent_holdout,16,0.0001,0.0
independent_holdout,17,0.0001,0.0
independent_holdout,18,0.0001,0.0
independent_holdout,19,0.0001,0.0
independent_holdout,20,0.0001,0.0
independent_holdout,21,0.0001,0.0
independent_holdout,22,0.0001,0.0
independent_holdout,23,0.0001,0.0
independent_holdout,24,0.0001,0.0
independent_holdout,25,0.0001,0.0
independent_holdout,26,0.0001,0.0
independent_holdout,27,0.0001,0.0
independent_holdout,28,0.0001,0.0
independent_holdout,29,0.0001,0.0
independent_holdout,30,0.0001,0.0
independent_holdout,31,0.0001,0.0
independent_holdout,32,0.0001,0.0
independent_holdout,33,0.0001,0.0
independent_holdout,34,0.0001,0.0
independent_holdout,35,0.0001,0.0
independent_holdout,36,0.0001,0.0
independent_holdout,37,0.0001,0.0
independent_holdout,38,0.0001,0.0
independent_holdout,39,0.0001,0.0
independent_holdout,40,0.0001,0.0
independent_holdout,41,0.0001,0.0
independent_holdout,42,0.0001,0.0
independent_holdout,43,0.0001,0.0
independent_holdout,44,0.0001,0.0
independent_holdout,45,0.0001,0.0
independent_holdout,46,0.0001,0.0
independent_holdout,47,0.0001,0.0
independent_holdout,48,0.0001,0.0
independent_holdout,49,0.0001,0.0
independent_holdout,50,0.0001,0.0
independent_holdout,51,0.0001,0.0
independent_holdout,52,0.0001,0.0
independent_holdout,53,0.0001,0.0
independent_holdout,54,0.0001,0.0
independent_holdout,55,0.0001,0.0
independent_holdout,56,0.0001,0.0
independent_holdout,57,0.0001,0.0
independent_holdout,58,0.0001,0.0
independent_holdout,59,0.0001,0.0
independent_holdout,60,0.0001,0.0
independent_holdout,61,0.0001,0.0
independent_holdout,62,0.0001,5491.010925366667
independent_holdout,63,0.0001,0.0
independent_holdout,64,0.0001,0.0
independent_holdout,65,0.0001,0.0
independent_holdout,66,0.0001,0.0
independent_holdout,67,0.0001,0.0
independent_holdout,68,0.0001,0.0
independent_holdout,69,0.0001,0.0
independent_holdout,70,0.0001,0.0
independent_holdout,71,0.0001,0.0
independent_holdout,72,0.0001,0.0
independent_holdout,73,0.0001,0.0
independent_holdout,74,0.0001,0.0
independent_holdout,75,0.0001,0.0
independent_holdout,76,0.0001,0.0
independent_holdout,77,0.0001,0.0
independent_holdout,78,0.0001,0.0
independent_holdout,79,0.0001,0.0
independent_holdout,80,0.0001,0.0
independent_holdout,81,0.0001,0.0
independent_holdout,82,0.0001,0.0
independent_holdout,83,0.0001,0.0
independent_holdout,84,0.0001,0.0
independent_holdout,85,0.0001,0.0
independent_holdout,86,0.0001,0.0
independent_holdout,87,0.0001,0.0
independent_holdout,88,0.0001,0.0
independent_holdout,89,0.0001,0.0
independent_holdout,90,0.0001,0.0
independent_holdout,91,0.0001,0.0
independent_holdout,92,0.0001,0.0
independent_holdout,93,0.0001,0.0
independent_holdout,94,0.0001,0.0
independent_holdout,95,0.0001,0.0
independent_holdout,96,0.0001,0.0
independent_holdout,97,0.0001,0.0
independent_holdout,98,0.0001,0.0
independent_holdout,99,0.0001,0.0
independent_holdout,100,0.0001,0.0
independent_holdout,101,0.0001,0.0
independent_holdout,102,0.0001,0.0
independent_holdout,103,0.0001,0.0
independent_holdout,104,0.0001,0.0
independent_holdout,105,0.0001,0.0
independent_holdout,106,0.0001,0.0
independent_holdout,107,0.0001,0.0
independent_holdout,108,0.0001,0.0
independent_holdout,109,0.0001,0.0
independent_holdout,110,0.0001,0.0
independent_holdout,111,0.0001,0.0
independent_holdout,112,0.0001,0.0
independent_holdout,113,0.0001,0.0
independent_holdout,114,0.0001,261.5866666666668
independent_holdout,115,0.0001,0.0
independent_holdout,116,0.0001,0.0
independent_holdout,117,0.0001,0.0
independent_holdout,118,0.0001,0.0
independent_holdout,119,0.0001,0.0
independent_holdout,120,0.0001,0.0
independent_holdout,121,0.0001,0.0
independent_holdout,122,0.0001,0.0
independent_holdout,123,0.0001,0.0
independent_holdout,124,0.0001,0.0
independent_holdout,125,0.0001,0.0
independent_holdout,126,0.0001,0.0
independent_holdout,127,0.0001,0.0
independent_holdout,128,0.0001,0.0
independent_holdout,129,0.0001,0.0
independent_holdout,130,0.0001,0.0
independent_holdout,131,0.0001,0.0
independent_holdout,132,0.0001,0.0
independent_holdout,133,0.0001,0.0
independent_holdout,134,0.0001,0.0
independent_holdout,135,0.0001,0.0
independent_holdout,136,0.0001,0.0
independent_holdout,137,0.0001,0.0
independent_holdout,138,0.0001,0.0
independent_holdout,139,0.0001,0.0
independent_holdout,140,0.0001,0.0
independent_holdout,141,0.0001,0.0
independent_holdout,142,0.0001,0.0
independent_holdout,143,0.0001,0.0
independent_holdout,144,0.0001,0.0
independent_holdout,145,0.0001,0.0
independent_holdout,146,0.0001,0.0
independent_holdout,147,0.0001,0.0
independent_holdout,148,0.0001,0.0
independent_holdout,149,0.0001,0.0
independent_holdout,150,0.0001,0.0
independent_holdout,151,0.0001,0.0
independent_holdout,152,0.0001,0.0
independent_holdout,153,0.0001,0.0
independent_holdout,154,0.0001,0.0
independent_holdout,155,0.0001,0.0
independent_holdout,156,0.0001,0.0
independent_holdout,157,0.0001,0.0
independent_holdout,158,0.0001,0.0
independent_holdout,159,0.0001,0.0
independent_holdout,160,0.0001,0.0
independent_holdout,161,0.0001,0.0
independent_holdout,162,0.0001,0.0
independent_holdout,163,0.0001,0.0
independent_holdout,164,0.0001,0.0
independent_holdout,165,0.0001,0.0
independent_holdout,166,0.0001,0.0
independent_holdout,167,0.0001,0.0
independent_holdout,168,0.0001,0.0
independent_holdout,169,0.0001,0.0
independent_holdout,170,0.0001,0.0
independent_holdout,171,0.0001,0.0
independent_holdout,172,0.0001,0.0
independent_holdout,173,0.0001,0.0
independent_holdout,174,0.0001,0.0
independent_holdout,175,0.0001,0.0
independent_holdout,176,0.0001,0.0
independent_holdout,177,0.0001,0.0
independent_holdout,178,0.0001,0.0
independent_holdout,179,0.0001,0.0
independent_holdout,180,0.0001,0.0
independent_holdout,181,0.0001,0.0
independent_holdout,182,0.0001,0.0
independent_holdout,183,0.0001,0.0
independent_holdout,184,0.0001,4145.688401433334
independent_holdout,185,0.0001,0.0
independent_holdout,186,0.0001,0.0
independent_holdout,187,0.0001,0.0
independent_holdout,188,0.0001,0.0
independent_holdout,189,0.0001,0.0
independent_holdout,190,0.0001,0.0
independent_holdout,191,0.0001,0.0
independent_holdout,192,0.0001,0.0
independent_holdout,193,0.0001,0.0
independent_holdout,194,0.0001,0.0
independent_holdout,195,0.0001,0.0
independent_holdout,196,0.0001,0.0
independent_holdout,197,0.0001,0.0
independent_holdout,198,0.0001,0.0
independent_holdout,199,0.0001,0.0
independent_holdout,200,0.0001,0.0
independent_holdout,201,0.0001,0.0
independent_holdout,202,0.0001,0.0
independent_holdout,203,0.0001,0.0
independent_holdout,204,0.0001,0.0
independent_holdout,205,0.0001,0.0
independent_holdout,206,0.0001,0.0
independent_holdout,207,0.0001,0.0
independent_holdout,208,0.0001,0.0
independent_holdout,209,0.0001,0.0
independent_holdout,210,0.0001,0.0
independent_holdout,211,0.0001,0.0
independent_holdout,212,0.0001,0.0
independent_holdout,213,0.0001,0.0
independent_holdout,214,0.0001,0.0
independent_holdout,215,0.0001,0.0
independent_holdout,216,0.0001,0.0
independent_holdout,217,0.0001,0.0
independent_holdout,218,0.0001,0.0
independent_holdout,219,0.0001,0.0
independent_holdout,220,0.0001,0.0
independent_holdout,221,0.0001,0.0
independent_holdout,222,0.0001,0.0
independent_holdout,223,0.0001,0.0
independent_holdout,224,0.0001,0.0
independent_holdout,225,0.0001,0.0
independent_holdout,226,0.0001,0.0
independent_holdout,227,0.0001,0.0
independent_holdout,228,0.0001,0.0
independent_holdout,229,0.0001,0.0
independent_holdout,230,0.0001,0.0
independent_holdout,231,0.0001,0.0
independent_holdout,232,0.0001,0.0
independent_holdout,233,0.0001,0.0
independent_holdout,234,0.0001,0.0
independent_holdout,235,0.0001,0.0
independent_holdout,236,0.0001,0.0
independent_holdout,237,0.0001,0.0
independent_holdout,238,0.0001,0.0
independent_holdout,239,0.0001,0.0
independent_holdout,240,0.0001,0.0
independent_holdout,241,0.0001,0.0
independent_holdout,242,0.0001,0.0
independent_holdout,243,0.0001,0.0
independent_holdout,244,0.0001,0.0
independent_holdout,245,0.0001,0.0
independent_holdout,246,0.0001,0.0
independent_holdout,247,0.0001,0.0
independent_holdout,248,0.0001,0.0
independent_holdout,249,0.0001,0.0
independent_holdout,250,0.0001,0.0
independent_holdout,251,0.0001,0.0
independent_holdout,252,0.0001,0.0
independent_holdout,253,0.0001,0.0
independent_holdout,254,0.0001,0.0
independent_holdout,255,0.0001,0.0
independent_holdout,256,0.0001,0.0
independent_holdout,257,0.0001,0.0
independent_holdout,258,0.0001,0.0
independent_holdout,259,0.0001,0.0
independent_holdout,260,0.0001,0.0
independent_holdout,261,0.0001,0.0
independent_holdout,262,0.0001,0.0
independent_holdout,263,0.0001,0.0
independent_holdout,264,0.0001,0.0
independent_holdout,265,0.0001,0.0
independent_holdout,266,0.0001,0.0
independent_holdout,267,0.0001,0.0
independent_holdout,268,0.0001,0.0
independent_holdout,269,0.0001,0.0
independent_holdout,270,0.0001,0.0
independent_holdout,271,0.0001,0.0
independent_holdout,272,0.0001,0.0
independent_holdout,273,0.0001,0.0
independent_holdout,274,0.0001,0.0
independent_holdout,275,0.0001,0.0
independent_holdout,276,0.0001,0.0
independent_holdout,277,0.0001,0.0
independent_holdout,278,0.0001,0.0
independent_holdout,279,0.0001,0.0
independent_holdout,280,0.0001,0.0
independent_holdout,281,0.0001,0.0
independent_holdout,282,0.0001,0.0
independent_holdout,283,0.0001,0.0
independent_holdout,284,0.0001,0.0
independent_holdout,285,0.0001,0.0
independent_holdout,286,0.0001,0.0
independent_holdout,287,0.0001,0.0
independent_holdout,288,0.0001,0.0
independent_holdout,289,0.0001,0.0
independent_holdout,290,0.0001,0.0
independent_holdout,291,0.0001,0.0
independent_holdout,292,0.0001,0.0
independent_holdout,293,0.0001,0.0
independent_holdout,294,0.0001,0.0
independent_holdout,295,0.0001,0.0
independent_holdout,296,0.0001,0.0
independent_holdout,297,0.0001,0.0
independent_holdout,298,0.0001,0.0
independent_holdout,299,0.0001,0.0
independent_holdout,300,0.0001,0.0
independent_holdout,301,0.0001,0.0
independent_holdout,302,0.0001,0.0
independent_holdout,303,0.0001,0.0
independent_holdout,304,0.0001,0.0
independent_holdout,305,0.0001,0.0
independent_holdout,306,0.0001,0.0
independent_holdout,307,0.0001,0.0
independent_holdout,308,0.0001,0.0
independent_holdout,309,0.0001,0.0
independent_holdout,310,0.0001,0.0
independent_holdout,311,0.0001,0.0
independent_holdout,312,0.0001,0.0
independent_holdout,313,0.0001,0.0
independent_holdout,314,0.0001,0.0
independent_holdout,315,0.0001,0.0
independent_holdout,316,0.0001,0.0
independent_holdout,317,0.0001,0.0
independent_holdout,318,0.0001,0.0
independent_holdout,319,0.0001,0.0
independent_holdout,320,0.0001,0.0
independent_holdout,321,0.0001,0.0
independent_holdout,322,0.0001,0.0
independent_holdout,323,0.0001,0.0
independent_holdout,324,0.0001,0.0
independent_holdout,325,0.0001,0.0
independent_holdout,326,0.0001,0.0
independent_holdout,327,0.0001,0.0
independent_holdout,328,0.0001,0.0
independent_holdout,329,0.0001,0.0
independent_holdout,330,0.0001,0.0
independent_holdout,331,0.0001,0.0
independent_holdout,332,0.0001,0.0
independent_holdout,333,0.0001,0.0
independent_holdout,334,0.0001,0.0
independent_holdout,335,0.0001,0.0
independent_holdout,336,0.0001,0.0
independent_holdout,337,0.0001,0.0
independent_holdout,338,0.0001,0.0
independent_holdout,339,0.0001,0.0
independent_holdout,340,0.0001,0.0
independent_holdout,341,0.0001,0.0
independent_holdout,342,0.0001,0.0
independent_holdout,343,0.0001,0.0
independent_holdout,344,0.0001,0.0
independent_holdout,345,0.0001,0.0
independent_holdout,346,0.0001,0.0
independent_holdout,347,0.0001,0.0
independent_holdout,348,0.0001,0.0
independent_holdout,349,0.0001,0.0
independent_holdout,350,0.0001,0.0
independent_holdout,351,0.0001,0.0
independent_holdout,352,0.0001,0.0
independent_holdout,353,0.0001,0.0
independent_holdout,354,0.0001,0.0
independent_holdout,355,0.0001,0.0
independent_holdout,356,0.0001,0.0
independent_holdout,357,0.0001,0.0
independent_holdout,358,0.0001,0.0
independent_holdout,359,0.0001,0.0
independent_holdout,360,0.0001,0.0
independent_holdout,361,0.0001,0.0
independent_holdout,362,0.0001,0.0
independent_holdout,363,0.0001,0.0
independent_holdout,364,0.0001,0.0
independent_holdout,365,0.0001,0.0
independent_holdout,366,0.0001,0.0
independent_holdout,367,0.0001,0.0
independent_holdout,368,0.0001,0.0
independent_holdout,369,0.0001,0.0
independent_holdout,370,0.0001,0.0
independent_holdout,371,0.0001,0.0
independent_holdout,372,0.0001,0.0
independent_holdout,373,0.0001,0.0
independent_holdout,374,0.0001,0.0
independent_holdout,375,0.0001,0.0
independent_holdout,376,0.0001,0.0
independent_holdout,377,0.0001,0.0
independent_holdout,378,0.0001,0.0
independent_holdout,379,0.0001,0.0
independent_holdout,380,0.0001,0.0
independent_holdout,381,0.0001,0.0
independent_holdout,382,0.0001,0.0
independent_holdout,383,0.0001,0.0
independent_holdout,384,0.0001,0.0
independent_holdout,385,0.0001,0.0
independent_holdout,386,0.0001,0.0
independent_holdout,387,0.0001,0.0
independent_holdout,388,0.0001,0.0
independent_holdout,389,0.0001,0.0
independent_holdout,390,0.0001,0.0
independent_holdout,391,0.0001,0.0
independent_holdout,392,0.0001,0.0
independent_holdout,393,0.0001,0.0
independent_holdout,394,0.0001,0.0
independent_holdout,395,0.0001,0.0
independent_holdout,396,0.0001,0.0
independent_holdout,397,0.0001,0.0
independent_holdout,398,0.0001,0.0
independent_holdout,399,0.0001,0.0
independent_holdout,400,0.0001,0.0
independent_holdout,401,0.0001,0.0
independent_holdout,402,0.0001,0.0
independent_holdout,403,0.0001,0.0
independent_holdout,404,0.0001,0.0
independent_holdout,405,0.0001,0.0
independent_holdout,406,0.0001,0.0
independent_holdout,407,0.0001,0.0
independent_holdout,408,0.0001,0.0
independent_holdout,409,0.0001,0.0
independent_holdout,410,0.0001,0.0
independent_holdout,411,0.0001,0.0
independent_holdout,412,0.0001,0.0
independent_holdout,413,0.0001,0.0
independent_holdout,414,0.0001,0.0
independent_holdout,415,0.0001,0.0
independent_holdout,416,0.0001,0.0
independent_holdout,417,0.0001,0.0
independent_holdout,418,0.0001,0.0
independent_holdout,419,0.0001,0.0
independent_holdout,420,0.0001,0.0
independent_holdout,421,0.0001,0.0
independent_holdout,422,0.0001,0.0
independent_holdout,423,0.0001,0.0
independent_holdout,424,0.0001,0.0
independent_holdout,425,0.0001,0.0
independent_holdout,426,0.0001,0.0
independent_holdout,427,0.0001,0.0
independent_holdout,428,0.0001,0.0
independent_holdout,429,0.0001,0.0
independent_holdout,430,0.0001,0.0
independent_holdout,431,0.0001,0.0
independent_holdout,432,0.0001,0.0
independent_holdout,433,0.0001,0.0
independent_holdout,434,0.0001,0.0
independent_holdout,435,0.0001,0.0
independent_holdout,436,0.0001,0.0
independent_holdout,437,0.0001,0.0
independent_holdout,438,0.0001,0.0
independent_holdout,439,0.0001,0.0
independent_holdout,440,0.0001,0.0
independent_holdout,441,0.0001,0.0
independent_holdout,442,0.0001,0.0
independent_holdout,443,0.0001,0.0
independent_holdout,444,0.0001,0.0
independent_holdout,445,0.0001,0.0
independent_holdout,446,0.0001,0.0
independent_holdout,447,0.0001,0.0
independent_holdout,448,0.0001,0.0
independent_holdout,449,0.0001,0.0
independent_holdout,450,0.0001,0.0
independent_holdout,451,0.0001,0.0
independent_holdout,452,0.0001,0.0
independent_holdout,453,0.0001,0.0
independent_holdout,454,0.0001,0.0
independent_holdout,455,0.0001,0.0
independent_holdout,456,0.0001,0.0
independent_holdout,457,0.0001,0.0
independent_holdout,458,0.0001,0.0
independent_holdout,459,0.0001,0.0
independent_holdout,460,0.0001,0.0
independent_holdout,461,0.0001,0.0
independent_holdout,462,0.0001,0.0
independent_holdout,463,0.0001,0.0
independent_holdout,464,0.0001,0.0
independent_holdout,465,0.0001,0.0
independent_holdout,466,0.0001,0.0
independent_holdout,467,0.0001,0.0
independent_holdout,468,0.0001,0.0
independent_holdout,469,0.0001,0.0
independent_holdout,470,0.0001,0.0
independent_holdout,471,0.0001,0.0
independent_holdout,472,0.0001,0.0
independent_holdout,473,0.0001,0.0
independent_holdout,474,0.0001,0.0
independent_holdout,475,0.0001,0.0
independent_holdout,476,0.0001,0.0
independent_holdout,477,0.0001,0.0
independent_holdout,478,0.0001,0.0
independent_holdout,479,0.0001,0.0
independent_holdout,480,0.0001,0.0
independent_holdout,481,0.0001,0.0
independent_holdout,482,0.0001,0.0
independent_holdout,483,0.0001,0.0
independent_holdout,484,0.0001,0.0
independent_holdout,485,0.0001,0.0
independent_holdout,486,0.0001,0.0
independent_holdout,487,0.0001,117.6072222222222
independent_holdout,488,0.0001,0.0
independent_holdout,489,0.0001,0.0
independent_holdout,490,0.0001,0.0
independent_holdout,491,0.0001,0.0
independent_holdout,492,0.0001,0.0
independent_holdout,493,0.0001,0.0
independent_holdout,494,0.0001,0.0
independent_holdout,495,0.0001,0.0
independent_holdout,496,0.0001,0.0
independent_holdout,497,0.0001,0.0
independent_holdout,498,0.0001,0.0
independent_holdout,499,0.0001,0.0
independent_holdout,500,0.0001,0.0
independent_holdout,501,0.0001,0.0
independent_holdout,502,0.0001,0.0
independent_holdout,503,0.0001,0.0
independent_holdout,504,0.0001,0.0
independent_holdout,505,0.0001,0.0
independent_holdout,506,0.0001,0.0
independent_holdout,507,0.0001,0.0
independent_holdout,508,0.0001,0.0
independent_holdout,509,0.0001,0.0
independent_holdout,510,0.0001,0.0
independent_holdout,511,0.0001,0.0
independent_holdout,512,0.0001,0.0
independent_holdout,513,0.0001,0.0
independent_holdout,514,0.0001,0.0
independent_holdout,515,0.0001,0.0
independent_holdout,516,0.0001,0.0
independent_holdout,517,0.0001,0.0
independent_holdout,518,0.0001,0.0
independent_holdout,519,0.0001,0.0
independent_holdout,520,0.0001,0.0
independent_holdout,521,0.0001,0.0
independent_holdout,522,0.0001,0.0
independent_holdout,523,0.0001,0.0
independent_holdout,524,0.0001,0.0
independent_holdout,525,0.0001,0.0
independent_holdout,526,0.0001,0.0
independent_holdout,527,0.0001,0.0
independent_holdout,528,0.0001,0.0
independent_holdout,529,0.0001,0.0
independent_holdout,530,0.0001,0.0
independent_holdout,531,0.0001,0.0
independent_holdout,532,0.0001,0.0
independent_holdout,533,0.0001,0.0
independent_holdout,534,0.0001,0.0
independent_holdout,535,0.0001,0.0
independent_holdout,536,0.0001,0.0
independent_holdout,537,0.0001,0.0
independent_holdout,538,0.0001,0.0
independent_holdout,539,0.0001,0.0
independent_holdout,540,0.0001,0.0
independent_holdout,541,0.0001,0.0
independent_holdout,542,0.0001,0.0
independent_holdout,543,0.0001,0.0
independent_holdout,544,0.0001,0.0
independent_holdout,545,0.0001,0.0
independent_holdout,546,0.0001,0.0
independent_holdout,547,0.0001,0.0
independent_holdout,548,0.0001,0.0
independent_holdout,549,0.0001,0.0
independent_holdout,550,0.0001,0.0
independent_holdout,551,0.0001,0.0
independent_holdout,552,0.0001,0.0
independent_holdout,553,0.0001,0.0
independent_holdout,554,0.0001,0.0
independent_holdout,555,0.0001,0.0
independent_holdout,556,0.0001,0.0
independent_holdout,557,0.0001,0.0
independent_holdout,558,0.0001,0.0
independent_holdout,559,0.0001,0.0
independent_holdout,560,0.0001,0.0
independent_holdout,561,0.0001,0.0
independent_holdout,562,0.0001,0.0
independent_holdout,563,0.0001,0.0
independent_holdout,564,0.0001,0.0
independent_holdout,565,0.0001,0.0
independent_holdout,566,0.0001,0.0
independent_holdout,567,0.0001,0.0
independent_holdout,568,0.0001,0.0
independent_holdout,569,0.0001,0.0
independent_holdout,570,0.0001,0.0
independent_holdout,571,0.0001,0.0
independent_holdout,572,0.0001,0.0
independent_holdout,573,0.0001,0.0
independent_holdout,574,0.0001,0.0
independent_holdout,575,0.0001,0.0
independent_holdout,576,0.0001,0.0
independent_holdout,577,0.0001,0.0
independent_holdout,578,0.0001,0.0
independent_holdout,579,0.0001,0.0
independent_holdout,580,0.0001,0.0
independent_holdout,581,0.0001,0.0
independent_holdout,582,0.0001,0.0
independent_holdout,583,0.0001,0.0
independent_holdout,584,0.0001,0.0
independent_holdout,585,0.0001,0.0
independent_holdout,586,0.0001,0.0
independent_holdout,587,0.0001,0.0
independent_holdout,588,0.0001,0.0
independent_holdout,589,0.0001,0.0
independent_holdout,590,0.0001,0.0
independent_holdout,591,0.0001,0.0
independent_holdout,592,0.0001,0.0
independent_holdout,593,0.0001,0.0
independent_holdout,594,0.0001,0.0
independent_holdout,595,0.0001,0.0
independent_holdout,596,0.0001,0.0
independent_holdout,597,0.0001,0.0
independent_holdout,598,0.0001,0.0
independent_holdout,599,0.0001,0.0
independent_holdout,600,0.0001,0.0
independent_holdout,601,0.0001,0.0
independent_holdout,602,0.0001,0.0
independent_holdout,603,0.0001,0.0
independent_holdout,604,0.0001,0.0
independent_holdout,605,0.0001,0.0
independent_holdout,606,0.0001,0.0
independent_holdout,607,0.0001,0.0
independent_holdout,608,0.0001,0.0
independent_holdout,609,0.0001,0.0
independent_holdout,610,0.0001,0.0
independent_holdout,611,0.0001,0.0
independent_holdout,612,0.0001,0.0
independent_holdout,613,0.0001,0.0
independent_holdout,614,0.0001,0.0
independent_holdout,615,0.0001,0.0
independent_holdout,616,0.0001,0.0
independent_holdout,617,0.0001,0.0
independent_holdout,618,0.0001,0.0
independent_holdout,619,0.0001,0.0
independent_holdout,620,0.0001,0.0
independent_holdout,621,0.0001,0.0
independent_holdout,622,0.0001,0.0
independent_holdout,623,0.0001,0.0
independent_holdout,624,0.0001,0.0
independent_holdout,625,0.0001,0.0
independent_holdout,626,0.0001,0.0
independent_holdout,627,0.0001,0.0
independent_holdout,628,0.0001,0.0
independent_holdout,629,0.0001,0.0
independent_holdout,630,0.0001,0.0
independent_holdout,631,0.0001,0.0
independent_holdout,632,0.0001,0.0
independent_holdout,633,0.0001,0.0
independent_holdout,634,0.0001,0.0
independent_holdout,635,0.0001,0.0
independent_holdout,636,0.0001,0.0
independent_holdout,637,0.0001,0.0
independent_holdout,638,0.0001,0.0
independent_holdout,639,0.0001,0.0
independent_holdout,640,0.0001,0.0
independent_holdout,641,0.0001,0.0
independent_holdout,642,0.0001,0.0
independent_holdout,643,0.0001,0.0
independent_holdout,644,0.0001,0.0
independent_holdout,645,0.0001,0.0
independent_holdout,646,0.0001,0.0
independent_holdout,647,0.0001,0.0
independent_holdout,648,0.0001,0.0
independent_holdout,649,0.0001,0.0
independent_holdout,650,0.0001,0.0
independent_holdout,651,0.0001,0.0
independent_holdout,652,0.0001,0.0
independent_holdout,653,0.0001,0.0
independent_holdout,654,0.0001,0.0
independent_holdout,655,0.0001,0.0
independent_holdout,656,0.0001,0.0
independent_holdout,657,0.0001,0.0
independent_holdout,658,0.0001,0.0
independent_holdout,659,0.0001,0.0
independent_holdout,660,0.0001,0.0
independent_holdout,661,0.0001,0.0
independent_holdout,662,0.0001,0.0
independent_holdout,663,0.0001,0.0
independent_holdout,664,0.0001,0.0
independent_holdout,665,0.0001,0.0
independent_holdout,666,0.0001,0.0
independent_holdout,667,0.0001,0.0
independent_holdout,668,0.0001,0.0
independent_holdout,669,0.0001,0.0
independent_holdout,670,0.0001,0.0
independent_holdout,671,0.0001,0.0
independent_holdout,672,0.0001,0.0
independent_holdout,673,0.0001,0.0
independent_holdout,674,0.0001,0.0
independent_holdout,675,0.0001,0.0
independent_holdout,676,0.0001,0.0
independent_holdout,677,0.0001,0.0
independent_holdout,678,0.0001,0.0
independent_holdout,679,0.0001,0.0
independent_holdout,680,0.0001,0.0
independent_holdout,681,0.0001,0.0
independent_holdout,682,0.0001,0.0
independent_holdout,683,0.0001,0.0
independent_holdout,684,0.0001,0.0
independent_holdout,685,0.0001,0.0
independent_holdout,686,0.0001,0.0
independent_holdout,687,0.0001,0.0
independent_holdout,688,0.0001,0.0
independent_holdout,689,0.0001,0.0
independent_holdout,690,0.0001,0.0
independent_holdout,691,0.0001,0.0
independent_holdout,692,0.0001,0.0
independent_holdout,693,0.0001,0.0
independent_holdout,694,0.0001,0.0
independent_holdout,695,0.0001,1660.212264888889
independent_holdout,696,0.0001,0.0
independent_holdout,697,0.0001,0.0
independent_holdout,698,0.0001,0.0
independent_holdout,699,0.0001,0.0
independent_holdout,700,0.0001,0.0
independent_holdout,701,0.0001,0.0
independent_holdout,702,0.0001,0.0
independent_holdout,703,0.0001,0.0
independent_holdout,704,0.0001,0.0
independent_holdout,705,0.0001,0.0
independent_holdout,706,0.0001,0.0
independent_holdout,707,0.0001,0.0
independent_holdout,708,0.0001,0.0
independent_holdout,709,0.0001,0.0
independent_holdout,710,0.0001,0.0
independent_holdout,711,0.0001,0.0
independent_holdout,712,0.0001,0.0
independent_holdout,713,0.0001,0.0
independent_holdout,714,0.0001,0.0
independent_holdout,715,0.0001,0.0
independent_holdout,716,0.0001,0.0
independent_holdout,717,0.0001,0.0
independent_holdout,718,0.0001,0.0
independent_holdout,719,0.0001,0.0
independent_holdout,720,0.0001,0.0
independent_holdout,721,0.0001,0.0
independent_holdout,722,0.0001,0.0
independent_holdout,723,0.0001,0.0
independent_holdout,724,0.0001,0.0
independent_holdout,725,0.0001,0.0
independent_holdout,726,0.0001,0.0
independent_holdout,727,0.0001,0.0
independent_holdout,728,0.0001,0.0
independent_holdout,729,0.0001,0.0
independent_holdout,730,0.0001,0.0
independent_holdout,731,0.0001,0.0
independent_holdout,732,0.0001,0.0
independent_holdout,733,0.0001,0.0
independent_holdout,734,0.0001,0.0
independent_holdout,735,0.0001,0.0
independent_holdout,736,0.0001,0.0
independent_holdout,737,0.0001,0.0
independent_holdout,738,0.0001,0.0
independent_holdout,739,0.0001,0.0
independent_holdout,740,0.0001,0.0
independent_holdout,741,0.0001,0.0
independent_holdout,742,0.0001,0.0
independent_holdout,743,0.0001,0.0
independent_holdout,744,0.0001,0.0
independent_holdout,745,0.0001,0.0
independent_holdout,746,0.0001,0.0
independent_holdout,747,0.0001,0.0
independent_holdout,748,0.0001,0.0
independent_holdout,749,0.0001,0.0
independent_holdout,750,0.0001,0.0
independent_holdout,751,0.0001,0.0
independent_holdout,752,0.0001,0.0
independent_holdout,753,0.0001,0.0
independent_holdout,754,0.0001,0.0
independent_holdout,755,0.0001,0.0
independent_holdout,756,0.0001,0.0
independent_holdout,757,0.0001,0.0
independent_holdout,758,0.0001,0.0
independent_holdout,759,0.0001,0.0
independent_holdout,760,0.0001,0.0
independent_holdout,761,0.0001,0.0
independent_holdout,762,0.0001,0.0
independent_holdout,763,0.0001,0.0
independent_holdout,764,0.0001,0.0
independent_holdout,765,0.0001,0.0
independent_holdout,766,0.0001,0.0
independent_holdout,767,0.0001,0.0
independent_holdout,768,0.0001,0.0
independent_holdout,769,0.0001,0.0
independent_holdout,770,0.0001,0.0
independent_holdout,771,0.0001,0.0
independent_holdout,772,0.0001,0.0
independent_holdout,773,0.0001,0.0
independent_holdout,774,0.0001,0.0
independent_holdout,775,0.0001,0.0
independent_holdout,776,0.0001,0.0
independent_holdout,777,0.0001,0.0
independent_holdout,778,0.0001,0.0
independent_holdout,779,0.0001,0.0
independent_holdout,780,0.0001,0.0
independent_holdout,781,0.0001,0.0
independent_holdout,782,0.0001,0.0
independent_holdout,783,0.0001,0.0
independent_holdout,784,0.0001,0.0
independent_holdout,785,0.0001,0.0
independent_holdout,786,0.0001,0.0
independent_holdout,787,0.0001,0.0
independent_holdout,788,0.0001,0.0
independent_holdout,789,0.0001,0.0
independent_holdout,790,0.0001,0.0
independent_holdout,791,0.0001,0.0
independent_holdout,792,0.0001,0.0
independent_holdout,793,0.0001,0.0
independent_holdout,794,0.0001,0.0
independent_holdout,795,0.0001,0.0
independent_holdout,796,0.0001,0.0
independent_holdout,797,0.0001,0.0
independent_holdout,798,0.0001,0.0
independent_holdout,799,0.0001,0.0
independent_holdout,800,0.0001,0.0
independent_holdout,801,0.0001,0.0
independent_holdout,802,0.0001,0.0
independent_holdout,803,0.0001,0.0
independent_holdout,804,0.0001,0.0
independent_holdout,805,0.0001,0.0
independent_holdout,806,0.0001,0.0
independent_holdout,807,0.0001,0.0
independent_holdout,808,0.0001,0.0
independent_holdout,809,0.0001,0.0
independent_holdout,810,0.0001,0.0
independent_holdout,811,0.0001,0.0
independent_holdout,812,0.0001,0.0
independent_holdout,813,0.0001,0.0
independent_holdout,814,0.0001,0.0
independent_holdout,815,0.0001,0.0
independent_holdout,816,0.0001,0.0
independent_holdout,817,0.0001,0.0
independent_holdout,818,0.0001,0.0
independent_holdout,819,0.0001,0.0
independent_holdout,820,0.0001,0.0
independent_holdout,821,0.0001,0.0
independent_holdout,822,0.0001,0.0
independent_holdout,823,0.0001,0.0
independent_holdout,824,0.0001,0.0
independent_holdout,825,0.0001,0.0
independent_holdout,826,0.0001,0.0
independent_holdout,827,0.0001,0.0
independent_holdout,828,0.0001,0.0
independent_holdout,829,0.0001,0.0
independent_holdout,830,0.0001,0.0
independent_holdout,831,0.0001,0.0
independent_holdout,832,0.0001,0.0
independent_holdout,833,0.0001,0.0
independent_holdout,834,0.0001,0.0
independent_holdout,835,0.0001,0.0
independent_holdout,836,0.0001,0.0
independent_holdout,837,0.0001,0.0
independent_holdout,838,0.0001,0.0
independent_holdout,839,0.0001,0.0
independent_holdout,840,0.0001,0.0
independent_holdout,841,0.0001,0.0
independent_holdout,842,0.0001,0.0
independent_holdout,843,0.0001,0.0
independent_holdout,844,0.0001,0.0
independent_holdout,845,0.0001,0.0
independent_holdout,846,0.0001,0.0
independent_holdout,847,0.0001,0.0
independent_holdout,848,0.0001,0.0
independent_holdout,849,0.0001,0.0
independent_holdout,850,0.0001,0.0
independent_holdout,851,0.0001,0.0
independent_holdout,852,0.0001,0.0
independent_holdout,853,0.0001,0.0
independent_holdout,854,0.0001,0.0
independent_holdout,855,0.0001,0.0
independent_holdout,856,0.0001,0.0
independent_holdout,857,0.0001,0.0
independent_holdout,858,0.0001,0.0
independent_holdout,859,0.0001,0.0
independent_holdout,860,0.0001,0.0
independent_holdout,861,0.0001,2203.066110977778
independent_holdout,862,0.0001,0.0
independent_holdout,863,0.0001,0.0
independent_holdout,864,0.0001,0.0
independent_holdout,865,0.0001,0.0
independent_holdout,866,0.0001,0.0
independent_holdout,867,0.0001,0.0
independent_holdout,868,0.0001,0.0
independent_holdout,869,0.0001,0.0
independent_holdout,870,0.0001,0.0
independent_holdout,871,0.0001,0.0
independent_holdout,872,0.0001,0.0
independent_holdout,873,0.0001,0.0
independent_holdout,874,0.0001,0.0
independent_holdout,875,0.0001,0.0
independent_holdout,876,0.0001,0.0
independent_holdout,877,0.0001,0.0
independent_holdout,878,0.0001,0.0
independent_holdout,879,0.0001,0.0
independent_holdout,880,0.0001,0.0
independent_holdout,881,0.0001,0.0
independent_holdout,882,0.0001,0.0
independent_holdout,883,0.0001,0.0
independent_holdout,884,0.0001,0.0
independent_holdout,885,0.0001,0.0
independent_holdout,886,0.0001,0.0
independent_holdout,887,0.0001,0.0
independent_holdout,888,0.0001,511.00250000000005
independent_holdout,889,0.0001,0.0
independent_holdout,890,0.0001,0.0
independent_holdout,891,0.0001,0.0
independent_holdout,892,0.0001,0.0
independent_holdout,893,0.0001,0.0
independent_holdout,894,0.0001,0.0
independent_holdout,895,0.0001,0.0
independent_holdout,896,0.0001,0.0
independent_holdout,897,0.0001,0.0
independent_holdout,898,0.0001,0.0
independent_holdout,899,0.0001,0.0
independent_holdout,900,0.0001,0.0
independent_holdout,901,0.0001,0.0
independent_holdout,902,0.0001,0.0
independent_holdout,903,0.0001,0.0
independent_holdout,904,0.0001,0.0
independent_holdout,905,0.0001,0.0
independent_holdout,906,0.0001,0.0
independent_holdout,907,0.0001,0.0
independent_holdout,908,0.0001,0.0
independent_holdout,909,0.0001,0.0
independent_holdout,910,0.0001,0.0
independent_holdout,911,0.0001,0.0
independent_holdout,912,0.0001,0.0
independent_holdout,913,0.0001,0.0
independent_holdout,914,0.0001,0.0
independent_holdout,915,0.0001,0.0
independent_holdout,916,0.0001,0.0
independent_holdout,917,0.0001,0.0
independent_holdout,918,0.0001,0.0
independent_holdout,919,0.0001,0.0
independent_holdout,920,0.0001,0.0
independent_holdout,921,0.0001,0.0
independent_holdout,922,0.0001,0.0
independent_holdout,923,0.0001,0.0
independent_holdout,924,0.0001,0.0
independent_holdout,925,0.0001,0.0
independent_holdout,926,0.0001,0.0
independent_holdout,927,0.0001,0.0
independent_holdout,928,0.0001,0.0
independent_holdout,929,0.0001,0.0
independent_holdout,930,0.0001,0.0
independent_holdout,931,0.0001,0.0
independent_holdout,932,0.0001,0.0
independent_holdout,933,0.0001,0.0
independent_holdout,934,0.0001,0.0
independent_holdout,935,0.0001,0.0
independent_holdout,936,0.0001,0.0
independent_holdout,937,0.0001,0.0
independent_holdout,938,0.0001,0.0
independent_holdout,939,0.0001,0.0
independent_holdout,940,0.0001,0.0
independent_holdout,941,0.0001,0.0
independent_holdout,942,0.0001,0.0
independent_holdout,943,0.0001,0.0
independent_holdout,944,0.0001,0.0
independent_holdout,945,0.0001,0.0
independent_holdout,946,0.0001,0.0
independent_holdout,947,0.0001,0.0
independent_holdout,948,0.0001,0.0
independent_holdout,949,0.0001,0.0
independent_holdout,950,0.0001,0.0
independent_holdout,951,0.0001,0.0
independent_holdout,952,0.0001,0.0
independent_holdout,953,0.0001,0.0
independent_holdout,954,0.0001,0.0
independent_holdout,955,0.0001,0.0
independent_holdout,956,0.0001,0.0
independent_holdout,957,0.0001,0.0
independent_holdout,958,0.0001,0.0
independent_holdout,959,0.0001,0.0
independent_holdout,960,0.0001,0.0
independent_holdout,961,0.0001,0.0
independent_holdout,962,0.0001,0.0
independent_holdout,963,0.0001,0.0
independent_holdout,964,0.0001,0.0
independent_holdout,965,0.0001,0.0
independent_holdout,966,0.0001,0.0
independent_holdout,967,0.0001,0.0
independent_holdout,968,0.0001,0.0
independent_holdout,969,0.0001,0.0
independent_holdout,970,0.0001,0.0
independent_holdout,971,0.0001,0.0
independent_holdout,972,0.0001,0.0
independent_holdout,973,0.0001,0.0
independent_holdout,974,0.0001,0.0
independent_holdout,975,0.0001,0.0
independent_holdout,976,0.0001,0.0
independent_holdout,977,0.0001,0.0
independent_holdout,978,0.0001,0.0
independent_holdout,979,0.0001,0.0
independent_holdout,980,0.0001,0.0
independent_holdout,981,0.0001,0.0
independent_holdout,982,0.0001,0.0
independent_holdout,983,0.0001,0.0
independent_holdout,984,0.0001,0.0
independent_holdout,985,0.0001,0.0
independent_holdout,986,0.0001,0.0
independent_holdout,987,0.0001,0.0
independent_holdout,988,0.0001,0.0
independent_holdout,989,0.0001,0.0
independent_holdout,990,0.0001,0.0
independent_holdout,991,0.0001,0.0
independent_holdout,992,0.0001,0.0
independent_holdout,993,0.0001,0.0
independent_holdout,994,0.0001,0.0
independent_holdout,995,0.0001,0.0
independent_holdout,996,0.0001,0.0
independent_holdout,997,0.0001,0.0
independent_holdout,998,0.0001,0.0
independent_holdout,999,0.0001,0.0
independent_holdout,1000,0.0001,0.0
independent_holdout,1001,0.0001,0.0
independent_holdout,1002,0.0001,0.0
independent_holdout,1003,0.0001,0.0
independent_holdout,1004,0.0001,0.0
independent_holdout,1005,0.0001,0.0
independent_holdout,1006,0.0001,0.0
independent_holdout,1007,0.0001,0.0
independent_holdout,1008,0.0001,0.0
independent_holdout,1009,0.0001,0.0
independent_holdout,1010,0.0001,0.0
independent_holdout,1011,0.0001,0.0
independent_holdout,1012,0.0001,0.0
independent_holdout,1013,0.0001,0.0
independent_holdout,1014,0.0001,0.0
independent_holdout,1015,0.0001,0.0
independent_holdout,1016,0.0001,0.0
independent_holdout,1017,0.0001,0.0
independent_holdout,1018,0.0001,0.0
independent_holdout,1019,0.0001,0.0
independent_holdout,1020,0.0001,0.0
independent_holdout,1021,0.0001,0.0
independent_holdout,1022,0.0001,0.0
independent_holdout,1023,0.0001,0.0
independent_holdout,1024,0.0001,0.0
independent_holdout,1025,0.0001,0.0
independent_holdout,1026,0.0001,0.0
independent_holdout,1027,0.0001,0.0
independent_holdout,1028,0.0001,0.0
independent_holdout,1029,0.0001,0.0
independent_holdout,1030,0.0001,0.0
independent_holdout,1031,0.0001,0.0
independent_holdout,1032,0.0001,0.0
independent_holdout,1033,0.0001,0.0
independent_holdout,1034,0.0001,0.0
independent_holdout,1035,0.0001,0.0
independent_holdout,1036,0.0001,0.0
independent_holdout,1037,0.0001,0.0
independent_holdout,1038,0.0001,0.0
independent_holdout,1039,0.0001,0.0
independent_holdout,1040,0.0001,0.0
independent_holdout,1041,0.0001,0.0
independent_holdout,1042,0.0001,0.0
independent_holdout,1043,0.0001,0.0
independent_holdout,1044,0.0001,0.0
independent_holdout,1045,0.0001,0.0
independent_holdout,1046,0.0001,0.0
independent_holdout,1047,0.0001,0.0
independent_holdout,1048,0.0001,0.0
independent_holdout,1049,0.0001,0.0
independent_holdout,1050,0.0001,0.0
independent_holdout,1051,0.0001,0.0
independent_holdout,1052,0.0001,0.0
independent_holdout,1053,0.0001,0.0
independent_holdout,1054,0.0001,0.0
independent_holdout,1055,0.0001,0.0
independent_holdout,1056,0.0001,0.0
independent_holdout,1057,0.0001,0.0
independent_holdout,1058,0.0001,0.0
independent_holdout,1059,0.0001,0.0
independent_holdout,1060,0.0001,0.0
independent_holdout,1061,0.0001,0.0
independent_holdout,1062,0.0001,0.0
independent_holdout,1063,0.0001,0.0
independent_holdout,1064,0.0001,0.0
independent_holdout,1065,0.0001,0.0
independent_holdout,1066,0.0001,0.0
independent_holdout,1067,0.0001,0.0
independent_holdout,1068,0.0001,0.0
independent_holdout,1069,0.0001,0.0
independent_holdout,1070,0.0001,0.0
independent_holdout,1071,0.0001,0.0
independent_holdout,1072,0.0001,0.0
independent_holdout,1073,0.0001,0.0
independent_holdout,1074,0.0001,0.0
independent_holdout,1075,0.0001,0.0
independent_holdout,1076,0.0001,0.0
independent_holdout,1077,0.0001,0.0
independent_holdout,1078,0.0001,0.0
independent_holdout,1079,0.0001,0.0
independent_holdout,1080,0.0001,0.0
independent_holdout,1081,0.0001,0.0
independent_holdout,1082,0.0001,0.0
independent_holdout,1083,0.0001,0.0
independent_holdout,1084,0.0001,0.0
independent_holdout,1085,0.0001,0.0
independent_holdout,1086,0.0001,0.0
independent_holdout,1087,0.0001,0.0
independent_holdout,1088,0.0001,0.0
independent_holdout,1089,0.0001,0.0
independent_holdout,1090,0.0001,0.0
independent_holdout,1091,0.0001,0.0
independent_holdout,1092,0.0001,0.0
independent_holdout,1093,0.0001,0.0
independent_holdout,1094,0.0001,0.0
independent_holdout,1095,0.0001,0.0
independent_holdout,1096,0.0001,0.0
independent_holdout,1097,0.0001,0.0
independent_holdout,1098,0.0001,0.0
independent_holdout,1099,0.0001,0.0
independent_holdout,1100,0.0001,0.0
independent_holdout,1101,0.0001,0.0
independent_holdout,1102,0.0001,0.0
independent_holdout,1103,0.0001,0.0
independent_holdout,1104,0.0001,0.0
independent_holdout,1105,0.0001,0.0
independent_holdout,1106,0.0001,0.0
independent_holdout,1107,0.0001,0.0
independent_holdout,1108,0.0001,0.0
independent_holdout,1109,0.0001,0.0
independent_holdout,1110,0.0001,0.0
independent_holdout,1111,0.0001,0.0
independent_holdout,1112,0.0001,0.0
independent_holdout,1113,0.0001,0.0
independent_holdout,1114,0.0001,0.0
independent_holdout,1115,0.0001,0.0
independent_holdout,1116,0.0001,0.0
independent_holdout,1117,0.0001,0.0
independent_holdout,1118,0.0001,0.0
independent_holdout,1119,0.0001,0.0
independent_holdout,1120,0.0001,0.0
independent_holdout,1121,0.0001,0.0
independent_holdout,1122,0.0001,0.0
independent_holdout,1123,0.0001,0.0
independent_holdout,1124,0.0001,0.0
independent_holdout,1125,0.0001,0.0
independent_holdout,1126,0.0001,0.0
independent_holdout,1127,0.0001,0.0
independent_holdout,1128,0.0001,0.0
independent_holdout,1129,0.0001,0.0
independent_holdout,1130,0.0001,0.0
independent_holdout,1131,0.0001,0.0
independent_holdout,1132,0.0001,0.0
independent_holdout,1133,0.0001,0.0
independent_holdout,1134,0.0001,0.0
independent_holdout,1135,0.0001,0.0
independent_holdout,1136,0.0001,0.0
independent_holdout,1137,0.0001,0.0
independent_holdout,1138,0.0001,0.0
independent_holdout,1139,0.0001,0.0
independent_holdout,1140,0.0001,0.0
independent_holdout,1141,0.0001,0.0
independent_holdout,1142,0.0001,0.0
independent_holdout,1143,0.0001,0.0
independent_holdout,1144,0.0001,0.0
independent_holdout,1145,0.0001,0.0
independent_holdout,1146,0.0001,0.0
independent_holdout,1147,0.0001,0.0
independent_holdout,1148,0.0001,0.0
independent_holdout,1149,0.0001,0.0
independent_holdout,1150,0.0001,0.0
independent_holdout,1151,0.0001,0.0
independent_holdout,1152,0.0001,0.0
independent_holdout,1153,0.0001,0.0
independent_holdout,1154,0.0001,0.0
independent_holdout,1155,0.0001,0.0
independent_holdout,1156,0.0001,0.0
independent_holdout,1157,0.0001,0.0
independent_holdout,1158,0.0001,0.0
independent_holdout,1159,0.0001,0.0
independent_holdout,1160,0.0001,0.0
independent_holdout,1161,0.0001,0.0
independent_holdout,1162,0.0001,0.0
independent_holdout,1163,0.0001,0.0
independent_holdout,1164,0.0001,0.0
independent_holdout,1165,0.0001,0.0
independent_holdout,1166,0.0001,0.0
independent_holdout,1167,0.0001,0.0
independent_holdout,1168,0.0001,0.0
independent_holdout,1169,0.0001,0.0
independent_holdout,1170,0.0001,0.0
independent_holdout,1171,0.0001,0.0
independent_holdout,1172,0.0001,0.0
independent_holdout,1173,0.0001,0.0
independent_holdout,1174,0.0001,0.0
independent_holdout,1175,0.0001,0.0
independent_holdout,1176,0.0001,0.0
independent_holdout,1177,0.0001,0.0
independent_holdout,1178,0.0001,0.0
independent_holdout,1179,0.0001,0.0
independent_holdout,1180,0.0001,0.0
independent_holdout,1181,0.0001,0.0
independent_holdout,1182,0.0001,0.0
independent_holdout,1183,0.0001,0.0
independent_holdout,1184,0.0001,0.0
independent_holdout,1185,0.0001,0.0
independent_holdout,1186,0.0001,0.0
independent_holdout,1187,0.0001,0.0
independent_holdout,1188,0.0001,0.0
independent_holdout,1189,0.0001,0.0
independent_holdout,1190,0.0001,0.0
independent_holdout,1191,0.0001,0.0
independent_holdout,1192,0.0001,0.0
independent_holdout,1193,0.0001,0.0
independent_holdout,1194,0.0001,0.0
independent_holdout,1195,0.0001,0.0
independent_holdout,1196,0.0001,0.0
independent_holdout,1197,0.0001,0.0
independent_holdout,1198,0.0001,0.0
independent_holdout,1199,0.0001,0.0
independent_holdout,1200,0.0001,0.0
independent_holdout,1201,0.0001,0.0
independent_holdout,1202,0.0001,0.0
independent_holdout,1203,0.0001,0.0
independent_holdout,1204,0.0001,0.0
independent_holdout,1205,0.0001,0.0
independent_holdout,1206,0.0001,0.0
independent_holdout,1207,0.0001,0.0
independent_holdout,1208,0.0001,0.0
independent_holdout,1209,0.0001,0.0
independent_holdout,1210,0.0001,0.0
independent_holdout,1211,0.0001,0.0
independent_holdout,1212,0.0001,0.0
independent_holdout,1213,0.0001,0.0
independent_holdout,1214,0.0001,0.0
independent_holdout,1215,0.0001,0.0
independent_holdout,1216,0.0001,0.0
independent_holdout,1217,0.0001,0.0
independent_holdout,1218,0.0001,0.0
independent_holdout,1219,0.0001,0.0
independent_holdout,1220,0.0001,0.0
independent_holdout,1221,0.0001,0.0
independent_holdout,1222,0.0001,0.0
independent_holdout,1223,0.0001,0.0
independent_holdout,1224,0.0001,0.0
independent_holdout,1225,0.0001,0.0
independent_holdout,1226,0.0001,0.0
independent_holdout,1227,0.0001,0.0
independent_holdout,1228,0.0001,0.0
independent_holdout,1229,0.0001,0.0
independent_holdout,1230,0.0001,0.0
independent_holdout,1231,0.0001,0.0
independent_holdout,1232,0.0001,0.0
independent_holdout,1233,0.0001,0.0
independent_holdout,1234,0.0001,0.0
independent_holdout,1235,0.0001,0.0
independent_holdout,1236,0.0001,0.0
independent_holdout,1237,0.0001,0.0
independent_holdout,1238,0.0001,0.0
independent_holdout,1239,0.0001,0.0
independent_holdout,1240,0.0001,0.0
independent_holdout,1241,0.0001,0.0
independent_holdout,1242,0.0001,0.0
independent_holdout,1243,0.0001,0.0
independent_holdout,1244,0.0001,0.0
independent_holdout,1245,0.0001,0.0
independent_holdout,1246,0.0001,0.0
independent_holdout,1247,0.0001,0.0
independent_holdout,1248,0.0001,0.0
independent_holdout,1249,0.0001,0.0
independent_holdout,1250,0.0001,0.0
independent_holdout,1251,0.0001,0.0
independent_holdout,1252,0.0001,0.0
independent_holdout,1253,0.0001,0.0
independent_holdout,1254,0.0001,0.0
independent_holdout,1255,0.0001,0.0
independent_holdout,1256,0.0001,0.0
independent_holdout,1257,0.0001,0.0
independent_holdout,1258,0.0001,0.0
independent_holdout,1259,0.0001,0.0
independent_holdout,1260,0.0001,0.0
independent_holdout,1261,0.0001,0.0
independent_holdout,1262,0.0001,0.0
independent_holdout,1263,0.0001,0.0
independent_holdout,1264,0.0001,0.0
independent_holdout,1265,0.0001,0.0
independent_holdout,1266,0.0001,0.0
independent_holdout,1267,0.0001,0.0
independent_holdout,1268,0.0001,0.0
independent_holdout,1269,0.0001,0.0
independent_holdout,1270,0.0001,0.0
independent_holdout,1271,0.0001,0.0
independent_holdout,1272,0.0001,0.0
independent_holdout,1273,0.0001,0.0
independent_holdout,1274,0.0001,0.0
independent_holdout,1275,0.0001,0.0
independent_holdout,1276,0.0001,0.0
independent_holdout,1277,0.0001,0.0
independent_holdout,1278,0.0001,0.0
independent_holdout,1279,0.0001,0.0
independent_holdout,1280,0.0001,0.0
independent_holdout,1281,0.0001,0.0
independent_holdout,1282,0.0001,0.0
independent_holdout,1283,0.0001,0.0
independent_holdout,1284,0.0001,0.0
independent_holdout,1285,0.0001,0.0
independent_holdout,1286,0.0001,0.0
independent_holdout,1287,0.0001,0.0
independent_holdout,1288,0.0001,0.0
independent_holdout,1289,0.0001,0.0
independent_holdout,1290,0.0001,0.0
independent_holdout,1291,0.0001,0.0
independent_holdout,1292,0.0001,0.0
independent_holdout,1293,0.0001,0.0
independent_holdout,1294,0.0001,0.0
independent_holdout,1295,0.0001,0.0
independent_holdout,1296,0.0001,0.0
independent_holdout,1297,0.0001,0.0
independent_holdout,1298,0.0001,0.0
independent_holdout,1299,0.0001,0.0
independent_holdout,1300,0.0001,0.0
independent_holdout,1301,0.0001,0.0
independent_holdout,1302,0.0001,0.0
independent_holdout,1303,0.0001,0.0
independent_holdout,1304,0.0001,0.0
independent_holdout,1305,0.0001,0.0
independent_holdout,1306,0.0001,0.0
independent_holdout,1307,0.0001,0.0
independent_holdout,1308,0.0001,0.0
independent_holdout,1309,0.0001,0.0
independent_holdout,1310,0.0001,0.0
independent_holdout,1311,0.0001,0.0
independent_holdout,1312,0.0001,0.0
independent_holdout,1313,0.0001,0.0
independent_holdout,1314,0.0001,0.0
independent_holdout,1315,0.0001,0.0
independent_holdout,1316,0.0001,0.0
independent_holdout,1317,0.0001,0.0
independent_holdout,1318,0.0001,0.0
independent_holdout,1319,0.0001,0.0
independent_holdout,1320,0.0001,0.0
independent_holdout,1321,0.0001,0.0
independent_holdout,1322,0.0001,0.0
independent_holdout,1323,0.0001,0.0
independent_holdout,1324,0.0001,0.0
independent_holdout,1325,0.0001,0.0
independent_holdout,1326,0.0001,0.0
independent_holdout,1327,0.0001,0.0
independent_holdout,1328,0.0001,0.0
independent_holdout,1329,0.0001,0.0
independent_holdout,1330,0.0001,0.0
independent_holdout,1331,0.0001,0.0
independent_holdout,1332,0.0001,0.0
independent_holdout,1333,0.0001,0.0
independent_holdout,1334,0.0001,0.0
independent_holdout,1335,0.0001,0.0
independent_holdout,1336,0.0001,0.0
independent_holdout,1337,0.0001,0.0
independent_holdout,1338,0.0001,0.0
independent_holdout,1339,0.0001,0.0
independent_holdout,1340,0.0001,0.0
independent_holdout,1341,0.0001,0.0
independent_holdout,1342,0.0001,0.0
independent_holdout,1343,0.0001,0.0
independent_holdout,1344,0.0001,0.0
independent_holdout,1345,0.0001,0.0
independent_holdout,1346,0.0001,0.0
independent_holdout,1347,0.0001,0.0
independent_holdout,1348,0.0001,0.0
independent_holdout,1349,0.0001,0.0
independent_holdout,1350,0.0001,0.0
independent_holdout,1351,0.0001,0.0
independent_holdout,1352,0.0001,0.0
independent_holdout,1353,0.0001,0.0
independent_holdout,1354,0.0001,0.0
independent_holdout,1355,0.0001,0.0
independent_holdout,1356,0.0001,0.0
independent_holdout,1357,0.0001,0.0
independent_holdout,1358,0.0001,0.0
independent_holdout,1359,0.0001,0.0
independent_holdout,1360,0.0001,0.0
independent_holdout,1361,0.0001,0.0
independent_holdout,1362,0.0001,0.0
independent_holdout,1363,0.0001,0.0
independent_holdout,1364,0.0001,0.0
independent_holdout,1365,0.0001,0.0
independent_holdout,1366,0.0001,0.0
independent_holdout,1367,0.0001,0.0
independent_holdout,1368,0.0001,0.0
independent_holdout,1369,0.0001,0.0
independent_holdout,1370,0.0001,0.0
independent_holdout,1371,0.0001,0.0
independent_holdout,1372,0.0001,0.0
independent_holdout,1373,0.0001,0.0
independent_holdout,1374,0.0001,0.0
independent_holdout,1375,0.0001,0.0
independent_holdout,1376,0.0001,0.0
independent_holdout,1377,0.0001,0.0
independent_holdout,1378,0.0001,0.0
independent_holdout,1379,0.0001,0.0
independent_holdout,1380,0.0001,0.0
independent_holdout,1381,0.0001,0.0
independent_holdout,1382,0.0001,0.0
independent_holdout,1383,0.0001,0.0
independent_holdout,1384,0.0001,0.0
independent_holdout,1385,0.0001,0.0
independent_holdout,1386,0.0001,0.0
independent_holdout,1387,0.0001,0.0
independent_holdout,1388,0.0001,0.0
independent_holdout,1389,0.0001,0.0
independent_holdout,1390,0.0001,0.0
independent_holdout,1391,0.0001,0.0
independent_holdout,1392,0.0001,0.0
independent_holdout,1393,0.0001,0.0
independent_holdout,1394,0.0001,0.0
independent_holdout,1395,0.0001,0.0
independent_holdout,1396,0.0001,0.0
independent_holdout,1397,0.0001,0.0
independent_holdout,1398,0.0001,0.0
independent_holdout,1399,0.0001,0.0
independent_holdout,1400,0.0001,0.0
independent_holdout,1401,0.0001,0.0
independent_holdout,1402,0.0001,0.0
independent_holdout,1403,0.0001,0.0
independent_holdout,1404,0.0001,0.0
independent_holdout,1405,0.0001,0.0
independent_holdout,1406,0.0001,0.0
independent_holdout,1407,0.0001,0.0
independent_holdout,1408,0.0001,0.0
independent_holdout,1409,0.0001,0.0
independent_holdout,1410,0.0001,0.0
independent_holdout,1411,0.0001,0.0
independent_holdout,1412,0.0001,0.0
independent_holdout,1413,0.0001,0.0
independent_holdout,1414,0.0001,0.0
independent_holdout,1415,0.0001,0.0
independent_holdout,1416,0.0001,0.0
independent_holdout,1417,0.0001,0.0
independent_holdout,1418,0.0001,0.0
independent_holdout,1419,0.0001,0.0
independent_holdout,1420,0.0001,0.0
independent_holdout,1421,0.0001,0.0
independent_holdout,1422,0.0001,0.0
independent_holdout,1423,0.0001,0.0
independent_holdout,1424,0.0001,0.0
independent_holdout,1425,0.0001,0.0
independent_holdout,1426,0.0001,0.0
independent_holdout,1427,0.0001,0.0
independent_holdout,1428,0.0001,0.0
independent_holdout,1429,0.0001,0.0
independent_holdout,1430,0.0001,0.0
independent_holdout,1431,0.0001,0.0
independent_holdout,1432,0.0001,0.0
independent_holdout,1433,0.0001,0.0
independent_holdout,1434,0.0001,0.0
independent_holdout,1435,0.0001,0.0
independent_holdout,1436,0.0001,0.0
independent_holdout,1437,0.0001,0.0
independent_holdout,1438,0.0001,0.0
independent_holdout,1439,0.0001,0.0
independent_holdout,1440,0.0001,0.0
independent_holdout,1441,0.0001,0.0
independent_holdout,1442,0.0001,0.0
independent_holdout,1443,0.0001,0.0
independent_holdout,1444,0.0001,0.0
independent_holdout,1445,0.0001,0.0
independent_holdout,1446,0.0001,0.0
independent_holdout,1447,0.0001,0.0
independent_holdout,1448,0.0001,0.0
independent_holdout,1449,0.0001,0.0
independent_holdout,1450,0.0001,0.0
independent_holdout,1451,0.0001,0.0
independent_holdout,1452,0.0001,0.0
independent_holdout,1453,0.0001,0.0
independent_holdout,1454,0.0001,0.0
independent_holdout,1455,0.0001,0.0
independent_holdout,1456,0.0001,0.0
independent_holdout,1457,0.0001,0.0
independent_holdout,1458,0.0001,0.0
independent_holdout,1459,0.0001,0.0
independent_holdout,1460,0.0001,0.0
independent_holdout,1461,0.0001,0.0
independent_holdout,1462,0.0001,0.0
independent_holdout,1463,0.0001,0.0
independent_holdout,1464,0.0001,0.0
independent_holdout,1465,0.0001,0.0
independent_holdout,1466,0.0001,0.0
independent_holdout,1467,0.0001,0.0
independent_holdout,1468,0.0001,0.0
independent_holdout,1469,0.0001,0.0
independent_holdout,1470,0.0001,0.0
independent_holdout,1471,0.0001,0.0
independent_holdout,1472,0.0001,0.0
independent_holdout,1473,0.0001,0.0
independent_holdout,1474,0.0001,0.0
independent_holdout,1475,0.0001,0.0
independent_holdout,1476,0.0001,0.0
independent_holdout,1477,0.0001,0.0
independent_holdout,1478,0.0001,0.0
independent_holdout,1479,0.0001,0.0
independent_holdout,1480,0.0001,0.0
independent_holdout,1481,0.0001,0.0
independent_holdout,1482,0.0001,0.0
independent_holdout,1483,0.0001,0.0
independent_holdout,1484,0.0001,0.0
independent_holdout,1485,0.0001,0.0
independent_holdout,1486,0.0001,0.0
independent_holdout,1487,0.0001,0.0
independent_holdout,1488,0.0001,0.0
independent_holdout,1489,0.0001,0.0
independent_holdout,1490,0.0001,0.0
independent_holdout,1491,0.0001,0.0
independent_holdout,1492,0.0001,0.0
independent_holdout,1493,0.0001,0.0
independent_holdout,1494,0.0001,0.0
independent_holdout,1495,0.0001,0.0
independent_holdout,1496,0.0001,0.0
independent_holdout,1497,0.0001,0.0
independent_holdout,1498,0.0001,0.0
independent_holdout,1499,0.0001,0.0
independent_holdout,1500,0.0001,0.0
independent_holdout,1501,0.0001,0.0
independent_holdout,1502,0.0001,0.0
independent_holdout,1503,0.0001,0.0
independent_holdout,1504,0.0001,0.0
independent_holdout,1505,0.0001,0.0
independent_holdout,1506,0.0001,0.0
independent_holdout,1507,0.0001,0.0
independent_holdout,1508,0.0001,0.0
independent_holdout,1509,0.0001,0.0
independent_holdout,1510,0.0001,0.0
independent_holdout,1511,0.0001,0.0
independent_holdout,1512,0.0001,0.0
independent_holdout,1513,0.0001,0.0
independent_holdout,1514,0.0001,0.0
independent_holdout,1515,0.0001,0.0
independent_holdout,1516,0.0001,0.0
independent_holdout,1517,0.0001,0.0
independent_holdout,1518,0.0001,0.0
independent_holdout,1519,0.0001,0.0
independent_holdout,1520,0.0001,0.0
independent_holdout,1521,0.0001,0.0
independent_holdout,1522,0.0001,0.0
independent_holdout,1523,0.0001,0.0
independent_holdout,1524,0.0001,0.0
independent_holdout,1525,0.0001,0.0
independent_holdout,1526,0.0001,0.0
independent_holdout,1527,0.0001,0.0
independent_holdout,1528,0.0001,0.0
independent_holdout,1529,0.0001,0.0
independent_holdout,1530,0.0001,0.0
independent_holdout,1531,0.0001,0.0
independent_holdout,1532,0.0001,0.0
independent_holdout,1533,0.0001,0.0
independent_holdout,1534,0.0001,0.0
independent_holdout,1535,0.0001,0.0
independent_holdout,1536,0.0001,0.0
independent_holdout,1537,0.0001,0.0
independent_holdout,1538,0.0001,0.0
independent_holdout,1539,0.0001,0.0
independent_holdout,1540,0.0001,0.0
independent_holdout,1541,0.0001,0.0
independent_holdout,1542,0.0001,0.0
independent_holdout,1543,0.0001,0.0
independent_holdout,1544,0.0001,0.0
independent_holdout,1545,0.0001,0.0
independent_holdout,1546,0.0001,0.0
independent_holdout,1547,0.0001,0.0
independent_holdout,1548,0.0001,0.0
independent_holdout,1549,0.0001,0.0
independent_holdout,1550,0.0001,0.0
independent_holdout,1551,0.0001,0.0
independent_holdout,1552,0.0001,0.0
independent_holdout,1553,0.0001,0.0
independent_holdout,1554,0.0001,0.0
independent_holdout,1555,0.0001,0.0
independent_holdout,1556,0.0001,0.0
independent_holdout,1557,0.0001,0.0
independent_holdout,1558,0.0001,0.0
independent_holdout,1559,0.0001,0.0
independent_holdout,1560,0.0001,0.0
independent_holdout,1561,0.0001,0.0
independent_holdout,1562,0.0001,0.0
independent_holdout,1563,0.0001,0.0
independent_holdout,1564,0.0001,0.0
independent_holdout,1565,0.0001,0.0
independent_holdout,1566,0.0001,0.0
independent_holdout,1567,0.0001,0.0
independent_holdout,1568,0.0001,0.0
independent_holdout,1569,0.0001,0.0
independent_holdout,1570,0.0001,0.0
independent_holdout,1571,0.0001,0.0
independent_holdout,1572,0.0001,0.0
independent_holdout,1573,0.0001,0.0
independent_holdout,1574,0.0001,0.0
independent_holdout,1575,0.0001,0.0
independent_holdout,1576,0.0001,0.0
independent_holdout,1577,0.0001,0.0
independent_holdout,1578,0.0001,0.0
independent_holdout,1579,0.0001,0.0
independent_holdout,1580,0.0001,0.0
independent_holdout,1581,0.0001,0.0
independent_holdout,1582,0.0001,0.0
independent_holdout,1583,0.0001,0.0
independent_holdout,1584,0.0001,0.0
independent_holdout,1585,0.0001,0.0
independent_holdout,1586,0.0001,0.0
independent_holdout,1587,0.0001,0.0
independent_holdout,1588,0.0001,0.0
independent_holdout,1589,0.0001,0.0
independent_holdout,1590,0.0001,0.0
independent_holdout,1591,0.0001,0.0
independent_holdout,1592,0.0001,0.0
independent_holdout,1593,0.0001,0.0
independent_holdout,1594,0.0001,0.0
independent_holdout,1595,0.0001,0.0
independent_holdout,1596,0.0001,0.0
independent_holdout,1597,0.0001,0.0
independent_holdout,1598,0.0001,0.0
independent_holdout,1599,0.0001,0.0
independent_holdout,1600,0.0001,0.0
independent_holdout,1601,0.0001,0.0
independent_holdout,1602,0.0001,0.0
independent_holdout,1603,0.0001,0.0
independent_holdout,1604,0.0001,0.0
independent_holdout,1605,0.0001,0.0
independent_holdout,1606,0.0001,0.0
independent_holdout,1607,0.0001,0.0
independent_holdout,1608,0.0001,0.0
independent_holdout,1609,0.0001,0.0
independent_holdout,1610,0.0001,0.0
independent_holdout,1611,0.0001,0.0
independent_holdout,1612,0.0001,0.0
independent_holdout,1613,0.0001,0.0
independent_holdout,1614,0.0001,0.0
independent_holdout,1615,0.0001,0.0
independent_holdout,1616,0.0001,0.0
independent_holdout,1617,0.0001,0.0
independent_holdout,1618,0.0001,0.0
independent_holdout,1619,0.0001,0.0
independent_holdout,1620,0.0001,0.0
independent_holdout,1621,0.0001,0.0
independent_holdout,1622,0.0001,0.0
independent_holdout,1623,0.0001,0.0
independent_holdout,1624,0.0001,1230.0902702222224
independent_holdout,1625,0.0001,0.0
independent_holdout,1626,0.0001,0.0
independent_holdout,1627,0.0001,0.0
independent_holdout,1628,0.0001,0.0
independent_holdout,1629,0.0001,0.0
independent_holdout,1630,0.0001,0.0
independent_holdout,1631,0.0001,0.0
independent_holdout,1632,0.0001,0.0
independent_holdout,1633,0.0001,0.0
independent_holdout,1634,0.0001,0.0
independent_holdout,1635,0.0001,0.0
independent_holdout,1636,0.0001,0.0
independent_holdout,1637,0.0001,0.0
independent_holdout,1638,0.0001,0.0
independent_holdout,1639,0.0001,0.0
independent_holdout,1640,0.0001,0.0
independent_holdout,1641,0.0001,0.0
independent_holdout,1642,0.0001,0.0
independent_holdout,1643,0.0001,0.0
independent_holdout,1644,0.0001,0.0
independent_holdout,1645,0.0001,0.0
independent_holdout,1646,0.0001,0.0
independent_holdout,1647,0.0001,0.0
independent_holdout,1648,0.0001,0.0
independent_holdout,1649,0.0001,0.0
independent_holdout,1650,0.0001,0.0
independent_holdout,1651,0.0001,0.0
independent_holdout,1652,0.0001,0.0
independent_holdout,1653,0.0001,0.0
independent_holdout,1654,0.0001,0.0
independent_holdout,1655,0.0001,0.0
independent_holdout,1656,0.0001,0.0
independent_holdout,1657,0.0001,0.0
independent_holdout,1658,0.0001,0.0
independent_holdout,1659,0.0001,0.0
independent_holdout,1660,0.0001,0.0
independent_holdout,1661,0.0001,0.0
independent_holdout,1662,0.0001,0.0
independent_holdout,1663,0.0001,0.0
independent_holdout,1664,0.0001,0.0
independent_holdout,1665,0.0001,0.0
independent_holdout,1666,0.0001,0.0
independent_holdout,1667,0.0001,0.0
independent_holdout,1668,0.0001,0.0
independent_holdout,1669,0.0001,0.0
independent_holdout,1670,0.0001,0.0
independent_holdout,1671,0.0001,0.0
independent_holdout,1672,0.0001,0.0
independent_holdout,1673,0.0001,0.0
independent_holdout,1674,0.0001,0.0
independent_holdout,1675,0.0001,0.0
independent_holdout,1676,0.0001,0.0
independent_holdout,1677,0.0001,0.0
independent_holdout,1678,0.0001,0.0
independent_holdout,1679,0.0001,0.0
independent_holdout,1680,0.0001,0.0
independent_holdout,1681,0.0001,0.0
independent_holdout,1682,0.0001,0.0
independent_holdout,1683,0.0001,0.0
independent_holdout,1684,0.0001,0.0
independent_holdout,1685,0.0001,0.0
independent_holdout,1686,0.0001,0.0
independent_holdout,1687,0.0001,0.0
independent_holdout,1688,0.0001,0.0
independent_holdout,1689,0.0001,0.0
independent_holdout,1690,0.0001,0.0
independent_holdout,1691,0.0001,0.0
independent_holdout,1692,0.0001,0.0
independent_holdout,1693,0.0001,0.0
independent_holdout,1694,0.0001,0.0
independent_holdout,1695,0.0001,0.0
independent_holdout,1696,0.0001,0.0
independent_holdout,1697,0.0001,0.0
independent_holdout,1698,0.0001,0.0
independent_holdout,1699,0.0001,0.0
independent_holdout,1700,0.0001,0.0
independent_holdout,1701,0.0001,0.0
independent_holdout,1702,0.0001,0.0
independent_holdout,1703,0.0001,0.0
independent_holdout,1704,0.0001,0.0
independent_holdout,1705,0.0001,0.0
independent_holdout,1706,0.0001,0.0
independent_holdout,1707,0.0001,0.0
independent_holdout,1708,0.0001,0.0
independent_holdout,1709,0.0001,0.0
independent_holdout,1710,0.0001,0.0
independent_holdout,1711,0.0001,0.0
independent_holdout,1712,0.0001,0.0
independent_holdout,1713,0.0001,0.0
independent_holdout,1714,0.0001,0.0
independent_holdout,1715,0.0001,0.0
independent_holdout,1716,0.0001,0.0
independent_holdout,1717,0.0001,0.0
independent_holdout,1718,0.0001,0.0
independent_holdout,1719,0.0001,0.0
independent_holdout,1720,0.0001,0.0
independent_holdout,1721,0.0001,0.0
independent_holdout,1722,0.0001,0.0
independent_holdout,1723,0.0001,0.0
independent_holdout,1724,0.0001,0.0
independent_holdout,1725,0.0001,0.0
independent_holdout,1726,0.0001,0.0
independent_holdout,1727,0.0001,0.0
independent_holdout,1728,0.0001,0.0
independent_holdout,1729,0.0001,0.0
independent_holdout,1730,0.0001,0.0
independent_holdout,1731,0.0001,0.0
independent_holdout,1732,0.0001,0.0
independent_holdout,1733,0.0001,0.0
independent_holdout,1734,0.0001,0.0
independent_holdout,1735,0.0001,0.0
independent_holdout,1736,0.0001,0.0
independent_holdout,1737,0.0001,0.0
independent_holdout,1738,0.0001,0.0
independent_holdout,1739,0.0001,0.0
independent_holdout,1740,0.0001,0.0
independent_holdout,1741,0.0001,0.0
independent_holdout,1742,0.0001,0.0
independent_holdout,1743,0.0001,0.0
independent_holdout,1744,0.0001,0.0
independent_holdout,1745,0.0001,0.0
independent_holdout,1746,0.0001,0.0
independent_holdout,1747,0.0001,0.0
independent_holdout,1748,0.0001,0.0
independent_holdout,1749,0.0001,0.0
independent_holdout,1750,0.0001,0.0
independent_holdout,1751,0.0001,0.0
independent_holdout,1752,0.0001,0.0
independent_holdout,1753,0.0001,0.0
independent_holdout,1754,0.0001,0.0
independent_holdout,1755,0.0001,0.0
independent_holdout,1756,0.0001,0.0
independent_holdout,1757,0.0001,0.0
independent_holdout,1758,0.0001,0.0
independent_holdout,1759,0.0001,0.0
independent_holdout,1760,0.0001,0.0
independent_holdout,1761,0.0001,0.0
independent_holdout,1762,0.0001,0.0
independent_holdout,1763,0.0001,0.0
independent_holdout,1764,0.0001,0.0
independent_holdout,1765,0.0001,0.0
independent_holdout,1766,0.0001,0.0
independent_holdout,1767,0.0001,0.0
independent_holdout,1768,0.0001,0.0
independent_holdout,1769,0.0001,0.0
independent_holdout,1770,0.0001,0.0
independent_holdout,1771,0.0001,0.0
independent_holdout,1772,0.0001,0.0
independent_holdout,1773,0.0001,0.0
independent_holdout,1774,0.0001,0.0
independent_holdout,1775,0.0001,0.0
independent_holdout,1776,0.0001,0.0
independent_holdout,1777,0.0001,0.0
independent_holdout,1778,0.0001,0.0
independent_holdout,1779,0.0001,0.0
independent_holdout,1780,0.0001,0.0
independent_holdout,1781,0.0001,0.0
independent_holdout,1782,0.0001,0.0
independent_holdout,1783,0.0001,0.0
independent_holdout,1784,0.0001,0.0
independent_holdout,1785,0.0001,0.0
independent_holdout,1786,0.0001,0.0
independent_holdout,1787,0.0001,0.0
independent_holdout,1788,0.0001,0.0
independent_holdout,1789,0.0001,0.0
independent_holdout,1790,0.0001,0.0
independent_holdout,1791,0.0001,0.0
independent_holdout,1792,0.0001,0.0
independent_holdout,1793,0.0001,0.0
independent_holdout,1794,0.0001,0.0
independent_holdout,1795,0.0001,0.0
independent_holdout,1796,0.0001,0.0
independent_holdout,1797,0.0001,0.0
independent_holdout,1798,0.0001,0.0
independent_holdout,1799,0.0001,0.0
independent_holdout,1800,0.0001,0.0
independent_holdout,1801,0.0001,0.0
independent_holdout,1802,0.0001,0.0
independent_holdout,1803,0.0001,0.0
independent_holdout,1804,0.0001,0.0
independent_holdout,1805,0.0001,0.0
independent_holdout,1806,0.0001,0.0
independent_holdout,1807,0.0001,0.0
independent_holdout,1808,0.0001,0.0
independent_holdout,1809,0.0001,0.0
independent_holdout,1810,0.0001,0.0
independent_holdout,1811,0.0001,0.0
independent_holdout,1812,0.0001,0.0
independent_holdout,1813,0.0001,0.0
independent_holdout,1814,0.0001,0.0
independent_holdout,1815,0.0001,0.0
independent_holdout,1816,0.0001,0.0
independent_holdout,1817,0.0001,0.0
independent_holdout,1818,0.0001,0.0
independent_holdout,1819,0.0001,0.0
independent_holdout,1820,0.0001,0.0
independent_holdout,1821,0.0001,0.0
independent_holdout,1822,0.0001,0.0
independent_holdout,1823,0.0001,0.0
independent_holdout,1824,0.0001,0.0
independent_holdout,1825,0.0001,0.0
independent_holdout,1826,0.0001,0.0
independent_holdout,1827,0.0001,0.0
independent_holdout,1828,0.0001,0.0
independent_holdout,1829,0.0001,0.0
independent_holdout,1830,0.0001,0.0
independent_holdout,1831,0.0001,0.0
independent_holdout,1832,0.0001,0.0
independent_holdout,1833,0.0001,0.0
independent_holdout,1834,0.0001,0.0
independent_holdout,1835,0.0001,0.0
independent_holdout,1836,0.0001,0.0
independent_holdout,1837,0.0001,0.0
independent_holdout,1838,0.0001,0.0
independent_holdout,1839,0.0001,0.0
independent_holdout,1840,0.0001,0.0
independent_holdout,1841,0.0001,0.0
independent_holdout,1842,0.0001,0.0
independent_holdout,1843,0.0001,0.0
independent_holdout,1844,0.0001,0.0
independent_holdout,1845,0.0001,0.0
independent_holdout,1846,0.0001,0.0
independent_holdout,1847,0.0001,0.0
independent_holdout,1848,0.0001,0.0
independent_holdout,1849,0.0001,0.0
independent_holdout,1850,0.0001,0.0
independent_holdout,1851,0.0001,0.0
independent_holdout,1852,0.0001,0.0
independent_holdout,1853,0.0001,0.0
independent_holdout,1854,0.0001,0.0
independent_holdout,1855,0.0001,0.0
independent_holdout,1856,0.0001,0.0
independent_holdout,1857,0.0001,0.0
independent_holdout,1858,0.0001,0.0
independent_holdout,1859,0.0001,0.0
independent_holdout,1860,0.0001,0.0
independent_holdout,1861,0.0001,0.0
independent_holdout,1862,0.0001,0.0
independent_holdout,1863,0.0001,0.0
independent_holdout,1864,0.0001,0.0
independent_holdout,1865,0.0001,0.0
independent_holdout,1866,0.0001,0.0
independent_holdout,1867,0.0001,0.0
independent_holdout,1868,0.0001,0.0
independent_holdout,1869,0.0001,0.0
independent_holdout,1870,0.0001,0.0
independent_holdout,1871,0.0001,0.0
independent_holdout,1872,0.0001,0.0
independent_holdout,1873,0.0001,0.0
independent_holdout,1874,0.0001,0.0
independent_holdout,1875,0.0001,0.0
independent_holdout,1876,0.0001,0.0
independent_holdout,1877,0.0001,0.0
independent_holdout,1878,0.0001,0.0
independent_holdout,1879,0.0001,0.0
independent_holdout,1880,0.0001,0.0
independent_holdout,1881,0.0001,0.0
independent_holdout,1882,0.0001,0.0
independent_holdout,1883,0.0001,0.0
independent_holdout,1884,0.0001,0.0
independent_holdout,1885,0.0001,0.0
independent_holdout,1886,0.0001,0.0
independent_holdout,1887,0.0001,0.0
independent_holdout,1888,0.0001,0.0
independent_holdout,1889,0.0001,0.0
independent_holdout,1890,0.0001,0.0
independent_holdout,1891,0.0001,0.0
independent_holdout,1892,0.0001,0.0
independent_holdout,1893,0.0001,0.0
independent_holdout,1894,0.0001,0.0
independent_holdout,1895,0.0001,0.0
independent_holdout,1896,0.0001,0.0
independent_holdout,1897,0.0001,0.0
independent_holdout,1898,0.0001,0.0
independent_holdout,1899,0.0001,0.0
independent_holdout,1900,0.0001,0.0
independent_holdout,1901,0.0001,0.0
independent_holdout,1902,0.0001,0.0
independent_holdout,1903,0.0001,0.0
independent_holdout,1904,0.0001,0.0
independent_holdout,1905,0.0001,0.0
independent_holdout,1906,0.0001,0.0
independent_holdout,1907,0.0001,0.0
independent_holdout,1908,0.0001,0.0
independent_holdout,1909,0.0001,0.0
independent_holdout,1910,0.0001,0.0
independent_holdout,1911,0.0001,0.0
independent_holdout,1912,0.0001,0.0
independent_holdout,1913,0.0001,0.0
independent_holdout,1914,0.0001,0.0
independent_holdout,1915,0.0001,0.0
independent_holdout,1916,0.0001,0.0
independent_holdout,1917,0.0001,0.0
independent_holdout,1918,0.0001,0.0
independent_holdout,1919,0.0001,0.0
independent_holdout,1920,0.0001,0.0
independent_holdout,1921,0.0001,0.0
independent_holdout,1922,0.0001,0.0
independent_holdout,1923,0.0001,0.0
independent_holdout,1924,0.0001,0.0
independent_holdout,1925,0.0001,0.0
independent_holdout,1926,0.0001,0.0
independent_holdout,1927,0.0001,0.0
independent_holdout,1928,0.0001,0.0
independent_holdout,1929,0.0001,0.0
independent_holdout,1930,0.0001,0.0
independent_holdout,1931,0.0001,0.0
independent_holdout,1932,0.0001,0.0
independent_holdout,1933,0.0001,0.0
independent_holdout,1934,0.0001,0.0
independent_holdout,1935,0.0001,0.0
independent_holdout,1936,0.0001,0.0
independent_holdout,1937,0.0001,0.0
independent_holdout,1938,0.0001,0.0
independent_holdout,1939,0.0001,0.0
independent_holdout,1940,0.0001,0.0
independent_holdout,1941,0.0001,0.0
independent_holdout,1942,0.0001,0.0
independent_holdout,1943,0.0001,0.0
independent_holdout,1944,0.0001,0.0
independent_holdout,1945,0.0001,0.0
independent_holdout,1946,0.0001,0.0
independent_holdout,1947,0.0001,0.0
independent_holdout,1948,0.0001,0.0
independent_holdout,1949,0.0001,0.0
independent_holdout,1950,0.0001,0.0
independent_holdout,1951,0.0001,0.0
independent_holdout,1952,0.0001,0.0
independent_holdout,1953,0.0001,0.0
independent_holdout,1954,0.0001,0.0
independent_holdout,1955,0.0001,0.0
independent_holdout,1956,0.0001,0.0
independent_holdout,1957,0.0001,0.0
independent_holdout,1958,0.0001,0.0
independent_holdout,1959,0.0001,0.0
independent_holdout,1960,0.0001,0.0
independent_holdout,1961,0.0001,0.0
independent_holdout,1962,0.0001,0.0
independent_holdout,1963,0.0001,0.0
independent_holdout,1964,0.0001,0.0
independent_holdout,1965,0.0001,0.0
independent_holdout,1966,0.0001,0.0
independent_holdout,1967,0.0001,0.0
independent_holdout,1968,0.0001,0.0
independent_holdout,1969,0.0001,0.0
independent_holdout,1970,0.0001,0.0
independent_holdout,1971,0.0001,0.0
independent_holdout,1972,0.0001,0.0
independent_holdout,1973,0.0001,0.0
independent_holdout,1974,0.0001,0.0
independent_holdout,1975,0.0001,0.0
independent_holdout,1976,0.0001,0.0
independent_holdout,1977,0.0001,0.0
independent_holdout,1978,0.0001,0.0
independent_holdout,1979,0.0001,0.0
independent_holdout,1980,0.0001,0.0
independent_holdout,1981,0.0001,0.0
independent_holdout,1982,0.0001,0.0
independent_holdout,1983,0.0001,0.0
independent_holdout,1984,0.0001,0.0
independent_holdout,1985,0.0001,0.0
independent_holdout,1986,0.0001,0.0
independent_holdout,1987,0.0001,0.0
independent_holdout,1988,0.0001,0.0
independent_holdout,1989,0.0001,0.0
independent_holdout,1990,0.0001,0.0
independent_holdout,1991,0.0001,0.0
independent_holdout,1992,0.0001,0.0
independent_holdout,1993,0.0001,0.0
independent_holdout,1994,0.0001,0.0
independent_holdout,1995,0.0001,0.0
independent_holdout,1996,0.0001,0.0
independent_holdout,1997,0.0001,0.0
independent_holdout,1998,0.0001,0.0
independent_holdout,1999,0.0001,0.0
independent_holdout,2000,0.0001,0.0
independent_holdout,2001,0.0001,0.0
independent_holdout,2002,0.0001,0.0
independent_holdout,2003,0.0001,0.0
independent_holdout,2004,0.0001,0.0
independent_holdout,2005,0.0001,0.0
independent_holdout,2006,0.0001,0.0
independent_holdout,2007,0.0001,0.0
independent_holdout,2008,0.0001,0.0
independent_holdout,2009,0.0001,0.0
independent_holdout,2010,0.0001,0.0
independent_holdout,2011,0.0001,0.0
independent_holdout,2012,0.0001,0.0
independent_holdout,2013,0.0001,0.0
independent_holdout,2014,0.0001,0.0
independent_holdout,2015,0.0001,0.0
independent_holdout,2016,0.0001,0.0
independent_holdout,2017,0.0001,0.0
independent_holdout,2018,0.0001,0.0
independent_holdout,2019,0.0001,0.0
independent_holdout,2020,0.0001,0.0
independent_holdout,2021,0.0001,0.0
independent_holdout,2022,0.0001,0.0
independent_holdout,2023,0.0001,0.0
independent_holdout,2024,0.0001,0.0
independent_holdout,2025,0.0001,0.0
independent_holdout,2026,0.0001,0.0
independent_holdout,2027,0.0001,0.0
independent_holdout,2028,0.0001,0.0
independent_holdout,2029,0.0001,0.0
independent_holdout,2030,0.0001,0.0
independent_holdout,2031,0.0001,0.0
independent_holdout,2032,0.0001,0.0
independent_holdout,2033,0.0001,0.0
independent_holdout,2034,0.0001,0.0
independent_holdout,2035,0.0001,0.0
independent_holdout,2036,0.0001,0.0
independent_holdout,2037,0.0001,0.0
independent_holdout,2038,0.0001,0.0
independent_holdout,2039,0.0001,0.0
independent_holdout,2040,0.0001,0.0
independent_holdout,2041,0.0001,0.0
independent_holdout,2042,0.0001,0.0
independent_holdout,2043,0.0001,0.0
independent_holdout,2044,0.0001,0.0
independent_holdout,2045,0.0001,0.0
independent_holdout,2046,0.0001,0.0
independent_holdout,2047,0.0001,0.0
independent_holdout,2048,0.0001,0.0
independent_holdout,2049,0.0001,0.0
independent_holdout,2050,0.0001,0.0
independent_holdout,2051,0.0001,0.0
independent_holdout,2052,0.0001,0.0
independent_holdout,2053,0.0001,0.0
independent_holdout,2054,0.0001,0.0
independent_holdout,2055,0.0001,0.0
independent_holdout,2056,0.0001,0.0
independent_holdout,2057,0.0001,0.0
independent_holdout,2058,0.0001,0.0
independent_holdout,2059,0.0001,0.0
independent_holdout,2060,0.0001,0.0
independent_holdout,2061,0.0001,0.0
independent_holdout,2062,0.0001,0.0
independent_holdout,2063,0.0001,0.0
independent_holdout,2064,0.0001,0.0
independent_holdout,2065,0.0001,0.0
independent_holdout,2066,0.0001,0.0
independent_holdout,2067,0.0001,0.0
independent_holdout,2068,0.0001,0.0
independent_holdout,2069,0.0001,0.0
independent_holdout,2070,0.0001,0.0
independent_holdout,2071,0.0001,0.0
independent_holdout,2072,0.0001,0.0
independent_holdout,2073,0.0001,0.0
independent_holdout,2074,0.0001,0.0
independent_holdout,2075,0.0001,0.0
independent_holdout,2076,0.0001,0.0
independent_holdout,2077,0.0001,0.0
independent_holdout,2078,0.0001,0.0
independent_holdout,2079,0.0001,0.0
independent_holdout,2080,0.0001,0.0
independent_holdout,2081,0.0001,0.0
independent_holdout,2082,0.0001,0.0
independent_holdout,2083,0.0001,0.0
independent_holdout,2084,0.0001,0.0
independent_holdout,2085,0.0001,0.0
independent_holdout,2086,0.0001,0.0
independent_holdout,2087,0.0001,0.0
independent_holdout,2088,0.0001,0.0
independent_holdout,2089,0.0001,0.0
independent_holdout,2090,0.0001,0.0
independent_holdout,2091,0.0001,0.0
independent_holdout,2092,0.0001,0.0
independent_holdout,2093,0.0001,0.0
independent_holdout,2094,0.0001,0.0
independent_holdout,2095,0.0001,0.0
independent_holdout,2096,0.0001,0.0
independent_holdout,2097,0.0001,0.0
independent_holdout,2098,0.0001,0.0
independent_holdout,2099,0.0001,0.0
independent_holdout,2100,0.0001,0.0
independent_holdout,2101,0.0001,0.0
independent_holdout,2102,0.0001,0.0
independent_holdout,2103,0.0001,0.0
independent_holdout,2104,0.0001,0.0
independent_holdout,2105,0.0001,0.0
independent_holdout,2106,0.0001,0.0
independent_holdout,2107,0.0001,0.0
independent_holdout,2108,0.0001,0.0
independent_holdout,2109,0.0001,0.0
independent_holdout,2110,0.0001,0.0
independent_holdout,2111,0.0001,0.0
independent_holdout,2112,0.0001,0.0
independent_holdout,2113,0.0001,0.0
independent_holdout,2114,0.0001,0.0
independent_holdout,2115,0.0001,0.0
independent_holdout,2116,0.0001,0.0
independent_holdout,2117,0.0001,0.0
independent_holdout,2118,0.0001,0.0
independent_holdout,2119,0.0001,0.0
independent_holdout,2120,0.0001,0.0
independent_holdout,2121,0.0001,0.0
independent_holdout,2122,0.0001,0.0
independent_holdout,2123,0.0001,0.0
independent_holdout,2124,0.0001,0.0
independent_holdout,2125,0.0001,0.0
independent_holdout,2126,0.0001,0.0
independent_holdout,2127,0.0001,0.0
independent_holdout,2128,0.0001,0.0
independent_holdout,2129,0.0001,0.0
independent_holdout,2130,0.0001,0.0
independent_holdout,2131,0.0001,0.0
independent_holdout,2132,0.0001,0.0
independent_holdout,2133,0.0001,0.0
independent_holdout,2134,0.0001,0.0
independent_holdout,2135,0.0001,0.0
independent_holdout,2136,0.0001,0.0
independent_holdout,2137,0.0001,0.0
independent_holdout,2138,0.0001,0.0
independent_holdout,2139,0.0001,0.0
independent_holdout,2140,0.0001,0.0
independent_holdout,2141,0.0001,0.0
independent_holdout,2142,0.0001,0.0
independent_holdout,2143,0.0001,0.0
independent_holdout,2144,0.0001,3161.386994766667
independent_holdout,2145,0.0001,0.0
independent_holdout,2146,0.0001,0.0
independent_holdout,2147,0.0001,0.0
independent_holdout,2148,0.0001,0.0
independent_holdout,2149,0.0001,0.0
independent_holdout,2150,0.0001,0.0
independent_holdout,2151,0.0001,0.0
independent_holdout,2152,0.0001,0.0
independent_holdout,2153,0.0001,0.0
independent_holdout,2154,0.0001,0.0
independent_holdout,2155,0.0001,0.0
independent_holdout,2156,0.0001,0.0
independent_holdout,2157,0.0001,0.0
independent_holdout,2158,0.0001,0.0
independent_holdout,2159,0.0001,0.0
independent_holdout,2160,0.0001,0.0
independent_holdout,2161,0.0001,0.0
independent_holdout,2162,0.0001,0.0
independent_holdout,2163,0.0001,0.0
independent_holdout,2164,0.0001,0.0
independent_holdout,2165,0.0001,0.0
independent_holdout,2166,0.0001,0.0
independent_holdout,2167,0.0001,0.0
independent_holdout,2168,0.0001,0.0
independent_holdout,2169,0.0001,0.0
independent_holdout,2170,0.0001,0.0
independent_holdout,2171,0.0001,0.0
independent_holdout,2172,0.0001,0.0
independent_holdout,2173,0.0001,0.0
independent_holdout,2174,0.0001,0.0
independent_holdout,2175,0.0001,0.0
independent_holdout,2176,0.0001,0.0
independent_holdout,2177,0.0001,0.0
independent_holdout,2178,0.0001,0.0
independent_holdout,2179,0.0001,0.0
independent_holdout,2180,0.0001,0.0
independent_holdout,2181,0.0001,0.0
independent_holdout,2182,0.0001,0.0
independent_holdout,2183,0.0001,0.0
independent_holdout,2184,0.0001,0.0
independent_holdout,2185,0.0001,0.0
independent_holdout,2186,0.0001,0.0
independent_holdout,2187,0.0001,0.0
independent_holdout,2188,0.0001,0.0
independent_holdout,2189,0.0001,0.0
independent_holdout,2190,0.0001,0.0
independent_holdout,2191,0.0001,0.0
independent_holdout,2192,0.0001,0.0
independent_holdout,2193,0.0001,0.0
independent_holdout,2194,0.0001,0.0
independent_holdout,2195,0.0001,0.0
independent_holdout,2196,0.0001,0.0
independent_holdout,2197,0.0001,0.0
independent_holdout,2198,0.0001,0.0
independent_holdout,2199,0.0001,0.0
independent_holdout,2200,0.0001,0.0
independent_holdout,2201,0.0001,0.0
independent_holdout,2202,0.0001,0.0
independent_holdout,2203,0.0001,0.0
independent_holdout,2204,0.0001,0.0
independent_holdout,2205,0.0001,0.0
independent_holdout,2206,0.0001,0.0
independent_holdout,2207,0.0001,0.0
independent_holdout,2208,0.0001,0.0
independent_holdout,2209,0.0001,0.0
independent_holdout,2210,0.0001,0.0
independent_holdout,2211,0.0001,0.0
independent_holdout,2212,0.0001,0.0
independent_holdout,2213,0.0001,0.0
independent_holdout,2214,0.0001,0.0
independent_holdout,2215,0.0001,0.0
independent_holdout,2216,0.0001,0.0
independent_holdout,2217,0.0001,0.0
independent_holdout,2218,0.0001,0.0
independent_holdout,2219,0.0001,0.0
independent_holdout,2220,0.0001,0.0
independent_holdout,2221,0.0001,0.0
independent_holdout,2222,0.0001,0.0
independent_holdout,2223,0.0001,0.0
independent_holdout,2224,0.0001,0.0
independent_holdout,2225,0.0001,0.0
independent_holdout,2226,0.0001,0.0
independent_holdout,2227,0.0001,0.0
independent_holdout,2228,0.0001,0.0
independent_holdout,2229,0.0001,0.0
independent_holdout,2230,0.0001,0.0
independent_holdout,2231,0.0001,0.0
independent_holdout,2232,0.0001,0.0
independent_holdout,2233,0.0001,0.0
independent_holdout,2234,0.0001,0.0
independent_holdout,2235,0.0001,0.0
independent_holdout,2236,0.0001,0.0
independent_holdout,2237,0.0001,0.0
independent_holdout,2238,0.0001,0.0
independent_holdout,2239,0.0001,0.0
independent_holdout,2240,0.0001,0.0
independent_holdout,2241,0.0001,0.0
independent_holdout,2242,0.0001,0.0
independent_holdout,2243,0.0001,0.0
independent_holdout,2244,0.0001,0.0
independent_holdout,2245,0.0001,0.0
independent_holdout,2246,0.0001,0.0
independent_holdout,2247,0.0001,0.0
independent_holdout,2248,0.0001,0.0
independent_holdout,2249,0.0001,0.0
independent_holdout,2250,0.0001,0.0
independent_holdout,2251,0.0001,0.0
independent_holdout,2252,0.0001,0.0
independent_holdout,2253,0.0001,0.0
independent_holdout,2254,0.0001,0.0
independent_holdout,2255,0.0001,0.0
independent_holdout,2256,0.0001,0.0
independent_holdout,2257,0.0001,0.0
independent_holdout,2258,0.0001,0.0
independent_holdout,2259,0.0001,0.0
independent_holdout,2260,0.0001,0.0
independent_holdout,2261,0.0001,0.0
independent_holdout,2262,0.0001,0.0
independent_holdout,2263,0.0001,0.0
independent_holdout,2264,0.0001,0.0
independent_holdout,2265,0.0001,0.0
independent_holdout,2266,0.0001,0.0
independent_holdout,2267,0.0001,0.0
independent_holdout,2268,0.0001,0.0
independent_holdout,2269,0.0001,0.0
independent_holdout,2270,0.0001,0.0
independent_holdout,2271,0.0001,0.0
independent_holdout,2272,0.0001,0.0
independent_holdout,2273,0.0001,0.0
independent_holdout,2274,0.0001,0.0
independent_holdout,2275,0.0001,0.0
independent_holdout,2276,0.0001,0.0
independent_holdout,2277,0.0001,0.0
independent_holdout,2278,0.0001,0.0
independent_holdout,2279,0.0001,0.0
independent_holdout,2280,0.0001,0.0
independent_holdout,2281,0.0001,0.0
independent_holdout,2282,0.0001,0.0
independent_holdout,2283,0.0001,0.0
independent_holdout,2284,0.0001,0.0
independent_holdout,2285,0.0001,0.0
independent_holdout,2286,0.0001,0.0
independent_holdout,2287,0.0001,0.0
independent_holdout,2288,0.0001,0.0
independent_holdout,2289,0.0001,0.0
independent_holdout,2290,0.0001,0.0
independent_holdout,2291,0.0001,0.0
independent_holdout,2292,0.0001,0.0
independent_holdout,2293,0.0001,0.0
independent_holdout,2294,0.0001,0.0
independent_holdout,2295,0.0001,0.0
independent_holdout,2296,0.0001,0.0
independent_holdout,2297,0.0001,0.0
independent_holdout,2298,0.0001,0.0
independent_holdout,2299,0.0001,0.0
independent_holdout,2300,0.0001,0.0
independent_holdout,2301,0.0001,0.0
independent_holdout,2302,0.0001,0.0
independent_holdout,2303,0.0001,0.0
independent_holdout,2304,0.0001,0.0
independent_holdout,2305,0.0001,0.0
independent_holdout,2306,0.0001,0.0
independent_holdout,2307,0.0001,0.0
independent_holdout,2308,0.0001,0.0
independent_holdout,2309,0.0001,0.0
independent_holdout,2310,0.0001,0.0
independent_holdout,2311,0.0001,0.0
independent_holdout,2312,0.0001,0.0
independent_holdout,2313,0.0001,0.0
independent_holdout,2314,0.0001,0.0
independent_holdout,2315,0.0001,0.0
independent_holdout,2316,0.0001,0.0
independent_holdout,2317,0.0001,0.0
independent_holdout,2318,0.0001,0.0
independent_holdout,2319,0.0001,0.0
independent_holdout,2320,0.0001,0.0
independent_holdout,2321,0.0001,0.0
independent_holdout,2322,0.0001,0.0
independent_holdout,2323,0.0001,0.0
independent_holdout,2324,0.0001,0.0
independent_holdout,2325,0.0001,0.0
independent_holdout,2326,0.0001,0.0
independent_holdout,2327,0.0001,0.0
independent_holdout,2328,0.0001,0.0
independent_holdout,2329,0.0001,0.0
independent_holdout,2330,0.0001,0.0
independent_holdout,2331,0.0001,0.0
independent_holdout,2332,0.0001,0.0
independent_holdout,2333,0.0001,0.0
independent_holdout,2334,0.0001,0.0
independent_holdout,2335,0.0001,0.0
independent_holdout,2336,0.0001,0.0
independent_holdout,2337,0.0001,0.0
independent_holdout,2338,0.0001,0.0
independent_holdout,2339,0.0001,0.0
independent_holdout,2340,0.0001,0.0
independent_holdout,2341,0.0001,0.0
independent_holdout,2342,0.0001,0.0
independent_holdout,2343,0.0001,0.0
independent_holdout,2344,0.0001,0.0
independent_holdout,2345,0.0001,0.0
independent_holdout,2346,0.0001,0.0
independent_holdout,2347,0.0001,0.0
independent_holdout,2348,0.0001,0.0
independent_holdout,2349,0.0001,0.0
independent_holdout,2350,0.0001,0.0
independent_holdout,2351,0.0001,0.0
independent_holdout,2352,0.0001,0.0
independent_holdout,2353,0.0001,0.0
independent_holdout,2354,0.0001,0.0
independent_holdout,2355,0.0001,0.0
independent_holdout,2356,0.0001,0.0
independent_holdout,2357,0.0001,0.0
independent_holdout,2358,0.0001,0.0
independent_holdout,2359,0.0001,0.0
independent_holdout,2360,0.0001,0.0
independent_holdout,2361,0.0001,0.0
independent_holdout,2362,0.0001,0.0
independent_holdout,2363,0.0001,0.0
independent_holdout,2364,0.0001,0.0
independent_holdout,2365,0.0001,0.0
independent_holdout,2366,0.0001,0.0
independent_holdout,2367,0.0001,0.0
independent_holdout,2368,0.0001,0.0
independent_holdout,2369,0.0001,0.0
independent_holdout,2370,0.0001,0.0
independent_holdout,2371,0.0001,0.0
independent_holdout,2372,0.0001,0.0
independent_holdout,2373,0.0001,0.0
independent_holdout,2374,0.0001,6001.659444444444
independent_holdout,2375,0.0001,0.0
independent_holdout,2376,0.0001,0.0
independent_holdout,2377,0.0001,0.0
independent_holdout,2378,0.0001,0.0
independent_holdout,2379,0.0001,0.0
independent_holdout,2380,0.0001,0.0
independent_holdout,2381,0.0001,0.0
independent_holdout,2382,0.0001,0.0
independent_holdout,2383,0.0001,0.0
independent_holdout,2384,0.0001,0.0
independent_holdout,2385,0.0001,0.0
independent_holdout,2386,0.0001,0.0
independent_holdout,2387,0.0001,0.0
independent_holdout,2388,0.0001,0.0
independent_holdout,2389,0.0001,0.0
independent_holdout,2390,0.0001,0.0
independent_holdout,2391,0.0001,0.0
independent_holdout,2392,0.0001,0.0
independent_holdout,2393,0.0001,0.0
independent_holdout,2394,0.0001,0.0
independent_holdout,2395,0.0001,0.0
independent_holdout,2396,0.0001,0.0
independent_holdout,2397,0.0001,0.0
independent_holdout,2398,0.0001,0.0
independent_holdout,2399,0.0001,0.0
independent_holdout,2400,0.0001,0.0
independent_holdout,2401,0.0001,0.0
independent_holdout,2402,0.0001,0.0
independent_holdout,2403,0.0001,0.0
independent_holdout,2404,0.0001,0.0
independent_holdout,2405,0.0001,0.0
independent_holdout,2406,0.0001,0.0
independent_holdout,2407,0.0001,0.0
independent_holdout,2408,0.0001,0.0
independent_holdout,2409,0.0001,0.0
independent_holdout,2410,0.0001,0.0
independent_holdout,2411,0.0001,0.0
independent_holdout,2412,0.0001,0.0
independent_holdout,2413,0.0001,0.0
independent_holdout,2414,0.0001,0.0
independent_holdout,2415,0.0001,0.0
independent_holdout,2416,0.0001,0.0
independent_holdout,2417,0.0001,0.0
independent_holdout,2418,0.0001,0.0
independent_holdout,2419,0.0001,0.0
independent_holdout,2420,0.0001,0.0
independent_holdout,2421,0.0001,0.0
independent_holdout,2422,0.0001,0.0
independent_holdout,2423,0.0001,0.0
independent_holdout,2424,0.0001,0.0
independent_holdout,2425,0.0001,0.0
independent_holdout,2426,0.0001,0.0
independent_holdout,2427,0.0001,0.0
independent_holdout,2428,0.0001,0.0
independent_holdout,2429,0.0001,0.0
independent_holdout,2430,0.0001,0.0
independent_holdout,2431,0.0001,0.0
independent_holdout,2432,0.0001,0.0
independent_holdout,2433,0.0001,0.0
independent_holdout,2434,0.0001,0.0
independent_holdout,2435,0.0001,0.0
independent_holdout,2436,0.0001,0.0
independent_holdout,2437,0.0001,0.0
independent_holdout,2438,0.0001,0.0
independent_holdout,2439,0.0001,0.0
independent_holdout,2440,0.0001,0.0
independent_holdout,2441,0.0001,0.0
independent_holdout,2442,0.0001,0.0
independent_holdout,2443,0.0001,0.0
independent_holdout,2444,0.0001,0.0
independent_holdout,2445,0.0001,0.0
independent_holdout,2446,0.0001,0.0
independent_holdout,2447,0.0001,0.0
independent_holdout,2448,0.0001,0.0
independent_holdout,2449,0.0001,0.0
independent_holdout,2450,0.0001,0.0
independent_holdout,2451,0.0001,0.0
independent_holdout,2452,0.0001,0.0
independent_holdout,2453,0.0001,0.0
independent_holdout,2454,0.0001,0.0
independent_holdout,2455,0.0001,0.0
independent_holdout,2456,0.0001,0.0
independent_holdout,2457,0.0001,0.0
independent_holdout,2458,0.0001,0.0
independent_holdout,2459,0.0001,0.0
independent_holdout,2460,0.0001,0.0
independent_holdout,2461,0.0001,0.0
independent_holdout,2462,0.0001,0.0
independent_holdout,2463,0.0001,0.0
independent_holdout,2464,0.0001,0.0
independent_holdout,2465,0.0001,0.0
independent_holdout,2466,0.0001,0.0
independent_holdout,2467,0.0001,0.0
independent_holdout,2468,0.0001,0.0
independent_holdout,2469,0.0001,0.0
independent_holdout,2470,0.0001,0.0
independent_holdout,2471,0.0001,0.0
independent_holdout,2472,0.0001,0.0
independent_holdout,2473,0.0001,0.0
independent_holdout,2474,0.0001,0.0
independent_holdout,2475,0.0001,0.0
independent_holdout,2476,0.0001,0.0
independent_holdout,2477,0.0001,0.0
independent_holdout,2478,0.0001,0.0
independent_holdout,2479,0.0001,0.0
independent_holdout,2480,0.0001,0.0
independent_holdout,2481,0.0001,0.0
independent_holdout,2482,0.0001,0.0
independent_holdout,2483,0.0001,0.0
independent_holdout,2484,0.0001,0.0
independent_holdout,2485,0.0001,0.0
independent_holdout,2486,0.0001,0.0
independent_holdout,2487,0.0001,0.0
independent_holdout,2488,0.0001,0.0
independent_holdout,2489,0.0001,0.0
independent_holdout,2490,0.0001,0.0
independent_holdout,2491,0.0001,0.0
independent_holdout,2492,0.0001,0.0
independent_holdout,2493,0.0001,0.0
independent_holdout,2494,0.0001,0.0
independent_holdout,2495,0.0001,0.0
independent_holdout,2496,0.0001,0.0
independent_holdout,2497,0.0001,0.0
independent_holdout,2498,0.0001,0.0
independent_holdout,2499,0.0001,0.0
independent_holdout,2500,0.0001,0.0
independent_holdout,2501,0.0001,0.0
independent_holdout,2502,0.0001,0.0
independent_holdout,2503,0.0001,0.0
independent_holdout,2504,0.0001,0.0
independent_holdout,2505,0.0001,0.0
independent_holdout,2506,0.0001,0.0
independent_holdout,2507,0.0001,0.0
independent_holdout,2508,0.0001,0.0
independent_holdout,2509,0.0001,0.0
independent_holdout,2510,0.0001,0.0
independent_holdout,2511,0.0001,0.0
independent_holdout,2512,0.0001,0.0
independent_holdout,2513,0.0001,0.0
independent_holdout,2514,0.0001,0.0
independent_holdout,2515,0.0001,0.0
independent_holdout,2516,0.0001,0.0
independent_holdout,2517,0.0001,0.0
independent_holdout,2518,0.0001,0.0
independent_holdout,2519,0.0001,4468.140224888888
independent_holdout,2520,0.0001,0.0
independent_holdout,2521,0.0001,0.0
independent_holdout,2522,0.0001,0.0
independent_holdout,2523,0.0001,0.0
independent_holdout,2524,0.0001,0.0
independent_holdout,2525,0.0001,0.0
independent_holdout,2526,0.0001,0.0
independent_holdout,2527,0.0001,0.0
independent_holdout,2528,0.0001,0.0
independent_holdout,2529,0.0001,0.0
independent_holdout,2530,0.0001,0.0
independent_holdout,2531,0.0001,0.0
independent_holdout,2532,0.0001,0.0
independent_holdout,2533,0.0001,0.0
independent_holdout,2534,0.0001,0.0
independent_holdout,2535,0.0001,0.0
independent_holdout,2536,0.0001,0.0
independent_holdout,2537,0.0001,0.0
independent_holdout,2538,0.0001,0.0
independent_holdout,2539,0.0001,0.0
independent_holdout,2540,0.0001,0.0
independent_holdout,2541,0.0001,0.0
independent_holdout,2542,0.0001,0.0
independent_holdout,2543,0.0001,0.0
independent_holdout,2544,0.0001,0.0
independent_holdout,2545,0.0001,0.0
independent_holdout,2546,0.0001,0.0
independent_holdout,2547,0.0001,0.0
independent_holdout,2548,0.0001,0.0
independent_holdout,2549,0.0001,0.0
independent_holdout,2550,0.0001,0.0
independent_holdout,2551,0.0001,0.0
independent_holdout,2552,0.0001,0.0
independent_holdout,2553,0.0001,0.0
independent_holdout,2554,0.0001,0.0
independent_holdout,2555,0.0001,0.0
independent_holdout,2556,0.0001,0.0
independent_holdout,2557,0.0001,0.0
independent_holdout,2558,0.0001,0.0
independent_holdout,2559,0.0001,0.0
independent_holdout,2560,0.0001,0.0
independent_holdout,2561,0.0001,0.0
independent_holdout,2562,0.0001,0.0
independent_holdout,2563,0.0001,0.0
independent_holdout,2564,0.0001,0.0
independent_holdout,2565,0.0001,0.0
independent_holdout,2566,0.0001,0.0
independent_holdout,2567,0.0001,0.0
independent_holdout,2568,0.0001,0.0
independent_holdout,2569,0.0001,0.0
independent_holdout,2570,0.0001,0.0
independent_holdout,2571,0.0001,0.0
independent_holdout,2572,0.0001,0.0
independent_holdout,2573,0.0001,0.0
independent_holdout,2574,0.0001,0.0
independent_holdout,2575,0.0001,0.0
independent_holdout,2576,0.0001,0.0
independent_holdout,2577,0.0001,0.0
independent_holdout,2578,0.0001,0.0
independent_holdout,2579,0.0001,0.0
independent_holdout,2580,0.0001,0.0
independent_holdout,2581,0.0001,0.0
independent_holdout,2582,0.0001,0.0
independent_holdout,2583,0.0001,0.0
independent_holdout,2584,0.0001,0.0
independent_holdout,2585,0.0001,0.0
independent_holdout,2586,0.0001,0.0
independent_holdout,2587,0.0001,0.0
independent_holdout,2588,0.0001,0.0
independent_holdout,2589,0.0001,0.0
independent_holdout,2590,0.0001,0.0
independent_holdout,2591,0.0001,0.0
independent_holdout,2592,0.0001,0.0
independent_holdout,2593,0.0001,0.0
independent_holdout,2594,0.0001,0.0
independent_holdout,2595,0.0001,0.0
independent_holdout,2596,0.0001,0.0
independent_holdout,2597,0.0001,0.0
independent_holdout,2598,0.0001,0.0
independent_holdout,2599,0.0001,0.0
independent_holdout,2600,0.0001,0.0
independent_holdout,2601,0.0001,0.0
independent_holdout,2602,0.0001,0.0
independent_holdout,2603,0.0001,0.0
independent_holdout,2604,0.0001,0.0
independent_holdout,2605,0.0001,0.0
independent_holdout,2606,0.0001,0.0
independent_holdout,2607,0.0001,0.0
independent_holdout,2608,0.0001,0.0
independent_holdout,2609,0.0001,0.0
independent_holdout,2610,0.0001,0.0
independent_holdout,2611,0.0001,0.0
independent_holdout,2612,0.0001,0.0
independent_holdout,2613,0.0001,0.0
independent_holdout,2614,0.0001,0.0
independent_holdout,2615,0.0001,0.0
independent_holdout,2616,0.0001,0.0
independent_holdout,2617,0.0001,0.0
independent_holdout,2618,0.0001,0.0
independent_holdout,2619,0.0001,0.0
independent_holdout,2620,0.0001,0.0
independent_holdout,2621,0.0001,0.0
independent_holdout,2622,0.0001,0.0
independent_holdout,2623,0.0001,0.0
independent_holdout,2624,0.0001,0.0
independent_holdout,2625,0.0001,0.0
independent_holdout,2626,0.0001,0.0
independent_holdout,2627,0.0001,0.0
independent_holdout,2628,0.0001,0.0
independent_holdout,2629,0.0001,0.0
independent_holdout,2630,0.0001,0.0
independent_holdout,2631,0.0001,0.0
independent_holdout,2632,0.0001,0.0
independent_holdout,2633,0.0001,0.0
independent_holdout,2634,0.0001,0.0
independent_holdout,2635,0.0001,0.0
independent_holdout,2636,0.0001,0.0
independent_holdout,2637,0.0001,0.0
independent_holdout,2638,0.0001,0.0
independent_holdout,2639,0.0001,0.0
independent_holdout,2640,0.0001,0.0
independent_holdout,2641,0.0001,0.0
independent_holdout,2642,0.0001,0.0
independent_holdout,2643,0.0001,0.0
independent_holdout,2644,0.0001,0.0
independent_holdout,2645,0.0001,0.0
independent_holdout,2646,0.0001,0.0
independent_holdout,2647,0.0001,0.0
independent_holdout,2648,0.0001,0.0
independent_holdout,2649,0.0001,0.0
independent_holdout,2650,0.0001,0.0
independent_holdout,2651,0.0001,0.0
independent_holdout,2652,0.0001,0.0
independent_holdout,2653,0.0001,0.0
independent_holdout,2654,0.0001,0.0
independent_holdout,2655,0.0001,0.0
independent_holdout,2656,0.0001,0.0
independent_holdout,2657,0.0001,0.0
independent_holdout,2658,0.0001,0.0
independent_holdout,2659,0.0001,0.0
independent_holdout,2660,0.0001,0.0
independent_holdout,2661,0.0001,0.0
independent_holdout,2662,0.0001,0.0
independent_holdout,2663,0.0001,0.0
independent_holdout,2664,0.0001,0.0
independent_holdout,2665,0.0001,0.0
independent_holdout,2666,0.0001,0.0
independent_holdout,2667,0.0001,0.0
independent_holdout,2668,0.0001,0.0
independent_holdout,2669,0.0001,0.0
independent_holdout,2670,0.0001,0.0
independent_holdout,2671,0.0001,0.0
independent_holdout,2672,0.0001,0.0
independent_holdout,2673,0.0001,0.0
independent_holdout,2674,0.0001,0.0
independent_holdout,2675,0.0001,0.0
independent_holdout,2676,0.0001,0.0
independent_holdout,2677,0.0001,0.0
independent_holdout,2678,0.0001,0.0
independent_holdout,2679,0.0001,0.0
independent_holdout,2680,0.0001,0.0
independent_holdout,2681,0.0001,0.0
independent_holdout,2682,0.0001,0.0
independent_holdout,2683,0.0001,0.0
independent_holdout,2684,0.0001,0.0
independent_holdout,2685,0.0001,0.0
independent_holdout,2686,0.0001,0.0
independent_holdout,2687,0.0001,0.0
independent_holdout,2688,0.0001,0.0
independent_holdout,2689,0.0001,0.0
independent_holdout,2690,0.0001,0.0
independent_holdout,2691,0.0001,0.0
independent_holdout,2692,0.0001,0.0
independent_holdout,2693,0.0001,0.0
independent_holdout,2694,0.0001,0.0
independent_holdout,2695,0.0001,0.0
independent_holdout,2696,0.0001,0.0
independent_holdout,2697,0.0001,0.0
independent_holdout,2698,0.0001,0.0
independent_holdout,2699,0.0001,0.0
independent_holdout,2700,0.0001,0.0
independent_holdout,2701,0.0001,0.0
independent_holdout,2702,0.0001,0.0
independent_holdout,2703,0.0001,0.0
independent_holdout,2704,0.0001,0.0
independent_holdout,2705,0.0001,0.0
independent_holdout,2706,0.0001,0.0
independent_holdout,2707,0.0001,0.0
independent_holdout,2708,0.0001,0.0
independent_holdout,2709,0.0001,0.0
independent_holdout,2710,0.0001,0.0
independent_holdout,2711,0.0001,0.0
independent_holdout,2712,0.0001,0.0
independent_holdout,2713,0.0001,0.0
independent_holdout,2714,0.0001,0.0
independent_holdout,2715,0.0001,0.0
independent_holdout,2716,0.0001,0.0
independent_holdout,2717,0.0001,0.0
independent_holdout,2718,0.0001,0.0
independent_holdout,2719,0.0001,0.0
independent_holdout,2720,0.0001,0.0
independent_holdout,2721,0.0001,0.0
independent_holdout,2722,0.0001,0.0
independent_holdout,2723,0.0001,0.0
independent_holdout,2724,0.0001,0.0
independent_holdout,2725,0.0001,0.0
independent_holdout,2726,0.0001,0.0
independent_holdout,2727,0.0001,0.0
independent_holdout,2728,0.0001,0.0
independent_holdout,2729,0.0001,0.0
independent_holdout,2730,0.0001,0.0
independent_holdout,2731,0.0001,0.0
independent_holdout,2732,0.0001,0.0
independent_holdout,2733,0.0001,0.0
independent_holdout,2734,0.0001,0.0
independent_holdout,2735,0.0001,0.0
independent_holdout,2736,0.0001,0.0
independent_holdout,2737,0.0001,0.0
independent_holdout,2738,0.0001,0.0
independent_holdout,2739,0.0001,0.0
independent_holdout,2740,0.0001,0.0
independent_holdout,2741,0.0001,0.0
independent_holdout,2742,0.0001,0.0
independent_holdout,2743,0.0001,0.0
independent_holdout,2744,0.0001,0.0
independent_holdout,2745,0.0001,0.0
independent_holdout,2746,0.0001,0.0
independent_holdout,2747,0.0001,0.0
independent_holdout,2748,0.0001,0.0
independent_holdout,2749,0.0001,0.0
independent_holdout,2750,0.0001,0.0
independent_holdout,2751,0.0001,0.0
independent_holdout,2752,0.0001,0.0
independent_holdout,2753,0.0001,0.0
independent_holdout,2754,0.0001,0.0
independent_holdout,2755,0.0001,0.0
independent_holdout,2756,0.0001,0.0
independent_holdout,2757,0.0001,0.0
independent_holdout,2758,0.0001,0.0
independent_holdout,2759,0.0001,0.0
independent_holdout,2760,0.0001,0.0
independent_holdout,2761,0.0001,0.0
independent_holdout,2762,0.0001,0.0
independent_holdout,2763,0.0001,0.0
independent_holdout,2764,0.0001,0.0
independent_holdout,2765,0.0001,0.0
independent_holdout,2766,0.0001,0.0
independent_holdout,2767,0.0001,0.0
independent_holdout,2768,0.0001,0.0
independent_holdout,2769,0.0001,0.0
independent_holdout,2770,0.0001,0.0
independent_holdout,2771,0.0001,0.0
independent_holdout,2772,0.0001,0.0
independent_holdout,2773,0.0001,0.0
independent_holdout,2774,0.0001,0.0
independent_holdout,2775,0.0001,0.0
independent_holdout,2776,0.0001,0.0
independent_holdout,2777,0.0001,0.0
independent_holdout,2778,0.0001,0.0
independent_holdout,2779,0.0001,0.0
independent_holdout,2780,0.0001,0.0
independent_holdout,2781,0.0001,0.0
independent_holdout,2782,0.0001,0.0
independent_holdout,2783,0.0001,0.0
independent_holdout,2784,0.0001,0.0
independent_holdout,2785,0.0001,0.0
independent_holdout,2786,0.0001,0.0
independent_holdout,2787,0.0001,0.0
independent_holdout,2788,0.0001,0.0
independent_holdout,2789,0.0001,0.0
independent_holdout,2790,0.0001,0.0
independent_holdout,2791,0.0001,0.0
independent_holdout,2792,0.0001,0.0
independent_holdout,2793,0.0001,0.0
independent_holdout,2794,0.0001,0.0
independent_holdout,2795,0.0001,0.0
independent_holdout,2796,0.0001,0.0
independent_holdout,2797,0.0001,0.0
independent_holdout,2798,0.0001,0.0
independent_holdout,2799,0.0001,0.0
independent_holdout,2800,0.0001,0.0
independent_holdout,2801,0.0001,0.0
independent_holdout,2802,0.0001,0.0
independent_holdout,2803,0.0001,0.0
independent_holdout,2804,0.0001,0.0
independent_holdout,2805,0.0001,0.0
independent_holdout,2806,0.0001,0.0
independent_holdout,2807,0.0001,0.0
independent_holdout,2808,0.0001,0.0
independent_holdout,2809,0.0001,0.0
independent_holdout,2810,0.0001,0.0
independent_holdout,2811,0.0001,0.0
independent_holdout,2812,0.0001,0.0
independent_holdout,2813,0.0001,0.0
independent_holdout,2814,0.0001,0.0
independent_holdout,2815,0.0001,0.0
independent_holdout,2816,0.0001,5270.774518244783
independent_holdout,2817,0.0001,0.0
independent_holdout,2818,0.0001,0.0
independent_holdout,2819,0.0001,0.0
independent_holdout,2820,0.0001,0.0
independent_holdout,2821,0.0001,0.0
independent_holdout,2822,0.0001,0.0
independent_holdout,2823,0.0001,0.0
independent_holdout,2824,0.0001,0.0
independent_holdout,2825,0.0001,0.0
independent_holdout,2826,0.0001,0.0
independent_holdout,2827,0.0001,0.0
independent_holdout,2828,0.0001,0.0
independent_holdout,2829,0.0001,0.0
independent_holdout,2830,0.0001,0.0
independent_holdout,2831,0.0001,0.0
independent_holdout,2832,0.0001,0.0
independent_holdout,2833,0.0001,0.0
independent_holdout,2834,0.0001,0.0
independent_holdout,2835,0.0001,0.0
independent_holdout,2836,0.0001,0.0
independent_holdout,2837,0.0001,0.0
independent_holdout,2838,0.0001,0.0
independent_holdout,2839,0.0001,0.0
independent_holdout,2840,0.0001,0.0
independent_holdout,2841,0.0001,0.0
independent_holdout,2842,0.0001,0.0
independent_holdout,2843,0.0001,0.0
independent_holdout,2844,0.0001,0.0
independent_holdout,2845,0.0001,0.0
independent_holdout,2846,0.0001,0.0
independent_holdout,2847,0.0001,0.0
independent_holdout,2848,0.0001,0.0
independent_holdout,2849,0.0001,0.0
independent_holdout,2850,0.0001,0.0
independent_holdout,2851,0.0001,0.0
independent_holdout,2852,0.0001,0.0
independent_holdout,2853,0.0001,0.0
independent_holdout,2854,0.0001,553.8947222222222
independent_holdout,2855,0.0001,0.0
independent_holdout,2856,0.0001,0.0
independent_holdout,2857,0.0001,0.0
independent_holdout,2858,0.0001,0.0
independent_holdout,2859,0.0001,0.0
independent_holdout,2860,0.0001,0.0
independent_holdout,2861,0.0001,0.0
independent_holdout,2862,0.0001,0.0
independent_holdout,2863,0.0001,0.0
independent_holdout,2864,0.0001,0.0
independent_holdout,2865,0.0001,0.0
independent_holdout,2866,0.0001,0.0
independent_holdout,2867,0.0001,0.0
independent_holdout,2868,0.0001,0.0
independent_holdout,2869,0.0001,0.0
independent_holdout,2870,0.0001,0.0
independent_holdout,2871,0.0001,0.0
independent_holdout,2872,0.0001,0.0
independent_holdout,2873,0.0001,0.0
independent_holdout,2874,0.0001,0.0
independent_holdout,2875,0.0001,0.0
independent_holdout,2876,0.0001,0.0
independent_holdout,2877,0.0001,0.0
independent_holdout,2878,0.0001,0.0
independent_holdout,2879,0.0001,0.0
independent_holdout,2880,0.0001,0.0
independent_holdout,2881,0.0001,0.0
independent_holdout,2882,0.0001,0.0
independent_holdout,2883,0.0001,0.0
independent_holdout,2884,0.0001,0.0
independent_holdout,2885,0.0001,0.0
independent_holdout,2886,0.0001,0.0
independent_holdout,2887,0.0001,0.0
independent_holdout,2888,0.0001,0.0
independent_holdout,2889,0.0001,0.0
independent_holdout,2890,0.0001,0.0
independent_holdout,2891,0.0001,0.0
independent_holdout,2892,0.0001,0.0
independent_holdout,2893,0.0001,0.0
independent_holdout,2894,0.0001,0.0
independent_holdout,2895,0.0001,0.0
independent_holdout,2896,0.0001,0.0
independent_holdout,2897,0.0001,0.0
independent_holdout,2898,0.0001,0.0
independent_holdout,2899,0.0001,0.0
independent_holdout,2900,0.0001,0.0
independent_holdout,2901,0.0001,0.0
independent_holdout,2902,0.0001,0.0
independent_holdout,2903,0.0001,0.0
independent_holdout,2904,0.0001,0.0
independent_holdout,2905,0.0001,0.0
independent_holdout,2906,0.0001,0.0
independent_holdout,2907,0.0001,0.0
independent_holdout,2908,0.0001,0.0
independent_holdout,2909,0.0001,0.0
independent_holdout,2910,0.0001,0.0
independent_holdout,2911,0.0001,0.0
independent_holdout,2912,0.0001,0.0
independent_holdout,2913,0.0001,0.0
independent_holdout,2914,0.0001,0.0
independent_holdout,2915,0.0001,0.0
independent_holdout,2916,0.0001,0.0
independent_holdout,2917,0.0001,0.0
independent_holdout,2918,0.0001,0.0
independent_holdout,2919,0.0001,0.0
independent_holdout,2920,0.0001,0.0
independent_holdout,2921,0.0001,0.0
independent_holdout,2922,0.0001,0.0
independent_holdout,2923,0.0001,0.0
independent_holdout,2924,0.0001,0.0
independent_holdout,2925,0.0001,0.0
independent_holdout,2926,0.0001,0.0
independent_holdout,2927,0.0001,0.0
independent_holdout,2928,0.0001,0.0
independent_holdout,2929,0.0001,0.0
independent_holdout,2930,0.0001,0.0
independent_holdout,2931,0.0001,0.0
independent_holdout,2932,0.0001,0.0
independent_holdout,2933,0.0001,0.0
independent_holdout,2934,0.0001,0.0
independent_holdout,2935,0.0001,0.0
independent_holdout,2936,0.0001,0.0
independent_holdout,2937,0.0001,0.0
independent_holdout,2938,0.0001,0.0
independent_holdout,2939,0.0001,0.0
independent_holdout,2940,0.0001,0.0
independent_holdout,2941,0.0001,0.0
independent_holdout,2942,0.0001,0.0
independent_holdout,2943,0.0001,0.0
independent_holdout,2944,0.0001,0.0
independent_holdout,2945,0.0001,0.0
independent_holdout,2946,0.0001,0.0
independent_holdout,2947,0.0001,0.0
independent_holdout,2948,0.0001,0.0
independent_holdout,2949,0.0001,0.0
independent_holdout,2950,0.0001,0.0
independent_holdout,2951,0.0001,0.0
independent_holdout,2952,0.0001,0.0
independent_holdout,2953,0.0001,0.0
independent_holdout,2954,0.0001,0.0
independent_holdout,2955,0.0001,0.0
independent_holdout,2956,0.0001,0.0
independent_holdout,2957,0.0001,0.0
independent_holdout,2958,0.0001,0.0
independent_holdout,2959,0.0001,0.0
independent_holdout,2960,0.0001,0.0
independent_holdout,2961,0.0001,0.0
independent_holdout,2962,0.0001,0.0
independent_holdout,2963,0.0001,0.0
independent_holdout,2964,0.0001,0.0
independent_holdout,2965,0.0001,0.0
independent_holdout,2966,0.0001,0.0
independent_holdout,2967,0.0001,0.0
independent_holdout,2968,0.0001,0.0
independent_holdout,2969,0.0001,0.0
independent_holdout,2970,0.0001,0.0
independent_holdout,2971,0.0001,0.0
independent_holdout,2972,0.0001,0.0
independent_holdout,2973,0.0001,0.0
independent_holdout,2974,0.0001,0.0
independent_holdout,2975,0.0001,0.0
independent_holdout,2976,0.0001,0.0
independent_holdout,2977,0.0001,0.0
independent_holdout,2978,0.0001,0.0
independent_holdout,2979,0.0001,0.0
independent_holdout,2980,0.0001,0.0
independent_holdout,2981,0.0001,0.0
independent_holdout,2982,0.0001,0.0
independent_holdout,2983,0.0001,0.0
independent_holdout,2984,0.0001,0.0
independent_holdout,2985,0.0001,0.0
independent_holdout,2986,0.0001,0.0
independent_holdout,2987,0.0001,0.0
independent_holdout,2988,0.0001,0.0
independent_holdout,2989,0.0001,0.0
independent_holdout,2990,0.0001,0.0
independent_holdout,2991,0.0001,0.0
independent_holdout,2992,0.0001,0.0
independent_holdout,2993,0.0001,0.0
independent_holdout,2994,0.0001,0.0
independent_holdout,2995,0.0001,0.0
independent_holdout,2996,0.0001,0.0
independent_holdout,2997,0.0001,0.0
independent_holdout,2998,0.0001,0.0
independent_holdout,2999,0.0001,0.0
independent_holdout,3000,0.0001,0.0
independent_holdout,3001,0.0001,0.0
independent_holdout,3002,0.0001,0.0
independent_holdout,3003,0.0001,0.0
independent_holdout,3004,0.0001,0.0
independent_holdout,3005,0.0001,0.0
independent_holdout,3006,0.0001,0.0
independent_holdout,3007,0.0001,0.0
independent_holdout,3008,0.0001,0.0
independent_holdout,3009,0.0001,0.0
independent_holdout,3010,0.0001,0.0
independent_holdout,3011,0.0001,0.0
independent_holdout,3012,0.0001,0.0
independent_holdout,3013,0.0001,0.0
independent_holdout,3014,0.0001,0.0
independent_holdout,3015,0.0001,0.0
independent_holdout,3016,0.0001,0.0
independent_holdout,3017,0.0001,0.0
independent_holdout,3018,0.0001,0.0
independent_holdout,3019,0.0001,0.0
independent_holdout,3020,0.0001,0.0
independent_holdout,3021,0.0001,0.0
independent_holdout,3022,0.0001,0.0
independent_holdout,3023,0.0001,0.0
independent_holdout,3024,0.0001,0.0
independent_holdout,3025,0.0001,0.0
independent_holdout,3026,0.0001,0.0
independent_holdout,3027,0.0001,0.0
independent_holdout,3028,0.0001,0.0
independent_holdout,3029,0.0001,0.0
independent_holdout,3030,0.0001,0.0
independent_holdout,3031,0.0001,0.0
independent_holdout,3032,0.0001,0.0
independent_holdout,3033,0.0001,0.0
independent_holdout,3034,0.0001,0.0
independent_holdout,3035,0.0001,0.0
independent_holdout,3036,0.0001,0.0
independent_holdout,3037,0.0001,0.0
independent_holdout,3038,0.0001,0.0
independent_holdout,3039,0.0001,0.0
independent_holdout,3040,0.0001,0.0
independent_holdout,3041,0.0001,0.0
independent_holdout,3042,0.0001,0.0
independent_holdout,3043,0.0001,0.0
independent_holdout,3044,0.0001,0.0
independent_holdout,3045,0.0001,0.0
independent_holdout,3046,0.0001,0.0
independent_holdout,3047,0.0001,0.0
independent_holdout,3048,0.0001,0.0
independent_holdout,3049,0.0001,0.0
independent_holdout,3050,0.0001,0.0
independent_holdout,3051,0.0001,0.0
independent_holdout,3052,0.0001,0.0
independent_holdout,3053,0.0001,0.0
independent_holdout,3054,0.0001,0.0
independent_holdout,3055,0.0001,0.0
independent_holdout,3056,0.0001,0.0
independent_holdout,3057,0.0001,0.0
independent_holdout,3058,0.0001,0.0
independent_holdout,3059,0.0001,0.0
independent_holdout,3060,0.0001,0.0
independent_holdout,3061,0.0001,0.0
independent_holdout,3062,0.0001,0.0
independent_holdout,3063,0.0001,0.0
independent_holdout,3064,0.0001,0.0
independent_holdout,3065,0.0001,0.0
independent_holdout,3066,0.0001,0.0
independent_holdout,3067,0.0001,0.0
independent_holdout,3068,0.0001,0.0
independent_holdout,3069,0.0001,0.0
independent_holdout,3070,0.0001,0.0
independent_holdout,3071,0.0001,0.0
independent_holdout,3072,0.0001,0.0
independent_holdout,3073,0.0001,0.0
independent_holdout,3074,0.0001,0.0
independent_holdout,3075,0.0001,0.0
independent_holdout,3076,0.0001,0.0
independent_holdout,3077,0.0001,0.0
independent_holdout,3078,0.0001,0.0
independent_holdout,3079,0.0001,0.0
independent_holdout,3080,0.0001,0.0
independent_holdout,3081,0.0001,0.0
independent_holdout,3082,0.0001,0.0
independent_holdout,3083,0.0001,0.0
independent_holdout,3084,0.0001,0.0
independent_holdout,3085,0.0001,0.0
independent_holdout,3086,0.0001,0.0
independent_holdout,3087,0.0001,0.0
independent_holdout,3088,0.0001,0.0
independent_holdout,3089,0.0001,0.0
independent_holdout,3090,0.0001,0.0
independent_holdout,3091,0.0001,0.0
independent_holdout,3092,0.0001,0.0
independent_holdout,3093,0.0001,0.0
independent_holdout,3094,0.0001,0.0
independent_holdout,3095,0.0001,0.0
independent_holdout,3096,0.0001,0.0
independent_holdout,3097,0.0001,0.0
independent_holdout,3098,0.0001,0.0
independent_holdout,3099,0.0001,0.0
independent_holdout,3100,0.0001,0.0
independent_holdout,3101,0.0001,0.0
independent_holdout,3102,0.0001,0.0
independent_holdout,3103,0.0001,0.0
independent_holdout,3104,0.0001,0.0
independent_holdout,3105,0.0001,0.0
independent_holdout,3106,0.0001,0.0
independent_holdout,3107,0.0001,0.0
independent_holdout,3108,0.0001,0.0
independent_holdout,3109,0.0001,0.0
independent_holdout,3110,0.0001,0.0
independent_holdout,3111,0.0001,0.0
independent_holdout,3112,0.0001,0.0
independent_holdout,3113,0.0001,0.0
independent_holdout,3114,0.0001,0.0
independent_holdout,3115,0.0001,0.0
independent_holdout,3116,0.0001,0.0
independent_holdout,3117,0.0001,0.0
independent_holdout,3118,0.0001,0.0
independent_holdout,3119,0.0001,0.0
independent_holdout,3120,0.0001,0.0
independent_holdout,3121,0.0001,0.0
independent_holdout,3122,0.0001,0.0
independent_holdout,3123,0.0001,0.0
independent_holdout,3124,0.0001,0.0
independent_holdout,3125,0.0001,0.0
independent_holdout,3126,0.0001,0.0
independent_holdout,3127,0.0001,0.0
independent_holdout,3128,0.0001,0.0
independent_holdout,3129,0.0001,0.0
independent_holdout,3130,0.0001,0.0
independent_holdout,3131,0.0001,0.0
independent_holdout,3132,0.0001,0.0
independent_holdout,3133,0.0001,0.0
independent_holdout,3134,0.0001,0.0
independent_holdout,3135,0.0001,0.0
independent_holdout,3136,0.0001,0.0
independent_holdout,3137,0.0001,0.0
independent_holdout,3138,0.0001,0.0
independent_holdout,3139,0.0001,0.0
independent_holdout,3140,0.0001,0.0
independent_holdout,3141,0.0001,0.0
independent_holdout,3142,0.0001,0.0
independent_holdout,3143,0.0001,0.0
independent_holdout,3144,0.0001,0.0
independent_holdout,3145,0.0001,0.0
independent_holdout,3146,0.0001,0.0
independent_holdout,3147,0.0001,0.0
independent_holdout,3148,0.0001,0.0
independent_holdout,3149,0.0001,0.0
independent_holdout,3150,0.0001,0.0
independent_holdout,3151,0.0001,0.0
independent_holdout,3152,0.0001,0.0
independent_holdout,3153,0.0001,0.0
independent_holdout,3154,0.0001,0.0
independent_holdout,3155,0.0001,0.0
independent_holdout,3156,0.0001,0.0
independent_holdout,3157,0.0001,0.0
independent_holdout,3158,0.0001,0.0
independent_holdout,3159,0.0001,0.0
independent_holdout,3160,0.0001,0.0
independent_holdout,3161,0.0001,0.0
independent_holdout,3162,0.0001,0.0
independent_holdout,3163,0.0001,0.0
independent_holdout,3164,0.0001,0.0
independent_holdout,3165,0.0001,0.0
independent_holdout,3166,0.0001,0.0
independent_holdout,3167,0.0001,0.0
independent_holdout,3168,0.0001,0.0
independent_holdout,3169,0.0001,0.0
independent_holdout,3170,0.0001,0.0
independent_holdout,3171,0.0001,0.0
independent_holdout,3172,0.0001,0.0
independent_holdout,3173,0.0001,0.0
independent_holdout,3174,0.0001,0.0
independent_holdout,3175,0.0001,0.0
independent_holdout,3176,0.0001,0.0
independent_holdout,3177,0.0001,0.0
independent_holdout,3178,0.0001,0.0
independent_holdout,3179,0.0001,0.0
independent_holdout,3180,0.0001,0.0
independent_holdout,3181,0.0001,0.0
independent_holdout,3182,0.0001,0.0
independent_holdout,3183,0.0001,0.0
independent_holdout,3184,0.0001,0.0
independent_holdout,3185,0.0001,0.0
independent_holdout,3186,0.0001,0.0
independent_holdout,3187,0.0001,0.0
independent_holdout,3188,0.0001,0.0
independent_holdout,3189,0.0001,0.0
independent_holdout,3190,0.0001,0.0
independent_holdout,3191,0.0001,0.0
independent_holdout,3192,0.0001,0.0
independent_holdout,3193,0.0001,0.0
independent_holdout,3194,0.0001,0.0
independent_holdout,3195,0.0001,0.0
independent_holdout,3196,0.0001,0.0
independent_holdout,3197,0.0001,0.0
independent_holdout,3198,0.0001,0.0
independent_holdout,3199,0.0001,0.0
independent_holdout,3200,0.0001,0.0
independent_holdout,3201,0.0001,0.0
independent_holdout,3202,0.0001,0.0
independent_holdout,3203,0.0001,0.0
independent_holdout,3204,0.0001,0.0
independent_holdout,3205,0.0001,0.0
independent_holdout,3206,0.0001,0.0
independent_holdout,3207,0.0001,0.0
independent_holdout,3208,0.0001,0.0
independent_holdout,3209,0.0001,0.0
independent_holdout,3210,0.0001,0.0
independent_holdout,3211,0.0001,0.0
independent_holdout,3212,0.0001,0.0
independent_holdout,3213,0.0001,0.0
independent_holdout,3214,0.0001,0.0
independent_holdout,3215,0.0001,0.0
independent_holdout,3216,0.0001,0.0
independent_holdout,3217,0.0001,0.0
independent_holdout,3218,0.0001,0.0
independent_holdout,3219,0.0001,0.0
independent_holdout,3220,0.0001,0.0
independent_holdout,3221,0.0001,0.0
independent_holdout,3222,0.0001,0.0
independent_holdout,3223,0.0001,0.0
independent_holdout,3224,0.0001,0.0
independent_holdout,3225,0.0001,0.0
independent_holdout,3226,0.0001,0.0
independent_holdout,3227,0.0001,0.0
independent_holdout,3228,0.0001,0.0
independent_holdout,3229,0.0001,0.0
independent_holdout,3230,0.0001,0.0
independent_holdout,3231,0.0001,0.0
independent_holdout,3232,0.0001,0.0
independent_holdout,3233,0.0001,0.0
independent_holdout,3234,0.0001,0.0
independent_holdout,3235,0.0001,0.0
independent_holdout,3236,0.0001,0.0
independent_holdout,3237,0.0001,0.0
independent_holdout,3238,0.0001,0.0
independent_holdout,3239,0.0001,0.0
independent_holdout,3240,0.0001,0.0
independent_holdout,3241,0.0001,0.0
independent_holdout,3242,0.0001,0.0
independent_holdout,3243,0.0001,0.0
independent_holdout,3244,0.0001,0.0
independent_holdout,3245,0.0001,0.0
independent_holdout,3246,0.0001,0.0
independent_holdout,3247,0.0001,0.0
independent_holdout,3248,0.0001,0.0
independent_holdout,3249,0.0001,0.0
independent_holdout,3250,0.0001,0.0
independent_holdout,3251,0.0001,0.0
independent_holdout,3252,0.0001,0.0
independent_holdout,3253,0.0001,0.0
independent_holdout,3254,0.0001,0.0
independent_holdout,3255,0.0001,0.0
independent_holdout,3256,0.0001,0.0
independent_holdout,3257,0.0001,0.0
independent_holdout,3258,0.0001,0.0
independent_holdout,3259,0.0001,0.0
independent_holdout,3260,0.0001,0.0
independent_holdout,3261,0.0001,0.0
independent_holdout,3262,0.0001,0.0
independent_holdout,3263,0.0001,0.0
independent_holdout,3264,0.0001,0.0
independent_holdout,3265,0.0001,0.0
independent_holdout,3266,0.0001,0.0
independent_holdout,3267,0.0001,0.0
independent_holdout,3268,0.0001,0.0
independent_holdout,3269,0.0001,0.0
independent_holdout,3270,0.0001,0.0
independent_holdout,3271,0.0001,0.0
independent_holdout,3272,0.0001,0.0
independent_holdout,3273,0.0001,0.0
independent_holdout,3274,0.0001,0.0
independent_holdout,3275,0.0001,0.0
independent_holdout,3276,0.0001,0.0
independent_holdout,3277,0.0001,0.0
independent_holdout,3278,0.0001,0.0
independent_holdout,3279,0.0001,0.0
independent_holdout,3280,0.0001,0.0
independent_holdout,3281,0.0001,0.0
independent_holdout,3282,0.0001,0.0
independent_holdout,3283,0.0001,0.0
independent_holdout,3284,0.0001,0.0
independent_holdout,3285,0.0001,0.0
independent_holdout,3286,0.0001,0.0
independent_holdout,3287,0.0001,0.0
independent_holdout,3288,0.0001,0.0
independent_holdout,3289,0.0001,0.0
independent_holdout,3290,0.0001,0.0
independent_holdout,3291,0.0001,0.0
independent_holdout,3292,0.0001,0.0
independent_holdout,3293,0.0001,0.0
independent_holdout,3294,0.0001,0.0
independent_holdout,3295,0.0001,0.0
independent_holdout,3296,0.0001,0.0
independent_holdout,3297,0.0001,0.0
independent_holdout,3298,0.0001,0.0
independent_holdout,3299,0.0001,0.0
independent_holdout,3300,0.0001,0.0
independent_holdout,3301,0.0001,0.0
independent_holdout,3302,0.0001,0.0
independent_holdout,3303,0.0001,0.0
independent_holdout,3304,0.0001,0.0
independent_holdout,3305,0.0001,0.0
independent_holdout,3306,0.0001,0.0
independent_holdout,3307,0.0001,0.0
independent_holdout,3308,0.0001,0.0
independent_holdout,3309,0.0001,0.0
independent_holdout,3310,0.0001,0.0
independent_holdout,3311,0.0001,0.0
independent_holdout,3312,0.0001,0.0
independent_holdout,3313,0.0001,0.0
independent_holdout,3314,0.0001,0.0
independent_holdout,3315,0.0001,0.0
independent_holdout,3316,0.0001,0.0
independent_holdout,3317,0.0001,0.0
independent_holdout,3318,0.0001,0.0
independent_holdout,3319,0.0001,0.0
independent_holdout,3320,0.0001,0.0
independent_holdout,3321,0.0001,0.0
independent_holdout,3322,0.0001,0.0
independent_holdout,3323,0.0001,0.0
independent_holdout,3324,0.0001,0.0
independent_holdout,3325,0.0001,0.0
independent_holdout,3326,0.0001,0.0
independent_holdout,3327,0.0001,0.0
independent_holdout,3328,0.0001,0.0
independent_holdout,3329,0.0001,0.0
independent_holdout,3330,0.0001,0.0
independent_holdout,3331,0.0001,0.0
independent_holdout,3332,0.0001,0.0
independent_holdout,3333,0.0001,0.0
independent_holdout,3334,0.0001,0.0
independent_holdout,3335,0.0001,0.0
independent_holdout,3336,0.0001,0.0
independent_holdout,3337,0.0001,0.0
independent_holdout,3338,0.0001,0.0
independent_holdout,3339,0.0001,0.0
independent_holdout,3340,0.0001,0.0
independent_holdout,3341,0.0001,0.0
independent_holdout,3342,0.0001,0.0
independent_holdout,3343,0.0001,0.0
independent_holdout,3344,0.0001,0.0
independent_holdout,3345,0.0001,0.0
independent_holdout,3346,0.0001,0.0
independent_holdout,3347,0.0001,0.0
independent_holdout,3348,0.0001,0.0
independent_holdout,3349,0.0001,0.0
independent_holdout,3350,0.0001,0.0
independent_holdout,3351,0.0001,0.0
independent_holdout,3352,0.0001,0.0
independent_holdout,3353,0.0001,0.0
independent_holdout,3354,0.0001,0.0
independent_holdout,3355,0.0001,0.0
independent_holdout,3356,0.0001,0.0
independent_holdout,3357,0.0001,0.0
independent_holdout,3358,0.0001,0.0
independent_holdout,3359,0.0001,0.0
independent_holdout,3360,0.0001,0.0
independent_holdout,3361,0.0001,0.0
independent_holdout,3362,0.0001,0.0
independent_holdout,3363,0.0001,0.0
independent_holdout,3364,0.0001,0.0
independent_holdout,3365,0.0001,0.0
independent_holdout,3366,0.0001,0.0
independent_holdout,3367,0.0001,0.0
independent_holdout,3368,0.0001,0.0
independent_holdout,3369,0.0001,0.0
independent_holdout,3370,0.0001,0.0
independent_holdout,3371,0.0001,0.0
independent_holdout,3372,0.0001,0.0
independent_holdout,3373,0.0001,0.0
independent_holdout,3374,0.0001,0.0
independent_holdout,3375,0.0001,0.0
independent_holdout,3376,0.0001,0.0
independent_holdout,3377,0.0001,0.0
independent_holdout,3378,0.0001,0.0
independent_holdout,3379,0.0001,0.0
independent_holdout,3380,0.0001,0.0
independent_holdout,3381,0.0001,0.0
independent_holdout,3382,0.0001,0.0
independent_holdout,3383,0.0001,0.0
independent_holdout,3384,0.0001,0.0
independent_holdout,3385,0.0001,0.0
independent_holdout,3386,0.0001,0.0
independent_holdout,3387,0.0001,0.0
independent_holdout,3388,0.0001,0.0
independent_holdout,3389,0.0001,0.0
independent_holdout,3390,0.0001,0.0
independent_holdout,3391,0.0001,0.0
independent_holdout,3392,0.0001,0.0
independent_holdout,3393,0.0001,0.0
independent_holdout,3394,0.0001,0.0
independent_holdout,3395,0.0001,0.0
independent_holdout,3396,0.0001,0.0
independent_holdout,3397,0.0001,0.0
independent_holdout,3398,0.0001,0.0
independent_holdout,3399,0.0001,0.0
independent_holdout,3400,0.0001,0.0
independent_holdout,3401,0.0001,0.0
independent_holdout,3402,0.0001,0.0
independent_holdout,3403,0.0001,0.0
independent_holdout,3404,0.0001,0.0
independent_holdout,3405,0.0001,0.0
independent_holdout,3406,0.0001,0.0
independent_holdout,3407,0.0001,0.0
independent_holdout,3408,0.0001,0.0
independent_holdout,3409,0.0001,0.0
independent_holdout,3410,0.0001,0.0
independent_holdout,3411,0.0001,0.0
independent_holdout,3412,0.0001,0.0
independent_holdout,3413,0.0001,0.0
independent_holdout,3414,0.0001,0.0
independent_holdout,3415,0.0001,0.0
independent_holdout,3416,0.0001,0.0
independent_holdout,3417,0.0001,0.0
independent_holdout,3418,0.0001,0.0
independent_holdout,3419,0.0001,0.0
independent_holdout,3420,0.0001,0.0
independent_holdout,3421,0.0001,0.0
independent_holdout,3422,0.0001,0.0
independent_holdout,3423,0.0001,0.0
independent_holdout,3424,0.0001,0.0
independent_holdout,3425,0.0001,0.0
independent_holdout,3426,0.0001,0.0
independent_holdout,3427,0.0001,0.0
independent_holdout,3428,0.0001,0.0
independent_holdout,3429,0.0001,0.0
independent_holdout,3430,0.0001,0.0
independent_holdout,3431,0.0001,0.0
independent_holdout,3432,0.0001,0.0
independent_holdout,3433,0.0001,0.0
independent_holdout,3434,0.0001,0.0
independent_holdout,3435,0.0001,0.0
independent_holdout,3436,0.0001,0.0
independent_holdout,3437,0.0001,0.0
independent_holdout,3438,0.0001,0.0
independent_holdout,3439,0.0001,0.0
independent_holdout,3440,0.0001,0.0
independent_holdout,3441,0.0001,0.0
independent_holdout,3442,0.0001,0.0
independent_holdout,3443,0.0001,0.0
independent_holdout,3444,0.0001,0.0
independent_holdout,3445,0.0001,0.0
independent_holdout,3446,0.0001,0.0
independent_holdout,3447,0.0001,0.0
independent_holdout,3448,0.0001,0.0
independent_holdout,3449,0.0001,0.0
independent_holdout,3450,0.0001,0.0
independent_holdout,3451,0.0001,0.0
independent_holdout,3452,0.0001,0.0
independent_holdout,3453,0.0001,0.0
independent_holdout,3454,0.0001,0.0
independent_holdout,3455,0.0001,0.0
independent_holdout,3456,0.0001,0.0
independent_holdout,3457,0.0001,0.0
independent_holdout,3458,0.0001,0.0
independent_holdout,3459,0.0001,0.0
independent_holdout,3460,0.0001,0.0
independent_holdout,3461,0.0001,0.0
independent_holdout,3462,0.0001,0.0
independent_holdout,3463,0.0001,0.0
independent_holdout,3464,0.0001,0.0
independent_holdout,3465,0.0001,0.0
independent_holdout,3466,0.0001,0.0
independent_holdout,3467,0.0001,0.0
independent_holdout,3468,0.0001,0.0
independent_holdout,3469,0.0001,0.0
independent_holdout,3470,0.0001,0.0
independent_holdout,3471,0.0001,0.0
independent_holdout,3472,0.0001,0.0
independent_holdout,3473,0.0001,0.0
independent_holdout,3474,0.0001,0.0
independent_holdout,3475,0.0001,0.0
independent_holdout,3476,0.0001,0.0
independent_holdout,3477,0.0001,0.0
independent_holdout,3478,0.0001,0.0
independent_holdout,3479,0.0001,0.0
independent_holdout,3480,0.0001,0.0
independent_holdout,3481,0.0001,0.0
independent_holdout,3482,0.0001,0.0
independent_holdout,3483,0.0001,0.0
independent_holdout,3484,0.0001,0.0
independent_holdout,3485,0.0001,0.0
independent_holdout,3486,0.0001,0.0
independent_holdout,3487,0.0001,0.0
independent_holdout,3488,0.0001,0.0
independent_holdout,3489,0.0001,0.0
independent_holdout,3490,0.0001,0.0
independent_holdout,3491,0.0001,0.0
independent_holdout,3492,0.0001,0.0
independent_holdout,3493,0.0001,0.0
independent_holdout,3494,0.0001,0.0
independent_holdout,3495,0.0001,0.0
independent_holdout,3496,0.0001,0.0
independent_holdout,3497,0.0001,0.0
independent_holdout,3498,0.0001,0.0
independent_holdout,3499,0.0001,0.0
independent_holdout,3500,0.0001,0.0
independent_holdout,3501,0.0001,0.0
independent_holdout,3502,0.0001,0.0
independent_holdout,3503,0.0001,0.0
independent_holdout,3504,0.0001,0.0
independent_holdout,3505,0.0001,0.0
independent_holdout,3506,0.0001,0.0
independent_holdout,3507,0.0001,0.0
independent_holdout,3508,0.0001,0.0
independent_holdout,3509,0.0001,0.0
independent_holdout,3510,0.0001,0.0
independent_holdout,3511,0.0001,0.0
independent_holdout,3512,0.0001,0.0
independent_holdout,3513,0.0001,0.0
independent_holdout,3514,0.0001,0.0
independent_holdout,3515,0.0001,0.0
independent_holdout,3516,0.0001,0.0
independent_holdout,3517,0.0001,0.0
independent_holdout,3518,0.0001,0.0
independent_holdout,3519,0.0001,0.0
independent_holdout,3520,0.0001,0.0
independent_holdout,3521,0.0001,0.0
independent_holdout,3522,0.0001,0.0
independent_holdout,3523,0.0001,0.0
independent_holdout,3524,0.0001,0.0
independent_holdout,3525,0.0001,0.0
independent_holdout,3526,0.0001,0.0
independent_holdout,3527,0.0001,0.0
independent_holdout,3528,0.0001,0.0
independent_holdout,3529,0.0001,0.0
independent_holdout,3530,0.0001,0.0
independent_holdout,3531,0.0001,0.0
independent_holdout,3532,0.0001,0.0
independent_holdout,3533,0.0001,0.0
independent_holdout,3534,0.0001,0.0
independent_holdout,3535,0.0001,0.0
independent_holdout,3536,0.0001,0.0
independent_holdout,3537,0.0001,0.0
independent_holdout,3538,0.0001,0.0
independent_holdout,3539,0.0001,0.0
independent_holdout,3540,0.0001,0.0
independent_holdout,3541,0.0001,0.0
independent_holdout,3542,0.0001,0.0
independent_holdout,3543,0.0001,0.0
independent_holdout,3544,0.0001,0.0
independent_holdout,3545,0.0001,0.0
independent_holdout,3546,0.0001,0.0
independent_holdout,3547,0.0001,0.0
independent_holdout,3548,0.0001,0.0
independent_holdout,3549,0.0001,0.0
independent_holdout,3550,0.0001,0.0
independent_holdout,3551,0.0001,0.0
independent_holdout,3552,0.0001,0.0
independent_holdout,3553,0.0001,0.0
independent_holdout,3554,0.0001,0.0
independent_holdout,3555,0.0001,0.0
independent_holdout,3556,0.0001,0.0
independent_holdout,3557,0.0001,0.0
independent_holdout,3558,0.0001,0.0
independent_holdout,3559,0.0001,0.0
independent_holdout,3560,0.0001,0.0
independent_holdout,3561,0.0001,0.0
independent_holdout,3562,0.0001,0.0
independent_holdout,3563,0.0001,0.0
independent_holdout,3564,0.0001,0.0
independent_holdout,3565,0.0001,0.0
independent_holdout,3566,0.0001,0.0
independent_holdout,3567,0.0001,0.0
independent_holdout,3568,0.0001,0.0
independent_holdout,3569,0.0001,0.0
independent_holdout,3570,0.0001,0.0
independent_holdout,3571,0.0001,0.0
independent_holdout,3572,0.0001,0.0
independent_holdout,3573,0.0001,0.0
independent_holdout,3574,0.0001,0.0
independent_holdout,3575,0.0001,0.0
independent_holdout,3576,0.0001,0.0
independent_holdout,3577,0.0001,0.0
independent_holdout,3578,0.0001,0.0
independent_holdout,3579,0.0001,0.0
independent_holdout,3580,0.0001,0.0
independent_holdout,3581,0.0001,0.0
independent_holdout,3582,0.0001,0.0
independent_holdout,3583,0.0001,0.0
independent_holdout,3584,0.0001,0.0
independent_holdout,3585,0.0001,0.0
independent_holdout,3586,0.0001,0.0
independent_holdout,3587,0.0001,0.0
independent_holdout,3588,0.0001,0.0
independent_holdout,3589,0.0001,0.0
independent_holdout,3590,0.0001,0.0
independent_holdout,3591,0.0001,0.0
independent_holdout,3592,0.0001,0.0
independent_holdout,3593,0.0001,0.0
independent_holdout,3594,0.0001,0.0
independent_holdout,3595,0.0001,0.0
independent_holdout,3596,0.0001,0.0
independent_holdout,3597,0.0001,0.0
independent_holdout,3598,0.0001,0.0
independent_holdout,3599,0.0001,0.0
independent_holdout,3600,0.0001,0.0
independent_holdout,3601,0.0001,0.0
independent_holdout,3602,0.0001,0.0
independent_holdout,3603,0.0001,0.0
independent_holdout,3604,0.0001,0.0
independent_holdout,3605,0.0001,0.0
independent_holdout,3606,0.0001,0.0
independent_holdout,3607,0.0001,0.0
independent_holdout,3608,0.0001,0.0
independent_holdout,3609,0.0001,0.0
independent_holdout,3610,0.0001,0.0
independent_holdout,3611,0.0001,0.0
independent_holdout,3612,0.0001,0.0
independent_holdout,3613,0.0001,0.0
independent_holdout,3614,0.0001,0.0
independent_holdout,3615,0.0001,0.0
independent_holdout,3616,0.0001,0.0
independent_holdout,3617,0.0001,0.0
independent_holdout,3618,0.0001,0.0
independent_holdout,3619,0.0001,0.0
independent_holdout,3620,0.0001,0.0
independent_holdout,3621,0.0001,0.0
independent_holdout,3622,0.0001,0.0
independent_holdout,3623,0.0001,0.0
independent_holdout,3624,0.0001,0.0
independent_holdout,3625,0.0001,0.0
independent_holdout,3626,0.0001,0.0
independent_holdout,3627,0.0001,0.0
independent_holdout,3628,0.0001,0.0
independent_holdout,3629,0.0001,0.0
independent_holdout,3630,0.0001,0.0
independent_holdout,3631,0.0001,0.0
independent_holdout,3632,0.0001,0.0
independent_holdout,3633,0.0001,0.0
independent_holdout,3634,0.0001,0.0
independent_holdout,3635,0.0001,0.0
independent_holdout,3636,0.0001,0.0
independent_holdout,3637,0.0001,0.0
independent_holdout,3638,0.0001,0.0
independent_holdout,3639,0.0001,0.0
independent_holdout,3640,0.0001,0.0
independent_holdout,3641,0.0001,0.0
independent_holdout,3642,0.0001,0.0
independent_holdout,3643,0.0001,0.0
independent_holdout,3644,0.0001,0.0
independent_holdout,3645,0.0001,0.0
independent_holdout,3646,0.0001,0.0
independent_holdout,3647,0.0001,0.0
independent_holdout,3648,0.0001,0.0
independent_holdout,3649,0.0001,0.0
independent_holdout,3650,0.0001,0.0
independent_holdout,3651,0.0001,0.0
independent_holdout,3652,0.0001,0.0
independent_holdout,3653,0.0001,0.0
independent_holdout,3654,0.0001,0.0
independent_holdout,3655,0.0001,0.0
independent_holdout,3656,0.0001,0.0
independent_holdout,3657,0.0001,0.0
independent_holdout,3658,0.0001,0.0
independent_holdout,3659,0.0001,0.0
independent_holdout,3660,0.0001,2694.1642461888887
independent_holdout,3661,0.0001,0.0
independent_holdout,3662,0.0001,0.0
independent_holdout,3663,0.0001,0.0
independent_holdout,3664,0.0001,0.0
independent_holdout,3665,0.0001,0.0
independent_holdout,3666,0.0001,0.0
independent_holdout,3667,0.0001,0.0
independent_holdout,3668,0.0001,0.0
independent_holdout,3669,0.0001,0.0
independent_holdout,3670,0.0001,0.0
independent_holdout,3671,0.0001,0.0
independent_holdout,3672,0.0001,0.0
independent_holdout,3673,0.0001,0.0
independent_holdout,3674,0.0001,0.0
independent_holdout,3675,0.0001,0.0
independent_holdout,3676,0.0001,0.0
independent_holdout,3677,0.0001,0.0
independent_holdout,3678,0.0001,0.0
independent_holdout,3679,0.0001,0.0
independent_holdout,3680,0.0001,0.0
independent_holdout,3681,0.0001,0.0
independent_holdout,3682,0.0001,0.0
independent_holdout,3683,0.0001,0.0
independent_holdout,3684,0.0001,0.0
independent_holdout,3685,0.0001,0.0
independent_holdout,3686,0.0001,0.0
independent_holdout,3687,0.0001,0.0
independent_holdout,3688,0.0001,0.0
independent_holdout,3689,0.0001,0.0
independent_holdout,3690,0.0001,0.0
independent_holdout,3691,0.0001,0.0
independent_holdout,3692,0.0001,0.0
independent_holdout,3693,0.0001,0.0
independent_holdout,3694,0.0001,0.0
independent_holdout,3695,0.0001,0.0
independent_holdout,3696,0.0001,0.0
independent_holdout,3697,0.0001,0.0
independent_holdout,3698,0.0001,0.0
independent_holdout,3699,0.0001,0.0
independent_holdout,3700,0.0001,0.0
independent_holdout,3701,0.0001,0.0
independent_holdout,3702,0.0001,0.0
independent_holdout,3703,0.0001,0.0
independent_holdout,3704,0.0001,0.0
independent_holdout,3705,0.0001,0.0
independent_holdout,3706,0.0001,0.0
independent_holdout,3707,0.0001,0.0
independent_holdout,3708,0.0001,0.0
independent_holdout,3709,0.0001,0.0
independent_holdout,3710,0.0001,0.0
independent_holdout,3711,0.0001,0.0
independent_holdout,3712,0.0001,0.0
independent_holdout,3713,0.0001,0.0
independent_holdout,3714,0.0001,0.0
independent_holdout,3715,0.0001,0.0
independent_holdout,3716,0.0001,0.0
independent_holdout,3717,0.0001,0.0
independent_holdout,3718,0.0001,0.0
independent_holdout,3719,0.0001,0.0
independent_holdout,3720,0.0001,0.0
independent_holdout,3721,0.0001,0.0
independent_holdout,3722,0.0001,0.0
independent_holdout,3723,0.0001,0.0
independent_holdout,3724,0.0001,0.0
independent_holdout,3725,0.0001,0.0
independent_holdout,3726,0.0001,0.0
independent_holdout,3727,0.0001,0.0
independent_holdout,3728,0.0001,0.0
independent_holdout,3729,0.0001,0.0
independent_holdout,3730,0.0001,0.0
independent_holdout,3731,0.0001,0.0
independent_holdout,3732,0.0001,0.0
independent_holdout,3733,0.0001,0.0
independent_holdout,3734,0.0001,0.0
independent_holdout,3735,0.0001,0.0
independent_holdout,3736,0.0001,0.0
independent_holdout,3737,0.0001,0.0
independent_holdout,3738,0.0001,0.0
independent_holdout,3739,0.0001,0.0
independent_holdout,3740,0.0001,0.0
independent_holdout,3741,0.0001,0.0
independent_holdout,3742,0.0001,0.0
independent_holdout,3743,0.0001,0.0
independent_holdout,3744,0.0001,0.0
independent_holdout,3745,0.0001,0.0
independent_holdout,3746,0.0001,0.0
independent_holdout,3747,0.0001,0.0
independent_holdout,3748,0.0001,0.0
independent_holdout,3749,0.0001,0.0
independent_holdout,3750,0.0001,0.0
independent_holdout,3751,0.0001,0.0
independent_holdout,3752,0.0001,0.0
independent_holdout,3753,0.0001,0.0
independent_holdout,3754,0.0001,0.0
independent_holdout,3755,0.0001,0.0
independent_holdout,3756,0.0001,0.0
independent_holdout,3757,0.0001,0.0
independent_holdout,3758,0.0001,0.0
independent_holdout,3759,0.0001,0.0
independent_holdout,3760,0.0001,0.0
independent_holdout,3761,0.0001,0.0
independent_holdout,3762,0.0001,0.0
independent_holdout,3763,0.0001,0.0
independent_holdout,3764,0.0001,0.0
independent_holdout,3765,0.0001,0.0
independent_holdout,3766,0.0001,0.0
independent_holdout,3767,0.0001,0.0
independent_holdout,3768,0.0001,0.0
independent_holdout,3769,0.0001,0.0
independent_holdout,3770,0.0001,0.0
independent_holdout,3771,0.0001,0.0
independent_holdout,3772,0.0001,0.0
independent_holdout,3773,0.0001,0.0
independent_holdout,3774,0.0001,0.0
independent_holdout,3775,0.0001,0.0
independent_holdout,3776,0.0001,0.0
independent_holdout,3777,0.0001,0.0
independent_holdout,3778,0.0001,0.0
independent_holdout,3779,0.0001,0.0
independent_holdout,3780,0.0001,0.0
independent_holdout,3781,0.0001,0.0
independent_holdout,3782,0.0001,0.0
independent_holdout,3783,0.0001,0.0
independent_holdout,3784,0.0001,0.0
independent_holdout,3785,0.0001,0.0
independent_holdout,3786,0.0001,0.0
independent_holdout,3787,0.0001,0.0
independent_holdout,3788,0.0001,0.0
independent_holdout,3789,0.0001,0.0
independent_holdout,3790,0.0001,0.0
independent_holdout,3791,0.0001,0.0
independent_holdout,3792,0.0001,0.0
independent_holdout,3793,0.0001,0.0
independent_holdout,3794,0.0001,0.0
independent_holdout,3795,0.0001,0.0
independent_holdout,3796,0.0001,0.0
independent_holdout,3797,0.0001,0.0
independent_holdout,3798,0.0001,0.0
independent_holdout,3799,0.0001,0.0
independent_holdout,3800,0.0001,0.0
independent_holdout,3801,0.0001,0.0
independent_holdout,3802,0.0001,0.0
independent_holdout,3803,0.0001,0.0
independent_holdout,3804,0.0001,0.0
independent_holdout,3805,0.0001,0.0
independent_holdout,3806,0.0001,0.0
independent_holdout,3807,0.0001,0.0
independent_holdout,3808,0.0001,0.0
independent_holdout,3809,0.0001,0.0
independent_holdout,3810,0.0001,0.0
independent_holdout,3811,0.0001,0.0
independent_holdout,3812,0.0001,0.0
independent_holdout,3813,0.0001,0.0
independent_holdout,3814,0.0001,0.0
independent_holdout,3815,0.0001,0.0
independent_holdout,3816,0.0001,0.0
independent_holdout,3817,0.0001,0.0
independent_holdout,3818,0.0001,0.0
independent_holdout,3819,0.0001,0.0
independent_holdout,3820,0.0001,0.0
independent_holdout,3821,0.0001,0.0
independent_holdout,3822,0.0001,0.0
independent_holdout,3823,0.0001,0.0
independent_holdout,3824,0.0001,0.0
independent_holdout,3825,0.0001,0.0
independent_holdout,3826,0.0001,0.0
independent_holdout,3827,0.0001,0.0
independent_holdout,3828,0.0001,0.0
independent_holdout,3829,0.0001,0.0
independent_holdout,3830,0.0001,0.0
independent_holdout,3831,0.0001,0.0
independent_holdout,3832,0.0001,0.0
independent_holdout,3833,0.0001,0.0
independent_holdout,3834,0.0001,0.0
independent_holdout,3835,0.0001,0.0
independent_holdout,3836,0.0001,0.0
independent_holdout,3837,0.0001,0.0
independent_holdout,3838,0.0001,0.0
independent_holdout,3839,0.0001,0.0
independent_holdout,3840,0.0001,0.0
independent_holdout,3841,0.0001,0.0
independent_holdout,3842,0.0001,0.0
independent_holdout,3843,0.0001,0.0
independent_holdout,3844,0.0001,0.0
independent_holdout,3845,0.0001,0.0
independent_holdout,3846,0.0001,0.0
independent_holdout,3847,0.0001,0.0
independent_holdout,3848,0.0001,0.0
independent_holdout,3849,0.0001,0.0
independent_holdout,3850,0.0001,0.0
independent_holdout,3851,0.0001,0.0
independent_holdout,3852,0.0001,0.0
independent_holdout,3853,0.0001,0.0
independent_holdout,3854,0.0001,0.0
independent_holdout,3855,0.0001,0.0
independent_holdout,3856,0.0001,0.0
independent_holdout,3857,0.0001,0.0
independent_holdout,3858,0.0001,0.0
independent_holdout,3859,0.0001,0.0
independent_holdout,3860,0.0001,0.0
independent_holdout,3861,0.0001,0.0
independent_holdout,3862,0.0001,0.0
independent_holdout,3863,0.0001,0.0
independent_holdout,3864,0.0001,0.0
independent_holdout,3865,0.0001,0.0
independent_holdout,3866,0.0001,0.0
independent_holdout,3867,0.0001,0.0
independent_holdout,3868,0.0001,0.0
independent_holdout,3869,0.0001,0.0
independent_holdout,3870,0.0001,0.0
independent_holdout,3871,0.0001,0.0
independent_holdout,3872,0.0001,0.0
independent_holdout,3873,0.0001,0.0
independent_holdout,3874,0.0001,0.0
independent_holdout,3875,0.0001,0.0
independent_holdout,3876,0.0001,0.0
independent_holdout,3877,0.0001,0.0
independent_holdout,3878,0.0001,0.0
independent_holdout,3879,0.0001,0.0
independent_holdout,3880,0.0001,0.0
independent_holdout,3881,0.0001,0.0
independent_holdout,3882,0.0001,0.0
independent_holdout,3883,0.0001,0.0
independent_holdout,3884,0.0001,0.0
independent_holdout,3885,0.0001,0.0
independent_holdout,3886,0.0001,0.0
independent_holdout,3887,0.0001,0.0
independent_holdout,3888,0.0001,0.0
independent_holdout,3889,0.0001,0.0
independent_holdout,3890,0.0001,0.0
independent_holdout,3891,0.0001,0.0
independent_holdout,3892,0.0001,0.0
independent_holdout,3893,0.0001,0.0
independent_holdout,3894,0.0001,0.0
independent_holdout,3895,0.0001,0.0
independent_holdout,3896,0.0001,0.0
independent_holdout,3897,0.0001,0.0
independent_holdout,3898,0.0001,0.0
independent_holdout,3899,0.0001,0.0
independent_holdout,3900,0.0001,0.0
independent_holdout,3901,0.0001,0.0
independent_holdout,3902,0.0001,0.0
independent_holdout,3903,0.0001,0.0
independent_holdout,3904,0.0001,0.0
independent_holdout,3905,0.0001,0.0
independent_holdout,3906,0.0001,0.0
independent_holdout,3907,0.0001,0.0
independent_holdout,3908,0.0001,0.0
independent_holdout,3909,0.0001,0.0
independent_holdout,3910,0.0001,0.0
independent_holdout,3911,0.0001,0.0
independent_holdout,3912,0.0001,0.0
independent_holdout,3913,0.0001,0.0
independent_holdout,3914,0.0001,0.0
independent_holdout,3915,0.0001,0.0
independent_holdout,3916,0.0001,0.0
independent_holdout,3917,0.0001,0.0
independent_holdout,3918,0.0001,0.0
independent_holdout,3919,0.0001,0.0
independent_holdout,3920,0.0001,0.0
independent_holdout,3921,0.0001,0.0
independent_holdout,3922,0.0001,0.0
independent_holdout,3923,0.0001,0.0
independent_holdout,3924,0.0001,0.0
independent_holdout,3925,0.0001,0.0
independent_holdout,3926,0.0001,0.0
independent_holdout,3927,0.0001,0.0
independent_holdout,3928,0.0001,0.0
independent_holdout,3929,0.0001,0.0
independent_holdout,3930,0.0001,0.0
independent_holdout,3931,0.0001,0.0
independent_holdout,3932,0.0001,0.0
independent_holdout,3933,0.0001,0.0
independent_holdout,3934,0.0001,0.0
independent_holdout,3935,0.0001,0.0
independent_holdout,3936,0.0001,0.0
independent_holdout,3937,0.0001,0.0
independent_holdout,3938,0.0001,0.0
independent_holdout,3939,0.0001,0.0
independent_holdout,3940,0.0001,0.0
independent_holdout,3941,0.0001,0.0
independent_holdout,3942,0.0001,0.0
independent_holdout,3943,0.0001,0.0
independent_holdout,3944,0.0001,0.0
independent_holdout,3945,0.0001,0.0
independent_holdout,3946,0.0001,0.0
independent_holdout,3947,0.0001,0.0
independent_holdout,3948,0.0001,0.0
independent_holdout,3949,0.0001,0.0
independent_holdout,3950,0.0001,0.0
independent_holdout,3951,0.0001,0.0
independent_holdout,3952,0.0001,0.0
independent_holdout,3953,0.0001,0.0
independent_holdout,3954,0.0001,0.0
independent_holdout,3955,0.0001,0.0
independent_holdout,3956,0.0001,0.0
independent_holdout,3957,0.0001,0.0
independent_holdout,3958,0.0001,0.0
independent_holdout,3959,0.0001,0.0
independent_holdout,3960,0.0001,0.0
independent_holdout,3961,0.0001,0.0
independent_holdout,3962,0.0001,0.0
independent_holdout,3963,0.0001,0.0
independent_holdout,3964,0.0001,0.0
independent_holdout,3965,0.0001,0.0
independent_holdout,3966,0.0001,0.0
independent_holdout,3967,0.0001,0.0
independent_holdout,3968,0.0001,0.0
independent_holdout,3969,0.0001,0.0
independent_holdout,3970,0.0001,0.0
independent_holdout,3971,0.0001,0.0
independent_holdout,3972,0.0001,0.0
independent_holdout,3973,0.0001,0.0
independent_holdout,3974,0.0001,0.0
independent_holdout,3975,0.0001,0.0
independent_holdout,3976,0.0001,0.0
independent_holdout,3977,0.0001,0.0
independent_holdout,3978,0.0001,0.0
independent_holdout,3979,0.0001,0.0
independent_holdout,3980,0.0001,0.0
independent_holdout,3981,0.0001,0.0
independent_holdout,3982,0.0001,0.0
independent_holdout,3983,0.0001,0.0
independent_holdout,3984,0.0001,0.0
independent_holdout,3985,0.0001,0.0
independent_holdout,3986,0.0001,0.0
independent_holdout,3987,0.0001,0.0
independent_holdout,3988,0.0001,0.0
independent_holdout,3989,0.0001,0.0
independent_holdout,3990,0.0001,0.0
independent_holdout,3991,0.0001,0.0
independent_holdout,3992,0.0001,0.0
independent_holdout,3993,0.0001,0.0
independent_holdout,3994,0.0001,0.0
independent_holdout,3995,0.0001,0.0
independent_holdout,3996,0.0001,0.0
independent_holdout,3997,0.0001,0.0
independent_holdout,3998,0.0001,0.0
independent_holdout,3999,0.0001,0.0
independent_holdout,4000,0.0001,0.0
independent_holdout,4001,0.0001,0.0
independent_holdout,4002,0.0001,0.0
independent_holdout,4003,0.0001,0.0
independent_holdout,4004,0.0001,0.0
independent_holdout,4005,0.0001,0.0
independent_holdout,4006,0.0001,0.0
independent_holdout,4007,0.0001,0.0
independent_holdout,4008,0.0001,0.0
independent_holdout,4009,0.0001,0.0
independent_holdout,4010,0.0001,0.0
independent_holdout,4011,0.0001,0.0
independent_holdout,4012,0.0001,0.0
independent_holdout,4013,0.0001,0.0
independent_holdout,4014,0.0001,0.0
independent_holdout,4015,0.0001,0.0
independent_holdout,4016,0.0001,0.0
independent_holdout,4017,0.0001,0.0
independent_holdout,4018,0.0001,0.0
independent_holdout,4019,0.0001,0.0
independent_holdout,4020,0.0001,0.0
independent_holdout,4021,0.0001,0.0
independent_holdout,4022,0.0001,0.0
independent_holdout,4023,0.0001,0.0
independent_holdout,4024,0.0001,0.0
independent_holdout,4025,0.0001,0.0
independent_holdout,4026,0.0001,0.0
independent_holdout,4027,0.0001,0.0
independent_holdout,4028,0.0001,0.0
independent_holdout,4029,0.0001,0.0
independent_holdout,4030,0.0001,0.0
independent_holdout,4031,0.0001,0.0
independent_holdout,4032,0.0001,0.0
independent_holdout,4033,0.0001,0.0
independent_holdout,4034,0.0001,0.0
independent_holdout,4035,0.0001,0.0
independent_holdout,4036,0.0001,0.0
independent_holdout,4037,0.0001,0.0
independent_holdout,4038,0.0001,0.0
independent_holdout,4039,0.0001,0.0
independent_holdout,4040,0.0001,0.0
independent_holdout,4041,0.0001,0.0
independent_holdout,4042,0.0001,0.0
independent_holdout,4043,0.0001,0.0
independent_holdout,4044,0.0001,0.0
independent_holdout,4045,0.0001,0.0
independent_holdout,4046,0.0001,0.0
independent_holdout,4047,0.0001,0.0
independent_holdout,4048,0.0001,0.0
independent_holdout,4049,0.0001,0.0
independent_holdout,4050,0.0001,0.0
independent_holdout,4051,0.0001,0.0
independent_holdout,4052,0.0001,0.0
independent_holdout,4053,0.0001,0.0
independent_holdout,4054,0.0001,0.0
independent_holdout,4055,0.0001,0.0
independent_holdout,4056,0.0001,0.0
independent_holdout,4057,0.0001,0.0
independent_holdout,4058,0.0001,0.0
independent_holdout,4059,0.0001,0.0
independent_holdout,4060,0.0001,0.0
independent_holdout,4061,0.0001,0.0
independent_holdout,4062,0.0001,0.0
independent_holdout,4063,0.0001,0.0
independent_holdout,4064,0.0001,0.0
independent_holdout,4065,0.0001,0.0
independent_holdout,4066,0.0001,0.0
independent_holdout,4067,0.0001,0.0
independent_holdout,4068,0.0001,0.0
independent_holdout,4069,0.0001,0.0
independent_holdout,4070,0.0001,0.0
independent_holdout,4071,0.0001,0.0
independent_holdout,4072,0.0001,0.0
independent_holdout,4073,0.0001,0.0
independent_holdout,4074,0.0001,0.0
independent_holdout,4075,0.0001,0.0
independent_holdout,4076,0.0001,0.0
independent_holdout,4077,0.0001,0.0
independent_holdout,4078,0.0001,0.0
independent_holdout,4079,0.0001,0.0
independent_holdout,4080,0.0001,0.0
independent_holdout,4081,0.0001,0.0
independent_holdout,4082,0.0001,0.0
independent_holdout,4083,0.0001,0.0
independent_holdout,4084,0.0001,0.0
independent_holdout,4085,0.0001,0.0
independent_holdout,4086,0.0001,0.0
independent_holdout,4087,0.0001,0.0
independent_holdout,4088,0.0001,0.0
independent_holdout,4089,0.0001,0.0
independent_holdout,4090,0.0001,0.0
independent_holdout,4091,0.0001,0.0
independent_holdout,4092,0.0001,0.0
independent_holdout,4093,0.0001,0.0
independent_holdout,4094,0.0001,0.0
independent_holdout,4095,0.0001,0.0
independent_holdout,4096,0.0001,0.0
independent_holdout,4097,0.0001,0.0
independent_holdout,4098,0.0001,0.0
independent_holdout,4099,0.0001,0.0
independent_holdout,4100,0.0001,0.0
independent_holdout,4101,0.0001,0.0
independent_holdout,4102,0.0001,0.0
independent_holdout,4103,0.0001,0.0
independent_holdout,4104,0.0001,0.0
independent_holdout,4105,0.0001,0.0
independent_holdout,4106,0.0001,0.0
independent_holdout,4107,0.0001,0.0
independent_holdout,4108,0.0001,0.0
independent_holdout,4109,0.0001,0.0
independent_holdout,4110,0.0001,0.0
independent_holdout,4111,0.0001,0.0
independent_holdout,4112,0.0001,0.0
independent_holdout,4113,0.0001,0.0
independent_holdout,4114,0.0001,0.0
independent_holdout,4115,0.0001,0.0
independent_holdout,4116,0.0001,0.0
independent_holdout,4117,0.0001,0.0
independent_holdout,4118,0.0001,0.0
independent_holdout,4119,0.0001,0.0
independent_holdout,4120,0.0001,0.0
independent_holdout,4121,0.0001,0.0
independent_holdout,4122,0.0001,0.0
independent_holdout,4123,0.0001,0.0
independent_holdout,4124,0.0001,0.0
independent_holdout,4125,0.0001,0.0
independent_holdout,4126,0.0001,0.0
independent_holdout,4127,0.0001,0.0
independent_holdout,4128,0.0001,0.0
independent_holdout,4129,0.0001,0.0
independent_holdout,4130,0.0001,0.0
independent_holdout,4131,0.0001,0.0
independent_holdout,4132,0.0001,0.0
independent_holdout,4133,0.0001,0.0
independent_holdout,4134,0.0001,0.0
independent_holdout,4135,0.0001,0.0
independent_holdout,4136,0.0001,0.0
independent_holdout,4137,0.0001,0.0
independent_holdout,4138,0.0001,0.0
independent_holdout,4139,0.0001,0.0
independent_holdout,4140,0.0001,0.0
independent_holdout,4141,0.0001,0.0
independent_holdout,4142,0.0001,0.0
independent_holdout,4143,0.0001,0.0
independent_holdout,4144,0.0001,0.0
independent_holdout,4145,0.0001,0.0
independent_holdout,4146,0.0001,0.0
independent_holdout,4147,0.0001,0.0
independent_holdout,4148,0.0001,0.0
independent_holdout,4149,0.0001,0.0
independent_holdout,4150,0.0001,0.0
independent_holdout,4151,0.0001,0.0
independent_holdout,4152,0.0001,0.0
independent_holdout,4153,0.0001,0.0
independent_holdout,4154,0.0001,0.0
independent_holdout,4155,0.0001,0.0
independent_holdout,4156,0.0001,0.0
independent_holdout,4157,0.0001,0.0
independent_holdout,4158,0.0001,0.0
independent_holdout,4159,0.0001,0.0
independent_holdout,4160,0.0001,0.0
independent_holdout,4161,0.0001,0.0
independent_holdout,4162,0.0001,0.0
independent_holdout,4163,0.0001,0.0
independent_holdout,4164,0.0001,0.0
independent_holdout,4165,0.0001,0.0
independent_holdout,4166,0.0001,0.0
independent_holdout,4167,0.0001,0.0
independent_holdout,4168,0.0001,0.0
independent_holdout,4169,0.0001,0.0
independent_holdout,4170,0.0001,0.0
independent_holdout,4171,0.0001,0.0
independent_holdout,4172,0.0001,0.0
independent_holdout,4173,0.0001,0.0
independent_holdout,4174,0.0001,0.0
independent_holdout,4175,0.0001,0.0
independent_holdout,4176,0.0001,0.0
independent_holdout,4177,0.0001,0.0
independent_holdout,4178,0.0001,0.0
independent_holdout,4179,0.0001,0.0
independent_holdout,4180,0.0001,0.0
independent_holdout,4181,0.0001,0.0
independent_holdout,4182,0.0001,0.0
independent_holdout,4183,0.0001,0.0
independent_holdout,4184,0.0001,0.0
independent_holdout,4185,0.0001,0.0
independent_holdout,4186,0.0001,0.0
independent_holdout,4187,0.0001,0.0
independent_holdout,4188,0.0001,0.0
independent_holdout,4189,0.0001,0.0
independent_holdout,4190,0.0001,0.0
independent_holdout,4191,0.0001,0.0
independent_holdout,4192,0.0001,0.0
independent_holdout,4193,0.0001,0.0
independent_holdout,4194,0.0001,0.0
independent_holdout,4195,0.0001,0.0
independent_holdout,4196,0.0001,0.0
independent_holdout,4197,0.0001,0.0
independent_holdout,4198,0.0001,0.0
independent_holdout,4199,0.0001,0.0
independent_holdout,4200,0.0001,0.0
independent_holdout,4201,0.0001,0.0
independent_holdout,4202,0.0001,0.0
independent_holdout,4203,0.0001,0.0
independent_holdout,4204,0.0001,0.0
independent_holdout,4205,0.0001,0.0
independent_holdout,4206,0.0001,0.0
independent_holdout,4207,0.0001,0.0
independent_holdout,4208,0.0001,0.0
independent_holdout,4209,0.0001,0.0
independent_holdout,4210,0.0001,0.0
independent_holdout,4211,0.0001,0.0
independent_holdout,4212,0.0001,0.0
independent_holdout,4213,0.0001,0.0
independent_holdout,4214,0.0001,0.0
independent_holdout,4215,0.0001,0.0
independent_holdout,4216,0.0001,0.0
independent_holdout,4217,0.0001,0.0
independent_holdout,4218,0.0001,0.0
independent_holdout,4219,0.0001,0.0
independent_holdout,4220,0.0001,0.0
independent_holdout,4221,0.0001,0.0
independent_holdout,4222,0.0001,0.0
independent_holdout,4223,0.0001,0.0
independent_holdout,4224,0.0001,0.0
independent_holdout,4225,0.0001,0.0
independent_holdout,4226,0.0001,0.0
independent_holdout,4227,0.0001,0.0
independent_holdout,4228,0.0001,0.0
independent_holdout,4229,0.0001,0.0
independent_holdout,4230,0.0001,0.0
independent_holdout,4231,0.0001,0.0
independent_holdout,4232,0.0001,0.0
independent_holdout,4233,0.0001,0.0
independent_holdout,4234,0.0001,0.0
independent_holdout,4235,0.0001,0.0
independent_holdout,4236,0.0001,0.0
independent_holdout,4237,0.0001,0.0
independent_holdout,4238,0.0001,0.0
independent_holdout,4239,0.0001,0.0
independent_holdout,4240,0.0001,0.0
independent_holdout,4241,0.0001,0.0
independent_holdout,4242,0.0001,0.0
independent_holdout,4243,0.0001,0.0
independent_holdout,4244,0.0001,0.0
independent_holdout,4245,0.0001,0.0
independent_holdout,4246,0.0001,0.0
independent_holdout,4247,0.0001,0.0
independent_holdout,4248,0.0001,0.0
independent_holdout,4249,0.0001,0.0
independent_holdout,4250,0.0001,0.0
independent_holdout,4251,0.0001,0.0
independent_holdout,4252,0.0001,0.0
independent_holdout,4253,0.0001,0.0
independent_holdout,4254,0.0001,0.0
independent_holdout,4255,0.0001,0.0
independent_holdout,4256,0.0001,0.0
independent_holdout,4257,0.0001,0.0
independent_holdout,4258,0.0001,0.0
independent_holdout,4259,0.0001,0.0
independent_holdout,4260,0.0001,0.0
independent_holdout,4261,0.0001,0.0
independent_holdout,4262,0.0001,0.0
independent_holdout,4263,0.0001,0.0
independent_holdout,4264,0.0001,0.0
independent_holdout,4265,0.0001,0.0
independent_holdout,4266,0.0001,0.0
independent_holdout,4267,0.0001,0.0
independent_holdout,4268,0.0001,0.0
independent_holdout,4269,0.0001,0.0
independent_holdout,4270,0.0001,0.0
independent_holdout,4271,0.0001,0.0
independent_holdout,4272,0.0001,0.0
independent_holdout,4273,0.0001,0.0
independent_holdout,4274,0.0001,0.0
independent_holdout,4275,0.0001,0.0
independent_holdout,4276,0.0001,0.0
independent_holdout,4277,0.0001,0.0
independent_holdout,4278,0.0001,0.0
independent_holdout,4279,0.0001,0.0
independent_holdout,4280,0.0001,0.0
independent_holdout,4281,0.0001,0.0
independent_holdout,4282,0.0001,0.0
independent_holdout,4283,0.0001,0.0
independent_holdout,4284,0.0001,0.0
independent_holdout,4285,0.0001,0.0
independent_holdout,4286,0.0001,0.0
independent_holdout,4287,0.0001,0.0
independent_holdout,4288,0.0001,0.0
independent_holdout,4289,0.0001,0.0
independent_holdout,4290,0.0001,0.0
independent_holdout,4291,0.0001,0.0
independent_holdout,4292,0.0001,0.0
independent_holdout,4293,0.0001,0.0
independent_holdout,4294,0.0001,0.0
independent_holdout,4295,0.0001,0.0
independent_holdout,4296,0.0001,0.0
independent_holdout,4297,0.0001,0.0
independent_holdout,4298,0.0001,0.0
independent_holdout,4299,0.0001,0.0
independent_holdout,4300,0.0001,0.0
independent_holdout,4301,0.0001,0.0
independent_holdout,4302,0.0001,0.0
independent_holdout,4303,0.0001,0.0
independent_holdout,4304,0.0001,0.0
independent_holdout,4305,0.0001,0.0
independent_holdout,4306,0.0001,0.0
independent_holdout,4307,0.0001,0.0
independent_holdout,4308,0.0001,0.0
independent_holdout,4309,0.0001,0.0
independent_holdout,4310,0.0001,0.0
independent_holdout,4311,0.0001,0.0
independent_holdout,4312,0.0001,0.0
independent_holdout,4313,0.0001,0.0
independent_holdout,4314,0.0001,0.0
independent_holdout,4315,0.0001,0.0
independent_holdout,4316,0.0001,0.0
independent_holdout,4317,0.0001,0.0
independent_holdout,4318,0.0001,0.0
independent_holdout,4319,0.0001,0.0
independent_holdout,4320,0.0001,0.0
independent_holdout,4321,0.0001,0.0
independent_holdout,4322,0.0001,0.0
independent_holdout,4323,0.0001,0.0
independent_holdout,4324,0.0001,0.0
independent_holdout,4325,0.0001,0.0
independent_holdout,4326,0.0001,0.0
independent_holdout,4327,0.0001,0.0
independent_holdout,4328,0.0001,0.0
independent_holdout,4329,0.0001,0.0
independent_holdout,4330,0.0001,0.0
independent_holdout,4331,0.0001,0.0
independent_holdout,4332,0.0001,0.0
independent_holdout,4333,0.0001,0.0
independent_holdout,4334,0.0001,0.0
independent_holdout,4335,0.0001,0.0
independent_holdout,4336,0.0001,0.0
independent_holdout,4337,0.0001,0.0
independent_holdout,4338,0.0001,0.0
independent_holdout,4339,0.0001,0.0
independent_holdout,4340,0.0001,0.0
independent_holdout,4341,0.0001,0.0
independent_holdout,4342,0.0001,0.0
independent_holdout,4343,0.0001,0.0
independent_holdout,4344,0.0001,0.0
independent_holdout,4345,0.0001,0.0
independent_holdout,4346,0.0001,0.0
independent_holdout,4347,0.0001,0.0
independent_holdout,4348,0.0001,0.0
independent_holdout,4349,0.0001,0.0
independent_holdout,4350,0.0001,0.0
independent_holdout,4351,0.0001,0.0
independent_holdout,4352,0.0001,0.0
independent_holdout,4353,0.0001,0.0
independent_holdout,4354,0.0001,0.0
independent_holdout,4355,0.0001,0.0
independent_holdout,4356,0.0001,0.0
independent_holdout,4357,0.0001,0.0
independent_holdout,4358,0.0001,0.0
independent_holdout,4359,0.0001,0.0
independent_holdout,4360,0.0001,0.0
independent_holdout,4361,0.0001,0.0
independent_holdout,4362,0.0001,0.0
independent_holdout,4363,0.0001,0.0
independent_holdout,4364,0.0001,0.0
independent_holdout,4365,0.0001,0.0
independent_holdout,4366,0.0001,0.0
independent_holdout,4367,0.0001,0.0
independent_holdout,4368,0.0001,0.0
independent_holdout,4369,0.0001,0.0
independent_holdout,4370,0.0001,0.0
independent_holdout,4371,0.0001,0.0
independent_holdout,4372,0.0001,0.0
independent_holdout,4373,0.0001,0.0
independent_holdout,4374,0.0001,0.0
independent_holdout,4375,0.0001,0.0
independent_holdout,4376,0.0001,0.0
independent_holdout,4377,0.0001,0.0
independent_holdout,4378,0.0001,0.0
independent_holdout,4379,0.0001,0.0
independent_holdout,4380,0.0001,0.0
independent_holdout,4381,0.0001,0.0
independent_holdout,4382,0.0001,0.0
independent_holdout,4383,0.0001,0.0
independent_holdout,4384,0.0001,0.0
independent_holdout,4385,0.0001,0.0
independent_holdout,4386,0.0001,0.0
independent_holdout,4387,0.0001,0.0
independent_holdout,4388,0.0001,0.0
independent_holdout,4389,0.0001,0.0
independent_holdout,4390,0.0001,0.0
independent_holdout,4391,0.0001,0.0
independent_holdout,4392,0.0001,0.0
independent_holdout,4393,0.0001,0.0
independent_holdout,4394,0.0001,0.0
independent_holdout,4395,0.0001,0.0
independent_holdout,4396,0.0001,0.0
independent_holdout,4397,0.0001,0.0
independent_holdout,4398,0.0001,0.0
independent_holdout,4399,0.0001,0.0
independent_holdout,4400,0.0001,0.0
independent_holdout,4401,0.0001,0.0
independent_holdout,4402,0.0001,0.0
independent_holdout,4403,0.0001,0.0
independent_holdout,4404,0.0001,0.0
independent_holdout,4405,0.0001,0.0
independent_holdout,4406,0.0001,0.0
independent_holdout,4407,0.0001,0.0
independent_holdout,4408,0.0001,0.0
independent_holdout,4409,0.0001,0.0
independent_holdout,4410,0.0001,0.0
independent_holdout,4411,0.0001,0.0
independent_holdout,4412,0.0001,0.0
independent_holdout,4413,0.0001,0.0
independent_holdout,4414,0.0001,0.0
independent_holdout,4415,0.0001,0.0
independent_holdout,4416,0.0001,0.0
independent_holdout,4417,0.0001,0.0
independent_holdout,4418,0.0001,0.0
independent_holdout,4419,0.0001,0.0
independent_holdout,4420,0.0001,0.0
independent_holdout,4421,0.0001,0.0
independent_holdout,4422,0.0001,0.0
independent_holdout,4423,0.0001,0.0
independent_holdout,4424,0.0001,0.0
independent_holdout,4425,0.0001,0.0
independent_holdout,4426,0.0001,0.0
independent_holdout,4427,0.0001,0.0
independent_holdout,4428,0.0001,0.0
independent_holdout,4429,0.0001,0.0
independent_holdout,4430,0.0001,0.0
independent_holdout,4431,0.0001,0.0
independent_holdout,4432,0.0001,0.0
independent_holdout,4433,0.0001,0.0
independent_holdout,4434,0.0001,0.0
independent_holdout,4435,0.0001,0.0
independent_holdout,4436,0.0001,0.0
independent_holdout,4437,0.0001,0.0
independent_holdout,4438,0.0001,0.0
independent_holdout,4439,0.0001,0.0
independent_holdout,4440,0.0001,0.0
independent_holdout,4441,0.0001,0.0
independent_holdout,4442,0.0001,0.0
independent_holdout,4443,0.0001,0.0
independent_holdout,4444,0.0001,0.0
independent_holdout,4445,0.0001,0.0
independent_holdout,4446,0.0001,0.0
independent_holdout,4447,0.0001,0.0
independent_holdout,4448,0.0001,0.0
independent_holdout,4449,0.0001,0.0
independent_holdout,4450,0.0001,0.0
independent_holdout,4451,0.0001,0.0
independent_holdout,4452,0.0001,0.0
independent_holdout,4453,0.0001,0.0
independent_holdout,4454,0.0001,0.0
independent_holdout,4455,0.0001,0.0
independent_holdout,4456,0.0001,0.0
independent_holdout,4457,0.0001,0.0
independent_holdout,4458,0.0001,0.0
independent_holdout,4459,0.0001,0.0
independent_holdout,4460,0.0001,0.0
independent_holdout,4461,0.0001,0.0
independent_holdout,4462,0.0001,0.0
independent_holdout,4463,0.0001,0.0
independent_holdout,4464,0.0001,0.0
independent_holdout,4465,0.0001,0.0
independent_holdout,4466,0.0001,0.0
independent_holdout,4467,0.0001,0.0
independent_holdout,4468,0.0001,0.0
independent_holdout,4469,0.0001,0.0
independent_holdout,4470,0.0001,0.0
independent_holdout,4471,0.0001,0.0
independent_holdout,4472,0.0001,0.0
independent_holdout,4473,0.0001,0.0
independent_holdout,4474,0.0001,0.0
independent_holdout,4475,0.0001,0.0
independent_holdout,4476,0.0001,0.0
independent_holdout,4477,0.0001,0.0
independent_holdout,4478,0.0001,0.0
independent_holdout,4479,0.0001,0.0
independent_holdout,4480,0.0001,0.0
independent_holdout,4481,0.0001,0.0
independent_holdout,4482,0.0001,0.0
independent_holdout,4483,0.0001,0.0
independent_holdout,4484,0.0001,0.0
independent_holdout,4485,0.0001,0.0
independent_holdout,4486,0.0001,0.0
independent_holdout,4487,0.0001,0.0
independent_holdout,4488,0.0001,0.0
independent_holdout,4489,0.0001,0.0
independent_holdout,4490,0.0001,0.0
independent_holdout,4491,0.0001,0.0
independent_holdout,4492,0.0001,0.0
independent_holdout,4493,0.0001,0.0
independent_holdout,4494,0.0001,0.0
independent_holdout,4495,0.0001,0.0
independent_holdout,4496,0.0001,0.0
independent_holdout,4497,0.0001,0.0
independent_holdout,4498,0.0001,0.0
independent_holdout,4499,0.0001,0.0
independent_holdout,4500,0.0001,0.0
independent_holdout,4501,0.0001,0.0
independent_holdout,4502,0.0001,0.0
independent_holdout,4503,0.0001,0.0
independent_holdout,4504,0.0001,0.0
independent_holdout,4505,0.0001,0.0
independent_holdout,4506,0.0001,0.0
independent_holdout,4507,0.0001,0.0
independent_holdout,4508,0.0001,0.0
independent_holdout,4509,0.0001,0.0
independent_holdout,4510,0.0001,0.0
independent_holdout,4511,0.0001,0.0
independent_holdout,4512,0.0001,0.0
independent_holdout,4513,0.0001,0.0
independent_holdout,4514,0.0001,0.0
independent_holdout,4515,0.0001,0.0
independent_holdout,4516,0.0001,0.0
independent_holdout,4517,0.0001,0.0
independent_holdout,4518,0.0001,0.0
independent_holdout,4519,0.0001,0.0
independent_holdout,4520,0.0001,0.0
independent_holdout,4521,0.0001,0.0
independent_holdout,4522,0.0001,0.0
independent_holdout,4523,0.0001,0.0
independent_holdout,4524,0.0001,0.0
independent_holdout,4525,0.0001,0.0
independent_holdout,4526,0.0001,0.0
independent_holdout,4527,0.0001,0.0
independent_holdout,4528,0.0001,0.0
independent_holdout,4529,0.0001,0.0
independent_holdout,4530,0.0001,0.0
independent_holdout,4531,0.0001,0.0
independent_holdout,4532,0.0001,0.0
independent_holdout,4533,0.0001,0.0
independent_holdout,4534,0.0001,0.0
independent_holdout,4535,0.0001,0.0
independent_holdout,4536,0.0001,0.0
independent_holdout,4537,0.0001,0.0
independent_holdout,4538,0.0001,0.0
independent_holdout,4539,0.0001,0.0
independent_holdout,4540,0.0001,0.0
independent_holdout,4541,0.0001,0.0
independent_holdout,4542,0.0001,0.0
independent_holdout,4543,0.0001,0.0
independent_holdout,4544,0.0001,0.0
independent_holdout,4545,0.0001,0.0
independent_holdout,4546,0.0001,0.0
independent_holdout,4547,0.0001,0.0
independent_holdout,4548,0.0001,0.0
independent_holdout,4549,0.0001,0.0
independent_holdout,4550,0.0001,0.0
independent_holdout,4551,0.0001,0.0
independent_holdout,4552,0.0001,0.0
independent_holdout,4553,0.0001,0.0
independent_holdout,4554,0.0001,0.0
independent_holdout,4555,0.0001,0.0
independent_holdout,4556,0.0001,0.0
independent_holdout,4557,0.0001,0.0
independent_holdout,4558,0.0001,0.0
independent_holdout,4559,0.0001,0.0
independent_holdout,4560,0.0001,0.0
independent_holdout,4561,0.0001,0.0
independent_holdout,4562,0.0001,0.0
independent_holdout,4563,0.0001,0.0
independent_holdout,4564,0.0001,0.0
independent_holdout,4565,0.0001,0.0
independent_holdout,4566,0.0001,0.0
independent_holdout,4567,0.0001,0.0
independent_holdout,4568,0.0001,0.0
independent_holdout,4569,0.0001,0.0
independent_holdout,4570,0.0001,0.0
independent_holdout,4571,0.0001,0.0
independent_holdout,4572,0.0001,0.0
independent_holdout,4573,0.0001,0.0
independent_holdout,4574,0.0001,0.0
independent_holdout,4575,0.0001,0.0
independent_holdout,4576,0.0001,0.0
independent_holdout,4577,0.0001,0.0
independent_holdout,4578,0.0001,0.0
independent_holdout,4579,0.0001,0.0
independent_holdout,4580,0.0001,0.0
independent_holdout,4581,0.0001,0.0
independent_holdout,4582,0.0001,0.0
independent_holdout,4583,0.0001,0.0
independent_holdout,4584,0.0001,0.0
independent_holdout,4585,0.0001,0.0
independent_holdout,4586,0.0001,0.0
independent_holdout,4587,0.0001,0.0
independent_holdout,4588,0.0001,0.0
independent_holdout,4589,0.0001,0.0
independent_holdout,4590,0.0001,0.0
independent_holdout,4591,0.0001,0.0
independent_holdout,4592,0.0001,0.0
independent_holdout,4593,0.0001,0.0
independent_holdout,4594,0.0001,0.0
independent_holdout,4595,0.0001,0.0
independent_holdout,4596,0.0001,0.0
independent_holdout,4597,0.0001,0.0
independent_holdout,4598,0.0001,0.0
independent_holdout,4599,0.0001,0.0
independent_holdout,4600,0.0001,0.0
independent_holdout,4601,0.0001,0.0
independent_holdout,4602,0.0001,0.0
independent_holdout,4603,0.0001,0.0
independent_holdout,4604,0.0001,0.0
independent_holdout,4605,0.0001,0.0
independent_holdout,4606,0.0001,0.0
independent_holdout,4607,0.0001,0.0
independent_holdout,4608,0.0001,0.0
independent_holdout,4609,0.0001,0.0
independent_holdout,4610,0.0001,0.0
independent_holdout,4611,0.0001,0.0
independent_holdout,4612,0.0001,0.0
independent_holdout,4613,0.0001,0.0
independent_holdout,4614,0.0001,0.0
independent_holdout,4615,0.0001,0.0
independent_holdout,4616,0.0001,0.0
independent_holdout,4617,0.0001,0.0
independent_holdout,4618,0.0001,0.0
independent_holdout,4619,0.0001,0.0
independent_holdout,4620,0.0001,0.0
independent_holdout,4621,0.0001,0.0
independent_holdout,4622,0.0001,0.0
independent_holdout,4623,0.0001,0.0
independent_holdout,4624,0.0001,0.0
independent_holdout,4625,0.0001,0.0
independent_holdout,4626,0.0001,0.0
independent_holdout,4627,0.0001,0.0
independent_holdout,4628,0.0001,0.0
independent_holdout,4629,0.0001,0.0
independent_holdout,4630,0.0001,0.0
independent_holdout,4631,0.0001,0.0
independent_holdout,4632,0.0001,0.0
independent_holdout,4633,0.0001,0.0
independent_holdout,4634,0.0001,0.0
independent_holdout,4635,0.0001,0.0
independent_holdout,4636,0.0001,0.0
independent_holdout,4637,0.0001,0.0
independent_holdout,4638,0.0001,0.0
independent_holdout,4639,0.0001,0.0
independent_holdout,4640,0.0001,0.0
independent_holdout,4641,0.0001,0.0
independent_holdout,4642,0.0001,0.0
independent_holdout,4643,0.0001,0.0
independent_holdout,4644,0.0001,0.0
independent_holdout,4645,0.0001,0.0
independent_holdout,4646,0.0001,0.0
independent_holdout,4647,0.0001,0.0
independent_holdout,4648,0.0001,0.0
independent_holdout,4649,0.0001,0.0
independent_holdout,4650,0.0001,0.0
independent_holdout,4651,0.0001,0.0
independent_holdout,4652,0.0001,0.0
independent_holdout,4653,0.0001,0.0
independent_holdout,4654,0.0001,0.0
independent_holdout,4655,0.0001,0.0
independent_holdout,4656,0.0001,0.0
independent_holdout,4657,0.0001,0.0
independent_holdout,4658,0.0001,0.0
independent_holdout,4659,0.0001,0.0
independent_holdout,4660,0.0001,0.0
independent_holdout,4661,0.0001,0.0
independent_holdout,4662,0.0001,0.0
independent_holdout,4663,0.0001,0.0
independent_holdout,4664,0.0001,0.0
independent_holdout,4665,0.0001,0.0
independent_holdout,4666,0.0001,0.0
independent_holdout,4667,0.0001,0.0
independent_holdout,4668,0.0001,0.0
independent_holdout,4669,0.0001,0.0
independent_holdout,4670,0.0001,0.0
independent_holdout,4671,0.0001,0.0
independent_holdout,4672,0.0001,0.0
independent_holdout,4673,0.0001,0.0
independent_holdout,4674,0.0001,0.0
independent_holdout,4675,0.0001,0.0
independent_holdout,4676,0.0001,0.0
independent_holdout,4677,0.0001,0.0
independent_holdout,4678,0.0001,0.0
independent_holdout,4679,0.0001,0.0
independent_holdout,4680,0.0001,0.0
independent_holdout,4681,0.0001,0.0
independent_holdout,4682,0.0001,0.0
independent_holdout,4683,0.0001,0.0
independent_holdout,4684,0.0001,0.0
independent_holdout,4685,0.0001,0.0
independent_holdout,4686,0.0001,0.0
independent_holdout,4687,0.0001,0.0
independent_holdout,4688,0.0001,0.0
independent_holdout,4689,0.0001,0.0
independent_holdout,4690,0.0001,0.0
independent_holdout,4691,0.0001,0.0
independent_holdout,4692,0.0001,0.0
independent_holdout,4693,0.0001,0.0
independent_holdout,4694,0.0001,0.0
independent_holdout,4695,0.0001,0.0
independent_holdout,4696,0.0001,0.0
independent_holdout,4697,0.0001,0.0
independent_holdout,4698,0.0001,0.0
independent_holdout,4699,0.0001,0.0
independent_holdout,4700,0.0001,0.0
independent_holdout,4701,0.0001,0.0
independent_holdout,4702,0.0001,0.0
independent_holdout,4703,0.0001,0.0
independent_holdout,4704,0.0001,0.0
independent_holdout,4705,0.0001,0.0
independent_holdout,4706,0.0001,0.0
independent_holdout,4707,0.0001,0.0
independent_holdout,4708,0.0001,0.0
independent_holdout,4709,0.0001,0.0
independent_holdout,4710,0.0001,0.0
independent_holdout,4711,0.0001,0.0
independent_holdout,4712,0.0001,0.0
independent_holdout,4713,0.0001,0.0
independent_holdout,4714,0.0001,0.0
independent_holdout,4715,0.0001,0.0
independent_holdout,4716,0.0001,0.0
independent_holdout,4717,0.0001,0.0
independent_holdout,4718,0.0001,0.0
independent_holdout,4719,0.0001,0.0
independent_holdout,4720,0.0001,0.0
independent_holdout,4721,0.0001,0.0
independent_holdout,4722,0.0001,3705.842222222222
independent_holdout,4723,0.0001,0.0
independent_holdout,4724,0.0001,0.0
independent_holdout,4725,0.0001,0.0
independent_holdout,4726,0.0001,0.0
independent_holdout,4727,0.0001,0.0
independent_holdout,4728,0.0001,0.0
independent_holdout,4729,0.0001,0.0
independent_holdout,4730,0.0001,0.0
independent_holdout,4731,0.0001,0.0
independent_holdout,4732,0.0001,0.0
independent_holdout,4733,0.0001,0.0
independent_holdout,4734,0.0001,0.0
independent_holdout,4735,0.0001,0.0
independent_holdout,4736,0.0001,0.0
independent_holdout,4737,0.0001,0.0
independent_holdout,4738,0.0001,0.0
independent_holdout,4739,0.0001,0.0
independent_holdout,4740,0.0001,0.0
independent_holdout,4741,0.0001,0.0
independent_holdout,4742,0.0001,0.0
independent_holdout,4743,0.0001,0.0
independent_holdout,4744,0.0001,0.0
independent_holdout,4745,0.0001,0.0
independent_holdout,4746,0.0001,0.0
independent_holdout,4747,0.0001,0.0
independent_holdout,4748,0.0001,0.0
independent_holdout,4749,0.0001,0.0
independent_holdout,4750,0.0001,0.0
independent_holdout,4751,0.0001,0.0
independent_holdout,4752,0.0001,0.0
independent_holdout,4753,0.0001,0.0
independent_holdout,4754,0.0001,0.0
independent_holdout,4755,0.0001,0.0
independent_holdout,4756,0.0001,0.0
independent_holdout,4757,0.0001,0.0
independent_holdout,4758,0.0001,0.0
independent_holdout,4759,0.0001,0.0
independent_holdout,4760,0.0001,0.0
independent_holdout,4761,0.0001,0.0
independent_holdout,4762,0.0001,0.0
independent_holdout,4763,0.0001,0.0
independent_holdout,4764,0.0001,0.0
independent_holdout,4765,0.0001,0.0
independent_holdout,4766,0.0001,0.0
independent_holdout,4767,0.0001,0.0
independent_holdout,4768,0.0001,0.0
independent_holdout,4769,0.0001,0.0
independent_holdout,4770,0.0001,0.0
independent_holdout,4771,0.0001,0.0
independent_holdout,4772,0.0001,0.0
independent_holdout,4773,0.0001,0.0
independent_holdout,4774,0.0001,0.0
independent_holdout,4775,0.0001,0.0
independent_holdout,4776,0.0001,0.0
independent_holdout,4777,0.0001,0.0
independent_holdout,4778,0.0001,0.0
independent_holdout,4779,0.0001,0.0
independent_holdout,4780,0.0001,0.0
independent_holdout,4781,0.0001,0.0
independent_holdout,4782,0.0001,0.0
independent_holdout,4783,0.0001,0.0
independent_holdout,4784,0.0001,0.0
independent_holdout,4785,0.0001,0.0
independent_holdout,4786,0.0001,0.0
independent_holdout,4787,0.0001,0.0
independent_holdout,4788,0.0001,0.0
independent_holdout,4789,0.0001,0.0
independent_holdout,4790,0.0001,0.0
independent_holdout,4791,0.0001,0.0
independent_holdout,4792,0.0001,0.0
independent_holdout,4793,0.0001,0.0
independent_holdout,4794,0.0001,0.0
independent_holdout,4795,0.0001,0.0
independent_holdout,4796,0.0001,0.0
independent_holdout,4797,0.0001,0.0
independent_holdout,4798,0.0001,0.0
independent_holdout,4799,0.0001,0.0
independent_holdout,4800,0.0001,0.0
independent_holdout,4801,0.0001,0.0
independent_holdout,4802,0.0001,0.0
independent_holdout,4803,0.0001,0.0
independent_holdout,4804,0.0001,0.0
independent_holdout,4805,0.0001,0.0
independent_holdout,4806,0.0001,0.0
independent_holdout,4807,0.0001,0.0
independent_holdout,4808,0.0001,0.0
independent_holdout,4809,0.0001,0.0
independent_holdout,4810,0.0001,0.0
independent_holdout,4811,0.0001,0.0
independent_holdout,4812,0.0001,0.0
independent_holdout,4813,0.0001,0.0
independent_holdout,4814,0.0001,0.0
independent_holdout,4815,0.0001,0.0
independent_holdout,4816,0.0001,0.0
independent_holdout,4817,0.0001,0.0
independent_holdout,4818,0.0001,0.0
independent_holdout,4819,0.0001,0.0
independent_holdout,4820,0.0001,0.0
independent_holdout,4821,0.0001,0.0
independent_holdout,4822,0.0001,0.0
independent_holdout,4823,0.0001,0.0
independent_holdout,4824,0.0001,0.0
independent_holdout,4825,0.0001,0.0
independent_holdout,4826,0.0001,0.0
independent_holdout,4827,0.0001,0.0
independent_holdout,4828,0.0001,0.0
independent_holdout,4829,0.0001,0.0
independent_holdout,4830,0.0001,0.0
independent_holdout,4831,0.0001,0.0
independent_holdout,4832,0.0001,0.0
independent_holdout,4833,0.0001,0.0
independent_holdout,4834,0.0001,0.0
independent_holdout,4835,0.0001,0.0
independent_holdout,4836,0.0001,0.0
independent_holdout,4837,0.0001,0.0
independent_holdout,4838,0.0001,0.0
independent_holdout,4839,0.0001,0.0
independent_holdout,4840,0.0001,0.0
independent_holdout,4841,0.0001,0.0
independent_holdout,4842,0.0001,0.0
independent_holdout,4843,0.0001,0.0
independent_holdout,4844,0.0001,0.0
independent_holdout,4845,0.0001,0.0
independent_holdout,4846,0.0001,0.0
independent_holdout,4847,0.0001,0.0
independent_holdout,4848,0.0001,0.0
independent_holdout,4849,0.0001,0.0
independent_holdout,4850,0.0001,0.0
independent_holdout,4851,0.0001,0.0
independent_holdout,4852,0.0001,0.0
independent_holdout,4853,0.0001,0.0
independent_holdout,4854,0.0001,0.0
independent_holdout,4855,0.0001,0.0
independent_holdout,4856,0.0001,0.0
independent_holdout,4857,0.0001,0.0
independent_holdout,4858,0.0001,0.0
independent_holdout,4859,0.0001,0.0
independent_holdout,4860,0.0001,0.0
independent_holdout,4861,0.0001,0.0
independent_holdout,4862,0.0001,0.0
independent_holdout,4863,0.0001,0.0
independent_holdout,4864,0.0001,0.0
independent_holdout,4865,0.0001,0.0
independent_holdout,4866,0.0001,0.0
independent_holdout,4867,0.0001,0.0
independent_holdout,4868,0.0001,0.0
independent_holdout,4869,0.0001,0.0
independent_holdout,4870,0.0001,3415.2177021222224
independent_holdout,4871,0.0001,0.0
independent_holdout,4872,0.0001,0.0
independent_holdout,4873,0.0001,0.0
independent_holdout,4874,0.0001,0.0
independent_holdout,4875,0.0001,0.0
independent_holdout,4876,0.0001,0.0
independent_holdout,4877,0.0001,0.0
independent_holdout,4878,0.0001,0.0
independent_holdout,4879,0.0001,0.0
independent_holdout,4880,0.0001,0.0
independent_holdout,4881,0.0001,0.0
independent_holdout,4882,0.0001,0.0
independent_holdout,4883,0.0001,0.0
independent_holdout,4884,0.0001,0.0
independent_holdout,4885,0.0001,0.0
independent_holdout,4886,0.0001,0.0
independent_holdout,4887,0.0001,0.0
independent_holdout,4888,0.0001,0.0
independent_holdout,4889,0.0001,0.0
independent_holdout,4890,0.0001,0.0
independent_holdout,4891,0.0001,0.0
independent_holdout,4892,0.0001,0.0
independent_holdout,4893,0.0001,0.0
independent_holdout,4894,0.0001,0.0
independent_holdout,4895,0.0001,0.0
independent_holdout,4896,0.0001,0.0
independent_holdout,4897,0.0001,0.0
independent_holdout,4898,0.0001,0.0
independent_holdout,4899,0.0001,0.0
independent_holdout,4900,0.0001,0.0
independent_holdout,4901,0.0001,0.0
independent_holdout,4902,0.0001,0.0
independent_holdout,4903,0.0001,0.0
independent_holdout,4904,0.0001,0.0
independent_holdout,4905,0.0001,0.0
independent_holdout,4906,0.0001,0.0
independent_holdout,4907,0.0001,0.0
independent_holdout,4908,0.0001,0.0
independent_holdout,4909,0.0001,0.0
independent_holdout,4910,0.0001,0.0
independent_holdout,4911,0.0001,0.0
independent_holdout,4912,0.0001,0.0
independent_holdout,4913,0.0001,0.0
independent_holdout,4914,0.0001,0.0
independent_holdout,4915,0.0001,0.0
independent_holdout,4916,0.0001,0.0
independent_holdout,4917,0.0001,0.0
independent_holdout,4918,0.0001,0.0
independent_holdout,4919,0.0001,0.0
independent_holdout,4920,0.0001,0.0
independent_holdout,4921,0.0001,0.0
independent_holdout,4922,0.0001,0.0
independent_holdout,4923,0.0001,0.0
independent_holdout,4924,0.0001,0.0
independent_holdout,4925,0.0001,0.0
independent_holdout,4926,0.0001,0.0
independent_holdout,4927,0.0001,0.0
independent_holdout,4928,0.0001,0.0
independent_holdout,4929,0.0001,0.0
independent_holdout,4930,0.0001,0.0
independent_holdout,4931,0.0001,0.0
independent_holdout,4932,0.0001,0.0
independent_holdout,4933,0.0001,0.0
independent_holdout,4934,0.0001,0.0
independent_holdout,4935,0.0001,0.0
independent_holdout,4936,0.0001,0.0
independent_holdout,4937,0.0001,0.0
independent_holdout,4938,0.0001,0.0
independent_holdout,4939,0.0001,0.0
independent_holdout,4940,0.0001,0.0
independent_holdout,4941,0.0001,0.0
independent_holdout,4942,0.0001,0.0
independent_holdout,4943,0.0001,0.0
independent_holdout,4944,0.0001,0.0
independent_holdout,4945,0.0001,0.0
independent_holdout,4946,0.0001,0.0
independent_holdout,4947,0.0001,0.0
independent_holdout,4948,0.0001,0.0
independent_holdout,4949,0.0001,0.0
independent_holdout,4950,0.0001,0.0
independent_holdout,4951,0.0001,0.0
independent_holdout,4952,0.0001,0.0
independent_holdout,4953,0.0001,0.0
independent_holdout,4954,0.0001,0.0
independent_holdout,4955,0.0001,0.0
independent_holdout,4956,0.0001,0.0
independent_holdout,4957,0.0001,0.0
independent_holdout,4958,0.0001,0.0
independent_holdout,4959,0.0001,0.0
independent_holdout,4960,0.0001,0.0
independent_holdout,4961,0.0001,0.0
independent_holdout,4962,0.0001,0.0
independent_holdout,4963,0.0001,0.0
independent_holdout,4964,0.0001,0.0
independent_holdout,4965,0.0001,0.0
independent_holdout,4966,0.0001,0.0
independent_holdout,4967,0.0001,0.0
independent_holdout,4968,0.0001,0.0
independent_holdout,4969,0.0001,0.0
independent_holdout,4970,0.0001,0.0
independent_holdout,4971,0.0001,0.0
independent_holdout,4972,0.0001,0.0
independent_holdout,4973,0.0001,0.0
independent_holdout,4974,0.0001,0.0
independent_holdout,4975,0.0001,0.0
independent_holdout,4976,0.0001,0.0
independent_holdout,4977,0.0001,0.0
independent_holdout,4978,0.0001,0.0
independent_holdout,4979,0.0001,0.0
independent_holdout,4980,0.0001,0.0
independent_holdout,4981,0.0001,0.0
independent_holdout,4982,0.0001,0.0
independent_holdout,4983,0.0001,0.0
independent_holdout,4984,0.0001,0.0
independent_holdout,4985,0.0001,0.0
independent_holdout,4986,0.0001,0.0
independent_holdout,4987,0.0001,0.0
independent_holdout,4988,0.0001,0.0
independent_holdout,4989,0.0001,716.6575000000003
independent_holdout,4990,0.0001,0.0
independent_holdout,4991,0.0001,0.0
independent_holdout,4992,0.0001,0.0
independent_holdout,4993,0.0001,0.0
independent_holdout,4994,0.0001,0.0
independent_holdout,4995,0.0001,0.0
independent_holdout,4996,0.0001,0.0
independent_holdout,4997,0.0001,0.0
independent_holdout,4998,0.0001,0.0
independent_holdout,4999,0.0001,0.0
independent_holdout,5000,0.0001,0.0
independent_holdout,5001,0.0001,0.0
independent_holdout,5002,0.0001,0.0
independent_holdout,5003,0.0001,0.0
independent_holdout,5004,0.0001,0.0
independent_holdout,5005,0.0001,0.0
independent_holdout,5006,0.0001,0.0
independent_holdout,5007,0.0001,0.0
independent_holdout,5008,0.0001,0.0
independent_holdout,5009,0.0001,0.0
independent_holdout,5010,0.0001,0.0
independent_holdout,5011,0.0001,0.0
independent_holdout,5012,0.0001,0.0
independent_holdout,5013,0.0001,0.0
independent_holdout,5014,0.0001,0.0
independent_holdout,5015,0.0001,0.0
independent_holdout,5016,0.0001,0.0
independent_holdout,5017,0.0001,0.0
independent_holdout,5018,0.0001,0.0
independent_holdout,5019,0.0001,0.0
independent_holdout,5020,0.0001,0.0
independent_holdout,5021,0.0001,0.0
independent_holdout,5022,0.0001,0.0
independent_holdout,5023,0.0001,0.0
independent_holdout,5024,0.0001,0.0
independent_holdout,5025,0.0001,0.0
independent_holdout,5026,0.0001,0.0
independent_holdout,5027,0.0001,0.0
independent_holdout,5028,0.0001,0.0
independent_holdout,5029,0.0001,0.0
independent_holdout,5030,0.0001,0.0
independent_holdout,5031,0.0001,0.0
independent_holdout,5032,0.0001,0.0
independent_holdout,5033,0.0001,0.0
independent_holdout,5034,0.0001,0.0
independent_holdout,5035,0.0001,0.0
independent_holdout,5036,0.0001,0.0
independent_holdout,5037,0.0001,0.0
independent_holdout,5038,0.0001,0.0
independent_holdout,5039,0.0001,0.0
independent_holdout,5040,0.0001,0.0
independent_holdout,5041,0.0001,0.0
independent_holdout,5042,0.0001,0.0
independent_holdout,5043,0.0001,0.0
independent_holdout,5044,0.0001,0.0
independent_holdout,5045,0.0001,0.0
independent_holdout,5046,0.0001,0.0
independent_holdout,5047,0.0001,0.0
independent_holdout,5048,0.0001,0.0
independent_holdout,5049,0.0001,0.0
independent_holdout,5050,0.0001,0.0
independent_holdout,5051,0.0001,0.0
independent_holdout,5052,0.0001,0.0
independent_holdout,5053,0.0001,0.0
independent_holdout,5054,0.0001,0.0
independent_holdout,5055,0.0001,0.0
independent_holdout,5056,0.0001,0.0
independent_holdout,5057,0.0001,0.0
independent_holdout,5058,0.0001,0.0
independent_holdout,5059,0.0001,0.0
independent_holdout,5060,0.0001,0.0
independent_holdout,5061,0.0001,0.0
independent_holdout,5062,0.0001,0.0
independent_holdout,5063,0.0001,0.0
independent_holdout,5064,0.0001,0.0
independent_holdout,5065,0.0001,0.0
independent_holdout,5066,0.0001,0.0
independent_holdout,5067,0.0001,0.0
independent_holdout,5068,0.0001,0.0
independent_holdout,5069,0.0001,0.0
independent_holdout,5070,0.0001,0.0
independent_holdout,5071,0.0001,0.0
independent_holdout,5072,0.0001,0.0
independent_holdout,5073,0.0001,0.0
independent_holdout,5074,0.0001,0.0
independent_holdout,5075,0.0001,0.0
independent_holdout,5076,0.0001,0.0
independent_holdout,5077,0.0001,0.0
independent_holdout,5078,0.0001,0.0
independent_holdout,5079,0.0001,0.0
independent_holdout,5080,0.0001,0.0
independent_holdout,5081,0.0001,0.0
independent_holdout,5082,0.0001,0.0
independent_holdout,5083,0.0001,0.0
independent_holdout,5084,0.0001,0.0
independent_holdout,5085,0.0001,0.0
independent_holdout,5086,0.0001,0.0
independent_holdout,5087,0.0001,0.0
independent_holdout,5088,0.0001,0.0
independent_holdout,5089,0.0001,0.0
independent_holdout,5090,0.0001,0.0
independent_holdout,5091,0.0001,0.0
independent_holdout,5092,0.0001,0.0
independent_holdout,5093,0.0001,0.0
independent_holdout,5094,0.0001,0.0
independent_holdout,5095,0.0001,0.0
independent_holdout,5096,0.0001,0.0
independent_holdout,5097,0.0001,0.0
independent_holdout,5098,0.0001,0.0
independent_holdout,5099,0.0001,0.0
independent_holdout,5100,0.0001,0.0
independent_holdout,5101,0.0001,0.0
independent_holdout,5102,0.0001,0.0
independent_holdout,5103,0.0001,0.0
independent_holdout,5104,0.0001,2424.964063244445
independent_holdout,5105,0.0001,0.0
independent_holdout,5106,0.0001,0.0
independent_holdout,5107,0.0001,0.0
independent_holdout,5108,0.0001,0.0
independent_holdout,5109,0.0001,0.0
independent_holdout,5110,0.0001,0.0
independent_holdout,5111,0.0001,0.0
independent_holdout,5112,0.0001,0.0
independent_holdout,5113,0.0001,0.0
independent_holdout,5114,0.0001,0.0
independent_holdout,5115,0.0001,0.0
independent_holdout,5116,0.0001,0.0
independent_holdout,5117,0.0001,0.0
independent_holdout,5118,0.0001,0.0
independent_holdout,5119,0.0001,0.0
independent_holdout,5120,0.0001,0.0
independent_holdout,5121,0.0001,0.0
independent_holdout,5122,0.0001,0.0
independent_holdout,5123,0.0001,0.0
independent_holdout,5124,0.0001,0.0
independent_holdout,5125,0.0001,0.0
independent_holdout,5126,0.0001,0.0
independent_holdout,5127,0.0001,0.0
independent_holdout,5128,0.0001,0.0
independent_holdout,5129,0.0001,0.0
independent_holdout,5130,0.0001,0.0
independent_holdout,5131,0.0001,0.0
independent_holdout,5132,0.0001,0.0
independent_holdout,5133,0.0001,0.0
independent_holdout,5134,0.0001,0.0
independent_holdout,5135,0.0001,0.0
independent_holdout,5136,0.0001,0.0
independent_holdout,5137,0.0001,0.0
independent_holdout,5138,0.0001,0.0
independent_holdout,5139,0.0001,0.0
independent_holdout,5140,0.0001,0.0
independent_holdout,5141,0.0001,0.0
independent_holdout,5142,0.0001,0.0
independent_holdout,5143,0.0001,0.0
independent_holdout,5144,0.0001,0.0
independent_holdout,5145,0.0001,0.0
independent_holdout,5146,0.0001,0.0
independent_holdout,5147,0.0001,0.0
independent_holdout,5148,0.0001,0.0
independent_holdout,5149,0.0001,0.0
independent_holdout,5150,0.0001,0.0
independent_holdout,5151,0.0001,0.0
independent_holdout,5152,0.0001,0.0
independent_holdout,5153,0.0001,0.0
independent_holdout,5154,0.0001,0.0
independent_holdout,5155,0.0001,0.0
independent_holdout,5156,0.0001,0.0
independent_holdout,5157,0.0001,0.0
independent_holdout,5158,0.0001,0.0
independent_holdout,5159,0.0001,0.0
independent_holdout,5160,0.0001,0.0
independent_holdout,5161,0.0001,0.0
independent_holdout,5162,0.0001,0.0
independent_holdout,5163,0.0001,0.0
independent_holdout,5164,0.0001,0.0
independent_holdout,5165,0.0001,0.0
independent_holdout,5166,0.0001,0.0
independent_holdout,5167,0.0001,0.0
independent_holdout,5168,0.0001,0.0
independent_holdout,5169,0.0001,0.0
independent_holdout,5170,0.0001,0.0
independent_holdout,5171,0.0001,0.0
independent_holdout,5172,0.0001,0.0
independent_holdout,5173,0.0001,0.0
independent_holdout,5174,0.0001,0.0
independent_holdout,5175,0.0001,0.0
independent_holdout,5176,0.0001,0.0
independent_holdout,5177,0.0001,0.0
independent_holdout,5178,0.0001,0.0
independent_holdout,5179,0.0001,0.0
independent_holdout,5180,0.0001,0.0
independent_holdout,5181,0.0001,0.0
independent_holdout,5182,0.0001,0.0
independent_holdout,5183,0.0001,0.0
independent_holdout,5184,0.0001,0.0
independent_holdout,5185,0.0001,0.0
independent_holdout,5186,0.0001,0.0
independent_holdout,5187,0.0001,0.0
independent_holdout,5188,0.0001,0.0
independent_holdout,5189,0.0001,0.0
independent_holdout,5190,0.0001,0.0
independent_holdout,5191,0.0001,0.0
independent_holdout,5192,0.0001,0.0
independent_holdout,5193,0.0001,0.0
independent_holdout,5194,0.0001,0.0
independent_holdout,5195,0.0001,0.0
independent_holdout,5196,0.0001,0.0
independent_holdout,5197,0.0001,0.0
independent_holdout,5198,0.0001,0.0
independent_holdout,5199,0.0001,0.0
independent_holdout,5200,0.0001,0.0
independent_holdout,5201,0.0001,0.0
independent_holdout,5202,0.0001,0.0
independent_holdout,5203,0.0001,0.0
independent_holdout,5204,0.0001,0.0
independent_holdout,5205,0.0001,0.0
independent_holdout,5206,0.0001,0.0
independent_holdout,5207,0.0001,0.0
independent_holdout,5208,0.0001,0.0
independent_holdout,5209,0.0001,0.0
independent_holdout,5210,0.0001,0.0
independent_holdout,5211,0.0001,0.0
independent_holdout,5212,0.0001,0.0
independent_holdout,5213,0.0001,0.0
independent_holdout,5214,0.0001,0.0
independent_holdout,5215,0.0001,0.0
independent_holdout,5216,0.0001,0.0
independent_holdout,5217,0.0001,0.0
independent_holdout,5218,0.0001,0.0
independent_holdout,5219,0.0001,0.0
independent_holdout,5220,0.0001,0.0
independent_holdout,5221,0.0001,0.0
independent_holdout,5222,0.0001,0.0
independent_holdout,5223,0.0001,0.0
independent_holdout,5224,0.0001,0.0
independent_holdout,5225,0.0001,0.0
independent_holdout,5226,0.0001,0.0
independent_holdout,5227,0.0001,0.0
independent_holdout,5228,0.0001,0.0
independent_holdout,5229,0.0001,0.0
independent_holdout,5230,0.0001,0.0
independent_holdout,5231,0.0001,0.0
independent_holdout,5232,0.0001,0.0
independent_holdout,5233,0.0001,0.0
independent_holdout,5234,0.0001,0.0
independent_holdout,5235,0.0001,0.0
independent_holdout,5236,0.0001,0.0
independent_holdout,5237,0.0001,0.0
independent_holdout,5238,0.0001,0.0
independent_holdout,5239,0.0001,0.0
independent_holdout,5240,0.0001,0.0
independent_holdout,5241,0.0001,0.0
independent_holdout,5242,0.0001,0.0
independent_holdout,5243,0.0001,0.0
independent_holdout,5244,0.0001,0.0
independent_holdout,5245,0.0001,0.0
independent_holdout,5246,0.0001,0.0
independent_holdout,5247,0.0001,0.0
independent_holdout,5248,0.0001,0.0
independent_holdout,5249,0.0001,0.0
independent_holdout,5250,0.0001,0.0
independent_holdout,5251,0.0001,0.0
independent_holdout,5252,0.0001,0.0
independent_holdout,5253,0.0001,0.0
independent_holdout,5254,0.0001,0.0
independent_holdout,5255,0.0001,0.0
independent_holdout,5256,0.0001,0.0
independent_holdout,5257,0.0001,0.0
independent_holdout,5258,0.0001,0.0
independent_holdout,5259,0.0001,0.0
independent_holdout,5260,0.0001,0.0
independent_holdout,5261,0.0001,0.0
independent_holdout,5262,0.0001,0.0
independent_holdout,5263,0.0001,0.0
independent_holdout,5264,0.0001,0.0
independent_holdout,5265,0.0001,0.0
independent_holdout,5266,0.0001,0.0
independent_holdout,5267,0.0001,0.0
independent_holdout,5268,0.0001,0.0
independent_holdout,5269,0.0001,0.0
independent_holdout,5270,0.0001,0.0
independent_holdout,5271,0.0001,0.0
independent_holdout,5272,0.0001,0.0
independent_holdout,5273,0.0001,0.0
independent_holdout,5274,0.0001,0.0
independent_holdout,5275,0.0001,0.0
independent_holdout,5276,0.0001,0.0
independent_holdout,5277,0.0001,0.0
independent_holdout,5278,0.0001,0.0
independent_holdout,5279,0.0001,0.0
independent_holdout,5280,0.0001,0.0
independent_holdout,5281,0.0001,0.0
independent_holdout,5282,0.0001,0.0
independent_holdout,5283,0.0001,0.0
independent_holdout,5284,0.0001,0.0
independent_holdout,5285,0.0001,0.0
independent_holdout,5286,0.0001,0.0
independent_holdout,5287,0.0001,0.0
independent_holdout,5288,0.0001,0.0
independent_holdout,5289,0.0001,0.0
independent_holdout,5290,0.0001,0.0
independent_holdout,5291,0.0001,0.0
independent_holdout,5292,0.0001,0.0
independent_holdout,5293,0.0001,0.0
independent_holdout,5294,0.0001,0.0
independent_holdout,5295,0.0001,0.0
independent_holdout,5296,0.0001,0.0
independent_holdout,5297,0.0001,0.0
independent_holdout,5298,0.0001,0.0
independent_holdout,5299,0.0001,0.0
independent_holdout,5300,0.0001,0.0
independent_holdout,5301,0.0001,0.0
independent_holdout,5302,0.0001,0.0
independent_holdout,5303,0.0001,0.0
independent_holdout,5304,0.0001,0.0
independent_holdout,5305,0.0001,0.0
independent_holdout,5306,0.0001,0.0
independent_holdout,5307,0.0001,0.0
independent_holdout,5308,0.0001,0.0
independent_holdout,5309,0.0001,0.0
independent_holdout,5310,0.0001,0.0
independent_holdout,5311,0.0001,0.0
independent_holdout,5312,0.0001,0.0
independent_holdout,5313,0.0001,0.0
independent_holdout,5314,0.0001,0.0
independent_holdout,5315,0.0001,0.0
independent_holdout,5316,0.0001,0.0
independent_holdout,5317,0.0001,0.0
independent_holdout,5318,0.0001,0.0
independent_holdout,5319,0.0001,0.0
independent_holdout,5320,0.0001,0.0
independent_holdout,5321,0.0001,0.0
independent_holdout,5322,0.0001,0.0
independent_holdout,5323,0.0001,0.0
independent_holdout,5324,0.0001,0.0
independent_holdout,5325,0.0001,0.0
independent_holdout,5326,0.0001,0.0
independent_holdout,5327,0.0001,0.0
independent_holdout,5328,0.0001,0.0
independent_holdout,5329,0.0001,0.0
independent_holdout,5330,0.0001,0.0
independent_holdout,5331,0.0001,0.0
independent_holdout,5332,0.0001,0.0
independent_holdout,5333,0.0001,0.0
independent_holdout,5334,0.0001,0.0
independent_holdout,5335,0.0001,0.0
independent_holdout,5336,0.0001,0.0
independent_holdout,5337,0.0001,0.0
independent_holdout,5338,0.0001,0.0
independent_holdout,5339,0.0001,0.0
independent_holdout,5340,0.0001,0.0
independent_holdout,5341,0.0001,0.0
independent_holdout,5342,0.0001,0.0
independent_holdout,5343,0.0001,0.0
independent_holdout,5344,0.0001,0.0
independent_holdout,5345,0.0001,0.0
independent_holdout,5346,0.0001,0.0
independent_holdout,5347,0.0001,0.0
independent_holdout,5348,0.0001,0.0
independent_holdout,5349,0.0001,0.0
independent_holdout,5350,0.0001,0.0
independent_holdout,5351,0.0001,0.0
independent_holdout,5352,0.0001,0.0
independent_holdout,5353,0.0001,0.0
independent_holdout,5354,0.0001,0.0
independent_holdout,5355,0.0001,0.0
independent_holdout,5356,0.0001,0.0
independent_holdout,5357,0.0001,0.0
independent_holdout,5358,0.0001,0.0
independent_holdout,5359,0.0001,0.0
independent_holdout,5360,0.0001,0.0
independent_holdout,5361,0.0001,0.0
independent_holdout,5362,0.0001,0.0
independent_holdout,5363,0.0001,0.0
independent_holdout,5364,0.0001,0.0
independent_holdout,5365,0.0001,0.0
independent_holdout,5366,0.0001,0.0
independent_holdout,5367,0.0001,0.0
independent_holdout,5368,0.0001,0.0
independent_holdout,5369,0.0001,0.0
independent_holdout,5370,0.0001,0.0
independent_holdout,5371,0.0001,0.0
independent_holdout,5372,0.0001,0.0
independent_holdout,5373,0.0001,0.0
independent_holdout,5374,0.0001,0.0
independent_holdout,5375,0.0001,0.0
independent_holdout,5376,0.0001,0.0
independent_holdout,5377,0.0001,0.0
independent_holdout,5378,0.0001,0.0
independent_holdout,5379,0.0001,0.0
independent_holdout,5380,0.0001,0.0
independent_holdout,5381,0.0001,0.0
independent_holdout,5382,0.0001,0.0
independent_holdout,5383,0.0001,0.0
independent_holdout,5384,0.0001,0.0
independent_holdout,5385,0.0001,0.0
independent_holdout,5386,0.0001,0.0
independent_holdout,5387,0.0001,0.0
independent_holdout,5388,0.0001,0.0
independent_holdout,5389,0.0001,0.0
independent_holdout,5390,0.0001,228.13833340000008
independent_holdout,5391,0.0001,0.0
independent_holdout,5392,0.0001,0.0
independent_holdout,5393,0.0001,0.0
independent_holdout,5394,0.0001,0.0
independent_holdout,5395,0.0001,0.0
independent_holdout,5396,0.0001,0.0
independent_holdout,5397,0.0001,0.0
independent_holdout,5398,0.0001,0.0
independent_holdout,5399,0.0001,0.0
independent_holdout,5400,0.0001,0.0
independent_holdout,5401,0.0001,0.0
independent_holdout,5402,0.0001,0.0
independent_holdout,5403,0.0001,0.0
independent_holdout,5404,0.0001,0.0
independent_holdout,5405,0.0001,0.0
independent_holdout,5406,0.0001,0.0
independent_holdout,5407,0.0001,0.0
independent_holdout,5408,0.0001,0.0
independent_holdout,5409,0.0001,0.0
independent_holdout,5410,0.0001,0.0
independent_holdout,5411,0.0001,0.0
independent_holdout,5412,0.0001,0.0
independent_holdout,5413,0.0001,0.0
independent_holdout,5414,0.0001,0.0
independent_holdout,5415,0.0001,0.0
independent_holdout,5416,0.0001,0.0
independent_holdout,5417,0.0001,0.0
independent_holdout,5418,0.0001,3659.569523563076
independent_holdout,5419,0.0001,0.0
independent_holdout,5420,0.0001,0.0
independent_holdout,5421,0.0001,0.0
independent_holdout,5422,0.0001,0.0
independent_holdout,5423,0.0001,0.0
independent_holdout,5424,0.0001,0.0
independent_holdout,5425,0.0001,0.0
independent_holdout,5426,0.0001,0.0
independent_holdout,5427,0.0001,0.0
independent_holdout,5428,0.0001,0.0
independent_holdout,5429,0.0001,0.0
independent_holdout,5430,0.0001,0.0
independent_holdout,5431,0.0001,0.0
independent_holdout,5432,0.0001,0.0
independent_holdout,5433,0.0001,0.0
independent_holdout,5434,0.0001,0.0
independent_holdout,5435,0.0001,0.0
independent_holdout,5436,0.0001,0.0
independent_holdout,5437,0.0001,0.0
independent_holdout,5438,0.0001,0.0
independent_holdout,5439,0.0001,0.0
independent_holdout,5440,0.0001,0.0
independent_holdout,5441,0.0001,0.0
independent_holdout,5442,0.0001,0.0
independent_holdout,5443,0.0001,0.0
independent_holdout,5444,0.0001,0.0
independent_holdout,5445,0.0001,0.0
independent_holdout,5446,0.0001,0.0
independent_holdout,5447,0.0001,0.0
independent_holdout,5448,0.0001,0.0
independent_holdout,5449,0.0001,0.0
independent_holdout,5450,0.0001,0.0
independent_holdout,5451,0.0001,0.0
independent_holdout,5452,0.0001,0.0
independent_holdout,5453,0.0001,0.0
independent_holdout,5454,0.0001,0.0
independent_holdout,5455,0.0001,0.0
independent_holdout,5456,0.0001,0.0
independent_holdout,5457,0.0001,0.0
independent_holdout,5458,0.0001,0.0
independent_holdout,5459,0.0001,0.0
independent_holdout,5460,0.0001,0.0
independent_holdout,5461,0.0001,0.0
independent_holdout,5462,0.0001,0.0
independent_holdout,5463,0.0001,0.0
independent_holdout,5464,0.0001,0.0
independent_holdout,5465,0.0001,0.0
independent_holdout,5466,0.0001,0.0
independent_holdout,5467,0.0001,0.0
independent_holdout,5468,0.0001,0.0
independent_holdout,5469,0.0001,0.0
independent_holdout,5470,0.0001,0.0
independent_holdout,5471,0.0001,0.0
independent_holdout,5472,0.0001,0.0
independent_holdout,5473,0.0001,0.0
independent_holdout,5474,0.0001,0.0
independent_holdout,5475,0.0001,0.0
independent_holdout,5476,0.0001,0.0
independent_holdout,5477,0.0001,0.0
independent_holdout,5478,0.0001,0.0
independent_holdout,5479,0.0001,0.0
independent_holdout,5480,0.0001,0.0
independent_holdout,5481,0.0001,0.0
independent_holdout,5482,0.0001,0.0
independent_holdout,5483,0.0001,0.0
independent_holdout,5484,0.0001,0.0
independent_holdout,5485,0.0001,0.0
independent_holdout,5486,0.0001,0.0
independent_holdout,5487,0.0001,0.0
independent_holdout,5488,0.0001,0.0
independent_holdout,5489,0.0001,0.0
independent_holdout,5490,0.0001,0.0
independent_holdout,5491,0.0001,0.0
independent_holdout,5492,0.0001,0.0
independent_holdout,5493,0.0001,0.0
independent_holdout,5494,0.0001,0.0
independent_holdout,5495,0.0001,0.0
independent_holdout,5496,0.0001,0.0
independent_holdout,5497,0.0001,0.0
independent_holdout,5498,0.0001,0.0
independent_holdout,5499,0.0001,0.0
independent_holdout,5500,0.0001,0.0
independent_holdout,5501,0.0001,0.0
independent_holdout,5502,0.0001,0.0
independent_holdout,5503,0.0001,0.0
independent_holdout,5504,0.0001,0.0
independent_holdout,5505,0.0001,0.0
independent_holdout,5506,0.0001,0.0
independent_holdout,5507,0.0001,0.0
independent_holdout,5508,0.0001,0.0
independent_holdout,5509,0.0001,0.0
independent_holdout,5510,0.0001,0.0
independent_holdout,5511,0.0001,0.0
independent_holdout,5512,0.0001,0.0
independent_holdout,5513,0.0001,0.0
independent_holdout,5514,0.0001,0.0
independent_holdout,5515,0.0001,0.0
independent_holdout,5516,0.0001,0.0
independent_holdout,5517,0.0001,0.0
independent_holdout,5518,0.0001,0.0
independent_holdout,5519,0.0001,0.0
independent_holdout,5520,0.0001,0.0
independent_holdout,5521,0.0001,0.0
independent_holdout,5522,0.0001,0.0
independent_holdout,5523,0.0001,0.0
independent_holdout,5524,0.0001,0.0
independent_holdout,5525,0.0001,0.0
independent_holdout,5526,0.0001,0.0
independent_holdout,5527,0.0001,0.0
independent_holdout,5528,0.0001,0.0
independent_holdout,5529,0.0001,0.0
independent_holdout,5530,0.0001,0.0
independent_holdout,5531,0.0001,0.0
independent_holdout,5532,0.0001,0.0
independent_holdout,5533,0.0001,0.0
independent_holdout,5534,0.0001,0.0
independent_holdout,5535,0.0001,0.0
independent_holdout,5536,0.0001,0.0
independent_holdout,5537,0.0001,0.0
independent_holdout,5538,0.0001,0.0
independent_holdout,5539,0.0001,0.0
independent_holdout,5540,0.0001,0.0
independent_holdout,5541,0.0001,0.0
independent_holdout,5542,0.0001,0.0
independent_holdout,5543,0.0001,0.0
independent_holdout,5544,0.0001,0.0
independent_holdout,5545,0.0001,0.0
independent_holdout,5546,0.0001,0.0
independent_holdout,5547,0.0001,0.0
independent_holdout,5548,0.0001,0.0
independent_holdout,5549,0.0001,0.0
independent_holdout,5550,0.0001,0.0
independent_holdout,5551,0.0001,0.0
independent_holdout,5552,0.0001,0.0
independent_holdout,5553,0.0001,0.0
independent_holdout,5554,0.0001,0.0
independent_holdout,5555,0.0001,0.0
independent_holdout,5556,0.0001,0.0
independent_holdout,5557,0.0001,0.0
independent_holdout,5558,0.0001,0.0
independent_holdout,5559,0.0001,0.0
independent_holdout,5560,0.0001,0.0
independent_holdout,5561,0.0001,0.0
independent_holdout,5562,0.0001,0.0
independent_holdout,5563,0.0001,0.0
independent_holdout,5564,0.0001,0.0
independent_holdout,5565,0.0001,0.0
independent_holdout,5566,0.0001,0.0
independent_holdout,5567,0.0001,0.0
independent_holdout,5568,0.0001,0.0
independent_holdout,5569,0.0001,0.0
independent_holdout,5570,0.0001,0.0
independent_holdout,5571,0.0001,0.0
independent_holdout,5572,0.0001,0.0
independent_holdout,5573,0.0001,0.0
independent_holdout,5574,0.0001,0.0
independent_holdout,5575,0.0001,0.0
independent_holdout,5576,0.0001,0.0
independent_holdout,5577,0.0001,0.0
independent_holdout,5578,0.0001,0.0
independent_holdout,5579,0.0001,0.0
independent_holdout,5580,0.0001,0.0
independent_holdout,5581,0.0001,0.0
independent_holdout,5582,0.0001,0.0
independent_holdout,5583,0.0001,0.0
independent_holdout,5584,0.0001,0.0
independent_holdout,5585,0.0001,0.0
independent_holdout,5586,0.0001,0.0
independent_holdout,5587,0.0001,0.0
independent_holdout,5588,0.0001,0.0
independent_holdout,5589,0.0001,0.0
independent_holdout,5590,0.0001,0.0
independent_holdout,5591,0.0001,0.0
independent_holdout,5592,0.0001,0.0
independent_holdout,5593,0.0001,0.0
independent_holdout,5594,0.0001,0.0
independent_holdout,5595,0.0001,0.0
independent_holdout,5596,0.0001,0.0
independent_holdout,5597,0.0001,0.0
independent_holdout,5598,0.0001,0.0
independent_holdout,5599,0.0001,0.0
independent_holdout,5600,0.0001,0.0
independent_holdout,5601,0.0001,0.0
independent_holdout,5602,0.0001,0.0
independent_holdout,5603,0.0001,0.0
independent_holdout,5604,0.0001,0.0
independent_holdout,5605,0.0001,0.0
independent_holdout,5606,0.0001,0.0
independent_holdout,5607,0.0001,0.0
independent_holdout,5608,0.0001,0.0
independent_holdout,5609,0.0001,0.0
independent_holdout,5610,0.0001,0.0
independent_holdout,5611,0.0001,0.0
independent_holdout,5612,0.0001,0.0
independent_holdout,5613,0.0001,0.0
independent_holdout,5614,0.0001,0.0
independent_holdout,5615,0.0001,0.0
independent_holdout,5616,0.0001,0.0
independent_holdout,5617,0.0001,0.0
independent_holdout,5618,0.0001,0.0
independent_holdout,5619,0.0001,0.0
independent_holdout,5620,0.0001,0.0
independent_holdout,5621,0.0001,0.0
independent_holdout,5622,0.0001,0.0
independent_holdout,5623,0.0001,0.0
independent_holdout,5624,0.0001,0.0
independent_holdout,5625,0.0001,0.0
independent_holdout,5626,0.0001,0.0
independent_holdout,5627,0.0001,0.0
independent_holdout,5628,0.0001,0.0
independent_holdout,5629,0.0001,0.0
independent_holdout,5630,0.0001,0.0
independent_holdout,5631,0.0001,0.0
independent_holdout,5632,0.0001,0.0
independent_holdout,5633,0.0001,0.0
independent_holdout,5634,0.0001,0.0
independent_holdout,5635,0.0001,0.0
independent_holdout,5636,0.0001,0.0
independent_holdout,5637,0.0001,0.0
independent_holdout,5638,0.0001,0.0
independent_holdout,5639,0.0001,0.0
independent_holdout,5640,0.0001,0.0
independent_holdout,5641,0.0001,0.0
independent_holdout,5642,0.0001,0.0
independent_holdout,5643,0.0001,0.0
independent_holdout,5644,0.0001,0.0
independent_holdout,5645,0.0001,0.0
independent_holdout,5646,0.0001,0.0
independent_holdout,5647,0.0001,0.0
independent_holdout,5648,0.0001,0.0
independent_holdout,5649,0.0001,0.0
independent_holdout,5650,0.0001,0.0
independent_holdout,5651,0.0001,0.0
independent_holdout,5652,0.0001,0.0
independent_holdout,5653,0.0001,0.0
independent_holdout,5654,0.0001,0.0
independent_holdout,5655,0.0001,0.0
independent_holdout,5656,0.0001,0.0
independent_holdout,5657,0.0001,0.0
independent_holdout,5658,0.0001,0.0
independent_holdout,5659,0.0001,0.0
independent_holdout,5660,0.0001,0.0
independent_holdout,5661,0.0001,0.0
independent_holdout,5662,0.0001,0.0
independent_holdout,5663,0.0001,0.0
independent_holdout,5664,0.0001,0.0
independent_holdout,5665,0.0001,0.0
independent_holdout,5666,0.0001,0.0
independent_holdout,5667,0.0001,0.0
independent_holdout,5668,0.0001,0.0
independent_holdout,5669,0.0001,0.0
independent_holdout,5670,0.0001,0.0
independent_holdout,5671,0.0001,0.0
independent_holdout,5672,0.0001,0.0
independent_holdout,5673,0.0001,0.0
independent_holdout,5674,0.0001,0.0
independent_holdout,5675,0.0001,0.0
independent_holdout,5676,0.0001,0.0
independent_holdout,5677,0.0001,0.0
independent_holdout,5678,0.0001,0.0
independent_holdout,5679,0.0001,0.0
independent_holdout,5680,0.0001,0.0
independent_holdout,5681,0.0001,0.0
independent_holdout,5682,0.0001,0.0
independent_holdout,5683,0.0001,0.0
independent_holdout,5684,0.0001,0.0
independent_holdout,5685,0.0001,0.0
independent_holdout,5686,0.0001,0.0
independent_holdout,5687,0.0001,0.0
independent_holdout,5688,0.0001,0.0
independent_holdout,5689,0.0001,0.0
independent_holdout,5690,0.0001,0.0
independent_holdout,5691,0.0001,0.0
independent_holdout,5692,0.0001,0.0
independent_holdout,5693,0.0001,0.0
independent_holdout,5694,0.0001,0.0
independent_holdout,5695,0.0001,0.0
independent_holdout,5696,0.0001,0.0
independent_holdout,5697,0.0001,0.0
independent_holdout,5698,0.0001,0.0
independent_holdout,5699,0.0001,0.0
independent_holdout,5700,0.0001,0.0
independent_holdout,5701,0.0001,0.0
independent_holdout,5702,0.0001,0.0
independent_holdout,5703,0.0001,0.0
independent_holdout,5704,0.0001,0.0
independent_holdout,5705,0.0001,0.0
independent_holdout,5706,0.0001,0.0
independent_holdout,5707,0.0001,0.0
independent_holdout,5708,0.0001,0.0
independent_holdout,5709,0.0001,0.0
independent_holdout,5710,0.0001,0.0
independent_holdout,5711,0.0001,0.0
independent_holdout,5712,0.0001,0.0
independent_holdout,5713,0.0001,0.0
independent_holdout,5714,0.0001,0.0
independent_holdout,5715,0.0001,0.0
independent_holdout,5716,0.0001,0.0
independent_holdout,5717,0.0001,0.0
independent_holdout,5718,0.0001,0.0
independent_holdout,5719,0.0001,0.0
independent_holdout,5720,0.0001,0.0
independent_holdout,5721,0.0001,0.0
independent_holdout,5722,0.0001,0.0
independent_holdout,5723,0.0001,0.0
independent_holdout,5724,0.0001,0.0
independent_holdout,5725,0.0001,0.0
independent_holdout,5726,0.0001,0.0
independent_holdout,5727,0.0001,0.0
independent_holdout,5728,0.0001,0.0
independent_holdout,5729,0.0001,0.0
independent_holdout,5730,0.0001,0.0
independent_holdout,5731,0.0001,0.0
independent_holdout,5732,0.0001,0.0
independent_holdout,5733,0.0001,0.0
independent_holdout,5734,0.0001,0.0
independent_holdout,5735,0.0001,4162.084669333333
independent_holdout,5736,0.0001,0.0
independent_holdout,5737,0.0001,0.0
independent_holdout,5738,0.0001,0.0
independent_holdout,5739,0.0001,0.0
independent_holdout,5740,0.0001,0.0
independent_holdout,5741,0.0001,0.0
independent_holdout,5742,0.0001,0.0
independent_holdout,5743,0.0001,0.0
independent_holdout,5744,0.0001,0.0
independent_holdout,5745,0.0001,0.0
independent_holdout,5746,0.0001,0.0
independent_holdout,5747,0.0001,0.0
independent_holdout,5748,0.0001,0.0
independent_holdout,5749,0.0001,0.0
independent_holdout,5750,0.0001,0.0
independent_holdout,5751,0.0001,3408.848428418632
independent_holdout,5752,0.0001,0.0
independent_holdout,5753,0.0001,0.0
independent_holdout,5754,0.0001,0.0
independent_holdout,5755,0.0001,0.0
independent_holdout,5756,0.0001,0.0
independent_holdout,5757,0.0001,0.0
independent_holdout,5758,0.0001,0.0
independent_holdout,5759,0.0001,0.0
independent_holdout,5760,0.0001,0.0
independent_holdout,5761,0.0001,0.0
independent_holdout,5762,0.0001,0.0
independent_holdout,5763,0.0001,0.0
independent_holdout,5764,0.0001,0.0
independent_holdout,5765,0.0001,0.0
independent_holdout,5766,0.0001,0.0
independent_holdout,5767,0.0001,0.0
independent_holdout,5768,0.0001,0.0
independent_holdout,5769,0.0001,0.0
independent_holdout,5770,0.0001,0.0
independent_holdout,5771,0.0001,0.0
independent_holdout,5772,0.0001,0.0
independent_holdout,5773,0.0001,0.0
independent_holdout,5774,0.0001,0.0
independent_holdout,5775,0.0001,0.0
independent_holdout,5776,0.0001,0.0
independent_holdout,5777,0.0001,0.0
independent_holdout,5778,0.0001,0.0
independent_holdout,5779,0.0001,0.0
independent_holdout,5780,0.0001,0.0
independent_holdout,5781,0.0001,0.0
independent_holdout,5782,0.0001,0.0
independent_holdout,5783,0.0001,0.0
independent_holdout,5784,0.0001,0.0
independent_holdout,5785,0.0001,0.0
independent_holdout,5786,0.0001,0.0
independent_holdout,5787,0.0001,0.0
independent_holdout,5788,0.0001,0.0
independent_holdout,5789,0.0001,0.0
independent_holdout,5790,0.0001,0.0
independent_holdout,5791,0.0001,0.0
independent_holdout,5792,0.0001,0.0
independent_holdout,5793,0.0001,0.0
independent_holdout,5794,0.0001,0.0
independent_holdout,5795,0.0001,0.0
independent_holdout,5796,0.0001,0.0
independent_holdout,5797,0.0001,0.0
independent_holdout,5798,0.0001,0.0
independent_holdout,5799,0.0001,0.0
independent_holdout,5800,0.0001,0.0
independent_holdout,5801,0.0001,0.0
independent_holdout,5802,0.0001,0.0
independent_holdout,5803,0.0001,0.0
independent_holdout,5804,0.0001,0.0
independent_holdout,5805,0.0001,0.0
independent_holdout,5806,0.0001,0.0
independent_holdout,5807,0.0001,0.0
independent_holdout,5808,0.0001,498.6805556555556
independent_holdout,5809,0.0001,0.0
independent_holdout,5810,0.0001,0.0
independent_holdout,5811,0.0001,0.0
independent_holdout,5812,0.0001,0.0
independent_holdout,5813,0.0001,0.0
independent_holdout,5814,0.0001,0.0
independent_holdout,5815,0.0001,0.0
independent_holdout,5816,0.0001,0.0
independent_holdout,5817,0.0001,0.0
independent_holdout,5818,0.0001,0.0
independent_holdout,5819,0.0001,0.0
independent_holdout,5820,0.0001,0.0
independent_holdout,5821,0.0001,0.0
independent_holdout,5822,0.0001,0.0
independent_holdout,5823,0.0001,0.0
independent_holdout,5824,0.0001,0.0
independent_holdout,5825,0.0001,0.0
independent_holdout,5826,0.0001,0.0
independent_holdout,5827,0.0001,0.0
independent_holdout,5828,0.0001,0.0
independent_holdout,5829,0.0001,0.0
independent_holdout,5830,0.0001,0.0
independent_holdout,5831,0.0001,0.0
independent_holdout,5832,0.0001,0.0
independent_holdout,5833,0.0001,0.0
independent_holdout,5834,0.0001,0.0
independent_holdout,5835,0.0001,0.0
independent_holdout,5836,0.0001,0.0
independent_holdout,5837,0.0001,0.0
independent_holdout,5838,0.0001,0.0
independent_holdout,5839,0.0001,0.0
independent_holdout,5840,0.0001,0.0
independent_holdout,5841,0.0001,0.0
independent_holdout,5842,0.0001,0.0
independent_holdout,5843,0.0001,0.0
independent_holdout,5844,0.0001,0.0
independent_holdout,5845,0.0001,0.0
independent_holdout,5846,0.0001,0.0
independent_holdout,5847,0.0001,0.0
independent_holdout,5848,0.0001,0.0
independent_holdout,5849,0.0001,0.0
independent_holdout,5850,0.0001,0.0
independent_holdout,5851,0.0001,0.0
independent_holdout,5852,0.0001,0.0
independent_holdout,5853,0.0001,0.0
independent_holdout,5854,0.0001,0.0
independent_holdout,5855,0.0001,0.0
independent_holdout,5856,0.0001,0.0
independent_holdout,5857,0.0001,0.0
independent_holdout,5858,0.0001,0.0
independent_holdout,5859,0.0001,0.0
independent_holdout,5860,0.0001,0.0
independent_holdout,5861,0.0001,0.0
independent_holdout,5862,0.0001,0.0
independent_holdout,5863,0.0001,0.0
independent_holdout,5864,0.0001,0.0
independent_holdout,5865,0.0001,0.0
independent_holdout,5866,0.0001,0.0
independent_holdout,5867,0.0001,0.0
independent_holdout,5868,0.0001,0.0
independent_holdout,5869,0.0001,0.0
independent_holdout,5870,0.0001,0.0
independent_holdout,5871,0.0001,0.0
independent_holdout,5872,0.0001,0.0
independent_holdout,5873,0.0001,0.0
independent_holdout,5874,0.0001,0.0
independent_holdout,5875,0.0001,0.0
independent_holdout,5876,0.0001,0.0
independent_holdout,5877,0.0001,0.0
independent_holdout,5878,0.0001,0.0
independent_holdout,5879,0.0001,0.0
independent_holdout,5880,0.0001,0.0
independent_holdout,5881,0.0001,0.0
independent_holdout,5882,0.0001,0.0
independent_holdout,5883,0.0001,0.0
independent_holdout,5884,0.0001,0.0
independent_holdout,5885,0.0001,0.0
independent_holdout,5886,0.0001,0.0
independent_holdout,5887,0.0001,0.0
independent_holdout,5888,0.0001,0.0
independent_holdout,5889,0.0001,0.0
independent_holdout,5890,0.0001,0.0
independent_holdout,5891,0.0001,0.0
independent_holdout,5892,0.0001,0.0
independent_holdout,5893,0.0001,0.0
independent_holdout,5894,0.0001,0.0
independent_holdout,5895,0.0001,0.0
independent_holdout,5896,0.0001,0.0
independent_holdout,5897,0.0001,0.0
independent_holdout,5898,0.0001,0.0
independent_holdout,5899,0.0001,0.0
independent_holdout,5900,0.0001,0.0
independent_holdout,5901,0.0001,0.0
independent_holdout,5902,0.0001,0.0
independent_holdout,5903,0.0001,0.0
independent_holdout,5904,0.0001,0.0
independent_holdout,5905,0.0001,0.0
independent_holdout,5906,0.0001,0.0
independent_holdout,5907,0.0001,0.0
independent_holdout,5908,0.0001,0.0
independent_holdout,5909,0.0001,0.0
independent_holdout,5910,0.0001,0.0
independent_holdout,5911,0.0001,0.0
independent_holdout,5912,0.0001,0.0
independent_holdout,5913,0.0001,0.0
independent_holdout,5914,0.0001,0.0
independent_holdout,5915,0.0001,0.0
independent_holdout,5916,0.0001,0.0
independent_holdout,5917,0.0001,0.0
independent_holdout,5918,0.0001,0.0
independent_holdout,5919,0.0001,0.0
independent_holdout,5920,0.0001,0.0
independent_holdout,5921,0.0001,0.0
independent_holdout,5922,0.0001,0.0
independent_holdout,5923,0.0001,0.0
independent_holdout,5924,0.0001,0.0
independent_holdout,5925,0.0001,0.0
independent_holdout,5926,0.0001,0.0
independent_holdout,5927,0.0001,0.0
independent_holdout,5928,0.0001,0.0
independent_holdout,5929,0.0001,0.0
independent_holdout,5930,0.0001,0.0
independent_holdout,5931,0.0001,0.0
independent_holdout,5932,0.0001,0.0
independent_holdout,5933,0.0001,0.0
independent_holdout,5934,0.0001,0.0
independent_holdout,5935,0.0001,0.0
independent_holdout,5936,0.0001,0.0
independent_holdout,5937,0.0001,0.0
independent_holdout,5938,0.0001,0.0
independent_holdout,5939,0.0001,0.0
independent_holdout,5940,0.0001,0.0
independent_holdout,5941,0.0001,0.0
independent_holdout,5942,0.0001,0.0
independent_holdout,5943,0.0001,0.0
independent_holdout,5944,0.0001,0.0
independent_holdout,5945,0.0001,0.0
independent_holdout,5946,0.0001,0.0
independent_holdout,5947,0.0001,0.0
independent_holdout,5948,0.0001,0.0
independent_holdout,5949,0.0001,0.0
independent_holdout,5950,0.0001,0.0
independent_holdout,5951,0.0001,0.0
independent_holdout,5952,0.0001,0.0
independent_holdout,5953,0.0001,0.0
independent_holdout,5954,0.0001,0.0
independent_holdout,5955,0.0001,0.0
independent_holdout,5956,0.0001,0.0
independent_holdout,5957,0.0001,0.0
independent_holdout,5958,0.0001,0.0
independent_holdout,5959,0.0001,0.0
independent_holdout,5960,0.0001,0.0
independent_holdout,5961,0.0001,0.0
independent_holdout,5962,0.0001,0.0
independent_holdout,5963,0.0001,0.0
independent_holdout,5964,0.0001,0.0
independent_holdout,5965,0.0001,0.0
independent_holdout,5966,0.0001,0.0
independent_holdout,5967,0.0001,0.0
independent_holdout,5968,0.0001,0.0
independent_holdout,5969,0.0001,0.0
independent_holdout,5970,0.0001,0.0
independent_holdout,5971,0.0001,0.0
independent_holdout,5972,0.0001,0.0
independent_holdout,5973,0.0001,0.0
independent_holdout,5974,0.0001,0.0
independent_holdout,5975,0.0001,0.0
independent_holdout,5976,0.0001,0.0
independent_holdout,5977,0.0001,0.0
independent_holdout,5978,0.0001,0.0
independent_holdout,5979,0.0001,0.0
independent_holdout,5980,0.0001,0.0
independent_holdout,5981,0.0001,0.0
independent_holdout,5982,0.0001,0.0
independent_holdout,5983,0.0001,0.0
independent_holdout,5984,0.0001,0.0
independent_holdout,5985,0.0001,0.0
independent_holdout,5986,0.0001,0.0
independent_holdout,5987,0.0001,0.0
independent_holdout,5988,0.0001,0.0
independent_holdout,5989,0.0001,0.0
independent_holdout,5990,0.0001,0.0
independent_holdout,5991,0.0001,0.0
independent_holdout,5992,0.0001,0.0
independent_holdout,5993,0.0001,0.0
independent_holdout,5994,0.0001,0.0
independent_holdout,5995,0.0001,0.0
independent_holdout,5996,0.0001,0.0
independent_holdout,5997,0.0001,0.0
independent_holdout,5998,0.0001,0.0
independent_holdout,5999,0.0001,0.0
independent_holdout,6000,0.0001,0.0
independent_holdout,6001,0.0001,0.0
independent_holdout,6002,0.0001,0.0
independent_holdout,6003,0.0001,0.0
independent_holdout,6004,0.0001,0.0
independent_holdout,6005,0.0001,0.0
independent_holdout,6006,0.0001,0.0
independent_holdout,6007,0.0001,0.0
independent_holdout,6008,0.0001,0.0
independent_holdout,6009,0.0001,0.0
independent_holdout,6010,0.0001,0.0
independent_holdout,6011,0.0001,0.0
independent_holdout,6012,0.0001,0.0
independent_holdout,6013,0.0001,0.0
independent_holdout,6014,0.0001,0.0
independent_holdout,6015,0.0001,0.0
independent_holdout,6016,0.0001,0.0
independent_holdout,6017,0.0001,0.0
independent_holdout,6018,0.0001,0.0
independent_holdout,6019,0.0001,0.0
independent_holdout,6020,0.0001,0.0
independent_holdout,6021,0.0001,0.0
independent_holdout,6022,0.0001,0.0
independent_holdout,6023,0.0001,0.0
independent_holdout,6024,0.0001,0.0
independent_holdout,6025,0.0001,0.0
independent_holdout,6026,0.0001,0.0
independent_holdout,6027,0.0001,0.0
independent_holdout,6028,0.0001,0.0
independent_holdout,6029,0.0001,0.0
independent_holdout,6030,0.0001,0.0
independent_holdout,6031,0.0001,0.0
independent_holdout,6032,0.0001,0.0
independent_holdout,6033,0.0001,0.0
independent_holdout,6034,0.0001,0.0
independent_holdout,6035,0.0001,0.0
independent_holdout,6036,0.0001,0.0
independent_holdout,6037,0.0001,0.0
independent_holdout,6038,0.0001,0.0
independent_holdout,6039,0.0001,0.0
independent_holdout,6040,0.0001,0.0
independent_holdout,6041,0.0001,0.0
independent_holdout,6042,0.0001,0.0
independent_holdout,6043,0.0001,0.0
independent_holdout,6044,0.0001,0.0
independent_holdout,6045,0.0001,0.0
independent_holdout,6046,0.0001,0.0
independent_holdout,6047,0.0001,0.0
independent_holdout,6048,0.0001,0.0
independent_holdout,6049,0.0001,0.0
independent_holdout,6050,0.0001,0.0
independent_holdout,6051,0.0001,0.0
independent_holdout,6052,0.0001,0.0
independent_holdout,6053,0.0001,0.0
independent_holdout,6054,0.0001,0.0
independent_holdout,6055,0.0001,0.0
independent_holdout,6056,0.0001,0.0
independent_holdout,6057,0.0001,0.0
independent_holdout,6058,0.0001,0.0
independent_holdout,6059,0.0001,0.0
independent_holdout,6060,0.0001,0.0
independent_holdout,6061,0.0001,0.0
independent_holdout,6062,0.0001,0.0
independent_holdout,6063,0.0001,0.0
independent_holdout,6064,0.0001,0.0
independent_holdout,6065,0.0001,0.0
independent_holdout,6066,0.0001,0.0
independent_holdout,6067,0.0001,0.0
independent_holdout,6068,0.0001,0.0
independent_holdout,6069,0.0001,0.0
independent_holdout,6070,0.0001,0.0
independent_holdout,6071,0.0001,0.0
independent_holdout,6072,0.0001,0.0
independent_holdout,6073,0.0001,0.0
independent_holdout,6074,0.0001,0.0
independent_holdout,6075,0.0001,0.0
independent_holdout,6076,0.0001,0.0
independent_holdout,6077,0.0001,0.0
independent_holdout,6078,0.0001,0.0
independent_holdout,6079,0.0001,0.0
independent_holdout,6080,0.0001,0.0
independent_holdout,6081,0.0001,0.0
independent_holdout,6082,0.0001,0.0
independent_holdout,6083,0.0001,0.0
independent_holdout,6084,0.0001,0.0
independent_holdout,6085,0.0001,0.0
independent_holdout,6086,0.0001,0.0
independent_holdout,6087,0.0001,0.0
independent_holdout,6088,0.0001,0.0
independent_holdout,6089,0.0001,0.0
independent_holdout,6090,0.0001,0.0
independent_holdout,6091,0.0001,0.0
independent_holdout,6092,0.0001,0.0
independent_holdout,6093,0.0001,0.0
independent_holdout,6094,0.0001,0.0
independent_holdout,6095,0.0001,0.0
independent_holdout,6096,0.0001,0.0
independent_holdout,6097,0.0001,0.0
independent_holdout,6098,0.0001,0.0
independent_holdout,6099,0.0001,0.0
independent_holdout,6100,0.0001,0.0
independent_holdout,6101,0.0001,0.0
independent_holdout,6102,0.0001,0.0
independent_holdout,6103,0.0001,0.0
independent_holdout,6104,0.0001,0.0
independent_holdout,6105,0.0001,0.0
independent_holdout,6106,0.0001,0.0
independent_holdout,6107,0.0001,0.0
independent_holdout,6108,0.0001,0.0
independent_holdout,6109,0.0001,0.0
independent_holdout,6110,0.0001,0.0
independent_holdout,6111,0.0001,0.0
independent_holdout,6112,0.0001,0.0
independent_holdout,6113,0.0001,0.0
independent_holdout,6114,0.0001,0.0
independent_holdout,6115,0.0001,0.0
independent_holdout,6116,0.0001,0.0
independent_holdout,6117,0.0001,0.0
independent_holdout,6118,0.0001,0.0
independent_holdout,6119,0.0001,0.0
independent_holdout,6120,0.0001,0.0
independent_holdout,6121,0.0001,0.0
independent_holdout,6122,0.0001,0.0
independent_holdout,6123,0.0001,0.0
independent_holdout,6124,0.0001,0.0
independent_holdout,6125,0.0001,0.0
independent_holdout,6126,0.0001,0.0
independent_holdout,6127,0.0001,0.0
independent_holdout,6128,0.0001,0.0
independent_holdout,6129,0.0001,0.0
independent_holdout,6130,0.0001,0.0
independent_holdout,6131,0.0001,0.0
independent_holdout,6132,0.0001,0.0
independent_holdout,6133,0.0001,0.0
independent_holdout,6134,0.0001,0.0
independent_holdout,6135,0.0001,0.0
independent_holdout,6136,0.0001,0.0
independent_holdout,6137,0.0001,0.0
independent_holdout,6138,0.0001,0.0
independent_holdout,6139,0.0001,0.0
independent_holdout,6140,0.0001,0.0
independent_holdout,6141,0.0001,0.0
independent_holdout,6142,0.0001,0.0
independent_holdout,6143,0.0001,0.0
independent_holdout,6144,0.0001,0.0
independent_holdout,6145,0.0001,0.0
independent_holdout,6146,0.0001,0.0
independent_holdout,6147,0.0001,0.0
independent_holdout,6148,0.0001,0.0
independent_holdout,6149,0.0001,0.0
independent_holdout,6150,0.0001,0.0
independent_holdout,6151,0.0001,0.0
independent_holdout,6152,0.0001,0.0
independent_holdout,6153,0.0001,0.0
independent_holdout,6154,0.0001,0.0
independent_holdout,6155,0.0001,0.0
independent_holdout,6156,0.0001,0.0
independent_holdout,6157,0.0001,0.0
independent_holdout,6158,0.0001,0.0
independent_holdout,6159,0.0001,0.0
independent_holdout,6160,0.0001,0.0
independent_holdout,6161,0.0001,0.0
independent_holdout,6162,0.0001,0.0
independent_holdout,6163,0.0001,0.0
independent_holdout,6164,0.0001,0.0
independent_holdout,6165,0.0001,0.0
independent_holdout,6166,0.0001,0.0
independent_holdout,6167,0.0001,0.0
independent_holdout,6168,0.0001,0.0
independent_holdout,6169,0.0001,0.0
independent_holdout,6170,0.0001,0.0
independent_holdout,6171,0.0001,0.0
independent_holdout,6172,0.0001,0.0
independent_holdout,6173,0.0001,0.0
independent_holdout,6174,0.0001,0.0
independent_holdout,6175,0.0001,0.0
independent_holdout,6176,0.0001,0.0
independent_holdout,6177,0.0001,0.0
independent_holdout,6178,0.0001,0.0
independent_holdout,6179,0.0001,0.0
independent_holdout,6180,0.0001,0.0
independent_holdout,6181,0.0001,0.0
independent_holdout,6182,0.0001,0.0
independent_holdout,6183,0.0001,0.0
independent_holdout,6184,0.0001,0.0
independent_holdout,6185,0.0001,0.0
independent_holdout,6186,0.0001,0.0
independent_holdout,6187,0.0001,0.0
independent_holdout,6188,0.0001,0.0
independent_holdout,6189,0.0001,0.0
independent_holdout,6190,0.0001,0.0
independent_holdout,6191,0.0001,0.0
independent_holdout,6192,0.0001,0.0
independent_holdout,6193,0.0001,0.0
independent_holdout,6194,0.0001,0.0
independent_holdout,6195,0.0001,0.0
independent_holdout,6196,0.0001,0.0
independent_holdout,6197,0.0001,0.0
independent_holdout,6198,0.0001,0.0
independent_holdout,6199,0.0001,0.0
independent_holdout,6200,0.0001,0.0
independent_holdout,6201,0.0001,0.0
independent_holdout,6202,0.0001,0.0
independent_holdout,6203,0.0001,0.0
independent_holdout,6204,0.0001,0.0
independent_holdout,6205,0.0001,0.0
independent_holdout,6206,0.0001,0.0
independent_holdout,6207,0.0001,0.0
independent_holdout,6208,0.0001,9199.030000233332
independent_holdout,6209,0.0001,0.0
independent_holdout,6210,0.0001,0.0
independent_holdout,6211,0.0001,0.0
independent_holdout,6212,0.0001,0.0
independent_holdout,6213,0.0001,0.0
independent_holdout,6214,0.0001,0.0
independent_holdout,6215,0.0001,0.0
independent_holdout,6216,0.0001,0.0
independent_holdout,6217,0.0001,0.0
independent_holdout,6218,0.0001,0.0
independent_holdout,6219,0.0001,0.0
independent_holdout,6220,0.0001,0.0
independent_holdout,6221,0.0001,0.0
independent_holdout,6222,0.0001,0.0
independent_holdout,6223,0.0001,0.0
independent_holdout,6224,0.0001,0.0
independent_holdout,6225,0.0001,0.0
independent_holdout,6226,0.0001,0.0
independent_holdout,6227,0.0001,0.0
independent_holdout,6228,0.0001,0.0
independent_holdout,6229,0.0001,0.0
independent_holdout,6230,0.0001,0.0
independent_holdout,6231,0.0001,0.0
independent_holdout,6232,0.0001,0.0
independent_holdout,6233,0.0001,0.0
independent_holdout,6234,0.0001,0.0
independent_holdout,6235,0.0001,0.0
independent_holdout,6236,0.0001,0.0
independent_holdout,6237,0.0001,0.0
independent_holdout,6238,0.0001,0.0
independent_holdout,6239,0.0001,0.0
independent_holdout,6240,0.0001,0.0
independent_holdout,6241,0.0001,0.0
independent_holdout,6242,0.0001,0.0
independent_holdout,6243,0.0001,0.0
independent_holdout,6244,0.0001,0.0
independent_holdout,6245,0.0001,0.0
independent_holdout,6246,0.0001,0.0
independent_holdout,6247,0.0001,0.0
independent_holdout,6248,0.0001,0.0
independent_holdout,6249,0.0001,0.0
independent_holdout,6250,0.0001,0.0
independent_holdout,6251,0.0001,0.0
independent_holdout,6252,0.0001,0.0
independent_holdout,6253,0.0001,0.0
independent_holdout,6254,0.0001,0.0
independent_holdout,6255,0.0001,0.0
independent_holdout,6256,0.0001,0.0
independent_holdout,6257,0.0001,0.0
independent_holdout,6258,0.0001,0.0
independent_holdout,6259,0.0001,0.0
independent_holdout,6260,0.0001,0.0
independent_holdout,6261,0.0001,0.0
independent_holdout,6262,0.0001,0.0
independent_holdout,6263,0.0001,0.0
independent_holdout,6264,0.0001,0.0
independent_holdout,6265,0.0001,0.0
independent_holdout,6266,0.0001,0.0
independent_holdout,6267,0.0001,0.0
independent_holdout,6268,0.0001,0.0
independent_holdout,6269,0.0001,0.0
independent_holdout,6270,0.0001,0.0
independent_holdout,6271,0.0001,0.0
independent_holdout,6272,0.0001,0.0
independent_holdout,6273,0.0001,0.0
independent_holdout,6274,0.0001,0.0
independent_holdout,6275,0.0001,0.0
independent_holdout,6276,0.0001,0.0
independent_holdout,6277,0.0001,0.0
independent_holdout,6278,0.0001,0.0
independent_holdout,6279,0.0001,0.0
independent_holdout,6280,0.0001,0.0
independent_holdout,6281,0.0001,0.0
independent_holdout,6282,0.0001,0.0
independent_holdout,6283,0.0001,0.0
independent_holdout,6284,0.0001,0.0
independent_holdout,6285,0.0001,0.0
independent_holdout,6286,0.0001,0.0
independent_holdout,6287,0.0001,0.0
independent_holdout,6288,0.0001,0.0
independent_holdout,6289,0.0001,0.0
independent_holdout,6290,0.0001,0.0
independent_holdout,6291,0.0001,0.0
independent_holdout,6292,0.0001,0.0
independent_holdout,6293,0.0001,0.0
independent_holdout,6294,0.0001,0.0
independent_holdout,6295,0.0001,0.0
independent_holdout,6296,0.0001,0.0
independent_holdout,6297,0.0001,0.0
independent_holdout,6298,0.0001,0.0
independent_holdout,6299,0.0001,0.0
independent_holdout,6300,0.0001,0.0
independent_holdout,6301,0.0001,0.0
independent_holdout,6302,0.0001,0.0
independent_holdout,6303,0.0001,0.0
independent_holdout,6304,0.0001,0.0
independent_holdout,6305,0.0001,0.0
independent_holdout,6306,0.0001,0.0
independent_holdout,6307,0.0001,0.0
independent_holdout,6308,0.0001,0.0
independent_holdout,6309,0.0001,0.0
independent_holdout,6310,0.0001,0.0
independent_holdout,6311,0.0001,0.0
independent_holdout,6312,0.0001,0.0
independent_holdout,6313,0.0001,0.0
independent_holdout,6314,0.0001,0.0
independent_holdout,6315,0.0001,0.0
independent_holdout,6316,0.0001,0.0
independent_holdout,6317,0.0001,0.0
independent_holdout,6318,0.0001,0.0
independent_holdout,6319,0.0001,0.0
independent_holdout,6320,0.0001,0.0
independent_holdout,6321,0.0001,0.0
independent_holdout,6322,0.0001,0.0
independent_holdout,6323,0.0001,0.0
independent_holdout,6324,0.0001,0.0
independent_holdout,6325,0.0001,0.0
independent_holdout,6326,0.0001,0.0
independent_holdout,6327,0.0001,0.0
independent_holdout,6328,0.0001,0.0
independent_holdout,6329,0.0001,0.0
independent_holdout,6330,0.0001,0.0
independent_holdout,6331,0.0001,0.0
independent_holdout,6332,0.0001,0.0
independent_holdout,6333,0.0001,0.0
independent_holdout,6334,0.0001,0.0
independent_holdout,6335,0.0001,0.0
independent_holdout,6336,0.0001,0.0
independent_holdout,6337,0.0001,0.0
independent_holdout,6338,0.0001,0.0
independent_holdout,6339,0.0001,0.0
independent_holdout,6340,0.0001,0.0
independent_holdout,6341,0.0001,0.0
independent_holdout,6342,0.0001,0.0
independent_holdout,6343,0.0001,0.0
independent_holdout,6344,0.0001,0.0
independent_holdout,6345,0.0001,0.0
independent_holdout,6346,0.0001,0.0
independent_holdout,6347,0.0001,0.0
independent_holdout,6348,0.0001,0.0
independent_holdout,6349,0.0001,0.0
independent_holdout,6350,0.0001,0.0
independent_holdout,6351,0.0001,0.0
independent_holdout,6352,0.0001,0.0
independent_holdout,6353,0.0001,0.0
independent_holdout,6354,0.0001,0.0
independent_holdout,6355,0.0001,0.0
independent_holdout,6356,0.0001,0.0
independent_holdout,6357,0.0001,0.0
independent_holdout,6358,0.0001,0.0
independent_holdout,6359,0.0001,0.0
independent_holdout,6360,0.0001,0.0
independent_holdout,6361,0.0001,0.0
independent_holdout,6362,0.0001,0.0
independent_holdout,6363,0.0001,0.0
independent_holdout,6364,0.0001,0.0
independent_holdout,6365,0.0001,0.0
independent_holdout,6366,0.0001,0.0
independent_holdout,6367,0.0001,0.0
independent_holdout,6368,0.0001,0.0
independent_holdout,6369,0.0001,0.0
independent_holdout,6370,0.0001,0.0
independent_holdout,6371,0.0001,0.0
independent_holdout,6372,0.0001,0.0
independent_holdout,6373,0.0001,0.0
independent_holdout,6374,0.0001,0.0
independent_holdout,6375,0.0001,0.0
independent_holdout,6376,0.0001,0.0
independent_holdout,6377,0.0001,0.0
independent_holdout,6378,0.0001,0.0
independent_holdout,6379,0.0001,0.0
independent_holdout,6380,0.0001,0.0
independent_holdout,6381,0.0001,0.0
independent_holdout,6382,0.0001,0.0
independent_holdout,6383,0.0001,0.0
independent_holdout,6384,0.0001,0.0
independent_holdout,6385,0.0001,0.0
independent_holdout,6386,0.0001,0.0
independent_holdout,6387,0.0001,0.0
independent_holdout,6388,0.0001,0.0
independent_holdout,6389,0.0001,0.0
independent_holdout,6390,0.0001,0.0
independent_holdout,6391,0.0001,0.0
independent_holdout,6392,0.0001,0.0
independent_holdout,6393,0.0001,0.0
independent_holdout,6394,0.0001,0.0
independent_holdout,6395,0.0001,0.0
independent_holdout,6396,0.0001,0.0
independent_holdout,6397,0.0001,0.0
independent_holdout,6398,0.0001,0.0
independent_holdout,6399,0.0001,0.0
independent_holdout,6400,0.0001,0.0
independent_holdout,6401,0.0001,0.0
independent_holdout,6402,0.0001,0.0
independent_holdout,6403,0.0001,0.0
independent_holdout,6404,0.0001,0.0
independent_holdout,6405,0.0001,0.0
independent_holdout,6406,0.0001,0.0
independent_holdout,6407,0.0001,0.0
independent_holdout,6408,0.0001,0.0
independent_holdout,6409,0.0001,0.0
independent_holdout,6410,0.0001,0.0
independent_holdout,6411,0.0001,0.0
independent_holdout,6412,0.0001,0.0
independent_holdout,6413,0.0001,0.0
independent_holdout,6414,0.0001,0.0
independent_holdout,6415,0.0001,0.0
independent_holdout,6416,0.0001,0.0
independent_holdout,6417,0.0001,0.0
independent_holdout,6418,0.0001,0.0
independent_holdout,6419,0.0001,0.0
independent_holdout,6420,0.0001,0.0
independent_holdout,6421,0.0001,0.0
independent_holdout,6422,0.0001,0.0
independent_holdout,6423,0.0001,0.0
independent_holdout,6424,0.0001,0.0
independent_holdout,6425,0.0001,0.0
independent_holdout,6426,0.0001,0.0
independent_holdout,6427,0.0001,0.0
independent_holdout,6428,0.0001,0.0
independent_holdout,6429,0.0001,0.0
independent_holdout,6430,0.0001,0.0
independent_holdout,6431,0.0001,0.0
independent_holdout,6432,0.0001,0.0
independent_holdout,6433,0.0001,0.0
independent_holdout,6434,0.0001,0.0
independent_holdout,6435,0.0001,0.0
independent_holdout,6436,0.0001,0.0
independent_holdout,6437,0.0001,0.0
independent_holdout,6438,0.0001,0.0
independent_holdout,6439,0.0001,0.0
independent_holdout,6440,0.0001,0.0
independent_holdout,6441,0.0001,0.0
independent_holdout,6442,0.0001,0.0
independent_holdout,6443,0.0001,0.0
independent_holdout,6444,0.0001,0.0
independent_holdout,6445,0.0001,0.0
independent_holdout,6446,0.0001,0.0
independent_holdout,6447,0.0001,0.0
independent_holdout,6448,0.0001,0.0
independent_holdout,6449,0.0001,0.0
independent_holdout,6450,0.0001,0.0
independent_holdout,6451,0.0001,0.0
independent_holdout,6452,0.0001,0.0
independent_holdout,6453,0.0001,0.0
independent_holdout,6454,0.0001,0.0
independent_holdout,6455,0.0001,0.0
independent_holdout,6456,0.0001,0.0
independent_holdout,6457,0.0001,0.0
independent_holdout,6458,0.0001,0.0
independent_holdout,6459,0.0001,0.0
independent_holdout,6460,0.0001,0.0
independent_holdout,6461,0.0001,0.0
independent_holdout,6462,0.0001,0.0
independent_holdout,6463,0.0001,0.0
independent_holdout,6464,0.0001,0.0
independent_holdout,6465,0.0001,0.0
independent_holdout,6466,0.0001,0.0
independent_holdout,6467,0.0001,0.0
independent_holdout,6468,0.0001,0.0
independent_holdout,6469,0.0001,0.0
independent_holdout,6470,0.0001,0.0
independent_holdout,6471,0.0001,0.0
independent_holdout,6472,0.0001,0.0
independent_holdout,6473,0.0001,0.0
independent_holdout,6474,0.0001,0.0
independent_holdout,6475,0.0001,0.0
independent_holdout,6476,0.0001,0.0
independent_holdout,6477,0.0001,0.0
independent_holdout,6478,0.0001,0.0
independent_holdout,6479,0.0001,0.0
independent_holdout,6480,0.0001,0.0
independent_holdout,6481,0.0001,0.0
independent_holdout,6482,0.0001,0.0
independent_holdout,6483,0.0001,0.0
independent_holdout,6484,0.0001,0.0
independent_holdout,6485,0.0001,0.0
independent_holdout,6486,0.0001,0.0
independent_holdout,6487,0.0001,0.0
independent_holdout,6488,0.0001,0.0
independent_holdout,6489,0.0001,0.0
independent_holdout,6490,0.0001,0.0
independent_holdout,6491,0.0001,0.0
independent_holdout,6492,0.0001,0.0
independent_holdout,6493,0.0001,0.0
independent_holdout,6494,0.0001,0.0
independent_holdout,6495,0.0001,0.0
independent_holdout,6496,0.0001,0.0
independent_holdout,6497,0.0001,0.0
independent_holdout,6498,0.0001,0.0
independent_holdout,6499,0.0001,0.0
independent_holdout,6500,0.0001,0.0
independent_holdout,6501,0.0001,0.0
independent_holdout,6502,0.0001,0.0
independent_holdout,6503,0.0001,0.0
independent_holdout,6504,0.0001,0.0
independent_holdout,6505,0.0001,0.0
independent_holdout,6506,0.0001,0.0
independent_holdout,6507,0.0001,0.0
independent_holdout,6508,0.0001,0.0
independent_holdout,6509,0.0001,0.0
independent_holdout,6510,0.0001,0.0
independent_holdout,6511,0.0001,0.0
independent_holdout,6512,0.0001,0.0
independent_holdout,6513,0.0001,0.0
independent_holdout,6514,0.0001,0.0
independent_holdout,6515,0.0001,0.0
independent_holdout,6516,0.0001,0.0
independent_holdout,6517,0.0001,0.0
independent_holdout,6518,0.0001,0.0
independent_holdout,6519,0.0001,0.0
independent_holdout,6520,0.0001,0.0
independent_holdout,6521,0.0001,0.0
independent_holdout,6522,0.0001,0.0
independent_holdout,6523,0.0001,0.0
independent_holdout,6524,0.0001,0.0
independent_holdout,6525,0.0001,0.0
independent_holdout,6526,0.0001,0.0
independent_holdout,6527,0.0001,0.0
independent_holdout,6528,0.0001,0.0
independent_holdout,6529,0.0001,0.0
independent_holdout,6530,0.0001,0.0
independent_holdout,6531,0.0001,0.0
independent_holdout,6532,0.0001,0.0
independent_holdout,6533,0.0001,0.0
independent_holdout,6534,0.0001,0.0
independent_holdout,6535,0.0001,0.0
independent_holdout,6536,0.0001,0.0
independent_holdout,6537,0.0001,0.0
independent_holdout,6538,0.0001,0.0
independent_holdout,6539,0.0001,0.0
independent_holdout,6540,0.0001,0.0
independent_holdout,6541,0.0001,0.0
independent_holdout,6542,0.0001,0.0
independent_holdout,6543,0.0001,0.0
independent_holdout,6544,0.0001,0.0
independent_holdout,6545,0.0001,0.0
independent_holdout,6546,0.0001,0.0
independent_holdout,6547,0.0001,0.0
independent_holdout,6548,0.0001,0.0
independent_holdout,6549,0.0001,0.0
independent_holdout,6550,0.0001,0.0
independent_holdout,6551,0.0001,0.0
independent_holdout,6552,0.0001,0.0
independent_holdout,6553,0.0001,0.0
independent_holdout,6554,0.0001,0.0
independent_holdout,6555,0.0001,0.0
independent_holdout,6556,0.0001,0.0
independent_holdout,6557,0.0001,0.0
independent_holdout,6558,0.0001,0.0
independent_holdout,6559,0.0001,0.0
independent_holdout,6560,0.0001,0.0
independent_holdout,6561,0.0001,0.0
independent_holdout,6562,0.0001,0.0
independent_holdout,6563,0.0001,0.0
independent_holdout,6564,0.0001,0.0
independent_holdout,6565,0.0001,0.0
independent_holdout,6566,0.0001,0.0
independent_holdout,6567,0.0001,0.0
independent_holdout,6568,0.0001,0.0
independent_holdout,6569,0.0001,0.0
independent_holdout,6570,0.0001,0.0
independent_holdout,6571,0.0001,0.0
independent_holdout,6572,0.0001,0.0
independent_holdout,6573,0.0001,0.0
independent_holdout,6574,0.0001,0.0
independent_holdout,6575,0.0001,0.0
independent_holdout,6576,0.0001,0.0
independent_holdout,6577,0.0001,0.0
independent_holdout,6578,0.0001,0.0
independent_holdout,6579,0.0001,0.0
independent_holdout,6580,0.0001,0.0
independent_holdout,6581,0.0001,0.0
independent_holdout,6582,0.0001,0.0
independent_holdout,6583,0.0001,0.0
independent_holdout,6584,0.0001,0.0
independent_holdout,6585,0.0001,0.0
independent_holdout,6586,0.0001,0.0
independent_holdout,6587,0.0001,0.0
independent_holdout,6588,0.0001,0.0
independent_holdout,6589,0.0001,0.0
independent_holdout,6590,0.0001,0.0
independent_holdout,6591,0.0001,0.0
independent_holdout,6592,0.0001,0.0
independent_holdout,6593,0.0001,0.0
independent_holdout,6594,0.0001,0.0
independent_holdout,6595,0.0001,0.0
independent_holdout,6596,0.0001,0.0
independent_holdout,6597,0.0001,0.0
independent_holdout,6598,0.0001,0.0
independent_holdout,6599,0.0001,0.0
independent_holdout,6600,0.0001,0.0
independent_holdout,6601,0.0001,0.0
independent_holdout,6602,0.0001,0.0
independent_holdout,6603,0.0001,0.0
independent_holdout,6604,0.0001,0.0
independent_holdout,6605,0.0001,0.0
independent_holdout,6606,0.0001,0.0
independent_holdout,6607,0.0001,0.0
independent_holdout,6608,0.0001,0.0
independent_holdout,6609,0.0001,0.0
independent_holdout,6610,0.0001,0.0
independent_holdout,6611,0.0001,0.0
independent_holdout,6612,0.0001,0.0
independent_holdout,6613,0.0001,0.0
independent_holdout,6614,0.0001,0.0
independent_holdout,6615,0.0001,0.0
independent_holdout,6616,0.0001,0.0
independent_holdout,6617,0.0001,0.0
independent_holdout,6618,0.0001,0.0
independent_holdout,6619,0.0001,0.0
independent_holdout,6620,0.0001,0.0
independent_holdout,6621,0.0001,0.0
independent_holdout,6622,0.0001,0.0
independent_holdout,6623,0.0001,0.0
independent_holdout,6624,0.0001,0.0
independent_holdout,6625,0.0001,0.0
independent_holdout,6626,0.0001,0.0
independent_holdout,6627,0.0001,0.0
independent_holdout,6628,0.0001,0.0
independent_holdout,6629,0.0001,0.0
independent_holdout,6630,0.0001,0.0
independent_holdout,6631,0.0001,0.0
independent_holdout,6632,0.0001,0.0
independent_holdout,6633,0.0001,0.0
independent_holdout,6634,0.0001,0.0
independent_holdout,6635,0.0001,0.0
independent_holdout,6636,0.0001,0.0
independent_holdout,6637,0.0001,0.0
independent_holdout,6638,0.0001,0.0
independent_holdout,6639,0.0001,0.0
independent_holdout,6640,0.0001,0.0
independent_holdout,6641,0.0001,0.0
independent_holdout,6642,0.0001,0.0
independent_holdout,6643,0.0001,0.0
independent_holdout,6644,0.0001,0.0
independent_holdout,6645,0.0001,0.0
independent_holdout,6646,0.0001,0.0
independent_holdout,6647,0.0001,0.0
independent_holdout,6648,0.0001,0.0
independent_holdout,6649,0.0001,0.0
independent_holdout,6650,0.0001,0.0
independent_holdout,6651,0.0001,0.0
independent_holdout,6652,0.0001,0.0
independent_holdout,6653,0.0001,0.0
independent_holdout,6654,0.0001,0.0
independent_holdout,6655,0.0001,0.0
independent_holdout,6656,0.0001,0.0
independent_holdout,6657,0.0001,0.0
independent_holdout,6658,0.0001,0.0
independent_holdout,6659,0.0001,0.0
independent_holdout,6660,0.0001,0.0
independent_holdout,6661,0.0001,0.0
independent_holdout,6662,0.0001,0.0
independent_holdout,6663,0.0001,0.0
independent_holdout,6664,0.0001,0.0
independent_holdout,6665,0.0001,0.0
independent_holdout,6666,0.0001,0.0
independent_holdout,6667,0.0001,0.0
independent_holdout,6668,0.0001,0.0
independent_holdout,6669,0.0001,0.0
independent_holdout,6670,0.0001,0.0
independent_holdout,6671,0.0001,0.0
independent_holdout,6672,0.0001,0.0
independent_holdout,6673,0.0001,0.0
independent_holdout,6674,0.0001,0.0
independent_holdout,6675,0.0001,0.0
independent_holdout,6676,0.0001,0.0
independent_holdout,6677,0.0001,0.0
independent_holdout,6678,0.0001,0.0
independent_holdout,6679,0.0001,0.0
independent_holdout,6680,0.0001,0.0
independent_holdout,6681,0.0001,0.0
independent_holdout,6682,0.0001,0.0
independent_holdout,6683,0.0001,0.0
independent_holdout,6684,0.0001,0.0
independent_holdout,6685,0.0001,0.0
independent_holdout,6686,0.0001,0.0
independent_holdout,6687,0.0001,0.0
independent_holdout,6688,0.0001,0.0
independent_holdout,6689,0.0001,0.0
independent_holdout,6690,0.0001,0.0
independent_holdout,6691,0.0001,0.0
independent_holdout,6692,0.0001,0.0
independent_holdout,6693,0.0001,0.0
independent_holdout,6694,0.0001,0.0
independent_holdout,6695,0.0001,0.0
independent_holdout,6696,0.0001,0.0
independent_holdout,6697,0.0001,0.0
independent_holdout,6698,0.0001,0.0
independent_holdout,6699,0.0001,0.0
independent_holdout,6700,0.0001,0.0
independent_holdout,6701,0.0001,0.0
independent_holdout,6702,0.0001,0.0
independent_holdout,6703,0.0001,0.0
independent_holdout,6704,0.0001,0.0
independent_holdout,6705,0.0001,0.0
independent_holdout,6706,0.0001,0.0
independent_holdout,6707,0.0001,0.0
independent_holdout,6708,0.0001,0.0
independent_holdout,6709,0.0001,0.0
independent_holdout,6710,0.0001,0.0
independent_holdout,6711,0.0001,0.0
independent_holdout,6712,0.0001,0.0
independent_holdout,6713,0.0001,0.0
independent_holdout,6714,0.0001,0.0
independent_holdout,6715,0.0001,0.0
independent_holdout,6716,0.0001,0.0
independent_holdout,6717,0.0001,0.0
independent_holdout,6718,0.0001,0.0
independent_holdout,6719,0.0001,0.0
independent_holdout,6720,0.0001,0.0
independent_holdout,6721,0.0001,0.0
independent_holdout,6722,0.0001,0.0
independent_holdout,6723,0.0001,0.0
independent_holdout,6724,0.0001,0.0
independent_holdout,6725,0.0001,0.0
independent_holdout,6726,0.0001,0.0
independent_holdout,6727,0.0001,0.0
independent_holdout,6728,0.0001,0.0
independent_holdout,6729,0.0001,0.0
independent_holdout,6730,0.0001,0.0
independent_holdout,6731,0.0001,0.0
independent_holdout,6732,0.0001,0.0
independent_holdout,6733,0.0001,0.0
independent_holdout,6734,0.0001,0.0
independent_holdout,6735,0.0001,0.0
independent_holdout,6736,0.0001,0.0
independent_holdout,6737,0.0001,0.0
independent_holdout,6738,0.0001,0.0
independent_holdout,6739,0.0001,0.0
independent_holdout,6740,0.0001,0.0
independent_holdout,6741,0.0001,0.0
independent_holdout,6742,0.0001,0.0
independent_holdout,6743,0.0001,0.0
independent_holdout,6744,0.0001,0.0
independent_holdout,6745,0.0001,0.0
independent_holdout,6746,0.0001,0.0
independent_holdout,6747,0.0001,0.0
independent_holdout,6748,0.0001,0.0
independent_holdout,6749,0.0001,0.0
independent_holdout,6750,0.0001,0.0
independent_holdout,6751,0.0001,0.0
independent_holdout,6752,0.0001,0.0
independent_holdout,6753,0.0001,0.0
independent_holdout,6754,0.0001,0.0
independent_holdout,6755,0.0001,0.0
independent_holdout,6756,0.0001,0.0
independent_holdout,6757,0.0001,0.0
independent_holdout,6758,0.0001,0.0
independent_holdout,6759,0.0001,0.0
independent_holdout,6760,0.0001,0.0
independent_holdout,6761,0.0001,0.0
independent_holdout,6762,0.0001,0.0
independent_holdout,6763,0.0001,0.0
independent_holdout,6764,0.0001,0.0
independent_holdout,6765,0.0001,0.0
independent_holdout,6766,0.0001,0.0
independent_holdout,6767,0.0001,0.0
independent_holdout,6768,0.0001,0.0
independent_holdout,6769,0.0001,0.0
independent_holdout,6770,0.0001,0.0
independent_holdout,6771,0.0001,0.0
independent_holdout,6772,0.0001,0.0
independent_holdout,6773,0.0001,0.0
independent_holdout,6774,0.0001,0.0
independent_holdout,6775,0.0001,0.0
independent_holdout,6776,0.0001,0.0
independent_holdout,6777,0.0001,0.0
independent_holdout,6778,0.0001,0.0
independent_holdout,6779,0.0001,0.0
independent_holdout,6780,0.0001,0.0
independent_holdout,6781,0.0001,0.0
independent_holdout,6782,0.0001,0.0
independent_holdout,6783,0.0001,0.0
independent_holdout,6784,0.0001,0.0
independent_holdout,6785,0.0001,0.0
independent_holdout,6786,0.0001,0.0
independent_holdout,6787,0.0001,0.0
independent_holdout,6788,0.0001,0.0
independent_holdout,6789,0.0001,0.0
independent_holdout,6790,0.0001,0.0
independent_holdout,6791,0.0001,0.0
independent_holdout,6792,0.0001,0.0
independent_holdout,6793,0.0001,0.0
independent_holdout,6794,0.0001,0.0
independent_holdout,6795,0.0001,0.0
independent_holdout,6796,0.0001,0.0
independent_holdout,6797,0.0001,0.0
independent_holdout,6798,0.0001,0.0
independent_holdout,6799,0.0001,0.0
independent_holdout,6800,0.0001,0.0
independent_holdout,6801,0.0001,0.0
independent_holdout,6802,0.0001,0.0
independent_holdout,6803,0.0001,0.0
independent_holdout,6804,0.0001,0.0
independent_holdout,6805,0.0001,0.0
independent_holdout,6806,0.0001,0.0
independent_holdout,6807,0.0001,0.0
independent_holdout,6808,0.0001,0.0
independent_holdout,6809,0.0001,0.0
independent_holdout,6810,0.0001,0.0
independent_holdout,6811,0.0001,0.0
independent_holdout,6812,0.0001,0.0
independent_holdout,6813,0.0001,0.0
independent_holdout,6814,0.0001,0.0
independent_holdout,6815,0.0001,0.0
independent_holdout,6816,0.0001,0.0
independent_holdout,6817,0.0001,0.0
independent_holdout,6818,0.0001,0.0
independent_holdout,6819,0.0001,0.0
independent_holdout,6820,0.0001,0.0
independent_holdout,6821,0.0001,0.0
independent_holdout,6822,0.0001,0.0
independent_holdout,6823,0.0001,0.0
independent_holdout,6824,0.0001,0.0
independent_holdout,6825,0.0001,0.0
independent_holdout,6826,0.0001,0.0
independent_holdout,6827,0.0001,0.0
independent_holdout,6828,0.0001,0.0
independent_holdout,6829,0.0001,0.0
independent_holdout,6830,0.0001,0.0
independent_holdout,6831,0.0001,0.0
independent_holdout,6832,0.0001,0.0
independent_holdout,6833,0.0001,0.0
independent_holdout,6834,0.0001,0.0
independent_holdout,6835,0.0001,0.0
independent_holdout,6836,0.0001,0.0
independent_holdout,6837,0.0001,0.0
independent_holdout,6838,0.0001,0.0
independent_holdout,6839,0.0001,0.0
independent_holdout,6840,0.0001,0.0
independent_holdout,6841,0.0001,0.0
independent_holdout,6842,0.0001,0.0
independent_holdout,6843,0.0001,0.0
independent_holdout,6844,0.0001,0.0
independent_holdout,6845,0.0001,0.0
independent_holdout,6846,0.0001,0.0
independent_holdout,6847,0.0001,0.0
independent_holdout,6848,0.0001,0.0
independent_holdout,6849,0.0001,0.0
independent_holdout,6850,0.0001,0.0
independent_holdout,6851,0.0001,0.0
independent_holdout,6852,0.0001,0.0
independent_holdout,6853,0.0001,0.0
independent_holdout,6854,0.0001,0.0
independent_holdout,6855,0.0001,0.0
independent_holdout,6856,0.0001,0.0
independent_holdout,6857,0.0001,0.0
independent_holdout,6858,0.0001,0.0
independent_holdout,6859,0.0001,0.0
independent_holdout,6860,0.0001,0.0
independent_holdout,6861,0.0001,0.0
independent_holdout,6862,0.0001,0.0
independent_holdout,6863,0.0001,0.0
independent_holdout,6864,0.0001,0.0
independent_holdout,6865,0.0001,0.0
independent_holdout,6866,0.0001,0.0
independent_holdout,6867,0.0001,0.0
independent_holdout,6868,0.0001,0.0
independent_holdout,6869,0.0001,0.0
independent_holdout,6870,0.0001,0.0
independent_holdout,6871,0.0001,0.0
independent_holdout,6872,0.0001,0.0
independent_holdout,6873,0.0001,0.0
independent_holdout,6874,0.0001,0.0
independent_holdout,6875,0.0001,0.0
independent_holdout,6876,0.0001,0.0
independent_holdout,6877,0.0001,0.0
independent_holdout,6878,0.0001,0.0
independent_holdout,6879,0.0001,0.0
independent_holdout,6880,0.0001,0.0
independent_holdout,6881,0.0001,0.0
independent_holdout,6882,0.0001,0.0
independent_holdout,6883,0.0001,0.0
independent_holdout,6884,0.0001,0.0
independent_holdout,6885,0.0001,0.0
independent_holdout,6886,0.0001,0.0
independent_holdout,6887,0.0001,0.0
independent_holdout,6888,0.0001,0.0
independent_holdout,6889,0.0001,0.0
independent_holdout,6890,0.0001,0.0
independent_holdout,6891,0.0001,0.0
independent_holdout,6892,0.0001,0.0
independent_holdout,6893,0.0001,0.0
independent_holdout,6894,0.0001,0.0
independent_holdout,6895,0.0001,0.0
independent_holdout,6896,0.0001,0.0
independent_holdout,6897,0.0001,0.0
independent_holdout,6898,0.0001,0.0
independent_holdout,6899,0.0001,0.0
independent_holdout,6900,0.0001,0.0
independent_holdout,6901,0.0001,0.0
independent_holdout,6902,0.0001,0.0
independent_holdout,6903,0.0001,0.0
independent_holdout,6904,0.0001,0.0
independent_holdout,6905,0.0001,0.0
independent_holdout,6906,0.0001,0.0
independent_holdout,6907,0.0001,0.0
independent_holdout,6908,0.0001,0.0
independent_holdout,6909,0.0001,0.0
independent_holdout,6910,0.0001,0.0
independent_holdout,6911,0.0001,0.0
independent_holdout,6912,0.0001,0.0
independent_holdout,6913,0.0001,0.0
independent_holdout,6914,0.0001,0.0
independent_holdout,6915,0.0001,0.0
independent_holdout,6916,0.0001,0.0
independent_holdout,6917,0.0001,887.2744444444447
independent_holdout,6918,0.0001,0.0
independent_holdout,6919,0.0001,0.0
independent_holdout,6920,0.0001,0.0
independent_holdout,6921,0.0001,0.0
independent_holdout,6922,0.0001,0.0
independent_holdout,6923,0.0001,0.0
independent_holdout,6924,0.0001,0.0
independent_holdout,6925,0.0001,0.0
independent_holdout,6926,0.0001,0.0
independent_holdout,6927,0.0001,0.0
independent_holdout,6928,0.0001,0.0
independent_holdout,6929,0.0001,0.0
independent_holdout,6930,0.0001,0.0
independent_holdout,6931,0.0001,0.0
independent_holdout,6932,0.0001,0.0
independent_holdout,6933,0.0001,0.0
independent_holdout,6934,0.0001,0.0
independent_holdout,6935,0.0001,0.0
independent_holdout,6936,0.0001,0.0
independent_holdout,6937,0.0001,0.0
independent_holdout,6938,0.0001,0.0
independent_holdout,6939,0.0001,0.0
independent_holdout,6940,0.0001,0.0
independent_holdout,6941,0.0001,0.0
independent_holdout,6942,0.0001,0.0
independent_holdout,6943,0.0001,0.0
independent_holdout,6944,0.0001,0.0
independent_holdout,6945,0.0001,0.0
independent_holdout,6946,0.0001,0.0
independent_holdout,6947,0.0001,0.0
independent_holdout,6948,0.0001,3467.3743405444447
independent_holdout,6949,0.0001,0.0
independent_holdout,6950,0.0001,0.0
independent_holdout,6951,0.0001,0.0
independent_holdout,6952,0.0001,0.0
independent_holdout,6953,0.0001,0.0
independent_holdout,6954,0.0001,0.0
independent_holdout,6955,0.0001,0.0
independent_holdout,6956,0.0001,0.0
independent_holdout,6957,0.0001,0.0
independent_holdout,6958,0.0001,0.0
independent_holdout,6959,0.0001,0.0
independent_holdout,6960,0.0001,0.0
independent_holdout,6961,0.0001,0.0
independent_holdout,6962,0.0001,0.0
independent_holdout,6963,0.0001,0.0
independent_holdout,6964,0.0001,0.0
independent_holdout,6965,0.0001,0.0
independent_holdout,6966,0.0001,0.0
independent_holdout,6967,0.0001,0.0
independent_holdout,6968,0.0001,0.0
independent_holdout,6969,0.0001,0.0
independent_holdout,6970,0.0001,0.0
independent_holdout,6971,0.0001,0.0
independent_holdout,6972,0.0001,0.0
independent_holdout,6973,0.0001,0.0
independent_holdout,6974,0.0001,0.0
independent_holdout,6975,0.0001,0.0
independent_holdout,6976,0.0001,0.0
independent_holdout,6977,0.0001,0.0
independent_holdout,6978,0.0001,0.0
independent_holdout,6979,0.0001,0.0
independent_holdout,6980,0.0001,0.0
independent_holdout,6981,0.0001,0.0
independent_holdout,6982,0.0001,0.0
independent_holdout,6983,0.0001,0.0
independent_holdout,6984,0.0001,0.0
independent_holdout,6985,0.0001,0.0
independent_holdout,6986,0.0001,0.0
independent_holdout,6987,0.0001,0.0
independent_holdout,6988,0.0001,0.0
independent_holdout,6989,0.0001,0.0
independent_holdout,6990,0.0001,0.0
independent_holdout,6991,0.0001,0.0
independent_holdout,6992,0.0001,0.0
independent_holdout,6993,0.0001,0.0
independent_holdout,6994,0.0001,0.0
independent_holdout,6995,0.0001,0.0
independent_holdout,6996,0.0001,0.0
independent_holdout,6997,0.0001,0.0
independent_holdout,6998,0.0001,0.0
independent_holdout,6999,0.0001,0.0
independent_holdout,7000,0.0001,0.0
independent_holdout,7001,0.0001,0.0
independent_holdout,7002,0.0001,0.0
independent_holdout,7003,0.0001,0.0
independent_holdout,7004,0.0001,0.0
independent_holdout,7005,0.0001,0.0
independent_holdout,7006,0.0001,0.0
independent_holdout,7007,0.0001,0.0
independent_holdout,7008,0.0001,0.0
independent_holdout,7009,0.0001,0.0
independent_holdout,7010,0.0001,0.0
independent_holdout,7011,0.0001,0.0
independent_holdout,7012,0.0001,0.0
independent_holdout,7013,0.0001,0.0
independent_holdout,7014,0.0001,0.0
independent_holdout,7015,0.0001,0.0
independent_holdout,7016,0.0001,0.0
independent_holdout,7017,0.0001,0.0
independent_holdout,7018,0.0001,0.0
independent_holdout,7019,0.0001,0.0
independent_holdout,7020,0.0001,0.0
independent_holdout,7021,0.0001,0.0
independent_holdout,7022,0.0001,0.0
independent_holdout,7023,0.0001,0.0
independent_holdout,7024,0.0001,0.0
independent_holdout,7025,0.0001,0.0
independent_holdout,7026,0.0001,0.0
independent_holdout,7027,0.0001,0.0
independent_holdout,7028,0.0001,0.0
independent_holdout,7029,0.0001,0.0
independent_holdout,7030,0.0001,0.0
independent_holdout,7031,0.0001,0.0
independent_holdout,7032,0.0001,0.0
independent_holdout,7033,0.0001,0.0
independent_holdout,7034,0.0001,0.0
independent_holdout,7035,0.0001,0.0
independent_holdout,7036,0.0001,0.0
independent_holdout,7037,0.0001,0.0
independent_holdout,7038,0.0001,0.0
independent_holdout,7039,0.0001,0.0
independent_holdout,7040,0.0001,0.0
independent_holdout,7041,0.0001,0.0
independent_holdout,7042,0.0001,0.0
independent_holdout,7043,0.0001,0.0
independent_holdout,7044,0.0001,0.0
independent_holdout,7045,0.0001,0.0
independent_holdout,7046,0.0001,0.0
independent_holdout,7047,0.0001,0.0
independent_holdout,7048,0.0001,0.0
independent_holdout,7049,0.0001,0.0
independent_holdout,7050,0.0001,0.0
independent_holdout,7051,0.0001,0.0
independent_holdout,7052,0.0001,0.0
independent_holdout,7053,0.0001,0.0
independent_holdout,7054,0.0001,0.0
independent_holdout,7055,0.0001,0.0
independent_holdout,7056,0.0001,0.0
independent_holdout,7057,0.0001,0.0
independent_holdout,7058,0.0001,0.0
independent_holdout,7059,0.0001,0.0
independent_holdout,7060,0.0001,0.0
independent_holdout,7061,0.0001,0.0
independent_holdout,7062,0.0001,0.0
independent_holdout,7063,0.0001,0.0
independent_holdout,7064,0.0001,0.0
independent_holdout,7065,0.0001,0.0
independent_holdout,7066,0.0001,0.0
independent_holdout,7067,0.0001,0.0
independent_holdout,7068,0.0001,0.0
independent_holdout,7069,0.0001,0.0
independent_holdout,7070,0.0001,0.0
independent_holdout,7071,0.0001,0.0
independent_holdout,7072,0.0001,0.0
independent_holdout,7073,0.0001,0.0
independent_holdout,7074,0.0001,0.0
independent_holdout,7075,0.0001,0.0
independent_holdout,7076,0.0001,0.0
independent_holdout,7077,0.0001,0.0
independent_holdout,7078,0.0001,0.0
independent_holdout,7079,0.0001,0.0
independent_holdout,7080,0.0001,0.0
independent_holdout,7081,0.0001,0.0
independent_holdout,7082,0.0001,0.0
independent_holdout,7083,0.0001,0.0
independent_holdout,7084,0.0001,0.0
independent_holdout,7085,0.0001,0.0
independent_holdout,7086,0.0001,0.0
independent_holdout,7087,0.0001,0.0
independent_holdout,7088,0.0001,0.0
independent_holdout,7089,0.0001,0.0
independent_holdout,7090,0.0001,0.0
independent_holdout,7091,0.0001,0.0
independent_holdout,7092,0.0001,0.0
independent_holdout,7093,0.0001,0.0
independent_holdout,7094,0.0001,0.0
independent_holdout,7095,0.0001,0.0
independent_holdout,7096,0.0001,0.0
independent_holdout,7097,0.0001,0.0
independent_holdout,7098,0.0001,0.0
independent_holdout,7099,0.0001,0.0
independent_holdout,7100,0.0001,0.0
independent_holdout,7101,0.0001,0.0
independent_holdout,7102,0.0001,0.0
independent_holdout,7103,0.0001,0.0
independent_holdout,7104,0.0001,0.0
independent_holdout,7105,0.0001,0.0
independent_holdout,7106,0.0001,0.0
independent_holdout,7107,0.0001,0.0
independent_holdout,7108,0.0001,0.0
independent_holdout,7109,0.0001,0.0
independent_holdout,7110,0.0001,0.0
independent_holdout,7111,0.0001,0.0
independent_holdout,7112,0.0001,0.0
independent_holdout,7113,0.0001,0.0
independent_holdout,7114,0.0001,0.0
independent_holdout,7115,0.0001,0.0
independent_holdout,7116,0.0001,0.0
independent_holdout,7117,0.0001,0.0
independent_holdout,7118,0.0001,0.0
independent_holdout,7119,0.0001,0.0
independent_holdout,7120,0.0001,0.0
independent_holdout,7121,0.0001,0.0
independent_holdout,7122,0.0001,0.0
independent_holdout,7123,0.0001,0.0
independent_holdout,7124,0.0001,0.0
independent_holdout,7125,0.0001,0.0
independent_holdout,7126,0.0001,0.0
independent_holdout,7127,0.0001,0.0
independent_holdout,7128,0.0001,0.0
independent_holdout,7129,0.0001,0.0
independent_holdout,7130,0.0001,0.0
independent_holdout,7131,0.0001,0.0
independent_holdout,7132,0.0001,0.0
independent_holdout,7133,0.0001,0.0
independent_holdout,7134,0.0001,0.0
independent_holdout,7135,0.0001,0.0
independent_holdout,7136,0.0001,0.0
independent_holdout,7137,0.0001,0.0
independent_holdout,7138,0.0001,0.0
independent_holdout,7139,0.0001,0.0
independent_holdout,7140,0.0001,0.0
independent_holdout,7141,0.0001,0.0
independent_holdout,7142,0.0001,0.0
independent_holdout,7143,0.0001,0.0
independent_holdout,7144,0.0001,0.0
independent_holdout,7145,0.0001,0.0
independent_holdout,7146,0.0001,0.0
independent_holdout,7147,0.0001,0.0
independent_holdout,7148,0.0001,0.0
independent_holdout,7149,0.0001,0.0
independent_holdout,7150,0.0001,0.0
independent_holdout,7151,0.0001,0.0
independent_holdout,7152,0.0001,0.0
independent_holdout,7153,0.0001,0.0
independent_holdout,7154,0.0001,0.0
independent_holdout,7155,0.0001,0.0
independent_holdout,7156,0.0001,0.0
independent_holdout,7157,0.0001,0.0
independent_holdout,7158,0.0001,0.0
independent_holdout,7159,0.0001,0.0
independent_holdout,7160,0.0001,0.0
independent_holdout,7161,0.0001,0.0
independent_holdout,7162,0.0001,0.0
independent_holdout,7163,0.0001,0.0
independent_holdout,7164,0.0001,0.0
independent_holdout,7165,0.0001,0.0
independent_holdout,7166,0.0001,0.0
independent_holdout,7167,0.0001,0.0
independent_holdout,7168,0.0001,0.0
independent_holdout,7169,0.0001,0.0
independent_holdout,7170,0.0001,0.0
independent_holdout,7171,0.0001,0.0
independent_holdout,7172,0.0001,0.0
independent_holdout,7173,0.0001,0.0
independent_holdout,7174,0.0001,0.0
independent_holdout,7175,0.0001,0.0
independent_holdout,7176,0.0001,0.0
independent_holdout,7177,0.0001,0.0
independent_holdout,7178,0.0001,0.0
independent_holdout,7179,0.0001,0.0
independent_holdout,7180,0.0001,0.0
independent_holdout,7181,0.0001,0.0
independent_holdout,7182,0.0001,0.0
independent_holdout,7183,0.0001,0.0
independent_holdout,7184,0.0001,0.0
independent_holdout,7185,0.0001,0.0
independent_holdout,7186,0.0001,0.0
independent_holdout,7187,0.0001,0.0
independent_holdout,7188,0.0001,0.0
independent_holdout,7189,0.0001,0.0
independent_holdout,7190,0.0001,0.0
independent_holdout,7191,0.0001,0.0
independent_holdout,7192,0.0001,0.0
independent_holdout,7193,0.0001,0.0
independent_holdout,7194,0.0001,0.0
independent_holdout,7195,0.0001,0.0
independent_holdout,7196,0.0001,0.0
independent_holdout,7197,0.0001,0.0
independent_holdout,7198,0.0001,0.0
independent_holdout,7199,0.0001,0.0
independent_holdout,7200,0.0001,0.0
independent_holdout,7201,0.0001,0.0
independent_holdout,7202,0.0001,0.0
independent_holdout,7203,0.0001,0.0
independent_holdout,7204,0.0001,0.0
independent_holdout,7205,0.0001,0.0
independent_holdout,7206,0.0001,0.0
independent_holdout,7207,0.0001,0.0
independent_holdout,7208,0.0001,0.0
independent_holdout,7209,0.0001,0.0
independent_holdout,7210,0.0001,0.0
independent_holdout,7211,0.0001,0.0
independent_holdout,7212,0.0001,0.0
independent_holdout,7213,0.0001,0.0
independent_holdout,7214,0.0001,0.0
independent_holdout,7215,0.0001,0.0
independent_holdout,7216,0.0001,0.0
independent_holdout,7217,0.0001,0.0
independent_holdout,7218,0.0001,0.0
independent_holdout,7219,0.0001,0.0
independent_holdout,7220,0.0001,0.0
independent_holdout,7221,0.0001,0.0
independent_holdout,7222,0.0001,0.0
independent_holdout,7223,0.0001,0.0
independent_holdout,7224,0.0001,0.0
independent_holdout,7225,0.0001,0.0
independent_holdout,7226,0.0001,0.0
independent_holdout,7227,0.0001,0.0
independent_holdout,7228,0.0001,0.0
independent_holdout,7229,0.0001,0.0
independent_holdout,7230,0.0001,0.0
independent_holdout,7231,0.0001,0.0
independent_holdout,7232,0.0001,0.0
independent_holdout,7233,0.0001,0.0
independent_holdout,7234,0.0001,0.0
independent_holdout,7235,0.0001,0.0
independent_holdout,7236,0.0001,0.0
independent_holdout,7237,0.0001,0.0
independent_holdout,7238,0.0001,0.0
independent_holdout,7239,0.0001,0.0
independent_holdout,7240,0.0001,0.0
independent_holdout,7241,0.0001,0.0
independent_holdout,7242,0.0001,0.0
independent_holdout,7243,0.0001,0.0
independent_holdout,7244,0.0001,0.0
independent_holdout,7245,0.0001,0.0
independent_holdout,7246,0.0001,0.0
independent_holdout,7247,0.0001,0.0
independent_holdout,7248,0.0001,0.0
independent_holdout,7249,0.0001,0.0
independent_holdout,7250,0.0001,0.0
independent_holdout,7251,0.0001,0.0
independent_holdout,7252,0.0001,0.0
independent_holdout,7253,0.0001,0.0
independent_holdout,7254,0.0001,0.0
independent_holdout,7255,0.0001,0.0
independent_holdout,7256,0.0001,0.0
independent_holdout,7257,0.0001,0.0
independent_holdout,7258,0.0001,0.0
independent_holdout,7259,0.0001,0.0
independent_holdout,7260,0.0001,0.0
independent_holdout,7261,0.0001,0.0
independent_holdout,7262,0.0001,0.0
independent_holdout,7263,0.0001,0.0
independent_holdout,7264,0.0001,0.0
independent_holdout,7265,0.0001,0.0
independent_holdout,7266,0.0001,0.0
independent_holdout,7267,0.0001,0.0
independent_holdout,7268,0.0001,0.0
independent_holdout,7269,0.0001,0.0
independent_holdout,7270,0.0001,0.0
independent_holdout,7271,0.0001,0.0
independent_holdout,7272,0.0001,0.0
independent_holdout,7273,0.0001,0.0
independent_holdout,7274,0.0001,0.0
independent_holdout,7275,0.0001,0.0
independent_holdout,7276,0.0001,0.0
independent_holdout,7277,0.0001,0.0
independent_holdout,7278,0.0001,0.0
independent_holdout,7279,0.0001,0.0
independent_holdout,7280,0.0001,0.0
independent_holdout,7281,0.0001,0.0
independent_holdout,7282,0.0001,0.0
independent_holdout,7283,0.0001,0.0
independent_holdout,7284,0.0001,0.0
independent_holdout,7285,0.0001,0.0
independent_holdout,7286,0.0001,0.0
independent_holdout,7287,0.0001,0.0
independent_holdout,7288,0.0001,0.0
independent_holdout,7289,0.0001,0.0
independent_holdout,7290,0.0001,0.0
independent_holdout,7291,0.0001,0.0
independent_holdout,7292,0.0001,0.0
independent_holdout,7293,0.0001,0.0
independent_holdout,7294,0.0001,0.0
independent_holdout,7295,0.0001,0.0
independent_holdout,7296,0.0001,0.0
independent_holdout,7297,0.0001,0.0
independent_holdout,7298,0.0001,0.0
independent_holdout,7299,0.0001,0.0
independent_holdout,7300,0.0001,0.0
independent_holdout,7301,0.0001,0.0
independent_holdout,7302,0.0001,0.0
independent_holdout,7303,0.0001,0.0
independent_holdout,7304,0.0001,0.0
independent_holdout,7305,0.0001,0.0
independent_holdout,7306,0.0001,0.0
independent_holdout,7307,0.0001,0.0
independent_holdout,7308,0.0001,0.0
independent_holdout,7309,0.0001,0.0
independent_holdout,7310,0.0001,0.0
independent_holdout,7311,0.0001,0.0
independent_holdout,7312,0.0001,0.0
independent_holdout,7313,0.0001,0.0
independent_holdout,7314,0.0001,0.0
independent_holdout,7315,0.0001,0.0
independent_holdout,7316,0.0001,0.0
independent_holdout,7317,0.0001,0.0
independent_holdout,7318,0.0001,0.0
independent_holdout,7319,0.0001,0.0
independent_holdout,7320,0.0001,0.0
independent_holdout,7321,0.0001,0.0
independent_holdout,7322,0.0001,0.0
independent_holdout,7323,0.0001,0.0
independent_holdout,7324,0.0001,0.0
independent_holdout,7325,0.0001,0.0
independent_holdout,7326,0.0001,0.0
independent_holdout,7327,0.0001,0.0
independent_holdout,7328,0.0001,0.0
independent_holdout,7329,0.0001,0.0
independent_holdout,7330,0.0001,0.0
independent_holdout,7331,0.0001,0.0
independent_holdout,7332,0.0001,0.0
independent_holdout,7333,0.0001,0.0
independent_holdout,7334,0.0001,0.0
independent_holdout,7335,0.0001,0.0
independent_holdout,7336,0.0001,0.0
independent_holdout,7337,0.0001,0.0
independent_holdout,7338,0.0001,0.0
independent_holdout,7339,0.0001,0.0
independent_holdout,7340,0.0001,0.0
independent_holdout,7341,0.0001,0.0
independent_holdout,7342,0.0001,0.0
independent_holdout,7343,0.0001,0.0
independent_holdout,7344,0.0001,0.0
independent_holdout,7345,0.0001,0.0
independent_holdout,7346,0.0001,0.0
independent_holdout,7347,0.0001,0.0
independent_holdout,7348,0.0001,0.0
independent_holdout,7349,0.0001,0.0
independent_holdout,7350,0.0001,0.0
independent_holdout,7351,0.0001,0.0
independent_holdout,7352,0.0001,0.0
independent_holdout,7353,0.0001,0.0
independent_holdout,7354,0.0001,0.0
independent_holdout,7355,0.0001,0.0
independent_holdout,7356,0.0001,0.0
independent_holdout,7357,0.0001,0.0
independent_holdout,7358,0.0001,0.0
independent_holdout,7359,0.0001,0.0
independent_holdout,7360,0.0001,0.0
independent_holdout,7361,0.0001,0.0
independent_holdout,7362,0.0001,0.0
independent_holdout,7363,0.0001,0.0
independent_holdout,7364,0.0001,0.0
independent_holdout,7365,0.0001,0.0
independent_holdout,7366,0.0001,0.0
independent_holdout,7367,0.0001,0.0
independent_holdout,7368,0.0001,0.0
independent_holdout,7369,0.0001,0.0
independent_holdout,7370,0.0001,0.0
independent_holdout,7371,0.0001,0.0
independent_holdout,7372,0.0001,0.0
independent_holdout,7373,0.0001,0.0
independent_holdout,7374,0.0001,0.0
independent_holdout,7375,0.0001,0.0
independent_holdout,7376,0.0001,0.0
independent_holdout,7377,0.0001,0.0
independent_holdout,7378,0.0001,0.0
independent_holdout,7379,0.0001,0.0
independent_holdout,7380,0.0001,0.0
independent_holdout,7381,0.0001,0.0
independent_holdout,7382,0.0001,0.0
independent_holdout,7383,0.0001,0.0
independent_holdout,7384,0.0001,0.0
independent_holdout,7385,0.0001,0.0
independent_holdout,7386,0.0001,0.0
independent_holdout,7387,0.0001,0.0
independent_holdout,7388,0.0001,0.0
independent_holdout,7389,0.0001,0.0
independent_holdout,7390,0.0001,0.0
independent_holdout,7391,0.0001,0.0
independent_holdout,7392,0.0001,0.0
independent_holdout,7393,0.0001,0.0
independent_holdout,7394,0.0001,0.0
independent_holdout,7395,0.0001,0.0
independent_holdout,7396,0.0001,0.0
independent_holdout,7397,0.0001,0.0
independent_holdout,7398,0.0001,0.0
independent_holdout,7399,0.0001,0.0
independent_holdout,7400,0.0001,0.0
independent_holdout,7401,0.0001,0.0
independent_holdout,7402,0.0001,0.0
independent_holdout,7403,0.0001,0.0
independent_holdout,7404,0.0001,0.0
independent_holdout,7405,0.0001,0.0
independent_holdout,7406,0.0001,0.0
independent_holdout,7407,0.0001,0.0
independent_holdout,7408,0.0001,0.0
independent_holdout,7409,0.0001,0.0
independent_holdout,7410,0.0001,0.0
independent_holdout,7411,0.0001,0.0
independent_holdout,7412,0.0001,0.0
independent_holdout,7413,0.0001,0.0
independent_holdout,7414,0.0001,0.0
independent_holdout,7415,0.0001,0.0
independent_holdout,7416,0.0001,0.0
independent_holdout,7417,0.0001,0.0
independent_holdout,7418,0.0001,0.0
independent_holdout,7419,0.0001,0.0
independent_holdout,7420,0.0001,1978.1921546666672
independent_holdout,7421,0.0001,0.0
independent_holdout,7422,0.0001,0.0
independent_holdout,7423,0.0001,0.0
independent_holdout,7424,0.0001,0.0
independent_holdout,7425,0.0001,0.0
independent_holdout,7426,0.0001,0.0
independent_holdout,7427,0.0001,0.0
independent_holdout,7428,0.0001,0.0
independent_holdout,7429,0.0001,0.0
independent_holdout,7430,0.0001,0.0
independent_holdout,7431,0.0001,0.0
independent_holdout,7432,0.0001,0.0
independent_holdout,7433,0.0001,0.0
independent_holdout,7434,0.0001,0.0
independent_holdout,7435,0.0001,0.0
independent_holdout,7436,0.0001,0.0
independent_holdout,7437,0.0001,0.0
independent_holdout,7438,0.0001,0.0
independent_holdout,7439,0.0001,0.0
independent_holdout,7440,0.0001,0.0
independent_holdout,7441,0.0001,0.0
independent_holdout,7442,0.0001,0.0
independent_holdout,7443,0.0001,0.0
independent_holdout,7444,0.0001,0.0
independent_holdout,7445,0.0001,0.0
independent_holdout,7446,0.0001,0.0
independent_holdout,7447,0.0001,0.0
independent_holdout,7448,0.0001,0.0
independent_holdout,7449,0.0001,0.0
independent_holdout,7450,0.0001,0.0
independent_holdout,7451,0.0001,0.0
independent_holdout,7452,0.0001,0.0
independent_holdout,7453,0.0001,0.0
independent_holdout,7454,0.0001,0.0
independent_holdout,7455,0.0001,0.0
independent_holdout,7456,0.0001,0.0
independent_holdout,7457,0.0001,0.0
independent_holdout,7458,0.0001,0.0
independent_holdout,7459,0.0001,0.0
independent_holdout,7460,0.0001,0.0
independent_holdout,7461,0.0001,0.0
independent_holdout,7462,0.0001,0.0
independent_holdout,7463,0.0001,0.0
independent_holdout,7464,0.0001,0.0
independent_holdout,7465,0.0001,0.0
independent_holdout,7466,0.0001,0.0
independent_holdout,7467,0.0001,0.0
independent_holdout,7468,0.0001,0.0
independent_holdout,7469,0.0001,0.0
independent_holdout,7470,0.0001,0.0
independent_holdout,7471,0.0001,0.0
independent_holdout,7472,0.0001,0.0
independent_holdout,7473,0.0001,0.0
independent_holdout,7474,0.0001,0.0
independent_holdout,7475,0.0001,0.0
independent_holdout,7476,0.0001,0.0
independent_holdout,7477,0.0001,0.0
independent_holdout,7478,0.0001,0.0
independent_holdout,7479,0.0001,0.0
independent_holdout,7480,0.0001,0.0
independent_holdout,7481,0.0001,0.0
independent_holdout,7482,0.0001,0.0
independent_holdout,7483,0.0001,0.0
independent_holdout,7484,0.0001,0.0
independent_holdout,7485,0.0001,0.0
independent_holdout,7486,0.0001,0.0
independent_holdout,7487,0.0001,0.0
independent_holdout,7488,0.0001,0.0
independent_holdout,7489,0.0001,0.0
independent_holdout,7490,0.0001,0.0
independent_holdout,7491,0.0001,0.0
independent_holdout,7492,0.0001,0.0
independent_holdout,7493,0.0001,0.0
independent_holdout,7494,0.0001,0.0
independent_holdout,7495,0.0001,0.0
independent_holdout,7496,0.0001,0.0
independent_holdout,7497,0.0001,0.0
independent_holdout,7498,0.0001,0.0
independent_holdout,7499,0.0001,0.0
independent_holdout,7500,0.0001,0.0
independent_holdout,7501,0.0001,0.0
independent_holdout,7502,0.0001,0.0
independent_holdout,7503,0.0001,0.0
independent_holdout,7504,0.0001,0.0
independent_holdout,7505,0.0001,0.0
independent_holdout,7506,0.0001,0.0
independent_holdout,7507,0.0001,0.0
independent_holdout,7508,0.0001,0.0
independent_holdout,7509,0.0001,0.0
independent_holdout,7510,0.0001,0.0
independent_holdout,7511,0.0001,0.0
independent_holdout,7512,0.0001,0.0
independent_holdout,7513,0.0001,0.0
independent_holdout,7514,0.0001,0.0
independent_holdout,7515,0.0001,0.0
independent_holdout,7516,0.0001,0.0
independent_holdout,7517,0.0001,0.0
independent_holdout,7518,0.0001,0.0
independent_holdout,7519,0.0001,0.0
independent_holdout,7520,0.0001,0.0
independent_holdout,7521,0.0001,0.0
independent_holdout,7522,0.0001,0.0
independent_holdout,7523,0.0001,0.0
independent_holdout,7524,0.0001,0.0
independent_holdout,7525,0.0001,0.0
independent_holdout,7526,0.0001,0.0
independent_holdout,7527,0.0001,0.0
independent_holdout,7528,0.0001,0.0
independent_holdout,7529,0.0001,0.0
independent_holdout,7530,0.0001,0.0
independent_holdout,7531,0.0001,0.0
independent_holdout,7532,0.0001,0.0
independent_holdout,7533,0.0001,0.0
independent_holdout,7534,0.0001,0.0
independent_holdout,7535,0.0001,0.0
independent_holdout,7536,0.0001,0.0
independent_holdout,7537,0.0001,0.0
independent_holdout,7538,0.0001,0.0
independent_holdout,7539,0.0001,0.0
independent_holdout,7540,0.0001,0.0
independent_holdout,7541,0.0001,0.0
independent_holdout,7542,0.0001,0.0
independent_holdout,7543,0.0001,0.0
independent_holdout,7544,0.0001,0.0
independent_holdout,7545,0.0001,0.0
independent_holdout,7546,0.0001,0.0
independent_holdout,7547,0.0001,0.0
independent_holdout,7548,0.0001,0.0
independent_holdout,7549,0.0001,0.0
independent_holdout,7550,0.0001,0.0
independent_holdout,7551,0.0001,0.0
independent_holdout,7552,0.0001,0.0
independent_holdout,7553,0.0001,0.0
independent_holdout,7554,0.0001,0.0
independent_holdout,7555,0.0001,0.0
independent_holdout,7556,0.0001,0.0
independent_holdout,7557,0.0001,0.0
independent_holdout,7558,0.0001,0.0
independent_holdout,7559,0.0001,0.0
independent_holdout,7560,0.0001,0.0
independent_holdout,7561,0.0001,0.0
independent_holdout,7562,0.0001,0.0
independent_holdout,7563,0.0001,0.0
independent_holdout,7564,0.0001,0.0
independent_holdout,7565,0.0001,0.0
independent_holdout,7566,0.0001,0.0
independent_holdout,7567,0.0001,0.0
independent_holdout,7568,0.0001,0.0
independent_holdout,7569,0.0001,0.0
independent_holdout,7570,0.0001,0.0
independent_holdout,7571,0.0001,0.0
independent_holdout,7572,0.0001,0.0
independent_holdout,7573,0.0001,0.0
independent_holdout,7574,0.0001,0.0
independent_holdout,7575,0.0001,0.0
independent_holdout,7576,0.0001,0.0
independent_holdout,7577,0.0001,0.0
independent_holdout,7578,0.0001,0.0
independent_holdout,7579,0.0001,0.0
independent_holdout,7580,0.0001,0.0
independent_holdout,7581,0.0001,0.0
independent_holdout,7582,0.0001,0.0
independent_holdout,7583,0.0001,0.0
independent_holdout,7584,0.0001,0.0
independent_holdout,7585,0.0001,0.0
independent_holdout,7586,0.0001,0.0
independent_holdout,7587,0.0001,0.0
independent_holdout,7588,0.0001,0.0
independent_holdout,7589,0.0001,0.0
independent_holdout,7590,0.0001,0.0
independent_holdout,7591,0.0001,0.0
independent_holdout,7592,0.0001,0.0
independent_holdout,7593,0.0001,0.0
independent_holdout,7594,0.0001,0.0
independent_holdout,7595,0.0001,0.0
independent_holdout,7596,0.0001,0.0
independent_holdout,7597,0.0001,0.0
independent_holdout,7598,0.0001,0.0
independent_holdout,7599,0.0001,0.0
independent_holdout,7600,0.0001,0.0
independent_holdout,7601,0.0001,0.0
independent_holdout,7602,0.0001,0.0
independent_holdout,7603,0.0001,0.0
independent_holdout,7604,0.0001,0.0
independent_holdout,7605,0.0001,0.0
independent_holdout,7606,0.0001,0.0
independent_holdout,7607,0.0001,0.0
independent_holdout,7608,0.0001,0.0
independent_holdout,7609,0.0001,0.0
independent_holdout,7610,0.0001,0.0
independent_holdout,7611,0.0001,0.0
independent_holdout,7612,0.0001,0.0
independent_holdout,7613,0.0001,0.0
independent_holdout,7614,0.0001,0.0
independent_holdout,7615,0.0001,0.0
independent_holdout,7616,0.0001,0.0
independent_holdout,7617,0.0001,0.0
independent_holdout,7618,0.0001,0.0
independent_holdout,7619,0.0001,0.0
independent_holdout,7620,0.0001,0.0
independent_holdout,7621,0.0001,0.0
independent_holdout,7622,0.0001,0.0
independent_holdout,7623,0.0001,0.0
independent_holdout,7624,0.0001,0.0
independent_holdout,7625,0.0001,0.0
independent_holdout,7626,0.0001,0.0
independent_holdout,7627,0.0001,0.0
independent_holdout,7628,0.0001,0.0
independent_holdout,7629,0.0001,0.0
independent_holdout,7630,0.0001,0.0
independent_holdout,7631,0.0001,0.0
independent_holdout,7632,0.0001,0.0
independent_holdout,7633,0.0001,0.0
independent_holdout,7634,0.0001,0.0
independent_holdout,7635,0.0001,0.0
independent_holdout,7636,0.0001,0.0
independent_holdout,7637,0.0001,0.0
independent_holdout,7638,0.0001,0.0
independent_holdout,7639,0.0001,0.0
independent_holdout,7640,0.0001,0.0
independent_holdout,7641,0.0001,0.0
independent_holdout,7642,0.0001,0.0
independent_holdout,7643,0.0001,0.0
independent_holdout,7644,0.0001,0.0
independent_holdout,7645,0.0001,0.0
independent_holdout,7646,0.0001,0.0
independent_holdout,7647,0.0001,0.0
independent_holdout,7648,0.0001,0.0
independent_holdout,7649,0.0001,0.0
independent_holdout,7650,0.0001,0.0
independent_holdout,7651,0.0001,0.0
independent_holdout,7652,0.0001,0.0
independent_holdout,7653,0.0001,0.0
independent_holdout,7654,0.0001,0.0
independent_holdout,7655,0.0001,0.0
independent_holdout,7656,0.0001,0.0
independent_holdout,7657,0.0001,0.0
independent_holdout,7658,0.0001,0.0
independent_holdout,7659,0.0001,0.0
independent_holdout,7660,0.0001,0.0
independent_holdout,7661,0.0001,0.0
independent_holdout,7662,0.0001,0.0
independent_holdout,7663,0.0001,0.0
independent_holdout,7664,0.0001,0.0
independent_holdout,7665,0.0001,0.0
independent_holdout,7666,0.0001,0.0
independent_holdout,7667,0.0001,0.0
independent_holdout,7668,0.0001,0.0
independent_holdout,7669,0.0001,0.0
independent_holdout,7670,0.0001,0.0
independent_holdout,7671,0.0001,0.0
independent_holdout,7672,0.0001,0.0
independent_holdout,7673,0.0001,0.0
independent_holdout,7674,0.0001,0.0
independent_holdout,7675,0.0001,0.0
independent_holdout,7676,0.0001,0.0
independent_holdout,7677,0.0001,0.0
independent_holdout,7678,0.0001,0.0
independent_holdout,7679,0.0001,0.0
independent_holdout,7680,0.0001,0.0
independent_holdout,7681,0.0001,0.0
independent_holdout,7682,0.0001,0.0
independent_holdout,7683,0.0001,0.0
independent_holdout,7684,0.0001,0.0
independent_holdout,7685,0.0001,0.0
independent_holdout,7686,0.0001,0.0
independent_holdout,7687,0.0001,0.0
independent_holdout,7688,0.0001,0.0
independent_holdout,7689,0.0001,0.0
independent_holdout,7690,0.0001,0.0
independent_holdout,7691,0.0001,0.0
independent_holdout,7692,0.0001,0.0
independent_holdout,7693,0.0001,0.0
independent_holdout,7694,0.0001,0.0
independent_holdout,7695,0.0001,0.0
independent_holdout,7696,0.0001,0.0
independent_holdout,7697,0.0001,0.0
independent_holdout,7698,0.0001,0.0
independent_holdout,7699,0.0001,0.0
independent_holdout,7700,0.0001,0.0
independent_holdout,7701,0.0001,0.0
independent_holdout,7702,0.0001,0.0
independent_holdout,7703,0.0001,0.0
independent_holdout,7704,0.0001,0.0
independent_holdout,7705,0.0001,0.0
independent_holdout,7706,0.0001,0.0
independent_holdout,7707,0.0001,0.0
independent_holdout,7708,0.0001,0.0
independent_holdout,7709,0.0001,0.0
independent_holdout,7710,0.0001,0.0
independent_holdout,7711,0.0001,0.0
independent_holdout,7712,0.0001,0.0
independent_holdout,7713,0.0001,0.0
independent_holdout,7714,0.0001,0.0
independent_holdout,7715,0.0001,0.0
independent_holdout,7716,0.0001,0.0
independent_holdout,7717,0.0001,0.0
independent_holdout,7718,0.0001,0.0
independent_holdout,7719,0.0001,0.0
independent_holdout,7720,0.0001,0.0
independent_holdout,7721,0.0001,0.0
independent_holdout,7722,0.0001,0.0
independent_holdout,7723,0.0001,0.0
independent_holdout,7724,0.0001,0.0
independent_holdout,7725,0.0001,0.0
independent_holdout,7726,0.0001,0.0
independent_holdout,7727,0.0001,0.0
independent_holdout,7728,0.0001,0.0
independent_holdout,7729,0.0001,0.0
independent_holdout,7730,0.0001,0.0
independent_holdout,7731,0.0001,0.0
independent_holdout,7732,0.0001,0.0
independent_holdout,7733,0.0001,0.0
independent_holdout,7734,0.0001,0.0
independent_holdout,7735,0.0001,0.0
independent_holdout,7736,0.0001,0.0
independent_holdout,7737,0.0001,0.0
independent_holdout,7738,0.0001,0.0
independent_holdout,7739,0.0001,0.0
independent_holdout,7740,0.0001,0.0
independent_holdout,7741,0.0001,0.0
independent_holdout,7742,0.0001,0.0
independent_holdout,7743,0.0001,0.0
independent_holdout,7744,0.0001,0.0
independent_holdout,7745,0.0001,0.0
independent_holdout,7746,0.0001,0.0
independent_holdout,7747,0.0001,0.0
independent_holdout,7748,0.0001,0.0
independent_holdout,7749,0.0001,0.0
independent_holdout,7750,0.0001,0.0
independent_holdout,7751,0.0001,0.0
independent_holdout,7752,0.0001,0.0
independent_holdout,7753,0.0001,0.0
independent_holdout,7754,0.0001,0.0
independent_holdout,7755,0.0001,0.0
independent_holdout,7756,0.0001,0.0
independent_holdout,7757,0.0001,0.0
independent_holdout,7758,0.0001,0.0
independent_holdout,7759,0.0001,0.0
independent_holdout,7760,0.0001,0.0
independent_holdout,7761,0.0001,0.0
independent_holdout,7762,0.0001,0.0
independent_holdout,7763,0.0001,0.0
independent_holdout,7764,0.0001,0.0
independent_holdout,7765,0.0001,0.0
independent_holdout,7766,0.0001,0.0
independent_holdout,7767,0.0001,0.0
independent_holdout,7768,0.0001,0.0
independent_holdout,7769,0.0001,0.0
independent_holdout,7770,0.0001,0.0
independent_holdout,7771,0.0001,0.0
independent_holdout,7772,0.0001,0.0
independent_holdout,7773,0.0001,0.0
independent_holdout,7774,0.0001,0.0
independent_holdout,7775,0.0001,0.0
independent_holdout,7776,0.0001,0.0
independent_holdout,7777,0.0001,0.0
independent_holdout,7778,0.0001,0.0
independent_holdout,7779,0.0001,0.0
independent_holdout,7780,0.0001,0.0
independent_holdout,7781,0.0001,0.0
independent_holdout,7782,0.0001,0.0
independent_holdout,7783,0.0001,0.0
independent_holdout,7784,0.0001,0.0
independent_holdout,7785,0.0001,0.0
independent_holdout,7786,0.0001,0.0
independent_holdout,7787,0.0001,0.0
independent_holdout,7788,0.0001,0.0
independent_holdout,7789,0.0001,0.0
independent_holdout,7790,0.0001,0.0
independent_holdout,7791,0.0001,0.0
independent_holdout,7792,0.0001,0.0
independent_holdout,7793,0.0001,0.0
independent_holdout,7794,0.0001,0.0
independent_holdout,7795,0.0001,0.0
independent_holdout,7796,0.0001,0.0
independent_holdout,7797,0.0001,0.0
independent_holdout,7798,0.0001,0.0
independent_holdout,7799,0.0001,0.0
independent_holdout,7800,0.0001,0.0
independent_holdout,7801,0.0001,0.0
independent_holdout,7802,0.0001,0.0
independent_holdout,7803,0.0001,0.0
independent_holdout,7804,0.0001,0.0
independent_holdout,7805,0.0001,0.0
independent_holdout,7806,0.0001,0.0
independent_holdout,7807,0.0001,0.0
independent_holdout,7808,0.0001,0.0
independent_holdout,7809,0.0001,0.0
independent_holdout,7810,0.0001,0.0
independent_holdout,7811,0.0001,0.0
independent_holdout,7812,0.0001,0.0
independent_holdout,7813,0.0001,0.0
independent_holdout,7814,0.0001,0.0
independent_holdout,7815,0.0001,0.0
independent_holdout,7816,0.0001,0.0
independent_holdout,7817,0.0001,0.0
independent_holdout,7818,0.0001,0.0
independent_holdout,7819,0.0001,0.0
independent_holdout,7820,0.0001,0.0
independent_holdout,7821,0.0001,0.0
independent_holdout,7822,0.0001,0.0
independent_holdout,7823,0.0001,0.0
independent_holdout,7824,0.0001,0.0
independent_holdout,7825,0.0001,0.0
independent_holdout,7826,0.0001,0.0
independent_holdout,7827,0.0001,0.0
independent_holdout,7828,0.0001,0.0
independent_holdout,7829,0.0001,0.0
independent_holdout,7830,0.0001,0.0
independent_holdout,7831,0.0001,0.0
independent_holdout,7832,0.0001,0.0
independent_holdout,7833,0.0001,0.0
independent_holdout,7834,0.0001,0.0
independent_holdout,7835,0.0001,0.0
independent_holdout,7836,0.0001,0.0
independent_holdout,7837,0.0001,0.0
independent_holdout,7838,0.0001,0.0
independent_holdout,7839,0.0001,0.0
independent_holdout,7840,0.0001,0.0
independent_holdout,7841,0.0001,0.0
independent_holdout,7842,0.0001,0.0
independent_holdout,7843,0.0001,0.0
independent_holdout,7844,0.0001,0.0
independent_holdout,7845,0.0001,0.0
independent_holdout,7846,0.0001,0.0
independent_holdout,7847,0.0001,0.0
independent_holdout,7848,0.0001,0.0
independent_holdout,7849,0.0001,0.0
independent_holdout,7850,0.0001,0.0
independent_holdout,7851,0.0001,0.0
independent_holdout,7852,0.0001,0.0
independent_holdout,7853,0.0001,0.0
independent_holdout,7854,0.0001,0.0
independent_holdout,7855,0.0001,0.0
independent_holdout,7856,0.0001,0.0
independent_holdout,7857,0.0001,0.0
independent_holdout,7858,0.0001,0.0
independent_holdout,7859,0.0001,0.0
independent_holdout,7860,0.0001,0.0
independent_holdout,7861,0.0001,0.0
independent_holdout,7862,0.0001,0.0
independent_holdout,7863,0.0001,0.0
independent_holdout,7864,0.0001,0.0
independent_holdout,7865,0.0001,0.0
independent_holdout,7866,0.0001,0.0
independent_holdout,7867,0.0001,0.0
independent_holdout,7868,0.0001,0.0
independent_holdout,7869,0.0001,0.0
independent_holdout,7870,0.0001,0.0
independent_holdout,7871,0.0001,0.0
independent_holdout,7872,0.0001,0.0
independent_holdout,7873,0.0001,0.0
independent_holdout,7874,0.0001,0.0
independent_holdout,7875,0.0001,0.0
independent_holdout,7876,0.0001,0.0
independent_holdout,7877,0.0001,0.0
independent_holdout,7878,0.0001,0.0
independent_holdout,7879,0.0001,0.0
independent_holdout,7880,0.0001,0.0
independent_holdout,7881,0.0001,0.0
independent_holdout,7882,0.0001,0.0
independent_holdout,7883,0.0001,0.0
independent_holdout,7884,0.0001,0.0
independent_holdout,7885,0.0001,0.0
independent_holdout,7886,0.0001,0.0
independent_holdout,7887,0.0001,0.0
independent_holdout,7888,0.0001,0.0
independent_holdout,7889,0.0001,0.0
independent_holdout,7890,0.0001,0.0
independent_holdout,7891,0.0001,0.0
independent_holdout,7892,0.0001,0.0
independent_holdout,7893,0.0001,0.0
independent_holdout,7894,0.0001,0.0
independent_holdout,7895,0.0001,0.0
independent_holdout,7896,0.0001,0.0
independent_holdout,7897,0.0001,0.0
independent_holdout,7898,0.0001,0.0
independent_holdout,7899,0.0001,0.0
independent_holdout,7900,0.0001,0.0
independent_holdout,7901,0.0001,0.0
independent_holdout,7902,0.0001,0.0
independent_holdout,7903,0.0001,0.0
independent_holdout,7904,0.0001,0.0
independent_holdout,7905,0.0001,0.0
independent_holdout,7906,0.0001,0.0
independent_holdout,7907,0.0001,0.0
independent_holdout,7908,0.0001,0.0
independent_holdout,7909,0.0001,0.0
independent_holdout,7910,0.0001,0.0
independent_holdout,7911,0.0001,0.0
independent_holdout,7912,0.0001,0.0
independent_holdout,7913,0.0001,0.0
independent_holdout,7914,0.0001,0.0
independent_holdout,7915,0.0001,0.0
independent_holdout,7916,0.0001,0.0
independent_holdout,7917,0.0001,0.0
independent_holdout,7918,0.0001,0.0
independent_holdout,7919,0.0001,0.0
independent_holdout,7920,0.0001,0.0
independent_holdout,7921,0.0001,0.0
independent_holdout,7922,0.0001,0.0
independent_holdout,7923,0.0001,0.0
independent_holdout,7924,0.0001,0.0
independent_holdout,7925,0.0001,0.0
independent_holdout,7926,0.0001,0.0
independent_holdout,7927,0.0001,0.0
independent_holdout,7928,0.0001,0.0
independent_holdout,7929,0.0001,0.0
independent_holdout,7930,0.0001,0.0
independent_holdout,7931,0.0001,0.0
independent_holdout,7932,0.0001,0.0
independent_holdout,7933,0.0001,0.0
independent_holdout,7934,0.0001,0.0
independent_holdout,7935,0.0001,0.0
independent_holdout,7936,0.0001,0.0
independent_holdout,7937,0.0001,0.0
independent_holdout,7938,0.0001,0.0
independent_holdout,7939,0.0001,0.0
independent_holdout,7940,0.0001,0.0
independent_holdout,7941,0.0001,0.0
independent_holdout,7942,0.0001,0.0
independent_holdout,7943,0.0001,0.0
independent_holdout,7944,0.0001,0.0
independent_holdout,7945,0.0001,0.0
independent_holdout,7946,0.0001,0.0
independent_holdout,7947,0.0001,0.0
independent_holdout,7948,0.0001,0.0
independent_holdout,7949,0.0001,0.0
independent_holdout,7950,0.0001,0.0
independent_holdout,7951,0.0001,1425.904722255556
independent_holdout,7952,0.0001,0.0
independent_holdout,7953,0.0001,0.0
independent_holdout,7954,0.0001,0.0
independent_holdout,7955,0.0001,0.0
independent_holdout,7956,0.0001,0.0
independent_holdout,7957,0.0001,0.0
independent_holdout,7958,0.0001,0.0
independent_holdout,7959,0.0001,0.0
independent_holdout,7960,0.0001,0.0
independent_holdout,7961,0.0001,0.0
independent_holdout,7962,0.0001,0.0
independent_holdout,7963,0.0001,0.0
independent_holdout,7964,0.0001,0.0
independent_holdout,7965,0.0001,0.0
independent_holdout,7966,0.0001,0.0
independent_holdout,7967,0.0001,0.0
independent_holdout,7968,0.0001,0.0
independent_holdout,7969,0.0001,0.0
independent_holdout,7970,0.0001,0.0
independent_holdout,7971,0.0001,0.0
independent_holdout,7972,0.0001,0.0
independent_holdout,7973,0.0001,0.0
independent_holdout,7974,0.0001,0.0
independent_holdout,7975,0.0001,0.0
independent_holdout,7976,0.0001,0.0
independent_holdout,7977,0.0001,0.0
independent_holdout,7978,0.0001,0.0
independent_holdout,7979,0.0001,0.0
independent_holdout,7980,0.0001,0.0
independent_holdout,7981,0.0001,0.0
independent_holdout,7982,0.0001,0.0
independent_holdout,7983,0.0001,0.0
independent_holdout,7984,0.0001,0.0
independent_holdout,7985,0.0001,0.0
independent_holdout,7986,0.0001,0.0
independent_holdout,7987,0.0001,0.0
independent_holdout,7988,0.0001,0.0
independent_holdout,7989,0.0001,0.0
independent_holdout,7990,0.0001,0.0
independent_holdout,7991,0.0001,0.0
independent_holdout,7992,0.0001,0.0
independent_holdout,7993,0.0001,0.0
independent_holdout,7994,0.0001,0.0
independent_holdout,7995,0.0001,0.0
independent_holdout,7996,0.0001,0.0
independent_holdout,7997,0.0001,0.0
independent_holdout,7998,0.0001,0.0
independent_holdout,7999,0.0001,0.0
independent_holdout,8000,0.0001,0.0
independent_holdout,8001,0.0001,0.0
independent_holdout,8002,0.0001,0.0
independent_holdout,8003,0.0001,0.0
independent_holdout,8004,0.0001,0.0
independent_holdout,8005,0.0001,0.0
independent_holdout,8006,0.0001,0.0
independent_holdout,8007,0.0001,0.0
independent_holdout,8008,0.0001,0.0
independent_holdout,8009,0.0001,0.0
independent_holdout,8010,0.0001,0.0
independent_holdout,8011,0.0001,0.0
independent_holdout,8012,0.0001,0.0
independent_holdout,8013,0.0001,0.0
independent_holdout,8014,0.0001,0.0
independent_holdout,8015,0.0001,0.0
independent_holdout,8016,0.0001,0.0
independent_holdout,8017,0.0001,0.0
independent_holdout,8018,0.0001,0.0
independent_holdout,8019,0.0001,0.0
independent_holdout,8020,0.0001,0.0
independent_holdout,8021,0.0001,0.0
independent_holdout,8022,0.0001,0.0
independent_holdout,8023,0.0001,0.0
independent_holdout,8024,0.0001,0.0
independent_holdout,8025,0.0001,0.0
independent_holdout,8026,0.0001,0.0
independent_holdout,8027,0.0001,0.0
independent_holdout,8028,0.0001,0.0
independent_holdout,8029,0.0001,0.0
independent_holdout,8030,0.0001,0.0
independent_holdout,8031,0.0001,0.0
independent_holdout,8032,0.0001,0.0
independent_holdout,8033,0.0001,0.0
independent_holdout,8034,0.0001,0.0
independent_holdout,8035,0.0001,0.0
independent_holdout,8036,0.0001,0.0
independent_holdout,8037,0.0001,0.0
independent_holdout,8038,0.0001,0.0
independent_holdout,8039,0.0001,0.0
independent_holdout,8040,0.0001,0.0
independent_holdout,8041,0.0001,0.0
independent_holdout,8042,0.0001,0.0
independent_holdout,8043,0.0001,0.0
independent_holdout,8044,0.0001,0.0
independent_holdout,8045,0.0001,0.0
independent_holdout,8046,0.0001,0.0
independent_holdout,8047,0.0001,0.0
independent_holdout,8048,0.0001,0.0
independent_holdout,8049,0.0001,0.0
independent_holdout,8050,0.0001,0.0
independent_holdout,8051,0.0001,0.0
independent_holdout,8052,0.0001,0.0
independent_holdout,8053,0.0001,0.0
independent_holdout,8054,0.0001,0.0
independent_holdout,8055,0.0001,0.0
independent_holdout,8056,0.0001,0.0
independent_holdout,8057,0.0001,0.0
independent_holdout,8058,0.0001,0.0
independent_holdout,8059,0.0001,0.0
independent_holdout,8060,0.0001,0.0
independent_holdout,8061,0.0001,0.0
independent_holdout,8062,0.0001,0.0
independent_holdout,8063,0.0001,0.0
independent_holdout,8064,0.0001,0.0
independent_holdout,8065,0.0001,0.0
independent_holdout,8066,0.0001,0.0
independent_holdout,8067,0.0001,0.0
independent_holdout,8068,0.0001,0.0
independent_holdout,8069,0.0001,0.0
independent_holdout,8070,0.0001,0.0
independent_holdout,8071,0.0001,0.0
independent_holdout,8072,0.0001,0.0
independent_holdout,8073,0.0001,0.0
independent_holdout,8074,0.0001,0.0
independent_holdout,8075,0.0001,0.0
independent_holdout,8076,0.0001,0.0
independent_holdout,8077,0.0001,0.0
independent_holdout,8078,0.0001,0.0
independent_holdout,8079,0.0001,0.0
independent_holdout,8080,0.0001,0.0
independent_holdout,8081,0.0001,0.0
independent_holdout,8082,0.0001,0.0
independent_holdout,8083,0.0001,0.0
independent_holdout,8084,0.0001,0.0
independent_holdout,8085,0.0001,0.0
independent_holdout,8086,0.0001,0.0
independent_holdout,8087,0.0001,0.0
independent_holdout,8088,0.0001,0.0
independent_holdout,8089,0.0001,0.0
independent_holdout,8090,0.0001,0.0
independent_holdout,8091,0.0001,0.0
independent_holdout,8092,0.0001,0.0
independent_holdout,8093,0.0001,0.0
independent_holdout,8094,0.0001,0.0
independent_holdout,8095,0.0001,0.0
independent_holdout,8096,0.0001,0.0
independent_holdout,8097,0.0001,0.0
independent_holdout,8098,0.0001,0.0
independent_holdout,8099,0.0001,0.0
independent_holdout,8100,0.0001,0.0
independent_holdout,8101,0.0001,653.2355555555556
independent_holdout,8102,0.0001,0.0
independent_holdout,8103,0.0001,0.0
independent_holdout,8104,0.0001,0.0
independent_holdout,8105,0.0001,0.0
independent_holdout,8106,0.0001,0.0
independent_holdout,8107,0.0001,0.0
independent_holdout,8108,0.0001,0.0
independent_holdout,8109,0.0001,0.0
independent_holdout,8110,0.0001,0.0
independent_holdout,8111,0.0001,0.0
independent_holdout,8112,0.0001,0.0
independent_holdout,8113,0.0001,0.0
independent_holdout,8114,0.0001,0.0
independent_holdout,8115,0.0001,0.0
independent_holdout,8116,0.0001,0.0
independent_holdout,8117,0.0001,0.0
independent_holdout,8118,0.0001,0.0
independent_holdout,8119,0.0001,0.0
independent_holdout,8120,0.0001,0.0
independent_holdout,8121,0.0001,0.0
independent_holdout,8122,0.0001,0.0
independent_holdout,8123,0.0001,0.0
independent_holdout,8124,0.0001,0.0
independent_holdout,8125,0.0001,0.0
independent_holdout,8126,0.0001,0.0
independent_holdout,8127,0.0001,0.0
independent_holdout,8128,0.0001,0.0
independent_holdout,8129,0.0001,0.0
independent_holdout,8130,0.0001,0.0
independent_holdout,8131,0.0001,0.0
independent_holdout,8132,0.0001,0.0
independent_holdout,8133,0.0001,0.0
independent_holdout,8134,0.0001,0.0
independent_holdout,8135,0.0001,0.0
independent_holdout,8136,0.0001,0.0
independent_holdout,8137,0.0001,0.0
independent_holdout,8138,0.0001,0.0
independent_holdout,8139,0.0001,0.0
independent_holdout,8140,0.0001,0.0
independent_holdout,8141,0.0001,0.0
independent_holdout,8142,0.0001,0.0
independent_holdout,8143,0.0001,0.0
independent_holdout,8144,0.0001,0.0
independent_holdout,8145,0.0001,0.0
independent_holdout,8146,0.0001,0.0
independent_holdout,8147,0.0001,0.0
independent_holdout,8148,0.0001,0.0
independent_holdout,8149,0.0001,0.0
independent_holdout,8150,0.0001,0.0
independent_holdout,8151,0.0001,0.0
independent_holdout,8152,0.0001,0.0
independent_holdout,8153,0.0001,0.0
independent_holdout,8154,0.0001,0.0
independent_holdout,8155,0.0001,0.0
independent_holdout,8156,0.0001,0.0
independent_holdout,8157,0.0001,0.0
independent_holdout,8158,0.0001,0.0
independent_holdout,8159,0.0001,0.0
independent_holdout,8160,0.0001,0.0
independent_holdout,8161,0.0001,0.0
independent_holdout,8162,0.0001,0.0
independent_holdout,8163,0.0001,0.0
independent_holdout,8164,0.0001,0.0
independent_holdout,8165,0.0001,0.0
independent_holdout,8166,0.0001,0.0
independent_holdout,8167,0.0001,0.0
independent_holdout,8168,0.0001,0.0
independent_holdout,8169,0.0001,87.8712569222224
independent_holdout,8170,0.0001,0.0
independent_holdout,8171,0.0001,0.0
independent_holdout,8172,0.0001,0.0
independent_holdout,8173,0.0001,0.0
independent_holdout,8174,0.0001,0.0
independent_holdout,8175,0.0001,0.0
independent_holdout,8176,0.0001,0.0
independent_holdout,8177,0.0001,0.0
independent_holdout,8178,0.0001,0.0
independent_holdout,8179,0.0001,0.0
independent_holdout,8180,0.0001,0.0
independent_holdout,8181,0.0001,0.0
independent_holdout,8182,0.0001,0.0
independent_holdout,8183,0.0001,0.0
independent_holdout,8184,0.0001,0.0
independent_holdout,8185,0.0001,0.0
independent_holdout,8186,0.0001,0.0
independent_holdout,8187,0.0001,0.0
independent_holdout,8188,0.0001,0.0
independent_holdout,8189,0.0001,0.0
independent_holdout,8190,0.0001,0.0
independent_holdout,8191,0.0001,0.0
independent_holdout,8192,0.0001,0.0
independent_holdout,8193,0.0001,0.0
independent_holdout,8194,0.0001,0.0
independent_holdout,8195,0.0001,0.0
independent_holdout,8196,0.0001,0.0
independent_holdout,8197,0.0001,0.0
independent_holdout,8198,0.0001,0.0
independent_holdout,8199,0.0001,0.0
independent_holdout,8200,0.0001,0.0
independent_holdout,8201,0.0001,0.0
independent_holdout,8202,0.0001,0.0
independent_holdout,8203,0.0001,0.0
independent_holdout,8204,0.0001,0.0
independent_holdout,8205,0.0001,0.0
independent_holdout,8206,0.0001,0.0
independent_holdout,8207,0.0001,0.0
independent_holdout,8208,0.0001,0.0
independent_holdout,8209,0.0001,0.0
independent_holdout,8210,0.0001,0.0
independent_holdout,8211,0.0001,0.0
independent_holdout,8212,0.0001,0.0
independent_holdout,8213,0.0001,0.0
independent_holdout,8214,0.0001,0.0
independent_holdout,8215,0.0001,0.0
independent_holdout,8216,0.0001,0.0
independent_holdout,8217,0.0001,0.0
independent_holdout,8218,0.0001,0.0
independent_holdout,8219,0.0001,0.0
independent_holdout,8220,0.0001,0.0
independent_holdout,8221,0.0001,0.0
independent_holdout,8222,0.0001,0.0
independent_holdout,8223,0.0001,0.0
independent_holdout,8224,0.0001,0.0
independent_holdout,8225,0.0001,0.0
independent_holdout,8226,0.0001,0.0
independent_holdout,8227,0.0001,0.0
independent_holdout,8228,0.0001,0.0
independent_holdout,8229,0.0001,0.0
independent_holdout,8230,0.0001,0.0
independent_holdout,8231,0.0001,0.0
independent_holdout,8232,0.0001,0.0
independent_holdout,8233,0.0001,0.0
independent_holdout,8234,0.0001,0.0
independent_holdout,8235,0.0001,0.0
independent_holdout,8236,0.0001,0.0
independent_holdout,8237,0.0001,0.0
independent_holdout,8238,0.0001,0.0
independent_holdout,8239,0.0001,0.0
independent_holdout,8240,0.0001,0.0
independent_holdout,8241,0.0001,0.0
independent_holdout,8242,0.0001,0.0
independent_holdout,8243,0.0001,0.0
independent_holdout,8244,0.0001,0.0
independent_holdout,8245,0.0001,0.0
independent_holdout,8246,0.0001,0.0
independent_holdout,8247,0.0001,0.0
independent_holdout,8248,0.0001,0.0
independent_holdout,8249,0.0001,0.0
independent_holdout,8250,0.0001,0.0
independent_holdout,8251,0.0001,0.0
independent_holdout,8252,0.0001,0.0
independent_holdout,8253,0.0001,0.0
independent_holdout,8254,0.0001,0.0
independent_holdout,8255,0.0001,0.0
independent_holdout,8256,0.0001,0.0
independent_holdout,8257,0.0001,0.0
independent_holdout,8258,0.0001,0.0
independent_holdout,8259,0.0001,0.0
independent_holdout,8260,0.0001,0.0
independent_holdout,8261,0.0001,0.0
independent_holdout,8262,0.0001,0.0
independent_holdout,8263,0.0001,0.0
independent_holdout,8264,0.0001,0.0
independent_holdout,8265,0.0001,0.0
independent_holdout,8266,0.0001,0.0
independent_holdout,8267,0.0001,0.0
independent_holdout,8268,0.0001,0.0
independent_holdout,8269,0.0001,0.0
independent_holdout,8270,0.0001,0.0
independent_holdout,8271,0.0001,0.0
independent_holdout,8272,0.0001,0.0
independent_holdout,8273,0.0001,0.0
independent_holdout,8274,0.0001,0.0
independent_holdout,8275,0.0001,0.0
independent_holdout,8276,0.0001,0.0
independent_holdout,8277,0.0001,0.0
independent_holdout,8278,0.0001,0.0
independent_holdout,8279,0.0001,0.0
independent_holdout,8280,0.0001,0.0
independent_holdout,8281,0.0001,0.0
independent_holdout,8282,0.0001,0.0
independent_holdout,8283,0.0001,0.0
independent_holdout,8284,0.0001,0.0
independent_holdout,8285,0.0001,0.0
independent_holdout,8286,0.0001,0.0
independent_holdout,8287,0.0001,0.0
independent_holdout,8288,0.0001,0.0
independent_holdout,8289,0.0001,0.0
independent_holdout,8290,0.0001,0.0
independent_holdout,8291,0.0001,0.0
independent_holdout,8292,0.0001,0.0
independent_holdout,8293,0.0001,0.0
independent_holdout,8294,0.0001,0.0
independent_holdout,8295,0.0001,0.0
independent_holdout,8296,0.0001,0.0
independent_holdout,8297,0.0001,0.0
independent_holdout,8298,0.0001,0.0
independent_holdout,8299,0.0001,0.0
independent_holdout,8300,0.0001,0.0
independent_holdout,8301,0.0001,29.441111111111237
independent_holdout,8302,0.0001,0.0
independent_holdout,8303,0.0001,0.0
independent_holdout,8304,0.0001,0.0
independent_holdout,8305,0.0001,0.0
independent_holdout,8306,0.0001,0.0
independent_holdout,8307,0.0001,0.0
independent_holdout,8308,0.0001,0.0
independent_holdout,8309,0.0001,0.0
independent_holdout,8310,0.0001,0.0
independent_holdout,8311,0.0001,0.0
independent_holdout,8312,0.0001,0.0
independent_holdout,8313,0.0001,0.0
independent_holdout,8314,0.0001,0.0
independent_holdout,8315,0.0001,0.0
independent_holdout,8316,0.0001,0.0
independent_holdout,8317,0.0001,0.0
independent_holdout,8318,0.0001,0.0
independent_holdout,8319,0.0001,0.0
independent_holdout,8320,0.0001,0.0
independent_holdout,8321,0.0001,0.0
independent_holdout,8322,0.0001,0.0
independent_holdout,8323,0.0001,0.0
independent_holdout,8324,0.0001,0.0
independent_holdout,8325,0.0001,0.0
independent_holdout,8326,0.0001,0.0
independent_holdout,8327,0.0001,0.0
independent_holdout,8328,0.0001,0.0
independent_holdout,8329,0.0001,0.0
independent_holdout,8330,0.0001,0.0
independent_holdout,8331,0.0001,0.0
independent_holdout,8332,0.0001,0.0
independent_holdout,8333,0.0001,0.0
independent_holdout,8334,0.0001,0.0
independent_holdout,8335,0.0001,0.0
independent_holdout,8336,0.0001,0.0
independent_holdout,8337,0.0001,0.0
independent_holdout,8338,0.0001,0.0
independent_holdout,8339,0.0001,0.0
independent_holdout,8340,0.0001,0.0
independent_holdout,8341,0.0001,0.0
independent_holdout,8342,0.0001,0.0
independent_holdout,8343,0.0001,0.0
independent_holdout,8344,0.0001,0.0
independent_holdout,8345,0.0001,0.0
independent_holdout,8346,0.0001,0.0
independent_holdout,8347,0.0001,0.0
independent_holdout,8348,0.0001,0.0
independent_holdout,8349,0.0001,0.0
independent_holdout,8350,0.0001,0.0
independent_holdout,8351,0.0001,0.0
independent_holdout,8352,0.0001,0.0
independent_holdout,8353,0.0001,0.0
independent_holdout,8354,0.0001,0.0
independent_holdout,8355,0.0001,0.0
independent_holdout,8356,0.0001,0.0
independent_holdout,8357,0.0001,0.0
independent_holdout,8358,0.0001,0.0
independent_holdout,8359,0.0001,0.0
independent_holdout,8360,0.0001,0.0
independent_holdout,8361,0.0001,0.0
independent_holdout,8362,0.0001,0.0
independent_holdout,8363,0.0001,0.0
independent_holdout,8364,0.0001,0.0
independent_holdout,8365,0.0001,0.0
independent_holdout,8366,0.0001,0.0
independent_holdout,8367,0.0001,0.0
independent_holdout,8368,0.0001,0.0
independent_holdout,8369,0.0001,0.0
independent_holdout,8370,0.0001,0.0
independent_holdout,8371,0.0001,0.0
independent_holdout,8372,0.0001,0.0
independent_holdout,8373,0.0001,0.0
independent_holdout,8374,0.0001,0.0
independent_holdout,8375,0.0001,0.0
independent_holdout,8376,0.0001,0.0
independent_holdout,8377,0.0001,0.0
independent_holdout,8378,0.0001,0.0
independent_holdout,8379,0.0001,0.0
independent_holdout,8380,0.0001,0.0
independent_holdout,8381,0.0001,0.0
independent_holdout,8382,0.0001,0.0
independent_holdout,8383,0.0001,0.0
independent_holdout,8384,0.0001,0.0
independent_holdout,8385,0.0001,0.0
independent_holdout,8386,0.0001,0.0
independent_holdout,8387,0.0001,0.0
independent_holdout,8388,0.0001,0.0
independent_holdout,8389,0.0001,0.0
independent_holdout,8390,0.0001,0.0
independent_holdout,8391,0.0001,0.0
independent_holdout,8392,0.0001,0.0
independent_holdout,8393,0.0001,0.0
independent_holdout,8394,0.0001,0.0
independent_holdout,8395,0.0001,0.0
independent_holdout,8396,0.0001,0.0
independent_holdout,8397,0.0001,0.0
independent_holdout,8398,0.0001,0.0
independent_holdout,8399,0.0001,0.0
independent_holdout,8400,0.0001,0.0
independent_holdout,8401,0.0001,0.0
independent_holdout,8402,0.0001,0.0
independent_holdout,8403,0.0001,0.0
independent_holdout,8404,0.0001,0.0
independent_holdout,8405,0.0001,0.0
independent_holdout,8406,0.0001,0.0
independent_holdout,8407,0.0001,0.0
independent_holdout,8408,0.0001,0.0
independent_holdout,8409,0.0001,0.0
independent_holdout,8410,0.0001,0.0
independent_holdout,8411,0.0001,0.0
independent_holdout,8412,0.0001,0.0
independent_holdout,8413,0.0001,0.0
independent_holdout,8414,0.0001,0.0
independent_holdout,8415,0.0001,0.0
independent_holdout,8416,0.0001,0.0
independent_holdout,8417,0.0001,0.0
independent_holdout,8418,0.0001,0.0
independent_holdout,8419,0.0001,0.0
independent_holdout,8420,0.0001,0.0
independent_holdout,8421,0.0001,0.0
independent_holdout,8422,0.0001,0.0
independent_holdout,8423,0.0001,0.0
independent_holdout,8424,0.0001,0.0
independent_holdout,8425,0.0001,0.0
independent_holdout,8426,0.0001,0.0
independent_holdout,8427,0.0001,0.0
independent_holdout,8428,0.0001,0.0
independent_holdout,8429,0.0001,0.0
independent_holdout,8430,0.0001,0.0
independent_holdout,8431,0.0001,0.0
independent_holdout,8432,0.0001,1062.7766667
independent_holdout,8433,0.0001,0.0
independent_holdout,8434,0.0001,0.0
independent_holdout,8435,0.0001,0.0
independent_holdout,8436,0.0001,0.0
independent_holdout,8437,0.0001,0.0
independent_holdout,8438,0.0001,0.0
independent_holdout,8439,0.0001,0.0
independent_holdout,8440,0.0001,0.0
independent_holdout,8441,0.0001,0.0
independent_holdout,8442,0.0001,0.0
independent_holdout,8443,0.0001,0.0
independent_holdout,8444,0.0001,308.35555555555567
independent_holdout,8445,0.0001,0.0
independent_holdout,8446,0.0001,0.0
independent_holdout,8447,0.0001,0.0
independent_holdout,8448,0.0001,0.0
independent_holdout,8449,0.0001,0.0
independent_holdout,8450,0.0001,0.0
independent_holdout,8451,0.0001,0.0
independent_holdout,8452,0.0001,0.0
independent_holdout,8453,0.0001,5935.290555488889
independent_holdout,8454,0.0001,0.0
independent_holdout,8455,0.0001,0.0
independent_holdout,8456,0.0001,0.0
independent_holdout,8457,0.0001,0.0
independent_holdout,8458,0.0001,0.0
independent_holdout,8459,0.0001,0.0
independent_holdout,8460,0.0001,0.0
independent_holdout,8461,0.0001,0.0
independent_holdout,8462,0.0001,0.0
independent_holdout,8463,0.0001,0.0
independent_holdout,8464,0.0001,0.0
independent_holdout,8465,0.0001,0.0
independent_holdout,8466,0.0001,0.0
independent_holdout,8467,0.0001,0.0
independent_holdout,8468,0.0001,0.0
independent_holdout,8469,0.0001,0.0
independent_holdout,8470,0.0001,0.0
independent_holdout,8471,0.0001,0.0
independent_holdout,8472,0.0001,1165.5688889222224
independent_holdout,8473,0.0001,0.0
independent_holdout,8474,0.0001,0.0
independent_holdout,8475,0.0001,0.0
independent_holdout,8476,0.0001,0.0
independent_holdout,8477,0.0001,0.0
independent_holdout,8478,0.0001,0.0
independent_holdout,8479,0.0001,0.0
independent_holdout,8480,0.0001,0.0
independent_holdout,8481,0.0001,0.0
independent_holdout,8482,0.0001,0.0
independent_holdout,8483,0.0001,0.0
independent_holdout,8484,0.0001,0.0
independent_holdout,8485,0.0001,0.0
independent_holdout,8486,0.0001,0.0
independent_holdout,8487,0.0001,0.0
independent_holdout,8488,0.0001,0.0
independent_holdout,8489,0.0001,0.0
independent_holdout,8490,0.0001,0.0
independent_holdout,8491,0.0001,0.0
independent_holdout,8492,0.0001,0.0
independent_holdout,8493,0.0001,0.0
independent_holdout,8494,0.0001,0.0
independent_holdout,8495,0.0001,0.0
independent_holdout,8496,0.0001,0.0
independent_holdout,8497,0.0001,0.0
independent_holdout,8498,0.0001,0.0
independent_holdout,8499,0.0001,0.0
independent_holdout,8500,0.0001,0.0
independent_holdout,8501,0.0001,0.0
independent_holdout,8502,0.0001,0.0
independent_holdout,8503,0.0001,0.0
independent_holdout,8504,0.0001,0.0
independent_holdout,8505,0.0001,0.0
independent_holdout,8506,0.0001,0.0
independent_holdout,8507,0.0001,0.0
independent_holdout,8508,0.0001,0.0
independent_holdout,8509,0.0001,0.0
independent_holdout,8510,0.0001,0.0
independent_holdout,8511,0.0001,0.0
independent_holdout,8512,0.0001,0.0
independent_holdout,8513,0.0001,0.0
independent_holdout,8514,0.0001,0.0
independent_holdout,8515,0.0001,0.0
independent_holdout,8516,0.0001,0.0
independent_holdout,8517,0.0001,0.0
independent_holdout,8518,0.0001,0.0
independent_holdout,8519,0.0001,0.0
independent_holdout,8520,0.0001,0.0
independent_holdout,8521,0.0001,0.0
independent_holdout,8522,0.0001,0.0
independent_holdout,8523,0.0001,0.0
independent_holdout,8524,0.0001,0.0
independent_holdout,8525,0.0001,0.0
independent_holdout,8526,0.0001,0.0
independent_holdout,8527,0.0001,0.0
independent_holdout,8528,0.0001,0.0
independent_holdout,8529,0.0001,0.0
independent_holdout,8530,0.0001,0.0
independent_holdout,8531,0.0001,0.0
independent_holdout,8532,0.0001,0.0
independent_holdout,8533,0.0001,0.0
independent_holdout,8534,0.0001,0.0
independent_holdout,8535,0.0001,0.0
independent_holdout,8536,0.0001,0.0
independent_holdout,8537,0.0001,0.0
independent_holdout,8538,0.0001,0.0
independent_holdout,8539,0.0001,0.0
independent_holdout,8540,0.0001,0.0
independent_holdout,8541,0.0001,0.0
independent_holdout,8542,0.0001,0.0
independent_holdout,8543,0.0001,0.0
independent_holdout,8544,0.0001,0.0
independent_holdout,8545,0.0001,0.0
independent_holdout,8546,0.0001,0.0
independent_holdout,8547,0.0001,0.0
independent_holdout,8548,0.0001,0.0
independent_holdout,8549,0.0001,0.0
independent_holdout,8550,0.0001,0.0
independent_holdout,8551,0.0001,0.0
independent_holdout,8552,0.0001,0.0
independent_holdout,8553,0.0001,0.0
independent_holdout,8554,0.0001,0.0
independent_holdout,8555,0.0001,0.0
independent_holdout,8556,0.0001,0.0
independent_holdout,8557,0.0001,0.0
independent_holdout,8558,0.0001,0.0
independent_holdout,8559,0.0001,0.0
independent_holdout,8560,0.0001,0.0
independent_holdout,8561,0.0001,0.0
independent_holdout,8562,0.0001,0.0
independent_holdout,8563,0.0001,0.0
independent_holdout,8564,0.0001,0.0
independent_holdout,8565,0.0001,0.0
independent_holdout,8566,0.0001,0.0
independent_holdout,8567,0.0001,0.0
independent_holdout,8568,0.0001,0.0
independent_holdout,8569,0.0001,0.0
independent_holdout,8570,0.0001,0.0
independent_holdout,8571,0.0001,0.0
independent_holdout,8572,0.0001,0.0
independent_holdout,8573,0.0001,0.0
independent_holdout,8574,0.0001,0.0
independent_holdout,8575,0.0001,0.0
independent_holdout,8576,0.0001,0.0
independent_holdout,8577,0.0001,0.0
independent_holdout,8578,0.0001,0.0
independent_holdout,8579,0.0001,0.0
independent_holdout,8580,0.0001,0.0
independent_holdout,8581,0.0001,0.0
independent_holdout,8582,0.0001,0.0
independent_holdout,8583,0.0001,0.0
independent_holdout,8584,0.0001,0.0
independent_holdout,8585,0.0001,0.0
independent_holdout,8586,0.0001,0.0
independent_holdout,8587,0.0001,0.0
independent_holdout,8588,0.0001,0.0
independent_holdout,8589,0.0001,0.0
independent_holdout,8590,0.0001,0.0
independent_holdout,8591,0.0001,0.0
independent_holdout,8592,0.0001,0.0
independent_holdout,8593,0.0001,0.0
independent_holdout,8594,0.0001,0.0
independent_holdout,8595,0.0001,0.0
independent_holdout,8596,0.0001,0.0
independent_holdout,8597,0.0001,0.0
independent_holdout,8598,0.0001,0.0
independent_holdout,8599,0.0001,0.0
independent_holdout,8600,0.0001,0.0
independent_holdout,8601,0.0001,0.0
independent_holdout,8602,0.0001,0.0
independent_holdout,8603,0.0001,0.0
independent_holdout,8604,0.0001,0.0
independent_holdout,8605,0.0001,0.0
independent_holdout,8606,0.0001,0.0
independent_holdout,8607,0.0001,0.0
independent_holdout,8608,0.0001,0.0
independent_holdout,8609,0.0001,0.0
independent_holdout,8610,0.0001,0.0
independent_holdout,8611,0.0001,0.0
independent_holdout,8612,0.0001,0.0
independent_holdout,8613,0.0001,0.0
independent_holdout,8614,0.0001,0.0
independent_holdout,8615,0.0001,0.0
independent_holdout,8616,0.0001,0.0
independent_holdout,8617,0.0001,0.0
independent_holdout,8618,0.0001,0.0
independent_holdout,8619,0.0001,0.0
independent_holdout,8620,0.0001,0.0
independent_holdout,8621,0.0001,0.0
independent_holdout,8622,0.0001,0.0
independent_holdout,8623,0.0001,0.0
independent_holdout,8624,0.0001,0.0
independent_holdout,8625,0.0001,0.0
independent_holdout,8626,0.0001,0.0
independent_holdout,8627,0.0001,0.0
independent_holdout,8628,0.0001,0.0
independent_holdout,8629,0.0001,0.0
independent_holdout,8630,0.0001,0.0
independent_holdout,8631,0.0001,0.0
independent_holdout,8632,0.0001,0.0
independent_holdout,8633,0.0001,0.0
independent_holdout,8634,0.0001,0.0
independent_holdout,8635,0.0001,0.0
independent_holdout,8636,0.0001,0.0
independent_holdout,8637,0.0001,0.0
independent_holdout,8638,0.0001,0.0
independent_holdout,8639,0.0001,0.0
independent_holdout,8640,0.0001,0.0
independent_holdout,8641,0.0001,0.0
independent_holdout,8642,0.0001,0.0
independent_holdout,8643,0.0001,0.0
independent_holdout,8644,0.0001,0.0
independent_holdout,8645,0.0001,0.0
independent_holdout,8646,0.0001,0.0
independent_holdout,8647,0.0001,0.0
independent_holdout,8648,0.0001,0.0
independent_holdout,8649,0.0001,0.0
independent_holdout,8650,0.0001,0.0
independent_holdout,8651,0.0001,0.0
independent_holdout,8652,0.0001,0.0
independent_holdout,8653,0.0001,0.0
independent_holdout,8654,0.0001,0.0
independent_holdout,8655,0.0001,0.0
independent_holdout,8656,0.0001,0.0
independent_holdout,8657,0.0001,0.0
independent_holdout,8658,0.0001,0.0
independent_holdout,8659,0.0001,0.0
independent_holdout,8660,0.0001,0.0
independent_holdout,8661,0.0001,0.0
independent_holdout,8662,0.0001,0.0
independent_holdout,8663,0.0001,0.0
independent_holdout,8664,0.0001,0.0
independent_holdout,8665,0.0001,0.0
independent_holdout,8666,0.0001,0.0
independent_holdout,8667,0.0001,0.0
independent_holdout,8668,0.0001,0.0
independent_holdout,8669,0.0001,0.0
independent_holdout,8670,0.0001,0.0
independent_holdout,8671,0.0001,0.0
independent_holdout,8672,0.0001,0.0
independent_holdout,8673,0.0001,0.0
independent_holdout,8674,0.0001,0.0
independent_holdout,8675,0.0001,0.0
independent_holdout,8676,0.0001,0.0
independent_holdout,8677,0.0001,0.0
independent_holdout,8678,0.0001,0.0
independent_holdout,8679,0.0001,0.0
independent_holdout,8680,0.0001,0.0
independent_holdout,8681,0.0001,0.0
independent_holdout,8682,0.0001,0.0
independent_holdout,8683,0.0001,0.0
independent_holdout,8684,0.0001,0.0
independent_holdout,8685,0.0001,0.0
independent_holdout,8686,0.0001,0.0
independent_holdout,8687,0.0001,0.0
independent_holdout,8688,0.0001,0.0
independent_holdout,8689,0.0001,0.0
independent_holdout,8690,0.0001,0.0
independent_holdout,8691,0.0001,0.0
independent_holdout,8692,0.0001,0.0
independent_holdout,8693,0.0001,0.0
independent_holdout,8694,0.0001,0.0
independent_holdout,8695,0.0001,0.0
independent_holdout,8696,0.0001,0.0
independent_holdout,8697,0.0001,0.0
independent_holdout,8698,0.0001,0.0
independent_holdout,8699,0.0001,0.0
independent_holdout,8700,0.0001,0.0
independent_holdout,8701,0.0001,0.0
independent_holdout,8702,0.0001,1105.40864
independent_holdout,8703,0.0001,0.0
independent_holdout,8704,0.0001,0.0
independent_holdout,8705,0.0001,0.0
independent_holdout,8706,0.0001,0.0
independent_holdout,8707,0.0001,0.0
independent_holdout,8708,0.0001,0.0
independent_holdout,8709,0.0001,0.0
independent_holdout,8710,0.0001,0.0
independent_holdout,8711,0.0001,0.0
independent_holdout,8712,0.0001,0.0
independent_holdout,8713,0.0001,0.0
independent_holdout,8714,0.0001,0.0
independent_holdout,8715,0.0001,0.0
independent_holdout,8716,0.0001,0.0
independent_holdout,8717,0.0001,0.0
independent_holdout,8718,0.0001,0.0
independent_holdout,8719,0.0001,0.0
independent_holdout,8720,0.0001,0.0
independent_holdout,8721,0.0001,0.0
independent_holdout,8722,0.0001,0.0
independent_holdout,8723,0.0001,0.0
independent_holdout,8724,0.0001,0.0
independent_holdout,8725,0.0001,0.0
independent_holdout,8726,0.0001,0.0
independent_holdout,8727,0.0001,0.0
independent_holdout,8728,0.0001,0.0
independent_holdout,8729,0.0001,0.0
independent_holdout,8730,0.0001,0.0
independent_holdout,8731,0.0001,0.0
independent_holdout,8732,0.0001,0.0
independent_holdout,8733,0.0001,0.0
independent_holdout,8734,0.0001,0.0
independent_holdout,8735,0.0001,0.0
independent_holdout,8736,0.0001,0.0
independent_holdout,8737,0.0001,0.0
independent_holdout,8738,0.0001,0.0
independent_holdout,8739,0.0001,0.0
independent_holdout,8740,0.0001,0.0
independent_holdout,8741,0.0001,0.0
independent_holdout,8742,0.0001,0.0
independent_holdout,8743,0.0001,0.0
independent_holdout,8744,0.0001,0.0
independent_holdout,8745,0.0001,0.0
independent_holdout,8746,0.0001,0.0
independent_holdout,8747,0.0001,0.0
independent_holdout,8748,0.0001,0.0
independent_holdout,8749,0.0001,0.0
independent_holdout,8750,0.0001,0.0
independent_holdout,8751,0.0001,0.0
independent_holdout,8752,0.0001,0.0
independent_holdout,8753,0.0001,0.0
independent_holdout,8754,0.0001,0.0
independent_holdout,8755,0.0001,0.0
independent_holdout,8756,0.0001,0.0
independent_holdout,8757,0.0001,0.0
independent_holdout,8758,0.0001,0.0
independent_holdout,8759,0.0001,0.0
independent_holdout,8760,0.0001,0.0
independent_holdout,8761,0.0001,0.0
independent_holdout,8762,0.0001,0.0
independent_holdout,8763,0.0001,0.0
independent_holdout,8764,0.0001,0.0
independent_holdout,8765,0.0001,0.0
independent_holdout,8766,0.0001,0.0
independent_holdout,8767,0.0001,0.0
independent_holdout,8768,0.0001,0.0
independent_holdout,8769,0.0001,0.0
independent_holdout,8770,0.0001,0.0
independent_holdout,8771,0.0001,0.0
independent_holdout,8772,0.0001,0.0
independent_holdout,8773,0.0001,0.0
independent_holdout,8774,0.0001,0.0
independent_holdout,8775,0.0001,0.0
independent_holdout,8776,0.0001,0.0
independent_holdout,8777,0.0001,0.0
independent_holdout,8778,0.0001,0.0
independent_holdout,8779,0.0001,0.0
independent_holdout,8780,0.0001,0.0
independent_holdout,8781,0.0001,0.0
independent_holdout,8782,0.0001,0.0
independent_holdout,8783,0.0001,0.0
independent_holdout,8784,0.0001,0.0
independent_holdout,8785,0.0001,0.0
independent_holdout,8786,0.0001,0.0
independent_holdout,8787,0.0001,0.0
independent_holdout,8788,0.0001,0.0
independent_holdout,8789,0.0001,0.0
independent_holdout,8790,0.0001,0.0
independent_holdout,8791,0.0001,0.0
independent_holdout,8792,0.0001,0.0
independent_holdout,8793,0.0001,0.0
independent_holdout,8794,0.0001,0.0
independent_holdout,8795,0.0001,0.0
independent_holdout,8796,0.0001,0.0
independent_holdout,8797,0.0001,0.0
independent_holdout,8798,0.0001,0.0
independent_holdout,8799,0.0001,0.0
independent_holdout,8800,0.0001,0.0
independent_holdout,8801,0.0001,0.0
independent_holdout,8802,0.0001,0.0
independent_holdout,8803,0.0001,0.0
independent_holdout,8804,0.0001,0.0
independent_holdout,8805,0.0001,0.0
independent_holdout,8806,0.0001,0.0
independent_holdout,8807,0.0001,0.0
independent_holdout,8808,0.0001,0.0
independent_holdout,8809,0.0001,0.0
independent_holdout,8810,0.0001,0.0
independent_holdout,8811,0.0001,0.0
independent_holdout,8812,0.0001,0.0
independent_holdout,8813,0.0001,0.0
independent_holdout,8814,0.0001,0.0
independent_holdout,8815,0.0001,0.0
independent_holdout,8816,0.0001,0.0
independent_holdout,8817,0.0001,0.0
independent_holdout,8818,0.0001,0.0
independent_holdout,8819,0.0001,0.0
independent_holdout,8820,0.0001,0.0
independent_holdout,8821,0.0001,0.0
independent_holdout,8822,0.0001,0.0
independent_holdout,8823,0.0001,0.0
independent_holdout,8824,0.0001,0.0
independent_holdout,8825,0.0001,0.0
independent_holdout,8826,0.0001,0.0
independent_holdout,8827,0.0001,0.0
independent_holdout,8828,0.0001,0.0
independent_holdout,8829,0.0001,0.0
independent_holdout,8830,0.0001,0.0
independent_holdout,8831,0.0001,0.0
independent_holdout,8832,0.0001,0.0
independent_holdout,8833,0.0001,0.0
independent_holdout,8834,0.0001,0.0
independent_holdout,8835,0.0001,0.0
independent_holdout,8836,0.0001,0.0
independent_holdout,8837,0.0001,0.0
independent_holdout,8838,0.0001,0.0
independent_holdout,8839,0.0001,0.0
independent_holdout,8840,0.0001,0.0
independent_holdout,8841,0.0001,0.0
independent_holdout,8842,0.0001,0.0
independent_holdout,8843,0.0001,0.0
independent_holdout,8844,0.0001,0.0
independent_holdout,8845,0.0001,0.0
independent_holdout,8846,0.0001,0.0
independent_holdout,8847,0.0001,0.0
independent_holdout,8848,0.0001,0.0
independent_holdout,8849,0.0001,0.0
independent_holdout,8850,0.0001,0.0
independent_holdout,8851,0.0001,0.0
independent_holdout,8852,0.0001,0.0
independent_holdout,8853,0.0001,0.0
independent_holdout,8854,0.0001,0.0
independent_holdout,8855,0.0001,0.0
independent_holdout,8856,0.0001,0.0
independent_holdout,8857,0.0001,0.0
independent_holdout,8858,0.0001,3441.420638944445
independent_holdout,8859,0.0001,0.0
independent_holdout,8860,0.0001,0.0
independent_holdout,8861,0.0001,0.0
independent_holdout,8862,0.0001,0.0
independent_holdout,8863,0.0001,0.0
independent_holdout,8864,0.0001,0.0
independent_holdout,8865,0.0001,0.0
independent_holdout,8866,0.0001,0.0
independent_holdout,8867,0.0001,0.0
independent_holdout,8868,0.0001,0.0
independent_holdout,8869,0.0001,0.0
independent_holdout,8870,0.0001,0.0
independent_holdout,8871,0.0001,0.0
independent_holdout,8872,0.0001,0.0
independent_holdout,8873,0.0001,0.0
independent_holdout,8874,0.0001,0.0
independent_holdout,8875,0.0001,0.0
independent_holdout,8876,0.0001,0.0
independent_holdout,8877,0.0001,0.0
independent_holdout,8878,0.0001,0.0
independent_holdout,8879,0.0001,0.0
independent_holdout,8880,0.0001,0.0
independent_holdout,8881,0.0001,0.0
independent_holdout,8882,0.0001,0.0
independent_holdout,8883,0.0001,0.0
independent_holdout,8884,0.0001,0.0
independent_holdout,8885,0.0001,0.0
independent_holdout,8886,0.0001,0.0
independent_holdout,8887,0.0001,0.0
independent_holdout,8888,0.0001,0.0
independent_holdout,8889,0.0001,0.0
independent_holdout,8890,0.0001,0.0
independent_holdout,8891,0.0001,0.0
independent_holdout,8892,0.0001,0.0
independent_holdout,8893,0.0001,0.0
independent_holdout,8894,0.0001,0.0
independent_holdout,8895,0.0001,0.0
independent_holdout,8896,0.0001,0.0
independent_holdout,8897,0.0001,0.0
independent_holdout,8898,0.0001,0.0
independent_holdout,8899,0.0001,0.0
independent_holdout,8900,0.0001,0.0
independent_holdout,8901,0.0001,0.0
independent_holdout,8902,0.0001,0.0
independent_holdout,8903,0.0001,0.0
independent_holdout,8904,0.0001,0.0
independent_holdout,8905,0.0001,0.0
independent_holdout,8906,0.0001,0.0
independent_holdout,8907,0.0001,0.0
independent_holdout,8908,0.0001,0.0
independent_holdout,8909,0.0001,0.0
independent_holdout,8910,0.0001,0.0
independent_holdout,8911,0.0001,0.0
independent_holdout,8912,0.0001,0.0
independent_holdout,8913,0.0001,0.0
independent_holdout,8914,0.0001,0.0
independent_holdout,8915,0.0001,0.0
independent_holdout,8916,0.0001,0.0
independent_holdout,8917,0.0001,0.0
independent_holdout,8918,0.0001,0.0
independent_holdout,8919,0.0001,0.0
independent_holdout,8920,0.0001,0.0
independent_holdout,8921,0.0001,0.0
independent_holdout,8922,0.0001,0.0
independent_holdout,8923,0.0001,0.0
independent_holdout,8924,0.0001,0.0
independent_holdout,8925,0.0001,0.0
independent_holdout,8926,0.0001,0.0
independent_holdout,8927,0.0001,0.0
independent_holdout,8928,0.0001,0.0
independent_holdout,8929,0.0001,0.0
independent_holdout,8930,0.0001,0.0
independent_holdout,8931,0.0001,0.0
independent_holdout,8932,0.0001,0.0
independent_holdout,8933,0.0001,0.0
independent_holdout,8934,0.0001,0.0
independent_holdout,8935,0.0001,0.0
independent_holdout,8936,0.0001,0.0
independent_holdout,8937,0.0001,0.0
independent_holdout,8938,0.0001,0.0
independent_holdout,8939,0.0001,0.0
independent_holdout,8940,0.0001,0.0
independent_holdout,8941,0.0001,0.0
independent_holdout,8942,0.0001,0.0
independent_holdout,8943,0.0001,0.0
independent_holdout,8944,0.0001,0.0
independent_holdout,8945,0.0001,0.0
independent_holdout,8946,0.0001,0.0
independent_holdout,8947,0.0001,5954.047320803929
independent_holdout,8948,0.0001,0.0
independent_holdout,8949,0.0001,0.0
independent_holdout,8950,0.0001,0.0
independent_holdout,8951,0.0001,0.0
independent_holdout,8952,0.0001,0.0
independent_holdout,8953,0.0001,0.0
independent_holdout,8954,0.0001,0.0
independent_holdout,8955,0.0001,0.0
independent_holdout,8956,0.0001,0.0
independent_holdout,8957,0.0001,0.0
independent_holdout,8958,0.0001,0.0
independent_holdout,8959,0.0001,0.0
independent_holdout,8960,0.0001,0.0
independent_holdout,8961,0.0001,0.0
independent_holdout,8962,0.0001,0.0
independent_holdout,8963,0.0001,0.0
independent_holdout,8964,0.0001,0.0
independent_holdout,8965,0.0001,0.0
independent_holdout,8966,0.0001,0.0
independent_holdout,8967,0.0001,0.0
independent_holdout,8968,0.0001,0.0
independent_holdout,8969,0.0001,0.0
independent_holdout,8970,0.0001,0.0
independent_holdout,8971,0.0001,0.0
independent_holdout,8972,0.0001,0.0
independent_holdout,8973,0.0001,0.0
independent_holdout,8974,0.0001,0.0
independent_holdout,8975,0.0001,0.0
independent_holdout,8976,0.0001,0.0
independent_holdout,8977,0.0001,0.0
independent_holdout,8978,0.0001,0.0
independent_holdout,8979,0.0001,0.0
independent_holdout,8980,0.0001,0.0
independent_holdout,8981,0.0001,0.0
independent_holdout,8982,0.0001,0.0
independent_holdout,8983,0.0001,0.0
independent_holdout,8984,0.0001,0.0
independent_holdout,8985,0.0001,0.0
independent_holdout,8986,0.0001,0.0
independent_holdout,8987,0.0001,0.0
independent_holdout,8988,0.0001,0.0
independent_holdout,8989,0.0001,0.0
independent_holdout,8990,0.0001,0.0
independent_holdout,8991,0.0001,0.0
independent_holdout,8992,0.0001,0.0
independent_holdout,8993,0.0001,0.0
independent_holdout,8994,0.0001,0.0
independent_holdout,8995,0.0001,0.0
independent_holdout,8996,0.0001,0.0
independent_holdout,8997,0.0001,0.0
independent_holdout,8998,0.0001,0.0
independent_holdout,8999,0.0001,0.0
independent_holdout,9000,0.0001,0.0
independent_holdout,9001,0.0001,0.0
independent_holdout,9002,0.0001,0.0
independent_holdout,9003,0.0001,0.0
independent_holdout,9004,0.0001,0.0
independent_holdout,9005,0.0001,0.0
independent_holdout,9006,0.0001,0.0
independent_holdout,9007,0.0001,0.0
independent_holdout,9008,0.0001,0.0
independent_holdout,9009,0.0001,0.0
independent_holdout,9010,0.0001,0.0
independent_holdout,9011,0.0001,0.0
independent_holdout,9012,0.0001,0.0
independent_holdout,9013,0.0001,0.0
independent_holdout,9014,0.0001,0.0
independent_holdout,9015,0.0001,0.0
independent_holdout,9016,0.0001,0.0
independent_holdout,9017,0.0001,0.0
independent_holdout,9018,0.0001,0.0
independent_holdout,9019,0.0001,0.0
independent_holdout,9020,0.0001,0.0
independent_holdout,9021,0.0001,0.0
independent_holdout,9022,0.0001,0.0
independent_holdout,9023,0.0001,0.0
independent_holdout,9024,0.0001,0.0
independent_holdout,9025,0.0001,0.0
independent_holdout,9026,0.0001,0.0
independent_holdout,9027,0.0001,0.0
independent_holdout,9028,0.0001,0.0
independent_holdout,9029,0.0001,0.0
independent_holdout,9030,0.0001,0.0
independent_holdout,9031,0.0001,0.0
independent_holdout,9032,0.0001,0.0
independent_holdout,9033,0.0001,0.0
independent_holdout,9034,0.0001,0.0
independent_holdout,9035,0.0001,0.0
independent_holdout,9036,0.0001,0.0
independent_holdout,9037,0.0001,0.0
independent_holdout,9038,0.0001,0.0
independent_holdout,9039,0.0001,0.0
independent_holdout,9040,0.0001,0.0
independent_holdout,9041,0.0001,0.0
independent_holdout,9042,0.0001,0.0
independent_holdout,9043,0.0001,0.0
independent_holdout,9044,0.0001,0.0
independent_holdout,9045,0.0001,0.0
independent_holdout,9046,0.0001,0.0
independent_holdout,9047,0.0001,0.0
independent_holdout,9048,0.0001,0.0
independent_holdout,9049,0.0001,0.0
independent_holdout,9050,0.0001,0.0
independent_holdout,9051,0.0001,0.0
independent_holdout,9052,0.0001,0.0
independent_holdout,9053,0.0001,0.0
independent_holdout,9054,0.0001,0.0
independent_holdout,9055,0.0001,0.0
independent_holdout,9056,0.0001,0.0
independent_holdout,9057,0.0001,0.0
independent_holdout,9058,0.0001,0.0
independent_holdout,9059,0.0001,0.0
independent_holdout,9060,0.0001,0.0
independent_holdout,9061,0.0001,0.0
independent_holdout,9062,0.0001,0.0
independent_holdout,9063,0.0001,0.0
independent_holdout,9064,0.0001,0.0
independent_holdout,9065,0.0001,0.0
independent_holdout,9066,0.0001,0.0
independent_holdout,9067,0.0001,0.0
independent_holdout,9068,0.0001,0.0
independent_holdout,9069,0.0001,0.0
independent_holdout,9070,0.0001,0.0
independent_holdout,9071,0.0001,0.0
independent_holdout,9072,0.0001,0.0
independent_holdout,9073,0.0001,0.0
independent_holdout,9074,0.0001,0.0
independent_holdout,9075,0.0001,0.0
independent_holdout,9076,0.0001,0.0
independent_holdout,9077,0.0001,0.0
independent_holdout,9078,0.0001,0.0
independent_holdout,9079,0.0001,0.0
independent_holdout,9080,0.0001,0.0
independent_holdout,9081,0.0001,0.0
independent_holdout,9082,0.0001,0.0
independent_holdout,9083,0.0001,0.0
independent_holdout,9084,0.0001,0.0
independent_holdout,9085,0.0001,0.0
independent_holdout,9086,0.0001,0.0
independent_holdout,9087,0.0001,0.0
independent_holdout,9088,0.0001,0.0
independent_holdout,9089,0.0001,0.0
independent_holdout,9090,0.0001,0.0
independent_holdout,9091,0.0001,0.0
independent_holdout,9092,0.0001,0.0
independent_holdout,9093,0.0001,0.0
independent_holdout,9094,0.0001,0.0
independent_holdout,9095,0.0001,0.0
independent_holdout,9096,0.0001,0.0
independent_holdout,9097,0.0001,0.0
independent_holdout,9098,0.0001,0.0
independent_holdout,9099,0.0001,0.0
independent_holdout,9100,0.0001,0.0
independent_holdout,9101,0.0001,0.0
independent_holdout,9102,0.0001,0.0
independent_holdout,9103,0.0001,0.0
independent_holdout,9104,0.0001,0.0
independent_holdout,9105,0.0001,0.0
independent_holdout,9106,0.0001,0.0
independent_holdout,9107,0.0001,0.0
independent_holdout,9108,0.0001,0.0
independent_holdout,9109,0.0001,0.0
independent_holdout,9110,0.0001,0.0
independent_holdout,9111,0.0001,0.0
independent_holdout,9112,0.0001,0.0
independent_holdout,9113,0.0001,0.0
independent_holdout,9114,0.0001,0.0
independent_holdout,9115,0.0001,0.0
independent_holdout,9116,0.0001,0.0
independent_holdout,9117,0.0001,0.0
independent_holdout,9118,0.0001,0.0
independent_holdout,9119,0.0001,0.0
independent_holdout,9120,0.0001,3443.2283331333338
independent_holdout,9121,0.0001,0.0
independent_holdout,9122,0.0001,0.0
independent_holdout,9123,0.0001,0.0
independent_holdout,9124,0.0001,0.0
independent_holdout,9125,0.0001,0.0
independent_holdout,9126,0.0001,0.0
independent_holdout,9127,0.0001,0.0
independent_holdout,9128,0.0001,0.0
independent_holdout,9129,0.0001,0.0
independent_holdout,9130,0.0001,0.0
independent_holdout,9131,0.0001,0.0
independent_holdout,9132,0.0001,0.0
independent_holdout,9133,0.0001,0.0
independent_holdout,9134,0.0001,0.0
independent_holdout,9135,0.0001,0.0
independent_holdout,9136,0.0001,0.0
independent_holdout,9137,0.0001,0.0
independent_holdout,9138,0.0001,0.0
independent_holdout,9139,0.0001,0.0
independent_holdout,9140,0.0001,0.0
independent_holdout,9141,0.0001,0.0
independent_holdout,9142,0.0001,0.0
independent_holdout,9143,0.0001,0.0
independent_holdout,9144,0.0001,0.0
independent_holdout,9145,0.0001,0.0
independent_holdout,9146,0.0001,0.0
independent_holdout,9147,0.0001,0.0
independent_holdout,9148,0.0001,0.0
independent_holdout,9149,0.0001,0.0
independent_holdout,9150,0.0001,0.0
independent_holdout,9151,0.0001,0.0
independent_holdout,9152,0.0001,0.0
independent_holdout,9153,0.0001,0.0
independent_holdout,9154,0.0001,0.0
independent_holdout,9155,0.0001,0.0
independent_holdout,9156,0.0001,0.0
independent_holdout,9157,0.0001,0.0
independent_holdout,9158,0.0001,0.0
independent_holdout,9159,0.0001,0.0
independent_holdout,9160,0.0001,0.0
independent_holdout,9161,0.0001,0.0
independent_holdout,9162,0.0001,0.0
independent_holdout,9163,0.0001,0.0
independent_holdout,9164,0.0001,0.0
independent_holdout,9165,0.0001,0.0
independent_holdout,9166,0.0001,0.0
independent_holdout,9167,0.0001,0.0
independent_holdout,9168,0.0001,0.0
independent_holdout,9169,0.0001,0.0
independent_holdout,9170,0.0001,0.0
independent_holdout,9171,0.0001,0.0
independent_holdout,9172,0.0001,0.0
independent_holdout,9173,0.0001,0.0
independent_holdout,9174,0.0001,0.0
independent_holdout,9175,0.0001,0.0
independent_holdout,9176,0.0001,0.0
independent_holdout,9177,0.0001,0.0
independent_holdout,9178,0.0001,0.0
independent_holdout,9179,0.0001,0.0
independent_holdout,9180,0.0001,0.0
independent_holdout,9181,0.0001,0.0
independent_holdout,9182,0.0001,0.0
independent_holdout,9183,0.0001,0.0
independent_holdout,9184,0.0001,0.0
independent_holdout,9185,0.0001,0.0
independent_holdout,9186,0.0001,0.0
independent_holdout,9187,0.0001,0.0
independent_holdout,9188,0.0001,0.0
independent_holdout,9189,0.0001,0.0
independent_holdout,9190,0.0001,0.0
independent_holdout,9191,0.0001,0.0
independent_holdout,9192,0.0001,0.0
independent_holdout,9193,0.0001,0.0
independent_holdout,9194,0.0001,0.0
independent_holdout,9195,0.0001,0.0
independent_holdout,9196,0.0001,0.0
independent_holdout,9197,0.0001,0.0
independent_holdout,9198,0.0001,0.0
independent_holdout,9199,0.0001,0.0
independent_holdout,9200,0.0001,0.0
independent_holdout,9201,0.0001,0.0
independent_holdout,9202,0.0001,0.0
independent_holdout,9203,0.0001,0.0
independent_holdout,9204,0.0001,0.0
independent_holdout,9205,0.0001,0.0
independent_holdout,9206,0.0001,0.0
independent_holdout,9207,0.0001,0.0
independent_holdout,9208,0.0001,0.0
independent_holdout,9209,0.0001,0.0
independent_holdout,9210,0.0001,0.0
independent_holdout,9211,0.0001,0.0
independent_holdout,9212,0.0001,0.0
independent_holdout,9213,0.0001,0.0
independent_holdout,9214,0.0001,0.0
independent_holdout,9215,0.0001,0.0
independent_holdout,9216,0.0001,0.0
independent_holdout,9217,0.0001,0.0
independent_holdout,9218,0.0001,0.0
independent_holdout,9219,0.0001,0.0
independent_holdout,9220,0.0001,0.0
independent_holdout,9221,0.0001,0.0
independent_holdout,9222,0.0001,0.0
independent_holdout,9223,0.0001,0.0
independent_holdout,9224,0.0001,10891.303597333334
independent_holdout,9225,0.0001,0.0
independent_holdout,9226,0.0001,0.0
independent_holdout,9227,0.0001,0.0
independent_holdout,9228,0.0001,0.0
independent_holdout,9229,0.0001,0.0
independent_holdout,9230,0.0001,0.0
independent_holdout,9231,0.0001,0.0
independent_holdout,9232,0.0001,0.0
independent_holdout,9233,0.0001,0.0
independent_holdout,9234,0.0001,0.0
independent_holdout,9235,0.0001,0.0
independent_holdout,9236,0.0001,0.0
independent_holdout,9237,0.0001,0.0
independent_holdout,9238,0.0001,0.0
independent_holdout,9239,0.0001,0.0
independent_holdout,9240,0.0001,0.0
independent_holdout,9241,0.0001,0.0
independent_holdout,9242,0.0001,0.0
independent_holdout,9243,0.0001,0.0
independent_holdout,9244,0.0001,0.0
independent_holdout,9245,0.0001,0.0
independent_holdout,9246,0.0001,0.0
independent_holdout,9247,0.0001,0.0
independent_holdout,9248,0.0001,0.0
independent_holdout,9249,0.0001,0.0
independent_holdout,9250,0.0001,0.0
independent_holdout,9251,0.0001,0.0
independent_holdout,9252,0.0001,0.0
independent_holdout,9253,0.0001,0.0
independent_holdout,9254,0.0001,0.0
independent_holdout,9255,0.0001,0.0
independent_holdout,9256,0.0001,0.0
independent_holdout,9257,0.0001,0.0
independent_holdout,9258,0.0001,0.0
independent_holdout,9259,0.0001,0.0
independent_holdout,9260,0.0001,0.0
independent_holdout,9261,0.0001,0.0
independent_holdout,9262,0.0001,0.0
independent_holdout,9263,0.0001,0.0
independent_holdout,9264,0.0001,0.0
independent_holdout,9265,0.0001,0.0
independent_holdout,9266,0.0001,0.0
independent_holdout,9267,0.0001,0.0
independent_holdout,9268,0.0001,0.0
independent_holdout,9269,0.0001,0.0
independent_holdout,9270,0.0001,0.0
independent_holdout,9271,0.0001,0.0
independent_holdout,9272,0.0001,0.0
independent_holdout,9273,0.0001,0.0
independent_holdout,9274,0.0001,0.0
independent_holdout,9275,0.0001,0.0
independent_holdout,9276,0.0001,0.0
independent_holdout,9277,0.0001,0.0
independent_holdout,9278,0.0001,0.0
independent_holdout,9279,0.0001,0.0
independent_holdout,9280,0.0001,0.0
independent_holdout,9281,0.0001,0.0
independent_holdout,9282,0.0001,0.0
independent_holdout,9283,0.0001,0.0
independent_holdout,9284,0.0001,0.0
independent_holdout,9285,0.0001,0.0
independent_holdout,9286,0.0001,0.0
independent_holdout,9287,0.0001,0.0
independent_holdout,9288,0.0001,0.0
independent_holdout,9289,0.0001,0.0
independent_holdout,9290,0.0001,1349.3927777777776
independent_holdout,9291,0.0001,0.0
independent_holdout,9292,0.0001,0.0
independent_holdout,9293,0.0001,0.0
independent_holdout,9294,0.0001,0.0
independent_holdout,9295,0.0001,0.0
independent_holdout,9296,0.0001,0.0
independent_holdout,9297,0.0001,0.0
independent_holdout,9298,0.0001,0.0
independent_holdout,9299,0.0001,0.0
independent_holdout,9300,0.0001,0.0
independent_holdout,9301,0.0001,0.0
independent_holdout,9302,0.0001,0.0
independent_holdout,9303,0.0001,0.0
independent_holdout,9304,0.0001,0.0
independent_holdout,9305,0.0001,0.0
independent_holdout,9306,0.0001,0.0
independent_holdout,9307,0.0001,0.0
independent_holdout,9308,0.0001,0.0
independent_holdout,9309,0.0001,0.0
independent_holdout,9310,0.0001,0.0
independent_holdout,9311,0.0001,0.0
independent_holdout,9312,0.0001,0.0
independent_holdout,9313,0.0001,0.0
independent_holdout,9314,0.0001,0.0
independent_holdout,9315,0.0001,0.0
independent_holdout,9316,0.0001,0.0
independent_holdout,9317,0.0001,0.0
independent_holdout,9318,0.0001,0.0
independent_holdout,9319,0.0001,0.0
independent_holdout,9320,0.0001,0.0
independent_holdout,9321,0.0001,0.0
independent_holdout,9322,0.0001,0.0
independent_holdout,9323,0.0001,0.0
independent_holdout,9324,0.0001,0.0
independent_holdout,9325,0.0001,0.0
independent_holdout,9326,0.0001,0.0
independent_holdout,9327,0.0001,0.0
independent_holdout,9328,0.0001,0.0
independent_holdout,9329,0.0001,0.0
independent_holdout,9330,0.0001,0.0
independent_holdout,9331,0.0001,0.0
independent_holdout,9332,0.0001,0.0
independent_holdout,9333,0.0001,0.0
independent_holdout,9334,0.0001,0.0
independent_holdout,9335,0.0001,0.0
independent_holdout,9336,0.0001,0.0
independent_holdout,9337,0.0001,0.0
independent_holdout,9338,0.0001,0.0
independent_holdout,9339,0.0001,0.0
independent_holdout,9340,0.0001,0.0
independent_holdout,9341,0.0001,0.0
independent_holdout,9342,0.0001,0.0
independent_holdout,9343,0.0001,0.0
independent_holdout,9344,0.0001,0.0
independent_holdout,9345,0.0001,0.0
independent_holdout,9346,0.0001,0.0
independent_holdout,9347,0.0001,0.0
independent_holdout,9348,0.0001,0.0
independent_holdout,9349,0.0001,0.0
independent_holdout,9350,0.0001,0.0
independent_holdout,9351,0.0001,0.0
independent_holdout,9352,0.0001,0.0
independent_holdout,9353,0.0001,0.0
independent_holdout,9354,0.0001,0.0
independent_holdout,9355,0.0001,0.0
independent_holdout,9356,0.0001,0.0
independent_holdout,9357,0.0001,0.0
independent_holdout,9358,0.0001,0.0
independent_holdout,9359,0.0001,0.0
independent_holdout,9360,0.0001,0.0
independent_holdout,9361,0.0001,0.0
independent_holdout,9362,0.0001,0.0
independent_holdout,9363,0.0001,0.0
independent_holdout,9364,0.0001,0.0
independent_holdout,9365,0.0001,0.0
independent_holdout,9366,0.0001,0.0
independent_holdout,9367,0.0001,0.0
independent_holdout,9368,0.0001,0.0
independent_holdout,9369,0.0001,0.0
independent_holdout,9370,0.0001,0.0
independent_holdout,9371,0.0001,0.0
independent_holdout,9372,0.0001,0.0
independent_holdout,9373,0.0001,0.0
independent_holdout,9374,0.0001,0.0
independent_holdout,9375,0.0001,0.0
independent_holdout,9376,0.0001,0.0
independent_holdout,9377,0.0001,0.0
independent_holdout,9378,0.0001,0.0
independent_holdout,9379,0.0001,0.0
independent_holdout,9380,0.0001,0.0
independent_holdout,9381,0.0001,0.0
independent_holdout,9382,0.0001,0.0
independent_holdout,9383,0.0001,0.0
independent_holdout,9384,0.0001,0.0
independent_holdout,9385,0.0001,0.0
independent_holdout,9386,0.0001,0.0
independent_holdout,9387,0.0001,0.0
independent_holdout,9388,0.0001,0.0
independent_holdout,9389,0.0001,0.0
independent_holdout,9390,0.0001,0.0
independent_holdout,9391,0.0001,0.0
independent_holdout,9392,0.0001,0.0
independent_holdout,9393,0.0001,0.0
independent_holdout,9394,0.0001,0.0
independent_holdout,9395,0.0001,0.0
independent_holdout,9396,0.0001,0.0
independent_holdout,9397,0.0001,0.0
independent_holdout,9398,0.0001,0.0
independent_holdout,9399,0.0001,0.0
independent_holdout,9400,0.0001,0.0
independent_holdout,9401,0.0001,0.0
independent_holdout,9402,0.0001,0.0
independent_holdout,9403,0.0001,0.0
independent_holdout,9404,0.0001,0.0
independent_holdout,9405,0.0001,0.0
independent_holdout,9406,0.0001,0.0
independent_holdout,9407,0.0001,0.0
independent_holdout,9408,0.0001,0.0
independent_holdout,9409,0.0001,0.0
independent_holdout,9410,0.0001,0.0
independent_holdout,9411,0.0001,0.0
independent_holdout,9412,0.0001,0.0
independent_holdout,9413,0.0001,0.0
independent_holdout,9414,0.0001,0.0
independent_holdout,9415,0.0001,0.0
independent_holdout,9416,0.0001,0.0
independent_holdout,9417,0.0001,0.0
independent_holdout,9418,0.0001,0.0
independent_holdout,9419,0.0001,0.0
independent_holdout,9420,0.0001,0.0
independent_holdout,9421,0.0001,0.0
independent_holdout,9422,0.0001,0.0
independent_holdout,9423,0.0001,0.0
independent_holdout,9424,0.0001,0.0
independent_holdout,9425,0.0001,0.0
independent_holdout,9426,0.0001,0.0
independent_holdout,9427,0.0001,0.0
independent_holdout,9428,0.0001,0.0
independent_holdout,9429,0.0001,0.0
independent_holdout,9430,0.0001,0.0
independent_holdout,9431,0.0001,0.0
independent_holdout,9432,0.0001,0.0
independent_holdout,9433,0.0001,0.0
independent_holdout,9434,0.0001,0.0
independent_holdout,9435,0.0001,0.0
independent_holdout,9436,0.0001,0.0
independent_holdout,9437,0.0001,0.0
independent_holdout,9438,0.0001,0.0
independent_holdout,9439,0.0001,0.0
independent_holdout,9440,0.0001,0.0
independent_holdout,9441,0.0001,0.0
independent_holdout,9442,0.0001,0.0
independent_holdout,9443,0.0001,0.0
independent_holdout,9444,0.0001,0.0
independent_holdout,9445,0.0001,0.0
independent_holdout,9446,0.0001,0.0
independent_holdout,9447,0.0001,0.0
independent_holdout,9448,0.0001,0.0
independent_holdout,9449,0.0001,0.0
independent_holdout,9450,0.0001,0.0
independent_holdout,9451,0.0001,0.0
independent_holdout,9452,0.0001,0.0
independent_holdout,9453,0.0001,0.0
independent_holdout,9454,0.0001,0.0
independent_holdout,9455,0.0001,0.0
independent_holdout,9456,0.0001,0.0
independent_holdout,9457,0.0001,0.0
independent_holdout,9458,0.0001,0.0
independent_holdout,9459,0.0001,0.0
independent_holdout,9460,0.0001,0.0
independent_holdout,9461,0.0001,0.0
independent_holdout,9462,0.0001,0.0
independent_holdout,9463,0.0001,0.0
independent_holdout,9464,0.0001,0.0
independent_holdout,9465,0.0001,0.0
independent_holdout,9466,0.0001,0.0
independent_holdout,9467,0.0001,0.0
independent_holdout,9468,0.0001,0.0
independent_holdout,9469,0.0001,0.0
independent_holdout,9470,0.0001,0.0
independent_holdout,9471,0.0001,0.0
independent_holdout,9472,0.0001,0.0
independent_holdout,9473,0.0001,0.0
independent_holdout,9474,0.0001,0.0
independent_holdout,9475,0.0001,0.0
independent_holdout,9476,0.0001,0.0
independent_holdout,9477,0.0001,0.0
independent_holdout,9478,0.0001,0.0
independent_holdout,9479,0.0001,0.0
independent_holdout,9480,0.0001,0.0
independent_holdout,9481,0.0001,0.0
independent_holdout,9482,0.0001,0.0
independent_holdout,9483,0.0001,0.0
independent_holdout,9484,0.0001,0.0
independent_holdout,9485,0.0001,0.0
independent_holdout,9486,0.0001,0.0
independent_holdout,9487,0.0001,0.0
independent_holdout,9488,0.0001,0.0
independent_holdout,9489,0.0001,0.0
independent_holdout,9490,0.0001,0.0
independent_holdout,9491,0.0001,0.0
independent_holdout,9492,0.0001,0.0
independent_holdout,9493,0.0001,0.0
independent_holdout,9494,0.0001,0.0
independent_holdout,9495,0.0001,0.0
independent_holdout,9496,0.0001,0.0
independent_holdout,9497,0.0001,0.0
independent_holdout,9498,0.0001,0.0
independent_holdout,9499,0.0001,0.0
independent_holdout,9500,0.0001,0.0
independent_holdout,9501,0.0001,0.0
independent_holdout,9502,0.0001,0.0
independent_holdout,9503,0.0001,0.0
independent_holdout,9504,0.0001,0.0
independent_holdout,9505,0.0001,0.0
independent_holdout,9506,0.0001,0.0
independent_holdout,9507,0.0001,0.0
independent_holdout,9508,0.0001,0.0
independent_holdout,9509,0.0001,0.0
independent_holdout,9510,0.0001,0.0
independent_holdout,9511,0.0001,0.0
independent_holdout,9512,0.0001,0.0
independent_holdout,9513,0.0001,0.0
independent_holdout,9514,0.0001,0.0
independent_holdout,9515,0.0001,0.0
independent_holdout,9516,0.0001,0.0
independent_holdout,9517,0.0001,0.0
independent_holdout,9518,0.0001,0.0
independent_holdout,9519,0.0001,0.0
independent_holdout,9520,0.0001,0.0
independent_holdout,9521,0.0001,0.0
independent_holdout,9522,0.0001,0.0
independent_holdout,9523,0.0001,0.0
independent_holdout,9524,0.0001,0.0
independent_holdout,9525,0.0001,0.0
independent_holdout,9526,0.0001,0.0
independent_holdout,9527,0.0001,0.0
independent_holdout,9528,0.0001,0.0
independent_holdout,9529,0.0001,0.0
independent_holdout,9530,0.0001,0.0
independent_holdout,9531,0.0001,0.0
independent_holdout,9532,0.0001,0.0
independent_holdout,9533,0.0001,0.0
independent_holdout,9534,0.0001,0.0
independent_holdout,9535,0.0001,0.0
independent_holdout,9536,0.0001,0.0
independent_holdout,9537,0.0001,0.0
independent_holdout,9538,0.0001,0.0
independent_holdout,9539,0.0001,0.0
independent_holdout,9540,0.0001,0.0
independent_holdout,9541,0.0001,0.0
independent_holdout,9542,0.0001,0.0
independent_holdout,9543,0.0001,0.0
independent_holdout,9544,0.0001,0.0
independent_holdout,9545,0.0001,0.0
independent_holdout,9546,0.0001,0.0
independent_holdout,9547,0.0001,0.0
independent_holdout,9548,0.0001,0.0
independent_holdout,9549,0.0001,0.0
independent_holdout,9550,0.0001,0.0
independent_holdout,9551,0.0001,0.0
independent_holdout,9552,0.0001,0.0
independent_holdout,9553,0.0001,0.0
independent_holdout,9554,0.0001,0.0
independent_holdout,9555,0.0001,0.0
independent_holdout,9556,0.0001,0.0
independent_holdout,9557,0.0001,0.0
independent_holdout,9558,0.0001,0.0
independent_holdout,9559,0.0001,0.0
independent_holdout,9560,0.0001,0.0
independent_holdout,9561,0.0001,0.0
independent_holdout,9562,0.0001,0.0
independent_holdout,9563,0.0001,0.0
independent_holdout,9564,0.0001,0.0
independent_holdout,9565,0.0001,0.0
independent_holdout,9566,0.0001,0.0
independent_holdout,9567,0.0001,0.0
independent_holdout,9568,0.0001,0.0
independent_holdout,9569,0.0001,0.0
independent_holdout,9570,0.0001,0.0
independent_holdout,9571,0.0001,0.0
independent_holdout,9572,0.0001,0.0
independent_holdout,9573,0.0001,0.0
independent_holdout,9574,0.0001,0.0
independent_holdout,9575,0.0001,0.0
independent_holdout,9576,0.0001,0.0
independent_holdout,9577,0.0001,0.0
independent_holdout,9578,0.0001,0.0
independent_holdout,9579,0.0001,0.0
independent_holdout,9580,0.0001,0.0
independent_holdout,9581,0.0001,0.0
independent_holdout,9582,0.0001,0.0
independent_holdout,9583,0.0001,0.0
independent_holdout,9584,0.0001,0.0
independent_holdout,9585,0.0001,0.0
independent_holdout,9586,0.0001,0.0
independent_holdout,9587,0.0001,0.0
independent_holdout,9588,0.0001,0.0
independent_holdout,9589,0.0001,0.0
independent_holdout,9590,0.0001,0.0
independent_holdout,9591,0.0001,0.0
independent_holdout,9592,0.0001,0.0
independent_holdout,9593,0.0001,0.0
independent_holdout,9594,0.0001,0.0
independent_holdout,9595,0.0001,0.0
independent_holdout,9596,0.0001,0.0
independent_holdout,9597,0.0001,0.0
independent_holdout,9598,0.0001,0.0
independent_holdout,9599,0.0001,0.0
independent_holdout,9600,0.0001,0.0
independent_holdout,9601,0.0001,0.0
independent_holdout,9602,0.0001,0.0
independent_holdout,9603,0.0001,0.0
independent_holdout,9604,0.0001,0.0
independent_holdout,9605,0.0001,0.0
independent_holdout,9606,0.0001,0.0
independent_holdout,9607,0.0001,0.0
independent_holdout,9608,0.0001,0.0
independent_holdout,9609,0.0001,0.0
independent_holdout,9610,0.0001,0.0
independent_holdout,9611,0.0001,0.0
independent_holdout,9612,0.0001,0.0
independent_holdout,9613,0.0001,0.0
independent_holdout,9614,0.0001,0.0
independent_holdout,9615,0.0001,0.0
independent_holdout,9616,0.0001,0.0
independent_holdout,9617,0.0001,0.0
independent_holdout,9618,0.0001,0.0
independent_holdout,9619,0.0001,0.0
independent_holdout,9620,0.0001,0.0
independent_holdout,9621,0.0001,0.0
independent_holdout,9622,0.0001,0.0
independent_holdout,9623,0.0001,0.0
independent_holdout,9624,0.0001,0.0
independent_holdout,9625,0.0001,0.0
independent_holdout,9626,0.0001,0.0
independent_holdout,9627,0.0001,0.0
independent_holdout,9628,0.0001,0.0
independent_holdout,9629,0.0001,0.0
independent_holdout,9630,0.0001,0.0
independent_holdout,9631,0.0001,0.0
independent_holdout,9632,0.0001,0.0
independent_holdout,9633,0.0001,0.0
independent_holdout,9634,0.0001,0.0
independent_holdout,9635,0.0001,0.0
independent_holdout,9636,0.0001,0.0
independent_holdout,9637,0.0001,0.0
independent_holdout,9638,0.0001,0.0
independent_holdout,9639,0.0001,0.0
independent_holdout,9640,0.0001,0.0
independent_holdout,9641,0.0001,0.0
independent_holdout,9642,0.0001,0.0
independent_holdout,9643,0.0001,0.0
independent_holdout,9644,0.0001,0.0
independent_holdout,9645,0.0001,0.0
independent_holdout,9646,0.0001,1572.5407635888887
independent_holdout,9647,0.0001,0.0
independent_holdout,9648,0.0001,0.0
independent_holdout,9649,0.0001,0.0
independent_holdout,9650,0.0001,0.0
independent_holdout,9651,0.0001,0.0
independent_holdout,9652,0.0001,0.0
independent_holdout,9653,0.0001,0.0
independent_holdout,9654,0.0001,0.0
independent_holdout,9655,0.0001,0.0
independent_holdout,9656,0.0001,0.0
independent_holdout,9657,0.0001,0.0
independent_holdout,9658,0.0001,0.0
independent_holdout,9659,0.0001,0.0
independent_holdout,9660,0.0001,0.0
independent_holdout,9661,0.0001,0.0
independent_holdout,9662,0.0001,0.0
independent_holdout,9663,0.0001,0.0
independent_holdout,9664,0.0001,0.0
independent_holdout,9665,0.0001,0.0
independent_holdout,9666,0.0001,0.0
independent_holdout,9667,0.0001,0.0
independent_holdout,9668,0.0001,0.0
independent_holdout,9669,0.0001,0.0
independent_holdout,9670,0.0001,0.0
independent_holdout,9671,0.0001,0.0
independent_holdout,9672,0.0001,0.0
independent_holdout,9673,0.0001,0.0
independent_holdout,9674,0.0001,0.0
independent_holdout,9675,0.0001,0.0
independent_holdout,9676,0.0001,0.0
independent_holdout,9677,0.0001,0.0
independent_holdout,9678,0.0001,0.0
independent_holdout,9679,0.0001,0.0
independent_holdout,9680,0.0001,0.0
independent_holdout,9681,0.0001,0.0
independent_holdout,9682,0.0001,0.0
independent_holdout,9683,0.0001,0.0
independent_holdout,9684,0.0001,0.0
independent_holdout,9685,0.0001,0.0
independent_holdout,9686,0.0001,0.0
independent_holdout,9687,0.0001,0.0
independent_holdout,9688,0.0001,0.0
independent_holdout,9689,0.0001,0.0
independent_holdout,9690,0.0001,0.0
independent_holdout,9691,0.0001,0.0
independent_holdout,9692,0.0001,0.0
independent_holdout,9693,0.0001,0.0
independent_holdout,9694,0.0001,0.0
independent_holdout,9695,0.0001,0.0
independent_holdout,9696,0.0001,0.0
independent_holdout,9697,0.0001,0.0
independent_holdout,9698,0.0001,0.0
independent_holdout,9699,0.0001,0.0
independent_holdout,9700,0.0001,0.0
independent_holdout,9701,0.0001,0.0
independent_holdout,9702,0.0001,0.0
independent_holdout,9703,0.0001,0.0
independent_holdout,9704,0.0001,0.0
independent_holdout,9705,0.0001,0.0
independent_holdout,9706,0.0001,0.0
independent_holdout,9707,0.0001,0.0
independent_holdout,9708,0.0001,0.0
independent_holdout,9709,0.0001,0.0
independent_holdout,9710,0.0001,0.0
independent_holdout,9711,0.0001,0.0
independent_holdout,9712,0.0001,0.0
independent_holdout,9713,0.0001,0.0
independent_holdout,9714,0.0001,1726.3701328888892
independent_holdout,9715,0.0001,0.0
independent_holdout,9716,0.0001,0.0
independent_holdout,9717,0.0001,0.0
independent_holdout,9718,0.0001,0.0
independent_holdout,9719,0.0001,0.0
independent_holdout,9720,0.0001,0.0
independent_holdout,9721,0.0001,0.0
independent_holdout,9722,0.0001,0.0
independent_holdout,9723,0.0001,0.0
independent_holdout,9724,0.0001,0.0
independent_holdout,9725,0.0001,0.0
independent_holdout,9726,0.0001,0.0
independent_holdout,9727,0.0001,0.0
independent_holdout,9728,0.0001,0.0
independent_holdout,9729,0.0001,0.0
independent_holdout,9730,0.0001,0.0
independent_holdout,9731,0.0001,0.0
independent_holdout,9732,0.0001,0.0
independent_holdout,9733,0.0001,0.0
independent_holdout,9734,0.0001,0.0
independent_holdout,9735,0.0001,0.0
independent_holdout,9736,0.0001,0.0
independent_holdout,9737,0.0001,0.0
independent_holdout,9738,0.0001,0.0
independent_holdout,9739,0.0001,0.0
independent_holdout,9740,0.0001,0.0
independent_holdout,9741,0.0001,0.0
independent_holdout,9742,0.0001,0.0
independent_holdout,9743,0.0001,0.0
independent_holdout,9744,0.0001,0.0
independent_holdout,9745,0.0001,0.0
independent_holdout,9746,0.0001,0.0
independent_holdout,9747,0.0001,0.0
independent_holdout,9748,0.0001,0.0
independent_holdout,9749,0.0001,0.0
independent_holdout,9750,0.0001,0.0
independent_holdout,9751,0.0001,0.0
independent_holdout,9752,0.0001,0.0
independent_holdout,9753,0.0001,0.0
independent_holdout,9754,0.0001,0.0
independent_holdout,9755,0.0001,0.0
independent_holdout,9756,0.0001,0.0
independent_holdout,9757,0.0001,0.0
independent_holdout,9758,0.0001,0.0
independent_holdout,9759,0.0001,0.0
independent_holdout,9760,0.0001,0.0
independent_holdout,9761,0.0001,0.0
independent_holdout,9762,0.0001,0.0
independent_holdout,9763,0.0001,0.0
independent_holdout,9764,0.0001,0.0
independent_holdout,9765,0.0001,0.0
independent_holdout,9766,0.0001,0.0
independent_holdout,9767,0.0001,0.0
independent_holdout,9768,0.0001,0.0
independent_holdout,9769,0.0001,0.0
independent_holdout,9770,0.0001,0.0
independent_holdout,9771,0.0001,0.0
independent_holdout,9772,0.0001,0.0
independent_holdout,9773,0.0001,0.0
independent_holdout,9774,0.0001,0.0
independent_holdout,9775,0.0001,0.0
independent_holdout,9776,0.0001,0.0
independent_holdout,9777,0.0001,0.0
independent_holdout,9778,0.0001,0.0
independent_holdout,9779,0.0001,0.0
independent_holdout,9780,0.0001,0.0
independent_holdout,9781,0.0001,0.0
independent_holdout,9782,0.0001,0.0
independent_holdout,9783,0.0001,0.0
independent_holdout,9784,0.0001,0.0
independent_holdout,9785,0.0001,0.0
independent_holdout,9786,0.0001,0.0
independent_holdout,9787,0.0001,0.0
independent_holdout,9788,0.0001,0.0
independent_holdout,9789,0.0001,0.0
independent_holdout,9790,0.0001,0.0
independent_holdout,9791,0.0001,0.0
independent_holdout,9792,0.0001,0.0
independent_holdout,9793,0.0001,0.0
independent_holdout,9794,0.0001,0.0
independent_holdout,9795,0.0001,0.0
independent_holdout,9796,0.0001,0.0
independent_holdout,9797,0.0001,0.0
independent_holdout,9798,0.0001,0.0
independent_holdout,9799,0.0001,0.0
independent_holdout,9800,0.0001,0.0
independent_holdout,9801,0.0001,0.0
independent_holdout,9802,0.0001,0.0
independent_holdout,9803,0.0001,0.0
independent_holdout,9804,0.0001,0.0
independent_holdout,9805,0.0001,0.0
independent_holdout,9806,0.0001,0.0
independent_holdout,9807,0.0001,0.0
independent_holdout,9808,0.0001,0.0
independent_holdout,9809,0.0001,0.0
independent_holdout,9810,0.0001,0.0
independent_holdout,9811,0.0001,0.0
independent_holdout,9812,0.0001,0.0
independent_holdout,9813,0.0001,0.0
independent_holdout,9814,0.0001,0.0
independent_holdout,9815,0.0001,0.0
independent_holdout,9816,0.0001,0.0
independent_holdout,9817,0.0001,0.0
independent_holdout,9818,0.0001,0.0
independent_holdout,9819,0.0001,0.0
independent_holdout,9820,0.0001,9413.77924521504
independent_holdout,9821,0.0001,0.0
independent_holdout,9822,0.0001,0.0
independent_holdout,9823,0.0001,0.0
independent_holdout,9824,0.0001,0.0
independent_holdout,9825,0.0001,0.0
independent_holdout,9826,0.0001,0.0
independent_holdout,9827,0.0001,0.0
independent_holdout,9828,0.0001,0.0
independent_holdout,9829,0.0001,0.0
independent_holdout,9830,0.0001,0.0
independent_holdout,9831,0.0001,0.0
independent_holdout,9832,0.0001,0.0
independent_holdout,9833,0.0001,0.0
independent_holdout,9834,0.0001,0.0
independent_holdout,9835,0.0001,0.0
independent_holdout,9836,0.0001,0.0
independent_holdout,9837,0.0001,0.0
independent_holdout,9838,0.0001,0.0
independent_holdout,9839,0.0001,0.0
independent_holdout,9840,0.0001,0.0
independent_holdout,9841,0.0001,0.0
independent_holdout,9842,0.0001,0.0
independent_holdout,9843,0.0001,0.0
independent_holdout,9844,0.0001,0.0
independent_holdout,9845,0.0001,0.0
independent_holdout,9846,0.0001,0.0
independent_holdout,9847,0.0001,0.0
independent_holdout,9848,0.0001,0.0
independent_holdout,9849,0.0001,0.0
independent_holdout,9850,0.0001,0.0
independent_holdout,9851,0.0001,0.0
independent_holdout,9852,0.0001,0.0
independent_holdout,9853,0.0001,0.0
independent_holdout,9854,0.0001,0.0
independent_holdout,9855,0.0001,0.0
independent_holdout,9856,0.0001,0.0
independent_holdout,9857,0.0001,0.0
independent_holdout,9858,0.0001,0.0
independent_holdout,9859,0.0001,0.0
independent_holdout,9860,0.0001,0.0
independent_holdout,9861,0.0001,0.0
independent_holdout,9862,0.0001,0.0
independent_holdout,9863,0.0001,0.0
independent_holdout,9864,0.0001,0.0
independent_holdout,9865,0.0001,0.0
independent_holdout,9866,0.0001,0.0
independent_holdout,9867,0.0001,0.0
independent_holdout,9868,0.0001,0.0
independent_holdout,9869,0.0001,0.0
independent_holdout,9870,0.0001,0.0
independent_holdout,9871,0.0001,0.0
independent_holdout,9872,0.0001,0.0
independent_holdout,9873,0.0001,0.0
independent_holdout,9874,0.0001,0.0
independent_holdout,9875,0.0001,0.0
independent_holdout,9876,0.0001,0.0
independent_holdout,9877,0.0001,0.0
independent_holdout,9878,0.0001,0.0
independent_holdout,9879,0.0001,0.0
independent_holdout,9880,0.0001,0.0
independent_holdout,9881,0.0001,0.0
independent_holdout,9882,0.0001,0.0
independent_holdout,9883,0.0001,0.0
independent_holdout,9884,0.0001,0.0
independent_holdout,9885,0.0001,0.0
independent_holdout,9886,0.0001,0.0
independent_holdout,9887,0.0001,0.0
independent_holdout,9888,0.0001,0.0
independent_holdout,9889,0.0001,0.0
independent_holdout,9890,0.0001,0.0
independent_holdout,9891,0.0001,0.0
independent_holdout,9892,0.0001,0.0
independent_holdout,9893,0.0001,0.0
independent_holdout,9894,0.0001,0.0
independent_holdout,9895,0.0001,0.0
independent_holdout,9896,0.0001,0.0
independent_holdout,9897,0.0001,0.0
independent_holdout,9898,0.0001,0.0
independent_holdout,9899,0.0001,0.0
independent_holdout,9900,0.0001,0.0
independent_holdout,9901,0.0001,0.0
independent_holdout,9902,0.0001,0.0
independent_holdout,9903,0.0001,0.0
independent_holdout,9904,0.0001,0.0
independent_holdout,9905,0.0001,0.0
independent_holdout,9906,0.0001,0.0
independent_holdout,9907,0.0001,0.0
independent_holdout,9908,0.0001,0.0
independent_holdout,9909,0.0001,0.0
independent_holdout,9910,0.0001,0.0
independent_holdout,9911,0.0001,0.0
independent_holdout,9912,0.0001,0.0
independent_holdout,9913,0.0001,0.0
independent_holdout,9914,0.0001,0.0
independent_holdout,9915,0.0001,0.0
independent_holdout,9916,0.0001,0.0
independent_holdout,9917,0.0001,0.0
independent_holdout,9918,0.0001,0.0
independent_holdout,9919,0.0001,0.0
independent_holdout,9920,0.0001,0.0
independent_holdout,9921,0.0001,0.0
independent_holdout,9922,0.0001,0.0
independent_holdout,9923,0.0001,0.0
independent_holdout,9924,0.0001,0.0
independent_holdout,9925,0.0001,0.0
independent_holdout,9926,0.0001,0.0
independent_holdout,9927,0.0001,0.0
independent_holdout,9928,0.0001,0.0
independent_holdout,9929,0.0001,0.0
independent_holdout,9930,0.0001,0.0
independent_holdout,9931,0.0001,0.0
independent_holdout,9932,0.0001,0.0
independent_holdout,9933,0.0001,0.0
independent_holdout,9934,0.0001,0.0
independent_holdout,9935,0.0001,0.0
independent_holdout,9936,0.0001,0.0
independent_holdout,9937,0.0001,0.0
independent_holdout,9938,0.0001,0.0
independent_holdout,9939,0.0001,0.0
independent_holdout,9940,0.0001,0.0
independent_holdout,9941,0.0001,0.0
independent_holdout,9942,0.0001,0.0
independent_holdout,9943,0.0001,0.0
independent_holdout,9944,0.0001,0.0
independent_holdout,9945,0.0001,0.0
independent_holdout,9946,0.0001,0.0
independent_holdout,9947,0.0001,0.0
independent_holdout,9948,0.0001,0.0
independent_holdout,9949,0.0001,0.0
independent_holdout,9950,0.0001,0.0
independent_holdout,9951,0.0001,0.0
independent_holdout,9952,0.0001,0.0
independent_holdout,9953,0.0001,0.0
independent_holdout,9954,0.0001,0.0
independent_holdout,9955,0.0001,0.0
independent_holdout,9956,0.0001,0.0
independent_holdout,9957,0.0001,0.0
independent_holdout,9958,0.0001,0.0
independent_holdout,9959,0.0001,0.0
independent_holdout,9960,0.0001,0.0
independent_holdout,9961,0.0001,0.0
independent_holdout,9962,0.0001,0.0
independent_holdout,9963,0.0001,0.0
independent_holdout,9964,0.0001,0.0
independent_holdout,9965,0.0001,0.0
independent_holdout,9966,0.0001,0.0
independent_holdout,9967,0.0001,0.0
independent_holdout,9968,0.0001,0.0
independent_holdout,9969,0.0001,0.0
independent_holdout,9970,0.0001,0.0
independent_holdout,9971,0.0001,0.0
independent_holdout,9972,0.0001,0.0
independent_holdout,9973,0.0001,0.0
independent_holdout,9974,0.0001,0.0
independent_holdout,9975,0.0001,0.0
independent_holdout,9976,0.0001,0.0
independent_holdout,9977,0.0001,0.0
independent_holdout,9978,0.0001,0.0
independent_holdout,9979,0.0001,0.0
independent_holdout,9980,0.0001,0.0
independent_holdout,9981,0.0001,0.0
independent_holdout,9982,0.0001,0.0
independent_holdout,9983,0.0001,0.0
independent_holdout,9984,0.0001,0.0
independent_holdout,9985,0.0001,0.0
independent_holdout,9986,0.0001,0.0
independent_holdout,9987,0.0001,0.0
independent_holdout,9988,0.0001,0.0
independent_holdout,9989,0.0001,0.0
independent_holdout,9990,0.0001,0.0
independent_holdout,9991,0.0001,0.0
independent_holdout,9992,0.0001,0.0
independent_holdout,9993,0.0001,0.0
independent_holdout,9994,0.0001,0.0
independent_holdout,9995,0.0001,0.0
independent_holdout,9996,0.0001,0.0
independent_holdout,9997,0.0001,0.0
independent_holdout,9998,0.0001,0.0
independent_holdout,9999,0.0001,0.0
