scenario,hour,weather_extreme,tomorrow_extreme_forecast,main_bus_available,renewable_bus_fault,wind_kw,pv_kw,diesel_kw,diesel_online_units,core_load_kw,core_main_kw,rigid_shed_kw,interrupt_shed_kw,interrupt_adjust_kw,ups_discharge_kw,ups_charge_kw,ups_diesel_charge_kw,ups_energy_end_kwh,battery_charge_kw,battery_discharge_kw,battery_energy_end_kwh
normal_none,0,0,0,1,0,0.0,0.0,0.0,0.0,32.22145805322157,32.22145805322157,0.0,0.0,9.29100951121767,0.0,0.0,0.0,427.5,0.0,190.88809736194014,999.0651606716419
normal_none,1,0,0,1,0,0.0,0.0,0.0,0.0,34.355007033022844,34.355007033022844,0.0,0.0,15.056153512727938,0.0,0.0,0.0,427.5,0.0,187.9858651729413,801.1853025948617
normal_none,2,0,0,1,0,0.0,0.0,0.0,0.0,35.59986906618329,35.59986906618329,0.0,0.0,13.815248361943583,0.0,0.0,0.0,427.5,0.0,195.89463764515415,594.9804208631203
normal_none,3,0,0,1,0,0.0,0.0,100.0,1.0,36.47482265251211,36.47482265251211,0.0,0.0,14.692467129644129,0.0,0.0,0.0,427.5,0.0,88.85621243968076,501.44756566345643
normal_none,4,0,0,1,0,0.0,0.0,100.0,1.0,36.358304730830966,36.358304730830966,0.0,0.0,15.257388783610732,0.0,0.0,0.0,427.5,0.0,92.57016397827124,404.00528779159197
normal_none,5,0,0,1,0,0.0,0.0,100.0,1.0,35.43051609664646,35.43051609664646,0.0,0.0,15.237504066678863,0.0,0.0,0.0,427.5,0.0,100.24465780915097,298.4845953609067
normal_none,6,0,0,1,0,0.0,0.0,200.0,2.0,36.52484244362809,36.52484244362809,0.0,0.0,8.927797118328066,0.0,0.0,0.0,427.5,0.0,0.0,298.4845953609067
normal_none,7,0,0,1,0,0.0,0.0,200.0,2.0,37.17112041956775,37.17112041956775,0.0,0.0,16.008467193499015,0.0,0.0,0.0,427.5,0.0,4.285143484825923,293.9739180084584
normal_none,8,0,0,1,0,0.0,0.0,200.0,2.0,37.25521387494798,37.25521387494798,0.0,0.0,16.298230339963073,0.0,0.0,0.0,427.5,0.0,2.5531272646756946,291.28641562458927
normal_none,9,0,0,1,0,0.0,0.0,200.0,2.0,37.38705437373236,37.38705437373236,0.0,0.0,16.66598985051584,0.0,0.0,0.0,427.5,0.0,6.34944585599758,284.6027884077497
normal_none,10,0,0,1,0,0.0,0.0,300.0,3.0,36.709610370030624,36.709610370030624,0.0,0.0,0.0,0.0,0.0,0.0,427.5,28.00081096227541,0.0,311.2035588219113
normal_none,11,0,0,1,0,0.0,0.0,300.0,3.0,36.65165226186554,36.65165226186554,0.0,0.0,0.0,0.0,0.0,0.0,427.5,9.567807333038079,0.0,320.2929757882975
normal_none,12,0,0,1,0,0.0,0.0,300.0,3.0,35.506044761729655,35.506044761729655,0.0,0.0,0.0,0.0,0.0,0.0,427.5,40.32732315539054,0.0,358.6039327859185
normal_none,13,0,0,1,0,0.0,0.0,300.0,3.0,37.28979348249677,37.28979348249677,0.0,0.0,0.0,0.0,0.0,0.0,427.5,3.108666674176014,0.0,361.5571661263857
normal_none,14,0,0,1,0,0.0,0.0,300.0,3.0,35.73827693541722,35.73827693541722,0.0,0.0,0.0,0.0,0.0,0.0,427.5,45.72784995411363,0.0,404.99862358279364
normal_none,15,0,0,1,0,0.0,0.0,300.0,3.0,35.92234833913645,35.92234833913645,0.0,0.0,0.0,0.0,0.0,0.0,427.5,38.35475905874547,0.0,441.4356446886018
normal_none,16,0,0,1,0,0.0,0.0,300.0,3.0,35.194818131826594,35.194818131826594,0.0,0.0,0.0,0.0,0.0,0.0,427.5,17.737117798188905,0.0,458.28590659688126
normal_none,17,0,0,1,0,0.0,0.0,300.0,3.0,34.33622728435941,34.33622728435941,0.0,0.0,0.0,0.0,0.0,0.0,427.5,15.35004390536534,0.0,472.86844830697834
normal_none,18,0,0,1,0,0.0,0.0,300.0,3.0,33.646049677808314,33.646049677808314,0.0,0.0,0.0,0.0,0.0,0.0,427.5,44.801182900795325,0.0,515.4295720627339
normal_none,19,0,0,1,0,0.0,0.0,300.0,3.0,33.87499000641878,33.87499000641878,0.0,0.0,0.0,0.0,0.0,0.0,427.5,21.356886679666673,0.0,535.7186144084172
normal_none,20,0,0,1,0,0.0,0.0,200.0,2.0,33.22264034287458,33.22264034287458,0.0,0.0,9.44081451010565,0.0,0.0,0.0,427.5,0.0,0.0,535.7186144084172
normal_none,21,0,0,1,0,0.0,0.0,200.0,2.0,33.1832285203614,33.1832285203614,0.0,0.0,1.739244123550204,0.0,0.0,0.0,427.5,0.0,0.0,535.7186144084172
normal_none,22,0,0,1,0,0.0,0.0,200.0,2.0,33.55021286930235,33.55021286930235,0.0,0.0,1.7193087154141828,0.0,0.0,0.0,427.5,0.0,0.0,535.7186144084172
normal_none,23,0,0,1,0,0.0,0.0,200.0,2.0,34.297948524235515,34.297948524235515,0.0,0.0,3.7683744187754478,0.0,0.0,0.0,427.5,0.0,0.0,535.7186144084172
normal_none,24,0,0,1,0,0.0,0.0,200.0,2.0,34.439668647824384,34.439668647824384,0.0,0.0,14.095197016010545,0.0,0.0,0.0,427.5,0.0,0.0,535.7186144084172
normal_none,25,0,0,1,0,0.0,0.0,200.0,2.0,34.34444676807764,34.34444676807764,0.0,0.0,14.512167154861285,0.0,0.0,0.0,427.5,0.0,0.0,535.7186144084172
normal_none,26,0,0,1,0,0.0,0.0,200.0,2.0,35.23637133859876,35.23637133859876,0.0,0.0,13.209539374519885,0.0,0.0,0.0,427.5,0.0,0.0,535.7186144084172
normal_none,27,0,0,1,0,0.0,0.0,200.0,2.0,35.330803810522866,35.330803810522866,0.0,0.0,13.403692525658263,0.0,0.0,0.0,427.5,0.0,0.0,535.7186144084172
normal_none,28,0,0,1,0,0.0,0.0,200.0,2.0,34.69235914548608,34.69235914548608,0.0,0.0,14.540645057424952,0.0,0.0,0.0,427.5,0.0,0.0,535.7186144084172
normal_none,29,0,0,1,0,0.0,0.0,200.0,2.0,36.16827259309877,36.16827259309877,0.0,0.0,15.588340800882953,0.0,0.0,0.0,427.5,0.0,0.0,535.7186144084172
normal_none,30,0,0,1,0,0.0,0.0,200.0,2.0,35.37080347166517,35.37080347166517,0.0,0.0,11.171744163566466,0.0,0.0,0.0,427.5,0.0,0.0,535.7186144084172
normal_none,31,0,0,1,0,0.0,0.0,300.0,3.0,38.234939650061236,38.234939650061236,0.0,0.0,0.0,0.0,0.0,0.0,427.5,34.748054885147184,0.0,568.7292665493071
normal_none,32,0,0,1,0,0.0,0.0,300.0,3.0,38.211795603194695,38.211795603194695,0.0,0.0,0.0,0.0,0.0,0.0,427.5,24.526787828194472,0.0,592.0297149860919
normal_none,33,0,0,1,0,0.0,0.0,300.0,3.0,38.50491431940168,38.50491431940168,0.0,0.0,0.0,0.0,0.0,0.0,427.5,46.79309570755362,0.0,636.4831559082678
normal_none,34,0,0,1,0,0.0,0.0,300.0,3.0,36.658938164710776,36.658938164710776,0.0,0.0,0.0,0.0,0.0,0.0,427.5,8.711868091740072,0.0,644.7594305954209
normal_none,35,0,0,1,0,0.0,0.0,300.0,3.0,37.397008944442504,37.397008944442504,0.0,0.0,0.0,0.0,0.0,0.0,427.5,13.551690733948561,0.0,657.633536792672
normal_none,36,0,0,1,0,0.0,0.0,294.2076280780824,3.0,37.394050492457595,37.394050492457595,0.0,0.0,0.0,0.0,0.0,0.0,427.5,1.0,0.0,658.583536792672
normal_none,37,0,0,1,0,0.0,0.0,300.0,3.0,35.19835975565525,35.19835975565525,0.0,0.0,0.0,0.0,0.0,0.0,427.5,13.625393506861343,0.0,671.5276606241903
normal_none,38,0,0,1,0,0.0,0.0,300.0,3.0,35.80562044103968,35.80562044103968,0.0,0.0,0.0,0.0,0.0,0.0,427.5,17.173410286873434,0.0,687.84240039672
normal_none,39,0,0,1,0,0.0,0.0,300.0,3.0,35.70392824895246,35.70392824895246,0.0,0.0,0.0,0.0,0.0,0.0,427.5,41.0030638071612,0.0,726.7953110135231
normal_none,40,0,0,1,0,0.0,0.0,300.0,3.0,34.680126492489215,34.680126492489215,0.0,0.0,0.0,0.0,0.0,0.0,427.5,9.599604481404441,0.0,735.9149352708573
normal_none,41,0,0,1,0,0.0,0.0,300.0,3.0,34.150673769798004,34.150673769798004,0.0,0.0,0.0,0.0,0.0,0.0,427.5,41.96466449127761,0.0,775.781366537571
normal_none,42,0,0,1,0,0.0,0.0,300.0,3.0,33.94840956822312,33.94840956822312,0.0,0.0,0.0,0.0,0.0,0.0,427.5,40.449578489408,0.0,814.2084661025086
normal_none,43,0,0,1,0,0.0,0.0,300.0,3.0,33.02721381459559,33.02721381459559,0.0,0.0,0.0,0.0,0.0,0.0,427.5,55.49313477463406,0.0,866.9269441384109
normal_none,44,0,0,1,0,0.0,0.0,200.0,2.0,32.58011091324637,32.58011091324637,0.0,0.0,15.28162062965487,0.0,0.0,0.0,427.5,0.0,0.0,866.9269441384109
normal_none,45,0,0,1,0,0.0,0.0,200.0,2.0,33.585699098215365,33.585699098215365,0.0,0.0,15.411756662896869,0.0,0.0,0.0,427.5,0.0,0.0,866.9269441384109
normal_none,46,0,0,1,0,0.0,0.0,200.0,2.0,33.55542600797957,33.55542600797957,0.0,0.0,14.605817450261611,0.0,0.0,0.0,427.5,0.0,0.0,866.9269441384109
normal_none,47,0,0,1,0,0.0,0.0,200.0,2.0,32.81067066682067,32.81067066682067,0.0,0.0,14.812775009268462,0.0,0.0,0.0,427.5,0.0,0.0,866.9269441384109
normal_none,48,0,0,1,0,0.0,0.0,200.0,2.0,33.45667898379802,33.45667898379802,0.0,0.0,12.822985237916198,0.0,0.0,0.0,427.5,0.0,0.0,866.9269441384109
normal_none,49,0,0,1,0,0.0,0.0,200.0,2.0,34.18513962448918,34.18513962448918,0.0,0.0,12.902189468558062,0.0,0.0,0.0,427.5,0.0,0.0,866.9269441384109
normal_none,50,0,0,1,0,0.0,0.0,200.0,2.0,33.797334680939755,33.797334680939755,0.0,0.0,13.245262512940092,0.0,0.0,0.0,427.5,0.0,0.0,866.9269441384109
normal_none,51,0,0,1,0,0.0,0.0,200.0,2.0,36.45357867605848,36.45357867605848,0.0,0.0,11.908344956974036,0.0,0.0,0.0,427.5,0.0,0.0,866.9269441384109
normal_none,52,0,0,1,0,0.0,0.0,200.0,2.0,36.40709440006008,36.40709440006008,0.0,0.0,15.628636244774283,0.0,0.0,0.0,427.5,0.0,0.0,866.9269441384109
normal_none,53,0,0,1,0,0.0,0.0,200.0,2.0,37.07723836871407,37.07723836871407,0.0,0.0,14.718713661013195,0.0,0.0,0.0,427.5,0.0,0.0,866.9269441384109
normal_none,54,0,0,1,0,0.0,0.0,200.0,2.0,36.17060873427488,36.17060873427488,0.0,0.0,15.899637139187645,0.0,0.0,0.0,427.5,0.0,3.024450895368442,863.7433116169705
normal_none,55,0,0,1,0,0.0,0.0,300.0,3.0,37.979793781440065,37.979793781440065,0.0,0.0,0.0,0.0,0.0,0.0,427.5,19.8803813185324,0.0,882.6296738695762
normal_none,56,0,0,1,0,0.0,0.0,300.0,3.0,37.018590365426576,37.018590365426576,0.0,0.0,0.0,0.0,0.0,0.0,427.5,16.31673964478543,0.0,898.1305765321224
normal_none,57,0,0,1,0,0.0,0.0,300.0,3.0,36.43118263559038,36.43118263559038,0.0,0.0,0.0,0.0,0.0,0.0,427.5,19.810698087075174,0.0,916.9507397148438
normal_none,58,0,0,1,0,0.0,0.0,300.0,3.0,38.09781279081587,38.09781279081587,0.0,0.0,0.0,0.0,0.0,0.0,427.5,48.949250581315994,0.0,963.452527767094
normal_none,59,0,0,1,0,0.0,0.0,300.0,3.0,36.17627031130976,36.17627031130976,0.0,0.0,0.0,0.0,0.0,0.0,427.5,39.82455644316401,0.0,1001.2858563880998
normal_none,60,0,0,1,0,0.0,0.0,300.0,3.0,36.57969401422443,36.57969401422443,0.0,0.0,0.0,0.0,0.0,0.0,427.5,25.8541433266605,0.0,1025.8472925484273
normal_none,61,0,0,1,0,0.0,0.0,269.78107098962994,3.0,36.73543698811987,36.73543698811987,0.0,0.0,0.0,0.0,0.0,0.0,427.5,5.203046072301731,0.0,1030.790186317114
normal_none,62,0,0,1,0,0.0,0.0,300.0,3.0,36.320602876291126,36.320602876291126,0.0,0.0,0.0,0.0,0.0,0.0,427.5,12.192109048971417,0.0,1042.3726899136368
normal_none,63,0,0,1,0,0.0,0.0,300.0,3.0,36.727611523098375,36.727611523098375,0.0,0.0,0.0,0.0,0.0,0.0,427.5,41.020191423045226,0.0,1081.3418717655297
normal_none,64,0,0,1,0,0.0,0.0,300.0,3.0,35.702371669565856,35.702371669565856,0.0,0.0,0.0,0.0,0.0,0.0,427.5,39.67882706991617,0.0,1119.0367574819502
normal_none,65,0,0,1,0,0.0,0.0,300.0,3.0,33.193898640305136,33.193898640305136,0.0,0.0,0.0,0.0,0.0,0.0,427.5,53.11722403834944,0.0,1169.4981203183822
normal_none,66,0,0,1,0,0.0,0.0,300.0,3.0,33.3974474517962,33.3974474517962,0.0,0.0,0.0,0.0,0.0,0.0,427.5,54.45437249726176,0.0,1221.229774190781
normal_none,67,0,0,1,0,0.0,0.0,300.0,3.0,33.24499856612988,33.24499856612988,0.0,0.0,0.0,0.0,0.0,0.0,427.5,57.143842295510964,0.0,1275.5164243715165
normal_none,68,0,0,1,0,0.0,0.0,200.0,2.0,33.626564459468284,33.626564459468284,0.0,0.0,16.52024338124493,0.0,0.0,0.0,427.5,0.0,25.17742702755641,1249.0138696056677
normal_none,69,0,0,1,0,0.0,0.0,200.0,2.0,33.135436046931396,33.135436046931396,0.0,0.0,14.831058916418373,0.0,0.0,0.0,427.5,0.0,21.405331693042534,1226.4819415077282
normal_none,70,0,0,1,0,0.0,0.0,200.0,2.0,33.463043155199756,33.463043155199756,0.0,0.0,13.380069977462627,0.0,0.0,0.0,427.5,0.0,11.025360354938046,1214.876299028846
normal_none,71,0,0,1,0,0.0,0.0,200.0,2.0,32.244705215578875,32.244705215578875,0.0,0.0,13.983554335011625,0.0,0.0,0.0,427.5,0.0,14.132484077403717,1200.0
normal_renewable_bus,0,0,0,1,0,0.0,0.0,0.0,0.0,32.22145805322157,32.22145805322157,0.0,0.0,9.29100951121767,0.0,0.0,0.0,427.5,0.0,190.88809736194014,999.0651606716419
normal_renewable_bus,1,0,0,1,0,0.0,0.0,0.0,0.0,34.355007033022844,34.355007033022844,0.0,0.0,15.056153512727938,0.0,0.0,0.0,427.5,0.0,187.9858651729413,801.1853025948617
normal_renewable_bus,2,0,0,1,0,0.0,0.0,0.0,0.0,35.59986906618329,35.59986906618329,0.0,0.0,13.815248361943583,0.0,0.0,0.0,427.5,0.0,195.89463764515415,594.9804208631203
normal_renewable_bus,3,0,0,1,0,0.0,0.0,100.0,1.0,36.47482265251211,36.47482265251211,0.0,0.0,14.692467129644129,0.0,0.0,0.0,427.5,0.0,88.85621243968076,501.44756566345643
normal_renewable_bus,4,0,0,1,0,0.0,0.0,100.0,1.0,36.358304730830966,36.358304730830966,0.0,0.0,15.257388783610732,0.0,0.0,0.0,427.5,0.0,92.57016397827124,404.00528779159197
normal_renewable_bus,5,0,0,1,0,0.0,0.0,100.0,1.0,35.43051609664646,35.43051609664646,0.0,0.0,15.237504066678863,0.0,0.0,0.0,427.5,0.0,100.24465780915097,298.4845953609067
normal_renewable_bus,6,0,0,1,0,0.0,0.0,200.0,2.0,36.52484244362809,36.52484244362809,0.0,0.0,8.927797118328066,0.0,0.0,0.0,427.5,0.0,0.0,298.4845953609067
normal_renewable_bus,7,0,0,1,0,0.0,0.0,200.0,2.0,37.17112041956775,37.17112041956775,0.0,0.0,16.008467193499015,0.0,0.0,0.0,427.5,0.0,4.285143484825923,293.9739180084584
normal_renewable_bus,8,0,0,1,0,0.0,0.0,200.0,2.0,37.25521387494798,37.25521387494798,0.0,0.0,16.298230339963073,0.0,0.0,0.0,427.5,0.0,2.5531272646756946,291.28641562458927
normal_renewable_bus,9,0,0,1,0,0.0,0.0,200.0,2.0,37.38705437373236,37.38705437373236,0.0,0.0,16.66598985051584,0.0,0.0,0.0,427.5,0.0,6.34944585599758,284.6027884077497
normal_renewable_bus,10,0,0,1,0,0.0,0.0,300.0,3.0,36.709610370030624,36.709610370030624,0.0,0.0,0.0,0.0,0.0,0.0,427.5,28.00081096227541,0.0,311.2035588219113
normal_renewable_bus,11,0,0,1,0,0.0,0.0,300.0,3.0,36.65165226186554,36.65165226186554,0.0,0.0,0.0,0.0,0.0,0.0,427.5,9.567807333038079,0.0,320.2929757882975
normal_renewable_bus,12,0,0,1,0,0.0,0.0,300.0,3.0,35.506044761729655,35.506044761729655,0.0,0.0,0.0,0.0,0.0,0.0,427.5,40.32732315539054,0.0,358.6039327859185
normal_renewable_bus,13,0,0,1,0,0.0,0.0,300.0,3.0,37.28979348249677,37.28979348249677,0.0,0.0,0.0,0.0,0.0,0.0,427.5,3.108666674176014,0.0,361.5571661263857
normal_renewable_bus,14,0,0,1,0,0.0,0.0,300.0,3.0,35.73827693541722,35.73827693541722,0.0,0.0,0.0,0.0,0.0,0.0,427.5,45.72784995411363,0.0,404.99862358279364
normal_renewable_bus,15,0,0,1,0,0.0,0.0,300.0,3.0,35.92234833913645,35.92234833913645,0.0,0.0,0.0,0.0,0.0,0.0,427.5,38.35475905874547,0.0,441.4356446886018
normal_renewable_bus,16,0,0,1,0,0.0,0.0,300.0,3.0,35.194818131826594,35.194818131826594,0.0,0.0,0.0,0.0,0.0,0.0,427.5,17.737117798188905,0.0,458.28590659688126
normal_renewable_bus,17,0,0,1,0,0.0,0.0,300.0,3.0,34.33622728435941,34.33622728435941,0.0,0.0,0.0,0.0,0.0,0.0,427.5,15.35004390536534,0.0,472.86844830697834
normal_renewable_bus,18,0,0,1,0,0.0,0.0,300.0,3.0,33.646049677808314,33.646049677808314,0.0,0.0,0.0,0.0,0.0,0.0,427.5,44.801182900795325,0.0,515.4295720627339
normal_renewable_bus,19,0,0,1,0,0.0,0.0,300.0,3.0,33.87499000641878,33.87499000641878,0.0,0.0,0.0,0.0,0.0,0.0,427.5,21.356886679666673,0.0,535.7186144084172
normal_renewable_bus,20,0,0,1,0,0.0,0.0,200.0,2.0,33.22264034287458,33.22264034287458,0.0,0.0,9.44081451010565,0.0,0.0,0.0,427.5,0.0,0.0,535.7186144084172
normal_renewable_bus,21,0,0,1,0,0.0,0.0,200.0,2.0,33.1832285203614,33.1832285203614,0.0,0.0,1.739244123550204,0.0,0.0,0.0,427.5,0.0,0.0,535.7186144084172
normal_renewable_bus,22,0,0,1,0,0.0,0.0,200.0,2.0,33.55021286930235,33.55021286930235,0.0,0.0,1.7193087154141828,0.0,0.0,0.0,427.5,0.0,0.0,535.7186144084172
normal_renewable_bus,23,0,0,1,0,0.0,0.0,200.0,2.0,34.297948524235515,34.297948524235515,0.0,0.0,3.7683744187754478,0.0,0.0,0.0,427.5,0.0,0.0,535.7186144084172
normal_renewable_bus,24,0,0,1,0,0.0,0.0,200.0,2.0,34.439668647824384,34.439668647824384,0.0,0.0,14.095197016010545,0.0,0.0,0.0,427.5,0.0,0.0,535.7186144084172
normal_renewable_bus,25,0,0,1,0,0.0,0.0,200.0,2.0,34.34444676807764,34.34444676807764,0.0,0.0,14.512167154861285,0.0,0.0,0.0,427.5,0.0,0.0,535.7186144084172
normal_renewable_bus,26,0,0,1,0,0.0,0.0,200.0,2.0,35.23637133859876,35.23637133859876,0.0,0.0,13.209539374519885,0.0,0.0,0.0,427.5,0.0,0.0,535.7186144084172
normal_renewable_bus,27,0,0,1,0,0.0,0.0,200.0,2.0,35.330803810522866,35.330803810522866,0.0,0.0,13.403692525658263,0.0,0.0,0.0,427.5,0.0,0.0,535.7186144084172
normal_renewable_bus,28,0,0,1,0,0.0,0.0,200.0,2.0,34.69235914548608,34.69235914548608,0.0,0.0,14.540645057424952,0.0,0.0,0.0,427.5,0.0,0.0,535.7186144084172
normal_renewable_bus,29,0,0,1,0,0.0,0.0,200.0,2.0,36.16827259309877,36.16827259309877,0.0,0.0,15.588340800882953,0.0,0.0,0.0,427.5,0.0,0.0,535.7186144084172
normal_renewable_bus,30,0,0,1,0,0.0,0.0,200.0,2.0,35.37080347166517,35.37080347166517,0.0,0.0,11.171744163566466,0.0,0.0,0.0,427.5,0.0,0.0,535.7186144084172
normal_renewable_bus,31,0,0,1,0,0.0,0.0,300.0,3.0,38.234939650061236,38.234939650061236,0.0,0.0,0.0,0.0,0.0,0.0,427.5,34.748054885147184,0.0,568.7292665493071
normal_renewable_bus,32,0,0,1,0,0.0,0.0,300.0,3.0,38.211795603194695,38.211795603194695,0.0,0.0,0.0,0.0,0.0,0.0,427.5,24.526787828194472,0.0,592.0297149860919
normal_renewable_bus,33,0,0,1,0,0.0,0.0,300.0,3.0,38.50491431940168,38.50491431940168,0.0,0.0,0.0,0.0,0.0,0.0,427.5,46.79309570755362,0.0,636.4831559082678
normal_renewable_bus,34,0,0,1,0,0.0,0.0,300.0,3.0,36.658938164710776,36.658938164710776,0.0,0.0,0.0,0.0,0.0,0.0,427.5,8.711868091740072,0.0,644.7594305954209
normal_renewable_bus,35,0,0,1,0,0.0,0.0,300.0,3.0,37.397008944442504,37.397008944442504,0.0,0.0,0.0,0.0,0.0,0.0,427.5,13.551690733948561,0.0,657.633536792672
normal_renewable_bus,36,0,0,1,1,0.0,0.0,300.0,3.0,37.394050492457595,37.394050492457595,0.0,0.0,0.0,0.0,0.0,0.0,427.5,38.79237192191761,0.0,694.4862901184937
normal_renewable_bus,37,0,0,1,1,0.0,0.0,300.0,3.0,35.19835975565525,35.19835975565525,0.0,0.0,0.0,0.0,0.0,0.0,427.5,13.625393506861585,0.0,707.4304139500122
normal_renewable_bus,38,0,0,1,1,0.0,0.0,300.0,3.0,35.80562044103968,35.80562044103968,0.0,0.0,0.0,0.0,0.0,0.0,427.5,5.752991520571058,0.0,712.8957558945547
normal_renewable_bus,39,0,0,1,1,0.0,0.0,300.0,3.0,35.70392824895246,35.70392824895246,0.0,0.0,0.0,0.0,0.0,0.0,427.5,40.03833998757117,0.0,750.9321788827473
normal_renewable_bus,40,0,0,1,1,0.0,0.0,300.0,3.0,34.680126492489215,34.680126492489215,0.0,0.0,0.0,0.0,0.0,0.0,427.5,9.599604481404413,0.0,760.0518031400815
normal_renewable_bus,41,0,0,1,1,0.0,0.0,263.98869906771193,3.0,34.150673769798004,34.150673769798004,0.0,0.0,0.0,0.0,0.0,0.0,427.5,8.053679332661815,0.0,767.7027985061102
normal_renewable_bus,42,0,0,1,1,0.0,0.0,300.0,3.0,33.94840956822312,33.94840956822312,0.0,0.0,0.0,0.0,0.0,0.0,427.5,49.905978176881916,0.0,815.113477774148
normal_renewable_bus,43,0,0,1,1,0.0,0.0,300.0,3.0,33.02721381459559,33.02721381459559,0.0,0.0,0.0,0.0,0.0,0.0,427.5,24.321561899380242,0.0,838.2189615785593
normal_renewable_bus,44,0,0,1,0,0.0,0.0,200.0,2.0,32.58011091324637,32.58011091324637,0.0,0.0,15.281620629654869,0.0,0.0,0.0,427.5,0.0,0.0,838.2189615785593
normal_renewable_bus,45,0,0,1,0,0.0,0.0,200.0,2.0,33.585699098215365,33.585699098215365,0.0,0.0,15.411756662896869,0.0,0.0,0.0,427.5,0.0,0.0,838.2189615785593
normal_renewable_bus,46,0,0,1,0,0.0,0.0,200.0,2.0,33.55542600797957,33.55542600797957,0.0,0.0,14.605817450261638,0.0,0.0,0.0,427.5,0.0,0.0,838.2189615785593
normal_renewable_bus,47,0,0,1,0,0.0,0.0,200.0,2.0,32.81067066682067,32.81067066682067,0.0,0.0,14.812775009268462,0.0,0.0,0.0,427.5,0.0,0.0,838.2189615785593
normal_renewable_bus,48,0,0,1,0,0.0,0.0,200.0,2.0,33.45667898379802,33.45667898379802,0.0,0.0,12.822985237916198,0.0,0.0,0.0,427.5,0.0,0.0,838.2189615785593
normal_renewable_bus,49,0,0,1,0,0.0,0.0,200.0,2.0,34.18513962448918,34.18513962448918,0.0,0.0,10.290263312592854,0.0,0.0,0.0,427.5,0.0,0.0,838.2189615785593
normal_renewable_bus,50,0,0,1,0,0.0,0.0,200.0,2.0,33.797334680939755,33.797334680939755,0.0,0.0,13.245262512940092,0.0,0.0,0.0,427.5,0.0,0.0,838.2189615785593
normal_renewable_bus,51,0,0,1,0,0.0,0.0,200.0,2.0,36.45357867605848,36.45357867605848,0.0,0.0,14.520271112939309,0.0,0.0,0.0,427.5,0.0,0.0,838.2189615785593
normal_renewable_bus,52,0,0,1,0,0.0,0.0,200.0,2.0,36.40709440006008,36.40709440006008,0.0,0.0,15.628636244774283,0.0,0.0,0.0,427.5,0.0,0.0,838.2189615785593
normal_renewable_bus,53,0,0,1,0,0.0,0.0,200.0,2.0,37.07723836871407,37.07723836871407,0.0,0.0,14.718713661013195,0.0,0.0,0.0,427.5,0.0,0.0,838.2189615785593
normal_renewable_bus,54,0,0,1,0,0.0,0.0,200.0,2.0,36.17060873427488,36.17060873427488,0.0,0.0,15.899637139187622,0.0,0.0,0.0,427.5,0.0,3.024450895368458,835.0353290571188
normal_renewable_bus,55,0,0,1,0,0.0,0.0,300.0,3.0,37.979793781440065,37.979793781440065,0.0,0.0,0.0,0.0,0.0,0.0,427.5,33.05750353763942,0.0,866.4399574178763
normal_renewable_bus,56,0,0,1,0,0.0,0.0,300.0,3.0,37.018590365426576,37.018590365426576,0.0,0.0,0.0,0.0,0.0,0.0,427.5,44.76707168706279,0.0,908.9686755205859
normal_renewable_bus,57,0,0,1,0,0.0,0.0,300.0,3.0,36.43118263559038,36.43118263559038,0.0,0.0,0.0,0.0,0.0,0.0,427.5,54.845974267485275,0.0,961.0723510746968
normal_renewable_bus,58,0,0,1,0,0.0,0.0,300.0,3.0,38.09781279081587,38.09781279081587,0.0,0.0,0.0,0.0,0.0,0.0,427.5,15.624804573023198,0.0,975.9159154190688
normal_renewable_bus,59,0,0,1,0,0.0,0.0,300.0,3.0,36.17627031130976,36.17627031130976,0.0,0.0,0.0,0.0,0.0,0.0,427.5,39.82455644316403,0.0,1013.7492440400747
normal_renewable_bus,60,0,0,1,0,0.0,0.0,300.0,3.0,36.57969401422443,36.57969401422443,0.0,0.0,0.0,0.0,0.0,0.0,427.5,38.84428148969883,0.0,1050.6513114552886
normal_renewable_bus,61,0,0,1,0,0.0,0.0,300.0,3.0,36.73543698811987,36.73543698811987,0.0,0.0,0.0,0.0,0.0,0.0,427.5,35.421975082671764,0.0,1084.3021877838269
normal_renewable_bus,62,0,0,1,0,0.0,0.0,300.0,3.0,36.320602876291126,36.320602876291126,0.0,0.0,0.0,0.0,0.0,0.0,427.5,14.99303153532371,0.0,1098.5455677423845
normal_renewable_bus,63,0,0,1,0,0.0,0.0,300.0,3.0,36.727611523098375,36.727611523098375,0.0,0.0,0.0,0.0,0.0,0.0,427.5,41.02019142304521,0.0,1137.5147495942774
normal_renewable_bus,64,0,0,1,0,0.0,0.0,300.0,3.0,35.702371669565856,35.702371669565856,0.0,0.0,0.0,0.0,0.0,0.0,427.5,39.678827069916196,0.0,1175.2096353106979
normal_renewable_bus,65,0,0,1,0,0.0,0.0,300.0,3.0,33.193898640305136,33.193898640305136,0.0,0.0,0.0,0.0,0.0,0.0,427.5,53.117224038349455,0.0,1225.67099814713
normal_renewable_bus,66,0,0,1,0,0.0,0.0,300.0,3.0,33.3974474517962,33.3974474517962,0.0,0.0,0.0,0.0,0.0,0.0,427.5,23.918474112399593,0.0,1248.3935485539096
normal_renewable_bus,67,0,0,1,0,0.0,0.0,300.0,3.0,33.24499856612988,33.24499856612988,0.0,0.0,0.0,0.0,0.0,0.0,427.5,28.550395597481028,0.0,1275.5164243715165
normal_renewable_bus,68,0,0,1,0,0.0,0.0,200.0,2.0,33.626564459468284,33.626564459468284,0.0,0.0,16.520243381244942,0.0,0.0,0.0,427.5,0.0,25.17742702755641,1249.0138696056677
normal_renewable_bus,69,0,0,1,0,0.0,0.0,200.0,2.0,33.135436046931396,33.135436046931396,0.0,0.0,14.831058916418376,0.0,0.0,0.0,427.5,0.0,21.40533169304252,1226.4819415077282
normal_renewable_bus,70,0,0,1,0,0.0,0.0,200.0,2.0,33.463043155199756,33.463043155199756,0.0,0.0,13.380069977462627,0.0,0.0,0.0,427.5,0.0,11.025360354937987,1214.876299028846
normal_renewable_bus,71,0,0,1,0,0.0,0.0,200.0,2.0,32.244705215578875,32.244705215578875,0.0,0.0,13.983554335011625,0.0,0.0,0.0,427.5,0.0,14.132484077403713,1200.0
normal_grid,0,0,0,1,0,0.0,0.0,0.0,0.0,32.22145805322157,32.22145805322157,0.0,0.0,9.29100951121767,0.0,0.0,0.0,427.5,0.0,190.88809736194014,999.0651606716419
normal_grid,1,0,0,1,0,0.0,0.0,0.0,0.0,34.355007033022844,34.355007033022844,0.0,0.0,15.056153512727938,0.0,0.0,0.0,427.5,0.0,187.9858651729413,801.1853025948617
normal_grid,2,0,0,1,0,0.0,0.0,0.0,0.0,35.59986906618329,35.59986906618329,0.0,0.0,13.815248361943583,0.0,0.0,0.0,427.5,0.0,195.89463764515415,594.9804208631203
normal_grid,3,0,0,1,0,0.0,0.0,100.0,1.0,36.47482265251211,36.47482265251211,0.0,0.0,14.692467129644129,0.0,0.0,0.0,427.5,0.0,88.85621243968076,501.44756566345643
normal_grid,4,0,0,1,0,0.0,0.0,100.0,1.0,36.358304730830966,36.358304730830966,0.0,0.0,15.257388783610732,0.0,0.0,0.0,427.5,0.0,92.57016397827124,404.00528779159197
normal_grid,5,0,0,1,0,0.0,0.0,100.0,1.0,35.43051609664646,35.43051609664646,0.0,0.0,15.237504066678863,0.0,0.0,0.0,427.5,0.0,100.24465780915097,298.4845953609067
normal_grid,6,0,0,1,0,0.0,0.0,200.0,2.0,36.52484244362809,36.52484244362809,0.0,0.0,8.927797118328066,0.0,0.0,0.0,427.5,0.0,0.0,298.4845953609067
normal_grid,7,0,0,1,0,0.0,0.0,200.0,2.0,37.17112041956775,37.17112041956775,0.0,0.0,16.008467193499015,0.0,0.0,0.0,427.5,0.0,4.285143484825923,293.9739180084584
normal_grid,8,0,0,1,0,0.0,0.0,200.0,2.0,37.25521387494798,37.25521387494798,0.0,0.0,16.298230339963073,0.0,0.0,0.0,427.5,0.0,2.5531272646756946,291.28641562458927
normal_grid,9,0,0,1,0,0.0,0.0,200.0,2.0,37.38705437373236,37.38705437373236,0.0,0.0,16.66598985051584,0.0,0.0,0.0,427.5,0.0,6.34944585599758,284.6027884077497
normal_grid,10,0,0,1,0,0.0,0.0,300.0,3.0,36.709610370030624,36.709610370030624,0.0,0.0,0.0,0.0,0.0,0.0,427.5,28.00081096227541,0.0,311.2035588219113
normal_grid,11,0,0,1,0,0.0,0.0,300.0,3.0,36.65165226186554,36.65165226186554,0.0,0.0,0.0,0.0,0.0,0.0,427.5,9.567807333038079,0.0,320.2929757882975
normal_grid,12,0,0,1,0,0.0,0.0,300.0,3.0,35.506044761729655,35.506044761729655,0.0,0.0,0.0,0.0,0.0,0.0,427.5,40.32732315539054,0.0,358.6039327859185
normal_grid,13,0,0,1,0,0.0,0.0,300.0,3.0,37.28979348249677,37.28979348249677,0.0,0.0,0.0,0.0,0.0,0.0,427.5,3.108666674176014,0.0,361.5571661263857
normal_grid,14,0,0,1,0,0.0,0.0,300.0,3.0,35.73827693541722,35.73827693541722,0.0,0.0,0.0,0.0,0.0,0.0,427.5,45.72784995411363,0.0,404.99862358279364
normal_grid,15,0,0,1,0,0.0,0.0,300.0,3.0,35.92234833913645,35.92234833913645,0.0,0.0,0.0,0.0,0.0,0.0,427.5,38.35475905874547,0.0,441.4356446886018
normal_grid,16,0,0,1,0,0.0,0.0,300.0,3.0,35.194818131826594,35.194818131826594,0.0,0.0,0.0,0.0,0.0,0.0,427.5,17.737117798188905,0.0,458.28590659688126
normal_grid,17,0,0,1,0,0.0,0.0,300.0,3.0,34.33622728435941,34.33622728435941,0.0,0.0,0.0,0.0,0.0,0.0,427.5,15.35004390536534,0.0,472.86844830697834
normal_grid,18,0,0,1,0,0.0,0.0,300.0,3.0,33.646049677808314,33.646049677808314,0.0,0.0,0.0,0.0,0.0,0.0,427.5,44.801182900795325,0.0,515.4295720627339
normal_grid,19,0,0,1,0,0.0,0.0,300.0,3.0,33.87499000641878,33.87499000641878,0.0,0.0,0.0,0.0,0.0,0.0,427.5,21.356886679666673,0.0,535.7186144084172
normal_grid,20,0,0,1,0,0.0,0.0,200.0,2.0,33.22264034287458,33.22264034287458,0.0,0.0,9.44081451010565,0.0,0.0,0.0,427.5,0.0,0.0,535.7186144084172
normal_grid,21,0,0,1,0,0.0,0.0,200.0,2.0,33.1832285203614,33.1832285203614,0.0,0.0,1.739244123550204,0.0,0.0,0.0,427.5,0.0,0.0,535.7186144084172
normal_grid,22,0,0,1,0,0.0,0.0,200.0,2.0,33.55021286930235,33.55021286930235,0.0,0.0,1.7193087154141828,0.0,0.0,0.0,427.5,0.0,0.0,535.7186144084172
normal_grid,23,0,0,1,0,0.0,0.0,200.0,2.0,34.297948524235515,34.297948524235515,0.0,0.0,3.7683744187754478,0.0,0.0,0.0,427.5,0.0,0.0,535.7186144084172
normal_grid,24,0,0,1,0,0.0,0.0,200.0,2.0,34.439668647824384,34.439668647824384,0.0,0.0,14.095197016010545,0.0,0.0,0.0,427.5,0.0,0.0,535.7186144084172
normal_grid,25,0,0,1,0,0.0,0.0,200.0,2.0,34.34444676807764,34.34444676807764,0.0,0.0,14.512167154861285,0.0,0.0,0.0,427.5,0.0,0.0,535.7186144084172
normal_grid,26,0,0,1,0,0.0,0.0,200.0,2.0,35.23637133859876,35.23637133859876,0.0,0.0,13.209539374519885,0.0,0.0,0.0,427.5,0.0,0.0,535.7186144084172
normal_grid,27,0,0,1,0,0.0,0.0,200.0,2.0,35.330803810522866,35.330803810522866,0.0,0.0,13.403692525658263,0.0,0.0,0.0,427.5,0.0,0.0,535.7186144084172
normal_grid,28,0,0,1,0,0.0,0.0,200.0,2.0,34.69235914548608,34.69235914548608,0.0,0.0,14.540645057424952,0.0,0.0,0.0,427.5,0.0,0.0,535.7186144084172
normal_grid,29,0,0,1,0,0.0,0.0,200.0,2.0,36.16827259309877,36.16827259309877,0.0,0.0,15.588340800882953,0.0,0.0,0.0,427.5,0.0,0.0,535.7186144084172
normal_grid,30,0,0,1,0,0.0,0.0,200.0,2.0,35.37080347166517,35.37080347166517,0.0,0.0,11.171744163566466,0.0,0.0,0.0,427.5,0.0,0.0,535.7186144084172
normal_grid,31,0,0,1,0,0.0,0.0,300.0,3.0,38.234939650061236,38.234939650061236,0.0,0.0,0.0,0.0,0.0,0.0,427.5,34.748054885147184,0.0,568.7292665493071
normal_grid,32,0,0,1,0,0.0,0.0,300.0,3.0,38.211795603194695,38.211795603194695,0.0,0.0,0.0,0.0,0.0,0.0,427.5,24.526787828194472,0.0,592.0297149860919
normal_grid,33,0,0,1,0,0.0,0.0,300.0,3.0,38.50491431940168,38.50491431940168,0.0,0.0,0.0,0.0,0.0,0.0,427.5,46.79309570755362,0.0,636.4831559082678
normal_grid,34,0,0,1,0,0.0,0.0,300.0,3.0,36.658938164710776,36.658938164710776,0.0,0.0,0.0,0.0,0.0,0.0,427.5,8.711868091740072,0.0,644.7594305954209
normal_grid,35,0,0,1,0,0.0,0.0,300.0,3.0,37.397008944442504,37.397008944442504,0.0,0.0,0.0,0.0,0.0,0.0,427.5,13.551690733948561,0.0,657.633536792672
normal_grid,36,0,0,0,0,0.0,0.0,0.0,3.0,37.394050492457595,0.0,157.55902216350236,38.25455542212245,0.0,37.394050492457595,0.0,0.0,389.34280561994126,0.0,0.0,657.633536792672
normal_grid,37,0,0,1,0,0.0,0.0,300.0,3.0,35.19835975565525,35.19835975565525,0.0,0.0,0.0,0.0,0.0,0.0,389.34280561994126,13.625393506861315,0.0,670.5776606241902
normal_grid,38,0,0,1,0,0.0,0.0,300.0,3.0,35.80562044103968,35.80562044103968,0.0,0.0,0.0,0.0,0.0,0.0,389.34280561994126,5.752991520571129,0.0,676.0430025687328
normal_grid,39,0,0,1,0,0.0,0.0,300.0,3.0,35.70392824895246,35.70392824895246,0.0,0.0,0.0,0.0,0.0,0.0,389.34280561994126,35.00306380716112,0.0,709.2959131855359
normal_grid,40,0,0,1,0,0.0,0.0,300.0,3.0,34.680126492489215,34.680126492489215,0.0,0.0,0.0,0.0,0.0,0.0,389.34280561994126,39.599604481404235,0.0,746.91553744287
normal_grid,41,0,0,1,0,0.0,0.0,300.0,3.0,34.150673769798004,34.150673769798004,0.0,0.0,0.0,0.0,0.0,0.0,389.34280561994126,19.100256445360067,0.0,765.060781065962
normal_grid,42,0,0,1,0,0.0,0.0,300.0,3.0,33.94840956822312,33.94840956822312,0.0,0.0,0.0,0.0,0.0,0.0,389.34280561994126,49.90597817688202,0.0,812.471460334
normal_grid,43,0,0,1,0,0.0,0.0,300.0,3.0,33.02721381459559,33.02721381459559,0.0,0.0,0.0,0.0,0.0,0.0,389.34280561994126,24.321561899380242,0.0,835.5769441384112
normal_grid,44,0,0,1,0,0.0,0.0,200.0,2.0,32.58011091324637,32.58011091324637,0.0,0.0,15.281620629654894,0.0,0.0,0.0,389.34280561994126,0.0,0.0,835.5769441384112
normal_grid,45,0,0,1,0,0.0,0.0,200.0,2.0,33.585699098215365,33.585699098215365,0.0,0.0,15.411756662896796,0.0,0.0,0.0,389.34280561994126,0.0,0.0,835.5769441384112
normal_grid,46,0,0,1,0,0.0,0.0,200.0,2.0,33.55542600797957,33.55542600797957,0.0,0.0,14.605817450261611,0.0,0.0,0.0,389.34280561994126,0.0,0.0,835.5769441384112
normal_grid,47,0,0,1,0,0.0,0.0,200.0,2.0,32.81067066682067,32.81067066682067,0.0,0.0,14.812775009268462,0.0,0.0,0.0,389.34280561994126,0.0,0.0,835.5769441384112
normal_grid,48,0,0,1,0,0.0,0.0,200.0,2.0,33.45667898379802,33.45667898379802,0.0,0.0,12.822985237916198,0.0,0.0,0.0,389.34280561994126,0.0,0.0,835.5769441384112
normal_grid,49,0,0,1,0,0.0,0.0,200.0,2.0,34.18513962448918,34.18513962448918,0.0,0.0,12.902189468558062,0.0,0.0,0.0,389.34280561994126,0.0,0.0,835.5769441384112
normal_grid,50,0,0,1,0,0.0,0.0,200.0,2.0,33.797334680939755,33.797334680939755,0.0,0.0,13.245262512940092,0.0,0.0,0.0,389.34280561994126,0.0,0.0,835.5769441384112
normal_grid,51,0,0,1,0,0.0,0.0,200.0,2.0,36.45357867605848,36.45357867605848,0.0,0.0,14.520271112939312,0.0,0.0,0.0,389.34280561994126,0.0,0.0,835.5769441384112
normal_grid,52,0,0,1,0,0.0,0.0,200.0,2.0,36.40709440006008,36.40709440006008,0.0,0.0,15.628636244774283,0.0,0.0,0.0,389.34280561994126,0.0,0.0,835.5769441384112
normal_grid,53,0,0,1,0,0.0,0.0,200.0,2.0,37.07723836871407,37.07723836871407,0.0,0.0,14.718713661013195,0.0,0.0,0.0,389.34280561994126,0.0,0.0,835.5769441384112
normal_grid,54,0,0,1,0,0.0,0.0,299.3768370111373,3.0,36.17060873427488,36.17060873427488,0.0,0.0,0.0,0.0,20.452748976581173,20.452748976581173,409.3864996169908,0.0,0.0,835.5769441384112
normal_grid,55,0,0,1,0,0.0,0.0,300.0,3.0,37.979793781440065,37.979793781440065,0.0,0.0,0.0,0.0,18.48316365613183,18.48316365613183,427.5,0.0,0.0,835.5769441384112
normal_grid,56,0,0,1,0,0.0,0.0,300.0,3.0,37.018590365426576,37.018590365426576,0.0,0.0,0.0,0.0,0.0,0.0,427.5,52.316739644785486,0.0,885.2778468009575
normal_grid,57,0,0,1,0,0.0,0.0,300.0,3.0,36.43118263559038,36.43118263559038,0.0,0.0,0.0,0.0,0.0,0.0,427.5,45.88023799325121,0.0,928.8640728945461
normal_grid,58,0,0,1,0,0.0,0.0,300.0,3.0,38.09781279081587,38.09781279081587,0.0,0.0,0.0,0.0,0.0,0.0,427.5,14.949250581316022,0.0,943.0658609467963
normal_grid,59,0,0,1,0,0.0,0.0,300.0,3.0,36.17627031130976,36.17627031130976,0.0,0.0,0.0,0.0,0.0,0.0,427.5,39.824556443164056,0.0,980.8991895678022
normal_grid,60,0,0,1,0,0.0,0.0,300.0,3.0,36.57969401422443,36.57969401422443,0.0,0.0,0.0,0.0,0.0,0.0,427.5,38.844281489698844,0.0,1017.8012569830161
normal_grid,61,0,0,1,0,0.0,0.0,300.0,3.0,36.73543698811987,36.73543698811987,0.0,0.0,0.0,0.0,0.0,0.0,427.5,35.421975082671885,0.0,1051.4521333115545
normal_grid,62,0,0,1,0,0.0,0.0,244.98428158294394,3.0,36.320602876291126,36.320602876291126,0.0,0.0,13.287710983222397,0.0,0.0,0.0,427.5,1.0,0.0,1052.4021333115545
normal_grid,63,0,0,1,0,0.0,0.0,300.0,3.0,36.727611523098375,36.727611523098375,0.0,0.0,0.0,0.0,0.0,0.0,427.5,33.43375878733459,0.0,1084.1642041595223
normal_grid,64,0,0,1,0,0.0,0.0,300.0,3.0,35.702371669565856,35.702371669565856,0.0,0.0,0.0,0.0,0.0,0.0,427.5,39.67882706991617,0.0,1121.8590898759428
normal_grid,65,0,0,1,0,0.0,0.0,300.0,3.0,33.193898640305136,33.193898640305136,0.0,0.0,0.0,0.0,0.0,0.0,427.5,53.11722403834941,0.0,1172.3204527123748
normal_grid,66,0,0,1,0,0.0,0.0,297.02912379579743,3.0,33.3974474517962,33.3974474517962,0.0,0.0,0.0,0.0,0.0,0.0,427.5,51.48349629305908,0.0,1221.229774190781
normal_grid,67,0,0,1,0,0.0,0.0,300.0,3.0,33.24499856612988,33.24499856612988,0.0,0.0,0.0,0.0,0.0,0.0,427.5,57.143842295510986,0.0,1275.5164243715165
normal_grid,68,0,0,1,0,0.0,0.0,200.0,2.0,33.626564459468284,33.626564459468284,0.0,0.0,16.52024338124494,0.0,0.0,0.0,427.5,0.0,25.17742702755637,1249.0138696056677
normal_grid,69,0,0,1,0,0.0,0.0,200.0,2.0,33.135436046931396,33.135436046931396,0.0,0.0,14.831058916418376,0.0,0.0,0.0,427.5,0.0,21.405331693042527,1226.4819415077282
normal_grid,70,0,0,1,0,0.0,0.0,200.0,2.0,33.463043155199756,33.463043155199756,0.0,0.0,13.380069977462627,0.0,0.0,0.0,427.5,0.0,11.025360354938064,1214.876299028846
normal_grid,71,0,0,1,0,0.0,0.0,200.0,2.0,32.244705215578875,32.244705215578875,0.0,0.0,13.983554335011625,0.0,0.0,0.0,427.5,0.0,14.132484077403705,1200.0
normal_compound,0,0,0,1,0,0.0,0.0,0.0,0.0,32.22145805322157,32.22145805322157,0.0,0.0,9.29100951121767,0.0,0.0,0.0,427.5,0.0,190.88809736194014,999.0651606716419
normal_compound,1,0,0,1,0,0.0,0.0,0.0,0.0,34.355007033022844,34.355007033022844,0.0,0.0,15.056153512727938,0.0,0.0,0.0,427.5,0.0,187.9858651729413,801.1853025948617
normal_compound,2,0,0,1,0,0.0,0.0,0.0,0.0,35.59986906618329,35.59986906618329,0.0,0.0,13.815248361943583,0.0,0.0,0.0,427.5,0.0,195.89463764515415,594.9804208631203
normal_compound,3,0,0,1,0,0.0,0.0,100.0,1.0,36.47482265251211,36.47482265251211,0.0,0.0,14.692467129644129,0.0,0.0,0.0,427.5,0.0,88.85621243968076,501.44756566345643
normal_compound,4,0,0,1,0,0.0,0.0,100.0,1.0,36.358304730830966,36.358304730830966,0.0,0.0,15.257388783610732,0.0,0.0,0.0,427.5,0.0,92.57016397827124,404.00528779159197
normal_compound,5,0,0,1,0,0.0,0.0,100.0,1.0,35.43051609664646,35.43051609664646,0.0,0.0,15.237504066678863,0.0,0.0,0.0,427.5,0.0,100.24465780915097,298.4845953609067
normal_compound,6,0,0,1,0,0.0,0.0,200.0,2.0,36.52484244362809,36.52484244362809,0.0,0.0,8.927797118328066,0.0,0.0,0.0,427.5,0.0,0.0,298.4845953609067
normal_compound,7,0,0,1,0,0.0,0.0,200.0,2.0,37.17112041956775,37.17112041956775,0.0,0.0,16.008467193499015,0.0,0.0,0.0,427.5,0.0,4.285143484825923,293.9739180084584
normal_compound,8,0,0,1,0,0.0,0.0,200.0,2.0,37.25521387494798,37.25521387494798,0.0,0.0,16.298230339963073,0.0,0.0,0.0,427.5,0.0,2.5531272646756946,291.28641562458927
normal_compound,9,0,0,1,0,0.0,0.0,200.0,2.0,37.38705437373236,37.38705437373236,0.0,0.0,16.66598985051584,0.0,0.0,0.0,427.5,0.0,6.34944585599758,284.6027884077497
normal_compound,10,0,0,1,0,0.0,0.0,300.0,3.0,36.709610370030624,36.709610370030624,0.0,0.0,0.0,0.0,0.0,0.0,427.5,28.00081096227541,0.0,311.2035588219113
normal_compound,11,0,0,1,0,0.0,0.0,300.0,3.0,36.65165226186554,36.65165226186554,0.0,0.0,0.0,0.0,0.0,0.0,427.5,9.567807333038079,0.0,320.2929757882975
normal_compound,12,0,0,1,0,0.0,0.0,300.0,3.0,35.506044761729655,35.506044761729655,0.0,0.0,0.0,0.0,0.0,0.0,427.5,40.32732315539054,0.0,358.6039327859185
normal_compound,13,0,0,1,0,0.0,0.0,300.0,3.0,37.28979348249677,37.28979348249677,0.0,0.0,0.0,0.0,0.0,0.0,427.5,3.108666674176014,0.0,361.5571661263857
normal_compound,14,0,0,1,0,0.0,0.0,300.0,3.0,35.73827693541722,35.73827693541722,0.0,0.0,0.0,0.0,0.0,0.0,427.5,45.72784995411363,0.0,404.99862358279364
normal_compound,15,0,0,1,0,0.0,0.0,300.0,3.0,35.92234833913645,35.92234833913645,0.0,0.0,0.0,0.0,0.0,0.0,427.5,38.35475905874547,0.0,441.4356446886018
normal_compound,16,0,0,1,0,0.0,0.0,300.0,3.0,35.194818131826594,35.194818131826594,0.0,0.0,0.0,0.0,0.0,0.0,427.5,17.737117798188905,0.0,458.28590659688126
normal_compound,17,0,0,1,0,0.0,0.0,300.0,3.0,34.33622728435941,34.33622728435941,0.0,0.0,0.0,0.0,0.0,0.0,427.5,15.35004390536534,0.0,472.86844830697834
normal_compound,18,0,0,1,0,0.0,0.0,300.0,3.0,33.646049677808314,33.646049677808314,0.0,0.0,0.0,0.0,0.0,0.0,427.5,44.801182900795325,0.0,515.4295720627339
normal_compound,19,0,0,1,0,0.0,0.0,300.0,3.0,33.87499000641878,33.87499000641878,0.0,0.0,0.0,0.0,0.0,0.0,427.5,21.356886679666673,0.0,535.7186144084172
normal_compound,20,0,0,1,0,0.0,0.0,200.0,2.0,33.22264034287458,33.22264034287458,0.0,0.0,9.44081451010565,0.0,0.0,0.0,427.5,0.0,0.0,535.7186144084172
normal_compound,21,0,0,1,0,0.0,0.0,200.0,2.0,33.1832285203614,33.1832285203614,0.0,0.0,1.739244123550204,0.0,0.0,0.0,427.5,0.0,0.0,535.7186144084172
normal_compound,22,0,0,1,0,0.0,0.0,200.0,2.0,33.55021286930235,33.55021286930235,0.0,0.0,1.7193087154141828,0.0,0.0,0.0,427.5,0.0,0.0,535.7186144084172
normal_compound,23,0,0,1,0,0.0,0.0,200.0,2.0,34.297948524235515,34.297948524235515,0.0,0.0,3.7683744187754478,0.0,0.0,0.0,427.5,0.0,0.0,535.7186144084172
normal_compound,24,0,0,1,0,0.0,0.0,200.0,2.0,34.439668647824384,34.439668647824384,0.0,0.0,14.095197016010545,0.0,0.0,0.0,427.5,0.0,0.0,535.7186144084172
normal_compound,25,0,0,1,0,0.0,0.0,200.0,2.0,34.34444676807764,34.34444676807764,0.0,0.0,14.512167154861285,0.0,0.0,0.0,427.5,0.0,0.0,535.7186144084172
normal_compound,26,0,0,1,0,0.0,0.0,200.0,2.0,35.23637133859876,35.23637133859876,0.0,0.0,13.209539374519885,0.0,0.0,0.0,427.5,0.0,0.0,535.7186144084172
normal_compound,27,0,0,1,0,0.0,0.0,200.0,2.0,35.330803810522866,35.330803810522866,0.0,0.0,13.403692525658263,0.0,0.0,0.0,427.5,0.0,0.0,535.7186144084172
normal_compound,28,0,0,1,0,0.0,0.0,200.0,2.0,34.69235914548608,34.69235914548608,0.0,0.0,14.540645057424952,0.0,0.0,0.0,427.5,0.0,0.0,535.7186144084172
normal_compound,29,0,0,1,0,0.0,0.0,200.0,2.0,36.16827259309877,36.16827259309877,0.0,0.0,15.588340800882953,0.0,0.0,0.0,427.5,0.0,0.0,535.7186144084172
normal_compound,30,0,0,1,0,0.0,0.0,200.0,2.0,35.37080347166517,35.37080347166517,0.0,0.0,11.171744163566466,0.0,0.0,0.0,427.5,0.0,0.0,535.7186144084172
normal_compound,31,0,0,1,0,0.0,0.0,300.0,3.0,38.234939650061236,38.234939650061236,0.0,0.0,0.0,0.0,0.0,0.0,427.5,34.748054885147184,0.0,568.7292665493071
normal_compound,32,0,0,1,0,0.0,0.0,300.0,3.0,38.211795603194695,38.211795603194695,0.0,0.0,0.0,0.0,0.0,0.0,427.5,24.526787828194472,0.0,592.0297149860919
normal_compound,33,0,0,1,0,0.0,0.0,300.0,3.0,38.50491431940168,38.50491431940168,0.0,0.0,0.0,0.0,0.0,0.0,427.5,46.79309570755362,0.0,636.4831559082678
normal_compound,34,0,0,1,0,0.0,0.0,300.0,3.0,36.658938164710776,36.658938164710776,0.0,0.0,0.0,0.0,0.0,0.0,427.5,8.711868091740072,0.0,644.7594305954209
normal_compound,35,0,0,1,0,0.0,0.0,300.0,3.0,37.397008944442504,37.397008944442504,0.0,0.0,0.0,0.0,0.0,0.0,427.5,13.551690733948561,0.0,657.633536792672
normal_compound,36,0,0,1,1,0.0,0.0,300.0,3.0,37.394050492457595,37.394050492457595,0.0,0.0,0.0,0.0,0.0,0.0,427.5,6.792371921917606,0.0,664.0862901184937
normal_compound,37,0,0,1,1,0.0,0.0,300.0,3.0,35.19835975565525,35.19835975565525,0.0,0.0,0.0,0.0,0.0,0.0,427.5,13.625393506861428,0.0,677.0304139500121
normal_compound,38,0,0,1,1,0.0,0.0,300.0,3.0,35.80562044103968,35.80562044103968,0.0,0.0,0.0,0.0,0.0,0.0,427.5,36.28888990543317,0.0,711.5048593601736
normal_compound,39,0,0,1,1,0.0,0.0,300.0,3.0,35.70392824895246,35.70392824895246,0.0,0.0,0.0,0.0,0.0,0.0,427.5,41.003063807161254,0.0,750.4577699769767
normal_compound,40,0,0,1,1,0.0,0.0,300.0,3.0,34.680126492489215,34.680126492489215,0.0,0.0,0.0,0.0,0.0,0.0,427.5,39.5996044814045,0.0,788.077394234311
normal_compound,41,0,0,1,1,0.0,0.0,300.0,3.0,34.150673769798004,34.150673769798004,0.0,0.0,0.0,0.0,0.0,0.0,427.5,13.928683570106273,0.0,801.3096436259119
normal_compound,42,0,0,1,1,0.0,0.0,299.1265086946289,3.0,33.94840956822312,33.94840956822312,0.0,0.0,0.0,0.0,0.0,0.0,427.5,18.496588486648548,0.0,818.881402688228
normal_compound,43,0,0,1,1,0.0,0.0,300.0,3.0,33.02721381459559,33.02721381459559,0.0,0.0,0.0,0.0,0.0,0.0,427.5,55.49313477463406,0.0,871.5998807241303
normal_compound,44,0,0,1,0,0.0,0.0,200.0,2.0,32.58011091324637,32.58011091324637,0.0,0.0,15.281620629654888,0.0,0.0,0.0,427.5,0.0,0.0,871.5998807241303
normal_compound,45,0,0,1,0,0.0,0.0,200.0,2.0,33.585699098215365,33.585699098215365,0.0,0.0,15.411756662896869,0.0,0.0,0.0,427.5,0.0,0.0,871.5998807241303
normal_compound,46,0,0,1,0,0.0,0.0,200.0,2.0,33.55542600797957,33.55542600797957,0.0,0.0,14.605817450261611,0.0,0.0,0.0,427.5,0.0,0.0,871.5998807241303
normal_compound,47,0,0,1,0,0.0,0.0,200.0,2.0,32.81067066682067,32.81067066682067,0.0,0.0,14.812775009268462,0.0,0.0,0.0,427.5,0.0,0.0,871.5998807241303
normal_compound,48,0,0,1,0,0.0,0.0,200.0,2.0,33.45667898379802,33.45667898379802,0.0,0.0,12.822985237916198,0.0,0.0,0.0,427.5,0.0,0.0,871.5998807241303
normal_compound,49,0,0,1,0,0.0,0.0,200.0,2.0,34.18513962448918,34.18513962448918,0.0,0.0,12.902189468558047,0.0,0.0,0.0,427.5,0.0,0.0,871.5998807241303
normal_compound,50,0,0,1,0,0.0,0.0,200.0,2.0,33.797334680939755,33.797334680939755,0.0,0.0,13.245262512940092,0.0,0.0,0.0,427.5,0.0,0.0,871.5998807241303
normal_compound,51,0,0,1,0,0.0,0.0,200.0,2.0,36.45357867605848,36.45357867605848,0.0,0.0,14.520271112939312,0.0,0.0,0.0,427.5,0.0,0.0,871.5998807241303
normal_compound,52,0,0,1,0,0.0,0.0,200.0,2.0,36.40709440006008,36.40709440006008,0.0,0.0,15.628636244774283,0.0,0.0,0.0,427.5,0.0,0.0,871.5998807241303
normal_compound,53,0,0,1,0,0.0,0.0,200.0,2.0,37.07723836871407,37.07723836871407,0.0,0.0,12.106787505047809,0.0,0.0,0.0,427.5,0.0,0.0,871.5998807241303
normal_compound,54,0,0,1,0,0.0,0.0,200.0,2.0,36.17060873427488,36.17060873427488,0.0,0.0,15.899637139187762,0.0,0.0,0.0,427.5,0.0,3.0244508953683744,868.41624820269
normal_compound,55,0,0,1,0,0.0,0.0,300.0,3.0,37.979793781440065,37.979793781440065,0.0,0.0,0.0,0.0,0.0,0.0,427.5,22.87710768884763,0.0,890.1495005070952
normal_compound,56,0,0,1,0,0.0,0.0,300.0,3.0,37.018590365426576,37.018590365426576,0.0,0.0,0.0,0.0,0.0,0.0,427.5,32.54773617254568,0.0,921.0698498710136
normal_compound,57,0,0,1,0,0.0,0.0,300.0,3.0,36.43118263559038,36.43118263559038,0.0,0.0,0.0,0.0,0.0,0.0,427.5,54.84597426748515,0.0,973.1735254251245
normal_compound,58,0,0,1,0,0.0,0.0,300.0,3.0,38.09781279081587,38.09781279081587,0.0,0.0,0.0,0.0,0.0,0.0,427.5,29.93942725367267,0.0,1001.6159813161134
normal_compound,59,0,0,1,0,0.0,0.0,300.0,3.0,36.17627031130976,36.17627031130976,0.0,0.0,0.0,0.0,0.0,0.0,427.5,39.82455644316414,0.0,1039.4493099371193
normal_compound,60,0,0,1,0,0.0,0.0,300.0,3.0,36.57969401422443,36.57969401422443,0.0,0.0,0.0,0.0,0.0,0.0,427.5,38.84428148969886,0.0,1076.3513773523332
normal_compound,61,0,0,1,0,0.0,0.0,300.0,3.0,36.73543698811987,36.73543698811987,0.0,0.0,0.0,0.0,0.0,0.0,427.5,35.421975082671764,0.0,1110.0022536808715
normal_compound,62,0,0,1,0,0.0,0.0,300.0,3.0,36.320602876291126,36.320602876291126,0.0,0.0,0.0,0.0,0.0,0.0,427.5,42.72800743383368,0.0,1150.5938607430135
normal_compound,63,0,0,1,0,0.0,0.0,300.0,3.0,36.727611523098375,36.727611523098375,0.0,0.0,0.0,0.0,0.0,0.0,427.5,41.020191423045226,0.0,1189.5630425949064
normal_compound,64,0,0,1,0,0.0,0.0,300.0,3.0,35.702371669565856,35.702371669565856,0.0,0.0,0.0,0.0,0.0,0.0,427.5,16.870869713965007,0.0,1205.590368823173
normal_compound,65,0,0,1,0,0.0,0.0,300.0,3.0,33.193898640305136,33.193898640305136,0.0,0.0,0.0,0.0,0.0,0.0,427.5,33.513094247609075,0.0,1237.4278083584018
normal_compound,66,0,0,1,0,0.0,0.0,264.8621903730833,3.0,33.3974474517962,33.3974474517962,0.0,0.0,0.0,0.0,0.0,0.0,427.5,1.0,0.0,1238.3778083584018
normal_compound,67,0,0,1,0,0.0,0.0,300.0,3.0,33.24499856612988,33.24499856612988,0.0,0.0,0.0,0.0,0.0,0.0,427.5,39.09328001380493,0.0,1275.5164243715165
normal_compound,68,0,0,1,0,0.0,0.0,200.0,2.0,33.626564459468284,33.626564459468284,0.0,0.0,16.520243381244942,0.0,0.0,0.0,427.5,0.0,25.1774270275564,1249.0138696056677
normal_compound,69,0,0,1,0,0.0,0.0,200.0,2.0,33.135436046931396,33.135436046931396,0.0,0.0,14.831058916418405,0.0,0.0,0.0,427.5,0.0,21.40533169304252,1226.4819415077282
normal_compound,70,0,0,1,0,0.0,0.0,200.0,2.0,33.463043155199756,33.463043155199756,0.0,0.0,13.380069977462627,0.0,0.0,0.0,427.5,0.0,11.025360354938016,1214.876299028846
normal_compound,71,0,0,1,0,0.0,0.0,200.0,2.0,32.244705215578875,32.244705215578875,0.0,0.0,13.983554335011593,0.0,0.0,0.0,427.5,0.0,14.132484077403713,1200.0
normal_grid_pcs,0,0,0,1,0,0.0,0.0,0.0,0.0,32.22145805322157,32.22145805322157,0.0,0.0,9.29100951121767,0.0,0.0,0.0,427.5,0.0,190.88809736194014,999.0651606716419
normal_grid_pcs,1,0,0,1,0,0.0,0.0,0.0,0.0,34.355007033022844,34.355007033022844,0.0,0.0,15.056153512727938,0.0,0.0,0.0,427.5,0.0,187.9858651729413,801.1853025948617
normal_grid_pcs,2,0,0,1,0,0.0,0.0,0.0,0.0,35.59986906618329,35.59986906618329,0.0,0.0,13.815248361943583,0.0,0.0,0.0,427.5,0.0,195.89463764515415,594.9804208631203
normal_grid_pcs,3,0,0,1,0,0.0,0.0,100.0,1.0,36.47482265251211,36.47482265251211,0.0,0.0,14.692467129644129,0.0,0.0,0.0,427.5,0.0,88.85621243968076,501.44756566345643
normal_grid_pcs,4,0,0,1,0,0.0,0.0,100.0,1.0,36.358304730830966,36.358304730830966,0.0,0.0,15.257388783610732,0.0,0.0,0.0,427.5,0.0,92.57016397827124,404.00528779159197
normal_grid_pcs,5,0,0,1,0,0.0,0.0,100.0,1.0,35.43051609664646,35.43051609664646,0.0,0.0,15.237504066678863,0.0,0.0,0.0,427.5,0.0,100.24465780915097,298.4845953609067
normal_grid_pcs,6,0,0,1,0,0.0,0.0,200.0,2.0,36.52484244362809,36.52484244362809,0.0,0.0,8.927797118328066,0.0,0.0,0.0,427.5,0.0,0.0,298.4845953609067
normal_grid_pcs,7,0,0,1,0,0.0,0.0,200.0,2.0,37.17112041956775,37.17112041956775,0.0,0.0,16.008467193499015,0.0,0.0,0.0,427.5,0.0,4.285143484825923,293.9739180084584
normal_grid_pcs,8,0,0,1,0,0.0,0.0,200.0,2.0,37.25521387494798,37.25521387494798,0.0,0.0,16.298230339963073,0.0,0.0,0.0,427.5,0.0,2.5531272646756946,291.28641562458927
normal_grid_pcs,9,0,0,1,0,0.0,0.0,200.0,2.0,37.38705437373236,37.38705437373236,0.0,0.0,16.66598985051584,0.0,0.0,0.0,427.5,0.0,6.34944585599758,284.6027884077497
normal_grid_pcs,10,0,0,1,0,0.0,0.0,300.0,3.0,36.709610370030624,36.709610370030624,0.0,0.0,0.0,0.0,0.0,0.0,427.5,28.00081096227541,0.0,311.2035588219113
normal_grid_pcs,11,0,0,1,0,0.0,0.0,300.0,3.0,36.65165226186554,36.65165226186554,0.0,0.0,0.0,0.0,0.0,0.0,427.5,9.567807333038079,0.0,320.2929757882975
normal_grid_pcs,12,0,0,1,0,0.0,0.0,300.0,3.0,35.506044761729655,35.506044761729655,0.0,0.0,0.0,0.0,0.0,0.0,427.5,40.32732315539054,0.0,358.6039327859185
normal_grid_pcs,13,0,0,1,0,0.0,0.0,300.0,3.0,37.28979348249677,37.28979348249677,0.0,0.0,0.0,0.0,0.0,0.0,427.5,3.108666674176014,0.0,361.5571661263857
normal_grid_pcs,14,0,0,1,0,0.0,0.0,300.0,3.0,35.73827693541722,35.73827693541722,0.0,0.0,0.0,0.0,0.0,0.0,427.5,45.72784995411363,0.0,404.99862358279364
normal_grid_pcs,15,0,0,1,0,0.0,0.0,300.0,3.0,35.92234833913645,35.92234833913645,0.0,0.0,0.0,0.0,0.0,0.0,427.5,38.35475905874547,0.0,441.4356446886018
normal_grid_pcs,16,0,0,1,0,0.0,0.0,300.0,3.0,35.194818131826594,35.194818131826594,0.0,0.0,0.0,0.0,0.0,0.0,427.5,17.737117798188905,0.0,458.28590659688126
normal_grid_pcs,17,0,0,1,0,0.0,0.0,300.0,3.0,34.33622728435941,34.33622728435941,0.0,0.0,0.0,0.0,0.0,0.0,427.5,15.35004390536534,0.0,472.86844830697834
normal_grid_pcs,18,0,0,1,0,0.0,0.0,300.0,3.0,33.646049677808314,33.646049677808314,0.0,0.0,0.0,0.0,0.0,0.0,427.5,44.801182900795325,0.0,515.4295720627339
normal_grid_pcs,19,0,0,1,0,0.0,0.0,300.0,3.0,33.87499000641878,33.87499000641878,0.0,0.0,0.0,0.0,0.0,0.0,427.5,21.356886679666673,0.0,535.7186144084172
normal_grid_pcs,20,0,0,1,0,0.0,0.0,200.0,2.0,33.22264034287458,33.22264034287458,0.0,0.0,9.44081451010565,0.0,0.0,0.0,427.5,0.0,0.0,535.7186144084172
normal_grid_pcs,21,0,0,1,0,0.0,0.0,200.0,2.0,33.1832285203614,33.1832285203614,0.0,0.0,1.739244123550204,0.0,0.0,0.0,427.5,0.0,0.0,535.7186144084172
normal_grid_pcs,22,0,0,1,0,0.0,0.0,200.0,2.0,33.55021286930235,33.55021286930235,0.0,0.0,1.7193087154141828,0.0,0.0,0.0,427.5,0.0,0.0,535.7186144084172
normal_grid_pcs,23,0,0,1,0,0.0,0.0,200.0,2.0,34.297948524235515,34.297948524235515,0.0,0.0,3.7683744187754478,0.0,0.0,0.0,427.5,0.0,0.0,535.7186144084172
normal_grid_pcs,24,0,0,1,0,0.0,0.0,200.0,2.0,34.439668647824384,34.439668647824384,0.0,0.0,14.095197016010545,0.0,0.0,0.0,427.5,0.0,0.0,535.7186144084172
normal_grid_pcs,25,0,0,1,0,0.0,0.0,200.0,2.0,34.34444676807764,34.34444676807764,0.0,0.0,14.512167154861285,0.0,0.0,0.0,427.5,0.0,0.0,535.7186144084172
normal_grid_pcs,26,0,0,1,0,0.0,0.0,200.0,2.0,35.23637133859876,35.23637133859876,0.0,0.0,13.209539374519885,0.0,0.0,0.0,427.5,0.0,0.0,535.7186144084172
normal_grid_pcs,27,0,0,1,0,0.0,0.0,200.0,2.0,35.330803810522866,35.330803810522866,0.0,0.0,13.403692525658263,0.0,0.0,0.0,427.5,0.0,0.0,535.7186144084172
normal_grid_pcs,28,0,0,1,0,0.0,0.0,200.0,2.0,34.69235914548608,34.69235914548608,0.0,0.0,14.540645057424952,0.0,0.0,0.0,427.5,0.0,0.0,535.7186144084172
normal_grid_pcs,29,0,0,1,0,0.0,0.0,200.0,2.0,36.16827259309877,36.16827259309877,0.0,0.0,15.588340800882953,0.0,0.0,0.0,427.5,0.0,0.0,535.7186144084172
normal_grid_pcs,30,0,0,1,0,0.0,0.0,200.0,2.0,35.37080347166517,35.37080347166517,0.0,0.0,11.171744163566466,0.0,0.0,0.0,427.5,0.0,0.0,535.7186144084172
normal_grid_pcs,31,0,0,1,0,0.0,0.0,300.0,3.0,38.234939650061236,38.234939650061236,0.0,0.0,0.0,0.0,0.0,0.0,427.5,34.748054885147184,0.0,568.7292665493071
normal_grid_pcs,32,0,0,1,0,0.0,0.0,300.0,3.0,38.211795603194695,38.211795603194695,0.0,0.0,0.0,0.0,0.0,0.0,427.5,24.526787828194472,0.0,592.0297149860919
normal_grid_pcs,33,0,0,1,0,0.0,0.0,300.0,3.0,38.50491431940168,38.50491431940168,0.0,0.0,0.0,0.0,0.0,0.0,427.5,46.79309570755362,0.0,636.4831559082678
normal_grid_pcs,34,0,0,1,0,0.0,0.0,300.0,3.0,36.658938164710776,36.658938164710776,0.0,0.0,0.0,0.0,0.0,0.0,427.5,8.711868091740072,0.0,644.7594305954209
normal_grid_pcs,35,0,0,1,0,0.0,0.0,300.0,3.0,37.397008944442504,37.397008944442504,0.0,0.0,0.0,0.0,0.0,0.0,427.5,13.551690733948561,0.0,657.633536792672
normal_grid_pcs,36,0,0,1,0,0.0,0.0,293.2076280780824,3.0,37.394050492457595,37.394050492457595,0.0,0.0,0.0,0.0,0.0,0.0,427.5,0.0,0.0,657.633536792672
normal_grid_pcs,37,0,0,1,0,0.0,0.0,286.3746064931387,3.0,35.19835975565525,35.19835975565525,0.0,0.0,0.0,0.0,0.0,0.0,427.5,0.0,0.0,657.633536792672
normal_grid_pcs,38,0,0,1,0,0.0,0.0,294.24700847942904,3.0,35.80562044103968,35.80562044103968,0.0,0.0,0.0,0.0,0.0,0.0,427.5,0.0,0.0,657.633536792672
normal_grid_pcs,39,0,0,1,0,0.0,0.0,289.1332328876825,3.0,35.70392824895246,35.70392824895246,0.0,0.0,0.0,0.0,0.0,0.0,427.5,0.0,0.0,657.633536792672
normal_grid_pcs,40,0,0,1,0,0.0,0.0,300.0,3.0,34.680126492489215,34.680126492489215,0.0,0.0,0.0,0.0,0.0,0.0,427.5,39.59960448140444,0.0,695.2531610500062
normal_grid_pcs,41,0,0,1,0,0.0,0.0,300.0,3.0,34.150673769798004,34.150673769798004,0.0,0.0,0.0,0.0,0.0,0.0,427.5,44.064980264949995,0.0,737.1148923017087
normal_grid_pcs,42,0,0,1,0,0.0,0.0,300.0,3.0,33.94840956822312,33.94840956822312,0.0,0.0,0.0,0.0,0.0,0.0,427.5,49.90597817688194,0.0,784.5255715697465
normal_grid_pcs,43,0,0,1,0,0.0,0.0,300.0,3.0,33.02721381459559,33.02721381459559,0.0,0.0,0.0,0.0,0.0,0.0,427.5,55.49313477463407,0.0,837.2440496056488
normal_grid_pcs,44,0,0,1,0,0.0,0.0,200.0,2.0,32.58011091324637,32.58011091324637,0.0,0.0,15.281620629654894,0.0,0.0,0.0,427.5,0.0,0.0,837.2440496056488
normal_grid_pcs,45,0,0,1,0,0.0,0.0,200.0,2.0,33.585699098215365,33.585699098215365,0.0,0.0,15.411756662896869,0.0,0.0,0.0,427.5,0.0,0.0,837.2440496056488
normal_grid_pcs,46,0,0,1,0,0.0,0.0,200.0,2.0,33.55542600797957,33.55542600797957,0.0,0.0,14.605817450261611,0.0,0.0,0.0,427.5,0.0,0.0,837.2440496056488
normal_grid_pcs,47,0,0,1,0,0.0,0.0,200.0,2.0,32.81067066682067,32.81067066682067,0.0,0.0,14.812775009268462,0.0,0.0,0.0,427.5,0.0,0.0,837.2440496056488
normal_grid_pcs,48,0,0,1,0,0.0,0.0,200.0,2.0,33.45667898379802,33.45667898379802,0.0,0.0,12.822985237916198,0.0,0.0,0.0,427.5,0.0,0.0,837.2440496056488
normal_grid_pcs,49,0,0,1,0,0.0,0.0,200.0,2.0,34.18513962448918,34.18513962448918,0.0,0.0,12.902189468558062,0.0,0.0,0.0,427.5,0.0,0.0,837.2440496056488
normal_grid_pcs,50,0,0,1,0,0.0,0.0,200.0,2.0,33.797334680939755,33.797334680939755,0.0,0.0,13.245262512940092,0.0,0.0,0.0,427.5,0.0,0.0,837.2440496056488
normal_grid_pcs,51,0,0,1,0,0.0,0.0,200.0,2.0,36.45357867605848,36.45357867605848,0.0,0.0,11.908344956974036,0.0,0.0,0.0,427.5,0.0,0.0,837.2440496056488
normal_grid_pcs,52,0,0,1,0,0.0,0.0,200.0,2.0,36.40709440006008,36.40709440006008,0.0,0.0,15.62863624477428,0.0,0.0,0.0,427.5,0.0,0.0,837.2440496056488
normal_grid_pcs,53,0,0,1,0,0.0,0.0,200.0,2.0,37.07723836871407,37.07723836871407,0.0,0.0,14.718713661013195,0.0,0.0,0.0,427.5,0.0,0.0,837.2440496056488
normal_grid_pcs,54,0,0,1,0,0.0,0.0,200.0,2.0,36.17060873427488,36.17060873427488,0.0,2.024450895368475,15.899637139187618,0.0,0.0,0.0,427.5,0.0,1.0,836.1914180267014
normal_grid_pcs,55,0,0,1,0,0.0,0.0,300.0,3.0,37.979793781440065,37.979793781440065,0.0,0.0,0.0,0.0,0.0,0.0,427.5,26.260066230008746,0.0,861.13848094521
normal_grid_pcs,56,0,0,1,0,0.0,0.0,300.0,3.0,37.018590365426576,37.018590365426576,0.0,0.0,0.0,0.0,0.0,0.0,427.5,52.31673964478546,0.0,910.8393836077561
normal_grid_pcs,57,0,0,1,0,0.0,0.0,300.0,3.0,36.43118263559038,36.43118263559038,0.0,0.0,0.0,0.0,0.0,0.0,427.5,36.52941139714028,0.0,945.5423244350393
normal_grid_pcs,58,0,0,1,0,0.0,0.0,300.0,3.0,38.09781279081587,38.09781279081587,0.0,0.0,0.0,0.0,0.0,0.0,427.5,48.94925058131605,0.0,992.0441124872896
normal_grid_pcs,59,0,0,1,0,0.0,0.0,300.0,3.0,36.17627031130976,36.17627031130976,0.0,0.0,0.0,0.0,0.0,0.0,427.5,39.82455644316403,0.0,1029.8774411082954
normal_grid_pcs,60,0,0,1,0,0.0,0.0,300.0,3.0,36.57969401422443,36.57969401422443,0.0,0.0,0.0,0.0,0.0,0.0,427.5,38.84428148969881,0.0,1066.779508523509
normal_grid_pcs,61,0,0,1,0,0.0,0.0,300.0,3.0,36.73543698811987,36.73543698811987,0.0,0.0,0.0,0.0,0.0,0.0,427.5,24.0056337777983,0.0,1089.5848606124175
normal_grid_pcs,62,0,0,1,0,0.0,0.0,300.0,3.0,36.320602876291126,36.320602876291126,0.0,0.0,0.0,0.0,0.0,0.0,427.5,12.192109048971425,0.0,1101.1673642089404
normal_grid_pcs,63,0,0,1,0,0.0,0.0,300.0,3.0,36.727611523098375,36.727611523098375,0.0,0.0,0.0,0.0,0.0,0.0,427.5,41.0201914230452,0.0,1140.1365460608333
normal_grid_pcs,64,0,0,1,0,0.0,0.0,300.0,3.0,35.702371669565856,35.702371669565856,0.0,0.0,0.0,0.0,0.0,0.0,427.5,39.67882706991617,0.0,1177.8314317772538
normal_grid_pcs,65,0,0,1,0,0.0,0.0,277.0190726564943,3.0,33.193898640305136,33.193898640305136,0.0,0.0,0.0,0.0,0.0,0.0,427.5,0.0,0.0,1177.8314317772538
normal_grid_pcs,66,0,0,1,0,0.0,0.0,300.0,3.0,33.3974474517962,33.3974474517962,0.0,0.0,0.0,0.0,0.0,0.0,427.5,23.91847411239945,0.0,1200.5539821840332
normal_grid_pcs,67,0,0,1,0,0.0,0.0,300.0,3.0,33.24499856612988,33.24499856612988,0.0,0.0,0.0,0.0,0.0,0.0,427.5,57.14384229551098,0.0,1254.8406323647687
normal_grid_pcs,68,0,0,1,0,0.0,0.0,200.0,2.0,33.626564459468284,33.626564459468284,0.0,0.0,16.520243381244946,0.0,0.0,0.0,427.5,0.0,25.1774270275564,1228.3380775989199
normal_grid_pcs,69,0,0,1,0,0.0,0.0,200.0,2.0,33.135436046931396,33.135436046931396,0.0,14.831058916418376,14.831058916418376,0.0,0.0,0.0,427.5,0.0,6.574272776624135,1221.4177904656312
normal_grid_pcs,70,0,0,1,0,0.0,0.0,200.0,2.0,33.463043155199756,33.463043155199756,4.810943489992058,0.0,13.380069977462627,0.0,0.0,0.0,427.5,0.0,6.214416864945974,1214.876299028846
normal_grid_pcs,71,0,0,1,0,0.0,0.0,200.0,2.0,32.244705215578875,32.244705215578875,0.0,0.0,13.983554335011625,0.0,0.0,0.0,427.5,0.0,14.13248407740371,1200.0
normal_grid_ups,0,0,0,1,0,0.0,0.0,0.0,0.0,32.22145805322157,32.22145805322157,0.0,0.0,9.29100951121767,0.0,0.0,0.0,427.5,0.0,190.88809736194014,999.0651606716419
normal_grid_ups,1,0,0,1,0,0.0,0.0,0.0,0.0,34.355007033022844,34.355007033022844,0.0,0.0,15.056153512727938,0.0,0.0,0.0,427.5,0.0,187.9858651729413,801.1853025948617
normal_grid_ups,2,0,0,1,0,0.0,0.0,0.0,0.0,35.59986906618329,35.59986906618329,0.0,0.0,13.815248361943583,0.0,0.0,0.0,427.5,0.0,195.89463764515415,594.9804208631203
normal_grid_ups,3,0,0,1,0,0.0,0.0,100.0,1.0,36.47482265251211,36.47482265251211,0.0,0.0,14.692467129644129,0.0,0.0,0.0,427.5,0.0,88.85621243968076,501.44756566345643
normal_grid_ups,4,0,0,1,0,0.0,0.0,100.0,1.0,36.358304730830966,36.358304730830966,0.0,0.0,15.257388783610732,0.0,0.0,0.0,427.5,0.0,92.57016397827124,404.00528779159197
normal_grid_ups,5,0,0,1,0,0.0,0.0,100.0,1.0,35.43051609664646,35.43051609664646,0.0,0.0,15.237504066678863,0.0,0.0,0.0,427.5,0.0,100.24465780915097,298.4845953609067
normal_grid_ups,6,0,0,1,0,0.0,0.0,200.0,2.0,36.52484244362809,36.52484244362809,0.0,0.0,8.927797118328066,0.0,0.0,0.0,427.5,0.0,0.0,298.4845953609067
normal_grid_ups,7,0,0,1,0,0.0,0.0,200.0,2.0,37.17112041956775,37.17112041956775,0.0,0.0,16.008467193499015,0.0,0.0,0.0,427.5,0.0,4.285143484825923,293.9739180084584
normal_grid_ups,8,0,0,1,0,0.0,0.0,200.0,2.0,37.25521387494798,37.25521387494798,0.0,0.0,16.298230339963073,0.0,0.0,0.0,427.5,0.0,2.5531272646756946,291.28641562458927
normal_grid_ups,9,0,0,1,0,0.0,0.0,200.0,2.0,37.38705437373236,37.38705437373236,0.0,0.0,16.66598985051584,0.0,0.0,0.0,427.5,0.0,6.34944585599758,284.6027884077497
normal_grid_ups,10,0,0,1,0,0.0,0.0,300.0,3.0,36.709610370030624,36.709610370030624,0.0,0.0,0.0,0.0,0.0,0.0,427.5,28.00081096227541,0.0,311.2035588219113
normal_grid_ups,11,0,0,1,0,0.0,0.0,300.0,3.0,36.65165226186554,36.65165226186554,0.0,0.0,0.0,0.0,0.0,0.0,427.5,9.567807333038079,0.0,320.2929757882975
normal_grid_ups,12,0,0,1,0,0.0,0.0,300.0,3.0,35.506044761729655,35.506044761729655,0.0,0.0,0.0,0.0,0.0,0.0,427.5,40.32732315539054,0.0,358.6039327859185
normal_grid_ups,13,0,0,1,0,0.0,0.0,300.0,3.0,37.28979348249677,37.28979348249677,0.0,0.0,0.0,0.0,0.0,0.0,427.5,3.108666674176014,0.0,361.5571661263857
normal_grid_ups,14,0,0,1,0,0.0,0.0,300.0,3.0,35.73827693541722,35.73827693541722,0.0,0.0,0.0,0.0,0.0,0.0,427.5,45.72784995411363,0.0,404.99862358279364
normal_grid_ups,15,0,0,1,0,0.0,0.0,300.0,3.0,35.92234833913645,35.92234833913645,0.0,0.0,0.0,0.0,0.0,0.0,427.5,38.35475905874547,0.0,441.4356446886018
normal_grid_ups,16,0,0,1,0,0.0,0.0,300.0,3.0,35.194818131826594,35.194818131826594,0.0,0.0,0.0,0.0,0.0,0.0,427.5,17.737117798188905,0.0,458.28590659688126
normal_grid_ups,17,0,0,1,0,0.0,0.0,300.0,3.0,34.33622728435941,34.33622728435941,0.0,0.0,0.0,0.0,0.0,0.0,427.5,15.35004390536534,0.0,472.86844830697834
normal_grid_ups,18,0,0,1,0,0.0,0.0,300.0,3.0,33.646049677808314,33.646049677808314,0.0,0.0,0.0,0.0,0.0,0.0,427.5,44.801182900795325,0.0,515.4295720627339
normal_grid_ups,19,0,0,1,0,0.0,0.0,300.0,3.0,33.87499000641878,33.87499000641878,0.0,0.0,0.0,0.0,0.0,0.0,427.5,21.356886679666673,0.0,535.7186144084172
normal_grid_ups,20,0,0,1,0,0.0,0.0,200.0,2.0,33.22264034287458,33.22264034287458,0.0,0.0,9.44081451010565,0.0,0.0,0.0,427.5,0.0,0.0,535.7186144084172
normal_grid_ups,21,0,0,1,0,0.0,0.0,200.0,2.0,33.1832285203614,33.1832285203614,0.0,0.0,1.739244123550204,0.0,0.0,0.0,427.5,0.0,0.0,535.7186144084172
normal_grid_ups,22,0,0,1,0,0.0,0.0,200.0,2.0,33.55021286930235,33.55021286930235,0.0,0.0,1.7193087154141828,0.0,0.0,0.0,427.5,0.0,0.0,535.7186144084172
normal_grid_ups,23,0,0,1,0,0.0,0.0,200.0,2.0,34.297948524235515,34.297948524235515,0.0,0.0,3.7683744187754478,0.0,0.0,0.0,427.5,0.0,0.0,535.7186144084172
normal_grid_ups,24,0,0,1,0,0.0,0.0,200.0,2.0,34.439668647824384,34.439668647824384,0.0,0.0,14.095197016010545,0.0,0.0,0.0,427.5,0.0,0.0,535.7186144084172
normal_grid_ups,25,0,0,1,0,0.0,0.0,200.0,2.0,34.34444676807764,34.34444676807764,0.0,0.0,14.512167154861285,0.0,0.0,0.0,427.5,0.0,0.0,535.7186144084172
normal_grid_ups,26,0,0,1,0,0.0,0.0,200.0,2.0,35.23637133859876,35.23637133859876,0.0,0.0,13.209539374519885,0.0,0.0,0.0,427.5,0.0,0.0,535.7186144084172
normal_grid_ups,27,0,0,1,0,0.0,0.0,200.0,2.0,35.330803810522866,35.330803810522866,0.0,0.0,13.403692525658263,0.0,0.0,0.0,427.5,0.0,0.0,535.7186144084172
normal_grid_ups,28,0,0,1,0,0.0,0.0,200.0,2.0,34.69235914548608,34.69235914548608,0.0,0.0,14.540645057424952,0.0,0.0,0.0,427.5,0.0,0.0,535.7186144084172
normal_grid_ups,29,0,0,1,0,0.0,0.0,200.0,2.0,36.16827259309877,36.16827259309877,0.0,0.0,15.588340800882953,0.0,0.0,0.0,427.5,0.0,0.0,535.7186144084172
normal_grid_ups,30,0,0,1,0,0.0,0.0,200.0,2.0,35.37080347166517,35.37080347166517,0.0,0.0,11.171744163566466,0.0,0.0,0.0,427.5,0.0,0.0,535.7186144084172
normal_grid_ups,31,0,0,1,0,0.0,0.0,300.0,3.0,38.234939650061236,38.234939650061236,0.0,0.0,0.0,0.0,0.0,0.0,427.5,34.748054885147184,0.0,568.7292665493071
normal_grid_ups,32,0,0,1,0,0.0,0.0,300.0,3.0,38.211795603194695,38.211795603194695,0.0,0.0,0.0,0.0,0.0,0.0,427.5,24.526787828194472,0.0,592.0297149860919
normal_grid_ups,33,0,0,1,0,0.0,0.0,300.0,3.0,38.50491431940168,38.50491431940168,0.0,0.0,0.0,0.0,0.0,0.0,427.5,46.79309570755362,0.0,636.4831559082678
normal_grid_ups,34,0,0,1,0,0.0,0.0,300.0,3.0,36.658938164710776,36.658938164710776,0.0,0.0,0.0,0.0,0.0,0.0,427.5,8.711868091740072,0.0,644.7594305954209
normal_grid_ups,35,0,0,1,0,0.0,0.0,300.0,3.0,37.397008944442504,37.397008944442504,0.0,0.0,0.0,0.0,0.0,0.0,427.5,13.551690733948561,0.0,657.633536792672
normal_grid_ups,36,0,0,1,0,0.0,0.0,294.20762807808234,3.0,37.394050492457595,37.394050492457595,0.0,0.0,0.0,0.0,0.0,0.0,427.5,1.0,0.0,658.583536792672
normal_grid_ups,37,0,0,1,0,0.0,0.0,300.0,3.0,35.19835975565525,35.19835975565525,0.0,0.0,0.0,0.0,0.0,0.0,427.5,14.261067997252795,0.0,672.1315513900622
normal_grid_ups,38,0,0,1,0,0.0,0.0,269.7810709896302,3.0,35.80562044103968,35.80562044103968,0.0,0.0,0.0,0.0,0.0,0.0,427.5,6.069960895063464,0.0,677.8980142403725
normal_grid_ups,39,0,0,1,0,0.0,0.0,300.0,3.0,35.70392824895246,35.70392824895246,0.0,0.0,0.0,0.0,0.0,0.0,427.5,41.00306380716116,0.0,716.8509248571756
normal_grid_ups,40,0,0,1,0,0.0,0.0,300.0,3.0,34.680126492489215,34.680126492489215,0.0,0.0,0.0,0.0,0.0,0.0,427.5,39.59960448140444,0.0,754.4705491145098
normal_grid_ups,41,0,0,1,0,0.0,0.0,300.0,3.0,34.150673769798004,34.150673769798004,0.0,0.0,0.0,0.0,0.0,0.0,427.5,13.928683570106273,0.0,767.7027985061108
normal_grid_ups,42,0,0,1,0,0.0,0.0,300.0,3.0,33.94840956822312,33.94840956822312,0.0,0.0,0.0,0.0,0.0,0.0,427.5,49.90597817688193,0.0,815.1134777741486
normal_grid_ups,43,0,0,1,0,0.0,0.0,300.0,3.0,33.02721381459559,33.02721381459559,0.0,0.0,0.0,0.0,0.0,0.0,427.5,24.321561899380313,0.0,838.2189615785599
normal_grid_ups,44,0,0,1,0,0.0,0.0,200.0,2.0,32.58011091324637,32.58011091324637,0.0,0.0,15.281620629654888,0.0,0.0,0.0,427.5,0.0,0.0,838.2189615785599
normal_grid_ups,45,0,0,1,0,0.0,0.0,200.0,2.0,33.585699098215365,33.585699098215365,0.0,0.0,15.411756662896869,0.0,0.0,0.0,427.5,0.0,0.0,838.2189615785599
normal_grid_ups,46,0,0,1,0,0.0,0.0,200.0,2.0,33.55542600797957,33.55542600797957,0.0,0.0,14.605817450261611,0.0,0.0,0.0,427.5,0.0,0.0,838.2189615785599
normal_grid_ups,47,0,0,1,0,0.0,0.0,200.0,2.0,32.81067066682067,32.81067066682067,0.0,0.0,14.812775009268462,0.0,0.0,0.0,427.5,0.0,0.0,838.2189615785599
normal_grid_ups,48,0,0,1,0,0.0,0.0,200.0,2.0,33.45667898379802,33.45667898379802,0.0,0.0,12.822985237916194,0.0,0.0,0.0,427.5,0.0,0.0,838.2189615785599
normal_grid_ups,49,0,0,1,0,0.0,0.0,200.0,2.0,34.18513962448918,34.18513962448918,0.0,0.0,11.283043437690838,0.0,0.0,0.0,427.5,0.0,0.0,838.2189615785599
normal_grid_ups,50,0,0,1,0,0.0,0.0,200.0,2.0,33.797334680939755,33.797334680939755,0.0,0.0,13.245262512940096,0.0,0.0,0.0,427.5,0.0,0.0,838.2189615785599
normal_grid_ups,51,0,0,1,0,0.0,0.0,200.0,2.0,36.45357867605848,36.45357867605848,0.0,0.0,13.527490987841356,0.0,0.0,0.0,427.5,0.0,0.0,838.2189615785599
normal_grid_ups,52,0,0,1,0,0.0,0.0,200.0,2.0,36.40709440006008,36.40709440006008,0.0,0.0,15.628636244774283,0.0,0.0,0.0,427.5,0.0,0.0,838.2189615785599
normal_grid_ups,53,0,0,1,0,0.0,0.0,200.0,2.0,37.07723836871407,37.07723836871407,0.0,0.0,14.718713661013195,0.0,0.0,0.0,427.5,0.0,0.0,838.2189615785599
normal_grid_ups,54,0,0,1,0,0.0,0.0,200.0,2.0,36.17060873427488,36.17060873427488,0.0,0.0,15.899637139187625,0.0,0.0,0.0,427.5,0.0,3.024450895368471,835.0353290571194
normal_grid_ups,55,0,0,1,0,0.0,0.0,300.0,3.0,37.979793781440065,37.979793781440065,0.0,0.0,0.0,0.0,0.0,0.0,427.5,33.56243823520036,0.0,866.9196453805597
normal_grid_ups,56,0,0,1,0,0.0,0.0,300.0,3.0,37.018590365426576,37.018590365426576,0.0,0.0,0.0,0.0,0.0,0.0,427.5,16.316739644785457,0.0,882.4205480431059
normal_grid_ups,57,0,0,1,0,0.0,0.0,300.0,3.0,36.43118263559038,36.43118263559038,0.0,0.0,0.0,0.0,0.0,0.0,427.5,54.845974267485246,0.0,934.5242235972169
normal_grid_ups,58,0,0,1,0,0.0,0.0,300.0,3.0,38.09781279081587,38.09781279081587,0.0,0.0,0.0,0.0,0.0,0.0,427.5,48.94925058131602,0.0,981.026011649467
normal_grid_ups,59,0,0,1,0,0.0,0.0,300.0,3.0,36.17627031130976,36.17627031130976,0.0,0.0,0.0,0.0,0.0,0.0,427.5,39.824556443163516,0.0,1018.8593402704723
normal_grid_ups,60,0,0,1,0,0.0,0.0,300.0,3.0,36.57969401422443,36.57969401422443,0.0,0.0,0.0,0.0,0.0,0.0,427.5,38.844281489698844,0.0,1055.7614076856862
normal_grid_ups,61,0,0,1,0,0.0,0.0,300.0,3.0,36.73543698811987,36.73543698811987,0.0,0.0,0.0,0.0,0.0,0.0,427.5,35.421975082671885,0.0,1089.4122840142245
normal_grid_ups,62,0,0,1,0,0.0,0.0,300.0,3.0,36.320602876291126,36.320602876291126,0.0,0.0,0.0,0.0,0.0,0.0,427.5,12.192109048971396,0.0,1100.9947876107474
normal_grid_ups,63,0,0,1,0,0.0,0.0,300.0,3.0,36.727611523098375,36.727611523098375,0.0,0.0,0.0,0.0,0.0,0.0,427.5,41.02019142304521,0.0,1139.9639694626403
normal_grid_ups,64,0,0,1,0,0.0,0.0,300.0,3.0,35.702371669565856,35.702371669565856,0.0,0.0,0.0,0.0,0.0,0.0,427.5,39.67882706991617,0.0,1177.6588551790608
normal_grid_ups,65,0,0,1,0,0.0,0.0,300.0,3.0,33.193898640305136,33.193898640305136,0.0,0.0,0.0,0.0,0.0,0.0,427.5,53.117224038349455,0.0,1228.1202180154928
normal_grid_ups,66,0,0,1,0,0.0,0.0,300.0,3.0,33.3974474517962,33.3974474517962,0.0,0.0,0.0,0.0,0.0,0.0,427.5,23.918474112399423,0.0,1250.8427684222722
normal_grid_ups,67,0,0,1,0,0.0,0.0,300.0,3.0,33.24499856612988,33.24499856612988,0.0,0.0,0.0,0.0,0.0,0.0,427.5,25.972269420257163,0.0,1275.5164243715165
normal_grid_ups,68,0,0,1,0,0.0,0.0,200.0,2.0,33.626564459468284,33.626564459468284,0.0,0.0,16.52024338124495,0.0,0.0,0.0,427.5,0.0,25.177427027556398,1249.0138696056677
normal_grid_ups,69,0,0,1,0,0.0,0.0,200.0,2.0,33.135436046931396,33.135436046931396,0.0,0.0,14.831058916418376,0.0,0.0,0.0,427.5,0.0,21.405331693042488,1226.4819415077282
normal_grid_ups,70,0,0,1,0,0.0,0.0,200.0,2.0,33.463043155199756,33.463043155199756,0.0,0.0,13.380069977462627,0.0,0.0,0.0,427.5,0.0,11.025360354938028,1214.876299028846
normal_grid_ups,71,0,0,1,0,0.0,0.0,200.0,2.0,32.244705215578875,32.244705215578875,0.0,0.0,13.983554335011593,0.0,0.0,0.0,427.5,0.0,14.132484077403713,1200.0
normal_diesel_run,0,0,0,1,0,0.0,0.0,0.0,0.0,32.22145805322157,32.22145805322157,0.0,0.0,9.29100951121767,0.0,0.0,0.0,427.5,0.0,190.88809736194014,999.0651606716419
normal_diesel_run,1,0,0,1,0,0.0,0.0,0.0,0.0,34.355007033022844,34.355007033022844,0.0,0.0,15.056153512727938,0.0,0.0,0.0,427.5,0.0,187.9858651729413,801.1853025948617
normal_diesel_run,2,0,0,1,0,0.0,0.0,0.0,0.0,35.59986906618329,35.59986906618329,0.0,0.0,13.815248361943583,0.0,0.0,0.0,427.5,0.0,195.89463764515415,594.9804208631203
normal_diesel_run,3,0,0,1,0,0.0,0.0,100.0,1.0,36.47482265251211,36.47482265251211,0.0,0.0,14.692467129644129,0.0,0.0,0.0,427.5,0.0,88.85621243968076,501.44756566345643
normal_diesel_run,4,0,0,1,0,0.0,0.0,100.0,1.0,36.358304730830966,36.358304730830966,0.0,0.0,15.257388783610732,0.0,0.0,0.0,427.5,0.0,92.57016397827124,404.00528779159197
normal_diesel_run,5,0,0,1,0,0.0,0.0,100.0,1.0,35.43051609664646,35.43051609664646,0.0,0.0,15.237504066678863,0.0,0.0,0.0,427.5,0.0,100.24465780915097,298.4845953609067
normal_diesel_run,6,0,0,1,0,0.0,0.0,200.0,2.0,36.52484244362809,36.52484244362809,0.0,0.0,8.927797118328066,0.0,0.0,0.0,427.5,0.0,0.0,298.4845953609067
normal_diesel_run,7,0,0,1,0,0.0,0.0,200.0,2.0,37.17112041956775,37.17112041956775,0.0,0.0,16.008467193499015,0.0,0.0,0.0,427.5,0.0,4.285143484825923,293.9739180084584
normal_diesel_run,8,0,0,1,0,0.0,0.0,200.0,2.0,37.25521387494798,37.25521387494798,0.0,0.0,16.298230339963073,0.0,0.0,0.0,427.5,0.0,2.5531272646756946,291.28641562458927
normal_diesel_run,9,0,0,1,0,0.0,0.0,200.0,2.0,37.38705437373236,37.38705437373236,0.0,0.0,16.66598985051584,0.0,0.0,0.0,427.5,0.0,6.34944585599758,284.6027884077497
normal_diesel_run,10,0,0,1,0,0.0,0.0,300.0,3.0,36.709610370030624,36.709610370030624,0.0,0.0,0.0,0.0,0.0,0.0,427.5,28.00081096227541,0.0,311.2035588219113
normal_diesel_run,11,0,0,1,0,0.0,0.0,300.0,3.0,36.65165226186554,36.65165226186554,0.0,0.0,0.0,0.0,0.0,0.0,427.5,9.567807333038079,0.0,320.2929757882975
normal_diesel_run,12,0,0,1,0,0.0,0.0,300.0,3.0,35.506044761729655,35.506044761729655,0.0,0.0,0.0,0.0,0.0,0.0,427.5,40.32732315539054,0.0,358.6039327859185
normal_diesel_run,13,0,0,1,0,0.0,0.0,300.0,3.0,37.28979348249677,37.28979348249677,0.0,0.0,0.0,0.0,0.0,0.0,427.5,3.108666674176014,0.0,361.5571661263857
normal_diesel_run,14,0,0,1,0,0.0,0.0,300.0,3.0,35.73827693541722,35.73827693541722,0.0,0.0,0.0,0.0,0.0,0.0,427.5,45.72784995411363,0.0,404.99862358279364
normal_diesel_run,15,0,0,1,0,0.0,0.0,300.0,3.0,35.92234833913645,35.92234833913645,0.0,0.0,0.0,0.0,0.0,0.0,427.5,38.35475905874547,0.0,441.4356446886018
normal_diesel_run,16,0,0,1,0,0.0,0.0,300.0,3.0,35.194818131826594,35.194818131826594,0.0,0.0,0.0,0.0,0.0,0.0,427.5,17.737117798188905,0.0,458.28590659688126
normal_diesel_run,17,0,0,1,0,0.0,0.0,300.0,3.0,34.33622728435941,34.33622728435941,0.0,0.0,0.0,0.0,0.0,0.0,427.5,15.35004390536534,0.0,472.86844830697834
normal_diesel_run,18,0,0,1,0,0.0,0.0,300.0,3.0,33.646049677808314,33.646049677808314,0.0,0.0,0.0,0.0,0.0,0.0,427.5,44.801182900795325,0.0,515.4295720627339
normal_diesel_run,19,0,0,1,0,0.0,0.0,300.0,3.0,33.87499000641878,33.87499000641878,0.0,0.0,0.0,0.0,0.0,0.0,427.5,21.356886679666673,0.0,535.7186144084172
normal_diesel_run,20,0,0,1,0,0.0,0.0,200.0,2.0,33.22264034287458,33.22264034287458,0.0,0.0,9.44081451010565,0.0,0.0,0.0,427.5,0.0,0.0,535.7186144084172
normal_diesel_run,21,0,0,1,0,0.0,0.0,200.0,2.0,33.1832285203614,33.1832285203614,0.0,0.0,1.739244123550204,0.0,0.0,0.0,427.5,0.0,0.0,535.7186144084172
normal_diesel_run,22,0,0,1,0,0.0,0.0,200.0,2.0,33.55021286930235,33.55021286930235,0.0,0.0,1.7193087154141828,0.0,0.0,0.0,427.5,0.0,0.0,535.7186144084172
normal_diesel_run,23,0,0,1,0,0.0,0.0,200.0,2.0,34.297948524235515,34.297948524235515,0.0,0.0,3.7683744187754478,0.0,0.0,0.0,427.5,0.0,0.0,535.7186144084172
normal_diesel_run,24,0,0,1,0,0.0,0.0,200.0,2.0,34.439668647824384,34.439668647824384,0.0,0.0,14.095197016010545,0.0,0.0,0.0,427.5,0.0,0.0,535.7186144084172
normal_diesel_run,25,0,0,1,0,0.0,0.0,200.0,2.0,34.34444676807764,34.34444676807764,0.0,0.0,14.512167154861285,0.0,0.0,0.0,427.5,0.0,0.0,535.7186144084172
normal_diesel_run,26,0,0,1,0,0.0,0.0,200.0,2.0,35.23637133859876,35.23637133859876,0.0,0.0,13.209539374519885,0.0,0.0,0.0,427.5,0.0,0.0,535.7186144084172
normal_diesel_run,27,0,0,1,0,0.0,0.0,200.0,2.0,35.330803810522866,35.330803810522866,0.0,0.0,13.403692525658263,0.0,0.0,0.0,427.5,0.0,0.0,535.7186144084172
normal_diesel_run,28,0,0,1,0,0.0,0.0,200.0,2.0,34.69235914548608,34.69235914548608,0.0,0.0,14.540645057424952,0.0,0.0,0.0,427.5,0.0,0.0,535.7186144084172
normal_diesel_run,29,0,0,1,0,0.0,0.0,200.0,2.0,36.16827259309877,36.16827259309877,0.0,0.0,15.588340800882953,0.0,0.0,0.0,427.5,0.0,0.0,535.7186144084172
normal_diesel_run,30,0,0,1,0,0.0,0.0,200.0,2.0,35.37080347166517,35.37080347166517,0.0,0.0,11.171744163566466,0.0,0.0,0.0,427.5,0.0,0.0,535.7186144084172
normal_diesel_run,31,0,0,1,0,0.0,0.0,300.0,3.0,38.234939650061236,38.234939650061236,0.0,0.0,0.0,0.0,0.0,0.0,427.5,34.748054885147184,0.0,568.7292665493071
normal_diesel_run,32,0,0,1,0,0.0,0.0,300.0,3.0,38.211795603194695,38.211795603194695,0.0,0.0,0.0,0.0,0.0,0.0,427.5,24.526787828194472,0.0,592.0297149860919
normal_diesel_run,33,0,0,1,0,0.0,0.0,300.0,3.0,38.50491431940168,38.50491431940168,0.0,0.0,0.0,0.0,0.0,0.0,427.5,46.79309570755362,0.0,636.4831559082678
normal_diesel_run,34,0,0,1,0,0.0,0.0,300.0,3.0,36.658938164710776,36.658938164710776,0.0,0.0,0.0,0.0,0.0,0.0,427.5,8.711868091740072,0.0,644.7594305954209
normal_diesel_run,35,0,0,1,0,0.0,0.0,300.0,3.0,37.397008944442504,37.397008944442504,0.0,0.0,0.0,0.0,0.0,0.0,427.5,13.551690733948561,0.0,657.633536792672
normal_diesel_run,36,0,0,1,0,0.0,0.0,200.0,2.0,37.394050492457595,37.394050492457595,0.0,0.0,0.0,0.0,0.0,0.0,427.5,0.0,33.20762807808237,622.6781388157432
normal_diesel_run,37,0,0,1,0,0.0,0.0,200.0,2.0,35.19835975565525,35.19835975565525,0.0,0.0,0.0,0.0,0.0,0.0,427.5,0.0,26.37460649313866,594.9153951387551
normal_diesel_run,38,0,0,1,0,0.0,0.0,200.0,2.0,35.80562044103968,35.80562044103968,0.0,0.0,18.574018786900968,0.0,0.0,0.0,427.5,0.0,15.672989692528116,578.4175112518834
normal_diesel_run,39,0,0,1,0,0.0,0.0,200.0,2.0,35.70392824895246,35.70392824895246,0.0,0.0,0.0,0.0,0.0,0.0,427.5,0.0,29.133232887682993,547.7509503174803
normal_diesel_run,40,0,0,1,0,0.0,0.0,200.0,2.0,34.680126492489215,34.680126492489215,0.0,0.0,18.042223076925733,0.0,0.0,0.0,427.5,0.0,12.358172441669828,534.7423477473016
normal_diesel_run,41,0,0,1,0,0.0,0.0,200.0,2.0,34.150673769798004,34.150673769798004,0.0,0.0,0.0,0.0,0.0,0.0,427.5,0.0,26.071316429893763,507.298856768466
normal_diesel_run,42,0,0,1,0,0.0,0.0,200.0,2.0,33.94840956822312,33.94840956822312,0.0,0.0,2.2191062876355083,0.0,0.0,0.0,427.5,0.0,18.410813920344733,487.91905264178735
normal_diesel_run,43,0,0,1,0,0.0,0.0,200.0,2.0,33.02721381459559,33.02721381459559,0.0,0.0,15.678438100619758,0.0,0.0,0.0,427.5,0.0,0.0,487.91905264178735
normal_diesel_run,44,0,0,1,0,0.0,0.0,200.0,2.0,32.58011091324637,32.58011091324637,0.0,0.0,5.598183499999891,0.0,0.0,0.0,427.5,0.0,0.0,487.91905264178735
normal_diesel_run,45,0,0,1,0,0.0,0.0,300.0,3.0,33.585699098215365,33.585699098215365,0.0,0.0,0.0,0.0,0.0,0.0,427.5,31.854516045273442,0.0,518.1808428847971
normal_diesel_run,46,0,0,1,0,0.0,0.0,300.0,3.0,33.55542600797957,33.55542600797957,0.0,0.0,0.0,0.0,0.0,0.0,427.5,39.16060172685354,0.0,555.383414525308
normal_diesel_run,47,0,0,1,0,0.0,0.0,300.0,3.0,32.81067066682067,32.81067066682067,0.0,0.0,0.0,0.0,0.0,0.0,427.5,44.63137861124094,0.0,597.7832242059869
normal_diesel_run,48,0,0,1,0,0.0,0.0,300.0,3.0,33.45667898379802,33.45667898379802,0.0,0.0,0.0,0.0,0.0,0.0,427.5,41.711799169902235,0.0,637.4094334173941
normal_diesel_run,49,0,0,1,0,0.0,0.0,200.0,2.0,34.18513962448918,34.18513962448918,0.0,0.0,12.902189468558062,0.0,0.0,0.0,427.5,0.0,0.0,637.4094334173941
normal_diesel_run,50,0,0,1,0,0.0,0.0,200.0,2.0,33.797334680939755,33.797334680939755,0.0,0.0,13.245262512940092,0.0,0.0,0.0,427.5,0.0,0.0,637.4094334173941
normal_diesel_run,51,0,0,1,0,0.0,0.0,200.0,2.0,36.45357867605848,36.45357867605848,0.0,0.0,14.520271112939312,0.0,0.0,0.0,427.5,0.0,0.0,637.4094334173941
normal_diesel_run,52,0,0,1,0,0.0,0.0,200.0,2.0,36.40709440006008,36.40709440006008,0.0,0.0,15.628636244774283,0.0,0.0,0.0,427.5,0.0,0.0,637.4094334173941
normal_diesel_run,53,0,0,1,0,0.0,0.0,300.0,3.0,37.07723836871407,37.07723836871407,0.0,0.0,0.0,0.0,0.0,0.0,427.5,49.17914167939841,0.0,684.1296180128226
normal_diesel_run,54,0,0,1,0,0.0,0.0,273.02308601934504,3.0,36.17060873427488,36.17060873427488,0.0,3.0244508953684743,15.899637139187618,0.0,0.0,0.0,427.5,50.48718763448278,0.0,732.0924462655812
normal_diesel_run,55,0,0,1,0,0.0,0.0,300.0,3.0,37.979793781440065,37.979793781440065,0.0,0.0,16.557890931394233,0.0,0.0,0.0,427.5,71.86948171227228,0.0,800.3684538922398
normal_diesel_run,56,0,0,1,0,0.0,0.0,300.0,3.0,37.018590365426576,37.018590365426576,0.0,0.0,17.583264817388713,0.0,0.0,0.0,427.5,33.900004462174195,0.0,832.5734581313053
normal_diesel_run,57,0,0,1,0,0.0,0.0,300.0,3.0,36.43118263559038,36.43118263559038,0.0,0.0,16.371635961710613,0.0,0.0,0.0,427.5,36.182334048785776,0.0,866.9466754776518
normal_diesel_run,58,0,0,1,0,0.0,0.0,300.0,3.0,38.09781279081587,38.09781279081587,0.0,0.0,0.0,0.0,0.0,0.0,427.5,19.485148966178244,0.0,885.4575669955211
normal_diesel_run,59,0,0,1,0,0.0,0.0,300.0,3.0,36.17627031130976,36.17627031130976,0.0,0.0,0.0,0.0,0.0,0.0,427.5,10.360454828026278,0.0,895.2999990821461
normal_diesel_run,60,0,0,1,0,0.0,0.0,300.0,3.0,36.57969401422443,36.57969401422443,0.0,0.0,0.0,0.0,0.0,0.0,427.5,10.01585436495261,0.0,904.8150607288511
normal_diesel_run,61,0,0,1,0,0.0,0.0,300.0,3.0,36.73543698811987,36.73543698811987,0.0,0.0,0.0,0.0,0.0,0.0,427.5,5.558271777515657,0.0,910.095418917491
normal_diesel_run,62,0,0,1,0,0.0,0.0,300.0,3.0,36.320602876291126,36.320602876291126,0.0,0.0,0.0,0.0,0.0,0.0,427.5,30.532457907481913,0.0,939.1012539295988
normal_diesel_run,63,0,0,1,0,0.0,0.0,300.0,3.0,36.727611523098375,36.727611523098375,0.0,0.0,0.0,0.0,0.0,0.0,427.5,17.15648811788897,0.0,955.3999176415933
normal_diesel_run,64,0,0,1,0,0.0,0.0,300.0,3.0,35.702371669565856,35.702371669565856,0.0,0.0,0.0,0.0,0.0,0.0,427.5,39.678827069916224,0.0,993.0948033580138
normal_diesel_run,65,0,0,1,0,0.0,0.0,300.0,3.0,33.193898640305136,33.193898640305136,0.0,0.0,0.0,0.0,0.0,0.0,427.5,53.117224038349406,0.0,1043.5561661944457
normal_diesel_run,66,0,0,1,0,0.0,0.0,300.0,3.0,33.3974474517962,33.3974474517962,0.0,0.0,0.0,0.0,0.0,0.0,427.5,25.62594537251548,0.0,1067.9008142983355
normal_diesel_run,67,0,0,1,0,0.0,0.0,300.0,3.0,33.24499856612988,33.24499856612988,0.0,0.0,0.0,0.0,0.0,0.0,427.5,57.14384229551099,0.0,1122.187464479071
normal_diesel_run,68,0,0,1,0,0.0,0.0,300.0,3.0,33.626564459468284,33.626564459468284,0.0,0.0,5.768283330133933,0.0,0.0,0.0,427.5,64.07061292133258,0.0,1183.054546754337
normal_diesel_run,69,0,0,1,0,0.0,0.0,300.0,3.0,33.135436046931396,33.135436046931396,0.0,0.0,0.0,0.0,0.0,0.0,427.5,45.71304710883287,0.0,1226.4819415077282
normal_diesel_run,70,0,0,1,0,0.0,0.0,200.0,2.0,33.463043155199756,33.463043155199756,0.0,0.0,13.380069977462627,0.0,0.0,0.0,427.5,0.0,11.025360354938032,1214.876299028846
normal_diesel_run,71,0,0,1,0,0.0,0.0,200.0,2.0,32.244705215578875,32.244705215578875,0.0,0.0,13.983554335011625,0.0,0.0,0.0,427.5,0.0,14.132484077403733,1200.0
normal_diesel_start,0,0,0,1,0,0.0,0.0,0.0,0.0,32.22145805322157,32.22145805322157,0.0,0.0,9.29100951121767,0.0,0.0,0.0,427.5,0.0,190.88809736194014,999.0651606716419
normal_diesel_start,1,0,0,1,0,0.0,0.0,0.0,0.0,34.355007033022844,34.355007033022844,0.0,0.0,15.056153512727938,0.0,0.0,0.0,427.5,0.0,187.9858651729413,801.1853025948617
normal_diesel_start,2,0,0,1,0,0.0,0.0,0.0,0.0,35.59986906618329,35.59986906618329,0.0,0.0,13.815248361943583,0.0,0.0,0.0,427.5,0.0,195.89463764515415,594.9804208631203
normal_diesel_start,3,0,0,1,0,0.0,0.0,100.0,1.0,36.47482265251211,36.47482265251211,0.0,0.0,14.692467129644129,0.0,0.0,0.0,427.5,0.0,88.85621243968076,501.44756566345643
normal_diesel_start,4,0,0,1,0,0.0,0.0,100.0,1.0,36.358304730830966,36.358304730830966,0.0,0.0,15.257388783610732,0.0,0.0,0.0,427.5,0.0,92.57016397827124,404.00528779159197
normal_diesel_start,5,0,0,1,0,0.0,0.0,100.0,1.0,35.43051609664646,35.43051609664646,0.0,0.0,15.237504066678863,0.0,0.0,0.0,427.5,0.0,100.24465780915097,298.4845953609067
normal_diesel_start,6,0,0,1,0,0.0,0.0,200.0,2.0,36.52484244362809,36.52484244362809,0.0,0.0,8.927797118328066,0.0,0.0,0.0,427.5,0.0,0.0,298.4845953609067
normal_diesel_start,7,0,0,1,0,0.0,0.0,200.0,2.0,37.17112041956775,37.17112041956775,0.0,0.0,16.008467193499015,0.0,0.0,0.0,427.5,0.0,4.285143484825923,293.9739180084584
normal_diesel_start,8,0,0,1,0,0.0,0.0,200.0,2.0,37.25521387494798,37.25521387494798,0.0,0.0,16.298230339963073,0.0,0.0,0.0,427.5,0.0,2.5531272646756946,291.28641562458927
normal_diesel_start,9,0,0,1,0,0.0,0.0,200.0,2.0,37.38705437373236,37.38705437373236,0.0,0.0,16.66598985051584,0.0,0.0,0.0,427.5,0.0,6.34944585599758,284.6027884077497
normal_diesel_start,10,0,0,1,0,0.0,0.0,300.0,3.0,36.709610370030624,36.709610370030624,0.0,0.0,0.0,0.0,0.0,0.0,427.5,28.00081096227541,0.0,311.2035588219113
normal_diesel_start,11,0,0,1,0,0.0,0.0,300.0,3.0,36.65165226186554,36.65165226186554,0.0,0.0,0.0,0.0,0.0,0.0,427.5,9.567807333038079,0.0,320.2929757882975
normal_diesel_start,12,0,0,1,0,0.0,0.0,300.0,3.0,35.506044761729655,35.506044761729655,0.0,0.0,0.0,0.0,0.0,0.0,427.5,40.32732315539054,0.0,358.6039327859185
normal_diesel_start,13,0,0,1,0,0.0,0.0,300.0,3.0,37.28979348249677,37.28979348249677,0.0,0.0,0.0,0.0,0.0,0.0,427.5,3.108666674176014,0.0,361.5571661263857
normal_diesel_start,14,0,0,1,0,0.0,0.0,300.0,3.0,35.73827693541722,35.73827693541722,0.0,0.0,0.0,0.0,0.0,0.0,427.5,45.72784995411363,0.0,404.99862358279364
normal_diesel_start,15,0,0,1,0,0.0,0.0,300.0,3.0,35.92234833913645,35.92234833913645,0.0,0.0,0.0,0.0,0.0,0.0,427.5,38.35475905874547,0.0,441.4356446886018
normal_diesel_start,16,0,0,1,0,0.0,0.0,300.0,3.0,35.194818131826594,35.194818131826594,0.0,0.0,0.0,0.0,0.0,0.0,427.5,17.737117798188905,0.0,458.28590659688126
normal_diesel_start,17,0,0,1,0,0.0,0.0,300.0,3.0,34.33622728435941,34.33622728435941,0.0,0.0,0.0,0.0,0.0,0.0,427.5,15.35004390536534,0.0,472.86844830697834
normal_diesel_start,18,0,0,1,0,0.0,0.0,300.0,3.0,33.646049677808314,33.646049677808314,0.0,0.0,0.0,0.0,0.0,0.0,427.5,44.801182900795325,0.0,515.4295720627339
normal_diesel_start,19,0,0,1,0,0.0,0.0,300.0,3.0,33.87499000641878,33.87499000641878,0.0,0.0,0.0,0.0,0.0,0.0,427.5,21.356886679666673,0.0,535.7186144084172
normal_diesel_start,20,0,0,1,0,0.0,0.0,200.0,2.0,33.22264034287458,33.22264034287458,0.0,0.0,9.44081451010565,0.0,0.0,0.0,427.5,0.0,0.0,535.7186144084172
normal_diesel_start,21,0,0,1,0,0.0,0.0,200.0,2.0,33.1832285203614,33.1832285203614,0.0,0.0,1.739244123550204,0.0,0.0,0.0,427.5,0.0,0.0,535.7186144084172
normal_diesel_start,22,0,0,1,0,0.0,0.0,200.0,2.0,33.55021286930235,33.55021286930235,0.0,0.0,1.7193087154141828,0.0,0.0,0.0,427.5,0.0,0.0,535.7186144084172
normal_diesel_start,23,0,0,1,0,0.0,0.0,200.0,2.0,34.297948524235515,34.297948524235515,0.0,0.0,3.7683744187754478,0.0,0.0,0.0,427.5,0.0,0.0,535.7186144084172
normal_diesel_start,24,0,0,1,0,0.0,0.0,200.0,2.0,34.439668647824384,34.439668647824384,0.0,0.0,14.095197016010545,0.0,0.0,0.0,427.5,0.0,0.0,535.7186144084172
normal_diesel_start,25,0,0,1,0,0.0,0.0,200.0,2.0,34.34444676807764,34.34444676807764,0.0,0.0,14.512167154861285,0.0,0.0,0.0,427.5,0.0,0.0,535.7186144084172
normal_diesel_start,26,0,0,1,0,0.0,0.0,200.0,2.0,35.23637133859876,35.23637133859876,0.0,0.0,13.209539374519885,0.0,0.0,0.0,427.5,0.0,0.0,535.7186144084172
normal_diesel_start,27,0,0,1,0,0.0,0.0,200.0,2.0,35.330803810522866,35.330803810522866,0.0,0.0,13.403692525658263,0.0,0.0,0.0,427.5,0.0,0.0,535.7186144084172
normal_diesel_start,28,0,0,1,0,0.0,0.0,200.0,2.0,34.69235914548608,34.69235914548608,0.0,0.0,14.540645057424952,0.0,0.0,0.0,427.5,0.0,0.0,535.7186144084172
normal_diesel_start,29,0,0,1,0,0.0,0.0,200.0,2.0,36.16827259309877,36.16827259309877,0.0,0.0,15.588340800882953,0.0,0.0,0.0,427.5,0.0,0.0,535.7186144084172
normal_diesel_start,30,0,0,1,0,0.0,0.0,200.0,2.0,35.37080347166517,35.37080347166517,0.0,0.0,11.171744163566466,0.0,0.0,0.0,427.5,0.0,0.0,535.7186144084172
normal_diesel_start,31,0,0,1,0,0.0,0.0,300.0,3.0,38.234939650061236,38.234939650061236,0.0,0.0,0.0,0.0,0.0,0.0,427.5,34.748054885147184,0.0,568.7292665493071
normal_diesel_start,32,0,0,1,0,0.0,0.0,300.0,3.0,38.211795603194695,38.211795603194695,0.0,0.0,0.0,0.0,0.0,0.0,427.5,24.526787828194472,0.0,592.0297149860919
normal_diesel_start,33,0,0,1,0,0.0,0.0,300.0,3.0,38.50491431940168,38.50491431940168,0.0,0.0,0.0,0.0,0.0,0.0,427.5,46.79309570755362,0.0,636.4831559082678
normal_diesel_start,34,0,0,1,0,0.0,0.0,300.0,3.0,36.658938164710776,36.658938164710776,0.0,0.0,0.0,0.0,0.0,0.0,427.5,8.711868091740072,0.0,644.7594305954209
normal_diesel_start,35,0,0,1,0,0.0,0.0,300.0,3.0,37.397008944442504,37.397008944442504,0.0,0.0,0.0,0.0,0.0,0.0,427.5,13.551690733948561,0.0,657.633536792672
normal_diesel_start,36,0,0,1,0,0.0,0.0,300.0,3.0,37.394050492457595,37.394050492457595,0.0,0.0,0.0,0.0,0.0,0.0,427.5,10.05025076853336,0.0,667.1812750227787
normal_diesel_start,37,0,0,1,0,0.0,0.0,300.0,3.0,35.19835975565525,35.19835975565525,0.0,0.0,0.0,0.0,0.0,0.0,427.5,44.79696638211517,0.0,709.7383930857881
normal_diesel_start,38,0,0,1,0,0.0,0.0,297.33303188808395,3.0,35.80562044103968,35.80562044103968,0.0,0.0,0.0,0.0,0.0,0.0,427.5,23.16963527979971,0.0,731.7495466015978
normal_diesel_start,39,0,0,1,0,0.0,0.0,300.0,3.0,35.70392824895246,35.70392824895246,0.0,0.0,0.0,0.0,0.0,0.0,427.5,29.12299060047576,0.0,759.4163876720497
normal_diesel_start,40,0,0,1,0,0.0,0.0,300.0,3.0,34.680126492489215,34.680126492489215,0.0,0.0,0.0,0.0,0.0,0.0,427.5,12.534564888142306,0.0,771.3242243157849
normal_diesel_start,41,0,0,1,0,0.0,0.0,300.0,3.0,34.150673769798004,34.150673769798004,0.0,0.0,0.0,0.0,0.0,0.0,427.5,18.06498026494998,0.0,788.4859555674874
normal_diesel_start,42,0,0,1,0,0.0,0.0,300.0,3.0,33.94840956822312,33.94840956822312,0.0,0.0,0.0,0.0,0.0,0.0,427.5,49.90597817688203,0.0,835.8966348355253
normal_diesel_start,43,0,0,1,0,0.0,0.0,300.0,3.0,33.02721381459559,33.02721381459559,0.0,0.0,0.0,0.0,0.0,0.0,427.5,35.78888728672359,0.0,869.8960777579127
normal_diesel_start,44,0,0,1,0,0.0,0.0,200.0,2.0,32.58011091324637,32.58011091324637,0.0,0.0,15.281620629654894,0.0,0.0,0.0,427.5,0.0,0.0,869.8960777579127
normal_diesel_start,45,0,0,1,0,0.0,0.0,200.0,2.0,33.585699098215365,33.585699098215365,0.0,0.0,15.411756662896869,0.0,0.0,0.0,427.5,0.0,0.0,869.8960777579127
normal_diesel_start,46,0,0,1,0,0.0,0.0,200.0,2.0,33.55542600797957,33.55542600797957,0.0,0.0,14.60581745026121,0.0,0.0,0.0,427.5,0.0,0.0,869.8960777579127
normal_diesel_start,47,0,0,1,0,0.0,0.0,200.0,2.0,32.81067066682067,32.81067066682067,0.0,0.0,14.812775009268462,0.0,0.0,0.0,427.5,0.0,0.0,869.8960777579127
normal_diesel_start,48,0,0,1,0,0.0,0.0,200.0,2.0,33.45667898379802,33.45667898379802,0.0,0.0,12.822985237916198,0.0,0.0,0.0,427.5,0.0,0.0,869.8960777579127
normal_diesel_start,49,0,0,1,0,0.0,0.0,200.0,2.0,34.18513962448918,34.18513962448918,0.0,0.0,12.902189468558046,0.0,0.0,0.0,427.5,0.0,0.0,869.8960777579127
normal_diesel_start,50,0,0,1,0,0.0,0.0,200.0,2.0,33.797334680939755,33.797334680939755,0.0,0.0,13.245262512940105,0.0,0.0,0.0,427.5,0.0,0.0,869.8960777579127
normal_diesel_start,51,0,0,1,0,0.0,0.0,200.0,2.0,36.45357867605848,36.45357867605848,0.0,0.0,11.908344956974044,0.0,0.0,0.0,427.5,0.0,0.0,869.8960777579127
normal_diesel_start,52,0,0,1,0,0.0,0.0,200.0,2.0,36.40709440006008,36.40709440006008,0.0,0.0,15.628636244774283,0.0,0.0,0.0,427.5,0.0,0.0,869.8960777579127
normal_diesel_start,53,0,0,1,0,0.0,0.0,200.0,2.0,37.07723836871407,37.07723836871407,0.0,0.0,14.718713661013195,0.0,0.0,0.0,427.5,0.0,0.0,869.8960777579127
normal_diesel_start,54,0,0,1,0,0.0,0.0,200.0,2.0,36.17060873427488,36.17060873427488,0.0,3.0244508953684743,15.899637139187616,0.0,0.0,0.0,427.5,0.0,0.0,869.8960777579127
normal_diesel_start,55,0,0,1,0,0.0,0.0,300.0,3.0,37.979793781440065,37.979793781440065,0.0,0.0,0.0,0.0,0.0,0.0,427.5,32.7756923960158,0.0,901.0329855341278
normal_diesel_start,56,0,0,1,0,0.0,0.0,300.0,3.0,37.018590365426576,37.018590365426576,0.0,0.0,0.0,0.0,0.0,0.0,427.5,21.75918854911515,0.0,921.7042146557872
normal_diesel_start,57,0,0,1,0,0.0,0.0,300.0,3.0,36.43118263559038,36.43118263559038,0.0,0.0,0.0,0.0,0.0,0.0,427.5,29.12083113275162,0.0,949.3690042319012
normal_diesel_start,58,0,0,1,0,0.0,0.0,300.0,3.0,38.09781279081587,38.09781279081587,0.0,0.0,0.0,0.0,0.0,0.0,427.5,48.949250581315994,0.0,995.8707922841513
normal_diesel_start,59,0,0,1,0,0.0,0.0,300.0,3.0,36.17627031130976,36.17627031130976,0.0,0.0,0.0,0.0,0.0,0.0,427.5,39.824556443164035,0.0,1033.7041209051572
normal_diesel_start,60,0,0,1,0,0.0,0.0,300.0,3.0,36.57969401422443,36.57969401422443,0.0,0.0,0.0,0.0,0.0,0.0,427.5,10.212803495135546,0.0,1043.406284225536
normal_diesel_start,61,0,0,1,0,0.0,0.0,300.0,3.0,36.73543698811987,36.73543698811987,0.0,0.0,0.0,0.0,0.0,0.0,427.5,35.421975082671885,0.0,1077.0571605540742
normal_diesel_start,62,0,0,1,0,0.0,0.0,300.0,3.0,36.320602876291126,36.320602876291126,0.0,0.0,0.0,0.0,0.0,0.0,427.5,30.532457907481806,0.0,1106.062995566182
normal_diesel_start,63,0,0,1,0,0.0,0.0,300.0,3.0,36.727611523098375,36.727611523098375,0.0,0.0,0.0,0.0,0.0,0.0,427.5,41.0201914230452,0.0,1145.032177418075
normal_diesel_start,64,0,0,1,0,0.0,0.0,300.0,3.0,35.702371669565856,35.702371669565856,0.0,0.0,0.0,0.0,0.0,0.0,427.5,39.67882706991617,0.0,1182.7270631344954
normal_diesel_start,65,0,0,1,0,0.0,0.0,300.0,3.0,33.193898640305136,33.193898640305136,0.0,0.0,0.0,0.0,0.0,0.0,427.5,53.117224038349406,0.0,1233.1884259709275
normal_diesel_start,66,0,0,1,0,0.0,0.0,300.0,3.0,33.3974474517962,33.3974474517962,0.0,0.0,0.0,0.0,0.0,0.0,427.5,44.555787790093646,0.0,1275.5164243715165
normal_diesel_start,67,0,0,1,0,0.0,0.0,263.3044750517962,3.0,33.24499856612988,33.24499856612988,0.0,0.0,0.0,0.0,0.0,0.0,427.5,0.0,0.0,1275.5164243715165
normal_diesel_start,68,0,0,1,0,0.0,0.0,200.0,2.0,33.626564459468284,33.626564459468284,0.0,0.0,16.520243381244942,0.0,0.0,0.0,427.5,0.0,25.1774270275564,1249.0138696056677
normal_diesel_start,69,0,0,1,0,0.0,0.0,200.0,2.0,33.135436046931396,33.135436046931396,0.0,0.0,14.831058916418385,0.0,0.0,0.0,427.5,0.0,21.405331693042527,1226.4819415077282
normal_diesel_start,70,0,0,1,0,0.0,0.0,200.0,2.0,33.463043155199756,33.463043155199756,0.0,0.0,13.380069977462627,0.0,0.0,0.0,427.5,0.0,11.025360354938057,1214.876299028846
normal_diesel_start,71,0,0,1,0,0.0,0.0,200.0,2.0,32.244705215578875,32.244705215578875,0.0,0.0,13.983554335011625,0.0,0.0,0.0,427.5,0.0,14.132484077403713,1200.0
storm_none,0,0,1,1,0,0.0,0.0,0.0,0.0,32.22145805322157,32.22145805322157,0.0,0.0,13.215492747033775,0.0,0.0,0.0,427.5,0.0,186.96361412612396,1003.1961956567116
storm_none,1,0,1,1,0,0.0,0.0,0.0,0.0,34.355007033022844,34.355007033022844,0.0,0.0,15.056153512727938,0.0,0.0,0.0,427.5,0.0,187.9858651729413,805.3163375799313
storm_none,2,0,1,1,0,0.0,0.0,0.0,0.0,35.59986906618329,35.59986906618329,0.0,0.0,13.815248361943583,0.0,0.0,0.0,427.5,0.0,195.89463764515415,599.1114558481901
storm_none,3,0,1,1,0,0.0,0.0,100.0,1.0,36.47482265251211,36.47482265251211,0.0,0.0,14.692467129644129,0.0,0.0,0.0,427.5,0.0,88.85621243968076,505.5786006485261
storm_none,4,0,1,1,0,0.0,0.0,100.0,1.0,36.358304730830966,36.358304730830966,0.0,0.0,15.257388783610732,0.0,0.0,0.0,427.5,0.0,92.57016397827124,408.13632277666164
storm_none,5,0,1,1,0,0.0,0.0,100.0,1.0,35.43051609664646,35.43051609664646,0.0,0.0,15.237504066678863,0.0,0.0,0.0,427.5,0.0,100.24465780915097,302.6156303459764
storm_none,6,0,1,1,0,0.0,0.0,200.0,2.0,36.52484244362809,36.52484244362809,0.0,0.0,15.94156168139521,0.0,0.0,0.0,427.5,0.0,0.0,302.6156303459764
storm_none,7,0,1,1,0,0.0,0.0,200.0,2.0,37.17112041956775,37.17112041956775,0.0,0.0,16.008467193499015,0.0,0.0,0.0,427.5,0.0,4.285143484825923,298.10495299352806
storm_none,8,0,1,1,0,0.0,0.0,200.0,2.0,37.25521387494798,37.25521387494798,0.0,0.0,16.298230339963073,0.0,0.0,0.0,427.5,0.0,5.759448309435179,292.0423758257016
storm_none,9,0,1,1,0,0.0,0.0,300.0,3.0,37.38705437373236,37.38705437373236,0.0,0.0,0.0,0.0,0.0,0.0,427.5,18.770837811433037,0.0,309.87467174656297
storm_none,10,0,1,1,0,0.0,0.0,300.0,3.0,36.709610370030624,36.709610370030624,0.0,0.0,0.0,0.0,0.0,0.0,427.5,50.53670934713765,0.0,357.88454562634377
storm_none,11,0,1,1,0,0.0,0.0,300.0,3.0,36.65165226186554,36.65165226186554,0.0,0.0,0.0,0.0,0.0,0.0,427.5,40.87567690313551,0.0,396.7164386843225
storm_none,12,0,1,1,0,0.0,0.0,300.0,3.0,35.506044761729655,35.506044761729655,0.0,0.0,0.0,0.0,0.0,0.0,427.5,40.32732315539053,0.0,435.0273956819435
storm_none,13,0,1,1,0,0.0,0.0,300.0,3.0,37.28979348249677,37.28979348249677,0.0,0.0,0.0,0.0,0.0,0.0,427.5,34.28023954942984,0.0,467.59362325390185
storm_none,14,0,1,1,0,0.0,0.0,300.0,3.0,35.73827693541722,35.73827693541722,0.0,0.0,0.0,0.0,0.0,0.0,427.5,45.72784995411362,0.0,511.0350807103098
storm_none,15,0,1,1,0,0.0,0.0,300.0,3.0,35.92234833913645,35.92234833913645,0.0,0.0,0.0,0.0,0.0,0.0,427.5,38.35475905874547,0.0,547.472101816118
storm_none,16,0,1,1,0,0.0,0.0,300.0,3.0,35.194818131826594,35.194818131826594,0.0,0.0,0.0,0.0,0.0,0.0,427.5,26.77081771145259,0.0,572.9043786419979
storm_none,17,0,1,1,0,0.0,0.0,300.0,3.0,34.33622728435941,34.33622728435941,0.0,0.0,0.0,0.0,0.0,0.0,427.5,22.950442215346694,0.0,594.7072987465773
storm_none,18,0,1,1,0,0.0,0.0,300.0,3.0,33.646049677808314,33.646049677808314,0.0,0.0,0.0,0.0,0.0,0.0,427.5,26.165508410403767,0.0,619.5645317364608
storm_none,19,0,1,1,0,0.0,0.0,300.0,3.0,33.87499000641878,33.87499000641878,0.0,0.0,0.0,0.0,0.0,0.0,427.5,21.356886679666932,0.0,639.8535740821443
storm_none,20,0,1,1,0,0.0,0.0,300.0,3.0,33.22264034287458,33.22264034287458,0.0,0.0,0.0,0.0,0.0,0.0,427.5,30.559185489894343,0.0,668.884800297544
storm_none,21,0,1,1,0,0.0,0.0,300.0,3.0,33.1832285203614,33.1832285203614,0.0,0.0,0.0,0.0,0.0,0.0,427.5,38.26075587644979,0.0,705.2325183801713
storm_none,22,0,1,1,0,0.0,0.0,200.0,2.0,33.55021286930235,33.55021286930235,0.0,0.0,13.049574264445587,0.0,0.0,0.0,427.5,0.0,0.0,705.2325183801713
storm_none,23,0,1,1,0,0.0,0.0,200.0,2.0,34.297948524235515,34.297948524235515,0.0,0.0,9.345909555032435,0.0,0.0,0.0,427.5,0.0,0.0,705.2325183801714
storm_none,24,1,1,1,0,0.0,0.0,200.0,2.0,34.439668647824384,34.439668647824384,0.0,0.0,14.095197016010541,0.0,0.0,0.0,427.5,0.0,0.0,705.2325183801714
storm_none,25,1,1,1,0,0.0,0.0,200.0,2.0,34.34444676807764,34.34444676807764,0.0,0.0,14.51216715486124,0.0,0.0,0.0,427.5,0.0,0.0,705.2325183801714
storm_none,26,1,1,1,0,0.0,0.0,200.0,2.0,35.23637133859876,35.23637133859876,0.0,0.0,13.209539374519897,0.0,0.0,0.0,427.5,0.0,0.0,705.2325183801714
storm_none,27,1,1,1,0,0.0,0.0,200.0,2.0,35.330803810522866,35.330803810522866,0.0,0.0,13.403692525658263,0.0,0.0,0.0,427.5,0.0,0.0,705.2325183801714
storm_none,28,1,1,1,0,0.0,0.0,300.0,3.0,34.69235914548608,34.69235914548608,0.0,0.0,0.0,0.0,0.0,0.0,427.5,75.00706842885764,0.0,776.4892333875862
storm_none,29,1,1,1,0,0.0,0.0,300.0,3.0,36.16827259309877,36.16827259309877,0.0,0.0,0.0,0.0,0.0,0.0,427.5,65.15772326274262,0.0,838.3890704871916
storm_none,30,1,1,1,0,0.0,0.0,300.0,3.0,35.37080347166517,35.37080347166517,0.0,0.0,0.0,0.0,0.0,0.0,427.5,57.49729924499107,0.0,893.0115047699331
storm_none,31,1,1,1,0,0.0,0.0,300.0,3.0,38.234939650061236,38.234939650061236,0.0,0.0,0.0,0.0,0.0,0.0,427.5,49.69871042083581,0.0,940.2252796697271
storm_none,32,1,1,1,0,0.0,0.0,300.0,3.0,38.211795603194695,38.211795603194695,0.0,0.0,0.0,0.0,0.0,0.0,427.5,49.491511647784435,0.0,987.2422157351224
storm_none,33,1,1,1,0,0.0,0.0,300.0,3.0,38.50491431940168,38.50491431940168,0.0,0.0,0.0,0.0,0.0,0.0,427.5,46.793095707553576,0.0,1031.6956566572983
storm_none,34,1,1,1,0,0.0,0.0,300.0,3.0,36.658938164710776,36.658938164710776,0.0,0.0,0.0,0.0,0.0,0.0,427.5,40.633334300907485,0.0,1070.2973242431603
storm_none,35,1,1,1,0,0.0,0.0,300.0,3.0,37.397008944442504,37.397008944442504,0.0,0.0,0.0,0.0,0.0,0.0,427.5,39.561865478622266,0.0,1107.8810964478514
storm_none,36,1,1,1,0,0.0,0.0,285.5105311254354,3.0,37.394050492457595,37.394050492457595,0.0,0.0,0.0,0.0,0.0,0.0,427.5,1.0,0.0,1108.8310964478515
storm_none,37,1,1,1,0,0.0,0.0,295.757197087136,3.0,35.19835975565525,35.19835975565525,0.0,0.0,0.0,0.0,0.0,0.0,427.5,32.97562198505674,0.0,1140.1579373336554
storm_none,38,1,1,1,0,0.0,0.0,256.298187147869,3.0,35.80562044103968,35.80562044103968,0.0,0.0,7.412922946697789,0.0,0.0,0.0,427.5,0.0,0.0,1140.1579373336554
storm_none,39,1,1,1,0,0.0,0.0,268.45333588031286,3.0,35.70392824895246,35.70392824895246,0.0,0.0,0.0,0.0,0.0,0.0,427.5,0.0,0.0,1140.1579373336554
storm_none,40,1,1,1,0,0.0,0.0,260.4003955185956,3.0,34.680126492489215,34.680126492489215,0.0,0.0,0.0,0.0,0.0,0.0,427.5,0.0,0.0,1140.1579373336554
storm_none,41,1,1,1,0,0.0,0.0,255.93501973505,3.0,34.150673769798004,34.150673769798004,0.0,0.0,0.0,0.0,0.0,0.0,427.5,0.0,0.0,1140.1579373336554
storm_none,42,1,1,1,0,0.0,0.0,200.0,2.0,33.94840956822312,33.94840956822312,0.0,0.0,17.686868413149227,0.0,0.0,0.0,427.5,0.0,2.9430517948310086,1137.0599880759385
storm_none,43,1,1,1,0,0.0,0.0,200.0,2.0,33.02721381459559,33.02721381459559,0.0,0.0,16.200938662027397,0.0,0.0,0.0,427.5,0.0,0.0,1137.0599880759385
storm_none,44,1,1,1,0,0.0,0.0,200.0,2.0,32.58011091324637,32.58011091324637,0.0,0.0,15.281620629654894,0.0,0.0,0.0,427.5,0.0,0.0,1137.0599880759385
storm_none,45,1,1,1,0,0.0,0.0,200.0,2.0,33.585699098215365,33.585699098215365,0.0,0.0,15.411756662896869,0.0,0.0,0.0,427.5,0.0,0.0,1137.0599880759385
storm_none,46,1,1,1,0,0.0,0.0,200.0,2.0,33.55542600797957,33.55542600797957,0.0,0.0,14.605817450261611,0.0,0.0,0.0,427.5,0.0,0.0,1137.0599880759385
storm_none,47,1,1,1,0,0.0,0.0,200.0,2.0,32.81067066682067,32.81067066682067,0.0,0.0,14.812775009268462,0.0,0.0,0.0,427.5,0.0,0.0,1137.0599880759385
storm_none,48,1,0,1,0,0.0,0.0,200.0,2.0,33.45667898379802,33.45667898379802,0.0,0.0,0.0,0.0,0.0,0.0,427.5,0.0,0.0,1137.0599880759385
storm_none,49,1,0,1,0,0.0,0.0,200.0,2.0,34.18513962448918,34.18513962448918,0.0,0.0,6.60645050585466,0.0,0.0,0.0,427.5,0.0,0.0,1137.0599880759385
storm_none,50,1,0,1,0,0.0,0.0,200.0,2.0,33.797334680939755,33.797334680939755,0.0,0.0,1.49791175150839,0.0,0.0,0.0,427.5,0.0,0.0,1137.0599880759385
storm_none,51,1,0,1,0,0.0,0.0,200.0,2.0,36.45357867605848,36.45357867605848,0.0,0.0,14.520271112939312,0.0,0.0,0.0,427.5,0.0,0.0,1137.0599880759385
storm_none,52,1,0,1,0,0.0,0.0,200.0,2.0,36.40709440006008,36.40709440006008,0.0,0.0,15.628636244774283,0.0,0.0,0.0,427.5,0.0,0.0,1137.0599880759385
storm_none,53,1,0,1,0,0.0,0.0,200.0,2.0,37.07723836871407,37.07723836871407,0.0,0.0,8.980314137847433,0.0,0.0,0.0,427.5,0.0,0.0,1137.0599880759385
storm_none,54,0,0,1,0,0.0,0.0,200.0,2.0,36.17060873427488,36.17060873427488,0.0,0.0,15.899637139187618,0.0,0.0,0.0,427.5,0.0,3.0244508953684743,1133.8763555544979
storm_none,55,0,0,1,0,0.0,0.0,200.0,2.0,37.979793781440065,37.979793781440065,0.0,0.0,16.55789093139425,0.0,0.0,0.0,427.5,0.0,4.958945412473896,1128.6564130150516
storm_none,56,0,0,1,0,0.0,0.0,200.0,2.0,37.018590365426576,37.018590365426576,0.0,0.0,17.583264817388713,0.0,0.0,0.0,427.5,0.0,7.184193425218496,1121.0941041464005
storm_none,57,0,0,1,0,0.0,0.0,200.0,2.0,36.43118263559038,36.43118263559038,0.0,0.0,16.371635961710613,0.0,0.0,0.0,427.5,0.0,15.817665951214224,1104.4439294609117
storm_none,58,0,0,1,0,0.0,0.0,286.050749418684,3.0,38.09781279081587,38.09781279081587,0.0,0.0,0.0,0.0,0.0,0.0,427.5,1.0,0.0,1105.3939294609117
storm_none,59,0,0,1,0,0.0,0.0,293.1401673764259,3.0,36.17627031130976,36.17627031130976,0.0,0.0,0.0,0.0,0.0,0.0,427.5,0.0,0.0,1105.3939294609117
storm_none,60,0,0,1,0,0.0,0.0,300.0,3.0,36.57969401422443,36.57969401422443,0.0,0.0,0.0,0.0,0.0,0.0,427.5,6.844281489698801,0.0,1111.8959968761255
storm_none,61,0,0,1,0,0.0,0.0,300.0,3.0,36.73543698811987,36.73543698811987,0.0,0.0,0.0,0.0,0.0,0.0,427.5,4.250402207418006,0.0,1115.9338789731726
storm_none,62,0,0,1,0,0.0,0.0,300.0,3.0,36.320602876291126,36.320602876291126,0.0,0.0,0.0,0.0,0.0,0.0,427.5,12.192109048971346,0.0,1127.5163825696955
storm_none,63,0,0,1,0,0.0,0.0,300.0,3.0,36.727611523098375,36.727611523098375,0.0,0.0,0.0,0.0,0.0,0.0,427.5,41.02019142304522,0.0,1166.4855644215884
storm_none,64,0,0,1,0,0.0,0.0,300.0,3.0,35.702371669565856,35.702371669565856,0.0,0.0,0.0,0.0,0.0,0.0,427.5,9.678827069916167,0.0,1175.6804501380088
storm_none,65,0,0,1,0,0.0,0.0,277.39450501505644,3.0,33.193898640305136,33.193898640305136,0.0,0.0,0.0,0.0,0.0,0.0,427.5,1.0,0.0,1176.6304501380089
storm_none,66,0,0,1,0,0.0,0.0,300.0,3.0,33.3974474517962,33.3974474517962,0.0,0.0,0.0,0.0,0.0,0.0,427.5,23.918474112399416,0.0,1199.3530005447883
storm_none,67,0,0,1,0,0.0,0.0,300.0,3.0,33.24499856612988,33.24499856612988,0.0,0.0,0.0,0.0,0.0,0.0,427.5,25.972269420257174,0.0,1224.0266564940325
storm_none,68,0,0,1,0,0.0,0.0,300.0,3.0,33.626564459468284,33.626564459468284,0.0,0.0,0.0,0.0,0.0,0.0,427.5,26.30232959119865,0.0,1249.0138696056713
storm_none,69,0,0,1,0,0.0,0.0,200.0,2.0,33.135436046931396,33.135436046931396,0.0,0.0,14.831058916421547,0.0,0.0,0.0,427.5,0.0,21.405331693045948,1226.4819415077282
storm_none,70,0,0,1,0,0.0,0.0,200.0,2.0,33.463043155199756,33.463043155199756,0.0,0.0,13.380069977462627,0.0,0.0,0.0,427.5,0.0,11.025360354938043,1214.876299028846
storm_none,71,0,0,1,0,0.0,0.0,200.0,2.0,32.244705215578875,32.244705215578875,0.0,0.0,13.983554335011625,0.0,0.0,0.0,427.5,0.0,14.13248407740372,1200.0
storm_renewable_bus,0,0,1,1,0,0.0,0.0,0.0,0.0,32.22145805322157,32.22145805322157,0.0,0.0,13.215492747033775,0.0,0.0,0.0,427.5,0.0,186.96361412612396,1003.1961956567116
storm_renewable_bus,1,0,1,1,0,0.0,0.0,0.0,0.0,34.355007033022844,34.355007033022844,0.0,0.0,15.056153512727938,0.0,0.0,0.0,427.5,0.0,187.9858651729413,805.3163375799313
storm_renewable_bus,2,0,1,1,0,0.0,0.0,0.0,0.0,35.59986906618329,35.59986906618329,0.0,0.0,13.815248361943583,0.0,0.0,0.0,427.5,0.0,195.89463764515415,599.1114558481901
storm_renewable_bus,3,0,1,1,0,0.0,0.0,100.0,1.0,36.47482265251211,36.47482265251211,0.0,0.0,14.692467129644129,0.0,0.0,0.0,427.5,0.0,88.85621243968076,505.5786006485261
storm_renewable_bus,4,0,1,1,0,0.0,0.0,100.0,1.0,36.358304730830966,36.358304730830966,0.0,0.0,15.257388783610732,0.0,0.0,0.0,427.5,0.0,92.57016397827124,408.13632277666164
storm_renewable_bus,5,0,1,1,0,0.0,0.0,100.0,1.0,35.43051609664646,35.43051609664646,0.0,0.0,15.237504066678863,0.0,0.0,0.0,427.5,0.0,100.24465780915097,302.6156303459764
storm_renewable_bus,6,0,1,1,0,0.0,0.0,200.0,2.0,36.52484244362809,36.52484244362809,0.0,0.0,15.94156168139521,0.0,0.0,0.0,427.5,0.0,0.0,302.6156303459764
storm_renewable_bus,7,0,1,1,0,0.0,0.0,200.0,2.0,37.17112041956775,37.17112041956775,0.0,0.0,16.008467193499015,0.0,0.0,0.0,427.5,0.0,4.285143484825923,298.10495299352806
storm_renewable_bus,8,0,1,1,0,0.0,0.0,200.0,2.0,37.25521387494798,37.25521387494798,0.0,0.0,16.298230339963073,0.0,0.0,0.0,427.5,0.0,5.759448309435179,292.0423758257016
storm_renewable_bus,9,0,1,1,0,0.0,0.0,300.0,3.0,37.38705437373236,37.38705437373236,0.0,0.0,0.0,0.0,0.0,0.0,427.5,18.770837811433037,0.0,309.87467174656297
storm_renewable_bus,10,0,1,1,0,0.0,0.0,300.0,3.0,36.709610370030624,36.709610370030624,0.0,0.0,0.0,0.0,0.0,0.0,427.5,50.53670934713765,0.0,357.88454562634377
storm_renewable_bus,11,0,1,1,0,0.0,0.0,300.0,3.0,36.65165226186554,36.65165226186554,0.0,0.0,0.0,0.0,0.0,0.0,427.5,40.87567690313551,0.0,396.7164386843225
storm_renewable_bus,12,0,1,1,0,0.0,0.0,300.0,3.0,35.506044761729655,35.506044761729655,0.0,0.0,0.0,0.0,0.0,0.0,427.5,40.32732315539053,0.0,435.0273956819435
storm_renewable_bus,13,0,1,1,0,0.0,0.0,300.0,3.0,37.28979348249677,37.28979348249677,0.0,0.0,0.0,0.0,0.0,0.0,427.5,34.28023954942984,0.0,467.59362325390185
storm_renewable_bus,14,0,1,1,0,0.0,0.0,300.0,3.0,35.73827693541722,35.73827693541722,0.0,0.0,0.0,0.0,0.0,0.0,427.5,45.72784995411362,0.0,511.0350807103098
storm_renewable_bus,15,0,1,1,0,0.0,0.0,300.0,3.0,35.92234833913645,35.92234833913645,0.0,0.0,0.0,0.0,0.0,0.0,427.5,38.35475905874547,0.0,547.472101816118
storm_renewable_bus,16,0,1,1,0,0.0,0.0,300.0,3.0,35.194818131826594,35.194818131826594,0.0,0.0,0.0,0.0,0.0,0.0,427.5,26.77081771145259,0.0,572.9043786419979
storm_renewable_bus,17,0,1,1,0,0.0,0.0,300.0,3.0,34.33622728435941,34.33622728435941,0.0,0.0,0.0,0.0,0.0,0.0,427.5,22.950442215346694,0.0,594.7072987465773
storm_renewable_bus,18,0,1,1,0,0.0,0.0,300.0,3.0,33.646049677808314,33.646049677808314,0.0,0.0,0.0,0.0,0.0,0.0,427.5,26.165508410403767,0.0,619.5645317364608
storm_renewable_bus,19,0,1,1,0,0.0,0.0,300.0,3.0,33.87499000641878,33.87499000641878,0.0,0.0,0.0,0.0,0.0,0.0,427.5,21.356886679666932,0.0,639.8535740821443
storm_renewable_bus,20,0,1,1,0,0.0,0.0,300.0,3.0,33.22264034287458,33.22264034287458,0.0,0.0,0.0,0.0,0.0,0.0,427.5,30.559185489894343,0.0,668.884800297544
storm_renewable_bus,21,0,1,1,0,0.0,0.0,300.0,3.0,33.1832285203614,33.1832285203614,0.0,0.0,0.0,0.0,0.0,0.0,427.5,38.26075587644979,0.0,705.2325183801713
storm_renewable_bus,22,0,1,1,0,0.0,0.0,200.0,2.0,33.55021286930235,33.55021286930235,0.0,0.0,13.049574264445587,0.0,0.0,0.0,427.5,0.0,0.0,705.2325183801713
storm_renewable_bus,23,0,1,1,0,0.0,0.0,200.0,2.0,34.297948524235515,34.297948524235515,0.0,0.0,9.345909555032435,0.0,0.0,0.0,427.5,0.0,0.0,705.2325183801714
storm_renewable_bus,24,1,1,1,0,0.0,0.0,200.0,2.0,34.439668647824384,34.439668647824384,0.0,0.0,14.095197016010541,0.0,0.0,0.0,427.5,0.0,0.0,705.2325183801714
storm_renewable_bus,25,1,1,1,0,0.0,0.0,200.0,2.0,34.34444676807764,34.34444676807764,0.0,0.0,14.51216715486124,0.0,0.0,0.0,427.5,0.0,0.0,705.2325183801714
storm_renewable_bus,26,1,1,1,0,0.0,0.0,200.0,2.0,35.23637133859876,35.23637133859876,0.0,0.0,13.209539374519897,0.0,0.0,0.0,427.5,0.0,0.0,705.2325183801714
storm_renewable_bus,27,1,1,1,0,0.0,0.0,200.0,2.0,35.330803810522866,35.330803810522866,0.0,0.0,13.403692525658263,0.0,0.0,0.0,427.5,0.0,0.0,705.2325183801714
storm_renewable_bus,28,1,1,1,0,0.0,0.0,300.0,3.0,34.69235914548608,34.69235914548608,0.0,0.0,0.0,0.0,0.0,0.0,427.5,75.00706842885764,0.0,776.4892333875862
storm_renewable_bus,29,1,1,1,0,0.0,0.0,300.0,3.0,36.16827259309877,36.16827259309877,0.0,0.0,0.0,0.0,0.0,0.0,427.5,65.15772326274262,0.0,838.3890704871916
storm_renewable_bus,30,1,1,1,0,0.0,0.0,300.0,3.0,35.37080347166517,35.37080347166517,0.0,0.0,0.0,0.0,0.0,0.0,427.5,57.49729924499107,0.0,893.0115047699331
storm_renewable_bus,31,1,1,1,0,0.0,0.0,300.0,3.0,38.234939650061236,38.234939650061236,0.0,0.0,0.0,0.0,0.0,0.0,427.5,49.69871042083581,0.0,940.2252796697271
storm_renewable_bus,32,1,1,1,0,0.0,0.0,300.0,3.0,38.211795603194695,38.211795603194695,0.0,0.0,0.0,0.0,0.0,0.0,427.5,49.491511647784435,0.0,987.2422157351224
storm_renewable_bus,33,1,1,1,0,0.0,0.0,300.0,3.0,38.50491431940168,38.50491431940168,0.0,0.0,0.0,0.0,0.0,0.0,427.5,46.793095707553576,0.0,1031.6956566572983
storm_renewable_bus,34,1,1,1,0,0.0,0.0,300.0,3.0,36.658938164710776,36.658938164710776,0.0,0.0,0.0,0.0,0.0,0.0,427.5,40.633334300907485,0.0,1070.2973242431603
storm_renewable_bus,35,1,1,1,0,0.0,0.0,300.0,3.0,37.397008944442504,37.397008944442504,0.0,0.0,0.0,0.0,0.0,0.0,427.5,39.561865478622266,0.0,1107.8810964478514
storm_renewable_bus,36,1,1,1,1,0.0,0.0,285.27855557709944,3.0,37.394050492457595,37.394050492457595,0.0,0.0,0.0,0.0,0.0,0.0,427.5,13.869379974839353,0.0,1121.0570074239488
storm_renewable_bus,37,1,1,1,1,0.0,0.0,300.0,3.0,35.19835975565525,35.19835975565525,0.0,0.0,0.0,0.0,0.0,0.0,427.5,44.79696638211517,0.0,1163.6141254869583
storm_renewable_bus,38,1,1,1,1,0.0,0.0,264.7111100945668,3.0,35.80562044103968,35.80562044103968,0.0,0.0,0.0,0.0,0.0,0.0,427.5,1.0,0.0,1164.5641254869583
storm_renewable_bus,39,1,1,1,1,0.0,0.0,300.0,3.0,35.70392824895246,35.70392824895246,0.0,0.0,0.0,0.0,0.0,0.0,427.5,10.86676711231749,0.0,1174.88755424366
storm_renewable_bus,40,1,1,1,1,0.0,0.0,300.0,3.0,34.680126492489215,34.680126492489215,0.0,0.0,0.0,0.0,0.0,0.0,427.5,39.59960448140444,0.0,1212.507178500994
storm_renewable_bus,41,1,1,1,1,0.0,0.0,249.52209678834865,3.0,34.150673769798004,34.150673769798004,0.0,0.0,7.4129229467013324,0.0,0.0,0.0,427.5,1.0,0.0,1213.4571785009941
storm_renewable_bus,42,1,1,1,1,0.0,0.0,200.0,2.0,33.94840956822312,33.94840956822312,0.0,0.0,17.686868413149227,0.0,0.0,0.0,427.5,0.0,2.9430517948310064,1210.3592292432772
storm_renewable_bus,43,1,1,1,1,0.0,0.0,200.0,2.0,33.02721381459559,33.02721381459559,0.0,0.0,16.200938662023862,0.0,0.0,0.0,427.5,0.0,0.0,1210.3592292432772
storm_renewable_bus,44,1,1,1,1,0.0,0.0,200.0,2.0,32.58011091324637,32.58011091324637,0.0,0.0,15.281620629654894,0.0,0.0,0.0,427.5,0.0,0.0,1210.3592292432772
storm_renewable_bus,45,1,1,1,1,0.0,0.0,200.0,2.0,33.585699098215365,33.585699098215365,0.0,0.0,15.411756662896869,0.0,0.0,0.0,427.5,0.0,0.0,1210.3592292432772
storm_renewable_bus,46,1,1,1,1,0.0,0.0,200.0,2.0,33.55542600797957,33.55542600797957,0.0,0.0,14.605817450261611,0.0,0.0,0.0,427.5,0.0,0.0,1210.3592292432772
storm_renewable_bus,47,1,1,1,1,0.0,0.0,200.0,2.0,32.81067066682067,32.81067066682067,0.0,0.0,14.812775009268462,0.0,0.0,0.0,427.5,0.0,0.0,1210.3592292432772
storm_renewable_bus,48,1,0,1,0,0.0,0.0,200.0,2.0,33.45667898379802,33.45667898379802,0.0,0.0,9.379370857365497,0.0,0.0,0.0,427.5,0.0,0.0,1210.3592292432772
storm_renewable_bus,49,1,0,1,0,0.0,0.0,200.0,2.0,34.18513962448918,34.18513962448918,0.0,0.0,0.0,0.0,0.0,0.0,427.5,0.0,0.0,1210.3592292432772
storm_renewable_bus,50,1,0,1,0,0.0,0.0,200.0,2.0,33.797334680939755,33.797334680939755,0.0,0.0,13.245262512940092,0.0,0.0,0.0,427.5,0.0,0.0,1210.3592292432772
storm_renewable_bus,51,1,0,1,0,0.0,0.0,200.0,2.0,36.45357867605848,36.45357867605848,0.0,0.0,0.0,0.0,0.0,0.0,427.5,0.0,0.0,1210.3592292432772
storm_renewable_bus,52,1,0,1,0,0.0,0.0,200.0,2.0,36.40709440006008,36.40709440006008,0.0,0.0,15.628636244774283,0.0,0.0,0.0,427.5,0.0,0.0,1210.3592292432772
storm_renewable_bus,53,1,0,1,0,0.0,0.0,200.0,2.0,37.07723836871407,37.07723836871407,0.0,0.0,8.980314137847415,0.0,0.0,0.0,427.5,0.0,0.0,1210.3592292432772
storm_renewable_bus,54,0,0,1,0,0.0,0.0,200.0,2.0,36.17060873427488,36.17060873427488,0.0,0.0,15.899637139187659,0.0,0.0,0.0,427.5,0.0,3.024450895368459,1207.1755967218367
storm_renewable_bus,55,0,0,1,0,0.0,0.0,200.0,2.0,37.979793781440065,37.979793781440065,0.0,0.0,16.557890931394212,0.0,0.0,0.0,427.5,0.0,4.958945412473929,1201.9556541823904
storm_renewable_bus,56,0,0,1,0,0.0,0.0,200.0,2.0,37.018590365426576,37.018590365426576,0.0,0.0,17.583264817388713,0.0,0.0,0.0,427.5,0.0,7.167034041166318,1194.411407823268
storm_renewable_bus,57,0,0,1,0,0.0,0.0,200.0,2.0,36.43118263559038,36.43118263559038,0.0,0.0,16.371635961710613,0.0,0.0,0.0,427.5,0.0,15.817665951214224,1177.7612331377793
storm_renewable_bus,58,0,0,1,0,0.0,0.0,285.05074941868395,3.0,38.09781279081587,38.09781279081587,0.0,0.0,0.0,0.0,0.0,0.0,427.5,0.0,0.0,1177.7612331377793
storm_renewable_bus,59,0,0,1,0,0.0,0.0,282.7623282919716,3.0,36.17627031130976,36.17627031130976,0.0,0.0,0.0,0.0,0.0,0.0,427.5,0.0,0.0,1177.7612331377793
storm_renewable_bus,60,0,0,1,0,0.0,0.0,300.0,3.0,36.57969401422443,36.57969401422443,0.0,0.0,0.0,0.0,0.0,0.0,427.5,6.844281489698801,0.0,1184.263300552993
storm_renewable_bus,61,0,0,1,0,0.0,0.0,276.3665725407586,3.0,36.73543698811987,36.73543698811987,0.0,0.0,0.0,0.0,0.0,0.0,427.5,1.0,0.0,1185.2133005529931
storm_renewable_bus,62,0,0,1,0,0.0,0.0,288.8078909510287,3.0,36.320602876291126,36.320602876291126,0.0,0.0,0.0,0.0,0.0,0.0,427.5,1.0,0.0,1186.1633005529932
storm_renewable_bus,63,0,0,1,0,0.0,0.0,300.0,3.0,36.727611523098375,36.727611523098375,0.0,0.0,0.0,0.0,0.0,0.0,427.5,10.883894728201483,0.0,1196.5030005447845
storm_renewable_bus,64,0,0,1,0,0.0,0.0,291.32117293008383,3.0,35.702371669565856,35.702371669565856,0.0,0.0,0.0,0.0,0.0,0.0,427.5,1.0,0.0,1197.4530005447846
storm_renewable_bus,65,0,0,1,0,0.0,0.0,278.0190726564943,3.0,33.193898640305136,33.193898640305136,0.0,0.0,0.0,0.0,0.0,0.0,427.5,1.0,0.0,1198.4030005447846
storm_renewable_bus,66,0,0,1,0,0.0,0.0,277.0815258876006,3.0,33.3974474517962,33.3974474517962,0.0,0.0,0.0,0.0,0.0,0.0,427.5,1.0,0.0,1199.3530005447847
storm_renewable_bus,67,0,0,1,0,0.0,0.0,300.0,3.0,33.24499856612988,33.24499856612988,0.0,0.0,0.0,0.0,0.0,0.0,427.5,25.97226942025719,0.0,1224.0266564940289
storm_renewable_bus,68,0,0,1,0,0.0,0.0,300.0,3.0,33.626564459468284,33.626564459468284,0.0,0.0,0.0,0.0,0.0,0.0,427.5,26.302329591198657,0.0,1249.0138696056677
storm_renewable_bus,69,0,0,1,0,0.0,0.0,200.0,2.0,33.135436046931396,33.135436046931396,0.0,0.0,14.831058916418389,0.0,0.0,0.0,427.5,0.0,21.405331693042516,1226.4819415077282
storm_renewable_bus,70,0,0,1,0,0.0,0.0,200.0,2.0,33.463043155199756,33.463043155199756,0.0,0.0,13.380069977462627,0.0,0.0,0.0,427.5,0.0,11.025360354938044,1214.876299028846
storm_renewable_bus,71,0,0,1,0,0.0,0.0,200.0,2.0,32.244705215578875,32.244705215578875,0.0,0.0,13.983554335011616,0.0,0.0,0.0,427.5,0.0,14.132484077403715,1200.0
storm_grid,0,0,1,1,0,0.0,0.0,0.0,0.0,32.22145805322157,32.22145805322157,0.0,0.0,13.215492747033775,0.0,0.0,0.0,427.5,0.0,186.96361412612396,1003.1961956567116
storm_grid,1,0,1,1,0,0.0,0.0,0.0,0.0,34.355007033022844,34.355007033022844,0.0,0.0,15.056153512727938,0.0,0.0,0.0,427.5,0.0,187.9858651729413,805.3163375799313
storm_grid,2,0,1,1,0,0.0,0.0,0.0,0.0,35.59986906618329,35.59986906618329,0.0,0.0,13.815248361943583,0.0,0.0,0.0,427.5,0.0,195.89463764515415,599.1114558481901
storm_grid,3,0,1,1,0,0.0,0.0,100.0,1.0,36.47482265251211,36.47482265251211,0.0,0.0,14.692467129644129,0.0,0.0,0.0,427.5,0.0,88.85621243968076,505.5786006485261
storm_grid,4,0,1,1,0,0.0,0.0,100.0,1.0,36.358304730830966,36.358304730830966,0.0,0.0,15.257388783610732,0.0,0.0,0.0,427.5,0.0,92.57016397827124,408.13632277666164
storm_grid,5,0,1,1,0,0.0,0.0,100.0,1.0,35.43051609664646,35.43051609664646,0.0,0.0,15.237504066678863,0.0,0.0,0.0,427.5,0.0,100.24465780915097,302.6156303459764
storm_grid,6,0,1,1,0,0.0,0.0,200.0,2.0,36.52484244362809,36.52484244362809,0.0,0.0,15.94156168139521,0.0,0.0,0.0,427.5,0.0,0.0,302.6156303459764
storm_grid,7,0,1,1,0,0.0,0.0,200.0,2.0,37.17112041956775,37.17112041956775,0.0,0.0,16.008467193499015,0.0,0.0,0.0,427.5,0.0,4.285143484825923,298.10495299352806
storm_grid,8,0,1,1,0,0.0,0.0,200.0,2.0,37.25521387494798,37.25521387494798,0.0,0.0,16.298230339963073,0.0,0.0,0.0,427.5,0.0,5.759448309435179,292.0423758257016
storm_grid,9,0,1,1,0,0.0,0.0,300.0,3.0,37.38705437373236,37.38705437373236,0.0,0.0,0.0,0.0,0.0,0.0,427.5,18.770837811433037,0.0,309.87467174656297
storm_grid,10,0,1,1,0,0.0,0.0,300.0,3.0,36.709610370030624,36.709610370030624,0.0,0.0,0.0,0.0,0.0,0.0,427.5,50.53670934713765,0.0,357.88454562634377
storm_grid,11,0,1,1,0,0.0,0.0,300.0,3.0,36.65165226186554,36.65165226186554,0.0,0.0,0.0,0.0,0.0,0.0,427.5,40.87567690313551,0.0,396.7164386843225
storm_grid,12,0,1,1,0,0.0,0.0,300.0,3.0,35.506044761729655,35.506044761729655,0.0,0.0,0.0,0.0,0.0,0.0,427.5,40.32732315539053,0.0,435.0273956819435
storm_grid,13,0,1,1,0,0.0,0.0,300.0,3.0,37.28979348249677,37.28979348249677,0.0,0.0,0.0,0.0,0.0,0.0,427.5,34.28023954942984,0.0,467.59362325390185
storm_grid,14,0,1,1,0,0.0,0.0,300.0,3.0,35.73827693541722,35.73827693541722,0.0,0.0,0.0,0.0,0.0,0.0,427.5,45.72784995411362,0.0,511.0350807103098
storm_grid,15,0,1,1,0,0.0,0.0,300.0,3.0,35.92234833913645,35.92234833913645,0.0,0.0,0.0,0.0,0.0,0.0,427.5,38.35475905874547,0.0,547.472101816118
storm_grid,16,0,1,1,0,0.0,0.0,300.0,3.0,35.194818131826594,35.194818131826594,0.0,0.0,0.0,0.0,0.0,0.0,427.5,26.77081771145259,0.0,572.9043786419979
storm_grid,17,0,1,1,0,0.0,0.0,300.0,3.0,34.33622728435941,34.33622728435941,0.0,0.0,0.0,0.0,0.0,0.0,427.5,22.950442215346694,0.0,594.7072987465773
storm_grid,18,0,1,1,0,0.0,0.0,300.0,3.0,33.646049677808314,33.646049677808314,0.0,0.0,0.0,0.0,0.0,0.0,427.5,26.165508410403767,0.0,619.5645317364608
storm_grid,19,0,1,1,0,0.0,0.0,300.0,3.0,33.87499000641878,33.87499000641878,0.0,0.0,0.0,0.0,0.0,0.0,427.5,21.356886679666932,0.0,639.8535740821443
storm_grid,20,0,1,1,0,0.0,0.0,300.0,3.0,33.22264034287458,33.22264034287458,0.0,0.0,0.0,0.0,0.0,0.0,427.5,30.559185489894343,0.0,668.884800297544
storm_grid,21,0,1,1,0,0.0,0.0,300.0,3.0,33.1832285203614,33.1832285203614,0.0,0.0,0.0,0.0,0.0,0.0,427.5,38.26075587644979,0.0,705.2325183801713
storm_grid,22,0,1,1,0,0.0,0.0,200.0,2.0,33.55021286930235,33.55021286930235,0.0,0.0,13.049574264445587,0.0,0.0,0.0,427.5,0.0,0.0,705.2325183801713
storm_grid,23,0,1,1,0,0.0,0.0,200.0,2.0,34.297948524235515,34.297948524235515,0.0,0.0,9.345909555032435,0.0,0.0,0.0,427.5,0.0,0.0,705.2325183801714
storm_grid,24,1,1,1,0,0.0,0.0,200.0,2.0,34.439668647824384,34.439668647824384,0.0,0.0,14.095197016010541,0.0,0.0,0.0,427.5,0.0,0.0,705.2325183801714
storm_grid,25,1,1,1,0,0.0,0.0,200.0,2.0,34.34444676807764,34.34444676807764,0.0,0.0,14.51216715486124,0.0,0.0,0.0,427.5,0.0,0.0,705.2325183801714
storm_grid,26,1,1,1,0,0.0,0.0,200.0,2.0,35.23637133859876,35.23637133859876,0.0,0.0,13.209539374519897,0.0,0.0,0.0,427.5,0.0,0.0,705.2325183801714
storm_grid,27,1,1,1,0,0.0,0.0,200.0,2.0,35.330803810522866,35.330803810522866,0.0,0.0,13.403692525658263,0.0,0.0,0.0,427.5,0.0,0.0,705.2325183801714
storm_grid,28,1,1,1,0,0.0,0.0,300.0,3.0,34.69235914548608,34.69235914548608,0.0,0.0,0.0,0.0,0.0,0.0,427.5,75.00706842885764,0.0,776.4892333875862
storm_grid,29,1,1,1,0,0.0,0.0,300.0,3.0,36.16827259309877,36.16827259309877,0.0,0.0,0.0,0.0,0.0,0.0,427.5,65.15772326274262,0.0,838.3890704871916
storm_grid,30,1,1,1,0,0.0,0.0,300.0,3.0,35.37080347166517,35.37080347166517,0.0,0.0,0.0,0.0,0.0,0.0,427.5,57.49729924499107,0.0,893.0115047699331
storm_grid,31,1,1,1,0,0.0,0.0,300.0,3.0,38.234939650061236,38.234939650061236,0.0,0.0,0.0,0.0,0.0,0.0,427.5,49.69871042083581,0.0,940.2252796697271
storm_grid,32,1,1,1,0,0.0,0.0,300.0,3.0,38.211795603194695,38.211795603194695,0.0,0.0,0.0,0.0,0.0,0.0,427.5,49.491511647784435,0.0,987.2422157351224
storm_grid,33,1,1,1,0,0.0,0.0,300.0,3.0,38.50491431940168,38.50491431940168,0.0,0.0,0.0,0.0,0.0,0.0,427.5,46.793095707553576,0.0,1031.6956566572983
storm_grid,34,1,1,1,0,0.0,0.0,300.0,3.0,36.658938164710776,36.658938164710776,0.0,0.0,0.0,0.0,0.0,0.0,427.5,40.633334300907485,0.0,1070.2973242431603
storm_grid,35,1,1,1,0,0.0,0.0,300.0,3.0,37.397008944442504,37.397008944442504,0.0,0.0,0.0,0.0,0.0,0.0,427.5,39.561865478622266,0.0,1107.8810964478514
storm_grid,36,1,1,0,0,0.0,0.0,0.0,3.0,37.394050492457595,0.0,157.55902216350236,38.25455542212245,0.0,37.394050492457595,0.0,0.0,389.34280561994126,0.0,0.0,1107.8810964478514
storm_grid,37,1,1,1,0,0.0,0.0,300.0,3.0,35.19835975565525,35.19835975565525,0.0,0.0,5.516162816314356,0.0,0.0,0.0,389.34280561994126,33.27818802676103,0.0,1139.4953750732743
storm_grid,38,1,1,1,0,0.0,0.0,300.0,3.0,35.80562044103968,35.80562044103968,0.0,0.0,0.0,0.0,0.0,0.0,389.34280561994126,12.985986858080096,0.0,1151.8320625884503
storm_grid,39,1,1,1,0,0.0,0.0,258.1001760624554,3.0,35.70392824895246,35.70392824895246,0.0,0.0,1.8967601303834396,0.0,0.0,0.0,389.34280561994126,1.0,0.0,1152.7820625884503
storm_grid,40,1,1,1,0,0.0,0.0,300.0,3.0,34.680126492489215,34.680126492489215,0.0,0.0,0.0,0.0,0.0,0.0,389.34280561994126,39.59960448140442,0.0,1190.4016868457845
storm_grid,41,1,1,1,0,0.0,0.0,255.93501973505002,3.0,34.150673769798004,34.150673769798004,0.0,0.0,0.0,0.0,0.0,0.0,389.34280561994126,0.0,0.0,1190.4016868457845
storm_grid,42,1,1,1,0,0.0,0.0,200.0,2.0,33.94840956822312,33.94840956822312,0.0,0.0,17.686868413149227,0.0,0.0,0.0,389.34280561994126,0.0,2.943051794831092,1187.3037375880676
storm_grid,43,1,1,1,0,0.0,0.0,200.0,2.0,33.02721381459559,33.02721381459559,0.0,0.0,16.200938662027397,0.0,0.0,0.0,389.34280561994126,0.0,0.0,1187.3037375880676
storm_grid,44,1,1,1,0,0.0,0.0,200.0,2.0,32.58011091324637,32.58011091324637,0.0,0.0,15.281620629654876,0.0,0.0,0.0,389.34280561994126,0.0,0.0,1187.3037375880676
storm_grid,45,1,1,1,0,0.0,0.0,200.0,2.0,33.585699098215365,33.585699098215365,0.0,0.0,15.411756662896869,0.0,0.0,0.0,389.34280561994126,0.0,0.0,1187.3037375880676
storm_grid,46,1,1,1,0,0.0,0.0,200.0,2.0,33.55542600797957,33.55542600797957,0.0,0.0,14.605817450261618,0.0,0.0,0.0,389.34280561994126,0.0,0.0,1187.3037375880676
storm_grid,47,1,1,1,0,0.0,0.0,200.0,2.0,32.81067066682067,32.81067066682067,0.0,0.0,14.812775009268462,0.0,0.0,0.0,389.34280561994126,0.0,0.0,1187.3037375880676
storm_grid,48,1,0,1,0,0.0,0.0,200.0,2.0,33.45667898379802,33.45667898379802,0.0,0.0,12.290583100721438,0.0,0.0,0.0,389.34280561994126,0.0,0.0,1187.3037375880676
storm_grid,49,1,0,1,0,0.0,0.0,200.0,2.0,34.18513962448918,34.18513962449824,0.0,0.0,12.902189468558062,0.0,0.0,0.0,389.3428056199505,0.0,0.0,1187.3037375880676
storm_grid,50,1,0,1,0,0.0,0.0,200.0,2.0,33.797334680939755,33.797334680939755,0.0,0.0,1.4979117515084042,0.0,0.0,0.0,389.3428056199505,0.0,0.0,1187.3037375880676
storm_grid,51,1,0,1,0,0.0,0.0,200.0,2.0,36.45357867605848,36.45357867605848,0.0,0.0,0.0,0.0,0.0,0.0,389.3428056199505,0.0,0.0,1187.3037375880676
storm_grid,52,1,0,1,0,0.0,0.0,200.0,2.0,36.40709440006008,36.40709440006008,0.0,0.0,5.824185771126164,0.0,0.0,0.0,389.3428056199505,0.0,0.0,1187.3037375880676
storm_grid,53,1,0,1,0,0.0,0.0,200.0,2.0,37.07723836871407,37.07723836871407,0.0,0.0,14.718713661013195,0.0,0.0,0.0,389.3428056199505,0.0,0.0,1187.3037375880676
storm_grid,54,0,0,1,0,0.0,0.0,200.0,2.0,36.17060873427488,36.17060873427488,0.0,0.0,15.899637139187638,0.0,0.0,0.0,389.3428056199505,0.0,3.0244508953684743,1184.120105066627
storm_grid,55,0,0,1,0,0.0,0.0,200.0,2.0,37.979793781440065,37.979793781440065,0.0,0.0,16.557890931394233,0.0,0.0,0.0,389.3428056199505,0.0,4.958945412473896,1178.9001625271812
storm_grid,56,0,0,1,0,0.0,0.0,200.0,2.0,37.018590365426576,37.018590365426576,0.0,0.0,17.583264817388713,0.0,0.0,0.0,389.3428056199505,0.0,7.172468003133236,1171.3501962080936
storm_grid,57,0,0,1,0,0.0,0.0,200.0,2.0,36.43118263559038,36.43118263559038,0.0,0.0,16.371635961710613,0.0,0.0,0.0,389.3428056199505,0.0,15.817665951214348,1154.7000215226049
storm_grid,58,0,0,1,0,0.0,0.0,293.22579771511823,3.0,38.09781279081587,38.09781279081587,0.0,0.0,0.0,0.0,38.93591263270355,38.93591263270355,427.5,0.0,0.0,1154.7000215226049
storm_grid,59,0,0,1,0,0.0,0.0,294.14016737642584,3.0,36.17627031130976,36.17627031130976,0.0,0.0,0.0,0.0,0.0,0.0,427.5,1.0,0.0,1155.6500215226047
storm_grid,60,0,0,1,0,0.0,0.0,293.1557185103012,3.0,36.57969401422443,36.57969401422443,0.0,0.0,0.0,0.0,0.0,0.0,427.5,0.0,0.0,1155.6500215226047
storm_grid,61,0,0,1,0,0.0,0.0,296.749597792582,3.0,36.73543698811987,36.73543698811987,0.0,0.0,0.0,0.0,0.0,0.0,427.5,1.0,0.0,1156.6000215226047
storm_grid,62,0,0,1,0,0.0,0.0,300.0,3.0,36.320602876291126,36.320602876291126,0.0,0.0,0.0,0.0,0.0,0.0,427.5,12.192109048971417,0.0,1168.1825251191276
storm_grid,63,0,0,1,0,0.0,0.0,300.0,3.0,36.727611523098375,36.727611523098375,0.0,0.0,0.0,0.0,0.0,0.0,427.5,10.883894728201483,0.0,1178.522225110919
storm_grid,64,0,0,1,0,0.0,0.0,290.32117293008383,3.0,35.702371669565856,35.702371669565856,0.0,0.0,0.0,0.0,0.0,0.0,427.5,0.0,0.0,1178.522225110919
storm_grid,65,0,0,1,0,0.0,0.0,300.0,3.0,33.193898640305136,33.193898640305136,0.0,0.0,0.0,0.0,0.0,0.0,427.5,22.980927343505698,0.0,1200.3541060872494
storm_grid,66,0,0,1,0,0.0,0.0,300.0,3.0,33.3974474517962,33.3974474517962,0.0,0.0,0.0,0.0,0.0,0.0,427.5,23.91847411239941,0.0,1223.0766564940288
storm_grid,67,0,0,1,0,0.0,0.0,275.0277305797428,3.0,33.24499856612988,33.24499856612988,0.0,0.0,0.0,0.0,0.0,0.0,427.5,1.0,0.0,1224.0266564940289
storm_grid,68,0,0,1,0,0.0,0.0,300.0,3.0,33.626564459468284,33.626564459468284,0.0,0.0,0.0,0.0,0.0,0.0,427.5,26.302329591198657,0.0,1249.0138696056677
storm_grid,69,0,0,1,0,0.0,0.0,200.0,2.0,33.135436046931396,33.135436046931396,0.0,0.0,14.831058916418376,0.0,0.0,0.0,427.5,0.0,21.40533169304252,1226.4819415077282
storm_grid,70,0,0,1,0,0.0,0.0,200.0,2.0,33.463043155199756,33.463043155199756,0.0,0.0,13.380069977462627,0.0,0.0,0.0,427.5,0.0,11.02536035493804,1214.876299028846
storm_grid,71,0,0,1,0,0.0,0.0,200.0,2.0,32.244705215578875,32.244705215578875,0.0,0.0,13.983554335011625,0.0,0.0,0.0,427.5,0.0,14.13248407740372,1200.0
storm_compound,0,0,1,1,0,0.0,0.0,0.0,0.0,32.22145805322157,32.22145805322157,0.0,0.0,13.215492747033775,0.0,0.0,0.0,427.5,0.0,186.96361412612396,1003.1961956567116
storm_compound,1,0,1,1,0,0.0,0.0,0.0,0.0,34.355007033022844,34.355007033022844,0.0,0.0,15.056153512727938,0.0,0.0,0.0,427.5,0.0,187.9858651729413,805.3163375799313
storm_compound,2,0,1,1,0,0.0,0.0,0.0,0.0,35.59986906618329,35.59986906618329,0.0,0.0,13.815248361943583,0.0,0.0,0.0,427.5,0.0,195.89463764515415,599.1114558481901
storm_compound,3,0,1,1,0,0.0,0.0,100.0,1.0,36.47482265251211,36.47482265251211,0.0,0.0,14.692467129644129,0.0,0.0,0.0,427.5,0.0,88.85621243968076,505.5786006485261
storm_compound,4,0,1,1,0,0.0,0.0,100.0,1.0,36.358304730830966,36.358304730830966,0.0,0.0,15.257388783610732,0.0,0.0,0.0,427.5,0.0,92.57016397827124,408.13632277666164
storm_compound,5,0,1,1,0,0.0,0.0,100.0,1.0,35.43051609664646,35.43051609664646,0.0,0.0,15.237504066678863,0.0,0.0,0.0,427.5,0.0,100.24465780915097,302.6156303459764
storm_compound,6,0,1,1,0,0.0,0.0,200.0,2.0,36.52484244362809,36.52484244362809,0.0,0.0,15.94156168139521,0.0,0.0,0.0,427.5,0.0,0.0,302.6156303459764
storm_compound,7,0,1,1,0,0.0,0.0,200.0,2.0,37.17112041956775,37.17112041956775,0.0,0.0,16.008467193499015,0.0,0.0,0.0,427.5,0.0,4.285143484825923,298.10495299352806
storm_compound,8,0,1,1,0,0.0,0.0,200.0,2.0,37.25521387494798,37.25521387494798,0.0,0.0,16.298230339963073,0.0,0.0,0.0,427.5,0.0,5.759448309435179,292.0423758257016
storm_compound,9,0,1,1,0,0.0,0.0,300.0,3.0,37.38705437373236,37.38705437373236,0.0,0.0,0.0,0.0,0.0,0.0,427.5,18.770837811433037,0.0,309.87467174656297
storm_compound,10,0,1,1,0,0.0,0.0,300.0,3.0,36.709610370030624,36.709610370030624,0.0,0.0,0.0,0.0,0.0,0.0,427.5,50.53670934713765,0.0,357.88454562634377
storm_compound,11,0,1,1,0,0.0,0.0,300.0,3.0,36.65165226186554,36.65165226186554,0.0,0.0,0.0,0.0,0.0,0.0,427.5,40.87567690313551,0.0,396.7164386843225
storm_compound,12,0,1,1,0,0.0,0.0,300.0,3.0,35.506044761729655,35.506044761729655,0.0,0.0,0.0,0.0,0.0,0.0,427.5,40.32732315539053,0.0,435.0273956819435
storm_compound,13,0,1,1,0,0.0,0.0,300.0,3.0,37.28979348249677,37.28979348249677,0.0,0.0,0.0,0.0,0.0,0.0,427.5,34.28023954942984,0.0,467.59362325390185
storm_compound,14,0,1,1,0,0.0,0.0,300.0,3.0,35.73827693541722,35.73827693541722,0.0,0.0,0.0,0.0,0.0,0.0,427.5,45.72784995411362,0.0,511.0350807103098
storm_compound,15,0,1,1,0,0.0,0.0,300.0,3.0,35.92234833913645,35.92234833913645,0.0,0.0,0.0,0.0,0.0,0.0,427.5,38.35475905874547,0.0,547.472101816118
storm_compound,16,0,1,1,0,0.0,0.0,300.0,3.0,35.194818131826594,35.194818131826594,0.0,0.0,0.0,0.0,0.0,0.0,427.5,26.77081771145259,0.0,572.9043786419979
storm_compound,17,0,1,1,0,0.0,0.0,300.0,3.0,34.33622728435941,34.33622728435941,0.0,0.0,0.0,0.0,0.0,0.0,427.5,22.950442215346694,0.0,594.7072987465773
storm_compound,18,0,1,1,0,0.0,0.0,300.0,3.0,33.646049677808314,33.646049677808314,0.0,0.0,0.0,0.0,0.0,0.0,427.5,26.165508410403767,0.0,619.5645317364608
storm_compound,19,0,1,1,0,0.0,0.0,300.0,3.0,33.87499000641878,33.87499000641878,0.0,0.0,0.0,0.0,0.0,0.0,427.5,21.356886679666932,0.0,639.8535740821443
storm_compound,20,0,1,1,0,0.0,0.0,300.0,3.0,33.22264034287458,33.22264034287458,0.0,0.0,0.0,0.0,0.0,0.0,427.5,30.559185489894343,0.0,668.884800297544
storm_compound,21,0,1,1,0,0.0,0.0,300.0,3.0,33.1832285203614,33.1832285203614,0.0,0.0,0.0,0.0,0.0,0.0,427.5,38.26075587644979,0.0,705.2325183801713
storm_compound,22,0,1,1,0,0.0,0.0,200.0,2.0,33.55021286930235,33.55021286930235,0.0,0.0,13.049574264445587,0.0,0.0,0.0,427.5,0.0,0.0,705.2325183801713
storm_compound,23,0,1,1,0,0.0,0.0,200.0,2.0,34.297948524235515,34.297948524235515,0.0,0.0,9.345909555032435,0.0,0.0,0.0,427.5,0.0,0.0,705.2325183801714
storm_compound,24,1,1,1,0,0.0,0.0,200.0,2.0,34.439668647824384,34.439668647824384,0.0,0.0,14.095197016010541,0.0,0.0,0.0,427.5,0.0,0.0,705.2325183801714
storm_compound,25,1,1,1,0,0.0,0.0,200.0,2.0,34.34444676807764,34.34444676807764,0.0,0.0,14.51216715486124,0.0,0.0,0.0,427.5,0.0,0.0,705.2325183801714
storm_compound,26,1,1,1,0,0.0,0.0,200.0,2.0,35.23637133859876,35.23637133859876,0.0,0.0,13.209539374519897,0.0,0.0,0.0,427.5,0.0,0.0,705.2325183801714
storm_compound,27,1,1,1,0,0.0,0.0,200.0,2.0,35.330803810522866,35.330803810522866,0.0,0.0,13.403692525658263,0.0,0.0,0.0,427.5,0.0,0.0,705.2325183801714
storm_compound,28,1,1,1,0,0.0,0.0,300.0,3.0,34.69235914548608,34.69235914548608,0.0,0.0,0.0,0.0,0.0,0.0,427.5,75.00706842885764,0.0,776.4892333875862
storm_compound,29,1,1,1,0,0.0,0.0,300.0,3.0,36.16827259309877,36.16827259309877,0.0,0.0,0.0,0.0,0.0,0.0,427.5,65.15772326274262,0.0,838.3890704871916
storm_compound,30,1,1,1,0,0.0,0.0,300.0,3.0,35.37080347166517,35.37080347166517,0.0,0.0,0.0,0.0,0.0,0.0,427.5,57.49729924499107,0.0,893.0115047699331
storm_compound,31,1,1,1,0,0.0,0.0,300.0,3.0,38.234939650061236,38.234939650061236,0.0,0.0,0.0,0.0,0.0,0.0,427.5,49.69871042083581,0.0,940.2252796697271
storm_compound,32,1,1,1,0,0.0,0.0,300.0,3.0,38.211795603194695,38.211795603194695,0.0,0.0,0.0,0.0,0.0,0.0,427.5,49.491511647784435,0.0,987.2422157351224
storm_compound,33,1,1,1,0,0.0,0.0,300.0,3.0,38.50491431940168,38.50491431940168,0.0,0.0,0.0,0.0,0.0,0.0,427.5,46.793095707553576,0.0,1031.6956566572983
storm_compound,34,1,1,1,0,0.0,0.0,300.0,3.0,36.658938164710776,36.658938164710776,0.0,0.0,0.0,0.0,0.0,0.0,427.5,40.633334300907485,0.0,1070.2973242431603
storm_compound,35,1,1,1,0,0.0,0.0,300.0,3.0,37.397008944442504,37.397008944442504,0.0,0.0,0.0,0.0,0.0,0.0,427.5,39.561865478622266,0.0,1107.8810964478514
storm_compound,36,1,1,1,1,0.0,0.0,300.0,3.0,37.394050492457595,37.394050492457595,0.0,0.0,0.0,0.0,0.0,0.0,427.5,38.79237192191768,0.0,1144.7338497736732
storm_compound,37,1,1,1,1,0.0,0.0,300.0,3.0,35.19835975565525,35.19835975565525,0.0,0.0,0.0,0.0,0.0,0.0,427.5,34.459122163093575,0.0,1177.470015828612
storm_compound,38,1,1,1,1,0.0,0.0,300.0,3.0,35.80562044103968,35.80562044103968,0.0,0.0,7.412922946697789,0.0,0.0,0.0,427.5,43.70181285213102,0.0,1218.9867380381365
storm_compound,39,1,1,1,1,0.0,0.0,300.0,3.0,35.70392824895246,35.70392824895246,0.0,0.0,0.0,0.0,0.0,0.0,427.5,41.0030638071612,0.0,1257.9396486549397
storm_compound,40,1,1,1,1,0.0,0.0,293.73523852165414,3.0,34.680126492489215,34.680126492489215,0.0,0.0,0.0,0.0,0.0,0.0,427.5,0.0,1.0,1256.8870170759924
storm_compound,41,1,1,1,1,0.0,0.0,300.0,3.0,34.150673769798004,34.150673769798004,0.0,0.0,0.0,0.0,0.0,0.0,427.5,44.06498026495,0.0,1298.7487483276948
storm_compound,42,1,1,1,1,0.0,0.0,200.0,2.0,33.94840956822312,33.94840956822312,0.0,0.0,17.686868413149227,0.0,0.0,0.0,427.5,0.0,2.9430517948310104,1295.650799069978
storm_compound,43,1,1,1,1,0.0,0.0,200.0,2.0,33.02721381459559,33.02721381459559,0.0,0.0,16.200938662027397,0.0,0.0,0.0,427.5,0.0,0.0,1295.650799069978
storm_compound,44,1,1,1,1,0.0,0.0,200.0,2.0,32.58011091324637,32.58011091324637,0.0,0.0,15.281620629654894,0.0,0.0,0.0,427.5,0.0,0.0,1295.650799069978
storm_compound,45,1,1,1,1,0.0,0.0,200.0,2.0,33.585699098215365,33.585699098215365,0.0,0.0,15.411756662896869,0.0,0.0,0.0,427.5,0.0,0.0,1295.650799069978
storm_compound,46,1,1,1,1,0.0,0.0,200.0,2.0,33.55542600797957,33.55542600797957,0.0,0.0,14.605817450261611,0.0,0.0,0.0,427.5,0.0,0.0,1295.650799069978
storm_compound,47,1,1,1,1,0.0,0.0,200.0,2.0,32.81067066682067,32.81067066682067,0.0,0.0,14.812775009268462,0.0,0.0,0.0,427.5,0.0,0.0,1295.650799069978
storm_compound,48,1,0,1,0,0.0,0.0,200.0,2.0,33.45667898379802,33.45667898379802,0.0,0.0,0.0,0.0,0.0,0.0,427.5,0.0,0.0,1295.650799069978
storm_compound,49,1,0,1,0,0.0,0.0,200.0,2.0,34.18513962448918,34.18513962448918,0.0,0.0,0.0,0.0,0.0,0.0,427.5,0.0,0.0,1295.650799069978
storm_compound,50,1,0,1,0,0.0,0.0,200.0,2.0,33.797334680939755,33.797334680939755,0.0,0.0,13.245262512940092,0.0,0.0,0.0,427.5,0.0,0.0,1295.650799069978
storm_compound,51,1,0,1,0,0.0,0.0,200.0,2.0,36.45357867605848,36.45357867605848,0.0,0.0,0.0,0.0,0.0,0.0,427.5,0.0,0.0,1295.650799069978
storm_compound,52,1,0,1,0,0.0,0.0,200.0,2.0,36.40709440006008,36.40709440006008,0.0,0.0,5.8241857711261,0.0,0.0,0.0,427.5,0.0,0.0,1295.650799069978
storm_compound,53,1,0,1,0,0.0,0.0,200.0,2.0,37.07723836871407,37.07723836871407,0.0,0.0,14.718713661013195,0.0,0.0,0.0,427.5,0.0,0.0,1295.650799069978
storm_compound,54,0,0,1,0,0.0,0.0,200.0,2.0,36.17060873427488,36.17060873427488,0.0,0.0,15.899637139187604,0.0,0.0,0.0,427.5,0.0,25.560349280230763,1268.7451682486824
storm_compound,55,0,0,1,0,0.0,0.0,200.0,2.0,37.979793781440065,37.979793781440065,0.0,0.0,9.384483499505066,0.0,0.0,0.0,427.5,0.0,35.30392571961689,1231.5831411754014
storm_compound,56,0,0,1,0,0.0,0.0,200.0,2.0,37.018590365426576,37.018590365426576,0.0,0.0,17.583264817388713,0.0,0.0,0.0,427.5,0.0,12.112357929679536,1218.8332907231072
storm_compound,57,0,0,1,0,0.0,0.0,200.0,2.0,36.43118263559038,36.43118263559038,0.0,0.0,0.0,0.0,0.0,0.0,427.5,0.0,45.15402573251479,1171.30273732046
storm_compound,58,0,0,1,0,0.0,0.0,200.0,2.0,38.09781279081587,38.09781279081587,0.0,0.0,17.506946683570085,0.0,0.0,0.0,427.5,0.0,33.543802735113935,1135.993471283498
storm_compound,59,0,0,1,0,0.0,0.0,200.0,2.0,36.17627031130976,36.17627031130976,0.0,0.0,19.483518517874334,0.0,0.0,0.0,427.5,0.0,21.70934389187447,1113.1415303446827
storm_compound,60,0,0,1,0,0.0,0.0,300.0,3.0,36.57969401422443,36.57969401422443,0.0,0.0,0.0,0.0,0.0,0.0,427.5,6.844281489698801,0.0,1119.6435977598965
storm_compound,61,0,0,1,0,0.0,0.0,300.0,3.0,36.73543698811987,36.73543698811987,0.0,0.0,0.0,0.0,0.0,0.0,427.5,4.250402207418034,0.0,1123.6814798569435
storm_compound,62,0,0,1,0,0.0,0.0,300.0,3.0,36.320602876291126,36.320602876291126,0.0,0.0,0.0,0.0,0.0,0.0,427.5,12.192109048971417,0.0,1135.2639834534664
storm_compound,63,0,0,1,0,0.0,0.0,300.0,3.0,36.727611523098375,36.727611523098375,0.0,0.0,0.0,0.0,0.0,0.0,427.5,10.883894728201483,0.0,1145.6036834452577
storm_compound,64,0,0,1,0,0.0,0.0,300.0,3.0,35.702371669565856,35.702371669565856,0.0,0.0,0.0,0.0,0.0,0.0,427.5,9.678827069916167,0.0,1154.7985691616782
storm_compound,65,0,0,1,0,0.0,0.0,300.0,3.0,33.193898640305136,33.193898640305136,0.0,0.0,0.0,0.0,0.0,0.0,427.5,22.980927343505698,0.0,1176.6304501380087
storm_compound,66,0,0,1,0,0.0,0.0,300.0,3.0,33.3974474517962,33.3974474517962,0.0,0.0,0.0,0.0,0.0,0.0,427.5,23.918474112399423,0.0,1199.353000544788
storm_compound,67,0,0,1,0,0.0,0.0,300.0,3.0,33.24499856612988,33.24499856612988,0.0,0.0,0.0,0.0,0.0,0.0,427.5,25.97226942025719,0.0,1224.0266564940323
storm_compound,68,0,0,1,0,0.0,0.0,300.0,3.0,33.626564459468284,33.626564459468284,0.0,0.0,0.0,0.0,0.0,0.0,427.5,26.302329591198657,0.0,1249.013869605671
storm_compound,69,0,0,1,0,0.0,0.0,200.0,2.0,33.135436046931396,33.135436046931396,0.0,0.0,14.831058916418392,0.0,0.0,0.0,427.5,0.0,21.40533169304252,1226.4819415077316
storm_compound,70,0,0,1,0,0.0,0.0,200.0,2.0,33.463043155199756,33.463043155199756,0.0,0.0,13.380069977462627,0.0,0.0,0.0,427.5,0.0,11.025360354938032,1214.8762990288494
storm_compound,71,0,0,1,0,0.0,0.0,200.0,2.0,32.244705215578875,32.244705215578875,0.0,0.0,13.983554335014889,0.0,0.0,0.0,427.5,0.0,14.132484077406978,1200.0
storm_grid_pcs,0,0,1,1,0,0.0,0.0,0.0,0.0,32.22145805322157,32.22145805322157,0.0,0.0,13.215492747033775,0.0,0.0,0.0,427.5,0.0,186.96361412612396,1003.1961956567116
storm_grid_pcs,1,0,1,1,0,0.0,0.0,0.0,0.0,34.355007033022844,34.355007033022844,0.0,0.0,15.056153512727938,0.0,0.0,0.0,427.5,0.0,187.9858651729413,805.3163375799313
storm_grid_pcs,2,0,1,1,0,0.0,0.0,0.0,0.0,35.59986906618329,35.59986906618329,0.0,0.0,13.815248361943583,0.0,0.0,0.0,427.5,0.0,195.89463764515415,599.1114558481901
storm_grid_pcs,3,0,1,1,0,0.0,0.0,100.0,1.0,36.47482265251211,36.47482265251211,0.0,0.0,14.692467129644129,0.0,0.0,0.0,427.5,0.0,88.85621243968076,505.5786006485261
storm_grid_pcs,4,0,1,1,0,0.0,0.0,100.0,1.0,36.358304730830966,36.358304730830966,0.0,0.0,15.257388783610732,0.0,0.0,0.0,427.5,0.0,92.57016397827124,408.13632277666164
storm_grid_pcs,5,0,1,1,0,0.0,0.0,100.0,1.0,35.43051609664646,35.43051609664646,0.0,0.0,15.237504066678863,0.0,0.0,0.0,427.5,0.0,100.24465780915097,302.6156303459764
storm_grid_pcs,6,0,1,1,0,0.0,0.0,200.0,2.0,36.52484244362809,36.52484244362809,0.0,0.0,15.94156168139521,0.0,0.0,0.0,427.5,0.0,0.0,302.6156303459764
storm_grid_pcs,7,0,1,1,0,0.0,0.0,200.0,2.0,37.17112041956775,37.17112041956775,0.0,0.0,16.008467193499015,0.0,0.0,0.0,427.5,0.0,4.285143484825923,298.10495299352806
storm_grid_pcs,8,0,1,1,0,0.0,0.0,200.0,2.0,37.25521387494798,37.25521387494798,0.0,0.0,16.298230339963073,0.0,0.0,0.0,427.5,0.0,5.759448309435179,292.0423758257016
storm_grid_pcs,9,0,1,1,0,0.0,0.0,300.0,3.0,37.38705437373236,37.38705437373236,0.0,0.0,0.0,0.0,0.0,0.0,427.5,18.770837811433037,0.0,309.87467174656297
storm_grid_pcs,10,0,1,1,0,0.0,0.0,300.0,3.0,36.709610370030624,36.709610370030624,0.0,0.0,0.0,0.0,0.0,0.0,427.5,50.53670934713765,0.0,357.88454562634377
storm_grid_pcs,11,0,1,1,0,0.0,0.0,300.0,3.0,36.65165226186554,36.65165226186554,0.0,0.0,0.0,0.0,0.0,0.0,427.5,40.87567690313551,0.0,396.7164386843225
storm_grid_pcs,12,0,1,1,0,0.0,0.0,300.0,3.0,35.506044761729655,35.506044761729655,0.0,0.0,0.0,0.0,0.0,0.0,427.5,40.32732315539053,0.0,435.0273956819435
storm_grid_pcs,13,0,1,1,0,0.0,0.0,300.0,3.0,37.28979348249677,37.28979348249677,0.0,0.0,0.0,0.0,0.0,0.0,427.5,34.28023954942984,0.0,467.59362325390185
storm_grid_pcs,14,0,1,1,0,0.0,0.0,300.0,3.0,35.73827693541722,35.73827693541722,0.0,0.0,0.0,0.0,0.0,0.0,427.5,45.72784995411362,0.0,511.0350807103098
storm_grid_pcs,15,0,1,1,0,0.0,0.0,300.0,3.0,35.92234833913645,35.92234833913645,0.0,0.0,0.0,0.0,0.0,0.0,427.5,38.35475905874547,0.0,547.472101816118
storm_grid_pcs,16,0,1,1,0,0.0,0.0,300.0,3.0,35.194818131826594,35.194818131826594,0.0,0.0,0.0,0.0,0.0,0.0,427.5,26.77081771145259,0.0,572.9043786419979
storm_grid_pcs,17,0,1,1,0,0.0,0.0,300.0,3.0,34.33622728435941,34.33622728435941,0.0,0.0,0.0,0.0,0.0,0.0,427.5,22.950442215346694,0.0,594.7072987465773
storm_grid_pcs,18,0,1,1,0,0.0,0.0,300.0,3.0,33.646049677808314,33.646049677808314,0.0,0.0,0.0,0.0,0.0,0.0,427.5,26.165508410403767,0.0,619.5645317364608
storm_grid_pcs,19,0,1,1,0,0.0,0.0,300.0,3.0,33.87499000641878,33.87499000641878,0.0,0.0,0.0,0.0,0.0,0.0,427.5,21.356886679666932,0.0,639.8535740821443
storm_grid_pcs,20,0,1,1,0,0.0,0.0,300.0,3.0,33.22264034287458,33.22264034287458,0.0,0.0,0.0,0.0,0.0,0.0,427.5,30.559185489894343,0.0,668.884800297544
storm_grid_pcs,21,0,1,1,0,0.0,0.0,300.0,3.0,33.1832285203614,33.1832285203614,0.0,0.0,0.0,0.0,0.0,0.0,427.5,38.26075587644979,0.0,705.2325183801713
storm_grid_pcs,22,0,1,1,0,0.0,0.0,200.0,2.0,33.55021286930235,33.55021286930235,0.0,0.0,13.049574264445587,0.0,0.0,0.0,427.5,0.0,0.0,705.2325183801713
storm_grid_pcs,23,0,1,1,0,0.0,0.0,200.0,2.0,34.297948524235515,34.297948524235515,0.0,0.0,9.345909555032435,0.0,0.0,0.0,427.5,0.0,0.0,705.2325183801714
storm_grid_pcs,24,1,1,1,0,0.0,0.0,200.0,2.0,34.439668647824384,34.439668647824384,0.0,0.0,14.095197016010541,0.0,0.0,0.0,427.5,0.0,0.0,705.2325183801714
storm_grid_pcs,25,1,1,1,0,0.0,0.0,200.0,2.0,34.34444676807764,34.34444676807764,0.0,0.0,14.51216715486124,0.0,0.0,0.0,427.5,0.0,0.0,705.2325183801714
storm_grid_pcs,26,1,1,1,0,0.0,0.0,200.0,2.0,35.23637133859876,35.23637133859876,0.0,0.0,13.209539374519897,0.0,0.0,0.0,427.5,0.0,0.0,705.2325183801714
storm_grid_pcs,27,1,1,1,0,0.0,0.0,200.0,2.0,35.330803810522866,35.330803810522866,0.0,0.0,13.403692525658263,0.0,0.0,0.0,427.5,0.0,0.0,705.2325183801714
storm_grid_pcs,28,1,1,1,0,0.0,0.0,300.0,3.0,34.69235914548608,34.69235914548608,0.0,0.0,0.0,0.0,0.0,0.0,427.5,75.00706842885764,0.0,776.4892333875862
storm_grid_pcs,29,1,1,1,0,0.0,0.0,300.0,3.0,36.16827259309877,36.16827259309877,0.0,0.0,0.0,0.0,0.0,0.0,427.5,65.15772326274262,0.0,838.3890704871916
storm_grid_pcs,30,1,1,1,0,0.0,0.0,300.0,3.0,35.37080347166517,35.37080347166517,0.0,0.0,0.0,0.0,0.0,0.0,427.5,57.49729924499107,0.0,893.0115047699331
storm_grid_pcs,31,1,1,1,0,0.0,0.0,300.0,3.0,38.234939650061236,38.234939650061236,0.0,0.0,0.0,0.0,0.0,0.0,427.5,49.69871042083581,0.0,940.2252796697271
storm_grid_pcs,32,1,1,1,0,0.0,0.0,300.0,3.0,38.211795603194695,38.211795603194695,0.0,0.0,0.0,0.0,0.0,0.0,427.5,49.491511647784435,0.0,987.2422157351224
storm_grid_pcs,33,1,1,1,0,0.0,0.0,300.0,3.0,38.50491431940168,38.50491431940168,0.0,0.0,0.0,0.0,0.0,0.0,427.5,46.793095707553576,0.0,1031.6956566572983
storm_grid_pcs,34,1,1,1,0,0.0,0.0,300.0,3.0,36.658938164710776,36.658938164710776,0.0,0.0,0.0,0.0,0.0,0.0,427.5,40.633334300907485,0.0,1070.2973242431603
storm_grid_pcs,35,1,1,1,0,0.0,0.0,300.0,3.0,37.397008944442504,37.397008944442504,0.0,0.0,0.0,0.0,0.0,0.0,427.5,39.561865478622266,0.0,1107.8810964478514
storm_grid_pcs,36,1,1,1,0,0.0,0.0,271.0095739122416,3.0,37.394050492457595,37.394050492457595,0.0,0.0,0.0,0.0,0.0,0.0,427.5,0.0,0.0,1107.8810964478514
storm_grid_pcs,37,1,1,1,0,0.0,0.0,255.20303361788484,3.0,35.19835975565525,35.19835975565525,0.0,0.0,0.0,0.0,0.0,0.0,427.5,0.0,0.0,1107.8810964478514
storm_grid_pcs,38,1,1,1,0,0.0,0.0,294.24700847942904,3.0,35.80562044103968,35.80562044103968,0.0,0.0,0.0,0.0,0.0,0.0,427.5,0.0,0.0,1107.8810964478514
storm_grid_pcs,39,1,1,1,0,0.0,0.0,258.9969361928388,3.0,35.70392824895246,35.70392824895246,0.0,0.0,0.0,0.0,0.0,0.0,427.5,0.0,0.0,1107.8810964478514
storm_grid_pcs,40,1,1,1,0,0.0,0.0,300.0,3.0,34.680126492489215,34.680126492489215,0.0,0.0,18.042223076925733,0.0,0.0,0.0,427.5,57.64182755833012,0.0,1162.6408326282651
storm_grid_pcs,41,1,1,1,0,0.0,0.0,300.0,3.0,34.150673769798004,34.150673769798004,0.0,0.0,7.0575682829212845,0.0,0.0,0.0,427.5,51.122548547871304,0.0,1211.207253748743
storm_grid_pcs,42,1,1,1,0,0.0,0.0,300.0,3.0,33.94840956822312,33.94840956822312,0.0,0.0,0.0,0.0,0.0,0.0,427.5,49.90597817688206,0.0,1258.6179330167809
storm_grid_pcs,43,1,1,1,0,0.0,0.0,200.0,3.0,33.02721381459559,33.02721381459559,0.0,0.0,16.2009386620274,0.0,0.0,0.0,427.5,0.0,0.0,1258.6179330167809
storm_grid_pcs,44,1,1,1,0,0.0,0.0,200.0,3.0,32.58011091324637,32.58011091324637,0.0,0.0,15.281620629654894,0.0,0.0,0.0,427.5,0.0,0.0,1258.6179330167809
storm_grid_pcs,45,1,1,1,0,0.0,0.0,200.0,3.0,33.585699098215365,33.585699098215365,0.0,0.0,15.411756662896869,0.0,0.0,0.0,427.5,0.0,0.0,1258.6179330167809
storm_grid_pcs,46,1,1,1,0,0.0,0.0,200.0,3.0,33.55542600797957,33.55542600797957,0.0,0.0,14.605817450261611,0.0,0.0,0.0,427.5,0.0,0.0,1258.6179330167809
storm_grid_pcs,47,1,1,1,0,0.0,0.0,200.0,3.0,32.81067066682067,32.81067066682067,0.0,0.0,14.812775009268462,0.0,0.0,0.0,427.5,0.0,0.0,1258.6179330167809
storm_grid_pcs,48,1,0,1,0,0.0,0.0,200.0,3.0,33.45667898379802,33.45667898379802,0.0,0.0,0.0,0.0,0.0,0.0,427.5,0.0,0.0,1258.6179330167809
storm_grid_pcs,49,1,0,1,0,0.0,0.0,200.0,3.0,34.18513962448918,34.18513962448918,0.0,0.0,0.0,0.0,0.0,0.0,427.5,0.0,0.0,1258.6179330167809
storm_grid_pcs,50,1,0,1,0,0.0,0.0,200.0,3.0,33.797334680939755,33.797334680939755,0.0,0.0,13.245262512940092,0.0,0.0,0.0,427.5,0.0,0.0,1258.6179330167809
storm_grid_pcs,51,1,0,1,0,0.0,0.0,200.0,3.0,36.45357867605848,36.45357867605848,0.0,0.0,0.0,0.0,0.0,0.0,427.5,0.0,0.0,1258.6179330167809
storm_grid_pcs,52,1,0,1,0,0.0,0.0,200.0,3.0,36.40709440006008,36.40709440006008,0.0,0.0,5.8241857711261,0.0,0.0,0.0,427.5,0.0,0.0,1258.6179330167809
storm_grid_pcs,53,1,0,1,0,0.0,0.0,200.0,3.0,37.07723836871407,37.07723836871407,0.0,0.0,8.980314137847447,0.0,0.0,0.0,427.5,0.0,0.0,1258.6179330167809
storm_grid_pcs,54,0,0,1,0,0.0,0.0,200.0,3.0,36.17060873427488,36.17060873427488,0.0,0.0,11.145477348083595,0.0,0.0,0.0,427.5,0.0,7.778610686472524,1250.4299217678624
storm_grid_pcs,55,0,0,1,0,0.0,0.0,200.0,3.0,37.979793781440065,37.979793781440065,0.0,0.0,16.5578909313942,0.0,0.0,0.0,427.5,0.0,28.13051828772773,1220.8188498860438
storm_grid_pcs,56,0,0,1,0,0.0,0.0,200.0,3.0,37.018590365426576,37.018590365426576,0.0,0.0,0.0,0.0,0.0,0.0,427.5,0.0,47.68326035521449,1170.6259442489759
storm_grid_pcs,57,0,0,1,0,0.0,0.0,200.0,3.0,36.43118263559038,36.43118263559038,0.0,0.0,16.371635961710616,0.0,0.0,0.0,427.5,0.0,3.817665951214245,1166.6073485108557
storm_grid_pcs,58,0,0,1,0,0.0,0.0,200.0,3.0,38.09781279081587,38.09781279081587,0.0,0.0,17.506946683570085,0.0,0.0,0.0,427.5,0.0,11.331085239451205,1154.679890364065
storm_grid_pcs,59,0,0,1,0,0.0,0.0,200.0,3.0,36.17627031130976,36.17627031130976,0.0,0.0,19.483518517874334,0.0,0.0,0.0,427.5,0.0,40.69192503896164,1111.8462850598949
storm_grid_pcs,60,0,0,1,0,0.0,0.0,200.0,3.0,36.57969401422443,36.57969401422443,0.0,0.0,19.361839654475403,0.0,0.0,0.0,427.5,0.0,41.793878855825795,1067.8527283695519
storm_grid_pcs,61,0,0,1,0,0.0,0.0,300.0,3.0,36.73543698811987,36.73543698811987,0.0,0.0,0.0,0.0,0.0,0.0,427.5,4.250402207418006,0.0,1071.890610466599
storm_grid_pcs,62,0,0,1,0,0.0,0.0,300.0,3.0,36.320602876291126,36.320602876291126,0.0,0.0,0.0,0.0,0.0,0.0,427.5,12.192109048971417,0.0,1083.4731140631218
storm_grid_pcs,63,0,0,1,0,0.0,0.0,300.0,3.0,36.727611523098375,36.727611523098375,0.0,0.0,0.0,0.0,0.0,0.0,427.5,10.883894728201483,0.0,1093.8128140549131
storm_grid_pcs,64,0,0,1,0,0.0,0.0,300.0,3.0,35.702371669565856,35.702371669565856,0.0,0.0,0.0,0.0,0.0,0.0,427.5,9.678827069916167,0.0,1103.0076997713336
storm_grid_pcs,65,0,0,1,0,0.0,0.0,300.0,3.0,33.193898640305136,33.193898640305136,0.0,0.0,0.0,0.0,0.0,0.0,427.5,22.98092734350569,0.0,1124.839580747664
storm_grid_pcs,66,0,0,1,0,0.0,0.0,300.0,3.0,33.3974474517962,33.3974474517962,0.0,0.0,0.0,0.0,0.0,0.0,427.5,23.918474112399394,0.0,1147.5621311544435
storm_grid_pcs,67,0,0,1,0,0.0,0.0,300.0,3.0,33.24499856612988,33.24499856612988,0.0,0.0,0.0,0.0,0.0,0.0,427.5,25.97226942025719,0.0,1172.2357871036877
storm_grid_pcs,68,0,0,1,0,0.0,0.0,300.0,3.0,33.626564459468284,33.626564459468284,0.0,0.0,0.0,0.0,0.0,0.0,427.5,26.302329591198657,0.0,1197.2230002153265
storm_grid_pcs,69,0,0,1,0,0.0,0.0,300.0,3.0,33.135436046931396,33.135436046931396,0.0,0.0,0.0,0.0,0.0,0.0,427.5,30.79888557094921,0.0,1226.4819415077282
storm_grid_pcs,70,0,0,1,0,0.0,0.0,200.0,2.0,33.463043155199756,33.463043155199756,0.0,0.0,13.380069977462627,0.0,0.0,0.0,427.5,0.0,11.02536035493804,1214.876299028846
storm_grid_pcs,71,0,0,1,0,0.0,0.0,200.0,2.0,32.244705215578875,32.244705215578875,0.0,0.0,13.983554335011625,0.0,0.0,0.0,427.5,0.0,14.132484077403715,1200.0
storm_grid_ups,0,0,1,1,0,0.0,0.0,0.0,0.0,32.22145805322157,32.22145805322157,0.0,0.0,13.215492747033775,0.0,0.0,0.0,427.5,0.0,186.96361412612396,1003.1961956567116
storm_grid_ups,1,0,1,1,0,0.0,0.0,0.0,0.0,34.355007033022844,34.355007033022844,0.0,0.0,15.056153512727938,0.0,0.0,0.0,427.5,0.0,187.9858651729413,805.3163375799313
storm_grid_ups,2,0,1,1,0,0.0,0.0,0.0,0.0,35.59986906618329,35.59986906618329,0.0,0.0,13.815248361943583,0.0,0.0,0.0,427.5,0.0,195.89463764515415,599.1114558481901
storm_grid_ups,3,0,1,1,0,0.0,0.0,100.0,1.0,36.47482265251211,36.47482265251211,0.0,0.0,14.692467129644129,0.0,0.0,0.0,427.5,0.0,88.85621243968076,505.5786006485261
storm_grid_ups,4,0,1,1,0,0.0,0.0,100.0,1.0,36.358304730830966,36.358304730830966,0.0,0.0,15.257388783610732,0.0,0.0,0.0,427.5,0.0,92.57016397827124,408.13632277666164
storm_grid_ups,5,0,1,1,0,0.0,0.0,100.0,1.0,35.43051609664646,35.43051609664646,0.0,0.0,15.237504066678863,0.0,0.0,0.0,427.5,0.0,100.24465780915097,302.6156303459764
storm_grid_ups,6,0,1,1,0,0.0,0.0,200.0,2.0,36.52484244362809,36.52484244362809,0.0,0.0,15.94156168139521,0.0,0.0,0.0,427.5,0.0,0.0,302.6156303459764
storm_grid_ups,7,0,1,1,0,0.0,0.0,200.0,2.0,37.17112041956775,37.17112041956775,0.0,0.0,16.008467193499015,0.0,0.0,0.0,427.5,0.0,4.285143484825923,298.10495299352806
storm_grid_ups,8,0,1,1,0,0.0,0.0,200.0,2.0,37.25521387494798,37.25521387494798,0.0,0.0,16.298230339963073,0.0,0.0,0.0,427.5,0.0,5.759448309435179,292.0423758257016
storm_grid_ups,9,0,1,1,0,0.0,0.0,300.0,3.0,37.38705437373236,37.38705437373236,0.0,0.0,0.0,0.0,0.0,0.0,427.5,18.770837811433037,0.0,309.87467174656297
storm_grid_ups,10,0,1,1,0,0.0,0.0,300.0,3.0,36.709610370030624,36.709610370030624,0.0,0.0,0.0,0.0,0.0,0.0,427.5,50.53670934713765,0.0,357.88454562634377
storm_grid_ups,11,0,1,1,0,0.0,0.0,300.0,3.0,36.65165226186554,36.65165226186554,0.0,0.0,0.0,0.0,0.0,0.0,427.5,40.87567690313551,0.0,396.7164386843225
storm_grid_ups,12,0,1,1,0,0.0,0.0,300.0,3.0,35.506044761729655,35.506044761729655,0.0,0.0,0.0,0.0,0.0,0.0,427.5,40.32732315539053,0.0,435.0273956819435
storm_grid_ups,13,0,1,1,0,0.0,0.0,300.0,3.0,37.28979348249677,37.28979348249677,0.0,0.0,0.0,0.0,0.0,0.0,427.5,34.28023954942984,0.0,467.59362325390185
storm_grid_ups,14,0,1,1,0,0.0,0.0,300.0,3.0,35.73827693541722,35.73827693541722,0.0,0.0,0.0,0.0,0.0,0.0,427.5,45.72784995411362,0.0,511.0350807103098
storm_grid_ups,15,0,1,1,0,0.0,0.0,300.0,3.0,35.92234833913645,35.92234833913645,0.0,0.0,0.0,0.0,0.0,0.0,427.5,38.35475905874547,0.0,547.472101816118
storm_grid_ups,16,0,1,1,0,0.0,0.0,300.0,3.0,35.194818131826594,35.194818131826594,0.0,0.0,0.0,0.0,0.0,0.0,427.5,26.77081771145259,0.0,572.9043786419979
storm_grid_ups,17,0,1,1,0,0.0,0.0,300.0,3.0,34.33622728435941,34.33622728435941,0.0,0.0,0.0,0.0,0.0,0.0,427.5,22.950442215346694,0.0,594.7072987465773
storm_grid_ups,18,0,1,1,0,0.0,0.0,300.0,3.0,33.646049677808314,33.646049677808314,0.0,0.0,0.0,0.0,0.0,0.0,427.5,26.165508410403767,0.0,619.5645317364608
storm_grid_ups,19,0,1,1,0,0.0,0.0,300.0,3.0,33.87499000641878,33.87499000641878,0.0,0.0,0.0,0.0,0.0,0.0,427.5,21.356886679666932,0.0,639.8535740821443
storm_grid_ups,20,0,1,1,0,0.0,0.0,300.0,3.0,33.22264034287458,33.22264034287458,0.0,0.0,0.0,0.0,0.0,0.0,427.5,30.559185489894343,0.0,668.884800297544
storm_grid_ups,21,0,1,1,0,0.0,0.0,300.0,3.0,33.1832285203614,33.1832285203614,0.0,0.0,0.0,0.0,0.0,0.0,427.5,38.26075587644979,0.0,705.2325183801713
storm_grid_ups,22,0,1,1,0,0.0,0.0,200.0,2.0,33.55021286930235,33.55021286930235,0.0,0.0,13.049574264445587,0.0,0.0,0.0,427.5,0.0,0.0,705.2325183801713
storm_grid_ups,23,0,1,1,0,0.0,0.0,200.0,2.0,34.297948524235515,34.297948524235515,0.0,0.0,9.345909555032435,0.0,0.0,0.0,427.5,0.0,0.0,705.2325183801714
storm_grid_ups,24,1,1,1,0,0.0,0.0,200.0,2.0,34.439668647824384,34.439668647824384,0.0,0.0,14.095197016010541,0.0,0.0,0.0,427.5,0.0,0.0,705.2325183801714
storm_grid_ups,25,1,1,1,0,0.0,0.0,200.0,2.0,34.34444676807764,34.34444676807764,0.0,0.0,14.51216715486124,0.0,0.0,0.0,427.5,0.0,0.0,705.2325183801714
storm_grid_ups,26,1,1,1,0,0.0,0.0,200.0,2.0,35.23637133859876,35.23637133859876,0.0,0.0,13.209539374519897,0.0,0.0,0.0,427.5,0.0,0.0,705.2325183801714
storm_grid_ups,27,1,1,1,0,0.0,0.0,200.0,2.0,35.330803810522866,35.330803810522866,0.0,0.0,13.403692525658263,0.0,0.0,0.0,427.5,0.0,0.0,705.2325183801714
storm_grid_ups,28,1,1,1,0,0.0,0.0,300.0,3.0,34.69235914548608,34.69235914548608,0.0,0.0,0.0,0.0,0.0,0.0,427.5,75.00706842885764,0.0,776.4892333875862
storm_grid_ups,29,1,1,1,0,0.0,0.0,300.0,3.0,36.16827259309877,36.16827259309877,0.0,0.0,0.0,0.0,0.0,0.0,427.5,65.15772326274262,0.0,838.3890704871916
storm_grid_ups,30,1,1,1,0,0.0,0.0,300.0,3.0,35.37080347166517,35.37080347166517,0.0,0.0,0.0,0.0,0.0,0.0,427.5,57.49729924499107,0.0,893.0115047699331
storm_grid_ups,31,1,1,1,0,0.0,0.0,300.0,3.0,38.234939650061236,38.234939650061236,0.0,0.0,0.0,0.0,0.0,0.0,427.5,49.69871042083581,0.0,940.2252796697271
storm_grid_ups,32,1,1,1,0,0.0,0.0,300.0,3.0,38.211795603194695,38.211795603194695,0.0,0.0,0.0,0.0,0.0,0.0,427.5,49.491511647784435,0.0,987.2422157351224
storm_grid_ups,33,1,1,1,0,0.0,0.0,300.0,3.0,38.50491431940168,38.50491431940168,0.0,0.0,0.0,0.0,0.0,0.0,427.5,46.793095707553576,0.0,1031.6956566572983
storm_grid_ups,34,1,1,1,0,0.0,0.0,300.0,3.0,36.658938164710776,36.658938164710776,0.0,0.0,0.0,0.0,0.0,0.0,427.5,40.633334300907485,0.0,1070.2973242431603
storm_grid_ups,35,1,1,1,0,0.0,0.0,300.0,3.0,37.397008944442504,37.397008944442504,0.0,0.0,0.0,0.0,0.0,0.0,427.5,39.561865478622266,0.0,1107.8810964478514
storm_grid_ups,36,1,1,1,0,0.0,0.0,300.0,3.0,37.394050492457595,37.394050492457595,0.0,0.0,0.0,0.0,0.0,0.0,427.5,6.792371921917606,0.0,1114.3338497736731
storm_grid_ups,37,1,1,1,0,0.0,0.0,260.0131681170958,3.0,35.19835975565525,35.19835975565525,0.0,0.0,0.0,0.0,0.0,0.0,427.5,1.0,0.0,1115.2838497736732
storm_grid_ups,38,1,1,1,0,0.0,0.0,300.0,3.0,35.80562044103968,35.80562044103968,0.0,0.0,0.0,0.0,0.0,0.0,427.5,31.76118018562265,0.0,1145.4569709500147
storm_grid_ups,39,1,1,1,0,0.0,0.0,300.0,3.0,35.70392824895246,35.70392824895246,0.0,0.0,0.0,0.0,0.0,0.0,427.5,41.00306380716118,0.0,1184.4098815668178
storm_grid_ups,40,1,1,1,0,0.0,0.0,260.40039551859553,3.0,34.680126492489215,34.680126492489215,0.0,0.0,0.0,0.0,0.0,0.0,427.5,0.0,0.0,1184.4098815668178
storm_grid_ups,41,1,1,1,0,0.0,0.0,200.0,3.0,34.150673769798004,34.150673769798004,0.0,0.0,17.22327654626244,0.0,0.0,0.0,427.5,0.0,8.8480398836313,1175.0961553735217
storm_grid_ups,42,1,1,1,0,0.0,0.0,200.0,3.0,33.94840956822312,33.94840956822312,0.0,0.0,17.686868413149252,0.0,0.0,0.0,427.5,0.0,2.943051794830988,1171.9982061158048
storm_grid_ups,43,1,1,1,0,0.0,0.0,200.0,3.0,33.02721381459559,33.02721381459559,0.0,0.0,15.678438100619765,0.0,0.0,0.0,427.5,0.0,0.0,1171.9982061158048
storm_grid_ups,44,1,1,1,0,0.0,0.0,200.0,3.0,32.58011091324637,32.58011091324637,0.0,0.0,15.281620629654869,0.0,0.0,0.0,427.5,0.0,0.0,1171.9982061158048
storm_grid_ups,45,1,1,1,0,0.0,0.0,200.0,3.0,33.585699098215365,33.585699098215365,0.0,0.0,8.14548395472659,0.0,0.0,0.0,427.5,0.0,0.0,1171.9982061158048
storm_grid_ups,46,1,1,1,0,0.0,0.0,200.0,3.0,33.55542600797957,33.55542600797957,0.0,0.0,12.584237120274853,0.0,0.0,0.0,427.5,0.0,0.0,1171.9982061158048
storm_grid_ups,47,1,1,1,0,0.0,0.0,200.0,3.0,32.81067066682067,32.81067066682067,0.0,0.0,14.812775009268474,0.0,0.0,0.0,427.5,0.0,0.0,1171.9982061158048
storm_grid_ups,48,1,0,1,0,0.0,0.0,200.0,3.0,33.45667898379802,33.45667898379802,0.0,0.0,12.822985237916198,0.0,0.0,0.0,427.5,0.0,0.0,1171.9982061158048
storm_grid_ups,49,1,0,1,0,0.0,0.0,200.0,3.0,34.18513962448918,34.18513962448918,0.0,0.0,12.902189468558062,0.0,0.0,0.0,427.5,0.0,0.0,1171.9982061158048
storm_grid_ups,50,1,0,1,0,0.0,0.0,200.0,3.0,33.797334680939755,33.797334680939755,0.0,0.0,1.497911751508397,0.0,0.0,0.0,427.5,0.0,0.0,1171.9982061158048
storm_grid_ups,51,1,0,1,0,0.0,0.0,200.0,3.0,36.45357867605848,36.45357867605848,0.0,0.0,12.02069169349881,0.0,0.0,0.0,427.5,0.0,0.0,1171.9982061158048
storm_grid_ups,52,1,0,1,0,0.0,0.0,200.0,3.0,36.40709440006008,36.40709440006008,0.0,0.0,15.381127425309094,0.0,0.0,0.0,427.5,0.0,0.0,1171.9982061158048
storm_grid_ups,53,1,0,1,0,0.0,0.0,200.0,3.0,37.07723836871407,37.07723836871407,0.0,0.0,8.980314137847405,0.0,0.0,0.0,427.5,0.0,0.0,1171.9982061158048
storm_grid_ups,54,0,0,1,0,0.0,0.0,200.0,3.0,36.17060873427488,36.17060873427488,0.0,0.0,15.899637139187572,0.0,0.0,0.0,427.5,0.0,3.0244508953685147,1168.8145735943642
storm_grid_ups,55,0,0,1,0,0.0,0.0,200.0,3.0,37.979793781440065,37.979793781440065,0.0,4.95894541247391,16.55789093139424,0.0,0.0,0.0,427.5,0.0,0.0,1168.8145735943642
storm_grid_ups,56,0,0,1,0,0.0,0.0,200.0,3.0,37.018590365426576,37.018590365426576,0.0,0.0,17.583264817388713,0.0,0.0,0.0,427.5,0.0,6.099995537825805,1162.3935256598108
storm_grid_ups,57,0,0,1,0,0.0,0.0,244.22762492053226,3.0,36.43118263559038,36.43118263559038,0.0,0.0,0.0,0.0,0.0,0.0,427.5,0.0,1.0,1161.3408940808636
storm_grid_ups,58,0,0,1,0,0.0,0.0,279.08602559909406,3.0,38.09781279081587,38.09781279081587,0.0,0.0,0.0,0.0,0.0,0.0,427.5,1.0,0.0,1162.2908940808636
storm_grid_ups,59,0,0,1,0,0.0,0.0,269.9370376345522,3.0,36.17627031130976,36.17627031130976,0.0,0.0,0.0,0.0,0.0,0.0,427.5,0.0,0.0,1162.2908940808636
storm_grid_ups,60,0,0,1,0,0.0,0.0,294.1557185103012,3.0,36.57969401422443,36.57969401422443,0.0,0.0,0.0,0.0,0.0,0.0,427.5,1.0,0.0,1163.2408940808637
storm_grid_ups,61,0,0,1,0,0.0,0.0,300.0,3.0,36.73543698811987,36.73543698811987,0.0,0.0,0.0,0.0,0.0,0.0,427.5,6.579315046836344,0.0,1169.4912433753582
storm_grid_ups,62,0,0,1,0,0.0,0.0,300.0,3.0,36.320602876291126,36.320602876291126,0.0,0.0,0.0,0.0,0.0,0.0,427.5,12.192109048971417,0.0,1181.073746971881
storm_grid_ups,63,0,0,1,0,0.0,0.0,300.0,3.0,36.727611523098375,36.727611523098375,0.0,0.0,0.0,0.0,0.0,0.0,427.5,10.883894728201469,0.0,1191.4134469636724
storm_grid_ups,64,0,0,1,0,0.0,0.0,300.0,3.0,35.702371669565856,35.702371669565856,0.0,0.0,0.0,0.0,0.0,0.0,427.5,9.678827069916167,0.0,1200.6083326800929
storm_grid_ups,65,0,0,1,0,0.0,0.0,300.0,3.0,33.193898640305136,33.193898640305136,0.0,0.0,0.0,0.0,0.0,0.0,427.5,22.980927343505698,0.0,1222.4402136564233
storm_grid_ups,66,0,0,1,0,0.0,0.0,277.08152588760055,3.0,33.3974474517962,33.3974474517962,0.0,0.0,0.0,0.0,0.0,0.0,427.5,1.0,0.0,1223.3902136564234
storm_grid_ups,67,0,0,1,0,0.0,0.0,300.0,3.0,33.24499856612988,33.24499856612988,0.0,0.0,0.0,0.0,0.0,0.0,427.5,25.97226942025719,0.0,1248.0638696056676
storm_grid_ups,68,0,0,1,0,0.0,0.0,274.69767040880134,3.0,33.626564459468284,33.626564459468284,0.0,0.0,0.0,0.0,0.0,0.0,427.5,1.0,0.0,1249.0138696056677
storm_grid_ups,69,0,0,1,0,0.0,0.0,200.0,2.0,33.135436046931396,33.135436046931396,0.0,0.0,14.831058916418376,0.0,0.0,0.0,427.5,0.0,21.405331693042566,1226.4819415077282
storm_grid_ups,70,0,0,1,0,0.0,0.0,200.0,2.0,33.463043155199756,33.463043155199756,0.0,0.0,13.380069977462627,0.0,0.0,0.0,427.5,0.0,11.025360354938043,1214.876299028846
storm_grid_ups,71,0,0,1,0,0.0,0.0,200.0,2.0,32.244705215578875,32.244705215578875,0.0,0.0,13.983554335011625,0.0,0.0,0.0,427.5,0.0,14.132484077403726,1200.0
storm_diesel_run,0,0,1,1,0,0.0,0.0,0.0,0.0,32.22145805322157,32.22145805322157,0.0,0.0,13.215492747033775,0.0,0.0,0.0,427.5,0.0,186.96361412612396,1003.1961956567116
storm_diesel_run,1,0,1,1,0,0.0,0.0,0.0,0.0,34.355007033022844,34.355007033022844,0.0,0.0,15.056153512727938,0.0,0.0,0.0,427.5,0.0,187.9858651729413,805.3163375799313
storm_diesel_run,2,0,1,1,0,0.0,0.0,0.0,0.0,35.59986906618329,35.59986906618329,0.0,0.0,13.815248361943583,0.0,0.0,0.0,427.5,0.0,195.89463764515415,599.1114558481901
storm_diesel_run,3,0,1,1,0,0.0,0.0,100.0,1.0,36.47482265251211,36.47482265251211,0.0,0.0,14.692467129644129,0.0,0.0,0.0,427.5,0.0,88.85621243968076,505.5786006485261
storm_diesel_run,4,0,1,1,0,0.0,0.0,100.0,1.0,36.358304730830966,36.358304730830966,0.0,0.0,15.257388783610732,0.0,0.0,0.0,427.5,0.0,92.57016397827124,408.13632277666164
storm_diesel_run,5,0,1,1,0,0.0,0.0,100.0,1.0,35.43051609664646,35.43051609664646,0.0,0.0,15.237504066678863,0.0,0.0,0.0,427.5,0.0,100.24465780915097,302.6156303459764
storm_diesel_run,6,0,1,1,0,0.0,0.0,200.0,2.0,36.52484244362809,36.52484244362809,0.0,0.0,15.94156168139521,0.0,0.0,0.0,427.5,0.0,0.0,302.6156303459764
storm_diesel_run,7,0,1,1,0,0.0,0.0,200.0,2.0,37.17112041956775,37.17112041956775,0.0,0.0,16.008467193499015,0.0,0.0,0.0,427.5,0.0,4.285143484825923,298.10495299352806
storm_diesel_run,8,0,1,1,0,0.0,0.0,200.0,2.0,37.25521387494798,37.25521387494798,0.0,0.0,16.298230339963073,0.0,0.0,0.0,427.5,0.0,5.759448309435179,292.0423758257016
storm_diesel_run,9,0,1,1,0,0.0,0.0,300.0,3.0,37.38705437373236,37.38705437373236,0.0,0.0,0.0,0.0,0.0,0.0,427.5,18.770837811433037,0.0,309.87467174656297
storm_diesel_run,10,0,1,1,0,0.0,0.0,300.0,3.0,36.709610370030624,36.709610370030624,0.0,0.0,0.0,0.0,0.0,0.0,427.5,50.53670934713765,0.0,357.88454562634377
storm_diesel_run,11,0,1,1,0,0.0,0.0,300.0,3.0,36.65165226186554,36.65165226186554,0.0,0.0,0.0,0.0,0.0,0.0,427.5,40.87567690313551,0.0,396.7164386843225
storm_diesel_run,12,0,1,1,0,0.0,0.0,300.0,3.0,35.506044761729655,35.506044761729655,0.0,0.0,0.0,0.0,0.0,0.0,427.5,40.32732315539053,0.0,435.0273956819435
storm_diesel_run,13,0,1,1,0,0.0,0.0,300.0,3.0,37.28979348249677,37.28979348249677,0.0,0.0,0.0,0.0,0.0,0.0,427.5,34.28023954942984,0.0,467.59362325390185
storm_diesel_run,14,0,1,1,0,0.0,0.0,300.0,3.0,35.73827693541722,35.73827693541722,0.0,0.0,0.0,0.0,0.0,0.0,427.5,45.72784995411362,0.0,511.0350807103098
storm_diesel_run,15,0,1,1,0,0.0,0.0,300.0,3.0,35.92234833913645,35.92234833913645,0.0,0.0,0.0,0.0,0.0,0.0,427.5,38.35475905874547,0.0,547.472101816118
storm_diesel_run,16,0,1,1,0,0.0,0.0,300.0,3.0,35.194818131826594,35.194818131826594,0.0,0.0,0.0,0.0,0.0,0.0,427.5,26.77081771145259,0.0,572.9043786419979
storm_diesel_run,17,0,1,1,0,0.0,0.0,300.0,3.0,34.33622728435941,34.33622728435941,0.0,0.0,0.0,0.0,0.0,0.0,427.5,22.950442215346694,0.0,594.7072987465773
storm_diesel_run,18,0,1,1,0,0.0,0.0,300.0,3.0,33.646049677808314,33.646049677808314,0.0,0.0,0.0,0.0,0.0,0.0,427.5,26.165508410403767,0.0,619.5645317364608
storm_diesel_run,19,0,1,1,0,0.0,0.0,300.0,3.0,33.87499000641878,33.87499000641878,0.0,0.0,0.0,0.0,0.0,0.0,427.5,21.356886679666932,0.0,639.8535740821443
storm_diesel_run,20,0,1,1,0,0.0,0.0,300.0,3.0,33.22264034287458,33.22264034287458,0.0,0.0,0.0,0.0,0.0,0.0,427.5,30.559185489894343,0.0,668.884800297544
storm_diesel_run,21,0,1,1,0,0.0,0.0,300.0,3.0,33.1832285203614,33.1832285203614,0.0,0.0,0.0,0.0,0.0,0.0,427.5,38.26075587644979,0.0,705.2325183801713
storm_diesel_run,22,0,1,1,0,0.0,0.0,200.0,2.0,33.55021286930235,33.55021286930235,0.0,0.0,13.049574264445587,0.0,0.0,0.0,427.5,0.0,0.0,705.2325183801713
storm_diesel_run,23,0,1,1,0,0.0,0.0,200.0,2.0,34.297948524235515,34.297948524235515,0.0,0.0,9.345909555032435,0.0,0.0,0.0,427.5,0.0,0.0,705.2325183801714
storm_diesel_run,24,1,1,1,0,0.0,0.0,200.0,2.0,34.439668647824384,34.439668647824384,0.0,0.0,14.095197016010541,0.0,0.0,0.0,427.5,0.0,0.0,705.2325183801714
storm_diesel_run,25,1,1,1,0,0.0,0.0,200.0,2.0,34.34444676807764,34.34444676807764,0.0,0.0,14.51216715486124,0.0,0.0,0.0,427.5,0.0,0.0,705.2325183801714
storm_diesel_run,26,1,1,1,0,0.0,0.0,200.0,2.0,35.23637133859876,35.23637133859876,0.0,0.0,13.209539374519897,0.0,0.0,0.0,427.5,0.0,0.0,705.2325183801714
storm_diesel_run,27,1,1,1,0,0.0,0.0,200.0,2.0,35.330803810522866,35.330803810522866,0.0,0.0,13.403692525658263,0.0,0.0,0.0,427.5,0.0,0.0,705.2325183801714
storm_diesel_run,28,1,1,1,0,0.0,0.0,300.0,3.0,34.69235914548608,34.69235914548608,0.0,0.0,0.0,0.0,0.0,0.0,427.5,75.00706842885764,0.0,776.4892333875862
storm_diesel_run,29,1,1,1,0,0.0,0.0,300.0,3.0,36.16827259309877,36.16827259309877,0.0,0.0,0.0,0.0,0.0,0.0,427.5,65.15772326274262,0.0,838.3890704871916
storm_diesel_run,30,1,1,1,0,0.0,0.0,300.0,3.0,35.37080347166517,35.37080347166517,0.0,0.0,0.0,0.0,0.0,0.0,427.5,57.49729924499107,0.0,893.0115047699331
storm_diesel_run,31,1,1,1,0,0.0,0.0,300.0,3.0,38.234939650061236,38.234939650061236,0.0,0.0,0.0,0.0,0.0,0.0,427.5,49.69871042083581,0.0,940.2252796697271
storm_diesel_run,32,1,1,1,0,0.0,0.0,300.0,3.0,38.211795603194695,38.211795603194695,0.0,0.0,0.0,0.0,0.0,0.0,427.5,49.491511647784435,0.0,987.2422157351224
storm_diesel_run,33,1,1,1,0,0.0,0.0,300.0,3.0,38.50491431940168,38.50491431940168,0.0,0.0,0.0,0.0,0.0,0.0,427.5,46.793095707553576,0.0,1031.6956566572983
storm_diesel_run,34,1,1,1,0,0.0,0.0,300.0,3.0,36.658938164710776,36.658938164710776,0.0,0.0,0.0,0.0,0.0,0.0,427.5,40.633334300907485,0.0,1070.2973242431603
storm_diesel_run,35,1,1,1,0,0.0,0.0,300.0,3.0,37.397008944442504,37.397008944442504,0.0,0.0,0.0,0.0,0.0,0.0,427.5,39.561865478622266,0.0,1107.8810964478514
storm_diesel_run,36,1,1,1,0,0.0,0.0,200.0,2.0,37.394050492457595,37.394050492457595,0.0,0.0,0.0,0.0,0.0,0.0,427.5,0.0,33.207628078082394,1072.9256984709225
storm_diesel_run,37,1,1,1,0,0.0,0.0,200.0,2.0,35.19835975565525,35.19835975565525,0.0,0.0,0.0,0.0,0.0,0.0,427.5,0.0,31.440222914611343,1039.8307269818579
storm_diesel_run,38,1,1,1,0,0.0,0.0,200.0,2.0,35.80562044103968,35.80562044103968,0.0,0.0,0.0,0.0,0.0,0.0,427.5,0.0,41.908492923388984,995.7165239046063
storm_diesel_run,39,1,1,1,0,0.0,0.0,200.0,2.0,35.70392824895246,35.70392824895246,0.0,0.0,17.47464110760248,0.0,0.0,0.0,427.5,0.0,11.65859178008003,983.4443220308378
storm_diesel_run,40,1,1,1,0,0.0,0.0,200.0,2.0,34.680126492489215,34.680126492489215,0.0,0.0,0.44966541054632003,0.0,0.0,0.0,427.5,0.0,29.950730108049225,951.9172377065755
storm_diesel_run,41,1,1,1,0,0.0,0.0,200.0,2.0,34.150673769798004,34.150673769798004,0.0,0.0,17.223276546262404,0.0,0.0,0.0,427.5,0.0,8.848039883631328,942.6035115132794
storm_diesel_run,42,1,1,1,0,0.0,0.0,200.0,2.0,33.94840956822312,33.94840956822312,0.0,0.0,17.686868413149227,0.0,0.0,0.0,427.5,0.0,2.943051794831007,939.5055622555625
storm_diesel_run,43,1,1,1,0,0.0,0.0,200.0,2.0,33.02721381459559,33.02721381459559,0.0,0.0,16.200938662027397,0.0,0.0,0.0,427.5,0.0,0.0,939.5055622555625
storm_diesel_run,44,1,1,1,0,0.0,0.0,200.0,2.0,32.58011091324637,32.58011091324637,0.0,0.0,14.054583187473913,0.0,0.0,0.0,427.5,0.0,1.0,938.4529306766151
storm_diesel_run,45,1,1,1,0,0.0,0.0,200.0,2.0,33.585699098215365,33.585699098215365,0.0,0.0,7.1454839547265685,0.0,0.0,0.0,427.5,0.0,1.0,937.4002990976677
storm_diesel_run,46,1,1,1,0,0.0,0.0,200.0,2.0,33.55542600797957,33.55542600797957,0.0,0.0,11.177242492167938,0.0,0.0,0.0,427.5,0.0,0.0,937.4002990976677
storm_diesel_run,47,1,1,1,0,0.0,0.0,200.0,2.0,32.81067066682067,32.81067066682067,0.0,0.0,0.0,0.0,0.0,0.0,427.5,0.0,0.0,937.4002990976677
storm_diesel_run,48,1,0,1,0,0.0,0.0,200.0,2.0,33.45667898379802,33.45667898379802,0.0,0.0,12.822985237916198,0.0,0.0,0.0,427.5,0.0,0.0,937.4002990976677
storm_diesel_run,49,1,0,1,0,0.0,0.0,200.0,2.0,34.18513962448918,34.18513962448918,0.0,0.0,12.902189468558062,0.0,0.0,0.0,427.5,0.0,0.0,937.4002990976677
storm_diesel_run,50,1,0,1,0,0.0,0.0,200.0,2.0,33.797334680939755,33.797334680939755,0.0,0.0,13.245262512940092,0.0,0.0,0.0,427.5,0.0,0.0,937.4002990976677
storm_diesel_run,51,1,0,1,0,0.0,0.0,200.0,2.0,36.45357867605848,36.45357867605848,0.0,0.0,14.520271112939312,0.0,0.0,0.0,427.5,0.0,0.0,937.4002990976677
storm_diesel_run,52,1,0,1,0,0.0,0.0,200.0,2.0,36.40709440006008,36.40709440006008,0.0,0.0,15.628636244774283,0.0,0.0,0.0,427.5,0.0,0.0,937.4002990976677
storm_diesel_run,53,1,0,1,0,0.0,0.0,200.0,2.0,37.07723836871407,37.07723836871407,0.0,0.0,14.718713661013195,0.0,0.0,0.0,427.5,0.0,0.0,937.4002990976677
storm_diesel_run,54,0,0,1,0,0.0,0.0,200.0,2.0,36.17060873427488,36.17060873427488,0.0,0.0,15.899637139187618,0.0,0.0,0.0,427.5,0.0,3.024450895368488,934.2166666666667
storm_diesel_run,55,0,0,1,0,0.0,0.0,200.0,2.0,37.979793781440065,37.979793781440065,0.0,0.0,16.557890931394233,0.0,0.0,0.0,427.5,0.0,8.846263274656451,924.9048104976415
storm_diesel_run,56,0,0,1,0,0.0,0.0,200.0,2.0,37.018590365426576,37.018590365426576,0.0,0.0,17.583264817388713,0.0,0.0,0.0,427.5,0.0,18.099995537825805,905.8521836157196
storm_diesel_run,57,0,0,1,0,0.0,0.0,300.0,3.0,36.43118263559038,36.43118263559038,0.0,0.0,16.371635961710613,0.0,0.0,0.0,427.5,36.182334048785776,0.0,940.225400962066
storm_diesel_run,58,0,0,1,0,0.0,0.0,300.0,3.0,38.09781279081587,38.09781279081587,0.0,0.0,0.0,0.0,0.0,0.0,427.5,14.949250581315994,0.0,954.4271890143162
storm_diesel_run,59,0,0,1,0,0.0,0.0,300.0,3.0,36.17627031130976,36.17627031130976,0.0,0.0,0.0,0.0,0.0,0.0,427.5,6.859832623574107,0.0,960.9440300067116
storm_diesel_run,60,0,0,1,0,0.0,0.0,300.0,3.0,36.57969401422443,36.57969401422443,0.0,0.0,0.0,0.0,0.0,0.0,427.5,6.844281489698801,0.0,967.4460974219255
storm_diesel_run,61,0,0,1,0,0.0,0.0,300.0,3.0,36.73543698811987,36.73543698811987,0.0,0.0,0.0,0.0,0.0,0.0,427.5,4.250402207418006,0.0,971.4839795189727
storm_diesel_run,62,0,0,1,0,0.0,0.0,293.78199874986103,3.0,36.320602876291126,36.320602876291126,0.0,0.0,0.0,0.0,0.0,0.0,427.5,5.97410779883244,0.0,977.1593819278635
storm_diesel_run,63,0,0,1,0,0.0,0.0,300.0,3.0,36.727611523098375,36.727611523098375,0.0,0.0,0.0,0.0,0.0,0.0,427.5,10.883894728201483,0.0,987.4990819196549
storm_diesel_run,64,0,0,1,0,0.0,0.0,300.0,3.0,35.702371669565856,35.702371669565856,0.0,0.0,0.0,0.0,0.0,0.0,427.5,9.678827069916167,0.0,996.6939676360753
storm_diesel_run,65,0,0,1,0,0.0,0.0,300.0,3.0,33.193898640305136,33.193898640305136,0.0,0.0,0.0,0.0,0.0,0.0,427.5,22.980927343505698,0.0,1018.5258486124058
storm_diesel_run,66,0,0,1,0,0.0,0.0,300.0,3.0,33.3974474517962,33.3974474517962,0.0,0.0,5.590208743678787,0.0,0.0,0.0,427.5,29.508682856078224,0.0,1046.55909732568
storm_diesel_run,67,0,0,1,0,0.0,0.0,300.0,3.0,33.24499856612988,33.24499856612988,0.0,0.0,0.0,0.0,0.0,0.0,427.5,25.97226942025719,0.0,1071.2327532749243
storm_diesel_run,68,0,0,1,0,0.0,0.0,300.0,3.0,33.626564459468284,33.626564459468284,0.0,0.0,0.0,0.0,0.0,0.0,427.5,26.302329591198657,0.0,1096.219966386563
storm_diesel_run,69,0,0,1,0,0.0,0.0,300.0,3.0,33.135436046931396,33.135436046931396,0.0,0.0,0.0,0.0,0.0,0.0,427.5,30.798885570949153,0.0,1125.4789076789648
storm_diesel_run,70,0,0,1,0,0.0,0.0,300.0,3.0,33.463043155199756,33.463043155199756,0.0,0.0,0.0,0.0,0.0,0.0,427.5,41.59456966759933,0.0,1164.9937488631842
storm_diesel_run,71,0,0,1,0,0.0,0.0,300.0,3.0,32.244705215578875,32.244705215578875,0.0,0.0,0.0,0.0,0.0,0.0,427.5,36.84868540717457,0.0,1200.0
storm_diesel_start,0,0,1,1,0,0.0,0.0,0.0,0.0,32.22145805322157,32.22145805322157,0.0,0.0,13.215492747033775,0.0,0.0,0.0,427.5,0.0,186.96361412612396,1003.1961956567116
storm_diesel_start,1,0,1,1,0,0.0,0.0,0.0,0.0,34.355007033022844,34.355007033022844,0.0,0.0,15.056153512727938,0.0,0.0,0.0,427.5,0.0,187.9858651729413,805.3163375799313
storm_diesel_start,2,0,1,1,0,0.0,0.0,0.0,0.0,35.59986906618329,35.59986906618329,0.0,0.0,13.815248361943583,0.0,0.0,0.0,427.5,0.0,195.89463764515415,599.1114558481901
storm_diesel_start,3,0,1,1,0,0.0,0.0,100.0,1.0,36.47482265251211,36.47482265251211,0.0,0.0,14.692467129644129,0.0,0.0,0.0,427.5,0.0,88.85621243968076,505.5786006485261
storm_diesel_start,4,0,1,1,0,0.0,0.0,100.0,1.0,36.358304730830966,36.358304730830966,0.0,0.0,15.257388783610732,0.0,0.0,0.0,427.5,0.0,92.57016397827124,408.13632277666164
storm_diesel_start,5,0,1,1,0,0.0,0.0,100.0,1.0,35.43051609664646,35.43051609664646,0.0,0.0,15.237504066678863,0.0,0.0,0.0,427.5,0.0,100.24465780915097,302.6156303459764
storm_diesel_start,6,0,1,1,0,0.0,0.0,200.0,2.0,36.52484244362809,36.52484244362809,0.0,0.0,15.94156168139521,0.0,0.0,0.0,427.5,0.0,0.0,302.6156303459764
storm_diesel_start,7,0,1,1,0,0.0,0.0,200.0,2.0,37.17112041956775,37.17112041956775,0.0,0.0,16.008467193499015,0.0,0.0,0.0,427.5,0.0,4.285143484825923,298.10495299352806
storm_diesel_start,8,0,1,1,0,0.0,0.0,200.0,2.0,37.25521387494798,37.25521387494798,0.0,0.0,16.298230339963073,0.0,0.0,0.0,427.5,0.0,5.759448309435179,292.0423758257016
storm_diesel_start,9,0,1,1,0,0.0,0.0,300.0,3.0,37.38705437373236,37.38705437373236,0.0,0.0,0.0,0.0,0.0,0.0,427.5,18.770837811433037,0.0,309.87467174656297
storm_diesel_start,10,0,1,1,0,0.0,0.0,300.0,3.0,36.709610370030624,36.709610370030624,0.0,0.0,0.0,0.0,0.0,0.0,427.5,50.53670934713765,0.0,357.88454562634377
storm_diesel_start,11,0,1,1,0,0.0,0.0,300.0,3.0,36.65165226186554,36.65165226186554,0.0,0.0,0.0,0.0,0.0,0.0,427.5,40.87567690313551,0.0,396.7164386843225
storm_diesel_start,12,0,1,1,0,0.0,0.0,300.0,3.0,35.506044761729655,35.506044761729655,0.0,0.0,0.0,0.0,0.0,0.0,427.5,40.32732315539053,0.0,435.0273956819435
storm_diesel_start,13,0,1,1,0,0.0,0.0,300.0,3.0,37.28979348249677,37.28979348249677,0.0,0.0,0.0,0.0,0.0,0.0,427.5,34.28023954942984,0.0,467.59362325390185
storm_diesel_start,14,0,1,1,0,0.0,0.0,300.0,3.0,35.73827693541722,35.73827693541722,0.0,0.0,0.0,0.0,0.0,0.0,427.5,45.72784995411362,0.0,511.0350807103098
storm_diesel_start,15,0,1,1,0,0.0,0.0,300.0,3.0,35.92234833913645,35.92234833913645,0.0,0.0,0.0,0.0,0.0,0.0,427.5,38.35475905874547,0.0,547.472101816118
storm_diesel_start,16,0,1,1,0,0.0,0.0,300.0,3.0,35.194818131826594,35.194818131826594,0.0,0.0,0.0,0.0,0.0,0.0,427.5,26.77081771145259,0.0,572.9043786419979
storm_diesel_start,17,0,1,1,0,0.0,0.0,300.0,3.0,34.33622728435941,34.33622728435941,0.0,0.0,0.0,0.0,0.0,0.0,427.5,22.950442215346694,0.0,594.7072987465773
storm_diesel_start,18,0,1,1,0,0.0,0.0,300.0,3.0,33.646049677808314,33.646049677808314,0.0,0.0,0.0,0.0,0.0,0.0,427.5,26.165508410403767,0.0,619.5645317364608
storm_diesel_start,19,0,1,1,0,0.0,0.0,300.0,3.0,33.87499000641878,33.87499000641878,0.0,0.0,0.0,0.0,0.0,0.0,427.5,21.356886679666932,0.0,639.8535740821443
storm_diesel_start,20,0,1,1,0,0.0,0.0,300.0,3.0,33.22264034287458,33.22264034287458,0.0,0.0,0.0,0.0,0.0,0.0,427.5,30.559185489894343,0.0,668.884800297544
storm_diesel_start,21,0,1,1,0,0.0,0.0,300.0,3.0,33.1832285203614,33.1832285203614,0.0,0.0,0.0,0.0,0.0,0.0,427.5,38.26075587644979,0.0,705.2325183801713
storm_diesel_start,22,0,1,1,0,0.0,0.0,200.0,2.0,33.55021286930235,33.55021286930235,0.0,0.0,13.049574264445587,0.0,0.0,0.0,427.5,0.0,0.0,705.2325183801713
storm_diesel_start,23,0,1,1,0,0.0,0.0,200.0,2.0,34.297948524235515,34.297948524235515,0.0,0.0,9.345909555032435,0.0,0.0,0.0,427.5,0.0,0.0,705.2325183801714
storm_diesel_start,24,1,1,1,0,0.0,0.0,200.0,2.0,34.439668647824384,34.439668647824384,0.0,0.0,14.095197016010541,0.0,0.0,0.0,427.5,0.0,0.0,705.2325183801714
storm_diesel_start,25,1,1,1,0,0.0,0.0,200.0,2.0,34.34444676807764,34.34444676807764,0.0,0.0,14.51216715486124,0.0,0.0,0.0,427.5,0.0,0.0,705.2325183801714
storm_diesel_start,26,1,1,1,0,0.0,0.0,200.0,2.0,35.23637133859876,35.23637133859876,0.0,0.0,13.209539374519897,0.0,0.0,0.0,427.5,0.0,0.0,705.2325183801714
storm_diesel_start,27,1,1,1,0,0.0,0.0,200.0,2.0,35.330803810522866,35.330803810522866,0.0,0.0,13.403692525658263,0.0,0.0,0.0,427.5,0.0,0.0,705.2325183801714
storm_diesel_start,28,1,1,1,0,0.0,0.0,300.0,3.0,34.69235914548608,34.69235914548608,0.0,0.0,0.0,0.0,0.0,0.0,427.5,75.00706842885764,0.0,776.4892333875862
storm_diesel_start,29,1,1,1,0,0.0,0.0,300.0,3.0,36.16827259309877,36.16827259309877,0.0,0.0,0.0,0.0,0.0,0.0,427.5,65.15772326274262,0.0,838.3890704871916
storm_diesel_start,30,1,1,1,0,0.0,0.0,300.0,3.0,35.37080347166517,35.37080347166517,0.0,0.0,0.0,0.0,0.0,0.0,427.5,57.49729924499107,0.0,893.0115047699331
storm_diesel_start,31,1,1,1,0,0.0,0.0,300.0,3.0,38.234939650061236,38.234939650061236,0.0,0.0,0.0,0.0,0.0,0.0,427.5,49.69871042083581,0.0,940.2252796697271
storm_diesel_start,32,1,1,1,0,0.0,0.0,300.0,3.0,38.211795603194695,38.211795603194695,0.0,0.0,0.0,0.0,0.0,0.0,427.5,49.491511647784435,0.0,987.2422157351224
storm_diesel_start,33,1,1,1,0,0.0,0.0,300.0,3.0,38.50491431940168,38.50491431940168,0.0,0.0,0.0,0.0,0.0,0.0,427.5,46.793095707553576,0.0,1031.6956566572983
storm_diesel_start,34,1,1,1,0,0.0,0.0,300.0,3.0,36.658938164710776,36.658938164710776,0.0,0.0,0.0,0.0,0.0,0.0,427.5,40.633334300907485,0.0,1070.2973242431603
storm_diesel_start,35,1,1,1,0,0.0,0.0,300.0,3.0,37.397008944442504,37.397008944442504,0.0,0.0,0.0,0.0,0.0,0.0,427.5,39.561865478622266,0.0,1107.8810964478514
storm_diesel_start,36,1,1,1,0,0.0,0.0,257.24722155322013,3.0,37.394050492457595,37.394050492457595,0.0,0.0,4.960406524861922,0.0,0.0,0.0,427.5,1.0,0.0,1108.831096447851
storm_diesel_start,37,1,1,1,0,0.0,0.0,300.0,3.0,35.19835975565525,35.19835975565525,0.0,0.0,2.4525164218358597,0.0,0.0,0.0,427.5,47.24948280395103,0.0,1153.7181051116045
storm_diesel_start,38,1,1,1,0,0.0,0.0,272.37259453852676,3.0,35.80562044103968,35.80562044103968,0.0,0.0,0.0,0.0,0.0,0.0,427.5,1.0,0.0,1154.6681051116045
storm_diesel_start,39,1,1,1,0,0.0,0.0,277.1666859992081,3.0,35.70392824895246,35.70392824895246,0.0,0.0,0.0,0.0,0.0,0.0,427.5,0.0,0.0,1154.6681051116045
storm_diesel_start,40,1,1,1,0,0.0,0.0,264.45060579981373,3.0,34.680126492489215,34.680126492489215,0.0,0.0,0.0,0.0,0.0,0.0,427.5,0.0,1.0,1153.6154735326572
storm_diesel_start,41,1,1,1,0,0.0,0.0,300.0,3.0,34.150673769798004,34.150673769798004,0.0,0.0,0.0,0.0,0.0,0.0,427.5,34.60858057747599,0.0,1186.4936250812593
storm_diesel_start,42,1,1,1,0,0.0,0.0,200.0,2.0,33.94840956822312,33.94840956822312,0.0,0.0,17.686868413149227,0.0,0.0,0.0,427.5,0.0,2.9430517948310126,1183.3956758235424
storm_diesel_start,43,1,1,1,0,0.0,0.0,200.0,2.0,33.02721381459559,33.02721381459559,0.0,0.0,16.200938662027397,0.0,0.0,0.0,427.5,0.0,0.0,1183.3956758235424
storm_diesel_start,44,1,1,1,0,0.0,0.0,200.0,2.0,32.58011091324637,32.58011091324637,0.0,0.0,15.281620629654894,0.0,0.0,0.0,427.5,0.0,0.0,1183.3956758235424
storm_diesel_start,45,1,1,1,0,0.0,0.0,200.0,2.0,33.585699098215365,33.585699098215365,0.0,0.0,15.411756662896869,0.0,0.0,0.0,427.5,0.0,0.0,1183.3956758235424
storm_diesel_start,46,1,1,1,0,0.0,0.0,200.0,2.0,33.55542600797957,33.55542600797957,0.0,0.0,14.605817450261611,0.0,0.0,0.0,427.5,0.0,0.0,1183.3956758235424
storm_diesel_start,47,1,1,1,0,0.0,0.0,200.0,2.0,32.81067066682067,32.81067066682067,0.0,0.0,14.812775009268462,0.0,0.0,0.0,427.5,0.0,0.0,1183.3956758235424
storm_diesel_start,48,1,0,1,0,0.0,0.0,200.0,2.0,33.45667898379802,33.45667898379802,0.0,0.0,0.0,0.0,0.0,0.0,427.5,0.0,0.0,1183.3956758235424
storm_diesel_start,49,1,0,1,0,0.0,0.0,200.0,2.0,34.18513962448918,34.18513962448918,0.0,0.0,0.0,0.0,0.0,0.0,427.5,0.0,0.0,1183.3956758235424
storm_diesel_start,50,1,0,1,0,0.0,0.0,200.0,2.0,33.797334680939755,33.797334680939755,0.0,0.0,13.245262512940096,0.0,0.0,0.0,427.5,0.0,0.0,1183.3956758235424
storm_diesel_start,51,1,0,1,0,0.0,0.0,200.0,2.0,36.45357867605848,36.45357867605848,0.0,0.0,3.6409713341997243,0.0,0.0,0.0,427.5,0.0,0.0,1183.3956758235424
storm_diesel_start,52,1,0,1,0,0.0,0.0,200.0,2.0,36.40709440006008,36.40709440006008,0.0,0.0,15.628636244774283,0.0,0.0,0.0,427.5,0.0,0.0,1183.3956758235424
storm_diesel_start,53,1,0,1,0,0.0,0.0,200.0,2.0,37.07723836871407,37.07723836871407,0.0,0.0,14.718713661013195,0.0,0.0,0.0,427.5,0.0,0.0,1183.3956758235424
storm_diesel_start,54,0,0,1,0,0.0,0.0,200.0,2.0,36.17060873427488,36.17060873427488,0.0,0.0,15.899637139187618,0.0,0.0,0.0,427.5,0.0,3.0244508953684957,1180.2120433021018
storm_diesel_start,55,0,0,1,0,0.0,0.0,200.0,2.0,37.979793781440065,37.979793781440065,0.0,0.0,16.557890931394233,0.0,0.0,0.0,427.5,0.0,8.846263274656422,1170.9001872235162
storm_diesel_start,56,0,0,1,0,0.0,0.0,200.0,2.0,37.018590365426576,37.018590365426576,0.0,0.0,17.583264817388713,0.0,0.0,0.0,427.5,0.0,18.099995537825777,1151.8475603415943
storm_diesel_start,57,0,0,1,0,0.0,0.0,200.0,3.0,36.43118263559038,36.43118263559038,0.0,0.0,16.371635961710613,0.0,0.0,0.0,427.5,0.0,3.8176659512142157,1147.828964603474
storm_diesel_start,58,0,0,1,0,0.0,0.0,284.050749418684,3.0,38.09781279081587,38.09781279081587,0.0,0.0,0.0,0.0,0.0,0.0,427.5,0.0,1.0,1146.7763330245268
storm_diesel_start,59,0,0,1,0,0.0,0.0,294.1401673764259,3.0,36.17627031130976,36.17627031130976,0.0,0.0,0.0,0.0,0.0,0.0,427.5,1.0,0.0,1147.7263330245269
storm_diesel_start,60,0,0,1,0,0.0,0.0,300.0,3.0,36.57969401422443,36.57969401422443,0.0,0.0,0.0,0.0,0.0,0.0,427.5,6.84428148969878,0.0,1154.2284004397407
storm_diesel_start,61,0,0,1,0,0.0,0.0,300.0,3.0,36.73543698811987,36.73543698811987,0.0,0.0,0.0,0.0,0.0,0.0,427.5,4.250402207418034,0.0,1158.2662825367877
storm_diesel_start,62,0,0,1,0,0.0,0.0,288.80789095102887,3.0,36.320602876291126,36.320602876291126,0.0,0.0,0.0,0.0,0.0,0.0,427.5,1.0,0.0,1159.2162825367877
storm_diesel_start,63,0,0,1,0,0.0,0.0,300.0,3.0,36.727611523098375,36.727611523098375,0.0,0.0,0.0,0.0,0.0,0.0,427.5,39.24917685052294,0.0,1196.5030005447845
storm_diesel_start,64,0,0,1,0,0.0,0.0,291.32117293008383,3.0,35.702371669565856,35.702371669565856,0.0,0.0,0.0,0.0,0.0,0.0,427.5,1.0,0.0,1197.4530005447846
storm_diesel_start,65,0,0,1,0,0.0,0.0,278.0190726564943,3.0,33.193898640305136,33.193898640305136,0.0,0.0,0.0,0.0,0.0,0.0,427.5,1.0,0.0,1198.4030005447846
storm_diesel_start,66,0,0,1,0,0.0,0.0,274.685943673637,3.0,33.3974474517962,33.3974474517962,0.0,0.0,0.0,0.0,0.0,0.0,427.5,1.0,0.0,1199.3530005447847
storm_diesel_start,67,0,0,1,0,0.0,0.0,300.0,3.0,33.24499856612988,33.24499856612988,0.0,0.0,0.0,0.0,0.0,0.0,427.5,25.97226942025719,0.0,1224.0266564940289
storm_diesel_start,68,0,0,1,0,0.0,0.0,300.0,3.0,33.626564459468284,33.626564459468284,0.0,0.0,0.0,0.0,0.0,0.0,427.5,26.302329591198614,0.0,1249.0138696056677
storm_diesel_start,69,0,0,1,0,0.0,0.0,200.0,2.0,33.135436046931396,33.135436046931396,0.0,0.0,14.831058916418376,0.0,0.0,0.0,427.5,0.0,21.405331693042516,1226.4819415077282
storm_diesel_start,70,0,0,1,0,0.0,0.0,200.0,2.0,33.463043155199756,33.463043155199756,0.0,0.0,13.380069977462627,0.0,0.0,0.0,427.5,0.0,11.025360354938039,1214.876299028846
storm_diesel_start,71,0,0,1,0,0.0,0.0,200.0,2.0,32.244705215578875,32.244705215578875,0.0,0.0,13.983554335011625,0.0,0.0,0.0,427.5,0.0,14.132484077403715,1200.0
