error,key,loss_kwh,metrics,operating_cost_yuan,policy,role,scenario,seed,units,valid,probability
,"training:(5, 3, 4, 20, 4):c1b16c40e93d24d01996b4bd81ccf0b9d616e7bef83b01e34c8697540ee6de0f:0",578.7505555555556,"{""battery_charge_kwh"": 1359.0535948878223, ""battery_discharge_kwh"": 1052.4511038811306, ""diesel_fuel_kg"": 232004.79264779837, ""diesel_kwh"": 1044021.5669150193, ""diesel_online_hours"": 26230.0, ""diesel_run_failures"": 18.0, ""dump_load_kw"": 0, ""energy_inventory_change_kwh"": 0.0, ""final_state"": {""diesel_states"": [{""demands"": 5, ""healthy"": true, ""min_down"": 0, ""min_up"": 0, ""onsite"": false, ""pending"": false, ""prep"": 3, ""repair_until"": 6471, ""running"": true, ""runtime"": 7594}, {""demands"": 6, ""healthy"": true, ""min_down"": 0, ""min_up"": 0, ""onsite"": false, ""pending"": false, ""prep"": 3, ""repair_until"": 7132, ""running"": true, ""runtime"": 7983}, {""demands"": 8, ""healthy"": true, ""min_down"": 0, ""min_up"": 0, ""onsite"": false, ""pending"": false, ""prep"": 3, ""repair_until"": 6192, ""running"": true, ""runtime"": 6227}, {""demands"": 9, ""healthy"": true, ""min_down"": 0, ""min_up"": 0, ""onsite"": false, ""pending"": false, ""prep"": 3, ""repair_until"": 7610, ""running"": false, ""runtime"": 5413}], ""energy_kwh"": 850.0, ""online"": 3, ""other_repair_until"": {""pcs"": [-1000000000000000, -1000000000000000, -1000000000000000, -1000000000000000], ""pv"": [3932, 6599, -1000000000000000], ""wind"": [-1000000000000000, -1000000000000000, -1000000000000000, 7749, 5514]}, ""temperatures_c"": [5.0, 5.0, 5.0, 5.0]}, ""forecast_basis"": ""current_measurements_only"", ""heater_kwh"": 70572.4485955277, ""initial_state"": {""diesel_states"": [{""demands"": 1, ""healthy"": true, ""min_down"": 0, ""min_up"": 0, ""onsite"": false, ""pending"": false, ""prep"": 3, ""repair_until"": -1, ""running"": true, ""runtime"": 333}, {""demands"": 1, ""healthy"": true, ""min_down"": 0, ""min_up"": 0, ""onsite"": false, ""pending"": false, ""prep"": 3, ""repair_until"": -1, ""running"": true, ""runtime"": 329}, {""demands"": 1, ""healthy"": true, ""min_down"": 0, ""min_up"": 0, ""onsite"": false, ""pending"": false, ""prep"": 3, ""repair_until"": -1, ""running"": true, ""runtime"": 325}, {""demands"": 0, ""healthy"": true, ""min_down"": 0, ""min_up"": 0, ""onsite"": false, ""pending"": false, ""prep"": 0.0, ""repair_until"": -1, ""running"": false, ""runtime"": 0}], ""energy_kwh"": 850.0, ""online"": 3, ""temperatures_c"": [5.0, 5.0, 5.0, -0.4917950249892792]}, ""longest_shed_hours"": 13, ""max_balance_residual_kw"": 2.842170943040401e-14, ""max_soc_residual_kwh"": 5.684341886080802e-14, ""operating_cost_basis"": ""same_executed_policy"", ""pcs_failures"": 0.0, ""pv_failures"": 3.0, ""repair_clock"": ""calendar_reference"", ""shed_hours"": 15.0, ""start_failures"": 0.0, ""starts"": 25.0, ""unserved_heater_command_kwh"": 726.46174984255, ""wait_access_unit_hours"": 9.0, ""wait_crew_unit_hours"": 0.0, ""wait_heat_unit_hours"": 12.0, ""wait_prep_unit_hours"": 24.0, ""wind_failures"": 5.0, ""wind_protective_stop_hours"": 31.0}",3480071.88971671,load_first_three_online,training,0,2026091701,"{""battery_energy"": 20, ""diesel"": 4, ""pcs"": 4, ""pv"": 3, ""wind"": 5}",True,0.0625
,"training:(5, 3, 4, 20, 4):c1b16c40e93d24d01996b4bd81ccf0b9d616e7bef83b01e34c8697540ee6de0f:1",0.0,"{""battery_charge_kwh"": 416.75921169077185, ""battery_discharge_kwh"": 322.738333533335, ""diesel_fuel_kg"": 232344.71223469274, ""diesel_kwh"": 1045551.2050560385, ""diesel_online_hours"": 26261.0, ""diesel_run_failures"": 16.0, ""dump_load_kw"": 0, ""energy_inventory_change_kwh"": 0.0, ""final_state"": {""diesel_states"": [{""demands"": 4, ""healthy"": true, ""min_down"": 0, ""min_up"": 0, ""onsite"": false, ""pending"": false, ""prep"": 3, ""repair_until"": 7270, ""running"": true, ""runtime"": 8735}, {""demands"": 4, ""healthy"": true, ""min_down"": 0, ""min_up"": 0, ""onsite"": false, ""pending"": false, ""prep"": 3, ""repair_until"": 7400, ""running"": true, ""runtime"": 8674}, {""demands"": 8, ""healthy"": true, ""min_down"": 0, ""min_up"": 0, ""onsite"": false, ""pending"": false, ""prep"": 3, ""repair_until"": 7757, ""running"": false, ""runtime"": 5044}, {""demands"": 9, ""healthy"": true, ""min_down"": 0, ""min_up"": 0, ""onsite"": false, ""pending"": false, ""prep"": 3, ""repair_until"": 7433, ""running"": true, ""runtime"": 4795}], ""energy_kwh"": 850.0, ""online"": 3, ""other_repair_until"": {""pcs"": [-1000000000000000, -1000000000000000, -1000000000000000, -1000000000000000], ""pv"": [6187, -1000000000000000, 2136], ""wind"": [7997, 7127, 6032, 6063, -1000000000000000]}, ""temperatures_c"": [5.0, 5.0, 5.0, 5.0]}, ""forecast_basis"": ""current_measurements_only"", ""heater_kwh"": 70817.57096785434, ""initial_state"": {""diesel_states"": [{""demands"": 1, ""healthy"": true, ""min_down"": 0, ""min_up"": 0, ""onsite"": false, ""pending"": false, ""prep"": 3, ""repair_until"": -1, ""running"": true, ""runtime"": 333}, {""demands"": 1, ""healthy"": true, ""min_down"": 0, ""min_up"": 0, ""onsite"": false, ""pending"": false, ""prep"": 3, ""repair_until"": -1, ""running"": true, ""runtime"": 329}, {""demands"": 1, ""healthy"": true, ""min_down"": 0, ""min_up"": 0, ""onsite"": false, ""pending"": false, ""prep"": 3, ""repair_until"": -1, ""running"": true, ""runtime"": 325}, {""demands"": 0, ""healthy"": true, ""min_down"": 0, ""min_up"": 0, ""onsite"": false, ""pending"": false, ""prep"": 0.0, ""repair_until"": -1, ""running"": false, ""runtime"": 0}], ""energy_kwh"": 850.0, ""online"": 3, ""temperatures_c"": [5.0, 5.0, 5.0, -0.4917950249892792]}, ""longest_shed_hours"": 0.0, ""max_balance_residual_kw"": 2.842170943040401e-14, ""max_soc_residual_kwh"": 5.684341886080802e-14, ""operating_cost_basis"": ""same_executed_policy"", ""pcs_failures"": 0.0, ""pv_failures"": 2.0, ""repair_clock"": ""calendar_reference"", ""shed_hours"": 0.0, ""start_failures"": 0.0, ""starts"": 22.0, ""unserved_heater_command_kwh"": 0.0, ""wait_access_unit_hours"": 2.0, ""wait_crew_unit_hours"": 0.0, ""wait_heat_unit_hours"": 0.0, ""wait_prep_unit_hours"": 21.0, ""wind_failures"": 12.0, ""wind_protective_stop_hours"": 31.0}",3485170.683520107,load_first_three_online,training,1,2026091701,"{""battery_energy"": 20, ""diesel"": 4, ""pcs"": 4, ""pv"": 3, ""wind"": 5}",True,0.0625
,"training:(5, 3, 4, 20, 4):c1b16c40e93d24d01996b4bd81ccf0b9d616e7bef83b01e34c8697540ee6de0f:2",0.0,"{""battery_charge_kwh"": 786.1957646349865, ""battery_discharge_kwh"": 608.830000133335, ""diesel_fuel_kg"": 232123.63198749343, ""diesel_kwh"": 1044556.343943648, ""diesel_online_hours"": 26215.0, ""diesel_run_failures"": 17.0, ""dump_load_kw"": 0, ""energy_inventory_change_kwh"": 0.0, ""final_state"": {""diesel_states"": [{""demands"": 6, ""healthy"": true, ""min_down"": 0, ""min_up"": 0, ""onsite"": false, ""pending"": false, ""prep"": 3, ""repair_until"": 7735, ""running"": true, ""runtime"": 5829}, {""demands"": 6, ""healthy"": true, ""min_down"": 0, ""min_up"": 0, ""onsite"": false, ""pending"": false, ""prep"": 3, ""repair_until"": 8286, ""running"": true, ""runtime"": 8214}, {""demands"": 7, ""healthy"": true, ""min_down"": 0, ""min_up"": 0, ""onsite"": false, ""pending"": false, ""prep"": 3, ""repair_until"": 8394, ""running"": false, ""runtime"": 6109}, {""demands"": 8, ""healthy"": true, ""min_down"": 0, ""min_up"": 0, ""onsite"": false, ""pending"": false, ""prep"": 3, ""repair_until"": 7763, ""running"": true, ""runtime"": 7047}], ""energy_kwh"": 850.0, ""online"": 3, ""other_repair_until"": {""pcs"": [-1000000000000000, -1000000000000000, -1000000000000000, -1000000000000000], ""pv"": [3847, -1000000000000000, 8557], ""wind"": [-1000000000000000, 3280, -1000000000000000, -1000000000000000, 2322]}, ""temperatures_c"": [5.0, 5.0, 5.0, 5.0]}, ""forecast_basis"": ""current_measurements_only"", ""heater_kwh"": 70967.61078027803, ""initial_state"": {""diesel_states"": [{""demands"": 1, ""healthy"": true, ""min_down"": 0, ""min_up"": 0, ""onsite"": false, ""pending"": false, ""prep"": 3, ""repair_until"": -29, ""running"": false, ""runtime"": 272}, {""demands"": 1, ""healthy"": true, ""min_down"": 0, ""min_up"": 0, ""onsite"": false, ""pending"": false, ""prep"": 3, ""repair_until"": -1, ""running"": true, ""runtime"": 329}, {""demands"": 1, ""healthy"": true, ""min_down"": 0, ""min_up"": 0, ""onsite"": false, ""pending"": false, ""prep"": 3, ""repair_until"": -1, ""running"": true, ""runtime"": 325}, {""demands"": 1, ""healthy"": true, ""min_down"": 0, ""min_up"": 0, ""onsite"": false, ""pending"": false, ""prep"": 3, ""repair_until"": -1, ""running"": true, ""runtime"": 58}], ""energy_kwh"": 850.0, ""online"": 3, ""temperatures_c"": [5.0, 5.0, 5.0, 5.0]}, ""longest_shed_hours"": 0.0, ""max_balance_residual_kw"": 2.842170943040401e-14, ""max_soc_residual_kwh"": 5.684341886080802e-14, ""operating_cost_basis"": ""same_executed_policy"", ""pcs_failures"": 0.0, ""pv_failures"": 3.0, ""repair_clock"": ""calendar_reference"", ""shed_hours"": 0.0, ""start_failures"": 0.0, ""starts"": 23.0, ""unserved_heater_command_kwh"": 0.0, ""wait_access_unit_hours"": 4.0, ""wait_crew_unit_hours"": 0.0, ""wait_heat_unit_hours"": 0.0, ""wait_prep_unit_hours"": 18.0, ""wind_failures"": 3.0, ""wind_protective_stop_hours"": 31.0}",3481854.4798121457,load_first_three_online,training,2,2026091701,"{""battery_energy"": 20, ""diesel"": 4, ""pcs"": 4, ""pv"": 3, ""wind"": 5}",True,0.0625
,"training:(5, 3, 4, 20, 4):c1b16c40e93d24d01996b4bd81ccf0b9d616e7bef83b01e34c8697540ee6de0f:3",0.0,"{""battery_charge_kwh"": 424.9203686294769, ""battery_discharge_kwh"": 329.0583334666683, ""diesel_fuel_kg"": 233012.8535732013, ""diesel_kwh"": 1048557.8410793272, ""diesel_online_hours"": 26283.0, ""diesel_run_failures"": 8.0, ""dump_load_kw"": 0, ""energy_inventory_change_kwh"": 0.0, ""final_state"": {""diesel_states"": [{""demands"": 3, ""healthy"": true, ""min_down"": 0, ""min_up"": 0, ""onsite"": false, ""pending"": false, ""prep"": 3, ""repair_until"": 7550, ""running"": true, ""runtime"": 8649}, {""demands"": 4, ""healthy"": true, ""min_down"": 0, ""min_up"": 0, ""onsite"": false, ""pending"": false, ""prep"": 3, ""repair_until"": 6689, ""running"": true, ""runtime"": 6429}, {""demands"": 6, ""healthy"": true, ""min_down"": 0, ""min_up"": 0, ""onsite"": false, ""pending"": false, ""prep"": 3, ""repair_until"": 7859, ""running"": false, ""runtime"": 4854}, {""demands"": 5, ""healthy"": true, ""min_down"": 0, ""min_up"": 0, ""onsite"": false, ""pending"": false, ""prep"": 3, ""repair_until"": 5416, ""running"": true, ""runtime"": 7335}], ""energy_kwh"": 850.0, ""online"": 3, ""other_repair_until"": {""pcs"": [-1000000000000000, -1000000000000000, -1000000000000000, -1000000000000000], ""pv"": [2424, 7334, -1000000000000000], ""wind"": [6834, -36, 5941, 1877, 5258]}, ""temperatures_c"": [5.0, 5.0, 5.0, 5.0]}, ""forecast_basis"": ""current_measurements_only"", ""heater_kwh"": 70967.61078027803, ""initial_state"": {""diesel_states"": [{""demands"": 1, ""healthy"": true, ""min_down"": 0, ""min_up"": 0, ""onsite"": false, ""pending"": false, ""prep"": 3, ""repair_until"": -1, ""running"": true, ""runtime"": 333}, {""demands"": 1, ""healthy"": true, ""min_down"": 0, ""min_up"": 0, ""onsite"": false, ""pending"": false, ""prep"": 3, ""repair_until"": -1, ""running"": true, ""runtime"": 329}, {""demands"": 1, ""healthy"": true, ""min_down"": 0, ""min_up"": 0, ""onsite"": false, ""pending"": false, ""prep"": 3, ""repair_until"": -100, ""running"": false, ""runtime"": 220}, {""demands"": 1, ""healthy"": true, ""min_down"": 0, ""min_up"": 0, ""onsite"": false, ""pending"": false, ""prep"": 3, ""repair_until"": -1, ""running"": true, ""runtime"": 102}], ""energy_kwh"": 850.0, ""online"": 3, ""temperatures_c"": [5.0, 5.0, 5.0, 5.0]}, ""longest_shed_hours"": 0.0, ""max_balance_residual_kw"": 2.842170943040401e-14, ""max_soc_residual_kwh"": 5.684341886080802e-14, ""operating_cost_basis"": ""same_executed_policy"", ""pcs_failures"": 0.0, ""pv_failures"": 2.0, ""repair_clock"": ""calendar_reference"", ""shed_hours"": 0.0, ""start_failures"": 0.0, ""starts"": 14.0, ""unserved_heater_command_kwh"": 0.0, ""wait_access_unit_hours"": 0.0, ""wait_crew_unit_hours"": 0.0, ""wait_heat_unit_hours"": 0.0, ""wait_prep_unit_hours"": 18.0, ""wind_failures"": 10.0, ""wind_protective_stop_hours"": 31.0}",3495192.803597737,load_first_three_online,training,3,2026091701,"{""battery_energy"": 20, ""diesel"": 4, ""pcs"": 4, ""pv"": 3, ""wind"": 5}",True,0.0625
,"training:(5, 3, 4, 20, 4):c1b16c40e93d24d01996b4bd81ccf0b9d616e7bef83b01e34c8697540ee6de0f:4",0.0,"{""battery_charge_kwh"": 1367.657039184458, ""battery_discharge_kwh"": 1059.1136111444462, ""diesel_fuel_kg"": 234404.3167100987, ""diesel_kwh"": 1054819.425195361, ""diesel_online_hours"": 26221.0, ""diesel_run_failures"": 15.0, ""dump_load_kw"": 0, ""energy_inventory_change_kwh"": 0.0, ""final_state"": {""diesel_states"": [{""demands"": 4, ""healthy"": true, ""min_down"": 0, ""min_up"": 0, ""onsite"": false, ""pending"": false, ""prep"": 3, ""repair_until"": 8478, ""running"": false, ""runtime"": 7577}, {""demands"": 7, ""healthy"": true, ""min_down"": 0, ""min_up"": 0, ""onsite"": false, ""pending"": false, ""prep"": 3, ""repair_until"": 8034, ""running"": true, ""runtime"": 7524}, {""demands"": 7, ""healthy"": true, ""min_down"": 0, ""min_up"": 0, ""onsite"": false, ""pending"": false, ""prep"": 3, ""repair_until"": 7064, ""running"": true, ""runtime"": 5305}, {""demands"": 6, ""healthy"": true, ""min_down"": 0, ""min_up"": 0, ""onsite"": false, ""pending"": false, ""prep"": 3, ""repair_until"": -1, ""running"": true, ""runtime"": 6799}], ""energy_kwh"": 850.0, ""online"": 3, ""other_repair_until"": {""pcs"": [-1000000000000000, -1000000000000000, -1000000000000000, -1000000000000000], ""pv"": [-1000000000000000, 733, -1000000000000000], ""wind"": [4105, -1000000000000000, 4140, 3914, 2532]}, ""temperatures_c"": [5.0, 5.0, 5.0, 5.0]}, ""forecast_basis"": ""current_measurements_only"", ""heater_kwh"": 70967.61078027803, ""initial_state"": {""diesel_states"": [{""demands"": 1, ""healthy"": true, ""min_down"": 0, ""min_up"": 0, ""onsite"": false, ""pending"": false, ""prep"": 3, ""repair_until"": -1, ""running"": true, ""runtime"": 333}, {""demands"": 1, ""healthy"": true, ""min_down"": 0, ""min_up"": 0, ""onsite"": false, ""pending"": false, ""prep"": 3, ""repair_until"": -1, ""running"": true, ""runtime"": 329}, {""demands"": 1, ""healthy"": true, ""min_down"": 0, ""min_up"": 0, ""onsite"": false, ""pending"": false, ""prep"": 3, ""repair_until"": -102, ""running"": false, ""runtime"": 219}, {""demands"": 1, ""healthy"": true, ""min_down"": 0, ""min_up"": 0, ""onsite"": false, ""pending"": false, ""prep"": 3, ""repair_until"": -1, ""running"": true, ""runtime"": 103}], ""energy_kwh"": 850.0, ""online"": 3, ""temperatures_c"": [5.0, 5.0, 5.0, 5.0]}, ""longest_shed_hours"": 0.0, ""max_balance_residual_kw"": 2.842170943040401e-14, ""max_soc_residual_kwh"": 5.684341886080802e-14, ""operating_cost_basis"": ""same_executed_policy"", ""pcs_failures"": 0.0, ""pv_failures"": 1.0, ""repair_clock"": ""calendar_reference"", ""shed_hours"": 0.0, ""start_failures"": 0.0, ""starts"": 20.0, ""unserved_heater_command_kwh"": 0.0, ""wait_access_unit_hours"": 0.0, ""wait_crew_unit_hours"": 1.0, ""wait_heat_unit_hours"": 0.0, ""wait_prep_unit_hours"": 15.0, ""wind_failures"": 7.0, ""wind_protective_stop_hours"": 31.0}",3516064.750651181,load_first_three_online,training,4,2026091701,"{""battery_energy"": 20, ""diesel"": 4, ""pcs"": 4, ""pv"": 3, ""wind"": 5}",True,0.0625
,"training:(5, 3, 4, 20, 4):c1b16c40e93d24d01996b4bd81ccf0b9d616e7bef83b01e34c8697540ee6de0f:5",0.0,"{""battery_charge_kwh"": 475.20015513085445, ""battery_discharge_kwh"": 367.9950001333352, ""diesel_fuel_kg"": 232093.20236339082, ""diesel_kwh"": 1044419.4106351832, ""diesel_online_hours"": 26277.0, ""diesel_run_failures"": 6.0, ""dump_load_kw"": 0, ""energy_inventory_change_kwh"": 0.0, ""final_state"": {""diesel_states"": [{""demands"": 3, ""healthy"": true, ""min_down"": 0, ""min_up"": 0, ""onsite"": false, ""pending"": false, ""prep"": 3, ""repair_until"": 5953, ""running"": true, ""runtime"": 6625}, {""demands"": 2, ""healthy"": true, ""min_down"": 0, ""min_up"": 0, ""onsite"": false, ""pending"": false, ""prep"": 3, ""repair_until"": 293, ""running"": true, ""runtime"": 7677}, {""demands"": 4, ""healthy"": true, ""min_down"": 0, ""min_up"": 0, ""onsite"": false, ""pending"": false, ""prep"": 3, ""repair_until"": -1, ""running"": true, ""runtime"": 7897}, {""demands"": 6, ""healthy"": true, ""min_down"": 0, ""min_up"": 0, ""onsite"": false, ""pending"": false, ""prep"": 3, ""repair_until"": 8372, ""running"": false, ""runtime"": 5065}], ""energy_kwh"": 850.0, ""online"": 3, ""other_repair_until"": {""pcs"": [-1000000000000000, -1000000000000000, -1000000000000000, -1000000000000000], ""pv"": [-1000000000000000, 5835, 5905], ""wind"": [4640, 634, 6318, -1000000000000000, 7505]}, ""temperatures_c"": [5.0, 5.0, 5.0, 5.0]}, ""forecast_basis"": ""current_measurements_only"", ""heater_kwh"": 70888.265003907, ""initial_state"": {""diesel_states"": [{""demands"": 1, ""healthy"": true, ""min_down"": 0, ""min_up"": 0, ""onsite"": false, ""pending"": false, ""prep"": 3, ""repair_until"": -1, ""running"": true, ""runtime"": 333}, {""demands"": 1, ""healthy"": true, ""min_down"": 0, ""min_up"": 0, ""onsite"": false, ""pending"": false, ""prep"": 3, ""repair_until"": -1, ""running"": true, ""runtime"": 329}, {""demands"": 1, ""healthy"": true, ""min_down"": 0, ""min_up"": 0, ""onsite"": false, ""pending"": false, ""prep"": 3, ""repair_until"": -1, ""running"": true, ""runtime"": 325}, {""demands"": 0, ""healthy"": true, ""min_down"": 0, ""min_up"": 0, ""onsite"": false, ""pending"": false, ""prep"": 0.0, ""repair_until"": -1, ""running"": false, ""runtime"": 0}], ""energy_kwh"": 850.0, ""online"": 3, ""temperatures_c"": [5.0, 5.0, 5.0, -0.4917950249892792]}, ""longest_shed_hours"": 0.0, ""max_balance_residual_kw"": 2.842170943040401e-14, ""max_soc_residual_kwh"": 5.684341886080802e-14, ""operating_cost_basis"": ""same_executed_policy"", ""pcs_failures"": 0.0, ""pv_failures"": 2.0, ""repair_clock"": ""calendar_reference"", ""shed_hours"": 0.0, ""start_failures"": 0.0, ""starts"": 12.0, ""unserved_heater_command_kwh"": 0.0, ""wait_access_unit_hours"": 0.0, ""wait_crew_unit_hours"": 0.0, ""wait_heat_unit_hours"": 0.0, ""wait_prep_unit_hours"": 21.0, ""wind_failures"": 5.0, ""wind_protective_stop_hours"": 31.0}",3481398.0354505894,load_first_three_online,training,5,2026091701,"{""battery_energy"": 20, ""diesel"": 4, ""pcs"": 4, ""pv"": 3, ""wind"": 5}",True,0.0625
,"training:(5, 3, 4, 20, 4):c1b16c40e93d24d01996b4bd81ccf0b9d616e7bef83b01e34c8697540ee6de0f:6",0.0,"{""battery_charge_kwh"": 525.7468149965569, ""battery_discharge_kwh"": 407.1383335333353, ""diesel_fuel_kg"": 233391.94500607907, ""diesel_kwh"": 1050263.7525272742, ""diesel_online_hours"": 26271.0, ""diesel_run_failures"": 22.0, ""dump_load_kw"": 0, ""energy_inventory_change_kwh"": 0.0, ""final_state"": {""diesel_states"": [{""demands"": 4, ""healthy"": true, ""min_down"": 0, ""min_up"": 0, ""onsite"": false, ""pending"": false, ""prep"": 3, ""repair_until"": 4966, ""running"": true, ""runtime"": 7685}, {""demands"": 4, ""healthy"": true, ""min_down"": 0, ""min_up"": 0, ""onsite"": false, ""pending"": false, ""prep"": 3, ""repair_until"": 7099, ""running"": true, ""runtime"": 7168}, {""demands"": 11, ""healthy"": true, ""min_down"": 0, ""min_up"": 0, ""onsite"": false, ""pending"": false, ""prep"": 3, ""repair_until"": 8413, ""running"": true, ""runtime"": 7783}, {""demands"": 13, ""healthy"": true, ""min_down"": 0, ""min_up"": 0, ""onsite"": false, ""pending"": false, ""prep"": 3, ""repair_until"": 8520, ""running"": false, ""runtime"": 4622}], ""energy_kwh"": 850.0, ""online"": 3, ""other_repair_until"": {""pcs"": [-1000000000000000, -1000000000000000, -1000000000000000, -1000000000000000], ""pv"": [6409, 6536, 1697], ""wind"": [8207, 6353, 8168, 3907, -212]}, ""temperatures_c"": [5.0, 5.0, 5.0, 5.0]}, ""forecast_basis"": ""current_measurements_only"", ""heater_kwh"": 70664.20094227356, ""initial_state"": {""diesel_states"": [{""demands"": 1, ""healthy"": true, ""min_down"": 0, ""min_up"": 0, ""onsite"": false, ""pending"": false, ""prep"": 3, ""repair_until"": -1, ""running"": true, ""runtime"": 333}, {""demands"": 1, ""healthy"": true, ""min_down"": 0, ""min_up"": 0, ""onsite"": false, ""pending"": false, ""prep"": 3, ""repair_until"": -1, ""running"": true, ""runtime"": 329}, {""demands"": 1, ""healthy"": true, ""min_down"": 0, ""min_up"": 0, ""onsite"": false, ""pending"": false, ""prep"": 3, ""repair_until"": -1, ""running"": true, ""runtime"": 325}, {""demands"": 0, ""healthy"": true, ""min_down"": 0, ""min_up"": 0, ""onsite"": false, ""pending"": false, ""prep"": 0.0, ""repair_until"": -1, ""running"": false, ""runtime"": 0}], ""energy_kwh"": 850.0, ""online"": 3, ""temperatures_c"": [5.0, 5.0, 5.0, -0.4917950249892792]}, ""longest_shed_hours"": 0.0, ""max_balance_residual_kw"": 2.842170943040401e-14, ""max_soc_residual_kwh"": 5.684341886080802e-14, ""operating_cost_basis"": ""same_executed_policy"", ""pcs_failures"": 0.0, ""pv_failures"": 4.0, ""repair_clock"": ""calendar_reference"", ""shed_hours"": 0.0, ""start_failures"": 0.0, ""starts"": 29.0, ""unserved_heater_command_kwh"": 0.0, ""wait_access_unit_hours"": 0.0, ""wait_crew_unit_hours"": 0.0, ""wait_heat_unit_hours"": 0.0, ""wait_prep_unit_hours"": 24.0, ""wind_failures"": 8.0, ""wind_protective_stop_hours"": 31.0}",3500879.175090896,load_first_three_online,training,6,2026091701,"{""battery_energy"": 20, ""diesel"": 4, ""pcs"": 4, ""pv"": 3, ""wind"": 5}",True,0.0625
,"training:(5, 3, 4, 20, 4):c1b16c40e93d24d01996b4bd81ccf0b9d616e7bef83b01e34c8697540ee6de0f:7",0.0,"{""battery_charge_kwh"": 975.111197414486, ""battery_discharge_kwh"": 755.1261112777788, ""diesel_fuel_kg"": 231796.4416800233, ""diesel_kwh"": 1043083.98756003, ""diesel_online_hours"": 26208.0, ""diesel_run_failures"": 15.0, ""dump_load_kw"": 0, ""energy_inventory_change_kwh"": 0.0, ""final_state"": {""diesel_states"": [{""demands"": 5, ""healthy"": true, ""min_down"": 0, ""min_up"": 0, ""onsite"": false, ""pending"": false, ""prep"": 3, ""repair_until"": 8416, ""running"": false, ""runtime"": 7438}, {""demands"": 7, ""healthy"": true, ""min_down"": 0, ""min_up"": 0, ""onsite"": false, ""pending"": false, ""prep"": 3, ""repair_until"": 7784, ""running"": true, ""runtime"": 6748}, {""demands"": 8, ""healthy"": true, ""min_down"": 0, ""min_up"": 0, ""onsite"": false, ""pending"": false, ""prep"": 3, ""repair_until"": 6414, ""running"": true, ""runtime"": 6107}, {""demands"": 6, ""healthy"": true, ""min_down"": 0, ""min_up"": 0, ""onsite"": false, ""pending"": false, ""prep"": 3, ""repair_until"": 7593, ""running"": true, ""runtime"": 6899}], ""energy_kwh"": 850.0, ""online"": 3, ""other_repair_until"": {""pcs"": [-1000000000000000, -1000000000000000, -1000000000000000, -1000000000000000], ""pv"": [3717, -1000000000000000, 6504], ""wind"": [1426, 1272, 8425, 7271, -1000000000000000]}, ""temperatures_c"": [5.0, 5.0, 5.0, 5.0]}, ""forecast_basis"": ""current_measurements_only"", ""heater_kwh"": 70967.61078027803, ""initial_state"": {""diesel_states"": [{""demands"": 1, ""healthy"": true, ""min_down"": 0, ""min_up"": 0, ""onsite"": false, ""pending"": false, ""prep"": 3, ""repair_until"": -1, ""running"": true, ""runtime"": 333}, {""demands"": 1, ""healthy"": true, ""min_down"": 0, ""min_up"": 0, ""onsite"": false, ""pending"": false, ""prep"": 3, ""repair_until"": -192, ""running"": false, ""runtime"": 76}, {""demands"": 1, ""healthy"": true, ""min_down"": 0, ""min_up"": 0, ""onsite"": false, ""pending"": false, ""prep"": 3, ""repair_until"": -1, ""running"": true, ""runtime"": 325}, {""demands"": 1, ""healthy"": true, ""min_down"": 0, ""min_up"": 0, ""onsite"": false, ""pending"": false, ""prep"": 3, ""repair_until"": -1, ""running"": true, ""runtime"": 250}], ""energy_kwh"": 850.0, ""online"": 3, ""temperatures_c"": [5.0, 5.0, 5.0, 5.0]}, ""longest_shed_hours"": 0.0, ""max_balance_residual_kw"": 2.842170943040401e-14, ""max_soc_residual_kwh"": 5.684341886080802e-14, ""operating_cost_basis"": ""same_executed_policy"", ""pcs_failures"": 0.0, ""pv_failures"": 3.0, ""repair_clock"": ""calendar_reference"", ""shed_hours"": 0.0, ""start_failures"": 1.0, ""starts"": 21.0, ""unserved_heater_command_kwh"": 0.0, ""wait_access_unit_hours"": 19.0, ""wait_crew_unit_hours"": 0.0, ""wait_heat_unit_hours"": 0.0, ""wait_prep_unit_hours"": 18.0, ""wind_failures"": 7.0, ""wind_protective_stop_hours"": 31.0}",3476946.625200078,load_first_three_online,training,7,2026091701,"{""battery_energy"": 20, ""diesel"": 4, ""pcs"": 4, ""pv"": 3, ""wind"": 5}",True,0.0625
,"training:(5, 3, 4, 20, 4):c1b16c40e93d24d01996b4bd81ccf0b9d616e7bef83b01e34c8697540ee6de0f:8",0.0,"{""battery_charge_kwh"": 423.8873107351934, ""battery_discharge_kwh"": 328.258333433335, ""diesel_fuel_kg"": 233795.49907517657, ""diesel_kwh"": 1052079.7458382128, ""diesel_online_hours"": 26210.0, ""diesel_run_failures"": 15.0, ""dump_load_kw"": 0, ""energy_inventory_change_kwh"": 0.0, ""final_state"": {""diesel_states"": [{""demands"": 3, ""healthy"": true, ""min_down"": 0, ""min_up"": 0, ""onsite"": false, ""pending"": false, ""prep"": 3, ""repair_until"": 8657, ""running"": false, ""runtime"": 8684}, {""demands"": 7, ""healthy"": true, ""min_down"": 0, ""min_up"": 0, ""onsite"": false, ""pending"": false, ""prep"": 3, ""repair_until"": 8079, ""running"": true, ""runtime"": 5709}, {""demands"": 8, ""healthy"": true, ""min_down"": 0, ""min_up"": 0, ""onsite"": false, ""pending"": false, ""prep"": 3, ""repair_until"": 8653, ""running"": true, ""runtime"": 6488}, {""demands"": 8, ""healthy"": true, ""min_down"": 0, ""min_up"": 0, ""onsite"": false, ""pending"": false, ""prep"": 3, ""repair_until"": 8566, ""running"": true, ""runtime"": 6313}], ""energy_kwh"": 850.0, ""online"": 3, ""other_repair_until"": {""pcs"": [-1000000000000000, -1000000000000000, -1000000000000000, -1000000000000000], ""pv"": [-1000000000000000, 455, -1000000000000000], ""wind"": [2951, 5776, 3671, 8222, 93]}, ""temperatures_c"": [5.0, 5.0, 5.0, 5.0]}, ""forecast_basis"": ""current_measurements_only"", ""heater_kwh"": 70967.61078027803, ""initial_state"": {""diesel_states"": [{""demands"": 1, ""healthy"": true, ""min_down"": 0, ""min_up"": 0, ""onsite"": false, ""pending"": false, ""prep"": 3, ""repair_until"": -1, ""running"": true, ""runtime"": 333}, {""demands"": 1, ""healthy"": false, ""min_down"": 0, ""min_up"": 0, ""onsite"": false, ""pending"": false, ""prep"": 0.0, ""repair_until"": 11, ""running"": false, ""runtime"": 273}, {""demands"": 1, ""healthy"": true, ""min_down"": 0, ""min_up"": 0, ""onsite"": false, ""pending"": false, ""prep"": 3, ""repair_until"": -1, ""running"": true, ""runtime"": 325}, {""demands"": 1, ""healthy"": true, ""min_down"": 0, ""min_up"": 0, ""onsite"": false, ""pending"": false, ""prep"": 3, ""repair_until"": -1, ""running"": true, ""runtime"": 53}], ""energy_kwh"": 850.0, ""online"": 3, ""temperatures_c"": [5.0, 5.0, 5.0, 5.0]}, ""longest_shed_hours"": 0.0, ""max_balance_residual_kw"": 2.842170943040401e-14, ""max_soc_residual_kwh"": 5.684341886080802e-14, ""operating_cost_basis"": ""same_executed_policy"", ""pcs_failures"": 0.0, ""pv_failures"": 1.0, ""repair_clock"": ""calendar_reference"", ""shed_hours"": 0.0, ""start_failures"": 0.0, ""starts"": 22.0, ""unserved_heater_command_kwh"": 0.0, ""wait_access_unit_hours"": 0.0, ""wait_crew_unit_hours"": 0.0, ""wait_heat_unit_hours"": 0.0, ""wait_prep_unit_hours"": 21.0, ""wind_failures"": 6.0, ""wind_protective_stop_hours"": 31.0}",3506932.486127359,load_first_three_online,training,8,2026091701,"{""battery_energy"": 20, ""diesel"": 4, ""pcs"": 4, ""pv"": 3, ""wind"": 5}",True,0.0625
,"training:(5, 3, 4, 20, 4):c1b16c40e93d24d01996b4bd81ccf0b9d616e7bef83b01e34c8697540ee6de0f:9",898.5416311777777,"{""battery_charge_kwh"": 1033.5069905303035, ""battery_discharge_kwh"": 800.3478134666683, ""diesel_fuel_kg"": 232038.21449399326, ""diesel_kwh"": 1044171.96522289, ""diesel_online_hours"": 26233.0, ""diesel_run_failures"": 25.0, ""dump_load_kw"": 0, ""energy_inventory_change_kwh"": 0.0, ""final_state"": {""diesel_states"": [{""demands"": 7, ""healthy"": true, ""min_down"": 0, ""min_up"": 0, ""onsite"": false, ""pending"": false, ""prep"": 3, ""repair_until"": 8445, ""running"": false, ""runtime"": 6507}, {""demands"": 10, ""healthy"": true, ""min_down"": 0, ""min_up"": 0, ""onsite"": false, ""pending"": false, ""prep"": 3, ""repair_until"": 8228, ""running"": true, ""runtime"": 7127}, {""demands"": 9, ""healthy"": true, ""min_down"": 0, ""min_up"": 0, ""onsite"": false, ""pending"": false, ""prep"": 3, ""repair_until"": 7622, ""running"": true, ""runtime"": 6810}, {""demands"": 10, ""healthy"": true, ""min_down"": 0, ""min_up"": 0, ""onsite"": false, ""pending"": false, ""prep"": 3, ""repair_until"": 6955, ""running"": true, ""runtime"": 6773}], ""energy_kwh"": 850.0, ""online"": 3, ""other_repair_until"": {""pcs"": [-1000000000000000, -1000000000000000, -1000000000000000, -1000000000000000], ""pv"": [4034, 184, 3196], ""wind"": [5527, 1304, 8576, -1000000000000000, -1000000000000000]}, ""temperatures_c"": [5.0, 5.0, 5.0, 5.0]}, ""forecast_basis"": ""current_measurements_only"", ""heater_kwh"": 70869.38780317768, ""initial_state"": {""diesel_states"": [{""demands"": 1, ""healthy"": true, ""min_down"": 0, ""min_up"": 0, ""onsite"": false, ""pending"": false, ""prep"": 3, ""repair_until"": -114, ""running"": false, ""runtime"": 215}, {""demands"": 1, ""healthy"": true, ""min_down"": 0, ""min_up"": 0, ""onsite"": false, ""pending"": false, ""prep"": 3, ""repair_until"": -1, ""running"": true, ""runtime"": 329}, {""demands"": 2, ""healthy"": true, ""min_down"": 0, ""min_up"": 0, ""onsite"": false, ""pending"": false, ""prep"": 3, ""repair_until"": -129, ""running"": true, ""runtime"": 286}, {""demands"": 1, ""healthy"": true, ""min_down"": 0, ""min_up"": 0, ""onsite"": false, ""pending"": false, ""prep"": 3, ""repair_until"": -1, ""running"": true, ""runtime"": 154}], ""energy_kwh"": 850.0, ""online"": 3, ""temperatures_c"": [5.0, 5.0, 5.0, 5.0]}, ""longest_shed_hours"": 12, ""max_balance_residual_kw"": 2.842170943040401e-14, ""max_soc_residual_kwh"": 5.684341886080802e-14, ""operating_cost_basis"": ""same_executed_policy"", ""pcs_failures"": 0.0, ""pv_failures"": 4.0, ""repair_clock"": ""calendar_reference"", ""shed_hours"": 18.0, ""start_failures"": 0.0, ""starts"": 31.0, ""unserved_heater_command_kwh"": 753.3122309705846, ""wait_access_unit_hours"": 9.0, ""wait_crew_unit_hours"": 0.0, ""wait_heat_unit_hours"": 13.0, ""wait_prep_unit_hours"": 18.0, ""wind_failures"": 4.0, ""wind_protective_stop_hours"": 31.0}",3480573.2174096075,load_first_three_online,training,9,2026091701,"{""battery_energy"": 20, ""diesel"": 4, ""pcs"": 4, ""pv"": 3, ""wind"": 5}",True,0.0625
,"training:(5, 3, 4, 20, 4):c1b16c40e93d24d01996b4bd81ccf0b9d616e7bef83b01e34c8697540ee6de0f:10",0.0,"{""battery_charge_kwh"": 557.8318700499314, ""battery_discharge_kwh"": 431.9850001666682, ""diesel_fuel_kg"": 231926.553549367, ""diesel_kwh"": 1043669.4909720751, ""diesel_online_hours"": 26277.0, ""diesel_run_failures"": 15.0, ""dump_load_kw"": 0, ""energy_inventory_change_kwh"": 0.0, ""final_state"": {""diesel_states"": [{""demands"": 3, ""healthy"": true, ""min_down"": 0, ""min_up"": 0, ""onsite"": false, ""pending"": false, ""prep"": 3, ""repair_until"": 8335, ""running"": true, ""runtime"": 8551}, {""demands"": 4, ""healthy"": true, ""min_down"": 0, ""min_up"": 0, ""onsite"": false, ""pending"": false, ""prep"": 3, ""repair_until"": 5631, ""running"": true, ""runtime"": 8216}, {""demands"": 10, ""healthy"": true, ""min_down"": 0, ""min_up"": 0, ""onsite"": false, ""pending"": false, ""prep"": 3, ""repair_until"": 7813, ""running"": true, ""runtime"": 5747}, {""demands"": 6, ""healthy"": true, ""min_down"": 0, ""min_up"": 0, ""onsite"": false, ""pending"": false, ""prep"": 3, ""repair_until"": 8706, ""running"": false, ""runtime"": 4750}], ""energy_kwh"": 850.0, ""online"": 3, ""other_repair_until"": {""pcs"": [6239, -1000000000000000, -1000000000000000, -1000000000000000], ""pv"": [2126, 7660, -1000000000000000], ""wind"": [-1000000000000000, 8344, 6123, 8313, -1000000000000000]}, ""temperatures_c"": [5.0, 5.0, 5.0, 5.0]}, ""forecast_basis"": ""current_measurements_only"", ""heater_kwh"": 69932.2360123749, ""initial_state"": {""diesel_states"": [{""demands"": 1, ""healthy"": true, ""min_down"": 0, ""min_up"": 0, ""onsite"": false, ""pending"": false, ""prep"": 3, ""repair_until"": -1, ""running"": true, ""runtime"": 333}, {""demands"": 1, ""healthy"": true, ""min_down"": 0, ""min_up"": 0, ""onsite"": false, ""pending"": false, ""prep"": 3, ""repair_until"": -1, ""running"": true, ""runtime"": 329}, {""demands"": 1, ""healthy"": true, ""min_down"": 0, ""min_up"": 0, ""onsite"": false, ""pending"": false, ""prep"": 3, ""repair_until"": -1, ""running"": true, ""runtime"": 325}, {""demands"": 0, ""healthy"": true, ""min_down"": 0, ""min_up"": 0, ""onsite"": false, ""pending"": false, ""prep"": 0.0, ""repair_until"": -1, ""running"": false, ""runtime"": 0}], ""energy_kwh"": 850.0, ""online"": 3, ""temperatures_c"": [5.0, 5.0, 5.0, -0.4917950249892792]}, ""longest_shed_hours"": 0.0, ""max_balance_residual_kw"": 2.842170943040401e-14, ""max_soc_residual_kwh"": 5.684341886080802e-14, ""operating_cost_basis"": ""same_executed_policy"", ""pcs_failures"": 1.0, ""pv_failures"": 4.0, ""repair_clock"": ""calendar_reference"", ""shed_hours"": 0.0, ""start_failures"": 0.0, ""starts"": 20.0, ""unserved_heater_command_kwh"": 0.0, ""wait_access_unit_hours"": 1.0, ""wait_crew_unit_hours"": 0.0, ""wait_heat_unit_hours"": 0.0, ""wait_prep_unit_hours"": 18.0, ""wind_failures"": 8.0, ""wind_protective_stop_hours"": 31.0}",3478898.3032402317,load_first_three_online,training,10,2026091701,"{""battery_energy"": 20, ""diesel"": 4, ""pcs"": 4, ""pv"": 3, ""wind"": 5}",True,0.0625
,"training:(5, 3, 4, 20, 4):c1b16c40e93d24d01996b4bd81ccf0b9d616e7bef83b01e34c8697540ee6de0f:11",0.0,"{""battery_charge_kwh"": 1020.1769113292016, ""battery_discharge_kwh"": 790.0250001333346, ""diesel_fuel_kg"": 233857.55808471207, ""diesel_kwh"": 1052359.0113811258, ""diesel_online_hours"": 26272.0, ""diesel_run_failures"": 15.0, ""dump_load_kw"": 0, ""energy_inventory_change_kwh"": 0.0, ""final_state"": {""diesel_states"": [{""demands"": 4, ""healthy"": true, ""min_down"": 0, ""min_up"": 0, ""onsite"": false, ""pending"": false, ""prep"": 3, ""repair_until"": 4676, ""running"": true, ""runtime"": 8513}, {""demands"": 7, ""healthy"": true, ""min_down"": 0, ""min_up"": 0, ""onsite"": false, ""pending"": false, ""prep"": 3, ""repair_until"": 7431, ""running"": true, ""runtime"": 5655}, {""demands"": 7, ""healthy"": true, ""min_down"": 0, ""min_up"": 0, ""onsite"": false, ""pending"": false, ""prep"": 3, ""repair_until"": 8554, ""running"": false, ""runtime"": 7090}, {""demands"": 7, ""healthy"": true, ""min_down"": 0, ""min_up"": 0, ""onsite"": false, ""pending"": false, ""prep"": 3, ""repair_until"": 5406, ""running"": true, ""runtime"": 6001}], ""energy_kwh"": 850.0, ""online"": 3, ""other_repair_until"": {""pcs"": [650, -1000000000000000, -1000000000000000, -1000000000000000], ""pv"": [8167, 8644, 5745], ""wind"": [4662, 8741, 2037, 7534, 4626]}, ""temperatures_c"": [5.0, 5.0, 5.0, 5.0]}, ""forecast_basis"": ""current_measurements_only"", ""heater_kwh"": 70913.03799594469, ""initial_state"": {""diesel_states"": [{""demands"": 1, ""healthy"": true, ""min_down"": 0, ""min_up"": 0, ""onsite"": false, ""pending"": false, ""prep"": 3, ""repair_until"": -1, ""running"": true, ""runtime"": 333}, {""demands"": 1, ""healthy"": true, ""min_down"": 0, ""min_up"": 0, ""onsite"": false, ""pending"": false, ""prep"": 3, ""repair_until"": -1, ""running"": true, ""runtime"": 329}, {""demands"": 1, ""healthy"": true, ""min_down"": 0, ""min_up"": 0, ""onsite"": false, ""pending"": false, ""prep"": 3, ""repair_until"": -1, ""running"": true, ""runtime"": 325}, {""demands"": 0, ""healthy"": true, ""min_down"": 0, ""min_up"": 0, ""onsite"": false, ""pending"": false, ""prep"": 0.0, ""repair_until"": -1, ""running"": false, ""runtime"": 0}], ""energy_kwh"": 850.0, ""online"": 3, ""temperatures_c"": [5.0, 5.0, 5.0, -0.4917950249892792]}, ""longest_shed_hours"": 0.0, ""max_balance_residual_kw"": 2.842170943040401e-14, ""max_soc_residual_kwh"": 5.684341886080802e-14, ""operating_cost_basis"": ""same_executed_policy"", ""pcs_failures"": 1.0, ""pv_failures"": 6.0, ""repair_clock"": ""calendar_reference"", ""shed_hours"": 0.0, ""start_failures"": 0.0, ""starts"": 22.0, ""unserved_heater_command_kwh"": 0.0, ""wait_access_unit_hours"": 1.0, ""wait_crew_unit_hours"": 0.0, ""wait_heat_unit_hours"": 0.0, ""wait_prep_unit_hours"": 24.0, ""wind_failures"": 9.0, ""wind_protective_stop_hours"": 31.0}",3507863.3712703963,load_first_three_online,training,11,2026091701,"{""battery_energy"": 20, ""diesel"": 4, ""pcs"": 4, ""pv"": 3, ""wind"": 5}",True,0.0625
,"training:(5, 3, 4, 20, 4):c1b16c40e93d24d01996b4bd81ccf0b9d616e7bef83b01e34c8697540ee6de0f:12",0.0,"{""battery_charge_kwh"": 420.61596091597835, ""battery_discharge_kwh"": 325.72500013333513, ""diesel_fuel_kg"": 231763.68277557453, ""diesel_kwh"": 1042936.5724900076, ""diesel_online_hours"": 26280.0, ""diesel_run_failures"": 11.0, ""dump_load_kw"": 0, ""energy_inventory_change_kwh"": 0.0, ""final_state"": {""diesel_states"": [{""demands"": 3, ""healthy"": true, ""min_down"": 0, ""min_up"": 0, ""onsite"": false, ""pending"": false, ""prep"": 3, ""repair_until"": 4489, ""running"": true, ""runtime"": 8059}, {""demands"": 3, ""healthy"": true, ""min_down"": 0, ""min_up"": 0, ""onsite"": false, ""pending"": false, ""prep"": 3, ""repair_until"": 7816, ""running"": false, ""runtime"": 6574}, {""demands"": 6, ""healthy"": true, ""min_down"": 0, ""min_up"": 0, ""onsite"": false, ""pending"": false, ""prep"": 3, ""repair_until"": 5718, ""running"": true, ""runtime"": 6183}, {""demands"": 8, ""healthy"": true, ""min_down"": 0, ""min_up"": 0, ""onsite"": false, ""pending"": false, ""prep"": 3, ""repair_until"": 6869, ""running"": true, ""runtime"": 6451}], ""energy_kwh"": 850.0, ""online"": 3, ""other_repair_until"": {""pcs"": [3811, -1000000000000000, -1000000000000000, -1000000000000000], ""pv"": [-1000000000000000, -1000000000000000, 5314], ""wind"": [4736, 8412, -1000000000000000, 4079, -1000000000000000]}, ""temperatures_c"": [5.0, 5.0, 5.0, 5.0]}, ""forecast_basis"": ""current_measurements_only"", ""heater_kwh"": 70851.10708492316, ""initial_state"": {""diesel_states"": [{""demands"": 1, ""healthy"": true, ""min_down"": 0, ""min_up"": 0, ""onsite"": false, ""pending"": false, ""prep"": 3, ""repair_until"": -1, ""running"": true, ""runtime"": 333}, {""demands"": 1, ""healthy"": true, ""min_down"": 0, ""min_up"": 0, ""onsite"": false, ""pending"": false, ""prep"": 3, ""repair_until"": -1, ""running"": true, ""runtime"": 329}, {""demands"": 1, ""healthy"": true, ""min_down"": 0, ""min_up"": 0, ""onsite"": false, ""pending"": false, ""prep"": 3, ""repair_until"": -1, ""running"": true, ""runtime"": 325}, {""demands"": 0, ""healthy"": true, ""min_down"": 0, ""min_up"": 0, ""onsite"": false, ""pending"": false, ""prep"": 0.0, ""repair_until"": -1, ""running"": false, ""runtime"": 0}], ""energy_kwh"": 850.0, ""online"": 3, ""temperatures_c"": [5.0, 5.0, 5.0, -0.4917950249892792]}, ""longest_shed_hours"": 0.0, ""max_balance_residual_kw"": 2.842170943040401e-14, ""max_soc_residual_kwh"": 5.684341886080802e-14, ""operating_cost_basis"": ""same_executed_policy"", ""pcs_failures"": 1.0, ""pv_failures"": 1.0, ""repair_clock"": ""calendar_reference"", ""shed_hours"": 0.0, ""start_failures"": 0.0, ""starts"": 17.0, ""unserved_heater_command_kwh"": 0.0, ""wait_access_unit_hours"": 0.0, ""wait_crew_unit_hours"": 0.0, ""wait_heat_unit_hours"": 0.0, ""wait_prep_unit_hours"": 21.0, ""wind_failures"": 5.0, ""wind_protective_stop_hours"": 31.0}",3476455.2416333365,load_first_three_online,training,12,2026091701,"{""battery_energy"": 20, ""diesel"": 4, ""pcs"": 4, ""pv"": 3, ""wind"": 5}",True,0.0625
,"training:(5, 3, 4, 20, 4):c1b16c40e93d24d01996b4bd81ccf0b9d616e7bef83b01e34c8697540ee6de0f:13",0.0,"{""battery_charge_kwh"": 561.5135734045004, ""battery_discharge_kwh"": 434.8361112444461, ""diesel_fuel_kg"": 232263.9386599222, ""diesel_kwh"": 1045187.7239695741, ""diesel_online_hours"": 26275.0, ""diesel_run_failures"": 14.0, ""dump_load_kw"": 0, ""energy_inventory_change_kwh"": 0.0, ""final_state"": {""diesel_states"": [{""demands"": 7, ""healthy"": true, ""min_down"": 0, ""min_up"": 0, ""onsite"": false, ""pending"": false, ""prep"": 3, ""repair_until"": 7624, ""running"": true, ""runtime"": 5120}, {""demands"": 4, ""healthy"": true, ""min_down"": 0, ""min_up"": 0, ""onsite"": false, ""pending"": false, ""prep"": 3, ""repair_until"": 8406, ""running"": false, ""runtime"": 8416}, {""demands"": 7, ""healthy"": true, ""min_down"": 0, ""min_up"": 0, ""onsite"": false, ""pending"": false, ""prep"": 3, ""repair_until"": 7748, ""running"": true, ""runtime"": 5927}, {""demands"": 6, ""healthy"": true, ""min_down"": 0, ""min_up"": 0, ""onsite"": false, ""pending"": false, ""prep"": 3, ""repair_until"": 4008, ""running"": true, ""runtime"": 7799}], ""energy_kwh"": 850.0, ""online"": 3, ""other_repair_until"": {""pcs"": [-1000000000000000, -1000000000000000, -1000000000000000, -1000000000000000], ""pv"": [-1000000000000000, 6083, 4269], ""wind"": [5081, 8659, -1000000000000000, -1000000000000000, -1000000000000000]}, ""temperatures_c"": [5.0, 5.0, 5.0, 5.0]}, ""forecast_basis"": ""current_measurements_only"", ""heater_kwh"": 70903.06954245121, ""initial_state"": {""diesel_states"": [{""demands"": 1, ""healthy"": true, ""min_down"": 0, ""min_up"": 0, ""onsite"": false, ""pending"": false, ""prep"": 3, ""repair_until"": -1, ""running"": true, ""runtime"": 333}, {""demands"": 1, ""healthy"": true, ""min_down"": 0, ""min_up"": 0, ""onsite"": false, ""pending"": false, ""prep"": 3, ""repair_until"": -1, ""running"": true, ""runtime"": 329}, {""demands"": 1, ""healthy"": true, ""min_down"": 0, ""min_up"": 0, ""onsite"": false, ""pending"": false, ""prep"": 3, ""repair_until"": -1, ""running"": true, ""runtime"": 325}, {""demands"": 0, ""healthy"": true, ""min_down"": 0, ""min_up"": 0, ""onsite"": false, ""pending"": false, ""prep"": 0.0, ""repair_until"": -1, ""running"": false, ""runtime"": 0}], ""energy_kwh"": 850.0, ""online"": 3, ""temperatures_c"": [5.0, 5.0, 5.0, -0.4917950249892792]}, ""longest_shed_hours"": 0.0, ""max_balance_residual_kw"": 2.842170943040401e-14, ""max_soc_residual_kwh"": 5.684341886080802e-14, ""operating_cost_basis"": ""same_executed_policy"", ""pcs_failures"": 0.0, ""pv_failures"": 4.0, ""repair_clock"": ""calendar_reference"", ""shed_hours"": 0.0, ""start_failures"": 1.0, ""starts"": 20.0, ""unserved_heater_command_kwh"": 0.0, ""wait_access_unit_hours"": 0.0, ""wait_crew_unit_hours"": 0.0, ""wait_heat_unit_hours"": 0.0, ""wait_prep_unit_hours"": 21.0, ""wind_failures"": 3.0, ""wind_protective_stop_hours"": 31.0}",3483959.0798985604,load_first_three_online,training,13,2026091701,"{""battery_energy"": 20, ""diesel"": 4, ""pcs"": 4, ""pv"": 3, ""wind"": 5}",True,0.0625
,"training:(5, 3, 4, 20, 4):c1b16c40e93d24d01996b4bd81ccf0b9d616e7bef83b01e34c8697540ee6de0f:14",0.0,"{""battery_charge_kwh"": 552.6407543044081, ""battery_discharge_kwh"": 427.9650001333349, ""diesel_fuel_kg"": 233194.4635708983, ""diesel_kwh"": 1049375.0860689606, ""diesel_online_hours"": 26269.0, ""diesel_run_failures"": 19.0, ""dump_load_kw"": 0, ""energy_inventory_change_kwh"": 0.0, ""final_state"": {""diesel_states"": [{""demands"": 6, ""healthy"": true, ""min_down"": 0, ""min_up"": 0, ""onsite"": false, ""pending"": false, ""prep"": 3, ""repair_until"": 6933, ""running"": true, ""runtime"": 7645}, {""demands"": 5, ""healthy"": true, ""min_down"": 0, ""min_up"": 0, ""onsite"": false, ""pending"": false, ""prep"": 3, ""repair_until"": 5283, ""running"": true, ""runtime"": 7539}, {""demands"": 8, ""healthy"": true, ""min_down"": 0, ""min_up"": 0, ""onsite"": false, ""pending"": false, ""prep"": 3, ""repair_until"": 7395, ""running"": false, ""runtime"": 6558}, {""demands"": 10, ""healthy"": true, ""min_down"": 0, ""min_up"": 0, ""onsite"": false, ""pending"": false, ""prep"": 3, ""repair_until"": 7135, ""running"": true, ""runtime"": 5514}], ""energy_kwh"": 850.0, ""online"": 3, ""other_repair_until"": {""pcs"": [-1000000000000000, -1000000000000000, -1000000000000000, -1000000000000000], ""pv"": [7039, 481, -1000000000000000], ""wind"": [769, 3472, -1000000000000000, -1000000000000000, -1000000000000000]}, ""temperatures_c"": [5.0, 5.0, 5.0, 5.0]}, ""forecast_basis"": ""current_measurements_only"", ""heater_kwh"": 70497.8806105585, ""initial_state"": {""diesel_states"": [{""demands"": 1, ""healthy"": true, ""min_down"": 0, ""min_up"": 0, ""onsite"": false, ""pending"": false, ""prep"": 3, ""repair_until"": -1, ""running"": true, ""runtime"": 333}, {""demands"": 1, ""healthy"": true, ""min_down"": 0, ""min_up"": 0, ""onsite"": false, ""pending"": false, ""prep"": 3, ""repair_until"": -1, ""running"": true, ""runtime"": 329}, {""demands"": 1, ""healthy"": true, ""min_down"": 0, ""min_up"": 0, ""onsite"": false, ""pending"": false, ""prep"": 3, ""repair_until"": -1, ""running"": true, ""runtime"": 325}, {""demands"": 0, ""healthy"": true, ""min_down"": 0, ""min_up"": 0, ""onsite"": false, ""pending"": false, ""prep"": 0.0, ""repair_until"": -1, ""running"": false, ""runtime"": 0}], ""energy_kwh"": 850.0, ""online"": 3, ""temperatures_c"": [5.0, 5.0, 5.0, -0.4917950249892792]}, ""longest_shed_hours"": 0.0, ""max_balance_residual_kw"": 2.842170943040401e-14, ""max_soc_residual_kwh"": 5.684341886080802e-14, ""operating_cost_basis"": ""same_executed_policy"", ""pcs_failures"": 0.0, ""pv_failures"": 2.0, ""repair_clock"": ""calendar_reference"", ""shed_hours"": 0.0, ""start_failures"": 0.0, ""starts"": 26.0, ""unserved_heater_command_kwh"": 0.0, ""wait_access_unit_hours"": 7.0, ""wait_crew_unit_hours"": 0.0, ""wait_heat_unit_hours"": 0.0, ""wait_prep_unit_hours"": 24.0, ""wind_failures"": 2.0, ""wind_protective_stop_hours"": 31.0}",3497916.953563184,load_first_three_online,training,14,2026091701,"{""battery_energy"": 20, ""diesel"": 4, ""pcs"": 4, ""pv"": 3, ""wind"": 5}",True,0.0625
,"training:(5, 3, 4, 20, 4):c1b16c40e93d24d01996b4bd81ccf0b9d616e7bef83b01e34c8697540ee6de0f:15",0.0,"{""battery_charge_kwh"": 420.6159609159786, ""battery_discharge_kwh"": 325.72500013333513, ""diesel_fuel_kg"": 234500.08003176807, ""diesel_kwh"": 1055250.3601428743, ""diesel_online_hours"": 26281.0, ""diesel_run_failures"": 10.0, ""dump_load_kw"": 0, ""energy_inventory_change_kwh"": 0.0, ""final_state"": {""diesel_states"": [{""demands"": 4, ""healthy"": true, ""min_down"": 0, ""min_up"": 0, ""onsite"": false, ""pending"": false, ""prep"": 3, ""repair_until"": 8297, ""running"": true, ""runtime"": 6100}, {""demands"": 5, ""healthy"": true, ""min_down"": 0, ""min_up"": 0, ""onsite"": false, ""pending"": false, ""prep"": 3, ""repair_until"": 8073, ""running"": true, ""runtime"": 7841}, {""demands"": 5, ""healthy"": true, ""min_down"": 0, ""min_up"": 0, ""onsite"": false, ""pending"": false, ""prep"": 3, ""repair_until"": 8468, ""running"": false, ""runtime"": 6300}, {""demands"": 6, ""healthy"": true, ""min_down"": 0, ""min_up"": 0, ""onsite"": false, ""pending"": false, ""prep"": 3, ""repair_until"": 2754, ""running"": true, ""runtime"": 7024}], ""energy_kwh"": 850.0, ""online"": 3, ""other_repair_until"": {""pcs"": [-1000000000000000, -1000000000000000, -1000000000000000, -1000000000000000], ""pv"": [-1000000000000000, 1111, -1000000000000000], ""wind"": [7532, -1000000000000000, 6345, 6963, 7233]}, ""temperatures_c"": [5.0, 5.0, 5.0, 5.0]}, ""forecast_basis"": ""current_measurements_only"", ""heater_kwh"": 70967.61078027803, ""initial_state"": {""diesel_states"": [{""demands"": 1, ""healthy"": true, ""min_down"": 0, ""min_up"": 0, ""onsite"": false, ""pending"": false, ""prep"": 3, ""repair_until"": -1, ""running"": true, ""runtime"": 333}, {""demands"": 1, ""healthy"": true, ""min_down"": 0, ""min_up"": 0, ""onsite"": false, ""pending"": false, ""prep"": 3, ""repair_until"": -48, ""running"": false, ""runtime"": 278}, {""demands"": 1, ""healthy"": true, ""min_down"": 0, ""min_up"": 0, ""onsite"": false, ""pending"": false, ""prep"": 3, ""repair_until"": -1, ""running"": true, ""runtime"": 325}, {""demands"": 1, ""healthy"": true, ""min_down"": 0, ""min_up"": 0, ""onsite"": false, ""pending"": false, ""prep"": 3, ""repair_until"": -1, ""running"": true, ""runtime"": 48}], ""energy_kwh"": 850.0, ""online"": 3, ""temperatures_c"": [5.0, 5.0, 5.0, 5.0]}, ""longest_shed_hours"": 0.0, ""max_balance_residual_kw"": 2.842170943040401e-14, ""max_soc_residual_kwh"": 5.684341886080802e-14, ""operating_cost_basis"": ""same_executed_policy"", ""pcs_failures"": 0.0, ""pv_failures"": 1.0, ""repair_clock"": ""calendar_reference"", ""shed_hours"": 0.0, ""start_failures"": 0.0, ""starts"": 16.0, ""unserved_heater_command_kwh"": 0.0, ""wait_access_unit_hours"": 2.0, ""wait_crew_unit_hours"": 0.0, ""wait_heat_unit_hours"": 0.0, ""wait_prep_unit_hours"": 18.0, ""wind_failures"": 7.0, ""wind_protective_stop_hours"": 31.0}",3517501.2004762273,load_first_three_online,training,15,2026091701,"{""battery_energy"": 20, ""diesel"": 4, ""pcs"": 4, ""pv"": 3, ""wind"": 5}",True,0.0625
,"holdout:(5, 3, 4, 20, 4):c1b16c40e93d24d01996b4bd81ccf0b9d616e7bef83b01e34c8697540ee6de0f:0",0.0,"{""shed_hours"": 0.0, ""longest_shed_hours"": 0.0, ""heater_kwh"": 70967.61078027803, ""diesel_kwh"": 1048226.0373487397, ""diesel_fuel_kg"": 232939.11941084862, ""battery_discharge_kwh"": 482.08500013333503, ""battery_charge_kwh"": 622.5271179407719, ""starts"": 21.0, ""start_failures"": 0.0, ""diesel_run_failures"": 16.0, ""diesel_online_hours"": 26275.0, ""wind_failures"": 5.0, ""pv_failures"": 4.0, ""pcs_failures"": 1.0, ""wind_protective_stop_hours"": 31.0, ""wait_access_unit_hours"": 0.0, ""wait_crew_unit_hours"": 0.0, ""wait_prep_unit_hours"": 15.0, ""wait_heat_unit_hours"": 0.0, ""unserved_heater_command_kwh"": 0.0, ""max_balance_residual_kw"": 2.842170943040401e-14, ""max_soc_residual_kwh"": 5.684341886080802e-14, ""initial_state"": {""energy_kwh"": 850.0, ""temperatures_c"": [5.0, 5.0, 5.0, 5.0], ""online"": 3, ""diesel_states"": [{""healthy"": true, ""running"": true, ""pending"": false, ""onsite"": false, ""prep"": 3, ""min_up"": 0, ""min_down"": 0, ""repair_until"": -1, ""runtime"": 333, ""demands"": 1}, {""healthy"": true, ""running"": true, ""pending"": false, ""onsite"": false, ""prep"": 3, ""min_up"": 0, ""min_down"": 0, ""repair_until"": -1, ""runtime"": 329, ""demands"": 1}, {""healthy"": false, ""running"": false, ""pending"": false, ""onsite"": false, ""prep"": 0.0, ""min_up"": 0, ""min_down"": 0, ""repair_until"": 17, ""runtime"": 295, ""demands"": 1}, {""healthy"": true, ""running"": true, ""pending"": false, ""onsite"": false, ""prep"": 3, ""min_up"": 0, ""min_down"": 0, ""repair_until"": -1, ""runtime"": 27, ""demands"": 1}]}, ""final_state"": {""energy_kwh"": 850.0, ""temperatures_c"": [5.0, 5.0, 5.0, 5.0], ""online"": 3, ""diesel_states"": [{""healthy"": true, ""running"": true, ""pending"": false, ""onsite"": false, ""prep"": 3, ""min_up"": 0, ""min_down"": 0, ""repair_until"": 8565, ""runtime"": 7247, ""demands"": 6}, {""healthy"": true, ""running"": true, ""pending"": false, ""onsite"": false, ""prep"": 3, ""min_up"": 0, ""min_down"": 0, ""repair_until"": 8631, ""runtime"": 8152, ""demands"": 4}, {""healthy"": true, ""running"": true, ""pending"": false, ""onsite"": false, ""prep"": 3, ""min_up"": 0, ""min_down"": 0, ""repair_until"": 5218, ""runtime"": 7710, ""demands"": 7}, {""healthy"": true, ""running"": false, ""pending"": false, ""onsite"": false, ""prep"": 3, ""min_up"": 0, ""min_down"": 0, ""repair_until"": 8667, ""runtime"": 4150, ""demands"": 8}], ""other_repair_until"": {""wind"": [7826, 4710, -1000000000000000, 5999, 3440], ""pv"": [-1000000000000000, 6040, 539], ""pcs"": [-1000000000000000, -1000000000000000, -1000000000000000, 5453]}}, ""energy_inventory_change_kwh"": 0.0, ""forecast_basis"": ""current_measurements_only"", ""dump_load_kw"": 0, ""repair_clock"": ""calendar_reference"", ""operating_cost_basis"": ""same_executed_policy""}",3494086.7911624466,load_first_three_online,holdout,0,2026091702,"{""wind"": 5, ""pv"": 3, ""diesel"": 4, ""battery_energy"": 20, ""pcs"": 4}",True,0.0078125
,"holdout:(5, 3, 4, 20, 4):c1b16c40e93d24d01996b4bd81ccf0b9d616e7bef83b01e34c8697540ee6de0f:1",0.0,"{""shed_hours"": 0.0, ""longest_shed_hours"": 0.0, ""heater_kwh"": 70967.61078027803, ""diesel_kwh"": 1050456.6344617936, ""diesel_fuel_kg"": 233434.8076581949, ""battery_discharge_kwh"": 592.3861112444459, ""battery_charge_kwh"": 764.9614039830121, ""starts"": 24.0, ""start_failures"": 0.0, ""diesel_run_failures"": 16.0, ""diesel_online_hours"": 26255.0, ""wind_failures"": 5.0, ""pv_failures"": 2.0, ""pcs_failures"": 0.0, ""wind_protective_stop_hours"": 31.0, ""wait_access_unit_hours"": 21.0, ""wait_crew_unit_hours"": 0.0, ""wait_prep_unit_hours"": 24.0, ""wait_heat_unit_hours"": 0.0, ""unserved_heater_command_kwh"": 0.0, ""max_balance_residual_kw"": 2.842170943040401e-14, ""max_soc_residual_kwh"": 5.684341886080802e-14, ""initial_state"": {""energy_kwh"": 850.0, ""temperatures_c"": [5.0, 5.0, 5.0, 5.0], ""online"": 3, ""diesel_states"": [{""healthy"": true, ""running"": true, ""pending"": false, ""onsite"": false, ""prep"": 3, ""min_up"": 0, ""min_down"": 0, ""repair_until"": -1, ""runtime"": 333, ""demands"": 1}, {""healthy"": true, ""running"": true, ""pending"": false, ""onsite"": false, ""prep"": 3, ""min_up"": 0, ""min_down"": 0, ""repair_until"": -1, ""runtime"": 329, ""demands"": 1}, {""healthy"": true, ""running"": false, ""pending"": false, ""onsite"": false, ""prep"": 3, ""min_up"": 0, ""min_down"": 0, ""repair_until"": -37, ""runtime"": 265, ""demands"": 1}, {""healthy"": true, ""running"": true, ""pending"": false, ""onsite"": false, ""prep"": 3, ""min_up"": 0, ""min_down"": 0, ""repair_until"": -1, ""runtime"": 57, ""demands"": 1}]}, ""final_state"": {""energy_kwh"": 850.0, ""temperatures_c"": [5.0, 5.0, 5.0, 5.0], ""online"": 3, ""diesel_states"": [{""healthy"": true, ""running"": false, ""pending"": false, ""onsite"": false, ""prep"": 3, ""min_up"": 0, ""min_down"": 0, ""repair_until"": 8749, ""runtime"": 7565, ""demands"": 4}, {""healthy"": true, ""running"": true, ""pending"": false, ""onsite"": false, ""prep"": 3, ""min_up"": 0, ""min_down"": 0, ""repair_until"": 8000, ""runtime"": 7301, ""demands"": 7}, {""healthy"": true, ""running"": true, ""pending"": false, ""onsite"": false, ""prep"": 3, ""min_up"": 0, ""min_down"": 0, ""repair_until"": 6586, ""runtime"": 4722, ""demands"": 10}, {""healthy"": true, ""running"": true, ""pending"": false, ""onsite"": false, ""prep"": 3, ""min_up"": 0, ""min_down"": 0, ""repair_until"": 5308, ""runtime"": 7651, ""demands"": 7}], ""other_repair_until"": {""wind"": [-1000000000000000, 3156, 3028, 2767, 3485], ""pv"": [1953, -1000000000000000, 5652], ""pcs"": [-1000000000000000, -1000000000000000, -1000000000000000, -1000000000000000]}}, ""energy_inventory_change_kwh"": 0.0, ""forecast_basis"": ""current_measurements_only"", ""dump_load_kw"": 0, ""repair_clock"": ""calendar_reference"", ""operating_cost_basis"": ""same_executed_policy""}",3501522.114872628,load_first_three_online,holdout,1,2026091702,"{""wind"": 5, ""pv"": 3, ""diesel"": 4, ""battery_energy"": 20, ""pcs"": 4}",True,0.0078125
,"holdout:(5, 3, 4, 20, 4):c1b16c40e93d24d01996b4bd81ccf0b9d616e7bef83b01e34c8697540ee6de0f:2",0.0,"{""shed_hours"": 0.0, ""longest_shed_hours"": 0.0, ""heater_kwh"": 70967.61078027803, ""diesel_kwh"": 1048009.4031327019, ""diesel_fuel_kg"": 232890.97847394997, ""battery_discharge_kwh"": 781.7994446444455, ""battery_charge_kwh"": 1009.5550679809464, ""starts"": 20.0, ""start_failures"": 0.0, ""diesel_run_failures"": 13.0, ""diesel_online_hours"": 26227.0, ""wind_failures"": 4.0, ""pv_failures"": 1.0, ""pcs_failures"": 0.0, ""wind_protective_stop_hours"": 31.0, ""wait_access_unit_hours"": 0.0, ""wait_crew_unit_hours"": 0.0, ""wait_prep_unit_hours"": 21.0, ""wait_heat_unit_hours"": 0.0, ""unserved_heater_command_kwh"": 0.0, ""max_balance_residual_kw"": 2.842170943040401e-14, ""max_soc_residual_kwh"": 5.684341886080802e-14, ""initial_state"": {""energy_kwh"": 850.0, ""temperatures_c"": [5.0, 5.0, 5.0, 5.0], ""online"": 3, ""diesel_states"": [{""healthy"": true, ""running"": false, ""pending"": false, ""onsite"": false, ""prep"": 3, ""min_up"": 0, ""min_down"": 0, ""repair_until"": -287, ""runtime"": 36, ""demands"": 1}, {""healthy"": true, ""running"": true, ""pending"": false, ""onsite"": false, ""prep"": 3, ""min_up"": 0, ""min_down"": 0, ""repair_until"": -1, ""runtime"": 329, ""demands"": 1}, {""healthy"": true, ""running"": true, ""pending"": false, ""onsite"": false, ""prep"": 3, ""min_up"": 0, ""min_down"": 0, ""repair_until"": -1, ""runtime"": 325, ""demands"": 1}, {""healthy"": true, ""running"": true, ""pending"": false, ""onsite"": false, ""prep"": 3, ""min_up"": 0, ""min_down"": 0, ""repair_until"": -1, ""runtime"": 294, ""demands"": 1}]}, ""final_state"": {""energy_kwh"": 850.0, ""temperatures_c"": [5.0, 5.0, 5.0, 5.0], ""online"": 3, ""diesel_states"": [{""healthy"": true, ""running"": true, ""pending"": false, ""onsite"": false, ""prep"": 3, ""min_up"": 0, ""min_down"": 0, ""repair_until"": 8378, ""runtime"": 4387, ""demands"": 5}, {""healthy"": true, ""running"": true, ""pending"": false, ""onsite"": false, ""prep"": 3, ""min_up"": 0, ""min_down"": 0, ""repair_until"": 5184, ""runtime"": 8558, ""demands"": 3}, {""healthy"": true, ""running"": true, ""pending"": false, ""onsite"": false, ""prep"": 3, ""min_up"": 0, ""min_down"": 0, ""repair_until"": 5915, ""runtime"": 7906, ""demands"": 7}, {""healthy"": true, ""running"": false, ""pending"": false, ""onsite"": false, ""prep"": 3, ""min_up"": 0, ""min_down"": 0, ""repair_until"": 8663, ""runtime"": 6360, ""demands"": 9}], ""other_repair_until"": {""wind"": [-1000000000000000, 8570, 4661, 2432, -1000000000000000], ""pv"": [-1000000000000000, -1000000000000000, 8258], ""pcs"": [-1000000000000000, -1000000000000000, -1000000000000000, -1000000000000000]}}, ""energy_inventory_change_kwh"": 0.0, ""forecast_basis"": ""current_measurements_only"", ""dump_load_kw"": 0, ""repair_clock"": ""calendar_reference"", ""operating_cost_basis"": ""same_executed_policy""}",3493364.677108986,load_first_three_online,holdout,2,2026091702,"{""wind"": 5, ""pv"": 3, ""diesel"": 4, ""battery_energy"": 20, ""pcs"": 4}",True,0.0078125
,"holdout:(5, 3, 4, 20, 4):c1b16c40e93d24d01996b4bd81ccf0b9d616e7bef83b01e34c8697540ee6de0f:3",0.0,"{""shed_hours"": 0.0, ""longest_shed_hours"": 0.0, ""heater_kwh"": 70907.1913363805, ""diesel_kwh"": 1041620.1768271021, ""diesel_fuel_kg"": 231471.15040603958, ""battery_discharge_kwh"": 296.3291667666683, ""battery_charge_kwh"": 382.65646534951816, ""starts"": 20.0, ""start_failures"": 0.0, ""diesel_run_failures"": 13.0, ""diesel_online_hours"": 26209.0, ""wind_failures"": 4.0, ""pv_failures"": 4.0, ""pcs_failures"": 0.0, ""wind_protective_stop_hours"": 31.0, ""wait_access_unit_hours"": 1.0, ""wait_crew_unit_hours"": 0.0, ""wait_prep_unit_hours"": 24.0, ""wait_heat_unit_hours"": 0.0, ""unserved_heater_command_kwh"": 0.0, ""max_balance_residual_kw"": 2.842170943040401e-14, ""max_soc_residual_kwh"": 5.684341886080802e-14, ""initial_state"": {""energy_kwh"": 850.0, ""temperatures_c"": [5.0, 5.0, 5.0, -0.4917950249892792], ""online"": 3, ""diesel_states"": [{""healthy"": true, ""running"": true, ""pending"": false, ""onsite"": false, ""prep"": 3, ""min_up"": 0, ""min_down"": 0, ""repair_until"": -1, ""runtime"": 333, ""demands"": 1}, {""healthy"": true, ""running"": true, ""pending"": false, ""onsite"": false, ""prep"": 3, ""min_up"": 0, ""min_down"": 0, ""repair_until"": -1, ""runtime"": 329, ""demands"": 1}, {""healthy"": true, ""running"": true, ""pending"": false, ""onsite"": false, ""prep"": 3, ""min_up"": 0, ""min_down"": 0, ""repair_until"": -1, ""runtime"": 325, ""demands"": 1}, {""healthy"": true, ""running"": false, ""pending"": false, ""onsite"": false, ""prep"": 0.0, ""min_up"": 0, ""min_down"": 0, ""repair_until"": -1, ""runtime"": 0, ""demands"": 0}]}, ""final_state"": {""energy_kwh"": 850.0, ""temperatures_c"": [5.0, 5.0, 5.0, 5.0], ""online"": 3, ""diesel_states"": [{""healthy"": true, ""running"": true, ""pending"": false, ""onsite"": false, ""prep"": 3, ""min_up"": 0, ""min_down"": 0, ""repair_until"": 5989, ""runtime"": 7543, ""demands"": 4}, {""healthy"": true, ""running"": true, ""pending"": false, ""onsite"": false, ""prep"": 3, ""min_up"": 0, ""min_down"": 0, ""repair_until"": 7463, ""runtime"": 8128, ""demands"": 4}, {""healthy"": true, ""running"": false, ""pending"": false, ""onsite"": false, ""prep"": 3, ""min_up"": 0, ""min_down"": 0, ""repair_until"": 7477, ""runtime"": 5644, ""demands"": 7}, {""healthy"": true, ""running"": true, ""pending"": false, ""onsite"": false, ""prep"": 3, ""min_up"": 0, ""min_down"": 0, ""repair_until"": 1981, ""runtime"": 5881, ""demands"": 8}], ""other_repair_until"": {""wind"": [3480, -1000000000000000, -1000000000000000, 6046, 6364], ""pv"": [3951, -1000000000000000, 5480], ""pcs"": [-1000000000000000, -1000000000000000, -1000000000000000, -1000000000000000]}}, ""energy_inventory_change_kwh"": 0.0, ""forecast_basis"": ""current_measurements_only"", ""dump_load_kw"": 0, ""repair_clock"": ""calendar_reference"", ""operating_cost_basis"": ""same_executed_policy""}",3472067.256090321,load_first_three_online,holdout,3,2026091702,"{""wind"": 5, ""pv"": 3, ""diesel"": 4, ""battery_energy"": 20, ""pcs"": 4}",True,0.0078125
,"holdout:(5, 3, 4, 20, 4):c1b16c40e93d24d01996b4bd81ccf0b9d616e7bef83b01e34c8697540ee6de0f:4",0.0,"{""shed_hours"": 0.0, ""longest_shed_hours"": 0.0, ""heater_kwh"": 70967.61078027803, ""diesel_kwh"": 1044301.2751442244, ""diesel_fuel_kg"": 232066.95003206667, ""battery_discharge_kwh"": 436.4550001333349, ""battery_charge_kwh"": 563.6040807506895, ""starts"": 20.0, ""start_failures"": 0.0, ""diesel_run_failures"": 15.0, ""diesel_online_hours"": 26264.0, ""wind_failures"": 5.0, ""pv_failures"": 3.0, ""pcs_failures"": 0.0, ""wind_protective_stop_hours"": 31.0, ""wait_access_unit_hours"": 0.0, ""wait_crew_unit_hours"": 0.0, ""wait_prep_unit_hours"": 15.0, ""wait_heat_unit_hours"": 0.0, ""unserved_heater_command_kwh"": 0.0, ""max_balance_residual_kw"": 2.842170943040401e-14, ""max_soc_residual_kwh"": 5.684341886080802e-14, ""initial_state"": {""energy_kwh"": 850.0, ""temperatures_c"": [5.0, 5.0, 5.0, 5.0], ""online"": 3, ""diesel_states"": [{""healthy"": true, ""running"": true, ""pending"": false, ""onsite"": false, ""prep"": 3, ""min_up"": 0, ""min_down"": 0, ""repair_until"": -1, ""runtime"": 333, ""demands"": 1}, {""healthy"": true, ""running"": false, ""pending"": false, ""onsite"": false, ""prep"": 3, ""min_up"": 0, ""min_down"": 0, ""repair_until"": -192, ""runtime"": 39, ""demands"": 1}, {""healthy"": true, ""running"": true, ""pending"": false, ""onsite"": false, ""prep"": 3, ""min_up"": 0, ""min_down"": 0, ""repair_until"": -1, ""runtime"": 325, ""demands"": 1}, {""healthy"": true, ""running"": true, ""pending"": false, ""onsite"": false, ""prep"": 3, ""min_up"": 0, ""min_down"": 0, ""repair_until"": -1, ""runtime"": 287, ""demands"": 1}]}, ""final_state"": {""energy_kwh"": 850.0, ""temperatures_c"": [5.0, 5.0, 5.0, 5.0], ""online"": 3, ""diesel_states"": [{""healthy"": true, ""running"": true, ""pending"": false, ""onsite"": false, ""prep"": 3, ""min_up"": 0, ""min_down"": 0, ""repair_until"": 5967, ""runtime"": 6891, ""demands"": 7}, {""healthy"": true, ""running"": true, ""pending"": false, ""onsite"": false, ""prep"": 3, ""min_up"": 0, ""min_down"": 0, ""repair_until"": 8129, ""runtime"": 6333, ""demands"": 7}, {""healthy"": true, ""running"": true, ""pending"": false, ""onsite"": false, ""prep"": 3, ""min_up"": 0, ""min_down"": 0, ""repair_until"": 6914, ""runtime"": 6388, ""demands"": 6}, {""healthy"": true, ""running"": false, ""pending"": false, ""onsite"": false, ""prep"": 3, ""min_up"": 0, ""min_down"": 0, ""repair_until"": 8646, ""runtime"": 7636, ""demands"": 4}], ""other_repair_until"": {""wind"": [8354, 4656, 4486, -1000000000000000, 6588], ""pv"": [-1000000000000000, 8593, 7736], ""pcs"": [-1000000000000000, -1000000000000000, -1000000000000000, -1000000000000000]}}, ""energy_inventory_change_kwh"": 0.0, ""forecast_basis"": ""current_measurements_only"", ""dump_load_kw"": 0, ""repair_clock"": ""calendar_reference"", ""operating_cost_basis"": ""same_executed_policy""}",3481004.250480726,load_first_three_online,holdout,4,2026091702,"{""wind"": 5, ""pv"": 3, ""diesel"": 4, ""battery_energy"": 20, ""pcs"": 4}",True,0.0078125
,"holdout:(5, 3, 4, 20, 4):c1b16c40e93d24d01996b4bd81ccf0b9d616e7bef83b01e34c8697540ee6de0f:5",0.0,"{""shed_hours"": 0.0, ""longest_shed_hours"": 0.0, ""heater_kwh"": 70967.61078027803, ""diesel_kwh"": 1042541.4495159667, ""diesel_fuel_kg"": 231675.87767023194, ""battery_discharge_kwh"": 328.65500013333497, ""battery_charge_kwh"": 424.39953529614377, ""starts"": 17.0, ""start_failures"": 0.0, ""diesel_run_failures"": 11.0, ""diesel_online_hours"": 26278.0, ""wind_failures"": 3.0, ""pv_failures"": 1.0, ""pcs_failures"": 0.0, ""wind_protective_stop_hours"": 31.0, ""wait_access_unit_hours"": 4.0, ""wait_crew_unit_hours"": 0.0, ""wait_prep_unit_hours"": 18.0, ""wait_heat_unit_hours"": 0.0, ""unserved_heater_command_kwh"": 0.0, ""max_balance_residual_kw"": 2.842170943040401e-14, ""max_soc_residual_kwh"": 5.684341886080802e-14, ""initial_state"": {""energy_kwh"": 850.0, ""temperatures_c"": [5.0, 5.0, 5.0, 5.0], ""online"": 3, ""diesel_states"": [{""healthy"": true, ""running"": false, ""pending"": false, ""onsite"": false, ""prep"": 3, ""min_up"": 0, ""min_down"": 0, ""repair_until"": -152, ""runtime"": 168, ""demands"": 1}, {""healthy"": true, ""running"": true, ""pending"": false, ""onsite"": false, ""prep"": 3, ""min_up"": 0, ""min_down"": 0, ""repair_until"": -1, ""runtime"": 329, ""demands"": 1}, {""healthy"": true, ""running"": true, ""pending"": false, ""onsite"": false, ""prep"": 3, ""min_up"": 0, ""min_down"": 0, ""repair_until"": -1, ""runtime"": 325, ""demands"": 1}, {""healthy"": true, ""running"": true, ""pending"": false, ""onsite"": false, ""prep"": 3, ""min_up"": 0, ""min_down"": 0, ""repair_until"": -1, ""runtime"": 162, ""demands"": 1}]}, ""final_state"": {""energy_kwh"": 850.0, ""temperatures_c"": [5.0, 5.0, 5.0, 5.0], ""online"": 3, ""diesel_states"": [{""healthy"": true, ""running"": true, ""pending"": false, ""onsite"": false, ""prep"": 3, ""min_up"": 0, ""min_down"": 0, ""repair_until"": 5534, ""runtime"": 7826, ""demands"": 4}, {""healthy"": true, ""running"": true, ""pending"": false, ""onsite"": false, ""prep"": 3, ""min_up"": 0, ""min_down"": 0, ""repair_until"": 7756, ""runtime"": 6810, ""demands"": 4}, {""healthy"": true, ""running"": true, ""pending"": false, ""onsite"": false, ""prep"": 3, ""min_up"": 0, ""min_down"": 0, ""repair_until"": 6014, ""runtime"": 7713, ""demands"": 6}, {""healthy"": true, ""running"": false, ""pending"": false, ""onsite"": false, ""prep"": 3, ""min_up"": 0, ""min_down"": 0, ""repair_until"": 8455, ""runtime"": 4913, ""demands"": 7}], ""other_repair_until"": {""wind"": [442, -1000000000000000, 2739, -1000000000000000, -1000000000000000], ""pv"": [7391, -1000000000000000, -1000000000000000], ""pcs"": [-1000000000000000, -1000000000000000, -1000000000000000, -1000000000000000]}}, ""energy_inventory_change_kwh"": 0.0, ""forecast_basis"": ""current_measurements_only"", ""dump_load_kw"": 0, ""repair_clock"": ""calendar_reference"", ""operating_cost_basis"": ""same_executed_policy""}",3475138.1650532004,load_first_three_online,holdout,5,2026091702,"{""wind"": 5, ""pv"": 3, ""diesel"": 4, ""battery_energy"": 20, ""pcs"": 4}",True,0.0078125
,"holdout:(5, 3, 4, 20, 4):c1b16c40e93d24d01996b4bd81ccf0b9d616e7bef83b01e34c8697540ee6de0f:6",0.0,"{""shed_hours"": 0.0, ""longest_shed_hours"": 0.0, ""heater_kwh"": 70779.37263153127, ""diesel_kwh"": 1042714.7848706028, ""diesel_fuel_kg"": 231714.39663792844, ""battery_discharge_kwh"": 446.0083334666682, ""battery_charge_kwh"": 575.9405132575762, ""starts"": 25.0, ""start_failures"": 0.0, ""diesel_run_failures"": 18.0, ""diesel_online_hours"": 26258.0, ""wind_failures"": 7.0, ""pv_failures"": 2.0, ""pcs_failures"": 1.0, ""wind_protective_stop_hours"": 31.0, ""wait_access_unit_hours"": 0.0, ""wait_crew_unit_hours"": 0.0, ""wait_prep_unit_hours"": 24.0, ""wait_heat_unit_hours"": 0.0, ""unserved_heater_command_kwh"": 0.0, ""max_balance_residual_kw"": 2.842170943040401e-14, ""max_soc_residual_kwh"": 5.684341886080802e-14, ""initial_state"": {""energy_kwh"": 850.0, ""temperatures_c"": [5.0, 5.0, 5.0, -0.4917950249892792], ""online"": 3, ""diesel_states"": [{""healthy"": true, ""running"": true, ""pending"": false, ""onsite"": false, ""prep"": 3, ""min_up"": 0, ""min_down"": 0, ""repair_until"": -1, ""runtime"": 333, ""demands"": 1}, {""healthy"": true, ""running"": true, ""pending"": false, ""onsite"": false, ""prep"": 3, ""min_up"": 0, ""min_down"": 0, ""repair_until"": -1, ""runtime"": 329, ""demands"": 1}, {""healthy"": true, ""running"": true, ""pending"": false, ""onsite"": false, ""prep"": 3, ""min_up"": 0, ""min_down"": 0, ""repair_until"": -1, ""runtime"": 325, ""demands"": 1}, {""healthy"": true, ""running"": false, ""pending"": false, ""onsite"": false, ""prep"": 0.0, ""min_up"": 0, ""min_down"": 0, ""repair_until"": -1, ""runtime"": 0, ""demands"": 0}]}, ""final_state"": {""energy_kwh"": 850.0, ""temperatures_c"": [5.0, 5.0, 5.0, 5.0], ""online"": 3, ""diesel_states"": [{""healthy"": true, ""running"": true, ""pending"": false, ""onsite"": false, ""prep"": 3, ""min_up"": 0, ""min_down"": 0, ""repair_until"": 4552, ""runtime"": 7479, ""demands"": 6}, {""healthy"": true, ""running"": true, ""pending"": false, ""onsite"": false, ""prep"": 3, ""min_up"": 0, ""min_down"": 0, ""repair_until"": 8184, ""runtime"": 6171, ""demands"": 7}, {""healthy"": true, ""running"": true, ""pending"": false, ""onsite"": false, ""prep"": 3, ""min_up"": 0, ""min_down"": 0, ""repair_until"": 8167, ""runtime"": 6598, ""demands"": 8}, {""healthy"": true, ""running"": false, ""pending"": false, ""onsite"": false, ""prep"": 3, ""min_up"": 0, ""min_down"": 0, ""repair_until"": 8518, ""runtime"": 6997, ""demands"": 7}], ""other_repair_until"": {""wind"": [8339, 8784, -1000000000000000, -1000000000000000, 497], ""pv"": [-1000000000000000, 3887, -1000000000000000], ""pcs"": [-1000000000000000, -1000000000000000, 7200, -1000000000000000]}}, ""energy_inventory_change_kwh"": 0.0, ""forecast_basis"": ""current_measurements_only"", ""dump_load_kw"": 0, ""repair_clock"": ""calendar_reference"", ""operating_cost_basis"": ""same_executed_policy""}",3475715.9495686553,load_first_three_online,holdout,6,2026091702,"{""wind"": 5, ""pv"": 3, ""diesel"": 4, ""battery_energy"": 20, ""pcs"": 4}",True,0.0078125
,"holdout:(5, 3, 4, 20, 4):c1b16c40e93d24d01996b4bd81ccf0b9d616e7bef83b01e34c8697540ee6de0f:7",0.0,"{""shed_hours"": 0.0, ""longest_shed_hours"": 0.0, ""heater_kwh"": 70967.61078027803, ""diesel_kwh"": 1046765.7676145014, ""diesel_fuel_kg"": 232614.6150254613, ""battery_discharge_kwh"": 531.7711112111126, ""battery_charge_kwh"": 686.6879018738525, ""starts"": 22.0, ""start_failures"": 0.0, ""diesel_run_failures"": 16.0, ""diesel_online_hours"": 26237.0, ""wind_failures"": 9.0, ""pv_failures"": 3.0, ""pcs_failures"": 0.0, ""wind_protective_stop_hours"": 31.0, ""wait_access_unit_hours"": 0.0, ""wait_crew_unit_hours"": 0.0, ""wait_prep_unit_hours"": 18.0, ""wait_heat_unit_hours"": 0.0, ""unserved_heater_command_kwh"": 0.0, ""max_balance_residual_kw"": 2.842170943040401e-14, ""max_soc_residual_kwh"": 5.684341886080802e-14, ""initial_state"": {""energy_kwh"": 850.0, ""temperatures_c"": [5.0, 5.0, 5.0, 5.0], ""online"": 3, ""diesel_states"": [{""healthy"": true, ""running"": false, ""pending"": false, ""onsite"": false, ""prep"": 3, ""min_up"": 0, ""min_down"": 0, ""repair_until"": -20, ""runtime"": 248, ""demands"": 1}, {""healthy"": true, ""running"": true, ""pending"": false, ""onsite"": false, ""prep"": 3, ""min_up"": 0, ""min_down"": 0, ""repair_until"": -1, ""runtime"": 329, ""demands"": 1}, {""healthy"": true, ""running"": true, ""pending"": false, ""onsite"": false, ""prep"": 3, ""min_up"": 0, ""min_down"": 0, ""repair_until"": -1, ""runtime"": 325, ""demands"": 1}, {""healthy"": true, ""running"": true, ""pending"": false, ""onsite"": false, ""prep"": 3, ""min_up"": 0, ""min_down"": 0, ""repair_until"": -1, ""runtime"": 82, ""demands"": 1}]}, ""final_state"": {""energy_kwh"": 850.0, ""temperatures_c"": [5.0, 5.0, 5.0, 5.0], ""online"": 3, ""diesel_states"": [{""healthy"": true, ""running"": true, ""pending"": false, ""onsite"": false, ""prep"": 3, ""min_up"": 0, ""min_down"": 0, ""repair_until"": 7784, ""runtime"": 4706, ""demands"": 7}, {""healthy"": true, ""running"": true, ""pending"": false, ""onsite"": false, ""prep"": 3, ""min_up"": 0, ""min_down"": 0, ""repair_until"": 7565, ""runtime"": 7873, ""demands"": 4}, {""healthy"": true, ""running"": true, ""pending"": false, ""onsite"": false, ""prep"": 3, ""min_up"": 0, ""min_down"": 0, ""repair_until"": 7427, ""runtime"": 7628, ""demands"": 7}, {""healthy"": true, ""running"": false, ""pending"": false, ""onsite"": false, ""prep"": 3, ""min_up"": 0, ""min_down"": 0, ""repair_until"": 8531, ""runtime"": 7014, ""demands"": 8}], ""other_repair_until"": {""wind"": [7506, 4913, 8157, 7567, 1434], ""pv"": [4723, 6757, 1715], ""pcs"": [-1000000000000000, -1000000000000000, -1000000000000000, -1000000000000000]}}, ""energy_inventory_change_kwh"": 0.0, ""forecast_basis"": ""current_measurements_only"", ""dump_load_kw"": 0, ""repair_clock"": ""calendar_reference"", ""operating_cost_basis"": ""same_executed_policy""}",3489219.2253816547,load_first_three_online,holdout,7,2026091702,"{""wind"": 5, ""pv"": 3, ""diesel"": 4, ""battery_energy"": 20, ""pcs"": 4}",True,0.0078125
,"holdout:(5, 3, 4, 20, 4):c1b16c40e93d24d01996b4bd81ccf0b9d616e7bef83b01e34c8697540ee6de0f:8",0.0,"{""shed_hours"": 0.0, ""longest_shed_hours"": 0.0, ""heater_kwh"": 70967.61078027803, ""diesel_kwh"": 1048034.4394616237, ""diesel_fuel_kg"": 232896.5421025994, ""battery_discharge_kwh"": 482.45500013333515, ""battery_charge_kwh"": 623.0049071969702, ""starts"": 25.0, ""start_failures"": 0.0, ""diesel_run_failures"": 17.0, ""diesel_online_hours"": 26270.0, ""wind_failures"": 3.0, ""pv_failures"": 3.0, ""pcs_failures"": 1.0, ""wind_protective_stop_hours"": 31.0, ""wait_access_unit_hours"": 0.0, ""wait_crew_unit_hours"": 0.0, ""wait_prep_unit_hours"": 24.0, ""wait_heat_unit_hours"": 0.0, ""unserved_heater_command_kwh"": 0.0, ""max_balance_residual_kw"": 2.842170943040401e-14, ""max_soc_residual_kwh"": 5.684341886080802e-14, ""initial_state"": {""energy_kwh"": 850.0, ""temperatures_c"": [5.0, 5.0, 5.0, 5.0], ""online"": 3, ""diesel_states"": [{""healthy"": true, ""running"": false, ""pending"": false, ""onsite"": false, ""prep"": 3, ""min_up"": 0, ""min_down"": 0, ""repair_until"": -101, ""runtime"": 200, ""demands"": 1}, {""healthy"": true, ""running"": true, ""pending"": false, ""onsite"": false, ""prep"": 3, ""min_up"": 0, ""min_down"": 0, ""repair_until"": -109, ""runtime"": 315, ""demands"": 2}, {""healthy"": true, ""running"": true, ""pending"": false, ""onsite"": false, ""prep"": 3, ""min_up"": 0, ""min_down"": 0, ""repair_until"": -1, ""runtime"": 325, ""demands"": 1}, {""healthy"": true, ""running"": true, ""pending"": false, ""onsite"": false, ""prep"": 3, ""min_up"": 0, ""min_down"": 0, ""repair_until"": -1, ""runtime"": 130, ""demands"": 1}]}, ""final_state"": {""energy_kwh"": 850.0, ""temperatures_c"": [5.0, 5.0, 5.0, 5.0], ""online"": 3, ""diesel_states"": [{""healthy"": true, ""running"": false, ""pending"": false, ""onsite"": false, ""prep"": 3, ""min_up"": 0, ""min_down"": 0, ""repair_until"": 8590, ""runtime"": 6822, ""demands"": 7}, {""healthy"": true, ""running"": true, ""pending"": false, ""onsite"": false, ""prep"": 3, ""min_up"": 0, ""min_down"": 0, ""repair_until"": 5747, ""runtime"": 7655, ""demands"": 5}, {""healthy"": true, ""running"": true, ""pending"": false, ""onsite"": false, ""prep"": 3, ""min_up"": 0, ""min_down"": 0, ""repair_until"": 8570, ""runtime"": 7096, ""demands"": 9}, {""healthy"": true, ""running"": true, ""pending"": false, ""onsite"": false, ""prep"": 3, ""min_up"": 0, ""min_down"": 0, ""repair_until"": 3407, ""runtime"": 5667, ""demands"": 9}], ""other_repair_until"": {""wind"": [-1000000000000000, -1000000000000000, 8607, 8575, 7848], ""pv"": [8978, 9072, 1468], ""pcs"": [-1000000000000000, 2768, -1000000000000000, -1000000000000000]}}, ""energy_inventory_change_kwh"": 0.0, ""forecast_basis"": ""current_measurements_only"", ""dump_load_kw"": 0, ""repair_clock"": ""calendar_reference"", ""operating_cost_basis"": ""same_executed_policy""}",3493448.1315387227,load_first_three_online,holdout,8,2026091702,"{""wind"": 5, ""pv"": 3, ""diesel"": 4, ""battery_energy"": 20, ""pcs"": 4}",True,0.0078125
,"holdout:(5, 3, 4, 20, 4):c1b16c40e93d24d01996b4bd81ccf0b9d616e7bef83b01e34c8697540ee6de0f:9",1332.552222322222,"{""shed_hours"": 33.0, ""longest_shed_hours"": 33, ""heater_kwh"": 70476.72814634243, ""diesel_kwh"": 1041325.5367472848, ""diesel_fuel_kg"": 231405.67483274578, ""battery_discharge_kwh"": 1265.0761111777797, ""battery_charge_kwh"": 1633.6210113349407, ""starts"": 21.0, ""start_failures"": 0.0, ""diesel_run_failures"": 16.0, ""diesel_online_hours"": 26177.0, ""wind_failures"": 6.0, ""pv_failures"": 1.0, ""pcs_failures"": 0.0, ""wind_protective_stop_hours"": 31.0, ""wait_access_unit_hours"": 0.0, ""wait_crew_unit_hours"": 0.0, ""wait_prep_unit_hours"": 15.0, ""wait_heat_unit_hours"": 24.0, ""unserved_heater_command_kwh"": 1521.1965930773015, ""max_balance_residual_kw"": 2.842170943040401e-14, ""max_soc_residual_kwh"": 5.684341886080802e-14, ""initial_state"": {""energy_kwh"": 850.0, ""temperatures_c"": [5.0, 5.0, 5.0, 5.0], ""online"": 3, ""diesel_states"": [{""healthy"": true, ""running"": false, ""pending"": false, ""onsite"": false, ""prep"": 3, ""min_up"": 0, ""min_down"": 0, ""repair_until"": -79, ""runtime"": 238, ""demands"": 1}, {""healthy"": true, ""running"": true, ""pending"": false, ""onsite"": false, ""prep"": 3, ""min_up"": 0, ""min_down"": 0, ""repair_until"": -1, ""runtime"": 329, ""demands"": 1}, {""healthy"": true, ""running"": true, ""pending"": false, ""onsite"": false, ""prep"": 3, ""min_up"": 0, ""min_down"": 0, ""repair_until"": -1, ""runtime"": 325, ""demands"": 1}, {""healthy"": true, ""running"": true, ""pending"": false, ""onsite"": false, ""prep"": 3, ""min_up"": 0, ""min_down"": 0, ""repair_until"": -1, ""runtime"": 92, ""demands"": 1}]}, ""final_state"": {""energy_kwh"": 850.0, ""temperatures_c"": [5.0, 5.0, 5.0, 5.0], ""online"": 3, ""diesel_states"": [{""healthy"": true, ""running"": true, ""pending"": false, ""onsite"": false, ""prep"": 3, ""min_up"": 0, ""min_down"": 0, ""repair_until"": 7656, ""runtime"": 6040, ""demands"": 7}, {""healthy"": true, ""running"": false, ""pending"": false, ""onsite"": false, ""prep"": 3, ""min_up"": 0, ""min_down"": 0, ""repair_until"": 8276, ""runtime"": 8338, ""demands"": 2}, {""healthy"": true, ""running"": true, ""pending"": false, ""onsite"": false, ""prep"": 3, ""min_up"": 0, ""min_down"": 0, ""repair_until"": 6339, ""runtime"": 6672, ""demands"": 9}, {""healthy"": true, ""running"": true, ""pending"": false, ""onsite"": false, ""prep"": 3, ""min_up"": 0, ""min_down"": 0, ""repair_until"": 7280, ""runtime"": 6111, ""demands"": 7}], ""other_repair_until"": {""wind"": [6925, 5239, 1950, 7348, -1000000000000000], ""pv"": [-1000000000000000, -1000000000000000, 7615], ""pcs"": [-1000000000000000, -1000000000000000, -1000000000000000, -1000000000000000]}}, ""energy_inventory_change_kwh"": 0.0, ""forecast_basis"": ""current_measurements_only"", ""dump_load_kw"": 0, ""repair_clock"": ""calendar_reference"", ""operating_cost_basis"": ""same_executed_policy""}",3471085.1224909327,load_first_three_online,holdout,9,2026091702,"{""wind"": 5, ""pv"": 3, ""diesel"": 4, ""battery_energy"": 20, ""pcs"": 4}",True,0.0078125
,"holdout:(5, 3, 4, 20, 4):c1b16c40e93d24d01996b4bd81ccf0b9d616e7bef83b01e34c8697540ee6de0f:10",0.0,"{""shed_hours"": 0.0, ""longest_shed_hours"": 0.0, ""heater_kwh"": 70959.98923576213, ""diesel_kwh"": 1041240.1146841932, ""diesel_fuel_kg"": 231386.69215205946, ""battery_discharge_kwh"": 657.6716668333346, ""battery_charge_kwh"": 849.2660987000694, ""starts"": 25.0, ""start_failures"": 0.0, ""diesel_run_failures"": 18.0, ""diesel_online_hours"": 26243.0, ""wind_failures"": 2.0, ""pv_failures"": 2.0, ""pcs_failures"": 0.0, ""wind_protective_stop_hours"": 31.0, ""wait_access_unit_hours"": 9.0, ""wait_crew_unit_hours"": 0.0, ""wait_prep_unit_hours"": 24.0, ""wait_heat_unit_hours"": 0.0, ""unserved_heater_command_kwh"": 0.0, ""max_balance_residual_kw"": 2.842170943040401e-14, ""max_soc_residual_kwh"": 5.684341886080802e-14, ""initial_state"": {""energy_kwh"": 850.0, ""temperatures_c"": [5.0, 5.0, 5.0, -0.4917950249892792], ""online"": 3, ""diesel_states"": [{""healthy"": true, ""running"": true, ""pending"": false, ""onsite"": false, ""prep"": 3, ""min_up"": 0, ""min_down"": 0, ""repair_until"": -1, ""runtime"": 333, ""demands"": 1}, {""healthy"": true, ""running"": true, ""pending"": false, ""onsite"": false, ""prep"": 3, ""min_up"": 0, ""min_down"": 0, ""repair_until"": -1, ""runtime"": 329, ""demands"": 1}, {""healthy"": true, ""running"": true, ""pending"": false, ""onsite"": false, ""prep"": 3, ""min_up"": 0, ""min_down"": 0, ""repair_until"": -1, ""runtime"": 325, ""demands"": 1}, {""healthy"": true, ""running"": false, ""pending"": false, ""onsite"": false, ""prep"": 0.0, ""min_up"": 0, ""min_down"": 0, ""repair_until"": -1, ""runtime"": 0, ""demands"": 0}]}, ""final_state"": {""energy_kwh"": 850.0, ""temperatures_c"": [5.0, 5.0, 5.0, 5.0], ""online"": 3, ""diesel_states"": [{""healthy"": true, ""running"": true, ""pending"": false, ""onsite"": false, ""prep"": 3, ""min_up"": 0, ""min_down"": 0, ""repair_until"": 6071, ""runtime"": 7243, ""demands"": 5}, {""healthy"": true, ""running"": true, ""pending"": false, ""onsite"": false, ""prep"": 3, ""min_up"": 0, ""min_down"": 0, ""repair_until"": 8167, ""runtime"": 8554, ""demands"": 6}, {""healthy"": true, ""running"": false, ""pending"": false, ""onsite"": false, ""prep"": 3, ""min_up"": 0, ""min_down"": 0, ""repair_until"": 8369, ""runtime"": 5493, ""demands"": 8}, {""healthy"": true, ""running"": true, ""pending"": false, ""onsite"": false, ""prep"": 3, ""min_up"": 0, ""min_down"": 0, ""repair_until"": 7707, ""runtime"": 5940, ""demands"": 9}], ""other_repair_until"": {""wind"": [-1000000000000000, 8672, 7818, -1000000000000000, -1000000000000000], ""pv"": [6210, -1000000000000000, 5272], ""pcs"": [-1000000000000000, -1000000000000000, -1000000000000000, -1000000000000000]}}, ""energy_inventory_change_kwh"": 0.0, ""forecast_basis"": ""current_measurements_only"", ""dump_load_kw"": 0, ""repair_clock"": ""calendar_reference"", ""operating_cost_basis"": ""same_executed_policy""}",3470800.3822806277,load_first_three_online,holdout,10,2026091702,"{""wind"": 5, ""pv"": 3, ""diesel"": 4, ""battery_energy"": 20, ""pcs"": 4}",True,0.0078125
,"holdout:(5, 3, 4, 20, 4):c1b16c40e93d24d01996b4bd81ccf0b9d616e7bef83b01e34c8697540ee6de0f:11",0.0,"{""shed_hours"": 0.0, ""longest_shed_hours"": 0.0, ""heater_kwh"": 70967.61078027803, ""diesel_kwh"": 1044680.5060757077, ""diesel_fuel_kg"": 232151.22357239618, ""battery_discharge_kwh"": 516.3883334333349, ""battery_charge_kwh"": 666.8237776773424, ""starts"": 18.0, ""start_failures"": 0.0, ""diesel_run_failures"": 13.0, ""diesel_online_hours"": 26281.0, ""wind_failures"": 9.0, ""pv_failures"": 0.0, ""pcs_failures"": 0.0, ""wind_protective_stop_hours"": 31.0, ""wait_access_unit_hours"": 0.0, ""wait_crew_unit_hours"": 0.0, ""wait_prep_unit_hours"": 15.0, ""wait_heat_unit_hours"": 0.0, ""unserved_heater_command_kwh"": 0.0, ""max_balance_residual_kw"": 2.842170943040401e-14, ""max_soc_residual_kwh"": 5.684341886080802e-14, ""initial_state"": {""energy_kwh"": 850.0, ""temperatures_c"": [5.0, 5.0, 5.0, 5.0], ""online"": 3, ""diesel_states"": [{""healthy"": true, ""running"": true, ""pending"": false, ""onsite"": false, ""prep"": 3, ""min_up"": 0, ""min_down"": 0, ""repair_until"": -307, ""runtime"": 241, ""demands"": 2}, {""healthy"": true, ""running"": true, ""pending"": false, ""onsite"": false, ""prep"": 3, ""min_up"": 0, ""min_down"": 0, ""repair_until"": -1, ""runtime"": 329, ""demands"": 1}, {""healthy"": true, ""running"": false, ""pending"": false, ""onsite"": false, ""prep"": 3, ""min_up"": 0, ""min_down"": 0, ""repair_until"": -232, ""runtime"": 91, ""demands"": 1}, {""healthy"": true, ""running"": true, ""pending"": false, ""onsite"": false, ""prep"": 3, ""min_up"": 0, ""min_down"": 0, ""repair_until"": -1, ""runtime"": 321, ""demands"": 1}]}, ""final_state"": {""energy_kwh"": 850.0, ""temperatures_c"": [5.0, 5.0, 5.0, 5.0], ""online"": 3, ""diesel_states"": [{""healthy"": true, ""running"": false, ""pending"": false, ""onsite"": false, ""prep"": 3, ""min_up"": 0, ""min_down"": 0, ""repair_until"": 8602, ""runtime"": 6353, ""demands"": 6}, {""healthy"": true, ""running"": true, ""pending"": false, ""onsite"": false, ""prep"": 3, ""min_up"": 0, ""min_down"": 0, ""repair_until"": 8025, ""runtime"": 8641, ""demands"": 2}, {""healthy"": true, ""running"": true, ""pending"": false, ""onsite"": false, ""prep"": 3, ""min_up"": 0, ""min_down"": 0, ""repair_until"": 8504, ""runtime"": 5203, ""demands"": 8}, {""healthy"": true, ""running"": true, ""pending"": false, ""onsite"": false, ""prep"": 3, ""min_up"": 0, ""min_down"": 0, ""repair_until"": 5688, ""runtime"": 7066, ""demands"": 7}], ""other_repair_until"": {""wind"": [-1000000000000000, 5413, 7735, 6645, 7652], ""pv"": [-1000000000000000, -1000000000000000, -1000000000000000], ""pcs"": [-1000000000000000, -1000000000000000, -1000000000000000, -1000000000000000]}}, ""energy_inventory_change_kwh"": 0.0, ""forecast_basis"": ""current_measurements_only"", ""dump_load_kw"": 0, ""repair_clock"": ""calendar_reference"", ""operating_cost_basis"": ""same_executed_policy""}",3482268.3535856684,load_first_three_online,holdout,11,2026091702,"{""wind"": 5, ""pv"": 3, ""diesel"": 4, ""battery_energy"": 20, ""pcs"": 4}",True,0.0078125
,"holdout:(5, 3, 4, 20, 4):c1b16c40e93d24d01996b4bd81ccf0b9d616e7bef83b01e34c8697540ee6de0f:12",0.0,"{""shed_hours"": 0.0, ""longest_shed_hours"": 0.0, ""heater_kwh"": 70818.39532267439, ""diesel_kwh"": 1043480.1508320463, ""diesel_fuel_kg"": 231884.47796269422, ""battery_discharge_kwh"": 868.0094445777789, ""battery_charge_kwh"": 1120.879964589073, ""starts"": 25.0, ""start_failures"": 0.0, ""diesel_run_failures"": 18.0, ""diesel_online_hours"": 26241.0, ""wind_failures"": 6.0, ""pv_failures"": 2.0, ""pcs_failures"": 0.0, ""wind_protective_stop_hours"": 31.0, ""wait_access_unit_hours"": 16.0, ""wait_crew_unit_hours"": 0.0, ""wait_prep_unit_hours"": 24.0, ""wait_heat_unit_hours"": 0.0, ""unserved_heater_command_kwh"": 0.0, ""max_balance_residual_kw"": 2.842170943040401e-14, ""max_soc_residual_kwh"": 5.684341886080802e-14, ""initial_state"": {""energy_kwh"": 850.0, ""temperatures_c"": [5.0, 5.0, 5.0, -0.4917950249892792], ""online"": 3, ""diesel_states"": [{""healthy"": true, ""running"": true, ""pending"": false, ""onsite"": false, ""prep"": 3, ""min_up"": 0, ""min_down"": 0, ""repair_until"": -1, ""runtime"": 333, ""demands"": 1}, {""healthy"": true, ""running"": true, ""pending"": false, ""onsite"": false, ""prep"": 3, ""min_up"": 0, ""min_down"": 0, ""repair_until"": -1, ""runtime"": 329, ""demands"": 1}, {""healthy"": true, ""running"": true, ""pending"": false, ""onsite"": false, ""prep"": 3, ""min_up"": 0, ""min_down"": 0, ""repair_until"": -1, ""runtime"": 325, ""demands"": 1}, {""healthy"": true, ""running"": false, ""pending"": false, ""onsite"": false, ""prep"": 0.0, ""min_up"": 0, ""min_down"": 0, ""repair_until"": -1, ""runtime"": 0, ""demands"": 0}]}, ""final_state"": {""energy_kwh"": 850.0, ""temperatures_c"": [5.0, 5.0, 5.0, 5.0], ""online"": 3, ""diesel_states"": [{""healthy"": true, ""running"": true, ""pending"": false, ""onsite"": false, ""prep"": 3, ""min_up"": 0, ""min_down"": 0, ""repair_until"": 6274, ""runtime"": 7515, ""demands"": 5}, {""healthy"": true, ""running"": true, ""pending"": false, ""onsite"": false, ""prep"": 3, ""min_up"": 0, ""min_down"": 0, ""repair_until"": 7444, ""runtime"": 7180, ""demands"": 5}, {""healthy"": true, ""running"": false, ""pending"": false, ""onsite"": false, ""prep"": 3, ""min_up"": 0, ""min_down"": 0, ""repair_until"": 8179, ""runtime"": 6380, ""demands"": 8}, {""healthy"": true, ""running"": true, ""pending"": false, ""onsite"": false, ""prep"": 3, ""min_up"": 0, ""min_down"": 0, ""repair_until"": 5824, ""runtime"": 6153, ""demands"": 10}], ""other_repair_until"": {""wind"": [-1000000000000000, 7386, 504, 7298, 2709], ""pv"": [-1000000000000000, -1000000000000000, 5214], ""pcs"": [-1000000000000000, -1000000000000000, -1000000000000000, -1000000000000000]}}, ""energy_inventory_change_kwh"": 0.0, ""forecast_basis"": ""current_measurements_only"", ""dump_load_kw"": 0, ""repair_clock"": ""calendar_reference"", ""operating_cost_basis"": ""same_executed_policy""}",3478267.1694401335,load_first_three_online,holdout,12,2026091702,"{""wind"": 5, ""pv"": 3, ""diesel"": 4, ""battery_energy"": 20, ""pcs"": 4}",True,0.0078125
,"holdout:(5, 3, 4, 20, 4):c1b16c40e93d24d01996b4bd81ccf0b9d616e7bef83b01e34c8697540ee6de0f:13",0.0,"{""shed_hours"": 0.0, ""longest_shed_hours"": 0.0, ""heater_kwh"": 70967.61078027803, ""diesel_kwh"": 1045552.6475482996, ""diesel_fuel_kg"": 232345.03278852886, ""battery_discharge_kwh"": 543.2850001333348, ""battery_charge_kwh"": 701.5560435606062, ""starts"": 20.0, ""start_failures"": 0.0, ""diesel_run_failures"": 13.0, ""diesel_online_hours"": 26278.0, ""wind_failures"": 4.0, ""pv_failures"": 1.0, ""pcs_failures"": 0.0, ""wind_protective_stop_hours"": 31.0, ""wait_access_unit_hours"": 0.0, ""wait_crew_unit_hours"": 0.0, ""wait_prep_unit_hours"": 21.0, ""wait_heat_unit_hours"": 0.0, ""unserved_heater_command_kwh"": 0.0, ""max_balance_residual_kw"": 2.842170943040401e-14, ""max_soc_residual_kwh"": 5.684341886080802e-14, ""initial_state"": {""energy_kwh"": 850.0, ""temperatures_c"": [5.0, 5.0, 5.0, 5.0], ""online"": 3, ""diesel_states"": [{""healthy"": true, ""running"": true, ""pending"": false, ""onsite"": false, ""prep"": 3, ""min_up"": 0, ""min_down"": 0, ""repair_until"": -1, ""runtime"": 333, ""demands"": 1}, {""healthy"": true, ""running"": true, ""pending"": false, ""onsite"": false, ""prep"": 3, ""min_up"": 0, ""min_down"": 0, ""repair_until"": -1, ""runtime"": 329, ""demands"": 1}, {""healthy"": true, ""running"": false, ""pending"": false, ""onsite"": false, ""prep"": 3, ""min_up"": 0, ""min_down"": 0, ""repair_until"": -80, ""runtime"": 185, ""demands"": 1}, {""healthy"": true, ""running"": true, ""pending"": false, ""onsite"": false, ""prep"": 3, ""min_up"": 0, ""min_down"": 0, ""repair_until"": -1, ""runtime"": 137, ""demands"": 1}]}, ""final_state"": {""energy_kwh"": 850.0, ""temperatures_c"": [5.0, 5.0, 5.0, 5.0], ""online"": 3, ""diesel_states"": [{""healthy"": true, ""running"": true, ""pending"": false, ""onsite"": false, ""prep"": 3, ""min_up"": 0, ""min_down"": 0, ""repair_until"": 5463, ""runtime"": 6768, ""demands"": 4}, {""healthy"": true, ""running"": false, ""pending"": false, ""onsite"": false, ""prep"": 3, ""min_up"": 0, ""min_down"": 0, ""repair_until"": 6623, ""runtime"": 4779, ""demands"": 6}, {""healthy"": true, ""running"": true, ""pending"": false, ""onsite"": false, ""prep"": 3, ""min_up"": 0, ""min_down"": 0, ""repair_until"": 6017, ""runtime"": 8052, ""demands"": 7}, {""healthy"": true, ""running"": true, ""pending"": false, ""onsite"": false, ""prep"": 3, ""min_up"": 0, ""min_down"": 0, ""repair_until"": 6118, ""runtime"": 7663, ""demands"": 7}], ""other_repair_until"": {""wind"": [-1000000000000000, -1000000000000000, 6746, 1089, 8022], ""pv"": [7133, -1000000000000000, -1000000000000000], ""pcs"": [-1000000000000000, -1000000000000000, -1000000000000000, -1000000000000000]}}, ""energy_inventory_change_kwh"": 0.0, ""forecast_basis"": ""current_measurements_only"", ""dump_load_kw"": 0, ""repair_clock"": ""calendar_reference"", ""operating_cost_basis"": ""same_executed_policy""}",3485175.491827647,load_first_three_online,holdout,13,2026091702,"{""wind"": 5, ""pv"": 3, ""diesel"": 4, ""battery_energy"": 20, ""pcs"": 4}",True,0.0078125
,"holdout:(5, 3, 4, 20, 4):c1b16c40e93d24d01996b4bd81ccf0b9d616e7bef83b01e34c8697540ee6de0f:14",1177.7897422630756,"{""shed_hours"": 40.0, ""longest_shed_hours"": 33, ""heater_kwh"": 70598.05990093343, ""diesel_kwh"": 1042920.8517988564, ""diesel_fuel_kg"": 231760.1892886509, ""battery_discharge_kwh"": 1826.4074802591476, ""battery_charge_kwh"": 2358.4807338057167, ""starts"": 30.0, ""start_failures"": 0.0, ""diesel_run_failures"": 21.0, ""diesel_online_hours"": 26159.0, ""wind_failures"": 8.0, ""pv_failures"": 3.0, ""pcs_failures"": 0.0, ""wind_protective_stop_hours"": 31.0, ""wait_access_unit_hours"": 0.0, ""wait_crew_unit_hours"": 0.0, ""wait_prep_unit_hours"": 27.0, ""wait_heat_unit_hours"": 36.0, ""unserved_heater_command_kwh"": 1883.8954354403302, ""max_balance_residual_kw"": 2.842170943040401e-14, ""max_soc_residual_kwh"": 5.684341886080802e-14, ""initial_state"": {""energy_kwh"": 850.0, ""temperatures_c"": [5.0, 5.0, 5.0, 5.0], ""online"": 3, ""diesel_states"": [{""healthy"": true, ""running"": true, ""pending"": false, ""onsite"": false, ""prep"": 3, ""min_up"": 0, ""min_down"": 0, ""repair_until"": -1, ""runtime"": 333, ""demands"": 1}, {""healthy"": true, ""running"": false, ""pending"": false, ""onsite"": false, ""prep"": 3, ""min_up"": 0, ""min_down"": 0, ""repair_until"": -168, ""runtime"": 146, ""demands"": 1}, {""healthy"": true, ""running"": true, ""pending"": false, ""onsite"": false, ""prep"": 3, ""min_up"": 0, ""min_down"": 0, ""repair_until"": -1, ""runtime"": 325, ""demands"": 1}, {""healthy"": true, ""running"": true, ""pending"": false, ""onsite"": false, ""prep"": 3, ""min_up"": 0, ""min_down"": 0, ""repair_until"": -1, ""runtime"": 180, ""demands"": 1}]}, ""final_state"": {""energy_kwh"": 850.0, ""temperatures_c"": [5.0, 5.0, 5.0, 5.0], ""online"": 3, ""diesel_states"": [{""healthy"": true, ""running"": true, ""pending"": false, ""onsite"": false, ""prep"": 3, ""min_up"": 0, ""min_down"": 0, ""repair_until"": 7273, ""runtime"": 7401, ""demands"": 7}, {""healthy"": true, ""running"": true, ""pending"": false, ""onsite"": false, ""prep"": 3, ""min_up"": 0, ""min_down"": 0, ""repair_until"": 6471, ""runtime"": 7517, ""demands"": 6}, {""healthy"": true, ""running"": false, ""pending"": false, ""onsite"": false, ""prep"": 3, ""min_up"": 0, ""min_down"": 0, ""repair_until"": 8561, ""runtime"": 6972, ""demands"": 10}, {""healthy"": true, ""running"": true, ""pending"": false, ""onsite"": false, ""prep"": 3, ""min_up"": 0, ""min_down"": 0, ""repair_until"": 8120, ""runtime"": 5253, ""demands"": 11}], ""other_repair_until"": {""wind"": [1855, 6839, 6997, 8499, 4850], ""pv"": [-1000000000000000, 8641, -1000000000000000], ""pcs"": [-1000000000000000, -1000000000000000, -1000000000000000, -1000000000000000]}}, ""energy_inventory_change_kwh"": 0.0, ""forecast_basis"": ""current_measurements_only"", ""dump_load_kw"": 0, ""repair_clock"": ""calendar_reference"", ""operating_cost_basis"": ""same_executed_policy""}",3476402.8393294956,load_first_three_online,holdout,14,2026091702,"{""wind"": 5, ""pv"": 3, ""diesel"": 4, ""battery_energy"": 20, ""pcs"": 4}",True,0.0078125
,"holdout:(5, 3, 4, 20, 4):c1b16c40e93d24d01996b4bd81ccf0b9d616e7bef83b01e34c8697540ee6de0f:15",0.0,"{""shed_hours"": 0.0, ""longest_shed_hours"": 0.0, ""heater_kwh"": 70967.61078027803, ""diesel_kwh"": 1050157.7520986327, ""diesel_fuel_kg"": 233368.38935526778, ""battery_discharge_kwh"": 613.3555557555567, ""battery_charge_kwh"": 792.039715593435, ""starts"": 34.0, ""start_failures"": 0.0, ""diesel_run_failures"": 27.0, ""diesel_online_hours"": 26235.0, ""wind_failures"": 13.0, ""pv_failures"": 1.0, ""pcs_failures"": 2.0, ""wind_protective_stop_hours"": 31.0, ""wait_access_unit_hours"": 5.0, ""wait_crew_unit_hours"": 0.0, ""wait_prep_unit_hours"": 21.0, ""wait_heat_unit_hours"": 0.0, ""unserved_heater_command_kwh"": 0.0, ""max_balance_residual_kw"": 2.842170943040401e-14, ""max_soc_residual_kwh"": 5.684341886080802e-14, ""initial_state"": {""energy_kwh"": 850.0, ""temperatures_c"": [5.0, 5.0, 5.0, 5.0], ""online"": 3, ""diesel_states"": [{""healthy"": true, ""running"": false, ""pending"": false, ""onsite"": false, ""prep"": 3, ""min_up"": 0, ""min_down"": 0, ""repair_until"": -86, ""runtime"": 210, ""demands"": 1}, {""healthy"": true, ""running"": true, ""pending"": false, ""onsite"": false, ""prep"": 3, ""min_up"": 0, ""min_down"": 0, ""repair_until"": -1, ""runtime"": 329, ""demands"": 1}, {""healthy"": true, ""running"": true, ""pending"": false, ""onsite"": false, ""prep"": 3, ""min_up"": 0, ""min_down"": 0, ""repair_until"": -1, ""runtime"": 325, ""demands"": 1}, {""healthy"": true, ""running"": true, ""pending"": false, ""onsite"": false, ""prep"": 3, ""min_up"": 0, ""min_down"": 0, ""repair_until"": -1, ""runtime"": 120, ""demands"": 1}]}, ""final_state"": {""energy_kwh"": 850.0, ""temperatures_c"": [5.0, 5.0, 5.0, 5.0], ""online"": 3, ""diesel_states"": [{""healthy"": true, ""running"": true, ""pending"": false, ""onsite"": false, ""prep"": 3, ""min_up"": 0, ""min_down"": 0, ""repair_until"": 4485, ""runtime"": 8672, ""demands"": 4}, {""healthy"": true, ""running"": true, ""pending"": false, ""onsite"": false, ""prep"": 3, ""min_up"": 0, ""min_down"": 0, ""repair_until"": 8029, ""runtime"": 7028, ""demands"": 10}, {""healthy"": true, ""running"": true, ""pending"": false, ""onsite"": false, ""prep"": 3, ""min_up"": 0, ""min_down"": 0, ""repair_until"": 8301, ""runtime"": 6183, ""demands"": 12}, {""healthy"": true, ""running"": false, ""pending"": false, ""onsite"": false, ""prep"": 3, ""min_up"": 0, ""min_down"": 0, ""repair_until"": 8364, ""runtime"": 5336, ""demands"": 12}], ""other_repair_until"": {""wind"": [5733, 8451, 7067, 6915, 6285], ""pv"": [8284, -1000000000000000, -1000000000000000], ""pcs"": [-1000000000000000, -1000000000000000, 2393, 6052]}}, ""energy_inventory_change_kwh"": 0.0, ""forecast_basis"": ""current_measurements_only"", ""dump_load_kw"": 0, ""repair_clock"": ""calendar_reference"", ""operating_cost_basis"": ""same_executed_policy""}",3500525.8403287553,load_first_three_online,holdout,15,2026091702,"{""wind"": 5, ""pv"": 3, ""diesel"": 4, ""battery_energy"": 20, ""pcs"": 4}",True,0.0078125
,"holdout:(5, 3, 4, 20, 4):c1b16c40e93d24d01996b4bd81ccf0b9d616e7bef83b01e34c8697540ee6de0f:16",0.0,"{""shed_hours"": 0.0, ""longest_shed_hours"": 0.0, ""heater_kwh"": 70801.01123533667, ""diesel_kwh"": 1045397.9993297473, ""diesel_fuel_kg"": 232310.66651773936, ""battery_discharge_kwh"": 299.19500013333516, ""battery_charge_kwh"": 386.3571799242428, ""starts"": 25.0, ""start_failures"": 0.0, ""diesel_run_failures"": 18.0, ""diesel_online_hours"": 26272.0, ""wind_failures"": 6.0, ""pv_failures"": 1.0, ""pcs_failures"": 0.0, ""wind_protective_stop_hours"": 31.0, ""wait_access_unit_hours"": 4.0, ""wait_crew_unit_hours"": 0.0, ""wait_prep_unit_hours"": 24.0, ""wait_heat_unit_hours"": 0.0, ""unserved_heater_command_kwh"": 0.0, ""max_balance_residual_kw"": 2.842170943040401e-14, ""max_soc_residual_kwh"": 5.684341886080802e-14, ""initial_state"": {""energy_kwh"": 850.0, ""temperatures_c"": [5.0, 5.0, 5.0, -0.4917950249892792], ""online"": 3, ""diesel_states"": [{""healthy"": true, ""running"": true, ""pending"": false, ""onsite"": false, ""prep"": 3, ""min_up"": 0, ""min_down"": 0, ""repair_until"": -1, ""runtime"": 333, ""demands"": 1}, {""healthy"": true, ""running"": true, ""pending"": false, ""onsite"": false, ""prep"": 3, ""min_up"": 0, ""min_down"": 0, ""repair_until"": -1, ""runtime"": 329, ""demands"": 1}, {""healthy"": true, ""running"": true, ""pending"": false, ""onsite"": false, ""prep"": 3, ""min_up"": 0, ""min_down"": 0, ""repair_until"": -1, ""runtime"": 325, ""demands"": 1}, {""healthy"": true, ""running"": false, ""pending"": false, ""onsite"": false, ""prep"": 0.0, ""min_up"": 0, ""min_down"": 0, ""repair_until"": -1, ""runtime"": 0, ""demands"": 0}]}, ""final_state"": {""energy_kwh"": 850.0, ""temperatures_c"": [5.0, 5.0, 5.0, 5.0], ""online"": 3, ""diesel_states"": [{""healthy"": true, ""running"": false, ""pending"": false, ""onsite"": false, ""prep"": 3, ""min_up"": 0, ""min_down"": 0, ""repair_until"": 8537, ""runtime"": 7121, ""demands"": 6}, {""healthy"": true, ""running"": true, ""pending"": false, ""onsite"": false, ""prep"": 3, ""min_up"": 0, ""min_down"": 0, ""repair_until"": 7527, ""runtime"": 7136, ""demands"": 6}, {""healthy"": true, ""running"": true, ""pending"": false, ""onsite"": false, ""prep"": 3, ""min_up"": 0, ""min_down"": 0, ""repair_until"": 1336, ""runtime"": 7778, ""demands"": 6}, {""healthy"": true, ""running"": true, ""pending"": false, ""onsite"": false, ""prep"": 3, ""min_up"": 0, ""min_down"": 0, ""repair_until"": 8274, ""runtime"": 5224, ""demands"": 10}], ""other_repair_until"": {""wind"": [-180, 3347, 252, 1615, 4521], ""pv"": [-1000000000000000, 7601, -1000000000000000], ""pcs"": [-1000000000000000, -1000000000000000, -1000000000000000, -1000000000000000]}}, ""energy_inventory_change_kwh"": 0.0, ""forecast_basis"": ""current_measurements_only"", ""dump_load_kw"": 0, ""repair_clock"": ""calendar_reference"", ""operating_cost_basis"": ""same_executed_policy""}",3484659.997765808,load_first_three_online,holdout,16,2026091702,"{""wind"": 5, ""pv"": 3, ""diesel"": 4, ""battery_energy"": 20, ""pcs"": 4}",True,0.0078125
,"holdout:(5, 3, 4, 20, 4):c1b16c40e93d24d01996b4bd81ccf0b9d616e7bef83b01e34c8697540ee6de0f:17",0.0,"{""shed_hours"": 0.0, ""longest_shed_hours"": 0.0, ""heater_kwh"": 69644.75959399488, ""diesel_kwh"": 1052518.3937539821, ""diesel_fuel_kg"": 233892.97638979074, ""battery_discharge_kwh"": 689.1311113111127, ""battery_charge_kwh"": 889.8903813418281, ""starts"": 22.0, ""start_failures"": 0.0, ""diesel_run_failures"": 14.0, ""diesel_online_hours"": 26274.0, ""wind_failures"": 4.0, ""pv_failures"": 4.0, ""pcs_failures"": 2.0, ""wind_protective_stop_hours"": 31.0, ""wait_access_unit_hours"": 0.0, ""wait_crew_unit_hours"": 0.0, ""wait_prep_unit_hours"": 27.0, ""wait_heat_unit_hours"": 0.0, ""unserved_heater_command_kwh"": 0.0, ""max_balance_residual_kw"": 2.842170943040401e-14, ""max_soc_residual_kwh"": 5.684341886080802e-14, ""initial_state"": {""energy_kwh"": 850.0, ""temperatures_c"": [5.0, 5.0, 5.0, -0.4917950249892792], ""online"": 3, ""diesel_states"": [{""healthy"": true, ""running"": true, ""pending"": false, ""onsite"": false, ""prep"": 3, ""min_up"": 0, ""min_down"": 0, ""repair_until"": -1, ""runtime"": 333, ""demands"": 1}, {""healthy"": true, ""running"": true, ""pending"": false, ""onsite"": false, ""prep"": 3, ""min_up"": 0, ""min_down"": 0, ""repair_until"": -1, ""runtime"": 329, ""demands"": 1}, {""healthy"": true, ""running"": true, ""pending"": false, ""onsite"": false, ""prep"": 3, ""min_up"": 0, ""min_down"": 0, ""repair_until"": -1, ""runtime"": 325, ""demands"": 1}, {""healthy"": true, ""running"": false, ""pending"": false, ""onsite"": false, ""prep"": 0.0, ""min_up"": 0, ""min_down"": 0, ""repair_until"": -1, ""runtime"": 0, ""demands"": 0}]}, ""final_state"": {""energy_kwh"": 850.0, ""temperatures_c"": [5.0, 5.0, 5.0, 5.0], ""online"": 3, ""diesel_states"": [{""healthy"": true, ""running"": true, ""pending"": false, ""onsite"": false, ""prep"": 3, ""min_up"": 0, ""min_down"": 0, ""repair_until"": 7024, ""runtime"": 7816, ""demands"": 6}, {""healthy"": true, ""running"": false, ""pending"": false, ""onsite"": false, ""prep"": 3, ""min_up"": 0, ""min_down"": 0, ""repair_until"": 8568, ""runtime"": 7208, ""demands"": 5}, {""healthy"": true, ""running"": true, ""pending"": false, ""onsite"": false, ""prep"": 3, ""min_up"": 0, ""min_down"": 0, ""repair_until"": 1678, ""runtime"": 8140, ""demands"": 5}, {""healthy"": true, ""running"": true, ""pending"": false, ""onsite"": false, ""prep"": 3, ""min_up"": 0, ""min_down"": 0, ""repair_until"": 7285, ""runtime"": 4097, ""demands"": 9}], ""other_repair_until"": {""wind"": [-1000000000000000, 5077, 4637, 6026, -1000000000000000], ""pv"": [-1000000000000000, -1000000000000000, 8716], ""pcs"": [-1000000000000000, 5776, -1000000000000000, 6680]}}, ""energy_inventory_change_kwh"": 0.0, ""forecast_basis"": ""current_measurements_only"", ""dump_load_kw"": 0, ""repair_clock"": ""calendar_reference"", ""operating_cost_basis"": ""same_executed_policy""}",3508394.6458465857,load_first_three_online,holdout,17,2026091702,"{""wind"": 5, ""pv"": 3, ""diesel"": 4, ""battery_energy"": 20, ""pcs"": 4}",True,0.0078125
,"holdout:(5, 3, 4, 20, 4):c1b16c40e93d24d01996b4bd81ccf0b9d616e7bef83b01e34c8697540ee6de0f:18",0.0,"{""shed_hours"": 0.0, ""longest_shed_hours"": 0.0, ""heater_kwh"": 70967.61078027803, ""diesel_kwh"": 1044518.2387238743, ""diesel_fuel_kg"": 232115.16416087738, ""battery_discharge_kwh"": 1585.4688889888896, ""battery_charge_kwh"": 2047.3513545827593, ""starts"": 29.0, ""start_failures"": 0.0, ""diesel_run_failures"": 23.0, ""diesel_online_hours"": 26212.0, ""wind_failures"": 10.0, ""pv_failures"": 1.0, ""pcs_failures"": 1.0, ""wind_protective_stop_hours"": 31.0, ""wait_access_unit_hours"": 21.0, ""wait_crew_unit_hours"": 0.0, ""wait_prep_unit_hours"": 18.0, ""wait_heat_unit_hours"": 0.0, ""unserved_heater_command_kwh"": 0.0, ""max_balance_residual_kw"": 2.842170943040401e-14, ""max_soc_residual_kwh"": 5.684341886080802e-14, ""initial_state"": {""energy_kwh"": 850.0, ""temperatures_c"": [5.0, 5.0, 5.0, 5.0], ""online"": 3, ""diesel_states"": [{""healthy"": true, ""running"": true, ""pending"": false, ""onsite"": false, ""prep"": 3, ""min_up"": 0, ""min_down"": 0, ""repair_until"": -1, ""runtime"": 333, ""demands"": 1}, {""healthy"": true, ""running"": true, ""pending"": false, ""onsite"": false, ""prep"": 3, ""min_up"": 0, ""min_down"": 0, ""repair_until"": -1, ""runtime"": 329, ""demands"": 1}, {""healthy"": true, ""running"": false, ""pending"": false, ""onsite"": false, ""prep"": 3, ""min_up"": 0, ""min_down"": 0, ""repair_until"": -267, ""runtime"": 18, ""demands"": 1}, {""healthy"": true, ""running"": true, ""pending"": false, ""onsite"": false, ""prep"": 3, ""min_up"": 0, ""min_down"": 0, ""repair_until"": -1, ""runtime"": 304, ""demands"": 1}]}, ""final_state"": {""energy_kwh"": 850.0, ""temperatures_c"": [5.0, 5.0, 5.0, 5.0], ""online"": 3, ""diesel_states"": [{""healthy"": true, ""running"": true, ""pending"": false, ""onsite"": false, ""prep"": 3, ""min_up"": 0, ""min_down"": 0, ""repair_until"": 6913, ""runtime"": 6349, ""demands"": 7}, {""healthy"": false, ""running"": false, ""pending"": false, ""onsite"": false, ""prep"": 0.0, ""min_up"": 0, ""min_down"": 0, ""repair_until"": 8872, ""runtime"": 7756, ""demands"": 8}, {""healthy"": true, ""running"": true, ""pending"": false, ""onsite"": false, ""prep"": 3, ""min_up"": 0, ""min_down"": 0, ""repair_until"": 8587, ""runtime"": 5854, ""demands"": 11}, {""healthy"": true, ""running"": true, ""pending"": false, ""onsite"": false, ""prep"": 3, ""min_up"": 0, ""min_down"": 0, ""repair_until"": 6090, ""runtime"": 7237, ""demands"": 7}], ""other_repair_until"": {""wind"": [-1000000000000000, 8316, 7548, 743, 2683], ""pv"": [-1000000000000000, 7503, -1000000000000000], ""pcs"": [1189, -1000000000000000, -1000000000000000, -1000000000000000]}}, ""energy_inventory_change_kwh"": 0.0, ""forecast_basis"": ""current_measurements_only"", ""dump_load_kw"": 0, ""repair_clock"": ""calendar_reference"", ""operating_cost_basis"": ""same_executed_policy""}",3481727.462412898,load_first_three_online,holdout,18,2026091702,"{""wind"": 5, ""pv"": 3, ""diesel"": 4, ""battery_energy"": 20, ""pcs"": 4}",True,0.0078125
,"holdout:(5, 3, 4, 20, 4):c1b16c40e93d24d01996b4bd81ccf0b9d616e7bef83b01e34c8697540ee6de0f:19",0.0,"{""shed_hours"": 0.0, ""longest_shed_hours"": 0.0, ""heater_kwh"": 70490.89252432364, ""diesel_kwh"": 1044500.6839911443, ""diesel_fuel_kg"": 232111.26310915992, ""battery_discharge_kwh"": 736.3727779111126, ""battery_charge_kwh"": 950.894599575299, ""starts"": 31.0, ""start_failures"": 0.0, ""diesel_run_failures"": 23.0, ""diesel_online_hours"": 26253.0, ""wind_failures"": 5.0, ""pv_failures"": 3.0, ""pcs_failures"": 0.0, ""wind_protective_stop_hours"": 31.0, ""wait_access_unit_hours"": 7.0, ""wait_crew_unit_hours"": 0.0, ""wait_prep_unit_hours"": 27.0, ""wait_heat_unit_hours"": 0.0, ""unserved_heater_command_kwh"": 0.0, ""max_balance_residual_kw"": 2.842170943040401e-14, ""max_soc_residual_kwh"": 5.684341886080802e-14, ""initial_state"": {""energy_kwh"": 850.0, ""temperatures_c"": [5.0, 5.0, 5.0, -0.4917950249892792], ""online"": 3, ""diesel_states"": [{""healthy"": true, ""running"": true, ""pending"": false, ""onsite"": false, ""prep"": 3, ""min_up"": 0, ""min_down"": 0, ""repair_until"": -1, ""runtime"": 333, ""demands"": 1}, {""healthy"": true, ""running"": true, ""pending"": false, ""onsite"": false, ""prep"": 3, ""min_up"": 0, ""min_down"": 0, ""repair_until"": -1, ""runtime"": 329, ""demands"": 1}, {""healthy"": true, ""running"": true, ""pending"": false, ""onsite"": false, ""prep"": 3, ""min_up"": 0, ""min_down"": 0, ""repair_until"": -1, ""runtime"": 325, ""demands"": 1}, {""healthy"": true, ""running"": false, ""pending"": false, ""onsite"": false, ""prep"": 0.0, ""min_up"": 0, ""min_down"": 0, ""repair_until"": -1, ""runtime"": 0, ""demands"": 0}]}, ""final_state"": {""energy_kwh"": 850.0, ""temperatures_c"": [5.0, 5.0, 5.0, 5.0], ""online"": 3, ""diesel_states"": [{""healthy"": true, ""running"": true, ""pending"": false, ""onsite"": false, ""prep"": 3, ""min_up"": 0, ""min_down"": 0, ""repair_until"": 6215, ""runtime"": 7374, ""demands"": 5}, {""healthy"": true, ""running"": false, ""pending"": false, ""onsite"": false, ""prep"": 3, ""min_up"": 0, ""min_down"": 0, ""repair_until"": 8658, ""runtime"": 6884, ""demands"": 8}, {""healthy"": true, ""running"": true, ""pending"": false, ""onsite"": false, ""prep"": 3, ""min_up"": 0, ""min_down"": 0, ""repair_until"": 8367, ""runtime"": 7503, ""demands"": 11}, {""healthy"": true, ""running"": true, ""pending"": false, ""onsite"": false, ""prep"": 3, ""min_up"": 0, ""min_down"": 0, ""repair_until"": 7759, ""runtime"": 5479, ""demands"": 10}], ""other_repair_until"": {""wind"": [956, 8509, 1137, -1000000000000000, 3997], ""pv"": [8776, -1000000000000000, -1000000000000000], ""pcs"": [-1000000000000000, -1000000000000000, -1000000000000000, -1000000000000000]}}, ""energy_inventory_change_kwh"": 0.0, ""forecast_basis"": ""current_measurements_only"", ""dump_load_kw"": 0, ""repair_clock"": ""calendar_reference"", ""operating_cost_basis"": ""same_executed_policy""}",3481668.946637126,load_first_three_online,holdout,19,2026091702,"{""wind"": 5, ""pv"": 3, ""diesel"": 4, ""battery_energy"": 20, ""pcs"": 4}",True,0.0078125
,"holdout:(5, 3, 4, 20, 4):c1b16c40e93d24d01996b4bd81ccf0b9d616e7bef83b01e34c8697540ee6de0f:20",0.0,"{""shed_hours"": 0.0, ""longest_shed_hours"": 0.0, ""heater_kwh"": 70967.61078027803, ""diesel_kwh"": 1044037.0111782948, ""diesel_fuel_kg"": 232008.22470630493, ""battery_discharge_kwh"": 462.96277791111277, ""battery_charge_kwh"": 597.8341656910013, ""starts"": 14.0, ""start_failures"": 0.0, ""diesel_run_failures"": 7.0, ""diesel_online_hours"": 26278.0, ""wind_failures"": 7.0, ""pv_failures"": 1.0, ""pcs_failures"": 0.0, ""wind_protective_stop_hours"": 31.0, ""wait_access_unit_hours"": 0.0, ""wait_crew_unit_hours"": 0.0, ""wait_prep_unit_hours"": 21.0, ""wait_heat_unit_hours"": 0.0, ""unserved_heater_command_kwh"": 0.0, ""max_balance_residual_kw"": 2.842170943040401e-14, ""max_soc_residual_kwh"": 5.684341886080802e-14, ""initial_state"": {""energy_kwh"": 850.0, ""temperatures_c"": [5.0, 5.0, 5.0, 5.0], ""online"": 3, ""diesel_states"": [{""healthy"": true, ""running"": true, ""pending"": false, ""onsite"": false, ""prep"": 3, ""min_up"": 0, ""min_down"": 0, ""repair_until"": -1, ""runtime"": 333, ""demands"": 1}, {""healthy"": true, ""running"": true, ""pending"": false, ""onsite"": false, ""prep"": 3, ""min_up"": 0, ""min_down"": 0, ""repair_until"": -1, ""runtime"": 329, ""demands"": 1}, {""healthy"": true, ""running"": false, ""pending"": false, ""onsite"": false, ""prep"": 3, ""min_up"": 0, ""min_down"": 0, ""repair_until"": -176, ""runtime"": 143, ""demands"": 1}, {""healthy"": true, ""running"": true, ""pending"": false, ""onsite"": false, ""prep"": 3, ""min_up"": 0, ""min_down"": 0, ""repair_until"": -1, ""runtime"": 179, ""demands"": 1}]}, ""final_state"": {""energy_kwh"": 850.0, ""temperatures_c"": [5.0, 5.0, 5.0, 5.0], ""online"": 3, ""diesel_states"": [{""healthy"": true, ""running"": true, ""pending"": false, ""onsite"": false, ""prep"": 3, ""min_up"": 0, ""min_down"": 0, ""repair_until"": -1, ""runtime"": 9093, ""demands"": 1}, {""healthy"": true, ""running"": true, ""pending"": false, ""onsite"": false, ""prep"": 3, ""min_up"": 0, ""min_down"": 0, ""repair_until"": 4962, ""runtime"": 8186, ""demands"": 4}, {""healthy"": true, ""running"": false, ""pending"": false, ""onsite"": false, ""prep"": 3, ""min_up"": 0, ""min_down"": 0, ""repair_until"": 7308, ""runtime"": 4032, ""demands"": 6}, {""healthy"": true, ""running"": true, ""pending"": false, ""onsite"": false, ""prep"": 3, ""min_up"": 0, ""min_down"": 0, ""repair_until"": 5527, ""runtime"": 5951, ""demands"": 7}], ""other_repair_until"": {""wind"": [-1000000000000000, 5050, 7586, 2094, 2997], ""pv"": [-1000000000000000, 5827, -1000000000000000], ""pcs"": [-1000000000000000, -1000000000000000, -1000000000000000, -1000000000000000]}}, ""energy_inventory_change_kwh"": 0.0, ""forecast_basis"": ""current_measurements_only"", ""dump_load_kw"": 0, ""repair_clock"": ""calendar_reference"", ""operating_cost_basis"": ""same_executed_policy""}",3480123.3705942933,load_first_three_online,holdout,20,2026091702,"{""wind"": 5, ""pv"": 3, ""diesel"": 4, ""battery_energy"": 20, ""pcs"": 4}",True,0.0078125
,"holdout:(5, 3, 4, 20, 4):c1b16c40e93d24d01996b4bd81ccf0b9d616e7bef83b01e34c8697540ee6de0f:21",0.0,"{""shed_hours"": 0.0, ""longest_shed_hours"": 0.0, ""heater_kwh"": 70967.61078027803, ""diesel_kwh"": 1043768.20889387, ""diesel_fuel_kg"": 231948.49086532174, ""battery_discharge_kwh"": 409.6550001333352, ""battery_charge_kwh"": 528.9966427341603, ""starts"": 22.0, ""start_failures"": 0.0, ""diesel_run_failures"": 16.0, ""diesel_online_hours"": 26275.0, ""wind_failures"": 4.0, ""pv_failures"": 1.0, ""pcs_failures"": 1.0, ""wind_protective_stop_hours"": 31.0, ""wait_access_unit_hours"": 0.0, ""wait_crew_unit_hours"": 0.0, ""wait_prep_unit_hours"": 18.0, ""wait_heat_unit_hours"": 0.0, ""unserved_heater_command_kwh"": 0.0, ""max_balance_residual_kw"": 2.842170943040401e-14, ""max_soc_residual_kwh"": 5.684341886080802e-14, ""initial_state"": {""energy_kwh"": 850.0, ""temperatures_c"": [5.0, 5.0, 5.0, 5.0], ""online"": 3, ""diesel_states"": [{""healthy"": true, ""running"": true, ""pending"": false, ""onsite"": false, ""prep"": 3, ""min_up"": 0, ""min_down"": 0, ""repair_until"": -1, ""runtime"": 333, ""demands"": 1}, {""healthy"": true, ""running"": true, ""pending"": false, ""onsite"": false, ""prep"": 3, ""min_up"": 0, ""min_down"": 0, ""repair_until"": -1, ""runtime"": 329, ""demands"": 1}, {""healthy"": true, ""running"": true, ""pending"": false, ""onsite"": false, ""prep"": 3, ""min_up"": 0, ""min_down"": 0, ""repair_until"": -162, ""runtime"": 207, ""demands"": 2}, {""healthy"": true, ""running"": false, ""pending"": false, ""onsite"": false, ""prep"": 3, ""min_up"": 0, ""min_down"": 0, ""repair_until"": -10, ""runtime"": 115, ""demands"": 1}]}, ""final_state"": {""energy_kwh"": 850.0, ""temperatures_c"": [5.0, 5.0, 5.0, 5.0], ""online"": 3, ""diesel_states"": [{""healthy"": true, ""running"": false, ""pending"": false, ""onsite"": false, ""prep"": 3, ""min_up"": 0, ""min_down"": 0, ""repair_until"": 8102, ""runtime"": 6424, ""demands"": 5}, {""healthy"": true, ""running"": true, ""pending"": false, ""onsite"": false, ""prep"": 3, ""min_up"": 0, ""min_down"": 0, ""repair_until"": 7885, ""runtime"": 7879, ""demands"": 5}, {""healthy"": true, ""running"": true, ""pending"": false, ""onsite"": false, ""prep"": 3, ""min_up"": 0, ""min_down"": 0, ""repair_until"": 6033, ""runtime"": 5407, ""demands"": 8}, {""healthy"": true, ""running"": true, ""pending"": false, ""onsite"": false, ""prep"": 3, ""min_up"": 0, ""min_down"": 0, ""repair_until"": 8064, ""runtime"": 7549, ""demands"": 9}], ""other_repair_until"": {""wind"": [-1000000000000000, 7545, -1000000000000000, 2970, 8245], ""pv"": [6794, -1000000000000000, -1000000000000000], ""pcs"": [-1000000000000000, -1000000000000000, 8324, -148]}}, ""energy_inventory_change_kwh"": 0.0, ""forecast_basis"": ""current_measurements_only"", ""dump_load_kw"": 0, ""repair_clock"": ""calendar_reference"", ""operating_cost_basis"": ""same_executed_policy""}",3479227.3629795434,load_first_three_online,holdout,21,2026091702,"{""wind"": 5, ""pv"": 3, ""diesel"": 4, ""battery_energy"": 20, ""pcs"": 4}",True,0.0078125
,"holdout:(5, 3, 4, 20, 4):c1b16c40e93d24d01996b4bd81ccf0b9d616e7bef83b01e34c8697540ee6de0f:22",0.0,"{""shed_hours"": 0.0, ""longest_shed_hours"": 0.0, ""heater_kwh"": 70710.39177915499, ""diesel_kwh"": 1051957.6834571748, ""diesel_fuel_kg"": 233768.37410161036, ""battery_discharge_kwh"": 354.14583343333516, ""battery_charge_kwh"": 457.3164171401521, ""starts"": 23.0, ""start_failures"": 0.0, ""diesel_run_failures"": 18.0, ""diesel_online_hours"": 26241.0, ""wind_failures"": 8.0, ""pv_failures"": 2.0, ""pcs_failures"": 0.0, ""wind_protective_stop_hours"": 31.0, ""wait_access_unit_hours"": 0.0, ""wait_crew_unit_hours"": 0.0, ""wait_prep_unit_hours"": 18.0, ""wait_heat_unit_hours"": 0.0, ""unserved_heater_command_kwh"": 0.0, ""max_balance_residual_kw"": 2.842170943040401e-14, ""max_soc_residual_kwh"": 5.684341886080802e-14, ""initial_state"": {""energy_kwh"": 850.0, ""temperatures_c"": [5.0, 5.0, 5.0, -0.4917950249892792], ""online"": 3, ""diesel_states"": [{""healthy"": true, ""running"": true, ""pending"": false, ""onsite"": false, ""prep"": 3, ""min_up"": 0, ""min_down"": 0, ""repair_until"": -1, ""runtime"": 333, ""demands"": 1}, {""healthy"": true, ""running"": true, ""pending"": false, ""onsite"": false, ""prep"": 3, ""min_up"": 0, ""min_down"": 0, ""repair_until"": -1, ""runtime"": 329, ""demands"": 1}, {""healthy"": true, ""running"": true, ""pending"": false, ""onsite"": false, ""prep"": 3, ""min_up"": 0, ""min_down"": 0, ""repair_until"": -1, ""runtime"": 325, ""demands"": 1}, {""healthy"": true, ""running"": false, ""pending"": false, ""onsite"": false, ""prep"": 0.0, ""min_up"": 0, ""min_down"": 0, ""repair_until"": -1, ""runtime"": 0, ""demands"": 0}]}, ""final_state"": {""energy_kwh"": 850.0, ""temperatures_c"": [5.0, 5.0, 5.0, 5.0], ""online"": 3, ""diesel_states"": [{""healthy"": true, ""running"": true, ""pending"": false, ""onsite"": false, ""prep"": 3, ""min_up"": 0, ""min_down"": 0, ""repair_until"": 8208, ""runtime"": 7979, ""demands"": 5}, {""healthy"": true, ""running"": true, ""pending"": false, ""onsite"": false, ""prep"": 3, ""min_up"": 0, ""min_down"": 0, ""repair_until"": 6201, ""runtime"": 7379, ""demands"": 7}, {""healthy"": true, ""running"": true, ""pending"": false, ""onsite"": false, ""prep"": 3, ""min_up"": 0, ""min_down"": 0, ""repair_until"": 2247, ""runtime"": 7205, ""demands"": 6}, {""healthy"": true, ""running"": false, ""pending"": false, ""onsite"": false, ""prep"": 3, ""min_up"": 0, ""min_down"": 0, ""repair_until"": 8228, ""runtime"": 4665, ""demands"": 8}], ""other_repair_until"": {""wind"": [6576, 5028, 8258, 8851, -1000000000000000], ""pv"": [8467, -1000000000000000, 6569], ""pcs"": [-1000000000000000, -1000000000000000, -1000000000000000, -1000000000000000]}}, ""energy_inventory_change_kwh"": 0.0, ""forecast_basis"": ""current_measurements_only"", ""dump_load_kw"": 0, ""repair_clock"": ""calendar_reference"", ""operating_cost_basis"": ""same_executed_policy""}",3506525.6115238904,load_first_three_online,holdout,22,2026091702,"{""wind"": 5, ""pv"": 3, ""diesel"": 4, ""battery_energy"": 20, ""pcs"": 4}",True,0.0078125
,"holdout:(5, 3, 4, 20, 4):c1b16c40e93d24d01996b4bd81ccf0b9d616e7bef83b01e34c8697540ee6de0f:23",0.0,"{""shed_hours"": 0.0, ""longest_shed_hours"": 0.0, ""heater_kwh"": 70967.61078027803, ""diesel_kwh"": 1046201.1171388851, ""diesel_fuel_kg"": 232489.1371419924, ""battery_discharge_kwh"": 283.61500013333523, ""battery_charge_kwh"": 366.2383782713505, ""starts"": 19.0, ""start_failures"": 0.0, ""diesel_run_failures"": 12.0, ""diesel_online_hours"": 26278.0, ""wind_failures"": 9.0, ""pv_failures"": 4.0, ""pcs_failures"": 0.0, ""wind_protective_stop_hours"": 31.0, ""wait_access_unit_hours"": 0.0, ""wait_crew_unit_hours"": 0.0, ""wait_prep_unit_hours"": 21.0, ""wait_heat_unit_hours"": 0.0, ""unserved_heater_command_kwh"": 0.0, ""max_balance_residual_kw"": 2.842170943040401e-14, ""max_soc_residual_kwh"": 5.684341886080802e-14, ""initial_state"": {""energy_kwh"": 850.0, ""temperatures_c"": [5.0, 5.0, 5.0, 5.0], ""online"": 3, ""diesel_states"": [{""healthy"": true, ""running"": true, ""pending"": false, ""onsite"": false, ""prep"": 3, ""min_up"": 0, ""min_down"": 0, ""repair_until"": -1, ""runtime"": 333, ""demands"": 1}, {""healthy"": true, ""running"": true, ""pending"": false, ""onsite"": false, ""prep"": 3, ""min_up"": 0, ""min_down"": 0, ""repair_until"": -1, ""runtime"": 329, ""demands"": 1}, {""healthy"": true, ""running"": false, ""pending"": false, ""onsite"": false, ""prep"": 3, ""min_up"": 0, ""min_down"": 0, ""repair_until"": -199, ""runtime"": 105, ""demands"": 1}, {""healthy"": true, ""running"": true, ""pending"": false, ""onsite"": false, ""prep"": 3, ""min_up"": 0, ""min_down"": 0, ""repair_until"": -1, ""runtime"": 217, ""demands"": 1}]}, ""final_state"": {""energy_kwh"": 850.0, ""temperatures_c"": [5.0, 5.0, 5.0, 5.0], ""online"": 3, ""diesel_states"": [{""healthy"": true, ""running"": false, ""pending"": false, ""onsite"": false, ""prep"": 3, ""min_up"": 0, ""min_down"": 0, ""repair_until"": 8333, ""runtime"": 6582, ""demands"": 3}, {""healthy"": true, ""running"": true, ""pending"": false, ""onsite"": false, ""prep"": 3, ""min_up"": 0, ""min_down"": 0, ""repair_until"": 7573, ""runtime"": 6983, ""demands"": 5}, {""healthy"": true, ""running"": true, ""pending"": false, ""onsite"": false, ""prep"": 3, ""min_up"": 0, ""min_down"": 0, ""repair_until"": 8102, ""runtime"": 6310, ""demands"": 8}, {""healthy"": true, ""running"": true, ""pending"": false, ""onsite"": false, ""prep"": 3, ""min_up"": 0, ""min_down"": 0, ""repair_until"": 6766, ""runtime"": 7387, ""demands"": 7}], ""other_repair_until"": {""wind"": [-1000000000000000, 4964, -1000000000000000, 7773, 8767], ""pv"": [5301, 686, 4601], ""pcs"": [-1000000000000000, -1000000000000000, -1000000000000000, -1000000000000000]}}, ""energy_inventory_change_kwh"": 0.0, ""forecast_basis"": ""current_measurements_only"", ""dump_load_kw"": 0, ""repair_clock"": ""calendar_reference"", ""operating_cost_basis"": ""same_executed_policy""}",3487337.0571295954,load_first_three_online,holdout,23,2026091702,"{""wind"": 5, ""pv"": 3, ""diesel"": 4, ""battery_energy"": 20, ""pcs"": 4}",True,0.0078125
,"holdout:(5, 3, 4, 20, 4):c1b16c40e93d24d01996b4bd81ccf0b9d616e7bef83b01e34c8697540ee6de0f:24",0.0,"{""shed_hours"": 0.0, ""longest_shed_hours"": 0.0, ""heater_kwh"": 70170.19702290451, ""diesel_kwh"": 1043874.7196384524, ""diesel_fuel_kg"": 231972.15991967294, ""battery_discharge_kwh"": 577.0983334333349, ""battery_charge_kwh"": 745.2199553632927, ""starts"": 20.0, ""start_failures"": 0.0, ""diesel_run_failures"": 14.0, ""diesel_online_hours"": 26256.0, ""wind_failures"": 6.0, ""pv_failures"": 1.0, ""pcs_failures"": 1.0, ""wind_protective_stop_hours"": 31.0, ""wait_access_unit_hours"": 1.0, ""wait_crew_unit_hours"": 0.0, ""wait_prep_unit_hours"": 21.0, ""wait_heat_unit_hours"": 0.0, ""unserved_heater_command_kwh"": 0.0, ""max_balance_residual_kw"": 2.842170943040401e-14, ""max_soc_residual_kwh"": 5.684341886080802e-14, ""initial_state"": {""energy_kwh"": 850.0, ""temperatures_c"": [5.0, 5.0, 5.0, -0.4917950249892792], ""online"": 3, ""diesel_states"": [{""healthy"": true, ""running"": true, ""pending"": false, ""onsite"": false, ""prep"": 3, ""min_up"": 0, ""min_down"": 0, ""repair_until"": -1, ""runtime"": 333, ""demands"": 1}, {""healthy"": true, ""running"": true, ""pending"": false, ""onsite"": false, ""prep"": 3, ""min_up"": 0, ""min_down"": 0, ""repair_until"": -1, ""runtime"": 329, ""demands"": 1}, {""healthy"": true, ""running"": true, ""pending"": false, ""onsite"": false, ""prep"": 3, ""min_up"": 0, ""min_down"": 0, ""repair_until"": -1, ""runtime"": 325, ""demands"": 1}, {""healthy"": true, ""running"": false, ""pending"": false, ""onsite"": false, ""prep"": 0.0, ""min_up"": 0, ""min_down"": 0, ""repair_until"": -1, ""runtime"": 0, ""demands"": 0}]}, ""final_state"": {""energy_kwh"": 850.0, ""temperatures_c"": [5.0, 5.0, 5.0, 5.0], ""online"": 3, ""diesel_states"": [{""healthy"": true, ""running"": true, ""pending"": false, ""onsite"": false, ""prep"": 3, ""min_up"": 0, ""min_down"": 0, ""repair_until"": 6336, ""runtime"": 8042, ""demands"": 5}, {""healthy"": true, ""running"": true, ""pending"": false, ""onsite"": false, ""prep"": 3, ""min_up"": 0, ""min_down"": 0, ""repair_until"": 7634, ""runtime"": 6795, ""demands"": 6}, {""healthy"": true, ""running"": true, ""pending"": false, ""onsite"": false, ""prep"": 3, ""min_up"": 0, ""min_down"": 0, ""repair_until"": 7911, ""runtime"": 7459, ""demands"": 6}, {""healthy"": true, ""running"": false, ""pending"": false, ""onsite"": false, ""prep"": 3, ""min_up"": 0, ""min_down"": 0, ""repair_until"": 8244, ""runtime"": 4947, ""demands"": 6}], ""other_repair_until"": {""wind"": [1365, -1000000000000000, 6607, -1000000000000000, 5104], ""pv"": [-1000000000000000, 1956, -1000000000000000], ""pcs"": [-1000000000000000, 2086, -1000000000000000, -1000000000000000]}}, ""energy_inventory_change_kwh"": 0.0, ""forecast_basis"": ""current_measurements_only"", ""dump_load_kw"": 0, ""repair_clock"": ""calendar_reference"", ""operating_cost_basis"": ""same_executed_policy""}",3479582.398794817,load_first_three_online,holdout,24,2026091702,"{""wind"": 5, ""pv"": 3, ""diesel"": 4, ""battery_energy"": 20, ""pcs"": 4}",True,0.0078125
,"holdout:(5, 3, 4, 20, 4):c1b16c40e93d24d01996b4bd81ccf0b9d616e7bef83b01e34c8697540ee6de0f:25",0.0,"{""shed_hours"": 0.0, ""longest_shed_hours"": 0.0, ""heater_kwh"": 70967.61078027803, ""diesel_kwh"": 1043179.0772536889, ""diesel_fuel_kg"": 231817.57272305936, ""battery_discharge_kwh"": 431.1383334666681, ""battery_charge_kwh"": 556.7385504476589, ""starts"": 18.0, ""start_failures"": 0.0, ""diesel_run_failures"": 11.0, ""diesel_online_hours"": 26278.0, ""wind_failures"": 4.0, ""pv_failures"": 2.0, ""pcs_failures"": 0.0, ""wind_protective_stop_hours"": 31.0, ""wait_access_unit_hours"": 0.0, ""wait_crew_unit_hours"": 0.0, ""wait_prep_unit_hours"": 21.0, ""wait_heat_unit_hours"": 0.0, ""unserved_heater_command_kwh"": 0.0, ""max_balance_residual_kw"": 2.842170943040401e-14, ""max_soc_residual_kwh"": 5.684341886080802e-14, ""initial_state"": {""energy_kwh"": 850.0, ""temperatures_c"": [5.0, 5.0, 5.0, 5.0], ""online"": 3, ""diesel_states"": [{""healthy"": true, ""running"": true, ""pending"": false, ""onsite"": false, ""prep"": 3, ""min_up"": 0, ""min_down"": 0, ""repair_until"": -300, ""runtime"": 217, ""demands"": 2}, {""healthy"": true, ""running"": true, ""pending"": false, ""onsite"": false, ""prep"": 3, ""min_up"": 0, ""min_down"": 0, ""repair_until"": -175, ""runtime"": 151, ""demands"": 2}, {""healthy"": true, ""running"": true, ""pending"": false, ""onsite"": false, ""prep"": 3, ""min_up"": 0, ""min_down"": 0, ""repair_until"": -1, ""runtime"": 325, ""demands"": 1}, {""healthy"": true, ""running"": false, ""pending"": false, ""onsite"": false, ""prep"": 3, ""min_up"": 0, ""min_down"": 0, ""repair_until"": -22, ""runtime"": 291, ""demands"": 1}]}, ""final_state"": {""energy_kwh"": 850.0, ""temperatures_c"": [5.0, 5.0, 5.0, 5.0], ""online"": 3, ""diesel_states"": [{""healthy"": true, ""running"": true, ""pending"": false, ""onsite"": false, ""prep"": 3, ""min_up"": 0, ""min_down"": 0, ""repair_until"": 6376, ""runtime"": 7893, ""demands"": 5}, {""healthy"": true, ""running"": true, ""pending"": false, ""onsite"": false, ""prep"": 3, ""min_up"": 0, ""min_down"": 0, ""repair_until"": 6741, ""runtime"": 7897, ""demands"": 4}, {""healthy"": true, ""running"": false, ""pending"": false, ""onsite"": false, ""prep"": 3, ""min_up"": 0, ""min_down"": 0, ""repair_until"": 7440, ""runtime"": 5455, ""demands"": 7}, {""healthy"": true, ""running"": true, ""pending"": false, ""onsite"": false, ""prep"": 3, ""min_up"": 0, ""min_down"": 0, ""repair_until"": 4796, ""runtime"": 6017, ""demands"": 8}], ""other_repair_until"": {""wind"": [7092, 4050, -1000000000000000, -1000000000000000, 5987], ""pv"": [3161, -1000000000000000, 2574], ""pcs"": [-1000000000000000, -1000000000000000, -1000000000000000, -1000000000000000]}}, ""energy_inventory_change_kwh"": 0.0, ""forecast_basis"": ""current_measurements_only"", ""dump_load_kw"": 0, ""repair_clock"": ""calendar_reference"", ""operating_cost_basis"": ""same_executed_policy""}",3477263.5908456086,load_first_three_online,holdout,25,2026091702,"{""wind"": 5, ""pv"": 3, ""diesel"": 4, ""battery_energy"": 20, ""pcs"": 4}",True,0.0078125
,"holdout:(5, 3, 4, 20, 4):c1b16c40e93d24d01996b4bd81ccf0b9d616e7bef83b01e34c8697540ee6de0f:26",60.60499999999999,"{""shed_hours"": 1.0, ""longest_shed_hours"": 1, ""heater_kwh"": 70966.95986821741, ""diesel_kwh"": 1043232.3808481217, ""diesel_fuel_kg"": 231829.41796626596, ""battery_discharge_kwh"": 1500.184444577779, ""battery_charge_kwh"": 1937.2216484733704, ""starts"": 27.0, ""start_failures"": 0.0, ""diesel_run_failures"": 20.0, ""diesel_online_hours"": 26233.0, ""wind_failures"": 7.0, ""pv_failures"": 2.0, ""pcs_failures"": 0.0, ""wind_protective_stop_hours"": 31.0, ""wait_access_unit_hours"": 25.0, ""wait_crew_unit_hours"": 0.0, ""wait_prep_unit_hours"": 21.0, ""wait_heat_unit_hours"": 0.0, ""unserved_heater_command_kwh"": 6.839999999999996, ""max_balance_residual_kw"": 2.842170943040401e-14, ""max_soc_residual_kwh"": 5.684341886080802e-14, ""initial_state"": {""energy_kwh"": 850.0, ""temperatures_c"": [5.0, 5.0, 5.0, 5.0], ""online"": 3, ""diesel_states"": [{""healthy"": true, ""running"": true, ""pending"": false, ""onsite"": false, ""prep"": 3, ""min_up"": 0, ""min_down"": 0, ""repair_until"": -1, ""runtime"": 333, ""demands"": 1}, {""healthy"": true, ""running"": true, ""pending"": false, ""onsite"": false, ""prep"": 3, ""min_up"": 0, ""min_down"": 0, ""repair_until"": -1, ""runtime"": 329, ""demands"": 1}, {""healthy"": true, ""running"": false, ""pending"": false, ""onsite"": false, ""prep"": 3, ""min_up"": 0, ""min_down"": 0, ""repair_until"": -164, ""runtime"": 152, ""demands"": 1}, {""healthy"": true, ""running"": true, ""pending"": false, ""onsite"": false, ""prep"": 3, ""min_up"": 0, ""min_down"": 0, ""repair_until"": -1, ""runtime"": 170, ""demands"": 1}]}, ""final_state"": {""energy_kwh"": 850.0, ""temperatures_c"": [5.0, 5.0, 5.0, 5.0], ""online"": 3, ""diesel_states"": [{""healthy"": true, ""running"": true, ""pending"": false, ""onsite"": false, ""prep"": 3, ""min_up"": 0, ""min_down"": 0, ""repair_until"": 6134, ""runtime"": 6706, ""demands"": 6}, {""healthy"": true, ""running"": true, ""pending"": false, ""onsite"": false, ""prep"": 3, ""min_up"": 0, ""min_down"": 0, ""repair_until"": 7745, ""runtime"": 7079, ""demands"": 9}, {""healthy"": true, ""running"": true, ""pending"": false, ""onsite"": false, ""prep"": 3, ""min_up"": 0, ""min_down"": 0, ""repair_until"": 6373, ""runtime"": 6525, ""demands"": 8}, {""healthy"": true, ""running"": false, ""pending"": false, ""onsite"": false, ""prep"": 3, ""min_up"": 0, ""min_down"": 0, ""repair_until"": 8519, ""runtime"": 6907, ""demands"": 8}], ""other_repair_until"": {""wind"": [4986, 4480, 7828, -1000000000000000, 6829], ""pv"": [7955, -1000000000000000, -1000000000000000], ""pcs"": [-1000000000000000, -1000000000000000, -1000000000000000, -1000000000000000]}}, ""energy_inventory_change_kwh"": 0.0, ""forecast_basis"": ""current_measurements_only"", ""dump_load_kw"": 0, ""repair_clock"": ""calendar_reference"", ""operating_cost_basis"": ""same_executed_policy""}",3477441.26949372,load_first_three_online,holdout,26,2026091702,"{""wind"": 5, ""pv"": 3, ""diesel"": 4, ""battery_energy"": 20, ""pcs"": 4}",True,0.0078125
,"holdout:(5, 3, 4, 20, 4):c1b16c40e93d24d01996b4bd81ccf0b9d616e7bef83b01e34c8697540ee6de0f:27",0.0,"{""shed_hours"": 0.0, ""longest_shed_hours"": 0.0, ""heater_kwh"": 70560.33632815561, ""diesel_kwh"": 1047293.9446052025, ""diesel_fuel_kg"": 232731.98769006194, ""battery_discharge_kwh"": 726.780000266668, ""battery_charge_kwh"": 938.5072317493111, ""starts"": 22.0, ""start_failures"": 0.0, ""diesel_run_failures"": 17.0, ""diesel_online_hours"": 26255.0, ""wind_failures"": 8.0, ""pv_failures"": 5.0, ""pcs_failures"": 0.0, ""wind_protective_stop_hours"": 31.0, ""wait_access_unit_hours"": 0.0, ""wait_crew_unit_hours"": 0.0, ""wait_prep_unit_hours"": 18.0, ""wait_heat_unit_hours"": 0.0, ""unserved_heater_command_kwh"": 0.0, ""max_balance_residual_kw"": 2.842170943040401e-14, ""max_soc_residual_kwh"": 5.684341886080802e-14, ""initial_state"": {""energy_kwh"": 850.0, ""temperatures_c"": [5.0, 5.0, 5.0, -0.4917950249892792], ""online"": 3, ""diesel_states"": [{""healthy"": true, ""running"": true, ""pending"": false, ""onsite"": false, ""prep"": 3, ""min_up"": 0, ""min_down"": 0, ""repair_until"": -1, ""runtime"": 333, ""demands"": 1}, {""healthy"": true, ""running"": true, ""pending"": false, ""onsite"": false, ""prep"": 3, ""min_up"": 0, ""min_down"": 0, ""repair_until"": -1, ""runtime"": 329, ""demands"": 1}, {""healthy"": true, ""running"": true, ""pending"": false, ""onsite"": false, ""prep"": 3, ""min_up"": 0, ""min_down"": 0, ""repair_until"": -1, ""runtime"": 325, ""demands"": 1}, {""healthy"": true, ""running"": false, ""pending"": false, ""onsite"": false, ""prep"": 0.0, ""min_up"": 0, ""min_down"": 0, ""repair_until"": -1, ""runtime"": 0, ""demands"": 0}]}, ""final_state"": {""energy_kwh"": 850.0, ""temperatures_c"": [5.0, 5.0, 5.0, 5.0], ""online"": 3, ""diesel_states"": [{""healthy"": true, ""running"": true, ""pending"": false, ""onsite"": false, ""prep"": 3, ""min_up"": 0, ""min_down"": 0, ""repair_until"": 7297, ""runtime"": 6990, ""demands"": 5}, {""healthy"": true, ""running"": true, ""pending"": false, ""onsite"": false, ""prep"": 3, ""min_up"": 0, ""min_down"": 0, ""repair_until"": 6556, ""runtime"": 8001, ""demands"": 5}, {""healthy"": true, ""running"": false, ""pending"": false, ""onsite"": false, ""prep"": 3, ""min_up"": 0, ""min_down"": 0, ""repair_until"": 8133, ""runtime"": 6126, ""demands"": 7}, {""healthy"": true, ""running"": true, ""pending"": false, ""onsite"": false, ""prep"": 3, ""min_up"": 0, ""min_down"": 0, ""repair_until"": 6218, ""runtime"": 6125, ""demands"": 8}], ""other_repair_until"": {""wind"": [4323, 1710, -1000000000000000, 7451, 4309], ""pv"": [8848, 7960, 4908], ""pcs"": [-1000000000000000, -1000000000000000, -1000000000000000, -1000000000000000]}}, ""energy_inventory_change_kwh"": 0.0, ""forecast_basis"": ""current_measurements_only"", ""dump_load_kw"": 0, ""repair_clock"": ""calendar_reference"", ""operating_cost_basis"": ""same_executed_policy""}",3490979.8153506555,load_first_three_online,holdout,27,2026091702,"{""wind"": 5, ""pv"": 3, ""diesel"": 4, ""battery_energy"": 20, ""pcs"": 4}",True,0.0078125
,"holdout:(5, 3, 4, 20, 4):c1b16c40e93d24d01996b4bd81ccf0b9d616e7bef83b01e34c8697540ee6de0f:28",0.0,"{""shed_hours"": 0.0, ""longest_shed_hours"": 0.0, ""heater_kwh"": 70967.61078027803, ""diesel_kwh"": 1047271.6255444664, ""diesel_fuel_kg"": 232727.0278987875, ""battery_discharge_kwh"": 585.115000133335, ""battery_charge_kwh"": 755.5720559573006, ""starts"": 22.0, ""start_failures"": 0.0, ""diesel_run_failures"": 16.0, ""diesel_online_hours"": 26275.0, ""wind_failures"": 2.0, ""pv_failures"": 2.0, ""pcs_failures"": 0.0, ""wind_protective_stop_hours"": 31.0, ""wait_access_unit_hours"": 2.0, ""wait_crew_unit_hours"": 0.0, ""wait_prep_unit_hours"": 18.0, ""wait_heat_unit_hours"": 0.0, ""unserved_heater_command_kwh"": 0.0, ""max_balance_residual_kw"": 2.842170943040401e-14, ""max_soc_residual_kwh"": 5.684341886080802e-14, ""initial_state"": {""energy_kwh"": 850.0, ""temperatures_c"": [5.0, 5.0, 5.0, 5.0], ""online"": 3, ""diesel_states"": [{""healthy"": true, ""running"": true, ""pending"": false, ""onsite"": false, ""prep"": 3, ""min_up"": 0, ""min_down"": 0, ""repair_until"": -275, ""runtime"": 303, ""demands"": 2}, {""healthy"": true, ""running"": false, ""pending"": false, ""onsite"": false, ""prep"": 3, ""min_up"": 0, ""min_down"": 0, ""repair_until"": -256, ""runtime"": 55, ""demands"": 1}, {""healthy"": true, ""running"": true, ""pending"": false, ""onsite"": false, ""prep"": 3, ""min_up"": 0, ""min_down"": 0, ""repair_until"": -261, ""runtime"": 299, ""demands"": 2}, {""healthy"": true, ""running"": true, ""pending"": false, ""onsite"": false, ""prep"": 3, ""min_up"": 0, ""min_down"": 0, ""repair_until"": -1, ""runtime"": 302, ""demands"": 1}]}, ""final_state"": {""energy_kwh"": 850.0, ""temperatures_c"": [5.0, 5.0, 5.0, 5.0], ""online"": 3, ""diesel_states"": [{""healthy"": true, ""running"": false, ""pending"": false, ""onsite"": false, ""prep"": 3, ""min_up"": 0, ""min_down"": 0, ""repair_until"": 8092, ""runtime"": 7373, ""demands"": 5}, {""healthy"": true, ""running"": true, ""pending"": false, ""onsite"": false, ""prep"": 3, ""min_up"": 0, ""min_down"": 0, ""repair_until"": 6498, ""runtime"": 7837, ""demands"": 6}, {""healthy"": true, ""running"": true, ""pending"": false, ""onsite"": false, ""prep"": 3, ""min_up"": 0, ""min_down"": 0, ""repair_until"": 7094, ""runtime"": 6001, ""demands"": 9}, {""healthy"": true, ""running"": true, ""pending"": false, ""onsite"": false, ""prep"": 3, ""min_up"": 0, ""min_down"": 0, ""repair_until"": 4465, ""runtime"": 6023, ""demands"": 8}], ""other_repair_until"": {""wind"": [2510, -1000000000000000, -1000000000000000, -1000000000000000, 4350], ""pv"": [-1000000000000000, 7170, 6977], ""pcs"": [-1000000000000000, -1000000000000000, -1000000000000000, -1000000000000000]}}, ""energy_inventory_change_kwh"": 0.0, ""forecast_basis"": ""current_measurements_only"", ""dump_load_kw"": 0, ""repair_clock"": ""calendar_reference"", ""operating_cost_basis"": ""same_executed_policy""}",3490905.418481534,load_first_three_online,holdout,28,2026091702,"{""wind"": 5, ""pv"": 3, ""diesel"": 4, ""battery_energy"": 20, ""pcs"": 4}",True,0.0078125
,"holdout:(5, 3, 4, 20, 4):c1b16c40e93d24d01996b4bd81ccf0b9d616e7bef83b01e34c8697540ee6de0f:29",0.0,"{""shed_hours"": 0.0, ""longest_shed_hours"": 0.0, ""heater_kwh"": 70754.03055550251, ""diesel_kwh"": 1046566.7035619259, ""diesel_fuel_kg"": 232570.37856933384, ""battery_discharge_kwh"": 759.1794446777793, ""battery_charge_kwh"": 980.3453572801884, ""starts"": 26.0, ""start_failures"": 1.0, ""diesel_run_failures"": 21.0, ""diesel_online_hours"": 26241.0, ""wind_failures"": 5.0, ""pv_failures"": 3.0, ""pcs_failures"": 0.0, ""wind_protective_stop_hours"": 31.0, ""wait_access_unit_hours"": 0.0, ""wait_crew_unit_hours"": 0.0, ""wait_prep_unit_hours"": 18.0, ""wait_heat_unit_hours"": 0.0, ""unserved_heater_command_kwh"": 0.0, ""max_balance_residual_kw"": 2.842170943040401e-14, ""max_soc_residual_kwh"": 5.684341886080802e-14, ""initial_state"": {""energy_kwh"": 850.0, ""temperatures_c"": [5.0, 5.0, 5.0, -0.4917950249892792], ""online"": 3, ""diesel_states"": [{""healthy"": true, ""running"": true, ""pending"": false, ""onsite"": false, ""prep"": 3, ""min_up"": 0, ""min_down"": 0, ""repair_until"": -1, ""runtime"": 333, ""demands"": 1}, {""healthy"": true, ""running"": true, ""pending"": false, ""onsite"": false, ""prep"": 3, ""min_up"": 0, ""min_down"": 0, ""repair_until"": -1, ""runtime"": 329, ""demands"": 1}, {""healthy"": true, ""running"": true, ""pending"": false, ""onsite"": false, ""prep"": 3, ""min_up"": 0, ""min_down"": 0, ""repair_until"": -1, ""runtime"": 325, ""demands"": 1}, {""healthy"": true, ""running"": false, ""pending"": false, ""onsite"": false, ""prep"": 0.0, ""min_up"": 0, ""min_down"": 0, ""repair_until"": -1, ""runtime"": 0, ""demands"": 0}]}, ""final_state"": {""energy_kwh"": 850.0, ""temperatures_c"": [5.0, 5.0, 5.0, 5.0], ""online"": 3, ""diesel_states"": [{""healthy"": true, ""running"": true, ""pending"": false, ""onsite"": false, ""prep"": 3, ""min_up"": 0, ""min_down"": 0, ""repair_until"": 7398, ""runtime"": 7835, ""demands"": 6}, {""healthy"": true, ""running"": true, ""pending"": false, ""onsite"": false, ""prep"": 3, ""min_up"": 0, ""min_down"": 0, ""repair_until"": 7652, ""runtime"": 6234, ""demands"": 6}, {""healthy"": true, ""running"": true, ""pending"": false, ""onsite"": false, ""prep"": 3, ""min_up"": 0, ""min_down"": 0, ""repair_until"": 8015, ""runtime"": 6322, ""demands"": 10}, {""healthy"": true, ""running"": false, ""pending"": false, ""onsite"": false, ""prep"": 3, ""min_up"": 0, ""min_down"": 0, ""repair_until"": 8682, ""runtime"": 6837, ""demands"": 8}], ""other_repair_until"": {""wind"": [8049, 867, 6258, 7269, -63], ""pv"": [8307, -1000000000000000, -1000000000000000], ""pcs"": [-1000000000000000, -1000000000000000, -1000000000000000, -1000000000000000]}}, ""energy_inventory_change_kwh"": 0.0, ""forecast_basis"": ""current_measurements_only"", ""dump_load_kw"": 0, ""repair_clock"": ""calendar_reference"", ""operating_cost_basis"": ""same_executed_policy""}",3488555.6785397395,load_first_three_online,holdout,29,2026091702,"{""wind"": 5, ""pv"": 3, ""diesel"": 4, ""battery_energy"": 20, ""pcs"": 4}",True,0.0078125
,"holdout:(5, 3, 4, 20, 4):c1b16c40e93d24d01996b4bd81ccf0b9d616e7bef83b01e34c8697540ee6de0f:30",0.0,"{""shed_hours"": 0.0, ""longest_shed_hours"": 0.0, ""heater_kwh"": 70867.89238372991, ""diesel_kwh"": 1046123.3990459666, ""diesel_fuel_kg"": 232471.86645467643, ""battery_discharge_kwh"": 492.55500013333494, ""battery_charge_kwh"": 636.047262568871, ""starts"": 19.0, ""start_failures"": 0.0, ""diesel_run_failures"": 13.0, ""diesel_online_hours"": 26275.0, ""wind_failures"": 8.0, ""pv_failures"": 3.0, ""pcs_failures"": 0.0, ""wind_protective_stop_hours"": 31.0, ""wait_access_unit_hours"": 0.0, ""wait_crew_unit_hours"": 0.0, ""wait_prep_unit_hours"": 21.0, ""wait_heat_unit_hours"": 0.0, ""unserved_heater_command_kwh"": 0.0, ""max_balance_residual_kw"": 2.842170943040401e-14, ""max_soc_residual_kwh"": 5.684341886080802e-14, ""initial_state"": {""energy_kwh"": 850.0, ""temperatures_c"": [5.0, 5.0, 5.0, -0.4917950249892792], ""online"": 3, ""diesel_states"": [{""healthy"": true, ""running"": true, ""pending"": false, ""onsite"": false, ""prep"": 3, ""min_up"": 0, ""min_down"": 0, ""repair_until"": -1, ""runtime"": 333, ""demands"": 1}, {""healthy"": true, ""running"": true, ""pending"": false, ""onsite"": false, ""prep"": 3, ""min_up"": 0, ""min_down"": 0, ""repair_until"": -1, ""runtime"": 329, ""demands"": 1}, {""healthy"": true, ""running"": true, ""pending"": false, ""onsite"": false, ""prep"": 3, ""min_up"": 0, ""min_down"": 0, ""repair_until"": -1, ""runtime"": 325, ""demands"": 1}, {""healthy"": true, ""running"": false, ""pending"": false, ""onsite"": false, ""prep"": 0.0, ""min_up"": 0, ""min_down"": 0, ""repair_until"": -1, ""runtime"": 0, ""demands"": 0}]}, ""final_state"": {""energy_kwh"": 850.0, ""temperatures_c"": [5.0, 5.0, 5.0, 5.0], ""online"": 3, ""diesel_states"": [{""healthy"": false, ""running"": false, ""pending"": false, ""onsite"": false, ""prep"": 0.0, ""min_up"": 0, ""min_down"": 0, ""repair_until"": 8760, ""runtime"": 6790, ""demands"": 5}, {""healthy"": true, ""running"": true, ""pending"": false, ""onsite"": false, ""prep"": 3, ""min_up"": 0, ""min_down"": 0, ""repair_until"": 6824, ""runtime"": 8942, ""demands"": 2}, {""healthy"": true, ""running"": true, ""pending"": false, ""onsite"": false, ""prep"": 3, ""min_up"": 0, ""min_down"": 0, ""repair_until"": 7723, ""runtime"": 4651, ""demands"": 9}, {""healthy"": true, ""running"": true, ""pending"": false, ""onsite"": false, ""prep"": 3, ""min_up"": 0, ""min_down"": 0, ""repair_until"": 5600, ""runtime"": 6879, ""demands"": 6}], ""other_repair_until"": {""wind"": [7405, 3376, -1000000000000000, 5405, 5267], ""pv"": [4269, -1000000000000000, 7225], ""pcs"": [-1000000000000000, -1000000000000000, -1000000000000000, -1000000000000000]}}, ""energy_inventory_change_kwh"": 0.0, ""forecast_basis"": ""current_measurements_only"", ""dump_load_kw"": 0, ""repair_clock"": ""calendar_reference"", ""operating_cost_basis"": ""same_executed_policy""}",3487077.9968198696,load_first_three_online,holdout,30,2026091702,"{""wind"": 5, ""pv"": 3, ""diesel"": 4, ""battery_energy"": 20, ""pcs"": 4}",True,0.0078125
,"holdout:(5, 3, 4, 20, 4):c1b16c40e93d24d01996b4bd81ccf0b9d616e7bef83b01e34c8697540ee6de0f:31",0.0,"{""shed_hours"": 0.0, ""longest_shed_hours"": 0.0, ""heater_kwh"": 70918.5216296226, ""diesel_kwh"": 1058742.1860812237, ""diesel_fuel_kg"": 235276.0413514008, ""battery_discharge_kwh"": 431.6861113111132, ""battery_charge_kwh"": 557.4459082013319, ""starts"": 20.0, ""start_failures"": 0.0, ""diesel_run_failures"": 13.0, ""diesel_online_hours"": 26273.0, ""wind_failures"": 7.0, ""pv_failures"": 2.0, ""pcs_failures"": 0.0, ""wind_protective_stop_hours"": 31.0, ""wait_access_unit_hours"": 3.0, ""wait_crew_unit_hours"": 0.0, ""wait_prep_unit_hours"": 24.0, ""wait_heat_unit_hours"": 0.0, ""unserved_heater_command_kwh"": 0.0, ""max_balance_residual_kw"": 2.842170943040401e-14, ""max_soc_residual_kwh"": 5.684341886080802e-14, ""initial_state"": {""energy_kwh"": 850.0, ""temperatures_c"": [5.0, 5.0, 5.0, -0.4917950249892792], ""online"": 3, ""diesel_states"": [{""healthy"": true, ""running"": true, ""pending"": false, ""onsite"": false, ""prep"": 3, ""min_up"": 0, ""min_down"": 0, ""repair_until"": -1, ""runtime"": 333, ""demands"": 1}, {""healthy"": true, ""running"": true, ""pending"": false, ""onsite"": false, ""prep"": 3, ""min_up"": 0, ""min_down"": 0, ""repair_until"": -1, ""runtime"": 329, ""demands"": 1}, {""healthy"": true, ""running"": true, ""pending"": false, ""onsite"": false, ""prep"": 3, ""min_up"": 0, ""min_down"": 0, ""repair_until"": -1, ""runtime"": 325, ""demands"": 1}, {""healthy"": true, ""running"": false, ""pending"": false, ""onsite"": false, ""prep"": 0.0, ""min_up"": 0, ""min_down"": 0, ""repair_until"": -1, ""runtime"": 0, ""demands"": 0}]}, ""final_state"": {""energy_kwh"": 850.0, ""temperatures_c"": [5.0, 5.0, 5.0, 5.0], ""online"": 3, ""diesel_states"": [{""healthy"": true, ""running"": true, ""pending"": false, ""onsite"": false, ""prep"": 3, ""min_up"": 0, ""min_down"": 0, ""repair_until"": 7571, ""runtime"": 7812, ""demands"": 6}, {""healthy"": true, ""running"": true, ""pending"": false, ""onsite"": false, ""prep"": 3, ""min_up"": 0, ""min_down"": 0, ""repair_until"": 6669, ""runtime"": 7182, ""demands"": 3}, {""healthy"": true, ""running"": true, ""pending"": false, ""onsite"": false, ""prep"": 3, ""min_up"": 0, ""min_down"": 0, ""repair_until"": 7193, ""runtime"": 7052, ""demands"": 6}, {""healthy"": true, ""running"": false, ""pending"": false, ""onsite"": false, ""prep"": 3, ""min_up"": 0, ""min_down"": 0, ""repair_until"": 7702, ""runtime"": 5214, ""demands"": 8}], ""other_repair_until"": {""wind"": [2299, 5740, 5805, 7825, 142], ""pv"": [8667, 1072, -1000000000000000], ""pcs"": [-1000000000000000, -1000000000000000, -1000000000000000, -1000000000000000]}}, ""energy_inventory_change_kwh"": 0.0, ""forecast_basis"": ""current_measurements_only"", ""dump_load_kw"": 0, ""repair_clock"": ""calendar_reference"", ""operating_cost_basis"": ""same_executed_policy""}",3529140.6202707267,load_first_three_online,holdout,31,2026091702,"{""wind"": 5, ""pv"": 3, ""diesel"": 4, ""battery_energy"": 20, ""pcs"": 4}",True,0.0078125
,"holdout:(5, 3, 4, 20, 4):c1b16c40e93d24d01996b4bd81ccf0b9d616e7bef83b01e34c8697540ee6de0f:32",0.0,"{""shed_hours"": 0.0, ""longest_shed_hours"": 0.0, ""heater_kwh"": 67275.2292654309, ""diesel_kwh"": 1046752.7347139391, ""diesel_fuel_kg"": 232611.71882533722, ""battery_discharge_kwh"": 823.0611112444452, ""battery_charge_kwh"": 1062.8371787764006, ""starts"": 21.0, ""start_failures"": 0.0, ""diesel_run_failures"": 14.0, ""diesel_online_hours"": 26248.0, ""wind_failures"": 5.0, ""pv_failures"": 3.0, ""pcs_failures"": 1.0, ""wind_protective_stop_hours"": 31.0, ""wait_access_unit_hours"": 13.0, ""wait_crew_unit_hours"": 0.0, ""wait_prep_unit_hours"": 24.0, ""wait_heat_unit_hours"": 0.0, ""unserved_heater_command_kwh"": 0.0, ""max_balance_residual_kw"": 2.842170943040401e-14, ""max_soc_residual_kwh"": 5.684341886080802e-14, ""initial_state"": {""energy_kwh"": 850.0, ""temperatures_c"": [5.0, 5.0, 5.0, -0.4917950249892792], ""online"": 3, ""diesel_states"": [{""healthy"": true, ""running"": true, ""pending"": false, ""onsite"": false, ""prep"": 3, ""min_up"": 0, ""min_down"": 0, ""repair_until"": -1, ""runtime"": 333, ""demands"": 1}, {""healthy"": true, ""running"": true, ""pending"": false, ""onsite"": false, ""prep"": 3, ""min_up"": 0, ""min_down"": 0, ""repair_until"": -1, ""runtime"": 329, ""demands"": 1}, {""healthy"": true, ""running"": true, ""pending"": false, ""onsite"": false, ""prep"": 3, ""min_up"": 0, ""min_down"": 0, ""repair_until"": -1, ""runtime"": 325, ""demands"": 1}, {""healthy"": true, ""running"": false, ""pending"": false, ""onsite"": false, ""prep"": 0.0, ""min_up"": 0, ""min_down"": 0, ""repair_until"": -1, ""runtime"": 0, ""demands"": 0}]}, ""final_state"": {""energy_kwh"": 850.0, ""temperatures_c"": [5.0, 5.0, 5.0, 5.0], ""online"": 3, ""diesel_states"": [{""healthy"": true, ""running"": true, ""pending"": false, ""onsite"": false, ""prep"": 3, ""min_up"": 0, ""min_down"": 0, ""repair_until"": 7003, ""runtime"": 8294, ""demands"": 5}, {""healthy"": true, ""running"": true, ""pending"": false, ""onsite"": false, ""prep"": 3, ""min_up"": 0, ""min_down"": 0, ""repair_until"": 7212, ""runtime"": 7119, ""demands"": 5}, {""healthy"": true, ""running"": true, ""pending"": false, ""onsite"": false, ""prep"": 3, ""min_up"": 0, ""min_down"": 0, ""repair_until"": 8528, ""runtime"": 7503, ""demands"": 7}, {""healthy"": true, ""running"": false, ""pending"": false, ""onsite"": false, ""prep"": 3, ""min_up"": 0, ""min_down"": 0, ""repair_until"": 8715, ""runtime"": 4319, ""demands"": 7}], ""other_repair_until"": {""wind"": [8457, 4475, -1000000000000000, -1000000000000000, 5175], ""pv"": [1081, 8150, 1953], ""pcs"": [-1000000000000000, -1000000000000000, 3260, -1000000000000000]}}, ""energy_inventory_change_kwh"": 0.0, ""forecast_basis"": ""current_measurements_only"", ""dump_load_kw"": 0, ""repair_clock"": ""calendar_reference"", ""operating_cost_basis"": ""same_executed_policy""}",3489175.782379777,load_first_three_online,holdout,32,2026091702,"{""wind"": 5, ""pv"": 3, ""diesel"": 4, ""battery_energy"": 20, ""pcs"": 4}",True,0.0078125
,"holdout:(5, 3, 4, 20, 4):c1b16c40e93d24d01996b4bd81ccf0b9d616e7bef83b01e34c8697540ee6de0f:33",2523.2280377333327,"{""shed_hours"": 58.0, ""longest_shed_hours"": 28, ""heater_kwh"": 70110.73156287009, ""diesel_kwh"": 1039290.7420168851, ""diesel_fuel_kg"": 230953.49822599074, ""battery_discharge_kwh"": 1184.1813974333345, ""battery_charge_kwh"": 1529.1598623880855, ""starts"": 24.0, ""start_failures"": 0.0, ""diesel_run_failures"": 17.0, ""diesel_online_hours"": 26189.0, ""wind_failures"": 5.0, ""pv_failures"": 0.0, ""pcs_failures"": 0.0, ""wind_protective_stop_hours"": 31.0, ""wait_access_unit_hours"": 3.0, ""wait_crew_unit_hours"": 36.0, ""wait_prep_unit_hours"": 24.0, ""wait_heat_unit_hours"": 45.0, ""unserved_heater_command_kwh"": 2879.0450981913928, ""max_balance_residual_kw"": 2.842170943040401e-14, ""max_soc_residual_kwh"": 5.684341886080802e-14, ""initial_state"": {""energy_kwh"": 850.0, ""temperatures_c"": [5.0, 5.0, 5.0, -0.4917950249892792], ""online"": 3, ""diesel_states"": [{""healthy"": true, ""running"": true, ""pending"": false, ""onsite"": false, ""prep"": 3, ""min_up"": 0, ""min_down"": 0, ""repair_until"": -1, ""runtime"": 333, ""demands"": 1}, {""healthy"": true, ""running"": true, ""pending"": false, ""onsite"": false, ""prep"": 3, ""min_up"": 0, ""min_down"": 0, ""repair_until"": -1, ""runtime"": 329, ""demands"": 1}, {""healthy"": true, ""running"": true, ""pending"": false, ""onsite"": false, ""prep"": 3, ""min_up"": 0, ""min_down"": 0, ""repair_until"": -1, ""runtime"": 325, ""demands"": 1}, {""healthy"": true, ""running"": false, ""pending"": false, ""onsite"": false, ""prep"": 0.0, ""min_up"": 0, ""min_down"": 0, ""repair_until"": -1, ""runtime"": 0, ""demands"": 0}]}, ""final_state"": {""energy_kwh"": 850.0, ""temperatures_c"": [5.0, 5.0, 5.0, 5.0], ""online"": 3, ""diesel_states"": [{""healthy"": true, ""running"": true, ""pending"": false, ""onsite"": false, ""prep"": 3, ""min_up"": 0, ""min_down"": 0, ""repair_until"": 7236, ""runtime"": 6248, ""demands"": 7}, {""healthy"": true, ""running"": false, ""pending"": false, ""onsite"": false, ""prep"": 3, ""min_up"": 0, ""min_down"": 0, ""repair_until"": 8263, ""runtime"": 7903, ""demands"": 4}, {""healthy"": true, ""running"": true, ""pending"": false, ""onsite"": false, ""prep"": 3, ""min_up"": 0, ""min_down"": 0, ""repair_until"": 7213, ""runtime"": 7958, ""demands"": 7}, {""healthy"": true, ""running"": true, ""pending"": false, ""onsite"": false, ""prep"": 3, ""min_up"": 0, ""min_down"": 0, ""repair_until"": 8034, ""runtime"": 5067, ""demands"": 9}], ""other_repair_until"": {""wind"": [8818, 3384, 7606, -1000000000000000, 8735], ""pv"": [-1000000000000000, -1000000000000000, -1000000000000000], ""pcs"": [-1000000000000000, -1000000000000000, -1000000000000000, -1000000000000000]}}, ""energy_inventory_change_kwh"": 0.0, ""forecast_basis"": ""current_measurements_only"", ""dump_load_kw"": 0, ""repair_clock"": ""calendar_reference"", ""operating_cost_basis"": ""same_executed_policy""}",3464302.4733896004,load_first_three_online,holdout,33,2026091702,"{""wind"": 5, ""pv"": 3, ""diesel"": 4, ""battery_energy"": 20, ""pcs"": 4}",True,0.0078125
,"holdout:(5, 3, 4, 20, 4):c1b16c40e93d24d01996b4bd81ccf0b9d616e7bef83b01e34c8697540ee6de0f:34",0.0,"{""shed_hours"": 0.0, ""longest_shed_hours"": 0.0, ""heater_kwh"": 70754.65942233945, ""diesel_kwh"": 1048670.9085807751, ""diesel_fuel_kg"": 233037.97968463448, ""battery_discharge_kwh"": 357.40722235555745, ""battery_charge_kwh"": 461.5279214302119, ""starts"": 19.0, ""start_failures"": 0.0, ""diesel_run_failures"": 12.0, ""diesel_online_hours"": 26271.0, ""wind_failures"": 11.0, ""pv_failures"": 1.0, ""pcs_failures"": 0.0, ""wind_protective_stop_hours"": 31.0, ""wait_access_unit_hours"": 4.0, ""wait_crew_unit_hours"": 0.0, ""wait_prep_unit_hours"": 24.0, ""wait_heat_unit_hours"": 0.0, ""unserved_heater_command_kwh"": 0.0, ""max_balance_residual_kw"": 2.842170943040401e-14, ""max_soc_residual_kwh"": 5.684341886080802e-14, ""initial_state"": {""energy_kwh"": 850.0, ""temperatures_c"": [5.0, 5.0, 5.0, -0.4917950249892792], ""online"": 3, ""diesel_states"": [{""healthy"": true, ""running"": true, ""pending"": false, ""onsite"": false, ""prep"": 3, ""min_up"": 0, ""min_down"": 0, ""repair_until"": -1, ""runtime"": 333, ""demands"": 1}, {""healthy"": true, ""running"": true, ""pending"": false, ""onsite"": false, ""prep"": 3, ""min_up"": 0, ""min_down"": 0, ""repair_until"": -1, ""runtime"": 329, ""demands"": 1}, {""healthy"": true, ""running"": true, ""pending"": false, ""onsite"": false, ""prep"": 3, ""min_up"": 0, ""min_down"": 0, ""repair_until"": -1, ""runtime"": 325, ""demands"": 1}, {""healthy"": true, ""running"": false, ""pending"": false, ""onsite"": false, ""prep"": 0.0, ""min_up"": 0, ""min_down"": 0, ""repair_until"": -1, ""runtime"": 0, ""demands"": 0}]}, ""final_state"": {""energy_kwh"": 850.0, ""temperatures_c"": [5.0, 5.0, 5.0, 5.0], ""online"": 3, ""diesel_states"": [{""healthy"": true, ""running"": true, ""pending"": false, ""onsite"": false, ""prep"": 3, ""min_up"": 0, ""min_down"": 0, ""repair_until"": 4219, ""runtime"": 7956, ""demands"": 4}, {""healthy"": true, ""running"": true, ""pending"": false, ""onsite"": false, ""prep"": 3, ""min_up"": 0, ""min_down"": 0, ""repair_until"": 3994, ""runtime"": 8516, ""demands"": 3}, {""healthy"": true, ""running"": true, ""pending"": false, ""onsite"": false, ""prep"": 3, ""min_up"": 0, ""min_down"": 0, ""repair_until"": 6458, ""runtime"": 6820, ""demands"": 6}, {""healthy"": true, ""running"": false, ""pending"": false, ""onsite"": false, ""prep"": 3, ""min_up"": 0, ""min_down"": 0, ""repair_until"": 7857, ""runtime"": 3966, ""demands"": 9}], ""other_repair_until"": {""wind"": [3889, 3407, 7281, 6195, 1932], ""pv"": [6454, -1000000000000000, -1000000000000000], ""pcs"": [-1000000000000000, -1000000000000000, -1000000000000000, -1000000000000000]}}, ""energy_inventory_change_kwh"": 0.0, ""forecast_basis"": ""current_measurements_only"", ""dump_load_kw"": 0, ""repair_clock"": ""calendar_reference"", ""operating_cost_basis"": ""same_executed_policy""}",3495569.6952692294,load_first_three_online,holdout,34,2026091702,"{""wind"": 5, ""pv"": 3, ""diesel"": 4, ""battery_energy"": 20, ""pcs"": 4}",True,0.0078125
,"holdout:(5, 3, 4, 20, 4):c1b16c40e93d24d01996b4bd81ccf0b9d616e7bef83b01e34c8697540ee6de0f:35",0.0,"{""shed_hours"": 0.0, ""longest_shed_hours"": 0.0, ""heater_kwh"": 70701.39951167302, ""diesel_kwh"": 1047891.0847534466, ""diesel_fuel_kg"": 232864.68550078213, ""battery_discharge_kwh"": 385.7661112444464, ""battery_charge_kwh"": 498.1483874540869, ""starts"": 26.0, ""start_failures"": 0.0, ""diesel_run_failures"": 19.0, ""diesel_online_hours"": 26263.0, ""wind_failures"": 2.0, ""pv_failures"": 1.0, ""pcs_failures"": 0.0, ""wind_protective_stop_hours"": 31.0, ""wait_access_unit_hours"": 0.0, ""wait_crew_unit_hours"": 0.0, ""wait_prep_unit_hours"": 24.0, ""wait_heat_unit_hours"": 0.0, ""unserved_heater_command_kwh"": 0.0, ""max_balance_residual_kw"": 2.842170943040401e-14, ""max_soc_residual_kwh"": 5.684341886080802e-14, ""initial_state"": {""energy_kwh"": 850.0, ""temperatures_c"": [5.0, 5.0, 5.0, -0.4917950249892792], ""online"": 3, ""diesel_states"": [{""healthy"": true, ""running"": true, ""pending"": false, ""onsite"": false, ""prep"": 3, ""min_up"": 0, ""min_down"": 0, ""repair_until"": -1, ""runtime"": 333, ""demands"": 1}, {""healthy"": true, ""running"": true, ""pending"": false, ""onsite"": false, ""prep"": 3, ""min_up"": 0, ""min_down"": 0, ""repair_until"": -1, ""runtime"": 329, ""demands"": 1}, {""healthy"": true, ""running"": true, ""pending"": false, ""onsite"": false, ""prep"": 3, ""min_up"": 0, ""min_down"": 0, ""repair_until"": -1, ""runtime"": 325, ""demands"": 1}, {""healthy"": true, ""running"": false, ""pending"": false, ""onsite"": false, ""prep"": 0.0, ""min_up"": 0, ""min_down"": 0, ""repair_until"": -1, ""runtime"": 0, ""demands"": 0}]}, ""final_state"": {""energy_kwh"": 850.0, ""temperatures_c"": [5.0, 5.0, 5.0, 5.0], ""online"": 3, ""diesel_states"": [{""healthy"": true, ""running"": true, ""pending"": false, ""onsite"": false, ""prep"": 3, ""min_up"": 0, ""min_down"": 0, ""repair_until"": 7566, ""runtime"": 6879, ""demands"": 8}, {""healthy"": true, ""running"": true, ""pending"": false, ""onsite"": false, ""prep"": 3, ""min_up"": 0, ""min_down"": 0, ""repair_until"": 5793, ""runtime"": 8603, ""demands"": 3}, {""healthy"": true, ""running"": false, ""pending"": false, ""onsite"": false, ""prep"": 3, ""min_up"": 0, ""min_down"": 0, ""repair_until"": 7759, ""runtime"": 5167, ""demands"": 10}, {""healthy"": true, ""running"": true, ""pending"": false, ""onsite"": false, ""prep"": 3, ""min_up"": 0, ""min_down"": 0, ""repair_until"": 7484, ""runtime"": 6601, ""demands"": 8}], ""other_repair_until"": {""wind"": [2679, -1000000000000000, -1000000000000000, -1000000000000000, 7870], ""pv"": [-1000000000000000, -1000000000000000, 8181], ""pcs"": [-1000000000000000, -1000000000000000, -1000000000000000, -1000000000000000]}}, ""energy_inventory_change_kwh"": 0.0, ""forecast_basis"": ""current_measurements_only"", ""dump_load_kw"": 0, ""repair_clock"": ""calendar_reference"", ""operating_cost_basis"": ""same_executed_policy""}",3492970.2825114634,load_first_three_online,holdout,35,2026091702,"{""wind"": 5, ""pv"": 3, ""diesel"": 4, ""battery_energy"": 20, ""pcs"": 4}",True,0.0078125
,"holdout:(5, 3, 4, 20, 4):c1b16c40e93d24d01996b4bd81ccf0b9d616e7bef83b01e34c8697540ee6de0f:36",0.0,"{""shed_hours"": 0.0, ""longest_shed_hours"": 0.0, ""heater_kwh"": 70345.15824052172, ""diesel_kwh"": 1043292.664216647, ""diesel_fuel_kg"": 231842.81427038304, ""battery_discharge_kwh"": 570.6072223555572, ""battery_charge_kwh"": 736.8378387855837, ""starts"": 19.0, ""start_failures"": 0.0, ""diesel_run_failures"": 11.0, ""diesel_online_hours"": 26255.0, ""wind_failures"": 4.0, ""pv_failures"": 4.0, ""pcs_failures"": 0.0, ""wind_protective_stop_hours"": 31.0, ""wait_access_unit_hours"": 0.0, ""wait_crew_unit_hours"": 0.0, ""wait_prep_unit_hours"": 27.0, ""wait_heat_unit_hours"": 0.0, ""unserved_heater_command_kwh"": 0.0, ""max_balance_residual_kw"": 2.842170943040401e-14, ""max_soc_residual_kwh"": 5.684341886080802e-14, ""initial_state"": {""energy_kwh"": 850.0, ""temperatures_c"": [5.0, 5.0, 5.0, -0.4917950249892792], ""online"": 3, ""diesel_states"": [{""healthy"": true, ""running"": true, ""pending"": false, ""onsite"": false, ""prep"": 3, ""min_up"": 0, ""min_down"": 0, ""repair_until"": -1, ""runtime"": 333, ""demands"": 1}, {""healthy"": true, ""running"": true, ""pending"": false, ""onsite"": false, ""prep"": 3, ""min_up"": 0, ""min_down"": 0, ""repair_until"": -1, ""runtime"": 329, ""demands"": 1}, {""healthy"": true, ""running"": true, ""pending"": false, ""onsite"": false, ""prep"": 3, ""min_up"": 0, ""min_down"": 0, ""repair_until"": -1, ""runtime"": 325, ""demands"": 1}, {""healthy"": true, ""running"": false, ""pending"": false, ""onsite"": false, ""prep"": 0.0, ""min_up"": 0, ""min_down"": 0, ""repair_until"": -1, ""runtime"": 0, ""demands"": 0}]}, ""final_state"": {""energy_kwh"": 850.0, ""temperatures_c"": [5.0, 5.0, 5.0, 5.0], ""online"": 3, ""diesel_states"": [{""healthy"": true, ""running"": true, ""pending"": false, ""onsite"": false, ""prep"": 3, ""min_up"": 0, ""min_down"": 0, ""repair_until"": 7358, ""runtime"": 6823, ""demands"": 6}, {""healthy"": true, ""running"": true, ""pending"": false, ""onsite"": false, ""prep"": 3, ""min_up"": 0, ""min_down"": 0, ""repair_until"": 7214, ""runtime"": 8920, ""demands"": 2}, {""healthy"": true, ""running"": false, ""pending"": false, ""onsite"": false, ""prep"": 3, ""min_up"": 0, ""min_down"": 0, ""repair_until"": 8040, ""runtime"": 5966, ""demands"": 6}, {""healthy"": true, ""running"": true, ""pending"": false, ""onsite"": false, ""prep"": 3, ""min_up"": 0, ""min_down"": 0, ""repair_until"": 7001, ""runtime"": 5533, ""demands"": 8}], ""other_repair_until"": {""wind"": [6377, 6059, 5518, 3331, -1000000000000000], ""pv"": [6538, 5803, 5985], ""pcs"": [-1000000000000000, -1000000000000000, -1000000000000000, -1000000000000000]}}, ""energy_inventory_change_kwh"": 0.0, ""forecast_basis"": ""current_measurements_only"", ""dump_load_kw"": 0, ""repair_clock"": ""calendar_reference"", ""operating_cost_basis"": ""same_executed_policy""}",3477642.2140554735,load_first_three_online,holdout,36,2026091702,"{""wind"": 5, ""pv"": 3, ""diesel"": 4, ""battery_energy"": 20, ""pcs"": 4}",True,0.0078125
,"holdout:(5, 3, 4, 20, 4):c1b16c40e93d24d01996b4bd81ccf0b9d616e7bef83b01e34c8697540ee6de0f:37",60.60499999999999,"{""shed_hours"": 1.0, ""longest_shed_hours"": 1, ""heater_kwh"": 70933.71894481433, ""diesel_kwh"": 1044631.3570285474, ""diesel_fuel_kg"": 232140.301561917, ""battery_discharge_kwh"": 1064.3900002000014, ""battery_charge_kwh"": 1374.4705581095047, ""starts"": 20.0, ""start_failures"": 0.0, ""diesel_run_failures"": 13.0, ""diesel_online_hours"": 26249.0, ""wind_failures"": 7.0, ""pv_failures"": 2.0, ""pcs_failures"": 1.0, ""wind_protective_stop_hours"": 31.0, ""wait_access_unit_hours"": 27.0, ""wait_crew_unit_hours"": 0.0, ""wait_prep_unit_hours"": 24.0, ""wait_heat_unit_hours"": 0.0, ""unserved_heater_command_kwh"": 6.839999999999996, ""max_balance_residual_kw"": 2.842170943040401e-14, ""max_soc_residual_kwh"": 5.684341886080802e-14, ""initial_state"": {""energy_kwh"": 850.0, ""temperatures_c"": [5.0, 5.0, 5.0, -0.4917950249892792], ""online"": 3, ""diesel_states"": [{""healthy"": true, ""running"": true, ""pending"": false, ""onsite"": false, ""prep"": 3, ""min_up"": 0, ""min_down"": 0, ""repair_until"": -1, ""runtime"": 333, ""demands"": 1}, {""healthy"": true, ""running"": true, ""pending"": false, ""onsite"": false, ""prep"": 3, ""min_up"": 0, ""min_down"": 0, ""repair_until"": -1, ""runtime"": 329, ""demands"": 1}, {""healthy"": true, ""running"": true, ""pending"": false, ""onsite"": false, ""prep"": 3, ""min_up"": 0, ""min_down"": 0, ""repair_until"": -1, ""runtime"": 325, ""demands"": 1}, {""healthy"": true, ""running"": false, ""pending"": false, ""onsite"": false, ""prep"": 0.0, ""min_up"": 0, ""min_down"": 0, ""repair_until"": -1, ""runtime"": 0, ""demands"": 0}]}, ""final_state"": {""energy_kwh"": 850.0, ""temperatures_c"": [5.0, 5.0, 5.0, 5.0], ""online"": 3, ""diesel_states"": [{""healthy"": true, ""running"": false, ""pending"": false, ""onsite"": false, ""prep"": 3, ""min_up"": 0, ""min_down"": 0, ""repair_until"": 7906, ""runtime"": 7347, ""demands"": 3}, {""healthy"": true, ""running"": true, ""pending"": false, ""onsite"": false, ""prep"": 3, ""min_up"": 0, ""min_down"": 0, ""repair_until"": 7588, ""runtime"": 7687, ""demands"": 4}, {""healthy"": true, ""running"": true, ""pending"": false, ""onsite"": false, ""prep"": 3, ""min_up"": 0, ""min_down"": 0, ""repair_until"": 6336, ""runtime"": 4750, ""demands"": 9}, {""healthy"": true, ""running"": true, ""pending"": false, ""onsite"": false, ""prep"": 3, ""min_up"": 0, ""min_down"": 0, ""repair_until"": 5798, ""runtime"": 7452, ""demands"": 7}], ""other_repair_until"": {""wind"": [8823, 3105, 8079, -1000000000000000, 8361], ""pv"": [-1000000000000000, 3808, 6575], ""pcs"": [-1000000000000000, -1000000000000000, 2901, -1000000000000000]}}, ""energy_inventory_change_kwh"": 0.0, ""forecast_basis"": ""current_measurements_only"", ""dump_load_kw"": 0, ""repair_clock"": ""calendar_reference"", ""operating_cost_basis"": ""same_executed_policy""}",3482104.5234284685,load_first_three_online,holdout,37,2026091702,"{""wind"": 5, ""pv"": 3, ""diesel"": 4, ""battery_energy"": 20, ""pcs"": 4}",True,0.0078125
,"holdout:(5, 3, 4, 20, 4):c1b16c40e93d24d01996b4bd81ccf0b9d616e7bef83b01e34c8697540ee6de0f:38",0.0,"{""shed_hours"": 0.0, ""longest_shed_hours"": 0.0, ""heater_kwh"": 70913.73054645094, ""diesel_kwh"": 1045849.5677351864, ""diesel_fuel_kg"": 232411.01505228045, ""battery_discharge_kwh"": 764.7597224888898, ""battery_charge_kwh"": 987.5512945362722, ""starts"": 20.0, ""start_failures"": 0.0, ""diesel_run_failures"": 14.0, ""diesel_online_hours"": 26185.0, ""wind_failures"": 6.0, ""pv_failures"": 3.0, ""pcs_failures"": 0.0, ""wind_protective_stop_hours"": 31.0, ""wait_access_unit_hours"": 0.0, ""wait_crew_unit_hours"": 0.0, ""wait_prep_unit_hours"": 21.0, ""wait_heat_unit_hours"": 0.0, ""unserved_heater_command_kwh"": 0.0, ""max_balance_residual_kw"": 2.842170943040401e-14, ""max_soc_residual_kwh"": 5.684341886080802e-14, ""initial_state"": {""energy_kwh"": 850.0, ""temperatures_c"": [5.0, 5.0, 5.0, -0.4917950249892792], ""online"": 3, ""diesel_states"": [{""healthy"": true, ""running"": true, ""pending"": false, ""onsite"": false, ""prep"": 3, ""min_up"": 0, ""min_down"": 0, ""repair_until"": -1, ""runtime"": 333, ""demands"": 1}, {""healthy"": true, ""running"": true, ""pending"": false, ""onsite"": false, ""prep"": 3, ""min_up"": 0, ""min_down"": 0, ""repair_until"": -1, ""runtime"": 329, ""demands"": 1}, {""healthy"": true, ""running"": true, ""pending"": false, ""onsite"": false, ""prep"": 3, ""min_up"": 0, ""min_down"": 0, ""repair_until"": -1, ""runtime"": 325, ""demands"": 1}, {""healthy"": true, ""running"": false, ""pending"": false, ""onsite"": false, ""prep"": 0.0, ""min_up"": 0, ""min_down"": 0, ""repair_until"": -1, ""runtime"": 0, ""demands"": 0}]}, ""final_state"": {""energy_kwh"": 850.0, ""temperatures_c"": [5.0, 5.0, 5.0, 5.0], ""online"": 3, ""diesel_states"": [{""healthy"": true, ""running"": false, ""pending"": false, ""onsite"": false, ""prep"": 3, ""min_up"": 0, ""min_down"": 0, ""repair_until"": 8150, ""runtime"": 6396, ""demands"": 5}, {""healthy"": true, ""running"": true, ""pending"": false, ""onsite"": false, ""prep"": 3, ""min_up"": 0, ""min_down"": 0, ""repair_until"": 7817, ""runtime"": 7548, ""demands"": 6}, {""healthy"": true, ""running"": true, ""pending"": false, ""onsite"": false, ""prep"": 3, ""min_up"": 0, ""min_down"": 0, ""repair_until"": 1448, ""runtime"": 6302, ""demands"": 5}, {""healthy"": true, ""running"": true, ""pending"": false, ""onsite"": false, ""prep"": 3, ""min_up"": 0, ""min_down"": 0, ""repair_until"": 8126, ""runtime"": 6926, ""demands"": 7}], ""other_repair_until"": {""wind"": [5218, -1000000000000000, -1000000000000000, 3509, 2672], ""pv"": [1910, -1000000000000000, 4362], ""pcs"": [-1000000000000000, -1000000000000000, -1000000000000000, -1000000000000000]}}, ""energy_inventory_change_kwh"": 0.0, ""forecast_basis"": ""current_measurements_only"", ""dump_load_kw"": 0, ""repair_clock"": ""calendar_reference"", ""operating_cost_basis"": ""same_executed_policy""}",3486165.2257839404,load_first_three_online,holdout,38,2026091702,"{""wind"": 5, ""pv"": 3, ""diesel"": 4, ""battery_energy"": 20, ""pcs"": 4}",True,0.0078125
,"holdout:(5, 3, 4, 20, 4):c1b16c40e93d24d01996b4bd81ccf0b9d616e7bef83b01e34c8697540ee6de0f:39",0.0,"{""shed_hours"": 0.0, ""longest_shed_hours"": 0.0, ""heater_kwh"": 70505.51608576975, ""diesel_kwh"": 1045717.2253223483, ""diesel_fuel_kg"": 232381.60562720528, ""battery_discharge_kwh"": 325.7950001333352, ""battery_charge_kwh"": 420.7063534779619, ""starts"": 20.0, ""start_failures"": 0.0, ""diesel_run_failures"": 14.0, ""diesel_online_hours"": 26279.0, ""wind_failures"": 5.0, ""pv_failures"": 3.0, ""pcs_failures"": 1.0, ""wind_protective_stop_hours"": 31.0, ""wait_access_unit_hours"": 0.0, ""wait_crew_unit_hours"": 0.0, ""wait_prep_unit_hours"": 21.0, ""wait_heat_unit_hours"": 0.0, ""unserved_heater_command_kwh"": 0.0, ""max_balance_residual_kw"": 2.842170943040401e-14, ""max_soc_residual_kwh"": 5.684341886080802e-14, ""initial_state"": {""energy_kwh"": 850.0, ""temperatures_c"": [5.0, 5.0, 5.0, -0.4917950249892792], ""online"": 3, ""diesel_states"": [{""healthy"": true, ""running"": true, ""pending"": false, ""onsite"": false, ""prep"": 3, ""min_up"": 0, ""min_down"": 0, ""repair_until"": -1, ""runtime"": 333, ""demands"": 1}, {""healthy"": true, ""running"": true, ""pending"": false, ""onsite"": false, ""prep"": 3, ""min_up"": 0, ""min_down"": 0, ""repair_until"": -1, ""runtime"": 329, ""demands"": 1}, {""healthy"": true, ""running"": true, ""pending"": false, ""onsite"": false, ""prep"": 3, ""min_up"": 0, ""min_down"": 0, ""repair_until"": -1, ""runtime"": 325, ""demands"": 1}, {""healthy"": true, ""running"": false, ""pending"": false, ""onsite"": false, ""prep"": 0.0, ""min_up"": 0, ""min_down"": 0, ""repair_until"": -1, ""runtime"": 0, ""demands"": 0}]}, ""final_state"": {""energy_kwh"": 850.0, ""temperatures_c"": [5.0, 5.0, 5.0, 5.0], ""online"": 3, ""diesel_states"": [{""healthy"": true, ""running"": true, ""pending"": false, ""onsite"": false, ""prep"": 3, ""min_up"": 0, ""min_down"": 0, ""repair_until"": 7086, ""runtime"": 8325, ""demands"": 4}, {""healthy"": true, ""running"": false, ""pending"": false, ""onsite"": false, ""prep"": 3, ""min_up"": 0, ""min_down"": 0, ""repair_until"": 8631, ""runtime"": 8742, ""demands"": 2}, {""healthy"": true, ""running"": true, ""pending"": false, ""onsite"": false, ""prep"": 3, ""min_up"": 0, ""min_down"": 0, ""repair_until"": 7397, ""runtime"": 4786, ""demands"": 9}, {""healthy"": true, ""running"": true, ""pending"": false, ""onsite"": false, ""prep"": 3, ""min_up"": 0, ""min_down"": 0, ""repair_until"": 8486, ""runtime"": 5413, ""demands"": 8}], ""other_repair_until"": {""wind"": [5543, 4860, -1000000000000000, -1000000000000000, 3673], ""pv"": [8064, -1000000000000000, 8549], ""pcs"": [-1000000000000000, 4759, -1000000000000000, -1000000000000000]}}, ""energy_inventory_change_kwh"": 0.0, ""forecast_basis"": ""current_measurements_only"", ""dump_load_kw"": 0, ""repair_clock"": ""calendar_reference"", ""operating_cost_basis"": ""same_executed_policy""}",3485724.084407807,load_first_three_online,holdout,39,2026091702,"{""wind"": 5, ""pv"": 3, ""diesel"": 4, ""battery_energy"": 20, ""pcs"": 4}",True,0.0078125
,"holdout:(5, 3, 4, 20, 4):c1b16c40e93d24d01996b4bd81ccf0b9d616e7bef83b01e34c8697540ee6de0f:40",0.0,"{""shed_hours"": 0.0, ""longest_shed_hours"": 0.0, ""heater_kwh"": 70967.61078027803, ""diesel_kwh"": 1042588.9064707317, ""diesel_fuel_kg"": 231686.42366017972, ""battery_discharge_kwh"": 414.74722232222393, ""battery_charge_kwh"": 535.5723428747709, ""starts"": 15.0, ""start_failures"": 0.0, ""diesel_run_failures"": 9.0, ""diesel_online_hours"": 26280.0, ""wind_failures"": 6.0, ""pv_failures"": 1.0, ""pcs_failures"": 1.0, ""wind_protective_stop_hours"": 31.0, ""wait_access_unit_hours"": 0.0, ""wait_crew_unit_hours"": 0.0, ""wait_prep_unit_hours"": 18.0, ""wait_heat_unit_hours"": 0.0, ""unserved_heater_command_kwh"": 0.0, ""max_balance_residual_kw"": 2.842170943040401e-14, ""max_soc_residual_kwh"": 5.684341886080802e-14, ""initial_state"": {""energy_kwh"": 850.0, ""temperatures_c"": [5.0, 5.0, 5.0, 5.0], ""online"": 3, ""diesel_states"": [{""healthy"": true, ""running"": true, ""pending"": false, ""onsite"": false, ""prep"": 3, ""min_up"": 0, ""min_down"": 0, ""repair_until"": -1, ""runtime"": 333, ""demands"": 1}, {""healthy"": true, ""running"": true, ""pending"": false, ""onsite"": false, ""prep"": 3, ""min_up"": 0, ""min_down"": 0, ""repair_until"": -1, ""runtime"": 329, ""demands"": 1}, {""healthy"": true, ""running"": false, ""pending"": false, ""onsite"": false, ""prep"": 3, ""min_up"": 0, ""min_down"": 0, ""repair_until"": -188, ""runtime"": 136, ""demands"": 1}, {""healthy"": true, ""running"": true, ""pending"": false, ""onsite"": false, ""prep"": 3, ""min_up"": 0, ""min_down"": 0, ""repair_until"": -1, ""runtime"": 186, ""demands"": 1}]}, ""final_state"": {""energy_kwh"": 850.0, ""temperatures_c"": [5.0, 5.0, 5.0, 5.0], ""online"": 3, ""diesel_states"": [{""healthy"": true, ""running"": false, ""pending"": false, ""onsite"": false, ""prep"": 3, ""min_up"": 0, ""min_down"": 0, ""repair_until"": 8730, ""runtime"": 8803, ""demands"": 2}, {""healthy"": true, ""running"": true, ""pending"": false, ""onsite"": false, ""prep"": 3, ""min_up"": 0, ""min_down"": 0, ""repair_until"": 8563, ""runtime"": 7062, ""demands"": 4}, {""healthy"": true, ""running"": true, ""pending"": false, ""onsite"": false, ""prep"": 3, ""min_up"": 0, ""min_down"": 0, ""repair_until"": 6700, ""runtime"": 5716, ""demands"": 7}, {""healthy"": true, ""running"": true, ""pending"": false, ""onsite"": false, ""prep"": 3, ""min_up"": 0, ""min_down"": 0, ""repair_until"": 7921, ""runtime"": 5683, ""demands"": 6}], ""other_repair_until"": {""wind"": [1550, -1000000000000000, 7361, 7146, -1000000000000000], ""pv"": [3116, -1000000000000000, -1000000000000000], ""pcs"": [-1000000000000000, -1000000000000000, 2569, -1000000000000000]}}, ""energy_inventory_change_kwh"": 0.0, ""forecast_basis"": ""current_measurements_only"", ""dump_load_kw"": 0, ""repair_clock"": ""calendar_reference"", ""operating_cost_basis"": ""same_executed_policy""}",3475296.354902418,load_first_three_online,holdout,40,2026091702,"{""wind"": 5, ""pv"": 3, ""diesel"": 4, ""battery_energy"": 20, ""pcs"": 4}",True,0.0078125
,"holdout:(5, 3, 4, 20, 4):c1b16c40e93d24d01996b4bd81ccf0b9d616e7bef83b01e34c8697540ee6de0f:41",0.0,"{""shed_hours"": 0.0, ""longest_shed_hours"": 0.0, ""heater_kwh"": 70967.61078027803, ""diesel_kwh"": 1043273.7331717106, ""diesel_fuel_kg"": 231838.60737150823, ""battery_discharge_kwh"": 539.0450001333351, ""battery_charge_kwh"": 696.0808369490362, ""starts"": 20.0, ""start_failures"": 0.0, ""diesel_run_failures"": 13.0, ""diesel_online_hours"": 26263.0, ""wind_failures"": 9.0, ""pv_failures"": 1.0, ""pcs_failures"": 1.0, ""wind_protective_stop_hours"": 31.0, ""wait_access_unit_hours"": 0.0, ""wait_crew_unit_hours"": 0.0, ""wait_prep_unit_hours"": 21.0, ""wait_heat_unit_hours"": 0.0, ""unserved_heater_command_kwh"": 0.0, ""max_balance_residual_kw"": 2.842170943040401e-14, ""max_soc_residual_kwh"": 5.684341886080802e-14, ""initial_state"": {""energy_kwh"": 850.0, ""temperatures_c"": [5.0, 5.0, 5.0, 5.0], ""online"": 3, ""diesel_states"": [{""healthy"": true, ""running"": true, ""pending"": false, ""onsite"": false, ""prep"": 3, ""min_up"": 0, ""min_down"": 0, ""repair_until"": -1, ""runtime"": 333, ""demands"": 1}, {""healthy"": true, ""running"": false, ""pending"": false, ""onsite"": false, ""prep"": 3, ""min_up"": 0, ""min_down"": 0, ""repair_until"": -168, ""runtime"": 159, ""demands"": 1}, {""healthy"": true, ""running"": true, ""pending"": false, ""onsite"": false, ""prep"": 3, ""min_up"": 0, ""min_down"": 0, ""repair_until"": -1, ""runtime"": 325, ""demands"": 1}, {""healthy"": true, ""running"": true, ""pending"": false, ""onsite"": false, ""prep"": 3, ""min_up"": 0, ""min_down"": 0, ""repair_until"": -1, ""runtime"": 167, ""demands"": 1}]}, ""final_state"": {""energy_kwh"": 850.0, ""temperatures_c"": [5.0, 5.0, 5.0, 5.0], ""online"": 3, ""diesel_states"": [{""healthy"": true, ""running"": true, ""pending"": false, ""onsite"": false, ""prep"": 3, ""min_up"": 0, ""min_down"": 0, ""repair_until"": 6657, ""runtime"": 7631, ""demands"": 3}, {""healthy"": true, ""running"": false, ""pending"": false, ""onsite"": false, ""prep"": 3, ""min_up"": 0, ""min_down"": 0, ""repair_until"": 8749, ""runtime"": 6795, ""demands"": 6}, {""healthy"": true, ""running"": true, ""pending"": false, ""onsite"": false, ""prep"": 3, ""min_up"": 0, ""min_down"": 0, ""repair_until"": 8275, ""runtime"": 5629, ""demands"": 9}, {""healthy"": true, ""running"": true, ""pending"": false, ""onsite"": false, ""prep"": 3, ""min_up"": 0, ""min_down"": 0, ""repair_until"": 3457, ""runtime"": 7192, ""demands"": 6}], ""other_repair_until"": {""wind"": [5675, 303, 8369, 7542, 7844], ""pv"": [-1000000000000000, -1000000000000000, 4564], ""pcs"": [3036, -1000000000000000, -1000000000000000, -1000000000000000]}}, ""energy_inventory_change_kwh"": 0.0, ""forecast_basis"": ""current_measurements_only"", ""dump_load_kw"": 0, ""repair_clock"": ""calendar_reference"", ""operating_cost_basis"": ""same_executed_policy""}",3477579.110572344,load_first_three_online,holdout,41,2026091702,"{""wind"": 5, ""pv"": 3, ""diesel"": 4, ""battery_energy"": 20, ""pcs"": 4}",True,0.0078125
,"holdout:(5, 3, 4, 20, 4):c1b16c40e93d24d01996b4bd81ccf0b9d616e7bef83b01e34c8697540ee6de0f:42",0.0,"{""shed_hours"": 0.0, ""longest_shed_hours"": 0.0, ""heater_kwh"": 70639.38040935318, ""diesel_kwh"": 1043408.9410146542, ""diesel_fuel_kg"": 231868.65355882962, ""battery_discharge_kwh"": 544.4785816390698, ""battery_charge_kwh"": 703.0973419925992, ""starts"": 20.0, ""start_failures"": 0.0, ""diesel_run_failures"": 14.0, ""diesel_online_hours"": 26274.0, ""wind_failures"": 8.0, ""pv_failures"": 1.0, ""pcs_failures"": 0.0, ""wind_protective_stop_hours"": 31.0, ""wait_access_unit_hours"": 1.0, ""wait_crew_unit_hours"": 0.0, ""wait_prep_unit_hours"": 21.0, ""wait_heat_unit_hours"": 0.0, ""unserved_heater_command_kwh"": 0.0, ""max_balance_residual_kw"": 2.842170943040401e-14, ""max_soc_residual_kwh"": 5.684341886080802e-14, ""initial_state"": {""energy_kwh"": 850.0, ""temperatures_c"": [5.0, 5.0, 5.0, -0.4917950249892792], ""online"": 3, ""diesel_states"": [{""healthy"": true, ""running"": true, ""pending"": false, ""onsite"": false, ""prep"": 3, ""min_up"": 0, ""min_down"": 0, ""repair_until"": -1, ""runtime"": 333, ""demands"": 1}, {""healthy"": true, ""running"": true, ""pending"": false, ""onsite"": false, ""prep"": 3, ""min_up"": 0, ""min_down"": 0, ""repair_until"": -1, ""runtime"": 329, ""demands"": 1}, {""healthy"": true, ""running"": true, ""pending"": false, ""onsite"": false, ""prep"": 3, ""min_up"": 0, ""min_down"": 0, ""repair_until"": -1, ""runtime"": 325, ""demands"": 1}, {""healthy"": true, ""running"": false, ""pending"": false, ""onsite"": false, ""prep"": 0.0, ""min_up"": 0, ""min_down"": 0, ""repair_until"": -1, ""runtime"": 0, ""demands"": 0}]}, ""final_state"": {""energy_kwh"": 850.0, ""temperatures_c"": [5.0, 5.0, 5.0, 5.0], ""online"": 3, ""diesel_states"": [{""healthy"": true, ""running"": true, ""pending"": false, ""onsite"": false, ""prep"": 3, ""min_up"": 0, ""min_down"": 0, ""repair_until"": 7229, ""runtime"": 6688, ""demands"": 6}, {""healthy"": true, ""running"": true, ""pending"": false, ""onsite"": false, ""prep"": 3, ""min_up"": 0, ""min_down"": 0, ""repair_until"": 6170, ""runtime"": 7071, ""demands"": 5}, {""healthy"": true, ""running"": true, ""pending"": false, ""onsite"": false, ""prep"": 3, ""min_up"": 0, ""min_down"": 0, ""repair_until"": 6571, ""runtime"": 7567, ""demands"": 6}, {""healthy"": true, ""running"": false, ""pending"": false, ""onsite"": false, ""prep"": 3, ""min_up"": 0, ""min_down"": 0, ""repair_until"": 8600, ""runtime"": 5935, ""demands"": 6}], ""other_repair_until"": {""wind"": [8620, 7322, 8199, 6323, 4522], ""pv"": [-1000000000000000, -1000000000000000, 3196], ""pcs"": [-1000000000000000, -1000000000000000, -1000000000000000, -1000000000000000]}}, ""energy_inventory_change_kwh"": 0.0, ""forecast_basis"": ""current_measurements_only"", ""dump_load_kw"": 0, ""repair_clock"": ""calendar_reference"", ""operating_cost_basis"": ""same_executed_policy""}",3478029.803382159,load_first_three_online,holdout,42,2026091702,"{""wind"": 5, ""pv"": 3, ""diesel"": 4, ""battery_energy"": 20, ""pcs"": 4}",True,0.0078125
,"holdout:(5, 3, 4, 20, 4):c1b16c40e93d24d01996b4bd81ccf0b9d616e7bef83b01e34c8697540ee6de0f:43",0.0,"{""shed_hours"": 0.0, ""longest_shed_hours"": 0.0, ""heater_kwh"": 70702.05500875303, ""diesel_kwh"": 1049324.5576691946, ""diesel_fuel_kg"": 233183.2350376148, ""battery_discharge_kwh"": 303.9294445777796, ""battery_charge_kwh"": 392.4708736799821, ""starts"": 18.0, ""start_failures"": 0.0, ""diesel_run_failures"": 11.0, ""diesel_online_hours"": 26270.0, ""wind_failures"": 5.0, ""pv_failures"": 2.0, ""pcs_failures"": 0.0, ""wind_protective_stop_hours"": 31.0, ""wait_access_unit_hours"": 6.0, ""wait_crew_unit_hours"": 0.0, ""wait_prep_unit_hours"": 24.0, ""wait_heat_unit_hours"": 0.0, ""unserved_heater_command_kwh"": 0.0, ""max_balance_residual_kw"": 2.842170943040401e-14, ""max_soc_residual_kwh"": 5.684341886080802e-14, ""initial_state"": {""energy_kwh"": 850.0, ""temperatures_c"": [5.0, 5.0, 5.0, -0.4917950249892792], ""online"": 3, ""diesel_states"": [{""healthy"": true, ""running"": true, ""pending"": false, ""onsite"": false, ""prep"": 3, ""min_up"": 0, ""min_down"": 0, ""repair_until"": -1, ""runtime"": 333, ""demands"": 1}, {""healthy"": true, ""running"": true, ""pending"": false, ""onsite"": false, ""prep"": 3, ""min_up"": 0, ""min_down"": 0, ""repair_until"": -1, ""runtime"": 329, ""demands"": 1}, {""healthy"": true, ""running"": true, ""pending"": false, ""onsite"": false, ""prep"": 3, ""min_up"": 0, ""min_down"": 0, ""repair_until"": -1, ""runtime"": 325, ""demands"": 1}, {""healthy"": true, ""running"": false, ""pending"": false, ""onsite"": false, ""prep"": 0.0, ""min_up"": 0, ""min_down"": 0, ""repair_until"": -1, ""runtime"": 0, ""demands"": 0}]}, ""final_state"": {""energy_kwh"": 850.0, ""temperatures_c"": [5.0, 5.0, 5.0, 5.0], ""online"": 3, ""diesel_states"": [{""healthy"": true, ""running"": false, ""pending"": false, ""onsite"": false, ""prep"": 3, ""min_up"": 0, ""min_down"": 0, ""repair_until"": 7668, ""runtime"": 7002, ""demands"": 3}, {""healthy"": true, ""running"": true, ""pending"": false, ""onsite"": false, ""prep"": 3, ""min_up"": 0, ""min_down"": 0, ""repair_until"": 6279, ""runtime"": 5305, ""demands"": 7}, {""healthy"": true, ""running"": true, ""pending"": false, ""onsite"": false, ""prep"": 3, ""min_up"": 0, ""min_down"": 0, ""repair_until"": 4624, ""runtime"": 8378, ""demands"": 4}, {""healthy"": true, ""running"": true, ""pending"": false, ""onsite"": false, ""prep"": 3, ""min_up"": 0, ""min_down"": 0, ""repair_until"": 1508, ""runtime"": 6572, ""demands"": 7}], ""other_repair_until"": {""wind"": [-1000000000000000, -1000000000000000, 6324, 8744, 6032], ""pv"": [8197, 5242, -1000000000000000], ""pcs"": [-1000000000000000, -1000000000000000, -1000000000000000, -1000000000000000]}}, ""energy_inventory_change_kwh"": 0.0, ""forecast_basis"": ""current_measurements_only"", ""dump_load_kw"": 0, ""repair_clock"": ""calendar_reference"", ""operating_cost_basis"": ""same_executed_policy""}",3497748.525563961,load_first_three_online,holdout,43,2026091702,"{""wind"": 5, ""pv"": 3, ""diesel"": 4, ""battery_energy"": 20, ""pcs"": 4}",True,0.0078125
,"holdout:(5, 3, 4, 20, 4):c1b16c40e93d24d01996b4bd81ccf0b9d616e7bef83b01e34c8697540ee6de0f:44",0.0,"{""shed_hours"": 0.0, ""longest_shed_hours"": 0.0, ""heater_kwh"": 70860.8092934267, ""diesel_kwh"": 1046724.8025354783, ""diesel_fuel_kg"": 232605.51167456838, ""battery_discharge_kwh"": 638.3483334333351, ""battery_charge_kwh"": 824.3134470988296, ""starts"": 18.0, ""start_failures"": 0.0, ""diesel_run_failures"": 13.0, ""diesel_online_hours"": 26277.0, ""wind_failures"": 8.0, ""pv_failures"": 2.0, ""pcs_failures"": 0.0, ""wind_protective_stop_hours"": 31.0, ""wait_access_unit_hours"": 0.0, ""wait_crew_unit_hours"": 0.0, ""wait_prep_unit_hours"": 18.0, ""wait_heat_unit_hours"": 0.0, ""unserved_heater_command_kwh"": 0.0, ""max_balance_residual_kw"": 2.842170943040401e-14, ""max_soc_residual_kwh"": 5.684341886080802e-14, ""initial_state"": {""energy_kwh"": 850.0, ""temperatures_c"": [5.0, 5.0, 5.0, -0.4917950249892792], ""online"": 3, ""diesel_states"": [{""healthy"": true, ""running"": true, ""pending"": false, ""onsite"": false, ""prep"": 3, ""min_up"": 0, ""min_down"": 0, ""repair_until"": -1, ""runtime"": 333, ""demands"": 1}, {""healthy"": true, ""running"": true, ""pending"": false, ""onsite"": false, ""prep"": 3, ""min_up"": 0, ""min_down"": 0, ""repair_until"": -1, ""runtime"": 329, ""demands"": 1}, {""healthy"": true, ""running"": true, ""pending"": false, ""onsite"": false, ""prep"": 3, ""min_up"": 0, ""min_down"": 0, ""repair_until"": -1, ""runtime"": 325, ""demands"": 1}, {""healthy"": true, ""running"": false, ""pending"": false, ""onsite"": false, ""prep"": 0.0, ""min_up"": 0, ""min_down"": 0, ""repair_until"": -1, ""runtime"": 0, ""demands"": 0}]}, ""final_state"": {""energy_kwh"": 850.0, ""temperatures_c"": [5.0, 5.0, 5.0, 5.0], ""online"": 3, ""diesel_states"": [{""healthy"": true, ""running"": false, ""pending"": false, ""onsite"": false, ""prep"": 3, ""min_up"": 0, ""min_down"": 0, ""repair_until"": 8534, ""runtime"": 6666, ""demands"": 3}, {""healthy"": true, ""running"": true, ""pending"": false, ""onsite"": false, ""prep"": 3, ""min_up"": 0, ""min_down"": 0, ""repair_until"": 8152, ""runtime"": 7675, ""demands"": 5}, {""healthy"": true, ""running"": true, ""pending"": false, ""onsite"": false, ""prep"": 3, ""min_up"": 0, ""min_down"": 0, ""repair_until"": 7159, ""runtime"": 5913, ""demands"": 7}, {""healthy"": true, ""running"": true, ""pending"": false, ""onsite"": false, ""prep"": 3, ""min_up"": 0, ""min_down"": 0, ""repair_until"": 2056, ""runtime"": 7010, ""demands"": 6}], ""other_repair_until"": {""wind"": [3032, 6874, 6239, -1000000000000000, 7094], ""pv"": [2001, -1000000000000000, 4587], ""pcs"": [-1000000000000000, -1000000000000000, -1000000000000000, -1000000000000000]}}, ""energy_inventory_change_kwh"": 0.0, ""forecast_basis"": ""current_measurements_only"", ""dump_load_kw"": 0, ""repair_clock"": ""calendar_reference"", ""operating_cost_basis"": ""same_executed_policy""}",3489082.675118236,load_first_three_online,holdout,44,2026091702,"{""wind"": 5, ""pv"": 3, ""diesel"": 4, ""battery_energy"": 20, ""pcs"": 4}",True,0.0078125
,"holdout:(5, 3, 4, 20, 4):c1b16c40e93d24d01996b4bd81ccf0b9d616e7bef83b01e34c8697540ee6de0f:45",0.0,"{""shed_hours"": 0.0, ""longest_shed_hours"": 0.0, ""heater_kwh"": 70967.61078027803, ""diesel_kwh"": 1042341.2508235472, ""diesel_fuel_kg"": 231631.3890719162, ""battery_discharge_kwh"": 959.9300001000014, ""battery_charge_kwh"": 1239.5790290547523, ""starts"": 29.0, ""start_failures"": 0.0, ""diesel_run_failures"": 21.0, ""diesel_online_hours"": 26222.0, ""wind_failures"": 6.0, ""pv_failures"": 2.0, ""pcs_failures"": 0.0, ""wind_protective_stop_hours"": 31.0, ""wait_access_unit_hours"": 19.0, ""wait_crew_unit_hours"": 0.0, ""wait_prep_unit_hours"": 24.0, ""wait_heat_unit_hours"": 0.0, ""unserved_heater_command_kwh"": 0.0, ""max_balance_residual_kw"": 2.842170943040401e-14, ""max_soc_residual_kwh"": 5.684341886080802e-14, ""initial_state"": {""energy_kwh"": 850.0, ""temperatures_c"": [5.0, 5.0, 5.0, 5.0], ""online"": 3, ""diesel_states"": [{""healthy"": true, ""running"": true, ""pending"": false, ""onsite"": false, ""prep"": 3, ""min_up"": 0, ""min_down"": 0, ""repair_until"": -1, ""runtime"": 333, ""demands"": 1}, {""healthy"": true, ""running"": false, ""pending"": false, ""onsite"": false, ""prep"": 3, ""min_up"": 0, ""min_down"": 0, ""repair_until"": -300, ""runtime"": 8, ""demands"": 1}, {""healthy"": true, ""running"": true, ""pending"": false, ""onsite"": false, ""prep"": 3, ""min_up"": 0, ""min_down"": 0, ""repair_until"": -1, ""runtime"": 325, ""demands"": 1}, {""healthy"": true, ""running"": true, ""pending"": false, ""onsite"": false, ""prep"": 3, ""min_up"": 0, ""min_down"": 0, ""repair_until"": -1, ""runtime"": 318, ""demands"": 1}]}, ""final_state"": {""energy_kwh"": 850.0, ""temperatures_c"": [5.0, 5.0, 5.0, 5.0], ""online"": 3, ""diesel_states"": [{""healthy"": true, ""running"": false, ""pending"": false, ""onsite"": false, ""prep"": 3, ""min_up"": 0, ""min_down"": 0, ""repair_until"": 8641, ""runtime"": 7420, ""demands"": 7}, {""healthy"": true, ""running"": true, ""pending"": false, ""onsite"": false, ""prep"": 3, ""min_up"": 0, ""min_down"": 0, ""repair_until"": 8296, ""runtime"": 6438, ""demands"": 7}, {""healthy"": true, ""running"": true, ""pending"": false, ""onsite"": false, ""prep"": 3, ""min_up"": 0, ""min_down"": 0, ""repair_until"": 7676, ""runtime"": 6569, ""demands"": 11}, {""healthy"": true, ""running"": true, ""pending"": false, ""onsite"": false, ""prep"": 3, ""min_up"": 0, ""min_down"": 0, ""repair_until"": 4138, ""runtime"": 6779, ""demands"": 8}], ""other_repair_until"": {""wind"": [7917, 8487, -1000000000000000, 4740, -1000000000000000], ""pv"": [3162, 5425, -1000000000000000], ""pcs"": [-1000000000000000, -1000000000000000, -1000000000000000, -1000000000000000]}}, ""energy_inventory_change_kwh"": 0.0, ""forecast_basis"": ""current_measurements_only"", ""dump_load_kw"": 0, ""repair_clock"": ""calendar_reference"", ""operating_cost_basis"": ""same_executed_policy""}",3474470.836078478,load_first_three_online,holdout,45,2026091702,"{""wind"": 5, ""pv"": 3, ""diesel"": 4, ""battery_energy"": 20, ""pcs"": 4}",True,0.0078125
,"holdout:(5, 3, 4, 20, 4):c1b16c40e93d24d01996b4bd81ccf0b9d616e7bef83b01e34c8697540ee6de0f:46",60.60499999999999,"{""shed_hours"": 1.0, ""longest_shed_hours"": 1, ""heater_kwh"": 70717.55099074908, ""diesel_kwh"": 1052710.2521145525, ""diesel_fuel_kg"": 233935.6115810274, ""battery_discharge_kwh"": 824.6750001333351, ""battery_charge_kwh"": 1064.9212295110199, ""starts"": 13.0, ""start_failures"": 0.0, ""diesel_run_failures"": 6.0, ""diesel_online_hours"": 26257.0, ""wind_failures"": 8.0, ""pv_failures"": 4.0, ""pcs_failures"": 1.0, ""wind_protective_stop_hours"": 31.0, ""wait_access_unit_hours"": 27.0, ""wait_crew_unit_hours"": 0.0, ""wait_prep_unit_hours"": 24.0, ""wait_heat_unit_hours"": 0.0, ""unserved_heater_command_kwh"": 6.839999999999996, ""max_balance_residual_kw"": 2.842170943040401e-14, ""max_soc_residual_kwh"": 5.684341886080802e-14, ""initial_state"": {""energy_kwh"": 850.0, ""temperatures_c"": [5.0, 5.0, 5.0, -0.4917950249892792], ""online"": 3, ""diesel_states"": [{""healthy"": true, ""running"": true, ""pending"": false, ""onsite"": false, ""prep"": 3, ""min_up"": 0, ""min_down"": 0, ""repair_until"": -1, ""runtime"": 333, ""demands"": 1}, {""healthy"": true, ""running"": true, ""pending"": false, ""onsite"": false, ""prep"": 3, ""min_up"": 0, ""min_down"": 0, ""repair_until"": -1, ""runtime"": 329, ""demands"": 1}, {""healthy"": true, ""running"": true, ""pending"": false, ""onsite"": false, ""prep"": 3, ""min_up"": 0, ""min_down"": 0, ""repair_until"": -1, ""runtime"": 325, ""demands"": 1}, {""healthy"": true, ""running"": false, ""pending"": false, ""onsite"": false, ""prep"": 0.0, ""min_up"": 0, ""min_down"": 0, ""repair_until"": -1, ""runtime"": 0, ""demands"": 0}]}, ""final_state"": {""energy_kwh"": 850.0, ""temperatures_c"": [5.0, 5.0, 5.0, 5.0], ""online"": 3, ""diesel_states"": [{""healthy"": true, ""running"": true, ""pending"": false, ""onsite"": false, ""prep"": 3, ""min_up"": 0, ""min_down"": 0, ""repair_until"": 4351, ""runtime"": 8390, ""demands"": 2}, {""healthy"": true, ""running"": true, ""pending"": false, ""onsite"": false, ""prep"": 3, ""min_up"": 0, ""min_down"": 0, ""repair_until"": 6309, ""runtime"": 8850, ""demands"": 3}, {""healthy"": true, ""running"": false, ""pending"": false, ""onsite"": false, ""prep"": 3, ""min_up"": 0, ""min_down"": 0, ""repair_until"": 6328, ""runtime"": 4626, ""demands"": 5}, {""healthy"": true, ""running"": true, ""pending"": false, ""onsite"": false, ""prep"": 3, ""min_up"": 0, ""min_down"": 0, ""repair_until"": 782, ""runtime"": 5378, ""demands"": 6}], ""other_repair_until"": {""wind"": [4525, 48, 7703, 6838, 5831], ""pv"": [7350, -1000000000000000, 8673], ""pcs"": [-1000000000000000, -1000000000000000, 989, -1000000000000000]}}, ""energy_inventory_change_kwh"": 0.0, ""forecast_basis"": ""current_measurements_only"", ""dump_load_kw"": 0, ""repair_clock"": ""calendar_reference"", ""operating_cost_basis"": ""same_executed_policy""}",3509034.1737151574,load_first_three_online,holdout,46,2026091702,"{""wind"": 5, ""pv"": 3, ""diesel"": 4, ""battery_energy"": 20, ""pcs"": 4}",True,0.0078125
,"holdout:(5, 3, 4, 20, 4):c1b16c40e93d24d01996b4bd81ccf0b9d616e7bef83b01e34c8697540ee6de0f:47",0.0,"{""shed_hours"": 0.0, ""longest_shed_hours"": 0.0, ""heater_kwh"": 70881.26645364006, ""diesel_kwh"": 1043587.3594005976, ""diesel_fuel_kg"": 231908.30208903868, ""battery_discharge_kwh"": 488.7494445777796, ""battery_charge_kwh"": 631.1330637626268, ""starts"": 24.0, ""start_failures"": 0.0, ""diesel_run_failures"": 16.0, ""diesel_online_hours"": 26273.0, ""wind_failures"": 3.0, ""pv_failures"": 3.0, ""pcs_failures"": 1.0, ""wind_protective_stop_hours"": 31.0, ""wait_access_unit_hours"": 0.0, ""wait_crew_unit_hours"": 0.0, ""wait_prep_unit_hours"": 27.0, ""wait_heat_unit_hours"": 0.0, ""unserved_heater_command_kwh"": 0.0, ""max_balance_residual_kw"": 2.842170943040401e-14, ""max_soc_residual_kwh"": 5.684341886080802e-14, ""initial_state"": {""energy_kwh"": 850.0, ""temperatures_c"": [5.0, 5.0, 5.0, -0.4917950249892792], ""online"": 3, ""diesel_states"": [{""healthy"": true, ""running"": true, ""pending"": false, ""onsite"": false, ""prep"": 3, ""min_up"": 0, ""min_down"": 0, ""repair_until"": -1, ""runtime"": 333, ""demands"": 1}, {""healthy"": true, ""running"": true, ""pending"": false, ""onsite"": false, ""prep"": 3, ""min_up"": 0, ""min_down"": 0, ""repair_until"": -1, ""runtime"": 329, ""demands"": 1}, {""healthy"": true, ""running"": true, ""pending"": false, ""onsite"": false, ""prep"": 3, ""min_up"": 0, ""min_down"": 0, ""repair_until"": -1, ""runtime"": 325, ""demands"": 1}, {""healthy"": true, ""running"": false, ""pending"": false, ""onsite"": false, ""prep"": 0.0, ""min_up"": 0, ""min_down"": 0, ""repair_until"": -1, ""runtime"": 0, ""demands"": 0}]}, ""final_state"": {""energy_kwh"": 850.0, ""temperatures_c"": [5.0, 5.0, 5.0, 5.0], ""online"": 3, ""diesel_states"": [{""healthy"": true, ""running"": true, ""pending"": false, ""onsite"": false, ""prep"": 3, ""min_up"": 0, ""min_down"": 0, ""repair_until"": 6757, ""runtime"": 7503, ""demands"": 7}, {""healthy"": true, ""running"": true, ""pending"": false, ""onsite"": false, ""prep"": 3, ""min_up"": 0, ""min_down"": 0, ""repair_until"": 7239, ""runtime"": 7283, ""demands"": 4}, {""healthy"": true, ""running"": true, ""pending"": false, ""onsite"": false, ""prep"": 3, ""min_up"": 0, ""min_down"": 0, ""repair_until"": 3558, ""runtime"": 6299, ""demands"": 6}, {""healthy"": true, ""running"": false, ""pending"": false, ""onsite"": false, ""prep"": 3, ""min_up"": 0, ""min_down"": 0, ""repair_until"": 8673, ""runtime"": 6175, ""demands"": 10}], ""other_repair_until"": {""wind"": [8102, -1000000000000000, 8627, -1000000000000000, -1000000000000000], ""pv"": [-1000000000000000, 451, 6735], ""pcs"": [6194, -1000000000000000, -1000000000000000, -1000000000000000]}}, ""energy_inventory_change_kwh"": 0.0, ""forecast_basis"": ""current_measurements_only"", ""dump_load_kw"": 0, ""repair_clock"": ""calendar_reference"", ""operating_cost_basis"": ""same_executed_policy""}",3478624.531335304,load_first_three_online,holdout,47,2026091702,"{""wind"": 5, ""pv"": 3, ""diesel"": 4, ""battery_energy"": 20, ""pcs"": 4}",True,0.0078125
,"holdout:(5, 3, 4, 20, 4):c1b16c40e93d24d01996b4bd81ccf0b9d616e7bef83b01e34c8697540ee6de0f:48",0.0,"{""shed_hours"": 0.0, ""longest_shed_hours"": 0.0, ""heater_kwh"": 70137.83197839471, ""diesel_kwh"": 1043361.7646176566, ""diesel_fuel_kg"": 231858.1699150521, ""battery_discharge_kwh"": 489.268333433335, ""battery_charge_kwh"": 631.8031165203174, ""starts"": 21.0, ""start_failures"": 0.0, ""diesel_run_failures"": 16.0, ""diesel_online_hours"": 26243.0, ""wind_failures"": 7.0, ""pv_failures"": 1.0, ""pcs_failures"": 0.0, ""wind_protective_stop_hours"": 31.0, ""wait_access_unit_hours"": 0.0, ""wait_crew_unit_hours"": 0.0, ""wait_prep_unit_hours"": 18.0, ""wait_heat_unit_hours"": 0.0, ""unserved_heater_command_kwh"": 0.0, ""max_balance_residual_kw"": 2.842170943040401e-14, ""max_soc_residual_kwh"": 5.684341886080802e-14, ""initial_state"": {""energy_kwh"": 850.0, ""temperatures_c"": [5.0, 5.0, 5.0, -0.4917950249892792], ""online"": 3, ""diesel_states"": [{""healthy"": true, ""running"": true, ""pending"": false, ""onsite"": false, ""prep"": 3, ""min_up"": 0, ""min_down"": 0, ""repair_until"": -1, ""runtime"": 333, ""demands"": 1}, {""healthy"": true, ""running"": true, ""pending"": false, ""onsite"": false, ""prep"": 3, ""min_up"": 0, ""min_down"": 0, ""repair_until"": -1, ""runtime"": 329, ""demands"": 1}, {""healthy"": true, ""running"": true, ""pending"": false, ""onsite"": false, ""prep"": 3, ""min_up"": 0, ""min_down"": 0, ""repair_until"": -1, ""runtime"": 325, ""demands"": 1}, {""healthy"": true, ""running"": false, ""pending"": false, ""onsite"": false, ""prep"": 0.0, ""min_up"": 0, ""min_down"": 0, ""repair_until"": -1, ""runtime"": 0, ""demands"": 0}]}, ""final_state"": {""energy_kwh"": 850.0, ""temperatures_c"": [5.0, 5.0, 5.0, 5.0], ""online"": 3, ""diesel_states"": [{""healthy"": true, ""running"": true, ""pending"": false, ""onsite"": false, ""prep"": 3, ""min_up"": 0, ""min_down"": 0, ""repair_until"": 7005, ""runtime"": 8005, ""demands"": 6}, {""healthy"": true, ""running"": true, ""pending"": false, ""onsite"": false, ""prep"": 3, ""min_up"": 0, ""min_down"": 0, ""repair_until"": 6269, ""runtime"": 8060, ""demands"": 4}, {""healthy"": true, ""running"": true, ""pending"": false, ""onsite"": false, ""prep"": 3, ""min_up"": 0, ""min_down"": 0, ""repair_until"": 7739, ""runtime"": 6860, ""demands"": 7}, {""healthy"": true, ""running"": false, ""pending"": false, ""onsite"": false, ""prep"": 3, ""min_up"": 0, ""min_down"": 0, ""repair_until"": 8125, ""runtime"": 4305, ""demands"": 7}], ""other_repair_until"": {""wind"": [3237, 3451, 4585, 5538, 939], ""pv"": [-1000000000000000, 1674, -1000000000000000], ""pcs"": [-1000000000000000, -1000000000000000, -1000000000000000, -1000000000000000]}}, ""energy_inventory_change_kwh"": 0.0, ""forecast_basis"": ""current_measurements_only"", ""dump_load_kw"": 0, ""repair_clock"": ""calendar_reference"", ""operating_cost_basis"": ""same_executed_policy""}",3477872.548725505,load_first_three_online,holdout,48,2026091702,"{""wind"": 5, ""pv"": 3, ""diesel"": 4, ""battery_energy"": 20, ""pcs"": 4}",True,0.0078125
,"holdout:(5, 3, 4, 20, 4):c1b16c40e93d24d01996b4bd81ccf0b9d616e7bef83b01e34c8697540ee6de0f:49",0.0,"{""shed_hours"": 0.0, ""longest_shed_hours"": 0.0, ""heater_kwh"": 70857.85825297769, ""diesel_kwh"": 1042037.6538025908, ""diesel_fuel_kg"": 231563.92306725954, ""battery_discharge_kwh"": 314.5150001333352, ""battery_charge_kwh"": 406.14023777548255, ""starts"": 22.0, ""start_failures"": 0.0, ""diesel_run_failures"": 15.0, ""diesel_online_hours"": 26274.0, ""wind_failures"": 5.0, ""pv_failures"": 4.0, ""pcs_failures"": 1.0, ""wind_protective_stop_hours"": 31.0, ""wait_access_unit_hours"": 0.0, ""wait_crew_unit_hours"": 0.0, ""wait_prep_unit_hours"": 24.0, ""wait_heat_unit_hours"": 0.0, ""unserved_heater_command_kwh"": 0.0, ""max_balance_residual_kw"": 2.842170943040401e-14, ""max_soc_residual_kwh"": 5.684341886080802e-14, ""initial_state"": {""energy_kwh"": 850.0, ""temperatures_c"": [5.0, 5.0, 5.0, -0.4917950249892792], ""online"": 3, ""diesel_states"": [{""healthy"": true, ""running"": true, ""pending"": false, ""onsite"": false, ""prep"": 3, ""min_up"": 0, ""min_down"": 0, ""repair_until"": -1, ""runtime"": 333, ""demands"": 1}, {""healthy"": true, ""running"": true, ""pending"": false, ""onsite"": false, ""prep"": 3, ""min_up"": 0, ""min_down"": 0, ""repair_until"": -1, ""runtime"": 329, ""demands"": 1}, {""healthy"": true, ""running"": true, ""pending"": false, ""onsite"": false, ""prep"": 3, ""min_up"": 0, ""min_down"": 0, ""repair_until"": -1, ""runtime"": 325, ""demands"": 1}, {""healthy"": true, ""running"": false, ""pending"": false, ""onsite"": false, ""prep"": 0.0, ""min_up"": 0, ""min_down"": 0, ""repair_until"": -1, ""runtime"": 0, ""demands"": 0}]}, ""final_state"": {""energy_kwh"": 850.0, ""temperatures_c"": [5.0, 5.0, 5.0, 5.0], ""online"": 3, ""diesel_states"": [{""healthy"": true, ""running"": false, ""pending"": false, ""onsite"": false, ""prep"": 3, ""min_up"": 0, ""min_down"": 0, ""repair_until"": 8428, ""runtime"": 7919, ""demands"": 4}, {""healthy"": true, ""running"": true, ""pending"": false, ""onsite"": false, ""prep"": 3, ""min_up"": 0, ""min_down"": 0, ""repair_until"": 7859, ""runtime"": 8083, ""demands"": 5}, {""healthy"": true, ""running"": true, ""pending"": false, ""onsite"": false, ""prep"": 3, ""min_up"": 0, ""min_down"": 0, ""repair_until"": 7775, ""runtime"": 7354, ""demands"": 7}, {""healthy"": true, ""running"": true, ""pending"": false, ""onsite"": false, ""prep"": 3, ""min_up"": 0, ""min_down"": 0, ""repair_until"": 7977, ""runtime"": 3905, ""demands"": 9}], ""other_repair_until"": {""wind"": [-1000000000000000, -1000000000000000, 792, 1248, 8244], ""pv"": [5425, 6513, -1000000000000000], ""pcs"": [-1000000000000000, -1000000000000000, 4062, -1000000000000000]}}, ""energy_inventory_change_kwh"": 0.0, ""forecast_basis"": ""current_measurements_only"", ""dump_load_kw"": 0, ""repair_clock"": ""calendar_reference"", ""operating_cost_basis"": ""same_executed_policy""}",3473458.8460086086,load_first_three_online,holdout,49,2026091702,"{""wind"": 5, ""pv"": 3, ""diesel"": 4, ""battery_energy"": 20, ""pcs"": 4}",True,0.0078125
,"holdout:(5, 3, 4, 20, 4):c1b16c40e93d24d01996b4bd81ccf0b9d616e7bef83b01e34c8697540ee6de0f:50",0.0,"{""shed_hours"": 0.0, ""longest_shed_hours"": 0.0, ""heater_kwh"": 66568.21124402889, ""diesel_kwh"": 1043366.7503070876, ""diesel_fuel_kg"": 231859.27784603587, ""battery_discharge_kwh"": 653.0041667666678, ""battery_charge_kwh"": 843.2388517131549, ""starts"": 23.0, ""start_failures"": 0.0, ""diesel_run_failures"": 15.0, ""diesel_online_hours"": 26244.0, ""wind_failures"": 6.0, ""pv_failures"": 3.0, ""pcs_failures"": 0.0, ""wind_protective_stop_hours"": 31.0, ""wait_access_unit_hours"": 0.0, ""wait_crew_unit_hours"": 0.0, ""wait_prep_unit_hours"": 27.0, ""wait_heat_unit_hours"": 0.0, ""unserved_heater_command_kwh"": 0.0, ""max_balance_residual_kw"": 2.842170943040401e-14, ""max_soc_residual_kwh"": 5.417888360170764e-14, ""initial_state"": {""energy_kwh"": 850.0, ""temperatures_c"": [5.0, 5.0, 5.0, -0.4917950249892792], ""online"": 3, ""diesel_states"": [{""healthy"": true, ""running"": true, ""pending"": false, ""onsite"": false, ""prep"": 3, ""min_up"": 0, ""min_down"": 0, ""repair_until"": -1, ""runtime"": 333, ""demands"": 1}, {""healthy"": true, ""running"": true, ""pending"": false, ""onsite"": false, ""prep"": 3, ""min_up"": 0, ""min_down"": 0, ""repair_until"": -1, ""runtime"": 329, ""demands"": 1}, {""healthy"": true, ""running"": true, ""pending"": false, ""onsite"": false, ""prep"": 3, ""min_up"": 0, ""min_down"": 0, ""repair_until"": -1, ""runtime"": 325, ""demands"": 1}, {""healthy"": true, ""running"": false, ""pending"": false, ""onsite"": false, ""prep"": 0.0, ""min_up"": 0, ""min_down"": 0, ""repair_until"": -1, ""runtime"": 0, ""demands"": 0}]}, ""final_state"": {""energy_kwh"": 850.0, ""temperatures_c"": [5.0, 5.0, 5.0, 5.0], ""online"": 3, ""diesel_states"": [{""healthy"": true, ""running"": true, ""pending"": false, ""onsite"": false, ""prep"": 3, ""min_up"": 0, ""min_down"": 0, ""repair_until"": 7948, ""runtime"": 7916, ""demands"": 4}, {""healthy"": true, ""running"": false, ""pending"": false, ""onsite"": false, ""prep"": 3, ""min_up"": 0, ""min_down"": 0, ""repair_until"": 8411, ""runtime"": 7646, ""demands"": 5}, {""healthy"": true, ""running"": true, ""pending"": false, ""onsite"": false, ""prep"": 3, ""min_up"": 0, ""min_down"": 0, ""repair_until"": 8396, ""runtime"": 7177, ""demands"": 8}, {""healthy"": true, ""running"": true, ""pending"": false, ""onsite"": false, ""prep"": 3, ""min_up"": 0, ""min_down"": 0, ""repair_until"": 8364, ""runtime"": 4492, ""demands"": 9}], ""other_repair_until"": {""wind"": [6157, -1000000000000000, 7502, -1000000000000000, 35], ""pv"": [8399, 7167, -1000000000000000], ""pcs"": [-1000000000000000, -1000000000000000, -1000000000000000, -1000000000000000]}}, ""energy_inventory_change_kwh"": 0.0, ""forecast_basis"": ""current_measurements_only"", ""dump_load_kw"": 0, ""repair_clock"": ""calendar_reference"", ""operating_cost_basis"": ""same_executed_policy""}",3477889.1676902724,load_first_three_online,holdout,50,2026091702,"{""wind"": 5, ""pv"": 3, ""diesel"": 4, ""battery_energy"": 20, ""pcs"": 4}",True,0.0078125
,"holdout:(5, 3, 4, 20, 4):c1b16c40e93d24d01996b4bd81ccf0b9d616e7bef83b01e34c8697540ee6de0f:51",0.0,"{""shed_hours"": 0.0, ""longest_shed_hours"": 0.0, ""heater_kwh"": 70967.61078027803, ""diesel_kwh"": 1045575.8950676267, ""diesel_fuel_kg"": 232350.19890393503, ""battery_discharge_kwh"": 313.82500013333504, ""battery_charge_kwh"": 405.24922537878854, ""starts"": 20.0, ""start_failures"": 0.0, ""diesel_run_failures"": 13.0, ""diesel_online_hours"": 26277.0, ""wind_failures"": 4.0, ""pv_failures"": 3.0, ""pcs_failures"": 0.0, ""wind_protective_stop_hours"": 31.0, ""wait_access_unit_hours"": 0.0, ""wait_crew_unit_hours"": 0.0, ""wait_prep_unit_hours"": 18.0, ""wait_heat_unit_hours"": 0.0, ""unserved_heater_command_kwh"": 0.0, ""max_balance_residual_kw"": 2.842170943040401e-14, ""max_soc_residual_kwh"": 5.684341886080802e-14, ""initial_state"": {""energy_kwh"": 850.0, ""temperatures_c"": [5.0, 5.0, 5.0, 5.0], ""online"": 2, ""diesel_states"": [{""healthy"": false, ""running"": false, ""pending"": false, ""onsite"": false, ""prep"": 0.0, ""min_up"": 0, ""min_down"": 0, ""repair_until"": 6, ""runtime"": 330, ""demands"": 1}, {""healthy"": true, ""running"": true, ""pending"": false, ""onsite"": false, ""prep"": 3, ""min_up"": 0, ""min_down"": 0, ""repair_until"": -1, ""runtime"": 329, ""demands"": 1}, {""healthy"": true, ""running"": true, ""pending"": false, ""onsite"": false, ""prep"": 3, ""min_up"": 0, ""min_down"": 0, ""repair_until"": -1, ""runtime"": 325, ""demands"": 1}, {""healthy"": true, ""running"": false, ""pending"": true, ""onsite"": true, ""prep"": 3, ""min_up"": 0, ""min_down"": 0, ""repair_until"": -1, ""runtime"": 0, ""demands"": 0}]}, ""final_state"": {""energy_kwh"": 850.0, ""temperatures_c"": [5.0, 5.0, 5.0, 5.0], ""online"": 3, ""diesel_states"": [{""healthy"": true, ""running"": true, ""pending"": false, ""onsite"": false, ""prep"": 3, ""min_up"": 0, ""min_down"": 0, ""repair_until"": 8221, ""runtime"": 5176, ""demands"": 8}, {""healthy"": true, ""running"": true, ""pending"": false, ""onsite"": false, ""prep"": 3, ""min_up"": 0, ""min_down"": 0, ""repair_until"": 6560, ""runtime"": 8348, ""demands"": 2}, {""healthy"": true, ""running"": false, ""pending"": false, ""onsite"": false, ""prep"": 3, ""min_up"": 0, ""min_down"": 0, ""repair_until"": 8238, ""runtime"": 6670, ""demands"": 5}, {""healthy"": true, ""running"": true, ""pending"": false, ""onsite"": false, ""prep"": 3, ""min_up"": 0, ""min_down"": 0, ""repair_until"": 8153, ""runtime"": 7067, ""demands"": 8}], ""other_repair_until"": {""wind"": [3613, 3892, 2643, 1630, -181], ""pv"": [-1000000000000000, 3165, 3323], ""pcs"": [-1000000000000000, -1000000000000000, -1000000000000000, -1000000000000000]}}, ""energy_inventory_change_kwh"": 0.0, ""forecast_basis"": ""current_measurements_only"", ""dump_load_kw"": 0, ""repair_clock"": ""calendar_reference"", ""operating_cost_basis"": ""same_executed_policy""}",3485252.9835587363,load_first_three_online,holdout,51,2026091702,"{""wind"": 5, ""pv"": 3, ""diesel"": 4, ""battery_energy"": 20, ""pcs"": 4}",True,0.0078125
,"holdout:(5, 3, 4, 20, 4):c1b16c40e93d24d01996b4bd81ccf0b9d616e7bef83b01e34c8697540ee6de0f:52",0.0,"{""shed_hours"": 0.0, ""longest_shed_hours"": 0.0, ""heater_kwh"": 70367.56979717065, ""diesel_kwh"": 1042069.1131289783, ""diesel_fuel_kg"": 231570.9140286791, ""battery_discharge_kwh"": 556.3266667666682, ""battery_charge_kwh"": 718.3970386966257, ""starts"": 21.0, ""start_failures"": 0.0, ""diesel_run_failures"": 14.0, ""diesel_online_hours"": 26272.0, ""wind_failures"": 5.0, ""pv_failures"": 3.0, ""pcs_failures"": 0.0, ""wind_protective_stop_hours"": 31.0, ""wait_access_unit_hours"": 0.0, ""wait_crew_unit_hours"": 0.0, ""wait_prep_unit_hours"": 24.0, ""wait_heat_unit_hours"": 0.0, ""unserved_heater_command_kwh"": 0.0, ""max_balance_residual_kw"": 2.842170943040401e-14, ""max_soc_residual_kwh"": 5.684341886080802e-14, ""initial_state"": {""energy_kwh"": 850.0, ""temperatures_c"": [5.0, 5.0, 5.0, -0.4917950249892792], ""online"": 3, ""diesel_states"": [{""healthy"": true, ""running"": true, ""pending"": false, ""onsite"": false, ""prep"": 3, ""min_up"": 0, ""min_down"": 0, ""repair_until"": -1, ""runtime"": 333, ""demands"": 1}, {""healthy"": true, ""running"": true, ""pending"": false, ""onsite"": false, ""prep"": 3, ""min_up"": 0, ""min_down"": 0, ""repair_until"": -1, ""runtime"": 329, ""demands"": 1}, {""healthy"": true, ""running"": true, ""pending"": false, ""onsite"": false, ""prep"": 3, ""min_up"": 0, ""min_down"": 0, ""repair_until"": -1, ""runtime"": 325, ""demands"": 1}, {""healthy"": true, ""running"": false, ""pending"": false, ""onsite"": false, ""prep"": 0.0, ""min_up"": 0, ""min_down"": 0, ""repair_until"": -1, ""runtime"": 0, ""demands"": 0}]}, ""final_state"": {""energy_kwh"": 850.0, ""temperatures_c"": [5.0, 5.0, 5.0, 5.0], ""online"": 3, ""diesel_states"": [{""healthy"": false, ""running"": false, ""pending"": false, ""onsite"": false, ""prep"": 0.0, ""min_up"": 0, ""min_down"": 0, ""repair_until"": 8799, ""runtime"": 7880, ""demands"": 6}, {""healthy"": true, ""running"": true, ""pending"": false, ""onsite"": false, ""prep"": 3, ""min_up"": 0, ""min_down"": 0, ""repair_until"": 7428, ""runtime"": 7957, ""demands"": 3}, {""healthy"": true, ""running"": true, ""pending"": false, ""onsite"": false, ""prep"": 3, ""min_up"": 0, ""min_down"": 0, ""repair_until"": 2854, ""runtime"": 7921, ""demands"": 6}, {""healthy"": true, ""running"": true, ""pending"": false, ""onsite"": false, ""prep"": 3, ""min_up"": 0, ""min_down"": 0, ""repair_until"": 8367, ""runtime"": 3501, ""demands"": 9}], ""other_repair_until"": {""wind"": [-1000000000000000, 952, -1000000000000000, 8358, 7792], ""pv"": [5438, 5384, -1000000000000000], ""pcs"": [-1000000000000000, -1000000000000000, -1000000000000000, -1000000000000000]}}, ""energy_inventory_change_kwh"": 0.0, ""forecast_basis"": ""current_measurements_only"", ""dump_load_kw"": 0, ""repair_clock"": ""calendar_reference"", ""operating_cost_basis"": ""same_executed_policy""}",3473563.7104299054,load_first_three_online,holdout,52,2026091702,"{""wind"": 5, ""pv"": 3, ""diesel"": 4, ""battery_energy"": 20, ""pcs"": 4}",True,0.0078125
,"holdout:(5, 3, 4, 20, 4):c1b16c40e93d24d01996b4bd81ccf0b9d616e7bef83b01e34c8697540ee6de0f:53",0.0,"{""shed_hours"": 0.0, ""longest_shed_hours"": 0.0, ""heater_kwh"": 67976.04269895787, ""diesel_kwh"": 1044331.8548772596, ""diesel_fuel_kg"": 232073.74552829599, ""battery_discharge_kwh"": 844.2597003419163, ""battery_charge_kwh"": 1090.211389904333, ""starts"": 27.0, ""start_failures"": 0.0, ""diesel_run_failures"": 21.0, ""diesel_online_hours"": 26204.0, ""wind_failures"": 8.0, ""pv_failures"": 2.0, ""pcs_failures"": 1.0, ""wind_protective_stop_hours"": 31.0, ""wait_access_unit_hours"": 0.0, ""wait_crew_unit_hours"": 0.0, ""wait_prep_unit_hours"": 24.0, ""wait_heat_unit_hours"": 0.0, ""unserved_heater_command_kwh"": 0.0, ""max_balance_residual_kw"": 2.842170943040401e-14, ""max_soc_residual_kwh"": 5.684341886080802e-14, ""initial_state"": {""energy_kwh"": 850.0, ""temperatures_c"": [5.0, 5.0, 5.0, -0.4917950249892792], ""online"": 3, ""diesel_states"": [{""healthy"": true, ""running"": true, ""pending"": false, ""onsite"": false, ""prep"": 3, ""min_up"": 0, ""min_down"": 0, ""repair_until"": -1, ""runtime"": 333, ""demands"": 1}, {""healthy"": true, ""running"": true, ""pending"": false, ""onsite"": false, ""prep"": 3, ""min_up"": 0, ""min_down"": 0, ""repair_until"": -1, ""runtime"": 329, ""demands"": 1}, {""healthy"": true, ""running"": true, ""pending"": false, ""onsite"": false, ""prep"": 3, ""min_up"": 0, ""min_down"": 0, ""repair_until"": -1, ""runtime"": 325, ""demands"": 1}, {""healthy"": true, ""running"": false, ""pending"": false, ""onsite"": false, ""prep"": 0.0, ""min_up"": 0, ""min_down"": 0, ""repair_until"": -1, ""runtime"": 0, ""demands"": 0}]}, ""final_state"": {""energy_kwh"": 850.0, ""temperatures_c"": [5.0, 5.0, 5.0, 5.0], ""online"": 2, ""diesel_states"": [{""healthy"": false, ""running"": false, ""pending"": false, ""onsite"": false, ""prep"": 0.0, ""min_up"": 0, ""min_down"": 3, ""repair_until"": 8792, ""runtime"": 8275, ""demands"": 6}, {""healthy"": true, ""running"": true, ""pending"": false, ""onsite"": false, ""prep"": 3, ""min_up"": 0, ""min_down"": 0, ""repair_until"": 8353, ""runtime"": 7832, ""demands"": 8}, {""healthy"": true, ""running"": false, ""pending"": false, ""onsite"": false, ""prep"": 3, ""min_up"": 0, ""min_down"": 0, ""repair_until"": 8474, ""runtime"": 6466, ""demands"": 8}, {""healthy"": true, ""running"": true, ""pending"": false, ""onsite"": false, ""prep"": 3, ""min_up"": 0, ""min_down"": 0, ""repair_until"": 8267, ""runtime"": 4618, ""demands"": 8}], ""other_repair_until"": {""wind"": [7257, 275, -1000000000000000, 4493, 5003], ""pv"": [-1000000000000000, 3555, 9426], ""pcs"": [2151, -1000000000000000, -1000000000000000, -1000000000000000]}}, ""energy_inventory_change_kwh"": 0.0, ""forecast_basis"": ""current_measurements_only"", ""dump_load_kw"": 0, ""repair_clock"": ""calendar_reference"", ""operating_cost_basis"": ""same_executed_policy""}",3481106.1829241817,load_first_three_online,holdout,53,2026091702,"{""wind"": 5, ""pv"": 3, ""diesel"": 4, ""battery_energy"": 20, ""pcs"": 4}",True,0.0078125
,"holdout:(5, 3, 4, 20, 4):c1b16c40e93d24d01996b4bd81ccf0b9d616e7bef83b01e34c8697540ee6de0f:54",0.0,"{""shed_hours"": 0.0, ""longest_shed_hours"": 0.0, ""heater_kwh"": 70967.61078027803, ""diesel_kwh"": 1048768.1979441468, ""diesel_fuel_kg"": 233059.5995431621, ""battery_discharge_kwh"": 566.6216668333349, ""battery_charge_kwh"": 731.6912020058544, ""starts"": 25.0, ""start_failures"": 0.0, ""diesel_run_failures"": 19.0, ""diesel_online_hours"": 26258.0, ""wind_failures"": 9.0, ""pv_failures"": 1.0, ""pcs_failures"": 2.0, ""wind_protective_stop_hours"": 31.0, ""wait_access_unit_hours"": 1.0, ""wait_crew_unit_hours"": 0.0, ""wait_prep_unit_hours"": 18.0, ""wait_heat_unit_hours"": 0.0, ""unserved_heater_command_kwh"": 0.0, ""max_balance_residual_kw"": 2.842170943040401e-14, ""max_soc_residual_kwh"": 5.684341886080802e-14, ""initial_state"": {""energy_kwh"": 850.0, ""temperatures_c"": [5.0, 5.0, 5.0, 5.0], ""online"": 3, ""diesel_states"": [{""healthy"": true, ""running"": false, ""pending"": false, ""onsite"": false, ""prep"": 3, ""min_up"": 0, ""min_down"": 0, ""repair_until"": -66, ""runtime"": 266, ""demands"": 1}, {""healthy"": true, ""running"": true, ""pending"": false, ""onsite"": false, ""prep"": 3, ""min_up"": 0, ""min_down"": 0, ""repair_until"": -1, ""runtime"": 329, ""demands"": 1}, {""healthy"": true, ""running"": true, ""pending"": false, ""onsite"": false, ""prep"": 3, ""min_up"": 0, ""min_down"": 0, ""repair_until"": -1, ""runtime"": 325, ""demands"": 1}, {""healthy"": true, ""running"": true, ""pending"": false, ""onsite"": false, ""prep"": 3, ""min_up"": 0, ""min_down"": 0, ""repair_until"": -1, ""runtime"": 64, ""demands"": 1}]}, ""final_state"": {""energy_kwh"": 850.0, ""temperatures_c"": [5.0, 5.0, 5.0, 5.0], ""online"": 3, ""diesel_states"": [{""healthy"": true, ""running"": true, ""pending"": false, ""onsite"": false, ""prep"": 3, ""min_up"": 0, ""min_down"": 0, ""repair_until"": 8607, ""runtime"": 7058, ""demands"": 7}, {""healthy"": true, ""running"": true, ""pending"": false, ""onsite"": false, ""prep"": 3, ""min_up"": 0, ""min_down"": 0, ""repair_until"": 8494, ""runtime"": 6548, ""demands"": 7}, {""healthy"": true, ""running"": false, ""pending"": false, ""onsite"": false, ""prep"": 3, ""min_up"": 0, ""min_down"": 0, ""repair_until"": 8685, ""runtime"": 7426, ""demands"": 6}, {""healthy"": true, ""running"": true, ""pending"": false, ""onsite"": false, ""prep"": 3, ""min_up"": 0, ""min_down"": 0, ""repair_until"": 7785, ""runtime"": 6210, ""demands"": 9}], ""other_repair_until"": {""wind"": [-1000000000000000, 3439, 5075, 4059, 8187], ""pv"": [-1000000000000000, 296, -1000000000000000], ""pcs"": [-1000000000000000, 6303, -1000000000000000, 497]}}, ""energy_inventory_change_kwh"": 0.0, ""forecast_basis"": ""current_measurements_only"", ""dump_load_kw"": 0, ""repair_clock"": ""calendar_reference"", ""operating_cost_basis"": ""same_executed_policy""}",3495893.993147134,load_first_three_online,holdout,54,2026091702,"{""wind"": 5, ""pv"": 3, ""diesel"": 4, ""battery_energy"": 20, ""pcs"": 4}",True,0.0078125
,"holdout:(5, 3, 4, 20, 4):c1b16c40e93d24d01996b4bd81ccf0b9d616e7bef83b01e34c8697540ee6de0f:55",0.0,"{""shed_hours"": 0.0, ""longest_shed_hours"": 0.0, ""heater_kwh"": 70859.52048466477, ""diesel_kwh"": 1048837.217096294, ""diesel_fuel_kg"": 233074.93713252785, ""battery_discharge_kwh"": 325.79500013333507, ""battery_charge_kwh"": 420.706353477962, ""starts"": 23.0, ""start_failures"": 0.0, ""diesel_run_failures"": 17.0, ""diesel_online_hours"": 26269.0, ""wind_failures"": 3.0, ""pv_failures"": 2.0, ""pcs_failures"": 0.0, ""wind_protective_stop_hours"": 31.0, ""wait_access_unit_hours"": 6.0, ""wait_crew_unit_hours"": 0.0, ""wait_prep_unit_hours"": 21.0, ""wait_heat_unit_hours"": 0.0, ""unserved_heater_command_kwh"": 0.0, ""max_balance_residual_kw"": 2.842170943040401e-14, ""max_soc_residual_kwh"": 5.684341886080802e-14, ""initial_state"": {""energy_kwh"": 850.0, ""temperatures_c"": [5.0, 5.0, 5.0, -0.4917950249892792], ""online"": 3, ""diesel_states"": [{""healthy"": true, ""running"": true, ""pending"": false, ""onsite"": false, ""prep"": 3, ""min_up"": 0, ""min_down"": 0, ""repair_until"": -1, ""runtime"": 333, ""demands"": 1}, {""healthy"": true, ""running"": true, ""pending"": false, ""onsite"": false, ""prep"": 3, ""min_up"": 0, ""min_down"": 0, ""repair_until"": -1, ""runtime"": 329, ""demands"": 1}, {""healthy"": true, ""running"": true, ""pending"": false, ""onsite"": false, ""prep"": 3, ""min_up"": 0, ""min_down"": 0, ""repair_until"": -1, ""runtime"": 325, ""demands"": 1}, {""healthy"": true, ""running"": false, ""pending"": false, ""onsite"": false, ""prep"": 0.0, ""min_up"": 0, ""min_down"": 0, ""repair_until"": -1, ""runtime"": 0, ""demands"": 0}]}, ""final_state"": {""energy_kwh"": 850.0, ""temperatures_c"": [5.0, 5.0, 5.0, 5.0], ""online"": 3, ""diesel_states"": [{""healthy"": true, ""running"": true, ""pending"": false, ""onsite"": false, ""prep"": 3, ""min_up"": 0, ""min_down"": 0, ""repair_until"": 5276, ""runtime"": 7143, ""demands"": 4}, {""healthy"": true, ""running"": true, ""pending"": false, ""onsite"": false, ""prep"": 3, ""min_up"": 0, ""min_down"": 0, ""repair_until"": 8366, ""runtime"": 6693, ""demands"": 6}, {""healthy"": true, ""running"": true, ""pending"": false, ""onsite"": false, ""prep"": 3, ""min_up"": 0, ""min_down"": 0, ""repair_until"": 7543, ""runtime"": 6332, ""demands"": 8}, {""healthy"": true, ""running"": false, ""pending"": false, ""onsite"": false, ""prep"": 3, ""min_up"": 0, ""min_down"": 0, ""repair_until"": 8601, ""runtime"": 7088, ""demands"": 8}], ""other_repair_until"": {""wind"": [-1000000000000000, -1000000000000000, 3990, -1000000000000000, 7334], ""pv"": [6099, -1000000000000000, -1000000000000000], ""pcs"": [-1000000000000000, -1000000000000000, -1000000000000000, -1000000000000000]}}, ""energy_inventory_change_kwh"": 0.0, ""forecast_basis"": ""current_measurements_only"", ""dump_load_kw"": 0, ""repair_clock"": ""calendar_reference"", ""operating_cost_basis"": ""same_executed_policy""}",3496124.0569876274,load_first_three_online,holdout,55,2026091702,"{""wind"": 5, ""pv"": 3, ""diesel"": 4, ""battery_energy"": 20, ""pcs"": 4}",True,0.0078125
,"holdout:(5, 3, 4, 20, 4):c1b16c40e93d24d01996b4bd81ccf0b9d616e7bef83b01e34c8697540ee6de0f:56",0.0,"{""shed_hours"": 0.0, ""longest_shed_hours"": 0.0, ""heater_kwh"": 70967.61078027803, ""diesel_kwh"": 1048772.2704593642, ""diesel_fuel_kg"": 233060.50454654338, ""battery_discharge_kwh"": 589.3383334333349, ""battery_charge_kwh"": 761.0257404872596, ""starts"": 18.0, ""start_failures"": 0.0, ""diesel_run_failures"": 11.0, ""diesel_online_hours"": 26275.0, ""wind_failures"": 9.0, ""pv_failures"": 2.0, ""pcs_failures"": 0.0, ""wind_protective_stop_hours"": 31.0, ""wait_access_unit_hours"": 1.0, ""wait_crew_unit_hours"": 0.0, ""wait_prep_unit_hours"": 21.0, ""wait_heat_unit_hours"": 0.0, ""unserved_heater_command_kwh"": 0.0, ""max_balance_residual_kw"": 2.842170943040401e-14, ""max_soc_residual_kwh"": 5.684341886080802e-14, ""initial_state"": {""energy_kwh"": 850.0, ""temperatures_c"": [5.0, 5.0, 5.0, 5.0], ""online"": 3, ""diesel_states"": [{""healthy"": true, ""running"": true, ""pending"": false, ""onsite"": false, ""prep"": 3, ""min_up"": 0, ""min_down"": 0, ""repair_until"": -1, ""runtime"": 333, ""demands"": 1}, {""healthy"": true, ""running"": false, ""pending"": false, ""onsite"": false, ""prep"": 3, ""min_up"": 0, ""min_down"": 0, ""repair_until"": -44, ""runtime"": 226, ""demands"": 1}, {""healthy"": true, ""running"": true, ""pending"": false, ""onsite"": false, ""prep"": 3, ""min_up"": 0, ""min_down"": 0, ""repair_until"": -1, ""runtime"": 325, ""demands"": 1}, {""healthy"": true, ""running"": true, ""pending"": false, ""onsite"": false, ""prep"": 3, ""min_up"": 0, ""min_down"": 0, ""repair_until"": -1, ""runtime"": 100, ""demands"": 1}]}, ""final_state"": {""energy_kwh"": 850.0, ""temperatures_c"": [5.0, 5.0, 5.0, 5.0], ""online"": 3, ""diesel_states"": [{""healthy"": true, ""running"": true, ""pending"": false, ""onsite"": false, ""prep"": 3, ""min_up"": 0, ""min_down"": 0, ""repair_until"": 7819, ""runtime"": 7630, ""demands"": 3}, {""healthy"": true, ""running"": true, ""pending"": false, ""onsite"": false, ""prep"": 3, ""min_up"": 0, ""min_down"": 0, ""repair_until"": 4827, ""runtime"": 7715, ""demands"": 5}, {""healthy"": true, ""running"": false, ""pending"": false, ""onsite"": false, ""prep"": 3, ""min_up"": 0, ""min_down"": 0, ""repair_until"": 8703, ""runtime"": 4964, ""demands"": 6}, {""healthy"": true, ""running"": true, ""pending"": false, ""onsite"": false, ""prep"": 3, ""min_up"": 0, ""min_down"": 0, ""repair_until"": 8681, ""runtime"": 6950, ""demands"": 8}], ""other_repair_until"": {""wind"": [5245, -1000000000000000, 7212, -1000000000000000, 5491], ""pv"": [615, 9351, -1000000000000000], ""pcs"": [-1000000000000000, -1000000000000000, -1000000000000000, -1000000000000000]}}, ""energy_inventory_change_kwh"": 0.0, ""forecast_basis"": ""current_measurements_only"", ""dump_load_kw"": 0, ""repair_clock"": ""calendar_reference"", ""operating_cost_basis"": ""same_executed_policy""}",3495907.568197858,load_first_three_online,holdout,56,2026091702,"{""wind"": 5, ""pv"": 3, ""diesel"": 4, ""battery_energy"": 20, ""pcs"": 4}",True,0.0078125
,"holdout:(5, 3, 4, 20, 4):c1b16c40e93d24d01996b4bd81ccf0b9d616e7bef83b01e34c8697540ee6de0f:57",0.0,"{""shed_hours"": 0.0, ""longest_shed_hours"": 0.0, ""heater_kwh"": 70967.61078027803, ""diesel_kwh"": 1041846.0218485717, ""diesel_fuel_kg"": 231521.33818858833, ""battery_discharge_kwh"": 1005.8255555222237, ""battery_charge_kwh"": 1298.8449838871677, ""starts"": 28.0, ""start_failures"": 0.0, ""diesel_run_failures"": 20.0, ""diesel_online_hours"": 26175.0, ""wind_failures"": 5.0, ""pv_failures"": 3.0, ""pcs_failures"": 0.0, ""wind_protective_stop_hours"": 31.0, ""wait_access_unit_hours"": 13.0, ""wait_crew_unit_hours"": 0.0, ""wait_prep_unit_hours"": 24.0, ""wait_heat_unit_hours"": 0.0, ""unserved_heater_command_kwh"": 0.0, ""max_balance_residual_kw"": 2.842170943040401e-14, ""max_soc_residual_kwh"": 5.684341886080802e-14, ""initial_state"": {""energy_kwh"": 850.0, ""temperatures_c"": [5.0, 5.0, 5.0, 5.0], ""online"": 3, ""diesel_states"": [{""healthy"": false, ""running"": false, ""pending"": false, ""onsite"": false, ""prep"": 0.0, ""min_up"": 0, ""min_down"": 0, ""repair_until"": 21, ""runtime"": 305, ""demands"": 1}, {""healthy"": true, ""running"": true, ""pending"": false, ""onsite"": false, ""prep"": 3, ""min_up"": 0, ""min_down"": 0, ""repair_until"": -1, ""runtime"": 329, ""demands"": 1}, {""healthy"": true, ""running"": true, ""pending"": false, ""onsite"": false, ""prep"": 3, ""min_up"": 0, ""min_down"": 0, ""repair_until"": -1, ""runtime"": 325, ""demands"": 1}, {""healthy"": true, ""running"": true, ""pending"": false, ""onsite"": false, ""prep"": 3, ""min_up"": 0, ""min_down"": 0, ""repair_until"": -1, ""runtime"": 25, ""demands"": 1}]}, ""final_state"": {""energy_kwh"": 850.0, ""temperatures_c"": [5.0, 5.0, 5.0, 5.0], ""online"": 3, ""diesel_states"": [{""healthy"": true, ""running"": false, ""pending"": false, ""onsite"": false, ""prep"": 3, ""min_up"": 0, ""min_down"": 0, ""repair_until"": 8525, ""runtime"": 6423, ""demands"": 6}, {""healthy"": true, ""running"": true, ""pending"": false, ""onsite"": false, ""prep"": 3, ""min_up"": 0, ""min_down"": 0, ""repair_until"": 6682, ""runtime"": 7502, ""demands"": 5}, {""healthy"": true, ""running"": true, ""pending"": false, ""onsite"": false, ""prep"": 3, ""min_up"": 0, ""min_down"": 0, ""repair_until"": 7494, ""runtime"": 6099, ""demands"": 11}, {""healthy"": true, ""running"": true, ""pending"": false, ""onsite"": false, ""prep"": 3, ""min_up"": 0, ""min_down"": 0, ""repair_until"": 6163, ""runtime"": 7135, ""demands"": 10}], ""other_repair_until"": {""wind"": [-1000000000000000, 6847, -1000000000000000, 7652, 7290], ""pv"": [862, 4387, -1000000000000000], ""pcs"": [-1000000000000000, -1000000000000000, -1000000000000000, -1000000000000000]}}, ""energy_inventory_change_kwh"": 0.0, ""forecast_basis"": ""current_measurements_only"", ""dump_load_kw"": 0, ""repair_clock"": ""calendar_reference"", ""operating_cost_basis"": ""same_executed_policy""}",3472820.072828549,load_first_three_online,holdout,57,2026091702,"{""wind"": 5, ""pv"": 3, ""diesel"": 4, ""battery_energy"": 20, ""pcs"": 4}",True,0.0078125
,"holdout:(5, 3, 4, 20, 4):c1b16c40e93d24d01996b4bd81ccf0b9d616e7bef83b01e34c8697540ee6de0f:58",285.2960034813688,"{""shed_hours"": 3.0, ""longest_shed_hours"": 3, ""heater_kwh"": 70872.33222448791, ""diesel_kwh"": 1049222.675139434, ""diesel_fuel_kg"": 233160.5944754478, ""battery_discharge_kwh"": 1233.0756631186318, ""battery_charge_kwh"": 1592.2981186965794, ""starts"": 32.0, ""start_failures"": 0.0, ""diesel_run_failures"": 25.0, ""diesel_online_hours"": 26203.0, ""wind_failures"": 7.0, ""pv_failures"": 5.0, ""pcs_failures"": 0.0, ""wind_protective_stop_hours"": 31.0, ""wait_access_unit_hours"": 4.0, ""wait_crew_unit_hours"": 0.0, ""wait_prep_unit_hours"": 24.0, ""wait_heat_unit_hours"": 0.0, ""unserved_heater_command_kwh"": 59.446839176238264, ""max_balance_residual_kw"": 2.842170943040401e-14, ""max_soc_residual_kwh"": 5.684341886080802e-14, ""initial_state"": {""energy_kwh"": 850.0, ""temperatures_c"": [5.0, 5.0, 5.0, -0.4917950249892792], ""online"": 3, ""diesel_states"": [{""healthy"": true, ""running"": true, ""pending"": false, ""onsite"": false, ""prep"": 3, ""min_up"": 0, ""min_down"": 0, ""repair_until"": -1, ""runtime"": 333, ""demands"": 1}, {""healthy"": true, ""running"": true, ""pending"": false, ""onsite"": false, ""prep"": 3, ""min_up"": 0, ""min_down"": 0, ""repair_until"": -1, ""runtime"": 329, ""demands"": 1}, {""healthy"": true, ""running"": true, ""pending"": false, ""onsite"": false, ""prep"": 3, ""min_up"": 0, ""min_down"": 0, ""repair_until"": -1, ""runtime"": 325, ""demands"": 1}, {""healthy"": true, ""running"": false, ""pending"": false, ""onsite"": false, ""prep"": 0.0, ""min_up"": 0, ""min_down"": 0, ""repair_until"": -1, ""runtime"": 0, ""demands"": 0}]}, ""final_state"": {""energy_kwh"": 850.0, ""temperatures_c"": [5.0, 5.0, 5.0, 5.0], ""online"": 3, ""diesel_states"": [{""healthy"": true, ""running"": true, ""pending"": false, ""onsite"": false, ""prep"": 3, ""min_up"": 0, ""min_down"": 0, ""repair_until"": 8088, ""runtime"": 4905, ""demands"": 8}, {""healthy"": false, ""running"": false, ""pending"": false, ""onsite"": false, ""prep"": 0.0, ""min_up"": 0, ""min_down"": 0, ""repair_until"": 8768, ""runtime"": 8431, ""demands"": 6}, {""healthy"": true, ""running"": true, ""pending"": false, ""onsite"": false, ""prep"": 3, ""min_up"": 0, ""min_down"": 0, ""repair_until"": 8425, ""runtime"": 7206, ""demands"": 10}, {""healthy"": true, ""running"": true, ""pending"": false, ""onsite"": false, ""prep"": 3, ""min_up"": 0, ""min_down"": 0, ""repair_until"": 8356, ""runtime"": 6648, ""demands"": 11}], ""other_repair_until"": {""wind"": [7222, 8815, 8113, 6474, 6199], ""pv"": [-1000000000000000, 3958, 6963], ""pcs"": [-1000000000000000, -1000000000000000, -1000000000000000, -1000000000000000]}}, ""energy_inventory_change_kwh"": 0.0, ""forecast_basis"": ""current_measurements_only"", ""dump_load_kw"": 0, ""repair_clock"": ""calendar_reference"", ""operating_cost_basis"": ""same_executed_policy""}",3497408.917131425,load_first_three_online,holdout,58,2026091702,"{""wind"": 5, ""pv"": 3, ""diesel"": 4, ""battery_energy"": 20, ""pcs"": 4}",True,0.0078125
,"holdout:(5, 3, 4, 20, 4):c1b16c40e93d24d01996b4bd81ccf0b9d616e7bef83b01e34c8697540ee6de0f:59",0.0,"{""shed_hours"": 0.0, ""longest_shed_hours"": 0.0, ""heater_kwh"": 70795.0648876063, ""diesel_kwh"": 1049748.865874783, ""diesel_fuel_kg"": 233277.52574996933, ""battery_discharge_kwh"": 329.0583334666685, ""battery_charge_kwh"": 424.9203686294769, ""starts"": 21.0, ""start_failures"": 0.0, ""diesel_run_failures"": 15.0, ""diesel_online_hours"": 26276.0, ""wind_failures"": 7.0, ""pv_failures"": 0.0, ""pcs_failures"": 0.0, ""wind_protective_stop_hours"": 31.0, ""wait_access_unit_hours"": 4.0, ""wait_crew_unit_hours"": 0.0, ""wait_prep_unit_hours"": 21.0, ""wait_heat_unit_hours"": 0.0, ""unserved_heater_command_kwh"": 0.0, ""max_balance_residual_kw"": 2.842170943040401e-14, ""max_soc_residual_kwh"": 5.684341886080802e-14, ""initial_state"": {""energy_kwh"": 850.0, ""temperatures_c"": [5.0, 5.0, 5.0, -0.4917950249892792], ""online"": 3, ""diesel_states"": [{""healthy"": true, ""running"": true, ""pending"": false, ""onsite"": false, ""prep"": 3, ""min_up"": 0, ""min_down"": 0, ""repair_until"": -1, ""runtime"": 333, ""demands"": 1}, {""healthy"": true, ""running"": true, ""pending"": false, ""onsite"": false, ""prep"": 3, ""min_up"": 0, ""min_down"": 0, ""repair_until"": -1, ""runtime"": 329, ""demands"": 1}, {""healthy"": true, ""running"": true, ""pending"": false, ""onsite"": false, ""prep"": 3, ""min_up"": 0, ""min_down"": 0, ""repair_until"": -1, ""runtime"": 325, ""demands"": 1}, {""healthy"": true, ""running"": false, ""pending"": false, ""onsite"": false, ""prep"": 0.0, ""min_up"": 0, ""min_down"": 0, ""repair_until"": -1, ""runtime"": 0, ""demands"": 0}]}, ""final_state"": {""energy_kwh"": 850.0, ""temperatures_c"": [5.0, 5.0, 5.0, 5.0], ""online"": 3, ""diesel_states"": [{""healthy"": true, ""running"": true, ""pending"": false, ""onsite"": false, ""prep"": 3, ""min_up"": 0, ""min_down"": 0, ""repair_until"": 5703, ""runtime"": 8110, ""demands"": 4}, {""healthy"": true, ""running"": false, ""pending"": false, ""onsite"": false, ""prep"": 3, ""min_up"": 0, ""min_down"": 0, ""repair_until"": 8318, ""runtime"": 6129, ""demands"": 6}, {""healthy"": true, ""running"": true, ""pending"": false, ""onsite"": false, ""prep"": 3, ""min_up"": 0, ""min_down"": 0, ""repair_until"": 7923, ""runtime"": 6659, ""demands"": 6}, {""healthy"": true, ""running"": true, ""pending"": false, ""onsite"": false, ""prep"": 3, ""min_up"": 0, ""min_down"": 0, ""repair_until"": 6886, ""runtime"": 6365, ""demands"": 8}], ""other_repair_until"": {""wind"": [6151, 2272, 5140, 3749, 2999], ""pv"": [-1000000000000000, -1000000000000000, -1000000000000000], ""pcs"": [-1000000000000000, -1000000000000000, -1000000000000000, -1000000000000000]}}, ""energy_inventory_change_kwh"": 0.0, ""forecast_basis"": ""current_measurements_only"", ""dump_load_kw"": 0, ""repair_clock"": ""calendar_reference"", ""operating_cost_basis"": ""same_executed_policy""}",3499162.8862492596,load_first_three_online,holdout,59,2026091702,"{""wind"": 5, ""pv"": 3, ""diesel"": 4, ""battery_energy"": 20, ""pcs"": 4}",True,0.0078125
,"holdout:(5, 3, 4, 20, 4):c1b16c40e93d24d01996b4bd81ccf0b9d616e7bef83b01e34c8697540ee6de0f:60",0.0,"{""shed_hours"": 0.0, ""longest_shed_hours"": 0.0, ""heater_kwh"": 70750.18000090175, ""diesel_kwh"": 1042929.4662482522, ""diesel_fuel_kg"": 231762.1036107401, ""battery_discharge_kwh"": 320.44277784444637, ""battery_charge_kwh"": 413.79490940656615, ""starts"": 22.0, ""start_failures"": 0.0, ""diesel_run_failures"": 15.0, ""diesel_online_hours"": 26273.0, ""wind_failures"": 5.0, ""pv_failures"": 2.0, ""pcs_failures"": 0.0, ""wind_protective_stop_hours"": 31.0, ""wait_access_unit_hours"": 0.0, ""wait_crew_unit_hours"": 0.0, ""wait_prep_unit_hours"": 24.0, ""wait_heat_unit_hours"": 0.0, ""unserved_heater_command_kwh"": 0.0, ""max_balance_residual_kw"": 2.842170943040401e-14, ""max_soc_residual_kwh"": 5.684341886080802e-14, ""initial_state"": {""energy_kwh"": 850.0, ""temperatures_c"": [5.0, 5.0, 5.0, -0.4917950249892792], ""online"": 3, ""diesel_states"": [{""healthy"": true, ""running"": true, ""pending"": false, ""onsite"": false, ""prep"": 3, ""min_up"": 0, ""min_down"": 0, ""repair_until"": -1, ""runtime"": 333, ""demands"": 1}, {""healthy"": true, ""running"": true, ""pending"": false, ""onsite"": false, ""prep"": 3, ""min_up"": 0, ""min_down"": 0, ""repair_until"": -1, ""runtime"": 329, ""demands"": 1}, {""healthy"": true, ""running"": true, ""pending"": false, ""onsite"": false, ""prep"": 3, ""min_up"": 0, ""min_down"": 0, ""repair_until"": -1, ""runtime"": 325, ""demands"": 1}, {""healthy"": true, ""running"": false, ""pending"": false, ""onsite"": false, ""prep"": 0.0, ""min_up"": 0, ""min_down"": 0, ""repair_until"": -1, ""runtime"": 0, ""demands"": 0}]}, ""final_state"": {""energy_kwh"": 850.0, ""temperatures_c"": [5.0, 5.0, 5.0, 5.0], ""online"": 3, ""diesel_states"": [{""healthy"": true, ""running"": true, ""pending"": false, ""onsite"": false, ""prep"": 3, ""min_up"": 0, ""min_down"": 0, ""repair_until"": 7016, ""runtime"": 9036, ""demands"": 2}, {""healthy"": true, ""running"": false, ""pending"": false, ""onsite"": false, ""prep"": 3, ""min_up"": 0, ""min_down"": 0, ""repair_until"": 7918, ""runtime"": 5908, ""demands"": 7}, {""healthy"": true, ""running"": true, ""pending"": false, ""onsite"": false, ""prep"": 3, ""min_up"": 0, ""min_down"": 0, ""repair_until"": 6797, ""runtime"": 5989, ""demands"": 7}, {""healthy"": true, ""running"": true, ""pending"": false, ""onsite"": false, ""prep"": 3, ""min_up"": 0, ""min_down"": 0, ""repair_until"": 7815, ""runtime"": 6327, ""demands"": 9}], ""other_repair_until"": {""wind"": [7195, -1000000000000000, 3087, -1000000000000000, 7432], ""pv"": [2614, 5650, -1000000000000000], ""pcs"": [-1000000000000000, -1000000000000000, -1000000000000000, -1000000000000000]}}, ""energy_inventory_change_kwh"": 0.0, ""forecast_basis"": ""current_measurements_only"", ""dump_load_kw"": 0, ""repair_clock"": ""calendar_reference"", ""operating_cost_basis"": ""same_executed_policy""}",3476431.5541608194,load_first_three_online,holdout,60,2026091702,"{""wind"": 5, ""pv"": 3, ""diesel"": 4, ""battery_energy"": 20, ""pcs"": 4}",True,0.0078125
,"holdout:(5, 3, 4, 20, 4):c1b16c40e93d24d01996b4bd81ccf0b9d616e7bef83b01e34c8697540ee6de0f:61",0.0,"{""shed_hours"": 0.0, ""longest_shed_hours"": 0.0, ""heater_kwh"": 70967.61078027803, ""diesel_kwh"": 1049372.8550503124, ""diesel_fuel_kg"": 233193.96778897595, ""battery_discharge_kwh"": 315.20500013333526, ""battery_charge_kwh"": 407.0312501721769, ""starts"": 20.0, ""start_failures"": 0.0, ""diesel_run_failures"": 14.0, ""diesel_online_hours"": 26253.0, ""wind_failures"": 7.0, ""pv_failures"": 4.0, ""pcs_failures"": 0.0, ""wind_protective_stop_hours"": 31.0, ""wait_access_unit_hours"": 0.0, ""wait_crew_unit_hours"": 0.0, ""wait_prep_unit_hours"": 18.0, ""wait_heat_unit_hours"": 0.0, ""unserved_heater_command_kwh"": 0.0, ""max_balance_residual_kw"": 2.842170943040401e-14, ""max_soc_residual_kwh"": 5.684341886080802e-14, ""initial_state"": {""energy_kwh"": 850.0, ""temperatures_c"": [5.0, 5.0, 5.0, 5.0], ""online"": 3, ""diesel_states"": [{""healthy"": true, ""running"": true, ""pending"": false, ""onsite"": false, ""prep"": 3, ""min_up"": 0, ""min_down"": 0, ""repair_until"": -1, ""runtime"": 333, ""demands"": 1}, {""healthy"": true, ""running"": false, ""pending"": false, ""onsite"": false, ""prep"": 3, ""min_up"": 0, ""min_down"": 0, ""repair_until"": -53, ""runtime"": 274, ""demands"": 1}, {""healthy"": true, ""running"": true, ""pending"": false, ""onsite"": false, ""prep"": 3, ""min_up"": 0, ""min_down"": 0, ""repair_until"": -1, ""runtime"": 325, ""demands"": 1}, {""healthy"": true, ""running"": true, ""pending"": false, ""onsite"": false, ""prep"": 3, ""min_up"": 0, ""min_down"": 0, ""repair_until"": -1, ""runtime"": 52, ""demands"": 1}]}, ""final_state"": {""energy_kwh"": 850.0, ""temperatures_c"": [5.0, 5.0, 5.0, 5.0], ""online"": 3, ""diesel_states"": [{""healthy"": true, ""running"": true, ""pending"": false, ""onsite"": false, ""prep"": 3, ""min_up"": 0, ""min_down"": 0, ""repair_until"": 7173, ""runtime"": 5105, ""demands"": 7}, {""healthy"": true, ""running"": false, ""pending"": false, ""onsite"": false, ""prep"": 3, ""min_up"": 0, ""min_down"": 0, ""repair_until"": 8594, ""runtime"": 8286, ""demands"": 4}, {""healthy"": true, ""running"": true, ""pending"": false, ""onsite"": false, ""prep"": 3, ""min_up"": 0, ""min_down"": 0, ""repair_until"": 8308, ""runtime"": 7090, ""demands"": 6}, {""healthy"": true, ""running"": true, ""pending"": false, ""onsite"": false, ""prep"": 3, ""min_up"": 0, ""min_down"": 0, ""repair_until"": 6537, ""runtime"": 6756, ""demands"": 7}], ""other_repair_until"": {""wind"": [6804, 8530, 4130, 3620, 8609], ""pv"": [8900, 2710, 1247], ""pcs"": [-1000000000000000, -1000000000000000, -1000000000000000, -1000000000000000]}}, ""energy_inventory_change_kwh"": 0.0, ""forecast_basis"": ""current_measurements_only"", ""dump_load_kw"": 0, ""repair_clock"": ""calendar_reference"", ""operating_cost_basis"": ""same_executed_policy""}",3497909.5168343517,load_first_three_online,holdout,61,2026091702,"{""wind"": 5, ""pv"": 3, ""diesel"": 4, ""battery_energy"": 20, ""pcs"": 4}",True,0.0078125
,"holdout:(5, 3, 4, 20, 4):c1b16c40e93d24d01996b4bd81ccf0b9d616e7bef83b01e34c8697540ee6de0f:62",0.0,"{""shed_hours"": 0.0, ""longest_shed_hours"": 0.0, ""heater_kwh"": 70361.52817188189, ""diesel_kwh"": 1041292.7075573992, ""diesel_fuel_kg"": 231398.37945721712, ""battery_discharge_kwh"": 466.6827778444459, ""battery_charge_kwh"": 602.6378846131774, ""starts"": 28.0, ""start_failures"": 0.0, ""diesel_run_failures"": 20.0, ""diesel_online_hours"": 26241.0, ""wind_failures"": 4.0, ""pv_failures"": 0.0, ""pcs_failures"": 1.0, ""wind_protective_stop_hours"": 31.0, ""wait_access_unit_hours"": 4.0, ""wait_crew_unit_hours"": 0.0, ""wait_prep_unit_hours"": 27.0, ""wait_heat_unit_hours"": 0.0, ""unserved_heater_command_kwh"": 0.0, ""max_balance_residual_kw"": 2.842170943040401e-14, ""max_soc_residual_kwh"": 5.684341886080802e-14, ""initial_state"": {""energy_kwh"": 850.0, ""temperatures_c"": [5.0, 5.0, 5.0, -0.4917950249892792], ""online"": 3, ""diesel_states"": [{""healthy"": true, ""running"": true, ""pending"": false, ""onsite"": false, ""prep"": 3, ""min_up"": 0, ""min_down"": 0, ""repair_until"": -1, ""runtime"": 333, ""demands"": 1}, {""healthy"": true, ""running"": true, ""pending"": false, ""onsite"": false, ""prep"": 3, ""min_up"": 0, ""min_down"": 0, ""repair_until"": -1, ""runtime"": 329, ""demands"": 1}, {""healthy"": true, ""running"": true, ""pending"": false, ""onsite"": false, ""prep"": 3, ""min_up"": 0, ""min_down"": 0, ""repair_until"": -1, ""runtime"": 325, ""demands"": 1}, {""healthy"": true, ""running"": false, ""pending"": false, ""onsite"": false, ""prep"": 0.0, ""min_up"": 0, ""min_down"": 0, ""repair_until"": -1, ""runtime"": 0, ""demands"": 0}]}, ""final_state"": {""energy_kwh"": 850.0, ""temperatures_c"": [5.0, 5.0, 5.0, 5.0], ""online"": 3, ""diesel_states"": [{""healthy"": true, ""running"": false, ""pending"": false, ""onsite"": false, ""prep"": 3, ""min_up"": 0, ""min_down"": 0, ""repair_until"": 8512, ""runtime"": 6605, ""demands"": 7}, {""healthy"": true, ""running"": true, ""pending"": false, ""onsite"": false, ""prep"": 3, ""min_up"": 0, ""min_down"": 0, ""repair_until"": 6274, ""runtime"": 7631, ""demands"": 6}, {""healthy"": true, ""running"": true, ""pending"": false, ""onsite"": false, ""prep"": 3, ""min_up"": 0, ""min_down"": 0, ""repair_until"": 8383, ""runtime"": 7040, ""demands"": 9}, {""healthy"": true, ""running"": true, ""pending"": false, ""onsite"": false, ""prep"": 3, ""min_up"": 0, ""min_down"": 0, ""repair_until"": 6136, ""runtime"": 5952, ""demands"": 9}], ""other_repair_until"": {""wind"": [-1000000000000000, 535, -1000000000000000, 6681, 4063], ""pv"": [-1000000000000000, -1000000000000000, -1000000000000000], ""pcs"": [-1000000000000000, -1000000000000000, -1000000000000000, 1842]}}, ""energy_inventory_change_kwh"": 0.0, ""forecast_basis"": ""current_measurements_only"", ""dump_load_kw"": 0, ""repair_clock"": ""calendar_reference"", ""operating_cost_basis"": ""same_executed_policy""}",3470975.691857974,load_first_three_online,holdout,62,2026091702,"{""wind"": 5, ""pv"": 3, ""diesel"": 4, ""battery_energy"": 20, ""pcs"": 4}",True,0.0078125
,"holdout:(5, 3, 4, 20, 4):c1b16c40e93d24d01996b4bd81ccf0b9d616e7bef83b01e34c8697540ee6de0f:63",454.0205555555556,"{""shed_hours"": 11.0, ""longest_shed_hours"": 7, ""heater_kwh"": 70866.56761467824, ""diesel_kwh"": 1049846.2382130292, ""diesel_fuel_kg"": 233299.16404735585, ""battery_discharge_kwh"": 1075.4414872777788, ""battery_charge_kwh"": 1388.7415899764692, ""starts"": 26.0, ""start_failures"": 0.0, ""diesel_run_failures"": 19.0, ""diesel_online_hours"": 26246.0, ""wind_failures"": 10.0, ""pv_failures"": 3.0, ""pcs_failures"": 0.0, ""wind_protective_stop_hours"": 31.0, ""wait_access_unit_hours"": 0.0, ""wait_crew_unit_hours"": 0.0, ""wait_prep_unit_hours"": 24.0, ""wait_heat_unit_hours"": 2.0, ""unserved_heater_command_kwh"": 527.4560370585457, ""max_balance_residual_kw"": 2.842170943040401e-14, ""max_soc_residual_kwh"": 5.684341886080802e-14, ""initial_state"": {""energy_kwh"": 850.0, ""temperatures_c"": [5.0, 5.0, 5.0, -0.4917950249892792], ""online"": 3, ""diesel_states"": [{""healthy"": true, ""running"": true, ""pending"": false, ""onsite"": false, ""prep"": 3, ""min_up"": 0, ""min_down"": 0, ""repair_until"": -1, ""runtime"": 333, ""demands"": 1}, {""healthy"": true, ""running"": true, ""pending"": false, ""onsite"": false, ""prep"": 3, ""min_up"": 0, ""min_down"": 0, ""repair_until"": -1, ""runtime"": 329, ""demands"": 1}, {""healthy"": true, ""running"": true, ""pending"": false, ""onsite"": false, ""prep"": 3, ""min_up"": 0, ""min_down"": 0, ""repair_until"": -1, ""runtime"": 325, ""demands"": 1}, {""healthy"": true, ""running"": false, ""pending"": false, ""onsite"": false, ""prep"": 0.0, ""min_up"": 0, ""min_down"": 0, ""repair_until"": -1, ""runtime"": 0, ""demands"": 0}]}, ""final_state"": {""energy_kwh"": 850.0, ""temperatures_c"": [5.0, 5.0, 5.0, 5.0], ""online"": 3, ""diesel_states"": [{""healthy"": true, ""running"": false, ""pending"": false, ""onsite"": false, ""prep"": 3, ""min_up"": 0, ""min_down"": 0, ""repair_until"": 8732, ""runtime"": 7812, ""demands"": 5}, {""healthy"": true, ""running"": true, ""pending"": false, ""onsite"": false, ""prep"": 3, ""min_up"": 0, ""min_down"": 0, ""repair_until"": 8658, ""runtime"": 8062, ""demands"": 5}, {""healthy"": true, ""running"": true, ""pending"": false, ""onsite"": false, ""prep"": 3, ""min_up"": 0, ""min_down"": 0, ""repair_until"": 8030, ""runtime"": 7226, ""demands"": 9}, {""healthy"": true, ""running"": true, ""pending"": false, ""onsite"": false, ""prep"": 3, ""min_up"": 0, ""min_down"": 0, ""repair_until"": 7876, ""runtime"": 4133, ""demands"": 10}], ""other_repair_until"": {""wind"": [2008, 4102, 7812, 6764, 6112], ""pv"": [1327, 9206, 8456], ""pcs"": [-1000000000000000, -1000000000000000, -1000000000000000, -1000000000000000]}}, ""energy_inventory_change_kwh"": 0.0, ""forecast_basis"": ""current_measurements_only"", ""dump_load_kw"": 0, ""repair_clock"": ""calendar_reference"", ""operating_cost_basis"": ""same_executed_policy""}",3499487.4607100785,load_first_three_online,holdout,63,2026091702,"{""wind"": 5, ""pv"": 3, ""diesel"": 4, ""battery_energy"": 20, ""pcs"": 4}",True,0.0078125
,"holdout:(5, 3, 4, 20, 4):c1b16c40e93d24d01996b4bd81ccf0b9d616e7bef83b01e34c8697540ee6de0f:64",0.0,"{""shed_hours"": 0.0, ""longest_shed_hours"": 0.0, ""heater_kwh"": 70829.75109655867, ""diesel_kwh"": 1044440.4717771922, ""diesel_fuel_kg"": 232097.88261717028, ""battery_discharge_kwh"": 831.8488888888904, ""battery_charge_kwh"": 1074.1850321395777, ""starts"": 33.0, ""start_failures"": 0.0, ""diesel_run_failures"": 24.0, ""diesel_online_hours"": 26252.0, ""wind_failures"": 4.0, ""pv_failures"": 4.0, ""pcs_failures"": 1.0, ""wind_protective_stop_hours"": 31.0, ""wait_access_unit_hours"": 0.0, ""wait_crew_unit_hours"": 2.0, ""wait_prep_unit_hours"": 30.0, ""wait_heat_unit_hours"": 0.0, ""unserved_heater_command_kwh"": 0.0, ""max_balance_residual_kw"": 2.842170943040401e-14, ""max_soc_residual_kwh"": 5.684341886080802e-14, ""initial_state"": {""energy_kwh"": 850.0, ""temperatures_c"": [5.0, 5.0, 5.0, -0.4917950249892792], ""online"": 3, ""diesel_states"": [{""healthy"": true, ""running"": true, ""pending"": false, ""onsite"": false, ""prep"": 3, ""min_up"": 0, ""min_down"": 0, ""repair_until"": -1, ""runtime"": 333, ""demands"": 1}, {""healthy"": true, ""running"": true, ""pending"": false, ""onsite"": false, ""prep"": 3, ""min_up"": 0, ""min_down"": 0, ""repair_until"": -1, ""runtime"": 329, ""demands"": 1}, {""healthy"": true, ""running"": true, ""pending"": false, ""onsite"": false, ""prep"": 3, ""min_up"": 0, ""min_down"": 0, ""repair_until"": -1, ""runtime"": 325, ""demands"": 1}, {""healthy"": true, ""running"": false, ""pending"": false, ""onsite"": false, ""prep"": 0.0, ""min_up"": 0, ""min_down"": 0, ""repair_until"": -1, ""runtime"": 0, ""demands"": 0}]}, ""final_state"": {""energy_kwh"": 850.0, ""temperatures_c"": [5.0, 5.0, 5.0, 5.0], ""online"": 3, ""diesel_states"": [{""healthy"": true, ""running"": true, ""pending"": false, ""onsite"": false, ""prep"": 3, ""min_up"": 0, ""min_down"": 0, ""repair_until"": 7314, ""runtime"": 8350, ""demands"": 7}, {""healthy"": true, ""running"": true, ""pending"": false, ""onsite"": false, ""prep"": 3, ""min_up"": 0, ""min_down"": 0, ""repair_until"": 6363, ""runtime"": 8094, ""demands"": 7}, {""healthy"": true, ""running"": true, ""pending"": false, ""onsite"": false, ""prep"": 3, ""min_up"": 0, ""min_down"": 0, ""repair_until"": 7522, ""runtime"": 6154, ""demands"": 11}, {""healthy"": true, ""running"": false, ""pending"": false, ""onsite"": false, ""prep"": 3, ""min_up"": 0, ""min_down"": 0, ""repair_until"": 7879, ""runtime"": 4641, ""demands"": 11}], ""other_repair_until"": {""wind"": [-1000000000000000, -1000000000000000, 7759, 7853, 2488], ""pv"": [7628, 7688, 6451], ""pcs"": [-1000000000000000, -1000000000000000, -1000000000000000, 1848]}}, ""energy_inventory_change_kwh"": 0.0, ""forecast_basis"": ""current_measurements_only"", ""dump_load_kw"": 0, ""repair_clock"": ""calendar_reference"", ""operating_cost_basis"": ""same_executed_policy""}",3481468.2392572844,load_first_three_online,holdout,64,2026091702,"{""wind"": 5, ""pv"": 3, ""diesel"": 4, ""battery_energy"": 20, ""pcs"": 4}",True,0.0078125
,"holdout:(5, 3, 4, 20, 4):c1b16c40e93d24d01996b4bd81ccf0b9d616e7bef83b01e34c8697540ee6de0f:65",0.0,"{""shed_hours"": 0.0, ""longest_shed_hours"": 0.0, ""heater_kwh"": 70967.61078027803, ""diesel_kwh"": 1048873.3690834339, ""diesel_fuel_kg"": 233082.97090744748, ""battery_discharge_kwh"": 602.4366669333349, ""battery_charge_kwh"": 777.9399108126727, ""starts"": 17.0, ""start_failures"": 0.0, ""diesel_run_failures"": 9.0, ""diesel_online_hours"": 26276.0, ""wind_failures"": 10.0, ""pv_failures"": 2.0, ""pcs_failures"": 0.0, ""wind_protective_stop_hours"": 31.0, ""wait_access_unit_hours"": 0.0, ""wait_crew_unit_hours"": 0.0, ""wait_prep_unit_hours"": 23.0, ""wait_heat_unit_hours"": 0.0, ""unserved_heater_command_kwh"": 0.0, ""max_balance_residual_kw"": 2.842170943040401e-14, ""max_soc_residual_kwh"": 5.684341886080802e-14, ""initial_state"": {""energy_kwh"": 850.0, ""temperatures_c"": [5.0, 5.0, 5.0, 4.999999999999997], ""online"": 2, ""diesel_states"": [{""healthy"": false, ""running"": false, ""pending"": false, ""onsite"": false, ""prep"": 0.0, ""min_up"": 0, ""min_down"": 2, ""repair_until"": 15, ""runtime"": 332, ""demands"": 1}, {""healthy"": true, ""running"": true, ""pending"": false, ""onsite"": false, ""prep"": 3, ""min_up"": 0, ""min_down"": 0, ""repair_until"": -1, ""runtime"": 329, ""demands"": 1}, {""healthy"": true, ""running"": true, ""pending"": false, ""onsite"": false, ""prep"": 3, ""min_up"": 0, ""min_down"": 0, ""repair_until"": -1, ""runtime"": 325, ""demands"": 1}, {""healthy"": true, ""running"": false, ""pending"": true, ""onsite"": true, ""prep"": 1.0, ""min_up"": 0, ""min_down"": 0, ""repair_until"": -1, ""runtime"": 0, ""demands"": 0}]}, ""final_state"": {""energy_kwh"": 850.0, ""temperatures_c"": [5.0, 5.0, 5.0, 5.0], ""online"": 3, ""diesel_states"": [{""healthy"": true, ""running"": true, ""pending"": false, ""onsite"": false, ""prep"": 3, ""min_up"": 0, ""min_down"": 0, ""repair_until"": 5986, ""runtime"": 7011, ""demands"": 3}, {""healthy"": true, ""running"": true, ""pending"": false, ""onsite"": false, ""prep"": 3, ""min_up"": 0, ""min_down"": 0, ""repair_until"": 4440, ""runtime"": 9040, ""demands"": 3}, {""healthy"": true, ""running"": false, ""pending"": false, ""onsite"": false, ""prep"": 3, ""min_up"": 0, ""min_down"": 0, ""repair_until"": 7222, ""runtime"": 5574, ""demands"": 6}, {""healthy"": true, ""running"": true, ""pending"": false, ""onsite"": false, ""prep"": 3, ""min_up"": 0, ""min_down"": 0, ""repair_until"": 6653, ""runtime"": 5637, ""demands"": 8}], ""other_repair_until"": {""wind"": [7414, -1000000000000000, 5244, 7943, 7267], ""pv"": [908, 5047, -1000000000000000], ""pcs"": [-1000000000000000, -1000000000000000, -1000000000000000, -1000000000000000]}}, ""energy_inventory_change_kwh"": 0.0, ""forecast_basis"": ""current_measurements_only"", ""dump_load_kw"": 0, ""repair_clock"": ""calendar_reference"", ""operating_cost_basis"": ""same_executed_policy""}",3496244.5636114287,load_first_three_online,holdout,65,2026091702,"{""wind"": 5, ""pv"": 3, ""diesel"": 4, ""battery_energy"": 20, ""pcs"": 4}",True,0.0078125
,"holdout:(5, 3, 4, 20, 4):c1b16c40e93d24d01996b4bd81ccf0b9d616e7bef83b01e34c8697540ee6de0f:66",0.0,"{""shed_hours"": 0.0, ""longest_shed_hours"": 0.0, ""heater_kwh"": 70809.54426079015, ""diesel_kwh"": 1045623.4995668696, ""diesel_fuel_kg"": 232360.77768154434, ""battery_discharge_kwh"": 402.402222322224, ""battery_charge_kwh"": 519.6309689078287, ""starts"": 18.0, ""start_failures"": 0.0, ""diesel_run_failures"": 12.0, ""diesel_online_hours"": 26276.0, ""wind_failures"": 8.0, ""pv_failures"": 0.0, ""pcs_failures"": 0.0, ""wind_protective_stop_hours"": 31.0, ""wait_access_unit_hours"": 0.0, ""wait_crew_unit_hours"": 0.0, ""wait_prep_unit_hours"": 21.0, ""wait_heat_unit_hours"": 0.0, ""unserved_heater_command_kwh"": 0.0, ""max_balance_residual_kw"": 2.842170943040401e-14, ""max_soc_residual_kwh"": 5.684341886080802e-14, ""initial_state"": {""energy_kwh"": 850.0, ""temperatures_c"": [5.0, 5.0, 5.0, -0.4917950249892792], ""online"": 3, ""diesel_states"": [{""healthy"": true, ""running"": true, ""pending"": false, ""onsite"": false, ""prep"": 3, ""min_up"": 0, ""min_down"": 0, ""repair_until"": -1, ""runtime"": 333, ""demands"": 1}, {""healthy"": true, ""running"": true, ""pending"": false, ""onsite"": false, ""prep"": 3, ""min_up"": 0, ""min_down"": 0, ""repair_until"": -1, ""runtime"": 329, ""demands"": 1}, {""healthy"": true, ""running"": true, ""pending"": false, ""onsite"": false, ""prep"": 3, ""min_up"": 0, ""min_down"": 0, ""repair_until"": -1, ""runtime"": 325, ""demands"": 1}, {""healthy"": true, ""running"": false, ""pending"": false, ""onsite"": false, ""prep"": 0.0, ""min_up"": 0, ""min_down"": 0, ""repair_until"": -1, ""runtime"": 0, ""demands"": 0}]}, ""final_state"": {""energy_kwh"": 850.0, ""temperatures_c"": [5.0, 5.0, 5.0, 5.0], ""online"": 3, ""diesel_states"": [{""healthy"": true, ""running"": true, ""pending"": false, ""onsite"": false, ""prep"": 3, ""min_up"": 0, ""min_down"": 0, ""repair_until"": 7185, ""runtime"": 6835, ""demands"": 5}, {""healthy"": true, ""running"": true, ""pending"": false, ""onsite"": false, ""prep"": 3, ""min_up"": 0, ""min_down"": 0, ""repair_until"": 7578, ""runtime"": 7245, ""demands"": 4}, {""healthy"": true, ""running"": true, ""pending"": false, ""onsite"": false, ""prep"": 3, ""min_up"": 0, ""min_down"": 0, ""repair_until"": 7823, ""runtime"": 7492, ""demands"": 6}, {""healthy"": true, ""running"": false, ""pending"": false, ""onsite"": false, ""prep"": 3, ""min_up"": 0, ""min_down"": 0, ""repair_until"": 8025, ""runtime"": 5691, ""demands"": 6}], ""other_repair_until"": {""wind"": [6465, 7170, 4675, 7268, 4947], ""pv"": [-1000000000000000, -1000000000000000, -1000000000000000], ""pcs"": [-1000000000000000, -1000000000000000, -1000000000000000, -1000000000000000]}}, ""energy_inventory_change_kwh"": 0.0, ""forecast_basis"": ""current_measurements_only"", ""dump_load_kw"": 0, ""repair_clock"": ""calendar_reference"", ""operating_cost_basis"": ""same_executed_policy""}",3485411.6652228762,load_first_three_online,holdout,66,2026091702,"{""wind"": 5, ""pv"": 3, ""diesel"": 4, ""battery_energy"": 20, ""pcs"": 4}",True,0.0078125
,"holdout:(5, 3, 4, 20, 4):c1b16c40e93d24d01996b4bd81ccf0b9d616e7bef83b01e34c8697540ee6de0f:67",0.0,"{""shed_hours"": 0.0, ""longest_shed_hours"": 0.0, ""heater_kwh"": 70967.61078027803, ""diesel_kwh"": 1051135.3026274133, ""diesel_fuel_kg"": 233585.62280610987, ""battery_discharge_kwh"": 856.3352776777791, ""battery_charge_kwh"": 1105.8048523731636, ""starts"": 25.0, ""start_failures"": 0.0, ""diesel_run_failures"": 17.0, ""diesel_online_hours"": 26241.0, ""wind_failures"": 8.0, ""pv_failures"": 2.0, ""pcs_failures"": 0.0, ""wind_protective_stop_hours"": 31.0, ""wait_access_unit_hours"": 0.0, ""wait_crew_unit_hours"": 2.0, ""wait_prep_unit_hours"": 24.0, ""wait_heat_unit_hours"": 0.0, ""unserved_heater_command_kwh"": 0.0, ""max_balance_residual_kw"": 2.842170943040401e-14, ""max_soc_residual_kwh"": 5.684341886080802e-14, ""initial_state"": {""energy_kwh"": 850.0, ""temperatures_c"": [5.0, 5.0, 5.0, 5.0], ""online"": 3, ""diesel_states"": [{""healthy"": true, ""running"": true, ""pending"": false, ""onsite"": false, ""prep"": 3, ""min_up"": 0, ""min_down"": 0, ""repair_until"": -1, ""runtime"": 333, ""demands"": 1}, {""healthy"": true, ""running"": true, ""pending"": false, ""onsite"": false, ""prep"": 3, ""min_up"": 0, ""min_down"": 0, ""repair_until"": -1, ""runtime"": 329, ""demands"": 1}, {""healthy"": true, ""running"": false, ""pending"": false, ""onsite"": false, ""prep"": 3, ""min_up"": 0, ""min_down"": 0, ""repair_until"": -177, ""runtime"": 53, ""demands"": 1}, {""healthy"": true, ""running"": true, ""pending"": false, ""onsite"": false, ""prep"": 3, ""min_up"": 0, ""min_down"": 0, ""repair_until"": -1, ""runtime"": 269, ""demands"": 1}]}, ""final_state"": {""energy_kwh"": 850.0, ""temperatures_c"": [5.0, 5.0, 5.0, 5.0], ""online"": 3, ""diesel_states"": [{""healthy"": true, ""running"": true, ""pending"": false, ""onsite"": false, ""prep"": 3, ""min_up"": 0, ""min_down"": 0, ""repair_until"": 6561, ""runtime"": 7082, ""demands"": 6}, {""healthy"": true, ""running"": false, ""pending"": false, ""onsite"": false, ""prep"": 3, ""min_up"": 0, ""min_down"": 0, ""repair_until"": 8560, ""runtime"": 7100, ""demands"": 5}, {""healthy"": true, ""running"": true, ""pending"": false, ""onsite"": false, ""prep"": 3, ""min_up"": 0, ""min_down"": 0, ""repair_until"": 7841, ""runtime"": 6448, ""demands"": 9}, {""healthy"": true, ""running"": true, ""pending"": false, ""onsite"": false, ""prep"": 3, ""min_up"": 0, ""min_down"": 0, ""repair_until"": 7818, ""runtime"": 6595, ""demands"": 9}], ""other_repair_until"": {""wind"": [-1000000000000000, 5720, 5376, 4460, 5351], ""pv"": [4414, 2949, -1000000000000000], ""pcs"": [-1000000000000000, -1000000000000000, -1000000000000000, -1000000000000000]}}, ""energy_inventory_change_kwh"": 0.0, ""forecast_basis"": ""current_measurements_only"", ""dump_load_kw"": 0, ""repair_clock"": ""calendar_reference"", ""operating_cost_basis"": ""same_executed_policy""}",3503784.342091356,load_first_three_online,holdout,67,2026091702,"{""wind"": 5, ""pv"": 3, ""diesel"": 4, ""battery_energy"": 20, ""pcs"": 4}",True,0.0078125
,"holdout:(5, 3, 4, 20, 4):c1b16c40e93d24d01996b4bd81ccf0b9d616e7bef83b01e34c8697540ee6de0f:68",60.60499999999999,"{""shed_hours"": 1.0, ""longest_shed_hours"": 1, ""heater_kwh"": 70966.95986821741, ""diesel_kwh"": 1041387.2155301512, ""diesel_fuel_kg"": 231419.38122893896, ""battery_discharge_kwh"": 1523.541666733334, ""battery_charge_kwh"": 1967.3833506370524, ""starts"": 26.0, ""start_failures"": 0.0, ""diesel_run_failures"": 18.0, ""diesel_online_hours"": 26246.0, ""wind_failures"": 2.0, ""pv_failures"": 2.0, ""pcs_failures"": 0.0, ""wind_protective_stop_hours"": 31.0, ""wait_access_unit_hours"": 32.0, ""wait_crew_unit_hours"": 3.0, ""wait_prep_unit_hours"": 24.0, ""wait_heat_unit_hours"": 0.0, ""unserved_heater_command_kwh"": 6.839999999999996, ""max_balance_residual_kw"": 2.842170943040401e-14, ""max_soc_residual_kwh"": 5.684341886080802e-14, ""initial_state"": {""energy_kwh"": 850.0, ""temperatures_c"": [5.0, 5.0, 5.0, 5.0], ""online"": 3, ""diesel_states"": [{""healthy"": true, ""running"": true, ""pending"": false, ""onsite"": false, ""prep"": 3, ""min_up"": 0, ""min_down"": 0, ""repair_until"": -1, ""runtime"": 333, ""demands"": 1}, {""healthy"": true, ""running"": true, ""pending"": false, ""onsite"": false, ""prep"": 3, ""min_up"": 0, ""min_down"": 0, ""repair_until"": -1, ""runtime"": 329, ""demands"": 1}, {""healthy"": true, ""running"": false, ""pending"": false, ""onsite"": false, ""prep"": 3, ""min_up"": 0, ""min_down"": 0, ""repair_until"": -192, ""runtime"": 109, ""demands"": 1}, {""healthy"": true, ""running"": true, ""pending"": false, ""onsite"": false, ""prep"": 3, ""min_up"": 0, ""min_down"": 0, ""repair_until"": -1, ""runtime"": 213, ""demands"": 1}]}, ""final_state"": {""energy_kwh"": 850.0, ""temperatures_c"": [5.0, 5.0, 5.0, 5.0], ""online"": 3, ""diesel_states"": [{""healthy"": true, ""running"": true, ""pending"": false, ""onsite"": false, ""prep"": 3, ""min_up"": 0, ""min_down"": 0, ""repair_until"": 7171, ""runtime"": 7013, ""demands"": 6}, {""healthy"": true, ""running"": true, ""pending"": false, ""onsite"": false, ""prep"": 3, ""min_up"": 0, ""min_down"": 0, ""repair_until"": 5327, ""runtime"": 6656, ""demands"": 6}, {""healthy"": true, ""running"": false, ""pending"": false, ""onsite"": false, ""prep"": 3, ""min_up"": 0, ""min_down"": 0, ""repair_until"": 8385, ""runtime"": 5879, ""demands"": 9}, {""healthy"": true, ""running"": true, ""pending"": false, ""onsite"": false, ""prep"": 3, ""min_up"": 0, ""min_down"": 0, ""repair_until"": 6356, ""runtime"": 7682, ""demands"": 9}], ""other_repair_until"": {""wind"": [-1000000000000000, 4612, -1000000000000000, 5479, -1000000000000000], ""pv"": [-1000000000000000, -1000000000000000, 6043], ""pcs"": [-1000000000000000, -1000000000000000, -1000000000000000, -1000000000000000]}}, ""energy_inventory_change_kwh"": 0.0, ""forecast_basis"": ""current_measurements_only"", ""dump_load_kw"": 0, ""repair_clock"": ""calendar_reference"", ""operating_cost_basis"": ""same_executed_policy""}",3471290.7184338174,load_first_three_online,holdout,68,2026091702,"{""wind"": 5, ""pv"": 3, ""diesel"": 4, ""battery_energy"": 20, ""pcs"": 4}",True,0.0078125
,"holdout:(5, 3, 4, 20, 4):c1b16c40e93d24d01996b4bd81ccf0b9d616e7bef83b01e34c8697540ee6de0f:69",0.0,"{""shed_hours"": 0.0, ""longest_shed_hours"": 0.0, ""heater_kwh"": 70516.36135985063, ""diesel_kwh"": 1047841.6608895615, ""diesel_fuel_kg"": 232853.70241992042, ""battery_discharge_kwh"": 353.36500013333523, ""battery_charge_kwh"": 456.3081096763091, ""starts"": 18.0, ""start_failures"": 0.0, ""diesel_run_failures"": 12.0, ""diesel_online_hours"": 26276.0, ""wind_failures"": 4.0, ""pv_failures"": 2.0, ""pcs_failures"": 0.0, ""wind_protective_stop_hours"": 31.0, ""wait_access_unit_hours"": 0.0, ""wait_crew_unit_hours"": 0.0, ""wait_prep_unit_hours"": 21.0, ""wait_heat_unit_hours"": 0.0, ""unserved_heater_command_kwh"": 0.0, ""max_balance_residual_kw"": 2.842170943040401e-14, ""max_soc_residual_kwh"": 5.684341886080802e-14, ""initial_state"": {""energy_kwh"": 850.0, ""temperatures_c"": [5.0, 5.0, 5.0, -0.4917950249892792], ""online"": 3, ""diesel_states"": [{""healthy"": true, ""running"": true, ""pending"": false, ""onsite"": false, ""prep"": 3, ""min_up"": 0, ""min_down"": 0, ""repair_until"": -1, ""runtime"": 333, ""demands"": 1}, {""healthy"": true, ""running"": true, ""pending"": false, ""onsite"": false, ""prep"": 3, ""min_up"": 0, ""min_down"": 0, ""repair_until"": -1, ""runtime"": 329, ""demands"": 1}, {""healthy"": true, ""running"": true, ""pending"": false, ""onsite"": false, ""prep"": 3, ""min_up"": 0, ""min_down"": 0, ""repair_until"": -1, ""runtime"": 325, ""demands"": 1}, {""healthy"": true, ""running"": false, ""pending"": false, ""onsite"": false, ""prep"": 0.0, ""min_up"": 0, ""min_down"": 0, ""repair_until"": -1, ""runtime"": 0, ""demands"": 0}]}, ""final_state"": {""energy_kwh"": 850.0, ""temperatures_c"": [5.0, 5.0, 5.0, 5.0], ""online"": 3, ""diesel_states"": [{""healthy"": true, ""running"": true, ""pending"": false, ""onsite"": false, ""prep"": 3, ""min_up"": 0, ""min_down"": 0, ""repair_until"": 1539, ""runtime"": 8311, ""demands"": 2}, {""healthy"": true, ""running"": true, ""pending"": false, ""onsite"": false, ""prep"": 3, ""min_up"": 0, ""min_down"": 0, ""repair_until"": 4908, ""runtime"": 8809, ""demands"": 5}, {""healthy"": true, ""running"": false, ""pending"": false, ""onsite"": false, ""prep"": 3, ""min_up"": 0, ""min_down"": 0, ""repair_until"": 8391, ""runtime"": 3613, ""demands"": 8}, {""healthy"": true, ""running"": true, ""pending"": false, ""onsite"": false, ""prep"": 3, ""min_up"": 0, ""min_down"": 0, ""repair_until"": 7676, ""runtime"": 6530, ""demands"": 6}], ""other_repair_until"": {""wind"": [-1000000000000000, 3440, 5897, -1000000000000000, 5618], ""pv"": [-1000000000000000, -1000000000000000, 3052], ""pcs"": [-1000000000000000, -1000000000000000, -1000000000000000, -1000000000000000]}}, ""energy_inventory_change_kwh"": 0.0, ""forecast_basis"": ""current_measurements_only"", ""dump_load_kw"": 0, ""repair_clock"": ""calendar_reference"", ""operating_cost_basis"": ""same_executed_policy""}",3492805.536298522,load_first_three_online,holdout,69,2026091702,"{""wind"": 5, ""pv"": 3, ""diesel"": 4, ""battery_energy"": 20, ""pcs"": 4}",True,0.0078125
,"holdout:(5, 3, 4, 20, 4):c1b16c40e93d24d01996b4bd81ccf0b9d616e7bef83b01e34c8697540ee6de0f:70",2451.1024081719597,"{""shed_hours"": 22.0, ""longest_shed_hours"": 20, ""heater_kwh"": 70838.46947529039, ""diesel_kwh"": 1040348.2251513697, ""diesel_fuel_kg"": 231188.49447809887, ""battery_discharge_kwh"": 2011.1426102135954, ""battery_charge_kwh"": 2597.033329304746, ""starts"": 31.0, ""start_failures"": 0.0, ""diesel_run_failures"": 23.0, ""diesel_online_hours"": 26166.0, ""wind_failures"": 4.0, ""pv_failures"": 1.0, ""pcs_failures"": 0.0, ""wind_protective_stop_hours"": 31.0, ""wait_access_unit_hours"": 4.0, ""wait_crew_unit_hours"": 0.0, ""wait_prep_unit_hours"": 24.0, ""wait_heat_unit_hours"": 0.0, ""unserved_heater_command_kwh"": 873.8177620895608, ""max_balance_residual_kw"": 3.8191672047105385e-14, ""max_soc_residual_kwh"": 5.684341886080802e-14, ""initial_state"": {""energy_kwh"": 850.0, ""temperatures_c"": [5.0, 5.0, 5.0, 5.0], ""online"": 3, ""diesel_states"": [{""healthy"": true, ""running"": false, ""pending"": false, ""onsite"": false, ""prep"": 3, ""min_up"": 0, ""min_down"": 0, ""repair_until"": -69, ""runtime"": 232, ""demands"": 1}, {""healthy"": true, ""running"": true, ""pending"": false, ""onsite"": false, ""prep"": 3, ""min_up"": 0, ""min_down"": 0, ""repair_until"": -1, ""runtime"": 329, ""demands"": 1}, {""healthy"": true, ""running"": true, ""pending"": false, ""onsite"": false, ""prep"": 3, ""min_up"": 0, ""min_down"": 0, ""repair_until"": -91, ""runtime"": 246, ""demands"": 2}, {""healthy"": true, ""running"": true, ""pending"": false, ""onsite"": false, ""prep"": 3, ""min_up"": 0, ""min_down"": 0, ""repair_until"": -1, ""runtime"": 167, ""demands"": 1}]}, ""final_state"": {""energy_kwh"": 850.0, ""temperatures_c"": [5.0, 5.0, 5.0, 5.0], ""online"": 3, ""diesel_states"": [{""healthy"": true, ""running"": false, ""pending"": false, ""onsite"": false, ""prep"": 3, ""min_up"": 0, ""min_down"": 0, ""repair_until"": 7794, ""runtime"": 5545, ""demands"": 10}, {""healthy"": true, ""running"": true, ""pending"": false, ""onsite"": false, ""prep"": 3, ""min_up"": 0, ""min_down"": 0, ""repair_until"": 5000, ""runtime"": 8447, ""demands"": 6}, {""healthy"": true, ""running"": true, ""pending"": false, ""onsite"": false, ""prep"": 3, ""min_up"": 0, ""min_down"": 0, ""repair_until"": 4797, ""runtime"": 8331, ""demands"": 8}, {""healthy"": true, ""running"": true, ""pending"": false, ""onsite"": false, ""prep"": 3, ""min_up"": 0, ""min_down"": 0, ""repair_until"": 6985, ""runtime"": 4817, ""demands"": 12}], ""other_repair_until"": {""wind"": [8528, -1000000000000000, 5827, 2199, 5618], ""pv"": [2018, -1000000000000000, -1000000000000000], ""pcs"": [-1000000000000000, -1000000000000000, -1000000000000000, -1000000000000000]}}, ""energy_inventory_change_kwh"": 0.0, ""forecast_basis"": ""current_measurements_only"", ""dump_load_kw"": 0, ""repair_clock"": ""calendar_reference"", ""operating_cost_basis"": ""same_executed_policy""}",3467827.417171206,load_first_three_online,holdout,70,2026091702,"{""wind"": 5, ""pv"": 3, ""diesel"": 4, ""battery_energy"": 20, ""pcs"": 4}",True,0.0078125
,"holdout:(5, 3, 4, 20, 4):c1b16c40e93d24d01996b4bd81ccf0b9d616e7bef83b01e34c8697540ee6de0f:71",0.0,"{""shed_hours"": 0.0, ""longest_shed_hours"": 0.0, ""heater_kwh"": 70967.61078027803, ""diesel_kwh"": 1046435.0908384802, ""diesel_fuel_kg"": 232541.1312974577, ""battery_discharge_kwh"": 452.2394445777795, ""battery_charge_kwh"": 583.986886076676, ""starts"": 21.0, ""start_failures"": 0.0, ""diesel_run_failures"": 14.0, ""diesel_online_hours"": 26261.0, ""wind_failures"": 3.0, ""pv_failures"": 0.0, ""pcs_failures"": 0.0, ""wind_protective_stop_hours"": 31.0, ""wait_access_unit_hours"": 2.0, ""wait_crew_unit_hours"": 0.0, ""wait_prep_unit_hours"": 21.0, ""wait_heat_unit_hours"": 0.0, ""unserved_heater_command_kwh"": 0.0, ""max_balance_residual_kw"": 2.842170943040401e-14, ""max_soc_residual_kwh"": 5.684341886080802e-14, ""initial_state"": {""energy_kwh"": 850.0, ""temperatures_c"": [5.0, 5.0, 5.0, 5.0], ""online"": 3, ""diesel_states"": [{""healthy"": true, ""running"": true, ""pending"": false, ""onsite"": false, ""prep"": 3, ""min_up"": 0, ""min_down"": 0, ""repair_until"": -1, ""runtime"": 333, ""demands"": 1}, {""healthy"": true, ""running"": true, ""pending"": false, ""onsite"": false, ""prep"": 3, ""min_up"": 0, ""min_down"": 0, ""repair_until"": -1, ""runtime"": 329, ""demands"": 1}, {""healthy"": true, ""running"": false, ""pending"": false, ""onsite"": false, ""prep"": 3, ""min_up"": 0, ""min_down"": 0, ""repair_until"": -169, ""runtime"": 112, ""demands"": 1}, {""healthy"": true, ""running"": true, ""pending"": false, ""onsite"": false, ""prep"": 3, ""min_up"": 0, ""min_down"": 0, ""repair_until"": -1, ""runtime"": 210, ""demands"": 1}]}, ""final_state"": {""energy_kwh"": 850.0, ""temperatures_c"": [5.0, 5.0, 5.0, 5.0], ""online"": 3, ""diesel_states"": [{""healthy"": true, ""running"": false, ""pending"": false, ""onsite"": false, ""prep"": 3, ""min_up"": 0, ""min_down"": 0, ""repair_until"": 7753, ""runtime"": 7199, ""demands"": 3}, {""healthy"": true, ""running"": true, ""pending"": false, ""onsite"": false, ""prep"": 3, ""min_up"": 0, ""min_down"": 0, ""repair_until"": 5920, ""runtime"": 7673, ""demands"": 4}, {""healthy"": true, ""running"": true, ""pending"": false, ""onsite"": false, ""prep"": 3, ""min_up"": 0, ""min_down"": 0, ""repair_until"": 6723, ""runtime"": 6794, ""demands"": 8}, {""healthy"": true, ""running"": true, ""pending"": false, ""onsite"": false, ""prep"": 3, ""min_up"": 0, ""min_down"": 0, ""repair_until"": 7731, ""runtime"": 5579, ""demands"": 10}], ""other_repair_until"": {""wind"": [3077, 5168, -1000000000000000, -1000000000000000, 3438], ""pv"": [-1000000000000000, -1000000000000000, -1000000000000000], ""pcs"": [-1000000000000000, -1000000000000000, -1000000000000000, -1000000000000000]}}, ""energy_inventory_change_kwh"": 0.0, ""forecast_basis"": ""current_measurements_only"", ""dump_load_kw"": 0, ""repair_clock"": ""calendar_reference"", ""operating_cost_basis"": ""same_executed_policy""}",3488116.9694615793,load_first_three_online,holdout,71,2026091702,"{""wind"": 5, ""pv"": 3, ""diesel"": 4, ""battery_energy"": 20, ""pcs"": 4}",True,0.0078125
,"holdout:(5, 3, 4, 20, 4):c1b16c40e93d24d01996b4bd81ccf0b9d616e7bef83b01e34c8697540ee6de0f:72",0.0,"{""shed_hours"": 0.0, ""longest_shed_hours"": 0.0, ""heater_kwh"": 70967.61078027803, ""diesel_kwh"": 1049037.088510766, ""diesel_fuel_kg"": 233119.35300241044, ""battery_discharge_kwh"": 864.9283334333346, ""battery_charge_kwh"": 1116.9012570161844, ""starts"": 22.0, ""start_failures"": 0.0, ""diesel_run_failures"": 15.0, ""diesel_online_hours"": 26263.0, ""wind_failures"": 7.0, ""pv_failures"": 2.0, ""pcs_failures"": 0.0, ""wind_protective_stop_hours"": 31.0, ""wait_access_unit_hours"": 0.0, ""wait_crew_unit_hours"": 0.0, ""wait_prep_unit_hours"": 21.0, ""wait_heat_unit_hours"": 0.0, ""unserved_heater_command_kwh"": 0.0, ""max_balance_residual_kw"": 2.842170943040401e-14, ""max_soc_residual_kwh"": 5.684341886080802e-14, ""initial_state"": {""energy_kwh"": 850.0, ""temperatures_c"": [5.0, 5.0, 5.0, 5.0], ""online"": 3, ""diesel_states"": [{""healthy"": true, ""running"": false, ""pending"": false, ""onsite"": false, ""prep"": 3, ""min_up"": 0, ""min_down"": 0, ""repair_until"": -149, ""runtime"": 163, ""demands"": 1}, {""healthy"": true, ""running"": true, ""pending"": false, ""onsite"": false, ""prep"": 3, ""min_up"": 0, ""min_down"": 0, ""repair_until"": -1, ""runtime"": 329, ""demands"": 1}, {""healthy"": true, ""running"": true, ""pending"": false, ""onsite"": false, ""prep"": 3, ""min_up"": 0, ""min_down"": 0, ""repair_until"": -319, ""runtime"": 172, ""demands"": 2}, {""healthy"": true, ""running"": true, ""pending"": false, ""onsite"": false, ""prep"": 3, ""min_up"": 0, ""min_down"": 0, ""repair_until"": -1, ""runtime"": 320, ""demands"": 1}]}, ""final_state"": {""energy_kwh"": 850.0, ""temperatures_c"": [5.0, 5.0, 5.0, 5.0], ""online"": 3, ""diesel_states"": [{""healthy"": true, ""running"": true, ""pending"": false, ""onsite"": false, ""prep"": 3, ""min_up"": 0, ""min_down"": 0, ""repair_until"": 6841, ""runtime"": 5981, ""demands"": 6}, {""healthy"": true, ""running"": false, ""pending"": false, ""onsite"": false, ""prep"": 3, ""min_up"": 0, ""min_down"": 0, ""repair_until"": 7981, ""runtime"": 7671, ""demands"": 4}, {""healthy"": true, ""running"": true, ""pending"": false, ""onsite"": false, ""prep"": 3, ""min_up"": 0, ""min_down"": 0, ""repair_until"": 4771, ""runtime"": 8150, ""demands"": 7}, {""healthy"": true, ""running"": true, ""pending"": false, ""onsite"": false, ""prep"": 3, ""min_up"": 0, ""min_down"": 0, ""repair_until"": 6879, ""runtime"": 5445, ""demands"": 10}], ""other_repair_until"": {""wind"": [7417, 4796, 6823, 2655, -1000000000000000], ""pv"": [2685, 680, -1000000000000000], ""pcs"": [-1000000000000000, -1000000000000000, -1000000000000000, -1000000000000000]}}, ""energy_inventory_change_kwh"": 0.0, ""forecast_basis"": ""current_measurements_only"", ""dump_load_kw"": 0, ""repair_clock"": ""calendar_reference"", ""operating_cost_basis"": ""same_executed_policy""}",3496790.2950358656,load_first_three_online,holdout,72,2026091702,"{""wind"": 5, ""pv"": 3, ""diesel"": 4, ""battery_energy"": 20, ""pcs"": 4}",True,0.0078125
,"holdout:(5, 3, 4, 20, 4):c1b16c40e93d24d01996b4bd81ccf0b9d616e7bef83b01e34c8697540ee6de0f:73",0.0,"{""shed_hours"": 0.0, ""longest_shed_hours"": 0.0, ""heater_kwh"": 68015.35984928928, ""diesel_kwh"": 1051754.0234542387, ""diesel_fuel_kg"": 233723.1163231803, ""battery_discharge_kwh"": 469.38166680000154, ""battery_charge_kwh"": 606.1230201446285, ""starts"": 20.0, ""start_failures"": 0.0, ""diesel_run_failures"": 13.0, ""diesel_online_hours"": 26275.0, ""wind_failures"": 2.0, ""pv_failures"": 5.0, ""pcs_failures"": 0.0, ""wind_protective_stop_hours"": 31.0, ""wait_access_unit_hours"": 1.0, ""wait_crew_unit_hours"": 0.0, ""wait_prep_unit_hours"": 24.0, ""wait_heat_unit_hours"": 0.0, ""unserved_heater_command_kwh"": 0.0, ""max_balance_residual_kw"": 2.842170943040401e-14, ""max_soc_residual_kwh"": 5.684341886080802e-14, ""initial_state"": {""energy_kwh"": 850.0, ""temperatures_c"": [5.0, 5.0, 5.0, -0.4917950249892792], ""online"": 3, ""diesel_states"": [{""healthy"": true, ""running"": true, ""pending"": false, ""onsite"": false, ""prep"": 3, ""min_up"": 0, ""min_down"": 0, ""repair_until"": -1, ""runtime"": 333, ""demands"": 1}, {""healthy"": true, ""running"": true, ""pending"": false, ""onsite"": false, ""prep"": 3, ""min_up"": 0, ""min_down"": 0, ""repair_until"": -1, ""runtime"": 329, ""demands"": 1}, {""healthy"": true, ""running"": true, ""pending"": false, ""onsite"": false, ""prep"": 3, ""min_up"": 0, ""min_down"": 0, ""repair_until"": -1, ""runtime"": 325, ""demands"": 1}, {""healthy"": true, ""running"": false, ""pending"": false, ""onsite"": false, ""prep"": 0.0, ""min_up"": 0, ""min_down"": 0, ""repair_until"": -1, ""runtime"": 0, ""demands"": 0}]}, ""final_state"": {""energy_kwh"": 850.0, ""temperatures_c"": [5.0, 5.0, 5.0, 5.0], ""online"": 3, ""diesel_states"": [{""healthy"": true, ""running"": true, ""pending"": false, ""onsite"": false, ""prep"": 3, ""min_up"": 0, ""min_down"": 0, ""repair_until"": 7021, ""runtime"": 8465, ""demands"": 4}, {""healthy"": true, ""running"": false, ""pending"": false, ""onsite"": false, ""prep"": 3, ""min_up"": 0, ""min_down"": 0, ""repair_until"": 8325, ""runtime"": 7747, ""demands"": 5}, {""healthy"": true, ""running"": true, ""pending"": false, ""onsite"": false, ""prep"": 3, ""min_up"": 0, ""min_down"": 0, ""repair_until"": 7530, ""runtime"": 7515, ""demands"": 6}, {""healthy"": true, ""running"": true, ""pending"": false, ""onsite"": false, ""prep"": 3, ""min_up"": 0, ""min_down"": 0, ""repair_until"": 7330, ""runtime"": 3535, ""demands"": 8}], ""other_repair_until"": {""wind"": [8359, -1000000000000000, -1000000000000000, -1000000000000000, -1000000000000000], ""pv"": [5766, 8240, -1000000000000000], ""pcs"": [-1000000000000000, -1000000000000000, -1000000000000000, -1000000000000000]}}, ""energy_inventory_change_kwh"": 0.0, ""forecast_basis"": ""current_measurements_only"", ""dump_load_kw"": 0, ""repair_clock"": ""calendar_reference"", ""operating_cost_basis"": ""same_executed_policy""}",3505846.7448474476,load_first_three_online,holdout,73,2026091702,"{""wind"": 5, ""pv"": 3, ""diesel"": 4, ""battery_energy"": 20, ""pcs"": 4}",True,0.0078125
,"holdout:(5, 3, 4, 20, 4):c1b16c40e93d24d01996b4bd81ccf0b9d616e7bef83b01e34c8697540ee6de0f:74",0.0,"{""shed_hours"": 0.0, ""longest_shed_hours"": 0.0, ""heater_kwh"": 70967.61078027803, ""diesel_kwh"": 1046126.7795370265, ""diesel_fuel_kg"": 232472.61767491183, ""battery_discharge_kwh"": 449.3316668000018, ""battery_charge_kwh"": 580.2320077479343, ""starts"": 24.0, ""start_failures"": 0.0, ""diesel_run_failures"": 18.0, ""diesel_online_hours"": 26274.0, ""wind_failures"": 5.0, ""pv_failures"": 3.0, ""pcs_failures"": 0.0, ""wind_protective_stop_hours"": 31.0, ""wait_access_unit_hours"": 0.0, ""wait_crew_unit_hours"": 0.0, ""wait_prep_unit_hours"": 18.0, ""wait_heat_unit_hours"": 0.0, ""unserved_heater_command_kwh"": 0.0, ""max_balance_residual_kw"": 2.842170943040401e-14, ""max_soc_residual_kwh"": 5.684341886080802e-14, ""initial_state"": {""energy_kwh"": 850.0, ""temperatures_c"": [5.0, 5.0, 5.0, 5.0], ""online"": 3, ""diesel_states"": [{""healthy"": true, ""running"": false, ""pending"": false, ""onsite"": false, ""prep"": 3, ""min_up"": 0, ""min_down"": 0, ""repair_until"": -321, ""runtime"": 11, ""demands"": 1}, {""healthy"": true, ""running"": true, ""pending"": false, ""onsite"": false, ""prep"": 3, ""min_up"": 0, ""min_down"": 0, ""repair_until"": -1, ""runtime"": 329, ""demands"": 1}, {""healthy"": true, ""running"": true, ""pending"": false, ""onsite"": false, ""prep"": 3, ""min_up"": 0, ""min_down"": 0, ""repair_until"": -1, ""runtime"": 325, ""demands"": 1}, {""healthy"": true, ""running"": true, ""pending"": false, ""onsite"": false, ""prep"": 3, ""min_up"": 0, ""min_down"": 0, ""repair_until"": -1, ""runtime"": 319, ""demands"": 1}]}, ""final_state"": {""energy_kwh"": 850.0, ""temperatures_c"": [5.0, 5.0, 5.0, 5.0], ""online"": 3, ""diesel_states"": [{""healthy"": true, ""running"": true, ""pending"": false, ""onsite"": false, ""prep"": 3, ""min_up"": 0, ""min_down"": 0, ""repair_until"": 8084, ""runtime"": 8385, ""demands"": 4}, {""healthy"": true, ""running"": true, ""pending"": false, ""onsite"": false, ""prep"": 3, ""min_up"": 0, ""min_down"": 0, ""repair_until"": 7561, ""runtime"": 6237, ""demands"": 7}, {""healthy"": true, ""running"": true, ""pending"": false, ""onsite"": false, ""prep"": 3, ""min_up"": 0, ""min_down"": 0, ""repair_until"": 7880, ""runtime"": 6522, ""demands"": 8}, {""healthy"": true, ""running"": false, ""pending"": false, ""onsite"": false, ""prep"": 3, ""min_up"": 0, ""min_down"": 0, ""repair_until"": 8243, ""runtime"": 6114, ""demands"": 9}], ""other_repair_until"": {""wind"": [3902, 4930, 1607, 1342, 281], ""pv"": [628, 3679, 5247], ""pcs"": [-1000000000000000, -1000000000000000, -1000000000000000, -1000000000000000]}}, ""energy_inventory_change_kwh"": 0.0, ""forecast_basis"": ""current_measurements_only"", ""dump_load_kw"": 0, ""repair_clock"": ""calendar_reference"", ""operating_cost_basis"": ""same_executed_policy""}",3487089.2651234046,load_first_three_online,holdout,74,2026091702,"{""wind"": 5, ""pv"": 3, ""diesel"": 4, ""battery_energy"": 20, ""pcs"": 4}",True,0.0078125
,"holdout:(5, 3, 4, 20, 4):c1b16c40e93d24d01996b4bd81ccf0b9d616e7bef83b01e34c8697540ee6de0f:75",0.0,"{""shed_hours"": 0.0, ""longest_shed_hours"": 0.0, ""heater_kwh"": 70967.61078027803, ""diesel_kwh"": 1056186.7694885174, ""diesel_fuel_kg"": 234708.17099746497, ""battery_discharge_kwh"": 472.80055568889054, ""battery_charge_kwh"": 610.5379076561071, ""starts"": 18.0, ""start_failures"": 0.0, ""diesel_run_failures"": 12.0, ""diesel_online_hours"": 26270.0, ""wind_failures"": 8.0, ""pv_failures"": 4.0, ""pcs_failures"": 1.0, ""wind_protective_stop_hours"": 31.0, ""wait_access_unit_hours"": 13.0, ""wait_crew_unit_hours"": 0.0, ""wait_prep_unit_hours"": 18.0, ""wait_heat_unit_hours"": 0.0, ""unserved_heater_command_kwh"": 0.0, ""max_balance_residual_kw"": 2.842170943040401e-14, ""max_soc_residual_kwh"": 5.684341886080802e-14, ""initial_state"": {""energy_kwh"": 850.0, ""temperatures_c"": [5.0, 5.0, 5.0, 5.0], ""online"": 3, ""diesel_states"": [{""healthy"": true, ""running"": true, ""pending"": false, ""onsite"": false, ""prep"": 3, ""min_up"": 0, ""min_down"": 0, ""repair_until"": -1, ""runtime"": 333, ""demands"": 1}, {""healthy"": true, ""running"": true, ""pending"": false, ""onsite"": false, ""prep"": 3, ""min_up"": 0, ""min_down"": 0, ""repair_until"": -1, ""runtime"": 329, ""demands"": 1}, {""healthy"": true, ""running"": true, ""pending"": false, ""onsite"": false, ""prep"": 3, ""min_up"": 0, ""min_down"": 0, ""repair_until"": -243, ""runtime"": 233, ""demands"": 2}, {""healthy"": true, ""running"": false, ""pending"": false, ""onsite"": false, ""prep"": 3, ""min_up"": 0, ""min_down"": 0, ""repair_until"": -147, ""runtime"": 89, ""demands"": 1}]}, ""final_state"": {""energy_kwh"": 850.0, ""temperatures_c"": [5.0, 5.0, 5.0, 5.0], ""online"": 3, ""diesel_states"": [{""healthy"": true, ""running"": true, ""pending"": false, ""onsite"": false, ""prep"": 3, ""min_up"": 0, ""min_down"": 0, ""repair_until"": 6945, ""runtime"": 5735, ""demands"": 6}, {""healthy"": true, ""running"": false, ""pending"": false, ""onsite"": false, ""prep"": 3, ""min_up"": 0, ""min_down"": 0, ""repair_until"": 8351, ""runtime"": 8663, ""demands"": 1}, {""healthy"": true, ""running"": true, ""pending"": false, ""onsite"": false, ""prep"": 3, ""min_up"": 0, ""min_down"": 0, ""repair_until"": 6229, ""runtime"": 5125, ""demands"": 8}, {""healthy"": true, ""running"": true, ""pending"": false, ""onsite"": false, ""prep"": 3, ""min_up"": 0, ""min_down"": 0, ""repair_until"": 6876, ""runtime"": 7731, ""demands"": 8}], ""other_repair_until"": {""wind"": [8213, 8426, 3017, -1000000000000000, -1000000000000000], ""pv"": [8217, 7021, 7286], ""pcs"": [-1000000000000000, 549, -1000000000000000, -1000000000000000]}}, ""energy_inventory_change_kwh"": 0.0, ""forecast_basis"": ""current_measurements_only"", ""dump_load_kw"": 0, ""repair_clock"": ""calendar_reference"", ""operating_cost_basis"": ""same_executed_policy""}",3520622.5649617063,load_first_three_online,holdout,75,2026091702,"{""wind"": 5, ""pv"": 3, ""diesel"": 4, ""battery_energy"": 20, ""pcs"": 4}",True,0.0078125
,"holdout:(5, 3, 4, 20, 4):c1b16c40e93d24d01996b4bd81ccf0b9d616e7bef83b01e34c8697540ee6de0f:76",0.0,"{""shed_hours"": 0.0, ""longest_shed_hours"": 0.0, ""heater_kwh"": 70873.2507428278, ""diesel_kwh"": 1044085.7726755615, ""diesel_fuel_kg"": 232019.060594587, ""battery_discharge_kwh"": 516.6194446444462, ""battery_charge_kwh"": 667.1222167412769, ""starts"": 23.0, ""start_failures"": 0.0, ""diesel_run_failures"": 18.0, ""diesel_online_hours"": 26272.0, ""wind_failures"": 7.0, ""pv_failures"": 2.0, ""pcs_failures"": 0.0, ""wind_protective_stop_hours"": 31.0, ""wait_access_unit_hours"": 0.0, ""wait_crew_unit_hours"": 0.0, ""wait_prep_unit_hours"": 18.0, ""wait_heat_unit_hours"": 0.0, ""unserved_heater_command_kwh"": 0.0, ""max_balance_residual_kw"": 2.842170943040401e-14, ""max_soc_residual_kwh"": 5.684341886080802e-14, ""initial_state"": {""energy_kwh"": 850.0, ""temperatures_c"": [5.0, 5.0, 5.0, -0.4917950249892792], ""online"": 3, ""diesel_states"": [{""healthy"": true, ""running"": true, ""pending"": false, ""onsite"": false, ""prep"": 3, ""min_up"": 0, ""min_down"": 0, ""repair_until"": -1, ""runtime"": 333, ""demands"": 1}, {""healthy"": true, ""running"": true, ""pending"": false, ""onsite"": false, ""prep"": 3, ""min_up"": 0, ""min_down"": 0, ""repair_until"": -1, ""runtime"": 329, ""demands"": 1}, {""healthy"": true, ""running"": true, ""pending"": false, ""onsite"": false, ""prep"": 3, ""min_up"": 0, ""min_down"": 0, ""repair_until"": -1, ""runtime"": 325, ""demands"": 1}, {""healthy"": true, ""running"": false, ""pending"": false, ""onsite"": false, ""prep"": 0.0, ""min_up"": 0, ""min_down"": 0, ""repair_until"": -1, ""runtime"": 0, ""demands"": 0}]}, ""final_state"": {""energy_kwh"": 850.0, ""temperatures_c"": [5.0, 5.0, 5.0, 5.0], ""online"": 3, ""diesel_states"": [{""healthy"": true, ""running"": true, ""pending"": false, ""onsite"": false, ""prep"": 3, ""min_up"": 0, ""min_down"": 0, ""repair_until"": 6348, ""runtime"": 7668, ""demands"": 5}, {""healthy"": true, ""running"": true, ""pending"": false, ""onsite"": false, ""prep"": 3, ""min_up"": 0, ""min_down"": 0, ""repair_until"": 5615, ""runtime"": 8068, ""demands"": 4}, {""healthy"": true, ""running"": true, ""pending"": false, ""onsite"": false, ""prep"": 3, ""min_up"": 0, ""min_down"": 0, ""repair_until"": 8361, ""runtime"": 6500, ""demands"": 9}, {""healthy"": true, ""running"": false, ""pending"": false, ""onsite"": false, ""prep"": 3, ""min_up"": 0, ""min_down"": 0, ""repair_until"": 8403, ""runtime"": 5023, ""demands"": 8}], ""other_repair_until"": {""wind"": [1242, 2155, -1000000000000000, 4568, 8478], ""pv"": [5450, 5998, -1000000000000000], ""pcs"": [-1000000000000000, -1000000000000000, -1000000000000000, -1000000000000000]}}, ""energy_inventory_change_kwh"": 0.0, ""forecast_basis"": ""current_measurements_only"", ""dump_load_kw"": 0, ""repair_clock"": ""calendar_reference"", ""operating_cost_basis"": ""same_executed_policy""}",3480285.9089185144,load_first_three_online,holdout,76,2026091702,"{""wind"": 5, ""pv"": 3, ""diesel"": 4, ""battery_energy"": 20, ""pcs"": 4}",True,0.0078125
,"holdout:(5, 3, 4, 20, 4):c1b16c40e93d24d01996b4bd81ccf0b9d616e7bef83b01e34c8697540ee6de0f:77",0.0,"{""shed_hours"": 0.0, ""longest_shed_hours"": 0.0, ""heater_kwh"": 70886.13839327428, ""diesel_kwh"": 1043853.5854590605, ""diesel_fuel_kg"": 231967.46343536387, ""battery_discharge_kwh"": 460.3603975648981, ""battery_charge_kwh"": 594.4736538802908, ""starts"": 16.0, ""start_failures"": 0.0, ""diesel_run_failures"": 10.0, ""diesel_online_hours"": 26273.0, ""wind_failures"": 5.0, ""pv_failures"": 4.0, ""pcs_failures"": 2.0, ""wind_protective_stop_hours"": 31.0, ""wait_access_unit_hours"": 0.0, ""wait_crew_unit_hours"": 0.0, ""wait_prep_unit_hours"": 21.0, ""wait_heat_unit_hours"": 0.0, ""unserved_heater_command_kwh"": 0.0, ""max_balance_residual_kw"": 2.842170943040401e-14, ""max_soc_residual_kwh"": 5.684341886080802e-14, ""initial_state"": {""energy_kwh"": 850.0, ""temperatures_c"": [5.0, 5.0, 5.0, -0.4917950249892792], ""online"": 3, ""diesel_states"": [{""healthy"": true, ""running"": true, ""pending"": false, ""onsite"": false, ""prep"": 3, ""min_up"": 0, ""min_down"": 0, ""repair_until"": -1, ""runtime"": 333, ""demands"": 1}, {""healthy"": true, ""running"": true, ""pending"": false, ""onsite"": false, ""prep"": 3, ""min_up"": 0, ""min_down"": 0, ""repair_until"": -1, ""runtime"": 329, ""demands"": 1}, {""healthy"": true, ""running"": true, ""pending"": false, ""onsite"": false, ""prep"": 3, ""min_up"": 0, ""min_down"": 0, ""repair_until"": -1, ""runtime"": 325, ""demands"": 1}, {""healthy"": true, ""running"": false, ""pending"": false, ""onsite"": false, ""prep"": 0.0, ""min_up"": 0, ""min_down"": 0, ""repair_until"": -1, ""runtime"": 0, ""demands"": 0}]}, ""final_state"": {""energy_kwh"": 850.0, ""temperatures_c"": [5.0, 5.0, 5.0, 5.0], ""online"": 3, ""diesel_states"": [{""healthy"": true, ""running"": true, ""pending"": false, ""onsite"": false, ""prep"": 3, ""min_up"": 0, ""min_down"": 0, ""repair_until"": 3281, ""runtime"": 7955, ""demands"": 5}, {""healthy"": true, ""running"": true, ""pending"": false, ""onsite"": false, ""prep"": 3, ""min_up"": 0, ""min_down"": 0, ""repair_until"": 3519, ""runtime"": 6837, ""demands"": 4}, {""healthy"": true, ""running"": true, ""pending"": false, ""onsite"": false, ""prep"": 3, ""min_up"": 0, ""min_down"": 0, ""repair_until"": 2527, ""runtime"": 8329, ""demands"": 5}, {""healthy"": true, ""running"": false, ""pending"": false, ""onsite"": false, ""prep"": 3, ""min_up"": 0, ""min_down"": 0, ""repair_until"": 5552, ""runtime"": 4139, ""demands"": 5}], ""other_repair_until"": {""wind"": [1541, 7534, 8416, 721, -1000000000000000], ""pv"": [5738, 7802, 1873], ""pcs"": [-1000000000000000, -1000000000000000, -1000000000000000, 4534]}}, ""energy_inventory_change_kwh"": 0.0, ""forecast_basis"": ""current_measurements_only"", ""dump_load_kw"": 0, ""repair_clock"": ""calendar_reference"", ""operating_cost_basis"": ""same_executed_policy""}",3479511.9515301813,load_first_three_online,holdout,77,2026091702,"{""wind"": 5, ""pv"": 3, ""diesel"": 4, ""battery_energy"": 20, ""pcs"": 4}",True,0.0078125
,"holdout:(5, 3, 4, 20, 4):c1b16c40e93d24d01996b4bd81ccf0b9d616e7bef83b01e34c8697540ee6de0f:78",0.0,"{""shed_hours"": 0.0, ""longest_shed_hours"": 0.0, ""heater_kwh"": 70966.21739137148, ""diesel_kwh"": 1046770.9974871055, ""diesel_fuel_kg"": 232615.77721937452, ""battery_discharge_kwh"": 821.5550001333353, ""battery_charge_kwh"": 1060.892303891185, ""starts"": 23.0, ""start_failures"": 0.0, ""diesel_run_failures"": 16.0, ""diesel_online_hours"": 26264.0, ""wind_failures"": 2.0, ""pv_failures"": 4.0, ""pcs_failures"": 1.0, ""wind_protective_stop_hours"": 31.0, ""wait_access_unit_hours"": 4.0, ""wait_crew_unit_hours"": 0.0, ""wait_prep_unit_hours"": 24.0, ""wait_heat_unit_hours"": 0.0, ""unserved_heater_command_kwh"": 0.0, ""max_balance_residual_kw"": 2.842170943040401e-14, ""max_soc_residual_kwh"": 5.684341886080802e-14, ""initial_state"": {""energy_kwh"": 850.0, ""temperatures_c"": [5.0, 5.0, 5.0, -0.4917950249892792], ""online"": 3, ""diesel_states"": [{""healthy"": true, ""running"": true, ""pending"": false, ""onsite"": false, ""prep"": 3, ""min_up"": 0, ""min_down"": 0, ""repair_until"": -1, ""runtime"": 333, ""demands"": 1}, {""healthy"": true, ""running"": true, ""pending"": false, ""onsite"": false, ""prep"": 3, ""min_up"": 0, ""min_down"": 0, ""repair_until"": -1, ""runtime"": 329, ""demands"": 1}, {""healthy"": true, ""running"": true, ""pending"": false, ""onsite"": false, ""prep"": 3, ""min_up"": 0, ""min_down"": 0, ""repair_until"": -1, ""runtime"": 325, ""demands"": 1}, {""healthy"": true, ""running"": false, ""pending"": false, ""onsite"": false, ""prep"": 0.0, ""min_up"": 0, ""min_down"": 0, ""repair_until"": -1, ""runtime"": 0, ""demands"": 0}]}, ""final_state"": {""energy_kwh"": 850.0, ""temperatures_c"": [5.0, 5.0, 5.0, 5.0], ""online"": 3, ""diesel_states"": [{""healthy"": true, ""running"": false, ""pending"": false, ""onsite"": false, ""prep"": 3, ""min_up"": 0, ""min_down"": 0, ""repair_until"": 8510, ""runtime"": 8456, ""demands"": 4}, {""healthy"": true, ""running"": true, ""pending"": false, ""onsite"": false, ""prep"": 3, ""min_up"": 0, ""min_down"": 0, ""repair_until"": 6993, ""runtime"": 8094, ""demands"": 4}, {""healthy"": true, ""running"": true, ""pending"": false, ""onsite"": false, ""prep"": 3, ""min_up"": 0, ""min_down"": 0, ""repair_until"": 7397, ""runtime"": 5233, ""demands"": 10}, {""healthy"": true, ""running"": true, ""pending"": false, ""onsite"": false, ""prep"": 3, ""min_up"": 0, ""min_down"": 0, ""repair_until"": 6508, ""runtime"": 5468, ""demands"": 8}], ""other_repair_until"": {""wind"": [566, -1000000000000000, 5228, -1000000000000000, -1000000000000000], ""pv"": [2734, 5665, 791], ""pcs"": [-1000000000000000, 5021, -1000000000000000, -1000000000000000]}}, ""energy_inventory_change_kwh"": 0.0, ""forecast_basis"": ""current_measurements_only"", ""dump_load_kw"": 0, ""repair_clock"": ""calendar_reference"", ""operating_cost_basis"": ""same_executed_policy""}",3489236.658290329,load_first_three_online,holdout,78,2026091702,"{""wind"": 5, ""pv"": 3, ""diesel"": 4, ""battery_energy"": 20, ""pcs"": 4}",True,0.0078125
,"holdout:(5, 3, 4, 20, 4):c1b16c40e93d24d01996b4bd81ccf0b9d616e7bef83b01e34c8697540ee6de0f:79",0.0,"{""shed_hours"": 0.0, ""longest_shed_hours"": 0.0, ""heater_kwh"": 70856.83404095375, ""diesel_kwh"": 1044641.3344788355, ""diesel_fuel_kg"": 232142.51877309117, ""battery_discharge_kwh"": 1250.9994446111125, ""battery_charge_kwh"": 1615.4434976899672, ""starts"": 25.0, ""start_failures"": 0.0, ""diesel_run_failures"": 17.0, ""diesel_online_hours"": 26244.0, ""wind_failures"": 6.0, ""pv_failures"": 2.0, ""pcs_failures"": 1.0, ""wind_protective_stop_hours"": 31.0, ""wait_access_unit_hours"": 14.0, ""wait_crew_unit_hours"": 0.0, ""wait_prep_unit_hours"": 27.0, ""wait_heat_unit_hours"": 0.0, ""unserved_heater_command_kwh"": 0.0, ""max_balance_residual_kw"": 2.842170943040401e-14, ""max_soc_residual_kwh"": 5.684341886080802e-14, ""initial_state"": {""energy_kwh"": 850.0, ""temperatures_c"": [5.0, 5.0, 5.0, -0.4917950249892792], ""online"": 3, ""diesel_states"": [{""healthy"": true, ""running"": true, ""pending"": false, ""onsite"": false, ""prep"": 3, ""min_up"": 0, ""min_down"": 0, ""repair_until"": -1, ""runtime"": 333, ""demands"": 1}, {""healthy"": true, ""running"": true, ""pending"": false, ""onsite"": false, ""prep"": 3, ""min_up"": 0, ""min_down"": 0, ""repair_until"": -1, ""runtime"": 329, ""demands"": 1}, {""healthy"": true, ""running"": true, ""pending"": false, ""onsite"": false, ""prep"": 3, ""min_up"": 0, ""min_down"": 0, ""repair_until"": -1, ""runtime"": 325, ""demands"": 1}, {""healthy"": true, ""running"": false, ""pending"": false, ""onsite"": false, ""prep"": 0.0, ""min_up"": 0, ""min_down"": 0, ""repair_until"": -1, ""runtime"": 0, ""demands"": 0}]}, ""final_state"": {""energy_kwh"": 850.0, ""temperatures_c"": [5.0, 5.0, 5.0, 5.0], ""online"": 3, ""diesel_states"": [{""healthy"": true, ""running"": true, ""pending"": false, ""onsite"": false, ""prep"": 3, ""min_up"": 0, ""min_down"": 0, ""repair_until"": 7523, ""runtime"": 6395, ""demands"": 7}, {""healthy"": true, ""running"": true, ""pending"": false, ""onsite"": false, ""prep"": 3, ""min_up"": 0, ""min_down"": 0, ""repair_until"": 7904, ""runtime"": 8183, ""demands"": 3}, {""healthy"": true, ""running"": true, ""pending"": false, ""onsite"": false, ""prep"": 3, ""min_up"": 0, ""min_down"": 0, ""repair_until"": 6122, ""runtime"": 7057, ""demands"": 8}, {""healthy"": true, ""running"": false, ""pending"": false, ""onsite"": false, ""prep"": 3, ""min_up"": 0, ""min_down"": 0, ""repair_until"": 8073, ""runtime"": 5596, ""demands"": 10}], ""other_repair_until"": {""wind"": [5633, 8860, 4086, -1000000000000000, 7345], ""pv"": [-1000000000000000, -1000000000000000, 4667], ""pcs"": [-1000000000000000, -1000000000000000, -1000000000000000, 7272]}}, ""energy_inventory_change_kwh"": 0.0, ""forecast_basis"": ""current_measurements_only"", ""dump_load_kw"": 0, ""repair_clock"": ""calendar_reference"", ""operating_cost_basis"": ""same_executed_policy""}",3482137.7815961004,load_first_three_online,holdout,79,2026091702,"{""wind"": 5, ""pv"": 3, ""diesel"": 4, ""battery_energy"": 20, ""pcs"": 4}",True,0.0078125
,"holdout:(5, 3, 4, 20, 4):c1b16c40e93d24d01996b4bd81ccf0b9d616e7bef83b01e34c8697540ee6de0f:80",0.0,"{""shed_hours"": 0.0, ""longest_shed_hours"": 0.0, ""heater_kwh"": 70967.61078027803, ""diesel_kwh"": 1045075.7437881439, ""diesel_fuel_kg"": 232239.0541751598, ""battery_discharge_kwh"": 576.5716668333349, ""battery_charge_kwh"": 744.5398590306479, ""starts"": 16.0, ""start_failures"": 0.0, ""diesel_run_failures"": 11.0, ""diesel_online_hours"": 26258.0, ""wind_failures"": 5.0, ""pv_failures"": 3.0, ""pcs_failures"": 2.0, ""wind_protective_stop_hours"": 31.0, ""wait_access_unit_hours"": 0.0, ""wait_crew_unit_hours"": 0.0, ""wait_prep_unit_hours"": 15.0, ""wait_heat_unit_hours"": 0.0, ""unserved_heater_command_kwh"": 0.0, ""max_balance_residual_kw"": 2.842170943040401e-14, ""max_soc_residual_kwh"": 5.684341886080802e-14, ""initial_state"": {""energy_kwh"": 850.0, ""temperatures_c"": [5.0, 5.0, 5.0, 5.0], ""online"": 3, ""diesel_states"": [{""healthy"": true, ""running"": true, ""pending"": false, ""onsite"": false, ""prep"": 3, ""min_up"": 0, ""min_down"": 0, ""repair_until"": -105, ""runtime"": 244, ""demands"": 2}, {""healthy"": true, ""running"": true, ""pending"": false, ""onsite"": false, ""prep"": 3, ""min_up"": 0, ""min_down"": 0, ""repair_until"": -1, ""runtime"": 329, ""demands"": 1}, {""healthy"": true, ""running"": true, ""pending"": false, ""onsite"": false, ""prep"": 3, ""min_up"": 0, ""min_down"": 0, ""repair_until"": -1, ""runtime"": 325, ""demands"": 1}, {""healthy"": false, ""running"": false, ""pending"": false, ""onsite"": false, ""prep"": 0.0, ""min_up"": 0, ""min_down"": 0, ""repair_until"": 51, ""runtime"": 86, ""demands"": 1}]}, ""final_state"": {""energy_kwh"": 850.0, ""temperatures_c"": [5.0, 5.0, 5.0, 5.0], ""online"": 3, ""diesel_states"": [{""healthy"": true, ""running"": false, ""pending"": false, ""onsite"": false, ""prep"": 3, ""min_up"": 0, ""min_down"": 0, ""repair_until"": 8114, ""runtime"": 8201, ""demands"": 4}, {""healthy"": true, ""running"": true, ""pending"": false, ""onsite"": false, ""prep"": 3, ""min_up"": 0, ""min_down"": 0, ""repair_until"": 6172, ""runtime"": 8142, ""demands"": 3}, {""healthy"": true, ""running"": true, ""pending"": false, ""onsite"": false, ""prep"": 3, ""min_up"": 0, ""min_down"": 0, ""repair_until"": 6756, ""runtime"": 5595, ""demands"": 7}, {""healthy"": true, ""running"": true, ""pending"": false, ""onsite"": false, ""prep"": 3, ""min_up"": 0, ""min_down"": 0, ""repair_until"": 6208, ""runtime"": 5304, ""demands"": 7}], ""other_repair_until"": {""wind"": [4480, -1000000000000000, 6415, 7813, -1000000000000000], ""pv"": [-1000000000000000, 2944, 7756], ""pcs"": [-1000000000000000, 2039, 8213, -1000000000000000]}}, ""energy_inventory_change_kwh"": 0.0, ""forecast_basis"": ""current_measurements_only"", ""dump_load_kw"": 0, ""repair_clock"": ""calendar_reference"", ""operating_cost_basis"": ""same_executed_policy""}",3483585.8126271274,load_first_three_online,holdout,80,2026091702,"{""wind"": 5, ""pv"": 3, ""diesel"": 4, ""battery_energy"": 20, ""pcs"": 4}",True,0.0078125
,"holdout:(5, 3, 4, 20, 4):c1b16c40e93d24d01996b4bd81ccf0b9d616e7bef83b01e34c8697540ee6de0f:81",0.0,"{""shed_hours"": 0.0, ""longest_shed_hours"": 0.0, ""heater_kwh"": 70743.02095756249, ""diesel_kwh"": 1045198.8487809903, ""diesel_fuel_kg"": 232266.41084023775, ""battery_discharge_kwh"": 429.1672223222239, ""battery_charge_kwh"": 554.1932106433658, ""starts"": 22.0, ""start_failures"": 0.0, ""diesel_run_failures"": 15.0, ""diesel_online_hours"": 26256.0, ""wind_failures"": 1.0, ""pv_failures"": 4.0, ""pcs_failures"": 0.0, ""wind_protective_stop_hours"": 31.0, ""wait_access_unit_hours"": 0.0, ""wait_crew_unit_hours"": 0.0, ""wait_prep_unit_hours"": 24.0, ""wait_heat_unit_hours"": 0.0, ""unserved_heater_command_kwh"": 0.0, ""max_balance_residual_kw"": 2.842170943040401e-14, ""max_soc_residual_kwh"": 5.684341886080802e-14, ""initial_state"": {""energy_kwh"": 850.0, ""temperatures_c"": [5.0, 5.0, 5.0, -0.4917950249892792], ""online"": 3, ""diesel_states"": [{""healthy"": true, ""running"": true, ""pending"": false, ""onsite"": false, ""prep"": 3, ""min_up"": 0, ""min_down"": 0, ""repair_until"": -1, ""runtime"": 333, ""demands"": 1}, {""healthy"": true, ""running"": true, ""pending"": false, ""onsite"": false, ""prep"": 3, ""min_up"": 0, ""min_down"": 0, ""repair_until"": -1, ""runtime"": 329, ""demands"": 1}, {""healthy"": true, ""running"": true, ""pending"": false, ""onsite"": false, ""prep"": 3, ""min_up"": 0, ""min_down"": 0, ""repair_until"": -1, ""runtime"": 325, ""demands"": 1}, {""healthy"": true, ""running"": false, ""pending"": false, ""onsite"": false, ""prep"": 0.0, ""min_up"": 0, ""min_down"": 0, ""repair_until"": -1, ""runtime"": 0, ""demands"": 0}]}, ""final_state"": {""energy_kwh"": 850.0, ""temperatures_c"": [5.0, 5.0, 5.0, 5.0], ""online"": 3, ""diesel_states"": [{""healthy"": true, ""running"": false, ""pending"": false, ""onsite"": false, ""prep"": 3, ""min_up"": 0, ""min_down"": 0, ""repair_until"": 8663, ""runtime"": 5262, ""demands"": 6}, {""healthy"": true, ""running"": true, ""pending"": false, ""onsite"": false, ""prep"": 3, ""min_up"": 0, ""min_down"": 0, ""repair_until"": 8272, ""runtime"": 7942, ""demands"": 4}, {""healthy"": true, ""running"": true, ""pending"": false, ""onsite"": false, ""prep"": 3, ""min_up"": 0, ""min_down"": 0, ""repair_until"": 2691, ""runtime"": 7824, ""demands"": 7}, {""healthy"": true, ""running"": true, ""pending"": false, ""onsite"": false, ""prep"": 3, ""min_up"": 0, ""min_down"": 0, ""repair_until"": 8403, ""runtime"": 6215, ""demands"": 8}], ""other_repair_until"": {""wind"": [-1000000000000000, -1000000000000000, -1000000000000000, -1000000000000000, 5193], ""pv"": [-1000000000000000, 4274, 1441], ""pcs"": [-1000000000000000, -1000000000000000, -1000000000000000, -1000000000000000]}}, ""energy_inventory_change_kwh"": 0.0, ""forecast_basis"": ""current_measurements_only"", ""dump_load_kw"": 0, ""repair_clock"": ""calendar_reference"", ""operating_cost_basis"": ""same_executed_policy""}",3483996.1626032777,load_first_three_online,holdout,81,2026091702,"{""wind"": 5, ""pv"": 3, ""diesel"": 4, ""battery_energy"": 20, ""pcs"": 4}",True,0.0078125
,"holdout:(5, 3, 4, 20, 4):c1b16c40e93d24d01996b4bd81ccf0b9d616e7bef83b01e34c8697540ee6de0f:82",0.0,"{""shed_hours"": 0.0, ""longest_shed_hours"": 0.0, ""heater_kwh"": 70949.01456455658, ""diesel_kwh"": 1042567.9079722529, ""diesel_fuel_kg"": 231681.75732718426, ""battery_discharge_kwh"": 299.19500013333504, ""battery_charge_kwh"": 386.3571799242429, ""starts"": 19.0, ""start_failures"": 0.0, ""diesel_run_failures"": 12.0, ""diesel_online_hours"": 26272.0, ""wind_failures"": 4.0, ""pv_failures"": 2.0, ""pcs_failures"": 0.0, ""wind_protective_stop_hours"": 31.0, ""wait_access_unit_hours"": 4.0, ""wait_crew_unit_hours"": 0.0, ""wait_prep_unit_hours"": 24.0, ""wait_heat_unit_hours"": 0.0, ""unserved_heater_command_kwh"": 0.0, ""max_balance_residual_kw"": 2.842170943040401e-14, ""max_soc_residual_kwh"": 5.684341886080802e-14, ""initial_state"": {""energy_kwh"": 850.0, ""temperatures_c"": [5.0, 5.0, 5.0, -0.4917950249892792], ""online"": 3, ""diesel_states"": [{""healthy"": true, ""running"": true, ""pending"": false, ""onsite"": false, ""prep"": 3, ""min_up"": 0, ""min_down"": 0, ""repair_until"": -1, ""runtime"": 333, ""demands"": 1}, {""healthy"": true, ""running"": true, ""pending"": false, ""onsite"": false, ""prep"": 3, ""min_up"": 0, ""min_down"": 0, ""repair_until"": -1, ""runtime"": 329, ""demands"": 1}, {""healthy"": true, ""running"": true, ""pending"": false, ""onsite"": false, ""prep"": 3, ""min_up"": 0, ""min_down"": 0, ""repair_until"": -1, ""runtime"": 325, ""demands"": 1}, {""healthy"": true, ""running"": false, ""pending"": false, ""onsite"": false, ""prep"": 0.0, ""min_up"": 0, ""min_down"": 0, ""repair_until"": -1, ""runtime"": 0, ""demands"": 0}]}, ""final_state"": {""energy_kwh"": 850.0, ""temperatures_c"": [5.0, 5.0, 5.0, 5.0], ""online"": 3, ""diesel_states"": [{""healthy"": true, ""running"": false, ""pending"": false, ""onsite"": false, ""prep"": 3, ""min_up"": 0, ""min_down"": 0, ""repair_until"": 7490, ""runtime"": 6365, ""demands"": 6}, {""healthy"": true, ""running"": true, ""pending"": false, ""onsite"": false, ""prep"": 3, ""min_up"": 0, ""min_down"": 0, ""repair_until"": 7372, ""runtime"": 5668, ""demands"": 5}, {""healthy"": true, ""running"": true, ""pending"": false, ""onsite"": false, ""prep"": 3, ""min_up"": 0, ""min_down"": 0, ""repair_until"": 7151, ""runtime"": 7957, ""demands"": 5}, {""healthy"": true, ""running"": true, ""pending"": false, ""onsite"": false, ""prep"": 3, ""min_up"": 0, ""min_down"": 0, ""repair_until"": -1, ""runtime"": 7269, ""demands"": 6}], ""other_repair_until"": {""wind"": [6307, 8657, -1000000000000000, 1298, 6891], ""pv"": [-1000000000000000, 6681, 2762], ""pcs"": [-1000000000000000, -1000000000000000, -1000000000000000, -1000000000000000]}}, ""energy_inventory_change_kwh"": 0.0, ""forecast_basis"": ""current_measurements_only"", ""dump_load_kw"": 0, ""repair_clock"": ""calendar_reference"", ""operating_cost_basis"": ""same_executed_policy""}",3475226.359907487,load_first_three_online,holdout,82,2026091702,"{""wind"": 5, ""pv"": 3, ""diesel"": 4, ""battery_energy"": 20, ""pcs"": 4}",True,0.0078125
,"holdout:(5, 3, 4, 20, 4):c1b16c40e93d24d01996b4bd81ccf0b9d616e7bef83b01e34c8697540ee6de0f:83",0.0,"{""shed_hours"": 0.0, ""longest_shed_hours"": 0.0, ""heater_kwh"": 70775.42616670126, ""diesel_kwh"": 1041699.1047650251, ""diesel_fuel_kg"": 231488.68994780007, ""battery_discharge_kwh"": 983.6466668333347, ""battery_charge_kwh"": 1270.2048900223836, ""starts"": 32.0, ""start_failures"": 0.0, ""diesel_run_failures"": 25.0, ""diesel_online_hours"": 26230.0, ""wind_failures"": 8.0, ""pv_failures"": 0.0, ""pcs_failures"": 0.0, ""wind_protective_stop_hours"": 31.0, ""wait_access_unit_hours"": 27.0, ""wait_crew_unit_hours"": 0.0, ""wait_prep_unit_hours"": 24.0, ""wait_heat_unit_hours"": 0.0, ""unserved_heater_command_kwh"": 0.0, ""max_balance_residual_kw"": 2.842170943040401e-14, ""max_soc_residual_kwh"": 5.684341886080802e-14, ""initial_state"": {""energy_kwh"": 850.0, ""temperatures_c"": [5.0, 5.0, 5.0, -0.4917950249892792], ""online"": 3, ""diesel_states"": [{""healthy"": true, ""running"": true, ""pending"": false, ""onsite"": false, ""prep"": 3, ""min_up"": 0, ""min_down"": 0, ""repair_until"": -1, ""runtime"": 333, ""demands"": 1}, {""healthy"": true, ""running"": true, ""pending"": false, ""onsite"": false, ""prep"": 3, ""min_up"": 0, ""min_down"": 0, ""repair_until"": -1, ""runtime"": 329, ""demands"": 1}, {""healthy"": true, ""running"": true, ""pending"": false, ""onsite"": false, ""prep"": 3, ""min_up"": 0, ""min_down"": 0, ""repair_until"": -1, ""runtime"": 325, ""demands"": 1}, {""healthy"": true, ""running"": false, ""pending"": false, ""onsite"": false, ""prep"": 0.0, ""min_up"": 0, ""min_down"": 0, ""repair_until"": -1, ""runtime"": 0, ""demands"": 0}]}, ""final_state"": {""energy_kwh"": 850.0, ""temperatures_c"": [5.0, 5.0, 5.0, 5.0], ""online"": 3, ""diesel_states"": [{""healthy"": true, ""running"": true, ""pending"": false, ""onsite"": false, ""prep"": 3, ""min_up"": 0, ""min_down"": 0, ""repair_until"": 7865, ""runtime"": 7670, ""demands"": 5}, {""healthy"": false, ""running"": false, ""pending"": false, ""onsite"": false, ""prep"": 0.0, ""min_up"": 0, ""min_down"": 0, ""repair_until"": 8770, ""runtime"": 4963, ""demands"": 8}, {""healthy"": true, ""running"": true, ""pending"": false, ""onsite"": false, ""prep"": 3, ""min_up"": 0, ""min_down"": 0, ""repair_until"": 6198, ""runtime"": 7571, ""demands"": 11}, {""healthy"": true, ""running"": true, ""pending"": false, ""onsite"": false, ""prep"": 3, ""min_up"": 0, ""min_down"": 0, ""repair_until"": 7580, ""runtime"": 7013, ""demands"": 11}], ""other_repair_until"": {""wind"": [8549, 5948, -1000000000000000, -1000000000000000, 3758], ""pv"": [-1000000000000000, -1000000000000000, -1000000000000000], ""pcs"": [-1000000000000000, -1000000000000000, -1000000000000000, -1000000000000000]}}, ""energy_inventory_change_kwh"": 0.0, ""forecast_basis"": ""current_measurements_only"", ""dump_load_kw"": 0, ""repair_clock"": ""calendar_reference"", ""operating_cost_basis"": ""same_executed_policy""}",3472330.3492167294,load_first_three_online,holdout,83,2026091702,"{""wind"": 5, ""pv"": 3, ""diesel"": 4, ""battery_energy"": 20, ""pcs"": 4}",True,0.0078125
,"holdout:(5, 3, 4, 20, 4):c1b16c40e93d24d01996b4bd81ccf0b9d616e7bef83b01e34c8697540ee6de0f:84",0.0,"{""shed_hours"": 0.0, ""longest_shed_hours"": 0.0, ""heater_kwh"": 70967.61078027803, ""diesel_kwh"": 1056936.418441761, ""diesel_fuel_kg"": 234874.75965374152, ""battery_discharge_kwh"": 762.3055557222239, ""battery_charge_kwh"": 984.3821742280763, ""starts"": 22.0, ""start_failures"": 0.0, ""diesel_run_failures"": 17.0, ""diesel_online_hours"": 26247.0, ""wind_failures"": 3.0, ""pv_failures"": 5.0, ""pcs_failures"": 0.0, ""wind_protective_stop_hours"": 31.0, ""wait_access_unit_hours"": 0.0, ""wait_crew_unit_hours"": 0.0, ""wait_prep_unit_hours"": 15.0, ""wait_heat_unit_hours"": 0.0, ""unserved_heater_command_kwh"": 0.0, ""max_balance_residual_kw"": 2.842170943040401e-14, ""max_soc_residual_kwh"": 5.684341886080802e-14, ""initial_state"": {""energy_kwh"": 850.0, ""temperatures_c"": [5.0, 5.0, 5.0, 5.0], ""online"": 3, ""diesel_states"": [{""healthy"": true, ""running"": true, ""pending"": false, ""onsite"": false, ""prep"": 3, ""min_up"": 0, ""min_down"": 0, ""repair_until"": -1, ""runtime"": 333, ""demands"": 1}, {""healthy"": true, ""running"": true, ""pending"": false, ""onsite"": false, ""prep"": 3, ""min_up"": 0, ""min_down"": 0, ""repair_until"": -1, ""runtime"": 329, ""demands"": 1}, {""healthy"": true, ""running"": true, ""pending"": false, ""onsite"": false, ""prep"": 3, ""min_up"": 0, ""min_down"": 0, ""repair_until"": -65, ""runtime"": 268, ""demands"": 2}, {""healthy"": true, ""running"": false, ""pending"": false, ""onsite"": false, ""prep"": 3, ""min_up"": 0, ""min_down"": 0, ""repair_until"": -5, ""runtime"": 54, ""demands"": 1}]}, ""final_state"": {""energy_kwh"": 850.0, ""temperatures_c"": [5.0, 5.0, 5.0, 5.0], ""online"": 3, ""diesel_states"": [{""healthy"": true, ""running"": false, ""pending"": false, ""onsite"": false, ""prep"": 3, ""min_up"": 0, ""min_down"": 0, ""repair_until"": 6992, ""runtime"": 6751, ""demands"": 3}, {""healthy"": true, ""running"": true, ""pending"": false, ""onsite"": false, ""prep"": 3, ""min_up"": 0, ""min_down"": 0, ""repair_until"": 6753, ""runtime"": 7588, ""demands"": 6}, {""healthy"": true, ""running"": true, ""pending"": false, ""onsite"": false, ""prep"": 3, ""min_up"": 0, ""min_down"": 0, ""repair_until"": 6965, ""runtime"": 7195, ""demands"": 10}, {""healthy"": true, ""running"": true, ""pending"": false, ""onsite"": false, ""prep"": 3, ""min_up"": 0, ""min_down"": 0, ""repair_until"": 5135, ""runtime"": 5697, ""demands"": 8}], ""other_repair_until"": {""wind"": [-1000000000000000, -1000000000000000, 8308, -1000000000000000, 2681], ""pv"": [1221, 8266, 7836], ""pcs"": [-1000000000000000, -1000000000000000, -1000000000000000, -1000000000000000]}}, ""energy_inventory_change_kwh"": 0.0, ""forecast_basis"": ""current_measurements_only"", ""dump_load_kw"": 0, ""repair_clock"": ""calendar_reference"", ""operating_cost_basis"": ""same_executed_policy""}",3523121.39480585,load_first_three_online,holdout,84,2026091702,"{""wind"": 5, ""pv"": 3, ""diesel"": 4, ""battery_energy"": 20, ""pcs"": 4}",True,0.0078125
,"holdout:(5, 3, 4, 20, 4):c1b16c40e93d24d01996b4bd81ccf0b9d616e7bef83b01e34c8697540ee6de0f:85",0.0,"{""shed_hours"": 0.0, ""longest_shed_hours"": 0.0, ""heater_kwh"": 70708.44277927327, ""diesel_kwh"": 1041929.355137567, ""diesel_fuel_kg"": 231539.85669725444, ""battery_discharge_kwh"": 296.7450001333351, ""battery_charge_kwh"": 383.19344025482155, ""starts"": 23.0, ""start_failures"": 0.0, ""diesel_run_failures"": 16.0, ""diesel_online_hours"": 26273.0, ""wind_failures"": 2.0, ""pv_failures"": 3.0, ""pcs_failures"": 1.0, ""wind_protective_stop_hours"": 31.0, ""wait_access_unit_hours"": 3.0, ""wait_crew_unit_hours"": 0.0, ""wait_prep_unit_hours"": 24.0, ""wait_heat_unit_hours"": 0.0, ""unserved_heater_command_kwh"": 0.0, ""max_balance_residual_kw"": 2.842170943040401e-14, ""max_soc_residual_kwh"": 5.684341886080802e-14, ""initial_state"": {""energy_kwh"": 850.0, ""temperatures_c"": [5.0, 5.0, 5.0, -0.4917950249892792], ""online"": 3, ""diesel_states"": [{""healthy"": true, ""running"": true, ""pending"": false, ""onsite"": false, ""prep"": 3, ""min_up"": 0, ""min_down"": 0, ""repair_until"": -1, ""runtime"": 333, ""demands"": 1}, {""healthy"": true, ""running"": true, ""pending"": false, ""onsite"": false, ""prep"": 3, ""min_up"": 0, ""min_down"": 0, ""repair_until"": -1, ""runtime"": 329, ""demands"": 1}, {""healthy"": true, ""running"": true, ""pending"": false, ""onsite"": false, ""prep"": 3, ""min_up"": 0, ""min_down"": 0, ""repair_until"": -1, ""runtime"": 325, ""demands"": 1}, {""healthy"": true, ""running"": false, ""pending"": false, ""onsite"": false, ""prep"": 0.0, ""min_up"": 0, ""min_down"": 0, ""repair_until"": -1, ""runtime"": 0, ""demands"": 0}]}, ""final_state"": {""energy_kwh"": 850.0, ""temperatures_c"": [5.0, 5.0, 5.0, 5.0], ""online"": 3, ""diesel_states"": [{""healthy"": true, ""running"": true, ""pending"": false, ""onsite"": false, ""prep"": 3, ""min_up"": 0, ""min_down"": 0, ""repair_until"": 7097, ""runtime"": 8164, ""demands"": 4}, {""healthy"": true, ""running"": false, ""pending"": false, ""onsite"": false, ""prep"": 3, ""min_up"": 0, ""min_down"": 0, ""repair_until"": 7557, ""runtime"": 6684, ""demands"": 6}, {""healthy"": true, ""running"": true, ""pending"": false, ""onsite"": false, ""prep"": 3, ""min_up"": 0, ""min_down"": 0, ""repair_until"": 5972, ""runtime"": 5938, ""demands"": 9}, {""healthy"": true, ""running"": true, ""pending"": false, ""onsite"": false, ""prep"": 3, ""min_up"": 0, ""min_down"": 0, ""repair_until"": 5528, ""runtime"": 6474, ""demands"": 7}], ""other_repair_until"": {""wind"": [-1000000000000000, -1000000000000000, -1000000000000000, 3247, 318], ""pv"": [7062, 4912, 4230], ""pcs"": [-1000000000000000, -1000000000000000, 1567, -1000000000000000]}}, ""energy_inventory_change_kwh"": 0.0, ""forecast_basis"": ""current_measurements_only"", ""dump_load_kw"": 0, ""repair_clock"": ""calendar_reference"", ""operating_cost_basis"": ""same_executed_policy""}",3473097.850458539,load_first_three_online,holdout,85,2026091702,"{""wind"": 5, ""pv"": 3, ""diesel"": 4, ""battery_energy"": 20, ""pcs"": 4}",True,0.0078125
,"holdout:(5, 3, 4, 20, 4):c1b16c40e93d24d01996b4bd81ccf0b9d616e7bef83b01e34c8697540ee6de0f:86",0.0,"{""shed_hours"": 0.0, ""longest_shed_hours"": 0.0, ""heater_kwh"": 70853.6135637526, ""diesel_kwh"": 1044814.1771543844, ""diesel_fuel_kg"": 232180.9282565469, ""battery_discharge_kwh"": 710.706111144446, ""battery_charge_kwh"": 917.7506600522271, ""starts"": 17.0, ""start_failures"": 0.0, ""diesel_run_failures"": 10.0, ""diesel_online_hours"": 26276.0, ""wind_failures"": 8.0, ""pv_failures"": 2.0, ""pcs_failures"": 0.0, ""wind_protective_stop_hours"": 31.0, ""wait_access_unit_hours"": 0.0, ""wait_crew_unit_hours"": 0.0, ""wait_prep_unit_hours"": 24.0, ""wait_heat_unit_hours"": 0.0, ""unserved_heater_command_kwh"": 0.0, ""max_balance_residual_kw"": 2.842170943040401e-14, ""max_soc_residual_kwh"": 5.684341886080802e-14, ""initial_state"": {""energy_kwh"": 850.0, ""temperatures_c"": [5.0, 5.0, 5.0, -0.4917950249892792], ""online"": 3, ""diesel_states"": [{""healthy"": true, ""running"": true, ""pending"": false, ""onsite"": false, ""prep"": 3, ""min_up"": 0, ""min_down"": 0, ""repair_until"": -1, ""runtime"": 333, ""demands"": 1}, {""healthy"": true, ""running"": true, ""pending"": false, ""onsite"": false, ""prep"": 3, ""min_up"": 0, ""min_down"": 0, ""repair_until"": -1, ""runtime"": 329, ""demands"": 1}, {""healthy"": true, ""running"": true, ""pending"": false, ""onsite"": false, ""prep"": 3, ""min_up"": 0, ""min_down"": 0, ""repair_until"": -1, ""runtime"": 325, ""demands"": 1}, {""healthy"": true, ""running"": false, ""pending"": false, ""onsite"": false, ""prep"": 0.0, ""min_up"": 0, ""min_down"": 0, ""repair_until"": -1, ""runtime"": 0, ""demands"": 0}]}, ""final_state"": {""energy_kwh"": 850.0, ""temperatures_c"": [5.0, 5.0, 5.0, 5.0], ""online"": 3, ""diesel_states"": [{""healthy"": true, ""running"": true, ""pending"": false, ""onsite"": false, ""prep"": 3, ""min_up"": 0, ""min_down"": 0, ""repair_until"": 2871, ""runtime"": 6904, ""demands"": 3}, {""healthy"": true, ""running"": true, ""pending"": false, ""onsite"": false, ""prep"": 3, ""min_up"": 0, ""min_down"": 0, ""repair_until"": 8653, ""runtime"": 8325, ""demands"": 3}, {""healthy"": false, ""running"": false, ""pending"": false, ""onsite"": false, ""prep"": 0.0, ""min_up"": 0, ""min_down"": 0, ""repair_until"": 8883, ""runtime"": 7384, ""demands"": 6}, {""healthy"": true, ""running"": true, ""pending"": false, ""onsite"": false, ""prep"": 3, ""min_up"": 0, ""min_down"": 0, ""repair_until"": 6332, ""runtime"": 4650, ""demands"": 8}], ""other_repair_until"": {""wind"": [5929, 8715, -1000000000000000, 8169, -122], ""pv"": [7652, -1000000000000000, -1000000000000000], ""pcs"": [-1000000000000000, -1000000000000000, -1000000000000000, -1000000000000000]}}, ""energy_inventory_change_kwh"": 0.0, ""forecast_basis"": ""current_measurements_only"", ""dump_load_kw"": 0, ""repair_clock"": ""calendar_reference"", ""operating_cost_basis"": ""same_executed_policy""}",3482713.923847926,load_first_three_online,holdout,86,2026091702,"{""wind"": 5, ""pv"": 3, ""diesel"": 4, ""battery_energy"": 20, ""pcs"": 4}",True,0.0078125
,"holdout:(5, 3, 4, 20, 4):c1b16c40e93d24d01996b4bd81ccf0b9d616e7bef83b01e34c8697540ee6de0f:87",0.0,"{""shed_hours"": 0.0, ""longest_shed_hours"": 0.0, ""heater_kwh"": 70634.55584690464, ""diesel_kwh"": 1043236.0746304543, ""diesel_fuel_kg"": 231830.23880678462, ""battery_discharge_kwh"": 803.871389055557, ""battery_charge_kwh"": 1038.0570623134759, ""starts"": 31.0, ""start_failures"": 0.0, ""diesel_run_failures"": 25.0, ""diesel_online_hours"": 26257.0, ""wind_failures"": 7.0, ""pv_failures"": 2.0, ""pcs_failures"": 0.0, ""wind_protective_stop_hours"": 31.0, ""wait_access_unit_hours"": 0.0, ""wait_crew_unit_hours"": 0.0, ""wait_prep_unit_hours"": 21.0, ""wait_heat_unit_hours"": 0.0, ""unserved_heater_command_kwh"": 0.0, ""max_balance_residual_kw"": 2.842170943040401e-14, ""max_soc_residual_kwh"": 5.684341886080802e-14, ""initial_state"": {""energy_kwh"": 850.0, ""temperatures_c"": [5.0, 5.0, 5.0, -0.4917950249892792], ""online"": 3, ""diesel_states"": [{""healthy"": true, ""running"": true, ""pending"": false, ""onsite"": false, ""prep"": 3, ""min_up"": 0, ""min_down"": 0, ""repair_until"": -1, ""runtime"": 333, ""demands"": 1}, {""healthy"": true, ""running"": true, ""pending"": false, ""onsite"": false, ""prep"": 3, ""min_up"": 0, ""min_down"": 0, ""repair_until"": -1, ""runtime"": 329, ""demands"": 1}, {""healthy"": true, ""running"": true, ""pending"": false, ""onsite"": false, ""prep"": 3, ""min_up"": 0, ""min_down"": 0, ""repair_until"": -1, ""runtime"": 325, ""demands"": 1}, {""healthy"": true, ""running"": false, ""pending"": false, ""onsite"": false, ""prep"": 0.0, ""min_up"": 0, ""min_down"": 0, ""repair_until"": -1, ""runtime"": 0, ""demands"": 0}]}, ""final_state"": {""energy_kwh"": 850.0, ""temperatures_c"": [5.0, 5.0, 5.0, 5.0], ""online"": 3, ""diesel_states"": [{""healthy"": true, ""running"": true, ""pending"": false, ""onsite"": false, ""prep"": 3, ""min_up"": 0, ""min_down"": 0, ""repair_until"": 6423, ""runtime"": 8047, ""demands"": 6}, {""healthy"": true, ""running"": true, ""pending"": false, ""onsite"": false, ""prep"": 3, ""min_up"": 0, ""min_down"": 0, ""repair_until"": 7879, ""runtime"": 5271, ""demands"": 11}, {""healthy"": true, ""running"": false, ""pending"": false, ""onsite"": false, ""prep"": 3, ""min_up"": 0, ""min_down"": 0, ""repair_until"": 8349, ""runtime"": 7304, ""demands"": 7}, {""healthy"": true, ""running"": true, ""pending"": false, ""onsite"": false, ""prep"": 3, ""min_up"": 0, ""min_down"": 0, ""repair_until"": 7820, ""runtime"": 6622, ""demands"": 10}], ""other_repair_until"": {""wind"": [-1000000000000000, 6731, 8375, -1000000000000000, 1862], ""pv"": [5778, 6254, -1000000000000000], ""pcs"": [-1000000000000000, -1000000000000000, -1000000000000000, -1000000000000000]}}, ""energy_inventory_change_kwh"": 0.0, ""forecast_basis"": ""current_measurements_only"", ""dump_load_kw"": 0, ""repair_clock"": ""calendar_reference"", ""operating_cost_basis"": ""same_executed_policy""}",3477453.5821014955,load_first_three_online,holdout,87,2026091702,"{""wind"": 5, ""pv"": 3, ""diesel"": 4, ""battery_energy"": 20, ""pcs"": 4}",True,0.0078125
,"holdout:(5, 3, 4, 20, 4):c1b16c40e93d24d01996b4bd81ccf0b9d616e7bef83b01e34c8697540ee6de0f:88",0.0,"{""shed_hours"": 0.0, ""longest_shed_hours"": 0.0, ""heater_kwh"": 70967.61078027803, ""diesel_kwh"": 1042746.4978734046, ""diesel_fuel_kg"": 231721.44397188444, ""battery_discharge_kwh"": 399.265000133335, ""battery_charge_kwh"": 515.5798038911851, ""starts"": 17.0, ""start_failures"": 0.0, ""diesel_run_failures"": 10.0, ""diesel_online_hours"": 26279.0, ""wind_failures"": 11.0, ""pv_failures"": 1.0, ""pcs_failures"": 2.0, ""wind_protective_stop_hours"": 31.0, ""wait_access_unit_hours"": 0.0, ""wait_crew_unit_hours"": 0.0, ""wait_prep_unit_hours"": 21.0, ""wait_heat_unit_hours"": 0.0, ""unserved_heater_command_kwh"": 0.0, ""max_balance_residual_kw"": 2.842170943040401e-14, ""max_soc_residual_kwh"": 5.684341886080802e-14, ""initial_state"": {""energy_kwh"": 850.0, ""temperatures_c"": [5.0, 5.0, 5.0, 5.0], ""online"": 3, ""diesel_states"": [{""healthy"": true, ""running"": true, ""pending"": false, ""onsite"": false, ""prep"": 3, ""min_up"": 0, ""min_down"": 0, ""repair_until"": -1, ""runtime"": 333, ""demands"": 1}, {""healthy"": true, ""running"": true, ""pending"": false, ""onsite"": false, ""prep"": 3, ""min_up"": 0, ""min_down"": 0, ""repair_until"": -1, ""runtime"": 329, ""demands"": 1}, {""healthy"": true, ""running"": false, ""pending"": false, ""onsite"": false, ""prep"": 3, ""min_up"": 0, ""min_down"": 0, ""repair_until"": -117, ""runtime"": 203, ""demands"": 1}, {""healthy"": true, ""running"": true, ""pending"": false, ""onsite"": false, ""prep"": 3, ""min_up"": 0, ""min_down"": 0, ""repair_until"": -1, ""runtime"": 119, ""demands"": 1}]}, ""final_state"": {""energy_kwh"": 850.0, ""temperatures_c"": [5.0, 5.0, 5.0, 5.0], ""online"": 3, ""diesel_states"": [{""healthy"": true, ""running"": false, ""pending"": false, ""onsite"": false, ""prep"": 3, ""min_up"": 0, ""min_down"": 0, ""repair_until"": 8670, ""runtime"": 6596, ""demands"": 5}, {""healthy"": true, ""running"": true, ""pending"": false, ""onsite"": false, ""prep"": 3, ""min_up"": 0, ""min_down"": 0, ""repair_until"": 5157, ""runtime"": 8719, ""demands"": 2}, {""healthy"": true, ""running"": true, ""pending"": false, ""onsite"": false, ""prep"": 3, ""min_up"": 0, ""min_down"": 0, ""repair_until"": 8634, ""runtime"": 6717, ""demands"": 7}, {""healthy"": true, ""running"": true, ""pending"": false, ""onsite"": false, ""prep"": 3, ""min_up"": 0, ""min_down"": 0, ""repair_until"": 5540, ""runtime"": 5231, ""demands"": 7}], ""other_repair_until"": {""wind"": [6827, 7342, 7838, 7624, 8579], ""pv"": [4716, -1000000000000000, -1000000000000000], ""pcs"": [4531, -1000000000000000, -1000000000000000, 8649]}}, ""energy_inventory_change_kwh"": 0.0, ""forecast_basis"": ""current_measurements_only"", ""dump_load_kw"": 0, ""repair_clock"": ""calendar_reference"", ""operating_cost_basis"": ""same_executed_policy""}",3475821.6595779946,load_first_three_online,holdout,88,2026091702,"{""wind"": 5, ""pv"": 3, ""diesel"": 4, ""battery_energy"": 20, ""pcs"": 4}",True,0.0078125
,"holdout:(5, 3, 4, 20, 4):c1b16c40e93d24d01996b4bd81ccf0b9d616e7bef83b01e34c8697540ee6de0f:89",0.0,"{""shed_hours"": 0.0, ""longest_shed_hours"": 0.0, ""heater_kwh"": 70967.61078027803, ""diesel_kwh"": 1042496.6136745745, ""diesel_fuel_kg"": 231665.91414992235, ""battery_discharge_kwh"": 497.4816668333351, ""battery_charge_kwh"": 642.4091772124663, ""starts"": 24.0, ""start_failures"": 0.0, ""diesel_run_failures"": 16.0, ""diesel_online_hours"": 26255.0, ""wind_failures"": 4.0, ""pv_failures"": 1.0, ""pcs_failures"": 0.0, ""wind_protective_stop_hours"": 31.0, ""wait_access_unit_hours"": 2.0, ""wait_crew_unit_hours"": 0.0, ""wait_prep_unit_hours"": 24.0, ""wait_heat_unit_hours"": 0.0, ""unserved_heater_command_kwh"": 0.0, ""max_balance_residual_kw"": 2.842170943040401e-14, ""max_soc_residual_kwh"": 5.684341886080802e-14, ""initial_state"": {""energy_kwh"": 850.0, ""temperatures_c"": [5.0, 5.0, 5.0, 5.0], ""online"": 3, ""diesel_states"": [{""healthy"": true, ""running"": true, ""pending"": false, ""onsite"": false, ""prep"": 3, ""min_up"": 0, ""min_down"": 0, ""repair_until"": -1, ""runtime"": 333, ""demands"": 1}, {""healthy"": true, ""running"": true, ""pending"": false, ""onsite"": false, ""prep"": 3, ""min_up"": 0, ""min_down"": 0, ""repair_until"": -1, ""runtime"": 329, ""demands"": 1}, {""healthy"": false, ""running"": false, ""pending"": false, ""onsite"": false, ""prep"": 0.0, ""min_up"": 0, ""min_down"": 0, ""repair_until"": 16, ""runtime"": 292, ""demands"": 1}, {""healthy"": true, ""running"": true, ""pending"": false, ""onsite"": false, ""prep"": 3, ""min_up"": 0, ""min_down"": 0, ""repair_until"": -1, ""runtime"": 30, ""demands"": 1}]}, ""final_state"": {""energy_kwh"": 850.0, ""temperatures_c"": [5.0, 5.0, 5.0, 5.0], ""online"": 3, ""diesel_states"": [{""healthy"": true, ""running"": true, ""pending"": false, ""onsite"": false, ""prep"": 3, ""min_up"": 0, ""min_down"": 0, ""repair_until"": 6947, ""runtime"": 8277, ""demands"": 5}, {""healthy"": true, ""running"": false, ""pending"": false, ""onsite"": false, ""prep"": 3, ""min_up"": 0, ""min_down"": 0, ""repair_until"": 8357, ""runtime"": 7389, ""demands"": 3}, {""healthy"": true, ""running"": true, ""pending"": false, ""onsite"": false, ""prep"": 3, ""min_up"": 0, ""min_down"": 0, ""repair_until"": 5636, ""runtime"": 5633, ""demands"": 11}, {""healthy"": true, ""running"": true, ""pending"": false, ""onsite"": false, ""prep"": 3, ""min_up"": 0, ""min_down"": 0, ""repair_until"": 7162, ""runtime"": 5940, ""demands"": 9}], ""other_repair_until"": {""wind"": [7970, -1000000000000000, -1000000000000000, -1000000000000000, 8220], ""pv"": [-1000000000000000, -1000000000000000, 852], ""pcs"": [-1000000000000000, -1000000000000000, -1000000000000000, -1000000000000000]}}, ""energy_inventory_change_kwh"": 0.0, ""forecast_basis"": ""current_measurements_only"", ""dump_load_kw"": 0, ""repair_clock"": ""calendar_reference"", ""operating_cost_basis"": ""same_executed_policy""}",3474988.7122485624,load_first_three_online,holdout,89,2026091702,"{""wind"": 5, ""pv"": 3, ""diesel"": 4, ""battery_energy"": 20, ""pcs"": 4}",True,0.0078125
,"holdout:(5, 3, 4, 20, 4):c1b16c40e93d24d01996b4bd81ccf0b9d616e7bef83b01e34c8697540ee6de0f:90",0.0,"{""shed_hours"": 0.0, ""longest_shed_hours"": 0.0, ""heater_kwh"": 70967.61078027803, ""diesel_kwh"": 1046495.8881121842, ""diesel_fuel_kg"": 232554.64180272512, ""battery_discharge_kwh"": 420.0327780111128, ""battery_charge_kwh"": 542.3976988779848, ""starts"": 22.0, ""start_failures"": 0.0, ""diesel_run_failures"": 16.0, ""diesel_online_hours"": 26242.0, ""wind_failures"": 4.0, ""pv_failures"": 2.0, ""pcs_failures"": 0.0, ""wind_protective_stop_hours"": 31.0, ""wait_access_unit_hours"": 0.0, ""wait_crew_unit_hours"": 0.0, ""wait_prep_unit_hours"": 18.0, ""wait_heat_unit_hours"": 0.0, ""unserved_heater_command_kwh"": 0.0, ""max_balance_residual_kw"": 2.842170943040401e-14, ""max_soc_residual_kwh"": 5.684341886080802e-14, ""initial_state"": {""energy_kwh"": 850.0, ""temperatures_c"": [5.0, 5.0, 5.0, 5.0], ""online"": 3, ""diesel_states"": [{""healthy"": true, ""running"": true, ""pending"": false, ""onsite"": false, ""prep"": 3, ""min_up"": 0, ""min_down"": 0, ""repair_until"": -1, ""runtime"": 333, ""demands"": 1}, {""healthy"": true, ""running"": true, ""pending"": false, ""onsite"": false, ""prep"": 3, ""min_up"": 0, ""min_down"": 0, ""repair_until"": -1, ""runtime"": 329, ""demands"": 1}, {""healthy"": true, ""running"": true, ""pending"": false, ""onsite"": false, ""prep"": 3, ""min_up"": 0, ""min_down"": 0, ""repair_until"": -135, ""runtime"": 175, ""demands"": 2}, {""healthy"": false, ""running"": false, ""pending"": false, ""onsite"": false, ""prep"": 0.0, ""min_up"": 0, ""min_down"": 0, ""repair_until"": 8, ""runtime"": 147, ""demands"": 1}]}, ""final_state"": {""energy_kwh"": 850.0, ""temperatures_c"": [5.0, 5.0, 5.0, 5.0], ""online"": 3, ""diesel_states"": [{""healthy"": true, ""running"": true, ""pending"": false, ""onsite"": false, ""prep"": 3, ""min_up"": 0, ""min_down"": 0, ""repair_until"": 6164, ""runtime"": 8601, ""demands"": 3}, {""healthy"": true, ""running"": true, ""pending"": false, ""onsite"": false, ""prep"": 3, ""min_up"": 0, ""min_down"": 0, ""repair_until"": 6905, ""runtime"": 6646, ""demands"": 8}, {""healthy"": true, ""running"": false, ""pending"": false, ""onsite"": false, ""prep"": 3, ""min_up"": 0, ""min_down"": 0, ""repair_until"": 7709, ""runtime"": 5520, ""demands"": 8}, {""healthy"": true, ""running"": true, ""pending"": false, ""onsite"": false, ""prep"": 3, ""min_up"": 0, ""min_down"": 0, ""repair_until"": 3565, ""runtime"": 6459, ""demands"": 8}], ""other_repair_until"": {""wind"": [-1000000000000000, 3945, 3019, 1796, 7882], ""pv"": [7644, 2242, -1000000000000000], ""pcs"": [-1000000000000000, -1000000000000000, -1000000000000000, -1000000000000000]}}, ""energy_inventory_change_kwh"": 0.0, ""forecast_basis"": ""current_measurements_only"", ""dump_load_kw"": 0, ""repair_clock"": ""calendar_reference"", ""operating_cost_basis"": ""same_executed_policy""}",3488319.6270405957,load_first_three_online,holdout,90,2026091702,"{""wind"": 5, ""pv"": 3, ""diesel"": 4, ""battery_energy"": 20, ""pcs"": 4}",True,0.0078125
,"holdout:(5, 3, 4, 20, 4):c1b16c40e93d24d01996b4bd81ccf0b9d616e7bef83b01e34c8697540ee6de0f:91",0.0,"{""shed_hours"": 0.0, ""longest_shed_hours"": 0.0, ""heater_kwh"": 70588.90557229835, ""diesel_kwh"": 1047276.334930133, ""diesel_fuel_kg"": 232728.07442893606, ""battery_discharge_kwh"": 390.1261112444464, ""battery_charge_kwh"": 503.77855274334314, ""starts"": 16.0, ""start_failures"": 0.0, ""diesel_run_failures"": 10.0, ""diesel_online_hours"": 26259.0, ""wind_failures"": 2.0, ""pv_failures"": 3.0, ""pcs_failures"": 0.0, ""wind_protective_stop_hours"": 31.0, ""wait_access_unit_hours"": 15.0, ""wait_crew_unit_hours"": 0.0, ""wait_prep_unit_hours"": 21.0, ""wait_heat_unit_hours"": 0.0, ""unserved_heater_command_kwh"": 0.0, ""max_balance_residual_kw"": 2.842170943040401e-14, ""max_soc_residual_kwh"": 5.684341886080802e-14, ""initial_state"": {""energy_kwh"": 850.0, ""temperatures_c"": [5.0, 5.0, 5.0, -0.4917950249892792], ""online"": 3, ""diesel_states"": [{""healthy"": true, ""running"": true, ""pending"": false, ""onsite"": false, ""prep"": 3, ""min_up"": 0, ""min_down"": 0, ""repair_until"": -1, ""runtime"": 333, ""demands"": 1}, {""healthy"": true, ""running"": true, ""pending"": false, ""onsite"": false, ""prep"": 3, ""min_up"": 0, ""min_down"": 0, ""repair_until"": -1, ""runtime"": 329, ""demands"": 1}, {""healthy"": true, ""running"": true, ""pending"": false, ""onsite"": false, ""prep"": 3, ""min_up"": 0, ""min_down"": 0, ""repair_until"": -1, ""runtime"": 325, ""demands"": 1}, {""healthy"": true, ""running"": false, ""pending"": false, ""onsite"": false, ""prep"": 0.0, ""min_up"": 0, ""min_down"": 0, ""repair_until"": -1, ""runtime"": 0, ""demands"": 0}]}, ""final_state"": {""energy_kwh"": 850.0, ""temperatures_c"": [5.0, 5.0, 5.0, 5.0], ""online"": 3, ""diesel_states"": [{""healthy"": true, ""running"": true, ""pending"": false, ""onsite"": false, ""prep"": 3, ""min_up"": 0, ""min_down"": 0, ""repair_until"": 6465, ""runtime"": 9090, ""demands"": 2}, {""healthy"": true, ""running"": false, ""pending"": false, ""onsite"": false, ""prep"": 3, ""min_up"": 0, ""min_down"": 0, ""repair_until"": 8178, ""runtime"": 6541, ""demands"": 4}, {""healthy"": true, ""running"": true, ""pending"": false, ""onsite"": false, ""prep"": 3, ""min_up"": 0, ""min_down"": 0, ""repair_until"": 7279, ""runtime"": 5490, ""demands"": 7}, {""healthy"": true, ""running"": true, ""pending"": false, ""onsite"": false, ""prep"": 3, ""min_up"": 0, ""min_down"": 0, ""repair_until"": 5880, ""runtime"": 6125, ""demands"": 6}], ""other_repair_until"": {""wind"": [2453, -1000000000000000, -1000000000000000, 1016, -1000000000000000], ""pv"": [-1000000000000000, 5609, 6381], ""pcs"": [-1000000000000000, -1000000000000000, -1000000000000000, -1000000000000000]}}, ""energy_inventory_change_kwh"": 0.0, ""forecast_basis"": ""current_measurements_only"", ""dump_load_kw"": 0, ""repair_clock"": ""calendar_reference"", ""operating_cost_basis"": ""same_executed_policy""}",3490921.116433756,load_first_three_online,holdout,91,2026091702,"{""wind"": 5, ""pv"": 3, ""diesel"": 4, ""battery_energy"": 20, ""pcs"": 4}",True,0.0078125
,"holdout:(5, 3, 4, 20, 4):c1b16c40e93d24d01996b4bd81ccf0b9d616e7bef83b01e34c8697540ee6de0f:92",0.0,"{""shed_hours"": 0.0, ""longest_shed_hours"": 0.0, ""heater_kwh"": 70907.91736704265, ""diesel_kwh"": 1050024.5821047206, ""diesel_fuel_kg"": 233338.7960232886, ""battery_discharge_kwh"": 834.1483336333347, ""battery_charge_kwh"": 1077.1543564480035, ""starts"": 29.0, ""start_failures"": 0.0, ""diesel_run_failures"": 22.0, ""diesel_online_hours"": 26212.0, ""wind_failures"": 8.0, ""pv_failures"": 2.0, ""pcs_failures"": 0.0, ""wind_protective_stop_hours"": 31.0, ""wait_access_unit_hours"": 0.0, ""wait_crew_unit_hours"": 0.0, ""wait_prep_unit_hours"": 24.0, ""wait_heat_unit_hours"": 0.0, ""unserved_heater_command_kwh"": 0.0, ""max_balance_residual_kw"": 2.842170943040401e-14, ""max_soc_residual_kwh"": 5.684341886080802e-14, ""initial_state"": {""energy_kwh"": 850.0, ""temperatures_c"": [5.0, 5.0, 5.0, -0.4917950249892792], ""online"": 3, ""diesel_states"": [{""healthy"": true, ""running"": true, ""pending"": false, ""onsite"": false, ""prep"": 3, ""min_up"": 0, ""min_down"": 0, ""repair_until"": -1, ""runtime"": 333, ""demands"": 1}, {""healthy"": true, ""running"": true, ""pending"": false, ""onsite"": false, ""prep"": 3, ""min_up"": 0, ""min_down"": 0, ""repair_until"": -1, ""runtime"": 329, ""demands"": 1}, {""healthy"": true, ""running"": true, ""pending"": false, ""onsite"": false, ""prep"": 3, ""min_up"": 0, ""min_down"": 0, ""repair_until"": -1, ""runtime"": 325, ""demands"": 1}, {""healthy"": true, ""running"": false, ""pending"": false, ""onsite"": false, ""prep"": 0.0, ""min_up"": 0, ""min_down"": 0, ""repair_until"": -1, ""runtime"": 0, ""demands"": 0}]}, ""final_state"": {""energy_kwh"": 850.0, ""temperatures_c"": [5.0, 5.0, 5.0, 5.0], ""online"": 3, ""diesel_states"": [{""healthy"": true, ""running"": false, ""pending"": false, ""onsite"": false, ""prep"": 3, ""min_up"": 0, ""min_down"": 0, ""repair_until"": 8662, ""runtime"": 7050, ""demands"": 8}, {""healthy"": true, ""running"": true, ""pending"": false, ""onsite"": false, ""prep"": 3, ""min_up"": 0, ""min_down"": 0, ""repair_until"": 7077, ""runtime"": 7310, ""demands"": 5}, {""healthy"": true, ""running"": true, ""pending"": false, ""onsite"": false, ""prep"": 3, ""min_up"": 0, ""min_down"": 0, ""repair_until"": 8339, ""runtime"": 6201, ""demands"": 9}, {""healthy"": true, ""running"": true, ""pending"": false, ""onsite"": false, ""prep"": 3, ""min_up"": 0, ""min_down"": 0, ""repair_until"": 8503, ""runtime"": 6638, ""demands"": 10}], ""other_repair_until"": {""wind"": [5426, 8481, 7215, 3963, 3949], ""pv"": [1877, -1000000000000000, 3087], ""pcs"": [-1000000000000000, -1000000000000000, -1000000000000000, -1000000000000000]}}, ""energy_inventory_change_kwh"": 0.0, ""forecast_basis"": ""current_measurements_only"", ""dump_load_kw"": 0, ""repair_clock"": ""calendar_reference"", ""operating_cost_basis"": ""same_executed_policy""}",3500081.940349041,load_first_three_online,holdout,92,2026091702,"{""wind"": 5, ""pv"": 3, ""diesel"": 4, ""battery_energy"": 20, ""pcs"": 4}",True,0.0078125
,"holdout:(5, 3, 4, 20, 4):c1b16c40e93d24d01996b4bd81ccf0b9d616e7bef83b01e34c8697540ee6de0f:93",60.60499999999999,"{""shed_hours"": 1.0, ""longest_shed_hours"": 1, ""heater_kwh"": 70966.95986821741, ""diesel_kwh"": 1043159.2160027286, ""diesel_fuel_kg"": 231813.15911173474, ""battery_discharge_kwh"": 972.8050001333347, ""battery_charge_kwh"": 1256.2048038911848, ""starts"": 21.0, ""start_failures"": 0.0, ""diesel_run_failures"": 15.0, ""diesel_online_hours"": 26246.0, ""wind_failures"": 4.0, ""pv_failures"": 1.0, ""pcs_failures"": 0.0, ""wind_protective_stop_hours"": 31.0, ""wait_access_unit_hours"": 43.0, ""wait_crew_unit_hours"": 0.0, ""wait_prep_unit_hours"": 18.0, ""wait_heat_unit_hours"": 0.0, ""unserved_heater_command_kwh"": 6.839999999999996, ""max_balance_residual_kw"": 2.842170943040401e-14, ""max_soc_residual_kwh"": 5.684341886080802e-14, ""initial_state"": {""energy_kwh"": 850.0, ""temperatures_c"": [5.0, 5.0, 5.0, 5.0], ""online"": 3, ""diesel_states"": [{""healthy"": true, ""running"": true, ""pending"": false, ""onsite"": false, ""prep"": 3, ""min_up"": 0, ""min_down"": 0, ""repair_until"": -1, ""runtime"": 333, ""demands"": 1}, {""healthy"": true, ""running"": true, ""pending"": false, ""onsite"": false, ""prep"": 3, ""min_up"": 0, ""min_down"": 0, ""repair_until"": -1, ""runtime"": 329, ""demands"": 1}, {""healthy"": true, ""running"": false, ""pending"": false, ""onsite"": false, ""prep"": 3, ""min_up"": 0, ""min_down"": 0, ""repair_until"": -267, ""runtime"": 27, ""demands"": 1}, {""healthy"": true, ""running"": true, ""pending"": false, ""onsite"": false, ""prep"": 3, ""min_up"": 0, ""min_down"": 0, ""repair_until"": -1, ""runtime"": 295, ""demands"": 1}]}, ""final_state"": {""energy_kwh"": 850.0, ""temperatures_c"": [5.0, 5.0, 5.0, 5.0], ""online"": 3, ""diesel_states"": [{""healthy"": true, ""running"": false, ""pending"": false, ""onsite"": false, ""prep"": 3, ""min_up"": 0, ""min_down"": 0, ""repair_until"": 7240, ""runtime"": 5696, ""demands"": 5}, {""healthy"": true, ""running"": true, ""pending"": false, ""onsite"": false, ""prep"": 3, ""min_up"": 0, ""min_down"": 0, ""repair_until"": 6924, ""runtime"": 7291, ""demands"": 5}, {""healthy"": true, ""running"": true, ""pending"": false, ""onsite"": false, ""prep"": 3, ""min_up"": 0, ""min_down"": 0, ""repair_until"": 1578, ""runtime"": 7877, ""demands"": 6}, {""healthy"": true, ""running"": true, ""pending"": false, ""onsite"": false, ""prep"": 3, ""min_up"": 0, ""min_down"": 0, ""repair_until"": 6315, ""runtime"": 6366, ""demands"": 9}], ""other_repair_until"": {""wind"": [6042, -1000000000000000, -1000000000000000, 4637, 3441], ""pv"": [-1000000000000000, -1000000000000000, 4512], ""pcs"": [-1000000000000000, -1000000000000000, -1000000000000000, -1000000000000000]}}, ""energy_inventory_change_kwh"": 0.0, ""forecast_basis"": ""current_measurements_only"", ""dump_load_kw"": 0, ""repair_clock"": ""calendar_reference"", ""operating_cost_basis"": ""same_executed_policy""}",3477197.386675741,load_first_three_online,holdout,93,2026091702,"{""wind"": 5, ""pv"": 3, ""diesel"": 4, ""battery_energy"": 20, ""pcs"": 4}",True,0.0078125
,"holdout:(5, 3, 4, 20, 4):c1b16c40e93d24d01996b4bd81ccf0b9d616e7bef83b01e34c8697540ee6de0f:94",0.0,"{""shed_hours"": 0.0, ""longest_shed_hours"": 0.0, ""heater_kwh"": 70967.61078027803, ""diesel_kwh"": 1046802.1983115855, ""diesel_fuel_kg"": 232622.71073592437, ""battery_discharge_kwh"": 580.6338890222236, ""battery_charge_kwh"": 749.7854971877873, ""starts"": 18.0, ""start_failures"": 0.0, ""diesel_run_failures"": 11.0, ""diesel_online_hours"": 26268.0, ""wind_failures"": 4.0, ""pv_failures"": 1.0, ""pcs_failures"": 0.0, ""wind_protective_stop_hours"": 31.0, ""wait_access_unit_hours"": 11.0, ""wait_crew_unit_hours"": 0.0, ""wait_prep_unit_hours"": 21.0, ""wait_heat_unit_hours"": 0.0, ""unserved_heater_command_kwh"": 0.0, ""max_balance_residual_kw"": 2.842170943040401e-14, ""max_soc_residual_kwh"": 5.684341886080802e-14, ""initial_state"": {""energy_kwh"": 850.0, ""temperatures_c"": [5.0, 5.0, 5.0, 5.0], ""online"": 3, ""diesel_states"": [{""healthy"": true, ""running"": false, ""pending"": false, ""onsite"": false, ""prep"": 3, ""min_up"": 0, ""min_down"": 0, ""repair_until"": -123, ""runtime"": 192, ""demands"": 1}, {""healthy"": true, ""running"": true, ""pending"": false, ""onsite"": false, ""prep"": 3, ""min_up"": 0, ""min_down"": 0, ""repair_until"": -1, ""runtime"": 329, ""demands"": 1}, {""healthy"": true, ""running"": true, ""pending"": false, ""onsite"": false, ""prep"": 3, ""min_up"": 0, ""min_down"": 0, ""repair_until"": -179, ""runtime"": 271, ""demands"": 2}, {""healthy"": true, ""running"": true, ""pending"": false, ""onsite"": false, ""prep"": 3, ""min_up"": 0, ""min_down"": 0, ""repair_until"": -1, ""runtime"": 192, ""demands"": 1}]}, ""final_state"": {""energy_kwh"": 850.0, ""temperatures_c"": [5.0, 5.0, 5.0, 5.0], ""online"": 3, ""diesel_states"": [{""healthy"": true, ""running"": true, ""pending"": false, ""onsite"": false, ""prep"": 3, ""min_up"": 0, ""min_down"": 0, ""repair_until"": 1621, ""runtime"": 7439, ""demands"": 3}, {""healthy"": true, ""running"": true, ""pending"": false, ""onsite"": false, ""prep"": 3, ""min_up"": 0, ""min_down"": 0, ""repair_until"": 7742, ""runtime"": 5914, ""demands"": 7}, {""healthy"": true, ""running"": false, ""pending"": false, ""onsite"": false, ""prep"": 3, ""min_up"": 0, ""min_down"": 0, ""repair_until"": 8564, ""runtime"": 5854, ""demands"": 6}, {""healthy"": true, ""running"": true, ""pending"": false, ""onsite"": false, ""prep"": 3, ""min_up"": 0, ""min_down"": 0, ""repair_until"": 7568, ""runtime"": 8045, ""demands"": 7}], ""other_repair_until"": {""wind"": [5158, -1000000000000000, -1000000000000000, 4141, 6755], ""pv"": [9338, -1000000000000000, -1000000000000000], ""pcs"": [-1000000000000000, -1000000000000000, -1000000000000000, -1000000000000000]}}, ""energy_inventory_change_kwh"": 0.0, ""forecast_basis"": ""current_measurements_only"", ""dump_load_kw"": 0, ""repair_clock"": ""calendar_reference"", ""operating_cost_basis"": ""same_executed_policy""}",3489340.6610385985,load_first_three_online,holdout,94,2026091702,"{""wind"": 5, ""pv"": 3, ""diesel"": 4, ""battery_energy"": 20, ""pcs"": 4}",True,0.0078125
,"holdout:(5, 3, 4, 20, 4):c1b16c40e93d24d01996b4bd81ccf0b9d616e7bef83b01e34c8697540ee6de0f:95",0.0,"{""shed_hours"": 0.0, ""longest_shed_hours"": 0.0, ""heater_kwh"": 70815.89319036272, ""diesel_kwh"": 1043675.2745995834, ""diesel_fuel_kg"": 231927.83879992494, ""battery_discharge_kwh"": 670.0916668333349, ""battery_charge_kwh"": 865.3043218405651, ""starts"": 18.0, ""start_failures"": 0.0, ""diesel_run_failures"": 11.0, ""diesel_online_hours"": 26275.0, ""wind_failures"": 4.0, ""pv_failures"": 2.0, ""pcs_failures"": 0.0, ""wind_protective_stop_hours"": 31.0, ""wait_access_unit_hours"": 0.0, ""wait_crew_unit_hours"": 0.0, ""wait_prep_unit_hours"": 24.0, ""wait_heat_unit_hours"": 0.0, ""unserved_heater_command_kwh"": 0.0, ""max_balance_residual_kw"": 2.842170943040401e-14, ""max_soc_residual_kwh"": 5.684341886080802e-14, ""initial_state"": {""energy_kwh"": 850.0, ""temperatures_c"": [5.0, 5.0, 5.0, -0.4917950249892792], ""online"": 3, ""diesel_states"": [{""healthy"": true, ""running"": true, ""pending"": false, ""onsite"": false, ""prep"": 3, ""min_up"": 0, ""min_down"": 0, ""repair_until"": -1, ""runtime"": 333, ""demands"": 1}, {""healthy"": true, ""running"": true, ""pending"": false, ""onsite"": false, ""prep"": 3, ""min_up"": 0, ""min_down"": 0, ""repair_until"": -1, ""runtime"": 329, ""demands"": 1}, {""healthy"": true, ""running"": true, ""pending"": false, ""onsite"": false, ""prep"": 3, ""min_up"": 0, ""min_down"": 0, ""repair_until"": -1, ""runtime"": 325, ""demands"": 1}, {""healthy"": true, ""running"": false, ""pending"": false, ""onsite"": false, ""prep"": 0.0, ""min_up"": 0, ""min_down"": 0, ""repair_until"": -1, ""runtime"": 0, ""demands"": 0}]}, ""final_state"": {""energy_kwh"": 850.0, ""temperatures_c"": [5.0, 5.0, 5.0, 5.0], ""online"": 3, ""diesel_states"": [{""healthy"": true, ""running"": true, ""pending"": false, ""onsite"": false, ""prep"": 3, ""min_up"": 0, ""min_down"": 0, ""repair_until"": 7306, ""runtime"": 6432, ""demands"": 5}, {""healthy"": true, ""running"": true, ""pending"": false, ""onsite"": false, ""prep"": 3, ""min_up"": 0, ""min_down"": 0, ""repair_until"": 5371, ""runtime"": 8026, ""demands"": 3}, {""healthy"": true, ""running"": false, ""pending"": false, ""onsite"": false, ""prep"": 3, ""min_up"": 0, ""min_down"": 0, ""repair_until"": 8258, ""runtime"": 7545, ""demands"": 4}, {""healthy"": true, ""running"": true, ""pending"": false, ""onsite"": false, ""prep"": 3, ""min_up"": 0, ""min_down"": 0, ""repair_until"": 6103, ""runtime"": 5259, ""demands"": 9}], ""other_repair_until"": {""wind"": [5123, -1000000000000000, 4519, -1000000000000000, -1000000000000000], ""pv"": [-1000000000000000, -1000000000000000, 7787], ""pcs"": [-1000000000000000, -1000000000000000, -1000000000000000, -1000000000000000]}}, ""energy_inventory_change_kwh"": 0.0, ""forecast_basis"": ""current_measurements_only"", ""dump_load_kw"": 0, ""repair_clock"": ""calendar_reference"", ""operating_cost_basis"": ""same_executed_policy""}",3478917.5819985885,load_first_three_online,holdout,95,2026091702,"{""wind"": 5, ""pv"": 3, ""diesel"": 4, ""battery_energy"": 20, ""pcs"": 4}",True,0.0078125
,"holdout:(5, 3, 4, 20, 4):c1b16c40e93d24d01996b4bd81ccf0b9d616e7bef83b01e34c8697540ee6de0f:96",0.0,"{""shed_hours"": 0.0, ""longest_shed_hours"": 0.0, ""heater_kwh"": 70967.61078027803, ""diesel_kwh"": 1046228.2765995974, ""diesel_fuel_kg"": 232495.17257770494, ""battery_discharge_kwh"": 325.72500013333513, ""battery_charge_kwh"": 420.61596091597846, ""starts"": 13.0, ""start_failures"": 0.0, ""diesel_run_failures"": 8.0, ""diesel_online_hours"": 26285.0, ""wind_failures"": 6.0, ""pv_failures"": 1.0, ""pcs_failures"": 0.0, ""wind_protective_stop_hours"": 31.0, ""wait_access_unit_hours"": 0.0, ""wait_crew_unit_hours"": 0.0, ""wait_prep_unit_hours"": 15.0, ""wait_heat_unit_hours"": 0.0, ""unserved_heater_command_kwh"": 0.0, ""max_balance_residual_kw"": 2.842170943040401e-14, ""max_soc_residual_kwh"": 5.684341886080802e-14, ""initial_state"": {""energy_kwh"": 850.0, ""temperatures_c"": [5.0, 5.0, 5.0, 5.0], ""online"": 3, ""diesel_states"": [{""healthy"": true, ""running"": true, ""pending"": false, ""onsite"": false, ""prep"": 3, ""min_up"": 0, ""min_down"": 0, ""repair_until"": -1, ""runtime"": 333, ""demands"": 1}, {""healthy"": true, ""running"": true, ""pending"": false, ""onsite"": false, ""prep"": 3, ""min_up"": 0, ""min_down"": 0, ""repair_until"": -1, ""runtime"": 329, ""demands"": 1}, {""healthy"": true, ""running"": false, ""pending"": false, ""onsite"": false, ""prep"": 3, ""min_up"": 0, ""min_down"": 0, ""repair_until"": -192, ""runtime"": 108, ""demands"": 1}, {""healthy"": true, ""running"": true, ""pending"": false, ""onsite"": false, ""prep"": 3, ""min_up"": 0, ""min_down"": 0, ""repair_until"": -1, ""runtime"": 214, ""demands"": 1}]}, ""final_state"": {""energy_kwh"": 850.0, ""temperatures_c"": [5.0, 5.0, 5.0, 5.0], ""online"": 3, ""diesel_states"": [{""healthy"": true, ""running"": true, ""pending"": false, ""onsite"": false, ""prep"": 3, ""min_up"": 0, ""min_down"": 0, ""repair_until"": 5034, ""runtime"": 7251, ""demands"": 4}, {""healthy"": true, ""running"": true, ""pending"": false, ""onsite"": false, ""prep"": 3, ""min_up"": 0, ""min_down"": 0, ""repair_until"": 1309, ""runtime"": 8912, ""demands"": 2}, {""healthy"": true, ""running"": false, ""pending"": false, ""onsite"": false, ""prep"": 3, ""min_up"": 0, ""min_down"": 0, ""repair_until"": 7415, ""runtime"": 5112, ""demands"": 6}, {""healthy"": true, ""running"": true, ""pending"": false, ""onsite"": false, ""prep"": 3, ""min_up"": 0, ""min_down"": 0, ""repair_until"": 1482, ""runtime"": 5994, ""demands"": 5}], ""other_repair_until"": {""wind"": [8800, -1000000000000000, 598, 6993, 8282], ""pv"": [-1000000000000000, 8214, -1000000000000000], ""pcs"": [-1000000000000000, -1000000000000000, -1000000000000000, -1000000000000000]}}, ""energy_inventory_change_kwh"": 0.0, ""forecast_basis"": ""current_measurements_only"", ""dump_load_kw"": 0, ""repair_clock"": ""calendar_reference"", ""operating_cost_basis"": ""same_executed_policy""}",3487427.588665303,load_first_three_online,holdout,96,2026091702,"{""wind"": 5, ""pv"": 3, ""diesel"": 4, ""battery_energy"": 20, ""pcs"": 4}",True,0.0078125
,"holdout:(5, 3, 4, 20, 4):c1b16c40e93d24d01996b4bd81ccf0b9d616e7bef83b01e34c8697540ee6de0f:97",0.0,"{""shed_hours"": 0.0, ""longest_shed_hours"": 0.0, ""heater_kwh"": 70967.61078027803, ""diesel_kwh"": 1042490.8730822827, ""diesel_fuel_kg"": 231664.63846274654, ""battery_discharge_kwh"": 429.8950000333349, ""battery_charge_kwh"": 555.1330062413917, ""starts"": 20.0, ""start_failures"": 0.0, ""diesel_run_failures"": 13.0, ""diesel_online_hours"": 26279.0, ""wind_failures"": 1.0, ""pv_failures"": 2.0, ""pcs_failures"": 1.0, ""wind_protective_stop_hours"": 31.0, ""wait_access_unit_hours"": 0.0, ""wait_crew_unit_hours"": 0.0, ""wait_prep_unit_hours"": 21.0, ""wait_heat_unit_hours"": 0.0, ""unserved_heater_command_kwh"": 0.0, ""max_balance_residual_kw"": 2.842170943040401e-14, ""max_soc_residual_kwh"": 5.684341886080802e-14, ""initial_state"": {""energy_kwh"": 850.0, ""temperatures_c"": [5.0, 5.0, 5.0, 5.0], ""online"": 3, ""diesel_states"": [{""healthy"": true, ""running"": true, ""pending"": false, ""onsite"": false, ""prep"": 3, ""min_up"": 0, ""min_down"": 0, ""repair_until"": -1, ""runtime"": 333, ""demands"": 1}, {""healthy"": true, ""running"": false, ""pending"": false, ""onsite"": false, ""prep"": 3, ""min_up"": 0, ""min_down"": 0, ""repair_until"": -298, ""runtime"": 6, ""demands"": 1}, {""healthy"": true, ""running"": true, ""pending"": false, ""onsite"": false, ""prep"": 3, ""min_up"": 0, ""min_down"": 0, ""repair_until"": -1, ""runtime"": 325, ""demands"": 1}, {""healthy"": true, ""running"": true, ""pending"": false, ""onsite"": false, ""prep"": 3, ""min_up"": 0, ""min_down"": 0, ""repair_until"": -1, ""runtime"": 320, ""demands"": 1}]}, ""final_state"": {""energy_kwh"": 850.0, ""temperatures_c"": [5.0, 5.0, 5.0, 5.0], ""online"": 3, ""diesel_states"": [{""healthy"": true, ""running"": false, ""pending"": false, ""onsite"": false, ""prep"": 3, ""min_up"": 0, ""min_down"": 0, ""repair_until"": 7835, ""runtime"": 6707, ""demands"": 5}, {""healthy"": true, ""running"": true, ""pending"": false, ""onsite"": false, ""prep"": 3, ""min_up"": 0, ""min_down"": 0, ""repair_until"": 5575, ""runtime"": 5961, ""demands"": 5}, {""healthy"": true, ""running"": true, ""pending"": false, ""onsite"": false, ""prep"": 3, ""min_up"": 0, ""min_down"": 0, ""repair_until"": 5457, ""runtime"": 7207, ""demands"": 7}, {""healthy"": true, ""running"": true, ""pending"": false, ""onsite"": false, ""prep"": 3, ""min_up"": 0, ""min_down"": 0, ""repair_until"": 1683, ""runtime"": 7388, ""demands"": 7}], ""other_repair_until"": {""wind"": [-1000000000000000, -1000000000000000, -1000000000000000, -1000000000000000, 2708], ""pv"": [-1000000000000000, -1000000000000000, 7024], ""pcs"": [-1000000000000000, -1000000000000000, -1000000000000000, 467]}}, ""energy_inventory_change_kwh"": 0.0, ""forecast_basis"": ""current_measurements_only"", ""dump_load_kw"": 0, ""repair_clock"": ""calendar_reference"", ""operating_cost_basis"": ""same_executed_policy""}",3474969.5769409207,load_first_three_online,holdout,97,2026091702,"{""wind"": 5, ""pv"": 3, ""diesel"": 4, ""battery_energy"": 20, ""pcs"": 4}",True,0.0078125
,"holdout:(5, 3, 4, 20, 4):c1b16c40e93d24d01996b4bd81ccf0b9d616e7bef83b01e34c8697540ee6de0f:98",0.0,"{""shed_hours"": 0.0, ""longest_shed_hours"": 0.0, ""heater_kwh"": 70967.61078027803, ""diesel_kwh"": 1043992.3278492998, ""diesel_fuel_kg"": 231998.2950776392, ""battery_discharge_kwh"": 328.6550001333351, ""battery_charge_kwh"": 424.39953529614377, ""starts"": 15.0, ""start_failures"": 0.0, ""diesel_run_failures"": 9.0, ""diesel_online_hours"": 26282.0, ""wind_failures"": 5.0, ""pv_failures"": 2.0, ""pcs_failures"": 0.0, ""wind_protective_stop_hours"": 31.0, ""wait_access_unit_hours"": 0.0, ""wait_crew_unit_hours"": 0.0, ""wait_prep_unit_hours"": 18.0, ""wait_heat_unit_hours"": 0.0, ""unserved_heater_command_kwh"": 0.0, ""max_balance_residual_kw"": 2.842170943040401e-14, ""max_soc_residual_kwh"": 5.684341886080802e-14, ""initial_state"": {""energy_kwh"": 850.0, ""temperatures_c"": [5.0, 5.0, 5.0, 5.0], ""online"": 3, ""diesel_states"": [{""healthy"": false, ""running"": false, ""pending"": false, ""onsite"": false, ""prep"": 0.0, ""min_up"": 0, ""min_down"": 0, ""repair_until"": 78, ""runtime"": 328, ""demands"": 1}, {""healthy"": true, ""running"": true, ""pending"": false, ""onsite"": false, ""prep"": 3, ""min_up"": 0, ""min_down"": 0, ""repair_until"": -261, ""runtime"": 49, ""demands"": 2}, {""healthy"": true, ""running"": true, ""pending"": false, ""onsite"": false, ""prep"": 3, ""min_up"": 0, ""min_down"": 0, ""repair_until"": -1, ""runtime"": 325, ""demands"": 1}, {""healthy"": true, ""running"": true, ""pending"": false, ""onsite"": false, ""prep"": 3, ""min_up"": 0, ""min_down"": 0, ""repair_until"": -1, ""runtime"": 282, ""demands"": 1}]}, ""final_state"": {""energy_kwh"": 850.0, ""temperatures_c"": [5.0, 5.0, 5.0, 5.0], ""online"": 3, ""diesel_states"": [{""healthy"": true, ""running"": false, ""pending"": false, ""onsite"": false, ""prep"": 3, ""min_up"": 0, ""min_down"": 0, ""repair_until"": 8613, ""runtime"": 6135, ""demands"": 5}, {""healthy"": true, ""running"": true, ""pending"": false, ""onsite"": false, ""prep"": 3, ""min_up"": 0, ""min_down"": 0, ""repair_until"": 2347, ""runtime"": 8188, ""demands"": 4}, {""healthy"": true, ""running"": true, ""pending"": false, ""onsite"": false, ""prep"": 3, ""min_up"": 0, ""min_down"": 0, ""repair_until"": -1, ""runtime"": 6983, ""demands"": 4}, {""healthy"": true, ""running"": true, ""pending"": false, ""onsite"": false, ""prep"": 3, ""min_up"": 0, ""min_down"": 0, ""repair_until"": 8155, ""runtime"": 5960, ""demands"": 7}], ""other_repair_until"": {""wind"": [3877, 7119, 2344, 1664, 8111], ""pv"": [6042, -1000000000000000, 5458], ""pcs"": [-1000000000000000, -1000000000000000, -1000000000000000, -1000000000000000]}}, ""energy_inventory_change_kwh"": 0.0, ""forecast_basis"": ""current_measurements_only"", ""dump_load_kw"": 0, ""repair_clock"": ""calendar_reference"", ""operating_cost_basis"": ""same_executed_policy""}",3479974.4261643123,load_first_three_online,holdout,98,2026091702,"{""wind"": 5, ""pv"": 3, ""diesel"": 4, ""battery_energy"": 20, ""pcs"": 4}",True,0.0078125
,"holdout:(5, 3, 4, 20, 4):c1b16c40e93d24d01996b4bd81ccf0b9d616e7bef83b01e34c8697540ee6de0f:99",0.0,"{""shed_hours"": 0.0, ""longest_shed_hours"": 0.0, ""heater_kwh"": 68387.11327631307, ""diesel_kwh"": 1047146.1015344816, ""diesel_fuel_kg"": 232699.13367434646, ""battery_discharge_kwh"": 299.6050001333349, ""battery_charge_kwh"": 386.8866220730032, ""starts"": 17.0, ""start_failures"": 0.0, ""diesel_run_failures"": 10.0, ""diesel_online_hours"": 26273.0, ""wind_failures"": 10.0, ""pv_failures"": 2.0, ""pcs_failures"": 0.0, ""wind_protective_stop_hours"": 31.0, ""wait_access_unit_hours"": 2.0, ""wait_crew_unit_hours"": 0.0, ""wait_prep_unit_hours"": 24.0, ""wait_heat_unit_hours"": 0.0, ""unserved_heater_command_kwh"": 0.0, ""max_balance_residual_kw"": 2.842170943040401e-14, ""max_soc_residual_kwh"": 5.684341886080802e-14, ""initial_state"": {""energy_kwh"": 850.0, ""temperatures_c"": [5.0, 5.0, 5.0, -0.4917950249892792], ""online"": 3, ""diesel_states"": [{""healthy"": true, ""running"": true, ""pending"": false, ""onsite"": false, ""prep"": 3, ""min_up"": 0, ""min_down"": 0, ""repair_until"": -1, ""runtime"": 333, ""demands"": 1}, {""healthy"": true, ""running"": true, ""pending"": false, ""onsite"": false, ""prep"": 3, ""min_up"": 0, ""min_down"": 0, ""repair_until"": -1, ""runtime"": 329, ""demands"": 1}, {""healthy"": true, ""running"": true, ""pending"": false, ""onsite"": false, ""prep"": 3, ""min_up"": 0, ""min_down"": 0, ""repair_until"": -1, ""runtime"": 325, ""demands"": 1}, {""healthy"": true, ""running"": false, ""pending"": false, ""onsite"": false, ""prep"": 0.0, ""min_up"": 0, ""min_down"": 0, ""repair_until"": -1, ""runtime"": 0, ""demands"": 0}]}, ""final_state"": {""energy_kwh"": 850.0, ""temperatures_c"": [5.0, 5.0, 5.0, 5.0], ""online"": 3, ""diesel_states"": [{""healthy"": true, ""running"": false, ""pending"": false, ""onsite"": false, ""prep"": 3, ""min_up"": 0, ""min_down"": 0, ""repair_until"": 8507, ""runtime"": 5927, ""demands"": 5}, {""healthy"": true, ""running"": true, ""pending"": false, ""onsite"": false, ""prep"": 3, ""min_up"": 0, ""min_down"": 0, ""repair_until"": 7007, ""runtime"": 8255, ""demands"": 3}, {""healthy"": true, ""running"": true, ""pending"": false, ""onsite"": false, ""prep"": 3, ""min_up"": 0, ""min_down"": 0, ""repair_until"": 8159, ""runtime"": 7508, ""demands"": 6}, {""healthy"": true, ""running"": true, ""pending"": false, ""onsite"": false, ""prep"": 3, ""min_up"": 0, ""min_down"": 0, ""repair_until"": 4152, ""runtime"": 5570, ""demands"": 6}], ""other_repair_until"": {""wind"": [-1000000000000000, 7822, 8402, 8790, 6756], ""pv"": [3422, -1000000000000000, 7331], ""pcs"": [-1000000000000000, -1000000000000000, -1000000000000000, -1000000000000000]}}, ""energy_inventory_change_kwh"": 0.0, ""forecast_basis"": ""current_measurements_only"", ""dump_load_kw"": 0, ""repair_clock"": ""calendar_reference"", ""operating_cost_basis"": ""same_executed_policy""}",3490487.0051149246,load_first_three_online,holdout,99,2026091702,"{""wind"": 5, ""pv"": 3, ""diesel"": 4, ""battery_energy"": 20, ""pcs"": 4}",True,0.0078125
,"holdout:(5, 3, 4, 20, 4):c1b16c40e93d24d01996b4bd81ccf0b9d616e7bef83b01e34c8697540ee6de0f:100",0.0,"{""shed_hours"": 0.0, ""longest_shed_hours"": 0.0, ""heater_kwh"": 70596.13990943968, ""diesel_kwh"": 1043299.1427078774, ""diesel_fuel_kg"": 231844.25393510127, ""battery_discharge_kwh"": 374.822222322224, ""battery_charge_kwh"": 484.01629948634115, ""starts"": 22.0, ""start_failures"": 0.0, ""diesel_run_failures"": 15.0, ""diesel_online_hours"": 26273.0, ""wind_failures"": 3.0, ""pv_failures"": 0.0, ""pcs_failures"": 0.0, ""wind_protective_stop_hours"": 31.0, ""wait_access_unit_hours"": 3.0, ""wait_crew_unit_hours"": 0.0, ""wait_prep_unit_hours"": 24.0, ""wait_heat_unit_hours"": 0.0, ""unserved_heater_command_kwh"": 0.0, ""max_balance_residual_kw"": 2.842170943040401e-14, ""max_soc_residual_kwh"": 5.684341886080802e-14, ""initial_state"": {""energy_kwh"": 850.0, ""temperatures_c"": [5.0, 5.0, 5.0, -0.4917950249892792], ""online"": 3, ""diesel_states"": [{""healthy"": true, ""running"": true, ""pending"": false, ""onsite"": false, ""prep"": 3, ""min_up"": 0, ""min_down"": 0, ""repair_until"": -1, ""runtime"": 333, ""demands"": 1}, {""healthy"": true, ""running"": true, ""pending"": false, ""onsite"": false, ""prep"": 3, ""min_up"": 0, ""min_down"": 0, ""repair_until"": -1, ""runtime"": 329, ""demands"": 1}, {""healthy"": true, ""running"": true, ""pending"": false, ""onsite"": false, ""prep"": 3, ""min_up"": 0, ""min_down"": 0, ""repair_until"": -1, ""runtime"": 325, ""demands"": 1}, {""healthy"": true, ""running"": false, ""pending"": false, ""onsite"": false, ""prep"": 0.0, ""min_up"": 0, ""min_down"": 0, ""repair_until"": -1, ""runtime"": 0, ""demands"": 0}]}, ""final_state"": {""energy_kwh"": 850.0, ""temperatures_c"": [5.0, 5.0, 5.0, 5.0], ""online"": 3, ""diesel_states"": [{""healthy"": true, ""running"": true, ""pending"": false, ""onsite"": false, ""prep"": 3, ""min_up"": 0, ""min_down"": 0, ""repair_until"": 8308, ""runtime"": 5604, ""demands"": 6}, {""healthy"": true, ""running"": true, ""pending"": false, ""onsite"": false, ""prep"": 3, ""min_up"": 0, ""min_down"": 0, ""repair_until"": 8170, ""runtime"": 7752, ""demands"": 5}, {""healthy"": true, ""running"": true, ""pending"": false, ""onsite"": false, ""prep"": 3, ""min_up"": 0, ""min_down"": 0, ""repair_until"": 2501, ""runtime"": 8090, ""demands"": 6}, {""healthy"": false, ""running"": false, ""pending"": false, ""onsite"": false, ""prep"": 0.0, ""min_up"": 0, ""min_down"": 0, ""repair_until"": 8862, ""runtime"": 5814, ""demands"": 8}], ""other_repair_until"": {""wind"": [-1000000000000000, 670, 3577, -1000000000000000, -1000000000000000], ""pv"": [-1000000000000000, -1000000000000000, -1000000000000000], ""pcs"": [-1000000000000000, -1000000000000000, -1000000000000000, -1000000000000000]}}, ""energy_inventory_change_kwh"": 0.0, ""forecast_basis"": ""current_measurements_only"", ""dump_load_kw"": 0, ""repair_clock"": ""calendar_reference"", ""operating_cost_basis"": ""same_executed_policy""}",3477663.809026236,load_first_three_online,holdout,100,2026091702,"{""wind"": 5, ""pv"": 3, ""diesel"": 4, ""battery_energy"": 20, ""pcs"": 4}",True,0.0078125
,"holdout:(5, 3, 4, 20, 4):c1b16c40e93d24d01996b4bd81ccf0b9d616e7bef83b01e34c8697540ee6de0f:101",5196.749464033331,"{""shed_hours"": 89.0, ""longest_shed_hours"": 59, ""heater_kwh"": 69507.9580303135, ""diesel_kwh"": 1044873.5806624632, ""diesel_fuel_kg"": 232194.12903611944, ""battery_discharge_kwh"": 1145.2005360333342, ""battery_charge_kwh"": 1478.823006241391, ""starts"": 23.0, ""start_failures"": 0.0, ""diesel_run_failures"": 20.0, ""diesel_online_hours"": 26131.0, ""wind_failures"": 12.0, ""pv_failures"": 2.0, ""pcs_failures"": 0.0, ""wind_protective_stop_hours"": 31.0, ""wait_access_unit_hours"": 0.0, ""wait_crew_unit_hours"": 0.0, ""wait_prep_unit_hours"": 12.0, ""wait_heat_unit_hours"": 87.0, ""unserved_heater_command_kwh"": 4256.200483371478, ""max_balance_residual_kw"": 2.842170943040401e-14, ""max_soc_residual_kwh"": 5.684341886080802e-14, ""initial_state"": {""energy_kwh"": 850.0, ""temperatures_c"": [5.0, 5.0, 5.0, -0.4917950249892792], ""online"": 3, ""diesel_states"": [{""healthy"": true, ""running"": true, ""pending"": false, ""onsite"": false, ""prep"": 3, ""min_up"": 0, ""min_down"": 0, ""repair_until"": -1, ""runtime"": 333, ""demands"": 1}, {""healthy"": true, ""running"": true, ""pending"": false, ""onsite"": false, ""prep"": 3, ""min_up"": 0, ""min_down"": 0, ""repair_until"": -1, ""runtime"": 329, ""demands"": 1}, {""healthy"": true, ""running"": true, ""pending"": false, ""onsite"": false, ""prep"": 3, ""min_up"": 0, ""min_down"": 0, ""repair_until"": -1, ""runtime"": 325, ""demands"": 1}, {""healthy"": true, ""running"": false, ""pending"": false, ""onsite"": false, ""prep"": 0.0, ""min_up"": 0, ""min_down"": 0, ""repair_until"": -1, ""runtime"": 0, ""demands"": 0}]}, ""final_state"": {""energy_kwh"": 850.0, ""temperatures_c"": [5.0, 5.0, 5.0, 5.0], ""online"": 3, ""diesel_states"": [{""healthy"": true, ""running"": true, ""pending"": false, ""onsite"": false, ""prep"": 3, ""min_up"": 0, ""min_down"": 0, ""repair_until"": 8022, ""runtime"": 7642, ""demands"": 5}, {""healthy"": true, ""running"": true, ""pending"": false, ""onsite"": false, ""prep"": 3, ""min_up"": 0, ""min_down"": 0, ""repair_until"": 8627, ""runtime"": 5272, ""demands"": 7}, {""healthy"": true, ""running"": true, ""pending"": false, ""onsite"": false, ""prep"": 3, ""min_up"": 0, ""min_down"": 0, ""repair_until"": 5141, ""runtime"": 7606, ""demands"": 7}, {""healthy"": true, ""running"": false, ""pending"": false, ""onsite"": false, ""prep"": 3, ""min_up"": 0, ""min_down"": 0, ""repair_until"": 8701, ""runtime"": 6598, ""demands"": 7}], ""other_repair_until"": {""wind"": [8711, 6833, 2716, 4928, 7303], ""pv"": [-1000000000000000, 2669, 3495], ""pcs"": [-1000000000000000, -1000000000000000, -1000000000000000, -1000000000000000]}}, ""energy_inventory_change_kwh"": 0.0, ""forecast_basis"": ""current_measurements_only"", ""dump_load_kw"": 0, ""repair_clock"": ""calendar_reference"", ""operating_cost_basis"": ""same_executed_policy""}",3482911.935541512,load_first_three_online,holdout,101,2026091702,"{""wind"": 5, ""pv"": 3, ""diesel"": 4, ""battery_energy"": 20, ""pcs"": 4}",True,0.0078125
,"holdout:(5, 3, 4, 20, 4):c1b16c40e93d24d01996b4bd81ccf0b9d616e7bef83b01e34c8697540ee6de0f:102",0.0,"{""shed_hours"": 0.0, ""longest_shed_hours"": 0.0, ""heater_kwh"": 70967.61078027803, ""diesel_kwh"": 1045463.4919769696, ""diesel_fuel_kg"": 232325.22043934333, ""battery_discharge_kwh"": 1160.561666833335, ""battery_charge_kwh"": 1498.6591772124652, ""starts"": 27.0, ""start_failures"": 0.0, ""diesel_run_failures"": 23.0, ""diesel_online_hours"": 26258.0, ""wind_failures"": 8.0, ""pv_failures"": 1.0, ""pcs_failures"": 0.0, ""wind_protective_stop_hours"": 31.0, ""wait_access_unit_hours"": 1.0, ""wait_crew_unit_hours"": 0.0, ""wait_prep_unit_hours"": 12.0, ""wait_heat_unit_hours"": 0.0, ""unserved_heater_command_kwh"": 0.0, ""max_balance_residual_kw"": 2.842170943040401e-14, ""max_soc_residual_kwh"": 5.684341886080802e-14, ""initial_state"": {""energy_kwh"": 850.0, ""temperatures_c"": [5.0, 5.0, 5.0, 5.0], ""online"": 3, ""diesel_states"": [{""healthy"": true, ""running"": true, ""pending"": false, ""onsite"": false, ""prep"": 3, ""min_up"": 0, ""min_down"": 0, ""repair_until"": -1, ""runtime"": 333, ""demands"": 1}, {""healthy"": false, ""running"": false, ""pending"": false, ""onsite"": false, ""prep"": 0.0, ""min_up"": 0, ""min_down"": 0, ""repair_until"": 6, ""runtime"": 302, ""demands"": 1}, {""healthy"": true, ""running"": true, ""pending"": false, ""onsite"": false, ""prep"": 3, ""min_up"": 0, ""min_down"": 0, ""repair_until"": -1, ""runtime"": 325, ""demands"": 1}, {""healthy"": true, ""running"": true, ""pending"": false, ""onsite"": false, ""prep"": 3, ""min_up"": 0, ""min_down"": 0, ""repair_until"": -1, ""runtime"": 24, ""demands"": 1}]}, ""final_state"": {""energy_kwh"": 850.0, ""temperatures_c"": [5.0, 5.0, 5.0, 5.0], ""online"": 3, ""diesel_states"": [{""healthy"": true, ""running"": true, ""pending"": false, ""onsite"": false, ""prep"": 3, ""min_up"": 0, ""min_down"": 0, ""repair_until"": 7048, ""runtime"": 7184, ""demands"": 7}, {""healthy"": true, ""running"": true, ""pending"": false, ""onsite"": false, ""prep"": 3, ""min_up"": 0, ""min_down"": 0, ""repair_until"": 8527, ""runtime"": 7275, ""demands"": 6}, {""healthy"": true, ""running"": true, ""pending"": false, ""onsite"": false, ""prep"": 3, ""min_up"": 0, ""min_down"": 0, ""repair_until"": 8133, ""runtime"": 7251, ""demands"": 9}, {""healthy"": false, ""running"": false, ""pending"": false, ""onsite"": false, ""prep"": 0.0, ""min_up"": 0, ""min_down"": 0, ""repair_until"": 8844, ""runtime"": 5532, ""demands"": 9}], ""other_repair_until"": {""wind"": [-1000000000000000, 9052, 7229, 7924, 8517], ""pv"": [-1000000000000000, 4827, -1000000000000000], ""pcs"": [-1000000000000000, -1000000000000000, -1000000000000000, -1000000000000000]}}, ""energy_inventory_change_kwh"": 0.0, ""forecast_basis"": ""current_measurements_only"", ""dump_load_kw"": 0, ""repair_clock"": ""calendar_reference"", ""operating_cost_basis"": ""same_executed_policy""}",3484878.306589876,load_first_three_online,holdout,102,2026091702,"{""wind"": 5, ""pv"": 3, ""diesel"": 4, ""battery_energy"": 20, ""pcs"": 4}",True,0.0078125
,"holdout:(5, 3, 4, 20, 4):c1b16c40e93d24d01996b4bd81ccf0b9d616e7bef83b01e34c8697540ee6de0f:103",0.0,"{""shed_hours"": 0.0, ""longest_shed_hours"": 0.0, ""heater_kwh"": 70863.88496189038, ""diesel_kwh"": 1060233.6495540803, ""diesel_fuel_kg"": 235607.4776787014, ""battery_discharge_kwh"": 431.6722223555573, ""battery_charge_kwh"": 557.4279730831042, ""starts"": 27.0, ""start_failures"": 0.0, ""diesel_run_failures"": 19.0, ""diesel_online_hours"": 26250.0, ""wind_failures"": 7.0, ""pv_failures"": 2.0, ""pcs_failures"": 0.0, ""wind_protective_stop_hours"": 31.0, ""wait_access_unit_hours"": 0.0, ""wait_crew_unit_hours"": 0.0, ""wait_prep_unit_hours"": 27.0, ""wait_heat_unit_hours"": 0.0, ""unserved_heater_command_kwh"": 0.0, ""max_balance_residual_kw"": 2.842170943040401e-14, ""max_soc_residual_kwh"": 5.684341886080802e-14, ""initial_state"": {""energy_kwh"": 850.0, ""temperatures_c"": [5.0, 5.0, 5.0, -0.4917950249892792], ""online"": 3, ""diesel_states"": [{""healthy"": true, ""running"": true, ""pending"": false, ""onsite"": false, ""prep"": 3, ""min_up"": 0, ""min_down"": 0, ""repair_until"": -1, ""runtime"": 333, ""demands"": 1}, {""healthy"": true, ""running"": true, ""pending"": false, ""onsite"": false, ""prep"": 3, ""min_up"": 0, ""min_down"": 0, ""repair_until"": -1, ""runtime"": 329, ""demands"": 1}, {""healthy"": true, ""running"": true, ""pending"": false, ""onsite"": false, ""prep"": 3, ""min_up"": 0, ""min_down"": 0, ""repair_until"": -1, ""runtime"": 325, ""demands"": 1}, {""healthy"": true, ""running"": false, ""pending"": false, ""onsite"": false, ""prep"": 0.0, ""min_up"": 0, ""min_down"": 0, ""repair_until"": -1, ""runtime"": 0, ""demands"": 0}]}, ""final_state"": {""energy_kwh"": 850.0, ""temperatures_c"": [5.0, 5.0, 5.0, 5.0], ""online"": 3, ""diesel_states"": [{""healthy"": true, ""running"": true, ""pending"": false, ""onsite"": false, ""prep"": 3, ""min_up"": 0, ""min_down"": 0, ""repair_until"": 7368, ""runtime"": 7623, ""demands"": 5}, {""healthy"": true, ""running"": true, ""pending"": false, ""onsite"": false, ""prep"": 3, ""min_up"": 0, ""min_down"": 0, ""repair_until"": 8378, ""runtime"": 6024, ""demands"": 8}, {""healthy"": true, ""running"": true, ""pending"": false, ""onsite"": false, ""prep"": 3, ""min_up"": 0, ""min_down"": 0, ""repair_until"": 8419, ""runtime"": 7147, ""demands"": 8}, {""healthy"": false, ""running"": false, ""pending"": false, ""onsite"": false, ""prep"": 0.0, ""min_up"": 0, ""min_down"": 0, ""repair_until"": 8763, ""runtime"": 6443, ""demands"": 9}], ""other_repair_until"": {""wind"": [4899, -1000000000000000, 2074, 1827, 4874], ""pv"": [8649, 3780, -1000000000000000], ""pcs"": [-1000000000000000, -1000000000000000, -1000000000000000, -1000000000000000]}}, ""energy_inventory_change_kwh"": 0.0, ""forecast_basis"": ""current_measurements_only"", ""dump_load_kw"": 0, ""repair_clock"": ""calendar_reference"", ""operating_cost_basis"": ""same_executed_policy""}",3534112.1651802496,load_first_three_online,holdout,103,2026091702,"{""wind"": 5, ""pv"": 3, ""diesel"": 4, ""battery_energy"": 20, ""pcs"": 4}",True,0.0078125
,"holdout:(5, 3, 4, 20, 4):c1b16c40e93d24d01996b4bd81ccf0b9d616e7bef83b01e34c8697540ee6de0f:104",0.0,"{""shed_hours"": 0.0, ""longest_shed_hours"": 0.0, ""heater_kwh"": 70938.0294643283, ""diesel_kwh"": 1046486.0489100263, ""diesel_fuel_kg"": 232552.45531335686, ""battery_discharge_kwh"": 1198.419444511112, ""battery_charge_kwh"": 1547.545770288109, ""starts"": 25.0, ""start_failures"": 0.0, ""diesel_run_failures"": 17.0, ""diesel_online_hours"": 26247.0, ""wind_failures"": 5.0, ""pv_failures"": 1.0, ""pcs_failures"": 1.0, ""wind_protective_stop_hours"": 31.0, ""wait_access_unit_hours"": 0.0, ""wait_crew_unit_hours"": 0.0, ""wait_prep_unit_hours"": 27.0, ""wait_heat_unit_hours"": 0.0, ""unserved_heater_command_kwh"": 0.0, ""max_balance_residual_kw"": 2.842170943040401e-14, ""max_soc_residual_kwh"": 5.684341886080802e-14, ""initial_state"": {""energy_kwh"": 850.0, ""temperatures_c"": [5.0, 5.0, 5.0, -0.4917950249892792], ""online"": 3, ""diesel_states"": [{""healthy"": true, ""running"": true, ""pending"": false, ""onsite"": false, ""prep"": 3, ""min_up"": 0, ""min_down"": 0, ""repair_until"": -1, ""runtime"": 333, ""demands"": 1}, {""healthy"": true, ""running"": true, ""pending"": false, ""onsite"": false, ""prep"": 3, ""min_up"": 0, ""min_down"": 0, ""repair_until"": -1, ""runtime"": 329, ""demands"": 1}, {""healthy"": true, ""running"": true, ""pending"": false, ""onsite"": false, ""prep"": 3, ""min_up"": 0, ""min_down"": 0, ""repair_until"": -1, ""runtime"": 325, ""demands"": 1}, {""healthy"": true, ""running"": false, ""pending"": false, ""onsite"": false, ""prep"": 0.0, ""min_up"": 0, ""min_down"": 0, ""repair_until"": -1, ""runtime"": 0, ""demands"": 0}]}, ""final_state"": {""energy_kwh"": 850.0, ""temperatures_c"": [5.0, 5.0, 5.0, 5.0], ""online"": 3, ""diesel_states"": [{""healthy"": true, ""running"": true, ""pending"": false, ""onsite"": false, ""prep"": 3, ""min_up"": 0, ""min_down"": 0, ""repair_until"": 7413, ""runtime"": 8137, ""demands"": 5}, {""healthy"": true, ""running"": true, ""pending"": false, ""onsite"": false, ""prep"": 3, ""min_up"": 0, ""min_down"": 0, ""repair_until"": 4136, ""runtime"": 7811, ""demands"": 7}, {""healthy"": true, ""running"": false, ""pending"": false, ""onsite"": false, ""prep"": 3, ""min_up"": 0, ""min_down"": 0, ""repair_until"": 7820, ""runtime"": 3619, ""demands"": 9}, {""healthy"": true, ""running"": true, ""pending"": false, ""onsite"": false, ""prep"": 3, ""min_up"": 0, ""min_down"": 0, ""repair_until"": 5882, ""runtime"": 7667, ""demands"": 7}], ""other_repair_until"": {""wind"": [6955, 5721, -1000000000000000, -1000000000000000, -1000000000000000], ""pv"": [-1000000000000000, 3341, -1000000000000000], ""pcs"": [-1000000000000000, 3343, -1000000000000000, -1000000000000000]}}, ""energy_inventory_change_kwh"": 0.0, ""forecast_basis"": ""current_measurements_only"", ""dump_load_kw"": 0, ""repair_clock"": ""calendar_reference"", ""operating_cost_basis"": ""same_executed_policy""}",3488286.829700067,load_first_three_online,holdout,104,2026091702,"{""wind"": 5, ""pv"": 3, ""diesel"": 4, ""battery_energy"": 20, ""pcs"": 4}",True,0.0078125
,"holdout:(5, 3, 4, 20, 4):c1b16c40e93d24d01996b4bd81ccf0b9d616e7bef83b01e34c8697540ee6de0f:105",0.0,"{""shed_hours"": 0.0, ""longest_shed_hours"": 0.0, ""heater_kwh"": 69710.65356976574, ""diesel_kwh"": 1043630.9821537527, ""diesel_fuel_kg"": 231917.9960341833, ""battery_discharge_kwh"": 1009.8261111777795, ""battery_charge_kwh"": 1304.010990673784, ""starts"": 26.0, ""start_failures"": 0.0, ""diesel_run_failures"": 20.0, ""diesel_online_hours"": 26247.0, ""wind_failures"": 3.0, ""pv_failures"": 2.0, ""pcs_failures"": 0.0, ""wind_protective_stop_hours"": 31.0, ""wait_access_unit_hours"": 1.0, ""wait_crew_unit_hours"": 0.0, ""wait_prep_unit_hours"": 21.0, ""wait_heat_unit_hours"": 0.0, ""unserved_heater_command_kwh"": 0.0, ""max_balance_residual_kw"": 2.842170943040401e-14, ""max_soc_residual_kwh"": 5.684341886080802e-14, ""initial_state"": {""energy_kwh"": 850.0, ""temperatures_c"": [5.0, 5.0, 5.0, -0.4917950249892792], ""online"": 3, ""diesel_states"": [{""healthy"": true, ""running"": true, ""pending"": false, ""onsite"": false, ""prep"": 3, ""min_up"": 0, ""min_down"": 0, ""repair_until"": -1, ""runtime"": 333, ""demands"": 1}, {""healthy"": true, ""running"": true, ""pending"": false, ""onsite"": false, ""prep"": 3, ""min_up"": 0, ""min_down"": 0, ""repair_until"": -1, ""runtime"": 329, ""demands"": 1}, {""healthy"": true, ""running"": true, ""pending"": false, ""onsite"": false, ""prep"": 3, ""min_up"": 0, ""min_down"": 0, ""repair_until"": -1, ""runtime"": 325, ""demands"": 1}, {""healthy"": true, ""running"": false, ""pending"": false, ""onsite"": false, ""prep"": 0.0, ""min_up"": 0, ""min_down"": 0, ""repair_until"": -1, ""runtime"": 0, ""demands"": 0}]}, ""final_state"": {""energy_kwh"": 850.0, ""temperatures_c"": [5.0, 5.0, 5.0, 5.0], ""online"": 3, ""diesel_states"": [{""healthy"": false, ""running"": false, ""pending"": false, ""onsite"": false, ""prep"": 0.0, ""min_up"": 0, ""min_down"": 0, ""repair_until"": 8784, ""runtime"": 8126, ""demands"": 5}, {""healthy"": true, ""running"": true, ""pending"": false, ""onsite"": false, ""prep"": 3, ""min_up"": 0, ""min_down"": 0, ""repair_until"": 7750, ""runtime"": 7779, ""demands"": 5}, {""healthy"": true, ""running"": true, ""pending"": false, ""onsite"": false, ""prep"": 3, ""min_up"": 0, ""min_down"": 0, ""repair_until"": 7225, ""runtime"": 5447, ""demands"": 7}, {""healthy"": true, ""running"": true, ""pending"": false, ""onsite"": false, ""prep"": 3, ""min_up"": 0, ""min_down"": 0, ""repair_until"": 8636, ""runtime"": 5882, ""demands"": 12}], ""other_repair_until"": {""wind"": [4267, -1000000000000000, 1981, 2434, -1000000000000000], ""pv"": [7595, 8636, -1000000000000000], ""pcs"": [-1000000000000000, -1000000000000000, -1000000000000000, -1000000000000000]}}, ""energy_inventory_change_kwh"": 0.0, ""forecast_basis"": ""current_measurements_only"", ""dump_load_kw"": 0, ""repair_clock"": ""calendar_reference"", ""operating_cost_basis"": ""same_executed_policy""}",3478769.94051249,load_first_three_online,holdout,105,2026091702,"{""wind"": 5, ""pv"": 3, ""diesel"": 4, ""battery_energy"": 20, ""pcs"": 4}",True,0.0078125
,"holdout:(5, 3, 4, 20, 4):c1b16c40e93d24d01996b4bd81ccf0b9d616e7bef83b01e34c8697540ee6de0f:106",0.0,"{""shed_hours"": 0.0, ""longest_shed_hours"": 0.0, ""heater_kwh"": 70890.51637887233, ""diesel_kwh"": 1042051.7625288395, ""diesel_fuel_kg"": 231567.05833975924, ""battery_discharge_kwh"": 296.6750001333352, ""battery_charge_kwh"": 383.103047692838, ""starts"": 20.0, ""start_failures"": 0.0, ""diesel_run_failures"": 13.0, ""diesel_online_hours"": 26273.0, ""wind_failures"": 2.0, ""pv_failures"": 1.0, ""pcs_failures"": 0.0, ""wind_protective_stop_hours"": 31.0, ""wait_access_unit_hours"": 0.0, ""wait_crew_unit_hours"": 0.0, ""wait_prep_unit_hours"": 24.0, ""wait_heat_unit_hours"": 0.0, ""unserved_heater_command_kwh"": 0.0, ""max_balance_residual_kw"": 2.842170943040401e-14, ""max_soc_residual_kwh"": 5.684341886080802e-14, ""initial_state"": {""energy_kwh"": 850.0, ""temperatures_c"": [5.0, 5.0, 5.0, -0.4917950249892792], ""online"": 3, ""diesel_states"": [{""healthy"": true, ""running"": true, ""pending"": false, ""onsite"": false, ""prep"": 3, ""min_up"": 0, ""min_down"": 0, ""repair_until"": -1, ""runtime"": 333, ""demands"": 1}, {""healthy"": true, ""running"": true, ""pending"": false, ""onsite"": false, ""prep"": 3, ""min_up"": 0, ""min_down"": 0, ""repair_until"": -1, ""runtime"": 329, ""demands"": 1}, {""healthy"": true, ""running"": true, ""pending"": false, ""onsite"": false, ""prep"": 3, ""min_up"": 0, ""min_down"": 0, ""repair_until"": -1, ""runtime"": 325, ""demands"": 1}, {""healthy"": true, ""running"": false, ""pending"": false, ""onsite"": false, ""prep"": 0.0, ""min_up"": 0, ""min_down"": 0, ""repair_until"": -1, ""runtime"": 0, ""demands"": 0}]}, ""final_state"": {""energy_kwh"": 850.0, ""temperatures_c"": [5.0, 5.0, 5.0, 5.0], ""online"": 3, ""diesel_states"": [{""healthy"": true, ""running"": true, ""pending"": false, ""onsite"": false, ""prep"": 3, ""min_up"": 0, ""min_down"": 0, ""repair_until"": 7570, ""runtime"": 8152, ""demands"": 5}, {""healthy"": true, ""running"": true, ""pending"": false, ""onsite"": false, ""prep"": 3, ""min_up"": 0, ""min_down"": 0, ""repair_until"": 5802, ""runtime"": 8256, ""demands"": 3}, {""healthy"": true, ""running"": false, ""pending"": false, ""onsite"": false, ""prep"": 3, ""min_up"": 0, ""min_down"": 0, ""repair_until"": 7665, ""runtime"": 5355, ""demands"": 7}, {""healthy"": true, ""running"": true, ""pending"": false, ""onsite"": false, ""prep"": 3, ""min_up"": 0, ""min_down"": 0, ""repair_until"": 6066, ""runtime"": 5497, ""demands"": 8}], ""other_repair_until"": {""wind"": [-1000000000000000, -1000000000000000, -1000000000000000, 6606, -1000000000000000], ""pv"": [-1000000000000000, 5400, -1000000000000000], ""pcs"": [-1000000000000000, -1000000000000000, -1000000000000000, -1000000000000000]}}, ""energy_inventory_change_kwh"": 0.0, ""forecast_basis"": ""current_measurements_only"", ""dump_load_kw"": 0, ""repair_clock"": ""calendar_reference"", ""operating_cost_basis"": ""same_executed_policy""}",3473505.8750961088,load_first_three_online,holdout,106,2026091702,"{""wind"": 5, ""pv"": 3, ""diesel"": 4, ""battery_energy"": 20, ""pcs"": 4}",True,0.0078125
,"holdout:(5, 3, 4, 20, 4):c1b16c40e93d24d01996b4bd81ccf0b9d616e7bef83b01e34c8697540ee6de0f:107",0.0,"{""shed_hours"": 0.0, ""longest_shed_hours"": 0.0, ""heater_kwh"": 70975.44345178857, ""diesel_kwh"": 1044074.7094429531, ""diesel_fuel_kg"": 232016.60209845114, ""battery_discharge_kwh"": 438.0394445777795, ""battery_charge_kwh"": 565.650109217172, ""starts"": 30.0, ""start_failures"": 1.0, ""diesel_run_failures"": 22.0, ""diesel_online_hours"": 26267.0, ""wind_failures"": 4.0, ""pv_failures"": 1.0, ""pcs_failures"": 0.0, ""wind_protective_stop_hours"": 31.0, ""wait_access_unit_hours"": 0.0, ""wait_crew_unit_hours"": 0.0, ""wait_prep_unit_hours"": 24.0, ""wait_heat_unit_hours"": 0.0, ""unserved_heater_command_kwh"": 0.0, ""max_balance_residual_kw"": 2.842170943040401e-14, ""max_soc_residual_kwh"": 5.684341886080802e-14, ""initial_state"": {""energy_kwh"": 850.0, ""temperatures_c"": [5.0, 5.0, 5.0, -0.4917950249892792], ""online"": 2, ""diesel_states"": [{""healthy"": true, ""running"": true, ""pending"": false, ""onsite"": false, ""prep"": 3, ""min_up"": 0, ""min_down"": 0, ""repair_until"": -1, ""runtime"": 333, ""demands"": 1}, {""healthy"": false, ""running"": false, ""pending"": false, ""onsite"": false, ""prep"": 0.0, ""min_up"": 0, ""min_down"": 3, ""repair_until"": 38, ""runtime"": 329, ""demands"": 1}, {""healthy"": true, ""running"": true, ""pending"": false, ""onsite"": false, ""prep"": 3, ""min_up"": 0, ""min_down"": 0, ""repair_until"": -1, ""runtime"": 325, ""demands"": 1}, {""healthy"": true, ""running"": false, ""pending"": false, ""onsite"": false, ""prep"": 0.0, ""min_up"": 0, ""min_down"": 0, ""repair_until"": -1, ""runtime"": 0, ""demands"": 0}]}, ""final_state"": {""energy_kwh"": 850.0, ""temperatures_c"": [5.0, 5.0, 5.0, 5.0], ""online"": 3, ""diesel_states"": [{""healthy"": true, ""running"": true, ""pending"": false, ""onsite"": false, ""prep"": 3, ""min_up"": 0, ""min_down"": 0, ""repair_until"": 8101, ""runtime"": 8560, ""demands"": 5}, {""healthy"": true, ""running"": true, ""pending"": false, ""onsite"": false, ""prep"": 3, ""min_up"": 0, ""min_down"": 0, ""repair_until"": 8503, ""runtime"": 7984, ""demands"": 8}, {""healthy"": false, ""running"": false, ""pending"": false, ""onsite"": false, ""prep"": 0.0, ""min_up"": 0, ""min_down"": 0, ""repair_until"": 8923, ""runtime"": 5151, ""demands"": 11}, {""healthy"": true, ""running"": true, ""pending"": false, ""onsite"": false, ""prep"": 3, ""min_up"": 0, ""min_down"": 0, ""repair_until"": 7817, ""runtime"": 5559, ""demands"": 10}], ""other_repair_until"": {""wind"": [-1000000000000000, 7537, 3844, 8245, -52], ""pv"": [-1000000000000000, -1000000000000000, 5562], ""pcs"": [-1000000000000000, -1000000000000000, -1000000000000000, -1000000000000000]}}, ""energy_inventory_change_kwh"": 0.0, ""forecast_basis"": ""current_measurements_only"", ""dump_load_kw"": 0, ""repair_clock"": ""calendar_reference"", ""operating_cost_basis"": ""same_executed_policy""}",3480249.0314764897,load_first_three_online,holdout,107,2026091702,"{""wind"": 5, ""pv"": 3, ""diesel"": 4, ""battery_energy"": 20, ""pcs"": 4}",True,0.0078125
,"holdout:(5, 3, 4, 20, 4):c1b16c40e93d24d01996b4bd81ccf0b9d616e7bef83b01e34c8697540ee6de0f:108",0.0,"{""shed_hours"": 0.0, ""longest_shed_hours"": 0.0, ""heater_kwh"": 70967.61078027803, ""diesel_kwh"": 1048436.6792671208, ""diesel_fuel_kg"": 232985.92872604402, ""battery_discharge_kwh"": 457.1000000333353, ""battery_charge_kwh"": 590.2634297951107, ""starts"": 21.0, ""start_failures"": 0.0, ""diesel_run_failures"": 15.0, ""diesel_online_hours"": 26267.0, ""wind_failures"": 6.0, ""pv_failures"": 7.0, ""pcs_failures"": 0.0, ""wind_protective_stop_hours"": 31.0, ""wait_access_unit_hours"": 3.0, ""wait_crew_unit_hours"": 0.0, ""wait_prep_unit_hours"": 18.0, ""wait_heat_unit_hours"": 0.0, ""unserved_heater_command_kwh"": 0.0, ""max_balance_residual_kw"": 2.842170943040401e-14, ""max_soc_residual_kwh"": 5.684341886080802e-14, ""initial_state"": {""energy_kwh"": 850.0, ""temperatures_c"": [5.0, 5.0, 5.0, 5.0], ""online"": 3, ""diesel_states"": [{""healthy"": true, ""running"": false, ""pending"": false, ""onsite"": false, ""prep"": 3, ""min_up"": 0, ""min_down"": 0, ""repair_until"": -92, ""runtime"": 238, ""demands"": 1}, {""healthy"": true, ""running"": true, ""pending"": false, ""onsite"": false, ""prep"": 3, ""min_up"": 0, ""min_down"": 0, ""repair_until"": -1, ""runtime"": 329, ""demands"": 1}, {""healthy"": true, ""running"": true, ""pending"": false, ""onsite"": false, ""prep"": 3, ""min_up"": 0, ""min_down"": 0, ""repair_until"": -1, ""runtime"": 325, ""demands"": 1}, {""healthy"": true, ""running"": true, ""pending"": false, ""onsite"": false, ""prep"": 3, ""min_up"": 0, ""min_down"": 0, ""repair_until"": -1, ""runtime"": 92, ""demands"": 1}]}, ""final_state"": {""energy_kwh"": 850.0, ""temperatures_c"": [5.0, 5.0, 5.0, 5.0], ""online"": 3, ""diesel_states"": [{""healthy"": true, ""running"": false, ""pending"": false, ""onsite"": false, ""prep"": 3, ""min_up"": 0, ""min_down"": 0, ""repair_until"": 8332, ""runtime"": 7340, ""demands"": 6}, {""healthy"": true, ""running"": true, ""pending"": false, ""onsite"": false, ""prep"": 3, ""min_up"": 0, ""min_down"": 0, ""repair_until"": 8119, ""runtime"": 8323, ""demands"": 3}, {""healthy"": true, ""running"": true, ""pending"": false, ""onsite"": false, ""prep"": 3, ""min_up"": 0, ""min_down"": 0, ""repair_until"": 2059, ""runtime"": 6653, ""demands"": 6}, {""healthy"": true, ""running"": true, ""pending"": false, ""onsite"": false, ""prep"": 3, ""min_up"": 0, ""min_down"": 0, ""repair_until"": 7548, ""runtime"": 4935, ""demands"": 10}], ""other_repair_until"": {""wind"": [3533, 8775, 7388, 7304, 6758], ""pv"": [8059, -1000000000000000, 6017], ""pcs"": [-1000000000000000, -1000000000000000, -1000000000000000, -1000000000000000]}}, ""energy_inventory_change_kwh"": 0.0, ""forecast_basis"": ""current_measurements_only"", ""dump_load_kw"": 0, ""repair_clock"": ""calendar_reference"", ""operating_cost_basis"": ""same_executed_policy""}",3494788.9308903795,load_first_three_online,holdout,108,2026091702,"{""wind"": 5, ""pv"": 3, ""diesel"": 4, ""battery_energy"": 20, ""pcs"": 4}",True,0.0078125
,"holdout:(5, 3, 4, 20, 4):c1b16c40e93d24d01996b4bd81ccf0b9d616e7bef83b01e34c8697540ee6de0f:109",0.0,"{""shed_hours"": 0.0, ""longest_shed_hours"": 0.0, ""heater_kwh"": 70841.7834580946, ""diesel_kwh"": 1056030.3593302835, ""diesel_fuel_kg"": 234673.41318452623, ""battery_discharge_kwh"": 299.1950001333354, ""battery_charge_kwh"": 386.3571799242428, ""starts"": 24.0, ""start_failures"": 0.0, ""diesel_run_failures"": 17.0, ""diesel_online_hours"": 26261.0, ""wind_failures"": 7.0, ""pv_failures"": 1.0, ""pcs_failures"": 0.0, ""wind_protective_stop_hours"": 31.0, ""wait_access_unit_hours"": 11.0, ""wait_crew_unit_hours"": 0.0, ""wait_prep_unit_hours"": 24.0, ""wait_heat_unit_hours"": 0.0, ""unserved_heater_command_kwh"": 0.0, ""max_balance_residual_kw"": 2.842170943040401e-14, ""max_soc_residual_kwh"": 5.684341886080802e-14, ""initial_state"": {""energy_kwh"": 850.0, ""temperatures_c"": [5.0, 5.0, 5.0, -0.4917950249892792], ""online"": 3, ""diesel_states"": [{""healthy"": true, ""running"": true, ""pending"": false, ""onsite"": false, ""prep"": 3, ""min_up"": 0, ""min_down"": 0, ""repair_until"": -1, ""runtime"": 333, ""demands"": 1}, {""healthy"": true, ""running"": true, ""pending"": false, ""onsite"": false, ""prep"": 3, ""min_up"": 0, ""min_down"": 0, ""repair_until"": -1, ""runtime"": 329, ""demands"": 1}, {""healthy"": true, ""running"": true, ""pending"": false, ""onsite"": false, ""prep"": 3, ""min_up"": 0, ""min_down"": 0, ""repair_until"": -1, ""runtime"": 325, ""demands"": 1}, {""healthy"": true, ""running"": false, ""pending"": false, ""onsite"": false, ""prep"": 0.0, ""min_up"": 0, ""min_down"": 0, ""repair_until"": -1, ""runtime"": 0, ""demands"": 0}]}, ""final_state"": {""energy_kwh"": 850.0, ""temperatures_c"": [5.0, 5.0, 5.0, 5.0], ""online"": 3, ""diesel_states"": [{""healthy"": true, ""running"": true, ""pending"": false, ""onsite"": false, ""prep"": 3, ""min_up"": 0, ""min_down"": 0, ""repair_until"": 8084, ""runtime"": 7881, ""demands"": 6}, {""healthy"": true, ""running"": false, ""pending"": false, ""onsite"": false, ""prep"": 3, ""min_up"": 0, ""min_down"": 0, ""repair_until"": 8213, ""runtime"": 6659, ""demands"": 4}, {""healthy"": true, ""running"": true, ""pending"": false, ""onsite"": false, ""prep"": 3, ""min_up"": 0, ""min_down"": 0, ""repair_until"": 7247, ""runtime"": 7599, ""demands"": 6}, {""healthy"": true, ""running"": true, ""pending"": false, ""onsite"": false, ""prep"": 3, ""min_up"": 0, ""min_down"": 0, ""repair_until"": 8034, ""runtime"": 5109, ""demands"": 11}], ""other_repair_until"": {""wind"": [879, 8976, 6514, 2034, 3610], ""pv"": [869, -1000000000000000, -1000000000000000], ""pcs"": [-1000000000000000, -1000000000000000, -1000000000000000, -1000000000000000]}}, ""energy_inventory_change_kwh"": 0.0, ""forecast_basis"": ""current_measurements_only"", ""dump_load_kw"": 0, ""repair_clock"": ""calendar_reference"", ""operating_cost_basis"": ""same_executed_policy""}",3520101.19776759,load_first_three_online,holdout,109,2026091702,"{""wind"": 5, ""pv"": 3, ""diesel"": 4, ""battery_energy"": 20, ""pcs"": 4}",True,0.0078125
,"holdout:(5, 3, 4, 20, 4):c1b16c40e93d24d01996b4bd81ccf0b9d616e7bef83b01e34c8697540ee6de0f:110",0.0,"{""shed_hours"": 0.0, ""longest_shed_hours"": 0.0, ""heater_kwh"": 70967.61078027803, ""diesel_kwh"": 1055422.6203858398, ""diesel_fuel_kg"": 234538.36008575963, ""battery_discharge_kwh"": 1100.9011113777792, ""battery_charge_kwh"": 1421.6181706841137, ""starts"": 28.0, ""start_failures"": 0.0, ""diesel_run_failures"": 20.0, ""diesel_online_hours"": 26203.0, ""wind_failures"": 9.0, ""pv_failures"": 0.0, ""pcs_failures"": 1.0, ""wind_protective_stop_hours"": 31.0, ""wait_access_unit_hours"": 5.0, ""wait_crew_unit_hours"": 0.0, ""wait_prep_unit_hours"": 24.0, ""wait_heat_unit_hours"": 0.0, ""unserved_heater_command_kwh"": 0.0, ""max_balance_residual_kw"": 2.842170943040401e-14, ""max_soc_residual_kwh"": 5.684341886080802e-14, ""initial_state"": {""energy_kwh"": 850.0, ""temperatures_c"": [5.0, 5.0, 5.0, 5.0], ""online"": 3, ""diesel_states"": [{""healthy"": true, ""running"": true, ""pending"": false, ""onsite"": false, ""prep"": 3, ""min_up"": 0, ""min_down"": 0, ""repair_until"": -1, ""runtime"": 333, ""demands"": 1}, {""healthy"": true, ""running"": false, ""pending"": false, ""onsite"": false, ""prep"": 3, ""min_up"": 0, ""min_down"": 0, ""repair_until"": -213, ""runtime"": 107, ""demands"": 1}, {""healthy"": true, ""running"": true, ""pending"": false, ""onsite"": false, ""prep"": 3, ""min_up"": 0, ""min_down"": 0, ""repair_until"": -1, ""runtime"": 325, ""demands"": 1}, {""healthy"": true, ""running"": true, ""pending"": false, ""onsite"": false, ""prep"": 3, ""min_up"": 0, ""min_down"": 0, ""repair_until"": -1, ""runtime"": 219, ""demands"": 1}]}, ""final_state"": {""energy_kwh"": 850.0, ""temperatures_c"": [5.0, 5.0, 5.0, 5.0], ""online"": 3, ""diesel_states"": [{""healthy"": true, ""running"": true, ""pending"": false, ""onsite"": false, ""prep"": 3, ""min_up"": 0, ""min_down"": 0, ""repair_until"": 8243, ""runtime"": 6386, ""demands"": 6}, {""healthy"": true, ""running"": true, ""pending"": false, ""onsite"": false, ""prep"": 3, ""min_up"": 0, ""min_down"": 0, ""repair_until"": 7847, ""runtime"": 6468, ""demands"": 7}, {""healthy"": true, ""running"": false, ""pending"": false, ""onsite"": false, ""prep"": 3, ""min_up"": 0, ""min_down"": 0, ""repair_until"": 8567, ""runtime"": 6869, ""demands"": 9}, {""healthy"": true, ""running"": true, ""pending"": false, ""onsite"": false, ""prep"": 3, ""min_up"": 0, ""min_down"": 0, ""repair_until"": 8080, ""runtime"": 7464, ""demands"": 10}], ""other_repair_until"": {""wind"": [4211, 3221, 294, 6109, 3448], ""pv"": [-1000000000000000, -1000000000000000, -1000000000000000], ""pcs"": [4414, -1000000000000000, -1000000000000000, -1000000000000000]}}, ""energy_inventory_change_kwh"": 0.0, ""forecast_basis"": ""current_measurements_only"", ""dump_load_kw"": 0, ""repair_clock"": ""calendar_reference"", ""operating_cost_basis"": ""same_executed_policy""}",3518075.4012861075,load_first_three_online,holdout,110,2026091702,"{""wind"": 5, ""pv"": 3, ""diesel"": 4, ""battery_energy"": 20, ""pcs"": 4}",True,0.0078125
,"holdout:(5, 3, 4, 20, 4):c1b16c40e93d24d01996b4bd81ccf0b9d616e7bef83b01e34c8697540ee6de0f:111",0.0,"{""shed_hours"": 0.0, ""longest_shed_hours"": 0.0, ""heater_kwh"": 70939.94832875852, ""diesel_kwh"": 1050971.7152095954, ""diesel_fuel_kg"": 233549.27004659356, ""battery_discharge_kwh"": 966.5800002333348, ""battery_charge_kwh"": 1248.1663226153587, ""starts"": 21.0, ""start_failures"": 0.0, ""diesel_run_failures"": 15.0, ""diesel_online_hours"": 26273.0, ""wind_failures"": 4.0, ""pv_failures"": 2.0, ""pcs_failures"": 1.0, ""wind_protective_stop_hours"": 31.0, ""wait_access_unit_hours"": 0.0, ""wait_crew_unit_hours"": 0.0, ""wait_prep_unit_hours"": 21.0, ""wait_heat_unit_hours"": 0.0, ""unserved_heater_command_kwh"": 0.0, ""max_balance_residual_kw"": 2.842170943040401e-14, ""max_soc_residual_kwh"": 5.684341886080802e-14, ""initial_state"": {""energy_kwh"": 850.0, ""temperatures_c"": [5.0, 5.0, 5.0, -0.4917950249892792], ""online"": 3, ""diesel_states"": [{""healthy"": true, ""running"": true, ""pending"": false, ""onsite"": false, ""prep"": 3, ""min_up"": 0, ""min_down"": 0, ""repair_until"": -1, ""runtime"": 333, ""demands"": 1}, {""healthy"": true, ""running"": true, ""pending"": false, ""onsite"": false, ""prep"": 3, ""min_up"": 0, ""min_down"": 0, ""repair_until"": -1, ""runtime"": 329, ""demands"": 1}, {""healthy"": true, ""running"": true, ""pending"": false, ""onsite"": false, ""prep"": 3, ""min_up"": 0, ""min_down"": 0, ""repair_until"": -1, ""runtime"": 325, ""demands"": 1}, {""healthy"": true, ""running"": false, ""pending"": false, ""onsite"": false, ""prep"": 0.0, ""min_up"": 0, ""min_down"": 0, ""repair_until"": -1, ""runtime"": 0, ""demands"": 0}]}, ""final_state"": {""energy_kwh"": 850.0, ""temperatures_c"": [5.0, 5.0, 5.0, 5.0], ""online"": 3, ""diesel_states"": [{""healthy"": true, ""running"": false, ""pending"": false, ""onsite"": false, ""prep"": 3, ""min_up"": 0, ""min_down"": 0, ""repair_until"": 8014, ""runtime"": 7119, ""demands"": 6}, {""healthy"": true, ""running"": true, ""pending"": false, ""onsite"": false, ""prep"": 3, ""min_up"": 0, ""min_down"": 0, ""repair_until"": 5681, ""runtime"": 5870, ""demands"": 6}, {""healthy"": true, ""running"": true, ""pending"": false, ""onsite"": false, ""prep"": 3, ""min_up"": 0, ""min_down"": 0, ""repair_until"": 7998, ""runtime"": 7785, ""demands"": 6}, {""healthy"": true, ""running"": true, ""pending"": false, ""onsite"": false, ""prep"": 3, ""min_up"": 0, ""min_down"": 0, ""repair_until"": 5128, ""runtime"": 6486, ""demands"": 6}], ""other_repair_until"": {""wind"": [7476, 4431, 3451, -1000000000000000, -1000000000000000], ""pv"": [-103, -1000000000000000, 7463], ""pcs"": [2557, -1000000000000000, -1000000000000000, -1000000000000000]}}, ""energy_inventory_change_kwh"": 0.0, ""forecast_basis"": ""current_measurements_only"", ""dump_load_kw"": 0, ""repair_clock"": ""calendar_reference"", ""operating_cost_basis"": ""same_executed_policy""}",3503239.050698637,load_first_three_online,holdout,111,2026091702,"{""wind"": 5, ""pv"": 3, ""diesel"": 4, ""battery_energy"": 20, ""pcs"": 4}",True,0.0078125
,"holdout:(5, 3, 4, 20, 4):c1b16c40e93d24d01996b4bd81ccf0b9d616e7bef83b01e34c8697540ee6de0f:112",0.0,"{""shed_hours"": 0.0, ""longest_shed_hours"": 0.0, ""heater_kwh"": 70967.61078027803, ""diesel_kwh"": 1042208.40721581, ""diesel_fuel_kg"": 231601.86827019692, ""battery_discharge_kwh"": 624.5038890222239, ""battery_charge_kwh"": 806.4358071051427, ""starts"": 21.0, ""start_failures"": 1.0, ""diesel_run_failures"": 14.0, ""diesel_online_hours"": 26271.0, ""wind_failures"": 4.0, ""pv_failures"": 2.0, ""pcs_failures"": 0.0, ""wind_protective_stop_hours"": 31.0, ""wait_access_unit_hours"": 4.0, ""wait_crew_unit_hours"": 0.0, ""wait_prep_unit_hours"": 21.0, ""wait_heat_unit_hours"": 0.0, ""unserved_heater_command_kwh"": 0.0, ""max_balance_residual_kw"": 2.842170943040401e-14, ""max_soc_residual_kwh"": 5.684341886080802e-14, ""initial_state"": {""energy_kwh"": 850.0, ""temperatures_c"": [5.0, 5.0, 5.0, 5.0], ""online"": 3, ""diesel_states"": [{""healthy"": true, ""running"": true, ""pending"": false, ""onsite"": false, ""prep"": 3, ""min_up"": 0, ""min_down"": 0, ""repair_until"": -1, ""runtime"": 333, ""demands"": 1}, {""healthy"": true, ""running"": true, ""pending"": false, ""onsite"": false, ""prep"": 3, ""min_up"": 0, ""min_down"": 0, ""repair_until"": -1, ""runtime"": 329, ""demands"": 1}, {""healthy"": true, ""running"": false, ""pending"": false, ""onsite"": false, ""prep"": 3, ""min_up"": 0, ""min_down"": 0, ""repair_until"": -129, ""runtime"": 170, ""demands"": 1}, {""healthy"": true, ""running"": true, ""pending"": false, ""onsite"": false, ""prep"": 3, ""min_up"": 0, ""min_down"": 0, ""repair_until"": -1, ""runtime"": 152, ""demands"": 1}]}, ""final_state"": {""energy_kwh"": 850.0, ""temperatures_c"": [5.0, 5.0, 5.0, 5.0], ""online"": 3, ""diesel_states"": [{""healthy"": true, ""running"": true, ""pending"": false, ""onsite"": false, ""prep"": 3, ""min_up"": 0, ""min_down"": 0, ""repair_until"": 7174, ""runtime"": 8058, ""demands"": 4}, {""healthy"": true, ""running"": true, ""pending"": false, ""onsite"": false, ""prep"": 3, ""min_up"": 0, ""min_down"": 0, ""repair_until"": 2463, ""runtime"": 7085, ""demands"": 5}, {""healthy"": true, ""running"": true, ""pending"": false, ""onsite"": false, ""prep"": 3, ""min_up"": 0, ""min_down"": 0, ""repair_until"": 7398, ""runtime"": 6597, ""demands"": 9}, {""healthy"": true, ""running"": false, ""pending"": false, ""onsite"": false, ""prep"": 3, ""min_up"": 0, ""min_down"": 0, ""repair_until"": 8032, ""runtime"": 5515, ""demands"": 8}], ""other_repair_until"": {""wind"": [8024, 4781, -1000000000000000, -1000000000000000, 8174], ""pv"": [-1000000000000000, 8028, 525], ""pcs"": [-1000000000000000, -1000000000000000, -1000000000000000, -1000000000000000]}}, ""energy_inventory_change_kwh"": 0.0, ""forecast_basis"": ""current_measurements_only"", ""dump_load_kw"": 0, ""repair_clock"": ""calendar_reference"", ""operating_cost_basis"": ""same_executed_policy""}",3474028.0240526795,load_first_three_online,holdout,112,2026091702,"{""wind"": 5, ""pv"": 3, ""diesel"": 4, ""battery_energy"": 20, ""pcs"": 4}",True,0.0078125
,"holdout:(5, 3, 4, 20, 4):c1b16c40e93d24d01996b4bd81ccf0b9d616e7bef83b01e34c8697540ee6de0f:113",0.0,"{""shed_hours"": 0.0, ""longest_shed_hours"": 0.0, ""heater_kwh"": 70052.43033108652, ""diesel_kwh"": 1044717.6661923492, ""diesel_fuel_kg"": 232159.48137609442, ""battery_discharge_kwh"": 537.6400002000015, ""battery_charge_kwh"": 694.2665291838848, ""starts"": 21.0, ""start_failures"": 0.0, ""diesel_run_failures"": 14.0, ""diesel_online_hours"": 26267.0, ""wind_failures"": 6.0, ""pv_failures"": 1.0, ""pcs_failures"": 0.0, ""wind_protective_stop_hours"": 31.0, ""wait_access_unit_hours"": 8.0, ""wait_crew_unit_hours"": 0.0, ""wait_prep_unit_hours"": 24.0, ""wait_heat_unit_hours"": 0.0, ""unserved_heater_command_kwh"": 0.0, ""max_balance_residual_kw"": 2.842170943040401e-14, ""max_soc_residual_kwh"": 5.684341886080802e-14, ""initial_state"": {""energy_kwh"": 850.0, ""temperatures_c"": [5.0, 5.0, 5.0, -0.4917950249892792], ""online"": 3, ""diesel_states"": [{""healthy"": true, ""running"": true, ""pending"": false, ""onsite"": false, ""prep"": 3, ""min_up"": 0, ""min_down"": 0, ""repair_until"": -1, ""runtime"": 333, ""demands"": 1}, {""healthy"": true, ""running"": true, ""pending"": false, ""onsite"": false, ""prep"": 3, ""min_up"": 0, ""min_down"": 0, ""repair_until"": -1, ""runtime"": 329, ""demands"": 1}, {""healthy"": true, ""running"": true, ""pending"": false, ""onsite"": false, ""prep"": 3, ""min_up"": 0, ""min_down"": 0, ""repair_until"": -1, ""runtime"": 325, ""demands"": 1}, {""healthy"": true, ""running"": false, ""pending"": false, ""onsite"": false, ""prep"": 0.0, ""min_up"": 0, ""min_down"": 0, ""repair_until"": -1, ""runtime"": 0, ""demands"": 0}]}, ""final_state"": {""energy_kwh"": 850.0, ""temperatures_c"": [5.0, 5.0, 5.0, 5.0], ""online"": 3, ""diesel_states"": [{""healthy"": true, ""running"": false, ""pending"": false, ""onsite"": false, ""prep"": 3, ""min_up"": 0, ""min_down"": 0, ""repair_until"": 8094, ""runtime"": 7203, ""demands"": 6}, {""healthy"": true, ""running"": true, ""pending"": false, ""onsite"": false, ""prep"": 3, ""min_up"": 0, ""min_down"": 0, ""repair_until"": 5208, ""runtime"": 7797, ""demands"": 5}, {""healthy"": true, ""running"": true, ""pending"": false, ""onsite"": false, ""prep"": 3, ""min_up"": 0, ""min_down"": 0, ""repair_until"": 7451, ""runtime"": 8345, ""demands"": 4}, {""healthy"": true, ""running"": true, ""pending"": false, ""onsite"": false, ""prep"": 3, ""min_up"": 0, ""min_down"": 0, ""repair_until"": 6610, ""runtime"": 3909, ""demands"": 9}], ""other_repair_until"": {""wind"": [5409, 520, 6538, -1000000000000000, 5147], ""pv"": [-1000000000000000, -1000000000000000, 7848], ""pcs"": [-1000000000000000, -1000000000000000, -1000000000000000, -1000000000000000]}}, ""energy_inventory_change_kwh"": 0.0, ""forecast_basis"": ""current_measurements_only"", ""dump_load_kw"": 0, ""repair_clock"": ""calendar_reference"", ""operating_cost_basis"": ""same_executed_policy""}",3482392.2206411366,load_first_three_online,holdout,113,2026091702,"{""wind"": 5, ""pv"": 3, ""diesel"": 4, ""battery_energy"": 20, ""pcs"": 4}",True,0.0078125
,"holdout:(5, 3, 4, 20, 4):c1b16c40e93d24d01996b4bd81ccf0b9d616e7bef83b01e34c8697540ee6de0f:114",0.0,"{""shed_hours"": 0.0, ""longest_shed_hours"": 0.0, ""heater_kwh"": 70856.50420315177, ""diesel_kwh"": 1047540.7580807123, ""diesel_fuel_kg"": 232786.83512906532, ""battery_discharge_kwh"": 582.5516667333349, ""battery_charge_kwh"": 752.2619663395321, ""starts"": 17.0, ""start_failures"": 0.0, ""diesel_run_failures"": 10.0, ""diesel_online_hours"": 26275.0, ""wind_failures"": 4.0, ""pv_failures"": 3.0, ""pcs_failures"": 0.0, ""wind_protective_stop_hours"": 31.0, ""wait_access_unit_hours"": 2.0, ""wait_crew_unit_hours"": 0.0, ""wait_prep_unit_hours"": 24.0, ""wait_heat_unit_hours"": 0.0, ""unserved_heater_command_kwh"": 0.0, ""max_balance_residual_kw"": 2.842170943040401e-14, ""max_soc_residual_kwh"": 5.684341886080802e-14, ""initial_state"": {""energy_kwh"": 850.0, ""temperatures_c"": [5.0, 5.0, 5.0, -0.4917950249892792], ""online"": 3, ""diesel_states"": [{""healthy"": true, ""running"": true, ""pending"": false, ""onsite"": false, ""prep"": 3, ""min_up"": 0, ""min_down"": 0, ""repair_until"": -1, ""runtime"": 333, ""demands"": 1}, {""healthy"": true, ""running"": true, ""pending"": false, ""onsite"": false, ""prep"": 3, ""min_up"": 0, ""min_down"": 0, ""repair_until"": -1, ""runtime"": 329, ""demands"": 1}, {""healthy"": true, ""running"": true, ""pending"": false, ""onsite"": false, ""prep"": 3, ""min_up"": 0, ""min_down"": 0, ""repair_until"": -1, ""runtime"": 325, ""demands"": 1}, {""healthy"": true, ""running"": false, ""pending"": false, ""onsite"": false, ""prep"": 0.0, ""min_up"": 0, ""min_down"": 0, ""repair_until"": -1, ""runtime"": 0, ""demands"": 0}]}, ""final_state"": {""energy_kwh"": 850.0, ""temperatures_c"": [5.0, 5.0, 5.0, 5.0], ""online"": 3, ""diesel_states"": [{""healthy"": true, ""running"": true, ""pending"": false, ""onsite"": false, ""prep"": 3, ""min_up"": 0, ""min_down"": 0, ""repair_until"": 5077, ""runtime"": 5297, ""demands"": 6}, {""healthy"": true, ""running"": false, ""pending"": false, ""onsite"": false, ""prep"": 3, ""min_up"": 0, ""min_down"": 0, ""repair_until"": 7322, ""runtime"": 6623, ""demands"": 3}, {""healthy"": true, ""running"": true, ""pending"": false, ""onsite"": false, ""prep"": 3, ""min_up"": 0, ""min_down"": 0, ""repair_until"": -1, ""runtime"": 8212, ""demands"": 4}, {""healthy"": true, ""running"": true, ""pending"": false, ""onsite"": false, ""prep"": 3, ""min_up"": 0, ""min_down"": 0, ""repair_until"": 7114, ""runtime"": 7130, ""demands"": 7}], ""other_repair_until"": {""wind"": [-1000000000000000, -1000000000000000, 6024, 3836, -1000000000000000], ""pv"": [4982, -1000000000000000, 7838], ""pcs"": [-1000000000000000, -1000000000000000, -1000000000000000, -1000000000000000]}}, ""energy_inventory_change_kwh"": 0.0, ""forecast_basis"": ""current_measurements_only"", ""dump_load_kw"": 0, ""repair_clock"": ""calendar_reference"", ""operating_cost_basis"": ""same_executed_policy""}",3491802.5269356854,load_first_three_online,holdout,114,2026091702,"{""wind"": 5, ""pv"": 3, ""diesel"": 4, ""battery_energy"": 20, ""pcs"": 4}",True,0.0078125
,"holdout:(5, 3, 4, 20, 4):c1b16c40e93d24d01996b4bd81ccf0b9d616e7bef83b01e34c8697540ee6de0f:115",0.0,"{""shed_hours"": 0.0, ""longest_shed_hours"": 0.0, ""heater_kwh"": 70696.92735605432, ""diesel_kwh"": 1048641.83848501, ""diesel_fuel_kg"": 233031.5196633527, ""battery_discharge_kwh"": 409.38941722907896, ""battery_charge_kwh"": 528.6536896036644, ""starts"": 23.0, ""start_failures"": 0.0, ""diesel_run_failures"": 15.0, ""diesel_online_hours"": 26240.0, ""wind_failures"": 8.0, ""pv_failures"": 1.0, ""pcs_failures"": 1.0, ""wind_protective_stop_hours"": 31.0, ""wait_access_unit_hours"": 0.0, ""wait_crew_unit_hours"": 0.0, ""wait_prep_unit_hours"": 27.0, ""wait_heat_unit_hours"": 0.0, ""unserved_heater_command_kwh"": 0.0, ""max_balance_residual_kw"": 2.842170943040401e-14, ""max_soc_residual_kwh"": 5.684341886080802e-14, ""initial_state"": {""energy_kwh"": 850.0, ""temperatures_c"": [5.0, 5.0, 5.0, -0.4917950249892792], ""online"": 3, ""diesel_states"": [{""healthy"": true, ""running"": true, ""pending"": false, ""onsite"": false, ""prep"": 3, ""min_up"": 0, ""min_down"": 0, ""repair_until"": -1, ""runtime"": 333, ""demands"": 1}, {""healthy"": true, ""running"": true, ""pending"": false, ""onsite"": false, ""prep"": 3, ""min_up"": 0, ""min_down"": 0, ""repair_until"": -1, ""runtime"": 329, ""demands"": 1}, {""healthy"": true, ""running"": true, ""pending"": false, ""onsite"": false, ""prep"": 3, ""min_up"": 0, ""min_down"": 0, ""repair_until"": -1, ""runtime"": 325, ""demands"": 1}, {""healthy"": true, ""running"": false, ""pending"": false, ""onsite"": false, ""prep"": 0.0, ""min_up"": 0, ""min_down"": 0, ""repair_until"": -1, ""runtime"": 0, ""demands"": 0}]}, ""final_state"": {""energy_kwh"": 850.0, ""temperatures_c"": [5.0, 5.0, 5.0, 5.0], ""online"": 3, ""diesel_states"": [{""healthy"": true, ""running"": true, ""pending"": false, ""onsite"": false, ""prep"": 3, ""min_up"": 0, ""min_down"": 0, ""repair_until"": 6939, ""runtime"": 7316, ""demands"": 6}, {""healthy"": true, ""running"": true, ""pending"": false, ""onsite"": false, ""prep"": 3, ""min_up"": 0, ""min_down"": 0, ""repair_until"": 6921, ""runtime"": 8178, ""demands"": 5}, {""healthy"": true, ""running"": false, ""pending"": false, ""onsite"": false, ""prep"": 3, ""min_up"": 0, ""min_down"": 0, ""repair_until"": 7173, ""runtime"": 4990, ""demands"": 7}, {""healthy"": true, ""running"": true, ""pending"": false, ""onsite"": false, ""prep"": 3, ""min_up"": 0, ""min_down"": 0, ""repair_until"": 6706, ""runtime"": 6743, ""demands"": 8}], ""other_repair_until"": {""wind"": [5601, 3732, 3575, -1000000000000000, 8809], ""pv"": [4088, -1000000000000000, -1000000000000000], ""pcs"": [-1000000000000000, -1000000000000000, 740, -1000000000000000]}}, ""energy_inventory_change_kwh"": 0.0, ""forecast_basis"": ""current_measurements_only"", ""dump_load_kw"": 0, ""repair_clock"": ""calendar_reference"", ""operating_cost_basis"": ""same_executed_policy""}",3495472.794950016,load_first_three_online,holdout,115,2026091702,"{""wind"": 5, ""pv"": 3, ""diesel"": 4, ""battery_energy"": 20, ""pcs"": 4}",True,0.0078125
,"holdout:(5, 3, 4, 20, 4):c1b16c40e93d24d01996b4bd81ccf0b9d616e7bef83b01e34c8697540ee6de0f:116",0.0,"{""shed_hours"": 0.0, ""longest_shed_hours"": 0.0, ""heater_kwh"": 70742.02571595657, ""diesel_kwh"": 1043305.0615380313, ""diesel_fuel_kg"": 231845.56923069034, ""battery_discharge_kwh"": 571.5294445777791, ""battery_charge_kwh"": 738.028724919652, ""starts"": 26.0, ""start_failures"": 0.0, ""diesel_run_failures"": 18.0, ""diesel_online_hours"": 26267.0, ""wind_failures"": 3.0, ""pv_failures"": 1.0, ""pcs_failures"": 1.0, ""wind_protective_stop_hours"": 31.0, ""wait_access_unit_hours"": 0.0, ""wait_crew_unit_hours"": 0.0, ""wait_prep_unit_hours"": 27.0, ""wait_heat_unit_hours"": 0.0, ""unserved_heater_command_kwh"": 0.0, ""max_balance_residual_kw"": 2.842170943040401e-14, ""max_soc_residual_kwh"": 5.684341886080802e-14, ""initial_state"": {""energy_kwh"": 850.0, ""temperatures_c"": [5.0, 5.0, 5.0, -0.4917950249892792], ""online"": 3, ""diesel_states"": [{""healthy"": true, ""running"": true, ""pending"": false, ""onsite"": false, ""prep"": 3, ""min_up"": 0, ""min_down"": 0, ""repair_until"": -1, ""runtime"": 333, ""demands"": 1}, {""healthy"": true, ""running"": true, ""pending"": false, ""onsite"": false, ""prep"": 3, ""min_up"": 0, ""min_down"": 0, ""repair_until"": -1, ""runtime"": 329, ""demands"": 1}, {""healthy"": true, ""running"": true, ""pending"": false, ""onsite"": false, ""prep"": 3, ""min_up"": 0, ""min_down"": 0, ""repair_until"": -1, ""runtime"": 325, ""demands"": 1}, {""healthy"": true, ""running"": false, ""pending"": false, ""onsite"": false, ""prep"": 0.0, ""min_up"": 0, ""min_down"": 0, ""repair_until"": -1, ""runtime"": 0, ""demands"": 0}]}, ""final_state"": {""energy_kwh"": 850.0, ""temperatures_c"": [5.0, 5.0, 5.0, 5.0], ""online"": 3, ""diesel_states"": [{""healthy"": true, ""running"": true, ""pending"": false, ""onsite"": false, ""prep"": 3, ""min_up"": 0, ""min_down"": 0, ""repair_until"": 6768, ""runtime"": 7611, ""demands"": 7}, {""healthy"": true, ""running"": true, ""pending"": false, ""onsite"": false, ""prep"": 3, ""min_up"": 0, ""min_down"": 0, ""repair_until"": 5777, ""runtime"": 8076, ""demands"": 5}, {""healthy"": true, ""running"": false, ""pending"": false, ""onsite"": false, ""prep"": 3, ""min_up"": 0, ""min_down"": 0, ""repair_until"": 7036, ""runtime"": 5808, ""demands"": 7}, {""healthy"": true, ""running"": true, ""pending"": false, ""onsite"": false, ""prep"": 3, ""min_up"": 0, ""min_down"": 0, ""repair_until"": 5115, ""runtime"": 5759, ""demands"": 10}], ""other_repair_until"": {""wind"": [-1000000000000000, 2909, -1000000000000000, 4950, 8848], ""pv"": [-1000000000000000, -1000000000000000, 7834], ""pcs"": [-1000000000000000, -1000000000000000, 3201, -1000000000000000]}}, ""energy_inventory_change_kwh"": 0.0, ""forecast_basis"": ""current_measurements_only"", ""dump_load_kw"": 0, ""repair_clock"": ""calendar_reference"", ""operating_cost_basis"": ""same_executed_policy""}",3477683.5384600805,load_first_three_online,holdout,116,2026091702,"{""wind"": 5, ""pv"": 3, ""diesel"": 4, ""battery_energy"": 20, ""pcs"": 4}",True,0.0078125
,"holdout:(5, 3, 4, 20, 4):c1b16c40e93d24d01996b4bd81ccf0b9d616e7bef83b01e34c8697540ee6de0f:117",0.0,"{""shed_hours"": 0.0, ""longest_shed_hours"": 0.0, ""heater_kwh"": 70907.91736704265, ""diesel_kwh"": 1044267.5817969067, ""diesel_fuel_kg"": 232059.46262155255, ""battery_discharge_kwh"": 316.34500013333525, ""battery_charge_kwh"": 408.50335761019346, ""starts"": 23.0, ""start_failures"": 0.0, ""diesel_run_failures"": 17.0, ""diesel_online_hours"": 26264.0, ""wind_failures"": 6.0, ""pv_failures"": 3.0, ""pcs_failures"": 0.0, ""wind_protective_stop_hours"": 31.0, ""wait_access_unit_hours"": 3.0, ""wait_crew_unit_hours"": 0.0, ""wait_prep_unit_hours"": 21.0, ""wait_heat_unit_hours"": 0.0, ""unserved_heater_command_kwh"": 0.0, ""max_balance_residual_kw"": 2.842170943040401e-14, ""max_soc_residual_kwh"": 5.684341886080802e-14, ""initial_state"": {""energy_kwh"": 850.0, ""temperatures_c"": [5.0, 5.0, 5.0, -0.4917950249892792], ""online"": 3, ""diesel_states"": [{""healthy"": true, ""running"": true, ""pending"": false, ""onsite"": false, ""prep"": 3, ""min_up"": 0, ""min_down"": 0, ""repair_until"": -1, ""runtime"": 333, ""demands"": 1}, {""healthy"": true, ""running"": true, ""pending"": false, ""onsite"": false, ""prep"": 3, ""min_up"": 0, ""min_down"": 0, ""repair_until"": -1, ""runtime"": 329, ""demands"": 1}, {""healthy"": true, ""running"": true, ""pending"": false, ""onsite"": false, ""prep"": 3, ""min_up"": 0, ""min_down"": 0, ""repair_until"": -1, ""runtime"": 325, ""demands"": 1}, {""healthy"": true, ""running"": false, ""pending"": false, ""onsite"": false, ""prep"": 0.0, ""min_up"": 0, ""min_down"": 0, ""repair_until"": -1, ""runtime"": 0, ""demands"": 0}]}, ""final_state"": {""energy_kwh"": 850.0, ""temperatures_c"": [5.0, 5.0, 5.0, 5.0], ""online"": 3, ""diesel_states"": [{""healthy"": true, ""running"": true, ""pending"": false, ""onsite"": false, ""prep"": 3, ""min_up"": 0, ""min_down"": 0, ""repair_until"": 3698, ""runtime"": 7808, ""demands"": 4}, {""healthy"": true, ""running"": true, ""pending"": false, ""onsite"": false, ""prep"": 3, ""min_up"": 0, ""min_down"": 0, ""repair_until"": 6481, ""runtime"": 6934, ""demands"": 7}, {""healthy"": true, ""running"": false, ""pending"": false, ""onsite"": false, ""prep"": 3, ""min_up"": 0, ""min_down"": 0, ""repair_until"": 7469, ""runtime"": 5816, ""demands"": 8}, {""healthy"": true, ""running"": true, ""pending"": false, ""onsite"": false, ""prep"": 3, ""min_up"": 0, ""min_down"": 0, ""repair_until"": 7311, ""runtime"": 6693, ""demands"": 7}], ""other_repair_until"": {""wind"": [1681, 3805, -1000000000000000, 7104, 1779], ""pv"": [2710, 834, 2492], ""pcs"": [-1000000000000000, -1000000000000000, -1000000000000000, -1000000000000000]}}, ""energy_inventory_change_kwh"": 0.0, ""forecast_basis"": ""current_measurements_only"", ""dump_load_kw"": 0, ""repair_clock"": ""calendar_reference"", ""operating_cost_basis"": ""same_executed_policy""}",3480891.9393230034,load_first_three_online,holdout,117,2026091702,"{""wind"": 5, ""pv"": 3, ""diesel"": 4, ""battery_energy"": 20, ""pcs"": 4}",True,0.0078125
,"holdout:(5, 3, 4, 20, 4):c1b16c40e93d24d01996b4bd81ccf0b9d616e7bef83b01e34c8697540ee6de0f:118",0.0,"{""shed_hours"": 0.0, ""longest_shed_hours"": 0.0, ""heater_kwh"": 70845.6376732851, ""diesel_kwh"": 1045556.1228601949, ""diesel_fuel_kg"": 232345.80508006108, ""battery_discharge_kwh"": 697.68555578889, ""battery_charge_kwh"": 900.93692638028, ""starts"": 19.0, ""start_failures"": 0.0, ""diesel_run_failures"": 11.0, ""diesel_online_hours"": 26275.0, ""wind_failures"": 6.0, ""pv_failures"": 2.0, ""pcs_failures"": 1.0, ""wind_protective_stop_hours"": 31.0, ""wait_access_unit_hours"": 0.0, ""wait_crew_unit_hours"": 0.0, ""wait_prep_unit_hours"": 27.0, ""wait_heat_unit_hours"": 0.0, ""unserved_heater_command_kwh"": 0.0, ""max_balance_residual_kw"": 2.842170943040401e-14, ""max_soc_residual_kwh"": 5.684341886080802e-14, ""initial_state"": {""energy_kwh"": 850.0, ""temperatures_c"": [5.0, 5.0, 5.0, -0.4917950249892792], ""online"": 3, ""diesel_states"": [{""healthy"": true, ""running"": true, ""pending"": false, ""onsite"": false, ""prep"": 3, ""min_up"": 0, ""min_down"": 0, ""repair_until"": -1, ""runtime"": 333, ""demands"": 1}, {""healthy"": true, ""running"": true, ""pending"": false, ""onsite"": false, ""prep"": 3, ""min_up"": 0, ""min_down"": 0, ""repair_until"": -1, ""runtime"": 329, ""demands"": 1}, {""healthy"": true, ""running"": true, ""pending"": false, ""onsite"": false, ""prep"": 3, ""min_up"": 0, ""min_down"": 0, ""repair_until"": -1, ""runtime"": 325, ""demands"": 1}, {""healthy"": true, ""running"": false, ""pending"": false, ""onsite"": false, ""prep"": 0.0, ""min_up"": 0, ""min_down"": 0, ""repair_until"": -1, ""runtime"": 0, ""demands"": 0}]}, ""final_state"": {""energy_kwh"": 850.0, ""temperatures_c"": [5.0, 5.0, 5.0, 5.0], ""online"": 3, ""diesel_states"": [{""healthy"": true, ""running"": true, ""pending"": false, ""onsite"": false, ""prep"": 3, ""min_up"": 0, ""min_down"": 0, ""repair_until"": 4304, ""runtime"": 8048, ""demands"": 3}, {""healthy"": true, ""running"": true, ""pending"": false, ""onsite"": false, ""prep"": 3, ""min_up"": 0, ""min_down"": 0, ""repair_until"": 4473, ""runtime"": 8002, ""demands"": 5}, {""healthy"": true, ""running"": false, ""pending"": false, ""onsite"": false, ""prep"": 3, ""min_up"": 0, ""min_down"": 0, ""repair_until"": 7773, ""runtime"": 7848, ""demands"": 6}, {""healthy"": true, ""running"": true, ""pending"": false, ""onsite"": false, ""prep"": 3, ""min_up"": 0, ""min_down"": 0, ""repair_until"": 4730, ""runtime"": 3364, ""demands"": 8}], ""other_repair_until"": {""wind"": [-1000000000000000, -1000000000000000, 412, 5315, 4066], ""pv"": [-1000000000000000, 4376, 767], ""pcs"": [-1000000000000000, -1000000000000000, 6247, -1000000000000000]}}, ""energy_inventory_change_kwh"": 0.0, ""forecast_basis"": ""current_measurements_only"", ""dump_load_kw"": 0, ""repair_clock"": ""calendar_reference"", ""operating_cost_basis"": ""same_executed_policy""}",3485187.0762006273,load_first_three_online,holdout,118,2026091702,"{""wind"": 5, ""pv"": 3, ""diesel"": 4, ""battery_energy"": 20, ""pcs"": 4}",True,0.0078125
,"holdout:(5, 3, 4, 20, 4):c1b16c40e93d24d01996b4bd81ccf0b9d616e7bef83b01e34c8697540ee6de0f:119",0.0,"{""shed_hours"": 0.0, ""longest_shed_hours"": 0.0, ""heater_kwh"": 70967.61078027803, ""diesel_kwh"": 1052788.7893598792, ""diesel_fuel_kg"": 233953.06430221334, ""battery_discharge_kwh"": 296.67500013333506, ""battery_charge_kwh"": 383.1030476928381, ""starts"": 21.0, ""start_failures"": 0.0, ""diesel_run_failures"": 14.0, ""diesel_online_hours"": 26279.0, ""wind_failures"": 5.0, ""pv_failures"": 0.0, ""pcs_failures"": 0.0, ""wind_protective_stop_hours"": 31.0, ""wait_access_unit_hours"": 0.0, ""wait_crew_unit_hours"": 0.0, ""wait_prep_unit_hours"": 21.0, ""wait_heat_unit_hours"": 0.0, ""unserved_heater_command_kwh"": 0.0, ""max_balance_residual_kw"": 2.842170943040401e-14, ""max_soc_residual_kwh"": 5.684341886080802e-14, ""initial_state"": {""energy_kwh"": 850.0, ""temperatures_c"": [5.0, 5.0, 5.0, 5.0], ""online"": 3, ""diesel_states"": [{""healthy"": true, ""running"": true, ""pending"": false, ""onsite"": false, ""prep"": 3, ""min_up"": 0, ""min_down"": 0, ""repair_until"": -1, ""runtime"": 333, ""demands"": 1}, {""healthy"": false, ""running"": false, ""pending"": false, ""onsite"": false, ""prep"": 0.0, ""min_up"": 0, ""min_down"": 0, ""repair_until"": 10, ""runtime"": 139, ""demands"": 1}, {""healthy"": true, ""running"": true, ""pending"": false, ""onsite"": false, ""prep"": 3, ""min_up"": 0, ""min_down"": 0, ""repair_until"": -1, ""runtime"": 325, ""demands"": 1}, {""healthy"": true, ""running"": true, ""pending"": false, ""onsite"": false, ""prep"": 3, ""min_up"": 0, ""min_down"": 0, ""repair_until"": -1, ""runtime"": 187, ""demands"": 1}]}, ""final_state"": {""energy_kwh"": 850.0, ""temperatures_c"": [5.0, 5.0, 5.0, 5.0], ""online"": 3, ""diesel_states"": [{""healthy"": true, ""running"": false, ""pending"": false, ""onsite"": false, ""prep"": 3, ""min_up"": 0, ""min_down"": 0, ""repair_until"": 7538, ""runtime"": 6885, ""demands"": 4}, {""healthy"": true, ""running"": true, ""pending"": false, ""onsite"": false, ""prep"": 3, ""min_up"": 0, ""min_down"": 0, ""repair_until"": 5280, ""runtime"": 6569, ""demands"": 5}, {""healthy"": true, ""running"": true, ""pending"": false, ""onsite"": false, ""prep"": 3, ""min_up"": 0, ""min_down"": 0, ""repair_until"": 6752, ""runtime"": 6349, ""demands"": 8}, {""healthy"": true, ""running"": true, ""pending"": false, ""onsite"": false, ""prep"": 3, ""min_up"": 0, ""min_down"": 0, ""repair_until"": 7480, ""runtime"": 7460, ""demands"": 8}], ""other_repair_until"": {""wind"": [6471, 6642, -1000000000000000, 2109, 5751], ""pv"": [-1000000000000000, -1000000000000000, 277], ""pcs"": [-1000000000000000, -1000000000000000, -1000000000000000, -1000000000000000]}}, ""energy_inventory_change_kwh"": 0.0, ""forecast_basis"": ""current_measurements_only"", ""dump_load_kw"": 0, ""repair_clock"": ""calendar_reference"", ""operating_cost_basis"": ""same_executed_policy""}",3509295.9645329094,load_first_three_online,holdout,119,2026091702,"{""wind"": 5, ""pv"": 3, ""diesel"": 4, ""battery_energy"": 20, ""pcs"": 4}",True,0.0078125
,"holdout:(5, 3, 4, 20, 4):c1b16c40e93d24d01996b4bd81ccf0b9d616e7bef83b01e34c8697540ee6de0f:120",0.0,"{""shed_hours"": 0.0, ""longest_shed_hours"": 0.0, ""heater_kwh"": 70769.43063226498, ""diesel_kwh"": 1041840.2447382461, ""diesel_fuel_kg"": 231520.05438629238, ""battery_discharge_kwh"": 388.21166683333513, ""battery_charge_kwh"": 501.30638795626794, ""starts"": 22.0, ""start_failures"": 0.0, ""diesel_run_failures"": 17.0, ""diesel_online_hours"": 26192.0, ""wind_failures"": 4.0, ""pv_failures"": 0.0, ""pcs_failures"": 0.0, ""wind_protective_stop_hours"": 31.0, ""wait_access_unit_hours"": 0.0, ""wait_crew_unit_hours"": 0.0, ""wait_prep_unit_hours"": 18.0, ""wait_heat_unit_hours"": 0.0, ""unserved_heater_command_kwh"": 0.0, ""max_balance_residual_kw"": 2.842170943040401e-14, ""max_soc_residual_kwh"": 5.684341886080802e-14, ""initial_state"": {""energy_kwh"": 850.0, ""temperatures_c"": [5.0, 5.0, 5.0, -0.4917950249892792], ""online"": 3, ""diesel_states"": [{""healthy"": true, ""running"": true, ""pending"": false, ""onsite"": false, ""prep"": 3, ""min_up"": 0, ""min_down"": 0, ""repair_until"": -1, ""runtime"": 333, ""demands"": 1}, {""healthy"": true, ""running"": true, ""pending"": false, ""onsite"": false, ""prep"": 3, ""min_up"": 0, ""min_down"": 0, ""repair_until"": -1, ""runtime"": 329, ""demands"": 1}, {""healthy"": true, ""running"": true, ""pending"": false, ""onsite"": false, ""prep"": 3, ""min_up"": 0, ""min_down"": 0, ""repair_until"": -1, ""runtime"": 325, ""demands"": 1}, {""healthy"": true, ""running"": false, ""pending"": false, ""onsite"": false, ""prep"": 0.0, ""min_up"": 0, ""min_down"": 0, ""repair_until"": -1, ""runtime"": 0, ""demands"": 0}]}, ""final_state"": {""energy_kwh"": 850.0, ""temperatures_c"": [5.0, 5.0, 5.0, 5.0], ""online"": 3, ""diesel_states"": [{""healthy"": true, ""running"": true, ""pending"": false, ""onsite"": false, ""prep"": 3, ""min_up"": 0, ""min_down"": 0, ""repair_until"": 5489, ""runtime"": 8330, ""demands"": 6}, {""healthy"": true, ""running"": false, ""pending"": false, ""onsite"": false, ""prep"": 3, ""min_up"": 0, ""min_down"": 0, ""repair_until"": 7691, ""runtime"": 6387, ""demands"": 6}, {""healthy"": true, ""running"": true, ""pending"": false, ""onsite"": false, ""prep"": 3, ""min_up"": 0, ""min_down"": 0, ""repair_until"": 6569, ""runtime"": 6155, ""demands"": 5}, {""healthy"": true, ""running"": true, ""pending"": false, ""onsite"": false, ""prep"": 3, ""min_up"": 0, ""min_down"": 0, ""repair_until"": 6870, ""runtime"": 6307, ""demands"": 8}], ""other_repair_until"": {""wind"": [-1000000000000000, 6504, 4397, 2314, 6548], ""pv"": [-1000000000000000, -1000000000000000, -1000000000000000], ""pcs"": [-1000000000000000, -1000000000000000, -1000000000000000, -1000000000000000]}}, ""energy_inventory_change_kwh"": 0.0, ""forecast_basis"": ""current_measurements_only"", ""dump_load_kw"": 0, ""repair_clock"": ""calendar_reference"", ""operating_cost_basis"": ""same_executed_policy""}",3472800.815794142,load_first_three_online,holdout,120,2026091702,"{""wind"": 5, ""pv"": 3, ""diesel"": 4, ""battery_energy"": 20, ""pcs"": 4}",True,0.0078125
,"holdout:(5, 3, 4, 20, 4):c1b16c40e93d24d01996b4bd81ccf0b9d616e7bef83b01e34c8697540ee6de0f:121",142.23188618893076,"{""shed_hours"": 4.0, ""longest_shed_hours"": 3, ""heater_kwh"": 70668.74618675957, ""diesel_kwh"": 1044925.7088772719, ""diesel_fuel_kg"": 232205.71308385555, ""battery_discharge_kwh"": 1716.4212902975605, ""battery_charge_kwh"": 2216.453112471023, ""starts"": 22.0, ""start_failures"": 0.0, ""diesel_run_failures"": 14.0, ""diesel_online_hours"": 26227.0, ""wind_failures"": 5.0, ""pv_failures"": 0.0, ""pcs_failures"": 0.0, ""wind_protective_stop_hours"": 31.0, ""wait_access_unit_hours"": 0.0, ""wait_crew_unit_hours"": 1.0, ""wait_prep_unit_hours"": 27.0, ""wait_heat_unit_hours"": 0.0, ""unserved_heater_command_kwh"": 138.9622481565518, ""max_balance_residual_kw"": 2.842170943040401e-14, ""max_soc_residual_kwh"": 5.684341886080802e-14, ""initial_state"": {""energy_kwh"": 850.0, ""temperatures_c"": [5.0, 5.0, 5.0, -0.4917950249892792], ""online"": 3, ""diesel_states"": [{""healthy"": true, ""running"": true, ""pending"": false, ""onsite"": false, ""prep"": 3, ""min_up"": 0, ""min_down"": 0, ""repair_until"": -1, ""runtime"": 333, ""demands"": 1}, {""healthy"": true, ""running"": true, ""pending"": false, ""onsite"": false, ""prep"": 3, ""min_up"": 0, ""min_down"": 0, ""repair_until"": -1, ""runtime"": 329, ""demands"": 1}, {""healthy"": true, ""running"": true, ""pending"": false, ""onsite"": false, ""prep"": 3, ""min_up"": 0, ""min_down"": 0, ""repair_until"": -1, ""runtime"": 325, ""demands"": 1}, {""healthy"": true, ""running"": false, ""pending"": false, ""onsite"": false, ""prep"": 0.0, ""min_up"": 0, ""min_down"": 0, ""repair_until"": -1, ""runtime"": 0, ""demands"": 0}]}, ""final_state"": {""energy_kwh"": 850.0, ""temperatures_c"": [5.0, 5.0, 5.0, 5.0], ""online"": 3, ""diesel_states"": [{""healthy"": true, ""running"": true, ""pending"": false, ""onsite"": false, ""prep"": 3, ""min_up"": 0, ""min_down"": 0, ""repair_until"": 7482, ""runtime"": 7582, ""demands"": 5}, {""healthy"": true, ""running"": true, ""pending"": false, ""onsite"": false, ""prep"": 3, ""min_up"": 0, ""min_down"": 0, ""repair_until"": 4533, ""runtime"": 8517, ""demands"": 4}, {""healthy"": false, ""running"": false, ""pending"": false, ""onsite"": false, ""prep"": 0.0, ""min_up"": 0, ""min_down"": 0, ""repair_until"": 8809, ""runtime"": 6819, ""demands"": 6}, {""healthy"": true, ""running"": true, ""pending"": false, ""onsite"": false, ""prep"": 3, ""min_up"": 0, ""min_down"": 0, ""repair_until"": 8476, ""runtime"": 4296, ""demands"": 10}], ""other_repair_until"": {""wind"": [-1000000000000000, 3909, -1000000000000000, 8652, 6636], ""pv"": [-1000000000000000, -1000000000000000, -1000000000000000], ""pcs"": [-1000000000000000, -1000000000000000, -1000000000000000, -1000000000000000]}}, ""energy_inventory_change_kwh"": 0.0, ""forecast_basis"": ""current_measurements_only"", ""dump_load_kw"": 0, ""repair_clock"": ""calendar_reference"", ""operating_cost_basis"": ""same_executed_policy""}",3483085.696257555,load_first_three_online,holdout,121,2026091702,"{""wind"": 5, ""pv"": 3, ""diesel"": 4, ""battery_energy"": 20, ""pcs"": 4}",True,0.0078125
,"holdout:(5, 3, 4, 20, 4):c1b16c40e93d24d01996b4bd81ccf0b9d616e7bef83b01e34c8697540ee6de0f:122",0.0,"{""shed_hours"": 0.0, ""longest_shed_hours"": 0.0, ""heater_kwh"": 69577.47444907756, ""diesel_kwh"": 1041055.159220153, ""diesel_fuel_kg"": 231345.59093782902, ""battery_discharge_kwh"": 1095.6253395172066, ""battery_charge_kwh"": 1414.8054487567224, ""starts"": 17.0, ""start_failures"": 0.0, ""diesel_run_failures"": 11.0, ""diesel_online_hours"": 26249.0, ""wind_failures"": 5.0, ""pv_failures"": 0.0, ""pcs_failures"": 0.0, ""wind_protective_stop_hours"": 31.0, ""wait_access_unit_hours"": 0.0, ""wait_crew_unit_hours"": 0.0, ""wait_prep_unit_hours"": 21.0, ""wait_heat_unit_hours"": 0.0, ""unserved_heater_command_kwh"": 0.0, ""max_balance_residual_kw"": 2.842170943040401e-14, ""max_soc_residual_kwh"": 5.684341886080802e-14, ""initial_state"": {""energy_kwh"": 850.0, ""temperatures_c"": [5.0, 5.0, 5.0, -0.4917950249892792], ""online"": 3, ""diesel_states"": [{""healthy"": true, ""running"": true, ""pending"": false, ""onsite"": false, ""prep"": 3, ""min_up"": 0, ""min_down"": 0, ""repair_until"": -1, ""runtime"": 333, ""demands"": 1}, {""healthy"": true, ""running"": true, ""pending"": false, ""onsite"": false, ""prep"": 3, ""min_up"": 0, ""min_down"": 0, ""repair_until"": -1, ""runtime"": 329, ""demands"": 1}, {""healthy"": true, ""running"": true, ""pending"": false, ""onsite"": false, ""prep"": 3, ""min_up"": 0, ""min_down"": 0, ""repair_until"": -1, ""runtime"": 325, ""demands"": 1}, {""healthy"": true, ""running"": false, ""pending"": false, ""onsite"": false, ""prep"": 0.0, ""min_up"": 0, ""min_down"": 0, ""repair_until"": -1, ""runtime"": 0, ""demands"": 0}]}, ""final_state"": {""energy_kwh"": 850.0, ""temperatures_c"": [5.0, 5.0, 5.0, 5.0], ""online"": 3, ""diesel_states"": [{""healthy"": true, ""running"": false, ""pending"": false, ""onsite"": false, ""prep"": 3, ""min_up"": 0, ""min_down"": 0, ""repair_until"": 7182, ""runtime"": 5174, ""demands"": 4}, {""healthy"": true, ""running"": true, ""pending"": false, ""onsite"": false, ""prep"": 3, ""min_up"": 0, ""min_down"": 0, ""repair_until"": 5072, ""runtime"": 7937, ""demands"": 3}, {""healthy"": true, ""running"": true, ""pending"": false, ""onsite"": false, ""prep"": 3, ""min_up"": 0, ""min_down"": 0, ""repair_until"": 5555, ""runtime"": 7937, ""demands"": 6}, {""healthy"": true, ""running"": true, ""pending"": false, ""onsite"": false, ""prep"": 3, ""min_up"": 0, ""min_down"": 0, ""repair_until"": 6948, ""runtime"": 6188, ""demands"": 7}], ""other_repair_until"": {""wind"": [-1000000000000000, -1000000000000000, 4834, -1000000000000000, 5834], ""pv"": [-1000000000000000, -1000000000000000, -1000000000000000], ""pcs"": [-1000000000000000, -1000000000000000, -1000000000000000, -1000000000000000]}}, ""energy_inventory_change_kwh"": 0.0, ""forecast_basis"": ""current_measurements_only"", ""dump_load_kw"": 0, ""repair_clock"": ""calendar_reference"", ""operating_cost_basis"": ""same_executed_policy""}",3470183.864067156,load_first_three_online,holdout,122,2026091702,"{""wind"": 5, ""pv"": 3, ""diesel"": 4, ""battery_energy"": 20, ""pcs"": 4}",True,0.0078125
,"holdout:(5, 3, 4, 20, 4):c1b16c40e93d24d01996b4bd81ccf0b9d616e7bef83b01e34c8697540ee6de0f:123",0.0,"{""shed_hours"": 0.0, ""longest_shed_hours"": 0.0, ""heater_kwh"": 70865.53642157312, ""diesel_kwh"": 1041612.3113151315, ""diesel_fuel_kg"": 231469.40251449074, ""battery_discharge_kwh"": 519.5050001333349, ""battery_charge_kwh"": 670.8483989325075, ""starts"": 21.0, ""start_failures"": 0.0, ""diesel_run_failures"": 14.0, ""diesel_online_hours"": 26272.0, ""wind_failures"": 2.0, ""pv_failures"": 0.0, ""pcs_failures"": 1.0, ""wind_protective_stop_hours"": 31.0, ""wait_access_unit_hours"": 4.0, ""wait_crew_unit_hours"": 0.0, ""wait_prep_unit_hours"": 24.0, ""wait_heat_unit_hours"": 0.0, ""unserved_heater_command_kwh"": 0.0, ""max_balance_residual_kw"": 2.842170943040401e-14, ""max_soc_residual_kwh"": 5.684341886080802e-14, ""initial_state"": {""energy_kwh"": 850.0, ""temperatures_c"": [5.0, 5.0, 5.0, -0.4917950249892792], ""online"": 3, ""diesel_states"": [{""healthy"": true, ""running"": true, ""pending"": false, ""onsite"": false, ""prep"": 3, ""min_up"": 0, ""min_down"": 0, ""repair_until"": -1, ""runtime"": 333, ""demands"": 1}, {""healthy"": true, ""running"": true, ""pending"": false, ""onsite"": false, ""prep"": 3, ""min_up"": 0, ""min_down"": 0, ""repair_until"": -1, ""runtime"": 329, ""demands"": 1}, {""healthy"": true, ""running"": true, ""pending"": false, ""onsite"": false, ""prep"": 3, ""min_up"": 0, ""min_down"": 0, ""repair_until"": -1, ""runtime"": 325, ""demands"": 1}, {""healthy"": true, ""running"": false, ""pending"": false, ""onsite"": false, ""prep"": 0.0, ""min_up"": 0, ""min_down"": 0, ""repair_until"": -1, ""runtime"": 0, ""demands"": 0}]}, ""final_state"": {""energy_kwh"": 850.0, ""temperatures_c"": [5.0, 5.0, 5.0, 5.0], ""online"": 3, ""diesel_states"": [{""healthy"": true, ""running"": false, ""pending"": false, ""onsite"": false, ""prep"": 3, ""min_up"": 0, ""min_down"": 0, ""repair_until"": 8341, ""runtime"": 7142, ""demands"": 4}, {""healthy"": true, ""running"": true, ""pending"": false, ""onsite"": false, ""prep"": 3, ""min_up"": 0, ""min_down"": 0, ""repair_until"": 6107, ""runtime"": 5712, ""demands"": 5}, {""healthy"": true, ""running"": true, ""pending"": false, ""onsite"": false, ""prep"": 3, ""min_up"": 0, ""min_down"": 0, ""repair_until"": 4260, ""runtime"": 6954, ""demands"": 7}, {""healthy"": true, ""running"": true, ""pending"": false, ""onsite"": false, ""prep"": 3, ""min_up"": 0, ""min_down"": 0, ""repair_until"": 8180, ""runtime"": 7451, ""demands"": 8}], ""other_repair_until"": {""wind"": [-1000000000000000, 2212, -1000000000000000, 7382, -68], ""pv"": [-1000000000000000, -1000000000000000, -1000000000000000], ""pcs"": [-1000000000000000, -1000000000000000, -1000000000000000, 6032]}}, ""energy_inventory_change_kwh"": 0.0, ""forecast_basis"": ""current_measurements_only"", ""dump_load_kw"": 0, ""repair_clock"": ""calendar_reference"", ""operating_cost_basis"": ""same_executed_policy""}",3472041.0377170844,load_first_three_online,holdout,123,2026091702,"{""wind"": 5, ""pv"": 3, ""diesel"": 4, ""battery_energy"": 20, ""pcs"": 4}",True,0.0078125
,"holdout:(5, 3, 4, 20, 4):c1b16c40e93d24d01996b4bd81ccf0b9d616e7bef83b01e34c8697540ee6de0f:124",0.0,"{""shed_hours"": 0.0, ""longest_shed_hours"": 0.0, ""heater_kwh"": 70858.87256384127, ""diesel_kwh"": 1042074.31914561, ""diesel_fuel_kg"": 231572.0709212636, ""battery_discharge_kwh"": 296.6750001333352, ""battery_charge_kwh"": 383.103047692838, ""starts"": 23.0, ""start_failures"": 0.0, ""diesel_run_failures"": 16.0, ""diesel_online_hours"": 26254.0, ""wind_failures"": 3.0, ""pv_failures"": 0.0, ""pcs_failures"": 0.0, ""wind_protective_stop_hours"": 31.0, ""wait_access_unit_hours"": 0.0, ""wait_crew_unit_hours"": 0.0, ""wait_prep_unit_hours"": 24.0, ""wait_heat_unit_hours"": 0.0, ""unserved_heater_command_kwh"": 0.0, ""max_balance_residual_kw"": 2.842170943040401e-14, ""max_soc_residual_kwh"": 5.684341886080802e-14, ""initial_state"": {""energy_kwh"": 850.0, ""temperatures_c"": [5.0, 5.0, 5.0, -0.4917950249892792], ""online"": 3, ""diesel_states"": [{""healthy"": true, ""running"": true, ""pending"": false, ""onsite"": false, ""prep"": 3, ""min_up"": 0, ""min_down"": 0, ""repair_until"": -1, ""runtime"": 333, ""demands"": 1}, {""healthy"": true, ""running"": true, ""pending"": false, ""onsite"": false, ""prep"": 3, ""min_up"": 0, ""min_down"": 0, ""repair_until"": -1, ""runtime"": 329, ""demands"": 1}, {""healthy"": true, ""running"": true, ""pending"": false, ""onsite"": false, ""prep"": 3, ""min_up"": 0, ""min_down"": 0, ""repair_until"": -1, ""runtime"": 325, ""demands"": 1}, {""healthy"": true, ""running"": false, ""pending"": false, ""onsite"": false, ""prep"": 0.0, ""min_up"": 0, ""min_down"": 0, ""repair_until"": -1, ""runtime"": 0, ""demands"": 0}]}, ""final_state"": {""energy_kwh"": 850.0, ""temperatures_c"": [5.0, 5.0, 5.0, 5.0], ""online"": 3, ""diesel_states"": [{""healthy"": true, ""running"": true, ""pending"": false, ""onsite"": false, ""prep"": 3, ""min_up"": 0, ""min_down"": 0, ""repair_until"": 7725, ""runtime"": 7720, ""demands"": 5}, {""healthy"": true, ""running"": false, ""pending"": false, ""onsite"": false, ""prep"": 3, ""min_up"": 0, ""min_down"": 0, ""repair_until"": 8450, ""runtime"": 7846, ""demands"": 5}, {""healthy"": true, ""running"": true, ""pending"": false, ""onsite"": false, ""prep"": 3, ""min_up"": 0, ""min_down"": 0, ""repair_until"": 7138, ""runtime"": 4031, ""demands"": 10}, {""healthy"": true, ""running"": true, ""pending"": false, ""onsite"": false, ""prep"": 3, ""min_up"": 0, ""min_down"": 0, ""repair_until"": 6783, ""runtime"": 7644, ""demands"": 6}], ""other_repair_until"": {""wind"": [-1000000000000000, -1000000000000000, -1000000000000000, 8141, -1000000000000000], ""pv"": [-1000000000000000, -1000000000000000, -1000000000000000], ""pcs"": [-1000000000000000, -1000000000000000, -1000000000000000, -1000000000000000]}}, ""energy_inventory_change_kwh"": 0.0, ""forecast_basis"": ""current_measurements_only"", ""dump_load_kw"": 0, ""repair_clock"": ""calendar_reference"", ""operating_cost_basis"": ""same_executed_policy""}",3473581.0638186783,load_first_three_online,holdout,124,2026091702,"{""wind"": 5, ""pv"": 3, ""diesel"": 4, ""battery_energy"": 20, ""pcs"": 4}",True,0.0078125
,"holdout:(5, 3, 4, 20, 4):c1b16c40e93d24d01996b4bd81ccf0b9d616e7bef83b01e34c8697540ee6de0f:125",0.0,"{""shed_hours"": 0.0, ""longest_shed_hours"": 0.0, ""heater_kwh"": 70967.61078027803, ""diesel_kwh"": 1047330.6012047986, ""diesel_fuel_kg"": 232740.13360108354, ""battery_discharge_kwh"": 351.04833343333496, ""battery_charge_kwh"": 453.31654627238333, ""starts"": 27.0, ""start_failures"": 0.0, ""diesel_run_failures"": 19.0, ""diesel_online_hours"": 26272.0, ""wind_failures"": 10.0, ""pv_failures"": 3.0, ""pcs_failures"": 0.0, ""wind_protective_stop_hours"": 31.0, ""wait_access_unit_hours"": 0.0, ""wait_crew_unit_hours"": 0.0, ""wait_prep_unit_hours"": 24.0, ""wait_heat_unit_hours"": 0.0, ""unserved_heater_command_kwh"": 0.0, ""max_balance_residual_kw"": 2.842170943040401e-14, ""max_soc_residual_kwh"": 5.684341886080802e-14, ""initial_state"": {""energy_kwh"": 850.0, ""temperatures_c"": [5.0, 5.0, 5.0, 5.0], ""online"": 3, ""diesel_states"": [{""healthy"": true, ""running"": true, ""pending"": false, ""onsite"": false, ""prep"": 3, ""min_up"": 0, ""min_down"": 0, ""repair_until"": -1, ""runtime"": 333, ""demands"": 1}, {""healthy"": true, ""running"": true, ""pending"": false, ""onsite"": false, ""prep"": 3, ""min_up"": 0, ""min_down"": 0, ""repair_until"": -1, ""runtime"": 329, ""demands"": 1}, {""healthy"": true, ""running"": true, ""pending"": false, ""onsite"": false, ""prep"": 3, ""min_up"": 0, ""min_down"": 0, ""repair_until"": -140, ""runtime"": 251, ""demands"": 2}, {""healthy"": true, ""running"": false, ""pending"": false, ""onsite"": false, ""prep"": 3, ""min_up"": 0, ""min_down"": 0, ""repair_until"": -52, ""runtime"": 71, ""demands"": 1}]}, ""final_state"": {""energy_kwh"": 850.0, ""temperatures_c"": [5.0, 5.0, 5.0, 5.0], ""online"": 3, ""diesel_states"": [{""healthy"": true, ""running"": true, ""pending"": false, ""onsite"": false, ""prep"": 3, ""min_up"": 0, ""min_down"": 0, ""repair_until"": 6040, ""runtime"": 8169, ""demands"": 4}, {""healthy"": true, ""running"": true, ""pending"": false, ""onsite"": false, ""prep"": 3, ""min_up"": 0, ""min_down"": 0, ""repair_until"": 6678, ""runtime"": 7483, ""demands"": 8}, {""healthy"": true, ""running"": true, ""pending"": false, ""onsite"": false, ""prep"": 3, ""min_up"": 0, ""min_down"": 0, ""repair_until"": 7164, ""runtime"": 4123, ""demands"": 10}, {""healthy"": false, ""running"": false, ""pending"": false, ""onsite"": false, ""prep"": 0.0, ""min_up"": 0, ""min_down"": 0, ""repair_until"": 8773, ""runtime"": 7481, ""demands"": 10}], ""other_repair_until"": {""wind"": [3643, 7823, 4906, 5686, 7686], ""pv"": [6409, -1000000000000000, -1000000000000000], ""pcs"": [-1000000000000000, -1000000000000000, -1000000000000000, -1000000000000000]}}, ""energy_inventory_change_kwh"": 0.0, ""forecast_basis"": ""current_measurements_only"", ""dump_load_kw"": 0, ""repair_clock"": ""calendar_reference"", ""operating_cost_basis"": ""same_executed_policy""}",3491102.0040159784,load_first_three_online,holdout,125,2026091702,"{""wind"": 5, ""pv"": 3, ""diesel"": 4, ""battery_energy"": 20, ""pcs"": 4}",True,0.0078125
,"holdout:(5, 3, 4, 20, 4):c1b16c40e93d24d01996b4bd81ccf0b9d616e7bef83b01e34c8697540ee6de0f:126",0.0,"{""shed_hours"": 0.0, ""longest_shed_hours"": 0.0, ""heater_kwh"": 70877.34067836069, ""diesel_kwh"": 1047873.3343664515, ""diesel_fuel_kg"": 232860.74097033954, ""battery_discharge_kwh"": 965.9600001000011, ""battery_charge_kwh"": 1247.365702608471, ""starts"": 31.0, ""start_failures"": 0.0, ""diesel_run_failures"": 21.0, ""diesel_online_hours"": 26268.0, ""wind_failures"": 5.0, ""pv_failures"": 0.0, ""pcs_failures"": 0.0, ""wind_protective_stop_hours"": 31.0, ""wait_access_unit_hours"": 0.0, ""wait_crew_unit_hours"": 2.0, ""wait_prep_unit_hours"": 33.0, ""wait_heat_unit_hours"": 0.0, ""unserved_heater_command_kwh"": 0.0, ""max_balance_residual_kw"": 2.842170943040401e-14, ""max_soc_residual_kwh"": 5.684341886080802e-14, ""initial_state"": {""energy_kwh"": 850.0, ""temperatures_c"": [5.0, 5.0, 5.0, -0.4917950249892792], ""online"": 3, ""diesel_states"": [{""healthy"": true, ""running"": true, ""pending"": false, ""onsite"": false, ""prep"": 3, ""min_up"": 0, ""min_down"": 0, ""repair_until"": -1, ""runtime"": 333, ""demands"": 1}, {""healthy"": true, ""running"": true, ""pending"": false, ""onsite"": false, ""prep"": 3, ""min_up"": 0, ""min_down"": 0, ""repair_until"": -1, ""runtime"": 329, ""demands"": 1}, {""healthy"": true, ""running"": true, ""pending"": false, ""onsite"": false, ""prep"": 3, ""min_up"": 0, ""min_down"": 0, ""repair_until"": -1, ""runtime"": 325, ""demands"": 1}, {""healthy"": true, ""running"": false, ""pending"": false, ""onsite"": false, ""prep"": 0.0, ""min_up"": 0, ""min_down"": 0, ""repair_until"": -1, ""runtime"": 0, ""demands"": 0}]}, ""final_state"": {""energy_kwh"": 850.0, ""temperatures_c"": [5.0, 5.0, 5.0, 5.0], ""online"": 3, ""diesel_states"": [{""healthy"": true, ""running"": true, ""pending"": false, ""onsite"": false, ""prep"": 3, ""min_up"": 0, ""min_down"": 0, ""repair_until"": 7835, ""runtime"": 8588, ""demands"": 7}, {""healthy"": false, ""running"": false, ""pending"": false, ""onsite"": false, ""prep"": 0.0, ""min_up"": 0, ""min_down"": 0, ""repair_until"": 8805, ""runtime"": 7080, ""demands"": 6}, {""healthy"": true, ""running"": true, ""pending"": false, ""onsite"": false, ""prep"": 3, ""min_up"": 0, ""min_down"": 0, ""repair_until"": 8645, ""runtime"": 6968, ""demands"": 10}, {""healthy"": true, ""running"": true, ""pending"": false, ""onsite"": false, ""prep"": 3, ""min_up"": 0, ""min_down"": 0, ""repair_until"": 8495, ""runtime"": 4619, ""demands"": 11}], ""other_repair_until"": {""wind"": [3846, 5334, 5317, -1000000000000000, -1000000000000000], ""pv"": [-1000000000000000, -1000000000000000, -1000000000000000], ""pcs"": [-1000000000000000, -1000000000000000, -1000000000000000, -1000000000000000]}}, ""energy_inventory_change_kwh"": 0.0, ""forecast_basis"": ""current_measurements_only"", ""dump_load_kw"": 0, ""repair_clock"": ""calendar_reference"", ""operating_cost_basis"": ""same_executed_policy""}",3492911.114554819,load_first_three_online,holdout,126,2026091702,"{""wind"": 5, ""pv"": 3, ""diesel"": 4, ""battery_energy"": 20, ""pcs"": 4}",True,0.0078125
,"holdout:(5, 3, 4, 20, 4):c1b16c40e93d24d01996b4bd81ccf0b9d616e7bef83b01e34c8697540ee6de0f:127",0.0,"{""shed_hours"": 0.0, ""longest_shed_hours"": 0.0, ""heater_kwh"": 70967.61078027803, ""diesel_kwh"": 1045954.5431408379, ""diesel_fuel_kg"": 232434.3429202037, ""battery_discharge_kwh"": 679.3250001333348, ""battery_charge_kwh"": 877.2275311639125, ""starts"": 21.0, ""start_failures"": 0.0, ""diesel_run_failures"": 15.0, ""diesel_online_hours"": 26278.0, ""wind_failures"": 10.0, ""pv_failures"": 4.0, ""pcs_failures"": 1.0, ""wind_protective_stop_hours"": 31.0, ""wait_access_unit_hours"": 0.0, ""wait_crew_unit_hours"": 2.0, ""wait_prep_unit_hours"": 18.0, ""wait_heat_unit_hours"": 0.0, ""unserved_heater_command_kwh"": 0.0, ""max_balance_residual_kw"": 2.842170943040401e-14, ""max_soc_residual_kwh"": 5.684341886080802e-14, ""initial_state"": {""energy_kwh"": 850.0, ""temperatures_c"": [5.0, 5.0, 5.0, 5.0], ""online"": 3, ""diesel_states"": [{""healthy"": true, ""running"": true, ""pending"": false, ""onsite"": false, ""prep"": 3, ""min_up"": 0, ""min_down"": 0, ""repair_until"": -1, ""runtime"": 333, ""demands"": 1}, {""healthy"": true, ""running"": true, ""pending"": false, ""onsite"": false, ""prep"": 3, ""min_up"": 0, ""min_down"": 0, ""repair_until"": -1, ""runtime"": 329, ""demands"": 1}, {""healthy"": true, ""running"": false, ""pending"": false, ""onsite"": false, ""prep"": 3, ""min_up"": 0, ""min_down"": 0, ""repair_until"": -161, ""runtime"": 78, ""demands"": 1}, {""healthy"": true, ""running"": true, ""pending"": false, ""onsite"": false, ""prep"": 3, ""min_up"": 0, ""min_down"": 0, ""repair_until"": -1, ""runtime"": 244, ""demands"": 1}]}, ""final_state"": {""energy_kwh"": 850.0, ""temperatures_c"": [5.0, 5.0, 5.0, 5.0], ""online"": 3, ""diesel_states"": [{""healthy"": true, ""running"": true, ""pending"": false, ""onsite"": false, ""prep"": 3, ""min_up"": 0, ""min_down"": 0, ""repair_until"": 6591, ""runtime"": 6815, ""demands"": 3}, {""healthy"": true, ""running"": false, ""pending"": false, ""onsite"": false, ""prep"": 3, ""min_up"": 0, ""min_down"": 0, ""repair_until"": 8229, ""runtime"": 6743, ""demands"": 8}, {""healthy"": true, ""running"": true, ""pending"": false, ""onsite"": false, ""prep"": 3, ""min_up"": 0, ""min_down"": 0, ""repair_until"": 6290, ""runtime"": 7154, ""demands"": 8}, {""healthy"": true, ""running"": true, ""pending"": false, ""onsite"": false, ""prep"": 3, ""min_up"": 0, ""min_down"": 0, ""repair_until"": 1253, ""runtime"": 6550, ""demands"": 6}], ""other_repair_until"": {""wind"": [-1000000000000000, 7163, 5323, 8469, -1000000000000000], ""pv"": [4147, 6420, 2166], ""pcs"": [-1000000000000000, 6778, -1000000000000000, -1000000000000000]}}, ""energy_inventory_change_kwh"": 0.0, ""forecast_basis"": ""current_measurements_only"", ""dump_load_kw"": 0, ""repair_clock"": ""calendar_reference"", ""operating_cost_basis"": ""same_executed_policy""}",3486515.1438027686,load_first_three_online,holdout,127,2026091702,"{""wind"": 5, ""pv"": 3, ""diesel"": 4, ""battery_energy"": 20, ""pcs"": 4}",True,0.0078125
